draft_year,overall,team,name,pos,pos_group,nname,bucket,playerId,name_panel,first_season,career_toi,ambiguous
2009,1,NYI,John Tavares,C,F,john tavares,0,8475166.0,John Tavares,2010.0,24313.05,False
2009,2,TBL,Victor Hedman,D,D,victor hedman,0,8475167.0,Victor Hedman,2010.0,27108.983333333334,False
2009,3,COL,Matt Duchene,C,F,matt duchene,0,8475168.0,Matt Duchene,2010.0,21520.266666666666,False
2009,4,WPG,Evander Kane,C,F,evander kane,0,8475169.0,Evander Kane,2010.0,18550.183333333334,False
2009,5,LAK,Brayden Schenn,C,F,brayden schenn,0,8475170.0,Brayden Schenn,2010.0,19209.566666666666,False
2009,6,PHX,Oliver Ekman-Larsson,D,D,oliver ekman larsson,0,8475171.0,Oliver Ekman-Larsson,2011.0,25513.316666666666,False
2009,7,TOR,Nazem Kadri,C,F,nazem kadri,0,8475172.0,Nazem Kadri,2010.0,18606.13333333333,False
2009,8,DAL,Scott Glennie,RW,F,scott glennie,0,8475173.0,Scott Glennie,2012.0,9.583333333333334,False
2009,9,OTT,Jared Cowen,D,D,jared cowen,0,8475174.0,Jared Cowen,2010.0,4701.183333333333,False
2009,10,EDM,Magnus Paajarvi,LW,F,magnus paajarvi,0,8475175.0,Magnus Paajarvi,2011.0,6093.166666666667,False
2009,11,NSH,Ryan Ellis,D,D,ryan ellis,1,8475176.0,Ryan Ellis,2012.0,11802.1,False
2009,12,MIN-NYI,Calvin de Haan,D,D,calvin de haan,1,8475177.0,Calvin de Haan,2012.0,12524.966666666667,False
2009,13,BUF,Zack Kassian,RW,F,zack kassian,1,8475178.0,Zack Kassian,2012.0,8326.133333333333,False
2009,14,FLA,Dmitry Kulikov,D,D,dmitry kulikov,1,8475179.0,Dmitry Kulikov,2010.0,20135.850000000002,False
2009,15,ANA,Peter Holland,C,F,peter holland,1,8475180.0,Peter Holland,2012.0,3498.6,False
2009,16,CBJ-NYI-MIN,Nick Leddy,D,D,nick leddy,1,8475181.0,Nick Leddy,2011.0,22183.433333333334,False
2009,17,STL,David Rundblad,D,D,david rundblad,1,8475182.0,David Rundblad,2012.0,1550.4499999999998,False
2009,18,MTL,Louis Leblanc,C,F,louis leblanc,1,8475183.0,Louis Leblanc,2012.0,549.2833333333333,False
2009,19,NYR,Chris Kreider,C,F,chris kreider,1,8475184.0,Chris Kreider,2013.0,16206.583333333332,False
2009,20,CGY-NJD,Jacob Josefson,C,F,jacob josefson,1,8475185.0,Jacob Josefson,2011.0,4006.0,False
2009,21,PHI-ANA-CBJ,John Moore,D,D,john moore,1,8475186.0,John Moore,2011.0,9579.766666666666,False
2009,22,VAN,Jordan Schroeder,C,F,jordan schroeder,1,8475147.0,Jordan Schroeder,2013.0,1760.3833333333334,False
2009,23,NJD-CGY,Tim Erixon,D,D,tim erixon,1,8475148.0,Tim Erixon,2012.0,1388.35,False
2009,24,WSH,Marcus Johansson,C,F,marcus johansson,1,8475149.0,Marcus Johansson,2011.0,17286.183333333334,False
2009,25,BOS,Jordan Caron,RW,F,jordan caron,1,8475150.0,Jordan Caron,2011.0,1660.6166666666668,False
2009,26,SJS-TBL-OTT-NYI-CBJ-ANA,Kyle Palmieri,F,F,kyle palmieri,1,8475151.0,Kyle Palmieri,2011.0,15101.65,False
2009,27,CAR,Philippe Paradis,C,F,philippe paradis,1,,,,,False
2009,28,CHI,Dylan Olsen,D,D,dylan olsen,1,8475153.0,Dylan Olsen,2012.0,1853.65,False
2009,29,DET-TBL,Carter Ashton,RW,F,carter ashton,1,8475154.0,Carter Ashton,2012.0,400.56666666666666,False
2009,30,PIT,Simon Despres,D,D,simon despres,1,8475155.0,Simon Despres,2012.0,3233.1833333333334,False
2009,32,TBL-DET,Landon Ferraro,C,F,landon ferraro,2,8475157.0,Landon Ferraro,2014.0,802.2500000000001,False
2009,33,COL,Ryan O'Reilly,C,F,ryan o reilly,2,8475158.0,Ryan O'Reilly,2010.0,24114.116666666665,False
2009,34,WPG,Carl Klingberg,LW,F,carl klingberg,2,8475159.0,Carl Klingberg,2011.0,76.58333333333333,False
2009,35,LAK,Kyle Clifford,LW,F,kyle clifford,2,8475160.0,Kyle Clifford,2011.0,7665.066666666667,False
2009,36,PHX,Chris Brown,C,F,chris brown,2,8475161.0,Chris Brown,2013.0,182.53333333333333,False
2009,37,TOR-NYI-CBJ-ANA,Mat Clark,D,D,mat clark,2,8475162.0,Mat Clark,2012.0,111.45,False
2009,38,DAL,Alex Chiasson,RW,F,alex chiasson,2,8475163.0,Alex Chiasson,2013.0,8825.233333333334,False
2009,39,OTT,Jakob Silfverberg,F,F,jakob silfverberg,2,8475164.0,Jakob Silfverberg,2013.0,13404.233333333334,False
2009,40,EDM,Anton Lander,C,F,anton lander,2,8475165.0,Anton Lander,2012.0,2604.733333333333,False
2009,41,NSH,Zach Budish,RW,F,zach budish,2,,,,,False
2009,42,MIN-NSH,Charles-Olivier Roussel,D,D,charles olivier roussel,2,,,,,False
2009,43,BUF-SJS,William Wrenn,D,D,william wrenn,2,,,,,False
2009,44,FLA,Drew Shore,C,F,drew shore,2,8475213.0,Drew Shore,2013.0,1314.3333333333335,False
2009,45,ANA-WSH-MTL-ATL,Jeremy Morin,LW,F,jeremy morin,2,8475214.0,Jeremy Morin,2011.0,833.0333333333333,False
2009,47,NYR,Ethan Werek,C,F,ethan werek,2,,,,,False
2009,48,STL,Brett Ponich,D,D,brett ponich,2,,,,,False
2009,49,MTL-CGY-COL,Stefan Elliott,D,D,stefan elliott,2,8475206.0,Stefan Elliott,2012.0,1394.5833333333333,False
2009,50,NYR-TOR,Kenny Ryan,RW,F,kenny ryan,2,,,,,False
2009,51,CGY-LAK-CAR,Brian Dumoulin,D,D,brian dumoulin,2,8475208.0,Brian Dumoulin,2014.0,15655.683333333332,False
2009,52,PHI-TBL,Richard Panik,RW,F,richard panik,2,8475209.0,Richard Panik,2013.0,6997.233333333334,False
2009,53,VAN,Anton Rodin,F,F,anton rodin,2,8475210.0,Anton Rodin,2017.0,26.733333333333334,False
2009,54,NJD,Eric Gelinas,D,D,eric gelinas,2,8475199.0,Eric Gelinas,2013.0,2893.2166666666667,False
2009,55,WSH,Dmitry Orlov,D,D,dmitry orlov,2,8475200.0,Dmitry Orlov,2012.0,19005.416666666668,False
2009,56,BOS-NYI-CBJ,Kevin Lynch,C,F,kevin lynch,2,,,,,False
2009,57,SJS,Taylor Doherty,D,D,taylor doherty,2,,,,,False
2009,58,CAR-EDM-BUF-TOR,Jesse Blacker,D,D,jesse blacker,2,8475203.0,Jesse Blacker,2015.0,6.05,False
2009,59,CHI,Brandon Pirri,C,F,brandon pirri,2,8475204.0,Brandon Pirri,2011.0,3761.366666666667,False
2009,60,DET,Tomas Tatar,C,F,tomas tatar,2,8475193.0,Tomas Tatar,2011.0,13797.466666666667,False
2009,61,PIT,Philip Samuelsson,D,D,philip samuelsson,3,8475194.0,Philip Samuelsson,2014.0,208.95,False
2009,63,TBL-PIT,Ben Hanowski,RW,F,ben hanowski,3,8475196.0,Ben Hanowski,2013.0,146.18333333333334,False
2009,64,COL,Tyson Barrie,D,D,tyson barrie,3,8475197.0,Tyson Barrie,2012.0,17286.600000000002,False
2009,65,ATL-MTL,Joonas Nattinen,C,F,joonas nattinen,3,8475198.0,Joonas Nattinen,2014.0,1.75,False
2009,66,LAK-VAN-BUF,Brayden McNabb,D,D,brayden mcnabb,3,8475188.0,Brayden McNabb,2012.0,16882.6,False
2009,67,PHX-CGY-FLA,Josh Birkholz,RW,F,josh birkholz,3,,,,,False
2009,68,TOR,Jamie Devane,LW,F,jamie devane,3,8475190.0,Jamie Devane,2014.0,11.716666666666669,False
2009,69,DAL,Reilly Smith,RW,F,reilly smith,3,8475191.0,Reilly Smith,2012.0,16338.266666666666,False
2009,70,OTT-NSH,Taylor Beck,LW,F,taylor beck,3,8475192.0,Taylor Beck,2013.0,1148.05,False
2009,71,EDM,Troy Hesketh,D,D,troy hesketh,3,,,,,False
2009,72,NSH,Michael Latta,C,F,michael latta,3,8475247.0,Michael Latta,2014.0,922.8166666666667,False
2009,73,MIN-NJD,Alexander Urbom,D,D,alexander urbom,3,8475248.0,Alexander Urbom,2011.0,474.9166666666667,False
2009,74,BUF-LAK-CGY,Ryan Howse,LW,F,ryan howse,3,,,,,False
2009,75,FLA-TBL-DET,Andrej Nestrasil,F,F,andrej nestrasil,3,8475250.0,Andrej Nestrasil,2015.0,1717.4499999999998,False
2009,78,STL,Sergey Andronov,RW,F,sergey andronov,3,,,,,False
2009,79,MTL,Mac Bennett,D,D,mac bennett,3,,,,,False
2009,80,NYR,Ryan Bourque,C,F,ryan bourque,3,8475243.0,Ryan Bourque,2015.0,11.816666666666666,False
2009,82,PHI-EDM,Cameron Abney,RW,F,cameron abney,3,,,,,False
2009,83,VAN,Kevin Connauton,D,D,kevin connauton,3,8475246.0,Kevin Connauton,2014.0,5658.366666666667,False
2009,84,NJD-CGY-LAK,Nicolas Deslauriers,D,D,nicolas deslauriers,3,,,,,False
2009,85,WSH,Cody Eakin,C,F,cody eakin,3,8475236.0,Cody Eakin,2012.0,10705.283333333333,False
2009,86,BOS,Ryan Button,D,D,ryan button,3,,,,,False
2009,87,SJS-TBL-PHI,Simon Bertilsson,D,D,simon bertilsson,3,,,,,False
2009,88,CAR,Mattias Lindstrom,LW,F,mattias lindstrom,3,,,,,False
2009,89,CHI,Dan Delisle,F,F,dan delisle,3,,,,,False
2009,90,DET,Gleason Fournier,D,D,gleason fournier,3,,,,,False
2009,92,NYI-CBJ-NYI,Casey Cizikas,C,F,casey cizikas,3,8475231.0,Casey Cizikas,2012.0,12943.866666666667,False
2009,93,TBL-PHI-TBL,Alex Hutchings,LW,F,alex hutchings,3,,,,,False
2009,94,COL-CBJ,David Savard,D,D,david savard,3,8475233.0,David Savard,2012.0,17615.083333333336,False
2009,96,LAK,Linden Vey,RW,F,linden vey,3,8475223.0,Linden Vey,2014.0,1896.0333333333333,False
2009,97,PHX,Jordan Szwarz,RW,F,jordan szwarz,3,8475224.0,Jordan Szwarz,2014.0,498.91666666666663,False
2009,98,TOR-SJS-NSH,Craig Smith,C,F,craig smith,3,8475225.0,Craig Smith,2012.0,13844.716666666667,False
2009,99,DAL-TBL-MIN-EDM,Kyle Bigos,D,D,kyle bigos,3,,,,,False
2009,100,OTT,Chris Wideman,D,D,chris wideman,3,8475227.0,Chris Wideman,2016.0,4038.5666666666666,False
2009,101,EDM,Toni Rajala,RW,F,toni rajala,3,,,,,False
2009,102,NSH,Mattias Ekholm,D,D,mattias ekholm,3,8475218.0,Mattias Ekholm,2012.0,20904.45,False
2009,103,MIN,Kristopher Foucault,LW,F,kristopher foucault,3,8475219.0,Kristopher Foucault,2012.0,8.833333333333334,False
2009,104,BUF,Marcus Foligno,LW,F,marcus foligno,3,8475220.0,Marcus Foligno,2012.0,13202.366666666667,False
2009,105,FLA-PHX,Justin Weller,D,D,justin weller,3,,,,,False
2009,106,ANA,Sami Vatanen,D,D,sami vatanen,3,8475222.0,Sami Vatanen,2013.0,9836.866666666667,False
2009,107,CBJ-CGY-LAK-FLA,Garrett Wilson,LW,F,garrett wilson,3,8475253.0,Garrett Wilson,2014.0,726.85,False
2009,108,STL,Tyler Shattock,RW,F,tyler shattock,3,,,,,False
2009,109,MTL,Alexander Avtsin,RW,F,alexander avtsin,3,,,,,False
2009,110,NYR-NSH,Nick Oliver,F,F,nick oliver,3,,,,,False
2009,111,CGY,Henrik Bjorklund,RW,F,henrik bjorklund,3,,,,,False
2009,112,PHI-BOS,Lane MacDermid,LW,F,lane macdermid,3,8475283.0,Lane MacDermid,2012.0,124.81666666666666,False
2009,113,VAN,Jeremy Price,D,D,jeremy price,3,,,,,False
2009,114,NJD,Seth Helgeson,D,D,seth helgeson,3,8475274.0,Seth Helgeson,2015.0,682.5833333333334,False
2009,115,WSH,Patrick Wey,D,D,patrick wey,3,8475275.0,Patrick Wey,2014.0,131.26666666666668,False
2009,116,BOS-MIN,Alex Fallstrom,RW,F,alex fallstrom,3,,,,,False
2009,118,CAR-TBL-TOR,Forfeited,?,F,forfeited,3,,,,,False
2009,119,CHI,Byron Froese,C,F,byron froese,3,8475278.0,Byron Froese,2016.0,1636.5,False
2009,120,DET-LAK-ATL,Ben Chiarot,D,D,ben chiarot,3,8475279.0,Ben Chiarot,2014.0,15623.416666666666,False
2009,121,PIT,Nick Petersen,RW,F,nick petersen,3,,,,,False
2009,122,NYI,Anton Klementyev,D,D,anton klementyev,3,8475270.0,Anton Klementyev,2010.0,6.333333333333333,False
2009,123,TBL-PIT,Alex Velischek,D,D,alex velischek,3,,,,,False
2009,125,WPG,Cody Sol,D,D,cody sol,3,,,,,False
2009,126,LAK,David Kolomatis,D,D,david kolomatis,3,,,,,False
2009,127,PHX-NYR,Roman Horak,C,F,roman horak,3,8475264.0,Roman Horak,2012.0,940.8333333333333,False
2009,128,TOR,Eric Knodel,D,D,eric knodel,3,,,,,False
2009,129,DAL,Tomas Vincour,C,F,tomas vincour,3,8475266.0,Tomas Vincour,2011.0,912.5833333333334,False
2009,130,OTT,Mike Hoffman,F,F,mike hoffman,3,8474884.0,Mike Hoffman,2012.0,12197.116666666667,False
2009,131,EDM-CAR,Matt Kennedy,RW,F,matt kennedy,3,,,,,False
2009,132,NSH,Gabriel Bourque,LW,F,gabriel bourque,3,8475268.0,Gabriel Bourque,2012.0,4893.366666666667,False
2009,134,BUF,Mark Adams,D,D,mark adams,3,,,,,False
2009,135,FLA,Corban Knight,C,F,corban knight,3,8475260.0,Corban Knight,2014.0,483.73333333333335,False
2009,136,ANA,Radoslav Illo,C,F,radoslav illo,3,,,,,False
2009,137,CBJ,Thomas Larkin,D,D,thomas larkin,3,,,,,False
2009,138,STL-LAK-FLA,Wade Megan,C,F,wade megan,3,8475263.0,Wade Megan,2017.0,121.4,False
2009,139,MTL,Gabriel Dumont,C,F,gabriel dumont,3,8475254.0,Gabriel Dumont,2012.0,846.4,False
2009,141,CGY,Spencer Bennett,LW,F,spencer bennett,3,,,,,False
2009,143,VAN,Peter Andersson,D,D,peter andersson,3,,,,,False
2009,144,NJD,Derek Rodwell,LW,F,derek rodwell,3,,,,,False
2009,145,WSH,Brett Flemming,D,D,brett flemming,3,,,,,False
2009,146,BOS-PHX-OTT,Jeff Costello,LW,F,jeff costello,3,,,,,False
2009,147,SJS,Phil Varone,C,F,phil varone,3,8475321.0,Phil Varone,2014.0,957.45,False
2009,149,CHI,Marcus Kruger,C,F,marcus kruger,3,8475323.0,Marcus Kruger,2011.0,6853.166666666666,False
2009,150,DET,Nick Jensen,D,D,nick jensen,3,8475324.0,Nick Jensen,2017.0,12948.416666666666,False
2009,151,PIT-TOR-NYR-PIT,Andy Bathgate,C,F,andy bathgate,3,,,,,False
2009,152,NYI,Anders Lee,C,F,anders lee,3,8475314.0,Anders Lee,2013.0,15034.900000000001,False
2009,153,TBL-PHI,Dave Labrecque,C,F,dave labrecque,3,,,,,False
2009,155,WPG,Jimmy Bubnick,C,F,jimmy bubnick,3,,,,,False
2009,156,LAK,Michael Pelech,F,F,michael pelech,3,,,,,False
2009,157,PHX,Evan Bloodoff,LW,F,evan bloodoff,3,,,,,False
2009,158,TOR,Jerry D'Amigo,RW,F,jerry d amigo,3,8475309.0,Jerry D'Amigo,2014.0,264.58333333333337,False
2009,159,DAL,Curtis McKenzie,LW,F,curtis mckenzie,3,8475310.0,Curtis McKenzie,2015.0,1073.4666666666665,False
2009,160,OTT,Corey Cowick,LW,F,corey cowick,3,,,,,False
2009,163,MIN,Jere Sallinen,F,F,jere sallinen,3,,,,,False
2009,165,FLA,Scott Timmins,C,F,scott timmins,3,8475304.0,Scott Timmins,2011.0,258.45,False
2009,166,ANA,Scott Valentine,D,D,scott valentine,3,,,,,False
2009,167,CBJ,Anton Blomqvist,D,D,anton blomqvist,3,,,,,False
2009,168,STL,David Shields,D,D,david shields,3,,,,,False
2009,169,MTL,Dustin Walsh,C,F,dustin walsh,3,,,,,False
2009,170,NYR,Dan Maggio,D,D,dan maggio,3,,,,,False
2009,172,PHI,Eric Wellwood,LW,F,eric wellwood,3,8474892.0,Eric Wellwood,2011.0,340.8833333333333,False
2009,174,NJD,Ashton Bernard,LW,F,ashton bernard,3,,,,,False
2009,175,WSH,Garrett Mitchell,RW,F,garrett mitchell,3,8475291.0,Garrett Mitchell,2017.0,8.8,False
2009,176,BOS,Tyler Randell,RW,F,tyler randell,3,8475292.0,Tyler Randell,2016.0,188.53333333333333,False
2009,177,SJS-CBJ-ATL-CHI,David Pacan,C,F,david pacan,3,,,,,False
2009,178,CAR,Rasmus Rissanen,D,D,rasmus rissanen,3,8475294.0,Rasmus Rissanen,2015.0,89.86666666666666,False
2009,179,CHI-LAK,Brandon Kozun,RW,F,brandon kozun,3,8475295.0,Brandon Kozun,2015.0,158.21666666666667,False
2009,180,DET,Mitch Callahan,RW,F,mitch callahan,3,8475296.0,Mitch Callahan,2014.0,36.266666666666666,False
2009,181,PIT,Viktor Ekbom,D,D,viktor ekbom,3,,,,,False
2009,182,NYI-MIN,Erik Haula,LW,F,erik haula,3,8475287.0,Erik Haula,2014.0,12604.666666666666,False
2009,183,TBL,Kirill Gotovets,D,D,kirill gotovets,3,,,,,False
2009,184,COL,Gus Young,D,D,gus young,3,,,,,False
2009,185,WPG,Levko Koper,LW,F,levko koper,3,,,,,False
2009,186,LAK,Jordan Nolan,C,F,jordan nolan,3,8475325.0,Jordan Nolan,2012.0,3538.233333333333,False
2009,187,PHX-VAN,Steven Anthony,LW,F,steven anthony,3,,,,,False
2009,188,TOR,Barron Smith,D,D,barron smith,3,,,,,False
2009,189,DAL-SJS,Marek Viedensky,C,F,marek viedensky,3,,,,,False
2009,190,OTT,Brad Peltz,LW,F,brad peltz,3,,,,,False
2009,191,EDM-OTT,Michael Sdao,D,D,michael sdao,3,,,,,False
2009,192,NSH,Cameron Reid,C,F,cameron reid,3,,,,,False
2009,193,MIN,Anthony Hamburg,C,F,anthony hamburg,3,,,,,False
2009,194,BUF,Maxime Legault,RW,F,maxime legault,3,,,,,False
2009,195,FLA-CHI,Paul Phillips,D,D,paul phillips,3,,,,,False
2009,196,ANA-PHI,Oliver Lauridsen,D,D,oliver lauridsen,3,8475342.0,Oliver Lauridsen,2013.0,237.45000000000002,False
2009,197,CBJ,Kyle Neuber,RW,F,kyle neuber,3,,,,,False
2009,198,STL-LAK,Nic Dowd,C,F,nic dowd,3,8475343.0,Nic Dowd,2016.0,8676.300000000001,False
2009,199,MTL,Michael Cichy,C,F,michael cichy,3,,,,,False
2009,200,NYR,Mikhail Pashnin,D,D,mikhail pashnin,3,,,,,False
2009,201,CGY,Gaelan Patterson,C,F,gaelan patterson,3,,,,,False
2009,202,PHI-NSH-STL,Maxwell Tardy,C,F,maxwell tardy,3,,,,,False
2009,203,VAN-LAK-ATL,Jordan Samuels-Thomas,LW,F,jordan samuels thomas,3,,,,,False
2009,204,NJD,Curtis Gedig,D,D,curtis gedig,3,,,,,False
2009,205,WSH,Benjamin Casavant,LW,F,benjamin casavant,3,,,,,False
2009,206,BOS,Ben Sexton,C,F,ben sexton,3,,Ben Sexton,,,False
2009,207,SJS,Dominik Bielke,D,D,dominik bielke,3,,,,,False
2009,208,CAR,Tommi Kivisto,D,D,tommi kivisto,3,,,,,False
2009,209,CHI,David Gilbert,C,F,david gilbert,3,,,,,False
2009,210,DET,Adam Almquist,D,D,adam almquist,3,8475332.0,Adam Almquist,2014.0,34.43333333333333,False
2010,1,EDM,Taylor Hall,LW,F,taylor hall,0,8475791.0,Taylor Hall,2011.0,17703.05,False
2010,2,TOR-BOS,Tyler Seguin,C,F,tyler seguin,0,8475794.0,Tyler Seguin,2011.0,18314.36666666667,False
2010,3,FLA,Erik Gudbranson,D,D,erik gudbranson,0,8475790.0,Erik Gudbranson,2012.0,15621.15,False
2010,4,CBJ,Ryan Johansen,C,F,ryan johansen,0,8475793.0,Ryan Johansen,2012.0,15530.066666666668,False
2010,5,NYI,Nino Niederreiter,RW,F,nino niederreiter,0,8475799.0,Nino Niederreiter,2011.0,15235.366666666667,False
2010,6,TBL,Brett Connolly,RW,F,brett connolly,0,8475792.0,Brett Connolly,2012.0,6597.733333333334,False
2010,7,CAR,Jeff Skinner,C,F,jeff skinner,0,8475784.0,Jeff Skinner,2011.0,18404.233333333334,False
2010,8,WPG,Alexander Burmistrov,C,F,alexander burmistrov,0,8475788.0,Alexander Burmistrov,2011.0,5184.433333333333,False
2010,9,MIN,Mikael Granlund,F,F,mikael granlund,0,8475798.0,Mikael Granlund,2013.0,17886.666666666668,False
2010,10,NYR,Dylan McIlrath,D,D,dylan mcilrath,0,8475795.0,Dylan McIlrath,2014.0,1323.0166666666667,False
2010,12,ANA,Cam Fowler,D,D,cam fowler,1,8475764.0,Cam Fowler,2011.0,25845.616666666665,False
2010,13,CGY-PHX,Brandon Gormley,D,D,brandon gormley,1,8475759.0,Brandon Gormley,2014.0,802.9833333333333,False
2010,14,STL,Jaden Schwartz,C,F,jaden schwartz,1,8475768.0,Jaden Schwartz,2012.0,15075.883333333333,False
2010,15,BOS-FLA-LAK,Derek Forbort,D,D,derek forbort,1,8475762.0,Derek Forbort,2016.0,10522.0,False
2010,16,OTT-STL,Vladimir Tarasenko,RW,F,vladimir tarasenko,1,8475765.0,Vladimir Tarasenko,2013.0,15256.266666666666,False
2010,17,COL,Joey Hishon,C,F,joey hishon,1,8475767.0,Joey Hishon,2015.0,131.46666666666667,False
2010,18,NSH,Austin Watson,LW,F,austin watson,1,8475766.0,Austin Watson,2013.0,6012.316666666667,False
2010,19,LAK-FLA,Nick Bjugstad,C,F,nick bjugstad,1,8475760.0,Nick Bjugstad,2013.0,11871.383333333333,False
2010,20,PIT,Beau Bennett,RW,F,beau bennett,1,8475761.0,Beau Bennett,2013.0,2561.116666666667,False
2010,21,DET,Riley Sheahan,C,F,riley sheahan,1,8475772.0,Riley Sheahan,2012.0,8890.633333333333,False
2010,22,PHX-MTL,Jarred Tinordi,D,D,jarred tinordi,1,8475797.0,Jarred Tinordi,2013.0,3165.7333333333336,False
2010,23,BUF,Mark Pysyk,D,D,mark pysyk,1,8475796.0,Mark Pysyk,2013.0,8832.8,False
2010,24,NJD-ATL-CHI,Kevin Hayes,RW,F,kevin hayes,1,8475763.0,Kevin Hayes,2015.0,12695.9,False
2010,25,VAN-FLA,Quinton Howden,C,F,quinton howden,1,8475769.0,Quinton Howden,2013.0,1052.5666666666668,False
2010,26,WSH,Evgeny Kuznetsov,C,F,evgeny kuznetsov,1,8475744.0,Evgeny Kuznetsov,2014.0,12970.95,False
2010,28,SJS,Charlie Coyle,C/RW,F,charlie coyle,1,8475745.0,Charlie Coyle,2013.0,17380.583333333332,False
2010,29,PHI-ANA,Emerson Etem,RW,F,emerson etem,1,8475770.0,Emerson Etem,2013.0,2146.4,False
2010,30,CHI-NYI,Brock Nelson,C,F,brock nelson,1,8475754.0,Brock Nelson,2014.0,17208.6,False
2010,31,EDM,Tyler Pitlick,C,F,tyler pitlick,2,8475752.0,Tyler Pitlick,2014.0,5336.566666666667,False
2010,32,TOR-MTL-CHI-TOR-BOS,Jared Knight,C,F,jared knight,2,,,,,False
2010,33,FLA,John McFarland,LW,F,john mcfarland,2,8475756.0,John McFarland,2016.0,29.733333333333334,False
2010,34,CBJ,Dalton Smith,LW,F,dalton smith,2,,Dalton Smith,,,False
2010,35,NYI-CHI,Ludvig Rensfeldt,LW,F,ludvig rensfeldt,2,,,,,False
2010,36,TBL-BOS-FLA,Alexander Petrovic,D,D,alexander petrovic,2,,,,,False
2010,37,CAR,Justin Faulk,D,D,justin faulk,2,8475753.0,Justin Faulk,2012.0,24230.283333333333,False
2010,38,ATL-NJD,Jon Merrill,D,D,jon merrill,2,8475750.0,Jon Merrill,2014.0,11551.716666666667,False
2010,39,MIN,Brett Bulmer,RW,F,brett bulmer,2,8475757.0,Brett Bulmer,2012.0,172.88333333333333,False
2010,40,NYR,Christian Thomas,RW,F,christian thomas,2,8475749.0,Christian Thomas,2013.0,244.48333333333332,False
2010,41,DAL,Patrik Nemeth,D,D,patrik nemeth,2,8475747.0,Patrik Nemeth,2014.0,8971.116666666667,False
2010,42,ANA,Devante Smith-Pelly,RW,F,devante smith pelly,2,8475758.0,Devante Smith-Pelly,2012.0,4962.083333333333,False
2010,43,CGY-CHI-TOR,Brad Ross,LW,F,brad ross,2,,,,,False
2010,44,STL,Sebastian Wannstrom,RW,F,sebastian wannstrom,2,,,,,False
2010,45,BOS,Ryan Spooner,C,F,ryan spooner,2,8475727.0,Ryan Spooner,2013.0,4558.933333333333,False
2010,46,OTT-CAR-EDM,Martin Marincin,D,D,martin marincin,2,8475716.0,Martin Marincin,2014.0,3941.85,False
2010,47,COL-LAK,Tyler Toffoli,C,F,tyler toffoli,2,8475726.0,Tyler Toffoli,2013.0,15685.8,False
2010,48,NSH-EDM,Curtis Hamilton,LW,F,curtis hamilton,2,8475734.0,Curtis Hamilton,2015.0,8.016666666666667,False
2010,50,PIT-FLA,Connor Brickley,C,F,connor brickley,2,8475736.0,Connor Brickley,2016.0,849.5666666666668,False
2010,51,DET,Calle Jarnkrok,C,F,calle jarnkrok,2,8475714.0,Calle Jarnkrok,2014.0,11657.85,False
2010,52,PHX,Philip Lane,RW,F,philip lane,2,,,,,False
2010,53,BUF-SJS-CAR,Mark Alt,D,D,mark alt,2,8475729.0,Mark Alt,2015.0,243.1333333333333,False
2010,54,NJD-ATL-CHI,Justin Holl,D,D,justin holl,2,8475718.0,Justin Holl,2018.0,7395.766666666666,False
2010,55,VAN-BUF-CBJ,Petr Straka,RW,F,petr straka,2,8475723.0,Petr Straka,2015.0,28.366666666666667,False
2010,56,WSH-MIN,Johan Larsson,LW,F,johan larsson,2,8475728.0,Johan Larsson,2013.0,7167.05,False
2010,57,MTL-PHX,Oscar Lindberg,C,F,oscar lindberg,2,8475715.0,Oscar Lindberg,2015.0,2967.6833333333334,False
2010,59,PHI-LAK-FLA-MIN,Jason Zucker,LW,F,jason zucker,2,8475722.0,Jason Zucker,2012.0,12909.95,False
2010,60,CHI,Stephen Johns,D,D,stephen johns,2,8475730.0,Stephen Johns,2016.0,2962.8,False
2010,61,EDM,Ryan Martindale,C,F,ryan martindale,3,,,,,False
2010,62,TOR,Greg McKegg,C,F,greg mckegg,3,8475735.0,Greg McKegg,2014.0,2312.75,False
2010,63,FLA-LAK-TBL,Brock Beukeboom,D,D,brock beukeboom,3,,,,,False
2010,64,CBJ-CGY,Max Reinhart,C,F,max reinhart,3,8475733.0,Max Reinhart,2013.0,276.55,False
2010,65,NYI,Kirill Kabanov,LW,F,kirill kabanov,3,,,,,False
2010,66,TBL,Radko Gudas,D,D,radko gudas,3,8475462.0,Radko Gudas,2013.0,16110.9,False
2010,67,CAR,Danny Biega,D,D,danny biega,3,8475732.0,Danny Biega,2015.0,161.41666666666666,False
2010,68,ATL-BUF,Jerome Leduc,D,D,jerome leduc,3,,,,,False
2010,69,MIN-FLA,Joe Basaraba,RW,F,joe basaraba,3,,,,,False
2010,70,NYR-LAK,Jordan Weal,C,F,jordan weal,3,8475738.0,Jordan Weal,2016.0,2867.6833333333334,False
2010,71,DAL-COL,Michael Bournival,LW,F,michael bournival,3,8475739.0,Michael Bournival,2014.0,1087.4,False
2010,72,ANA-TBL,Adam Janosik,D,D,adam janosik,3,,,,,False
2010,73,CGY,Joey Leach,D,D,joey leach,3,,,,,False
2010,74,STL,Max Gardiner,C,F,max gardiner,3,,,,,False
2010,75,BOS-BUF,Kevin Sundher,C,F,kevin sundher,3,,,,,False
2010,76,OTT,Jakub Culek,LW,F,jakub culek,3,,,,,False
2010,77,COL-DAL,Alexander Guptill,LW,F,alexander guptill,3,,,,,False
2010,78,NSH,Taylor Aronson,D,D,taylor aronson,3,,,,,False
2010,79,LAK-TOR,Sondre Olden,LW/RW,F,sondre olden,3,,,,,False
2010,80,PIT,Bryan Rust,RW,F,bryan rust,3,8475810.0,Bryan Rust,2015.0,12529.816666666666,False
2010,81,DET,Louis-Marc Aubry,C,F,louis marc aubry,3,,,,,False
2010,82,PHX-NYI,Jason Clark,C/LW,F,jason clark,3,,,,,False
2010,83,BUF,Matt MacKenzie,D,D,matt mackenzie,3,,,,,False
2010,85,VAN-CAR,Austin Levi,D,D,austin levi,3,,,,,False
2010,86,WSH,Stanislav Galiev,RW,F,stanislav galiev,3,8475816.0,Stanislav Galiev,2015.0,237.64999999999998,False
2010,87,MTL-ATL,Julian Melchiori,D,D,julian melchiori,3,8475815.0,Julian Melchiori,2014.0,488.85,False
2010,88,SJS,Max Gaede,RW,F,max gaede,3,,,,,False
2010,89,PHI,Michael Chaput,C,F,michael chaput,3,8475808.0,Michael Chaput,2014.0,1897.2166666666667,False
2010,90,CHI,Joakim Nordstrom,C,F,joakim nordstrom,3,8475807.0,Joakim Nordstrom,2014.0,5579.583333333333,False
2010,91,EDM,Jeremie Blain,D,D,jeremie blain,3,,,,,False
2010,93,FLA,Benjamin Gallacher,D,D,benjamin gallacher,3,,,,,False
2010,94,CBJ,Brandon Archibald,D,D,brandon archibald,3,,,,,False
2010,95,NYI-COL,Stephen Silas,D,D,stephen silas,3,,,,,False
2010,96,TBL,Geoffrey Schemitsch,D,D,geoffrey schemitsch,3,,,,,False
2010,97,CAR-BOS,Craig Cunningham,LW,F,craig cunningham,3,8475414.0,Craig Cunningham,2014.0,653.9333333333334,False
2010,98,ATL-BUF,Steven Shipley,C,F,steven shipley,3,,,,,False
2010,99,MIN-FLA,Joonas Donskoi,RW,F,joonas donskoi,3,8475820.0,Joonas Donskoi,2016.0,6865.45,False
2010,100,NYR,Andrew Yogan,C/LW,F,andrew yogan,3,,,,,False
2010,101,DAL-ATL,Ivan Telegin,LW,F,ivan telegin,3,,,,,False
2010,103,CGY,John Ramage,D,D,john ramage,3,8475829.0,John Ramage,2015.0,32.31666666666667,False
2010,104,STL,Jani Hakanpää,D,D,jani hakanpaa,3,,Jani Hakanpaa,,,False
2010,105,BOS-ANA-CAR,Justin Shugg,LW,F,justin shugg,3,8475826.0,Justin Shugg,2015.0,17.083333333333332,False
2010,106,OTT,Marcus Sorensen,RW,F,marcus sorensen,3,8475834.0,Marcus Sorensen,2017.0,2829.4333333333334,False
2010,108,NSH-CGY,Bill Arnold,C,F,bill arnold,3,8475833.0,Bill Arnold,2014.0,13.583333333333334,False
2010,109,LAK-COL-DAL,Alex Theriau,D,D,alex theriau,3,,,,,False
2010,110,PIT,Tom Kuhnhackl,RW,F,tom kuhnhackl,3,8475832.0,Tom Kuhnhackl,2016.0,2583.35,False
2010,111,DET,Teemu Pulkkinen,LW,F,teemu pulkkinen,3,8475800.0,Teemu Pulkkinen,2014.0,918.0833333333334,False
2010,113,BUF-PHX-MTL,Mark MacMillan,F,F,mark macmillan,3,,,,,False
2010,114,NJD,Joe Faust,D,D,joe faust,3,,,,,False
2010,115,VAN,Patrick McNally,D,D,patrick mcnally,3,,,,,False
2010,116,WSH-TOR,Petter Granberg,D,D,petter granberg,3,8475774.0,Petter Granberg,2014.0,558.5666666666667,False
2010,117,MTL,Morgan Ellis,D,D,morgan ellis,3,8475782.0,Morgan Ellis,2016.0,26.866666666666667,False
2010,118,SJS-TBL,James Mullin,C/RW,F,james mullin,3,,,,,False
2010,119,PHI,Tye McGinn,LW,F,tye mcginn,3,8475775.0,Tye McGinn,2013.0,962.5,False
2010,120,CHI,Rob Flick,C,F,rob flick,3,,,,,False
2010,122,TOR-ANA,Chris Wagner,RW,F,chris wagner,3,8475780.0,Chris Wagner,2015.0,4582.45,False
2010,123,FLA,Zach Hyman,C,F,zach hyman,3,8475786.0,Zach Hyman,2016.0,13236.783333333333,False
2010,124,CBJ,Austin Madaisky,D,D,austin madaisky,3,,,,,False
2010,125,NYI,Tony Dehart,D,D,tony dehart,3,,,,,False
2010,126,TBL-NSH,Patrick Cehlin,RW,F,patrick cehlin,3,,,,,False
2010,127,CAR-SJS,Cody Ferriero,C,F,cody ferriero,3,,,,,False
2010,129,MIN-SJS,Freddie Hamilton,C,F,freddie hamilton,3,8475878.0,Freddie Hamilton,2014.0,698.7166666666667,False
2010,130,NYR,Jason Wilson,LW,F,jason wilson,3,,,,,False
2010,131,DAL,John Klingberg,D,D,john klingberg,3,8475906.0,John Klingberg,2015.0,15665.7,False
2010,132,ANA,Tim Heed,D,D,tim heed,3,8475841.0,Tim Heed,2017.0,1507.1833333333334,False
2010,133,CGY,Micheal Ferland,LW,F,micheal ferland,3,8475907.0,Micheal Ferland,2015.0,4341.383333333333,False
2010,134,STL,Cody Beach,RW,F,cody beach,3,,,,,False
2010,135,BOS,Justin Florek,LW,F,justin florek,3,8475845.0,Justin Florek,2014.0,47.38333333333333,False
2010,136,OTT-SJS,Isaac MacLeod,D,D,isaac macleod,3,,,,,False
2010,137,COL,Troy Rutkowski,D,D,troy rutkowski,3,,,,,False
2010,139,LAK-COL,Luke Walker,RW,F,luke walker,3,,,,,False
2010,140,PIT,Kenny Agostino,LW,F,kenny agostino,3,8475844.0,Kenny Agostino,2014.0,1080.8,False
2010,142,PHX-WSH,Caleb Herbert,C,F,caleb herbert,3,,,,,False
2010,143,BUF,Gregg Sutch,RW,F,gregg sutch,3,,,,,False
2010,144,NJD-TOR,Sam Carrick,C,F,sam carrick,3,8475842.0,Sam Carrick,2015.0,4434.633333333333,False
2010,145,VAN,Adam Polasek,D,D,adam polasek,3,,,,,False
2010,146,WSH-TOR,Daniel Brodin,LW,F,daniel brodin,3,,,,,False
2010,147,MTL,Brendan Gallagher,RW,F,brendan gallagher,3,8475848.0,Brendan Gallagher,2013.0,13821.433333333334,False
2010,148,SJS-LAK,Kevin Gravel,D,D,kevin gravel,3,8475857.0,Kevin Gravel,2016.0,1989.3833333333332,False
2010,149,PHI,Michael Parks,RW,F,michael parks,3,,,,,False
2010,150,CHI-ATL,Yasin Cisse,RW,F,yasin cisse,3,,,,,False
2010,151,EDM-CHI,Mirko Hoefflin,C,F,mirko hoefflin,3,,,,,False
2010,152,TOR-PIT,Joe Rogalski,D,D,joe rogalski,3,,,,,False
2010,153,FLA,Corey Durocher,LW,F,corey durocher,3,,,,,False
2010,154,CBJ,Dalton Prout,D,D,dalton prout,3,8474774.0,Dalton Prout,2012.0,4364.0,False
2010,155,NYI-ATL,Kendall McFaull,D,D,kendall mcfaull,3,,,,,False
2010,156,TBL,Brendan O'Donnell,C,F,brendan o donnell,3,,,,,False
2010,157,CAR-NYR,Jesper Fast,RW,F,jesper fast,3,8475855.0,Jesper Fast,2014.0,10173.183333333334,False
2010,158,ATL-LAK,Maxim Kitsyn,LW,F,maxim kitsyn,3,,,,,False
2010,160,NYR-NYI-ATL,Tanner Lane,C,F,tanner lane,3,,,,,False
2010,161,DAL-ANA,Andreas Dahlstrom,F,F,andreas dahlstrom,3,,,,,False
2010,162,ANA-EDM,Brandon Davidson,D,D,brandon davidson,3,8475869.0,Brandon Davidson,2015.0,2995.016666666667,False
2010,163,CGY-SJS,Konrad Abeltshauser,D,D,konrad abeltshauser,3,,,,,False
2010,164,STL,Stephen MacAulay,LW,F,stephen macaulay,3,,,,,False
2010,166,OTT-EDM,Drew Czerwonka,LW,F,drew czerwonka,3,,,,,False
2010,167,COL-CAR,Tyler Stahl,D,D,tyler stahl,3,,,,,False
2010,168,NSH,Anthony Bitetto,D,D,anthony bitetto,3,8475868.0,Anthony Bitetto,2015.0,2593.3333333333335,False
2010,169,LAK-ATL,Sebastian Owuya,D,D,sebastian owuya,3,,,,,False
2010,170,PIT,Reid McNeill,D,D,reid mcneill,3,,,,,False
2010,171,DET,Brooks Macek,C,F,brooks macek,3,,,,,False
2010,172,PHX-VAN,Alex Friesen,C,F,alex friesen,3,8475836.0,Alex Friesen,2016.0,11.716666666666669,False
2010,173,BUF,Cedrick Henley,LW,F,cedrick henley,3,,,,,False
2010,176,WSH,Samuel Carrier,D,D,samuel carrier,3,,,,,False
2010,177,MTL-PIT-ANA,Kevin Lind,D,D,kevin lind,3,,,,,False
2010,178,SJS-DAL-OTT,Mark Stone,RW,F,mark stone,3,8475913.0,Mark Stone,2013.0,14559.733333333334,False
2010,179,PHI,Nick Luukko,D,D,nick luukko,3,,,,,False
2010,180,CHI,Nick Mattson,D,D,nick mattson,3,,,,,False
2010,181,EDM,Kristians Pelss,F,F,kristians pelss,3,,,,,False
2010,182,TOR,Josh Nicholls,RW,F,josh nicholls,3,,,,,False
2010,183,FLA,Ronald Boyd,D,D,ronald boyd,3,,,,,False
2010,186,TBL,Teigan Zahn,D,D,teigan zahn,3,,,,,False
2010,188,ATL-SJS,Lee Moffie,D,D,lee moffie,3,,,,,False
2010,189,MIN,Dylen McKinlay,RW,F,dylen mckinlay,3,,,,,False
2010,190,NYR,Randy McNaught,RW,F,randy mcnaught,3,,,,,False
2010,192,ANA,Brett Perlini,RW,F,brett perlini,3,,,,,False
2010,193,CGY,Patrick Holland,RW,F,patrick holland,3,8475889.0,Patrick Holland,2014.0,38.15,False
2010,194,STL-NSH,David Elsner,LW/RW,F,david elsner,3,,,,,False
2010,195,BOS,Maxim Chudinov,D,D,maxim chudinov,3,,,,,False
2010,196,OTT,Bryce Aneloski,D,D,bryce aneloski,3,,,,,False
2010,197,COL,Luke Moffatt,C,F,luke moffatt,3,,,,,False
2010,198,NSH,Joonas Rask,C,F,joonas rask,3,8475893.0,Joonas Rask,2013.0,16.016666666666666,False
2010,199,LAK-ATL,Peter Stoykewych,D,D,peter stoykewych,3,,,,,False
2010,200,PIT-SJS,Christopher Crane,RW,F,christopher crane,3,,,,,False
2010,201,DET,Ben Marshall,D,D,ben marshall,3,,,,,False
2010,202,PHX-TOR-EDM,Kellen Jones,F,F,kellen jones,3,,,,,False
2010,203,BUF,Christian Isackson,RW,F,christian isackson,3,,,,,False
2010,204,NJD,Mauro Jorg,RW,F,mauro jorg,3,,,,,False
2010,205,VAN,Sawyer Hannay,D,D,sawyer hannay,3,,,,,False
2010,206,WSH-CAR-PHI,Ricard Blidstrand,D,D,ricard blidstrand,3,,,,,False
2010,207,MTL,John Westin,LW,F,john westin,3,,,,,False
2010,208,SJS-BUF,Riley Boychuk,LW,F,riley boychuk,3,,,,,False
2010,209,PHI,Brendan Ranford,LW,F,brendan ranford,3,8475896.0,Brendan Ranford,2015.0,9.316666666666666,False
2010,210,CHI-BOS,Zach Trotman,D,D,zach trotman,3,8475902.0,Zach Trotman,2014.0,1532.5166666666667,False
2011,1,EDM,Ryan Nugent-Hopkins,C,F,ryan nugent hopkins,0,8476454.0,Ryan Nugent-Hopkins,2012.0,19967.066666666666,False
2011,2,COL,Gabriel Landeskog,LW,F,gabriel landeskog,0,8476455.0,Gabriel Landeskog,2012.0,15277.4,False
2011,3,FLA,Jonathan Huberdeau,C,F,jonathan huberdeau,0,8476456.0,Jonathan Huberdeau,2013.0,17328.683333333334,False
2011,4,NJD,Adam Larsson,D,D,adam larsson,0,8476457.0,Adam Larsson,2012.0,21567.016666666666,False
2011,5,NYI,Ryan Strome,C,F,ryan strome,0,8476458.0,Ryan Strome,2014.0,14892.15,False
2011,6,OTT,Mika Zibanejad,C,F,mika zibanejad,0,8476459.0,Mika Zibanejad,2012.0,18755.9,False
2011,7,WPG,Mark Scheifele,C,F,mark scheifele,0,8476460.0,Mark Scheifele,2012.0,19371.95,False
2011,8,CBJ-PHI,Sean Couturier,C,F,sean couturier,0,8476461.0,Sean Couturier,2012.0,17626.25,False
2011,9,TOR-BOS,Dougie Hamilton,D,D,dougie hamilton,0,8476462.0,Dougie Hamilton,2013.0,18865.816666666666,False
2011,10,MIN,Jonas Brodin,D,D,jonas brodin,0,8476463.0,Jonas Brodin,2013.0,20231.616666666665,False
2011,11,STL-COL,Duncan Siemens,D,D,duncan siemens,1,8476464.0,Duncan Siemens,2015.0,248.03333333333333,False
2011,12,CAR,Ryan Murphy,D,D,ryan murphy,1,8476465.0,Ryan Murphy,2013.0,3030.95,False
2011,13,CGY,Sven Baertschi,LW,F,sven baertschi,1,8476466.0,Sven Baertschi,2012.0,4178.033333333334,False
2011,14,DAL,Jamie Oleksiak,D,D,jamie oleksiak,1,8476467.0,Jamie Oleksiak,2013.0,13264.966666666667,False
2011,15,NYR,J.T. Miller,C,F,j t miller,1,8476468.0,J.T. Miller,2013.0,16591.066666666666,False
2011,16,BUF,Joel Armia,RW,F,joel armia,1,8476469.0,Joel Armia,2015.0,9492.366666666667,False
2011,17,MTL,Nathan Beaulieu,D,D,nathan beaulieu,1,8476470.0,Nathan Beaulieu,2013.0,7678.716666666666,False
2011,18,CHI,Mark McNeill,C,F,mark mcneill,1,8476471.0,Mark McNeill,2016.0,26.549999999999997,False
2011,19,LAK-EDM,Oscar Klefbom,D,D,oscar klefbom,1,8476472.0,Oscar Klefbom,2014.0,8589.666666666668,False
2011,20,PHX,Connor Murphy,D,D,connor murphy,1,8476473.0,Connor Murphy,2014.0,15912.033333333333,False
2011,21,NSH-OTT,Stefan Noesen,RW,F,stefan noesen,1,8476474.0,Stefan Noesen,2015.0,6145.849999999999,False
2011,22,ANA-TOR,Tyler Biggs,RW,F,tyler biggs,1,,,,,False
2011,23,PIT,Joe Morrow,D,D,joe morrow,1,8476476.0,Joe Morrow,2015.0,2548.7666666666664,False
2011,24,DET-OTT,Matt Puempel,LW,F,matt puempel,1,8476477.0,Matt Puempel,2015.0,868.1666666666667,False
2011,25,PHI-TOR,Stuart Percy,D,D,stuart percy,1,8476478.0,Stuart Percy,2015.0,202.18333333333334,False
2011,26,WSH-CHI,Phillip Danault,LW,F,phillip danault,1,8476479.0,Phillip Danault,2015.0,13402.5,False
2011,27,TBL,Vladislav Namestnikov,C,F,vladislav namestnikov,1,8476480.0,Vladislav Namestnikov,2014.0,12433.683333333334,False
2011,28,SJS-MIN,Zack Phillips,C,F,zack phillips,1,,,,,False
2011,29,VAN,Nicklas Jensen,LW/RW,F,nicklas jensen,1,8476482.0,Nicklas Jensen,2013.0,405.9,False
2011,30,BOS-TOR-ANA,Rickard Rakell,RW,F,rickard rakell,1,8476483.0,Rickard Rakell,2013.0,15011.6,False
2011,31,EDM,David Musil,D,D,david musil,2,8476426.0,David Musil,2015.0,79.21666666666667,False
2011,32,COL-STL,Ty Rattie,RW,F,ty rattie,2,8476427.0,Ty Rattie,2014.0,1124.5666666666666,False
2011,33,FLA,Rocco Grimaldi,C,F,rocco grimaldi,2,8476428.0,Rocco Grimaldi,2015.0,2380.0833333333335,False
2011,34,NYI,Scott Mayfield,D,D,scott mayfield,2,8476429.0,Scott Mayfield,2014.0,11428.683333333334,False
2011,35,OTT-DET,Tomas Jurco,RW,F,tomas jurco,2,8476430.0,Tomas Jurco,2014.0,2480.45,False
2011,36,WPG-CHI,Adam Clendening,D,D,adam clendening,2,8476431.0,Adam Clendening,2015.0,1390.85,False
2011,37,CBJ,Boone Jenner,C,F,boone jenner,2,8476432.0,Boone Jenner,2014.0,14082.516666666666,False
2011,40,MIN-BOS,Alex Khokhlachev,C/LW,F,alex khokhlachev,2,8476435.0,Alex Khokhlachev,2014.0,91.1,False
2011,41,STL,Dmitrij Jaskin,RW,F,dmitrij jaskin,2,8476436.0,Dmitrij Jaskin,2013.0,3786.0833333333335,False
2011,42,CAR,Victor Rask,C,F,victor rask,2,8476437.0,Victor Rask,2015.0,7572.666666666667,False
2011,43,CGY-TOR-CHI,Brandon Saad,LW,F,brandon saad,2,8476438.0,Brandon Saad,2012.0,16094.483333333334,False
2011,44,DAL,Brett Ritchie,RW,F,brett ritchie,2,8476439.0,Brett Ritchie,2015.0,4341.766666666666,False
2011,45,NYR-CGY,Markus Granlund,C,F,markus granlund,2,8476440.0,Markus Granlund,2014.0,4950.766666666666,False
2011,46,BUF-STL,Joel Edmundson,D,D,joel edmundson,2,8476441.0,Joel Edmundson,2016.0,12809.65,False
2011,47,MTL-FLA-SJS,Matt Nieto,LW,F,matt nieto,2,8476442.0,Matt Nieto,2014.0,9825.083333333334,False
2011,48,CHI-OTT-DET,Xavier Ouellet,D,D,xavier ouellet,2,8476443.0,Xavier Ouellet,2014.0,2870.5166666666664,False
2011,50,MTL-NYI,Johan Sundstrom,C,F,johan sundstrom,2,8476445.0,Johan Sundstrom,2014.0,95.31666666666666,False
2011,51,PHX,Alexander Ruuttu,C,F,alexander ruuttu,2,,,,,False
2011,52,NSH,Miikka Salomaki,RW,F,miikka salomaki,2,8476447.0,Miikka Salomaki,2015.0,1847.75,False
2011,53,ANA,William Karlsson,C,F,william karlsson,2,8476448.0,William Karlsson,2015.0,12827.516666666666,False
2011,54,PIT,Scott Harrington,D,D,scott harrington,2,8476449.0,Scott Harrington,2015.0,3599.2833333333333,False
2011,55,DET,Ryan Sproul,D,D,ryan sproul,2,8476450.0,Ryan Sproul,2014.0,689.3333333333334,False
2011,56,PHI-PHX,Lucas Lessio,LW,F,lucas lessio,2,8476451.0,Lucas Lessio,2014.0,491.9333333333333,False
2011,57,WSH-CAR-NYR-CGY,Tyler Wotherspoon,D,D,tyler wotherspoon,2,8476452.0,Tyler Wotherspoon,2014.0,408.08333333333337,False
2011,58,TBL,Nikita Kucherov,LW/RW,F,nikita kucherov,2,8476453.0,Nikita Kucherov,2014.0,16788.399999999998,False
2011,59,SJS-FLA,Rasmus Bengtsson,D,D,rasmus bengtsson,2,,,,,False
2011,60,VAN-MIN,Mario Lucia,LW,F,mario lucia,2,,,,,False
2011,61,OTT,Shane Prince,C,F,shane prince,3,8476386.0,Shane Prince,2015.0,1533.7833333333333,False
2011,63,COL-NYI,Andrey Pedan,D,D,andrey pedan,3,8476388.0,Andrey Pedan,2016.0,142.38333333333333,False
2011,64,FLA,Vincent Trocheck,C,F,vincent trocheck,3,8476389.0,Vincent Trocheck,2014.0,16696.483333333334,False
2011,65,NYI-ANA,Joseph Cramarossa,C,F,joseph cramarossa,3,8476390.0,Joseph Cramarossa,2017.0,667.9666666666666,False
2011,66,OTT-CBJ,T.J. Tynan,C,F,t j tynan,3,,,,,False
2011,67,WPG,Adam Lowry,LW,F,adam lowry,3,8476392.0,Adam Lowry,2015.0,12792.333333333334,False
2011,68,CBJ-PHI,Nick Cousins,C,F,nick cousins,3,8476393.0,Nick Cousins,2015.0,8868.466666666667,False
2011,69,NJD,Forfeited,?,F,forfeited,3,,,,,False
2011,70,TOR-CHI,Michael Paliotta,D,D,michael paliotta,3,8476394.0,Michael Paliotta,2015.0,20.28333333333333,False
2011,72,STL-NYR,Steven Fogarty,C,F,steven fogarty,3,8476396.0,Steven Fogarty,2018.0,277.9,False
2011,73,CAR,Keegan Lowe,D,D,keegan lowe,3,8476397.0,Keegan Lowe,2015.0,55.483333333333334,False
2011,74,CGY-EDM,Travis Ewanyk,LW,F,travis ewanyk,3,,,,,False
2011,75,DAL-NJD,Blake Coleman,C,F,blake coleman,3,8476399.0,Blake Coleman,2017.0,11141.916666666668,False
2011,76,NYR-FLA,Logan Shaw,RW,F,logan shaw,3,8476400.0,Logan Shaw,2016.0,2362.383333333333,False
2011,77,BUF,Daniel Catenacci,C,F,daniel catenacci,3,8476401.0,Daniel Catenacci,2016.0,107.18333333333334,False
2011,78,MTL-WPG,Brennan Serville,D,D,brennan serville,3,,,,,False
2011,79,CHI,Klas Dahlbeck,D,D,klas dahlbeck,3,8476403.0,Klas Dahlbeck,2015.0,2660.4333333333334,False
2011,80,LAK,Andy Andreoff,C,F,andy andreoff,3,8476404.0,Andy Andreoff,2015.0,1739.2666666666667,False
2011,81,PHX-BOS,Anthony Camara,LW,F,anthony camara,3,,,,,False
2011,82,NSH-LAK,Nicholas Shore,C,F,nicholas shore,3,,,,,False
2011,83,ANA,Andy Welinski,D,D,andy welinski,3,8476407.0,Andy Welinski,2018.0,725.5833333333335,False
2011,84,PIT-PHI-PHX,Harrison Ruopp,D,D,harrison ruopp,3,,,,,False
2011,86,PHI-TOR,Josh Leivo,LW,F,josh leivo,3,8476410.0,Josh Leivo,2014.0,3299.766666666667,False
2011,87,WSH-FLA,Jonathan Racine,D,D,jonathan racine,3,8476411.0,Jonathan Racine,2014.0,15.583333333333334,False
2011,89,SJS,Justin Sefton,D,D,justin sefton,3,,,,,False
2011,90,VAN,Alexandre Grenier,RW,F,alexandre grenier,3,8476414.0,Alexandre Grenier,2016.0,88.3,False
2011,91,BOS-FLA,Kyle Rau,C,F,kyle rau,3,8476415.0,Kyle Rau,2016.0,581.6333333333333,False
2011,92,EDM,Dillon Simpson,D,D,dillon simpson,3,8476416.0,Dillon Simpson,2017.0,32.65,False
2011,93,COL,Joachim Nermark,C,F,joachim nermark,3,,,,,False
2011,94,FLA-NSH,Josh Shalla,LW,F,josh shalla,3,,,,,False
2011,95,NYI,Robbie Russo,D,D,robbie russo,3,8476418.0,Robbie Russo,2017.0,305.31666666666666,False
2011,96,OTT,Jean-Gabriel Pageau,C,F,jean gabriel pageau,3,8476419.0,Jean-Gabriel Pageau,2013.0,14381.816666666666,False
2011,97,WPG-MTL,Josiah Didier,D,D,josiah didier,3,,,,,False
2011,98,CBJ,Mike Reilly,D,D,mike reilly,3,8476422.0,Mike Reilly,2016.0,7772.216666666667,False
2011,99,NJD,Reid Boucher,C,F,reid boucher,3,8476423.0,Reid Boucher,2014.0,1638.3666666666666,False
2011,100,TOR,Tom Nilsson,D,D,tom nilsson,3,,,,,False
2011,101,MIN-VAN,Joseph LaBate,C,F,joseph labate,3,8476425.0,Joseph LaBate,2017.0,152.1,False
2011,102,STL,Yannick Veilleux,LW,F,yannick veilleux,3,,,,,False
2011,103,CAR,Gregory Hofmann,C,F,gregory hofmann,3,,Gregory Hofmann,,,False
2011,104,CGY,Johnny Gaudreau,LW,F,johnny gaudreau,3,8476346.0,Johnny Gaudreau,2014.0,14480.9,False
2011,105,DAL,Emil Molin,C,F,emil molin,3,,,,,False
2011,106,NYR,Michael St. Croix,C,F,michael st croix,3,,,,,False
2011,107,BUF,Colin Jacobs,C,F,colin jacobs,3,,,,,False
2011,108,MTL-WPG-MTL,Olivier Archambault,LW,F,olivier archambault,3,,,,,False
2011,109,CHI,Maxim Shalunov,RW,F,maxim shalunov,3,,,,,False
2011,110,LAK,Michael Mersch,LW,F,michael mersch,3,8476352.0,Michael Mersch,2016.0,176.46666666666667,False
2011,111,PHX,Kale Kessy,LW,F,kale kessy,3,,,,,False
2011,112,NSH,Garrett Noonan,D,D,garrett noonan,3,,,,,False
2011,113,ANA-MTL,Magnus Nygren,D,D,magnus nygren,3,,,,,False
2011,114,PIT-EDM,Tobias Rieder,C,F,tobias rieder,3,8476356.0,Tobias Rieder,2015.0,7123.983333333334,False
2011,115,DET,Marek Tvrdon,RW,F,marek tvrdon,3,,,,,False
2011,116,PHI,Colin Suellentrop,D,D,colin suellentrop,3,,,,,False
2011,118,TBL-PHI,Marcel Noebels,LW,F,marcel noebels,3,,,,,False
2011,119,SJS-WPG,Zachary Yuen,D,D,zachary yuen,3,,,,,False
2011,120,VAN,Ludwig Blomstrand,LW,F,ludwig blomstrand,3,,,,,False
2011,121,BOS,Brian Ferlin,RW,F,brian ferlin,3,8476363.0,Brian Ferlin,2015.0,61.56666666666667,False
2011,122,EDM,Martin Gernat,D,D,martin gernat,3,,,,,False
2011,123,COL,Garrett Meurs,C,F,garrett meurs,3,,,,,False
2011,124,FLA,Yaroslav Kosov,F,F,yaroslav kosov,3,,,,,False
2011,125,NYI,John Persson,LW,F,john persson,3,8476367.0,John Persson,2014.0,120.36666666666666,False
2011,126,OTT,Fredrik Claesson,D,D,fredrik claesson,3,8476368.0,Fredrik Claesson,2016.0,2597.55,False
2011,128,CBJ,Seth Ambroz,RW,F,seth ambroz,3,,,,,False
2011,129,NJD,Blake Pietila,LW,F,blake pietila,3,8476370.0,Blake Pietila,2016.0,485.9,False
2011,130,TOR,Tony Cameranesi,C,F,tony cameranesi,3,,,,,False
2011,131,MIN,Nick Seeler,D,D,nick seeler,3,8476372.0,Nick Seeler,2018.0,6960.316666666667,False
2011,133,CAR-FLA-WPG-SJS,Sean Kuraly,C,F,sean kuraly,3,8476374.0,Sean Kuraly,2017.0,8749.7,False
2011,134,CGY-NYR,Shane McColgan,RW,F,shane mccolgan,3,,,,,False
2011,135,DAL,Troy Vance,D,D,troy vance,3,,,,,False
2011,136,NYR,Samuel Noreau,D,D,samuel noreau,3,,,,,False
2011,137,BUF,Alex Lepkowski,D,D,alex lepkowski,3,,,,,False
2011,138,MTL,Darren Dietz,D,D,darren dietz,3,8476379.0,Darren Dietz,2016.0,188.98333333333332,False
2011,139,CHI,Andrew Shaw,C,F,andrew shaw,3,8476381.0,Andrew Shaw,2012.0,8363.733333333334,False
2011,140,LAK,Joel Lowry,LW,F,joel lowry,3,,,,,False
2011,141,PHX,Darian Dziurzynski,LW,F,darian dziurzynski,3,,,,,False
2011,142,NSH,Simon Karlsson,D,D,simon karlsson,3,,,,,False
2011,143,ANA,Max Friberg,LW,F,max friberg,3,8476384.0,Max Friberg,2015.0,52.983333333333334,False
2011,144,PIT,Dominik Uher,C,F,dominik uher,3,8476339.0,Dominik Uher,2015.0,12.916666666666666,False
2011,145,DET,Philippe Hudon,C/RW,F,philippe hudon,3,,,,,False
2011,146,PHI-DET,Mattias Backman,D,D,mattias backman,3,,,,,False
2011,147,WSH,Patrick Koudys,D,D,patrick koudys,3,,,,,False
2011,148,TBL,Nikita Nesterov,D,D,nikita nesterov,3,8476300.0,Nikita Nesterov,2015.0,2667.366666666667,False
2011,149,SJS-WPG,Austen Brassard,RW,F,austen brassard,3,,,,,False
2011,150,VAN,Frank Corrado,D,D,frank corrado,3,8476302.0,Frank Corrado,2013.0,1067.65,False
2011,151,BOS,Rob O'Gara,D,D,rob o gara,3,8476303.0,Rob O'Gara,2017.0,513.4166666666666,False
2011,152,EDM-TOR,David Broll,LW,F,david broll,3,8476304.0,David Broll,2014.0,40.916666666666664,False
2011,153,COL,Gabriel Beaupre,D,D,gabriel beaupre,3,,,,,False
2011,154,FLA,Edward Wittchow,D,D,edward wittchow,3,,,,,False
2011,155,NYI-PHX,Andrew Fritsch,RW,F,andrew fritsch,3,,,,,False
2011,156,OTT,Darren Kramer,C,F,darren kramer,3,,,,,False
2011,158,CBJ,Lukas Sedlak,C,F,lukas sedlak,3,8476310.0,Lukas Sedlak,2017.0,1890.2,False
2011,159,NJD,Reece Scarlett,D,D,reece scarlett,3,,,,,False
2011,160,TOR-ANA,Josh Manson,D,D,josh manson,3,8476312.0,Josh Manson,2015.0,13346.416666666666,False
2011,162,STL,Ryan Tesink,C,F,ryan tesink,3,,,,,False
2011,165,DAL,Matej Stransky,RW,F,matej stransky,3,,,,,False
2011,166,NYR-SJS,Daniil Sobchenko,C,F,daniil sobchenko,3,,,,,False
2011,168,MTL,Daniel Pribyl,C,F,daniel pribyl,3,,,,,False
2011,169,CHI,Sam Jardine,D,D,sam jardine,3,,,,,False
2011,170,LAK-NSH,Chase Balisy,C,F,chase balisy,3,8476322.0,Chase Balisy,2018.0,78.53333333333333,False
2011,171,PHX-ANA-OTT,Max McCormick,LW,F,max mccormick,3,8476323.0,Max McCormick,2016.0,792.4833333333332,False
2011,172,NSH-NYR,Peter Ceresnak,D,D,peter ceresnak,3,,,,,False
2011,173,ANA-TOR,Dennis Robertson,D,D,dennis robertson,3,,,,,False
2011,174,PIT,Josh Archibald,LW/RW,F,josh archibald,3,8476326.0,Josh Archibald,2016.0,3749.5833333333335,False
2011,175,DET,Richard Nedomlel,D,D,richard nedomlel,3,,,,,False
2011,176,PHI,Petr Placek,RW,F,petr placek,3,,,,,False
2011,177,WSH,Travis Boyd,C,F,travis boyd,3,8476329.0,Travis Boyd,2018.0,4047.2166666666667,False
2011,179,SJS,Dylan DeMelo,D,D,dylan demelo,3,8476331.0,Dylan DeMelo,2016.0,13637.566666666666,False
2011,180,VAN,Pathrik Westerholm,RW,F,pathrik westerholm,3,,,,,False
2011,183,COL,Dillon Donnelly,D,D,dillon donnelly,3,,,,,False
2011,184,FLA,Iiro Pakarinen,RW,F,iiro pakarinen,3,8476336.0,Iiro Pakarinen,2015.0,1381.7666666666667,False
2011,185,NYI,Mitchell Theoret,C,F,mitchell theoret,3,,,,,False
2011,186,OTT,Jordan Fransoo,D,D,jordan fransoo,3,,,,,False
2011,187,WPG,Aaron Harstad,D,D,aaron harstad,3,,,,,False
2011,189,NJD,Patrick Daly,D,D,patrick daly,3,,,,,False
2011,191,MIN,Tyler Graovac,C,F,tyler graovac,3,8476344.0,Tyler Graovac,2015.0,780.5333333333333,False
2011,192,STL,Teemu Eronen,D,D,teemu eronen,3,,,,,False
2011,193,CAR,Brody Sutter,C,F,brody sutter,3,8475980.0,Brody Sutter,2015.0,101.48333333333333,False
2011,194,CGY-WPG-SJS,Colin Blackwell,C,F,colin blackwell,3,8476278.0,Colin Blackwell,2019.0,4528.5,False
2011,195,DAL,Jyrki Jokipakka,D,D,jyrki jokipakka,3,8476279.0,Jyrki Jokipakka,2015.0,2335.833333333333,False
2011,196,NYR-PHX,Zac Larraza,LW,F,zac larraza,3,,,,,False
2011,197,BUF,Brad Navin,C,F,brad navin,3,,,,,False
2011,198,MTL,Colin Sullivan,D,D,colin sullivan,3,,,,,False
2011,199,CHI,Alex Broadhurst,C,F,alex broadhurst,3,8476283.0,Alex Broadhurst,2018.0,20.083333333333332,False
2011,200,LAK,Michael Schumacher,LW,F,michael schumacher,3,,,,,False
2011,201,PHX-TBL,Matthew Peca,C,F,matthew peca,3,8476285.0,Matthew Peca,2017.0,900.4,False
2011,202,NSH,Brent Andrews,LW,F,brent andrews,3,,,,,False
2011,203,ANA-TOR,Max Everson,D,D,max everson,3,,,,,False
2011,204,PIT-OTT,Ryan Dzingel,C,F,ryan dzingel,3,8476288.0,Ryan Dzingel,2016.0,5955.7,False
2011,205,DET,Alexey Marchenko,D,D,alexey marchenko,3,8476289.0,Alexey Marchenko,2014.0,2019.8,False
2011,206,PHI,Derek Mathers,RW,F,derek mathers,3,,,,,False
2011,207,WSH,Garrett Haar,D,D,garrett haar,3,,,,,False
2011,208,TBL,Ondrej Palat,LW,F,ondrej palat,3,8476292.0,Ondrej Palat,2013.0,14676.149999999998,False
2011,209,SJS-PIT,Scott Wilson,C/LW,F,scott wilson,3,8476293.0,Scott Wilson,2015.0,2198.2666666666664,False
2011,210,VAN,Henrik Tommernes,D,D,henrik tommernes,3,,,,,False
2012,1,EDM,Nail Yakupov,RW,F,nail yakupov,0,8476855.0,Nail Yakupov,2013.0,4749.016666666666,False
2012,2,CBJ,Ryan Murray,D,D,ryan murray,0,8476850.0,Ryan Murray,2014.0,8648.366666666667,False
2012,3,MTL,Alex Galchenyuk,C,F,alex galchenyuk,0,8476851.0,Alex Galchenyuk,2013.0,9632.633333333333,False
2012,4,NYI,Griffin Reinhart,D,D,griffin reinhart,0,8476852.0,Griffin Reinhart,2015.0,637.3666666666667,False
2012,5,TOR,Morgan Rielly,D,D,morgan rielly,0,8476853.0,Morgan Rielly,2014.0,20957.9,False
2012,6,ANA,Hampus Lindholm,D,D,hampus lindholm,0,8476854.0,Hampus Lindholm,2014.0,18468.61666666667,False
2012,7,MIN,Mathew Dumba,D,D,mathew dumba,0,,,,,False
2012,8,CAR-PIT,Derrick Pouliot,D,D,derrick pouliot,0,8476884.0,Derrick Pouliot,2015.0,3816.15,False
2012,9,WPG,Jacob Trouba,D,D,jacob trouba,0,8476885.0,Jacob Trouba,2014.0,20182.55,False
2012,10,TBL,Slater Koekkoek,D,D,slater koekkoek,0,8476886.0,Slater Koekkoek,2015.0,2556.0166666666664,False
2012,11,COL-WSH,Filip Forsberg,C,F,filip forsberg,1,8476887.0,Filip Forsberg,2013.0,15643.75,False
2012,12,BUF,Mikhail Grigorenko,C,F,mikhail grigorenko,1,8476888.0,Mikhail Grigorenko,2013.0,3303.433333333333,False
2012,13,DAL,Radek Faksa,C,F,radek faksa,1,8476889.0,Radek Faksa,2016.0,11221.75,False
2012,14,CGY-BUF,Zemgus Girgensons,C,F,zemgus girgensons,1,8476878.0,Zemgus Girgensons,2014.0,11857.966666666667,False
2012,15,OTT,Cody Ceci,D,D,cody ceci,1,8476879.0,Cody Ceci,2014.0,19464.083333333332,False
2012,16,WSH,Tom Wilson,RW,F,tom wilson,1,8476880.0,Tom Wilson,2014.0,14177.8,False
2012,17,SJS,Tomas Hertl,C,F,tomas hertl,1,8476881.0,Tomas Hertl,2014.0,15534.033333333335,False
2012,18,CHI,Teuvo Teravainen,LW,F,teuvo teravainen,1,8476882.0,Teuvo Teravainen,2014.0,13959.95,False
2012,20,PHI,Scott Laughton,C,F,scott laughton,1,8476872.0,Scott Laughton,2013.0,10756.183333333332,False
2012,21,NSH-BUF-CGY,Mark Jankowski,C,F,mark jankowski,1,8476873.0,Mark Jankowski,2017.0,5874.183333333333,False
2012,22,PIT,Olli Maatta,D,D,olli maatta,1,8476874.0,Olli Maatta,2014.0,14779.25,False
2012,23,FLA,Mike Matheson,D,D,mike matheson,1,,,,,False
2012,25,STL,Jordan Schmaltz,D,D,jordan schmaltz,1,8476877.0,Jordan Schmaltz,2017.0,496.41666666666663,False
2012,26,VAN,Brendan Gaunce,C,F,brendan gaunce,1,8476867.0,Brendan Gaunce,2016.0,2311.616666666667,False
2012,27,PHX,Henrik Samuelsson,C/RW,F,henrik samuelsson,1,8476868.0,Henrik Samuelsson,2015.0,39.8,False
2012,28,NYR,Brady Skjei,D,D,brady skjei,1,8476869.0,Brady Skjei,2016.0,16198.7,False
2012,29,NJD,Stefan Matteau,C,F,stefan matteau,1,8476870.0,Stefan Matteau,2013.0,943.7833333333333,False
2012,30,LAK,Tanner Pearson,LW,F,tanner pearson,1,8476871.0,Tanner Pearson,2014.0,11210.616666666667,False
2012,32,EDM,Mitchell Moroz,LW,F,mitchell moroz,2,,,,,False
2012,33,MTL,Sebastian Collberg,RW,F,sebastian collberg,2,,,,,False
2012,34,NYI,Ville Pokka,D,D,ville pokka,2,,,,,False
2012,35,TOR,Matthew Finn,D,D,matthew finn,2,,,,,False
2012,36,ANA,Nicolas Kerdiles,LW,F,nicolas kerdiles,2,8476866.0,Nicolas Kerdiles,2017.0,18.633333333333333,False
2012,37,MIN-SJS-TBL-NSH,Pontus Aberg,LW,F,pontus aberg,2,8476857.0,Pontus Aberg,2017.0,1734.0166666666667,False
2012,38,CAR,Phillip Di Giuseppe,LW,F,phillip di giuseppe,2,8476858.0,Phillip Di Giuseppe,2016.0,3640.366666666667,False
2012,40,TBL,Dylan Blujus,D,D,dylan blujus,2,,,,,False
2012,41,COL,Mitchell Heard,C,F,mitchell heard,2,,,,,False
2012,42,BUF-CGY,Patrick Sieloff,D,D,patrick sieloff,2,8476890.0,Patrick Sieloff,2016.0,29.166666666666668,False
2012,43,DAL,Ludwig Bystrom,D,D,ludwig bystrom,2,,,,,False
2012,44,CGY-BUF,Jake McCabe,D,D,jake mccabe,2,8476931.0,Jake McCabe,2014.0,14519.85,False
2012,46,WSH-NJD-MIN,Raphael Bussieres,LW,F,raphael bussieres,2,,,,,False
2012,47,SJS-CAR,Brock McGinn,LW,F,brock mcginn,2,8476934.0,Brock McGinn,2016.0,7211.666666666666,False
2012,48,CHI,Dillon Fournier,D,D,dillon fournier,2,,,,,False
2012,49,DET,Martin Frk,RW,F,martin frk,2,8476924.0,Martin Frk,2017.0,1310.3333333333333,False
2012,50,PHI-TBL-NSH,Colton Sissons,C,F,colton sissons,2,8476925.0,Colton Sissons,2014.0,11034.916666666666,False
2012,51,NSH-MTL,Dalton Thrower,D,D,dalton thrower,2,,,,,False
2012,52,PIT,Teddy Blueger,C,F,teddy blueger,2,8476927.0,Teddy Blueger,2019.0,6595.533333333334,False
2012,53,FLA-PHI-TBL,Brian Hart,RW,F,brian hart,2,,,,,False
2012,54,TOR-COL-WSH-DAL,Mike Winther,C,F,mike winther,2,,,,,False
2012,55,SJS,Chris Tierney,C,F,chris tierney,2,8476919.0,Chris Tierney,2015.0,9182.166666666666,False
2012,56,STL,Samuel Kurker,RW,F,samuel kurker,2,,,,,False
2012,57,VAN,Alexandre Mallet,LW,F,alexandre mallet,2,,,,,False
2012,58,PHX,Jordan Martinook,LW,F,jordan martinook,2,8476921.0,Jordan Martinook,2015.0,11384.0,False
2012,59,NYR,Boo Nieves,C,F,boo nieves,2,8476922.0,Boo Nieves,2017.0,742.5333333333333,False
2012,60,NJD,Damon Severson,D,D,damon severson,2,8476923.0,Damon Severson,2015.0,17946.266666666666,False
2012,61,LAK-PHI-DAL,Devin Shore,C,F,devin shore,3,8476913.0,Devin Shore,2016.0,6007.733333333334,False
2012,63,EDM,Jujhar Khaira,LW,F,jujhar khaira,3,8476915.0,Jujhar Khaira,2016.0,4238.933333333333,False
2012,64,MTL,Tim Bozon,LW,F,tim bozon,3,,,,,False
2012,65,NYI,Adam Pelech,D,D,adam pelech,3,8476917.0,Adam Pelech,2016.0,12971.95,False
2012,66,TOR-LAK-NSH,Jimmy Vesey,LW,F,jimmy vesey,3,8476918.0,Jimmy Vesey,2017.0,8559.7,False
2012,67,ANA-STL,Mackenzie MacEachern,LW,F,mackenzie maceachern,3,8476907.0,Mackenzie MacEachern,2019.0,1136.5333333333333,False
2012,68,MIN,John Draeger,D,D,john draeger,3,,,,,False
2012,70,WPG,Scott Kosmachuk,RW,F,scott kosmachuk,3,8476910.0,Scott Kosmachuk,2016.0,92.26666666666668,False
2012,71,TBL,Tanner Richard,C,F,tanner richard,3,8476911.0,Tanner Richard,2017.0,38.11666666666667,False
2012,72,COL,Troy Bourke,LW,F,troy bourke,3,,,,,False
2012,73,BUF,Justin Kea,C,F,justin kea,3,,,,,False
2012,74,DAL,Esa Lindell,D,D,esa lindell,3,8476902.0,Esa Lindell,2016.0,16970.25,False
2012,77,WSH,Chandler Stephenson,C/LW,F,chandler stephenson,3,8476905.0,Chandler Stephenson,2016.0,11054.283333333333,False
2012,78,SJS-FLA-PHI,Shayne Gostisbehere,D,D,shayne gostisbehere,3,8476906.0,Shayne Gostisbehere,2015.0,14875.35,False
2012,79,CHI,Chris Calnan,RW,F,chris calnan,3,,,,,False
2012,81,PHI-PHX-PIT,Oskar Sundqvist,C,F,oskar sundqvist,3,8476897.0,Oskar Sundqvist,2016.0,7218.95,False
2012,82,NSH-OTT,Jarrod Maidens,C/LW,F,jarrod maidens,3,,,,,False
2012,84,FLA,Steven Hodges,C,F,steven hodges,3,,,,,False
2012,85,BOS,Matt Grzelcyk,D,D,matt grzelcyk,3,8476891.0,Matt Grzelcyk,2017.0,10878.733333333334,False
2012,86,STL,Colton Parayko,D,D,colton parayko,3,8476892.0,Colton Parayko,2016.0,17928.183333333334,False
2012,88,PHX,James Melindy,D,D,james melindy,3,,,,,False
2012,89,NYR-NSH,Brendan Leipsic,LW,F,brendan leipsic,3,8476894.0,Brendan Leipsic,2016.0,2262.55,False
2012,90,NJD,Ben Johnson,C/LW,F,ben johnson,3,,,,,False
2012,91,LAK-EDM,Daniil Zharkov,LW,F,daniil zharkov,3,,,,,False
2012,92,CBJ-PIT,Matia Marcantuoni,C/RW,F,matia marcantuoni,3,,,,,False
2012,93,EDM,Erik Gustafsson,D,D,erik gustafsson,3,,Erik Gustafsson,,,False
2012,94,MTL,Brady Vail,C,F,brady vail,3,,,,,False
2012,95,NYI-VAN-CBJ,Josh Anderson,RW,F,josh anderson,3,8476981.0,Josh Anderson,2015.0,10685.683333333334,False
2012,96,TOR-NJD,Ben Thomson,LW,F,ben thomson,3,8476526.0,Ben Thomson,2017.0,32.666666666666664,False
2012,97,ANA,Kevin Roy,C,F,kevin roy,3,8476971.0,Kevin Roy,2018.0,380.34999999999997,False
2012,98,MIN,Adam Gilmour,C,F,adam gilmour,3,,,,,False
2012,99,CAR,Erik Karlsson,C/LW,F,erik karlsson,3,,,,,False
2012,100,WPG-WSH,Thomas Di Pauli,C,F,thomas di pauli,3,8476974.0,Thomas Di Pauli,2020.0,11.966666666666669,False
2012,101,TBL,Cedric Paquette,C,F,cedric paquette,3,8476975.0,Cedric Paquette,2014.0,5246.866666666667,False
2012,102,COL-PHX,Rhett Holland,D,D,rhett holland,3,,,,,False
2012,103,BUF-NYI,Loic Leduc,D,D,loic leduc,3,,,,,False
2012,104,DAL,Gemel Smith,C,F,gemel smith,3,8476966.0,Gemel Smith,2017.0,899.2,False
2012,105,CGY,Brett Kulak,D,D,brett kulak,3,8476967.0,Brett Kulak,2015.0,11322.300000000001,False
2012,106,OTT,Timothy Boyle,D,D,timothy boyle,3,,,,,False
2012,107,WSH,Austin Wuthrich,RW,F,austin wuthrich,3,,,,,False
2012,108,SJS-ANA,Andrew O'Brien,D,D,andrew o brien,3,,,,,False
2012,109,CHI-SJS,Christophe Lalancette,RW,F,christophe lalancette,3,,,,,False
2012,110,DET,Andreas Athanasiou,C/LW,F,andreas athanasiou,3,8476960.0,Andreas Athanasiou,2016.0,7301.0,False
2012,111,PHI,Fredrik Larsson,D,D,fredrik larsson,3,,,,,False
2012,112,NSH,Zach Stepan,C,F,zach stepan,3,,,,,False
2012,114,FLA,Alexander Delnov,LW,F,alexander delnov,3,,,,,False
2012,115,BOS-CAR,Trevor Carrick,D,D,trevor carrick,3,8476953.0,Trevor Carrick,2016.0,69.7,False
2012,116,STL,Nicholas Walters,D,D,nicholas walters,3,,,,,False
2012,117,VAN-CBJ-PHI,Taylor Leier,LW,F,taylor leier,3,8476955.0,Taylor Leier,2016.0,545.9666666666667,False
2012,118,PHX-NSH,Mikko Vainonen,D,D,mikko vainonen,3,,,,,False
2012,119,NYR,Calle Andersson,D,D,calle andersson,3,,,,,False
2012,120,NJD-CAR,Jaccob Slavin,D,D,jaccob slavin,3,8476958.0,Jaccob Slavin,2016.0,17549.13333333333,False
2012,121,LAK,Nikolai Prokhorkin,LW,F,nikolai prokhorkin,3,8476947.0,Nikolai Prokhorkin,2020.0,520.5333333333333,False
2012,122,CBJ-MTL,Charles Hudon,LW,F,charles hudon,3,8476948.0,Charles Hudon,2016.0,1721.9333333333334,False
2012,123,EDM,Joey Laleggia,D,D,joey laleggia,3,,,,,False
2012,124,MTL-CGY,Ryan Culkin,D,D,ryan culkin,3,,,,,False
2012,125,NYI,Doyle Somerby,D,D,doyle somerby,3,,,,,False
2012,126,TOR,Dominic Toninato,C,F,dominic toninato,3,8476952.0,Dominic Toninato,2018.0,1785.7333333333331,False
2012,127,ANA-MTL-ANA,Brian Cooper,D,D,brian cooper,3,,,,,False
2012,128,MIN,Daniel Gunnarsson,D,D,daniel gunnarsson,3,,,,,False
2012,129,CAR,Brendan Woods,LW,F,brendan woods,3,8476944.0,Brendan Woods,2015.0,55.599999999999994,False
2012,131,TBL-BOS,Seth Griffith,C,F,seth griffith,3,8476495.0,Seth Griffith,2015.0,976.2833333333333,False
2012,132,COL,Michael Clarke,C,F,michael clarke,3,,,,,False
2012,133,BUF,Logan Nelson,C,F,logan nelson,3,,,,,False
2012,134,DAL,Branden Troock,RW,F,branden troock,3,,,,,False
2012,135,CGY-NJD,Graham Black,C,F,graham black,3,,,,,False
2012,136,OTT,Robert Baillargeon,C,F,robert baillargeon,3,,,,,False
2012,137,WSH,Connor Carrick,D,D,connor carrick,3,8476941.0,Connor Carrick,2014.0,3854.9000000000005,False
2012,138,SJS,Danny O'Regan,C,F,danny o regan,3,,,,,False
2012,139,CHI,Garret Ross,LW,F,garret ross,3,,,,,False
2012,140,DET,Michael McKee,D,D,michael mckee,3,,,,,False
2012,141,PHI,Reece Willcox,D,D,reece willcox,3,,,,,False
2012,142,NSH-NYR,Thomas Spelling,RW,F,thomas spelling,3,,,,,False
2012,143,PIT,Clark Seymour,D,D,clark seymour,3,,,,,False
2012,145,BOS,Cody Payne,RW,F,cody payne,3,,,,,False
2012,147,VAN,Ben Hutton,D,D,ben hutton,3,8477018.0,Ben Hutton,2016.0,10507.683333333334,False
2012,148,PHX,Niklas Tikkinen,D,D,niklas tikkinen,3,,,,,False
2012,149,NYR-CHI,Travis Brown,D,D,travis brown,3,,,,,False
2012,150,NJD,Alexander Kerfoot,C,F,alexander kerfoot,3,8477021.0,Alexander Kerfoot,2018.0,9527.416666666666,False
2012,151,LAK,Colin Miller,D,D,colin miller,3,8476525.0,Colin Miller,2016.0,10076.266666666666,False
2012,152,CBJ,Daniel Zaar,RW,F,daniel zaar,3,,,,,False
2012,153,EDM,John McCarron,RW,F,john mccarron,3,,,,,False
2012,154,MTL,Erik Nystrom,LW,F,erik nystrom,3,,,,,False
2012,155,NYI,Jesse Graham,D,D,jesse graham,3,,,,,False
2012,156,TOR,Connor Brown,RW,F,connor brown,3,8477015.0,Connor Brown,2016.0,10963.6,False
2012,157,ANA-TOR,Ryan Rupert,C,F,ryan rupert,3,,,,,False
2012,158,MIN,Christoph Bertschy,C,F,christoph bertschy,3,8477006.0,Christoph Bertschy,2016.0,66.88333333333333,False
2012,160,WPG,Ryan Olsen,C,F,ryan olsen,3,,,,,False
2012,161,TBL,Jake Dotchin,D,D,jake dotchin,3,8477009.0,Jake Dotchin,2017.0,1672.4,False
2012,162,COL,Joseph Blandisi,C/RW,F,joseph blandisi,3,8477010.0,Joseph Blandisi,2016.0,1273.8,False
2012,164,DAL-FLA-NSH,Simon Fernholm,D,D,simon fernholm,3,,,,,False
2012,165,CGY,Coda Gordon,LW,F,coda gordon,3,,,,,False
2012,167,WSH,Riley Barber,RW,F,riley barber,3,8477003.0,Riley Barber,2017.0,133.81666666666666,False
2012,168,SJS,Clifford Watson,D,D,clifford watson,3,,,,,False
2012,169,CHI,Vinnie Hinostroza,C,F,vinnie hinostroza,3,8476994.0,Vinnie Hinostroza,2016.0,6173.3,False
2012,170,DET,James de Haas,D,D,james de haas,3,,,,,False
2012,171,PHI-LAK,Tomas Hyka,RW,F,tomas hyka,3,8476617.0,Tomas Hyka,2018.0,320.66666666666663,False
2012,172,NSH,Max Gortz,RW,F,max gortz,3,,,,,False
2012,173,PIT,Anton Zlobin,RW,F,anton zlobin,3,,,,,False
2012,174,FLA,Francis Beauvillier,C/LW,F,francis beauvillier,3,,,,,False
2012,175,BOS,Matt Benning,D,D,matt benning,3,8476988.0,Matt Benning,2017.0,7699.166666666667,False
2012,176,STL,Petteri Lindbohm,D,D,petteri lindbohm,3,8476989.0,Petteri Lindbohm,2015.0,713.4,False
2012,177,VAN,Wesley Myron,LW,F,wesley myron,3,,,,,False
2012,178,PHX,Samuel Fejes,LW,F,samuel fejes,3,,,,,False
2012,180,NJD,Artur Gavrus,C/LW,F,artur gavrus,3,,,,,False
2012,181,LAK,Paul LaDue,D,D,paul ladue,3,8476983.0,Paul LaDue,2017.0,981.5333333333333,False
2012,182,CBJ,Gianluca Curcuruto,D,D,gianluca curcuruto,3,,,,,False
2012,183,EDM-LAK-DAL,Dmitry Sinitsyn,D,D,dmitry sinitsyn,3,,,,,False
2012,185,NYI,Jake Bischoff,D,D,jake bischoff,3,8476987.0,Jake Bischoff,2020.0,62.4,False
2012,186,TOR-CGY,Matthew Deblouw,C,F,matthew deblouw,3,,,,,False
2012,187,ANA,Kenton Helgesen,D,D,kenton helgesen,3,,,,,False
2012,188,MIN,Louis Nanne,LW,F,louis nanne,3,,,,,False
2012,189,CAR,Brendan Collier,LW,F,brendan collier,3,,,,,False
2012,192,COL,Colin Smith,C,F,colin smith,3,8476536.0,Colin Smith,2015.0,6.1,False
2012,193,BUF,Brady Austin,D,D,brady austin,3,8477041.0,Brady Austin,2017.0,80.45,False
2012,194,DAL-FLA,Jonatan Nielsen,D,D,jonatan nielsen,3,,,,,False
2012,195,CGY-WSH,Christian Djoos,D,D,christian djoos,3,8477043.0,Christian Djoos,2018.0,2223.5333333333333,False
2012,196,OTT,Mikael Wikstrand,D,D,mikael wikstrand,3,,,,,False
2012,197,WSH,Jaynen Rissling,D,D,jaynen rissling,3,,,,,False
2012,198,SJS,Joakim Ryan,D,D,joakim ryan,3,8477046.0,Joakim Ryan,2018.0,2307.15,False
2012,200,DET,Rasmus Bodin,LW,F,rasmus bodin,3,,,,,False
2012,201,PHI,Valeri Vasiliev,D,D,valeri vasiliev,3,,,,,False
2012,202,NSH-TBL,Nikita Gusev,LW,F,nikita gusev,3,8477038.0,Nikita Gusev,2020.0,1360.0166666666664,False
2012,204,FLA-CHI-BUF,Judd Peterson,C/RW,F,judd peterson,3,,,,,False
2012,205,BOS,Colton Hargrove,LW,F,colton hargrove,3,,,,,False
2012,206,STL,Tyrel Seaman,C,F,tyrel seaman,3,,,,,False
2012,207,VAN,Matthew Beattie,LW,F,matthew beattie,3,,,,,False
2012,208,PHX,Justin Hache,D,D,justin hache,3,,,,,False
2012,209,NYR-TOR,Viktor Loov,D,D,viktor loov,3,8477033.0,Viktor Loov,2016.0,41.833333333333336,False
2012,210,NJD-ANA,Jaycob Megna,D,D,jaycob megna,3,8477034.0,Jaycob Megna,2017.0,3444.2333333333336,False
2012,211,LAK,Nick Ebert,D,D,nick ebert,3,,,,,False
2013,1,COL,Nathan MacKinnon,C,F,nathan mackinnon,0,8477492.0,Nathan MacKinnon,2014.0,19586.616666666665,False
2013,2,FLA,Aleksander Barkov,C,F,aleksander barkov,0,8477493.0,Aleksander Barkov,2014.0,16106.983333333334,False
2013,3,TBL,Jonathan Drouin,LW,F,jonathan drouin,0,8477494.0,Jonathan Drouin,2015.0,11124.45,False
2013,4,NSH,Seth Jones,D,D,seth jones,0,8477495.0,Seth Jones,2014.0,21103.066666666666,False
2013,5,CAR,Elias Lindholm,C,F,elias lindholm,0,8477496.0,Elias Lindholm,2014.0,17852.083333333336,False
2013,6,CGY,Sean Monahan,C,F,sean monahan,0,8477497.0,Sean Monahan,2014.0,16012.116666666667,False
2013,7,EDM,Darnell Nurse,D,D,darnell nurse,0,8477498.0,Darnell Nurse,2015.0,17933.2,False
2013,8,BUF,Rasmus Ristolainen,D,D,rasmus ristolainen,0,8477499.0,Rasmus Ristolainen,2014.0,18512.333333333336,False
2013,9,NJD-VAN,Bo Horvat,C,F,bo horvat,0,8477500.0,Bo Horvat,2015.0,16738.15,False
2013,10,DAL,Valeri Nichushkin,RW,F,valeri nichushkin,0,8477501.0,Valeri Nichushkin,2014.0,10291.05,False
2013,11,PHI,Samuel Morin,D,D,samuel morin,1,8477502.0,Samuel Morin,2017.0,327.6166666666667,False
2013,12,PHX,Max Domi,C/LW,F,max domi,1,8477503.0,Max Domi,2016.0,12824.733333333334,False
2013,13,WPG,Josh Morrissey,D,D,josh morrissey,1,8477504.0,Josh Morrissey,2016.0,16963.466666666667,False
2013,14,CBJ,Alexander Wennberg,C,F,alexander wennberg,1,8477505.0,Alexander Wennberg,2015.0,15395.833333333334,False
2013,15,NYI,Ryan Pulock,D,D,ryan pulock,1,8477506.0,Ryan Pulock,2016.0,13446.6,False
2013,16,MIN-BUF,Nikita Zadorov,D,D,nikita zadorov,1,8477507.0,Nikita Zadorov,2014.0,14923.666666666666,False
2013,17,OTT,Curtis Lazar,C/RW,F,curtis lazar,1,8477508.0,Curtis Lazar,2015.0,7228.533333333334,False
2013,18,DET-SJS,Mirco Mueller,D,D,mirco mueller,1,8477509.0,Mirco Mueller,2015.0,3123.1833333333334,False
2013,19,NYR-CBJ,Kerby Rychel,LW,F,kerby rychel,1,8477510.0,Kerby Rychel,2015.0,420.3833333333333,False
2013,20,SJS-DET,Anthony Mantha,RW,F,anthony mantha,1,8477511.0,Anthony Mantha,2016.0,9434.85,False
2013,21,TOR,Frederik Gauthier,C,F,frederik gauthier,1,8477512.0,Frederik Gauthier,2016.0,1639.45,False
2013,22,STL-CGY,Emile Poirier,LW,F,emile poirier,1,8477486.0,Emile Poirier,2015.0,75.68333333333334,False
2013,23,WSH,Andre Burakovsky,LW,F,andre burakovsky,1,8477444.0,Andre Burakovsky,2015.0,11027.116666666667,False
2013,24,VAN,Hunter Shinkaruk,C/LW,F,hunter shinkaruk,1,8477445.0,Hunter Shinkaruk,2016.0,193.8,False
2013,25,MTL,Michael McCarron,RW,F,michael mccarron,1,8477446.0,Michael McCarron,2016.0,4647.116666666667,False
2013,26,ANA,Shea Theodore,D,D,shea theodore,1,8477447.0,Shea Theodore,2016.0,13646.166666666666,False
2013,27,LAK-CBJ,Marko Dano,C,F,marko dano,1,8477448.0,Marko Dano,2015.0,1528.45,False
2013,28,PIT-CGY,Morgan Klimchuk,LW,F,morgan klimchuk,1,8477449.0,Morgan Klimchuk,2018.0,7.416666666666667,False
2013,29,BOS-DAL,Jason Dickinson,C,F,jason dickinson,1,8477450.0,Jason Dickinson,2016.0,8367.766666666666,False
2013,30,CHI,Ryan Hartman,RW,F,ryan hartman,1,8477451.0,Ryan Hartman,2015.0,10737.783333333333,False
2013,31,FLA,Ian McCoshen,D,D,ian mccoshen,2,8477452.0,Ian McCoshen,2017.0,865.7166666666666,False
2013,32,COL,Chris Bigras,D,D,chris bigras,2,8477453.0,Chris Bigras,2016.0,621.5,False
2013,33,TBL,Adam Erne,LW,F,adam erne,2,8477454.0,Adam Erne,2017.0,5022.916666666667,False
2013,34,NSH-MTL,Jacob de la Rose,LW,F,jacob de la rose,2,8477455.0,Jacob de la Rose,2015.0,2832.55,False
2013,35,CAR-BUF,J.T. Compher,LW,F,j t compher,2,8477456.0,J.T. Compher,2017.0,11243.283333333333,False
2013,37,EDM-LAK,Valentin Zykov,LW,F,valentin zykov,2,8477458.0,Valentin Zykov,2017.0,610.6166666666666,False
2013,38,BUF,Connor Hurley,C,F,connor hurley,2,,,,,False
2013,39,NJD-PHX,Laurent Dauphin,C,F,laurent dauphin,2,8477460.0,Laurent Dauphin,2016.0,1094.75,False
2013,40,DAL,Remi Elie,LW,F,remi elie,2,8477461.0,Remi Elie,2017.0,1186.6166666666668,False
2013,41,PHI,Robert Hagg,D,D,robert hagg,2,8477462.0,Robert Hagg,2017.0,5670.783333333333,False
2013,42,PHX-NJD,Steven Santini,D,D,steven santini,2,8477463.0,Steven Santini,2016.0,2251.883333333333,False
2013,43,WPG,Nic Petan,C,F,nic petan,2,8477464.0,Nic Petan,2016.0,1772.9333333333334,False
2013,45,NYI-ANA,Nick Sorensen,RW,F,nick sorensen,2,8477466.0,Nick Sorensen,2017.0,54.45,False
2013,46,MIN,Gustav Olofsson,D,D,gustav olofsson,2,8477467.0,Gustav Olofsson,2016.0,795.4499999999999,False
2013,47,OTT-STL,Thomas Vannelli,D,D,thomas vannelli,2,,,,,False
2013,48,DET,Zach Nastasiuk,RW,F,zach nastasiuk,2,,,,,False
2013,49,NYR-SJS,Gabryel Boudreau,LW,F,gabryel boudreau,2,,,,,False
2013,50,SJS-PIT-CBJ,Dillon Heatherington,D,D,dillon heatherington,2,8477471.0,Dillon Heatherington,2018.0,254.83333333333334,False
2013,51,TOR-CHI,Carl Dahlstrom,D,D,carl dahlstrom,2,8477472.0,Carl Dahlstrom,2018.0,1162.0333333333333,False
2013,52,STL-BUF,Justin Bailey,RW,F,justin bailey,2,8477473.0,Justin Bailey,2016.0,1455.1833333333334,False
2013,53,WSH,Madison Bowey,D,D,madison bowey,2,8477474.0,Madison Bowey,2018.0,2465.7,False
2013,55,MTL,Artturi Lehkonen,LW,F,artturi lehkonen,2,8477476.0,Artturi Lehkonen,2017.0,11044.083333333334,False
2013,56,ANA-EDM,Marco Roy,C,F,marco roy,2,,,,,False
2013,57,LAK-EDM-STL,William Carrier,LW,F,william carrier,2,8477478.0,William Carrier,2017.0,5602.85,False
2013,58,PIT-SJS-DET,Tyler Bertuzzi,LW,F,tyler bertuzzi,2,8477479.0,Tyler Bertuzzi,2017.0,9708.183333333332,False
2013,60,BOS,Linus Arnesson,D,D,linus arnesson,2,,,,,False
2013,61,CHI-WPG-WSH,Zachary Sanford,LW,F,zachary sanford,3,,,,,False
2013,62,FLA-NYR-SJS-PHX,Yan Pavel Laplante,C,F,yan pavel laplante,3,,,,,False
2013,64,TBL-NSH,Jonathan-Ismael Diaby,D,D,jonathan ismael diaby,3,,,,,False
2013,65,NSH-NYR,Adam Tambellini,C,F,adam tambellini,3,,,,,False
2013,66,CAR,Brett Pesce,D,D,brett pesce,3,8477488.0,Brett Pesce,2016.0,15504.733333333334,False
2013,67,CGY,Keegan Kanzig,D,D,keegan kanzig,3,,,,,False
2013,68,EDM-DAL,Niklas Hansson,D,D,niklas hansson,3,,,,,False
2013,69,BUF,Nick Baptiste,RW,F,nick baptiste,3,,,,,False
2013,71,DAL-MTL,Connor Crisp,LW,F,connor crisp,3,,,,,False
2013,72,PHI,Tyrell Goulbourne,LW,F,tyrell goulbourne,3,8477399.0,Tyrell Goulbourne,2018.0,65.06666666666666,False
2013,73,PHX-NJD,Ryan Kujawinski,C,F,ryan kujawinski,3,,,,,False
2013,74,WPG-CHI,John Hayden,C,F,john hayden,3,8477401.0,John Hayden,2017.0,2710.45,False
2013,75,CBJ-NYR,Pavel Buchnevich,LW,F,pavel buchnevich,3,8477402.0,Pavel Buchnevich,2017.0,11832.816666666668,False
2013,76,NYI,Taylor Cammarata,C/LW,F,taylor cammarata,3,,,,,False
2013,77,MIN-PHI-DAL-PIT,Jake Guentzel,C,F,jake guentzel,3,8477404.0,Jake Guentzel,2017.0,13189.366666666667,False
2013,79,DET,Mattias Janmark,C,F,mattias janmark,3,8477406.0,Mattias Janmark,2016.0,9829.533333333335,False
2013,80,NYR,Anthony Duclair,LW,F,anthony duclair,3,8477407.0,Anthony Duclair,2015.0,9596.366666666667,False
2013,81,SJS-MIN,Kurtis Gabriel,RW,F,kurtis gabriel,3,8476545.0,Kurtis Gabriel,2016.0,347.71666666666664,False
2013,82,TOR,Carter Verhaeghe,C,F,carter verhaeghe,3,8477409.0,Carter Verhaeghe,2020.0,8078.8,False
2013,83,STL-EDM,Bogdan Yakimov,C,F,bogdan yakimov,3,8477410.0,Bogdan Yakimov,2015.0,11.316666666666666,False
2013,84,WSH-WPG,Jimmy Lodge,C,F,jimmy lodge,3,,,,,False
2013,85,VAN-FLA-VAN,Cole Cassels,C,F,cole cassels,3,,,,,False
2013,86,MTL,Sven Andrighetto,RW,F,sven andrighetto,3,8477413.0,Sven Andrighetto,2015.0,2808.5833333333335,False
2013,87,ANA,Keaton Thompson,D,D,keaton thompson,3,,,,,False
2013,88,LAK-EDM,Anton Slepyshev,LW,F,anton slepyshev,3,8477415.0,Anton Slepyshev,2016.0,1141.8166666666666,False
2013,89,PIT-CBJ,Oliver Bjorkstrand,RW,F,oliver bjorkstrand,3,8477416.0,Oliver Bjorkstrand,2016.0,10856.516666666666,False
2013,90,BOS,Peter Cehlarik,LW,F,peter cehlarik,3,8477417.0,Peter Cehlarik,2017.0,522.25,False
2013,91,CHI-WPG,JC Lipon,RW,F,jc lipon,3,8477076.0,JC Lipon,2016.0,62.7,False
2013,93,COL,Mason Geertsen,D,D,mason geertsen,3,,Mason Geertsen,,,False
2013,94,TBL-STL-EDM,Jackson Houck,RW,F,jackson houck,3,,,,,False
2013,95,NSH,Felix Girard,C,F,felix girard,3,,,,,False
2013,96,CAR-LAK-EDM,Kyle Platzer,C,F,kyle platzer,3,,,,,False
2013,97,CGY-FLA,Michael Downing,D,D,michael downing,3,,,,,False
2013,98,EDM-FLA,Matt Buckles,C,F,matt buckles,3,,,,,False
2013,100,NJD,Miles Wood,LW,F,miles wood,3,8477425.0,Miles Wood,2016.0,7350.65,False
2013,101,DAL,Nick Paul,LW,F,nick paul,3,8477426.0,Nick Paul,2016.0,8250.383333333333,False
2013,102,PHI-TBL-OTT,Tobias Lindberg,RW,F,tobias lindberg,3,8477427.0,Tobias Lindberg,2016.0,95.03333333333332,False
2013,103,PHX-CBJ-PHI-LAK,Justin Auger,RW,F,justin auger,3,8477428.0,Justin Auger,2018.0,15.983333333333333,False
2013,104,WPG,Andrew Copp,C,F,andrew copp,3,8477429.0,Andrew Copp,2015.0,11789.766666666666,False
2013,105,CBJ,Nick Moutrey,C/LW,F,nick moutrey,3,,,,,False
2013,107,MIN,Dylan Labbe,D,D,dylan labbe,3,,,,,False
2013,108,OTT,Ben Harpur,D,D,ben harpur,3,8477433.0,Ben Harpur,2016.0,3093.95,False
2013,109,DET,David Pope,LW,F,david pope,3,,,,,False
2013,110,NYR,Ryan Graves,D,D,ryan graves,3,8477435.0,Ryan Graves,2019.0,8269.616666666667,False
2013,111,SJS-CHI-SJS-CHI,Robin Norell,D,D,robin norell,3,,,,,False
2013,112,TOR-NSH-STL,Zach Pochiro,LW,F,zach pochiro,3,,,,,False
2013,113,STL-EDM,Aidan Muir,LW/RW,F,aidan muir,3,,,,,False
2013,114,WSH-WPG,Jan Kostalek,D,D,jan kostalek,3,,,,,False
2013,115,VAN,Jordan Subban,D,D,jordan subban,3,,,,,False
2013,116,MTL,Martin Reway,LW,F,martin reway,3,,,,,False
2013,118,LAK,Hudson Fasching,RW,F,hudson fasching,3,8477392.0,Hudson Fasching,2016.0,2019.35,False
2013,119,PIT,Ryan Segalla,D,D,ryan segalla,3,,,,,False
2013,120,BOS,Ryan Fitzgerald,C,F,ryan fitzgerald,3,,,,,False
2013,121,CHI,Tyler Motte,C,F,tyler motte,3,8477353.0,Tyler Motte,2017.0,5736.033333333333,False
2013,122,FLA,Christopher Clapperton,LW,F,christopher clapperton,3,,,,,False
2013,123,COL,Will Butcher,D,D,will butcher,3,8477355.0,Will Butcher,2018.0,4850.6,False
2013,125,NSH,Saku Maenalanen,RW,F,saku maenalanen,3,8477357.0,Saku Maenalanen,2019.0,983.2166666666667,False
2013,126,CAR,Brent Pedersen,LW,F,brent pedersen,3,,,,,False
2013,127,CGY-WSH-WPG,Tucker Poolman,D,D,tucker poolman,3,8477359.0,Tucker Poolman,2018.0,2732.95,False
2013,128,EDM,Evan Campbell,LW,F,evan campbell,3,,,,,False
2013,130,NJD-LAK-FLA-BUF,Gustav Possler,RW,F,gustav possler,3,,,,,False
2013,131,DAL,Cole Ully,LW,F,cole ully,3,,,,,False
2013,132,PHI,Terrance Amorosa,D,D,terrance amorosa,3,,,,,False
2013,133,PHX,Connor Clifton,D,D,connor clifton,3,8477365.0,Connor Clifton,2019.0,7257.35,False
2013,134,WPG-CHI,Luke Johnson,C,F,luke johnson,3,8477366.0,Luke Johnson,2019.0,338.3833333333333,False
2013,135,CBJ-CGY,Eric Roy,D,D,eric roy,3,,,,,False
2013,136,NYI,Viktor Crus Rydberg,C,F,viktor crus rydberg,3,,,,,False
2013,137,MIN,Carson Soucy,D,D,carson soucy,3,8477369.0,Carson Soucy,2018.0,7368.416666666667,False
2013,138,OTT,Vincent Dunn,C,F,vincent dunn,3,,,,,False
2013,139,DET,Mitch Wheaton,D,D,mitch wheaton,3,,,,,False
2013,140,NYR-NSH,Teemu Kivihalme,D,D,teemu kivihalme,3,,,,,False
2013,141,SJS,Michael Brodzinski,D,D,michael brodzinski,3,,,,,False
2013,142,TOR,Fabrice Herzog,RW,F,fabrice herzog,3,,,,,False
2013,143,STL-BUF,Anthony Florentino,D,D,anthony florentino,3,,,,,False
2013,144,WSH,Blake Heinrich,D,D,blake heinrich,3,,,,,False
2013,145,VAN,Anton Cederholm,D,D,anton cederholm,3,,,,,False
2013,147,ANA,Grant Besse,RW,F,grant besse,3,,,,,False
2013,148,LAK,Jonny Brodzinski,C,F,jonny brodzinski,3,8477380.0,Jonny Brodzinski,2017.0,2855.666666666667,False
2013,149,PIT-DAL,Matej Paulovic,LW,F,matej paulovic,3,,,,,False
2013,150,BOS,Wiley Sherman,D,D,wiley sherman,3,,,,,False
2013,151,CHI-SJS,Gage Ausmus,D,D,gage ausmus,3,,,,,False
2013,152,FLA,Joshua Brown,D,D,joshua brown,3,,,,,False
2013,153,COL,Ben Storm,D,D,ben storm,3,,,,,False
2013,154,TBL,Henri Ikonen,LW,F,henri ikonen,3,,,,,False
2013,155,NSH,Emil Pettersson,C,F,emil pettersson,3,,,,,False
2013,156,CAR,Tyler Ganly,D,D,tyler ganly,3,,,,,False
2013,157,CGY,Tim Harrison,RW,F,tim harrison,3,,,,,False
2013,158,EDM,Ben Betker,D,D,ben betker,3,,,,,False
2013,159,BUF,Sean Malone,C,F,sean malone,3,8477391.0,Sean Malone,2017.0,22.833333333333332,False
2013,160,NJD,Myles Bell,LW,F,myles bell,3,,,,,False
2013,161,DAL-OTT,Chris Leblanc,RW,F,chris leblanc,3,,,,,False
2013,164,WPG-PIT,Dane Birks,D,D,dane birks,3,,,,,False
2013,165,CBJ,Markus Soberg,RW,F,markus soberg,3,,,,,False
2013,166,NYI,Alan Quine,C,F,alan quine,3,8476409.0,Alan Quine,2016.0,1256.4833333333333,False
2013,167,MIN,Avery Peterson,C,F,avery peterson,3,,,,,False
2013,168,OTT,Quentin Shore,C,F,quentin shore,3,,,,,False
2013,169,DET,Marc McNulty,D,D,marc mcnulty,3,,,,,False
2013,171,SJS-NSH,Tommy Veilleux,LW,F,tommy veilleux,3,,,,,False
2013,173,STL,Santeri Saari,D,D,santeri saari,3,,,,,False
2013,174,WSH,Brian Pinho,C,F,brian pinho,3,8477314.0,Brian Pinho,2021.0,15.616666666666667,False
2013,175,VAN,Mike Williamson,D,D,mike williamson,3,,,,,False
2013,176,MTL,Jeremy Grégoire,C,F,jeremy gregoire,3,,,,,False
2013,177,ANA,Miro Aaltonen,C,F,miro aaltonen,3,,,,,False
2013,178,LAK,Zachary Leslie,D,D,zachary leslie,3,,,,,False
2013,179,PIT,Blaine Byron,C,F,blaine byron,3,,,,,False
2013,180,BOS,Anton Blidh,LW,F,anton blidh,3,8477320.0,Anton Blidh,2017.0,850.9666666666667,False
2013,181,CHI,Anthony Louis,C,F,anthony louis,3,,,,,False
2013,182,FLA-DAL,Aleksi Makela,D,D,aleksi makela,3,,,,,False
2013,183,COL,Wilhelm Westlund,D,D,wilhelm westlund,3,,,,,False
2013,184,TBL,Saku Salminen,C,F,saku salminen,3,,,,,False
2013,185,NSH,Wade Murphy,RW,F,wade murphy,3,,,,,False
2013,186,CAR-TBL,Joel Vermin,RW,F,joel vermin,3,8477326.0,Joel Vermin,2016.0,251.5166666666667,False
2013,187,CGY,Rushan Rafikov,D,D,rushan rafikov,3,,,,,False
2013,188,EDM,Gregory Chase,C/RW,F,gregory chase,3,,,,,False
2013,189,BUF,Eric Locke,C,F,eric locke,3,,,,,False
2013,190,NJD-WPG,Brenden Kichton,D,D,brenden kichton,3,,,,,False
2013,191,DAL-LAK,Dominik Kubalik,LW,F,dominik kubalik,3,8477330.0,Dominik Kubalik,2020.0,5078.8,False
2013,192,PHI,David Drake,D,D,david drake,3,,,,,False
2013,193,PHX,Jedd Soleway,C,F,jedd soleway,3,,,,,False
2013,194,WPG,Marcus Karlstrom,D,D,marcus karlstrom,3,,,,,False
2013,195,CBJ,Peter Quenneville,C/RW,F,peter quenneville,3,,,,,False
2013,196,NYI,Kyle Burroughs,D,D,kyle burroughs,3,8477335.0,Kyle Burroughs,2021.0,3082.8,False
2013,197,MIN,Nolan De Jong,D,D,nolan de jong,3,,,,,False
2013,198,OTT-CHI-CGY,John Gilmour,D,D,john gilmour,3,8477337.0,John Gilmour,2018.0,629.35,False
2013,199,DET,Hampus Melen,RW,F,hampus melen,3,,,,,False
2013,201,SJS,Jacob Jackson,C,F,jacob jackson,3,,,,,False
2013,202,TOR,Andreas Johnsson,LW,F,andreas johnsson,3,8477341.0,Andreas Johnsson,2018.0,3669.3,False
2013,204,WSH,Tyler Lewington,D,D,tyler lewington,3,8477343.0,Tyler Lewington,2019.0,141.75,False
2013,205,VAN,Miles Liberati,D,D,miles liberati,3,,,,,False
2013,206,MTL-FLA,MacKenzie Weegar,D,D,mackenzie weegar,3,8477346.0,MacKenzie Weegar,2017.0,13271.849999999999,False
2013,207,ANA-COL-SJS,Emil Galimov,LW,F,emil galimov,3,,,,,False
2013,209,PIT,Troy Josephs,C,F,troy josephs,3,,,,,False
2013,210,BOS,Mitchell Dempsey,LW,F,mitchell dempsey,3,,,,,False
2013,211,CHI,Robin Press,D,D,robin press,3,,,,,False
2014,1,FLA,Aaron Ekblad,D,D,aaron ekblad,0,8477932.0,Aaron Ekblad,2015.0,18295.683333333334,False
2014,2,BUF,Sam Reinhart,C,F,sam reinhart,0,8477933.0,Sam Reinhart,2015.0,15871.35,False
2014,3,EDM,Leon Draisaitl,C,F,leon draisaitl,0,8477934.0,Leon Draisaitl,2015.0,17636.033333333333,False
2014,4,CGY,Sam Bennett,C,F,sam bennett,0,8477935.0,Sam Bennett,2015.0,12035.916666666666,False
2014,5,NYI,Michael Dal Colle,LW,F,michael dal colle,0,8477936.0,Michael Dal Colle,2018.0,1343.1333333333334,False
2014,6,VAN,Jake Virtanen,RW,F,jake virtanen,0,8477937.0,Jake Virtanen,2016.0,4032.166666666667,False
2014,7,CAR,Haydn Fleury,D,D,haydn fleury,0,8477938.0,Haydn Fleury,2018.0,5313.433333333333,False
2014,8,TOR,William Nylander,C/RW,F,william nylander,0,8477939.0,William Nylander,2016.0,13440.616666666667,False
2014,9,WPG,Nikolaj Ehlers,LW,F,nikolaj ehlers,0,8477940.0,Nikolaj Ehlers,2016.0,12431.3,False
2014,10,OTT-ANA,Nick Ritchie,LW,F,nick ritchie,0,8477941.0,Nick Ritchie,2016.0,6567.216666666667,False
2014,11,NSH,Kevin Fiala,LW,F,kevin fiala,1,8477942.0,Kevin Fiala,2015.0,11857.283333333333,False
2014,12,UTA,Brendan Perlini,LW,F,brendan perlini,1,8477943.0,Brendan Perlini,2017.0,3315.2833333333333,False
2014,13,WSH,Jakub Vrana,LW/RW,F,jakub vrana,1,8477944.0,Jakub Vrana,2017.0,5481.8,False
2014,14,DAL,Julius Honka,D,D,julius honka,1,8477945.0,Julius Honka,2017.0,1199.5333333333333,False
2014,15,DET,Dylan Larkin,C,F,dylan larkin,1,8477946.0,Dylan Larkin,2016.0,15761.866666666667,False
2014,16,CBJ,Sonny Milano,LW,F,sonny milano,1,8477947.0,Sonny Milano,2016.0,4330.9,False
2014,17,PHI,Travis Sanheim,D,D,travis sanheim,1,8477948.0,Travis Sanheim,2018.0,14340.633333333333,False
2014,18,MIN,Alex Tuch,RW,F,alex tuch,1,8477949.0,Alex Tuch,2017.0,10907.916666666668,False
2014,19,TBL,Tony DeAngelo,D,D,tony deangelo,1,8477950.0,Tony DeAngelo,2017.0,9304.9,False
2014,20,SJS-CHI,Nick Schmaltz,C,F,nick schmaltz,1,8477951.0,Nick Schmaltz,2017.0,11963.966666666667,False
2014,21,STL,Robby Fabbri,C,F,robby fabbri,1,8477952.0,Robby Fabbri,2016.0,6913.7,False
2014,22,PIT,Kasperi Kapanen,RW,F,kasperi kapanen,1,8477953.0,Kasperi Kapanen,2016.0,8148.966666666666,False
2014,24,ANA-VAN,Jared McCann,C,F,jared mccann,1,8477955.0,Jared McCann,2016.0,10927.516666666666,False
2014,25,BOS,David Pastrnak,RW,F,david pastrnak,1,8477956.0,David Pastrnak,2015.0,15453.466666666667,False
2014,26,MTL,Nikita Scherbak,RW,F,nikita scherbak,1,8477957.0,Nikita Scherbak,2017.0,463.3666666666667,False
2014,27,CHI-SJS,Nikolay Goldobin,RW,F,nikolay goldobin,1,8477958.0,Nikolay Goldobin,2016.0,1680.6166666666666,False
2014,28,NYR-TBL-NYI,Joshua Ho-Sang,C/RW,F,joshua ho sang,1,8477959.0,Joshua Ho-Sang,2017.0,804.9666666666666,False
2014,29,LAK,Adrian Kempe,LW,F,adrian kempe,1,8477960.0,Adrian Kempe,2017.0,12168.75,False
2014,30,NJD,John Quenneville,C,F,john quenneville,1,8477961.0,John Quenneville,2017.0,504.0666666666666,False
2014,31,BUF,Brendan Lemieux,LW,F,brendan lemieux,2,8477962.0,Brendan Lemieux,2018.0,3147.883333333333,False
2014,32,FLA,Jayce Hawryluk,C,F,jayce hawryluk,2,8477963.0,Jayce Hawryluk,2019.0,974.0999999999999,False
2014,33,EDM-STL,Ivan Barbashev,C/LW,F,ivan barbashev,2,8477964.0,Ivan Barbashev,2017.0,9868.75,False
2014,35,NYI-TBL,Dominik Masin,D,D,dominik masin,2,,,,,False
2014,38,TOR-ANA,Marcus Pettersson,D,D,marcus pettersson,2,8477969.0,Marcus Pettersson,2018.0,11647.95,False
2014,40,OTT,Andreas Englund,D,D,andreas englund,2,8477971.0,Andreas Englund,2017.0,2509.883333333333,False
2014,41,NJD,Josh Jacobs,D,D,josh jacobs,2,8477972.0,Josh Jacobs,2019.0,48.08333333333333,False
2014,42,NSH,Vladislav Kamenev,LW,F,vladislav kamenev,2,8477973.0,Vladislav Kamenev,2017.0,595.2666666666667,False
2014,43,UTA,Ryan MacInnis,C,F,ryan macinnis,2,8477974.0,Ryan MacInnis,2020.0,263.1,False
2014,44,WSH-BUF,Eric Cornel,C,F,eric cornel,2,,,,,False
2014,45,DAL,Brett Pollock,LW,F,brett pollock,2,,,,,False
2014,46,DET-NSH-SJS,Julius Bergman,D,D,julius bergman,2,,,,,False
2014,47,CBJ,Ryan Collins,D,D,ryan collins,2,,,,,False
2014,48,PHI,Nicolas Aube-Kubel,RW,F,nicolas aube kubel,2,8477979.0,Nicolas Aube-Kubel,2019.0,3350.633333333333,False
2014,49,MIN-BUF,Vaclav Karabacek,RW,F,vaclav karabacek,2,,,,,False
2014,50,TBL-VAN-LAK,Roland McKeown,D,D,roland mckeown,2,8477981.0,Roland McKeown,2018.0,211.96666666666664,False
2014,51,SJS-NSH,Jack Dougherty,D,D,jack dougherty,2,,,,,False
2014,52,STL,Maxim Letunov,C,F,maxim letunov,2,8477983.0,Maxim Letunov,2020.0,27.233333333333334,False
2014,53,PIT-SJS,Noah Rod,RW,F,noah rod,2,,,,,False
2014,54,COL-CGY,Hunter Smith,RW,F,hunter smith,2,,,,,False
2014,55,ANA,Brandon Montour,D,D,brandon montour,2,8477986.0,Brandon Montour,2017.0,14255.233333333334,False
2014,56,BOS,Ryan Donato,C,F,ryan donato,2,8477987.0,Ryan Donato,2018.0,7642.066666666667,False
2014,57,MTL-NYI-TBL,Johnathan MacLeod,D,D,johnathan macleod,2,,,,,False
2014,58,CHI-ARI,Christian Dvorak,LW,F,christian dvorak,2,8477989.0,Christian Dvorak,2017.0,10190.016666666666,False
2014,60,LAK-BUF-LAK,Alex Lintuniemi,D,D,alex lintuniemi,2,,,,,False
2014,62,FLA-CHI-SJS-NSH,Justin Kirkland,LW,F,justin kirkland,3,,Justin Kirkland,,,False
2014,63,EDM-LAK-CBJ-DET,Dominic Turgeon,C,F,dominic turgeon,3,8477994.0,Dominic Turgeon,2018.0,96.51666666666667,False
2014,64,CGY,Brandon Hickey,D,D,brandon hickey,3,,,,,False
2014,65,NYI-FLA,Juho Lammikko,RW,F,juho lammikko,3,8477996.0,Juho Lammikko,2019.0,2070.0,False
2014,66,VAN,Nikita Tryamkin,D,D,nikita tryamkin,3,8477997.0,Nikita Tryamkin,2016.0,1332.6,False
2014,67,CAR,Warren Foegele,LW,F,warren foegele,3,8477998.0,Warren Foegele,2018.0,7960.799999999999,False
2014,68,TOR,Rinat Valiev,D,D,rinat valiev,3,8477642.0,Rinat Valiev,2016.0,146.11666666666667,False
2014,69,WPG,Jack Glover,D,D,jack glover,3,,,,,False
2014,70,OTT,Miles Gendron,D,D,miles gendron,3,,,,,False
2014,71,NJD,Connor Chatham,RW,F,connor chatham,3,,,,,False
2014,72,NSH-SJS,Alex Schoenborn,RW,F,alex schoenborn,3,,,,,False
2014,73,ARI-MTL,Brett Lernout,D,D,brett lernout,3,8478004.0,Brett Lernout,2016.0,345.53333333333336,False
2014,74,WSH-BUF,Brycen Martin,D,D,brycen martin,3,,,,,False
2014,75,DAL,Alexander Peters,D,D,alexander peters,3,,,,,False
2014,77,CBJ,Blake Siebenaler,D,D,blake siebenaler,3,,,,,False
2014,79,MIN-TBL,Brayden Point,C,F,brayden point,3,8478010.0,Brayden Point,2017.0,13702.75,False
2014,80,TBL-MIN,Louie Belpedio,D,D,louie belpedio,3,8478011.0,Louie Belpedio,2018.0,214.45,False
2014,81,SJS,Dylan Sadowy,LW,F,dylan sadowy,3,,,,,False
2014,82,STL,Jake Walman,D,D,jake walman,3,8478013.0,Jake Walman,2020.0,6035.033333333334,False
2014,83,PIT-CGY-CHI,Matheson Iacopelli,RW,F,matheson iacopelli,3,,,,,False
2014,84,COL,Kyle Wood,D,D,kyle wood,3,,,,,False
2014,85,ANA-VAN-NYR,Keegan Iverson,C/RW,F,keegan iverson,3,,,,,False
2014,86,BOS-PHI,Mark Friedman,D,D,mark friedman,3,8478017.0,Mark Friedman,2019.0,1222.3166666666666,False
2014,87,MTL-ARI,Anton Karlsson,RW,F,anton karlsson,3,,,,,False
2014,88,CHI,Beau Starrett,C/LW,F,beau starrett,3,,,,,False
2014,89,NYR-WSH,Nathan Walker,LW,F,nathan walker,3,8477573.0,Nathan Walker,2018.0,3117.0,False
2014,90,LAK,Michael Amadio,C,F,michael amadio,3,8478020.0,Michael Amadio,2018.0,6774.45,False
2014,91,BUF-MIN-EDM,William Lagesson,D,D,william lagesson,3,8478021.0,William Lagesson,2020.0,1471.6666666666665,False
2014,92,FLA,Joe Wegwerth,RW,F,joe wegwerth,3,,,,,False
2014,93,EDM-TOR-COL,Nick Magyar,RW,F,nick magyar,3,,,,,False
2014,96,VAN-CAR,Josh Wesley,D,D,josh wesley,3,,,,,False
2014,97,CAR,Lucas Wallmark,C,F,lucas wallmark,3,8478027.0,Lucas Wallmark,2017.0,2471.416666666667,False
2014,98,TOR-CHI,Fredrik Olofsson,LW,F,fredrik olofsson,3,,Fredrik Olofsson,,,False
2014,99,WPG,Chase De Leo,C,F,chase de leo,3,8478029.0,Chase De Leo,2016.0,59.78333333333333,False
2014,100,OTT,Shane Eiserman,C/LW,F,shane eiserman,3,,,,,False
2014,101,NJD-WPG,Nelson Nogier,D,D,nelson nogier,3,8478031.0,Nelson Nogier,2017.0,127.23333333333333,False
2014,102,NSH-SJS,Alexis Vanier,D,D,alexis vanier,3,,,,,False
2014,103,ARI-TOR,John Piccinich,RW,F,john piccinich,3,,,,,False
2014,104,WSH-NYR,Ryan Mantha,RW,F,ryan mantha,3,,,,,False
2014,105,DAL,Michael Prapavessis,D,D,michael prapavessis,3,,,,,False
2014,106,DET,Christoffer Ehn,C,F,christoffer ehn,3,8478036.0,Christoffer Ehn,2019.0,1197.5666666666666,False
2014,107,CBJ,Julien Pelletier,LW,F,julien pelletier,3,,,,,False
2014,108,PHI-NYI,Devon Toews,D,D,devon toews,3,8478038.0,Devon Toews,2019.0,12554.65,False
2014,110,TBL-STL,Austin Poganski,RW,F,austin poganski,3,8478040.0,Austin Poganski,2020.0,192.86666666666667,False
2014,112,STL-NSH,Viktor Arvidsson,LW,F,viktor arvidsson,3,8478042.0,Viktor Arvidsson,2015.0,11127.816666666668,False
2014,113,PIT,Sam Lafferty,C/LW,F,sam lafferty,3,8478043.0,Sam Lafferty,2020.0,4375.766666666666,False
2014,114,COL,Alexis Pepin,LW,F,alexis pepin,3,,,,,False
2014,116,BOS,Danton Heinen,C/LW,F,danton heinen,3,8478046.0,Danton Heinen,2017.0,8243.55,False
2014,117,MTL-ARI,Michael Bunting,LW,F,michael bunting,3,8478047.0,Michael Bunting,2019.0,6440.983333333334,False
2014,119,NYR-TBL,Ben Thomas,D,D,ben thomas,3,8478049.0,Ben Thomas,2021.0,71.18333333333334,False
2014,120,LAK,Steven Johnson,D,D,steven johnson,3,,,,,False
2014,121,BUF,Max Willman,C,F,max willman,3,8478051.0,Max Willman,2022.0,713.2833333333333,False
2014,122,FLA-NYR,Richard Nejezchleb,LW,F,richard nejezchleb,3,,,,,False
2014,123,EDM-ANA,Matthew Berkovitz,D,D,matthew berkovitz,3,,,,,False
2014,124,CGY-STL,Jaedon Descheneau,RW,F,jaedon descheneau,3,,,,,False
2014,125,NYI-MTL,Nikolas Koberstein,D,D,nikolas koberstein,3,,,,,False
2014,126,VAN,Gustav Forsling,D,D,gustav forsling,3,8478055.0,Gustav Forsling,2017.0,11763.699999999999,False
2014,127,CAR,Clark Bishop,C,F,clark bishop,3,8478056.0,Clark Bishop,2019.0,469.4166666666667,False
2014,128,TOR,Dakota Joshua,C,F,dakota joshua,3,8478057.0,Dakota Joshua,2021.0,3591.2833333333333,False
2014,129,WPG,CJ Suess,LW,F,cj suess,3,8478058.0,CJ Suess,2020.0,29.4,False
2014,130,OTT-EDM,Liam Coughlin,C/LW,F,liam coughlin,3,,,,,False
2014,131,NJD,Ryan Rehill,D,D,ryan rehill,3,,,,,False
2014,132,NSH,Joonas Lyytinen,D,D,joonas lyytinen,3,,,,,False
2014,133,UTA,Dysin Mayo,D,D,dysin mayo,3,8478062.0,Dysin Mayo,2022.0,1602.0333333333333,False
2014,134,WSH,Shane Gersich,C/LW,F,shane gersich,3,8478063.0,Shane Gersich,2018.0,27.05,False
2014,135,DAL,Miro Karjalainen,D,D,miro karjalainen,3,,,,,False
2014,137,CBJ-EDM-CBJ,Tyler Bird,RW,F,tyler bird,3,,,,,False
2014,138,PHI,Oskar Lindblom,LW,F,oskar lindblom,3,8478067.0,Oskar Lindblom,2018.0,4509.833333333333,False
2014,139,MIN,Tanner Faith,D,D,tanner faith,3,,,,,False
2014,140,TBL-NYR,Daniel Walcott,D,D,daniel walcott,3,,,,,False
2014,141,SJS-CHI,Luc Snuggerud,D,D,luc snuggerud,3,,,,,False
2014,142,STL-TBL-NYR,Tyler Nanne,D,D,tyler nanne,3,,,,,False
2014,143,PIT-FLA,Miguel Fidler,LW,F,miguel fidler,3,,,,,False
2014,144,COL,Anton Lindholm,D,D,anton lindholm,3,8478073.0,Anton Lindholm,2017.0,857.0500000000001,False
2014,145,ANA-PIT,Anthony Angello,C,F,anthony angello,3,8478074.0,Anthony Angello,2020.0,223.95,False
2014,146,BOS,Anders Bjork,LW,F,anders bjork,3,8478075.0,Anders Bjork,2018.0,2871.866666666667,False
2014,147,MTL,Daniel Audette,C,F,daniel audette,3,,,,,False
2014,148,CHI,Andreas Soderberg,D,D,andreas soderberg,3,,,,,False
2014,149,NYR-SJS,Rourke Chartier,C,F,rourke chartier,3,8478078.0,Rourke Chartier,2019.0,581.8333333333333,False
2014,151,BUF,Christopher Brown,C,F,christopher brown,3,,,,,False
2014,152,FLA-NJD,Joey Dudek,C,F,joey dudek,3,,,,,False
2014,153,EDM,Tyler Vesel,C,F,tyler vesel,3,,,,,False
2014,154,CGY-DAL,Aaron Haydon,D,D,aaron haydon,3,,,,,False
2014,155,NYI,Kyle Schempp,C,F,kyle schempp,3,,,,,False
2014,156,VAN,Kyle Pettit,C,F,kyle pettit,3,,,,,False
2014,157,CAR-LAK,Jake Marchment,C,F,jake marchment,3,,,,,False
2014,158,TOR,Nolan Vesey,LW,F,nolan vesey,3,,,,,False
2014,159,WPG-WSH,Steven Spinner,RW,F,steven spinner,3,,,,,False
2014,160,OTT-MIN,Pontus Sjalin,D,D,pontus sjalin,3,,,,,False
2014,161,NJD,Brandon Baddock,LW,F,brandon baddock,3,8477631.0,Brandon Baddock,2022.0,8.4,False
2014,162,NSH,Aaron Irving,D,D,aaron irving,3,,,,,False
2014,163,UTA,David Westlund,D,D,david westlund,3,,,,,False
2014,164,WSH-WPG,Pavel Kraskovsky,C,F,pavel kraskovsky,3,,,,,False
2014,165,DAL,John Nyberg,LW,F,john nyberg,3,,,,,False
2014,166,DET,Julius Vahatalo,LW,F,julius vahatalo,3,,,,,False
2014,167,CBJ-NYR-MIN,Chase Lang,C,F,chase lang,3,,,,,False
2014,168,PHI,Radel Fazleev,C,F,radel fazleev,3,,,,,False
2014,169,MIN,Reid Duke,C,F,reid duke,3,,,,,False
2014,170,TBL,Cristiano Digiacinto,LW,F,cristiano digiacinto,3,,,,,False
2014,171,SJS,Kevin Labanc,RW,F,kevin labanc,3,8478099.0,Kevin Labanc,2017.0,7216.716666666666,False
2014,172,STL,C.J. Yakimowicz,RW,F,c j yakimowicz,3,,,,,False
2014,173,PIT,Jaden Lindo,RW,F,jaden lindo,3,,,,,False
2014,175,ANA-CGY,Adam Ollas Mattsson,D,D,adam ollas mattsson,3,,,,,False
2014,176,BOS-STL,Sammy Blais,LW,F,sammy blais,3,8478104.0,Sammy Blais,2018.0,3084.5499999999997,False
2014,178,CHI,Dylan Sikura,C,F,dylan sikura,3,8478106.0,Dylan Sikura,2018.0,639.65,False
2014,180,LAK,Matthew Mistele,LW,F,matthew mistele,3,,,,,False
2014,181,BUF,Victor Olofsson,RW,F,victor olofsson,3,8478109.0,Victor Olofsson,2019.0,6718.833333333334,False
2014,184,CGY,Austin Carroll,RW,F,austin carroll,3,,,,,False
2014,185,NYI-TBL,Cameron Darcy,C,F,cameron darcy,3,,,,,False
2014,186,VAN,MacKenze Stewart,D,D,mackenze stewart,3,,,,,False
2014,187,CAR,Kyle Jenkins,D,D,kyle jenkins,3,,,,,False
2014,188,TOR,Pierre Engvall,LW,F,pierre engvall,3,8478115.0,Pierre Engvall,2020.0,5013.233333333334,False
2014,189,WPG-OTT,Kelly Summers,D,D,kelly summers,3,,,,,False
2014,190,OTT,Francis Perron,LW,F,francis perron,3,,,,,False
2014,191,NJD-ARI,Jared Fiegl,LW,F,jared fiegl,3,,,,,False
2014,192,NSH-WSH-WPG,Matt Ustaski,C/LW,F,matt ustaski,3,,,,,False
2014,193,UTA,Edgars Kulda,LW,F,edgars kulda,3,,,,,False
2014,194,WSH,Kevin Elgestal,RW,F,kevin elgestal,3,,,,,False
2014,195,DAL,Patrick Sanvido,D,D,patrick sanvido,3,,,,,False
2014,196,DET,Axel Holmstrom,C,F,axel holmstrom,3,,,,,False
2014,197,CBJ,Olivier Leblanc,D,D,olivier leblanc,3,,,,,False
2014,198,PHI,Jesper Pettersson,D,D,jesper pettersson,3,,,,,False
2014,199,MIN,Pavel Jenys,C,F,pavel jenys,3,,,,,False
2014,200,TBL-NYI,Lukas Sutter,C,F,lukas sutter,3,,,,,False
2014,201,SJS-DET,Alexander Kadeykin,C,F,alexander kadeykin,3,,,,,False
2014,202,STL,Dwyer Tschantz,RW,F,dwyer tschantz,3,,,,,False
2014,203,PIT,Jeff Taylor,D,D,jeff taylor,3,,,,,False
2014,204,COL,Julien Nantel,C/LW,F,julien nantel,3,,,,,False
2014,205,ANA-TOR-ANA,Ondrej Kase,RW,F,ondrej kase,3,8478131.0,Ondrej Kase,2017.0,3658.5,False
2014,206,BOS,Emil Johansson,D,D,emil johansson,3,,,,,False
2014,207,MTL,Jake Evans,C/RW,F,jake evans,3,8478133.0,Jake Evans,2020.0,6230.299999999999,False
2014,208,CHI,Jack Ramsey,RW,F,jack ramsey,3,,,,,False
2014,209,NYR-LAK,Spencer Watson,RW,F,spencer watson,3,,,,,False
2014,210,LAK,Jake Middleton,D,D,jake middleton,3,,,,,False
2015,1,EDM,Connor McDavid,C,F,connor mcdavid,0,8478402.0,Connor McDavid,2016.0,17334.816666666666,False
2015,2,BUF,Jack Eichel,C,F,jack eichel,0,8478403.0,Jack Eichel,2016.0,13973.966666666667,False
2015,3,UTA,Dylan Strome,C,F,dylan strome,0,8478440.0,Dylan Strome,2017.0,10065.3,False
2015,4,TOR,Mitch Marner,C,F,mitch marner,0,,,,,False
2015,5,CAR,Noah Hanifin,D,D,noah hanifin,0,8478396.0,Noah Hanifin,2016.0,17216.933333333334,False
2015,6,NJD,Pavel Zacha,C,F,pavel zacha,0,8478401.0,Pavel Zacha,2016.0,11690.7,False
2015,7,PHI,Ivan Provorov,D,D,ivan provorov,0,8478500.0,Ivan Provorov,2017.0,18564.616666666665,False
2015,8,CBJ,Zach Werenski,D,D,zach werenski,0,8478460.0,Zach Werenski,2017.0,15531.216666666667,False
2015,9,SJS,Timo Meier,RW,F,timo meier,0,8478414.0,Timo Meier,2017.0,12082.183333333334,False
2015,10,COL,Mikko Rantanen,RW,F,mikko rantanen,0,8478420.0,Mikko Rantanen,2016.0,14566.033333333333,False
2015,11,FLA,Lawson Crouse,LW,F,lawson crouse,1,8478474.0,Lawson Crouse,2017.0,9949.4,False
2015,12,DAL,Denis Gurianov,RW,F,denis gurianov,1,8478495.0,Denis Gurianov,2017.0,4070.9000000000005,False
2015,13,LAK-BOS,Jakub Zboril,D,D,jakub zboril,1,8478415.0,Jakub Zboril,2019.0,1188.2666666666667,False
2015,14,BOS,Jake DeBrusk,LW,F,jake debrusk,1,8478498.0,Jake DeBrusk,2018.0,10063.7,False
2015,15,CGY-BOS,Zach Senyshyn,RW,F,zach senyshyn,1,8478485.0,Zach Senyshyn,2019.0,150.83333333333334,False
2015,16,PIT-EDM-NYI,Mathew Barzal,C,F,mathew barzal,1,8478445.0,Mathew Barzal,2017.0,11628.083333333334,False
2015,17,WPG,Kyle Connor,LW,F,kyle connor,1,8478398.0,Kyle Connor,2017.0,13769.033333333333,False
2015,18,OTT,Thomas Chabot,D,D,thomas chabot,1,8478469.0,Thomas Chabot,2017.0,13490.466666666667,False
2015,19,DET,Evgeny Svechnikov,LW,F,evgeny svechnikov,1,8478431.0,Evgeny Svechnikov,2017.0,1839.7333333333333,False
2015,20,MIN,Joel Eriksson Ek,C,F,joel eriksson ek,1,8478493.0,Joel Eriksson Ek,2017.0,10563.566666666666,False
2015,21,NYI-BUF-OTT,Colin White,C,F,colin white,1,8478400.0,Colin White,2017.0,4383.366666666667,False
2015,23,VAN,Brock Boeser,RW,F,brock boeser,1,8478444.0,Brock Boeser,2017.0,11574.05,False
2015,24,NSH-TOR-PHI,Travis Konecny,C,F,travis konecny,1,8478439.0,Travis Konecny,2017.0,12605.683333333332,False
2015,25,STL-BUF-WPG,Jack Roslovic,C,F,jack roslovic,1,8478458.0,Jack Roslovic,2017.0,8556.283333333335,False
2015,26,MTL,Noah Juulsen,D,D,noah juulsen,1,8478454.0,Noah Juulsen,2018.0,3243.8999999999996,False
2015,27,ANA,Jacob Larsson,D,D,jacob larsson,1,8478491.0,Jacob Larsson,2017.0,2832.4333333333334,False
2015,28,NYR-TBL-NYI,Anthony Beauvillier,LW,F,anthony beauvillier,1,8478463.0,Anthony Beauvillier,2017.0,10771.066666666666,False
2015,29,TBL-PHI-TOR-CBJ,Gabriel Carlsson,D,D,gabriel carlsson,1,8478506.0,Gabriel Carlsson,2017.0,1023.1166666666666,False
2015,30,CHI-ARI,Nick Merkley,RW,F,nick merkley,1,,,,,False
2015,31,BUF-COL-SJS,Jeremy Roy,D,D,jeremy roy,2,,,,,False
2015,32,UTA,Christian Fischer,RW,F,christian fischer,2,8478432.0,Christian Fischer,2017.0,6683.316666666667,False
2015,33,EDM-NYI-TBL,Mitchell Stephens,C,F,mitchell stephens,2,8478477.0,Mitchell Stephens,2020.0,1236.2666666666667,False
2015,34,TOR-LAK-CBJ-TOR,Travis Dermott,D,D,travis dermott,2,8478408.0,Travis Dermott,2018.0,5509.900000000001,False
2015,35,CAR,Sebastian Aho,RW,F,sebastian aho,2,8478427.0,Sebastian Aho,2017.0,14461.216666666667,False
2015,36,NJD-OTT,Gabriel Gagne,RW,F,gabriel gagne,2,,,,,False
2015,37,PHI-NYI-BOS,Brandon Carlo,D,D,brandon carlo,2,8478443.0,Brandon Carlo,2017.0,13665.733333333334,False
2015,38,CBJ,Paul Bittner,LW,F,paul bittner,2,,,,,False
2015,39,SJS-COL,A.J. Greer,LW,F,a j greer,2,8478421.0,A.J. Greer,2017.0,3181.7833333333333,False
2015,40,COL,Nicolas Meloche,D,D,nicolas meloche,2,8478467.0,Nicolas Meloche,2021.0,910.9166666666666,False
2015,41,FLA-NJD-NYR,Ryan Gropp,LW,F,ryan gropp,2,,,,,False
2015,43,LAK-BUF-LAK,Erik Cernak,D,D,erik cernak,2,8478416.0,Erik Cernak,2019.0,9471.433333333334,False
2015,44,BOS-TBL,Matthew Spencer,D,D,matthew spencer,2,,,,,False
2015,45,CGY-BOS,Jakob Forsbacka Karlsson,C,F,jakob forsbacka karlsson,2,8478417.0,Jakob Forsbacka Karlsson,2017.0,337.6,False
2015,46,PIT,Daniel Sprong,RW,F,daniel sprong,2,8478466.0,Daniel Sprong,2016.0,4474.5,False
2015,47,WPG,Jansen Harkins,C,F,jansen harkins,2,8478424.0,Jansen Harkins,2020.0,2961.9333333333334,False
2015,48,OTT,Filip Chlapik,C,F,filip chlapik,2,8478488.0,Filip Chlapik,2018.0,548.3666666666666,False
2015,49,DET-DAL,Roope Hintz,LW,F,roope hintz,2,8478449.0,Roope Hintz,2019.0,8753.416666666666,False
2015,50,MIN,Jordan Greenway,LW,F,jordan greenway,2,8478413.0,Jordan Greenway,2018.0,6906.366666666667,False
2015,51,NYI-BUF,Brendan Guhle,D,D,brendan guhle,2,8478425.0,Brendan Guhle,2017.0,1094.4499999999998,False
2015,52,WSH-CGY-BOS,Jeremy Lauzon,D,D,jeremy lauzon,2,8478468.0,Jeremy Lauzon,2019.0,6744.733333333334,False
2015,53,VAN-CGY,Rasmus Andersson,D,D,rasmus andersson,2,8478397.0,Rasmus Andersson,2017.0,13467.55,False
2015,54,CHI,Graham Knott,LW,F,graham knott,2,,,,,False
2015,55,NSH,Yakov Trenin,C,F,yakov trenin,2,8478508.0,Yakov Trenin,2020.0,6210.966666666666,False
2015,56,STL,Vince Dunn,D,D,vince dunn,2,8478407.0,Vince Dunn,2018.0,12528.15,False
2015,57,MTL-EDM-NYR-WSH,Jonas Siegenthaler,D,D,jonas siegenthaler,2,8478399.0,Jonas Siegenthaler,2019.0,8439.766666666666,False
2015,58,ANA-CBJ,Kevin Stenlund,C,F,kevin stenlund,2,8478831.0,Kevin Stenlund,2019.0,4900.233333333334,False
2015,59,NYR-ANA,Julius Nattinen,C,F,julius nattinen,2,,,,,False
2015,60,TBL-NYR-ARI-CGY,Oliver Kylington,D,D,oliver kylington,2,8478430.0,Oliver Kylington,2016.0,3379.0666666666666,False
2015,61,CHI-PHI-TOR,Jeremy Bracco,RW,F,jeremy bracco,3,,,,,False
2015,62,BUF-WSH-NYR,Robin Kovacs,RW,F,robin kovacs,3,,,,,False
2015,63,UTA,Kyle Capobianco,D,D,kyle capobianco,3,8478476.0,Kyle Capobianco,2018.0,1512.0166666666667,False
2015,64,EDM-ANA-TBL,Dennis Yan,LW,F,dennis yan,3,,,,,False
2015,65,TOR,Andrew Nielsen,D,D,andrew nielsen,3,,,,,False
2015,66,CAR-VAN,Guillaume Brisebois,D,D,guillaume brisebois,3,8478465.0,Guillaume Brisebois,2019.0,432.3833333333334,False
2015,67,NJD,Blake Speers,C,F,blake speers,3,8478480.0,Blake Speers,2017.0,46.766666666666666,False
2015,68,PHI-CBJ-TOR,Martins Dzierkals,LW,F,martins dzierkals,3,,,,,False
2015,69,CBJ,Keegan Kolesar,RW,F,keegan kolesar,3,8478434.0,Keegan Kolesar,2020.0,5141.433333333333,False
2015,71,COL,J.C. Beaudin,C,F,j c beaudin,3,8478833.0,J.C. Beaudin,2020.0,187.28333333333333,False
2015,72,FLA-NYI-TBL,Anthony Cirelli,C,F,anthony cirelli,3,8478519.0,Anthony Cirelli,2018.0,10125.883333333333,False
2015,73,DAL-DET,Vili Saarijarvi,D,D,vili saarijarvi,3,,,,,False
2015,74,LAK,Alexander Dergachyov,C,F,alexander dergachyov,3,,,,,False
2015,78,WPG,Erik Foley,LW,F,erik foley,3,,,,,False
2015,79,OTT-EDM-NYR,Sergey Zborovskiy,D,D,sergey zborovskiy,3,,,,,False
2015,80,DET-CBJ-ANA,Brent Gates Jr.,C,F,brent gates jr,3,,,,,False
2015,81,MIN-ARI,Brendan Warren,LW,F,brendan warren,3,,,,,False
2015,82,NYI,Mitchell Vande Sompel,D,D,mitchell vande sompel,3,,,,,False
2015,83,WSH-CGY-ARI,Jens Looke,RW,F,jens looke,3,,,,,False
2015,84,VAN-ANA,Deven Sideroff,RW,F,deven sideroff,3,,,,,False
2015,85,NSH,Tommy Novak,C,F,tommy novak,3,,,,,False
2015,87,MTL,Lukas Vejdemo,C,F,lukas vejdemo,3,8478838.0,Lukas Vejdemo,2020.0,119.21666666666667,False
2015,88,ANA-FLA,Thomas Schemitsch,D,D,thomas schemitsch,3,,,,,False
2015,89,NYR,Aleksi Saarela,C,F,aleksi saarela,3,8478839.0,Aleksi Saarela,2020.0,110.2,False
2015,91,CHI,Dennis Gilbert,D,D,dennis gilbert,3,8478502.0,Dennis Gilbert,2019.0,1455.5833333333333,False
2015,92,BUF,Will Borgen,D,D,will borgen,3,,,,,False
2015,94,EDM-STL,Adam Musil,C,F,adam musil,3,,,,,False
2015,95,TOR,Jesper Lindgren,D,D,jesper lindgren,3,,,,,False
2015,96,CAR,Nicolas Roy,C,F,nicolas roy,3,8478462.0,Nicolas Roy,2018.0,6583.25,False
2015,97,NJD,Colton White,D,D,colton white,3,8478841.0,Colton White,2019.0,1463.4,False
2015,98,PHI,Samuel Dove-McFalls,LW,F,samuel dove mcfalls,3,,,,,False
2015,99,CBJ-PHI-LAK,Austin Wagner,LW,F,austin wagner,3,8478455.0,Austin Wagner,2019.0,1863.15,False
2015,100,SJS-NSH,Anthony Richard,C,F,anthony richard,3,8478409.0,Anthony Richard,2019.0,429.05,False
2015,101,COL,Andrei Mironov,D,D,andrei mironov,3,8478842.0,Andrei Mironov,2018.0,110.46666666666668,False
2015,102,FLA,Denis Malgin,C,F,denis malgin,3,8478843.0,Denis Malgin,2017.0,3086.333333333333,False
2015,103,DAL,Chris Martenet,D,D,chris martenet,3,,,,,False
2015,104,LAK-PHI,Mikhail Vorobyev,C,F,mikhail vorobyev,3,8478844.0,Mikhail Vorobyev,2019.0,348.3666666666667,False
2015,105,BOS,Jesse Gabrielle,LW,F,jesse gabrielle,3,,,,,False
2015,106,CGY-SJS,Adam Helewka,LW,F,adam helewka,3,,,,,False
2015,107,PIT-TOR-EDM-OTT,Christian Wolanin,D,D,christian wolanin,3,8478846.0,Christian Wolanin,2018.0,1342.6666666666667,False
2015,108,WPG,Michael Spacek,RW,F,michael spacek,3,,,,,False
2015,109,OTT,Filip Ahl,LW,F,filip ahl,3,,,,,False
2015,112,NYI,Parker Wotherspoon,D,D,parker wotherspoon,3,8478450.0,Parker Wotherspoon,2023.0,3491.85,False
2015,113,WSH-NYR,Brad Morrison,C,F,brad morrison,3,,,,,False
2015,114,VAN,Dmitry Zhukenov,C,F,dmitry zhukenov,3,,,,,False
2015,115,NSH,Alexandre Carrier,D,D,alexandre carrier,3,8478851.0,Alexandre Carrier,2017.0,7210.55,False
2015,116,STL,Glenn Gawdin,C,F,glenn gawdin,3,8478446.0,Glenn Gawdin,2021.0,103.31666666666668,False
2015,117,MTL-EDM,Caleb Jones,D,D,caleb jones,3,8478452.0,Caleb Jones,2019.0,4701.15,False
2015,118,ANA-TBL,Jonne Tammela,RW,F,jonne tammela,3,,,,,False
2015,119,NYR,Daniel Bernhardt,RW,F,daniel bernhardt,3,,,,,False
2015,120,TBL,Mathieu Joseph,RW,F,mathieu joseph,3,8478472.0,Mathieu Joseph,2019.0,6113.516666666666,False
2015,121,CHI,Ryan Shea,D,D,ryan shea,3,,Ryan Shea,,,False
2015,122,BUF,Devante Stephens,D,D,devante stephens,3,,,,,False
2015,123,UTA,Conor Garland,RW,F,conor garland,3,8478856.0,Conor Garland,2019.0,8848.933333333334,False
2015,124,EDM,Ethan Bear,D,D,ethan bear,3,8478451.0,Ethan Bear,2018.0,5080.033333333334,False
2015,125,TOR,Dmytro Timashov,LW,F,dmytro timashov,3,8478857.0,Dmytro Timashov,2020.0,382.0333333333333,False
2015,126,CAR,Luke Stevens,LW,F,luke stevens,3,,,,,False
2015,127,NJD-STL,Niko Mikkola,D,D,niko mikkola,3,8478859.0,Niko Mikkola,2020.0,7398.266666666667,False
2015,128,PHI,David Kase,RW,F,david kase,3,8478436.0,David Kase,2020.0,69.63333333333333,False
2015,129,CBJ,Sam Ruopp,D,D,sam ruopp,3,,,,,False
2015,130,SJS,Karlis Cukste,D,D,karlis cukste,3,,,,,False
2015,131,COL-MTL,Matthew Bradley,C,F,matthew bradley,3,,,,,False
2015,132,FLA,Karch Bachman,LW,F,karch bachman,3,,,,,False
2015,133,DAL,Joseph Cecconi,D,D,joseph cecconi,3,,,,,False
2015,134,LAK,Matt Schmalz,RW,F,matt schmalz,3,,,,,False
2015,135,BOS-MIN,Kirill Kaprizov,LW,F,kirill kaprizov,3,8478864.0,Kirill Kaprizov,2021.0,8235.65,False
2015,136,CGY,Pavel Karnaukhov,LW,F,pavel karnaukhov,3,,,,,False
2015,137,PIT,Dominik Simon,C,F,dominik simon,3,8478866.0,Dominik Simon,2016.0,3133.45,False
2015,138,WPG-CAR,Spencer Smallman,RW,F,spencer smallman,3,,,,,False
2015,139,OTT,Christian Jaros,D,D,christian jaros,3,8478868.0,Christian Jaros,2018.0,1227.7166666666665,False
2015,140,DET,Chase Pearson,C,F,chase pearson,3,8478486.0,Chase Pearson,2022.0,20.266666666666666,False
2015,141,MIN-CBJ,Veeti Vainio,D,D,veeti vainio,3,,,,,False
2015,142,NYI-SJS,Rudolfs Balcers,LW,F,rudolfs balcers,3,8478870.0,Rudolfs Balcers,2019.0,2322.55,False
2015,143,WSH,Connor Hobbs,D,D,connor hobbs,3,,,,,False
2015,144,VAN,Carl Neill,D,D,carl neill,3,,,,,False
2015,147,MTL-FLA-NYI,Ryan Pilon,D,D,ryan pilon,3,,,,,False
2015,148,ANA,Troy Terry,C/RW,F,troy terry,3,8478873.0,Troy Terry,2018.0,8547.5,False
2015,149,NYR-VAN,Adam Gaudette,C,F,adam gaudette,3,8478874.0,Adam Gaudette,2018.0,4120.266666666666,False
2015,150,TBL,Ryan Zuhlsdorf,D,D,ryan zuhlsdorf,3,,,,,False
2015,151,CHI,Radovan Bondra,RW,F,radovan bondra,3,,,,,False
2015,152,BUF,Giorgio Estephan,C,F,giorgio estephan,3,,,,,False
2015,154,EDM,John Marino,D,D,john marino,3,8478507.0,John Marino,2020.0,9158.083333333334,False
2015,155,TOR,Stephen Desrocher,D,D,stephen desrocher,3,,,,,False
2015,156,CAR,Jake Massie,D,D,jake massie,3,,,,,False
2015,157,NJD,Brett Seney,LW,F,brett seney,3,8478881.0,Brett Seney,2019.0,693.8333333333334,False
2015,158,PHI,Cooper Marody,C,F,cooper marody,3,8478442.0,Cooper Marody,2019.0,47.53333333333333,False
2015,159,CBJ,Vladislav Gavrikov,D,D,vladislav gavrikov,3,8478882.0,Vladislav Gavrikov,2020.0,11165.966666666667,False
2015,160,SJS,Adam Parsells,D,D,adam parsells,3,,,,,False
2015,161,COL,Sergei Boikov,D,D,sergei boikov,3,,,,,False
2015,162,FLA,Christopher Wilkie,RW,F,christopher wilkie,3,,,,,False
2015,164,LAK-CHI,Roy Radke,RW,F,roy radke,3,,,,,False
2015,165,BOS,Cameron Hughes,C,F,cameron hughes,3,8478888.0,Cameron Hughes,2020.0,47.916666666666664,False
2015,166,CGY,Andrew Mangiapane,LW,F,andrew mangiapane,3,8478233.0,Andrew Mangiapane,2018.0,8114.3,False
2015,167,PIT,Frederik Tiffels,LW,F,frederik tiffels,3,,,,,False
2015,168,WPG,Mason Appleton,C,F,mason appleton,3,8478891.0,Mason Appleton,2019.0,6533.95,False
2015,169,OTT-WPG-CAR,David Cotton,C,F,david cotton,3,,,,,False
2015,170,DET,Patrick Holway,D,D,patrick holway,3,,,,,False
2015,171,MIN,Nicholas Boka,D,D,nicholas boka,3,,,,,False
2015,172,NYI,Andong Song,D,D,andong song,3,,,,,False
2015,173,WSH,Colby Williams,D,D,colby williams,3,,,,,False
2015,174,VAN,Lukas Jasek,RW,F,lukas jasek,3,,,,,False
2015,175,NSH,Tyler Moy,C,F,tyler moy,3,,,,,False
2015,176,STL,Liam Dunda,LW,F,liam dunda,3,,,,,False
2015,177,MTL,Simon Bourque,D,D,simon bourque,3,,,,,False
2015,178,ANA,Steven Ruggiero,D,D,steven ruggiero,3,,,,,False
2015,180,TBL,Bokondji Imama,LW,F,bokondji imama,3,8478147.0,Bokondji Imama,2022.0,194.95,False
2015,181,CHI,Joni Tuulola,D,D,joni tuulola,3,,,,,False
2015,182,BUF,Ivan Chukarov,D,D,ivan chukarov,3,,,,,False
2015,185,TOR,Nikita Korostelev,RW,F,nikita korostelev,3,,,,,False
2015,186,CAR,Steven Lorentz,C/LW,F,steven lorentz,3,8478904.0,Steven Lorentz,2021.0,4166.55,False
2015,187,NJD-LAK,Chaz Reddekopp,D,D,chaz reddekopp,3,,,,,False
2015,189,CBJ,Markus Nutivaara,D,D,markus nutivaara,3,8478906.0,Markus Nutivaara,2017.0,4340.45,False
2015,190,SJS,Marcus Vela,C,F,marcus vela,3,,,,,False
2015,191,COL,Gustav Olhaver,C,F,gustav olhaver,3,,,,,False
2015,192,FLA,Patrick Shea,C,F,patrick shea,3,,,,,False
2015,194,LAK,Matt Roy,LW,F,matt roy,3,,,,,False
2015,195,BOS,Jack Becker,C,F,jack becker,3,,,,,False
2015,196,CGY,Riley Bruce,D,D,riley bruce,3,,,,,False
2015,197,PIT,Nikita Pavlychev,C,F,nikita pavlychev,3,,,,,False
2015,198,WPG,Sami Niku,D,D,sami niku,3,8478915.0,Sami Niku,2018.0,984.2333333333333,False
2015,200,DET,Adam Marsh,LW,F,adam marsh,3,,,,,False
2015,201,MIN,Gustav Bouramman,D,D,gustav bouramman,3,,,,,False
2015,202,NYI,Petter Hansson,D,D,petter hansson,3,,,,,False
2015,203,WSH-WPG,Matteo Gennaro,C,F,matteo gennaro,3,,,,,False
2015,204,VAN-TBL-MIN,Jack Sadek,D,D,jack sadek,3,,,,,False
2015,207,MTL,Jeremiah Addison,LW,F,jeremiah addison,3,,,,,False
2015,209,NYR-TBL-NYR-EDM,Ziyat Paigin,D,D,ziyat paigin,3,,,,,False
2015,210,TBL-NYI-SJS-VAN,Tate Olson,D,D,tate olson,3,,,,,False
2015,211,CHI,John Dahlstrom,RW,F,john dahlstrom,3,,,,,False
2016,1,TOR,Auston Matthews,C,F,auston matthews,0,8479318.0,Auston Matthews,2017.0,13739.766666666666,False
2016,2,WPG,Patrik Laine,RW,F,patrik laine,0,8479339.0,Patrik Laine,2017.0,9374.4,False
2016,3,CBJ,Pierre-Luc Dubois,LW,F,pierre luc dubois,0,8479400.0,Pierre-Luc Dubois,2018.0,10828.333333333334,False
2016,4,EDM,Jesse Puljujarvi,RW,F,jesse puljujarvi,0,8479344.0,Jesse Puljujarvi,2017.0,5090.633333333333,False
2016,5,VAN,Olli Juolevi,D,D,olli juolevi,0,8479355.0,Olli Juolevi,2021.0,533.3833333333333,False
2016,6,CGY,Matthew Tkachuk,LW,F,matthew tkachuk,0,8479314.0,Matthew Tkachuk,2017.0,12060.883333333333,False
2016,7,UTA,Clayton Keller,C,F,clayton keller,0,8479343.0,Clayton Keller,2017.0,12752.9,False
2016,8,BUF,Alex Nylander,LW,F,alex nylander,0,,,,,False
2016,9,MTL,Mikhail Sergachev,D,D,mikhail sergachev,0,8479410.0,Mikhail Sergachev,2017.0,13478.25,False
2016,10,COL,Tyson Jost,C,F,tyson jost,0,8479370.0,Tyson Jost,2017.0,7242.016666666666,False
2016,11,NJD-OTT,Logan Brown,C,F,logan brown,1,8479366.0,Logan Brown,2018.0,1041.05,False
2016,12,OTT-NJD,Michael McLeod,C,F,michael mcleod,1,8479415.0,Michael McLeod,2019.0,3735.866666666667,False
2016,13,CAR,Jake Bean,D,D,jake bean,1,8479402.0,Jake Bean,2019.0,4621.933333333333,False
2016,14,BOS,Charlie McAvoy,D,D,charlie mcavoy,1,8479325.0,Charlie McAvoy,2018.0,13491.833333333334,False
2016,15,MIN,Luke Kunin,C,F,luke kunin,1,8479316.0,Luke Kunin,2018.0,7049.433333333333,False
2016,16,DET-ARI,Jakob Chychrun,D,D,jakob chychrun,1,8479345.0,Jakob Chychrun,2017.0,13356.083333333334,False
2016,17,NSH,Dante Fabbro,D,D,dante fabbro,1,8479371.0,Dante Fabbro,2019.0,8238.0,False
2016,18,PHI-WPG,Logan Stanley,D,D,logan stanley,1,8479378.0,Logan Stanley,2021.0,4252.133333333333,False
2016,19,NYI,Kieffer Bellows,LW,F,kieffer bellows,1,8479356.0,Kieffer Bellows,2020.0,1247.3166666666666,False
2016,20,NYR-ARI-DET,Dennis Cholowski,D,D,dennis cholowski,1,8479395.0,Dennis Cholowski,2019.0,2853.4333333333334,False
2016,21,LAK-CAR,Julien Gauthier,RW,F,julien gauthier,1,8479328.0,Julien Gauthier,2020.0,1709.55,False
2016,22,CHI-WPG-PHI,German Rubtsov,C,F,german rubtsov,1,8479424.0,German Rubtsov,2020.0,27.216666666666665,False
2016,23,FLA,Henrik Borgstrom,C,F,henrik borgstrom,1,8479404.0,Henrik Borgstrom,2018.0,1255.05,False
2016,24,ANA,Max Jones,LW,F,max jones,1,8479368.0,Max Jones,2019.0,3818.6833333333334,False
2016,25,DAL,Riley Tufte,LW,F,riley tufte,1,8479362.0,Riley Tufte,2022.0,253.3,False
2016,26,WSH-STL,Tage Thompson,C,F,tage thompson,1,8479420.0,Tage Thompson,2018.0,8924.333333333332,False
2016,27,TBL,Brett Howden,C,F,brett howden,1,8479353.0,Brett Howden,2019.0,6643.816666666667,False
2016,28,STL-WSH,Lucas Johansen,D,D,lucas johansen,1,8479321.0,Lucas Johansen,2022.0,123.21666666666665,False
2016,29,SJS-BOS,Trent Frederic,C,F,trent frederic,1,8479365.0,Trent Frederic,2019.0,5007.433333333333,False
2016,30,PIT-TOR-ANA,Sam Steel,C,F,sam steel,1,8479351.0,Sam Steel,2019.0,7057.516666666666,False
2016,31,TOR,Egor Korshkov,RW,F,egor korshkov,2,8479510.0,Egor Korshkov,2020.0,10.133333333333333,False
2016,32,EDM,Tyler Benson,LW,F,tyler benson,2,8479347.0,Tyler Benson,2020.0,332.85,False
2016,33,VAN-FLA-BUF,Rasmus Asplund,C,F,rasmus asplund,2,8479335.0,Rasmus Asplund,2020.0,2368.133333333333,False
2016,34,CBJ,Andrew Peeke,D,D,andrew peeke,2,8479369.0,Andrew Peeke,2020.0,7483.016666666666,False
2016,35,CGY-STL,Jordan Kyrou,C,F,jordan kyrou,2,8479385.0,Jordan Kyrou,2019.0,7963.066666666667,False
2016,36,WPG-PHI,Pascal Laberge,C,F,pascal laberge,2,,,,,False
2016,37,ARI-TBL,Libor Hajek,D,D,libor hajek,2,8479333.0,Libor Hajek,2019.0,1636.55,False
2016,39,MTL-CHI,Alex DeBrincat,RW,F,alex debrincat,2,8479337.0,Alex DeBrincat,2018.0,12676.650000000001,False
2016,40,COL-SJS-COL,Cam Morrison,LW,F,cam morrison,2,,,,,False
2016,41,NJD,Nathan Bastian,RW,F,nathan bastian,2,8479414.0,Nathan Bastian,2019.0,3503.766666666667,False
2016,42,OTT,Jonathan Dahlen,C,F,jonathan dahlen,2,8479373.0,Jonathan Dahlen,2022.0,841.3166666666667,False
2016,43,CAR,Janne Kuokkanen,C/LW,F,janne kuokkanen,2,8479511.0,Janne Kuokkanen,2018.0,1596.9833333333333,False
2016,44,BOS-TBL,Boris Katchouk,LW,F,boris katchouk,2,8479383.0,Boris Katchouk,2022.0,2000.3166666666666,False
2016,45,MIN-BUF-MTL-CHI,Chad Krys,D,D,chad krys,2,,,,,False
2016,46,DET,Givani Smith,RW,F,givani smith,2,8479379.0,Givani Smith,2020.0,1383.6666666666667,False
2016,47,NSH,Samuel Girard,D,D,samuel girard,2,8479398.0,Samuel Girard,2018.0,12342.2,False
2016,49,NYI-BOS,Ryan Lindgren,D,D,ryan lindgren,2,8479324.0,Ryan Lindgren,2019.0,9123.6,False
2016,50,NYR-CAR-CHI,Artur Kayumov,LW/RW,F,artur kayumov,2,,,,,False
2016,51,LAK,Kale Clague,D,D,kale clague,2,8479348.0,Kale Clague,2020.0,1505.7,False
2016,52,CHI-PHI,Wade Allison,RW,F,wade allison,2,8479322.0,Wade Allison,2021.0,963.0,False
2016,53,ARI-DET,Filip Hronek,D,D,filip hronek,2,8479425.0,Filip Hronek,2019.0,12291.533333333333,False
2016,56,DAL-CGY,Dillon Dube,C,F,dillon dube,2,8479346.0,Dillon Dube,2019.0,4255.45,False
2016,57,WSH-TOR,Carl Grundstrom,RW,F,carl grundstrom,2,8479336.0,Carl Grundstrom,2019.0,3817.383333333333,False
2016,58,TBL,Taylor Raddysh,RW,F,taylor raddysh,2,8479390.0,Taylor Raddysh,2022.0,5158.8,False
2016,60,SJS,Dylan Gambrell,C,F,dylan gambrell,2,8479580.0,Dylan Gambrell,2018.0,2931.616666666667,False
2016,61,PIT-TOR-PIT,Kasper Bjorkqvist,RW,F,kasper bjorkqvist,3,8479512.0,Kasper Bjorkqvist,2022.0,50.21666666666667,False
2016,63,EDM,Markus Niemelainen,D,D,markus niemelainen,3,8479338.0,Markus Niemelainen,2022.0,494.8333333333333,False
2016,64,VAN-BUF-PIT-VAN,William Lockwood,RW,F,william lockwood,3,8479367.0,William Lockwood,2021.0,522.5666666666666,False
2016,65,CBJ,Vitaly Abramov,RW,F,vitaly abramov,3,8479411.0,Vitaly Abramov,2019.0,44.866666666666674,False
2016,66,CGY,Adam Fox,D,D,adam fox,3,8479323.0,Adam Fox,2020.0,11252.033333333333,False
2016,67,WPG-CAR,Matt Filipe,LW,F,matt filipe,3,,,,,False
2016,68,UTA,Cam Dineen,D,D,cam dineen,3,8479341.0,Cam Dineen,2022.0,600.4666666666667,False
2016,69,BUF,Cliff Pu,RW,F,cliff pu,3,,,,,False
2016,70,MTL,William Bitten,C,F,william bitten,3,8479375.0,William Bitten,2023.0,26.583333333333332,False
2016,71,COL,Josh Anderson,D,D,josh anderson,3,,,,,False
2016,72,NJD-PIT-TOR,James Greenway,D,D,james greenway,3,,,,,False
2016,73,OTT-NJD,Joey Anderson,RW,F,joey anderson,3,8479315.0,Joey Anderson,2019.0,2142.9833333333336,False
2016,74,CAR,Hudson Elynuik,C,F,hudson elynuik,3,,,,,False
2016,76,MIN-ANA-BUF-NSH,Rem Pitlick,C,F,rem pitlick,3,8479514.0,Rem Pitlick,2019.0,1830.05,False
2016,77,DET-NJD-PIT,Connor Hall,D,D,connor hall,3,,,,,False
2016,78,NSH,Frederic Allard,D,D,frederic allard,3,8479329.0,Frederic Allard,2021.0,58.516666666666666,False
2016,79,PHI-WPG,Luke Green,D,D,luke green,3,,,,,False
2016,80,NYI-OTT-NJD,Brandon Gignac,C,F,brandon gignac,3,8479330.0,Brandon Gignac,2019.0,90.58333333333333,False
2016,81,NYR,Sean Day,D,D,sean day,3,8479413.0,Sean Day,2022.0,21.416666666666668,False
2016,82,LAK-PHI,Carsen Twarynski,LW,F,carsen twarynski,3,8479358.0,Carsen Twarynski,2020.0,221.88333333333333,False
2016,84,FLA-EDM,Matthew Cairns,D,D,matthew cairns,3,,,,,False
2016,85,ANA,Joshua Mahura,D,D,joshua mahura,3,,,,,False
2016,86,DAL-BUF,Casey Fitzgerald,D,D,casey fitzgerald,3,8479578.0,Casey Fitzgerald,2022.0,929.2333333333333,False
2016,87,WSH-STL-WSH,Garrett Pilon,C,F,garrett pilon,3,8479516.0,Garrett Pilon,2021.0,29.483333333333327,False
2016,89,STL-BUF-FLA,Linus Nassen,D,D,linus nassen,3,,,,,False
2016,90,SJS-DAL,Fredrik Karlstrom,C,F,fredrik karlstrom,3,8479518.0,Fredrik Karlstrom,2022.0,66.38333333333333,False
2016,91,PIT-EDM,Filip Berglund,D,D,filip berglund,3,,,,,False
2016,92,TOR,Adam Brooks,C,F,adam brooks,3,8478996.0,Adam Brooks,2020.0,396.1,False
2016,93,EDM-ANA,Jack Kopacka,LW,F,jack kopacka,3,,,,,False
2016,94,VAN-FLA,Jonathan Ang,C,F,jonathan ang,3,,,,,False
2016,95,CBJ-CHI-NYI,Anatolii Golyshev,LW,F,anatolii golyshev,3,,,,,False
2016,96,CGY,Linus Lindstrom,C,F,linus lindstrom,3,,,,,False
2016,97,WPG,Jacob Cederholm,D,D,jacob cederholm,3,,,,,False
2016,98,ARI-NYR,Tarmo Reunanen,D,D,tarmo reunanen,3,8479462.0,Tarmo Reunanen,2021.0,53.1,False
2016,99,BUF,Brett Murray,LW,F,brett murray,3,8479419.0,Brett Murray,2021.0,307.65,False
2016,100,MTL,Victor Mete,D,D,victor mete,3,8479376.0,Victor Mete,2018.0,3978.15,False
2016,101,COL-TOR,Keaton Middleton,D,D,keaton middleton,3,8479387.0,Keaton Middleton,2021.0,531.15,False
2016,102,NJD,Mikhail Maltsev,LW,F,mikhail maltsev,3,8479573.0,Mikhail Maltsev,2021.0,556.0166666666667,False
2016,103,OTT,Todd Burgess,RW,F,todd burgess,3,,,,,False
2016,104,CAR,Max Zimmer,LW,F,max zimmer,3,,,,,False
2016,106,MIN,Brandon Duhaime,RW,F,brandon duhaime,3,8479520.0,Brandon Duhaime,2022.0,4236.65,False
2016,107,DET,Alfons Malmstrom,D,D,alfons malmstrom,3,,,,,False
2016,108,NSH,Hardy Haman Aktell,D,D,hardy haman aktell,3,8479522.0,Hardy Haman Aktell,2024.0,63.78333333333333,False
2016,109,PHI,Connor Bunnaman,C,F,connor bunnaman,3,8479382.0,Connor Bunnaman,2020.0,551.2333333333333,False
2016,110,NYI-CHI,Lucas Carlsson,D,D,lucas carlsson,3,8479523.0,Lucas Carlsson,2020.0,1021.9166666666666,False
2016,111,NYR-SJS,Noah Gregor,C,F,noah gregor,3,8479393.0,Noah Gregor,2020.0,3962.016666666667,False
2016,112,LAK,Jacob Moverare,D,D,jacob moverare,3,8479421.0,Jacob Moverare,2022.0,1303.9166666666667,False
2016,113,CHI,Nathan Noel,C,F,nathan noel,3,,,,,False
2016,114,FLA,Riley Stillman,D,D,riley stillman,3,8479388.0,Riley Stillman,2019.0,2582.45,False
2016,115,ANA,Alex Dostie,C,F,alex dostie,3,,,,,False
2016,116,DAL,Rhett Gardner,C/LW,F,rhett gardner,3,8479587.0,Rhett Gardner,2020.0,399.9333333333333,False
2016,117,WSH,Damien Riat,LW,F,damien riat,3,,,,,False
2016,118,TBL,Ross Colton,C,F,ross colton,3,8479525.0,Ross Colton,2021.0,5219.416666666666,False
2016,119,STL,Tanner Kaspick,C,F,tanner kaspick,3,,,,,False
2016,120,SJS-ARI-PHI-NYI,Otto Koivula,LW,F,otto koivula,3,8479526.0,Otto Koivula,2020.0,235.76666666666668,False
2016,121,PIT,Ryan Jones,D,D,ryan jones,3,,,,,False
2016,122,TOR,Vladimir Bobylev,RW,F,vladimir bobylev,3,,,,,False
2016,124,VAN-MTL,Casey Staum,D,D,casey staum,3,,,,,False
2016,125,CBJ-STL,Nolan Stevens,C,F,nolan stevens,3,,,,,False
2016,126,CGY,Mitchell Mattson,C,F,mitchell mattson,3,,,,,False
2016,127,WPG,Jordy Stallard,C,F,jordy stallard,3,,,,,False
2016,129,BUF,Philip Nyberg,D,D,philip nyberg,3,,,,,False
2016,130,MTL-BUF,Vojtech Budik,D,D,vojtech budik,3,,,,,False
2016,132,NJD,Yegor Rykov,D,D,yegor rykov,3,,,,,False
2016,133,OTT,Maxime Lajoie,D,D,maxime lajoie,3,8479320.0,Maxime Lajoie,2019.0,1280.8500000000001,False
2016,135,BOS,Joona Koppanen,LW,F,joona koppanen,3,8479533.0,Joona Koppanen,2023.0,390.3833333333333,False
2016,136,MIN-BOS,Cam Clarke,D,D,cam clarke,3,,,,,False
2016,137,DET,Jordan Sambrook,D,D,jordan sambrook,3,,,,,False
2016,138,NSH,Patrick Harper,C,F,patrick harper,3,,,,,False
2016,139,PHI,Linus Hogberg,D,D,linus hogberg,3,8479534.0,Linus Hogberg,2022.0,85.31666666666666,False
2016,140,NYI-FLA-VAN,Cole Candella,D,D,cole candella,3,,,,,False
2016,141,NYR,Tim Gettinger,LW,F,tim gettinger,3,,,,,False
2016,142,LAK,Michael Eyssimont,C,F,michael eyssimont,3,8479591.0,Michael Eyssimont,2022.0,3055.8,False
2016,143,CHI,Mathias From,LW/RW,F,mathias from,3,,,,,False
2016,144,FLA-CHI-STL,Conner Bleackley,C,F,conner bleackley,3,,,,,False
2016,145,ANA-TOR-WSH,Beck Malenstyn,LW,F,beck malenstyn,3,8479359.0,Beck Malenstyn,2020.0,3089.9666666666662,False
2016,146,DAL,Nick Caamano,RW,F,nick caamano,3,8479381.0,Nick Caamano,2020.0,343.7833333333333,False
2016,147,WSH,Axel Jonsson-Fjallby,LW,F,axel jonsson fjallby,3,8479536.0,Axel Jonsson-Fjallby,2022.0,990.9166666666667,False
2016,148,TBL,Christopher Paquette,C,F,christopher paquette,3,,,,,False
2016,149,STL-EDM,Graham McPhee,LW,F,graham mcphee,3,,,,,False
2016,150,SJS,Manuel Wiederer,C,F,manuel wiederer,3,,,,,False
2016,151,PIT,Niclas Almari,D,D,niclas almari,3,,,,,False
2016,152,TOR,Jonathan Walker,D,D,jonathan walker,3,,,,,False
2016,153,EDM,Aapeli Rasanen,C,F,aapeli rasanen,3,,,,,False
2016,154,VAN,Jakob Stukel,LW,F,jakob stukel,3,,,,,False
2016,156,CGY,Eetu Tuulola,RW,F,eetu tuulola,3,,,,,False
2016,158,UTA,Patrick Kudla,D,D,patrick kudla,3,,,,,False
2016,159,BUF,Brandon Hagel,LW,F,brandon hagel,3,8479542.0,Brandon Hagel,2020.0,8192.433333333332,False
2016,160,MTL,Michael Pezzetta,C,F,michael pezzetta,3,8479543.0,Michael Pezzetta,2022.0,1669.1000000000001,False
2016,161,COL,Nathan Clurman,D,D,nathan clurman,3,,Nathan Clurman,,,False
2016,162,NJD,Jesper Bratt,LW/RW,F,jesper bratt,3,8479407.0,Jesper Bratt,2018.0,10886.883333333333,False
2016,163,OTT,Markus Nurmi,RW,F,markus nurmi,3,,,,,False
2016,164,CAR,Noah Carroll,D,D,noah carroll,3,,,,,False
2016,165,BOS-COL-BOS,Oskar Steen,C,F,oskar steen,3,8479546.0,Oskar Steen,2021.0,597.5333333333333,False
2016,166,MIN-CGY,Matthew Phillips,C,F,matthew phillips,3,8479547.0,Matthew Phillips,2021.0,348.0333333333333,False
2016,169,PHI,Tanner Laczynski,C,F,tanner laczynski,3,8479550.0,Tanner Laczynski,2021.0,540.5833333333333,False
2016,170,NYI,Collin Adams,LW,F,collin adams,3,,,,,False
2016,171,NYR,Gabriel Fontaine,C,F,gabriel fontaine,3,,,,,False
2016,172,LAK-PHI,Anthony Salinitri,C,F,anthony salinitri,3,,,,,False
2016,173,CHI,Blake Hillman,D,D,blake hillman,3,8479595.0,Blake Hillman,2018.0,72.11666666666666,False
2016,175,ANA-FLA,Maxim Mamin,C/RW,F,maxim mamin,3,8479553.0,Maxim Mamin,2018.0,791.4166666666667,False
2016,176,DAL,Jakob Stenqvist,D,D,jakob stenqvist,3,,,,,False
2016,177,WSH,Chase Priskie,D,D,chase priskie,3,8479597.0,Chase Priskie,2022.0,56.016666666666666,False
2016,178,TBL,Oleg Sosunov,D,D,oleg sosunov,3,,,,,False
2016,179,STL-TOR,Nicolas Mattinen,D,D,nicolas mattinen,3,,,,,False
2016,180,SJS,Mark Shoemaker,D,D,mark shoemaker,3,,,,,False
2016,181,PIT,Joseph Masonius,D,D,joseph masonius,3,,,,,False
2016,182,TOR,Nikolai Chebykin,LW,F,nikolai chebykin,3,,,,,False
2016,183,EDM,Vincent Desharnais,D,D,vincent desharnais,3,8479576.0,Vincent Desharnais,2023.0,3489.7,False
2016,184,VAN,Rodrigo Abols,C,F,rodrigo abols,3,,Rodrigo Abols,,,False
2016,185,CBJ,Calvin Thurkauf,C,F,calvin thurkauf,3,8479557.0,Calvin Thurkauf,2020.0,24.766666666666666,False
2016,186,CGY,Stepan Falkovsky,D,D,stepan falkovsky,3,,,,,False
2016,187,WPG-MTL,Arvid Henrikson,D,D,arvid henrikson,3,,,,,False
2016,188,UTA,Dean Stewart,D,D,dean stewart,3,,,,,False
2016,189,BUF,Austin Osmanski,D,D,austin osmanski,3,,,,,False
2016,190,MTL-BUF,Vasily Glotov,C,F,vasily glotov,3,,,,,False
2016,191,COL,Travis Barron,LW,F,travis barron,3,,,,,False
2016,192,NJD,Jeremy Davies,D,D,jeremy davies,3,8479602.0,Jeremy Davies,2021.0,322.7166666666667,False
2016,193,OTT-NYI,Nick Pastujov,LW,F,nick pastujov,3,,,,,False
2016,194,CAR-VAN,Brett McKenzie,C,F,brett mckenzie,3,,,,,False
2016,195,BOS-FLA,Ben Finkelstein,D,D,ben finkelstein,3,,,,,False
2016,196,MIN,Dmitry Sokolov,RW,F,dmitry sokolov,3,,,,,False
2016,197,DET,Mattias Elfstrom,LW,F,mattias elfstrom,3,,,,,False
2016,198,NSH,Adam Smith,D,D,adam smith,3,,,,,False
2016,199,PHI,David Bernhardt,D,D,david bernhardt,3,,,,,False
2016,200,NYI,David Quenneville,D,D,david quenneville,3,,,,,False
2016,201,NYR,Ty Ronning,RW,F,ty ronning,3,,,,,False
2016,202,LAK,Jacob Friend,D,D,jacob friend,3,,,,,False
2016,203,CHI,Jake Ryczek,D,D,jake ryczek,3,,,,,False
2016,204,FLA-MIN,Braydyn Chizen,D,D,braydyn chizen,3,,,,,False
2016,205,ANA,Tyler Soy,C,F,tyler soy,3,,,,,False
2016,206,DAL-EDM-TBL,Otto Somppi,C,F,otto somppi,3,,,,,False
2016,207,WSH,Dmitriy Zaitsev,D,D,dmitriy zaitsev,3,,,,,False
2016,208,TBL,Ryan Lohin,C,F,ryan lohin,3,,,,,False
2016,209,STL,Nikolaj Krag Christensen,C/LW,F,nikolaj krag christensen,3,,,,,False
2016,210,SJS,Joachim Blichfeld,LW/RW,F,joachim blichfeld,3,8479571.0,Joachim Blichfeld,2020.0,81.76666666666668,False
2016,211,PIT-STL,Filip Helt,LW,F,filip helt,3,,,,,False
2017,1,NJD,Nico Hischier,C,F,nico hischier,0,8480002.0,Nico Hischier,2018.0,11547.933333333332,False
2017,2,PHI,Nolan Patrick,C,F,nolan patrick,0,8479974.0,Nolan Patrick,2018.0,3063.5166666666664,False
2017,3,DAL,Miro Heiskanen,D,D,miro heiskanen,0,8480036.0,Miro Heiskanen,2019.0,13596.683333333334,False
2017,4,COL,Cale Makar,D,D,cale makar,0,8480069.0,Cale Makar,2020.0,11651.633333333333,False
2017,5,VAN,Elias Pettersson,C,F,elias pettersson,0,8480012.0,Elias Pettersson,2019.0,10366.983333333334,False
2017,6,VGK,Cody Glass,C,F,cody glass,0,8479996.0,Cody Glass,2020.0,4459.016666666666,False
2017,7,ARI-NYR,Lias Andersson,C,F,lias andersson,0,8480072.0,Lias Andersson,2018.0,1193.7833333333333,False
2017,8,BUF,Casey Mittelstadt,C,F,casey mittelstadt,0,8479999.0,Casey Mittelstadt,2018.0,7978.2,False
2017,9,DET,Michael Rasmussen,C,F,michael rasmussen,0,8479992.0,Michael Rasmussen,2019.0,6328.883333333333,False
2017,10,FLA,Owen Tippett,RW,F,owen tippett,0,8480015.0,Owen Tippett,2018.0,6671.283333333333,False
2017,11,LAK,Gabriel Vilardi,C,F,gabriel vilardi,1,8480014.0,Gabriel Vilardi,2020.0,5869.700000000001,False
2017,12,CAR,Martin Necas,C,F,martin necas,1,8480039.0,Martin Necas,2018.0,9186.566666666668,False
2017,13,WPG-VGK,Nick Suzuki,C,F,nick suzuki,1,8480018.0,Nick Suzuki,2020.0,10660.733333333334,False
2017,14,TBL,Cal Foote,D,D,cal foote,1,8479984.0,Cal Foote,2021.0,2000.15,False
2017,15,NYI-VGK,Erik Brannstrom,D,D,erik brannstrom,1,8480073.0,Erik Brannstrom,2019.0,4904.383333333333,False
2017,16,CGY,Juuso Välimäki,D,D,juuso valimaki,1,8479976.0,Juuso Valimaki,2019.0,4697.05,False
2017,17,TOR,Timothy Liljegren,D,D,timothy liljegren,1,8480043.0,Timothy Liljegren,2020.0,5663.466666666666,False
2017,18,BOS,Urho Vaakanainen,D,D,urho vaakanainen,1,8480001.0,Urho Vaakanainen,2019.0,3707.4666666666667,False
2017,19,SJS,Josh Norris,C,F,josh norris,1,8480064.0,Josh Norris,2020.0,4951.983333333334,False
2017,20,STL,Robert Thomas,C,F,robert thomas,1,8480023.0,Robert Thomas,2019.0,9408.55,False
2017,21,NYR,Filip Chytil,C,F,filip chytil,1,8480078.0,Filip Chytil,2018.0,5747.6,False
2017,22,EDM,Kailer Yamamoto,RW,F,kailer yamamoto,1,8479977.0,Kailer Yamamoto,2018.0,5555.0,False
2017,23,MIN-ARI,Pierre-Olivier Joseph,D,D,pierre olivier joseph,1,8480058.0,Pierre-Olivier Joseph,2021.0,3399.3333333333335,False
2017,24,CBJ-VGK-WPG,Kristian Vesalainen,LW/RW,F,kristian vesalainen,1,8480005.0,Kristian Vesalainen,2019.0,597.95,False
2017,25,MTL,Ryan Poehling,C,F,ryan poehling,1,8480068.0,Ryan Poehling,2019.0,4837.533333333333,False
2017,27,WSH-STL-PHI,Morgan Frost,C,F,morgan frost,1,8480028.0,Morgan Frost,2020.0,6054.033333333334,False
2017,28,OTT,Shane Bowers,C,F,shane bowers,1,8480032.0,Shane Bowers,2023.0,110.43333333333334,False
2017,29,ANA-DAL-CHI,Henri Jokiharju,D,D,henri jokiharju,1,8480035.0,Henri Jokiharju,2019.0,8532.133333333333,False
2017,30,NSH,Eeli Tolvanen,RW,F,eeli tolvanen,1,8480009.0,Eeli Tolvanen,2018.0,6254.133333333333,False
2017,31,PIT-STL,Klim Kostin,C/LW,F,klim kostin,2,8480011.0,Klim Kostin,2020.0,1936.7,False
2017,32,COL,Conor Timmins,D,D,conor timmins,2,8479982.0,Conor Timmins,2020.0,3237.8333333333335,False
2017,33,VAN,Kole Lind,RW,F,kole lind,2,8479986.0,Kole Lind,2021.0,370.1666666666667,False
2017,34,VGK,Nicolas Hague,D,D,nicolas hague,2,8479980.0,Nicolas Hague,2020.0,7606.366666666667,False
2017,35,ARI-PHI,Isaac Ratcliffe,LW,F,isaac ratcliffe,2,8480019.0,Isaac Ratcliffe,2022.0,107.46666666666668,False
2017,36,NJD,Jesper Boqvist,C,F,jesper boqvist,2,8480003.0,Jesper Boqvist,2020.0,4607.5,False
2017,37,BUF,Marcus Davidsson,C,F,marcus davidsson,2,,,,,False
2017,38,DET,Gustav Lindstrom,D,D,gustav lindstrom,2,8480184.0,Gustav Lindstrom,2020.0,2708.083333333333,False
2017,39,DAL,Jason Robertson,LW,F,jason robertson,2,8480027.0,Jason Robertson,2020.0,8405.6,False
2017,40,FLA,Aleksi Heponiemi,C,F,aleksi heponiemi,2,8480037.0,Aleksi Heponiemi,2021.0,280.18333333333334,False
2017,41,LAK,Jaret Anderson-Dolan,C,F,jaret anderson dolan,2,8479994.0,Jaret Anderson-Dolan,2019.0,1553.4833333333333,False
2017,42,CAR,Eetu Luostarinen,C,F,eetu luostarinen,2,8480185.0,Eetu Luostarinen,2020.0,6755.533333333333,False
2017,43,WPG,Dylan Samberg,D,D,dylan samberg,2,8480049.0,Dylan Samberg,2022.0,5090.416666666666,False
2017,44,PHI-ARI,Filip Westerlund,D,D,filip westerlund,2,,,,,False
2017,45,TBL-VGK-CBJ,Alexandre Texier,C,F,alexandre texier,2,8480074.0,Alexandre Texier,2019.0,4052.5333333333333,False
2017,46,NYI,Robin Salo,D,D,robin salo,2,8480071.0,Robin Salo,2022.0,473.45,False
2017,47,CGY-OTT,Alex Formenton,LW,F,alex formenton,2,8480029.0,Alex Formenton,2018.0,1570.4833333333333,False
2017,48,TOR-TBL,Alexander Volkov,RW,F,alexander volkov,2,8480186.0,Alexander Volkov,2020.0,523.2333333333333,False
2017,49,BOS-NJD-SJS,Mario Ferraro,D,D,mario ferraro,2,8479983.0,Mario Ferraro,2020.0,10403.5,False
2017,50,SJS-TOR-ANA,Maxime Comtois,LW,F,maxime comtois,2,,,,,False
2017,51,STL-PIT,Zachary Lauzon,D,D,zachary lauzon,2,,,,,False
2017,52,NYR-CAR,Luke Martin,D,D,luke martin,2,,,,,False
2017,53,EDM-BOS,Jack Studnicka,C,F,jack studnicka,2,8480021.0,Jack Studnicka,2020.0,1362.8666666666668,False
2017,55,CBJ-VAN,Jonah Gadjovich,LW,F,jonah gadjovich,2,8479981.0,Jonah Gadjovich,2021.0,1420.2833333333333,False
2017,56,MTL,Josh Brook,D,D,josh brook,2,,,,,False
2017,57,CHI,Ian Mitchell,D,D,ian mitchell,2,8480070.0,Ian Mitchell,2021.0,1671.3833333333334,False
2017,58,WSH-MTL,Joni Ikonen,C,F,joni ikonen,2,,,,,False
2017,59,OTT-TOR,Eemeli Rasanen,D,D,eemeli rasanen,2,,,,,False
2017,60,ANA,Antoine Morand,C,F,antoine morand,2,,,,,False
2017,61,NSH,Grant Mismash,LW,F,grant mismash,3,,,,,False
2017,62,PIT-CAR-VGK,Jake Leschyshyn,C,F,jake leschyshyn,3,8479991.0,Jake Leschyshyn,2022.0,789.3166666666667,False
2017,63,COL-NJD,Fabian Zetterlund,LW/RW,F,fabian zetterlund,3,8480188.0,Fabian Zetterlund,2022.0,5052.533333333333,False
2017,65,VGK,Jonas Rondbjerg,RW,F,jonas rondbjerg,3,8480007.0,Jonas Rondbjerg,2022.0,831.5666666666667,False
2017,66,ARI-FLA,Max Gildon,D,D,max gildon,3,,,,,False
2017,67,NJD-CAR,Morgan Geekie,C,F,morgan geekie,3,8479987.0,Morgan Geekie,2020.0,5901.516666666666,False
2017,68,BUF-MTL,Scott Walford,D,D,scott walford,3,,,,,False
2017,69,DET-SJS-ARI,MacKenzie Entwistle,RW,F,mackenzie entwistle,3,8480025.0,MacKenzie Entwistle,2021.0,2162.116666666667,False
2017,70,DAL-CHI,Andrei Altybarmakian,RW,F,andrei altybarmakian,3,,,,,False
2017,71,FLA-DET,Kasper Kotkansalo,D,D,kasper kotkansalo,3,,,,,False
2017,73,CAR,Stelio Mattheos,RW,F,stelio mattheos,3,,,,,False
2017,74,WPG,Johnathan Kovacevic,D,D,johnathan kovacevic,3,8480192.0,Johnathan Kovacevic,2022.0,4621.083333333334,False
2017,75,PHI-ARI,Nate Schnarr,C,F,nate schnarr,3,,,,,False
2017,76,TBL,Alexey Lipanov,C,F,alexey lipanov,3,,,,,False
2017,77,NYI,Benjamin Mirageas,D,D,benjamin mirageas,3,,,,,False
2017,79,TOR-DET,Lane Zablocki,RW,F,lane zablocki,3,,,,,False
2017,81,SJS-NJD,Reilly Walsh,D,D,reilly walsh,3,8480054.0,Reilly Walsh,2022.0,14.383333333333333,False
2017,82,STL-EDM-ARI,Cameron Crotty,D,D,cameron crotty,3,8480075.0,Cameron Crotty,2024.0,104.7,False
2017,83,NYR-DET,Zach Gallant,C,F,zach gallant,3,,,,,False
2017,84,EDM,Dmitri Samorukov,D,D,dmitri samorukov,3,8480041.0,Dmitri Samorukov,2022.0,32.21666666666667,False
2017,85,MIN,Ivan Lodnia,RW,F,ivan lodnia,3,,,,,False
2017,87,MTL,Cale Fleury,D,D,cale fleury,3,8479985.0,Cale Fleury,2020.0,1342.4333333333334,False
2017,89,WSH-BUF,Oskari Laaksonen,D,D,oskari laaksonen,3,,,,,False
2017,90,OTT-CAR-CHI,Evan Barratt,C,F,evan barratt,3,,,,,False
2017,91,ANA,Jack Badini,C,F,jack badini,3,,,,,False
2017,92,NSH,David Farrance,D,D,david farrance,3,8480063.0,David Farrance,2021.0,36.25,False
2017,93,PIT,Clayton Phillips,D,D,clayton phillips,3,,,,,False
2017,94,COL,Nick Henry,RW,F,nick henry,3,,,,,False
2017,95,VAN,Jack Rathbone,D,D,jack rathbone,3,8480056.0,Jack Rathbone,2021.0,405.0666666666667,False
2017,97,ARI-MIN,Mason Shaw,C,F,mason shaw,3,8479972.0,Mason Shaw,2022.0,856.8,False
2017,98,NJD,Nikita Popugaev,LW,F,nikita popugaev,3,,,,,False
2017,99,BUF,Jacob Bryson,D,D,jacob bryson,3,8480196.0,Jacob Bryson,2021.0,4685.033333333333,False
2017,100,DET,Malte Setkov,D,D,malte setkov,3,,,,,False
2017,101,DAL,Liam Hawel,C,F,liam hawel,3,,,,,False
2017,102,FLA-NYR-SJS,Scott Reedy,C,F,scott reedy,3,8480060.0,Scott Reedy,2022.0,391.51666666666665,False
2017,103,LAK,Mikey Anderson,D,D,mikey anderson,3,8479998.0,Mikey Anderson,2020.0,8986.233333333334,False
2017,105,WPG,Santeri Virtanen,C,F,santeri virtanen,3,,,,,False
2017,106,PHI,Matthew Strome,LW,F,matthew strome,3,,,,,False
2017,107,TBL-PHI,Maksim Sushko,RW,F,maksim sushko,3,8480201.0,Maksim Sushko,2021.0,19.466666666666665,False
2017,108,NYI-PHI-ARI,Noel Hoefenmayer,D,D,noel hoefenmayer,3,,,,,False
2017,109,CGY,Adam Ruzicka,C,F,adam ruzicka,3,8480008.0,Adam Ruzicka,2021.0,1248.9833333333333,False
2017,112,SJS-VAN-CHI,Tim Soderlund,C/LW,F,tim soderlund,3,,,,,False
2017,113,STL,Alexey Toropchenko,RW,F,alexey toropchenko,3,,,,,False
2017,115,EDM,Ostap Safin,RW,F,ostap safin,3,,,,,False
2017,116,MIN,Bryce Misley,C,F,bryce misley,3,,,,,False
2017,117,CBJ,Emil Bemstrom,C,F,emil bemstrom,3,8480205.0,Emil Bemstrom,2020.0,2782.266666666667,False
2017,118,MTL-DAL-LAK,Markus Phillips,D,D,markus phillips,3,,,,,False
2017,119,CHI,Roope Laavainen,D,D,roope laavainen,3,,,,,False
2017,120,WSH,Tobias Geisser,D,D,tobias geisser,3,,,,,False
2017,121,OTT,Drake Batherson,C,F,drake batherson,3,8480208.0,Drake Batherson,2019.0,8292.466666666667,False
2017,122,ANA,Kyle Olson,RW,F,kyle olson,3,,,,,False
2017,123,NSH-NJD-SJS-NYR,Brandon Crawley,D,D,brandon crawley,3,,,,,False
2017,124,PIT-TOR,Vladislav Kara,LW,F,vladislav kara,3,,,,,False
2017,125,COL,Igor Shvyrev,C,F,igor shvyrev,3,,,,,False
2017,126,VAN-EDM-ARI,Michael Karow,D,D,michael karow,3,,,,,False
2017,127,VGK,Lucas Elvenes,C/RW,F,lucas elvenes,3,,,,,False
2017,128,UTA,Tyler Steenbergen,C,F,tyler steenbergen,3,,,,,False
2017,130,BUF-STL,David Noel,D,D,david noel,3,,,,,False
2017,131,DET,Cole Fraser,D,D,cole fraser,3,,,,,False
2017,132,DAL,Jacob Peterson,C,F,jacob peterson,3,8480216.0,Jacob Peterson,2022.0,1007.8666666666667,False
2017,133,FLA,Tyler Inamoto,D,D,tyler inamoto,3,,,,,False
2017,134,LAK,Cole Hults,D,D,cole hults,3,,,,,False
2017,135,CAR-CHI-VAN,Kristoffer Gunnarsson,D,D,kristoffer gunnarsson,3,,,,,False
2017,136,WPG,Leon Gawanke,D,D,leon gawanke,3,,,,,False
2017,137,PHI,Noah Cates,LW,F,noah cates,3,8480220.0,Noah Cates,2022.0,5053.266666666666,False
2017,138,TBL-LAK,Drake Rymsha,C,F,drake rymsha,3,8480221.0,Drake Rymsha,2021.0,13.266666666666667,False
2017,139,NYI,Sebastian Aho,D,D,sebastian aho,3,8480222.0,Sebastian Aho,2018.0,3131.2333333333336,False
2017,140,CGY,Zach Fischer,RW,F,zach fischer,3,,,,,False
2017,141,TOR,Fedor Gordeev,D,D,fedor gordeev,3,,,,,False
2017,142,BOS-CAR-VGK,Jack Dugan,LW,F,jack dugan,3,,,,,False
2017,143,SJS-NJD,Marián Studenic,RW,F,marian studenic,3,8480226.0,Marian Studenic,2021.0,478.5166666666667,False
2017,144,STL-CHI,Parker Foo,LW,F,parker foo,3,,,,,False
2017,145,NYR,Calle Sjalin,D,D,calle sjalin,3,,,,,False
2017,146,EDM,Kirill Maksimov,RW,F,kirill maksimov,3,,,,,False
2017,147,MIN,Jacob Golden,D,D,jacob golden,3,,,,,False
2017,148,CBJ,Kale Howarth,LW,F,kale howarth,3,,,,,False
2017,149,MTL,Jarret Tyszka,D,D,jarret tyszka,3,,,,,False
2017,150,CHI,Jakub Galvas,D,D,jakub galvas,3,8480231.0,Jakub Galvas,2022.0,108.95,False
2017,151,WSH,Sebastian Walfridsson,D,D,sebastian walfridsson,3,,,,,False
2017,152,OTT-PIT,Jan Drozg,LW,F,jan drozg,3,,,,,False
2017,155,PIT,Linus Olund,C,F,linus olund,3,,,,,False
2017,156,COL-SJS-COL,Denis Smirnov,RW,F,denis smirnov,3,,,,,False
2017,157,VAN-NYR,Dominik Lakatos,C,F,dominik lakatos,3,,,,,False
2017,158,VGK,Nick Campoli,C,F,nick campoli,3,,,,,False
2017,159,ARI-SJS,Jacob McGrew,RW,F,jacob mcgrew,3,,,,,False
2017,160,NJD,Aarne Talvitie,C,F,aarne talvitie,3,,,,,False
2017,162,DET,John Adams,RW,F,john adams,3,,,,,False
2017,163,DAL,Brett Davis,RW,F,brett davis,3,,,,,False
2017,164,FLA-DET,Reilly Webb,D,D,reilly webb,3,,,,,False
2017,165,LAK-NYI,Arnaud Durandeau,LW,F,arnaud durandeau,3,8480242.0,Arnaud Durandeau,2023.0,52.0,False
2017,166,CAR,Brendan De Jong,D,D,brendan de jong,3,,,,,False
2017,168,PHI,Olle Lycksell,RW,F,olle lycksell,3,8480245.0,Olle Lycksell,2023.0,558.5833333333334,False
2017,169,TBL,Nick Perbix,D,D,nick perbix,3,8480246.0,Nick Perbix,2023.0,4974.15,False
2017,170,NYI-CHI-CBJ,Jonathan Davidsson,RW,F,jonathan davidsson,3,8480247.0,Jonathan Davidsson,2020.0,33.13333333333333,False
2017,171,CGY,D'Artagnan Joly,RW,F,d artagnan joly,3,,,,,False
2017,172,TOR,Ryan McGregor,C,F,ryan mcgregor,3,,,,,False
2017,173,BOS,Cedric Pare,C,F,cedric pare,3,,,,,False
2017,174,SJS-NYR,Morgan Barron,C,F,morgan barron,3,8480289.0,Morgan Barron,2021.0,3700.55,False
2017,175,STL,Trenton Bourque,D,D,trenton bourque,3,,,,,False
2017,176,NYR-NSH,Pavel Koltygin,C,F,pavel koltygin,3,,,,,False
2017,177,EDM,Skyler Brind'Amour,C,F,skyler brind amour,3,8480291.0,Skyler Brind'Amour,2025.0,93.23333333333333,False
2017,178,MIN,Andrei Svetlakov,C,F,andrei svetlakov,3,,,,,False
2017,179,CBJ,Carson Meyer,RW,F,carson meyer,3,8480292.0,Carson Meyer,2022.0,370.73333333333335,False
2017,180,MTL-TBL,Cole Guttman,C,F,cole guttman,3,8480252.0,Cole Guttman,2023.0,544.5833333333334,False
2017,181,CHI-VAN,Petrus Palmu,RW,F,petrus palmu,3,,,,,False
2017,182,WSH,Benton Maass,D,D,benton maass,3,,,,,False
2017,184,ANA-FLA,Sebastian Repo,RW,F,sebastian repo,3,,,,,False
2017,185,NSH-NJD-SJS,Sasha Chmelevski,C,F,sasha chmelevski,3,,,,,False
2017,186,PIT,Antti Palojarvi,D,D,antti palojarvi,3,,,,,False
2017,187,COL,Nick Leivermann,D,D,nick leivermann,3,,,,,False
2017,188,VAN,Matt Brassard,D,D,matt brassard,3,,,,,False
2017,189,VGK,Ben Jones,C,F,ben jones,3,8480259.0,Ben Jones,2022.0,481.30000000000007,False
2017,190,UTA,Erik Walli Walterholm,RW,F,erik walli walterholm,3,,,,,False
2017,191,NJD,Jocktan Chainey,D,D,jocktan chainey,3,,,,,False
2017,192,BUF,Linus Weissbach,LW,F,linus weissbach,3,,,,,False
2017,193,DET,Brady Gilmour,C,F,brady gilmour,3,,,,,False
2017,195,FLA-BOS,Victor Berglund,D,D,victor berglund,3,,,,,False
2017,196,LAK-TBL-PHI,Wyatt Kalynuk,D,D,wyatt kalynuk,3,8480293.0,Wyatt Kalynuk,2021.0,401.68333333333334,False
2017,197,CAR,Ville Rasanen,D,D,ville rasanen,3,,,,,False
2017,198,WPG,Skyler McKenzie,LW,F,skyler mckenzie,3,,,,,False
2017,200,TBL,Sammy Walker,C,F,sammy walker,3,,,,,False
2017,201,NYI,Logan Cockerill,LW,F,logan cockerill,3,,,,,False
2017,202,CGY,Filip Sveningsson,LW,F,filip sveningsson,3,,,,,False
2017,203,TOR,Ryan O'Connell,D,D,ryan o connell,3,,,,,False
2017,204,BOS,Daniel Bukac,D,D,daniel bukac,3,,,,,False
2017,205,SJS-NJD,Yegor Zaitsev,D,D,yegor zaitsev,3,,,,,False
2017,206,STL,Anton Andersson,D,D,anton andersson,3,,,,,False
2017,207,NYR,Patrik Virta,C,F,patrik virta,3,,,,,False
2017,208,EDM,Philip Kemp,D,D,philip kemp,3,8480274.0,Philip Kemp,2024.0,2.05,False
2017,209,MIN,Nick Swaney,RW,F,nick swaney,3,8480275.0,Nick Swaney,2023.0,9.55,False
2017,210,CBJ,Robbie Stucker,D,D,robbie stucker,3,,,,,False
2017,211,MTL-WPG,Croix Evingson,D,D,croix evingson,3,,,,,False
2017,212,CHI-SJS,Ivan Chekhovich,LW,F,ivan chekhovich,3,8480276.0,Ivan Chekhovich,2021.0,41.95,False
2017,213,WSH,Kristian Roykas Marthinsen,LW,F,kristian roykas marthinsen,3,,,,,False
2017,214,OTT-SJS-NJD,Matthew Hellickson,D,D,matthew hellickson,3,,,,,False
2017,215,ANA-CHI,Joshua Ess,D,D,joshua ess,3,,,,,False
2017,216,NSH,Jacob Paquette,D,D,jacob paquette,3,,,,,False
2017,217,PIT,William Reilly,D,D,william reilly,3,,,,,False
2018,1,BUF,Rasmus Dahlin,D,D,rasmus dahlin,0,8480839.0,Rasmus Dahlin,2019.0,13703.8,False
2018,2,CAR,Andrei Svechnikov,RW,F,andrei svechnikov,0,8480830.0,Andrei Svechnikov,2019.0,9381.283333333333,False
2018,3,MTL,Jesperi Kotkaniemi,C,F,jesperi kotkaniemi,0,8480829.0,Jesperi Kotkaniemi,2019.0,6983.116666666667,False
2018,4,OTT,Brady Tkachuk,LW,F,brady tkachuk,0,8480801.0,Brady Tkachuk,2019.0,10390.116666666667,False
2018,5,UTA,Barrett Hayton,C,F,barrett hayton,0,8480849.0,Barrett Hayton,2020.0,5681.2,False
2018,6,DET,Filip Zadina,RW,F,filip zadina,0,8480821.0,Filip Zadina,2019.0,3786.866666666667,False
2018,7,VAN,Quinn Hughes,D,D,quinn hughes,0,8480800.0,Quinn Hughes,2019.0,12583.85,False
2018,8,CHI,Adam Boqvist,D,D,adam boqvist,0,8480871.0,Adam Boqvist,2020.0,4502.116666666667,False
2018,9,NYR,Vitali Kravtsov,RW,F,vitali kravtsov,0,8480833.0,Vitali Kravtsov,2021.0,740.7666666666667,False
2018,10,EDM,Evan Bouchard,D,D,evan bouchard,0,8480803.0,Evan Bouchard,2019.0,9228.15,False
2018,11,NYI,Oliver Wahlstrom,RW,F,oliver wahlstrom,1,8480789.0,Oliver Wahlstrom,2020.0,2738.083333333333,False
2018,12,CGY-NYI,Noah Dobson,D,D,noah dobson,1,8480865.0,Noah Dobson,2020.0,9898.683333333332,False
2018,13,DAL,Ty Dellandrea,C,F,ty dellandrea,1,8480848.0,Ty Dellandrea,2021.0,3487.1000000000004,False
2018,14,STL-PHI,Joel Farabee,LW,F,joel farabee,1,8480797.0,Joel Farabee,2020.0,8035.799999999999,False
2018,15,FLA,Grigori Denisenko,LW,F,grigori denisenko,1,8480844.0,Grigori Denisenko,2021.0,350.6333333333333,False
2018,16,COL,Martin Kaut,RW,F,martin kaut,1,8480822.0,Martin Kaut,2020.0,558.5166666666667,False
2018,17,NJD,Ty Smith,D,D,ty smith,1,8480883.0,Ty Smith,2021.0,2411.5,False
2018,18,CBJ,Liam Foudy,C,F,liam foudy,1,8480853.0,Liam Foudy,2020.0,1250.75,False
2018,19,PHI,Jay O'Brien,C,F,jay o brien,1,,,,,False
2018,20,LAK,Rasmus Kupari,C,F,rasmus kupari,1,8480845.0,Rasmus Kupari,2021.0,2280.4666666666662,False
2018,21,SJS,Ryan Merkley,D,D,ryan merkley,1,8480847.0,Ryan Merkley,2022.0,599.7333333333333,False
2018,22,PIT-OTT-NYR,K'Andre Miller,D,D,k andre miller,1,8480817.0,K'Andre Miller,2021.0,9503.666666666666,False
2018,23,ANA,Isac Lundeström,C,F,isac lundestrom,1,8480806.0,Isac Lundestrom,2019.0,5713.7,False
2018,24,MIN,Filip Johansson,D,D,filip johansson,1,,,,,False
2018,25,TOR-STL,Dominik Bokk,RW,F,dominik bokk,1,,,,,False
2018,26,BOS-NYR-OTT,Jacob Bernard-Docker,D,D,jacob bernard docker,1,8480879.0,Jacob Bernard-Docker,2021.0,3098.35,False
2018,27,NSH-CHI,Nicolas Beaudin,D,D,nicolas beaudin,1,8480814.0,Nicolas Beaudin,2020.0,291.1333333333333,False
2018,28,TBL-NYR,Nils Lundkvist,D,D,nils lundkvist,1,8480878.0,Nils Lundkvist,2022.0,3601.5666666666666,False
2018,29,WPG-STL-TOR,Rasmus Sandin,D,D,rasmus sandin,1,8480873.0,Rasmus Sandin,2020.0,7180.9,False
2018,30,VGK-DET,Joe Veleno,C,F,joe veleno,1,8480813.0,Joe Veleno,2021.0,4733.35,False
2018,31,WSH,Alexander Alexeyev,D,D,alexander alexeyev,2,8480823.0,Alexander Alexeyev,2022.0,1199.85,False
2018,32,BUF,Mattias Samuelsson,D,D,mattias samuelsson,2,8480807.0,Mattias Samuelsson,2021.0,6093.65,False
2018,33,OTT-NYR-DET,Jonatan Berggren,RW,F,jonatan berggren,2,8481013.0,Jonatan Berggren,2023.0,2710.333333333333,False
2018,34,ARI-FLA,Serron Noel,RW,F,serron noel,2,,,,,False
2018,35,MTL,Jesse Ylonen,RW,F,jesse ylonen,2,8481058.0,Jesse Ylonen,2021.0,1274.8333333333335,False
2018,36,DET,Jared McIsaac,D,D,jared mcisaac,2,,,,,False
2018,37,VAN,Jett Woo,D,D,jett woo,2,,,,,False
2018,38,CHI-MTL,Alexander Romanov,D,D,alexander romanov,2,8481014.0,Alexander Romanov,2021.0,7429.016666666666,False
2018,40,EDM,Ryan McLeod,C,F,ryan mcleod,2,8480802.0,Ryan McLeod,2021.0,5751.966666666667,False
2018,41,NYI,Bode Wilde,D,D,bode wilde,2,,,,,False
2018,42,CAR,Jack Drury,C,F,jack drury,2,8480835.0,Jack Drury,2022.0,3467.866666666667,False
2018,43,CGY-NYI,Ruslan Iskhakov,C,F,ruslan iskhakov,2,8481016.0,Ruslan Iskhakov,2024.0,14.183333333333334,False
2018,44,DAL,Albin Eriksson,RW,F,albin eriksson,2,,,,,False
2018,45,STL,Scott Perunovich,D,D,scott perunovich,2,8481059.0,Scott Perunovich,2022.0,1678.6333333333332,False
2018,46,FLA-NJD-WSH,Martin Fehérváry,D,D,martin fehervary,2,8480796.0,Martin Fehervary,2020.0,7385.266666666666,False
2018,47,COL-WSH,Kody Clark,RW,F,kody clark,2,,,,,False
2018,48,NJD-NYR-OTT,Jonathan Tychonick,D,D,jonathan tychonick,2,,,,,False
2018,49,CBJ,Kirill Marchenko,RW,F,kirill marchenko,2,8480893.0,Kirill Marchenko,2023.0,5143.133333333333,False
2018,50,PHI,Adam Ginning,D,D,adam ginning,2,8480874.0,Adam Ginning,2023.0,233.51666666666665,False
2018,51,LAK,Akil Thomas,C,F,akil thomas,2,8480851.0,Akil Thomas,2024.0,308.95,False
2018,52,SJS-TOR,Sean Durzi,D,D,sean durzi,2,8480434.0,Sean Durzi,2022.0,6180.383333333333,False
2018,53,PIT,Calen Addison,D,D,calen addison,2,8480884.0,Calen Addison,2021.0,2504.866666666667,False
2018,54,ANA,Bo Groulx,C,F,bo groulx,2,,,,,False
2018,55,MIN-ARI,Kevin Bahl,D,D,kevin bahl,2,8480860.0,Kevin Bahl,2021.0,5630.8166666666675,False
2018,56,TOR-MTL,Jacob Olofsson,C,F,jacob olofsson,2,,,,,False
2018,57,BOS,Axel Andersson,D,D,axel andersson,2,,,,,False
2018,58,NSH-COL-PIT,Filip Hallander,C,F,filip hallander,2,8480842.0,Filip Hallander,2022.0,196.65,False
2018,59,TBL,Gabriel Fortier,LW,F,gabriel fortier,2,8480863.0,Gabriel Fortier,2022.0,101.23333333333333,False
2018,60,WPG,David Gustafsson,C,F,david gustafsson,2,8481019.0,David Gustafsson,2020.0,1312.2,False
2018,61,VGK,Ivan Morozov,C,F,ivan morozov,3,,,,,False
2018,63,BUF-MIN,Jack McBain,C,F,jack mcbain,3,8480855.0,Jack McBain,2022.0,4285.516666666666,False
2018,65,UTA,Jan Jenik,RW,F,jan jenik,3,8480890.0,Jan Jenik,2021.0,232.03333333333333,False
2018,66,MTL,Cam Hillis,C,F,cam hillis,3,,,,,False
2018,67,DET,Alec Regula,D,D,alec regula,3,8480831.0,Alec Regula,2021.0,791.3,False
2018,68,VAN,Tyler Madden,C,F,tyler madden,3,,,,,False
2018,69,CHI,Jake Wise,C,F,jake wise,3,,,,,False
2018,70,NYR,Jacob Ragnarsson,D,D,jacob ragnarsson,3,,,,,False
2018,71,EDM-MTL,Jordan Harris,D,D,jordan harris,3,8480887.0,Jordan Harris,2022.0,2856.6,False
2018,73,CAR-ARI,Ty Emberson,D,D,ty emberson,3,8480834.0,Ty Emberson,2024.0,2822.5666666666666,False
2018,74,CGY-ARI-CHI,Niklas Nordgren,RW,F,niklas nordgren,3,,,,,False
2018,75,DAL,Oskar Back,C,F,oskar back,3,,,,,False
2018,76,STL-TOR,Semyon Der-Arguchintsev,C,F,semyon der arguchintsev,3,8480977.0,Semyon Der-Arguchintsev,2023.0,7.266666666666667,False
2018,77,FLA-BOS,Jakub Lauko,C,F,jakub lauko,3,8480880.0,Jakub Lauko,2023.0,1393.1166666666668,False
2018,78,COL,Sampo Ranta,LW,F,sampo ranta,3,8480846.0,Sampo Ranta,2022.0,152.98333333333335,False
2018,79,NJD-ANA,Blake McLaughlin,LW,F,blake mclaughlin,3,,,,,False
2018,80,CBJ,Marcus Karlberg,LW,F,marcus karlberg,3,,,,,False
2018,81,PHI-DET,Seth Barton,D,D,seth barton,3,,,,,False
2018,82,LAK,Bulat Shafigullin,LW,F,bulat shafigullin,3,,,,,False
2018,83,SJS-TOR,Riley Stotts,C,F,riley stotts,3,,,,,False
2018,86,MIN,Alexander Khovanov,C,F,alexander khovanov,3,,,,,False
2018,87,WSH-CHI-ARI-SJS,Linus Karlsson,C,F,linus karlsson,3,8481024.0,Linus Karlsson,2024.0,1280.6666666666667,False
2018,88,BOS-NYR,Joey Keane,D,D,joey keane,3,8480466.0,Joey Keane,2021.0,33.199999999999996,False
2018,89,NSH-FLA,Logan Hutsko,RW,F,logan hutsko,3,,,,,False
2018,90,TBL,Dmitry Semykin,D,D,dmitry semykin,3,,,,,False
2018,91,WPG,Nate Smith,C,F,nate smith,3,,,,,False
2018,92,VGK-MIN,Connor Dewar,C,F,connor dewar,3,8480980.0,Connor Dewar,2022.0,3737.25,False
2018,93,WSH,Riley Sutter,RW,F,riley sutter,3,,,,,False
2018,94,BUF,Matej Pekar,C,F,matej pekar,3,,,,,False
2018,95,OTT,Jonathan Gruden,C,F,jonathan gruden,3,8480836.0,Jonathan Gruden,2023.0,128.73333333333332,False
2018,96,ARI-CAR,Luke Henman,C,F,luke henman,3,,,,,False
2018,97,MTL-LAK-MTL,Allan McShane,C,F,allan mcshane,3,,,,,False
2018,98,DET,Ryan O'Reilly,RW,F,ryan o reilly,3,,Ryan O'Reilly,,,False
2018,99,VAN-PIT-VGK,Stanislav Demin,D,D,stanislav demin,3,,,,,False
2018,100,CHI-DAL,Adam Mascherin,LW,F,adam mascherin,3,,,,,False
2018,101,NYR,Nico Gross,D,D,nico gross,3,,,,,False
2018,102,EDM-MTL-SJS,Jasper Weatherby,C,F,jasper weatherby,3,8481061.0,Jasper Weatherby,2022.0,562.0333333333333,False
2018,103,NYI,Jacob Pivonka,C,F,jacob pivonka,3,,,,,False
2018,104,CAR,Lenni Killinen,RW,F,lenni killinen,3,,,,,False
2018,105,CGY,Martin Pospisil,C,F,martin pospisil,3,8481028.0,Martin Pospisil,2024.0,2143.116666666667,False
2018,106,DAL,Curtis Douglas,C,F,curtis douglas,3,8480876.0,Curtis Douglas,2026.0,290.25,False
2018,108,FLA-CGY,Demetrios Koumontzis,LW,F,demetrios koumontzis,3,,,,,False
2018,109,COL,Tyler Weiss,LW,F,tyler weiss,3,,,,,False
2018,110,NJD,Xavier Bernard,D,D,xavier bernard,3,,,,,False
2018,111,CBJ-NSH,Jachym Kondelik,C,F,jachym kondelik,3,,,,,False
2018,112,PHI,Jack St. Ivany,D,D,jack st ivany,3,8481030.0,Jack St. Ivany,2024.0,829.3333333333334,False
2018,113,LAK,Aidan Dudas,C,F,aidan dudas,3,,,,,False
2018,115,PIT-TBL-VGK,Paul Cotter,C,F,paul cotter,3,8481032.0,Paul Cotter,2022.0,3611.166666666667,False
2018,116,ANA,Jack Perbix,RW,F,jack perbix,3,,,,,False
2018,117,MIN-BUF,Linus Lindstrand Cronholm,D,D,linus lindstrand cronholm,3,,,,,False
2018,118,TOR,Mac Hollowell,D,D,mac hollowell,3,8480439.0,Mac Hollowell,2023.0,77.61666666666666,False
2018,119,BOS,Curtis Hall,C,F,curtis hall,3,,,,,False
2018,120,NSH-CHI,Philipp Kurashev,C,F,philipp kurashev,3,8480798.0,Philipp Kurashev,2021.0,5578.016666666666,False
2018,121,TBL,Alexander Green,D,D,alexander green,3,,,,,False
2018,122,WPG-MTL-CGY,Milos Roman,C,F,milos roman,3,,,,,False
2018,123,VGK-FLA-SJS-MTL,Jack Gorniak,LW,F,jack gorniak,3,,,,,False
2018,125,BUF,Miska Kukkonen,D,D,miska kukkonen,3,,,,,False
2018,126,OTT,Angus Crookshank,LW,F,angus crookshank,3,8481065.0,Angus Crookshank,2024.0,278.98333333333335,False
2018,127,ARI-PHI,Wyatte Wylie,D,D,wyatte wylie,3,,,,,False
2018,128,MTL,Cole Fonstad,C,F,cole fonstad,3,,,,,False
2018,129,DET-PIT,Justin Almeida,C,F,justin almeida,3,,,,,False
2018,130,VAN,Toni Utunen,D,D,toni utunen,3,,,,,False
2018,131,CHI-NSH,Spencer Stastney,D,D,spencer stastney,3,8481056.0,Spencer Stastney,2023.0,1855.8166666666668,False
2018,132,NYR,Lauri Pajuniemi,RW,F,lauri pajuniemi,3,,,,,False
2018,133,EDM-MTL,Samuel Houde,C,F,samuel houde,3,,,,,False
2018,134,NYI,Blade Jenkins,LW,F,blade jenkins,3,,,,,False
2018,135,CAR-VGK,Brandon Kruse,LW,F,brandon kruse,3,,,,,False
2018,137,DAL,Riley Damiani,C,F,riley damiani,3,8480988.0,Riley Damiani,2022.0,59.75,False
2018,138,STL,Hugh McGing,LW,F,hugh mcging,3,8481070.0,Hugh McGing,2023.0,84.13333333333333,False
2018,139,FLA-SJS-MTL-CHI,Mikael Hakkarainen,C,F,mikael hakkarainen,3,,,,,False
2018,140,COL,Brandon Saigeon,C,F,brandon saigeon,3,,,,,False
2018,141,NJD,Yegor Sharangovich,C,F,yegor sharangovich,3,8481068.0,Yegor Sharangovich,2021.0,7063.366666666667,False
2018,142,CBJ-CHI-ARI,Michael Callahan,D,D,michael callahan,3,8480828.0,Michael Callahan,2025.0,305.3833333333334,False
2018,145,SJS-ARI,Dennis Busby,D,D,dennis busby,3,,,,,False
2018,146,PIT-COL,Danila Zhuravlyov,D,D,danila zhuravlyov,3,,,,,False
2018,148,MIN,Simon Johansson,D,D,simon johansson,3,,,,,False
2018,149,TOR,Filip Kral,D,D,filip kral,3,8480820.0,Filip Kral,2023.0,19.916666666666668,False
2018,150,BOS-WPG,Declan Chisholm,D,D,declan chisholm,3,8480990.0,Declan Chisholm,2022.0,2016.6833333333334,False
2018,151,NSH,Vladislav Yeryomenko,D,D,vladislav yeryomenko,3,,,,,False
2018,153,WPG,Giovanni Vallati,D,D,giovanni vallati,3,,,,,False
2018,154,VGK,Connor Corcoran,D,D,connor corcoran,3,,,,,False
2018,155,WSH-MIN,Damien Giroux,C,F,damien giroux,3,8480994.0,Damien Giroux,2023.0,13.95,False
2018,156,BUF-TOR,Pontus Holmberg,RW,F,pontus holmberg,3,8480995.0,Pontus Holmberg,2023.0,2805.6833333333334,False
2018,159,MTL-DET-CBJ,Tim Berni,D,D,tim berni,3,8481072.0,Tim Berni,2023.0,1000.9,False
2018,161,VAN-WSH,Alex Kannok-Leipert,D,D,alex kannok leipert,3,,,,,False
2018,163,NYR,Simon Kjellberg,D,D,simon kjellberg,3,,,,,False
2018,164,EDM,Michael Kesselring,D,D,michael kesselring,3,8480891.0,Michael Kesselring,2023.0,3086.1,False
2018,165,NYI-LAK,Johan Sodergran,RW,F,johan sodergran,3,,,,,False
2018,166,CAR,Jesper Sellgren,D,D,jesper sellgren,3,,,,,False
2018,167,CGY,Mathias Emilio Pettersen,C,F,mathias emilio pettersen,3,,,,,False
2018,168,DAL,Dawson Barteaux,D,D,dawson barteaux,3,,,,,False
2018,169,STL,Mathias Laferriere,RW,F,mathias laferriere,3,,,,,False
2018,170,FLA,Justin Schutz,LW,F,justin schutz,3,,,,,False
2018,171,COL,Nikolai Kovalenko,RW,F,nikolai kovalenko,3,8481042.0,Nikolai Kovalenko,2025.0,703.4,False
2018,172,NJD,Mitchell Hoelscher,C,F,mitchell hoelscher,3,,,,,False
2018,174,PHI,Gavin Hain,C,F,gavin hain,3,,,,,False
2018,177,PIT,Liam Gorman,C,F,liam gorman,3,,,,,False
2018,178,ANA,Hunter Drew,D,D,hunter drew,3,8481003.0,Hunter Drew,2022.0,19.716666666666665,False
2018,179,MIN,Shawn Boudrias,RW,F,shawn boudrias,3,,,,,False
2018,180,TOR-VGK,Peter Diliberatore,D,D,peter diliberatore,3,,,,,False
2018,181,BOS,Dustyn McFaul,D,D,dustyn mcfaul,3,,,,,False
2018,182,NSH-SJS,John Leonard,LW,F,john leonard,3,8481077.0,John Leonard,2021.0,890.3833333333333,False
2018,183,TBL,Cole Koepke,LW,F,cole koepke,3,8481043.0,Cole Koepke,2023.0,1726.2666666666667,False
2018,185,VGK,Xavier Bouchard,D,D,xavier bouchard,3,,,,,False
2018,186,WSH-VAN,Artyom Manukyan,RW,F,artyom manukyan,3,,,,,False
2018,187,BUF,William Worge Kreu,D,D,william worge kreu,3,,,,,False
2018,188,OTT,Jakov Novak,LW,F,jakov novak,3,,,,,False
2018,189,UTA,Liam Kirk,LW,F,liam kirk,3,,,,,False
2018,190,MTL-PHI-MTL,Brett Stapley,C,F,brett stapley,3,,,,,False
2018,191,DET,Otto Kivenmaki,C,F,otto kivenmaki,3,,,,,False
2018,193,CHI,Josiah Slavin,LW,F,josiah slavin,3,8481004.0,Josiah Slavin,2022.0,210.48333333333332,False
2018,194,NYR-OTT,Luke Loheit,RW,F,luke loheit,3,,,,,False
2018,195,EDM,Patrik Siikanen,C,F,patrik siikanen,3,,,,,False
2018,196,NYI,Christian Krygier,D,D,christian krygier,3,,,,,False
2018,198,CGY,Dmitry Zavgorodniy,LW,F,dmitry zavgorodniy,3,,,,,False
2018,199,DAL,Jermaine Loewen,LW,F,jermaine loewen,3,,,,,False
2018,200,STL,Tyler Tucker,D,D,tyler tucker,3,8481006.0,Tyler Tucker,2023.0,2249.1833333333334,False
2018,201,FLA,Cole Krygier,D,D,cole krygier,3,,,,,False
2018,203,NJD,Eetu Pakkila,LW,F,eetu pakkila,3,,,,,False
2018,204,CBJ,Trey Fix-Wolansky,RW,F,trey fix wolansky,3,8480441.0,Trey Fix-Wolansky,2022.0,275.06666666666666,False
2018,205,PHI,Marcus Westfalt,C,F,marcus westfalt,3,,,,,False
2018,206,LAK-TBL,Radim Salda,D,D,radim salda,3,,,,,False
2018,207,SJS-FLA,Santtu Kinnunen,D,D,santtu kinnunen,3,,,,,False
2018,210,MIN,Sam Hentges,C,F,sam hentges,3,,,,,False
2018,211,TOR,Semyon Kizimov,RW,F,semyon kizimov,3,,,,,False
2018,212,BOS,Pavel Shen,C,F,pavel shen,3,,,,,False
2018,215,WPG,Austin Wong,C,F,austin wong,3,,,,,False
2018,216,VGK-CAR-NYR,Riley Hughes,RW,F,riley hughes,3,,,,,False
2018,217,WSH,Eric Florchuk,C,F,eric florchuk,3,,,,,False
2019,1,NJD,Jack Hughes,C,F,jack hughes,0,8481559.0,Jack Hughes,2020.0,8447.433333333334,False
2019,2,NYR,Kaapo Kakko,RW,F,kaapo kakko,0,8481554.0,Kaapo Kakko,2020.0,6519.7,False
2019,3,CHI,Kirby Dach,C,F,kirby dach,0,8481523.0,Kirby Dach,2020.0,5008.349999999999,False
2019,4,OTT-COL,Bowen Byram,D,D,bowen byram,0,8481524.0,Bowen Byram,2021.0,6993.883333333333,False
2019,5,LAK,Alex Turcotte,C,F,alex turcotte,0,8481532.0,Alex Turcotte,2022.0,1772.7833333333333,False
2019,6,DET,Moritz Seider,D,D,moritz seider,0,8481542.0,Moritz Seider,2022.0,9781.983333333334,False
2019,7,BUF,Dylan Cozens,C,F,dylan cozens,0,8481528.0,Dylan Cozens,2021.0,7337.366666666667,False
2019,8,EDM,Philip Broberg,D,D,philip broberg,0,8481598.0,Philip Broberg,2022.0,4314.933333333333,False
2019,9,ANA,Trevor Zegras,C,F,trevor zegras,0,8481533.0,Trevor Zegras,2021.0,6254.6833333333325,False
2019,10,VAN,Vasily Podkolzin,RW,F,vasily podkolzin,0,8481617.0,Vasily Podkolzin,2022.0,4022.15,False
2019,11,PHI-ARI,Victor Soderstrom,D,D,victor soderstrom,1,8481599.0,Victor Soderstrom,2021.0,966.5,False
2019,12,MIN,Matt Boldy,LW,F,matt boldy,1,8481557.0,Matt Boldy,2022.0,6866.733333333334,False
2019,14,ARI-PHI,Cam York,D,D,cam york,1,8481546.0,Cam York,2021.0,6586.766666666666,False
2019,15,MTL,Cole Caufield,RW,F,cole caufield,1,8481540.0,Cole Caufield,2021.0,6635.049999999999,False
2019,16,COL,Alex Newhook,C,F,alex newhook,1,8481618.0,Alex Newhook,2021.0,4969.416666666667,False
2019,17,VGK,Peyton Krebs,C,F,peyton krebs,1,8481522.0,Peyton Krebs,2021.0,5158.516666666666,False
2019,18,DAL,Thomas Harley,D,D,thomas harley,1,8481581.0,Thomas Harley,2022.0,5664.299999999999,False
2019,19,CBJ-OTT,Lassi Thomson,D,D,lassi thomson,1,8481575.0,Lassi Thomson,2022.0,448.8666666666667,False
2019,20,WPG-NYR-WPG,Ville Heinola,D,D,ville heinola,1,8481572.0,Ville Heinola,2020.0,859.4166666666666,False
2019,21,PIT,Sam Poulin,RW,F,sam poulin,1,8481591.0,Sam Poulin,2023.0,151.41666666666666,False
2019,22,TOR-LAK,Tobias Bjornfot,D,D,tobias bjornfot,1,8481600.0,Tobias Bjornfot,2020.0,2418.0833333333335,False
2019,23,NYI,Simon Holmstrom,RW,F,simon holmstrom,1,8481601.0,Simon Holmstrom,2023.0,4140.25,False
2019,24,NSH,Philip Tomasino,C,F,philip tomasino,1,8481577.0,Philip Tomasino,2022.0,2782.3166666666666,False
2019,25,WSH,Connor McMichael,C,F,connor mcmichael,1,8481580.0,Connor McMichael,2021.0,4750.8,False
2019,26,CGY,Jakob Pelletier,LW,F,jakob pelletier,1,8481592.0,Jakob Pelletier,2023.0,1073.9166666666667,False
2019,27,TBL,Nolan Foote,LW,F,nolan foote,1,8481518.0,Nolan Foote,2021.0,412.6666666666667,False
2019,28,CAR,Ryan Suzuki,C,F,ryan suzuki,1,8481576.0,Ryan Suzuki,2025.0,13.183333333333334,False
2019,29,SJS-BUF-ANA,Brayden Tracey,LW,F,brayden tracey,1,8481530.0,Brayden Tracey,2022.0,9.35,False
2019,30,BOS,John Beecher,C,F,john beecher,1,8481556.0,John Beecher,2024.0,1797.75,False
2019,31,STL-BUF,Ryan Johnson,D,D,ryan johnson,2,8481564.0,Ryan Johnson,2024.0,648.55,False
2019,32,OTT,Shane Pinto,C,F,shane pinto,2,8481596.0,Shane Pinto,2021.0,4844.0,False
2019,33,LAK,Arthur Kaliyev,RW,F,arthur kaliyev,2,8481560.0,Arthur Kaliyev,2021.0,2460.6666666666665,False
2019,34,NJD-NSH-PHI,Bobby Brink,RW,F,bobby brink,2,8481553.0,Bobby Brink,2022.0,3143.15,False
2019,35,DET,Antti Tuomisto,D,D,antti tuomisto,2,,,,,False
2019,38,EDM,Raphael Lavoie,C,F,raphael lavoie,2,8481534.0,Raphael Lavoie,2024.0,150.29999999999998,False
2019,39,ANA,Jackson LaCombe,D,D,jackson lacombe,2,8481605.0,Jackson LaCombe,2023.0,5073.616666666667,False
2019,40,VAN,Nils Hoglander,LW,F,nils hoglander,2,8481535.0,Nils Hoglander,2021.0,4232.716666666666,False
2019,41,PHI-SJS-VGK,Kaedan Korczak,D,D,kaedan korczak,2,8481527.0,Kaedan Korczak,2022.0,2469.883333333333,False
2019,42,MIN,Vladislav Firstov,LW,F,vladislav firstov,2,,,,,False
2019,43,CHI,Alex Vlasic,D,D,alex vlasic,2,8481568.0,Alex Vlasic,2022.0,5558.35,False
2019,44,FLA-SJS-OTT-CAR,Jamieson Rees,C,F,jamieson rees,2,,,,,False
2019,45,ARI-PHI-NSH,Egor Afanasyev,LW,F,egor afanasyev,2,8481585.0,Egor Afanasyev,2023.0,210.39999999999998,False
2019,46,MTL,Jayden Struble,D,D,jayden struble,2,8481593.0,Jayden Struble,2024.0,2566.7833333333338,False
2019,47,COL,Drew Helleson,D,D,drew helleson,2,8481563.0,Drew Helleson,2023.0,1974.5,False
2019,48,VGK-SJS,Artemi Kniazev,D,D,artemi kniazev,2,8481552.0,Artemi Kniazev,2022.0,11.983333333333333,False
2019,49,DAL-NYR,Matthew Robertson,D,D,matthew robertson,2,8481525.0,Matthew Robertson,2025.0,1288.3833333333332,False
2019,50,CBJ-VGK-MTL-LAK,Samuel Fagemo,LW,F,samuel fagemo,2,8481239.0,Samuel Fagemo,2022.0,199.03333333333333,False
2019,51,WPG,Simon Lundmark,D,D,simon lundmark,2,8481547.0,Simon Lundmark,2026.0,16.75,False
2019,52,PIT-FLA,Vladislav Kolyachonok,D,D,vladislav kolyachonok,2,8481609.0,Vladislav Kolyachonok,2022.0,1215.6333333333334,False
2019,53,TOR,Nick Robertson,LW,F,nick robertson,2,,,,,False
2019,54,NYI-VGK-DET,Robert Mastrosimone,LW,F,robert mastrosimone,2,,,,,False
2019,55,NSH-NJD-SJS,Dillon Hamaliuk,LW,F,dillon hamaliuk,2,,,,,False
2019,56,WSH,Brett Leason,RW,F,brett leason,2,8481517.0,Brett Leason,2022.0,2651.483333333333,False
2019,57,CGY-NYI,Samuel Bolduc,D,D,samuel bolduc,2,8481541.0,Samuel Bolduc,2023.0,697.7,False
2019,58,TBL-NYR,Karl Henriksson,C,F,karl henriksson,2,,,,,False
2019,60,SJS-DET,Albert Johansson,D,D,albert johansson,2,8481607.0,Albert Johansson,2025.0,2305.0833333333335,False
2019,61,BOS-NJD,Nikita Okhotiuk,D,D,nikita okhotiuk,3,8481537.0,Nikita Okhotiuk,2022.0,1020.85,False
2019,62,STL,Nikita Alexandrov,C,F,nikita alexandrov,3,8481543.0,Nikita Alexandrov,2023.0,470.8666666666667,False
2019,63,OTT-COL,Matt Stienburg,C,F,matt stienburg,3,8481737.0,Matt Stienburg,2025.0,48.71666666666667,False
2019,64,LAK-MTL,Mattias Norlinder,D,D,mattias norlinder,3,8481555.0,Mattias Norlinder,2022.0,73.75,False
2019,65,NJD-EDM-PHI-NSH,Alex Campbell,LW,F,alex campbell,3,,,,,False
2019,66,DET,Albin Grewe,RW,F,albin grewe,3,,,,,False
2019,68,NYR,Zac Jones,D,D,zac jones,3,8481708.0,Zac Jones,2021.0,1828.85,False
2019,69,EDM-FLA,John Ludvig,D,D,john ludvig,3,8481206.0,John Ludvig,2024.0,493.20000000000005,False
2019,70,ANA-NJD,Daniil Misyul,D,D,daniil misyul,3,8481536.0,Daniil Misyul,2025.0,12.383333333333333,False
2019,72,PHI,Ronnie Attard,D,D,ronnie attard,3,8481521.0,Ronnie Attard,2022.0,467.01666666666665,False
2019,73,MIN-CAR,Patrik Puistola,RW,F,patrik puistola,3,,,,,False
2019,74,CHI-ARI-PIT,Nathan Légaré,RW,F,nathan legare,3,,,,,False
2019,75,FLA-NSH-MIN,Adam Beckman,LW,F,adam beckman,3,8481550.0,Adam Beckman,2022.0,230.93333333333334,False
2019,76,UTA,John Farinacci,C,F,john farinacci,3,8481558.0,John Farinacci,2025.0,10.966666666666669,False
2019,77,MTL,Gianni Fairbrother,D,D,gianni fairbrother,3,,,,,False
2019,78,COL,Alex Beaucage,RW,F,alex beaucage,3,,,,,False
2019,79,VGK,Pavel Dorofeyev,LW,F,pavel dorofeyev,3,8481604.0,Pavel Dorofeyev,2022.0,3691.9,False
2019,80,DAL-NJD,Graeme Clarke,RW,F,graeme clarke,3,8481578.0,Graeme Clarke,2024.0,34.15,False
2019,81,CBJ-FLA,Cole Schwindt,RW,F,cole schwindt,3,8481655.0,Cole Schwindt,2022.0,749.4333333333334,False
2019,82,WPG-VGK-SJS-NJD,Michael Vukojevic,D,D,michael vukojevic,3,,,,,False
2019,83,PIT-VGK-OTT-CAR,Anttoni Honka,D,D,anttoni honka,3,,,,,False
2019,84,TOR,Mikko Kokkonen,D,D,mikko kokkonen,3,,,,,False
2019,86,NSH-VGK,Layton Ahac,D,D,layton ahac,3,,,,,False
2019,88,CGY,Ilya Nikolaev,C,F,ilya nikolaev,3,,,,,False
2019,89,TBL,Maxim Cajkovic,RW,F,maxim cajkovic,3,,,,,False
2019,90,CAR,Domenick Fensore,D,D,domenick fensore,3,8481562.0,Domenick Fensore,2025.0,57.5,False
2019,91,SJS-NJD-WSH,Aliaksei Protas,C,F,aliaksei protas,3,8481656.0,Aliaksei Protas,2022.0,4767.333333333334,False
2019,92,BOS,Quinn Olson,LW,F,quinn olson,3,,,,,False
2019,94,OTT,Viktor Lodin,C,F,viktor lodin,3,8481657.0,Viktor Lodin,2022.0,10.416666666666666,False
2019,95,LAK,Jordan Spence,D,D,jordan spence,3,8481606.0,Jordan Spence,2022.0,4275.383333333333,False
2019,96,NJD,Tyce Thompson,RW,F,tyce thompson,3,8481740.0,Tyce Thompson,2021.0,107.18333333333334,False
2019,97,DET,Ethan Phillips,C,F,ethan phillips,3,,,,,False
2019,98,BUF-PIT-ARI,Matias Maccelli,LW,F,matias maccelli,3,8481711.0,Matias Maccelli,2022.0,4450.5,False
2019,99,NYR-BOS-MIN-CAR,Cade Webber,D,D,cade webber,3,,,,,False
2019,100,EDM,Matěj  Blümel,RW,F,matej blumel,3,8481712.0,Matej Blumel,2023.0,160.71666666666667,False
2019,101,ANA,Henry Thrun,D,D,henry thrun,3,8481567.0,Henry Thrun,2023.0,2289.1666666666665,False
2019,102,VAN-BUF,Aaron Huglen,RW,F,aaron huglen,3,,,,,False
2019,103,PHI,Mason Millman,D,D,mason millman,3,,,,,False
2019,104,MIN-PIT-FLA-CBJ,Eric Hjorth,D,D,eric hjorth,3,,,,,False
2019,105,CHI,Michal Teply,LW,F,michal teply,3,,,,,False
2019,106,FLA,Carter Berger,D,D,carter berger,3,,,,,False
2019,107,UTA,Alexandr Darin,RW,F,alexandr darin,3,,,,,False
2019,108,MTL-SJS,Yegor Spiridonov,C,F,yegor spiridonov,3,,,,,False
2019,109,COL-NSH,Marc Del Gaizo,D,D,marc del gaizo,3,8481743.0,Marc Del Gaizo,2024.0,918.75,False
2019,110,VGK,Ryder Donovan,C,F,ryder donovan,3,,,,,False
2019,111,DAL,Samuel Sjolund,D,D,samuel sjolund,3,,,,,False
2019,112,CBJ-NYR,Hunter Skinner,D,D,hunter skinner,3,8481715.0,Hunter Skinner,2026.0,10.75,False
2019,113,WPG,Henri Nikkanen,C,F,henri nikkanen,3,,,,,False
2019,114,PIT-FLA-CBJ,Dmitri Voronkov,LW,F,dmitri voronkov,3,8481716.0,Dmitri Voronkov,2024.0,3112.9333333333334,False
2019,115,TOR,Mikhail Abramov,C,F,mikhail abramov,3,,,,,False
2019,116,NYI-CGY,Lucas Feuk,LW,F,lucas feuk,3,,,,,False
2019,117,NSH,Semyon Chystyakov,D,D,semyon chystyakov,3,,,,,False
2019,118,WSH-NJD,Case McCarthy,D,D,case mccarthy,3,,,,,False
2019,119,CGY-MTL-LAK,Kim Nousiainen,D,D,kim nousiainen,3,,,,,False
2019,120,TBL,Maxwell Crozier,D,D,maxwell crozier,3,8481719.0,Maxwell Crozier,2024.0,812.0,False
2019,121,CAR,Tuukka Tieksola,RW,F,tuukka tieksola,3,,,,,False
2019,122,SJS-BUF-VAN,Ethan Keppen,LW,F,ethan keppen,3,,,,,False
2019,123,BOS-CHI,Antti Saarela,C,F,antti saarela,3,,,,,False
2019,124,STL-TOR,Nick Abruzzese,C,F,nick abruzzese,3,,,,,False
2019,125,OTT,Mark Kastelic,C,F,mark kastelic,3,8480355.0,Mark Kastelic,2022.0,2901.2666666666664,False
2019,126,LAK-MTL,Jacob Leguerrier,D,D,jacob leguerrier,3,,,,,False
2019,128,DET,Cooper Moore,D,D,cooper moore,3,,,,,False
2019,129,BUF-DET-WSH-NJD,Arseni Gritsyuk,RW,F,arseni gritsyuk,3,,,,,False
2019,130,NYR,Leevi Aaltonen,RW,F,leevi aaltonen,3,,,,,False
2019,131,EDM-MTL,Rhett Pitlick,LW,F,rhett pitlick,3,,,,,False
2019,132,ANA,Trevor Janicke,C,F,trevor janicke,3,,,,,False
2019,133,VAN,Carson Focht,C,F,carson focht,3,,,,,False
2019,134,PHI-WPG,Harrison Blaisdell,C,F,harrison blaisdell,3,,,,,False
2019,136,CHI-MTL-FLA,Henrik Rybinski,RW,F,henrik rybinski,3,,,,,False
2019,137,FLA,Owen Lindmark,C,F,owen lindmark,3,,,,,False
2019,139,MTL-VGK,Marcus Kallionkieli,LW,F,marcus kallionkieli,3,,,,,False
2019,140,COL,Sasha Mutala,RW,F,sasha mutala,3,,,,,False
2019,141,VGK,Mason Primeau,C,F,mason primeau,3,,,,,False
2019,142,DAL,Nicholas Porco,LW,F,nicholas porco,3,,,,,False
2019,143,CBJ-DET-BUF,Filip Cederqvist,LW,F,filip cederqvist,3,,,,,False
2019,145,PIT,Judd Caulfield,RW,F,judd caulfield,3,,,,,False
2019,146,TOR,Michael Koster,D,D,michael koster,3,,,,,False
2019,147,NYI,Reece Newkirk,C,F,reece newkirk,3,,,,,False
2019,149,WSH-MTL-MIN,Matvey Guskov,C,F,matvey guskov,3,,,,,False
2019,150,CGY,Joshua Nodler,C,F,joshua nodler,3,,,,,False
2019,151,TBL-CHI-PIT-ARI,Aku Raty,RW,F,aku raty,3,8481699.0,Aku Raty,2024.0,11.75,False
2019,152,CAR,Kirill Slepets,RW,F,kirill slepets,3,,,,,False
2019,153,SJS-WSH,Martin Has,D,D,martin has,3,,,,,False
2019,154,BOS,Roman Bychkov,D,D,roman bychkov,3,,,,,False
2019,155,STL,Keean Washkurak,C,F,keean washkurak,3,,,,,False
2019,157,LAK,Braden Doyle,D,D,braden doyle,3,,,,,False
2019,158,NJD,Patrick Moynihan,RW,F,patrick moynihan,3,,,,,False
2019,159,DET,Elmer Soderblom,RW,F,elmer soderblom,3,8481725.0,Elmer Soderblom,2023.0,1256.65,False
2019,160,BUF,Lukas Rousek,RW,F,lukas rousek,3,8481751.0,Lukas Rousek,2023.0,182.03333333333333,False
2019,161,NYR,Adam Edstrom,C,F,adam edstrom,3,8481726.0,Adam Edstrom,2024.0,896.5999999999999,False
2019,162,EDM,Tomas Mazura,C,F,tomas mazura,3,,,,,False
2019,163,ANA,William Francis,D,D,william francis,3,,,,,False
2019,164,VAN-SJS,Timur Ibragimov,LW,F,timur ibragimov,3,,,,,False
2019,165,PHI,Egor Serdyuk,RW,F,egor serdyuk,3,,,,,False
2019,166,MIN,Marshall Warren,D,D,marshall warren,3,8481569.0,Marshall Warren,2026.0,91.81666666666666,False
2019,168,FLA,Greg Meireles,C,F,greg meireles,3,,,,,False
2019,170,MTL,Arsen Khisamutdinov,C,F,arsen khisamutdinov,3,,,,,False
2019,171,COL,Luka Burzan,RW,F,luka burzan,3,,,,,False
2019,172,VGK-MIN,Nikita Nesterenko,C,F,nikita nesterenko,3,8481754.0,Nikita Nesterenko,2023.0,715.95,False
2019,173,DAL,Benjamin Brinkman,D,D,benjamin brinkman,3,,,,,False
2019,174,CBJ-ARI,Danil Savunov,LW,F,danil savunov,3,,,,,False
2019,175,WPG-BUF-VAN,Karel Plasek,RW,F,karel plasek,3,,,,,False
2019,176,PIT-ARI,Anthony Romano,C,F,anthony romano,3,,,,,False
2019,177,TOR-BUF-DET,Gustav Berglund,D,D,gustav berglund,3,,,,,False
2019,178,NYI,Felix Bibeau,C,F,felix bibeau,3,,,,,False
2019,179,NSH,Isak Walther,RW,F,isak walther,3,,,,,False
2019,180,WSH-VAN,Jack Malone,RW,F,jack malone,3,,,,,False
2019,181,CGY-CAR,Kevin Wall,RW,F,kevin wall,3,,,,,False
2019,182,TBL,Quinn Schmiemann,D,D,quinn schmiemann,3,,,,,False
2019,183,CAR,Blake Murray,C,F,blake murray,3,,,,,False
2019,184,SJS,Santeri Hatakka,D,D,santeri hatakka,3,8481701.0,Santeri Hatakka,2022.0,289.4166666666667,False
2019,185,BOS,Matias Mantykivi,C,F,matias mantykivi,3,,,,,False
2019,186,STL-ANA,Mathew Hill,D,D,mathew hill,3,,,,,False
2019,187,OTT,Maxence Guenette,D,D,maxence guenette,3,8481679.0,Maxence Guenette,2023.0,105.30000000000001,False
2019,188,LAK,Andre Lee,LW,F,andre lee,3,8481732.0,Andre Lee,2025.0,246.23333333333335,False
2019,189,NJD,Nikola Pasic,RW,F,nikola pasic,3,,,,,False
2019,190,DET,Kirill Tyutyayev,LW,F,kirill tyutyayev,3,,,,,False
2019,192,NYR-BOS,Jake Schmaltz,LW,F,jake schmaltz,3,,,,,False
2019,193,EDM,Maxim Denezhkin,C,F,maxim denezhkin,3,,,,,False
2019,194,ANA-CHI,Cole Moberg,D,D,cole moberg,3,,,,,False
2019,195,VAN,Aidan McDonough,LW,F,aidan mcdonough,3,8481683.0,Aidan McDonough,2023.0,55.85,False
2019,196,PHI,Bryce Brodzinski,RW,F,bryce brodzinski,3,,,,,False
2019,198,CHI-TBL,Mikhail Shalagin,LW,F,mikhail shalagin,3,,,,,False
2019,199,FLA,Matthew Wedman,C,F,matthew wedman,3,,,,,False
2019,200,UTA,Axel Bergkvist,D,D,axel bergkvist,3,,,,,False
2019,201,MTL-PHI-MTL,Rafael Harvey-Pinard,LW,F,rafael harvey pinard,3,8481093.0,Rafael Harvey-Pinard,2022.0,1226.7666666666667,False
2019,203,VGK-PIT,Valtteri Puustinen,RW,F,valtteri puustinen,3,8481703.0,Valtteri Puustinen,2022.0,749.6833333333334,False
2019,204,DAL-TOR,Kalle Loponen,D,D,kalle loponen,3,,,,,False
2019,205,CBJ-NYR,Eric Ciccolini,RW,F,eric ciccolini,3,,,,,False
2019,206,WPG-MTL,Kieran Ruscheinski,D,D,kieran ruscheinski,3,,,,,False
2019,207,PIT-ARI,Valentin Nussbaumer,C,F,valentin nussbaumer,3,,,,,False
2019,209,NYI,Cole Coskey,RW,F,cole coskey,3,,,,,False
2019,210,NSH,Juuso Parssinen,C,F,juuso parssinen,3,8481704.0,Juuso Parssinen,2023.0,1969.95,False
2019,211,WSH-SJS-PIT,Santeri Airola,D,D,santeri airola,3,,,,,False
2019,212,CGY-OTT-CBJ,Tyler Angle,C,F,tyler angle,3,8481690.0,Tyler Angle,2023.0,39.61666666666667,False
2019,213,TBL,McKade Webster,LW,F,mckade webster,3,,,,,False
2019,215,SJS-VAN,Arvid Costmar,C,F,arvid costmar,3,,,,,False
2019,216,BOS-NYR-CAR,Massimo Rizzo,C,F,massimo rizzo,3,,,,,False
2019,217,STL,Jeremy Michel,LW,F,jeremy michel,3,,,,,False
2020,1,NYR,Alexis Lafrenière,LW,F,alexis lafreniere,0,8482109.0,Alexis Lafreniere,2021.0,7371.25,False
2020,2,LAK,Quinton Byfield,C,F,quinton byfield,0,8482124.0,Quinton Byfield,2021.0,5730.783333333334,False
2020,3,SJS-OTT,Tim Stützle,LW,F,tim stutzle,0,8482116.0,Tim Stutzle,2021.0,8616.933333333334,False
2020,4,DET,Lucas Raymond,LW,F,lucas raymond,0,8482078.0,Lucas Raymond,2022.0,7274.6,False
2020,5,OTT,Jake Sanderson,D,D,jake sanderson,0,8482105.0,Jake Sanderson,2023.0,7141.716666666666,False
2020,6,ANA,Jamie Drysdale,D,D,jamie drysdale,0,8482142.0,Jamie Drysdale,2021.0,5963.983333333334,False
2020,7,NJD,Alexander Holtz,RW,F,alexander holtz,0,8482125.0,Alexander Holtz,2022.0,2195.116666666667,False
2020,8,BUF,Jack Quinn,RW,F,jack quinn,0,8482097.0,Jack Quinn,2022.0,3874.3166666666666,False
2020,9,MIN,Marco Rossi,C,F,marco rossi,0,8482079.0,Marco Rossi,2022.0,4010.883333333333,False
2020,10,WPG,Cole Perfetti,C,F,cole perfetti,0,8482149.0,Cole Perfetti,2022.0,4290.633333333333,False
2020,12,FLA,Anton Lundell,C,F,anton lundell,1,8482113.0,Anton Lundell,2022.0,5963.333333333333,False
2020,13,TOR-CAR,Seth Jarvis,C,F,seth jarvis,1,8482093.0,Seth Jarvis,2022.0,6544.366666666667,False
2020,14,EDM,Dylan Holloway,C,F,dylan holloway,1,8482077.0,Dylan Holloway,2023.0,3293.433333333333,False
2020,15,PIT-TOR,Rodion Amirov,LW,F,rodion amirov,1,,,,,False
2020,16,MTL,Kaiden Guhle,D,D,kaiden guhle,1,8482087.0,Kaiden Guhle,2023.0,4285.966666666667,False
2020,17,CHI,Lukas Reichel,LW,F,lukas reichel,1,8482117.0,Lukas Reichel,2022.0,2633.5666666666666,False
2020,18,ARI-NJD,Dawson Mercer,C,F,dawson mercer,1,8482110.0,Dawson Mercer,2022.0,7087.233333333334,False
2020,19,CGY-NYR,Braden Schneider,D,D,braden schneider,1,8482073.0,Braden Schneider,2022.0,6348.233333333334,False
2020,20,VAN-TBL-NJD,Shakir Mukhamadullin,D,D,shakir mukhamadullin,1,8482166.0,Shakir Mukhamadullin,2024.0,1462.6,False
2020,21,CBJ,Egor Chinakhov,RW,F,egor chinakhov,1,,,,,False
2020,22,CAR-NYR-CGY-WSH,Hendrix Lapierre,C,F,hendrix lapierre,1,8482148.0,Hendrix Lapierre,2022.0,1559.05,False
2020,23,PHI,Tyson Foerster,RW,F,tyson foerster,1,8482159.0,Tyson Foerster,2023.0,3329.733333333333,False
2020,24,WSH-CGY,Connor Zary,C,F,connor zary,1,8482074.0,Connor Zary,2024.0,2893.5333333333333,False
2020,25,COL,Justin Barron,D,D,justin barron,1,8482111.0,Justin Barron,2022.0,3471.95,False
2020,26,STL,Jake Neighbours,LW,F,jake neighbours,1,8482089.0,Jake Neighbours,2022.0,4182.25,False
2020,27,BOS-ANA,Jacob Perreault,RW,F,jacob perreault,1,8482150.0,Jacob Perreault,2022.0,11.083333333333334,False
2020,28,NYI-OTT,Ridly Greig,C,F,ridly greig,1,8482092.0,Ridly Greig,2023.0,3937.1833333333334,False
2020,29,VGK,Brendan Brisson,C,F,brendan brisson,1,8482153.0,Brendan Brisson,2024.0,305.6166666666667,False
2020,30,DAL,Mavrik Bourque,C,F,mavrik bourque,1,8482145.0,Mavrik Bourque,2024.0,2206.7666666666664,False
2020,31,TBL-SJS,Ozzy Wiesblatt,C,F,ozzy wiesblatt,2,8482103.0,Ozzy Wiesblatt,2025.0,462.78333333333336,False
2020,32,DET,William Wallinder,D,D,william wallinder,2,,,,,False
2020,33,OTT,Roby Jarventie,LW,F,roby jarventie,2,8482162.0,Roby Jarventie,2024.0,76.66666666666666,False
2020,34,SJS-BUF,JJ Peterka,RW,F,jj peterka,2,8482175.0,JJ Peterka,2022.0,5138.15,False
2020,35,LAK,Helge Grans,D,D,helge grans,2,8482169.0,Helge Grans,2025.0,86.75,False
2020,36,ANA,Sam Colangelo,RW,F,sam colangelo,2,8482118.0,Sam Colangelo,2024.0,528.8333333333334,False
2020,37,NJD-NSH-MIN,Marat Khusnutdinov,C,F,marat khusnutdinov,2,8482177.0,Marat Khusnutdinov,2024.0,2232.666666666667,False
2020,38,BUF-SJS,Thomas Bordeleau,C,F,thomas bordeleau,2,8482133.0,Thomas Bordeleau,2022.0,662.8666666666667,False
2020,39,MIN,Ryan O'Rourke,D,D,ryan o rourke,2,,,,,False
2020,40,WPG,Daniel Torgersson,LW,F,daniel torgersson,2,,,,,False
2020,41,NYR-CAR,Noel Gunler,RW,F,noel gunler,2,,,,,False
2020,42,NSH,Luke Evangelista,RW,F,luke evangelista,2,8482146.0,Luke Evangelista,2023.0,3803.866666666667,False
2020,43,FLA,Emil Heineman,LW,F,emil heineman,2,8482476.0,Emil Heineman,2024.0,2108.6500000000005,False
2020,44,TOR-OTT,Tyler Kleven,D,D,tyler kleven,2,8482095.0,Tyler Kleven,2023.0,2588.5666666666666,False
2020,45,EDM-DET-LAK,Brock Faber,D,D,brock faber,2,8482122.0,Brock Faber,2023.0,6053.133333333334,False
2020,47,MTL,Luke Tuch,LW,F,luke tuch,2,,,,,False
2020,48,CHI-MTL,Jan Mysak,C,F,jan mysak,2,,,,,False
2020,49,UTA,Forfeited,?,F,forfeited,2,,,,,False
2020,50,CGY,Yan Kuznetsov,D,D,yan kuznetsov,2,8482165.0,Yan Kuznetsov,2024.0,1156.8,False
2020,51,VAN-LAK-DET,Theodor Niederbach,C,F,theodor niederbach,2,,,,,False
2020,53,CAR,Vasily Ponomarev,C,F,vasily ponomarev,2,8482102.0,Vasily Ponomarev,2024.0,89.55000000000001,False
2020,54,PHI,Emil Andrae,D,D,emil andrae,2,8482126.0,Emil Andrae,2024.0,1716.0500000000002,False
2020,55,WSH-DET,Cross Hanas,LW,F,cross hanas,2,,,,,False
2020,56,COL-WSH-SJS,Tristen Robins,C,F,tristen robins,2,8482181.0,Tristen Robins,2023.0,41.13333333333333,False
2020,57,STL-MTL-TBL,Jack Finley,C,F,jack finley,2,8482090.0,Jack Finley,2025.0,435.6166666666667,False
2020,58,BOS,Mason Lohrei,D,D,mason lohrei,2,8482511.0,Mason Lohrei,2024.0,3432.9666666666662,False
2020,59,NYI-OTT-TOR,Roni Hirvonen,C,F,roni hirvonen,2,,,,,False
2020,60,VGK-LAK-NYR,Will Cuylle,LW,F,will cuylle,2,8482157.0,Will Cuylle,2023.0,3547.633333333333,False
2020,61,DAL-VGK-OTT,Egor Sokolov,LW,F,egor sokolov,3,8481102.0,Egor Sokolov,2022.0,118.16666666666667,False
2020,62,TBL,Gage Goncalves,C,F,gage goncalves,3,8482201.0,Gage Goncalves,2024.0,1756.1333333333332,False
2020,63,DET,Donovan Sebrango,D,D,donovan sebrango,3,8482131.0,Donovan Sebrango,2025.0,654.9833333333333,False
2020,64,OTT-TOR,Topi Niemela,D,D,topi niemela,3,,,,,False
2020,65,SJS-DET-MIN,Daemon Hunt,D,D,daemon hunt,3,8482094.0,Daemon Hunt,2024.0,543.7833333333333,False
2020,66,LAK,Kasper Simontaival,RW,F,kasper simontaival,3,,,,,False
2020,67,ANA,Ian Moore,D,D,ian moore,3,8482178.0,Ian Moore,2025.0,956.6499999999999,False
2020,68,NJD-VGK,Lukas Cormier,D,D,lukas cormier,3,8482141.0,Lukas Cormier,2024.0,34.56666666666667,False
2020,69,BUF-CAR,Alexander Nikishin,D,D,alexander nikishin,3,8482100.0,Alexander Nikishin,2026.0,1472.9333333333334,False
2020,70,MIN-NSH-MIN-DET,Eemil Viro,D,D,eemil viro,3,,,,,False
2020,72,NYR-CGY,Jeremie Poirier,D,D,jeremie poirier,3,,,,,False
2020,73,NSH,Luke Prokop,D,D,luke prokop,3,,,,,False
2020,74,FLA,Ty Smilanic,C,F,ty smilanic,3,,,,,False
2020,75,TOR-COL,Jean-Luc Foudy,C,F,jean luc foudy,3,8482147.0,Jean-Luc Foudy,2023.0,116.01666666666668,False
2020,76,EDM-SJS,Danil Gushchin,LW,F,danil gushchin,3,8482101.0,Danil Gushchin,2023.0,238.14999999999998,False
2020,78,MTL-CBJ,Samuel Knazko,D,D,samuel knazko,3,8482448.0,Samuel Knazko,2023.0,31.283333333333335,False
2020,79,CHI,Landon Slaggert,LW,F,landon slaggert,3,8482172.0,Landon Slaggert,2024.0,1133.9166666666665,False
2020,80,ARI-COL-WSH-CGY,Jake Boltmann,D,D,jake boltmann,3,,,,,False
2020,81,CGY-CHI,Wyatt Kaiser,D,D,wyatt kaiser,3,8482176.0,Wyatt Kaiser,2023.0,3264.3166666666666,False
2020,82,VAN,Joni Jurmo,D,D,joni jurmo,3,,,,,False
2020,83,CBJ-OTT-TOR-LAK,Alex Laferriere,RW,F,alex laferriere,3,8482155.0,Alex Laferriere,2024.0,3845.2333333333336,False
2020,85,PHI-SJS-TBL,Maxim Groshev,RW,F,maxim groshev,3,,,,,False
2020,86,WSH-MTL-STL,Dylan Peterson,C,F,dylan peterson,3,,,,,False
2020,87,COL-FLA,Justin Sourdif,RW,F,justin sourdif,3,8482088.0,Justin Sourdif,2024.0,1185.6000000000001,False
2020,88,STL,Leo Loof,D,D,leo loof,3,,,,,False
2020,89,BOS,Trevor Kuntar,C,F,trevor kuntar,3,8482479.0,Trevor Kuntar,2026.0,5.2,False
2020,90,NYI,Alexander Ljungkrantz,RW,F,alexander ljungkrantz,3,,,,,False
2020,91,VGK,Jackson Hallum,LW,F,jackson hallum,3,,,,,False
2020,92,DAL-NYR,Oliver Tarnstrom,C,F,oliver tarnstrom,3,,,,,False
2020,93,TBL,Jack Thompson,D,D,jack thompson,3,8482144.0,Jack Thompson,2024.0,536.5166666666667,False
2020,94,DET-TBL-PHI,Zayde Wisdom,RW,F,zayde wisdom,3,,,,,False
2020,95,OTT-FLA,Mike Benning,D,D,mike benning,3,8482107.0,Mike Benning,2026.0,304.23333333333335,False
2020,97,LAK-DET,Sam Stange,RW,F,sam stange,3,,,,,False
2020,98,ANA-MTL-SJS,Brandon Coe,RW,F,brandon coe,3,,,,,False
2020,99,NJD,Jaromir Pytlik,C,F,jaromir pytlik,3,,,,,False
2020,100,BUF-SJS-EDM,Carter Savoie,LW,F,carter savoie,3,,,,,False
2020,101,MIN-NSH,Adam Wilsby,D,D,adam wilsby,3,8482482.0,Adam Wilsby,2025.0,1402.75,False
2020,102,WPG-MTL,Jack Smith,C,F,jack smith,3,,,,,False
2020,104,NSH-PHI-ANA,Thimo Nickl,D,D,thimo nickl,3,,,,,False
2020,105,FLA,Zachary Uens,D,D,zachary uens,3,,,,,False
2020,108,PIT,Lukas Svejkovsky,C,F,lukas svejkovsky,3,,,,,False
2020,109,MTL,Blake Biondi,C,F,blake biondi,3,,,,,False
2020,110,CHI,Michael Krutil,D,D,michael krutil,3,,,,,False
2020,111,UTA,Mitchell Miller,D,D,mitchell miller,3,,,,,False
2020,113,VAN,Jackson Kunz,LW,F,jackson kunz,3,,,,,False
2020,114,CBJ,Mikael Pyyhtia,LW,F,mikael pyyhtia,3,8482451.0,Mikael Pyyhtia,2023.0,870.65,False
2020,115,CAR,Zion Nybeck,LW,F,zion nybeck,3,,,,,False
2020,116,PHI-TBL,Eamon Powell,D,D,eamon powell,3,,,,,False
2020,117,WSH,Bogdan Trineyev,RW,F,bogdan trineyev,3,8482167.0,Bogdan Trineyev,2026.0,21.05,False
2020,118,COL,Colby Ambrosio,C,F,colby ambrosio,3,,,,,False
2020,119,STL,Tanner Dickinson,C,F,tanner dickinson,3,,,,,False
2020,120,BOS-NJD,Ethan Edwards,D,D,ethan edwards,3,,,,,False
2020,121,NYI,Alex Jefferies,LW,F,alex jefferies,3,,,,,False
2020,122,VGK-TOR,William Villeneuve,D,D,william villeneuve,3,8482174.0,William Villeneuve,2026.0,51.983333333333334,False
2020,123,DAL,Antonio Stranges,LW,F,antonio stranges,3,,,,,False
2020,124,TBL-MTL,Sean Farrell,C,F,sean farrell,3,8482081.0,Sean Farrell,2023.0,83.23333333333333,False
2020,126,OTT-SJS-EDM,Tyler Tullio,RW,F,tyler tullio,3,,,,,False
2020,127,SJS-NYR,Evan Vierling,C,F,evan vierling,3,,,,,False
2020,128,LAK,Martin Chromiak,RW,F,martin chromiak,3,,,,,False
2020,129,ANA,Artyom Galimov,LW,F,artyom galimov,3,,,,,False
2020,130,NJD,Artem Shlaine,C,F,artem shlaine,3,,,,,False
2020,131,BUF,Matteo Costantini,C,F,matteo costantini,3,,,,,False
2020,132,MIN-DET,Alex Cotton,D,D,alex cotton,3,,,,,False
2020,133,WPG,Anton Johannesson,D,D,anton johannesson,3,,,,,False
2020,134,NYR,Brett Berard,LW,F,brett berard,3,8482132.0,Brett Berard,2025.0,512.0666666666666,False
2020,135,NSH-PHI,Elliot Desnoyers,LW,F,elliot desnoyers,3,8482452.0,Elliot Desnoyers,2023.0,53.46666666666667,False
2020,137,TOR-FLA-TOR,Dmitry Ovchinnikov,C,F,dmitry ovchinnikov,3,,,,,False
2020,138,EDM,Maksim Berezkin,LW,F,maksim berezkin,3,,,,,False
2020,139,PIT-COL,Ryder Rolston,RW,F,ryder rolston,3,,,,,False
2020,140,MTL-CAR-LAK,Ben Meehan,D,D,ben meehan,3,,,,,False
2020,141,CHI,Isaak Phillips,D,D,isaak phillips,3,8482192.0,Isaak Phillips,2022.0,924.35,False
2020,142,UTA,Carson Bantle,LW,F,carson bantle,3,,,,,False
2020,143,CGY,Ryan Francis,RW,F,ryan francis,3,,,,,False
2020,144,VAN,Jacob Truscott,D,D,jacob truscott,3,,,,,False
2020,145,CBJ,Ole Julian Bjorgvik-Holm,D,D,ole julian bjorgvik holm,3,,,,,False
2020,146,CAR-STL-MIN,Pavel Novak,RW,F,pavel novak,3,,,,,False
2020,147,PHI-TBL,Jaydon Dureau,LW,F,jaydon dureau,3,,,,,False
2020,148,WSH,Bear Hughes,C,F,bear hughes,3,,,,,False
2020,149,COL-PIT,Raivis Ansons,RW,F,raivis ansons,3,,,,,False
2020,150,STL,Matthew Kessel,D,D,matthew kessel,3,8482516.0,Matthew Kessel,2023.0,1429.9333333333334,False
2020,151,BOS,Mason Langenbrunner,D,D,mason langenbrunner,3,,,,,False
2020,152,NYI,William Dufour,RW,F,william dufour,3,8482207.0,William Dufour,2023.0,6.8,False
2020,153,VGK-TOR-FLA,Kasper Puutio,D,D,kasper puutio,3,,,,,False
2020,154,DAL,Daniel Ljungman,C,F,daniel ljungman,3,,,,,False
2020,155,TBL-OTT,Eric Engstrand,LW,F,eric engstrand,3,,,,,False
2020,156,DET,Kyle Aucoin,D,D,kyle aucoin,3,,,,,False
2020,157,OTT-TBL,Nick Capone,RW,F,nick capone,3,,,,,False
2020,158,SJS-OTT,Philippe Daoust,C,F,philippe daoust,3,,,,,False
2020,159,LAK-CAR,Lucas Mercuri,C,F,lucas mercuri,3,,,,,False
2020,160,ANA,Albin Sundsvik,C,F,albin sundsvik,3,,,,,False
2020,161,NJD,Benjamin Baumgartner,C,F,benjamin baumgartner,3,,,,,False
2020,162,BUF-CAR-FLA-DAL,Yauheni Aksiantsiuk,LW,F,yauheni aksiantsiuk,3,,,,,False
2020,164,WPG,Tyrel Bauer,D,D,tyrel bauer,3,,,,,False
2020,165,NYR,Matt Rempe,C,F,matt rempe,3,8482460.0,Matt Rempe,2024.0,676.75,False
2020,166,NSH,Luke Reid,D,D,luke reid,3,,,,,False
2020,167,FLA-COL,Nils Aman,C,F,nils aman,3,8482496.0,Nils Aman,2023.0,1524.6333333333334,False
2020,168,TOR,Veeti Miettinen,RW,F,veeti miettinen,3,,,,,False
2020,169,EDM,Filip Engaras,C,F,filip engaras,3,,,,,False
2020,170,PIT,Chase Yoder,C,F,chase yoder,3,,,,,False
2020,171,MTL,Alexander Gordin,RW,F,alexander gordin,3,,,,,False
2020,172,CHI,Chad Yetman,C,F,chad yetman,3,,,,,False
2020,173,UTA,Filip Barklund,C,F,filip barklund,3,,,,,False
2020,174,CGY,Rory Kerins,C,F,rory kerins,3,8482209.0,Rory Kerins,2025.0,121.11666666666667,False
2020,175,VAN,Dmitry Zlodeyev,C,F,dmitry zlodeyev,3,,,,,False
2020,176,CBJ,Samuel Johannesson,D,D,samuel johannesson,3,,,,,False
2020,177,CAR-TOR,Axel Rindell,D,D,axel rindell,3,,,,,False
2020,178,PHI,Connor McClennon,RW,F,connor mcclennon,3,,,,,False
2020,180,COL-TOR,Joe Miller,C,F,joe miller,3,,,,,False
2020,181,STL-EDM-OTT,Cole Reinhardt,LW,F,cole reinhardt,3,8481133.0,Cole Reinhardt,2022.0,776.3166666666666,False
2020,182,BOS,Riley Duran,C,F,riley duran,3,8482213.0,Riley Duran,2025.0,25.45,False
2020,183,NYI,Matias Rajaniemi,D,D,matias rajaniemi,3,,,,,False
2020,184,VGK,Noah Ellis,D,D,noah ellis,3,,,,,False
2020,187,DET,Kienan Draper,RW,F,kienan draper,3,,,,,False
2020,188,OTT-MTL-CHI,Louis Crevier,D,D,louis crevier,3,8481806.0,Louis Crevier,2024.0,2246.0333333333333,False
2020,189,SJS-TOR,John Fusco,D,D,john fusco,3,,,,,False
2020,190,LAK,Aatu Jamsen,RW,F,aatu jamsen,3,,,,,False
2020,191,ANA-VAN,Viktor Persson,D,D,viktor persson,3,,,,,False
2020,192,NJD-ARI,Elliot Ekefjard,RW,F,elliot ekefjard,3,,,,,False
2020,193,BUF,Albert Lyckasen,D,D,albert lyckasen,3,,,,,False
2020,194,MIN-STL,Noah Beck,D,D,noah beck,3,,,,,False
2020,195,WPG-MIN-TOR,Wyatt Schingoethe,C,F,wyatt schingoethe,3,,,,,False
2020,196,NYR-SJS,Alex Young,C,F,alex young,3,,,,,False
2020,198,FLA,Elliot Ekmark,C,F,elliot ekmark,3,,,,,False
2020,199,TOR-CAR,Alexander Pashin,RW,F,alexander pashin,3,,,,,False
2020,200,EDM,Jeremias Lindewall,RW,F,jeremias lindewall,3,,,,,False
2020,201,PIT-SJS,Adam Raska,RW,F,adam raska,3,8482197.0,Adam Raska,2022.0,110.08333333333333,False
2020,202,MTL-PHI-NSH,Gunnarwolfe Fontaine,LW,F,gunnarwolfe fontaine,3,,,,,False
2020,203,CHI-MTL-STL-DET,Chase Bradley,LW,F,chase bradley,3,8482507.0,Chase Bradley,2025.0,11.15,False
2020,204,UTA,Ben McCartney,LW,F,ben mccartney,3,8481827.0,Ben McCartney,2022.0,28.083333333333332,False
2020,205,CGY,Ilya Solovyov,D,D,ilya solovyov,3,8482470.0,Ilya Solovyov,2024.0,619.6999999999999,False
2020,206,VAN-NYR-SJS,Linus Oberg,C,F,linus oberg,3,,,,,False
2020,207,CBJ-ANA,Ethan Bowen,C,F,ethan bowen,3,,,,,False
2020,208,CAR,Ronan Seeley,D,D,ronan seeley,3,8482187.0,Ronan Seeley,2026.0,15.2,False
2020,209,PHI-NSH,Chase McLane,C,F,chase mclane,3,,,,,False
2020,210,WSH-SJS,Timofey Spitserov,RW,F,timofey spitserov,3,,,,,False
2020,211,COL-PIT-WSH,Oskar Magnusson,LW,F,oskar magnusson,3,,,,,False
2020,213,BOS-TOR,Ryan Tverberg,C,F,ryan tverberg,3,8482525.0,Ryan Tverberg,2026.0,19.733333333333334,False
2020,215,VGK,Maxim Marushev,C,F,maxim marushev,3,,,,,False
2020,216,DAL-BUF,Jakub Konecny,C,F,jakub konecny,3,,,,,False
2020,217,TBL,Declan McDonnell,RW,F,declan mcdonnell,3,,,,,False
2021,1,BUF,Owen Power,D,D,owen power,0,8482671.0,Owen Power,2022.0,7236.433333333333,False
2021,2,SEA,Matty Beniers,C,F,matty beniers,0,8482665.0,Matty Beniers,2022.0,6033.016666666666,False
2021,3,ANA,Mason McTavish,C,F,mason mctavish,0,8482745.0,Mason McTavish,2022.0,4820.85,False
2021,4,NJD,Luke Hughes,D,D,luke hughes,0,8482684.0,Luke Hughes,2023.0,4860.283333333334,False
2021,5,CBJ,Kent Johnson,C,F,kent johnson,0,8482660.0,Kent Johnson,2022.0,4009.7999999999997,False
2021,6,DET,Simon Edvinsson,D,D,simon edvinsson,0,8482762.0,Simon Edvinsson,2023.0,3702.8166666666666,False
2021,7,SJS,William Eklund,LW,F,william eklund,0,8482667.0,William Eklund,2022.0,4732.4,False
2021,8,LAK,Brandt Clarke,D,D,brandt clarke,0,8482730.0,Brandt Clarke,2023.0,3234.7166666666667,False
2021,9,VAN-ARI,Dylan Guenther,RW,F,dylan guenther,0,8482699.0,Dylan Guenther,2023.0,3729.366666666667,False
2021,10,OTT,Tyler Boucher,RW,F,tyler boucher,0,,,,,False
2021,11,UTA,Forfeited,?,F,forfeited,1,,,,,False
2021,12,CHI-CBJ,Cole Sillinger,C,F,cole sillinger,1,8482705.0,Cole Sillinger,2022.0,5524.533333333333,False
2021,13,CGY,Matt Coronato,RW,F,matt coronato,1,8482679.0,Matt Coronato,2023.0,3129.1833333333334,False
2021,14,PHI-BUF,Isak Rosen,RW,F,isak rosen,1,8482765.0,Isak Rosen,2024.0,562.8833333333333,False
2021,16,NYR,Brennan Othmann,LW,F,brennan othmann,1,8482747.0,Brennan Othmann,2024.0,436.65,False
2021,17,STL,Zachary Bolduc,C,F,zachary bolduc,1,,,,,False
2021,18,WPG,Chaz Lucius,C,F,chaz lucius,1,,,,,False
2021,19,NSH,Fedor Svechkov,C,F,fedor svechkov,1,8482768.0,Fedor Svechkov,2025.0,1515.3833333333332,False
2021,21,BOS,Fabian Lysell,RW,F,fabian lysell,1,8482763.0,Fabian Lysell,2025.0,161.3,False
2021,22,MIN-EDM,Xavier Bourgault,C,F,xavier bourgault,1,8482673.0,Xavier Bourgault,2026.0,11.916666666666666,False
2021,23,WSH-DET-DAL,Wyatt Johnston,C,F,wyatt johnston,1,8482740.0,Wyatt Johnston,2023.0,5865.733333333334,False
2021,24,FLA,Mackie Samoskevich,RW,F,mackie samoskevich,1,8482713.0,Mackie Samoskevich,2024.0,2157.616666666667,False
2021,25,TOR-CBJ,Corson Ceulemans,D,D,corson ceulemans,1,,,,,False
2021,26,PIT-MIN,Carson Lambos,D,D,carson lambos,1,8482781.0,Carson Lambos,2026.0,10.266666666666667,False
2021,27,CAR-NSH,Zachary L'Heureux,LW,F,zachary l heureux,1,8482742.0,Zachary L'Heureux,2025.0,1081.3666666666668,False
2021,28,COL,Oskar Olausson,RW,F,oskar olausson,1,8482712.0,Oskar Olausson,2023.0,32.483333333333334,False
2021,29,NYI-NJD,Chase Stillman,RW,F,chase stillman,1,,,,,False
2021,30,VGK,Zach Dean,C,F,zach dean,1,8482784.0,Zach Dean,2024.0,94.98333333333332,False
2021,31,MTL,Logan Mailloux,D,D,logan mailloux,2,8482733.0,Logan Mailloux,2024.0,1258.2166666666667,False
2021,32,TBL-CBJ-CHI,Nolan Allan,D,D,nolan allan,2,8482700.0,Nolan Allan,2025.0,650.5166666666667,False
2021,33,BUF,Prokhor Poltapov,LW,F,prokhor poltapov,2,,,,,False
2021,34,ANA,Olen Zellweger,D,D,olen zellweger,2,8482803.0,Olen Zellweger,2024.0,2967.0,False
2021,35,SEA,Ryker Evans,D,D,ryker evans,2,8482858.0,Ryker Evans,2024.0,3305.45,False
2021,36,NJD-VGK-DET,Shai Buium,D,D,shai buium,2,,,,,False
2021,37,CBJ-OTT-ARI,Josh Doan,RW,F,josh doan,2,8482659.0,Josh Doan,2024.0,2125.9,False
2021,38,DET-VGK,Daniil Chayka,D,D,daniil chayka,2,,,,,False
2021,39,SJS-OTT,Zack Ostapchuk,C,F,zack ostapchuk,2,8482859.0,Zack Ostapchuk,2024.0,1196.5333333333333,False
2021,40,LAK-NSH-CAR,Scott Morrow,D,D,scott morrow,2,8482666.0,Scott Morrow,2024.0,712.3333333333333,False
2021,41,VAN,Danila Klimovich,RW,F,danila klimovich,2,,,,,False
2021,42,OTT-LAK,Francesco Pinelli,C,F,francesco pinelli,2,,,,,False
2021,43,UTA,Ilya Fedotov,LW,F,ilya fedotov,2,,,,,False
2021,44,CHI-CBJ-CAR,Aleksi Heimosalmi,D,D,aleksi heimosalmi,2,,,,,False
2021,45,CGY,William Stromgren,LW,F,william stromgren,2,8482766.0,William Stromgren,2026.0,21.866666666666667,False
2021,46,PHI,Samu Tuomaala,RW,F,samu tuomaala,2,,,,,False
2021,47,DAL,Logan Stankoven,C,F,logan stankoven,2,8482702.0,Logan Stankoven,2024.0,2780.7166666666662,False
2021,48,NYR-DET-DAL,Artem Grushnikov,D,D,artem grushnikov,2,,,,,False
2021,49,STL-VGK-LAK-OTT,Ben Roger,D,D,ben roger,2,,,,,False
2021,50,WPG,Nikita Chibrikov,RW,F,nikita chibrikov,2,8482787.0,Nikita Chibrikov,2024.0,157.76666666666665,False
2021,51,NSH-CAR,Ville Koivunen,RW,F,ville koivunen,2,8482758.0,Ville Koivunen,2025.0,641.6833333333333,False
2021,52,EDM-DET-NYI,Aatu Räty,C,F,aatu raty,2,8482691.0,Aatu Raty,2023.0,1270.7833333333333,False
2021,53,BOS-BUF,Aleksandr Kisakov,LW,F,aleksandr kisakov,2,,,,,False
2021,54,MIN,Jack Peart,D,D,jack peart,2,,,,,False
2021,55,WSH,Vincent Iorio,D,D,vincent iorio,2,8482861.0,Vincent Iorio,2023.0,526.8833333333333,False
2021,56,FLA,Evan Nause,D,D,evan nause,2,,,,,False
2021,57,TOR,Matthew Knies,LW,F,matthew knies,2,8482720.0,Matthew Knies,2023.0,4062.2833333333333,False
2021,58,PIT,Tristan Broz,C,F,tristan broz,2,8482698.0,Tristan Broz,2026.0,11.5,False
2021,59,CAR-LAK,Samuel Helenius,C,F,samuel helenius,2,8482726.0,Samuel Helenius,2025.0,855.6333333333333,False
2021,60,COL-NYI-ARI,J.J. Moser,D,D,j j moser,2,8482655.0,J.J. Moser,2022.0,6897.883333333333,False
2021,61,NYI-NJD-COL,Sean Behrens,D,D,sean behrens,3,,,,,False
2021,62,VGK-CHI,Colton Dach,C,F,colton dach,3,8482703.0,Colton Dach,2025.0,1003.3499999999999,False
2021,63,MTL,Riley Kidney,C,F,riley kidney,3,,,,,False
2021,64,TBL-MTL,Oliver Kapanen,C,F,oliver kapanen,3,8482775.0,Oliver Kapanen,2025.0,1382.9333333333334,False
2021,65,BUF-NYR,Jayden Grubbe,C,F,jayden grubbe,3,,,,,False
2021,66,ANA,Sasha Pastujov,RW,F,sasha pastujov,3,,,,,False
2021,67,SEA,Ryan Winterton,C,F,ryan winterton,3,8482751.0,Ryan Winterton,2024.0,1028.6333333333334,False
2021,68,NJD,Samu Salminen,C,F,samu salminen,3,,,,,False
2021,69,CBJ,Stanislav Svozil,D,D,stanislav svozil,3,8482711.0,Stanislav Svozil,2023.0,40.233333333333334,False
2021,70,DET,Carter Mazur,LW,F,carter mazur,3,8482802.0,Carter Mazur,2025.0,86.75,False
2021,71,SJS-STL,Simon Robertsson,RW,F,simon robertsson,3,,,,,False
2021,72,LAK-CAR-NSH,Anton Olsson,D,D,anton olsson,3,,,,,False
2021,73,VAN-DAL,Ayrton Martino,LW,F,ayrton martino,3,,,,,False
2021,74,OTT,Oliver Johansson,LW,F,oliver johansson,3,,,,,False
2021,75,ARI-NJD-WSH-NYR,Ryder Korczak,C,F,ryder korczak,3,,,,,False
2021,76,CHI-MTL-ANA,Tyson Hinds,D,D,tyson hinds,3,8482731.0,Tyson Hinds,2026.0,93.7,False
2021,77,CGY,Cole Huckins,C,F,cole huckins,3,,,,,False
2021,79,DAL,Justin Ertel,LW,F,justin ertel,3,,,,,False
2021,80,NYR-WSH,Brent Johnson,D,D,brent johnson,3,,,,,False
2021,82,WPG,Dmitry Kuzmin,D,D,dmitry kuzmin,3,,,,,False
2021,84,EDM-CGY-LAK,Kirill Kirsanov,D,D,kirill kirsanov,3,,,,,False
2021,85,BOS,Brett Harrison,C,F,brett harrison,3,,,,,False
2021,86,MIN,Caedan Bankier,C,F,caedan bankier,3,,,,,False
2021,87,WSH-SJS-MTL,Dmitri Kostenko,D,D,dmitri kostenko,3,,,,,False
2021,88,FLA-BUF,Stiven Sardarian,RW,F,stiven sardarian,3,,,,,False
2021,89,TOR-LAK-CGY,Cameron Whynot,D,D,cameron whynot,3,,,,,False
2021,90,PIT-SJS-MIN-EDM,Luca Munzenberger,D,D,luca munzenberger,3,,,,,False
2021,91,CAR-CHI,Taige Harding,D,D,taige harding,3,,,,,False
2021,92,COL,Andrei Buyalsky,C,F,andrei buyalsky,3,,,,,False
2021,94,VGK-DET-CAR,Aidan Hreschuk,D,D,aidan hreschuk,3,,,,,False
2021,95,MTL-BUF,Josh Bloom,LW,F,josh bloom,3,,,,,False
2021,96,TBL,Roman Schmidt,D,D,roman schmidt,3,,,,,False
2021,97,BUF,Olivier Nadeau,RW,F,olivier nadeau,3,,,,,False
2021,98,ANA,Josh Lopina,C,F,josh lopina,3,,,,,False
2021,99,SEA,Ville Ottavainen,D,D,ville ottavainen,3,8482866.0,Ville Ottavainen,2025.0,14.4,False
2021,101,CBJ,Guillaume Richard,D,D,guillaume richard,3,,,,,False
2021,102,DET-VGK,Jakub Brabenec,C,F,jakub brabenec,3,,,,,False
2021,103,SJS,Gannon Laroque,D,D,gannon laroque,3,,,,,False
2021,104,LAK-NYR,Brody Lamb,RW,F,brody lamb,3,,,,,False
2021,105,VAN-CHI,Ethan Del Mastro,D,D,ethan del mastro,3,8482807.0,Ethan Del Mastro,2024.0,729.9333333333334,False
2021,106,OTT-NYR,Kalle Vaisanen,LW,F,kalle vaisanen,3,,,,,False
2021,107,UTA,Emil Lilleberg,D,D,emil lilleberg,3,8482929.0,Emil Lilleberg,2024.0,2626.383333333333,False
2021,108,CHI,Victor Stjernborg,C,F,victor stjernborg,3,,,,,False
2021,109,CGY-LAK-CAR,Jackson Blake,RW,F,jackson blake,3,8482809.0,Jackson Blake,2024.0,2459.4,False
2021,110,PHI,Brian Zanetti,D,D,brian zanetti,3,,,,,False
2021,111,DAL,Conner Roulette,LW,F,conner roulette,3,,,,,False
2021,113,STL-MTL,William Trudeau,D,D,william trudeau,3,,,,,False
2021,114,WPG-VGK-DET,Redmond Savage,C,F,redmond savage,3,,,,,False
2021,115,NSH,Ryan Ufko,D,D,ryan ufko,3,8482715.0,Ryan Ufko,2025.0,265.51666666666665,False
2021,116,EDM,Jake Chiasson,C,F,jake chiasson,3,,,,,False
2021,118,MIN,Kyle Masters,D,D,kyle masters,3,,,,,False
2021,119,WSH,Joaquim Lemay,D,D,joaquim lemay,3,,,,,False
2021,120,FLA,Vladislav Lukashevich,D,D,vladislav lukashevich,3,,,,,False
2021,121,TOR-SJS,Ethan Cardwell,RW,F,ethan cardwell,3,8482206.0,Ethan Cardwell,2025.0,152.7,False
2021,123,CAR-OTT,Carson Latimer,RW,F,carson latimer,3,,,,,False
2021,124,COL-OTT-NSH,Jack Matier,D,D,jack matier,3,,,,,False
2021,125,NYI,Cameron Berg,C,F,cameron berg,3,,,,,False
2021,126,VGK-MTL-TBL,Dylan Duke,LW,F,dylan duke,3,8482663.0,Dylan Duke,2025.0,25.083333333333336,False
2021,127,MTL-MIN,Josh Pillar,RW,F,josh pillar,3,,,,,False
2021,128,TBL-DET-VGK,Jakub Demek,C,F,jakub demek,3,,,,,False
2021,129,BUF-NJD,Topias Vilen,D,D,topias vilen,3,8482873.0,Topias Vilen,2026.0,30.916666666666668,False
2021,130,ANA,Sean Tschigerl,LW,F,sean tschigerl,3,,,,,False
2021,131,SEA,Jacob Melanson,RW,F,jacob melanson,3,8482874.0,Jacob Melanson,2025.0,347.0833333333333,False
2021,132,NJD-CBJ,Nikolai Makarov,D,D,nikolai makarov,3,,,,,False
2021,133,CBJ,James Malatesta,LW,F,james malatesta,3,8482744.0,James Malatesta,2024.0,133.51666666666668,False
2021,134,DET,Liam Dower Nilsson,C,F,liam dower nilsson,3,,,,,False
2021,135,SJS,Artem Guryev,D,D,artem guryev,3,,,,,False
2021,136,LAK-OTT-CAR,Robert Orr,RW,F,robert orr,3,,,,,False
2021,138,OTT-MTL-DET-DAL,Jack Bar,D,D,jack bar,3,,,,,False
2021,139,UTA,Manix Landry,C,F,manix landry,3,,,,,False
2021,140,CHI-VAN,Jonathan Myrenberg,D,D,jonathan myrenberg,3,,,,,False
2021,141,CGY,Cole Jordan,D,D,cole jordan,3,,,,,False
2021,142,PHI-MTL,Daniil Sobolev,D,D,daniil sobolev,3,,,,,False
2021,143,DAL,Jacob Holmes,D,D,jacob holmes,3,,,,,False
2021,144,NYR,Jaroslav Chmelar,RW,F,jaroslav chmelar,3,8482877.0,Jaroslav Chmelar,2026.0,256.23333333333335,False
2021,145,STL,Tyson Galloway,D,D,tyson galloway,3,,,,,False
2021,146,WPG,Dmitri Rashevsky,RW,F,dmitri rashevsky,3,,,,,False
2021,147,NSH-CAR,Justin Robidas,C,F,justin robidas,3,8482785.0,Justin Robidas,2025.0,43.650000000000006,False
2021,149,BOS,Oskar Jellvik,LW,F,oskar jellvik,3,,,,,False
2021,150,MIN-MTL,Joshua Roy,RW,F,joshua roy,3,8482749.0,Joshua Roy,2024.0,440.81666666666666,False
2021,151,WSH,Haakon Hanelt,C,F,haakon hanelt,3,,,,,False
2021,153,TOR,Ty Voit,LW,F,ty voit,3,,,,,False
2021,154,PIT,Isaac Belliveau,D,D,isaac belliveau,3,,,,,False
2021,155,CAR-VGK-DET,Oscar Plandowski,D,D,oscar plandowski,3,,,,,False
2021,156,COL-SJS,Max McCue,C,F,max mccue,3,,,,,False
2021,157,NYI,Eetu Liukas,LW,F,eetu liukas,3,,,,,False
2021,158,VGK-WSH-PHI,Ty Murchison,D,D,ty murchison,3,8482804.0,Ty Murchison,2026.0,45.016666666666666,False
2021,159,MTL-BUF,Viljami Marjala,LW,F,viljami marjala,3,,,,,False
2021,160,TBL,Cameron Macdonald,C,F,cameron macdonald,3,,,,,False
2021,161,BUF,William Von Barnekow Lofberg,C,F,william von barnekow lofberg,3,,,,,False
2021,162,ANA,Kyle Kukkonen,C,F,kyle kukkonen,3,,,,,False
2021,164,NJD,Viktor Hurtig,D,D,viktor hurtig,3,,,,,False
2021,165,CBJ,Ben Boyd,LW,F,ben boyd,3,,,,,False
2021,166,DET,Pasquale Zito,LW,F,pasquale zito,3,,,,,False
2021,167,SJS,Liam Gilmartin,LW,F,liam gilmartin,3,,,,,False
2021,168,LAK-CGY,Jack Beck,RW,F,jack beck,3,,,,,False
2021,169,VAN,Hugo Gabrielson,D,D,hugo gabrielson,3,,,,,False
2021,170,OTT-CAR,Bryce Montgomery,D,D,bryce montgomery,3,,,,,False
2021,171,UTA,Cal Thomas,D,D,cal thomas,3,,,,,False
2021,172,CHI,Ilya Safonov,C,F,ilya safonov,3,,,,,False
2021,173,CGY,Lucas Ciona,LW,F,lucas ciona,3,,,,,False
2021,174,PHI,Ethan Samson,D,D,ethan samson,3,,,,,False
2021,175,DAL,Francesco Arcuri,C,F,francesco arcuri,3,,,,,False
2021,176,NYR-WSH,Dru Krebs,D,D,dru krebs,3,,,,,False
2021,177,STL-SJS,Theo Jacobsson,C,F,theo jacobsson,3,,,,,False
2021,178,WPG-VAN,Connor Lockhart,RW,F,connor lockhart,3,,,,,False
2021,179,NSH,Simon Knak,LW,F,simon knak,3,,,,,False
2021,180,EDM,Matvey Petrov,LW,F,matvey petrov,3,,,,,False
2021,181,BOS,Ryan Mast,D,D,ryan mast,3,,,,,False
2021,182,MIN,Nate Benoit,D,D,nate benoit,3,,,,,False
2021,184,FLA,Jakub Kos,LW,F,jakub kos,3,,,,,False
2021,186,PIT-EDM,Shane Lachance,LW,F,shane lachance,3,8482941.0,Shane Lachance,2026.0,7.416666666666667,False
2021,188,COL-BUF,Nikita Novikov,D,D,nikita novikov,3,,,,,False
2021,189,NYI,Aleksi Malinen,D,D,aleksi malinen,3,,,,,False
2021,190,VGK,Artur Cholach,D,D,artur cholach,3,,,,,False
2021,191,MTL,Xavier Simoneau,C,F,xavier simoneau,3,,,,,False
2021,192,TBL,Alex Gagne,D,D,alex gagne,3,,,,,False
2021,193,BUF,Tyson Kozak,C,F,tyson kozak,3,8482896.0,Tyson Kozak,2025.0,738.9499999999999,False
2021,194,ANA-PIT,Ryan McCleary,D,D,ryan mccleary,3,,,,,False
2021,195,SEA,Justin Janicke,LW,F,justin janicke,3,,,,,False
2021,196,NJD-TBL,Daniil Pylenkov,D,D,daniil pylenkov,3,,,,,False
2021,197,CBJ,Martin Rysavy,RW,F,martin rysavy,3,,,,,False
2021,198,DET-STL,Ivan Vorobyov,RW,F,ivan vorobyov,3,,,,,False
2021,199,SJS,Evgenii Kashnikov,D,D,evgenii kashnikov,3,,,,,False
2021,201,VAN,Lucas Forsell,LW,F,lucas forsell,3,,,,,False
2021,202,OTT,Chandler Romeo,D,D,chandler romeo,3,,,,,False
2021,203,ARI-NJD,Zakhar Bardakov,C,F,zakhar bardakov,3,8482947.0,Zakhar Bardakov,2026.0,432.26666666666665,False
2021,204,CHI,Connor Kelley,D,D,connor kelley,3,,,,,False
2021,206,PHI,Owen McLaughlin,C,F,owen mclaughlin,3,,,,,False
2021,207,DAL,Albert Sjoberg,RW,F,albert sjoberg,3,,,,,False
2021,208,NYR,Hank Kempf,D,D,hank kempf,3,,,,,False
2021,209,STL-CAR,Nikita Guslistov,C,F,nikita guslistov,3,,,,,False
2021,210,WPG-FLA,Braden Hache,D,D,braden hache,3,,,,,False
2021,211,NSH-TBL,Cooper Flinton,LW,F,cooper flinton,3,,,,,False
2021,212,EDM,Maximus Wanner,D,D,maximus wanner,3,,,,,False
2021,213,BOS,Andre Gasseau,C,F,andre gasseau,3,,,,,False
2021,215,WSH-PIT,Daniel Laatsch,D,D,daniel laatsch,3,,,,,False
2021,216,FLA-CHI,Jalen Luypen,C,F,jalen luypen,3,,,,,False
2021,217,TOR-BOS,Ty Gallagher,D,D,ty gallagher,3,,,,,False
2021,218,PIT,Kirill Tankov,C,F,kirill tankov,3,,,,,False
2021,219,CAR,Joel Nystrom,D,D,joel nystrom,3,8482911.0,Joel Nystrom,2026.0,577.0666666666667,False
2021,220,COL,Taylor Makar,LW,F,taylor makar,3,8482953.0,Taylor Makar,2026.0,74.51666666666667,False
2021,221,NYI,Tomas Machu,D,D,tomas machu,3,,,,,False
2021,223,MTL-CHI-MTL-ARI,Sam Lipkin,LW,F,sam lipkin,3,,,,,False
2021,224,TBL,Niko Huuhtanen,RW,F,niko huuhtanen,3,,,,,False
2022,1,MTL,Juraj Slafkovský,LW,F,juraj slafkovsky,0,8483515.0,Juraj Slafkovsky,2023.0,4837.733333333334,False
2022,2,NJD,Simon Nemec,D,D,simon nemec,0,8483495.0,Simon Nemec,2024.0,2933.7333333333336,False
2022,3,UTA,Logan Cooley,C,F,logan cooley,0,8483431.0,Logan Cooley,2024.0,3572.116666666667,False
2022,4,SEA,Shane Wright,C,F,shane wright,0,8483524.0,Shane Wright,2023.0,2308.8500000000004,False
2022,5,PHI,Cutter Gauthier,LW,F,cutter gauthier,0,8483445.0,Cutter Gauthier,2024.0,2487.366666666667,False
2022,6,CHI-CBJ,David Jiricek,D,D,david jiricek,0,8483460.0,David Jiricek,2023.0,1157.7833333333333,False
2022,7,OTT-CHI,Kevin Korchinski,D,D,kevin korchinski,0,8483466.0,Kevin Korchinski,2024.0,1941.5666666666666,False
2022,8,DET,Marco Kasper,C,F,marco kasper,0,8483464.0,Marco Kasper,2023.0,2322.05,False
2022,9,BUF,Matt Savoie,C,F,matt savoie,0,8483512.0,Matt Savoie,2024.0,1266.0666666666666,False
2022,10,ANA,Pavel Mintyukov,D,D,pavel mintyukov,0,8483490.0,Pavel Mintyukov,2024.0,3728.866666666667,False
2022,11,SJS-ARI,Conor Geekie,C,F,conor geekie,1,8483447.0,Conor Geekie,2025.0,779.4166666666666,False
2022,12,CBJ,Denton Mateychuk,D,D,denton mateychuk,1,8483485.0,Denton Mateychuk,2025.0,2250.5,False
2022,13,NYI-MTL-CHI,Frank Nazar,C,F,frank nazar,1,8483493.0,Frank Nazar,2024.0,2080.233333333333,False
2022,14,WPG,Rutger McGroarty,RW,F,rutger mcgroarty,1,8483487.0,Rutger McGroarty,2025.0,403.95,False
2022,15,VAN,Jonathan Lekkerimäki,RW,F,jonathan lekkerimaki,1,,,,,False
2022,16,VGK-BUF,Noah Ostlund,C,F,noah ostlund,1,8483500.0,Noah Ostlund,2025.0,922.5,False
2022,17,NSH,Joakim Kemell,RW,F,joakim kemell,1,8483465.0,Joakim Kemell,2025.0,187.25,False
2022,18,DAL,Lian Bichsel,D,D,lian bichsel,1,8483425.0,Lian Bichsel,2025.0,1349.1833333333334,False
2022,19,LAK-MIN,Liam Ohgren,LW,F,liam ohgren,1,8483499.0,Liam Ohgren,2024.0,1233.3500000000001,False
2022,20,WSH,Ivan Miroshnichenko,LW,F,ivan miroshnichenko,1,8483491.0,Ivan Miroshnichenko,2024.0,548.4499999999999,False
2022,21,PIT,Owen Pickering,D,D,owen pickering,1,8483503.0,Owen Pickering,2025.0,418.76666666666665,False
2022,22,BOS-ANA,Nathan Gaucher,C,F,nathan gaucher,1,8483444.0,Nathan Gaucher,2026.0,24.066666666666663,False
2022,23,STL,Jimmy Snuggerud,RW,F,jimmy snuggerud,1,8483516.0,Jimmy Snuggerud,2025.0,1276.9666666666667,False
2022,24,MIN,Danila Yurov,RW,F,danila yurov,1,8483525.0,Danila Yurov,2026.0,970.7166666666668,False
2022,25,TOR-CHI,Sam Rinzel,D,D,sam rinzel,1,8483506.0,Sam Rinzel,2025.0,1174.65,False
2022,26,CGY-MTL,Filip Mesar,RW,F,filip mesar,1,,,,,False
2022,27,CAR-MTL-ARI-SJS,Filip Bystedt,C,F,filip bystedt,1,,,,,False
2022,28,FLA-BUF,Jiri Kulich,C,F,jiri kulich,1,8483468.0,Jiri Kulich,2024.0,1128.4,False
2022,29,EDM-ARI,Maveric Lamoureux,D,D,maveric lamoureux,1,8483472.0,Maveric Lamoureux,2025.0,315.1333333333333,False
2022,30,NYR-WPG,Brad Lambert,C,F,brad lambert,1,8483471.0,Brad Lambert,2024.0,342.0333333333333,False
2022,31,TBL,Isaac Howard,LW,F,isaac howard,2,8483455.0,Isaac Howard,2026.0,299.01666666666665,False
2022,32,COL-ARI-EDM,Reid Schaefer,LW,F,reid schaefer,2,8483513.0,Reid Schaefer,2026.0,453.15,False
2022,33,MTL,Owen Beck,C,F,owen beck,2,8483424.0,Owen Beck,2023.0,267.43333333333334,False
2022,34,ARI-SJS,Cameron Lund,C,F,cameron lund,2,,,,,False
2022,35,SEA,Jagger Firkus,RW,F,jagger firkus,2,,,,,False
2022,36,PHI-ARI,Artem Duda,D,D,artem duda,2,,,,,False
2022,37,NJD-WSH,Ryan Chesley,D,D,ryan chesley,2,,,,,False
2022,38,CHI-TOR,Fraser Minten,C,F,fraser minten,2,8483489.0,Fraser Minten,2024.0,1594.4,False
2022,39,OTT-CHI,Paul Ludwinski,C,F,paul ludwinski,2,,,,,False
2022,40,DET,Dylan James,LW,F,dylan james,2,,,,,False
2022,42,ANA,Noah Warren,D,D,noah warren,2,,,,,False
2022,43,SJS-ARI,Julian Lutz,LW,F,julian lutz,2,,,,,False
2022,44,CBJ,Luca Del Bel Belluz,C,F,luca del bel belluz,2,8483432.0,Luca Del Bel Belluz,2024.0,343.25,False
2022,45,NYI-ARI-SJS,Mattias Havelid,D,D,mattias havelid,2,,,,,False
2022,46,WPG-WSH-NJD,Seamus Casey,D,D,seamus casey,2,8483429.0,Seamus Casey,2025.0,213.01666666666665,False
2022,47,VAN-ARI-MIN,Hunter Haight,C,F,hunter haight,2,8483452.0,Hunter Haight,2026.0,97.53333333333332,False
2022,48,VGK,Matyas Sapovaliv,C,F,matyas sapovaliv,2,,,,,False
2022,49,NSH-SEA,Jani Nyman,RW,F,jani nyman,2,8483497.0,Jani Nyman,2025.0,463.73333333333335,False
2022,50,DAL,Christian Kyrou,D,D,christian kyrou,2,,,,,False
2022,51,LAK,Jack Hughes,C,F,jack hughes,2,,Jack Hughes,,,False
2022,52,WSH-DET,Dmitri Buchelnikov,LW,F,dmitri buchelnikov,2,,,,,False
2022,53,PIT-ANA,Tristan Luneau,D,D,tristan luneau,2,8483482.0,Tristan Luneau,2024.0,236.04999999999998,False
2022,54,BOS,Matthew Poitras,C,F,matthew poitras,2,8483505.0,Matthew Poitras,2024.0,910.3166666666666,False
2022,55,STL-NYR-WPG,Elias Salomonsson,D,D,elias salomonsson,2,8483510.0,Elias Salomonsson,2026.0,574.8,False
2022,56,MIN,Rieger Lorenz,LW,F,rieger lorenz,2,,,,,False
2022,57,MIN-CHI,Ryan Greene,C,F,ryan greene,2,8483450.0,Ryan Greene,2025.0,1367.3333333333335,False
2022,59,CGY,Topi Ronni,C,F,topi ronni,2,,,,,False
2022,60,CAR,Gleb Trikozov,LW,F,gleb trikozov,2,,,,,False
2022,61,FLA-CGY-SEA,David Goyette,C,F,david goyette,3,,,,,False
2022,62,EDM-MTL,Lane Hutson,D,D,lane hutson,3,8483457.0,Lane Hutson,2024.0,3858.833333333333,False
2022,63,NYR,Adam Sykora,LW,F,adam sykora,3,8483669.0,Adam Sykora,2026.0,122.91666666666669,False
2022,64,TBL-OTT,Filip Nordberg,D,D,filip nordberg,3,,,,,False
2022,65,COL-NYI,Calle Odelius,D,D,calle odelius,3,,,,,False
2022,66,MTL-CHI,Gavin Hayes,LW,F,gavin hayes,3,,,,,False
2022,67,UTA,Miko Matikka,RW,F,miko matikka,3,,,,,False
2022,68,SEA,Ty Nelson,D,D,ty nelson,3,,,,,False
2022,69,PHI,Devin Kaplan,RW,F,devin kaplan,3,8483461.0,Devin Kaplan,2025.0,12.2,False
2022,70,NJD-WSH,Alexander Suzdalev,LW,F,alexander suzdalev,3,,,,,False
2022,71,CHI-CAR,Alexander Perevalov,LW,F,alexander perevalov,3,,,,,False
2022,72,OTT,Oskar Pettersson,RW,F,oskar pettersson,3,,,,,False
2022,73,DET-STL,Aleksanteri Kaskimaki,C,F,aleksanteri kaskimaki,3,8483463.0,Aleksanteri Kaskimaki,2026.0,51.96666666666667,False
2022,74,BUF,Viktor Neuchev,LW,F,viktor neuchev,3,,,,,False
2022,75,ANA-MTL,Vinzenz Rohrer,C,F,vinzenz rohrer,3,,,,,False
2022,76,SJS,Michael Fisher,D,D,michael fisher,3,,,,,False
2022,77,CBJ-WPG,Danil Zhilkin,C,F,danil zhilkin,3,8483526.0,Danil Zhilkin,2026.0,45.5,False
2022,78,NYI,Quinn Finley,LW,F,quinn finley,3,,,,,False
2022,79,WPG-VAN-TOR-VGK,Jordan Gustafson,C,F,jordan gustafson,3,,,,,False
2022,80,VAN-VGK-OTT-VAN,Elias Pettersson,D,D,elias pettersson,3,8483678.0,Elias Pettersson,2025.0,1407.5333333333335,False
2022,81,VGK-CHI,Samuel Savoie,LW,F,samuel savoie,3,,,,,False
2022,82,NSH,Adam Ingram,C,F,adam ingram,3,,,,,False
2022,83,DAL,George Fegaras,D,D,george fegaras,3,,,,,False
2022,84,LAK-NSH,Kasper Kulonummi,D,D,kasper kulonummi,3,,,,,False
2022,85,WSH,Ludwig Persson,LW,F,ludwig persson,3,,,,,False
2022,86,PIT-LAK-TBL,Lucas Edmonds,RW,F,lucas edmonds,3,,,,,False
2022,87,BOS-OTT,Tomas Hamara,D,D,tomas hamara,3,,,,,False
2022,88,STL,Michael Buchinger,D,D,michael buchinger,3,,,,,False
2022,89,MIN,Michael Milne,LW,F,michael milne,3,8482829.0,Michael Milne,2025.0,6.566666666666666,False
2022,90,TOR-CGY-CHI,Aidan Thompson,C,F,aidan thompson,3,,,,,False
2022,91,CGY-BOS-SEA,Ben MacDonald,C,F,ben macdonald,3,,,,,False
2022,92,CAR-MTL,Adam Engstrom,D,D,adam engstrom,3,8483686.0,Adam Engstrom,2026.0,195.78333333333333,False
2022,93,FLA,Marek Alscher,D,D,marek alscher,3,8483687.0,Marek Alscher,2026.0,81.43333333333334,False
2022,94,EDM-CHI-ARI,Jeremy Langlois,D,D,jeremy langlois,3,,,,,False
2022,95,NYR-VGK-TOR,Nicholas Moldenhauer,RW,F,nicholas moldenhauer,3,,,,,False
2022,96,TBL-CBJ,Jordan Dumais,RW,F,jordan dumais,3,,,,,False
2022,97,COL-NYR,Bryce McConnell-Barker,C,F,bryce mcconnell barker,3,,,,,False
2022,98,MTL-NYI,Isaiah George,D,D,isaiah george,3,8483448.0,Isaiah George,2025.0,569.8166666666667,False
2022,99,ARI-WPG,Garrett Brown,D,D,garrett brown,3,,,,,False
2022,100,SEA,Tyson Jugnauth,D,D,tyson jugnauth,3,,,,,False
2022,101,PHI-CAR,Simon Forsmark,D,D,simon forsmark,3,,,,,False
2022,103,CHI-TBL-LAK,Kenny Connors,C,F,kenny connors,3,8483675.0,Kenny Connors,2026.0,17.316666666666666,False
2022,104,OTT,Stephen Halliday,C,F,stephen halliday,3,8483676.0,Stephen Halliday,2026.0,255.31666666666663,False
2022,105,DET,Anton Johansson,D,D,anton johansson,3,,,,,False
2022,106,BUF,Mats Lindgren,D,D,mats lindgren,3,,,,,False
2022,107,ANA,Ben King,C,F,ben king,3,,,,,False
2022,109,CBJ,Kirill Dolzhenkov,RW,F,kirill dolzhenkov,3,,,,,False
2022,110,NYI-NJD,Daniil Orlov,D,D,daniil orlov,3,,,,,False
2022,111,WPG-VGK-NYR,Noah Laba,C,F,noah laba,3,8483690.0,Noah Laba,2026.0,996.85,False
2022,112,VAN,Daimon Gardner,C,F,daimon gardner,3,,,,,False
2022,113,VGK-DET,Amadeus Lombardi,C,F,amadeus lombardi,3,,,,,False
2022,114,NSH,Cole O'Hara,RW,F,cole o hara,3,8483696.0,Cole O'Hara,2026.0,11.383333333333333,False
2022,115,DAL,Gavin White,D,D,gavin white,3,,,,,False
2022,116,LAK,Angus Booth,D,D,angus booth,3,8483699.0,Angus Booth,2026.0,12.3,False
2022,117,WSH-SEA-BOS,Cole Spicer,C,F,cole spicer,3,,,,,False
2022,119,BOS,Dans Locmelis,C,F,dans locmelis,3,,,,,False
2022,120,STL,Arseni Koromyslov,D,D,arseni koromyslov,3,,,,,False
2022,121,MIN,Ryan Healey,D,D,ryan healey,3,,,,,False
2022,123,CGY-SEA,Tucker Robertson,C,F,tucker robertson,3,,,,,False
2022,124,CAR,Cruz Lucius,RW,F,cruz lucius,3,,,,,False
2022,125,FLA,Ludvig Jansson,D,D,ludvig jansson,3,8483712.0,Ludvig Jansson,2026.0,69.08333333333333,False
2022,126,EDM-NJD,Charlie Leddy,D,D,charlie leddy,3,,,,,False
2022,127,NYR-FLA-MTL,Cedrick Guindon,LW,F,cedrick guindon,3,,,,,False
2022,129,COL-DET,Maximilian Kilpinen,LW,F,maximilian kilpinen,3,,,,,False
2022,130,MTL,Jared Davidson,C,F,jared davidson,3,8483728.0,Jared Davidson,2026.0,87.16666666666667,False
2022,131,UTA,Matthew Morden,D,D,matthew morden,3,,,,,False
2022,132,SEA-BOS,Frederic Brunet,D,D,frederic brunet,3,8483017.0,Frederic Brunet,2025.0,14.383333333333333,False
2022,133,PHI,Alex Bump,LW,F,alex bump,3,8483731.0,Alex Bump,2026.0,214.9,False
2022,134,NJD-BUF,Vsevolod Komarov,D,D,vsevolod komarov,3,,,,,False
2022,135,CHI-VGK-TOR,Nikita Grebenkin,RW,F,nikita grebenkin,3,8483733.0,Nikita Grebenkin,2025.0,682.0,False
2022,136,OTT,Jorian Donovan,D,D,jorian donovan,3,8483435.0,Jorian Donovan,2026.0,14.066666666666666,False
2022,137,DET,Tnias Mathurin,D,D,tnias mathurin,3,,,,,False
2022,139,ANA,Connor Hvidston,LW,F,connor hvidston,3,,,,,False
2022,140,SJS-MIN-SJS,Jake Furlong,D,D,jake furlong,3,,,,,False
2022,141,CBJ-NJD,Petr Hauser,RW,F,petr hauser,3,,,,,False
2022,142,NYI,Matthew Maggio,RW,F,matthew maggio,3,,,,,False
2022,143,WPG-OTT,Cameron O'Neill,RW,F,cameron o neill,3,,,,,False
2022,145,VGK,Patrick Guay,C,F,patrick guay,3,,,,,False
2022,146,NSH,Graham Sward,D,D,graham sward,3,,,,,False
2022,148,LAK,Otto Salin,D,D,otto salin,3,,,,,False
2022,149,WSH,Jake Karabela,C,F,jake karabela,3,,,,,False
2022,150,PIT,Zam Plante,C,F,zam plante,3,,,,,False
2022,152,STL,Marc-Andre Gaudet,D,D,marc andre gaudet,3,,,,,False
2022,153,MIN,David Spacek,D,D,david spacek,3,8483766.0,David Spacek,2026.0,21.5,False
2022,154,TOR-ANA,Michael Callow,RW,F,michael callow,3,,,,,False
2022,155,CGY,Parker Bell,LW,F,parker bell,3,,,,,False
2022,156,CAR,Vladimir Grudinin,D,D,vladimir grudinin,3,,,,,False
2022,157,FLA,Sandis Vilmanis,LW,F,sandis vilmanis,3,8483771.0,Sandis Vilmanis,2026.0,197.55,False
2022,159,NYR,Victor Mancini,D,D,victor mancini,3,8483768.0,Victor Mancini,2025.0,804.0999999999999,False
2022,161,COL-NYR,Maxim Barbashev,LW,F,maxim barbashev,3,,,,,False
2022,163,UTA,Maksymilian Szuber,D,D,maksymilian szuber,3,8483763.0,Maksymilian Szuber,2024.0,16.983333333333334,False
2022,164,SEA,Barrett Hall,C,F,barrett hall,3,,,,,False
2022,165,PHI,Hunter McDonald,D,D,hunter mcdonald,3,8483760.0,Hunter McDonald,2026.0,15.183333333333334,False
2022,166,NJD,Josh Filmon,LW,F,josh filmon,3,,,,,False
2022,167,CHI-PIT,Nolan Collins,D,D,nolan collins,3,,,,,False
2022,168,OTT,Theo Wallberg,D,D,theo wallberg,3,,,,,False
2022,169,DET-TBL-LAK,Jared Wright,RW,F,jared wright,3,8483756.0,Jared Wright,2026.0,262.9166666666667,False
2022,170,BUF,Jake Richard,RW,F,jake richard,3,,,,,False
2022,172,SJS,Joey Muldowney,RW,F,joey muldowney,3,,,,,False
2022,173,CBJ-CHI,Dominic James,C,F,dominic james,3,8483752.0,Dominic James,2026.0,526.1833333333333,False
2022,174,NYI,Daylan Kuefler,LW,F,daylan kuefler,3,,,,,False
2022,175,WPG,Fabian Wagner,C,F,fabian wagner,3,,,,,False
2022,176,VAN,Jackson Dorrington,D,D,jackson dorrington,3,,,,,False
2022,177,VGK,Ben Hemmerling,RW,F,ben hemmerling,3,,,,,False
2022,179,DAL,Matthew Seminoff,RW,F,matthew seminoff,3,,,,,False
2022,180,LAK,Jack Sparkes,D,D,jack sparkes,3,,,,,False
2022,181,WSH,Ryan Hofer,RW,F,ryan hofer,3,,,,,False
2022,182,PIT,Luke Devlin,C,F,luke devlin,3,,,,,False
2022,184,STL,Landon Sim,RW,F,landon sim,3,,,,,False
2022,185,MIN,Servac Petrovsky,C,F,servac petrovsky,3,,,,,False
2022,186,TOR-CBJ-FLA,Josh Davies,LW,F,josh davies,3,,,,,False
2022,187,CGY-FLA-BUF,Gustav Karlsson,C,F,gustav karlsson,3,,,,,False
2022,188,CAR-CHI,Nils Juntorp,RW,F,nils juntorp,3,,,,,False
2022,190,EDM,Nikita Yevseyev,D,D,nikita yevseyev,3,,,,,False
2022,191,NYR,Zakary Karpa,C,F,zakary karpa,3,,,,,False
2022,192,TBL,Connor Kurth,RW,F,connor kurth,3,,,,,False
2022,193,COL,Chris Romaine,D,D,chris romaine,3,,,,,False
2022,194,MTL,Petteri Nurmi,D,D,petteri nurmi,3,,,,,False
2022,195,ARI-SJS,Eli Barnett,D,D,eli barnett,3,,,,,False
2022,196,SEA,Kyle Jackson,C,F,kyle jackson,3,,,,,False
2022,197,PHI,Santeri Sulku,LW,F,santeri sulku,3,,,,,False
2022,198,NJD,Artem Barabosha,D,D,artem barabosha,3,,,,,False
2022,199,CHI,Riku Tohila,C,F,riku tohila,3,,,,,False
2022,200,OTT-BOS,Jackson Edward,D,D,jackson edward,3,,,,,False
2022,201,DET,Owen Mehlenbacher,C,F,owen mehlenbacher,3,,,,,False
2022,202,BUF,Joel Ratkovic Berndtsson,RW,F,joel ratkovic berndtsson,3,,,,,False
2022,203,ANA-CBJ,James Fisher,RW,F,james fisher,3,,,,,False
2022,204,SJS-OTT-SJS-ARI,Adam Zlnka,RW,F,adam zlnka,3,,,,,False
2022,205,CBJ-CAR,Alexander Pelevin,D,D,alexander pelevin,3,,,,,False
2022,206,NYI-OTT,Tyson Dyck,C,F,tyson dyck,3,,,,,False
2022,208,VAN,Kirill Kudryavtsev,D,D,kirill kudryavtsev,3,8483467.0,Kirill Kudryavtsev,2025.0,75.16666666666666,False
2022,209,VGK,Abram Wiebe,D,D,abram wiebe,3,8483709.0,Abram Wiebe,2026.0,48.083333333333336,False
2022,210,NSH,Ben Strinden,C,F,ben strinden,3,,,,,False
2022,211,DAL-BUF,Linus Sjodin,C,F,linus sjodin,3,,,,,False
2022,212,LAK-DET,Brennan Ali,C,F,brennan ali,3,,,,,False
2022,213,WSH,David Gucciardi,D,D,david gucciardi,3,,,,,False
2022,214,PIT-FLA,Liam Arnsby,C,F,liam arnsby,3,,,,,False
2022,215,BOS-LAK,Kaleb Lawrence,RW,F,kaleb lawrence,3,,,,,False
2022,216,STL-PHI-ARI-MTL,Miguël Tourigny,D,D,miguel tourigny,3,,,,,False
2022,217,MIN-SJS,Reese Laubach,C,F,reese laubach,3,,,,,False
2022,218,TOR,Brandon Lisowsky,LW,F,brandon lisowsky,3,,,,,False
2022,219,CGY,Cade Littler,C,F,cade littler,3,,,,,False
2022,220,CAR-PHI,Alexis Gendron,RW,F,alexis gendron,3,,,,,False
2022,221,FLA,Jack Devine,RW,F,jack devine,3,8483433.0,Jack Devine,2026.0,50.63333333333333,False
2022,222,EDM,Joel Maatta,C,F,joel maatta,3,,,,,False
2022,223,NYR-TBL,Dyllan Gill,D,D,dyllan gill,3,,,,,False
2022,224,TBL,Klavs Veinbergs,LW,F,klavs veinbergs,3,,,,,False
2023,1,CHI,Connor Bedard,C,F,connor bedard,0,8484144.0,Connor Bedard,2024.0,4429.166666666667,False
2023,2,ANA,Leo Carlsson,C,F,leo carlsson,0,8484153.0,Leo Carlsson,2024.0,3570.7833333333338,False
2023,3,CBJ,Adam Fantilli,C,F,adam fantilli,0,8484166.0,Adam Fantilli,2024.0,3752.9833333333336,False
2023,4,SJS,Will Smith,C,F,will smith,0,8484227.0,Will Smith,2025.0,2427.7333333333336,False
2023,5,MTL,David Reinbacher,D,D,david reinbacher,0,8484220.0,David Reinbacher,2026.0,26.283333333333335,False
2023,6,UTA,Dmitriy Simashev,D,D,dmitriy simashev,0,,,,,False
2023,7,PHI,Matvei Michkov,RW,F,matvei michkov,0,8484387.0,Matvei Michkov,2025.0,2536.8166666666666,False
2023,8,WSH,Ryan Leonard,RW,F,ryan leonard,0,8484186.0,Ryan Leonard,2025.0,1208.6166666666668,False
2023,9,DET,Nate Danielson,C,F,nate danielson,0,8484160.0,Nate Danielson,2026.0,309.48333333333335,False
2023,10,STL,Dalibor Dvorsky,C,F,dalibor dvorsky,0,8484164.0,Dalibor Dvorsky,2025.0,1036.8833333333334,False
2023,11,VAN,Tom Willander,D,D,tom willander,1,8484240.0,Tom Willander,2026.0,1189.2666666666669,False
2023,12,OTT-ARI,Daniil But,LW,F,daniil but,1,8484388.0,Daniil But,2026.0,361.6166666666667,False
2023,13,BUF,Zach Benson,LW,F,zach benson,1,8484145.0,Zach Benson,2024.0,3174.8499999999995,False
2023,14,PIT,Brayden Yager,C,F,brayden yager,1,8484242.0,Brayden Yager,2026.0,32.96666666666667,False
2023,15,NSH,Matthew Wood,RW,F,matthew wood,1,8484241.0,Matthew Wood,2025.0,944.2833333333333,False
2023,16,CGY,Samuel Honzek,LW,F,samuel honzek,1,8484180.0,Samuel Honzek,2025.0,284.1166666666667,False
2023,17,NYI-VAN-DET,Axel Sandin-Pellikka,D,D,axel sandin pellikka,1,8484223.0,Axel Sandin-Pellikka,2026.0,1102.3333333333333,False
2023,18,WPG,Colby Barlow,LW,F,colby barlow,1,,,,,False
2023,19,TBL-CHI,Oliver Moore,C,F,oliver moore,1,8484197.0,Oliver Moore,2025.0,766.1333333333333,False
2023,20,SEA,Eduard Sale,LW,F,eduard sale,1,,,,,False
2023,21,MIN,Charlie Stramel,C,F,charlie stramel,1,,,,,False
2023,22,LAK-CBJ-PHI,Oliver Bonk,D,D,oliver bonk,1,8484148.0,Oliver Bonk,2026.0,16.466666666666665,False
2023,23,NYR,Gabe Perreault,RW,F,gabe perreault,1,8484210.0,Gabe Perreault,2025.0,855.5166666666667,False
2023,24,EDM-NSH,Tanner Molendyk,D,D,tanner molendyk,1,,,,,False
2023,25,TOR-STL,Otto Stenberg,C,F,otto stenberg,1,8484230.0,Otto Stenberg,2026.0,435.8,False
2023,26,NJD-SJS,Quentin Musty,LW,F,quentin musty,1,,,,,False
2023,27,COL,Calum Ritchie,C,F,calum ritchie,1,8484221.0,Calum Ritchie,2025.0,964.7666666666667,False
2023,28,BOS-WSH-TOR,Easton Cowan,RW,F,easton cowan,1,8484158.0,Easton Cowan,2026.0,970.9333333333332,False
2023,29,DAL-NYR-STL,Theo Lindstein,D,D,theo lindstein,1,8484188.0,Theo Lindstein,2026.0,267.93333333333334,False
2023,30,CAR,Bradly Nadeau,LW,F,bradly nadeau,1,8484203.0,Bradly Nadeau,2024.0,197.63333333333333,False
2023,31,FLA-MTL-COL,Mikhail Gulyayev,D,D,mikhail gulyayev,2,,,,,False
2023,32,VGK,David Edstrom,C,F,david edstrom,2,,,,,False
2023,33,ANA,Nico Myatovic,LW,F,nico myatovic,2,,,,,False
2023,34,CBJ,Gavin Brindley,C,F,gavin brindley,2,8484149.0,Gavin Brindley,2024.0,547.2166666666667,False
2023,36,SJS,Kasper Halttunen,RW,F,kasper halttunen,2,,,,,False
2023,37,MTL-COL-TBL,Ethan Gauthier,RW,F,ethan gauthier,2,,,,,False
2023,39,PHI-BUF,Anton Wahlberg,C,F,anton wahlberg,2,,,,,False
2023,40,WSH,Andrew Cristall,LW,F,andrew cristall,2,,,,,False
2023,42,STL-DET,Andrew Gibson,D,D,andrew gibson,2,,,,,False
2023,43,VAN-DET-NSH,Felix Nilsson,C,F,felix nilsson,2,,,,,False
2023,44,OTT-CHI,Roman Kantserov,RW,F,roman kantserov,2,,,,,False
2023,45,BUF,Maxim Strbak,D,D,maxim strbak,2,,,,,False
2023,46,PIT-NSH,Kalan Lind,LW,F,kalan lind,2,,,,,False
2023,47,NSH-DET,Brady Cleveland,D,D,brady cleveland,2,,,,,False
2023,48,CGY,Etienne Morin,D,D,etienne morin,2,,,,,False
2023,49,NYI,Danny Nelson,C,F,danny nelson,2,,,,,False
2023,50,WPG-WSH-SEA,Carson Rehkopf,LW,F,carson rehkopf,2,,,,,False
2023,52,SEA,Oscar Fisker Molgaard,C,F,oscar fisker molgaard,2,8484168.0,Oscar Fisker Molgaard,2026.0,120.06666666666666,False
2023,53,MIN,Rasmus Kumpulainen,C,F,rasmus kumpulainen,2,,,,,False
2023,54,LAK,Jakub Dvorak,D,D,jakub dvorak,2,,,,,False
2023,55,NYR-CHI,Martin Misiak,RW,F,martin misiak,2,,,,,False
2023,56,EDM,Beau Akey,D,D,beau akey,2,,,,,False
2023,57,TOR-SEA,Lukas Dragicevic,D,D,lukas dragicevic,2,,,,,False
2023,58,NJD,Lenni Hameenaho,RW,F,lenni hameenaho,2,8484177.0,Lenni Hameenaho,2026.0,401.98333333333335,False
2023,59,COL-ANA,Carey Terrance,C,F,carey terrance,2,,,,,False
2023,61,DAL,Tristan Bertucci,D,D,tristan bertucci,3,,,,,False
2023,62,CAR,Felix Unger Sorum,RW,F,felix unger sorum,3,8484392.0,Felix Unger Sorum,2026.0,14.583333333333334,False
2023,63,FLA,Gracyn Sawchyn,C,F,gracyn sawchyn,3,,,,,False
2023,64,VGK-BUF-MIN,Riley Heidt,C,F,riley heidt,3,,,,,False
2023,65,ANA,Coulson Pitre,RW,F,coulson pitre,3,,,,,False
2023,66,CBJ,William Whitelaw,RW,F,william whitelaw,3,,,,,False
2023,67,CHI,Nick Lardis,LW,F,nick lardis,3,8484185.0,Nick Lardis,2026.0,519.5166666666667,False
2023,68,SJS-NSH,Jesse Kiiskinen,RW,F,jesse kiiskinen,3,,,,,False
2023,70,UTA,Jonathan Castagna,C,F,jonathan castagna,3,,,,,False
2023,71,PHI-CAR-SJS,Brandon Svoboda,C,F,brandon svoboda,3,,,,,False
2023,72,WSH-ARI,Noel Nordh,LW,F,noel nordh,3,,,,,False
2023,73,DET,Noah Dower Nilsson,LW,F,noah dower nilsson,3,,,,,False
2023,74,STL,Quinton Burns,D,D,quinton burns,3,,,,,False
2023,75,VAN,Hunter Brzustewicz,D,D,hunter brzustewicz,3,8484150.0,Hunter Brzustewicz,2025.0,567.15,False
2023,76,OTT-TOR-STL,Juraj Pekarcik,LW,F,juraj pekarcik,3,,,,,False
2023,77,BUF-VGK,Mathieu Cataford,C,F,mathieu cataford,3,,,,,False
2023,78,PIT-LAK,Koehn Ziemmer,RW,F,koehn ziemmer,3,,,,,False
2023,79,NSH-DAL,Brad Gardiner,C,F,brad gardiner,3,,,,,False
2023,80,CGY-SEA-CBJ-NJD-CGY,Aydar Suniev,LW,F,aydar suniev,3,8484234.0,Aydar Suniev,2025.0,84.53333333333333,False
2023,81,NYI-ARI,Tanner Ludtke,C,F,tanner ludtke,3,,,,,False
2023,82,WPG,Zach Nehring,RW,F,zach nehring,3,,,,,False
2023,83,TBL-NSH,Dylan MacKinnon,D,D,dylan mackinnon,3,,,,,False
2023,84,SEA,Caden Price,D,D,caden price,3,,,,,False
2023,85,MIN-ANA,Yegor Sidorov,RW,F,yegor sidorov,3,,,,,False
2023,86,LAK-BUF,Gavin McCarthy,D,D,gavin mccarthy,3,,,,,False
2023,88,EDM-ARI,Vadim Moroz,RW,F,vadim moroz,3,,,,,False
2023,89,TOR-VAN,Sawyer Mynio,D,D,sawyer mynio,3,,,,,False
2023,90,NJD-PIT-NYR,Drew Fortescue,D,D,drew fortescue,3,8484169.0,Drew Fortescue,2026.0,133.58333333333334,False
2023,91,COL-NYR-PIT,Emil Pieniniemi,D,D,emil pieniniemi,3,,,,,False
2023,92,BOS,Christopher Pelosi,C,F,christopher pelosi,3,,,,,False
2023,93,DAL-ARI-CHI,Jiri Felcman,C,F,jiri felcman,3,,,,,False
2023,94,CAR-SJS-CAR,Jayden Perron,RW,F,jayden perron,3,,,,,False
2023,95,FLA-PHI,Denver Barkey,C,F,denver barkey,3,8484142.0,Denver Barkey,2026.0,576.5166666666667,False
2023,96,VGK,Arttu Karki,D,D,arttu karki,3,,,,,False
2023,97,ANA,Konnor Smith,D,D,konnor smith,3,,,,,False
2023,98,CBJ,Andrew Strathmann,D,D,andrew strathmann,3,,,,,False
2023,99,CHI,Alex Pharand,C,F,alex pharand,3,,,,,False
2023,100,SJS-CAR,Alexander Rykov,RW,F,alexander rykov,3,,,,,False
2023,101,MTL,Florian Xhekaj,LW,F,florian xhekaj,3,8484403.0,Florian Xhekaj,2026.0,47.983333333333334,False
2023,102,UTA,Terrell Goldsmith,D,D,terrell goldsmith,3,,,,,False
2023,103,PHI,Cole Knuble,C,F,cole knuble,3,,,,,False
2023,104,WSH,Patrick Thomas,C,F,patrick thomas,3,,,,,False
2023,105,DET-VAN,Ty Mueller,C,F,ty mueller,3,8484406.0,Ty Mueller,2025.0,85.71666666666667,False
2023,106,STL,Jakub Stancl,C,F,jakub stancl,3,,,,,False
2023,107,VAN,Vilmer Alriksson,LW,F,vilmer alriksson,3,,,,,False
2023,108,OTT,Hoyt Stanley,D,D,hoyt stanley,3,,,,,False
2023,109,BUF,Ethan Miedema,LW,F,ethan miedema,3,,,,,False
2023,110,PIT-MTL,Bogdan Konyushkov,D,D,bogdan konyushkov,3,,,,,False
2023,111,NSH,Joey Willis,C,F,joey willis,3,,,,,False
2023,112,CGY,Jaden Lipinski,C,F,jaden lipinski,3,,,,,False
2023,113,NYI,Jesse Nurmi,LW,F,jesse nurmi,3,,,,,False
2023,114,WPG-SEA-CBJ,Luca Pinelli,C,F,luca pinelli,3,8484214.0,Luca Pinelli,2026.0,41.3,False
2023,115,TBL-NSH-TBL,Jayson Shaugabay,RW,F,jayson shaugabay,3,,,,,False
2023,116,SEA,Andrei Loshko,C,F,andrei loshko,3,,,,,False
2023,117,MIN-DET,Larry Keenan,D,D,larry keenan,3,,,,,False
2023,119,NYR-VAN,Matthew Perkins,C,F,matthew perkins,3,,,,,False
2023,120,EDM-PHI,Alex Ciernik,LW,F,alex ciernik,3,,,,,False
2023,122,NJD,Cam Squires,RW,F,cam squires,3,,,,,False
2023,123,COL-SEA-SJS,Luca Cagnoni,D,D,luca cagnoni,3,8484152.0,Luca Cagnoni,2025.0,159.95,False
2023,124,BOS,Beckett Hendrickson,C,F,beckett hendrickson,3,,,,,False
2023,125,DAL,Aram Minnetian,D,D,aram minnetian,3,,,,,False
2023,126,CAR,Stanislav Yarovoi,RW,F,stanislav yarovoi,3,,,,,False
2023,127,FLA,Albert Wikman,D,D,albert wikman,3,,,,,False
2023,129,ANA,Rodwin Dionicio,D,D,rodwin dionicio,3,,,,,False
2023,130,CBJ-SJS,Axel Landen,D,D,axel landen,3,,,,,False
2023,131,CHI,Marcel Marcel,LW,F,marcel marcel,3,,,,,False
2023,132,SJS,Eric Pohlkamp,D,D,eric pohlkamp,3,,,,,False
2023,133,MTL,Sam Harris,LW,F,sam harris,3,,,,,False
2023,135,PHI,Carter Sotheran,D,D,carter sotheran,3,,,,,False
2023,136,WSH,Cam Allen,D,D,cam allen,3,,,,,False
2023,137,DET,Jack Phelan,D,D,jack phelan,3,,,,,False
2023,138,STL,Paul Fischer,D,D,paul fischer,3,,,,,False
2023,139,VAN-CAR,Charles-Alexis Legault,D,D,charles alexis legault,3,8484428.0,Charles Alexis Legault,2026.0,171.53333333333333,False
2023,140,OTT,Matthew Andonovski,D,D,matthew andonovski,3,,,,,False
2023,142,PIT,Mikhail Ilyin,RW,F,mikhail ilyin,3,,,,,False
2023,143,NSH,Sutter Muzzatti,C,F,sutter muzzatti,3,,,,,False
2023,145,NYI,Justin Gill,C,F,justin gill,3,,,,,False
2023,146,WPG,Jacob Julien,C,F,jacob julien,3,,,,,False
2023,147,TBL-NSH-DET,Kevin Bicker,LW,F,kevin bicker,3,,,,,False
2023,148,SEA,Kaden Hammell,D,D,kaden hammell,3,,,,,False
2023,149,MIN,Aaron Pionk,D,D,aaron pionk,3,,,,,False
2023,150,LAK,Matthew Mania,D,D,matthew mania,3,,,,,False
2023,152,EDM-NYR,Rasmus Larsson,D,D,rasmus larsson,3,,,,,False
2023,153,TOR,Hudson Malinoski,C,F,hudson malinoski,3,,,,,False
2023,154,NJD,Chase Cheslock,D,D,chase cheslock,3,,,,,False
2023,155,COL,Nikita Ishimnikov,D,D,nikita ishimnikov,3,,,,,False
2023,161,ANA,Vojtech Port,D,D,vojtech port,3,,,,,False
2023,162,CBJ-ARI,Samu Bau,C,F,samu bau,3,,,,,False
2023,163,CHI-CAR,Timur Mukhanov,LW,F,timur mukhanov,3,,,,,False
2023,164,SJS-NJD,Cole Brown,LW,F,cole brown,3,,,,,False
2023,165,MTL,Filip Eriksson,C,F,filip eriksson,3,,,,,False
2023,167,PHI-CHI,Milton Oscarson,C,F,milton oscarson,3,,,,,False
2023,170,STL,Matthew Mayich,D,D,matthew mayich,3,,,,,False
2023,171,VAN,Aiden Celebrini,D,D,aiden celebrini,3,,,,,False
2023,172,OTT-PHI,Ryan MacPherson,C,F,ryan macpherson,3,,,,,False
2023,173,BUF,Sean Keohane,D,D,sean keohane,3,,,,,False
2023,174,PIT,Cooper Foster,C,F,cooper foster,3,,,,,False
2023,175,NSH,Austin Roest,C,F,austin roest,3,,,,,False
2023,177,NYI,Zachary Schulz,D,D,zachary schulz,3,,,,,False
2023,178,WPG-NYR,Dylan Roobroeck,C,F,dylan roobroeck,3,,,,,False
2023,179,TBL,Warren Clark,D,D,warren clark,3,,,,,False
2023,180,SEA,Zeb Forsfjall,C,F,zeb forsfjall,3,,,,,False
2023,181,MIN,Kalem Parker,D,D,kalem parker,3,,,,,False
2023,182,LAK,Ryan Conmy,RW,F,ryan conmy,3,,,,,False
2023,183,NYR,Ty Henricks,LW,F,ty henricks,3,,,,,False
2023,185,TOR,Noah Chadwick,D,D,noah chadwick,3,,,,,False
2023,186,NJD,Daniil Karpovich,D,D,daniil karpovich,3,,,,,False
2023,187,COL,Jeremy Hanzel,D,D,jeremy hanzel,3,,,,,False
2023,188,BOS,Ryan Walsh,C,F,ryan walsh,3,,,,,False
2023,189,DAL,Angus MacDonell,C,F,angus macdonell,3,,,,,False
2023,190,CAR,Michael Emerson,RW,F,michael emerson,3,,,,,False
2023,191,FLA,Luke Coughlin,D,D,luke coughlin,3,,,,,False
2023,192,VGK,Tuomas Uronen,RW,F,tuomas uronen,3,,,,,False
2023,193,ANA-TBL,Jack Harvey,C,F,jack harvey,3,,,,,False
2023,194,CBJ,Oiva Keskinen,C,F,oiva keskinen,3,,,,,False
2023,195,CHI,Janne Peltonen,D,D,janne peltonen,3,,,,,False
2023,196,SJS,David Klee,C,F,david klee,3,,,,,False
2023,197,MTL,Luke Mittelstadt,D,D,luke mittelstadt,3,,,,,False
2023,198,ARI-FLA,Stepan Zvyagin,LW,F,stepan zvyagin,3,,,,,False
2023,199,PHI,Matteo Mann,D,D,matteo mann,3,,,,,False
2023,200,WSH,Brett Hyland,C,F,brett hyland,3,,,,,False
2023,201,DET,Emmitt Finnie,C,F,emmitt finnie,3,8484471.0,Emmitt Finnie,2026.0,1271.0,False
2023,202,STL,Nikita Susuyev,RW,F,nikita susuyev,3,,,,,False
2023,203,VAN-ARI-SJS,Yegor Rimashevskiy,RW,F,yegor rimashevskiy,3,,,,,False
2023,204,OTT,Owen Beckner,C,F,owen beckner,3,,,,,False
2023,205,BUF,Norwin Panocha,D,D,norwin panocha,3,,,,,False
2023,208,CGY,Axel Hurtig,D,D,axel hurtig,3,,,,,False
2023,209,NYI,Dennis Good Bogg,D,D,dennis good bogg,3,,,,,False
2023,210,WPG,Connor Levis,RW,F,connor levis,3,,,,,False
2023,211,TBL,Ethan Hay,C,F,ethan hay,3,,,,,False
2023,212,SEA,Zaccharya Wisdom,RW,F,zaccharya wisdom,3,,,,,False
2023,213,MIN,James Clark,LW,F,james clark,3,,,,,False
2023,214,LAK-BOS,Casper Nassen,RW,F,casper nassen,3,,,,,False
2023,215,NYR-OTT,Nicholas Vantassell,RW,F,nicholas vantassell,3,,,,,False
2023,216,EDM,Matt Copponi,C,F,matt copponi,3,,,,,False
2023,217,TOR-PIT,Emil Jarventie,LW,F,emil jarventie,3,,,,,False
2023,218,NJD-NSH,Aiden Fink,RW,F,aiden fink,3,,,,,False
2023,219,COL,Maros Jedlicka,C,F,maros jedlicka,3,,,,,False
2023,220,BOS,Kristian Kostadinski,D,D,kristian kostadinski,3,,,,,False
2023,221,DAL,Sebastian Bradshaw,LW,F,sebastian bradshaw,3,,,,,False
2023,223,FLA-PIT,Kalle Kangas,D,D,kalle kangas,3,,,,,False
2023,224,VGK-CBJ,Tyler Peddle,LW,F,tyler peddle,3,,,,,False
2024,1,SJS,Macklin Celebrini,C,F,macklin celebrini,0,8484801.0,Macklin Celebrini,2025.0,3133.0666666666666,False
2024,2,CHI,Artyom Levshunov,D,D,artyom levshunov,0,8484783.0,Artyom Levshunov,2025.0,1678.3,False
2024,3,ANA,Beckett Sennecke,RW,F,beckett sennecke,0,8484762.0,Beckett Sennecke,2026.0,1430.5,False
2024,4,CBJ,Cayden Lindstrom,C,F,cayden lindstrom,0,,,,,False
2024,5,MTL,Ivan Demidov,RW,F,ivan demidov,0,8484984.0,Ivan Demidov,2025.0,1298.2166666666667,False
2024,6,UTA,Tij Iginla,C,F,tij iginla,0,,,,,False
2024,7,OTT,Carter Yakemchuk,D,D,carter yakemchuk,0,8484759.0,Carter Yakemchuk,2026.0,58.13333333333333,False
2024,8,SEA,Berkly Catton,C,F,berkly catton,0,8484800.0,Berkly Catton,2026.0,853.75,False
2024,9,CGY,Zayne Parekh,D,D,zayne parekh,0,8484768.0,Zayne Parekh,2025.0,654.8166666666666,False
2024,10,NJD,Anton Silayev,D,D,anton silayev,0,,,,,False
2024,11,BUF-SJS,Sam Dickinson,D,D,sam dickinson,1,8484806.0,Sam Dickinson,2026.0,1206.4333333333334,False
2024,12,PHI-MIN,Zeev Buium,D,D,zeev buium,1,8484798.0,Zeev Buium,2026.0,1487.8166666666666,False
2024,13,MIN-PHI,Jett Luchanko,C,F,jett luchanko,1,8484779.0,Jett Luchanko,2025.0,92.08333333333334,False
2024,14,PIT-SJS-BUF,Konsta Helenius,C,F,konsta helenius,1,8484797.0,Konsta Helenius,2026.0,107.18333333333334,False
2024,15,DET,Michael Brandsegg-Nygård,RW,F,michael brandsegg nygard,1,,,,,False
2024,16,STL,Adam Jiricek,D,D,adam jiricek,1,,,,,False
2024,17,WSH,Terik Parascak,RW,F,terik parascak,1,,,,,False
2024,18,NYI-CHI,Sacha Boisvert,C,F,sacha boisvert,1,8484793.0,Sacha Boisvert,2026.0,64.71666666666667,False
2024,19,VGK,Trevor Connelly,LW,F,trevor connelly,1,,,,,False
2024,20,TBL-CHI-NYI,Cole Eiserman,LW,F,cole eiserman,1,,,,,False
2024,21,LAK-MTL,Michael Hage,C,F,michael hage,1,,,,,False
2024,22,NSH,Egor Surin,C,F,egor surin,1,,,,,False
2024,23,TOR-ANA,Stian Solberg,D,D,stian solberg,1,,,,,False
2024,24,COL-UTA,Cole Beaudoin,C,F,cole beaudoin,1,,,,,False
2024,25,BOS-DET-OTT-BOS,Dean Letourneau,C,F,dean letourneau,1,,,,,False
2024,26,WPG-MTL-LAK,Liam Greentree,RW,F,liam greentree,1,,,,,False
2024,27,CAR-CHI,Marek Vanacker,LW,F,marek vanacker,1,,,,,False
2024,28,VAN-CGY,Matvei Gridin,RW,F,matvei gridin,1,8484860.0,Matvei Gridin,2026.0,561.0833333333334,False
2024,29,DAL,Emil Hemming,RW,F,emil hemming,1,,,,,False
2024,30,NYR,EJ Emery,D,D,ej emery,1,,,,,False
2024,31,EDM-ANA-TOR,Ben Danford,D,D,ben danford,2,,,,,False
2024,32,FLA-PHI-EDM,Sam O'Reilly,RW,F,sam o reilly,2,,,,,False
2024,33,SJS,Igor Chernyshov,LW,F,igor chernyshov,2,8484994.0,Igor Chernyshov,2026.0,421.6166666666667,False
2024,34,CHI-CAR,Dominik Badinka,D,D,dominik badinka,2,,,,,False
2024,35,ANA,Lucas Pettersson,C,F,lucas pettersson,2,,,,,False
2024,36,CBJ,Charlie Elick,D,D,charlie elick,2,,,,,False
2024,37,MTL-UTA-LAK-WPG,Alfons Freij,D,D,alfons freij,2,,,,,False
2024,39,OTT,Gabriel Eliasson,D,D,gabriel eliasson,2,,,,,False
2024,40,SEA,Julius Miettinen,C,F,julius miettinen,2,,,,,False
2024,41,CGY,Andrew Basha,LW,F,andrew basha,2,,,,,False
2024,42,NJD-SJS-BUF,Adam Kleber,D,D,adam kleber,2,,,,,False
2024,43,BUF-WSH,Cole Hutson,D,D,cole hutson,2,8484873.0,Cole Hutson,2026.0,244.4,False
2024,44,PHI-CAR-PIT,Harrison Brunicke,D,D,harrison brunicke,2,8484839.0,Harrison Brunicke,2026.0,141.43333333333334,False
2024,45,MIN,Ryder Ritchie,RW,F,ryder ritchie,2,,,,,False
2024,46,PIT,Tanner Howe,LW,F,tanner howe,2,,,,,False
2024,47,DET,Max Plante,LW,F,max plante,2,,,,,False
2024,48,STL,Colin Ralph,D,D,colin ralph,2,,,,,False
2024,50,NYI-CHI-CAR,Nikita Artamonov,LW,F,nikita artamonov,2,,,,,False
2024,51,PHI,Jack Berglund,C,F,jack berglund,2,,,,,False
2024,52,VGK-WSH,Leon Muggli,D,D,leon muggli,2,,,,,False
2024,53,TBL-NSH-DET-SJS,Leo Sahlin Wallenius,D,D,leo sahlin wallenius,2,,,,,False
2024,54,LAK-PHI-CHI-NYI,Jesse Pulkkinen,D,D,jesse pulkkinen,2,,,,,False
2024,55,NSH,Teddy Stiga,C,F,teddy stiga,2,,,,,False
2024,56,TOR-STL,Lukas Fischer,D,D,lukas fischer,2,,,,,False
2024,58,BOS-ANA-TOR-FLA,Linus Eriksson,C,F,linus eriksson,2,,,,,False
2024,59,WPG-NSH-PHI,Spencer Gill,D,D,spencer gill,2,,,,,False
2024,61,VAN-CHI-NYI,Kamil Bednarik,C,F,kamil bednarik,3,,,,,False
2024,62,DAL-CGY,Jacob Battaglia,RW,F,jacob battaglia,3,,,,,False
2024,63,NYR-SEA,Nathan Villeneuve,C,F,nathan villeneuve,3,,,,,False
2024,65,FLA-UTA,Will Skahan,D,D,will skahan,3,,,,,False
2024,66,SJS-ANA,Maxim Massé,RW,F,maxim masse,3,,,,,False
2024,67,CHI,John Mustard,C,F,john mustard,3,,,,,False
2024,68,ANA,Ethan Procyszyn,C,F,ethan procyszyn,3,,,,,False
2024,69,CBJ-CAR,Noel Fransén,D,D,noel fransen,3,,,,,False
2024,70,MTL,Aatos Koivu,C,F,aatos koivu,3,,,,,False
2024,71,UTA-COL-BUF,Brodie Ziemer,RW,F,brodie ziemer,3,,,,,False
2024,72,OTT-CHI,Anthony (AJ) Spellacy,RW,F,anthony (aj) spellacy,3,,,,,False
2024,73,SEA,Alexis Bernier,D,D,alexis bernier,3,,,,,False
2024,74,CGY,Henry Mews,D,D,henry mews,3,,,,,False
2024,75,NJD-WSH,Ilya Protas,LW,F,ilya protas,3,8484999.0,Ilya Protas,2026.0,63.56666666666667,False
2024,76,BUF-COL,William Zellers,LW,F,william zellers,3,,,,,False
2024,77,PHI-NSH,Viggo Gustafsson,D,D,viggo gustafsson,3,,,,,False
2024,78,MIN-WSH-MTL,Logan Sawyer,C,F,logan sawyer,3,,,,,False
2024,79,PIT-ANA,Tarin Smith,D,D,tarin smith,3,,,,,False
2024,80,DET,Ondrej Becher,C,F,ondrej becher,3,,,,,False
2024,81,STL,Ondrej Kos,LW,F,ondrej kos,3,,,,,False
2024,82,WSH-NJD-SJS,Carson Wetsch,RW,F,carson wetsch,3,,,,,False
2024,85,TBL-SJS-NJD,Kasper Pikkarainen,RW,F,kasper pikkarainen,3,,,,,False
2024,86,LAK-CBJ,Luca Marrelli,D,D,luca marrelli,3,,,,,False
2024,87,NSH,Miguel Marques,RW,F,miguel marques,3,,,,,False
2024,89,COL-UTA,Tomas Lavoie,D,D,tomas lavoie,3,,,,,False
2024,90,BOS-WSH,Eriks Mateiko,LW,F,eriks mateiko,3,,,,,False
2024,91,WPG-NJD,Herman Träff,RW,F,herman traff,3,,,,,False
2024,92,CAR-CHI,Jack Pridham,RW,F,jack pridham,3,,,,,False
2024,93,VAN,Melvin Fernström,RW,F,melvin fernstrom,3,,,,,False
2024,94,DAL-NSH,Hiroki Gojsic,RW,F,hiroki gojsic,3,,,,,False
2024,95,NYR-STL,Adam Jecho,C,F,adam jecho,3,,,,,False
2024,96,EDM-UTA,Veeti Väisänen,D,D,veeti vaisanen,3,,,,,False
2024,97,FLA,Matvei Shuravin,D,D,matvei shuravin,3,,,,,False
2024,98,SJS-UTA,Gregor Biber,D,D,gregor biber,3,,,,,False
2024,100,ANA,Alexandre Blais,C,F,alexandre blais,3,,,,,False
2024,101,CBJ,Tanner Henricks,D,D,tanner henricks,3,,,,,False
2024,102,MTL,Owen Protz,D,D,owen protz,3,,,,,False
2024,103,UTA,Gabe Smith,C,F,gabe smith,3,,,,,False
2024,104,OTT,Lucas Ellinas,LW,F,lucas ellinas,3,,,,,False
2024,105,SEA,Ollie Josephson,C,F,ollie josephson,3,,,,,False
2024,106,CGY,Trevor Hoskin,RW,F,trevor hoskin,3,,,,,False
2024,107,NJD-VAN-CGY-PHI,Heikki Ruohonen,C,F,heikki ruohonen,3,,,,,False
2024,108,BUF,Luke Osburn,D,D,luke osburn,3,,,,,False
2024,109,PHI-BUF-WPG,Kevin He,LW,F,kevin he,3,,,,,False
2024,110,MIN-BOS,Elliott Groenewold,D,D,elliott groenewold,3,,,,,False
2024,111,PIT,Chase Pietila,D,D,chase pietila,3,,,,,False
2024,112,DET-OTT,Javon Moore,LW,F,javon moore,3,,,,,False
2024,113,STL,Tomas Mrsic,C,F,tomas mrsic,3,,,,,False
2024,117,TBL-OTT,Blake Montgomery,LW,F,blake montgomery,3,,,,,False
2024,118,LAK-TBL,Jan Golicic,D,D,jan golicic,3,,,,,False
2024,119,NSH-NYR,Raoul Boilard,C,F,raoul boilard,3,,,,,False
2024,120,TOR,Victor Johansson,D,D,victor johansson,3,,,,,False
2024,121,COL,Jake Fisher,C,F,jake fisher,3,,,,,False
2024,122,BOS-MIN,Aron Kiviharju,D,D,aron kiviharju,3,,,,,False
2024,123,WPG-BUF,Simon-Pier Brunet,D,D,simon pier brunet,3,,,,,False
2024,124,CAR,Alexander Siryatsky,D,D,alexander siryatsky,3,,,,,False
2024,125,VAN,Riley Patterson,C,F,riley patterson,3,,,,,False
2024,127,NYR-NSH,Viktor Norringer,LW,F,viktor norringer,3,,,,,False
2024,128,EDM-NSH-TBL,Hagen Burrows,RW,F,hagen burrows,3,,,,,False
2024,129,FLA,Simon Zether,C,F,simon zether,3,,,,,False
2024,130,SJS-MTL,Tyler Thorpe,RW,F,tyler thorpe,3,,,,,False
2024,131,CHI-VAN-CGY-SJS,Colton Roberts,D,D,colton roberts,3,,,,,False
2024,133,CBJ-CAR,Oskar Vuollet,LW,F,oskar vuollet,3,,,,,False
2024,135,UTA,Owen Allard,C,F,owen allard,3,,,,,False
2024,136,OTT,Eerik Wallenius,D,D,eerik wallenius,3,,,,,False
2024,138,CGY-CHI,Joel Svensson,C,F,joel svensson,3,,,,,False
2024,139,NJD,Max Graham,C,F,max graham,3,,,,,False
2024,140,BUF-MIN,Sebastian Soini,D,D,sebastian soini,3,,,,,False
2024,141,PHI-FLA-SEA,Clarke Caswell,LW,F,clarke caswell,3,,,,,False
2024,143,PIT-SJS,Nate Misskey,D,D,nate misskey,3,,,,,False
2024,144,DET,John Whipple,D,D,john whipple,3,,,,,False
2024,145,STL,William McIsaac,D,D,william mcisaac,3,,,,,False
2024,148,VGK-PHI,Noah Powell,RW,F,noah powell,3,,,,,False
2024,149,TBL,Joona Saarelainen,C,F,joona saarelainen,3,,,,,False
2024,150,LAK-PHI-CGY,Luke Misa,C,F,luke misa,3,,,,,False
2024,151,NSH-CHI-TOR,Miroslav Holinka,C,F,miroslav holinka,3,,,,,False
2024,152,TOR,Alexander Plesovskikh,LW,F,alexander plesovskikh,3,,,,,False
2024,153,COL-SJS-NJD-UTA,Ales Cech,D,D,ales cech,3,,,,,False
2024,154,BOS,Jonathan Morello,C,F,jonathan morello,3,,,,,False
2024,155,WPG,Markus Loponen,C,F,markus loponen,3,,,,,False
2024,156,CAR,Justin Poirier,RW,F,justin poirier,3,,,,,False
2024,158,DAL,Niilopekka Muhonen,D,D,niilopekka muhonen,3,,,,,False
2024,159,NYR,Nathan Aspinall,LW,F,nathan aspinall,3,,,,,False
2024,160,EDM,Connor Clattenburg,LW,F,connor clattenburg,3,8484529.0,Connor Clattenburg,2026.0,36.03333333333333,False
2024,161,FLA-BUF-COL,Maxmilian Curran,C,F,maxmilian curran,3,,,,,False
2024,162,SJS-VAN,Anthony Romani,RW,F,anthony romani,3,,,,,False
2024,163,CHI,Ty Henry,D,D,ty henry,3,,,,,False
2024,164,ANA-LAK,Jared Woolley,D,D,jared woolley,3,,,,,False
2024,165,CBJ,Luke Ashton,D,D,luke ashton,3,,,,,False
2024,166,MTL,Ben Merrill,C,F,ben merrill,3,,,,,False
2024,167,UTA,Vojtech Hradec,C,F,vojtech hradec,3,,,,,False
2024,168,OTT-CAR,Timur Kol,D,D,timur kol,3,,,,,False
2024,169,SEA-FLA,Stepan Gorbunov,C,F,stepan gorbunov,3,,,,,False
2024,170,CGY,Hunter Laing,C,F,hunter laing,3,,,,,False
2024,171,NJD,Matyas Melovsky,C,F,matyas melovsky,3,,,,,False
2024,172,BUF,Patrick Geary,D,D,patrick geary,3,,,,,False
2024,173,PHI,Ilya Pautov,RW,F,ilya pautov,3,,,,,False
2024,174,MIN,Stevie Leskovar,D,D,stevie leskovar,3,,,,,False
2024,175,PIT,Joona Väisänen,D,D,joona vaisanen,3,,,,,False
2024,176,DET,Charlie Forslund,LW,F,charlie forslund,3,,,,,False
2024,177,STL-PHI-CGY,Eric Jamieson,D,D,eric jamieson,3,,,,,False
2024,178,WSH,Petr Sikora,C,F,petr sikora,3,,,,,False
2024,179,NYI,Xavier Veilleux,D,D,xavier veilleux,3,,,,,False
2024,180,VGK,Trent Swick,LW,F,trent swick,3,,,,,False
2024,181,TBL,Kaden Pitre,C,F,kaden pitre,3,,,,,False
2024,182,LAK-ANA,Austin Burnevik,RW,F,austin burnevik,3,,,,,False
2024,183,NSH-EDM,Albin Sundin,D,D,albin sundin,3,,,,,False
2024,184,TOR-CAR,Roman Shokhrin,D,D,roman shokhrin,3,,,,,False
2024,185,COL,Tory Pitner,D,D,tory pitner,3,,,,,False
2024,186,BOS,Loke Johansson,D,D,loke johansson,3,,,,,False
2024,187,WPG,Kieron Walton,C,F,kieron walton,3,,,,,False
2024,188,CAR,Fyodor Avramov,LW,F,fyodor avramov,3,,,,,False
2024,189,VAN,Parker Alcos,D,D,parker alcos,3,,,,,False
2024,190,DAL-NSH-UTA,Ludvig Lafton,D,D,ludvig lafton,3,,,,,False
2024,191,NYR,Rico Gredig,LW,F,rico gredig,3,,,,,False
2024,192,EDM,Dalyn Wakely,C,F,dalyn wakely,3,,,,,False
2024,193,FLA,Hunter St. Martin,LW,F,hunter st martin,3,,,,,False
2024,195,CHI-TBL,Joe Connor,LW,F,joe connor,3,,,,,False
2024,196,ANA-EDM,William Nicholl,C,F,william nicholl,3,,,,,False
2024,197,CBJ-VGK,Lucas Van Vliet,C,F,lucas van vliet,3,,,,,False
2024,198,MTL-LAK,James Reeder,RW,F,james reeder,3,,,,,False
2024,199,UTA-TBL,Noah Steen,LW,F,noah steen,3,,,,,False
2024,200,OTT-TOR,Matt Lahey,D,D,matt lahey,3,,,,,False
2024,202,CGY-SEA,Jakub Fibigr,D,D,jakub fibigr,3,,,,,False
2024,203,NJD-SJS-DET,Austin Baker,LW,F,austin baker,3,,,,,False
2024,204,BUF,Vasily Zelenov,RW,F,vasily zelenov,3,,,,,False
2024,205,PHI,Austin Moline,D,D,austin moline,3,,,,,False
2024,207,PIT,Mac Swanson,C,F,mac swanson,3,,,,,False
2024,208,DET,Fisher Scott,D,D,fisher scott,3,,,,,False
2024,209,STL,Antoine Dorion,C,F,antoine dorion,3,,,,,False
2024,210,WSH-MTL,Makar Khanin,RW,F,makar khanin,3,,,,,False
2024,211,NYI-STL,Matvei Korotky,C,F,matvei korotky,3,,,,,False
2024,212,VGK-WSH,Miroslav Satan,C,F,miroslav satan,3,,Miroslav Satan,,,False
2024,213,TBL-NSH,Erik Påhlsson,C,F,erik pahlsson,3,,,,,False
2024,214,LAK-ANA,Darels Uljanskis,D,D,darels uljanskis,3,,,,,False
2024,215,NSH-NJD-COL,Christian Humphreys,C,F,christian humphreys,3,,,,,False
2024,216,TOR,Sam McCue,LW,F,sam mccue,3,,,,,False
2024,217,COL,Nikita Prishchepov,C,F,nikita prishchepov,3,8485105.0,Nikita Prishchepov,2025.0,63.666666666666664,False
2024,218,BOS-UTA-EDM,Bauer Berry,D,D,bauer berry,3,,,,,False
2024,220,CAR,Andrey Krutov,LW,F,andrey krutov,3,,,,,False
2024,221,VAN,Basile Sansonnens,D,D,basile sansonnens,3,,,,,False
2024,222,DAL,William Samuelsson,C,F,william samuelsson,3,,,,,False
2024,223,NYR-PIT,Finn Harding,D,D,finn harding,3,,,,,False
2024,224,EDM-MTL,Rasmus Bergqvist,D,D,rasmus bergqvist,3,,,,,False
2024,225,FLA-TOR,Nathan Mayes,D,D,nathan mayes,3,,,,,False
2025,1,NYI,Matthew Schaefer,D,D,matthew schaefer,0,8485366.0,Matthew Schaefer,2026.0,2023.9833333333331,False
2025,2,SJS,Michael Misa,C,F,michael misa,0,8485402.0,Michael Misa,2026.0,576.4833333333333,False
2025,3,CHI,Anton Frondell,C,F,anton frondell,0,8485391.0,Anton Frondell,2026.0,212.31666666666663,False
2025,4,UTA,Caleb Desnoyers,C,F,caleb desnoyers,0,,,,,False
2025,5,NSH,Brady Martin,C,F,brady martin,0,8485405.0,Brady Martin,2026.0,34.25,False
2025,6,PHI,Porter Martone,RW,F,porter martone,0,8485406.0,Porter Martone,2026.0,153.36666666666667,False
2025,7,BOS,James Hagens,C,F,james hagens,0,8485395.0,James Hagens,2026.0,29.1,False
2025,8,SEA,Jake O'Brien,C,F,jake o brien,0,,,,,False
2025,9,BUF,Radim Mrtka,D,D,radim mrtka,0,,,,,False
2025,10,ANA,Roger McQueen,C,F,roger mcqueen,0,,,,,False
2025,11,PIT,Benjamin Kindel,C,F,benjamin kindel,1,,,,,False
2025,12,NYR-VAN-PIT-PHI,Jack Nesbitt,C,F,jack nesbitt,1,,,,,False
2025,13,DET,Carter Bear,LW,F,carter bear,1,,,,,False
2025,14,CBJ,Jackson Smith,D,D,jackson smith,1,,,,,False
2025,15,VAN,Braeden Cootes,C,F,braeden cootes,1,8485385.0,Braeden Cootes,2026.0,32.333333333333336,False
2025,16,CGY-MTL-NYI,Victor Eklund,RW,F,victor eklund,1,8485388.0,Victor Eklund,2026.0,15.5,False
2025,17,MTL-NYI,Kashawn Aitcheson,D,D,kashawn aitcheson,1,,,,,False
2025,18,NJD-CGY,Cole Reschny,C,F,cole reschny,1,,,,,False
2025,19,STL,Justin Carbonneau,RW,F,justin carbonneau,1,,,,,False
2025,21,OTT-NSH,Cameron Reid,D,D,cameron reid,1,,,,,False
2025,22,COL-PHI-PIT,Bill Zonnon,RW,F,bill zonnon,1,,,,,False
2025,23,TBL-NSH-OTT,Logan Hensler,D,D,logan hensler,1,,,,,False
2025,24,LAK-PIT,William Horcoff,C,F,william horcoff,1,,,,,False
2025,25,TOR-CHI,Vaclav Nestrasil,RW,F,vaclav nestrasil,1,,,,,False
2025,26,VGK-SJS-NSH,Ryker Lee,RW,F,ryker lee,1,,,,,False
2025,27,WSH,Lynden Lakovic,LW,F,lynden lakovic,1,,,,,False
2025,28,WPG,Sascha Boumedienne,D,D,sascha boumedienne,1,,,,,False
2025,29,CAR-CHI,Mason West,C,F,mason west,1,,,,,False
2025,31,EDM-PHI-PIT-LAK,Henry Brzustewicz,D,D,henry brzustewicz,2,,,,,False
2025,32,FLA-CGY,Cullen Potter,C,F,cullen potter,2,,,,,False
2025,33,SJS,Simon (Haoxi) Wang,D,D,simon (haoxi) wang,2,,,,,False
2025,34,CHI-CAR-MTL,Alexander Zharovsky,RW,F,alexander zharovsky,2,,,,,False
2025,35,NSH,Jacob Rombach,D,D,jacob rombach,2,,,,,False
2025,36,PHI-SEA,Blake Fiddler,D,D,blake fiddler,2,,,,,False
2025,37,BOS-WSH,Milton Gastrin,C,F,milton gastrin,2,,,,,False
2025,38,SEA-PHI,Carter Amico,D,D,carter amico,2,,,,,False
2025,39,BUF-PIT,Peyton Kettles,D,D,peyton kettles,2,,,,,False
2025,40,ANA-PHI,Jack Murtagh,LW,F,jack murtagh,2,,,,,False
2025,42,NYI,Daniil Prokhorov,RW,F,daniil prokhorov,2,,,,,False
2025,43,NYR-UTA-COL-NYR,Malcolm Spence,LW,F,malcolm spence,2,,,,,False
2025,44,DET,Eddie Genborg,RW,F,eddie genborg,2,,,,,False
2025,45,CBJ-PHI-ANA,Eric Nilson,C,F,eric nilson,2,,,,,False
2025,46,UTA,Max Psenicka,D,D,max psenicka,2,,,,,False
2025,48,CGY-PHI,Shane Vansaghi,RW,F,shane vansaghi,2,,,,,False
2025,49,MTL-CAR,Charlie Cerrato,C,F,charlie cerrato,2,,,,,False
2025,50,NJD,Conrad Fondrk,C,F,conrad fondrk,2,,,,,False
2025,51,STL-PIT-STL-EDM-BOS,William Moore,C,F,william moore,2,,,,,False
2025,52,MIN,Theodor Hallquisth,D,D,theodor hallquisth,2,,,,,False
2025,53,OTT-SJS,Cole McKinney,C,F,cole mckinney,2,,,,,False
2025,54,COL-WSH-CGY,Theo Stockselius,C,F,theo stockselius,2,,,,,False
2025,55,TBL-NSH-VGK,Jakob Ihs Wozniak,RW,F,jakob ihs wozniak,2,,,,,False
2025,56,LAK-TBL,Ethan Czata,C,F,ethan czata,2,,,,,False
2025,57,TOR-UTA-TBL-SEA-PHI,Matthew Gard,C,F,matthew gard,2,,,,,False
2025,59,WSH-PIT-LAK,Vojtech Cihar,LW,F,vojtech cihar,2,,,,,False
2025,60,WPG-NJD-ANA,Lasse Boelius,D,D,lasse boelius,2,,,,,False
2025,61,CAR-COL-BOS,Liam Pettersson,D,D,liam pettersson,3,,,,,False
2025,62,DAL-CHI-CAR,Ivan Ryabkin,C,F,ivan ryabkin,3,,,,,False
2025,63,EDM-UTA-NJD,Ben Kevan,RW,F,ben kevan,3,,,,,False
2025,64,FLA-TOR,Tinus Luc Koblar,C,F,tinus luc koblar,3,,,,,False
2025,65,SJS-VGK-NYR-VAN,Kieren Dervin,C,F,kieren dervin,3,,,,,False
2025,66,CHI-CAR-CHI,Nathan Behm,RW,F,nathan behm,3,,,,,False
2025,67,NSH-OTT-LAK-CAR,Kurban Limatov,D,D,kurban limatov,3,,,,,False
2025,68,PHI-SEA,Will Reynolds,D,D,will reynolds,3,,,,,False
2025,69,BOS-MTL,Hayden Paupanekis,C,F,hayden paupanekis,3,,,,,False
2025,70,SEA-NYR,Sean Barnhill,D,D,sean barnhill,3,,,,,False
2025,71,BUF,David Bedkowski,D,D,david bedkowski,3,,,,,False
2025,72,ANA,Noah Read,C,F,noah read,3,,,,,False
2025,73,PIT,Charlton Trethewey,D,D,charlton trethewey,3,,,,,False
2025,74,NYI,Luca Romano,C,F,luca romano,3,,,,,False
2025,76,DET-CBJ,Malte Vass,D,D,malte vass,3,,,,,False
2025,77,CBJ-COL,Francesco Dell'elce,D,D,francesco dell elce,3,,,,,False
2025,78,UTA,Stepan Hoch,LW,F,stepan hoch,3,,,,,False
2025,79,VAN-MTL-BOS,Cooper Simpson,LW,F,cooper simpson,3,,,,,False
2025,80,CGY,Maceo Phillips,D,D,maceo phillips,3,,,,,False
2025,81,MTL,Bryce Pickford,D,D,bryce pickford,3,,,,,False
2025,83,STL-EDM,Tommy Lafreniere,RW,F,tommy lafreniere,3,,,,,False
2025,85,OTT-STL-PIT-VGK,Mateo Nobert,C,F,mateo nobert,3,,,,,False
2025,86,COL-NSH-SJS-TOR,Tyler Hopkins,C,F,tyler hopkins,3,,,,,False
2025,87,TBL-CAR,Roman Bausov,D,D,roman bausov,3,,,,,False
2025,88,LAK,Kristian Epperson,LW,F,kristian epperson,3,,,,,False
2025,89,TOR-ANA-NYR,Artyom Gonchar,D,D,artyom gonchar,3,,,,,False
2025,90,VGK-NJD,Mason Moe,C,F,mason moe,3,,,,,False
2025,91,WSH-VGK-PIT,Brady Peddle,D,D,brady peddle,3,,,,,False
2025,92,WPG,Owen Martin,C,F,owen martin,3,,,,,False
2025,93,CAR-WSH-OTT,Blake Vanek,RW,F,blake vanek,3,,,,,False
2025,94,DAL,Cameron Schmidt,RW,F,cameron schmidt,3,,,,,False
2025,95,EDM-SJS,Teddy Mutryn,C,F,teddy mutryn,3,,,,,False
2025,96,FLA-OTT-WSH,Maxim Schafer,LW,F,maxim schafer,3,,,,,False
2025,98,CHI,Julius Sumpf,C,F,julius sumpf,3,,,,,False
2025,100,PHI-TOR-BOS,Vashek Blanar,D,D,vashek blanar,3,,,,,False
2025,101,BOS-DET-ANA,Drew Schock,D,D,drew schock,3,,,,,False
2025,102,SEA-MIN,Adam Benak,C,F,adam benak,3,,,,,False
2025,103,BUF,Matous Kucharcik,C,F,matous kucharcik,3,,,,,False
2025,105,PIT,Travis Hayes,RW,F,travis hayes,3,,,,,False
2025,106,NYI,Tomas Poletin,LW,F,tomas poletin,3,,,,,False
2025,107,NYR-CHI,Parker Holmes,LW,F,parker holmes,3,,,,,False
2025,108,DET-MTL-BOS-TBL,Benjamin Rautiainen,C,F,benjamin rautiainen,3,,,,,False
2025,109,CBJ-DET,Brent Solomon,RW,F,brent solomon,3,,,,,False
2025,110,UTA,Yegor Borikov,RW,F,yegor borikov,3,,,,,False
2025,111,VAN-COL-NYR,Mikkel Eriksen,C,F,mikkel eriksen,3,,,,,False
2025,112,CGY-FLA,Mads Kongsbak Klyvo,LW,F,mads kongsbak klyvo,3,,,,,False
2025,113,MTL,John Mooney,C,F,john mooney,3,,,,,False
2025,114,NJD,Gustav Hillstrom,C,F,gustav hillstrom,3,,,,,False
2025,115,STL-CBJ-SJS,Ilyas Magomedsultanov,D,D,ilyas magomedsultanov,3,,,,,False
2025,117,OTT-EDM-VAN-EDM,David Lewandowski,LW,F,david lewandowski,3,,,,,False
2025,118,COL,Linus Funck,D,D,linus funck,3,,,,,False
2025,119,TBL-DET,Michal Svrcek,LW,F,michal svrcek,3,,,,,False
2025,120,LAK,Caeden Herrington,D,D,caeden herrington,3,,,,,False
2025,121,TOR-MIN,Lirim Amidovski,RW,F,lirim amidovski,3,,,,,False
2025,122,VGK-NSH,Alex Huang,D,D,alex huang,3,,,,,False
2025,123,WSH-MIN,Carter Klippenstein,C,F,carter klippenstein,3,,,,,False
2025,124,WPG-SJS-DAL-SJS,Zachary Sharp,D,D,zachary sharp,3,,,,,False
2025,125,CAR-LAK,Jimmy Lombardi,C,F,jimmy lombardi,3,,,,,False
2025,126,DAL-NYR-SEA-DAL,Brandon Gorzynski,C,F,brandon gorzynski,3,,,,,False
2025,127,EDM-TBL,Aiden Foster,C,F,aiden foster,3,,,,,False
2025,128,FLA,Shea Busch,LW,F,shea busch,3,,,,,False
2025,129,SJS-FLA,Shamar Moses,RW,F,shamar moses,3,,,,,False
2025,130,CHI-TOR-WSH-PIT,Ryan Miller,C,F,ryan miller,3,,,,,False
2025,131,NSH-EDM,Asher Barnett,D,D,asher barnett,3,,,,,False
2025,132,PHI,Max Westergard,LW,F,max westergard,3,,,,,False
2025,133,BOS,Cole Chandler,C,F,cole chandler,3,,,,,False
2025,134,SEA,Maxim Agafonov,D,D,maxim agafonov,3,,,,,False
2025,135,BUF,Noah Laberge,D,D,noah laberge,3,,,,,False
2025,136,ANA,Alexis Mathieu,D,D,alexis mathieu,3,,,,,False
2025,137,PIT-TOR,William Belle,RW,F,william belle,3,,,,,False
2025,138,NYI,Sam Laurila,D,D,sam laurila,3,,,,,False
2025,139,NYR,Zeb Lindgren,D,D,zeb lindgren,3,,,,,False
2025,140,DET,Nikita Tyurin,D,D,nikita tyurin,3,,,,,False
2025,141,CBJ-MIN,Justin Kipkie,D,D,justin kipkie,3,,,,,False
2025,143,VAN,Wilson Bjorck,C,F,wilson bjorck,3,,,,,False
2025,144,CGY,Ethan Wyttenbach,LW,F,ethan wyttenbach,3,,,,,False
2025,146,NJD-DAL,Atte Joki,C,F,atte joki,3,,,,,False
2025,147,STL,Mikhail Fyodorov,RW,F,mikhail fyodorov,3,,,,,False
2025,148,MIN-NYR-PIT,Quinn Beauchesne,D,D,quinn beauchesne,3,,,,,False
2025,149,OTT,Dmitri Isayev,LW,F,dmitri isayev,3,,,,,False
2025,150,COL-SJS,Max Heise,C,F,max heise,3,,,,,False
2025,151,TBL,Everett Baldwin,D,D,everett baldwin,3,,,,,False
2025,153,TOR,Harry Nansi,RW,F,harry nansi,3,,,,,False
2025,154,VGK-PIT,Jordan Charron,RW,F,jordan charron,3,,,,,False
2025,155,WSH,Jackson Crowder,C,F,jackson crowder,3,,,,,False
2025,156,WPG,Viktor Klingsell,RW,F,viktor klingsell,3,,,,,False
2025,157,CAR-PHI,Luke Vlooswyk,D,D,luke vlooswyk,3,,,,,False
2025,159,EDM-ANA,Emile Guite,LW,F,emile guite,3,,,,,False
2025,160,FLA-CBJ,Owen Griffin,C,F,owen griffin,3,,,,,False
2025,161,SJS-NJD,David Rozsival,RW,F,david rozsival,3,,,,,False
2025,162,CHI,Ashton Cumby,D,D,ashton cumby,3,,,,,False
2025,163,NSH,Daniel Nieminen,D,D,daniel nieminen,3,,,,,False
2025,164,PHI,Nathan Quinn,C,F,nathan quinn,3,,,,,False
2025,165,BOS,Kirill Yemelyanov,C,F,kirill yemelyanov,3,,,,,False
2025,166,SEA-NYR,Samuel Jung,RW,F,samuel jung,3,,,,,False
2025,167,BUF,Ashton Schultz,C,F,ashton schultz,3,,,,,False
2025,168,ANA,Anthony Allain-Samake,D,D,anthony allain samake,3,,,,,False
2025,169,PIT,Carter Sanderson,LW,F,carter sanderson,3,,,,,False
2025,171,NYR,Evan Passmore,D,D,evan passmore,3,,,,,False
2025,172,DET,Will Murphy,D,D,will murphy,3,,,,,False
2025,173,CBJ,Victor Raftheim,D,D,victor raftheim,3,,,,,False
2025,174,UTA,Ludvig Johnson,D,D,ludvig johnson,3,,,,,False
2025,175,VAN,Gabriel Chiarot,RW,F,gabriel chiarot,3,,,,,False
2025,176,CGY,Aiden Lane,RW,F,aiden lane,3,,,,,False
2025,177,MTL,Carlos Handel,D,D,carlos handel,3,,,,,False
2025,178,NJD,Sigge Holmgren,D,D,sigge holmgren,3,,,,,False
2025,180,MIN-WSH,Aron Dahlqvist,D,D,aron dahlqvist,3,,,,,False
2025,181,OTT,Bruno Idzan,LW,F,bruno idzan,3,,,,,False
2025,182,COL-NSH-UTA,Reko Alanko,D,D,reko alanko,3,,,,,False
2025,183,TBL-CAR,Viggo Nordlund,LW,F,viggo nordlund,3,,,,,False
2025,184,LAK,Jan Chovan,C,F,jan chovan,3,,,,,False
2025,185,TOR,Rylan Fellinger,D,D,rylan fellinger,3,,,,,False
2025,186,VGK,Alexander Weiermair,C,F,alexander weiermair,3,,,,,False
2025,187,WSH-VGK,Gustav Sjoqvist,D,D,gustav sjoqvist,3,,,,,False
2025,188,WPG,Edison Engle,D,D,edison engle,3,,,,,False
2025,189,CAR-MTL,Andrew MacNiel,D,D,andrew macniel,3,,,,,False
2025,190,DAL,Dawson Sharkey,RW,F,dawson sharkey,3,,,,,False
2025,192,FLA,Arvid Drott,RW,F,arvid drott,3,,,,,False
2025,195,NSH-BUF,Melvin Novotny,LW,F,melvin novotny,3,,,,,False
2025,196,PHI-LAK,Brendan McMorrow,C,F,brendan mcmorrow,3,,,,,False
2025,197,BOS-CHI-FLA,Brendan Dunphy,D,D,brendan dunphy,3,,,,,False
2025,198,SEA-CBJ,Jeremy Loranger,C,F,jeremy loranger,3,,,,,False
2025,200,ANA,Brady Turko,RW,F,brady turko,3,,,,,False
2025,201,PIT,Kale Dach,C,F,kale dach,3,,,,,False
2025,202,NYI,Jacob Kvasnicka,RW,F,jacob kvasnicka,3,,,,,False
2025,203,NYR,Felix Farhammar,D,D,felix farhammar,3,,,,,False
2025,204,DET,Grayden Robertson-Palmer,C,F,grayden robertson palmer,3,,,,,False
2025,205,CBJ-SEA,Karl Annborn,D,D,karl annborn,3,,,,,False
2025,206,UTA-TBL,Roman Luttsev,C,F,roman luttsev,3,,,,,False
2025,207,VAN,Matthew Lansing,C,F,matthew lansing,3,,,,,False
2025,208,CGY,Jakob Leander,D,D,jakob leander,3,,,,,False
2025,209,MTL,Maxon Vig,D,D,maxon vig,3,,,,,False
2025,210,NJD-SJS,Richard Gallant,LW,F,richard gallant,3,,,,,False
2025,211,STL-DET-CGY,Yan Matveiko,LW,F,yan matveiko,3,,,,,False
2025,212,MIN-TBL,Grant Spada,D,D,grant spada,3,,,,,False
2025,214,COL,Nolan Roed,C,F,nolan roed,3,,,,,False
2025,215,TBL,Marco Mignosa,RW,F,marco mignosa,3,,,,,False
2025,216,LAK,William Sharpe,D,D,william sharpe,3,,,,,False
2025,217,TOR,Matthew Hlacar,LW,F,matthew hlacar,3,,,,,False
2025,218,VGK-CBJ-SEA,Loke Krantz,RW,F,loke krantz,3,,,,,False
2025,219,WSH-SJS-BUF,Ryan Rucinski,C,F,ryan rucinski,3,,,,,False
2025,220,WPG,Jacob Cloutier,RW,F,jacob cloutier,3,,,,,False
2025,221,CAR,Filip Ekberg,RW,F,filip ekberg,3,,,,,False
2025,222,DAL,Charlie Paquette,RW,F,charlie paquette,3,,,,,False
2025,223,EDM,Aidan Park,C,F,aidan park,3,,,,,False
2026,1,TOR,Gavin McKenna,LW,F,gavin mckenna,0,,,,,False
2026,2,SJS,Ivar Stenberg,LW,F,ivar stenberg,0,,,,,False
2026,3,VAN,Caleb Malhotra,C,F,caleb malhotra,0,,,,,False
2026,4,CHI-BUF,Daxon Rudolph,D,D,daxon rudolph,0,,,,,False
2026,5,NYR,Alberts Smits,D,D,alberts smits,0,,,,,False
2026,6,CGY,Carson Carels,D,D,carson carels,0,,,,,False
2026,7,SEA,Chase Reid,D,D,chase reid,0,,,,,False
2026,8,WPG,Viggo Bjorck,C,F,viggo bjorck,0,,,,,False
2026,9,FLA-OTT-SJS,Keaton Verhoeff,D,D,keaton verhoeff,0,,,,,False
2026,10,NSH,Wyatt Cullen,LW,F,wyatt cullen,0,,,,,False
2026,11,STL,Tynan Lawrence,C,F,tynan lawrence,1,,,,,False
2026,12,NJD,Alexander Command,C,F,alexander command,1,,,,,False
2026,13,NYI,Malte Gustafsson,D,D,malte gustafsson,1,,,,,False
2026,14,CBJ,Oscar Hemming,LW,F,oscar hemming,1,,,,,False
2026,15,DET-STL-ANA,Nikita Klepov,RW,F,nikita klepov,1,,,,,False
2026,16,WSH-STL,Maddox Dagenais,C,F,maddox dagenais,1,,,,,False
2026,17,LAK-UTA,Ethan Belchetz,LW,F,ethan belchetz,1,,,,,False
2026,18,ANA-WSH,Oliver Suvanto,C,F,oliver suvanto,1,,,,,False
2026,19,UTA-LAK,Elton Hermansson,RW,F,elton hermansson,1,,,,,False
2026,20,EDM-SJS-BUF,Ilia Morozov,C,F,ilia morozov,1,,,,,False
2026,21,PHI-SJS,Ryan Lin,D,D,ryan lin,1,,,,,False
2026,22,PIT,Liam Ruck,RW,F,liam ruck,1,,,,,False
2026,23,BOS-UTA-DET,Jeffrey (JP) Hurlbert,LW,F,jeffrey (jp) hurlbert,1,,,,,False
2026,24,MIN-VAN,Adam Novotny,LW,F,adam novotny,1,,,,,False
2026,25,TBL-SEA-FLA-OTT,Jonas Lagerberg Hoen,RW,F,jonas lagerberg hoen,1,,,,,False
2026,26,DAL-CAR-NYR-VGK-MTL,Gleb Pugachyov,RW,F,gleb pugachyov,1,,,,,False
2026,27,BUF-SJS-PHI,Maksim Sokolovskii,D,D,maksim sokolovskii,1,,,,,False
2026,28,MTL-VGK-ANA,Marcus Nordmark,LW,F,marcus nordmark,1,,,,,False
2026,29,COL-NYI-STL-ANA-VGK,Juho Piiparinen,D,D,juho piiparinen,1,,,,,False
2026,30,VGK-CGY,Jack Hextall,C,F,jack hextall,1,,,,,False
2026,31,CAR-NSH,Thomas Bleyl,D,D,thomas bleyl,2,,,,,False
2026,32,OTT,Jaxon Cover,RW,F,jaxon cover,2,,,,,False
2026,33,VAN,Brooks Rogowski,C,F,brooks rogowski,2,,,,,False
2026,34,CHI,Xavier Villeneuve,D,D,xavier villeneuve,2,,,,,False
2026,35,NYR-UTA-CGY-NJD-CHI,Ryan Roobroeck,LW,F,ryan roobroeck,2,,,,,False
2026,36,CGY,Chase Harrington,LW,F,chase harrington,2,,,,,False
2026,37,TOR-CHI-NJD,Matias Vanhanen,LW,F,matias vanhanen,2,,,,,False
2026,38,SEA,Casey Mutryn,RW,F,casey mutryn,2,,,,,False
2026,39,WPG-PIT,Markus Ruck,C,F,markus ruck,2,,,,,False
2026,40,FLA,Simas Ignatavicius,RW,F,simas ignatavicius,2,,,,,False
2026,41,SJS-VAN,Niklas Aaram-Olsen,LW,F,niklas aaram olsen,2,,,,,False
2026,43,STL-PIT-CBJ-COL,Egor Shilov,C,F,egor shilov,2,,,,,False
2026,44,NJD,Nikita Shcherbakov,D,D,nikita shcherbakov,2,,,,,False
2026,45,NYI-CHI-BUF-ANA,Jayden Kurtz,D,D,jayden kurtz,2,,,,,False
2026,46,CBJ-MTL-LAK,Liam Lefebvre,C,F,liam lefebvre,2,,,,,False
2026,47,DET,Victor Plante,LW,F,victor plante,2,,,,,False
2026,48,WSH-FLA,Ryder Cali,C,F,ryder cali,2,,,,,False
2026,49,LAK,Adam Goljer,D,D,adam goljer,2,,,,,False
2026,50,ANA,Mathis Preston,RW,F,mathis preston,2,,,,,False
2026,51,UTA-CGY-CAR,William Hakansson,D,D,william hakansson,2,,,,,False
2026,52,EDM-TBL,Oleg Kulebiakin,RW,F,oleg kulebiakin,2,,,,,False
2026,53,PHI,Brek Liske,D,D,brek liske,2,,,,,False
2026,54,PIT,Tomas Galvas,D,D,tomas galvas,2,,,,,False
2026,55,OTT-UTA-CGY,Alan Shaikhlislamov,RW,F,alan shaikhlislamov,2,,,,,False
2026,57,MIN-NSH-CAR-MTL,Timofei Runtso,D,D,timofei runtso,2,,,,,False
2026,58,TBL-EDM,Rudolfs Berzkalns,C,F,rudolfs berzkalns,2,,,,,False
2026,59,DAL,Jakub Vanecek,D,D,jakub vanecek,2,,,,,False
2026,60,BUF-OTT-LAK-TOR,Alexander Bilecki,D,D,alexander bilecki,2,,,,,False
2026,61,MTL-CAR,Wiggo Sorensson,C,F,wiggo sorensson,3,,,,,False
2026,63,VGK,Forfeited,?,F,forfeited,3,,,,,False
2026,64,CAR-NYR,Benjamin MacBeath,D,D,benjamin macbeath,3,,,,,False
2026,65,VAN-CGY,Joe Iginla,RW,F,joe iginla,3,,,,,False
2026,66,CHI,Samu Alalauri,D,D,samu alalauri,3,,,,,False
2026,68,CGY-CAR,Zachary Lansard,RW,F,zachary lansard,3,,,,,False
2026,69,TOR,Ethan MacKenzie,D,D,ethan mackenzie,3,,,,,False
2026,72,FLA-OTT,Adam Nemec,LW,F,adam nemec,3,,,,,False
2026,73,SJS-PIT-DET-STL-TOR,Zach Olsen,RW,F,zach olsen,3,,,,,False
2026,74,NSH-COL,Beckett Hamilton,C,F,beckett hamilton,3,,,,,False
2026,75,STL,Luke Schairer,D,D,luke schairer,3,,,,,False
2026,76,NJD-NYI-STL-TOR,Mans Gudmundsson,D,D,mans gudmundsson,3,,,,,False
2026,77,NYI-NYR,Charlie Morrison,D,D,charlie morrison,3,,,,,False
2026,80,WSH-OTT-LAK,Blake Zielinski,C,F,blake zielinski,3,,,,,False
2026,81,LAK-NYR,Tomas Chrenko,C,F,tomas chrenko,3,,,,,False
2026,82,ANA,Rian Chudzinski,RW,F,rian chudzinski,3,,,,,False
2026,83,UTA-LAK-MIN,Adam Andersson,C,F,adam andersson,3,,,,,False
2026,84,EDM,Malcom Gastrin,LW,F,malcom gastrin,3,,,,,False
2026,86,PIT,Pierce Mbuyi,LW,F,pierce mbuyi,3,,,,,False
2026,87,OTT,Oscar Holmertz,C,F,oscar holmertz,3,,,,,False
2026,88,BOS,Nils Bartholdsson,RW,F,nils bartholdsson,3,,,,,False
2026,90,TBL,Tomas Kralovic,D,D,tomas kralovic,3,,,,,False
2026,91,DAL-CAR-LAK-OTT,Louis Felix Bourque,RW,F,louis felix bourque,3,,,,,False
2026,92,BUF-NYR-VGK,Benjamin Wilmott,C,F,benjamin wilmott,3,,,,,False
2026,93,MTL,Cooper Cleaves,D,D,cooper cleaves,3,,,,,False
2026,94,COL-MIN-CBJ,Alessandro Di Iorio,C,F,alessandro di iorio,3,,,,,False
2026,95,VGK,Sean Burick,D,D,sean burick,3,,,,,False
2026,96,CAR-UTA,Adam Valentini,C,F,adam valentini,3,,,,,False
2026,97,VAN,Yaroslav Bryzgalov,LW,F,yaroslav bryzgalov,3,,,,,False
2026,98,CHI-FLA,Jonas Kemps,D,D,jonas kemps,3,,,,,False
2026,99,NYR-CBJ-SEA,Viktor Fedorov,C,F,viktor fedorov,3,,,,,False
2026,100,CGY,Egor Barabanov,C,F,egor barabanov,3,,,,,False
2026,101,TOR-MIN-CBJ-WSH,Tyus Sparks,C,F,tyus sparks,3,,,,,False
2026,102,SEA-NYR,Spencer Bowes,LW,F,spencer bowes,3,,,,,False
2026,103,WPG-NJD-MTL-LAK,Thomas Vandenberg,C,F,thomas vandenberg,3,,,,,False
2026,104,FLA-SJS-BOS,Matvei Kotkov,RW,F,matvei kotkov,3,,,,,False
2026,105,SJS-CAR,Michael Berchild,LW,F,michael berchild,3,,,,,False
2026,106,NSH,Jakub Floris,D,D,jakub floris,3,,,,,False
2026,107,STL,Landon Nycz,D,D,landon nycz,3,,,,,False
2026,108,NJD-DET,Adam Levac,C,F,adam levac,3,,,,,False
2026,109,NYI,Lincoln Kuehne,D,D,lincoln kuehne,3,,,,,False
2026,111,DET-ANA-BOS-PIT,Parker Von Richter,D,D,parker von richter,3,,,,,False
2026,112,WSH-CBJ-MIN,Kayden Lemire,RW,F,kayden lemire,3,,,,,False
2026,113,LAK-MTL-VGK,Jonah Sivertson,RW,F,jonah sivertson,3,,,,,False
2026,116,EDM-BOS-BUF-WPG,Zach Wooten,LW,F,zach wooten,3,,,,,False
2026,117,PHI-ANA-VGK-MTL,Brayden Klimpke,D,D,brayden klimpke,3,,,,,False
2026,118,PIT-NSH,Justin Graf,LW,F,justin graf,3,,,,,False
2026,119,OTT-CHI-NJD,Lavr Gashilov,C,F,lavr gashilov,3,,,,,False
2026,121,MIN-CBJ,Evan Jardine,LW,F,evan jardine,3,,,,,False
2026,122,TBL-BOS,Oscar Olsson,LW,F,oscar olsson,3,,,,,False
2026,124,BUF,Olivers Murnieks,C,F,olivers murnieks,3,,,,,False
2026,128,CAR-COL,Axel Elofsson,D,D,axel elofsson,3,,,,,False
2026,129,VAN,Connor Davis,RW,F,connor davis,3,,,,,False
2026,130,CHI-UTA,Theodor Knights,D,D,theodor knights,3,,,,,False
2026,131,NYR-SEA,Finn Kearns,D,D,finn kearns,3,,,,,False
2026,132,CGY,Simon Katolicky,LW,F,simon katolicky,3,,,,,False
2026,133,TOR-TBL-EDM,Andrew Robinson,D,D,andrew robinson,3,,,,,False
2026,134,SEA-TBL,Morgan Anderberg,C,F,morgan anderberg,3,,,,,False
2026,135,WPG,Alexandre Taillefer,D,D,alexandre taillefer,3,,,,,False
2026,136,FLA-PHI,Kent Sauer,C,F,kent sauer,3,,,,,False
2026,138,NSH,Philip Hemmyr,LW,F,philip hemmyr,3,,,,,False
2026,139,STL,Nicholas Bogas,D,D,nicholas bogas,3,,,,,False
2026,140,NJD-COL,Cole Tuminaro,D,D,cole tuminaro,3,,,,,False
2026,141,NYI,Vladimir Dravecky,D,D,vladimir dravecky,3,,,,,False
2026,143,DET,Beckham Edwards,C,F,beckham edwards,3,,,,,False
2026,144,WSH,Brian McFadden,D,D,brian mcfadden,3,,,,,False
2026,145,LAK,Vertti Svensk,D,D,vertti svensk,3,,,,,False
2026,146,ANA,Eric Frossard,D,D,eric frossard,3,,,,,False
2026,147,UTA,Florent Houle,RW,F,florent houle,3,,,,,False
2026,148,EDM-NSH-NYR-SEA,Luken Huff,D,D,luken huff,3,,,,,False
2026,150,PIT-STL,Carter Stevens,RW,F,carter stevens,3,,,,,False
2026,151,OTT,Harris Pangretitsch,D,D,harris pangretitsch,3,,,,,False
2026,152,BOS-COL,Theodore Lechner,D,D,theodore lechner,3,,,,,False
2026,153,MIN-LAK,Giorgos Pantelas,D,D,giorgos pantelas,3,,,,,False
2026,154,TBL,Cooper Soller,C,F,cooper soller,3,,,,,False
2026,155,DAL,Ryan Brown,LW,F,ryan brown,3,,,,,False
2026,156,BUF,Doman Szongoth,C,F,doman szongoth,3,,,,,False
2026,157,MTL-SJS-BOS,Jacob Vandeven,D,D,jacob vandeven,3,,,,,False
2026,158,COL-TOR,Cooper Williams,C,F,cooper williams,3,,,,,False
2026,159,VGK,Will McLaughlin,D,D,will mclaughlin,3,,,,,False
2026,161,VAN-TOR,Yaroslav Fedoseyev,D,D,yaroslav fedoseyev,3,,,,,False
2026,162,CHI-BUF-NYR,Andre Mondoux,D,D,andre mondoux,3,,,,,False
2026,163,NYR,Darian Anderson,RW,F,darian anderson,3,,,,,False
2026,164,CGY,Bode Laylin,D,D,bode laylin,3,,,,,False
2026,166,SEA,Ola Palme,D,D,ola palme,3,,,,,False
2026,167,WPG,Landon Hafele,C,F,landon hafele,3,,,,,False
2026,168,FLA,Vilho Vanhatalo,RW,F,vilho vanhatalo,3,,,,,False
2026,169,SJS-TOR,Brody Pepoy,RW,F,brody pepoy,3,,,,,False
2026,171,STL,Lars Steiner,RW,F,lars steiner,3,,,,,False
2026,172,NJD,Luke Wilfley,C,F,luke wilfley,3,,,,,False
2026,173,NYI,Artyom Matyuk,C,F,artyom matyuk,3,,,,,False
2026,174,CBJ-PHI-SJS,Jake Gustafson,C,F,jake gustafson,3,,,,,False
2026,175,DET,Luka Arkko,LW,F,luka arkko,3,,,,,False
2026,176,WSH-VAN,Lucian Bernat,RW,F,lucian bernat,3,,,,,False
2026,177,LAK,Alex Kostov,RW,F,alex kostov,3,,,,,False
2026,179,UTA-NSH,Benjamin Cossette Ayotte,D,D,benjamin cossette ayotte,3,,,,,False
2026,180,EDM,Caden Harvey,C,F,caden harvey,3,,,,,False
2026,181,PHI-FLA,Cole Zurawski,RW,F,cole zurawski,3,,,,,False
2026,182,PIT-CBJ,Anttoni Uronen,C,F,anttoni uronen,3,,,,,False
2026,183,OTT,Alexander Grunin,D,D,alexander grunin,3,,,,,False
2026,184,BOS-MIN-BOS-VAN,Samuel Eriksson,D,D,samuel eriksson,3,,,,,False
2026,185,MIN-CBJ,Jonas Woo,D,D,jonas woo,3,,,,,False
2026,188,BUF,Dylan Dumont,RW,F,dylan dumont,3,,,,,False
2026,189,MTL,Parker Trottier,LW,F,parker trottier,3,,,,,False
2026,190,COL-OTT-LAK-MTL,Wesley Royston,RW,F,wesley royston,3,,,,,False
2026,192,CAR-ANA,Noah Kosick,C,F,noah kosick,3,,,,,False
2026,193,VAN-NYR,Ivan Patrikhayev,D,D,ivan patrikhayev,3,,,,,False
2026,194,CHI,Alexander Ivanov,D,D,alexander ivanov,3,,,,,False
2026,195,NYR-NSH-COL,Shawn Carrier,LW,F,shawn carrier,3,,,,,False
2026,196,CGY-DET,Myles Brosnan,D,D,myles brosnan,3,,,,,False
2026,197,TOR-DAL,Jasper Kuhta,C,F,jasper kuhta,3,,,,,False
2026,198,SEA,Rylan Singh,D,D,rylan singh,3,,,,,False
2026,199,WPG,Alofa Tunoa Ta'amu,D,D,alofa tunoa ta amu,3,,,,,False
2026,200,FLA-CHI,William Sorbrand,C,F,william sorbrand,3,,,,,False
2026,201,SJS,Alexander Karmanov,D,D,alexander karmanov,3,,,,,False
2026,202,NSH,Charlie Puglisi,C,F,charlie puglisi,3,,,,,False
2026,203,STL,Colin Fitzgerald,C,F,colin fitzgerald,3,,,,,False
2026,204,NJD-SEA,William Tomko,C,F,william tomko,3,,,,,False
2026,205,NYI,Robert Cowan,RW,F,robert cowan,3,,,,,False
2026,206,CBJ,Filip Novak,LW,F,filip novak,3,,,,,False
2026,207,DET-VGK,Noel Pakarinen,LW,F,noel pakarinen,3,,,,,False
2026,208,WSH,Logan Stuart,C,F,logan stuart,3,,,,,False
2026,209,LAK,Tobias Krestan,RW,F,tobias krestan,3,,,,,False
2026,210,ANA,James Rieber,D,D,james rieber,3,,,,,False
2026,211,UTA,Artem Prima,LW,F,artem prima,3,,,,,False
2026,213,PHI,Max Laatikainen,D,D,max laatikainen,3,,,,,False
2026,214,PIT-COL,Ondrej Ruml,D,D,ondrej ruml,3,,,,,False
2026,216,BOS,Cullen McCrate,D,D,cullen mccrate,3,,,,,False
2026,218,TBL,Max Vilen,D,D,max vilen,3,,,,,False
2026,219,DAL,Mikhail Cherepanov,D,D,mikhail cherepanov,3,,,,,False
2026,221,MTL,Jean-Samuel Daigneault,D,D,jean samuel daigneault,3,,,,,False
2026,222,COL-NJD,Quinn McKenzie,C,F,quinn mckenzie,3,,,,,False
2026,223,VGK-MTL-LAK,Lucas Ambrosio,D,D,lucas ambrosio,3,,,,,False
2026,224,CAR-MTL,Tyler Deakos,RW,F,tyler deakos,3,,,,,False
