playerId,season_end,team,toi_min,games_played,I_F_points
8462196,2009,DAL,1765.9666666666667,72,26.0
8470144,2009,NYI,975.8833333333333,59,33.0
8467436,2009,NJD,356.1333333333333,24,1.0
8467439,2009,BUF,1779.95,80,45.0
8474091,2009,CAR,441.25,50,6.0
8470724,2009,LAK,1510.1333333333334,72,38.0
8471277,2009,TBL,281.9,24,6.0
8459461,2009,DAL,1151.0833333333333,81,31.0
8471234,2009,COL,1434.45,78,42.0
8471685,2009,LAK,1676.9666666666667,82,66.0
8460503,2009,VAN,1748.8333333333333,81,25.0
8471669,2009,COL,955.75,45,36.0
8459454,2009,NJD,905.1833333333333,61,10.0
8470611,2009,WSH,685.9666666666667,61,25.0
8469492,2009,CBJ,1927.3,82,34.0
8462209,2009,BOS,1199.95,74,30.0
8468846,2009,WSH,432.85,26,5.0
8466160,2009,DAL,384.31666666666666,18,15.0
8470775,2009,NYI,519.5166666666667,43,4.0
8473579,2009,TOR,992.4333333333333,72,31.0
8456464,2009,PIT,1299.1166666666666,78,48.0
8471747,2009,BOS,16.233333333333334,1,0.0
8466309,2009,NJD,1422.3333333333333,80,15.0
8473682,2009,ANA,665.6833333333333,48,32.0
8467882,2009,CGY,377.51666666666665,27,16.0
8470896,2009,EDM,86.11666666666666,22,2.0
8470086,2009,NYI,269.95,18,2.0
8470631,2009,FLA,922.2833333333333,66,19.0
8466182,2009,BUF,1215.5166666666667,66,12.0
8465025,2009,PHI,682.3,78,20.0
8470281,2009,CHI,1967.9166666666667,77,44.0
8467545,2009,BOS,1089.55,73,52.0
8458494,2009,DAL,242.91666666666666,10,4.0
8470774,2009,NYI,1489.8,69,19.0
8474519,2009,NYI,608.4333333333333,40,6.0
8468508,2009,LAK,698.6166666666667,44,14.0
8470667,2009,BUF,979.55,71,31.0
8464981,2009,CGY,1341.85,75,20.0
8469455,2009,OTT,1636.5333333333333,82,73.0
8469629,2009,SJS,131.36666666666667,17,2.0
8473563,2009,WSH,1635.3833333333334,82,88.0
8472008,2009,NYI,42.25,4,1.0
8470713,2009,PIT,52.85,15,1.0
8459574,2009,COL,889.3333333333334,63,16.0
8467519,2009,FLA,1644.8833333333334,80,18.0
8471700,2009,CGY,66.35,5,3.0
8468499,2009,MIN,222.63333333333333,21,6.0
8468611,2009,COL,34.016666666666666,4,0.0
8469466,2009,EDM,1342.0,72,66.0
8469664,2009,CGY,1087.7666666666667,80,37.0
8470041,2009,CBJ,1650.35,78,79.0
8458541,2009,EDM,1584.0166666666667,80,14.0
8469120,2009,LAK,484.48333333333335,76,2.0
8471760,2009,OTT,68.18333333333334,12,0.0
8470854,2009,FLA,20.266666666666666,3,0.0
8471419,2009,BUF,92.83333333333333,7,2.0
8469992,2009,ANA,533.85,44,4.0
8473582,2009,DAL,58.666666666666664,3,2.0
8467493,2009,OTT,658.4,60,10.0
8473916,2009,STL,343.81666666666666,22,4.0
8471331,2009,UTA,463.46666666666664,34,10.0
8471232,2009,NYR,764.3666666666667,68,14.0
8473504,2009,MIN,1014.1,78,18.0
8468568,2009,UTA,1384.3166666666666,67,6.0
8458527,2009,PIT,825.2166666666667,41,9.0
8475068,2009,PHI,6.733333333333333,1,0.0
8462036,2009,CGY,1236.3666666666666,72,48.0
8470598,2009,BUF,1255.4166666666667,73,64.0
8458951,2009,PIT,629.6333333333333,25,19.0
8467875,2009,VAN,1524.1333333333334,81,82.0
8473482,2009,TOR,177.9,14,4.0
8474566,2009,CBJ,65.0,8,4.0
8469476,2009,CAR,1446.55,70,12.0
8469462,2009,CAR,1446.6833333333334,79,54.0
8466251,2009,CBJ,796.0166666666667,49,22.0
8449895,2009,MIN,967.1166666666667,59,45.0
8471810,2009,SJS,136.31666666666666,12,0.0
8471428,2009,NJD,38.733333333333334,8,1.0
8470714,2009,NYR,66.23333333333333,5,2.0
8470257,2009,STL,1313.25,80,28.0
8471811,2009,NSH,138.63333333333333,11,5.0
8468517,2009,NYI,1082.0833333333333,67,27.0
8468309,2009,NYI,1866.0333333333333,74,56.0
8471675,2009,PIT,1689.55,77,103.0
8471763,2009,OTT,109.18333333333334,10,2.0
8469770,2009,BOS,1922.55,78,50.0
8465009,2009,BOS,2060.45,79,50.0
8460661,2009,BOS,1001.5833333333334,64,12.0
8474498,2009,OTT,817.0833333333334,76,18.0
8471222,2009,EDM,897.2666666666667,60,11.0
8471221,2009,CBJ,103.25,15,1.0
8468252,2009,PIT,288.76666666666665,71,4.0
8471698,2009,STL,945.1666666666666,57,39.0
8473673,2009,UTA,57.8,3,1.0
8470222,2009,ANA,953.05,48,24.0
8466371,2009,NJD,1246.85,76,23.0
8467365,2009,WSH,873.3,52,4.0
8471764,2009,NJD,4.5,1,0.0
8460770,2009,MIN,1987.1333333333334,81,24.0
8465041,2009,CBJ,85.21666666666667,8,2.0
8469623,2009,MIN,1679.95,76,42.0
8474068,2009,UTA,797.7,62,20.0
8449924,2009,BUF,996.9,57,17.0
8473904,2009,CGY,18.583333333333332,2,0.0
8471324,2009,EDM,481.65,46,12.0
8470834,2009,CHI,1145.2166666666667,77,31.0
8459053,2009,CGY,1782.75,80,33.0
8468513,2009,MIN,1623.55,79,11.0
8469666,2009,TBL,75.51666666666667,7,1.0
8471409,2009,WSH,7.2,1,0.0
8468113,2009,TOR,1328.9333333333334,65,22.0
8470610,2009,NJD,1538.1,82,94.0
8470600,2009,NSH,1989.4666666666667,82,45.0
8468101,2009,NYI,1099.3333333333333,51,10.0
8469475,2009,CBJ,559.65,42,7.0
8459442,2009,MTL,1108.3833333333334,65,50.0
8471242,2009,WSH,1751.7,68,73.0
8466149,2009,DET,1236.4,73,38.0
8468224,2009,NYR,645.8166666666667,41,22.0
8474291,2009,WSH,22.8,3,0.0
8470778,2009,ANA,350.6166666666667,27,10.0
8467857,2009,VAN,40.93333333333333,4,1.0
8468172,2009,PIT,916.6166666666667,65,39.0
8457063,2009,DET,1909.85,77,58.0
8468868,2009,TOR,104.0,11,0.0
8471657,2009,COL,913.9,79,20.0
8468427,2009,WSH,149.23333333333332,9,3.0
8474225,2009,PHI,6.033333333333333,1,0.0
8473485,2009,COL,653.2333333333333,53,19.0
8467915,2009,CBJ,1854.4666666666667,81,24.0
8474568,2009,TOR,1489.3166666666666,69,14.0
8471978,2009,ANA,666.9166666666666,40,5.0
8470575,2009,LAK,368.46666666666664,22,7.0
8468635,2009,SJS,1228.2166666666667,82,16.0
8464979,2009,BOS,290.18333333333334,18,13.0
8445550,2009,SJS,1552.3333333333333,73,45.0
8474576,2009,CAR,24.1,2,0.0
8468520,2009,MIN,135.86666666666667,10,6.0
8469464,2009,NYR,992.1,79,14.0
8473574,2009,FLA,146.63333333333333,16,2.0
8470170,2009,CBJ,196.36666666666667,19,1.0
8467396,2009,CAR,1409.3833333333334,80,42.0
8466300,2009,COL,635.9666666666667,50,12.0
8456966,2009,MTL,842.85,50,39.0
8465200,2009,TOR,1313.6833333333334,56,31.0
8474157,2009,MTL,429.0833333333333,34,11.0
8466203,2009,TBL,551.15,39,9.0
8459479,2009,FLA,1204.9,79,31.0
8471321,2009,CAR,78.65,5,0.0
8466292,2009,UTA,762.6,72,13.0
8471514,2009,WPG,1078.25,66,44.0
8470104,2009,EDM,1800.4666666666667,82,45.0
8464956,2009,OTT,1817.4,82,22.0
8470966,2009,CGY,919.4,57,19.0
8471641,2009,NYI,133.38333333333333,11,5.0
8467389,2009,DAL,1146.7833333333333,56,48.0
8469564,2009,TBL,249.91666666666666,11,3.0
8471709,2009,SJS,1959.6,82,36.0
8459493,2009,TBL,804.8833333333333,42,5.0
8469752,2009,CHI,63.93333333333333,7,0.0
8456850,2009,UTA,1079.15,70,11.0
8471729,2009,CBJ,1063.9333333333334,66,21.0
8466139,2009,SJS,1622.8833333333334,76,71.0
8469457,2009,FLA,1388.2333333333333,78,61.0
8471231,2009,MTL,133.91666666666666,13,3.0
8469844,2009,PHI,118.51666666666667,19,3.0
8458517,2009,ANA,2206.5333333333333,82,59.0
8468881,2009,VAN,126.9,14,4.0
8470699,2009,CBJ,1835.3666666666666,82,21.0
8469812,2009,CAR,1226.1166666666666,81,31.0
8460555,2009,EDM,896.4166666666666,71,9.0
8468639,2009,COL,1615.2166666666667,75,39.0
8469467,2009,BOS,984.7166666666667,67,42.0
8474150,2009,CGY,10.733333333333333,1,0.0
8471309,2009,DET,1264.3833333333334,70,57.0
8473407,2009,COL,29.816666666666666,3,0.0
8467483,2009,COL,944.3833333333333,71,22.0
8470580,2009,NSH,22.033333333333335,2,0.0
8473533,2009,PIT,1627.4,82,49.0
8467909,2009,SJS,613.2333333333333,47,8.0
8470101,2009,CAR,149.98333333333332,28,1.0
8462535,2009,SJS,433.1666666666667,70,4.0
8458536,2009,NYI,714.0833333333334,62,16.0
8470596,2009,FLA,1196.3166666666666,67,45.0
8467361,2009,NYR,888.3333333333334,81,11.0
8467369,2009,VAN,877.8333333333334,49,11.0
8470601,2009,PHI,1970.0333333333333,80,28.0
8458543,2009,FLA,1142.3166666666666,68,10.0
8459433,2009,NYI,1320.0333333333333,65,9.0
8460527,2009,VAN,672.5,61,8.0
8470678,2009,OTT,908.5,47,15.0
8464966,2009,NYR,1566.6333333333334,75,20.0
8468485,2009,CBJ,616.95,51,20.0
8469508,2009,STL,1361.45,82,26.0
8469584,2009,UTA,90.08333333333333,7,3.0
8471241,2009,DAL,573.3166666666667,36,4.0
8472215,2009,SJS,97.46666666666667,10,0.0
8470301,2009,TOR,152.03333333333333,21,1.0
8467925,2009,TBL,839.55,74,10.0
8468577,2009,CAR,1037.9166666666667,64,10.0
8468083,2009,DET,1509.3,76,72.0
8467334,2009,CBJ,1386.65,77,35.0
8470635,2009,NJD,110.38333333333334,16,1.0
8467452,2009,PIT,1552.3166666666666,81,16.0
8462042,2009,CGY,1751.1833333333334,81,89.0
8458943,2009,FLA,1045.2333333333333,63,49.0
8471218,2009,BOS,1097.3833333333334,80,45.0
8467917,2009,CGY,1560.8666666666666,83,24.0
8467463,2009,DET,1228.35,80,40.0
8468486,2009,PHI,1460.2166666666667,82,60.0
8470843,2009,ANA,169.15,18,1.0
8471237,2009,CGY,14.05,2,0.0
8470655,2009,STL,1450.5333333333333,82,54.0
8470654,2009,MTL,1169.0,79,28.0
8470876,2009,FLA,329.6333333333333,45,7.0
8473913,2009,WSH,218.11666666666667,15,2.0
8474153,2009,FLA,37.65,5,2.0
8470867,2009,ANA,32.583333333333336,4,0.0
8469534,2009,CHI,537.35,38,8.0
8473453,2009,LAK,69.58333333333333,6,3.0
8458519,2009,BOS,1214.6,64,9.0
8474383,2009,NYI,82.7,17,1.0
8467346,2009,PHI,1502.9666666666667,79,74.0
8471214,2009,WSH,1817.3666666666666,79,110.0
8462050,2009,LAK,944.6833333333333,65,4.0
8470603,2009,MTL,1014.1166666666667,65,35.0
8469485,2009,BUF,1737.7166666666667,82,70.0
8469474,2009,WPG,1272.2,82,41.0
8468504,2009,STL,1569.55,82,72.0
8460254,2009,NSH,1074.45,71,5.0
8460496,2009,COL,1560.35,77,59.0
8471794,2009,DET,198.91666666666666,16,1.0
8471385,2009,CGY,890.8333333333334,59,10.0
8469591,2009,COL,528.1,55,12.0
8458525,2009,NJD,965.9833333333333,64,32.0
8471753,2009,COL,787.2166666666667,61,21.0
8471697,2009,NJD,46.38333333333333,8,1.0
8471188,2009,STL,6.733333333333333,1,0.0
8462823,2009,MTL,957.8833333333333,76,17.0
8459450,2009,OTT,521.8333333333334,65,10.0
8470612,2009,ANA,1630.3166666666666,81,91.0
8471216,2009,CHI,1247.2,68,40.0
8446485,2009,DET,934.1166666666667,78,16.0
8471477,2009,CAR,16.15,2,1.0
8474563,2009,LAK,1930.1166666666666,81,27.0
8460540,2009,MTL,481.9,41,12.0
8471240,2009,WSH,1265.0166666666667,64,12.0
8466145,2009,FLA,1128.6833333333334,68,21.0
8467407,2009,NJD,1374.3666666666666,81,60.0
8468704,2009,MIN,1496.7666666666667,82,44.0
8473908,2009,LAK,45.35,9,0.0
8471187,2009,DET,875.1,64,16.0
8471859,2009,MTL,930.5833333333334,65,29.0
8467353,2009,NYR,1372.1,80,59.0
8459534,2009,PIT,1023.7666666666667,65,36.0
8471710,2009,EDM,31.416666666666668,2,0.0
8459640,2009,SJS,930.45,62,23.0
8465166,2009,PIT,391.05,45,7.0
8471705,2009,ANA,473.8333333333333,34,2.0
8466144,2009,NYR,1480.3333333333333,76,21.0
8466035,2009,CAR,1402.75,81,48.0
8467928,2009,MTL,154.43333333333334,15,1.0
8473997,2009,PIT,51.35,5,1.0
8470630,2009,NSH,797.8666666666667,63,12.0
8467343,2009,MIN,1616.9666666666667,81,16.0
8470616,2009,VAN,1577.5,81,59.0
8470613,2009,MIN,1320.4666666666667,60,27.0
8470180,2009,CGY,694.9,75,10.0
8471011,2009,DAL,54.016666666666666,3,2.0
8473385,2009,NSH,558.8833333333333,38,11.0
8471360,2009,STL,87.91666666666667,8,4.0
8470201,2009,DET,1106.5,81,57.0
8473492,2009,ANA,22.316666666666666,2,0.0
8460735,2009,FLA,1090.1333333333334,70,33.0
8465005,2009,NJD,1349.35,71,18.0
8467408,2009,CHI,1081.15,65,14.0
8470018,2009,BUF,397.45,45,12.0
8473449,2009,NYI,1170.65,65,39.0
8473514,2009,NYI,84.68333333333334,7,3.0
8473827,2009,NYI,11.0,1,0.0
8469543,2009,TBL,788.0,73,16.0
8470620,2009,NYI,852.2,65,15.0
8474138,2009,PIT,150.96666666666667,14,3.0
8465024,2009,NYI,595.9666666666667,49,15.0
8468518,2009,DET,816.65,78,19.0
8467351,2009,NYR,1640.3333333333333,77,59.0
8473526,2009,UTA,1139.1833333333334,71,36.0
8470595,2009,CAR,1722.0166666666667,82,75.0
8458954,2009,OTT,1121.6166666666666,63,1.0
8471299,2009,OTT,115.93333333333334,11,2.0
8459547,2009,CAR,546.55,41,15.0
8451359,2009,NYI,98.95,7,2.0
8471761,2009,BUF,785.7166666666667,47,6.0
8471279,2009,WSH,137.21666666666667,7,4.0
8470680,2009,EDM,83.91666666666667,8,3.0
8470662,2009,CHI,881.8833333333333,81,17.0
8465210,2009,TOR,1791.8666666666666,81,40.0
8471516,2009,SJS,14.866666666666667,2,0.0
8459596,2009,MIN,1353.75,80,50.0
8462129,2009,LAK,1549.3666666666666,82,42.0
8466260,2009,LAK,974.3166666666667,74,27.0
8473933,2009,PIT,23.766666666666666,2,0.0
8459425,2009,CBJ,252.95,24,3.0
8460556,2009,CBJ,843.7666666666667,50,25.0
8468535,2009,CBJ,1469.2,79,41.0
8469575,2009,OTT,679.8333333333334,50,6.0
8473493,2009,MTL,69.41666666666667,7,0.0
8471273,2009,NYR,1397.6333333333334,82,42.0
8470383,2009,PIT,188.26666666666668,20,3.0
8462077,2009,BUF,1216.4666666666667,70,27.0
8468484,2009,CBJ,713.2666666666667,34,9.0
8460577,2009,COL,1633.55,82,59.0
8470651,2009,NYI,66.31666666666666,6,1.0
8467392,2009,MTL,13.133333333333333,2,0.0
8467393,2009,OTT,928.95,78,21.0
8469622,2009,SJS,1260.85,71,52.0
8470152,2009,UTA,653.9333333333333,44,20.0
8468542,2009,NJD,1778.7833333333333,73,33.0
8470065,2009,TBL,566.05,54,6.0
8465050,2009,MIN,1409.25,79,36.0
8467844,2009,TOR,1412.4833333333333,77,62.0
8471359,2009,TBL,82.21666666666667,6,3.0
8470740,2009,TOR,1240.35,75,44.0
8471716,2009,DET,18.583333333333332,2,0.0
8467956,2009,NJD,1633.6166666666666,78,19.0
8471372,2009,NYI,43.88333333333333,4,0.0
8458361,2009,NYI,968.2,53,38.0
8458976,2009,CBJ,1001.35,71,22.0
8465968,2009,FLA,994.1,80,19.0
8470064,2009,UTA,155.2,16,4.0
8445735,2009,CAR,1517.95,80,51.0
8468548,2009,DAL,464.8,43,6.0
8467329,2009,TBL,1579.3166666666666,77,68.0
8467856,2009,DET,1783.0333333333333,77,57.0
8465992,2009,DET,20.833333333333332,4,2.0
8474121,2009,MIN,370.18333333333334,45,7.0
8466181,2009,CBJ,1444.3833333333334,74,56.0
8473432,2009,CBJ,462.2,52,5.0
8469483,2009,WSH,1049.0833333333333,76,19.0
8459122,2009,BOS,1008.6166666666667,76,18.0
8468526,2009,LAK,1263.3333333333333,74,41.0
8470061,2009,DET,411.85,41,7.0
8460492,2009,UTA,1795.55,81,35.0
8464983,2009,CAR,46.983333333333334,11,2.0
8459004,2009,BUF,1295.1333333333334,64,24.0
8471702,2009,DAL,1598.55,80,35.0
8460567,2009,WSH,370.21666666666664,32,6.0
8471339,2009,NYR,1417.3666666666666,81,41.0
8473991,2009,WSH,582.55,30,5.0
8470839,2009,VAN,1137.55,76,10.0
8469665,2009,NJD,1711.7,82,29.0
8472394,2009,LAK,908.8833333333333,69,12.0
8470597,2009,NYR,1410.8333333333333,82,58.0
8459427,2009,ANA,1229.45,79,21.0
8473646,2009,ANA,436.7,48,9.0
8468887,2009,CGY,113.25,16,1.0
8467949,2009,CAR,421.68333333333334,30,8.0
8469472,2009,WSH,1295.3166666666666,72,13.0
8450900,2009,TBL,349.43333333333334,30,7.0
8459001,2009,DET,706.2,77,11.0
8469044,2009,CAR,67.33333333333333,27,1.0
8470996,2009,PHI,18.85,2,0.0
8451224,2009,MTL,1406.8166666666666,67,32.0
8475087,2009,TOR,81.61666666666666,5,2.0
8471694,2009,FLA,22.5,3,0.0
8471245,2009,CHI,1332.6833333333334,81,47.0
8471253,2009,WPG,15.483333333333333,1,0.0
8467931,2009,OTT,4.133333333333334,1,0.0
8470719,2009,VAN,51.35,7,1.0
8467496,2009,MTL,1918.95,78,64.0
8474250,2009,OTT,7.016666666666667,1,0.0
8469919,2009,NYI,749.55,59,3.0
8470110,2009,DAL,1650.3,75,25.0
8470640,2009,PHI,1625.5333333333333,76,26.0
8471681,2009,CHI,75.5,8,1.0
8460504,2009,EDM,1183.0666666666666,77,26.0
8472382,2009,NJD,798.25,49,9.0
8471699,2009,EDM,1181.05,82,38.0
8468510,2009,PIT,68.05,8,2.0
8467355,2009,BUF,112.68333333333334,28,1.0
8465192,2009,CHI,1188.8333333333333,65,18.0
8470192,2009,FLA,1533.3833333333334,71,26.0
8459628,2009,PIT,1109.4666666666667,62,10.0
8468636,2009,NSH,1708.65,82,11.0
8470207,2009,PHI,1239.1,79,50.0
8460542,2009,NJD,1430.1833333333334,77,78.0
8470302,2009,CAR,111.33333333333333,13,1.0
8471778,2009,WPG,13.316666666666666,2,0.0
8470729,2009,STL,403.05,30,3.0
8471233,2009,NJD,1529.1166666666666,82,62.0
8471682,2009,SJS,1313.3833333333334,81,65.0
8470988,2009,CAR,101.0,8,2.0
8469544,2009,CHI,1094.5333333333333,61,44.0
8471842,2009,BUF,11.066666666666666,1,0.0
8469460,2009,MTL,1360.8166666666666,66,11.0
8468090,2009,WPG,1019.8333333333334,59,7.0
8470615,2009,EDM,724.8333333333334,63,20.0
8471217,2009,CHI,1180.35,82,49.0
8470599,2009,SJS,1419.4,77,57.0
8473905,2009,NYI,11.516666666666667,1,0.0
8466232,2009,WSH,10.316666666666666,1,0.0
8473512,2009,PHI,636.7,42,27.0
8468001,2009,CBJ,7.25,1,0.0
8467338,2009,MTL,804.5166666666667,50,41.0
8465026,2009,DAL,495.9166666666667,44,13.0
8471851,2009,MTL,710.6666666666666,53,21.0
8469820,2009,TBL,49.06666666666667,7,1.0
8470619,2009,LAK,283.9166666666667,28,5.0
8470750,2009,TOR,1048.8666666666666,76,29.0
8470280,2009,CHI,639.05,75,15.0
8470606,2009,LAK,1551.4833333333333,80,53.0
8474571,2009,UTA,1195.7666666666667,77,28.0
8471269,2009,DAL,1428.5833333333333,81,12.0
8469681,2009,TOR,157.8,24,2.0
8465951,2009,PIT,1079.9166666666667,76,31.0
8475073,2009,TBL,17.533333333333335,1,0.0
8467478,2009,ANA,620.0166666666667,33,6.0
8469469,2009,CBJ,1539.0,82,46.0
8468575,2009,BUF,1348.4833333333333,80,45.0
8468162,2009,NSH,1134.7,82,13.0
8471840,2009,CGY,32.25,4,1.0
8471752,2009,BUF,61.55,4,0.0
8473534,2009,STL,1118.8833333333334,76,47.0
8470626,2009,DAL,1624.6666666666667,82,63.0
8462038,2009,UTA,1642.55,81,72.0
8451101,2009,COL,271.7,15,12.0
8471807,2009,DAL,155.35,14,3.0
8473465,2009,SJS,312.25,35,6.0
8471388,2009,BUF,454.98333333333335,51,9.0
8471628,2009,VAN,111.9,12,3.0
8465914,2009,MTL,890.85,54,9.0
8468086,2009,WSH,126.86666666666666,12,2.0
8467330,2009,NSH,1419.3,73,42.0
8470131,2009,CAR,157.06666666666666,23,2.0
8469465,2009,NSH,1870.4833333333333,82,26.0
8471185,2009,CGY,1071.5333333333333,73,40.0
8474102,2009,STL,1176.5166666666667,81,50.0
8470760,2009,CBJ,1184.9,66,17.0
8469505,2009,TBL,437.5833333333333,40,2.0
8473898,2009,TBL,432.8,31,9.0
8464994,2009,DAL,664.5666666666667,62,12.0
8473584,2009,NYI,30.5,3,0.0
8466147,2009,TBL,9.516666666666667,1,0.0
8465175,2009,STL,556.3666666666667,51,5.0
8467937,2009,PIT,251.43333333333334,22,6.0
8471735,2009,UTA,1131.9166666666667,68,29.0
8474520,2009,FLA,11.95,1,0.0
8471686,2009,NYR,1776.3333333333333,82,16.0
8468095,2009,ANA,463.05,74,10.0
8468884,2009,NYI,53.65,20,0.0
8470232,2009,TOR,4.916666666666667,1,0.0
8460580,2009,SJS,940.2666666666667,58,8.0
8470607,2009,CHI,1911.4166666666667,82,26.0
8472248,2009,PHI,77.4,10,0.0
8471362,2009,TOR,1244.7833333333333,77,47.0
8474573,2009,NYI,1052.7666666666667,68,25.0
8468483,2009,MIN,339.8833333333333,17,23.0
8469638,2009,CAR,1087.2166666666667,71,27.0
8469454,2009,WPG,1768.8333333333333,79,94.0
8471220,2009,FLA,488.3833333333333,37,9.0
8470310,2009,CBJ,123.73333333333333,8,1.0
8465058,2009,NYR,1756.5,76,30.0
8458529,2009,MTL,1514.1,78,65.0
8459514,2009,TOR,743.1,70,16.0
8470625,2009,PIT,20.666666666666668,2,0.0
8470230,2009,BUF,868.3,73,27.0
8472361,2009,PIT,152.31666666666666,16,3.0
8467967,2009,OTT,1296.35,82,23.0
8471476,2009,UTA,625.8833333333333,48,6.0
8460621,2009,OTT,1671.1166666666666,79,75.0
8469470,2009,STL,1315.8,72,30.0
8468604,2009,VAN,28.933333333333334,3,0.0
8469581,2009,VAN,1005.2666666666667,73,27.0
8469459,2009,MIN,1694.6833333333334,79,67.0
8469598,2009,VAN,1667.9166666666667,71,43.0
8466333,2009,BOS,1012.0166666666667,47,16.0
8471229,2009,ANA,562.8166666666667,50,9.0
8459687,2009,NSH,476.21666666666664,43,10.0
8460541,2009,NYI,1219.05,71,31.0
8470638,2009,BOS,1133.2,63,39.0
8451302,2009,NJD,506.4166666666667,34,14.0
8471664,2009,VAN,972.45,71,23.0
8462033,2009,NYR,1850.8166666666666,81,29.0
8471266,2009,FLA,1230.5833333333333,72,60.0
8469685,2009,CBJ,755.0,67,11.0
8470072,2009,UTA,674.7833333333333,46,18.0
8470661,2009,EDM,51.6,7,1.0
8471392,2009,STL,1485.0166666666667,69,15.0
8469587,2009,SJS,648.55,64,13.0
8467400,2009,ANA,498.05,20,5.0
8467096,2009,SJS,1906.7666666666667,77,57.0
8460719,2009,NSH,758.0666666666667,41,32.0
8460562,2009,NYR,1681.4166666666667,81,56.0
8471226,2009,BUF,1234.3333333333333,79,45.0
8466285,2009,CHI,1851.1166666666666,82,52.0
8467428,2009,DAL,464.76666666666665,72,9.0
8470321,2009,NYR,18.383333333333333,2,0.0
8470621,2009,ANA,1450.9166666666667,78,72.0
8459444,2009,CGY,1209.7666666666667,65,43.0
8470905,2009,PHI,898.4833333333333,47,8.0
8470289,2009,WPG,687.45,60,18.0
8456283,2009,COL,825.65,42,7.0
8464977,2009,NJD,1251.7666666666667,82,40.0
8471804,2009,BUF,136.11666666666667,10,1.0
8468208,2009,NSH,1265.2,79,35.0
8471310,2009,CGY,896.6166666666667,70,22.0
8458982,2009,DET,68.78333333333333,13,1.0
8470634,2009,TBL,845.25,43,4.0
8467988,2009,TBL,1262.1833333333334,70,45.0
8470329,2009,OTT,1484.65,76,30.0
8471683,2009,OTT,1000.95,53,13.0
8474001,2009,COL,179.83333333333334,11,4.0
8456588,2009,TBL,153.56666666666666,13,2.0
8466216,2009,BUF,793.4166666666666,75,19.0
8467514,2009,DET,1537.0666666666666,80,96.0
8473604,2009,CHI,1527.3166666666666,82,69.0
8470136,2009,WPG,864.35,53,13.0
8470047,2009,DET,1270.2833333333333,79,39.0
8465012,2009,WSH,1099.5666666666666,52,13.0
8460626,2009,NJD,1480.6166666666666,76,16.0
8470672,2009,MTL,558.6333333333333,37,5.0
8474551,2009,DET,165.18333333333334,13,9.0
8471334,2009,UTA,5.583333333333333,1,0.0
8465067,2009,EDM,7.416666666666667,2,0.0
8470642,2009,NSH,1941.6,81,53.0
8470803,2009,EDM,1005.1333333333333,79,27.0
8465059,2009,WSH,859.35,81,11.0
8456887,2009,WPG,1448.3833333333334,82,78.0
8471323,2009,NSH,526.0333333333333,46,17.0
8473734,2009,PIT,129.88333333333333,16,2.0
8466378,2009,TBL,1768.8,82,81.0
8469689,2009,MIN,28.983333333333334,4,1.0
8471390,2009,NSH,85.78333333333333,7,0.0
8458590,2009,PHI,1490.2333333333333,82,47.0
8471803,2009,ANA,24.583333333333332,2,1.0
8467899,2009,CHI,1410.0,81,77.0
8470265,2009,CAR,1301.0,72,35.0
8460561,2009,EDM,2011.8333333333333,81,53.0
8467927,2009,DAL,574.3833333333333,40,5.0
8467502,2009,EDM,1157.9666666666667,75,43.0
8474114,2009,LAK,534.7833333333333,40,15.0
8462115,2009,COL,542.3833333333333,37,4.0
8473510,2009,STL,12.466666666666667,1,0.0
8468482,2009,OTT,1671.2333333333333,82,73.0
8464962,2009,COL,1476.0333333333333,70,21.0
8459094,2009,COL,1023.9833333333333,74,19.0
8466148,2009,DET,1298.55,73,71.0
8465122,2009,COL,1696.65,76,12.0
8470121,2009,LAK,1616.2333333333333,82,14.0
8469920,2009,WSH,16.1,2,0.0
8467344,2009,CGY,1560.8833333333334,74,8.0
8471282,2009,CAR,33.266666666666666,3,0.0
8459024,2009,DAL,911.25,48,24.0
8471371,2009,ANA,390.68333333333334,48,4.0
8474567,2009,WPG,873.0833333333334,47,19.0
8467543,2009,DAL,650.6833333333333,57,11.0
8471746,2009,TOR,162.28333333333333,10,2.0
8470162,2009,TOR,1266.0666666666666,75,55.0
8471413,2009,COL,235.88333333333333,12,0.0
8464989,2009,CAR,1159.25,69,43.0
8473564,2009,FLA,1169.8333333333333,79,45.0
8470373,2009,TOR,194.26666666666668,15,6.0
8471352,2009,CHI,13.616666666666667,1,0.0
8469528,2009,UTA,93.35,10,0.0
8471636,2009,EDM,5.883333333333334,1,0.0
8471457,2009,MTL,172.16666666666666,20,1.0
8470649,2009,EDM,1551.05,81,43.0
8473422,2009,OTT,1116.55,81,32.0
8470299,2009,ANA,873.4166666666666,64,28.0
8471678,2009,MIN,438.25,37,11.0
8458229,2009,STL,1339.5833333333333,79,49.0
8472263,2009,COL,12.05,2,0.0
8473548,2009,BOS,1144.05,69,59.0
8467412,2009,TOR,1279.7166666666667,81,61.0
8470171,2009,PIT,1060.15,75,22.0
8468700,2009,BUF,997.85,62,29.0
8471521,2009,SJS,217.61666666666667,35,3.0
8471004,2009,COL,73.16666666666667,5,0.0
8446788,2009,WSH,858.7,52,33.0
8467336,2009,NJD,628.4833333333333,72,9.0
8470039,2009,WSH,1100.8333333333333,73,37.0
8467964,2009,OTT,989.3,63,27.0
8464957,2009,NSH,1434.75,82,65.0
8474190,2009,LAK,1134.6833333333334,82,23.0
8468184,2009,COL,188.35,19,1.0
8469477,2009,TBL,1420.2166666666667,71,21.0
8469779,2009,WSH,123.81666666666666,12,6.0
8474579,2009,PHI,681.5666666666667,39,7.0
8460720,2009,WPG,589.2,76,13.0
8467531,2009,TOR,550.9333333333333,41,7.0
8471736,2009,TBL,50.05,6,1.0
8470647,2009,STL,1030.6166666666666,81,22.0
8447958,2009,NJD,631.6833333333333,62,9.0
8470920,2009,NJD,988.3833333333333,82,32.0
8470123,2009,STL,281.25,56,4.0
8471238,2009,EDM,54.3,4,3.0
8469547,2009,NSH,870.3333333333334,72,16.0
8469670,2009,COL,904.2666666666667,69,34.0
8462225,2009,OTT,1679.0166666666667,71,40.0
8462045,2009,STL,1194.45,69,8.0
8473932,2009,PHI,632.3333333333334,60,11.0
8472370,2009,CHI,90.9,9,0.0
8468509,2009,DET,1806.1,79,51.0
8470609,2009,VAN,1106.6,80,32.0
8467878,2009,BUF,917.1166666666667,48,47.0
8471498,2009,VAN,688.1,55,21.0
8470543,2009,PIT,1347.7166666666667,82,53.0
8469647,2009,MIN,254.88333333333333,51,3.0
8474094,2009,NJD,9.783333333333333,1,1.0
8471276,2009,BOS,1367.8833333333334,81,73.0
8469521,2009,MTL,1379.3833333333334,80,39.0
8469733,2009,STL,170.8,16,3.0
8466215,2009,CAR,1968.9333333333334,81,38.0
8471265,2009,DAL,43.46666666666667,5,1.0
8470743,2009,PHI,235.75,22,2.0
8470295,2009,PIT,8.25,1,0.0
8472368,2009,DAL,415.45,38,13.0
8469555,2009,SJS,1635.1,77,42.0
8470697,2009,COL,76.48333333333333,8,0.0
8468598,2009,EDM,1150.6166666666666,50,31.0
8472262,2009,WPG,78.95,7,1.0
8474161,2009,CBJ,1012.4833333333333,80,38.0
8456547,2009,ANA,831.5,51,6.0
8469506,2009,BUF,1619.1666666666667,82,66.0
8471311,2009,PIT,922.6833333333333,67,35.0
8465185,2009,VAN,1854.4,81,23.0
8472338,2009,TOR,295.01666666666665,23,2.0
8471223,2009,WPG,776.8833333333333,50,6.0
8466140,2009,CGY,1434.3333333333333,76,57.0
8468778,2009,NYR,545.2833333333333,82,6.0
8460502,2009,NSH,278.3333333333333,53,2.0
8465042,2009,BUF,1742.2166666666667,80,23.0
8470187,2009,BOS,14.8,1,0.0
8468506,2009,DAL,643.7666666666667,59,15.0
8468534,2009,DET,1004.7166666666667,59,13.0
8467304,2009,NYI,465.3666666666667,23,10.0
8465978,2009,BOS,783.45,78,11.0
8469759,2009,NSH,1089.3166666666666,78,17.0
8470877,2009,COL,508.15,40,13.0
8474557,2009,WPG,434.48333333333335,26,6.0
8467580,2009,PIT,1208.25,68,9.0
8471680,2009,EDM,108.61666666666666,11,3.0
8468560,2009,CAR,731.6,70,12.0
8460507,2009,CGY,249.1,24,4.0
8467905,2009,CAR,147.61666666666667,18,2.0
8468064,2009,NSH,1318.0333333333333,71,50.0
8471346,2009,CHI,1328.7166666666667,78,53.0
8471879,2009,COL,51.233333333333334,6,0.0
8470602,2009,CGY,2089.0833333333335,79,45.0
8459429,2009,NSH,1229.2833333333333,65,57.0
8460743,2009,DET,797.1,52,36.0
8470169,2009,FLA,1292.3666666666666,77,32.0
8474518,2009,LAK,294.4166666666667,17,3.0
8462118,2009,BOS,1583.5666666666666,81,86.0
8471696,2009,TBL,523.2166666666667,28,9.0
8468647,2009,MIN,250.36666666666667,36,3.0
8473573,2009,NYR,9.45,1,0.0
8470700,2009,BOS,362.6666666666667,35,7.0
8466142,2009,STL,703.4,28,6.0
8468786,2009,PHI,262.1166666666667,63,3.0
8468660,2009,VAN,398.3666666666667,72,5.0
8467422,2009,VAN,232.06666666666666,23,2.0
8469542,2009,MIN,1279.4833333333333,81,23.0
8471283,2009,UTA,268.5,36,3.0
8468695,2009,UTA,1193.0166666666667,67,45.0
8470189,2009,CGY,50.88333333333333,6,2.0
8471677,2009,LAK,831.2166666666667,41,11.0
8459428,2009,WSH,1049.5,67,41.0
8469473,2009,SJS,765.4166666666666,55,11.0
8468432,2009,UTA,1148.0166666666667,72,40.0
8471274,2009,PIT,823.8666666666667,45,20.0
8468213,2009,CGY,721.0833333333334,45,7.0
8471704,2009,TBL,147.35,11,3.0
8469516,2009,OTT,952.7,53,21.0
8468493,2009,WPG,1858.5166666666667,81,39.0
8471236,2009,TBL,1257.5833333333333,52,16.0
8467331,2009,DET,1332.2,66,15.0
8458938,2009,MTL,1774.3333333333333,81,33.0
8474565,2009,STL,132.11666666666667,8,1.0
8458537,2009,CAR,1505.85,82,77.0
8469531,2009,TOR,120.83333333333333,7,1.0
8458530,2009,NYR,1445.2833333333333,82,47.0
8471215,2009,PIT,1846.4,82,113.0
8470755,2009,LAK,334.6666666666667,31,5.0
8470054,2009,FLA,1835.3,82,34.0
8471670,2009,MTL,762.4166666666666,56,26.0
8470608,2009,EDM,971.9166666666666,64,29.0
8469684,2009,WSH,1276.2166666666667,79,14.0
8470666,2009,PHI,852.3,74,14.0
8469509,2009,BUF,280.28333333333336,23,6.0
8470268,2009,EDM,1524.4666666666667,72,39.0
8470085,2009,TBL,1027.9,42,13.0
8459462,2009,FLA,1596.4666666666667,69,39.0
8470809,2009,TOR,147.78333333333333,11,7.0
8469672,2009,NYR,627.1333333333333,54,17.0
8470137,2009,CAR,1760.8666666666666,71,33.0
8469626,2009,PHI,1247.2666666666667,79,13.0
8469490,2009,NYI,810.5333333333333,69,12.0
8466392,2009,WPG,1516.7666666666667,82,75.0
8470366,2009,BOS,159.6,14,4.0
8459246,2009,WSH,519.6666666666666,63,4.0
8470063,2009,CHI,606.65,66,9.0
8468650,2009,NYR,418.55,42,2.0
8470871,2009,STL,63.18333333333333,6,2.0
8470153,2009,MIN,1205.2833333333333,71,46.0
8466138,2009,SJS,1595.9166666666667,82,86.0
8470318,2009,DET,335.8,19,4.0
8470324,2009,MTL,1630.3166666666666,81,23.0
8470294,2009,STL,8.333333333333334,1,1.0
8467350,2009,TOR,529.8,27,11.0
8471743,2009,BOS,263.7,25,5.0
8472379,2009,TOR,60.36666666666667,4,1.0
8470636,2009,OTT,13.666666666666666,1,0.0
8471396,2009,COL,145.81666666666666,11,0.0
8450725,2009,BOS,1341.4,80,61.0
8467831,2009,TBL,898.7,52,16.0
8470794,2009,SJS,1516.0,80,59.0
8449645,2009,DAL,1463.35,80,46.0
8445739,2009,MTL,985.7333333333333,62,18.0
8468789,2009,CBJ,1286.1666666666667,80,47.0
8471436,2009,BOS,885.8833333333333,52,26.0
8466202,2009,BUF,605.1333333333333,48,20.0
8459670,2009,PHI,1888.0166666666667,77,43.0
8460105,2009,NSH,1018.3666666666667,66,25.0
8457261,2009,TOR,421.03333333333336,58,7.0
8467357,2009,SJS,1010.9166666666666,66,29.0
8474588,2009,UTA,727.9,60,15.0
8459424,2009,ANA,2207.866666666667,82,48.0
8469760,2009,UTA,1842.8666666666666,81,27.0
8471260,2009,NYI,862.6166666666667,53,25.0
8460639,2009,CGY,235.93333333333334,43,3.0
8473544,2009,CBJ,446.21666666666664,31,25.0
8466399,2009,WPG,1136.7666666666667,78,23.0
8468085,2009,TBL,255.96666666666667,18,6.0
8470004,2009,UTA,48.0,4,1.0
8467939,2009,DAL,45.983333333333334,3,0.0
8471284,2009,BUF,1426.9833333333333,69,19.0
8473536,2009,MIN,1244.5833333333333,82,24.0
8459441,2009,DAL,249.21666666666667,27,8.0
8471691,2009,UTA,1200.1333333333334,73,30.0
8462041,2009,FLA,1331.25,81,36.0
8470617,2009,PHI,1714.95,79,80.0
8459587,2009,ANA,1046.1833333333334,72,18.0
8467354,2009,UTA,1306.3333333333333,72,16.0
8450978,2009,SJS,488.98333333333335,42,13.0
8470685,2009,NSH,13.116666666666667,2,0.0
8470119,2009,NYI,128.85,11,0.0
8469765,2009,MIN,1214.8,72,32.0
8467943,2009,TOR,1089.5666666666666,64,41.0
8471703,2009,TBL,244.36666666666667,29,6.0
8471707,2009,DAL,1221.8833333333334,77,37.0
8458172,2009,DAL,1330.2166666666667,73,15.0
8467881,2009,VAN,1003.6833333333333,68,19.0
8465113,2009,COL,494.9166666666667,42,4.0
8473496,2009,WSH,17.45,2,0.0
8470737,2009,WPG,83.31666666666666,6,1.0
8470614,2009,BOS,1247.15,81,17.0
8468505,2009,DAL,1124.1,64,46.0
8467876,2009,VAN,1583.5833333333333,81,82.0
8469480,2009,STL,1201.2333333333333,65,18.0
8471769,2009,CHI,314.8,21,3.0
8473973,2009,NSH,606.7666666666667,53,7.0
8470578,2009,NYI,566.5333333333333,27,9.0
8468523,2009,TBL,739.6166666666667,59,15.0
8470273,2009,TOR,1604.6,70,25.0
8466393,2009,PIT,1009.5666666666667,71,28.0
8471314,2009,TBL,416.21666666666664,25,2.0
8474141,2009,CHI,1492.7166666666667,80,70.0
8458573,2009,WSH,1010.6,72,33.0
8468498,2009,PIT,1605.9666666666667,79,19.0
8470151,2009,FLA,2213.016666666667,82,42.0
8471634,2009,OTT,527.5166666666667,35,20.0
8471724,2009,PIT,1564.8,74,33.0
8450824,2009,OTT,25.5,2,0.0
8471692,2009,PHI,564.4,31,4.0
8451774,2009,VAN,676.2,40,28.0
8459457,2009,NJD,1466.0333333333333,81,69.0
8471290,2009,MIN,276.6333333333333,31,7.0
8473525,2009,EDM,174.4,15,0.0
8473924,2009,TBL,574.6333333333333,32,16.0
8467370,2009,OTT,1455.15,78,32.0
8467371,2009,DAL,1717.4,82,78.0
8470852,2009,LAK,101.45,7,1.0
8466398,2009,MTL,1103.05,78,22.0
8467890,2009,STL,1922.1333333333334,82,21.0
8471303,2009,VAN,1674.0333333333333,79,36.0
8467423,2009,EDM,1708.7166666666667,80,53.0
8468927,2009,BOS,1260.4833333333333,78,21.0
8470828,2009,WPG,1977.2333333333333,82,34.0
8470223,2009,STL,433.35,34,7.0
8468502,2009,UTA,726.65,48,9.0
8468626,2009,TBL,226.9,37,2.0
8471676,2009,ANA,987.8333333333334,64,57.0
8469619,2009,CAR,1563.2666666666667,70,30.0
8473942,2009,NYI,82.6,7,1.0
8473722,2009,MIN,184.73333333333332,20,1.0
8474040,2009,EDM,1273.5166666666667,76,41.0
8471887,2009,NSH,318.43333333333334,28,7.0
8468714,2009,FLA,12.316666666666666,1,0.0
8470156,2009,WPG,379.01666666666665,29,10.0
8465056,2009,STL,33.13333333333333,3,1.0
8470159,2009,WSH,847.6666666666666,63,14.0
8468515,2009,STL,778.4166666666666,64,21.0
8474195,2009,CBJ,17.2,3,0.0
8470687,2009,EDM,379.05,52,11.0
8470604,2009,PHI,1717.6666666666667,82,84.0
8466266,2009,CBJ,13.25,1,0.0
8471263,2009,UTA,711.9166666666666,48,21.0
8467466,2009,NYI,901.0333333333333,55,31.0
8474134,2009,MTL,45.28333333333333,3,1.0
8470274,2009,MTL,968.4666666666667,57,23.0
8469639,2009,WSH,1416.7166666666667,82,53.0
8470058,2009,WSH,39.666666666666664,3,0.0
8474177,2009,PHI,91.33333333333333,12,3.0
8471246,2009,WSH,78.18333333333334,8,1.0
8473962,2009,LAK,540.6166666666667,40,16.0
8471958,2009,NYR,1806.5333333333333,82,22.0
8473473,2009,BOS,1060.9833333333333,71,40.0
8474552,2009,DAL,639.0666666666667,55,29.0
8468478,2009,STL,1001.1833333333333,58,7.0
8458637,2009,LAK,1678.6333333333334,82,12.0
8473426,2009,BUF,98.73333333333333,7,0.0
8470741,2009,UTA,857.4833333333333,63,21.0
8468114,2009,SJS,1248.5,75,7.0
8448772,2009,SJS,137.85,18,1.0
8470618,2009,FLA,451.1,59,7.0
8470283,2009,CHI,16.683333333333334,2,0.0
8471873,2009,TOR,571.6333333333333,37,12.0
8474076,2009,CGY,29.966666666666665,3,1.0
8470176,2009,NYI,840.6333333333333,59,24.0
8471426,2009,CHI,1040.25,69,26.0
8446053,2009,DET,326.8,28,0.0
8465170,2009,EDM,581.8,38,15.0
8470120,2009,WSH,1192.95,62,79.0
8471235,2009,SJS,118.78333333333333,13,4.0
8473433,2009,TBL,80.33333333333333,6,1.0
8471208,2009,EDM,1199.3166666666666,78,37.0
8470105,2009,UTA,1061.9333333333334,73,33.0
8468500,2009,LAK,1533.6333333333334,77,59.0
8457981,2009,ANA,1071.6166666666666,65,54.0
8459426,2009,STL,199.13333333333333,11,15.0
8471766,2009,CBJ,667.4166666666666,75,14.0
8471480,2009,PIT,52.18333333333333,7,0.0
8469755,2009,TBL,27.583333333333332,2,0.0
8462176,2009,CHI,317.6333333333333,23,2.0
8460465,2009,PIT,1237.9833333333333,76,46.0
8464967,2009,WPG,1241.65,79,30.0
8455919,2009,CGY,1244.9833333333333,81,47.0
8459064,2009,LAK,475.1166666666667,56,9.0
8459492,2009,TBL,1464.0,82,46.0
8465202,2009,VAN,1189.0833333333333,59,25.0
8473501,2009,TBL,50.583333333333336,5,1.0
8468501,2009,OTT,1393.6666666666667,68,10.0
8475115,2009,PHI,4.566666666666666,1,0.0
8470113,2009,LAK,176.93333333333334,27,1.0
8471786,2009,COL,107.9,6,1.0
8464975,2009,PHI,453.98333333333335,29,25.0
8471714,2009,NYR,28.05,3,0.0
8464960,2009,TOR,314.93333333333334,23,11.0
8459648,2009,VAN,1189.9166666666667,68,53.0
8469500,2009,CGY,1404.3166666666666,80,81.0
8470317,2009,PHI,13.416666666666666,1,0.0
8473568,2009,PHI,423.51666666666665,38,4.0
8471327,2009,COL,32.583333333333336,3,0.0
8471504,2009,CGY,916.4666666666667,57,40.0
8470309,2009,ANA,1145.55,48,23.0
8467977,2009,UTA,27.6,5,0.0
8470564,2009,WPG,69.91666666666667,6,1.0
8470199,2009,NJD,17.95,4,0.0
8462060,2009,MTL,252.41666666666666,33,2.0
8468434,2009,STL,877.4833333333333,46,44.0
8473412,2009,WPG,1372.6833333333334,79,51.0
8466158,2009,COL,1811.2666666666667,81,10.0
8469501,2009,WPG,804.9166666666666,82,16.0
8469582,2009,WPG,425.9166666666667,33,8.0
8474146,2009,WPG,16.383333333333333,2,0.0
8467332,2009,FLA,54.36666666666667,2,1.0
8459406,2009,WSH,198.85,12,3.0
8470639,2009,MIN,544.75,50,13.0
8467348,2009,CBJ,875.9,56,7.0
8471288,2009,WPG,3.05,1,0.0
8465028,2009,PHI,8.2,1,0.0
8470358,2009,VAN,1363.9333333333334,81,50.0
8474564,2009,TBL,1199.6833333333334,79,48.0
8470622,2009,CAR,831.9333333333333,74,14.0
8471707,2010,DAL,1403.0833333333333,77,55.0
8471385,2010,CGY,903.5333333333333,57,9.0
8470144,2010,NYI,1294.3666666666666,75,37.0
8467436,2010,SJS,504.05,34,2.0
8467439,2010,MTL,1611.4833333333333,74,21.0
8470724,2010,COL,1865.2166666666667,79,29.0
8470729,2010,STL,112.26666666666667,8,2.0
8468513,2010,MIN,1677.4,80,20.0
8468113,2010,TOR,537.7333333333333,39,10.0
8470667,2010,WPG,1190.1166666666666,81,35.0
8465200,2010,TOR,1830.9833333333333,82,49.0
8475158,2010,COL,1358.0666666666666,81,26.0
8473514,2010,NYI,122.73333333333333,11,1.0
8469707,2010,NYR,301.25,22,8.0
8473526,2010,COL,965.2333333333333,69,37.0
8471299,2010,OTT,967.0,75,29.0
8470289,2010,WPG,744.55,61,18.0
8470280,2010,CHI,499.71666666666664,60,16.0
8468534,2010,DET,282.78333333333336,20,2.0
8468432,2010,FLA,1319.25,82,38.0
8471276,2010,BOS,1440.9666666666667,79,52.0
8467412,2010,PIT,1267.3,77,50.0
8469638,2010,CAR,1345.1166666666666,80,65.0
8470171,2010,PIT,549.85,45,7.0
8467396,2010,CAR,654.8,40,16.0
8458172,2010,STL,785.2833333333333,47,8.0
8471220,2010,FLA,1200.8,78,29.0
8468478,2010,STL,1305.7833333333333,77,10.0
8471236,2010,TBL,1634.7833333333333,81,17.0
8474001,2010,COL,1272.7166666666667,70,39.0
8471694,2010,FLA,169.0,19,3.0
8471692,2010,PHI,708.9333333333333,48,3.0
8462823,2010,MTL,936.0333333333333,69,29.0
8470610,2010,NJD,1601.2,81,82.0
8470104,2010,EDM,1838.55,82,31.0
8468484,2010,CBJ,522.9666666666667,26,8.0
8475098,2010,TOR,711.5833333333334,37,27.0
8466232,2010,WSH,346.95,36,4.0
8471238,2010,NYI,598.5833333333334,43,25.0
8468778,2010,TOR,563.05,82,6.0
8458525,2010,NJD,1354.2,80,37.0
8474134,2010,MTL,69.38333333333334,5,0.0
8470623,2010,MTL,21.266666666666666,2,0.0
8471664,2010,VAN,1421.1,82,53.0
8468509,2010,DET,1051.9166666666667,48,22.0
8471670,2010,MIN,1166.3833333333334,78,40.0
8470876,2010,FLA,211.16666666666666,31,3.0
8470609,2010,VAN,836.3666666666667,59,22.0
8458541,2010,CGY,1084.8666666666666,58,10.0
8471766,2010,CBJ,480.18333333333334,67,7.0
8474040,2010,EDM,1107.6,68,41.0
8471498,2010,VAN,579.7666666666667,47,15.0
8471419,2010,BUF,84.43333333333334,6,2.0
8471794,2010,DET,1087.0666666666666,75,24.0
8473493,2010,MTL,114.13333333333334,13,0.0
8470324,2010,MTL,1723.2,82,10.0
8470232,2010,DET,34.733333333333334,4,1.0
8459053,2010,UTA,1848.9,82,28.0
8459444,2010,DET,1375.5,82,44.0
8467964,2010,EDM,612.0666666666667,43,21.0
8467514,2010,DET,1627.8333333333333,80,70.0
8464956,2010,OTT,1832.6,82,24.0
8467365,2010,WSH,798.9333333333333,50,6.0
8470064,2010,CAR,46.416666666666664,6,0.0
8460621,2010,OTT,1376.5833333333333,70,71.0
8474511,2010,BOS,28.033333333333335,2,0.0
8474166,2010,LAK,61.63333333333333,4,0.0
8471241,2010,DAL,975.8666666666667,66,9.0
8466309,2010,NJD,1757.15,79,18.0
8467393,2010,OTT,1094.7666666666667,82,26.0
8471426,2010,CHI,1276.9666666666667,78,40.0
8471829,2010,COL,64.7,9,2.0
8471222,2010,EDM,978.1833333333333,51,9.0
8470899,2010,NSH,21.716666666666665,3,0.0
8460580,2010,VAN,145.85,13,2.0
8466215,2010,WSH,1182.6333333333334,51,17.0
8468881,2010,CGY,19.966666666666665,3,0.0
8471697,2010,WPG,1249.1,81,44.0
8468515,2010,STL,580.25,64,8.0
8470619,2010,NYR,598.0833333333334,71,6.0
8472394,2010,LAK,360.68333333333334,39,3.0
8457981,2010,ANA,935.3,54,48.0
8472248,2010,PHI,22.933333333333334,3,0.0
8469472,2010,WSH,1194.6166666666666,68,12.0
8471863,2010,VAN,17.033333333333335,2,0.0
8474557,2010,NJD,511.96666666666664,38,8.0
8471887,2010,NSH,1255.0,80,51.0
8462077,2010,BUF,1358.0833333333333,79,42.0
8464962,2010,COL,262.81666666666666,14,6.0
8465185,2010,VAN,1085.2333333333333,48,12.0
8459492,2010,NYR,1506.8666666666666,75,58.0
8470655,2010,STL,1445.6333333333334,79,48.0
8474709,2010,NYI,66.18333333333334,5,2.0
8467580,2010,PIT,1541.7,78,16.0
8470192,2010,ANA,1225.6833333333334,63,16.0
8457063,2010,DET,2084.5,82,49.0
8473432,2010,CBJ,545.0333333333333,50,14.0
8470616,2010,VAN,1609.3166666666666,82,75.0
8467355,2010,NJD,150.73333333333332,29,0.0
8470750,2010,TOR,949.4333333333333,60,23.0
8471713,2010,MIN,15.466666666666667,2,0.0
8474222,2010,MIN,7.016666666666667,1,0.0
8469485,2010,BUF,1549.3,80,69.0
8474046,2010,EDM,54.4,4,1.0
8466392,2010,WPG,990.9666666666667,65,26.0
8468121,2010,COL,5.366666666666666,1,0.0
8471702,2010,DAL,1333.95,73,15.0
8470268,2010,NSH,1091.5333333333333,51,21.0
8474056,2010,MTL,40.2,2,2.0
8471738,2010,DAL,8.55,1,0.0
8474153,2010,FLA,162.96666666666667,19,5.0
8460500,2010,VAN,170.48333333333332,12,2.0
8470834,2010,CHI,1346.4666666666667,82,34.0
8470294,2010,STL,54.016666666666666,12,0.0
8471346,2010,CHI,1242.4666666666667,79,44.0
8459426,2010,STL,1286.5,75,43.0
8470110,2010,DAL,1688.85,76,21.0
8470988,2010,CAR,368.1,22,11.0
8470047,2010,DET,1002.8666666666667,55,35.0
8471978,2010,ANA,525.0,42,3.0
8470777,2010,DAL,26.483333333333334,5,0.0
8470301,2010,TOR,6.15,1,0.0
8474579,2010,ANA,101.03333333333333,8,0.0
8468707,2010,BOS,11.016666666666667,1,0.0
8470634,2010,TBL,444.8,33,2.0
8474520,2010,FLA,590.2166666666667,39,8.0
8469760,2010,UTA,1626.8166666666666,72,17.0
8471668,2010,DET,58.483333333333334,5,0.0
8474189,2010,STL,75.73333333333333,7,2.0
8471747,2010,BOS,7.133333333333334,1,0.0
8475613,2010,MIN,58.833333333333336,3,1.0
8460541,2010,NYI,1261.6,80,31.0
8470708,2010,VAN,9.416666666666666,1,0.0
8471312,2010,MTL,13.166666666666666,3,0.0
8468224,2010,NYR,923.1166666666667,69,31.0
8471733,2010,LAK,101.96666666666667,14,2.0
8466202,2010,WPG,1426.2833333333333,82,61.0
8471680,2010,EDM,924.7166666666667,65,37.0
8469547,2010,NSH,552.8833333333333,51,16.0
8471265,2010,DAL,40.766666666666666,5,0.0
8459596,2010,MIN,1396.2166666666667,82,61.0
8469666,2010,TBL,343.6333333333333,28,13.0
8471840,2010,CGY,96.63333333333334,10,0.0
8471214,2010,WSH,1569.4166666666667,72,109.0
8467878,2010,BUF,1359.0166666666667,73,65.0
8470678,2010,CAR,992.7333333333333,54,15.0
8467967,2010,OTT,1212.1833333333334,81,32.0
8446485,2010,DET,934.8333333333334,81,22.0
8471436,2010,BOS,1364.6166666666666,76,14.0
8474576,2010,CAR,333.35,31,9.0
8471231,2010,ANA,850.3666666666667,74,12.0
8468086,2010,WSH,93.35,9,3.0
8470631,2010,FLA,965.8,76,14.0
8470636,2010,OTT,23.916666666666668,4,0.0
8467344,2010,CGY,1752.9333333333334,81,17.0
8462045,2010,PIT,941.3166666666667,61,10.0
8471663,2010,CBJ,324.48333333333335,40,4.0
8467543,2010,DAL,836.1,77,14.0
8471362,2010,TOR,990.85,59,35.0
8459433,2010,NYI,628.3,41,5.0
8468483,2010,NYR,1613.65,76,86.0
8475172,2010,TOR,17.433333333333334,1,0.0
8471704,2010,TBL,46.15,4,0.0
8475166,2010,NYI,1459.0833333333333,81,54.0
8465202,2010,VAN,1406.1666666666667,68,28.0
8458537,2010,CAR,1514.1,79,56.0
8471859,2010,MTL,703.0833333333334,50,19.0
8471290,2010,NSH,7.883333333333334,1,0.0
8468508,2010,LAK,802.4333333333333,49,29.0
8460533,2010,NSH,171.28333333333333,16,5.0
8468208,2010,NSH,1245.6,71,34.0
8469770,2010,BOS,1789.8333333333333,76,30.0
8475270,2010,NYI,6.333333333333333,1,0.0
8460465,2010,MIN,167.78333333333333,14,3.0
8469459,2010,MIN,1659.5,80,71.0
8467407,2010,MTL,1264.8166666666666,61,46.0
8470654,2010,MTL,932.0833333333334,76,14.0
8470649,2010,EDM,1279.0166666666667,73,34.0
8470644,2010,EDM,13.383333333333333,2,1.0
8469480,2010,DAL,497.4166666666667,35,2.0
8468172,2010,PIT,1153.6333333333334,79,30.0
8474137,2010,CAR,108.21666666666667,9,2.0
8471743,2010,BOS,677.0666666666667,61,10.0
8473438,2010,MTL,43.416666666666664,3,0.0
8459024,2010,DAL,835.8166666666667,57,16.0
8467496,2010,MTL,1069.25,45,34.0
8470281,2010,CHI,2180.366666666667,82,69.0
8474589,2010,BUF,153.38333333333333,10,9.0
8462060,2010,MTL,161.45,28,3.0
8471482,2010,CBJ,162.15,11,3.0
8469684,2010,CBJ,761.5166666666667,43,7.0
8471365,2010,SJS,24.95,3,0.0
8470672,2010,MTL,839.3833333333333,55,4.0
8470775,2010,TBL,939.9,70,10.0
8460720,2010,WPG,424.6666666666667,62,8.0
8465009,2010,BOS,2029.8166666666666,80,44.0
8471628,2010,VAN,499.48333333333335,69,8.0
8473592,2010,NJD,457.6166666666667,40,10.0
8471266,2010,FLA,507.68333333333334,28,16.0
8473991,2010,WSH,344.4166666666667,21,5.0
8471323,2010,EDM,521.8166666666667,49,12.0
8469672,2010,NYR,251.83333333333334,41,7.0
8475128,2010,NYR,62.016666666666666,7,0.0
8462225,2010,OTT,1211.05,53,28.0
8470625,2010,EDM,293.3833333333333,27,6.0
8469665,2010,WPG,1423.8166666666666,67,13.0
8471217,2010,CHI,1122.95,82,38.0
8468503,2010,MIN,70.6,9,0.0
8446053,2010,WPG,78.21666666666667,7,0.0
8471476,2010,UTA,972.7,74,19.0
8470041,2010,CBJ,1570.6333333333334,75,66.0
8474114,2010,LAK,291.8833333333333,34,7.0
8470996,2010,PHI,262.05,21,4.0
8470970,2010,BOS,32.333333333333336,4,0.0
8473682,2010,MIN,774.6666666666666,61,15.0
8460661,2010,MIN,947.7833333333333,70,14.0
8471709,2010,SJS,1413.8166666666666,64,16.0
8468493,2010,WPG,1770.2833333333333,80,26.0
8473992,2010,MIN,22.633333333333333,3,0.0
8465113,2010,COL,44.35,4,0.0
8470640,2010,PHI,1870.9833333333333,80,35.0
8468001,2010,CBJ,156.45,18,4.0
8467338,2010,TBL,1263.0833333333333,80,37.0
8471185,2010,CGY,1053.2833333333333,67,33.0
8470101,2010,CAR,46.333333333333336,11,0.0
8467579,2010,NYI,53.483333333333334,14,1.0
8468427,2010,CAR,1160.2333333333333,61,15.0
8469470,2010,STL,1159.2666666666667,67,32.0
8467389,2010,DAL,1650.3833333333334,79,89.0
8466393,2010,PIT,1136.05,80,37.0
8473962,2010,TBL,771.5166666666667,60,15.0
8469457,2010,FLA,1599.5,80,60.0
8473563,2010,WSH,1676.5833333333333,82,101.0
8473673,2010,UTA,303.01666666666665,17,5.0
8467491,2010,TOR,758.9,60,9.0
8465026,2010,TBL,242.66666666666666,16,2.0
8468085,2010,UTA,1329.1,82,43.0
8469647,2010,MIN,351.03333333333336,58,4.0
8473482,2010,CAR,251.15,20,6.0
8458637,2010,LAK,1461.25,78,15.0
8471451,2010,DAL,17.633333333333333,2,0.0
8462042,2010,CGY,1689.3333333333333,82,69.0
8462038,2010,UTA,1570.55,82,55.0
8468500,2010,LAK,1492.4333333333334,81,51.0
8470600,2010,NSH,1966.0333333333333,82,37.0
8474053,2010,SJS,256.48333333333335,25,9.0
8471767,2010,TBL,179.73333333333332,14,0.0
8470176,2010,NYI,885.7833333333333,63,23.0
8470061,2010,DET,583.6833333333333,49,6.0
8474091,2010,CAR,1190.3833333333334,72,40.0
8474230,2010,NYI,15.216666666666667,2,0.0
8471753,2010,COL,66.11666666666666,7,3.0
8466181,2010,CBJ,1342.4666666666667,73,62.0
8471742,2010,NSH,866.1333333333333,61,21.0
8469490,2010,NYI,521.0333333333333,54,9.0
8470131,2010,SJS,31.933333333333334,3,1.0
8460626,2010,NJD,1490.2666666666667,79,14.0
8471261,2010,NYR,31.766666666666666,5,1.0
8474574,2010,BUF,1945.75,82,48.0
8471705,2010,ANA,419.8333333333333,28,2.0
8471708,2010,COL,132.81666666666666,12,3.0
8473564,2010,FLA,1433.2333333333333,82,43.0
8474150,2010,CGY,289.8333333333333,23,10.0
8474094,2010,NJD,226.15,20,2.0
8471338,2010,SJS,625.9833333333333,55,11.0
8468252,2010,PIT,188.31666666666666,45,3.0
8469462,2010,CAR,867.7,53,33.0
8470299,2010,NYR,859.9333333333333,58,26.0
8470614,2010,BOS,953.15,56,7.0
8467917,2010,PIT,1776.5833333333333,81,26.0
8470680,2010,EDM,1041.85,64,32.0
8471371,2010,ANA,626.45,75,7.0
8474566,2010,CBJ,105.41666666666667,13,2.0
8471483,2010,WSH,19.383333333333333,2,2.0
8465042,2010,BUF,1261.2833333333333,67,20.0
8467899,2010,MIN,1309.1,73,54.0
8470366,2010,OTT,28.85,3,0.0
8471810,2010,SJS,333.15,24,3.0
8473604,2010,CHI,1520.25,76,68.0
8459670,2010,PHI,1872.4833333333333,82,39.0
8474125,2010,TOR,921.95,43,15.0
8471324,2010,EDM,112.75,9,2.0
8473562,2010,SJS,36.516666666666666,4,0.0
8470283,2010,TOR,13.35,1,0.0
8469619,2010,BOS,1810.75,79,32.0
8474045,2010,BOS,12.133333333333333,1,1.0
8466398,2010,CAR,1018.6333333333333,81,21.0
8459094,2010,PHI,1023.3666666666667,82,20.0
8470170,2010,PHI,177.46666666666667,18,2.0
8466149,2010,DET,1102.25,64,34.0
8468789,2010,DET,595.3333333333334,44,15.0
8474498,2010,OTT,521.2166666666667,52,13.0
8471226,2010,BUF,1027.4666666666667,71,34.0
8467928,2010,DET,175.11666666666667,13,2.0
8470608,2010,EDM,884.85,60,27.0
8467428,2010,DAL,436.9,62,6.0
8467875,2010,VAN,1203.8,63,85.0
8467334,2010,SJS,1109.2166666666667,71,33.0
8470329,2010,OTT,1195.9333333333334,67,18.0
8470699,2010,CBJ,1259.6166666666666,61,12.0
8458951,2010,PIT,1485.0166666666667,61,50.0
8473646,2010,ANA,374.2,38,9.0
8469765,2010,MTL,903.9666666666667,60,34.0
8474569,2010,NSH,530.65,35,15.0
8470383,2010,EDM,48.7,5,1.0
8468526,2010,LAK,1270.95,73,47.0
8471717,2010,BOS,203.93333333333334,19,1.0
8471657,2010,COL,956.65,74,18.0
8469639,2010,WSH,1426.4666666666667,78,59.0
8474138,2010,PIT,8.583333333333334,1,0.0
8474177,2010,PHI,69.56666666666666,10,2.0
8459443,2010,NYR,304.9,20,5.0
8471428,2010,NJD,149.06666666666666,27,2.0
8474552,2010,DAL,469.4,44,11.0
8466333,2010,BOS,1004.9666666666667,51,8.0
8471188,2010,BOS,18.566666666666666,2,0.0
8471669,2010,COL,1732.9666666666667,81,79.0
8459450,2010,OTT,222.93333333333334,30,5.0
8473953,2010,OTT,24.666666666666668,2,0.0
8460555,2010,EDM,1219.4333333333334,72,6.0
8473544,2010,CBJ,1163.6333333333334,78,35.0
8473546,2010,VAN,278.1166666666667,20,11.0
8475086,2010,LAK,35.71666666666667,3,1.0
8450725,2010,BOS,1381.3833333333334,81,43.0
8475179,2010,FLA,1219.6666666666667,68,16.0
8473568,2010,PHI,89.23333333333333,10,1.0
8471941,2010,FLA,77.23333333333333,10,0.0
8460567,2010,CBJ,864.7,73,20.0
8473459,2010,WPG,47.95,4,2.0
8471683,2010,OTT,357.7,23,3.0
8473610,2010,NYR,57.666666666666664,5,0.0
8466292,2010,TBL,376.01666666666665,50,6.0
8473533,2010,PIT,1572.2666666666667,81,49.0
8473537,2010,TOR,584.35,40,14.0
8473932,2010,PHI,760.4166666666666,63,15.0
8468626,2010,COL,131.2,43,1.0
8456966,2010,UTA,964.4333333333333,64,29.0
8459424,2010,PHI,2121.8333333333335,82,55.0
8467876,2010,VAN,1612.6166666666666,82,112.0
8469575,2010,WPG,741.4666666666667,47,7.0
8471976,2010,MTL,50.666666666666664,6,1.0
8473542,2010,CBJ,16.683333333333334,3,0.0
8473712,2010,SJS,138.91666666666666,23,6.0
8469469,2010,CBJ,1552.75,81,55.0
8470063,2010,CHI,114.06666666666666,13,4.0
8470065,2010,TBL,29.35,3,0.0
8473579,2010,TOR,1276.6833333333334,78,36.0
8469584,2010,UTA,19.816666666666666,2,1.0
8460719,2010,NSH,1469.6333333333334,82,51.0
8470257,2010,STL,1106.7833333333333,68,47.0
8466035,2010,CAR,943.35,71,29.0
8470803,2010,MIN,1257.3166666666666,82,32.0
8468575,2010,MTL,1023.7833333333333,69,28.0
8474009,2010,ANA,128.0,9,2.0
8470867,2010,ANA,494.6666666666667,44,7.0
8473536,2010,MIN,767.3666666666667,64,6.0
8465024,2010,NYI,882.6833333333333,76,22.0
8465025,2010,PHI,725.3333333333334,72,24.0
8470203,2010,NYI,10.033333333333333,1,0.0
8470543,2010,PIT,803.9,49,31.0
8470302,2010,CAR,725.4,58,12.0
8474157,2010,MTL,660.4,52,14.0
8470086,2010,SJS,9.566666666666666,1,1.0
8474250,2010,OTT,135.66666666666666,15,3.0
8465056,2010,BOS,176.68333333333334,16,1.0
8469670,2010,COL,616.2,54,11.0
8458938,2010,MTL,1757.8666666666666,75,26.0
8468887,2010,DAL,79.38333333333334,11,1.0
8470622,2010,DET,873.5,65,22.0
8462129,2010,LAK,1482.9166666666667,81,42.0
8471218,2010,BOS,1294.6166666666666,82,38.0
8470105,2010,UTA,737.05,49,32.0
8471741,2010,NSH,75.6,7,0.0
8468502,2010,TBL,548.15,39,4.0
8471678,2010,MTL,819.5666666666667,53,28.0
8467545,2010,BOS,1253.4,82,33.0
8468535,2010,CBJ,1632.55,81,63.0
8465951,2010,PIT,1153.4166666666667,78,30.0
8474590,2010,WSH,335.4166666666667,22,6.0
8473492,2010,ANA,839.4,60,18.0
8445550,2010,SJS,1474.1166666666666,69,30.0
8471698,2010,STL,1392.2166666666667,76,48.0
8471716,2010,DET,529.5666666666667,50,6.0
8459640,2010,BUF,1151.3833333333334,73,22.0
8470713,2010,UTA,240.26666666666668,41,5.0
8472338,2010,MIN,181.83333333333334,14,0.0
8471223,2010,WPG,304.18333333333334,23,2.0
8470153,2010,MIN,10.733333333333333,1,0.0
8470697,2010,COL,32.93333333333333,4,1.0
8467330,2010,NSH,1533.8,82,38.0
8471842,2010,BUF,1010.15,78,26.0
8470740,2010,UTA,1385.5,80,48.0
8470905,2010,LAK,872.1833333333333,48,21.0
8468695,2010,UTA,1399.0666666666666,78,53.0
8471216,2010,MIN,1086.4833333333333,70,21.0
8458229,2010,STL,904.4333333333333,67,32.0
8468639,2010,COL,1089.45,59,31.0
8475105,2010,ANA,553.25,41,19.0
8464977,2010,NJD,840.2333333333333,51,27.0
8471411,2010,CBJ,12.966666666666667,2,0.0
8473465,2010,SJS,589.85,59,13.0
8474551,2010,PHI,719.5833333333334,55,11.0
8469534,2010,EDM,641.6333333333333,41,10.0
8468568,2010,UTA,16.533333333333335,1,0.0
8471504,2010,CGY,1337.1166666666666,73,58.0
8473933,2010,PIT,199.4,12,3.0
8473525,2010,EDM,241.08333333333334,15,1.0
8474563,2010,LAK,2046.9333333333334,82,59.0
8469464,2010,TOR,701.4,65,11.0
8470274,2010,CGY,1175.3,67,17.0
8465166,2010,PIT,898.2833333333333,81,10.0
8469455,2010,OTT,1143.7666666666667,60,57.0
8471388,2010,BUF,558.25,55,15.0
8460562,2010,NYR,1368.6833333333334,77,32.0
8470085,2010,TBL,162.56666666666666,8,2.0
8471229,2010,UTA,823.2833333333333,67,13.0
8459462,2010,FLA,1912.7833333333333,82,43.0
8467502,2010,CGY,1006.9666666666667,71,27.0
8471681,2010,CHI,45.96666666666667,6,2.0
8467422,2010,NJD,3.9833333333333334,1,0.0
8470595,2010,CAR,1427.3333333333333,69,70.0
8471396,2010,COL,27.016666666666666,3,0.0
8471260,2010,NYI,923.65,60,35.0
8468636,2010,MIN,1811.8833333333334,81,15.0
8473548,2010,TOR,1368.1666666666667,70,55.0
8464975,2010,PHI,1243.9166666666667,75,53.0
8471240,2010,WSH,1450.1666666666667,73,23.0
8473687,2010,CBJ,18.3,3,0.0
8464981,2010,CGY,909.0333333333333,57,6.0
8471279,2010,UTA,1202.55,66,11.0
8467329,2010,TBL,1621.95,82,70.0
8466216,2010,BUF,637.2833333333333,69,14.0
8471187,2010,DET,944.4833333333333,63,8.0
8470613,2010,MIN,1051.45,47,20.0
8467351,2010,MTL,1554.95,78,59.0
8465005,2010,NJD,1626.0666666666666,81,12.0
8469506,2010,BUF,1535.55,82,62.0
8470794,2010,SJS,1285.95,66,51.0
8469759,2010,UTA,1090.3166666666666,76,30.0
8467882,2010,TOR,496.45,36,12.0
8473449,2010,NYI,1622.25,79,51.0
8473446,2010,STL,1693.9166666666667,79,39.0
8471724,2010,PIT,1549.2333333333333,72,27.0
8471521,2010,SJS,284.75,46,6.0
8471514,2010,WPG,1530.0333333333333,82,55.0
8467343,2010,NJD,905.2833333333333,52,11.0
8458536,2010,NJD,797.1333333333333,62,17.0
8470755,2010,LAK,1039.3333333333333,81,27.0
8470273,2010,CGY,1891.4833333333333,83,38.0
8475118,2010,NYR,1125.8333333333333,69,15.0
8467370,2010,OTT,1498.4166666666667,79,53.0
8474218,2010,SJS,786.8166666666667,51,21.0
8473412,2010,WPG,1244.25,79,34.0
8471282,2010,CAR,21.516666666666666,2,0.0
8474578,2010,OTT,1206.8,60,26.0
8471895,2010,UTA,106.51666666666667,8,2.0
8471958,2010,NYR,1761.55,82,24.0
8471811,2010,NSH,422.6166666666667,31,11.0
8473618,2010,WSH,238.36666666666667,21,9.0
8467881,2010,UTA,995.75,74,23.0
8470671,2010,MIN,9.266666666666667,2,0.0
8471686,2010,NYR,1895.2833333333333,82,27.0
8474195,2010,CBJ,30.683333333333334,4,0.0
8466138,2010,SJS,1549.5333333333333,78,89.0
8468577,2010,SJS,1172.5166666666667,68,7.0
8473580,2010,NJD,106.28333333333333,12,0.0
8465059,2010,WSH,849.3166666666667,77,24.0
8473534,2010,STL,958.65,71,26.0
8471352,2010,CHI,20.816666666666666,3,2.0
8469508,2010,STL,1370.6666666666667,82,29.0
8470966,2010,CGY,1708.7,82,30.0
8467463,2010,VAN,1270.8,74,53.0
8470778,2010,DET,1009.9166666666666,80,19.0
8470162,2010,CGY,1551.0833333333333,82,57.0
8456464,2010,PIT,1349.3166666666666,77,45.0
8468486,2010,PHI,1273.3833333333334,81,44.0
8468704,2010,MIN,1425.6833333333334,79,42.0
8458590,2010,WSH,1164.45,69,53.0
8459687,2010,SJS,1018.3333333333334,78,19.0
8465914,2010,NSH,1563.5333333333333,81,11.0
8470039,2010,WSH,1106.4833333333333,69,51.0
8471321,2010,CAR,937.9833333333333,54,12.0
8468162,2010,NSH,964.1,69,13.0
8470741,2010,CGY,959.7166666666667,66,32.0
8467357,2010,OTT,728.5166666666667,61,14.0
8468598,2010,ANA,1598.9333333333334,73,45.0
8470602,2010,TOR,1963.5,81,32.0
8471768,2010,MTL,442.95,40,5.0
8470774,2010,NYI,1406.1,70,17.0
8469467,2010,MIN,681.65,49,15.0
8475174,2010,OTT,6.766666666666667,1,0.0
8465978,2010,BOS,669.4166666666666,74,10.0
8469622,2010,SJS,1389.1333333333334,81,57.0
8467493,2010,OTT,814.5166666666667,68,22.0
8472215,2010,SJS,98.56666666666666,9,5.0
8471336,2010,PHI,85.63333333333334,11,3.0
8460503,2010,TBL,1528.9166666666667,67,13.0
8467452,2010,LAK,1406.0333333333333,73,11.0
8470137,2010,CAR,1942.2666666666667,71,46.0
8467346,2010,PHI,1080.15,58,40.0
8470230,2010,BOS,1042.6166666666666,76,20.0
8471263,2010,NYR,637.3666666666667,57,14.0
8459001,2010,DET,525.5666666666667,52,6.0
8474042,2010,MIN,54.25,7,1.0
8471807,2010,DAL,676.6,49,15.0
8466158,2010,COL,1776.4833333333333,81,16.0
8455919,2010,CGY,854.6833333333333,63,15.0
8473582,2010,DAL,33.28333333333333,2,0.0
8467096,2010,SJS,1963.65,75,58.0
8468498,2010,PIT,1445.8166666666666,72,25.0
8471736,2010,CHI,4.683333333333334,1,0.0
8469531,2010,CAR,547.1166666666667,37,6.0
8458519,2010,ANA,1308.0166666666667,76,13.0
8467931,2010,OTT,1369.8,81,11.0
8459587,2010,ANA,1233.25,78,22.0
8474184,2010,FLA,119.35,22,0.0
8469492,2010,CBJ,1859.3333333333333,79,32.0
8471676,2010,ANA,1497.7666666666667,81,64.0
8473550,2010,BOS,36.61666666666667,5,0.0
8474025,2010,PIT,13.816666666666666,1,0.0
8472355,2010,NJD,495.5,63,10.0
8467400,2010,TOR,2088.116666666667,82,26.0
8470719,2010,VAN,149.5,15,0.0
8475168,2010,COL,1436.3666666666666,81,55.0
8460502,2010,NSH,169.81666666666666,39,2.0
8468517,2010,MIN,38.88333333333333,4,0.0
8470180,2010,CGY,1080.4833333333333,82,19.0
8467371,2010,DAL,1289.3666666666666,66,53.0
8471450,2010,COL,469.95,32,19.0
8474674,2010,TBL,559.15,48,5.0
8468482,2010,SJS,1641.55,81,82.0
8470705,2010,NYR,18.9,3,0.0
8474707,2010,DAL,24.9,2,1.0
8465210,2010,WPG,1719.55,76,38.0
8466140,2010,NYR,1464.9666666666667,82,50.0
8469755,2010,DAL,384.78333333333336,44,12.0
8471372,2010,NJD,11.583333333333334,2,0.0
8468095,2010,ANA,342.06666666666666,57,4.0
8468309,2010,NYI,2082.0333333333333,81,49.0
8462033,2010,NYR,1313.8833333333334,75,14.0
8468501,2010,OTT,1324.1666666666667,64,14.0
8472379,2010,WPG,71.26666666666667,6,2.0
8471677,2010,LAK,1809.0,80,36.0
8470603,2010,MTL,905.7166666666667,56,32.0
8473488,2010,VAN,76.95,6,0.0
8469477,2010,PHI,861.2666666666667,50,3.0
8471409,2010,WSH,13.366666666666667,2,0.0
8471703,2010,TBL,1161.1166666666666,79,46.0
8470816,2010,TOR,93.55,15,2.0
8470310,2010,VAN,743.6,49,4.0
8471729,2010,CBJ,1283.0833333333333,69,22.0
8473491,2010,CBJ,52.083333333333336,6,2.0
8467332,2010,FLA,1417.9,74,13.0
8470839,2010,VAN,1105.1166666666666,65,8.0
8472382,2010,NJD,1833.75,78,37.0
8471283,2010,NYR,524.2,69,14.0
8472370,2010,CHI,509.5833333333333,43,8.0
8474519,2010,NYI,1404.3666666666666,68,21.0
8471696,2010,TBL,44.45,5,0.0
8469465,2010,NSH,1657.9166666666667,78,24.0
8471246,2010,WSH,191.8,20,3.0
8466144,2010,MTL,786.5,42,8.0
8471309,2010,DET,505.06666666666666,27,21.0
8468700,2010,BUF,1023.4333333333333,65,22.0
8471735,2010,UTA,1658.1333333333334,82,41.0
8471331,2010,COL,240.86666666666667,20,3.0
8470647,2010,STL,1033.15,79,15.0
8468674,2010,PIT,145.25,9,2.0
8473997,2010,TOR,325.0,23,8.0
8465028,2010,WSH,24.633333333333333,3,0.0
8465012,2010,WSH,1498.4166666666667,70,24.0
8473722,2010,MIN,438.76666666666665,51,2.0
8471879,2010,COL,1207.5333333333333,61,20.0
8466378,2010,TBL,1787.1666666666667,82,94.0
8474571,2010,UTA,122.01666666666667,14,3.0
8475087,2010,TOR,414.53333333333336,31,7.0
8473574,2010,FLA,593.9166666666666,55,16.0
8460577,2010,COL,1065.05,56,44.0
8470877,2010,COL,412.31666666666666,23,16.0
8460770,2010,CHI,1367.2333333333333,60,17.0
8470804,2010,CBJ,550.7166666666667,30,10.0
8475637,2010,OTT,16.683333333333334,2,0.0
8467331,2010,DET,1899.8166666666666,82,20.0
8470735,2010,CBJ,23.6,4,0.0
8471699,2010,EDM,1162.35,82,28.0
8469820,2010,TBL,602.2666666666667,74,5.0
8466260,2010,ANA,197.65,14,2.0
8473734,2010,PIT,5.833333333333333,1,0.0
8471671,2010,NYI,255.08333333333334,22,4.0
8471269,2010,DAL,1362.45,71,7.0
8469483,2010,WSH,979.9666666666667,79,16.0
8474565,2010,STL,149.16666666666666,9,2.0
8470578,2010,NYI,1073.0666666666666,64,15.0
8473419,2010,BOS,239.28333333333333,20,1.0
8470072,2010,UTA,1109.0166666666667,79,22.0
8474291,2010,WSH,64.85,7,2.0
8462176,2010,CHI,1023.25,70,8.0
8469466,2010,EDM,394.6,22,22.0
8466251,2010,WSH,1068.0333333333333,78,34.0
8474436,2010,MTL,18.083333333333332,2,0.0
8467890,2010,STL,1496.7,66,17.0
8470123,2010,STL,202.51666666666668,43,0.0
8471233,2010,NJD,1656.4333333333334,82,67.0
8467336,2010,PIT,725.0666666666667,80,18.0
8471689,2010,EDM,19.866666666666667,3,1.0
8470626,2010,DAL,1600.7,81,69.0
8458943,2010,FLA,1018.9333333333333,58,37.0
8471280,2010,PIT,60.61666666666667,6,2.0
8464966,2010,UTA,1629.7833333333333,76,29.0
8469626,2010,VAN,1156.9,75,12.0
8445735,2010,CAR,997.4166666666666,79,19.0
8468660,2010,VAN,337.71666666666664,56,2.0
8475381,2010,PHI,489.4166666666667,36,4.0
8470886,2010,MIN,106.5,8,2.0
8470920,2010,NJD,664.35,46,24.0
8470615,2010,EDM,447.9,35,14.0
8464957,2010,NSH,1093.1,74,45.0
8470598,2010,BUF,1190.35,71,53.0
8458361,2010,NYI,554.4333333333333,35,17.0
8467943,2010,CGY,1321.8833333333334,82,44.0
8469473,2010,NSH,1072.3,73,30.0
8470575,2010,COL,52.31666666666667,4,1.0
8460527,2010,VAN,615.9666666666667,58,5.0
8470854,2010,VAN,701.6,67,11.0
8474518,2010,LAK,640.3,42,8.0
8460496,2010,LAK,1318.5166666666667,67,53.0
8470896,2010,FLA,63.31666666666667,22,1.0
8471691,2010,UTA,1493.8333333333333,81,33.0
8470309,2010,EDM,2003.5666666666666,81,39.0
8469598,2010,VAN,1198.7833333333333,55,22.0
8460561,2010,EDM,836.7833333333333,37,13.0
8470798,2010,NYI,285.78333333333336,19,4.0
8468083,2010,DET,1485.0,74,70.0
8470620,2010,NYI,412.98333333333335,36,14.0
8459454,2010,NJD,723.8,52,9.0
8468505,2010,DAL,1193.2,72,36.0
8474190,2010,LAK,1128.6,78,40.0
8470685,2010,NSH,267.6166666666667,20,2.0
8470606,2010,LAK,1578.85,82,56.0
8469812,2010,CAR,862.05,55,28.0
8474564,2010,TBL,1683.7666666666667,82,95.0
8467466,2010,NYI,909.5,60,27.0
8469685,2010,CBJ,466.75,45,7.0
8460492,2010,UTA,1424.5333333333333,66,34.0
8471311,2010,PIT,792.5833333333334,63,25.0
8471429,2010,NJD,22.133333333333333,3,1.0
8465170,2010,EDM,583.45,40,8.0
8468463,2010,MTL,314.48333333333335,29,10.0
8471634,2010,OTT,836.5166666666667,66,16.0
8473512,2010,PHI,1362.3,82,47.0
8465122,2010,COL,1224.9,64,20.0
8474141,2010,CHI,1574.3833333333334,82,88.0
8468090,2010,TOR,514.9166666666666,51,4.0
8474149,2010,FLA,52.9,4,0.0
8462535,2010,NYR,378.3833333333333,56,9.0
8467915,2010,CBJ,1083.0666666666666,57,11.0
8470601,2010,PHI,1712.0333333333333,81,19.0
8474681,2010,LAK,11.866666666666667,1,0.0
8469488,2010,WPG,547.3333333333334,37,4.0
8459122,2010,COL,655.5666666666667,69,8.0
8468434,2010,STL,1432.4,79,57.0
8471274,2010,PIT,1457.0166666666667,68,36.0
8469501,2010,WPG,758.6833333333333,76,13.0
8474662,2010,EDM,14.133333333333333,1,0.0
8471303,2010,VAN,1721.3,76,42.0
8470642,2010,NSH,1807.2,78,43.0
8459064,2010,STL,41.916666666666664,6,0.0
8467844,2010,ANA,1303.9,82,41.0
8470617,2010,PHI,1673.3333333333333,82,62.0
8469798,2010,DAL,121.15,8,0.0
8475602,2010,MIN,144.61666666666667,12,4.0
8470225,2010,NJD,252.48333333333332,31,4.0
8468506,2010,DAL,389.46666666666664,45,9.0
8473999,2010,NJD,70.51666666666667,6,1.0
8464979,2010,BOS,1274.6,76,37.0
8471254,2010,CHI,153.5,16,4.0
8470018,2010,BUF,651.6333333333333,72,13.0
8473914,2010,PIT,96.31666666666666,10,1.0
8471339,2010,NYR,1494.1666666666667,77,37.0
8459461,2010,WSH,1164.4833333333333,74,42.0
8467988,2010,TBL,1294.8166666666666,69,47.0
8465050,2010,WSH,1194.45,77,41.0
8473422,2010,OTT,872.8666666666667,61,26.0
8459514,2010,CGY,640.15,71,14.0
8470621,2010,ANA,1726.95,82,76.0
8462041,2010,FLA,1325.0,76,32.0
8471851,2010,STL,463.48333333333335,48,4.0
8470611,2010,WSH,836.8333333333334,69,39.0
8468611,2010,COL,518.5166666666667,56,16.0
8470054,2010,FLA,1837.4,82,28.0
8467361,2010,PHI,792.3,63,18.0
8469779,2010,WSH,79.18333333333334,9,5.0
8475167,2010,TBL,1542.7666666666667,74,20.0
8467856,2010,DET,1889.3833333333334,78,42.0
8471234,2010,UTA,1498.95,80,65.0
8473584,2010,NYI,903.3166666666667,45,7.0
8473504,2010,MIN,1055.9333333333334,74,21.0
8467353,2010,WPG,1385.2833333333333,76,67.0
8468064,2010,NSH,1331.2666666666667,74,49.0
8474568,2010,TOR,1333.3,79,17.0
8462196,2010,DAL,1978.7166666666667,81,41.0
8474573,2010,NYI,1089.7,72,33.0
8469581,2010,VAN,1039.9,75,25.0
8471242,2010,WSH,1911.2,75,76.0
8467831,2010,LAK,1031.4,71,19.0
8466145,2010,CHI,815.25,49,8.0
8475169,2010,WPG,923.55,66,26.0
8474220,2010,CAR,59.13333333333333,7,2.0
8460507,2010,TOR,651.7,59,8.0
8469544,2010,CHI,1485.9,82,66.0
8469555,2010,VAN,1820.85,80,44.0
8468504,2010,STL,1376.7166666666667,82,42.0
8470607,2010,CHI,1872.8,81,30.0
8470604,2010,PHI,1428.4333333333334,74,61.0
8469120,2010,LAK,298.8833333333333,61,0.0
8474161,2010,CBJ,1251.4,80,49.0
8459648,2010,VAN,453.76666666666665,28,16.0
8471245,2010,CHI,677.15,39,16.0
8469992,2010,ANA,987.4,66,9.0
8449895,2010,MIN,1210.9833333333333,73,33.0
8473453,2010,LAK,45.63333333333333,5,0.0
8468927,2010,BUF,1332.0833333333333,78,23.0
8459457,2010,NJD,1583.0166666666667,81,61.0
8462036,2010,CGY,1361.6833333333334,72,37.0
8470223,2010,STL,37.983333333333334,4,1.0
8467977,2010,CGY,116.95,34,4.0
8474037,2010,PHI,1010.8833333333333,78,35.0
8459534,2010,BOS,598.8166666666667,38,14.0
8468523,2010,VAN,96.81666666666666,9,3.0
8471718,2010,LAK,7.383333333333334,1,0.0
8469509,2010,CBJ,218.61666666666667,21,2.0
8471392,2010,STL,1558.0666666666666,78,21.0
8474383,2010,NYI,16.133333333333333,6,0.0
8468542,2010,NJD,495.0,22,11.0
8474154,2010,NSH,219.7,22,3.0
8470630,2010,NSH,1613.8166666666666,81,11.0
8471457,2010,MTL,20.966666666666665,5,0.0
8470187,2010,BOS,900.55,51,15.0
8471873,2010,CBJ,1495.2833333333333,73,34.0
8459429,2010,NSH,1177.9666666666667,63,46.0
8473485,2010,COL,1285.7,77,64.0
8470828,2010,WPG,1826.0666666666666,82,50.0
8471769,2010,CHI,1514.05,77,17.0
8470169,2010,FLA,923.8333333333334,60,17.0
8464994,2010,BOS,988.1166666666667,77,14.0
8467408,2010,TBL,1066.4333333333334,66,5.0
8474102,2010,STL,1324.7166666666667,82,47.0
8466148,2010,CHI,1067.4166666666667,57,51.0
8468101,2010,NYI,364.75,16,3.0
8470159,2010,WSH,370.43333333333334,36,10.0
8474584,2010,NYR,1517.5833333333333,80,37.0
8456887,2010,WPG,839.65,55,26.0
8460504,2010,EDM,1094.8666666666666,76,18.0
8470612,2010,ANA,1430.3333333333333,66,69.0
8471693,2010,DET,32.483333333333334,3,0.0
8472368,2010,PIT,76.75,8,3.0
8471748,2010,NJD,754.7,61,6.0
8459427,2010,NJD,1193.7833333333333,71,22.0
8456283,2010,COL,1297.1333333333334,67,9.0
8451224,2010,UTA,425.8,25,9.0
8470714,2010,NYR,36.36666666666667,3,0.0
8465192,2010,CBJ,1271.4666666666667,78,16.0
8470120,2010,WSH,1396.0,73,84.0
8467519,2010,DAL,1521.2333333333333,78,13.0
8470136,2010,ANA,31.733333333333334,3,0.0
8471215,2010,PIT,1375.2333333333333,66,75.0
8471764,2010,NJD,100.86666666666666,8,1.0
8459004,2010,BUF,1421.1333333333334,78,15.0
8471310,2010,NSH,953.7833333333333,78,24.0
8473700,2010,COL,992.5,61,21.0
8472262,2010,FLA,22.233333333333334,2,0.0
8470318,2010,DET,1035.7833333333333,62,13.0
8473510,2010,STL,51.53333333333333,3,2.0
8475638,2010,TOR,20.183333333333334,2,0.0
8470121,2010,LAK,1310.6833333333334,75,9.0
8458517,2010,ANA,2120.3,80,48.0
8469543,2010,WPG,482.4,54,16.0
8471208,2010,EDM,1507.0166666666667,82,63.0
8471284,2010,BUF,853.5166666666667,49,11.0
8473484,2010,OTT,8.433333333333334,1,0.0
8471268,2010,FLA,444.35,50,6.0
8470852,2010,NYI,1350.9833333333333,81,47.0
8475085,2010,ANA,33.31666666666667,8,0.0
8469460,2010,TOR,677.85,34,4.0
8464967,2010,WPG,1000.45,80,17.0
8471399,2010,MIN,286.01666666666665,32,6.0
8473994,2010,DAL,1188.3833333333334,81,40.0
8469500,2010,MTL,1268.9333333333334,65,50.0
8470666,2010,PHI,854.8833333333333,76,22.0
8471314,2010,TBL,1075.15,49,13.0
8470700,2010,FLA,573.9666666666667,52,11.0
8459246,2010,NYR,225.08333333333334,36,1.0
8471386,2010,LAK,621.4,59,24.0
8474096,2010,NSH,309.5,28,3.0
8459574,2010,COL,860.3833333333333,71,24.0
8470151,2010,CGY,2125.45,82,29.0
8466139,2010,SJS,1716.6333333333334,81,83.0
8471972,2010,OTT,37.266666666666666,6,0.0
8471685,2010,LAK,1785.3,82,81.0
8469542,2010,TBL,946.0666666666667,77,9.0
8471756,2010,PHI,741.1,53,9.0
8457261,2010,DET,278.98333333333335,40,1.0
8470222,2010,ANA,1679.9333333333334,69,30.0
8470358,2010,VAN,1464.6,82,67.0
8459628,2010,MTL,1247.35,68,11.0
8468846,2010,WSH,569.7166666666667,40,6.0
8469474,2010,WPG,1168.6166666666666,79,29.0
8470207,2010,ANA,366.81666666666666,23,14.0
8473898,2010,TBL,680.6333333333333,52,7.0
8468485,2010,BUF,987.8333333333334,73,35.0
8473573,2010,NYR,1057.9666666666667,82,28.0
8459547,2010,WSH,394.31666666666666,41,8.0
8468786,2010,PHI,45.416666666666664,15,0.0
8470004,2010,UTA,28.45,4,0.0
8465058,2010,NYR,1756.8666666666666,82,23.0
8471327,2010,COL,19.433333333333334,2,0.0
8458529,2010,OTT,1398.3666666666666,77,49.0
8469664,2010,CGY,877.7166666666667,64,17.0
8470780,2010,NYI,76.25,6,1.0
8470599,2010,OTT,1204.8833333333334,66,34.0
8466371,2010,CHI,1217.45,79,23.0
8474567,2010,WPG,1734.2,81,23.0
8469476,2010,CAR,1263.75,60,18.0
8471273,2010,NYR,1349.3,69,44.0
8471390,2010,NSH,273.8333333333333,25,3.0
8449645,2010,DAL,828.8,58,30.0
8473600,2010,SJS,267.3,24,5.0
8467583,2010,EDM,168.31666666666666,13,0.0
8473496,2010,CAR,6.766666666666667,1,0.0
8471232,2010,UTA,871.9,71,11.0
8460556,2010,LAK,650.3833333333333,44,11.0
8468518,2010,CHI,701.1833333333333,74,21.0
8468114,2010,SJS,1586.1833333333334,78,17.0
8470687,2010,EDM,715.2833333333333,77,13.0
8470661,2010,EDM,548.6166666666667,49,11.0
8460542,2010,NJD,1020.75,58,48.0
8468520,2010,TBL,1219.4,71,42.0
8468213,2010,UTA,1095.7166666666667,62,12.0
8470662,2010,CHI,671.9833333333333,70,19.0
8475170,2010,LAK,12.516666666666667,1,0.0
8464989,2010,OTT,1499.8166666666666,80,48.0
8471682,2010,SJS,1055.1,69,36.0
8469521,2010,MTL,1636.6166666666666,82,70.0
8470317,2010,PIT,27.066666666666666,2,0.0
8467423,2010,EDM,1496.0333333333333,77,36.0
8470638,2010,BOS,1380.1833333333334,73,52.0
8460743,2010,DET,1075.4833333333333,68,45.0
8470580,2010,SJS,863.2166666666667,75,19.0
8471804,2010,BUF,146.48333333333332,10,5.0
8470596,2010,FLA,1357.6166666666666,65,57.0
8467478,2010,SJS,1418.6666666666667,81,22.0
8471711,2010,TBL,13.733333333333333,1,0.0
8468635,2010,MTL,1214.4833333333333,81,19.0
8473385,2010,FLA,133.18333333333334,17,4.0
8466160,2010,DAL,1438.05,75,45.0
8471710,2010,EDM,730.45,42,3.0
8467304,2010,OTT,1445.9833333333333,71,13.0
8473571,2010,CAR,359.56666666666666,14,10.0
8472263,2010,COL,306.0,41,8.0
8469454,2010,NJD,1674.7,76,85.0
8466300,2010,NSH,50.95,6,0.0
8469623,2010,MIN,1883.1333333333334,78,43.0
8473473,2010,BOS,717.7333333333333,50,20.0
8466142,2010,STL,1265.25,59,15.0
8471221,2010,CBJ,64.96666666666667,9,0.0
8471636,2010,NJD,110.45,9,1.0
8466285,2010,CHI,1578.6,68,38.0
8459442,2010,ANA,1319.05,71,52.0
8468510,2010,FLA,176.81666666666666,21,2.0
8466182,2010,BUF,1690.2833333333333,82,20.0
8470058,2010,CGY,108.98333333333333,11,3.0
8470760,2010,CBJ,1150.0166666666667,59,8.0
8473924,2010,NJD,149.26666666666668,12,3.0
8470370,2010,EDM,51.3,5,0.0
8471761,2010,BUF,1179.9666666666667,59,21.0
8475104,2010,VAN,12.566666666666666,2,0.0
8473466,2010,MTL,178.41666666666666,16,2.0
8462118,2010,BOS,761.7666666666667,41,33.0
8471675,2010,PIT,1756.6833333333334,80,109.0
8470144,2011,NYI,1261.2,71,44.0
8467439,2011,MTL,1135.35,59,16.0
8468704,2011,MIN,1242.8666666666666,73,35.0
8470724,2011,COL,411.21666666666664,21,1.0
8466035,2011,FLA,1207.9833333333333,78,40.0
8470729,2011,STL,352.06666666666666,29,1.0
8473584,2011,NYI,1404.85,60,27.0
8458529,2011,PIT,1222.0166666666667,74,34.0
8474184,2011,FLA,869.05,54,12.0
8471741,2011,NSH,2.716666666666667,1,0.0
8475214,2011,CHI,108.86666666666666,9,3.0
8467365,2011,WSH,1094.9,73,11.0
8468482,2011,SJS,1572.1166666666666,80,64.0
8467436,2011,NJD,99.7,7,0.0
8473542,2011,CBJ,85.75,9,4.0
8470543,2011,PIT,1206.4666666666667,66,48.0
8469506,2011,BUF,1324.2333333333333,73,52.0
8474291,2011,WSH,325.6333333333333,31,3.0
8471240,2011,WSH,1412.35,72,10.0
8465058,2011,UTA,1365.15,65,21.0
8471338,2011,SJS,880.8666666666667,66,23.0
8474727,2011,CHI,82.68333333333334,6,1.0
8467336,2011,PIT,814.4833333333333,81,17.0
8471283,2011,NYR,1132.5333333333333,82,29.0
8470621,2011,ANA,1829.6666666666667,82,98.0
8465025,2011,PIT,420.28333333333336,44,11.0
8466392,2011,NYR,138.21666666666667,18,2.0
8475690,2011,VAN,399.93333333333334,29,1.0
8467875,2011,VAN,1521.35,82,104.0
8462036,2011,CGY,59.03333333333333,4,1.0
8470207,2011,TOR,843.6333333333333,54,31.0
8471702,2011,PIT,1041.2666666666667,63,10.0
8467407,2011,MTL,1608.75,82,46.0
8473569,2011,DET,155.66666666666666,19,1.0
8446485,2011,DET,491.15,47,11.0
8467925,2011,TBL,1217.65,82,18.0
8467502,2011,CGY,321.7,26,6.0
8473992,2011,MIN,311.45,22,3.0
8470324,2011,MTL,762.2333333333333,36,7.0
8469547,2011,NSH,641.3666666666667,54,18.0
8475266,2011,DAL,226.25,24,2.0
8470685,2011,FLA,701.9333333333333,40,5.0
8471371,2011,TOR,504.7,50,8.0
8470760,2011,CBJ,1471.8,74,15.0
8473507,2011,EDM,713.0833333333334,35,5.0
8473574,2011,FLA,603.8666666666667,51,16.0
8467906,2011,VAN,24.216666666666665,4,0.0
8473565,2011,PIT,40.61666666666667,3,0.0
8458590,2011,WSH,1406.6333333333334,79,40.0
8460567,2011,CBJ,776.05,53,15.0
8465122,2011,TBL,1548.3333333333333,82,31.0
8468001,2011,CBJ,683.35,63,23.0
8467330,2011,NSH,1203.5333333333333,64,41.0
8471856,2011,PIT,95.15,9,2.0
8467452,2011,LAK,1663.7666666666667,82,15.0
8471514,2011,BOS,1497.15,82,41.0
8473573,2011,NYR,1328.0333333333333,82,44.0
8470378,2011,OTT,134.68333333333334,8,1.0
8474685,2011,CBJ,465.93333333333334,42,20.0
8471390,2011,FLA,1367.5166666666667,82,41.0
8465185,2011,LAK,1243.45,57,10.0
8471817,2011,STL,190.55,28,4.0
8467393,2011,ANA,830.1166666666667,73,12.0
8471388,2011,BUF,519.5166666666667,51,9.0
8465170,2011,CHI,754.3833333333333,60,16.0
8470121,2011,LAK,1205.3166666666666,71,11.0
8471233,2011,NJD,1622.2,82,44.0
8471323,2011,EDM,1120.8,81,25.0
8470697,2011,COL,674.3666666666667,74,17.0
8471218,2011,WPG,1316.0333333333333,81,44.0
8467915,2011,CBJ,371.2,20,6.0
8473646,2011,FLA,621.2,62,9.0
8474222,2011,MIN,71.43333333333334,5,0.0
8474563,2011,LAK,1948.8666666666666,76,40.0
8471762,2011,EDM,207.31666666666666,12,2.0
8473700,2011,COL,1327.0,67,16.0
8471429,2011,NJD,34.86666666666667,4,0.0
8471941,2011,FLA,17.1,2,0.0
8474151,2011,NYR,747.4,40,9.0
8474096,2011,NSH,1030.8166666666666,74,14.0
8457063,2011,DET,1924.4166666666667,82,62.0
8467514,2011,DET,1082.0666666666666,56,59.0
8471450,2011,COL,975.0333333333333,71,22.0
8459457,2011,DAL,1220.8833333333334,70,32.0
8473931,2011,VAN,40.166666666666664,3,2.0
8456283,2011,COL,842.4833333333333,47,8.0
8471269,2011,DAL,1073.6666666666667,59,10.0
8468434,2011,STL,1162.0166666666667,58,50.0
8462176,2011,MTL,1160.4,71,7.0
8475179,2011,FLA,1436.4333333333334,72,26.0
8471309,2011,DET,1324.9666666666667,76,55.0
8465113,2011,WSH,6.25,1,1.0
8470156,2011,TOR,623.0166666666667,48,15.0
8473533,2011,PIT,896.8333333333334,42,30.0
8474009,2011,ANA,254.98333333333332,26,0.0
8469544,2011,CHI,1436.55,74,71.0
8460492,2011,UTA,1023.9166666666666,50,14.0
8474731,2011,NYI,72.51666666666667,8,1.0
8468518,2011,CHI,1241.1333333333334,81,42.0
8474616,2011,WPG,202.53333333333333,21,2.0
8474618,2011,MIN,299.3833333333333,20,2.0
8470281,2011,CHI,2204.55,82,45.0
8470966,2011,CGY,1897.55,82,43.0
8468789,2011,DAL,218.95,27,5.0
8459004,2011,CBJ,543.0166666666667,37,4.0
8468485,2011,VAN,999.0666666666667,80,29.0
8467096,2011,SJS,1994.0166666666667,76,50.0
8473558,2011,DET,16.683333333333334,2,1.0
8471636,2011,NJD,389.53333333333336,36,2.0
8473604,2011,CHI,1661.1333333333334,80,76.0
8474031,2011,STL,1428.5333333333333,72,43.0
8471699,2011,EDM,1414.45,82,35.0
8471260,2011,NYI,1439.2333333333333,77,46.0
8468599,2011,WSH,82.73333333333333,7,1.0
8466378,2011,TBL,1720.05,82,99.0
8470609,2011,FLA,886.1166666666667,68,15.0
8471265,2011,DAL,5.833333333333333,1,0.0
8471873,2011,CBJ,1006.45,51,18.0
8474094,2011,NSH,273.43333333333334,27,12.0
8470775,2011,TBL,1192.1333333333334,79,25.0
8471804,2011,BUF,853.3166666666667,64,31.0
8466158,2011,WSH,1543.35,78,11.0
8460496,2011,LAK,1479.15,82,47.0
8465005,2011,NJD,1301.0,69,6.0
8475171,2011,UTA,721.7,48,11.0
8471956,2011,SJS,121.38333333333334,17,3.0
8475791,2011,EDM,1183.6333333333334,65,42.0
8460562,2011,NYR,288.3833333333333,24,5.0
8471222,2011,EDM,1581.5333333333333,78,10.0
8467580,2011,NYI,692.25,34,3.0
8467428,2011,DAL,229.86666666666667,44,3.0
8473537,2011,CHI,823.7666666666667,77,24.0
8466182,2011,NJD,1848.3166666666666,82,16.0
8468598,2011,ANA,1967.7166666666667,81,68.0
8467361,2011,PHI,783.8333333333334,75,12.0
8459429,2011,WSH,1133.1666666666667,73,31.0
8474892,2011,PHI,40.25,3,1.0
8464977,2011,NJD,1354.9833333333333,79,30.0
8474577,2011,TOR,18.683333333333334,1,1.0
8471708,2011,COL,333.55,25,4.0
8467408,2011,PHI,46.53333333333333,4,0.0
8470321,2011,FLA,103.65,10,1.0
8473618,2011,WSH,414.7,35,14.0
8474531,2011,SJS,60.666666666666664,6,1.0
8467344,2011,CGY,1697.1833333333334,79,17.0
8474137,2011,CAR,221.98333333333332,23,1.0
8471451,2011,DAL,153.2,19,2.0
8469581,2011,SJS,478.85,35,13.0
8468611,2011,WSH,882.0333333333333,77,25.0
8459587,2011,ANA,1049.9833333333333,79,8.0
8470136,2011,STL,109.55,9,3.0
8471728,2011,NYR,5.566666666666666,1,0.0
8473544,2011,CBJ,1260.1166666666666,74,47.0
8470705,2011,OTT,45.86666666666667,5,1.0
8475166,2011,NYI,1520.75,79,67.0
8449645,2011,DET,497.93333333333334,40,15.0
8470714,2011,PIT,16.716666666666665,1,0.0
8464994,2011,NSH,19.616666666666667,2,0.0
8471730,2011,CHI,7.15,1,0.0
8474150,2011,CGY,881.7833333333333,73,25.0
8460527,2011,CHI,351.9166666666667,34,6.0
8471840,2011,CAR,61.43333333333333,6,1.0
8473997,2011,TOR,77.48333333333333,7,0.0
8470622,2011,DET,799.9166666666666,63,20.0
8459424,2011,PHI,1124.9166666666667,50,25.0
8474566,2011,CBJ,283.3,23,7.0
8474564,2011,TBL,1655.3166666666666,82,91.0
8468208,2011,NSH,1365.8,80,29.0
8466160,2011,DAL,1575.3,82,56.0
8469467,2011,MIN,745.8333333333334,63,16.0
8469457,2011,FLA,1526.8333333333333,76,49.0
8471303,2011,VAN,1238.85,51,33.0
8466333,2011,BOS,1258.55,70,15.0
8467329,2011,TBL,1198.9,65,54.0
8475990,2011,NYI,5.35,1,0.0
8470886,2011,MIN,961.2,57,9.0
8468083,2011,DET,1566.7,80,80.0
8474121,2011,MIN,72.56666666666666,7,1.0
8468506,2011,DAL,378.01666666666665,51,4.0
8470600,2011,NSH,1762.3833333333334,70,39.0
8460743,2011,DET,1080.8833333333334,73,37.0
8473722,2011,CHI,250.13333333333333,40,1.0
8468846,2011,WSH,424.23333333333335,33,6.0
8469474,2011,TOR,806.2333333333333,50,23.0
8471411,2011,NYR,36.516666666666666,4,1.0
8473579,2011,TOR,1420.5833333333333,82,57.0
8471310,2011,MTL,98.38333333333334,10,1.0
8464989,2011,MIN,1406.1333333333334,78,39.0
8466148,2011,CHI,1280.9333333333334,65,57.0
8474098,2011,DAL,5.15,1,0.0
8470647,2011,STL,1023.8,80,14.0
8470798,2011,NYI,400.03333333333336,27,6.0
8467338,2011,CGY,1561.1666666666667,79,69.0
8470137,2011,CAR,1793.6166666666666,72,35.0
8471280,2011,PIT,66.95,4,3.0
8470617,2011,PHI,1526.4,81,66.0
8462038,2011,UTA,1388.9333333333334,72,60.0
8471670,2011,MIN,139.8,11,6.0
8474681,2011,LAK,280.45,19,7.0
8460621,2011,OTT,1040.9,54,31.0
8474567,2011,WPG,1590.6666666666667,71,17.0
8465914,2011,NSH,890.1833333333333,44,10.0
8474573,2011,NYI,1248.4,70,28.0
8455919,2011,CGY,167.43333333333334,18,2.0
8471709,2011,SJS,1669.0166666666667,80,18.0
8470719,2011,VAN,178.41666666666666,24,4.0
8474153,2011,FLA,396.35,31,8.0
8475158,2011,COL,1188.2333333333333,74,26.0
8459461,2011,CGY,1101.8833333333334,66,43.0
8471236,2011,PHI,1710.7833333333333,81,32.0
8467332,2011,CAR,1319.2,72,17.0
8474038,2011,BUF,87.63333333333334,8,2.0
8471851,2011,STL,1210.25,82,46.0
8470187,2011,BOS,1414.7333333333333,69,16.0
8459628,2011,MTL,1486.4833333333333,75,9.0
8469476,2011,CAR,1725.7,82,16.0
8474590,2011,WSH,1847.0833333333333,82,37.0
8469465,2011,VAN,1451.4833333333333,64,23.0
8471657,2011,COL,694.3833333333333,71,8.0
8470176,2011,TBL,1118.2833333333333,80,29.0
8469755,2011,DAL,381.26666666666665,46,10.0
8469459,2011,MIN,1383.8833333333334,71,62.0
8468498,2011,PIT,1315.6,63,13.0
8469591,2011,BUF,887.2833333333333,81,20.0
8469670,2011,OTT,328.25,28,8.0
8471729,2011,CBJ,1278.7333333333333,73,23.0
8465059,2011,WSH,644.9666666666667,61,11.0
8474030,2011,MTL,25.55,3,0.0
8469820,2011,NYI,835.5666666666667,82,9.0
8470619,2011,NYR,1290.3833333333334,82,35.0
8469779,2011,WSH,11.783333333333333,1,0.0
8466145,2011,PHI,746.9833333333333,51,8.0
8471426,2011,CHI,1193.4333333333334,79,36.0
8470816,2011,TOR,135.38333333333333,26,3.0
8474157,2011,MTL,588.15,37,24.0
8473449,2011,NYI,630.15,38,20.0
8474146,2011,WPG,76.8,10,0.0
8473426,2011,BUF,979.8166666666667,58,17.0
8471753,2011,STL,118.08333333333333,13,3.0
8471187,2011,TOR,546.8666666666667,41,4.0
8471859,2011,NSH,1169.5666666666666,77,50.0
8474565,2011,STL,1738.0833333333333,79,43.0
8474162,2011,LAK,150.85,11,1.0
8475087,2011,TOR,50.61666666666667,6,0.0
8469460,2011,TOR,1022.3333333333334,75,10.0
8471703,2011,TBL,827.5,57,32.0
8474141,2011,CHI,1407.7833333333333,73,73.0
8470018,2011,BUF,140.61666666666667,14,0.0
8471634,2011,OTT,1021.3833333333333,79,27.0
8475692,2011,NYR,595.2333333333333,42,23.0
8470640,2011,PHI,1803.3,82,40.0
8475637,2011,OTT,555.45,36,21.0
8468577,2011,SJS,1171.8833333333334,74,8.0
8474001,2011,COL,566.8166666666667,35,15.0
8466216,2011,NJD,591.1166666666667,65,4.0
8469707,2011,NYI,1476.0,81,53.0
8471208,2011,LAK,1467.6833333333334,81,45.0
8459462,2011,NYR,1311.0,67,28.0
8468695,2011,NSH,29.65,2,0.0
8471664,2011,VAN,1105.9333333333334,70,39.0
8471976,2011,MTL,553.4333333333333,43,22.0
8468064,2011,NSH,1157.8833333333334,64,50.0
8468504,2011,BUF,1410.45,83,55.0
8470358,2011,VAN,1226.2833333333333,72,48.0
8472262,2011,FLA,222.65,15,5.0
8471978,2011,ANA,14.883333333333333,1,0.0
8470852,2011,NYI,1474.5166666666667,77,49.0
8470996,2011,PHI,150.03333333333333,10,2.0
8468520,2011,EDM,1306.7833333333333,74,22.0
8471490,2011,STL,214.16666666666666,24,7.0
8469508,2011,COL,1335.3333333333333,80,20.0
8470661,2011,EDM,360.68333333333334,51,5.0
8465978,2011,BOS,796.3833333333333,79,20.0
8471254,2011,CHI,1079.3666666666666,78,37.0
8473564,2011,CHI,1247.2833333333333,80,38.0
8467927,2011,PIT,76.5,5,1.0
8473600,2011,SJS,431.9,33,9.0
8468575,2011,TBL,1200.9166666666667,77,32.0
8474535,2011,NSH,129.55,15,3.0
8469672,2011,ANA,66.55,12,0.0
8474646,2011,ANA,844.3666666666667,60,21.0
8468515,2011,ANA,796.7333333333333,76,16.0
8471748,2011,NJD,347.48333333333335,25,2.0
8470595,2011,CAR,1783.2666666666667,81,76.0
8458951,2011,OTT,1553.8666666666666,67,27.0
8474050,2011,UTA,113.91666666666667,13,3.0
8474059,2011,EDM,783.1333333333333,51,27.0
8467371,2011,DAL,1634.3833333333334,82,71.0
8471761,2011,BUF,890.2,49,9.0
8469770,2011,WSH,1797.9666666666667,75,40.0
8468432,2011,FLA,341.25,29,10.0
8473562,2011,SJS,323.48333333333335,37,4.0
8470651,2011,NYI,178.31666666666666,15,3.0
8470804,2011,TBL,18.866666666666667,4,0.0
8471681,2011,FLA,739.3,62,19.0
8469665,2011,WPG,1699.2833333333333,82,17.0
8467351,2011,MTL,1485.0833333333333,80,38.0
8470606,2011,LAK,1588.1166666666666,82,57.0
8470680,2011,OTT,78.98333333333333,10,0.0
8470666,2011,PHI,441.6333333333333,57,6.0
8467899,2011,MIN,1430.8166666666666,78,62.0
8460661,2011,BOS,44.333333333333336,3,0.0
8473913,2011,WSH,58.96666666666667,4,1.0
8470809,2011,NYR,3.716666666666667,1,0.0
8475248,2011,NJD,100.63333333333334,8,1.0
8468086,2011,EDM,118.06666666666666,8,2.0
8471686,2011,NYR,1980.7666666666667,77,29.0
8470839,2011,NSH,1369.3166666666666,80,9.0
8460502,2011,NSH,56.65,15,0.0
8470740,2011,UTA,1250.7833333333333,82,38.0
8459442,2011,ANA,1435.2,75,45.0
8471693,2011,DET,653.2666666666667,48,4.0
8471508,2011,NJD,282.81666666666666,18,0.0
8472394,2011,LAK,232.88333333333333,19,4.0
8470597,2011,PHI,720.0166666666667,56,22.0
8460533,2011,STL,38.05,8,1.0
8470828,2011,WPG,1705.3666666666666,72,51.0
8469472,2011,BUF,1002.7666666666667,62,5.0
8474642,2011,CGY,93.96666666666667,16,1.0
8475104,2011,VAN,19.65,2,0.0
8469464,2011,TOR,739.8666666666667,66,5.0
8473571,2011,CAR,1447.9333333333334,76,30.0
8471245,2011,CHI,1076.2,61,37.0
8469501,2011,WPG,1131.2666666666667,82,19.0
8470667,2011,TOR,1403.4,82,62.0
8473962,2011,TBL,1142.25,81,51.0
8470877,2011,COL,1361.0666666666666,77,45.0
8474085,2011,TBL,84.73333333333333,10,3.0
8470329,2011,CHI,1473.5333333333333,77,21.0
8470638,2011,BOS,1431.0833333333333,80,57.0
8470613,2011,MIN,2003.7833333333333,80,46.0
8471348,2011,STL,672.0833333333334,41,9.0
8466371,2011,MIN,1165.7833333333333,76,25.0
8474220,2011,CAR,157.56666666666666,23,2.0
8474589,2011,BUF,1285.1666666666667,82,49.0
8466251,2011,WSH,1072.85,81,26.0
8471697,2011,FLA,1062.2166666666667,72,36.0
8469500,2011,MTL,1238.15,67,47.0
8475098,2011,TOR,1581.0166666666667,82,32.0
8474693,2011,CBJ,59.0,4,2.0
8470265,2011,CGY,1329.3666666666666,82,35.0
8470318,2011,DET,1394.2333333333333,74,15.0
8475641,2011,MTL,20.383333333333333,2,0.0
8470120,2011,WSH,1167.1166666666666,65,54.0
8471234,2011,NYR,1064.3833333333334,73,35.0
8473580,2011,NJD,299.18333333333334,22,6.0
8468778,2011,TOR,233.31666666666666,46,2.0
8474000,2011,BOS,673.8333333333334,38,10.0
8474025,2011,PIT,168.0,15,3.0
8467353,2011,WPG,1189.4166666666667,76,41.0
8469490,2011,CGY,805.5666666666667,82,23.0
8474613,2011,NYR,1348.4,82,45.0
8470605,2011,FLA,14.7,2,0.0
8474571,2011,UTA,370.65,34,14.0
8474612,2011,NYI,1337.5,62,26.0
8473419,2011,BOS,1076.7833333333333,77,41.0
8470169,2011,BOS,1075.2666666666667,80,29.0
8464975,2011,PHI,1408.95,77,68.0
8471242,2011,WSH,1223.8833333333334,49,24.0
8475784,2011,CAR,1362.2333333333333,82,63.0
8473611,2011,NYI,6.566666666666666,1,0.0
8465192,2011,CBJ,1257.7166666666667,82,20.0
8470630,2011,NSH,1684.1333333333334,81,18.0
8471231,2011,ANA,319.75,40,2.0
8470834,2011,WPG,1887.6666666666667,81,53.0
8474138,2011,PIT,324.3666666666667,25,12.0
8462129,2011,LAK,1422.3333333333333,82,30.0
8470611,2011,WSH,654.95,52,20.0
8474610,2011,CAR,115.85,15,4.0
8474190,2011,LAK,1076.4,80,30.0
8458361,2011,NYI,315.45,18,9.0
8475619,2011,VAN,102.46666666666667,15,2.0
8473492,2011,ANA,454.4,35,10.0
8474166,2011,LAK,916.7166666666667,60,16.0
8474719,2011,EDM,208.91666666666666,12,5.0
8460720,2011,WPG,618.1166666666667,69,10.0
8465009,2011,BOS,2060.2166666666667,81,44.0
8467931,2011,OTT,744.2,50,7.0
8470803,2011,MIN,1262.0833333333333,80,37.0
8459670,2011,PHI,1842.0,82,37.0
8474002,2011,COL,53.2,3,0.0
8462042,2011,CGY,1716.6666666666667,82,86.0
8474762,2011,STL,42.61666666666667,7,0.0
8460580,2011,DAL,51.31666666666667,5,0.0
8470755,2011,LAK,799.6333333333333,68,19.0
8473953,2011,OTT,137.85,9,1.0
8475950,2011,TOR,30.366666666666667,3,0.0
8474605,2011,OTT,111.21666666666667,8,2.0
8467370,2011,NSH,1506.15,82,36.0
8468635,2011,MTL,1041.95,79,16.0
8473412,2011,WPG,1402.9833333333333,76,48.0
8471274,2011,DAL,1844.8166666666666,83,46.0
8460542,2011,NJD,1509.7166666666667,81,62.0
8474707,2011,DAL,80.6,6,2.0
8473568,2011,PHI,889.3333333333334,67,22.0
8470602,2011,TOR,1670.0166666666667,66,30.0
8471220,2011,FLA,610.6666666666666,44,17.0
8471521,2011,MIN,462.6166666666667,71,9.0
8471842,2011,FLA,62.28333333333333,6,1.0
8459596,2011,MIN,1377.55,82,46.0
8462041,2011,WPG,1061.0833333333333,66,22.0
8470596,2011,BOS,1302.9166666666667,80,53.0
8470294,2011,WSH,90.95,16,2.0
8469765,2011,TBL,329.4166666666667,23,8.0
8469470,2011,STL,1178.8,65,26.0
8466398,2011,CGY,929.3333333333334,76,18.0
8471769,2011,CHI,1478.1333333333334,80,10.0
8474218,2011,SJS,1462.3166666666666,75,24.0
8471232,2011,UTA,1226.7333333333333,79,40.0
8471311,2011,PIT,1162.2833333333333,80,45.0
8465166,2011,PIT,974.9333333333333,80,15.0
8469622,2011,SJS,1347.0833333333333,75,62.0
8470920,2011,NJD,1116.9666666666667,82,18.0
8473588,2011,OTT,412.5833333333333,26,11.0
8474749,2011,BOS,55.233333333333334,6,0.0
8468510,2011,CHI,4.083333333333333,1,0.0
8471217,2011,WPG,1625.8333333333333,81,59.0
8464957,2011,NSH,782.8,70,19.0
8467917,2011,BUF,1656.3333333333333,71,35.0
8469462,2011,CAR,1369.1333333333334,82,57.0
8470063,2011,DAL,904.0333333333333,63,14.0
8473682,2011,UTA,330.5,33,5.0
8460577,2011,COL,1272.5,71,56.0
8471707,2011,PIT,1382.2333333333333,79,45.0
8473563,2011,WSH,1578.5166666666667,77,65.0
8469598,2011,VAN,1481.9166666666667,66,22.0
8470086,2011,FLA,428.73333333333335,27,1.0
8467988,2011,TBL,865.3666666666667,54,38.0
8474730,2011,COL,704.0333333333333,39,6.0
8473432,2011,CBJ,1003.8333333333334,76,17.0
8467910,2011,UTA,194.01666666666668,16,1.0
8470189,2011,COL,40.516666666666666,6,3.0
8470280,2011,SJS,723.4833333333333,68,17.0
8471675,2011,PIT,898.6166666666667,41,66.0
8468101,2011,NYI,1334.1166666666666,64,16.0
8470988,2011,CAR,26.2,3,0.0
8469483,2011,NJD,894.45,75,12.0
8474569,2011,NSH,1090.1166666666666,82,34.0
8471710,2011,EDM,191.8,12,4.0
8466393,2011,PIT,1365.65,81,37.0
8473465,2011,SJS,567.6,49,6.0
8474498,2011,OTT,780.1166666666667,72,13.0
8471735,2011,UTA,1998.6166666666666,82,59.0
8466139,2011,SJS,1704.7666666666667,82,73.0
8475304,2011,FLA,205.53333333333333,19,1.0
8466285,2011,CHI,1493.75,65,27.0
8467346,2011,TBL,1063.9833333333333,63,40.0
8474149,2011,FLA,513.15,36,17.0
8472410,2011,NJD,108.06666666666666,12,0.0
8467543,2011,DAL,602.3666666666667,60,6.0
8465951,2011,PIT,1047.5833333333333,67,30.0
8462196,2011,DAL,1986.4166666666667,81,30.0
8470678,2011,MTL,706.35,43,8.0
8471714,2011,NYR,1329.0833333333333,76,15.0
8459640,2011,BUF,1050.65,73,16.0
8464962,2011,DET,1347.45,75,10.0
8468700,2011,BUF,1225.8,81,31.0
8471419,2011,BUF,246.33333333333334,20,8.0
8473970,2011,CHI,11.6,1,0.0
8468172,2011,NYR,989.2333333333333,66,25.0
8468252,2011,PIT,98.3,19,3.0
8468505,2011,DAL,1405.2166666666667,82,32.0
8470113,2011,LAK,22.4,4,0.0
8470041,2011,CBJ,1419.5,75,66.0
8471862,2011,OTT,362.0833333333333,24,13.0
8474164,2011,NSH,408.3666666666667,23,8.0
8474095,2011,TBL,940.3833333333333,78,15.0
8474850,2011,SJS,82.9,13,0.0
8471682,2011,SJS,1094.8333333333333,72,41.0
8466212,2011,OTT,92.55,24,0.0
8470986,2011,TOR,523.5833333333334,46,13.0
8457981,2011,ANA,1309.5333333333333,73,80.0
8468224,2011,NYR,853.5666666666667,76,24.0
8470598,2011,BUF,1387.65,80,73.0
8475602,2011,MIN,159.65,15,2.0
8471678,2011,MTL,911.3166666666667,79,30.0
8471474,2011,DAL,26.6,3,0.0
8458543,2011,CHI,454.6666666666667,36,8.0
8470072,2011,UTA,126.05,11,1.0
8470778,2011,DET,787.0166666666667,67,18.0
8475185,2011,NJD,370.6333333333333,28,10.0
8466144,2011,MTL,968.8333333333334,53,6.0
8470654,2011,VAN,906.8833333333333,78,12.0
8464984,2011,ANA,120.1,12,0.0
8469521,2011,MTL,1559.1666666666667,77,57.0
8469647,2011,NYR,100.08333333333333,22,2.0
8470299,2011,NYR,803.8333333333334,63,27.0
8473734,2011,PIT,56.35,7,0.0
8470110,2011,DAL,1843.7833333333333,82,27.0
8471483,2011,CBJ,340.3333333333333,32,11.0
8471767,2011,TBL,144.25,18,3.0
8474557,2011,NJD,835.05,48,7.0
8473712,2011,SJS,38.266666666666666,9,0.0
8474592,2011,STL,135.55,15,3.0
8470662,2011,EDM,688.4833333333333,67,5.0
8471811,2011,NSH,642.2833333333333,38,18.0
8471409,2011,WSH,72.31666666666666,8,2.0
8473459,2011,WPG,22.216666666666665,2,0.0
8473589,2011,UTA,27.733333333333334,2,0.0
8466215,2011,CAR,2033.05,82,40.0
8470867,2011,CAR,403.1,59,4.0
8465026,2011,BUF,23.55,2,0.0
8469664,2011,CGY,793.8,58,30.0
8470612,2011,ANA,1464.15,67,76.0
8471216,2011,MIN,852.9166666666666,52,5.0
8467545,2011,BOS,1144.3833333333334,79,41.0
8475372,2011,MTL,26.283333333333335,3,0.0
8471716,2011,DET,910.2166666666667,74,19.0
8469466,2011,EDM,859.2666666666667,47,42.0
8471676,2011,ANA,1654.7333333333333,82,71.0
8466142,2011,TBL,1675.4,76,16.0
8471385,2011,CGY,440.6166666666667,30,7.0
8467856,2011,DET,1286.6333333333334,63,48.0
8471832,2011,STL,26.933333333333334,3,0.0
8460503,2011,TBL,1348.1666666666667,72,5.0
8473534,2011,STL,1392.4333333333334,81,52.0
8471698,2011,STL,940.25,49,34.0
8470615,2011,TBL,32.3,3,0.0
8471299,2011,OTT,736.1666666666666,55,17.0
8474586,2011,EDM,1220.1333333333334,69,43.0
8469619,2011,BOS,1907.3166666666666,81,32.0
8458541,2011,CGY,574.0,39,10.0
8467463,2011,VAN,1247.4,75,50.0
8469584,2011,VAN,50.35,7,0.0
8474042,2011,MIN,56.21666666666667,8,0.0
8468483,2011,NYR,1121.2333333333333,62,48.0
8471314,2011,TBL,1407.8666666666666,69,12.0
8474077,2011,MIN,37.35,4,2.0
8470794,2011,SJS,1454.3666666666666,74,66.0
8475168,2011,COL,1515.5833333333333,80,67.0
8474063,2011,NYI,180.7,11,1.0
8475150,2011,BOS,291.45,23,7.0
8475159,2011,WPG,10.366666666666667,1,0.0
8473485,2011,STL,1084.2,62,53.0
8473453,2011,LAK,827.15,72,13.0
8471368,2011,OTT,60.38333333333333,7,0.0
8471669,2011,COL,1460.4833333333333,74,57.0
8474100,2011,LAK,70.33333333333333,6,0.0
8473932,2011,PHI,994.6166666666667,81,17.0
8464956,2011,OTT,1764.8166666666666,82,9.0
8473525,2011,EDM,1320.25,71,13.0
8474053,2011,SJS,1408.0333333333333,79,56.0
8471362,2011,TOR,1568.3,81,58.0
8470854,2011,VAN,651.2166666666667,73,10.0
8471392,2011,STL,1097.6166666666666,55,12.0
8467400,2011,ANA,1868.9,81,17.0
8460719,2011,NSH,705.4,44,22.0
8474013,2011,STL,457.8,26,4.0
8470310,2011,VAN,975.0333333333333,56,5.0
8474037,2011,PHI,1089.9833333333333,75,40.0
8471692,2011,VAN,55.56666666666667,4,0.0
8470230,2011,BOS,486.15,43,13.0
8473927,2011,NJD,33.1,4,1.0
8475105,2011,ANA,544.7833333333333,47,13.0
8474048,2011,TOR,765.0333333333333,40,2.0
8471413,2011,TBL,87.0,10,1.0
8470713,2011,UTA,252.23333333333332,48,1.0
8467844,2011,ANA,1121.75,76,32.0
8475204,2011,CHI,8.933333333333334,1,0.0
8474611,2011,COL,140.05,11,1.0
8474046,2011,EDM,45.15,3,0.0
8459514,2011,SJS,692.7666666666667,78,14.0
8470672,2011,COL,1350.5166666666667,67,10.0
8470774,2011,NYI,830.8,53,6.0
8470162,2011,CGY,1081.2833333333333,76,31.0
8474574,2011,BUF,1796.6333333333334,80,37.0
8469454,2011,NJD,1827.5833333333333,81,60.0
8473493,2011,WPG,143.93333333333334,12,2.0
8476205,2011,OTT,45.65,4,0.0
8473994,2011,DAL,1241.7833333333333,69,56.0
8474634,2011,NYR,61.61666666666667,8,0.0
8468162,2011,NSH,1217.6833333333334,82,13.0
8473422,2011,OTT,1277.3166666666666,82,34.0
8469555,2011,VAN,1895.3333333333333,79,50.0
8468502,2011,OTT,407.81666666666666,25,5.0
8471863,2011,VAN,26.45,4,1.0
8470578,2011,WPG,228.95,15,2.0
8469681,2011,UTA,19.666666666666668,3,0.0
8470203,2011,COL,305.8333333333333,29,10.0
8471498,2011,VAN,1206.3666666666666,82,29.0
8450725,2011,BOS,1304.4833333333333,81,48.0
8468484,2011,UTA,1163.5,61,11.0
8469626,2011,VAN,635.65,42,7.0
8468463,2011,MTL,664.7333333333333,59,26.0
8474518,2011,LAK,545.3833333333333,38,5.0
8471226,2011,BUF,1025.35,62,52.0
8475151,2011,ANA,86.86666666666666,10,1.0
8470905,2011,TBL,1040.5333333333333,61,13.0
8468509,2011,DET,1760.9,77,37.0
8470787,2011,MIN,26.016666666666666,2,0.0
8470604,2011,PHI,1458.3833333333334,80,66.0
8475160,2011,LAK,722.35,76,14.0
8474074,2011,WPG,9.916666666666666,1,0.0
8471276,2011,BOS,1414.2333333333333,75,62.0
8471273,2011,NYR,1556.4666666666667,77,54.0
8474674,2011,TBL,4.6,1,0.0
8471794,2011,DET,1091.15,82,32.0
8464981,2011,CGY,1358.7833333333333,76,17.0
8469455,2011,OTT,1252.3333333333333,62,57.0
8473548,2011,TOR,1611.0,82,64.0
8465202,2011,VAN,549.25,27,7.0
8471724,2011,PIT,1970.75,82,50.0
8470289,2011,WPG,380.98333333333335,36,12.0
8471768,2011,MTL,649.0166666666667,61,7.0
8473546,2011,NYI,1146.3166666666666,76,52.0
8474578,2011,OTT,1763.7,75,45.0
8468508,2011,LAK,1259.35,73,57.0
8468486,2011,PHI,1360.6666666666667,82,49.0
8469582,2011,BUF,39.46666666666667,3,0.0
8469759,2011,UTA,1103.6333333333334,71,22.0
8474068,2011,UTA,732.75,65,25.0
8475167,2011,TBL,1659.7,79,26.0
8474091,2011,CAR,1365.55,81,29.0
8468542,2011,PIT,1799.1333333333334,77,24.0
8470257,2011,STL,1407.7,72,51.0
8474576,2011,CAR,246.61666666666667,23,7.0
8470123,2011,STL,263.45,54,4.0
8473991,2011,WSH,1629.3666666666666,82,12.0
8470634,2011,TBL,223.68333333333334,32,0.0
8471185,2011,CGY,1283.3666666666666,79,43.0
8458943,2011,CAR,1099.1666666666667,65,39.0
8475764,2011,ANA,1681.8833333333334,76,40.0
8474024,2011,OTT,58.03333333333333,6,0.0
8470750,2011,TOR,287.8,23,3.0
8469760,2011,PIT,1594.2166666666667,73,19.0
8473488,2011,VAN,20.583333333333332,2,1.0
8470047,2011,DET,1187.0,71,39.0
8467943,2011,CGY,968.4,71,27.0
8468636,2011,MIN,1766.55,82,7.0
8467964,2011,PIT,248.26666666666668,21,6.0
8472355,2011,NJD,873.8,74,10.0
8471482,2011,CBJ,659.3333333333334,31,19.0
8467389,2011,DAL,1564.1666666666667,72,77.0
8474192,2011,TOR,15.566666666666666,1,0.0
8471011,2011,UTA,24.8,2,0.0
8475788,2011,WPG,978.0666666666667,74,20.0
8471436,2011,COL,1351.4,73,13.0
8471786,2011,COL,30.2,2,0.0
8469812,2011,CAR,1316.4833333333333,82,31.0
8470741,2011,MTL,127.61666666666666,13,1.0
8472368,2011,PIT,709.0666666666667,60,16.0
8471743,2011,STL,1051.55,65,29.0
8470054,2011,VAN,1033.9166666666667,65,7.0
8471324,2011,EDM,659.8333333333334,44,10.0
8474161,2011,CBJ,1357.6666666666667,80,46.0
8468526,2011,LAK,1407.45,82,43.0
8471717,2011,BOS,996.0,67,15.0
8464966,2011,UTA,1621.05,77,16.0
8467831,2011,MTL,916.7166666666667,72,26.0
8466140,2011,CGY,1404.3833333333334,79,54.0
8475169,2011,WPG,1303.95,73,43.0
8471680,2011,EDM,565.4833333333333,41,9.0
8473514,2011,NYI,486.18333333333334,42,9.0
8467519,2011,DAL,1328.3166666666666,74,8.0
8474134,2011,MTL,678.9,41,11.0
8470614,2011,WPG,845.4333333333333,54,6.0
8470687,2011,EDM,226.98333333333332,32,4.0
8469473,2011,NSH,817.9833333333333,51,24.0
8474579,2011,ANA,1142.05,68,11.0
8474709,2011,NYI,817.9,73,18.0
8474716,2011,MIN,798.8166666666667,53,12.0
8470649,2011,MIN,377.8,31,8.0
8459687,2011,SJS,545.55,56,7.0
8475640,2011,PHI,32.86666666666667,3,0.0
8458520,2011,COL,35.166666666666664,2,0.0
8471284,2011,BUF,1602.2333333333333,76,29.0
8470616,2011,VAN,1679.3666666666666,82,73.0
8458537,2011,UTA,1271.6,75,57.0
8470065,2011,PIT,58.93333333333333,6,0.0
8464979,2011,WSH,498.26666666666665,35,16.0
8474705,2011,COL,213.95,18,9.0
8475799,2011,NYI,122.33333333333333,9,2.0
8465200,2011,BOS,1813.1,82,47.0
8474114,2011,LAK,189.71666666666667,13,4.0
8471694,2011,FLA,109.4,11,0.0
8466181,2011,CBJ,638.7833333333333,39,23.0
8474230,2011,NYI,216.73333333333332,27,3.0
8471346,2011,PHI,1418.4,80,46.0
8470283,2011,TOR,920.45,79,20.0
8470222,2011,MTL,1720.6333333333334,75,51.0
8460556,2011,CGY,464.1333333333333,40,10.0
8469639,2011,WSH,1504.1166666666666,82,48.0
8471628,2011,VAN,46.083333333333336,9,1.0
8459492,2011,NYR,444.6166666666667,29,23.0
8470317,2011,CBJ,44.38333333333333,3,0.0
8468478,2011,FLA,1706.1666666666667,82,13.0
8467334,2011,VAN,1163.8166666666666,72,30.0
8473501,2011,NYI,336.35,20,5.0
8471321,2011,CGY,217.41666666666666,19,0.0
8471352,2011,CHI,933.1666666666666,79,21.0
8462225,2011,OTT,1326.7,64,16.0
8473446,2011,COL,1757.3,77,29.0
8462535,2011,PHI,358.51666666666665,58,4.0
8470699,2011,CBJ,1626.4,77,20.0
8471668,2011,TBL,311.95,31,8.0
8474027,2011,SJS,462.0,28,11.0
8470105,2011,CBJ,1151.2333333333333,82,34.0
8468500,2011,NYR,620.3333333333334,43,16.0
8472379,2011,WPG,499.8833333333333,45,7.0
8468626,2011,COL,143.05,35,1.0
8469564,2011,EDM,26.166666666666668,2,0.0
8466309,2011,NYI,406.6666666666667,20,3.0
8474582,2011,NJD,727.5333333333333,58,22.0
8471266,2011,FLA,1549.75,82,40.0
8468534,2011,ANA,906.5166666666667,52,7.0
8475060,2011,NJD,351.3833333333333,17,5.0
8468213,2011,EDM,1128.45,62,14.0
8474195,2011,CBJ,43.5,5,1.0
8471241,2011,DAL,819.85,57,5.0
8475170,2011,LAK,89.98333333333333,8,2.0
8474668,2011,NYR,65.05,10,0.0
8471428,2011,NJD,6.916666666666667,2,0.0
8470656,2011,COL,29.833333333333332,4,1.0
8467881,2011,UTA,1178.4166666666667,76,31.0
8473444,2011,CAR,91.9,13,2.0
8470153,2011,MIN,927.1,59,38.0
8466138,2011,SJS,1589.6166666666666,80,70.0
8471848,2011,WPG,80.3,4,1.0
8467937,2011,TOR,55.8,8,1.0
8468927,2011,BUF,1439.75,73,26.0
8472382,2011,NJD,1833.5833333333333,82,23.0
8468501,2011,NJD,1032.0,57,8.0
8475118,2011,NYR,822.25,58,11.0
8474584,2011,NYR,915.8166666666667,47,11.0
8471887,2011,NSH,1242.3166666666666,79,48.0
8469469,2011,CBJ,1575.5,82,57.0
8470708,2011,VAN,88.26666666666667,12,0.0
8473914,2011,PIT,912.1666666666666,64,27.0
8474520,2011,FLA,1626.7833333333333,73,18.0
8474570,2011,VAN,61.93333333333333,8,2.0
8468085,2011,UTA,1292.2166666666667,79,48.0
8462093,2011,VAN,154.81666666666666,16,2.0
8467331,2011,DET,1442.4666666666667,67,20.0
8473512,2011,PHI,1590.6166666666666,82,76.0
8465042,2011,ANA,1729.3333333333333,78,25.0
8471742,2011,NSH,1214.0,80,29.0
8468639,2011,COL,1672.6666666666667,76,46.0
8474519,2011,NYI,1204.35,64,22.0
8470273,2011,SJS,1559.4,78,26.0
8475172,2011,TOR,457.48333333333335,29,12.0
8470171,2011,PIT,1235.5666666666666,82,21.0
8475794,2011,BOS,903.5333333333333,74,22.0
8469992,2011,ANA,533.05,40,0.0
8473504,2011,MIN,1204.4166666666667,76,34.0
8473673,2011,UTA,689.6,43,14.0
8473456,2011,NYI,23.416666666666668,2,0.0
8471331,2011,COL,1022.5166666666667,74,25.0
8471238,2011,WPG,884.5833333333334,63,26.0
8471685,2011,LAK,1619.05,75,73.0
8471689,2011,EDM,231.38333333333333,21,5.0
8465050,2011,UTA,1421.7166666666667,82,40.0
8471696,2011,TOR,152.15,11,1.0
8470623,2011,COL,154.31666666666666,9,0.0
8467493,2011,OTT,1021.0,80,16.0
8473933,2011,PIT,705.0833333333334,47,17.0
8459427,2011,BUF,905.8833333333333,71,19.0
8474609,2011,BUF,213.0,19,4.0
8474040,2011,EDM,1206.9833333333333,68,42.0
8471399,2011,MIN,52.583333333333336,6,0.0
8473466,2011,MTL,240.88333333333333,27,5.0
8466149,2011,DET,1131.25,68,46.0
8468660,2011,FLA,324.4,64,5.0
8471339,2011,NYR,1193.0166666666667,60,48.0
8474739,2011,SJS,25.55,5,0.0
8468887,2011,MIN,95.83333333333333,11,1.0
8469623,2011,MIN,1001.5333333333333,46,24.0
8471214,2011,WSH,1675.5666666666666,79,85.0
8474568,2011,TOR,1834.2833333333333,82,22.0
8475613,2011,MIN,29.6,2,0.0
8474056,2011,MTL,1714.6833333333334,77,38.0
8468535,2011,CBJ,1542.7666666666667,82,47.0
8470274,2011,VAN,1010.5333333333333,62,28.0
8465210,2011,TBL,1518.8166666666666,79,23.0
8471816,2011,NJD,1032.5666666666666,58,14.0
8471810,2011,CAR,518.9833333333333,34,9.0
8470655,2011,STL,1615.8833333333334,82,62.0
8476208,2011,NYI,8.35,1,0.0
8474551,2011,PHI,1297.3,81,53.0
8474154,2011,NSH,30.433333333333334,3,0.0
8473908,2011,LAK,304.43333333333334,56,3.0
8469531,2011,CAR,1092.0333333333333,72,10.0
8468114,2011,SJS,1431.6666666666667,73,14.0
8471504,2011,CGY,1420.2833333333333,80,50.0
8469492,2011,CBJ,1815.5666666666666,80,27.0
8470599,2011,OTT,1192.0,66,33.0
8467478,2011,SJS,830.7833333333333,50,10.0
8470777,2011,DAL,11.766666666666667,3,0.0
8469505,2011,WPG,35.1,2,0.0
8475323,2011,CHI,83.71666666666667,7,0.0
8473999,2011,NJD,616.0,43,17.0
8471958,2011,NYR,1965.0333333333333,80,31.0
8467396,2011,CAR,1504.9333333333334,82,52.0
8467496,2011,MTL,160.4,7,3.0
8470309,2011,EDM,886.8333333333334,35,27.0
8470896,2011,EDM,120.2,34,1.0
8470737,2011,PIT,105.83333333333333,7,5.0
8468513,2011,MIN,1496.3166666666666,74,17.0
8467967,2011,BOS,1248.85,81,28.0
8474189,2011,MTL,857.5333333333333,77,17.0
8474102,2011,STL,184.18333333333334,10,7.0
8470180,2011,MIN,1091.3,82,12.0
8472370,2011,CHI,395.6,37,1.0
8470580,2011,MIN,37.56666666666667,4,0.0
8470192,2011,NYR,1030.35,65,6.0
8471476,2011,COL,1323.85,80,26.0
8471752,2011,BUF,137.58333333333334,9,3.0
8471766,2011,CBJ,560.2166666666667,73,12.0
8470201,2011,DET,997.2333333333333,73,37.0
8475181,2011,CHI,658.3666666666667,46,7.0
8468493,2011,WPG,1482.9666666666667,82,19.0
8470159,2011,WSH,788.55,61,9.0
8470642,2011,NSH,2074.4333333333334,82,48.0
8474587,2011,CGY,30.566666666666666,6,1.0
8474250,2011,OTT,693.35,55,9.0
8473605,2011,NJD,206.56666666666666,18,5.0
8471807,2011,DAL,881.6666666666666,75,9.0
8468095,2011,ANA,500.23333333333335,78,4.0
8472361,2011,FLA,204.16666666666666,24,7.0
8470610,2011,NJD,258.15,13,6.0
8470104,2011,EDM,1935.35,79,26.0
8467579,2011,NYI,119.68333333333334,39,2.0
8470607,2011,CHI,1999.4166666666667,82,48.0
8469480,2011,DAL,1130.5333333333333,63,11.0
8460555,2011,EDM,647.0333333333333,43,2.0
8469120,2011,CGY,8.333333333333334,1,0.0
8464967,2011,FLA,1407.25,82,32.0
8471386,2011,LAK,68.95,5,4.0
8470648,2011,CGY,124.01666666666667,16,2.0
8467423,2011,EDM,878.2166666666667,47,27.0
8459444,2011,DET,1292.5166666666667,81,45.0
8471691,2011,UTA,1189.65,61,26.0
8470601,2011,PHI,1726.9,82,16.0
8467876,2011,VAN,1579.2833333333333,82,94.0
8471879,2011,COL,353.96666666666664,18,8.0
8469685,2011,CBJ,330.05,29,8.0
8471279,2011,CBJ,1228.8833333333334,70,16.0
8469638,2011,CAR,1208.2666666666667,70,52.0
8468674,2011,PIT,840.4333333333333,63,10.0
8470871,2011,STL,467.31666666666666,45,7.0
8470302,2011,CAR,1011.9833333333333,80,18.0
8473592,2011,NJD,430.5833333333333,38,4.0
8467928,2011,DET,92.51666666666667,7,0.0
8475149,2011,WSH,1015.9,69,27.0
8474125,2011,TOR,1240.4833333333333,68,20.0
8471756,2011,PHI,169.31666666666666,13,0.0
8470626,2011,DAL,1624.95,79,73.0
8471663,2011,CBJ,10.516666666666667,1,0.0
8475603,2011,PHI,18.15,2,0.0
8473482,2011,CAR,562.1166666666667,57,12.0
8467412,2011,LAK,768.5666666666667,61,15.0
8470232,2011,NYR,83.96666666666667,11,1.0
8471705,2011,CGY,341.48333333333335,24,2.0
8475186,2011,CBJ,22.95,2,0.0
8459053,2011,UTA,1624.6333333333334,75,22.0
8458637,2011,PHI,1258.4,81,18.0
8471215,2011,PIT,852.4666666666667,43,37.0
8470618,2011,WPG,1197.8333333333333,80,39.0
8467304,2011,ANA,575.3833333333333,39,4.0
8470603,2011,MTL,1286.9666666666667,81,45.0
8475193,2011,DET,86.41666666666667,9,1.0
8471268,2011,VAN,126.43333333333334,16,3.0
8469485,2011,BUF,683.3666666666667,35,35.0
8474045,2011,BOS,31.416666666666668,3,1.0
8474673,2011,CGY,48.016666666666666,3,0.0
8471719,2011,MIN,21.933333333333334,4,0.0
8474207,2011,CBJ,85.95,5,0.0
8475175,2011,EDM,1230.7833333333333,80,34.0
8467890,2011,STL,1248.4333333333334,60,13.0
8474657,2011,BOS,12.433333333333334,1,0.0
8473473,2011,BOS,1309.8166666666666,79,62.0
8462118,2011,BOS,395.0833333333333,25,10.0
8471760,2011,OTT,7.15,1,0.0
8473608,2011,NSH,165.48333333333332,20,8.0
8471683,2011,OTT,864.5666666666667,50,3.0
8470039,2011,COL,735.1,45,31.0
8460504,2011,CBJ,461.85,37,6.0
8458938,2011,MTL,1760.1,79,34.0
8458525,2011,NJD,1144.4,65,34.0
8474641,2011,NJD,13.35,1,0.0
8474601,2011,VAN,65.0,5,0.0
8467878,2011,BUF,1149.3666666666666,68,42.0
8475677,2011,NSH,51.55,4,0.0
8469684,2011,NYI,831.1166666666667,46,17.0
8470620,2011,VAN,730.5666666666667,62,17.0
8473560,2011,TOR,26.033333333333335,2,0.0
8470151,2011,CGY,2130.866666666667,82,24.0
8465024,2011,NYI,387.73333333333335,34,4.0
8465012,2011,WSH,385.5833333333333,21,7.0
8471677,2011,LAK,1902.25,82,42.0
8467466,2011,NYI,215.23333333333332,17,4.0
8462077,2011,BUF,1144.3,67,29.0
8470144,2012,NYI,1431.1166666666666,82,47.0
8467439,2012,CAR,739.85,46,15.0
8470724,2012,DET,1573.9,72,26.0
8475154,2012,TOR,156.25,15,0.0
8470324,2012,MTL,1855.4,82,16.0
8457063,2012,DET,1663.95,70,34.0
8471208,2012,LAK,930.85,65,17.0
8470626,2012,DAL,1620.4666666666667,82,71.0
8476244,2012,MTL,1062.2666666666667,59,16.0
8469508,2012,COL,1100.2166666666667,80,17.0
8473682,2012,VAN,172.5,18,6.0
8475791,2012,EDM,1111.3333333333333,61,53.0
8468510,2012,MIN,64.55,5,2.0
8471385,2012,DAL,592.9,36,3.0
8474157,2012,MTL,1442.6,79,65.0
8470318,2012,DET,1179.2666666666667,69,11.0
8470920,2012,NJD,1308.7333333333333,80,46.0
8474739,2012,SJS,453.68333333333334,33,9.0
8473533,2012,PIT,1241.8666666666666,62,50.0
8471504,2012,MTL,1354.8333333333333,76,24.0
8475219,2012,MIN,8.833333333333334,1,0.0
8474190,2012,PHI,1304.25,82,49.0
8467370,2012,NSH,1389.3666666666666,72,51.0
8467466,2012,LAK,383.75,38,7.0
8474892,2012,PHI,262.96666666666664,24,9.0
8471240,2012,WSH,825.0666666666667,54,6.0
8467831,2012,WSH,869.95,69,16.0
8465210,2012,PHI,1329.7166666666667,69,15.0
8458637,2012,CHI,689.1,51,7.0
8470580,2012,MIN,340.15,35,2.0
8474139,2012,ANA,313.6333333333333,29,4.0
8476116,2012,DAL,165.65,20,3.0
8474189,2012,MTL,1209.5833333333333,79,28.0
8471742,2012,TOR,922.85,57,21.0
8467478,2012,STL,386.7,25,7.0
8474709,2012,NYI,1012.6833333333333,82,16.0
8471816,2012,NJD,1612.5,80,17.0
8471705,2012,TBL,590.4166666666666,41,3.0
8470737,2012,STL,30.25,4,0.0
8471748,2012,NJD,100.38333333333334,6,0.0
8471215,2012,PIT,1575.1166666666666,75,109.0
8471868,2012,CBJ,478.75,41,2.0
8470281,2012,CHI,1990.2,74,40.0
8474584,2012,NYR,1727.7333333333333,77,41.0
8466251,2012,WSH,1183.5,82,39.0
8471768,2012,TBL,1094.7833333333333,74,19.0
8474597,2012,CBJ,6.0,1,0.0
8465192,2012,VAN,1181.8833333333334,80,17.0
8470153,2012,MIN,603.9833333333333,37,22.0
8473511,2012,MIN,76.4,7,2.0
8475153,2012,CHI,364.76666666666665,28,1.0
8473456,2012,NYI,60.733333333333334,5,0.0
8471885,2012,MIN,98.0,9,2.0
8471476,2012,SJS,1402.2166666666667,84,23.0
8467967,2012,BOS,1208.3,82,39.0
8475455,2012,DAL,19.983333333333334,1,0.0
8470615,2012,UTA,145.45,13,4.0
8470189,2012,COL,205.06666666666666,25,6.0
8474567,2012,WPG,1515.55,65,30.0
8474518,2012,LAK,113.08333333333333,9,2.0
8473534,2012,STL,1472.9666666666667,82,38.0
8464981,2012,CGY,998.7333333333333,62,7.0
8469992,2012,ANA,1248.4333333333334,80,14.0
8473569,2012,DET,188.91666666666666,25,3.0
8475159,2012,WPG,32.983333333333334,6,0.0
8468172,2012,NYR,992.5333333333333,73,20.0
8468086,2012,CBJ,109.76666666666667,9,1.0
8474125,2012,TOR,1649.4333333333334,76,19.0
8470137,2012,CAR,669.1333333333333,30,17.0
8470310,2012,VAN,654.7333333333333,43,10.0
8468083,2012,DET,1626.8166666666666,82,69.0
8474195,2012,CBJ,106.65,10,2.0
8475283,2012,BOS,44.516666666666666,5,0.0
8474565,2012,STL,2001.8166666666666,81,51.0
8469470,2012,STL,1214.8333333333333,64,19.0
8471760,2012,CBJ,127.21666666666667,14,1.0
8469684,2012,NYI,1220.5,65,11.0
8469685,2012,SJS,300.48333333333335,39,4.0
8467344,2012,BUF,1415.55,76,5.0
8475179,2012,FLA,1267.6333333333334,58,28.0
8475650,2012,CHI,106.01666666666667,18,0.0
8475764,2012,ANA,1907.3666666666666,82,29.0
8473992,2012,MIN,916.15,47,9.0
8473991,2012,WSH,1711.6833333333334,82,17.0
8469544,2012,CHI,1472.55,74,69.0
8471490,2012,STL,15.283333333333333,2,1.0
8474038,2012,CGY,225.06666666666666,22,5.0
8472361,2012,FLA,61.18333333333333,7,1.0
8473927,2012,NJD,193.78333333333333,27,1.0
8471217,2012,WPG,1604.4,82,50.0
8470187,2012,BOS,1587.2833333333333,77,15.0
8468504,2012,BUF,855.85,65,23.0
8470207,2012,TOR,1228.3166666666666,66,67.0
8471426,2012,WSH,1408.2666666666667,82,33.0
8469623,2012,NJD,1343.8333333333333,63,22.0
8471268,2012,VAN,6.283333333333333,1,0.0
8470839,2012,COL,1460.7,76,20.0
8470886,2012,MIN,897.3166666666667,51,5.0
8468001,2012,CBJ,693.0666666666667,66,14.0
8471724,2012,PIT,1265.15,51,42.0
8473526,2012,COL,468.8833333333333,32,16.0
8473525,2012,EDM,911.3,54,3.0
8470828,2012,WPG,1476.4833333333333,62,33.0
8473419,2012,BOS,1339.3166666666666,76,55.0
8471409,2012,ANA,401.6333333333333,37,5.0
8475181,2012,CHI,1810.7666666666667,82,37.0
8474574,2012,BUF,1236.95,55,23.0
8474577,2012,TOR,136.88333333333333,10,5.0
8467407,2012,MTL,602.4833333333333,31,15.0
8470644,2012,PIT,42.35,5,0.0
8470834,2012,WPG,1589.7,66,53.0
8470740,2012,CGY,990.4166666666666,61,28.0
8475671,2012,DAL,3.95,1,0.0
8474230,2012,NYI,111.23333333333333,14,0.0
8470618,2012,CAR,625.6,77,20.0
8474610,2012,CAR,153.35,16,3.0
8472379,2012,WPG,639.2166666666667,63,27.0
8476819,2012,CAR,16.533333333333335,1,0.0
8467910,2012,FLA,6.316666666666666,1,0.0
8460496,2012,EDM,1564.6833333333334,82,46.0
8474074,2012,WPG,25.533333333333335,3,0.0
8465009,2012,BOS,1975.4,79,52.0
8467330,2012,NSH,1444.6333333333334,78,53.0
8467331,2012,DET,1705.4333333333334,81,21.0
8473501,2012,NYI,17.266666666666666,1,0.0
8471283,2012,NYR,979.3666666666667,82,17.0
8474138,2012,PIT,314.8,26,6.0
8459457,2012,STL,1023.0666666666667,70,24.0
8469531,2012,CAR,1479.0166666666667,72,23.0
8470678,2012,PIT,223.41666666666666,17,4.0
8466393,2012,PIT,1388.0833333333333,82,59.0
8474383,2012,WSH,5.933333333333334,3,0.0
8473565,2012,PIT,115.98333333333333,9,1.0
8474128,2012,EDM,5.516666666666667,1,0.0
8470642,2012,NSH,2040.5666666666666,78,49.0
8473908,2012,LAK,131.53333333333333,25,2.0
8467336,2012,NYR,398.8,60,5.0
8470039,2012,FLA,1566.1,82,61.0
8471321,2012,CGY,22.716666666666665,2,0.0
8470613,2012,SJS,1825.65,81,37.0
8468611,2012,WSH,945.55,78,9.0
8472394,2012,NJD,160.63333333333333,11,2.0
8470598,2012,BUF,1320.9333333333334,78,61.0
8469812,2012,CAR,1123.25,67,32.0
8471762,2012,EDM,49.3,5,1.0
8468208,2012,WSH,907.2833333333333,73,18.0
8474576,2012,CAR,142.71666666666667,16,2.0
8468484,2012,UTA,1258.1833333333334,65,13.0
8470201,2012,DET,1269.0,81,50.0
8466398,2012,CGY,998.2,81,12.0
8476205,2012,OTT,267.51666666666665,22,5.0
8475060,2012,NJD,495.0833333333333,30,7.0
8471996,2012,FLA,36.18333333333333,5,0.0
8470317,2012,ANA,167.28333333333333,15,2.0
8465914,2012,NSH,1158.0333333333333,66,11.0
8465058,2012,UTA,1043.7833333333333,54,13.0
8474631,2012,PHI,728.6,45,7.0
8468114,2012,SJS,1102.8833333333334,60,4.0
8470222,2012,CBJ,1190.2833333333333,48,27.0
8466378,2012,TBL,1740.25,77,74.0
8469462,2012,CAR,1185.1666666666667,72,34.0
8471710,2012,EDM,70.71666666666667,5,0.0
8475170,2012,PHI,762.7166666666667,54,18.0
8471709,2012,SJS,1898.9166666666667,82,23.0
8473563,2012,WSH,804.9,42,44.0
8460561,2012,DAL,1308.5833333333333,64,21.0
8471636,2012,NJD,148.53333333333333,18,0.0
8467346,2012,LAK,611.6166666666667,34,17.0
8471698,2012,STL,1562.35,80,54.0
8459442,2012,ANA,1341.3,74,38.0
8468695,2012,TOR,841.1833333333333,62,18.0
8471216,2012,EDM,459.01666666666665,25,2.0
8469469,2012,CBJ,1400.75,77,40.0
8476158,2012,PHI,285.06666666666666,37,6.0
8472410,2012,NJD,10.616666666666667,1,1.0
8474564,2012,TBL,1803.2,82,97.0
8467496,2012,MTL,234.1,13,3.0
8471761,2012,CGY,1469.3333333333333,68,15.0
8473544,2012,CBJ,1208.9166666666667,74,41.0
8460465,2012,NJD,1304.3333333333333,82,44.0
8467412,2012,NJD,1209.2333333333333,82,33.0
8462225,2012,OTT,1723.8,73,32.0
8470988,2012,EDM,13.283333333333333,1,0.0
8469622,2012,SJS,1357.8166666666666,76,45.0
8469598,2012,VAN,1843.9166666666667,78,44.0
8473542,2012,PHI,96.51666666666667,14,1.0
8473600,2012,SJS,421.73333333333335,35,8.0
8471729,2012,STL,935.7166666666667,55,12.0
8474089,2012,COL,90.38333333333334,9,2.0
8471682,2012,MIN,1213.3666666666666,69,36.0
8470299,2012,MIN,509.9166666666667,49,12.0
8468518,2012,FLA,1381.6166666666666,80,32.0
8459454,2012,NYI,677.2,62,3.0
8475218,2012,NSH,24.833333333333332,2,0.0
8462038,2012,UTA,1548.45,79,50.0
8471676,2012,ANA,1504.8,82,57.0
8470603,2012,NSH,1073.7333333333333,71,35.0
8475118,2012,OTT,1172.9666666666667,67,20.0
8470604,2012,LAK,1055.0833333333333,55,34.0
8476438,2012,CHI,28.033333333333335,2,0.0
8474606,2012,FLA,37.7,3,0.0
8467371,2012,DAL,1483.5166666666667,74,63.0
8475772,2012,DET,6.05,1,0.0
8469770,2012,WSH,1959.5333333333333,82,46.0
8473492,2012,ANA,718.55,70,15.0
8470018,2012,BUF,583.1,60,8.0
8466138,2012,SJS,1678.4333333333334,82,77.0
8475151,2012,ANA,207.36666666666667,18,7.0
8469664,2012,CGY,448.45,32,9.0
8473618,2012,WSH,769.7,64,30.0
8471840,2012,CAR,132.25,16,4.0
8474037,2012,PHI,652.3666666666667,43,24.0
8474031,2012,STL,1749.6833333333334,81,43.0
8474642,2012,CGY,274.4,27,3.0
8471218,2012,WPG,1526.0333333333333,80,64.0
8474184,2012,FLA,615.5166666666667,40,5.0
8471299,2012,OTT,140.93333333333334,10,4.0
8475757,2012,MIN,99.28333333333333,9,3.0
8474818,2012,DAL,41.86666666666667,3,2.0
8474600,2012,NSH,956.3166666666667,52,16.0
8465202,2012,VAN,1410.9,69,25.0
8464979,2012,FLA,591.1,48,5.0
8468508,2012,LAK,1406.4166666666667,82,59.0
8466158,2012,CGY,1587.7333333333333,78,12.0
8468486,2012,PHI,1457.1666666666667,82,67.0
8471436,2012,COL,595.9333333333333,33,6.0
8474013,2012,STL,413.6666666666667,26,6.0
8473426,2012,BUF,947.35,51,5.0
8473537,2012,CHI,1111.55,79,43.0
8470612,2012,ANA,1771.15,82,57.0
8470104,2012,MIN,1610.7833333333333,67,22.0
8470619,2012,NYR,1249.5166666666667,82,26.0
8470180,2012,DAL,1017.0166666666667,74,21.0
8474192,2012,TOR,737.25,56,15.0
8459424,2012,PHI,292.18333333333334,13,12.0
8459429,2012,STL,1014.45,72,34.0
8470302,2012,CAR,1121.9833333333333,73,12.0
8474604,2012,NYI,152.43333333333334,9,0.0
8474594,2012,LAK,1000.8666666666667,54,20.0
8465005,2012,SJS,806.7833333333333,54,4.0
8471794,2012,DET,986.85,68,26.0
8474176,2012,NYR,962.9666666666667,64,38.0
8466142,2012,TBL,1907.9833333333333,82,21.0
8471388,2012,BUF,828.75,63,10.0
8475168,2012,COL,944.7333333333333,58,28.0
8473584,2012,NYI,1753.1166666666666,75,19.0
8476459,2012,OTT,116.1,9,1.0
8467514,2012,DET,1369.8,70,67.0
8471846,2012,MIN,35.93333333333333,3,0.0
8462129,2012,SJS,968.2833333333333,67,24.0
8465025,2012,PIT,591.0833333333334,64,16.0
8471856,2012,PIT,760.1666666666666,68,14.0
8470611,2012,WPG,339.48333333333335,35,3.0
8474029,2012,STL,48.266666666666666,5,1.0
8462036,2012,UTA,1149.8166666666666,73,30.0
8468485,2012,UTA,898.1,79,26.0
8475197,2012,COL,176.46666666666667,10,0.0
8474050,2012,WPG,42.416666666666664,5,2.0
8460542,2012,NJD,1607.1666666666667,81,78.0
8474685,2012,CBJ,118.66666666666667,13,3.0
8470666,2012,CHI,319.2,28,11.0
8470662,2012,LAK,652.25,67,8.0
8470171,2012,PHI,1295.9666666666667,81,34.0
8471811,2012,PIT,421.1166666666667,33,7.0
8474146,2012,WPG,97.58333333333333,13,9.0
8473999,2012,MIN,402.1666666666667,38,7.0
8467335,2012,ANA,32.18333333333333,5,0.0
8471683,2012,TBL,854.4,55,16.0
8465059,2012,FLA,489.31666666666666,45,8.0
8471521,2012,MTL,404.3333333333333,62,1.0
8470636,2012,BOS,20.316666666666666,3,0.0
8467928,2012,DET,130.51666666666668,9,1.0
8469619,2012,BOS,1923.1333333333334,80,23.0
8470760,2012,CBJ,922.4,46,7.0
8464967,2012,NYI,708.1833333333333,61,6.0
8473579,2012,TOR,1065.7166666666667,70,28.0
8468499,2012,CGY,128.1,13,1.0
8469626,2012,VAN,629.05,44,3.0
8468700,2012,NSH,1033.7,70,21.0
8471730,2012,COL,12.533333333333333,3,0.0
8470156,2012,TOR,900.75,67,26.0
8471222,2012,EDM,1630.4666666666667,78,15.0
8475225,2012,NSH,1021.5,72,36.0
8468478,2012,FLA,1666.8833333333334,82,16.0
8471664,2012,VAN,857.25,55,20.0
8474121,2012,CBJ,756.5666666666667,75,8.0
8472424,2012,TOR,26.266666666666666,2,1.0
8470294,2012,WSH,6.966666666666667,1,0.0
8471185,2012,CGY,1207.1333333333334,67,48.0
8474727,2012,CHI,127.56666666666666,13,2.0
8471862,2012,OTT,1278.4833333333333,82,37.0
8470607,2012,CHI,1928.5166666666667,78,34.0
8470192,2012,NYR,557.8166666666667,42,5.0
8470777,2012,DAL,5.416666666666667,1,0.0
8466160,2012,DAL,971.2,57,26.0
8471279,2012,CHI,274.7,26,3.0
8470778,2012,DET,1029.9,80,25.0
8470775,2012,TBL,1007.95,68,15.0
8471273,2012,NYR,1253.0166666666667,77,34.0
8474884,2012,OTT,9.016666666666667,1,0.0
8475174,2012,OTT,1549.2,82,17.0
8471675,2012,PIT,406.3833333333333,22,37.0
8471339,2012,NYR,1598.8166666666666,76,54.0
8470647,2012,STL,331.98333333333335,40,3.0
8474034,2012,ANA,25.083333333333332,2,0.0
8470621,2012,ANA,1710.35,80,60.0
8470610,2012,NJD,1761.7833333333333,82,69.0
8474053,2012,SJS,1485.0333333333333,80,65.0
8471714,2012,NYR,355.9166666666667,19,3.0
8469459,2012,MIN,1174.15,55,44.0
8469455,2012,OTT,1593.7166666666667,80,84.0
8460719,2012,PIT,1213.3666666666666,79,48.0
8475169,2012,WPG,1296.2666666666667,74,57.0
8474096,2012,NSH,1209.65,77,22.0
8474100,2012,LAK,395.26666666666665,27,14.0
8467452,2012,LAK,1690.05,82,9.0
8474581,2012,TOR,1618.85,75,30.0
8473921,2012,CGY,54.483333333333334,5,0.0
8468535,2012,UTA,1410.9833333333333,82,37.0
8469476,2012,CAR,1698.2166666666667,82,18.0
8471314,2012,MIN,343.51666666666665,17,2.0
8475175,2012,EDM,540.25,41,8.0
8470654,2012,VAN,920.5333333333333,82,19.0
8473913,2012,WSH,21.866666666666667,2,0.0
8471311,2012,PIT,861.8833333333333,60,33.0
8466285,2012,FLA,2205.516666666667,82,53.0
8468575,2012,SJS,1227.1833333333334,79,25.0
8467338,2012,CGY,1218.9166666666667,64,49.0
8475200,2012,WSH,1012.4833333333333,60,19.0
8468881,2012,WPG,84.55,13,1.0
8471214,2012,WSH,1543.4166666666667,78,65.0
8468509,2012,DET,1874.9833333333333,82,36.0
8457981,2012,ANA,1466.3333333333333,82,66.0
8467545,2012,DAL,1425.3166666666666,82,62.0
8474024,2012,OTT,329.15,28,6.0
8468482,2012,MIN,1715.7833333333333,82,53.0
8474705,2012,COL,310.75,24,7.0
8471810,2012,CAR,465.68333333333334,44,4.0
8473564,2012,CHI,811.0166666666667,63,15.0
8474772,2012,NYR,532.4166666666666,51,9.0
8475788,2012,WPG,1266.35,76,28.0
8464977,2012,NJD,1532.45,82,44.0
8459687,2012,STL,744.45,80,8.0
8467428,2012,FLA,374.85,51,5.0
8467334,2012,VAN,963.0,78,18.0
8467931,2012,OTT,345.35,29,3.0
8459514,2012,CHI,793.9166666666666,81,15.0
8471450,2012,NSH,373.73333333333335,35,7.0
8474569,2012,NSH,1045.1166666666666,65,33.0
8470774,2012,TBL,713.3666666666667,50,13.0
8464975,2012,PHI,1215.1833333333334,70,49.0
8469501,2012,WPG,732.5666666666667,72,11.0
8471701,2012,BUF,38.96666666666667,5,0.0
8467096,2012,SJS,2072.233333333333,81,48.0
8474141,2012,CHI,1656.2,82,66.0
8471386,2012,LAK,101.51666666666667,9,2.0
8468704,2012,WPG,526.8166666666667,45,13.0
8471226,2012,BUF,1411.8333333333333,80,50.0
8470649,2012,UTA,254.13333333333333,23,4.0
8467423,2012,EDM,1586.4333333333334,81,34.0
8471236,2012,PHI,1281.2,62,25.0
8474113,2012,BUF,155.33333333333334,11,1.0
8470699,2012,COL,1675.3,81,19.0
8471851,2012,STL,770.9333333333333,55,18.0
8467915,2012,TBL,378.0833333333333,30,2.0
8474612,2012,NYI,1637.1833333333334,73,24.0
8473953,2012,CGY,748.9833333333333,47,11.0
8469480,2012,NYR,281.0833333333333,27,6.0
8474563,2012,LAK,1917.25,77,36.0
8467463,2012,FLA,861.1666666666666,54,31.0
8471365,2012,NJD,73.91666666666667,7,0.0
8474646,2012,ANA,280.4,25,4.0
8476466,2012,CGY,55.68333333333333,5,3.0
8473574,2012,FLA,1090.9666666666667,79,24.0
8470265,2012,CGY,463.65,32,10.0
8474715,2012,CBJ,415.46666666666664,27,14.0
8473608,2012,MTL,386.4166666666667,35,5.0
8475768,2012,STL,81.81666666666666,7,3.0
8462042,2012,CGY,1689.8333333333333,82,67.0
8458537,2012,UTA,1528.85,82,77.0
8467917,2012,BUF,1767.2833333333333,79,24.0
8473647,2012,MTL,246.85,17,3.0
8470041,2012,CBJ,1564.9333333333334,82,59.0
8471482,2012,WPG,1071.2,63,17.0
8473898,2012,BUF,102.93333333333334,9,4.0
8473589,2012,UTA,261.48333333333335,21,3.0
8472262,2012,CGY,66.25,5,0.0
8476211,2012,BOS,20.1,3,1.0
8471254,2012,CHI,861.7333333333333,71,24.0
8476806,2012,TBL,69.28333333333333,5,1.0
8473512,2012,PHI,1657.8,77,93.0
8467844,2012,ANA,636.4166666666666,45,12.0
8470697,2012,TOR,314.8666666666667,30,0.0
8475430,2012,PHI,54.9,4,0.0
8475214,2012,CHI,26.583333333333332,3,0.0
8468505,2012,DAL,1357.0166666666667,74,39.0
8468584,2012,MIN,14.45,1,0.0
8475266,2012,DAL,485.48333333333335,47,10.0
8474027,2012,SJS,1091.7,66,11.0
8469120,2012,CGY,11.083333333333334,1,0.0
8475372,2012,MTL,79.16666666666667,12,0.0
8475692,2012,NYR,100.43333333333334,10,3.0
8459461,2012,CHI,520.7666666666667,39,11.0
8474736,2012,PHI,493.68333333333334,66,9.0
8469542,2012,MIN,215.91666666666666,22,2.0
8471669,2012,COL,1487.75,79,53.0
8474025,2012,PIT,214.55,24,2.0
8460743,2012,DET,878.6166666666667,74,24.0
8471269,2012,PHI,1392.35,74,11.0
8475619,2012,VAN,206.28333333333333,23,1.0
8471941,2012,VAN,48.333333333333336,6,2.0
8468636,2012,BOS,996.65,56,8.0
8470854,2012,WPG,1046.0333333333333,78,16.0
8474579,2012,ANA,1434.35,80,24.0
8473444,2012,FLA,5.066666666666666,1,0.0
8469638,2012,CAR,1395.3166666666666,79,46.0
8465951,2012,PIT,1285.75,82,38.0
8474149,2012,FLA,150.73333333333332,15,3.0
8474220,2012,CAR,196.43333333333334,16,5.0
8471338,2012,SJS,945.1,76,19.0
8473604,2012,CHI,1229.7666666666667,59,57.0
8476460,2012,WPG,76.61666666666666,7,1.0
8448208,2012,PHI,1192.2833333333333,73,54.0
8468162,2012,FLA,808.3833333333333,69,6.0
8471451,2012,WPG,66.13333333333334,7,0.0
8474649,2012,WSH,48.75,5,0.0
8474628,2012,UTA,180.48333333333332,13,3.0
8473734,2012,TBL,421.18333333333334,49,9.0
8476381,2012,CHI,562.6833333333333,37,23.0
8474035,2012,VAN,10.683333333333334,2,0.0
8470609,2012,NJD,382.8666666666667,32,6.0
8470602,2012,TOR,2073.7166666666667,82,44.0
8468639,2012,TOR,1409.0333333333333,66,27.0
8475183,2012,MTL,470.31666666666666,42,10.0
8474575,2012,EDM,303.4,24,1.0
8470273,2012,DET,1769.6333333333334,77,32.0
8473465,2012,COL,1048.85,78,37.0
8470905,2012,WPG,577.7666666666667,39,2.0
8458590,2012,WSH,1003.85,72,18.0
8474719,2012,EDM,221.2,17,5.0
8471821,2012,UTA,6.616666666666666,1,0.0
8467329,2012,TBL,1211.6,64,49.0
8474520,2012,FLA,1824.8333333333333,77,33.0
8474250,2012,OTT,1139.95,81,26.0
8476455,2012,COL,1526.1833333333334,82,52.0
8475613,2012,MIN,981.6166666666667,51,12.0
8473722,2012,NYR,234.51666666666668,35,1.0
8476177,2012,PHI,1347.8166666666666,79,47.0
8467304,2012,EDM,867.5666666666667,52,10.0
8470274,2012,VAN,1158.4,71,44.0
8465166,2012,PIT,925.35,82,18.0
8474068,2012,OTT,926.9666666666667,55,29.0
8476206,2012,UTA,62.56666666666667,7,0.0
8470257,2012,STL,822.45,43,28.0
8470729,2012,FLA,215.2,15,3.0
8470121,2012,LAK,1367.15,82,15.0
8475149,2012,WSH,1344.2833333333333,80,46.0
8473562,2012,SJS,94.35,10,0.0
8467353,2012,WPG,1139.55,69,35.0
8470750,2012,NYR,640.2666666666667,63,16.0
8470798,2012,NYI,478.3833333333333,28,7.0
8470358,2012,VAN,1477.95,80,52.0
8467543,2012,DAL,298.5833333333333,39,5.0
8474040,2012,EDM,1288.7,75,47.0
8474166,2012,LAK,750.7166666666667,51,12.0
8476792,2012,BOS,34.25,2,1.0
8475171,2012,UTA,1813.0,82,32.0
8475173,2012,DAL,9.583333333333334,1,0.0
8470638,2012,BOS,1505.1166666666666,81,64.0
8474716,2012,MIN,1511.95,70,23.0
8469521,2012,MTL,1680.4833333333333,81,52.0
8467580,2012,NYI,995.1333333333333,62,4.0
8473507,2012,EDM,1588.5166666666667,73,25.0
8471187,2012,CBJ,494.3,30,4.0
8469555,2012,BUF,1521.8166666666666,66,32.0
8471296,2012,MTL,1158.7666666666667,67,7.0
8469473,2012,FLA,1004.2,57,27.0
8471402,2012,EDM,578.0,60,9.0
8471804,2012,BUF,880.8666666666667,62,25.0
8471670,2012,MIN,243.05,16,9.0
8468483,2012,NYR,1600.3,82,76.0
8474143,2012,NSH,8.533333333333333,1,0.0
8469591,2012,BUF,391.53333333333336,50,4.0
8465200,2012,MTL,1275.8333333333333,72,31.0
8475188,2012,BUF,445.96666666666664,25,8.0
8473592,2012,NJD,19.516666666666666,4,0.0
8474001,2012,SJS,900.35,69,15.0
8471323,2012,EDM,1218.6166666666666,79,33.0
8470755,2012,LAK,758.7833333333333,59,8.0
8473932,2012,MIN,1146.6666666666667,82,13.0
8471346,2012,FLA,1413.6,71,54.0
8470966,2012,CGY,1404.2333333333333,61,27.0
8469474,2012,TOR,270.3,29,3.0
8468434,2012,STL,463.1333333333333,25,22.0
8474161,2012,PHI,1270.7166666666667,78,49.0
8464966,2012,UTA,1120.35,59,11.0
8475177,2012,NYI,13.016666666666667,1,0.0
8471817,2012,STL,391.71666666666664,60,4.0
8469534,2012,CBJ,947.8833333333333,57,16.0
8467332,2012,CAR,1571.15,82,14.0
8465042,2012,ANA,1398.6833333333334,74,13.0
8467875,2012,VAN,1354.6833333333334,72,67.0
8471231,2012,UTA,557.8333333333334,53,16.0
8475102,2012,BUF,14.766666666666667,3,1.0
8474693,2012,CBJ,106.36666666666666,8,2.0
8469581,2012,WPG,1151.3333333333333,77,47.0
8471956,2012,SJS,728.2,76,17.0
8460577,2012,COL,1378.05,81,37.0
8475166,2012,NYI,1686.6,82,81.0
8474552,2012,DET,45.31666666666667,5,1.0
8474091,2012,CAR,1407.9833333333333,81,31.0
8470152,2012,COL,222.68333333333334,16,5.0
8476461,2012,PHI,1088.7166666666667,77,27.0
8474030,2012,MTL,287.51666666666665,38,5.0
8474641,2012,NJD,1343.85,74,51.0
8471280,2012,MIN,1110.9666666666667,77,26.0
8471352,2012,DAL,396.9166666666667,52,7.0
8471916,2012,TBL,38.983333333333334,6,1.0
8471668,2012,TBL,54.166666666666664,5,0.0
8469765,2012,TBL,832.2166666666667,43,24.0
8475186,2012,CBJ,1060.05,67,7.0
8473546,2012,NYI,1212.4333333333334,78,32.0
8474164,2012,NSH,591.9666666666667,33,7.0
8471807,2012,DAL,701.1,72,15.0
8467493,2012,OTT,921.05,72,28.0
8475160,2012,LAK,761.9833333333333,81,12.0
8473473,2012,BOS,1379.35,81,61.0
8471663,2012,MTL,365.15,39,4.0
8470159,2012,UTA,1194.3666666666666,75,23.0
8475233,2012,CBJ,513.8166666666667,31,10.0
8476225,2012,COL,24.683333333333334,2,0.0
8458525,2012,BOS,999.6333333333333,70,24.0
8474137,2012,CAR,494.05,37,13.0
8470105,2012,FLA,330.75,26,5.0
8475603,2012,PHI,33.6,5,0.0
8470986,2012,CBJ,369.3333333333333,37,5.0
8471392,2012,STL,1452.7166666666667,77,11.0
8471362,2012,TOR,1302.9666666666667,74,51.0
8474163,2012,PHI,87.6,10,0.0
8471312,2012,TBL,421.85,40,11.0
8467408,2012,PHI,43.85,4,0.0
8466140,2012,CGY,1554.7333333333333,82,61.0
8475165,2012,EDM,594.4,56,6.0
8467881,2012,UTA,899.2,73,19.0
8475220,2012,BUF,221.41666666666666,14,13.0
8473453,2012,LAK,953.05,72,7.0
8471686,2012,NYR,915.0333333333333,46,5.0
8471842,2012,FLA,300.6,27,2.0
8466182,2012,NJD,831.0666666666667,39,6.0
8464956,2012,OTT,1528.6833333333334,80,19.0
8470595,2012,CAR,1766.85,82,70.0
8471678,2012,BOS,903.5666666666667,74,32.0
8470685,2012,BUF,481.23333333333335,27,9.0
8474609,2012,BUF,644.9,52,20.0
8474590,2012,WSH,1792.3833333333334,82,32.0
8468520,2012,MIN,810.5166666666667,51,14.0
8474670,2012,OTT,5.033333333333333,1,0.0
8473962,2012,TBL,1306.7,81,65.0
8471428,2012,CGY,14.566666666666666,3,0.0
8471735,2012,UTA,1831.7166666666667,82,43.0
8471234,2012,FLA,426.65,31,12.0
8468778,2012,TOR,22.4,5,1.0
8470838,2012,CBJ,9.266666666666667,1,0.0
8476224,2012,MIN,18.266666666666666,1,1.0
8471694,2012,WPG,54.983333333333334,9,0.0
8468064,2012,NSH,1312.1833333333334,71,58.0
8473933,2012,PIT,450.5,34,5.0
8475264,2012,CGY,622.0333333333333,61,11.0
8471873,2012,NYR,906.2666666666667,53,18.0
8471769,2012,CHI,1392.4,69,15.0
8475180,2012,ANA,30.816666666666666,4,1.0
8469582,2012,BUF,12.383333333333333,2,0.0
8471958,2012,NYR,2152.266666666667,82,29.0
8465185,2012,LAK,1689.4333333333334,76,24.0
8467988,2012,TBL,1200.6,68,48.0
8476454,2012,EDM,1091.55,62,52.0
8473422,2012,OTT,1200.8833333333334,82,47.0
8469483,2012,TOR,974.9166666666666,76,13.0
8473482,2012,CAR,1177.5666666666666,79,36.0
8471483,2012,NSH,92.45,8,2.0
8474616,2012,WPG,57.28333333333333,9,0.0
8470162,2012,CGY,793.6333333333333,61,18.0
8469467,2012,COL,687.2166666666667,58,14.0
8460720,2012,NJD,335.8333333333333,51,0.0
8473466,2012,MTL,290.3333333333333,20,3.0
8468542,2012,PIT,1678.85,73,27.0
8465056,2012,BOS,13.983333333333333,1,0.0
8471228,2012,NSH,174.13333333333333,9,7.0
8467925,2012,TBL,676.35,57,7.0
8473994,2012,DAL,1283.3166666666666,71,63.0
8474659,2012,NYI,55.71666666666667,3,0.0
8471697,2012,NSH,88.8,11,2.0
8459444,2012,DET,1104.2166666666667,71,38.0
8471743,2012,STL,1156.5666666666666,73,20.0
8470280,2012,EDM,538.1,63,13.0
8474585,2012,MIN,11.15,1,0.0
8471266,2012,VAN,925.6833333333333,62,30.0
8474059,2012,EDM,188.33333333333334,14,3.0
8475640,2012,PHI,503.98333333333335,30,5.0
8474201,2012,TBL,82.6,14,2.0
8471242,2012,WSH,673.3833333333333,32,7.0
8467400,2012,ANA,2095.383333333333,82,22.0
8470877,2012,COL,1134.0166666666667,72,37.0
8471331,2012,COL,321.3833333333333,35,7.0
8475150,2012,BOS,553.35,48,15.0
8468085,2012,UTA,1435.35,77,62.0
8475325,2012,LAK,243.05,26,4.0
8471752,2012,VAN,936.3166666666667,58,15.0
8471741,2012,NSH,104.3,9,0.0
8470329,2012,MTL,739.6333333333333,43,11.0
8474697,2012,OTT,24.983333333333334,2,0.0
8460541,2012,PIT,589.35,54,14.0
8474607,2012,BOS,3.716666666666667,1,0.0
8470543,2012,PIT,1501.7333333333333,82,61.0
8470063,2012,DAL,831.2166666666667,65,19.0
8470661,2012,ANA,39.733333333333334,6,0.0
8475793,2012,CBJ,853.2666666666667,67,21.0
8470794,2012,SJS,1690.2666666666667,82,61.0
8468224,2012,NYR,105.21666666666667,15,3.0
8470719,2012,UTA,14.316666666666666,2,0.0
8473446,2012,COL,1521.4,73,26.0
8470803,2012,MIN,1561.7,82,44.0
8470622,2012,DET,110.46666666666667,10,1.0
8468515,2012,SJS,523.1,67,10.0
8469820,2012,OTT,431.48333333333335,55,5.0
8470616,2012,VAN,1547.0666666666666,77,49.0
8475722,2012,MIN,66.15,6,2.0
8475268,2012,NSH,549.9166666666666,43,19.0
8474500,2012,BUF,25.033333333333335,2,0.0
8471766,2012,CBJ,438.3833333333333,54,3.0
8471976,2012,MTL,1490.1666666666667,81,60.0
8475178,2012,VAN,496.96666666666664,44,10.0
8468526,2012,LAK,1300.85,78,21.0
8474681,2012,LAK,488.65,39,7.0
8475098,2012,TOR,1375.4666666666667,73,47.0
8459492,2012,CBJ,1466.7166666666667,82,55.0
8475236,2012,WSH,278.3,30,8.0
8459053,2012,UTA,1295.8666666666666,64,9.0
8470232,2012,NYR,41.2,7,0.0
8462535,2012,PHI,169.63333333333333,30,1.0
8466371,2012,FLA,371.46666666666664,31,3.0
8474062,2012,CAR,52.86666666666667,5,1.0
8475690,2012,VAN,418.1,25,2.0
8469485,2012,BUF,1545.95,80,44.0
8474049,2012,CGY,22.066666666666666,2,3.0
8471707,2012,PIT,1528.1833333333334,80,81.0
8466148,2012,CHI,1617.1333333333334,81,77.0
8470871,2012,STL,488.46666666666664,47,7.0
8471233,2012,NJD,260.6166666666667,15,6.0
8468674,2012,PIT,1178.8333333333333,73,17.0
8473504,2012,MIN,1210.3833333333334,74,27.0
8476457,2012,NJD,1340.3333333333333,65,18.0
8475323,2012,CHI,1093.3666666666666,71,26.0
8475204,2012,CHI,67.58333333333333,5,2.0
8471699,2012,ANA,1204.8833333333334,82,26.0
8468513,2012,EDM,1616.0666666666666,82,7.0
8471261,2012,CBJ,64.7,8,0.0
8470289,2012,WPG,1150.95,78,21.0
8473970,2012,OTT,171.65,15,2.0
8474578,2012,OTT,2050.6666666666665,81,78.0
8471657,2012,COL,539.55,75,11.0
8475790,2012,FLA,1022.25,72,8.0
8475799,2012,NYI,556.35,55,1.0
8466149,2012,DET,1198.6333333333334,75,33.0
8473568,2012,CAR,702.85,60,8.0
8470301,2012,NYR,48.38333333333333,9,1.0
8464984,2012,EDM,82.73333333333333,7,2.0
8474498,2012,OTT,340.3833333333333,32,8.0
8468660,2012,EDM,187.05,43,3.0
8470005,2012,FLA,47.983333333333334,6,1.0
8473459,2012,WPG,97.83333333333333,9,0.0
8468598,2012,ANA,1413.6,68,27.0
8474613,2012,NYR,1553.5333333333333,82,51.0
8473571,2012,CAR,1503.7666666666667,76,27.0
8474691,2012,EDM,21.15,2,1.0
8471716,2012,DET,997.45,81,22.0
8467389,2012,NYR,1661.75,82,66.0
8469639,2012,WSH,1516.5166666666667,82,41.0
8470700,2012,VAN,104.98333333333333,10,4.0
8474090,2012,DET,218.83333333333334,14,7.0
8467396,2012,MTL,1519.4333333333334,82,61.0
8469492,2012,CBJ,1593.4166666666667,66,26.0
8471677,2012,CBJ,1925.6666666666667,81,38.0
8469760,2012,PIT,1342.2833333333333,62,13.0
8473484,2012,OTT,736.5333333333333,65,11.0
8475185,2012,NJD,496.05,41,9.0
8471276,2012,BOS,1455.4333333333334,79,62.0
8474679,2012,DET,190.71666666666667,18,7.0
8472355,2012,ANA,403.4166666666667,52,3.0
8471717,2012,BOS,1076.5666666666666,72,10.0
8460492,2012,FLA,1101.85,66,13.0
8473573,2012,NYR,1216.7166666666667,79,36.0
8470852,2012,NYI,1542.7333333333333,80,67.0
8469516,2012,NYR,11.433333333333334,1,0.0
8475167,2012,TBL,1409.0666666666666,61,23.0
8474666,2012,NYI,318.28333333333336,29,8.0
8474095,2012,TBL,273.3833333333333,26,5.0
8473449,2012,NYI,1348.3,79,45.0
8474587,2012,CGY,69.38333333333334,9,0.0
8474586,2012,EDM,1372.5833333333333,78,76.0
8471685,2012,LAK,1749.7833333333333,82,76.0
8475758,2012,ANA,590.15,49,13.0
8460504,2012,LAK,294.76666666666665,28,4.0
8474535,2012,NSH,36.583333333333336,4,0.0
8471514,2012,BOS,962.9333333333333,57,42.0
8474130,2012,BUF,342.95,34,8.0
8473539,2012,PIT,16.316666666666666,1,1.0
8466181,2012,CBJ,32.4,2,0.0
8473432,2012,CBJ,1131.4,77,20.0
8470596,2012,BOS,732.9166666666666,46,32.0
8467977,2012,NSH,159.6,30,2.0
8473646,2012,NJD,745.45,72,8.0
8470110,2012,DAL,1709.8666666666666,79,25.0
8460626,2012,NJD,1657.3333333333333,82,9.0
8473493,2012,WPG,101.0,15,6.0
8468463,2012,MTL,739.8666666666667,61,12.0
8473914,2012,CBJ,970.1333333333333,62,25.0
8473712,2012,SJS,34.15,7,0.0
8469665,2012,CHI,1657.3333333333333,81,18.0
8470630,2012,NSH,1316.1166666666666,66,21.0
8468927,2012,CHI,767.5166666666667,52,14.0
8468095,2012,ANA,293.43333333333334,46,4.0
8469490,2012,CGY,683.9166666666666,75,7.0
8468501,2012,NJD,1294.4833333333333,72,11.0
8470061,2012,WPG,22.883333333333333,2,0.0
8475637,2012,OTT,642.75,56,16.0
8475753,2012,CAR,1507.7166666666667,66,22.0
8474589,2012,BUF,775.85,48,34.0
8473558,2012,DET,575.2,71,10.0
8474566,2012,OTT,88.36666666666666,9,1.0
8473867,2012,FLA,3.5166666666666666,1,0.0
8475679,2012,MIN,80.03333333333333,6,1.0
8471767,2012,CGY,488.4166666666667,43,8.0
8473548,2012,TOR,1644.5166666666667,82,82.0
8474519,2012,NSH,773.4833333333333,55,6.0
8471703,2012,COL,1194.8666666666666,75,41.0
8470655,2012,STL,1639.8333333333333,82,54.0
8470309,2012,EDM,1069.1166666666666,51,20.0
8471303,2012,VAN,1956.9,82,49.0
8470816,2012,TOR,183.16666666666666,31,0.0
8474153,2012,FLA,176.11666666666667,17,5.0
8471689,2012,ANA,83.5,9,1.0
8465050,2012,EDM,1149.1666666666667,78,16.0
8458938,2012,WSH,1306.8333333333333,68,13.0
8472382,2012,NJD,1092.3,56,16.0
8470054,2012,VAN,731.1,47,7.0
8467365,2012,WSH,338.75,28,2.0
8470600,2012,NSH,2093.9166666666665,79,46.0
8467876,2012,VAN,1565.2166666666667,82,81.0
8458541,2012,NYI,1110.05,65,8.0
8469466,2012,EDM,1214.4,69,36.0
8459670,2012,PHI,1613.5666666666666,76,43.0
8475231,2012,NYI,159.01666666666668,15,4.0
8474048,2012,TBL,483.6166666666667,36,3.0
8471284,2012,BUF,1352.5833333333333,69,13.0
8475206,2012,COL,668.5333333333333,39,13.0
8471691,2012,UTA,1180.45,64,34.0
8462041,2012,DAL,1041.3,73,21.0
8470687,2012,NSH,4.883333333333334,1,0.0
8459628,2012,NSH,1302.35,76,13.0
8473942,2012,TBL,199.45,16,5.0
8474673,2012,CGY,889.8666666666667,54,14.0
8471390,2012,FLA,744.2333333333333,60,11.0
8470667,2012,TOR,1156.6166666666666,73,43.0
8475176,2012,NSH,474.48333333333335,32,11.0
8464989,2012,MIN,1382.15,73,35.0
8469759,2012,DAL,1145.9166666666667,82,21.0
8474046,2012,EDM,31.933333333333334,3,1.0
8471229,2012,MTL,492.8666666666667,56,7.0
8474570,2012,BUF,1147.2666666666667,83,41.0
8470120,2012,WSH,1292.8333333333333,77,54.0
8475148,2012,NYR,233.95,18,2.0
8469547,2012,NSH,1012.85,77,30.0
8466215,2012,BOS,1410.7333333333333,75,25.0
8474625,2012,CHI,317.6333333333333,31,9.0
8458951,2012,OTT,1646.7166666666667,74,37.0
8470169,2012,BOS,998.25,78,16.0
8474571,2012,UTA,1118.2333333333333,82,24.0
8469460,2012,TOR,749.5333333333333,45,5.0
8471719,2012,MIN,133.1,24,2.0
8475172,2012,TOR,297.35,21,7.0
8474668,2012,VAN,554.8333333333334,68,8.0
8471220,2012,CHI,54.63333333333333,6,0.0
8470640,2012,PHI,1887.6833333333334,82,38.0
8465122,2012,TBL,1506.8,82,15.0
8473588,2012,OTT,1147.3333333333333,81,25.0
8471681,2012,FLA,550.4333333333333,46,10.0
8471693,2012,DET,772.95,55,13.0
8470230,2012,BOS,793.2166666666667,69,15.0
8467351,2012,MTL,537.0833333333334,38,11.0
8474102,2012,STL,1042.3333333333333,57,42.0
8460621,2012,OTT,1420.8166666666666,75,59.0
8470047,2012,DET,1478.9333333333334,81,66.0
8475104,2012,TBL,29.5,3,0.0
8475254,2012,MTL,25.683333333333334,3,0.0
8469465,2012,VAN,1921.1833333333334,82,36.0
8469506,2012,BUF,1613.75,82,73.0
8471419,2012,VAN,49.86666666666667,6,0.0
8475794,2012,BOS,1372.0666666666666,81,67.0
8471702,2012,PIT,1345.4166666666667,75,21.0
8470896,2012,PIT,38.11666666666667,12,0.0
8474150,2012,CGY,630.7166666666667,41,11.0
8471634,2012,TBL,541.4666666666667,45,12.0
8471232,2012,UTA,1405.3,82,37.0
8470708,2012,CGY,71.08333333333333,10,0.0
8474634,2012,STL,242.68333333333334,26,4.0
8470614,2012,WPG,1376.15,80,14.0
8470617,2012,LAK,1397.6,74,44.0
8475602,2012,MIN,178.3,14,7.0
8473485,2012,STL,1219.6333333333334,79,30.0
8467943,2012,ANA,1034.9833333333333,71,23.0
8475182,2012,UTA,450.28333333333336,30,7.0
8474168,2012,DET,33.333333333333336,5,0.0
8470780,2012,WPG,506.5,33,7.0
8470176,2012,FLA,1017.55,62,23.0
8474707,2012,DAL,987.55,55,11.0
8469755,2012,TBL,65.83333333333333,10,0.0
8474145,2012,PIT,65.4,6,0.0
8468498,2012,PIT,1646.3333333333333,73,18.0
8473673,2012,UTA,844.3,46,11.0
8474551,2012,BUF,1130.5666666666666,71,25.0
8470601,2012,PHI,1785.5333333333333,81,24.0
8474134,2012,MTL,937.1333333333333,60,18.0
8474618,2012,MIN,1370.0333333333333,63,12.0
8474582,2012,NJD,462.28333333333336,43,6.0
8467878,2012,TOR,1190.3,70,36.0
8468789,2012,PIT,84.58333333333333,8,2.0
8474045,2012,BOS,175.81666666666666,16,2.0
8470672,2012,COL,1395.2333333333333,74,7.0
8471498,2012,VAN,1221.5666666666666,82,39.0
8473700,2012,COL,1105.3166666666666,59,21.0
8467899,2012,SJS,687.2833333333333,39,27.0
8475792,2012,TBL,780.05,68,15.0
8469457,2012,FLA,1640.8166666666666,80,57.0
8474094,2012,NSH,821.85,73,28.0
8475155,2012,PIT,255.96666666666667,18,4.0
8465978,2012,BOS,743.8166666666667,81,13.0
8471260,2012,CGY,1143.3333333333333,74,15.0
8470283,2012,CAR,860.25,79,24.0
8468635,2012,MTL,754.3666666666667,48,16.0
8474218,2012,SJS,960.0833333333334,57,13.0
8474042,2012,MIN,102.13333333333334,10,1.0
8474573,2012,NYI,1217.6166666666666,80,32.0
8471887,2012,NSH,1165.1666666666667,76,43.0
8471241,2012,DAL,990.2833333333333,60,2.0
8466309,2012,BOS,492.85,35,2.0
8469454,2012,NJD,1881.6833333333334,77,83.0
8471309,2012,DET,1363.4833333333333,77,56.0
8471371,2012,TOR,463.8333333333333,50,4.0
8466333,2012,BOS,1359.95,72,24.0
8474151,2012,NYR,2028.6166666666666,82,32.0
8470151,2012,CGY,2128.516666666667,82,29.0
8466139,2012,SJS,1679.3833333333334,82,64.0
8469707,2012,NYI,1492.2,80,67.0
8459596,2012,CHI,1056.8666666666666,78,27.0
8469779,2012,WSH,297.71666666666664,27,11.0
8474077,2012,MIN,121.66666666666667,11,3.0
8474291,2012,WSH,486.0833333333333,41,5.0
8470713,2012,UTA,188.31666666666666,31,1.0
8475158,2012,COL,1581.9666666666667,81,55.0
8474000,2012,MIN,342.25,23,5.0
8473610,2012,CAR,35.81666666666667,3,0.0
8472368,2012,DET,84.5,8,3.0
8471859,2012,NSH,1249.7333333333333,76,44.0
8468309,2012,NYI,1917.0666666666666,82,47.0
8471348,2012,CBJ,1415.0166666666667,61,32.0
8470606,2012,LAK,1653.85,82,54.0
8474056,2012,MTL,1968.15,81,36.0
8474568,2012,TOR,1266.7833333333333,79,22.0
8471978,2012,WPG,65.58333333333333,5,0.0
8475248,2012,NJD,67.98333333333333,5,1.0
8468213,2012,SJS,260.3666666666667,25,4.0
8471245,2012,CHI,1254.1166666666666,76,37.0
8462196,2012,DAL,1706.1166666666666,75,22.0
8475162,2012,ANA,22.05,2,0.0
8471680,2012,UTA,381.6166666666667,33,14.0
8468493,2012,WPG,1181.4833333333333,56,10.0
8474774,2012,CBJ,58.96666666666667,5,0.0
8470714,2012,EDM,1236.75,62,21.0
8475784,2012,CAR,1191.9833333333333,64,44.0
8470123,2012,NJD,224.73333333333332,48,1.0
8474009,2012,ANA,623.85,50,18.0
8468887,2012,MIN,613.85,58,5.0
8474749,2012,BOS,18.383333333333333,3,0.0
8470599,2012,OTT,1505.6166666666666,77,60.0
8467579,2012,NYI,8.616666666666667,3,0.0
8468101,2012,CBJ,136.06666666666666,7,1.0
8471274,2012,DAL,1616.7666666666667,71,30.0
8462077,2012,BUF,370.26666666666665,22,8.0
8469500,2012,CGY,1195.35,66,41.0
8467890,2012,STL,1674.9666666666667,81,13.0
8468534,2012,PHI,629.6166666666667,46,6.0
8473412,2012,WPG,1496.1,74,46.0
8475191,2012,DAL,25.2,3,0.0
8475793,2013,CBJ,643.3666666666667,40,12.0
8469457,2013,FLA,313.8333333333333,17,4.0
8470265,2013,CGY,82.95,7,1.0
8470144,2013,NYI,864.8166666666667,48,29.0
8470724,2013,DET,692.0,36,3.0
8470318,2013,DET,959.6,45,13.0
8473908,2013,CAR,177.36666666666667,31,4.0
8469534,2013,BOS,148.7,10,0.0
8469531,2013,CAR,935.6666666666666,47,10.0
8470920,2013,NJD,844.45,48,24.0
8473994,2013,DAL,816.3166666666667,41,33.0
8467346,2013,PHI,537.2333333333333,38,16.0
8473534,2013,STL,807.7666666666667,48,25.0
8462041,2013,ANA,118.2,9,4.0
8470613,2013,SJS,488.45,30,20.0
8475728,2013,MIN,14.033333333333333,1,0.0
8470187,2013,BOS,897.3833333333333,44,6.0
8475430,2013,PHI,88.81666666666666,6,2.0
8475213,2013,FLA,679.7,43,13.0
8470760,2013,OTT,1044.7166666666667,47,11.0
8467876,2013,VAN,928.6833333333333,48,45.0
8475248,2013,NJD,14.183333333333334,1,0.0
8471482,2013,WPG,828.7666666666667,44,16.0
8473419,2013,BOS,763.4,45,36.0
8474892,2013,PHI,37.666666666666664,4,0.0
8470854,2013,PIT,483.46666666666664,48,2.0
8469501,2013,WPG,265.6,42,4.0
8474715,2013,CBJ,545.5166666666667,35,18.0
8460561,2013,ANA,920.8833333333333,44,17.0
8468660,2013,EDM,8.133333333333333,4,0.0
8470153,2013,MIN,599.5333333333333,43,20.0
8467580,2013,PIT,413.51666666666665,23,0.0
8465058,2013,CHI,489.01666666666665,27,12.0
8475209,2013,TBL,283.21666666666664,25,9.0
8474743,2013,WPG,156.63333333333333,8,4.0
8477215,2013,DET,198.53333333333333,11,1.0
8474610,2013,CAR,123.01666666666667,10,3.0
8471675,2013,PIT,759.75,36,56.0
8471677,2013,CBJ,1142.85,44,19.0
8469765,2013,CAR,344.1333333333333,25,9.0
8474519,2013,WSH,405.0833333333333,23,9.0
8473571,2013,CAR,736.9666666666667,40,8.0
8469459,2013,MIN,1012.3333333333334,48,37.0
8475764,2013,ANA,756.25,37,11.0
8475165,2013,EDM,121.3,11,1.0
8470714,2013,EDM,575.9833333333333,33,4.0
8467925,2013,PHI,389.68333333333334,37,4.0
8467423,2013,EDM,522.5,31,12.0
8469664,2013,UTA,699.7666666666667,45,20.0
8468478,2013,FLA,543.7333333333333,27,9.0
8468085,2013,UTA,622.5166666666667,34,28.0
8474736,2013,PHI,268.15,32,5.0
8475220,2013,BUF,640.4833333333333,47,18.0
8474035,2013,VAN,12.4,1,0.0
8474870,2013,TBL,183.03333333333333,14,6.0
8471409,2013,VAN,50.53333333333333,6,0.0
8474102,2013,STL,863.75,48,25.0
8476887,2013,NSH,77.38333333333334,5,1.0
8470777,2013,DAL,5.666666666666667,1,0.0
8471346,2013,FLA,168.83333333333334,10,4.0
8474062,2013,CAR,409.6166666666667,32,9.0
8467875,2013,VAN,894.0,47,40.0
8474571,2013,UTA,886.8833333333333,48,26.0
8466333,2013,BOS,935.5,48,13.0
8468493,2013,WPG,1074.4166666666667,47,13.0
8474716,2013,MIN,840.2,39,15.0
8470151,2013,STL,1157.8,47,22.0
8469455,2013,OTT,95.88333333333334,5,5.0
8474089,2013,COL,114.25,13,2.0
8470192,2013,NYR,456.45,35,3.0
8475148,2013,CBJ,486.5833333333333,31,5.0
8470611,2013,WSH,548.2166666666667,41,17.0
8474027,2013,SJS,770.85,41,7.0
8468611,2013,WSH,562.6833333333333,48,8.0
8464956,2013,OTT,1009.9833333333333,48,14.0
8471676,2013,ANA,762.9166666666666,46,30.0
8473482,2013,CAR,875.7,48,38.0
8474577,2013,TOR,45.6,5,0.0
8468208,2013,WSH,590.0166666666667,39,20.0
8471700,2013,SJS,18.1,2,0.0
8466149,2013,DET,789.2833333333333,48,15.0
8476436,2013,STL,14.983333333333333,2,0.0
8473507,2013,EDM,1051.6333333333334,48,12.0
8474121,2013,CBJ,224.05,27,2.0
8474579,2013,ANA,813.2,41,8.0
8469547,2013,DET,381.48333333333335,42,8.0
8466182,2013,NJD,439.26666666666665,25,4.0
8467967,2013,BOS,508.96666666666664,34,9.0
8471296,2013,MTL,747.3333333333334,38,12.0
8476851,2013,MTL,591.4,48,27.0
8476849,2013,NJD,36.733333333333334,4,0.0
8475342,2013,PHI,227.01666666666668,15,3.0
8474565,2013,STL,1180.3,47,24.0
8460577,2013,COL,381.1166666666667,29,11.0
8469622,2013,NYR,665.3166666666667,40,19.0
8475160,2013,LAK,509.1,48,14.0
8476470,2013,MTL,92.21666666666667,6,2.0
8471681,2013,FLA,532.95,40,12.0
8474034,2013,ANA,127.21666666666667,13,3.0
8473658,2013,NSH,469.01666666666665,24,7.0
8469555,2013,BUF,1184.0,47,22.0
8475893,2013,NSH,16.016666666666666,2,1.0
8470599,2013,OTT,418.4,23,14.0
8471269,2013,PHI,549.9833333333333,30,4.0
8460621,2013,OTT,909.4333333333333,47,26.0
8467370,2013,NSH,737.6666666666666,38,21.0
8466398,2013,NJD,136.45,15,1.0
8470201,2013,CGY,720.6833333333333,42,27.0
8471402,2013,EDM,403.5833333333333,35,9.0
8470774,2013,PHI,633.2666666666667,37,6.0
8471804,2013,BUF,525.1666666666666,42,10.0
8467389,2013,NYR,865.55,46,34.0
8471392,2013,STL,884.1833333333333,48,6.0
8460720,2013,NYI,85.1,15,0.0
8475172,2013,TOR,770.5,48,44.0
8467396,2013,DAL,770.4333333333333,47,13.0
8471426,2013,WSH,871.2666666666667,47,33.0
8475765,2013,STL,509.5833333333333,38,19.0
8469591,2013,BUF,51.65,8,0.0
8476206,2013,UTA,9.033333333333333,1,0.0
8473512,2013,PHI,1014.6,48,48.0
8459687,2013,STL,293.0,30,1.0
8473942,2013,PIT,10.4,1,0.0
8473453,2013,LAK,729.75,48,14.0
8475236,2013,DAL,724.0666666666667,48,24.0
8476454,2013,EDM,754.6166666666667,40,24.0
8471514,2013,BOS,717.1166666666667,47,18.0
8476419,2013,OTT,103.46666666666667,9,4.0
8467910,2013,FLA,68.38333333333334,7,0.0
8474192,2013,TOR,330.65,25,13.0
8467478,2013,PHI,297.6333333333333,19,1.0
8470041,2013,NYR,878.7,44,42.0
8468635,2013,MTL,524.4333333333333,45,6.0
8469474,2013,MTL,414.48333333333335,37,5.0
8471284,2013,BUF,784.7,37,12.0
8474168,2013,DET,459.25,38,8.0
8464966,2013,UTA,834.45,39,11.0
8468484,2013,UTA,669.8333333333334,38,8.0
8470655,2013,STL,941.3333333333334,48,28.0
8474774,2013,CBJ,518.8,28,7.0
8474688,2013,MTL,28.8,3,0.0
8476888,2013,BUF,255.88333333333333,25,5.0
8474850,2013,NYR,23.666666666666668,4,0.0
8470137,2013,CAR,501.98333333333335,22,9.0
8471699,2013,ANA,737.6833333333333,48,23.0
8468639,2013,TOR,600.5666666666667,32,11.0
8471490,2013,STL,172.28333333333333,20,6.0
8470378,2013,OTT,541.7833333333333,33,10.0
8469500,2013,CGY,794.45,44,32.0
8474095,2013,TBL,217.4,21,4.0
8474586,2013,EDM,911.7666666666667,48,37.0
8471232,2013,UTA,616.4333333333333,36,11.0
8474009,2013,ANA,428.93333333333334,27,13.0
8474849,2013,DAL,366.5833333333333,39,14.0
8466215,2013,CAR,750.3833333333333,40,17.0
8469707,2013,COL,919.0333333333333,48,43.0
8474030,2013,COL,282.8833333333333,25,9.0
8474032,2013,SJS,11.966666666666667,1,0.0
8475206,2013,COL,315.0833333333333,18,4.0
8467514,2013,DET,948.5166666666667,47,49.0
8475727,2013,BOS,36.483333333333334,4,0.0
8473525,2013,EDM,70.55,4,0.0
8470289,2013,WPG,271.75,26,2.0
8470281,2013,CHI,1133.1,47,27.0
8476834,2013,CGY,512.4833333333333,39,17.0
8475913,2013,OTT,40.016666666666666,4,0.0
8467412,2013,NJD,552.6666666666666,42,9.0
8464967,2013,NYI,348.0,31,5.0
8470666,2013,CHI,206.9,23,3.0
8471311,2013,PIT,573.2166666666667,46,11.0
8474668,2013,VAN,382.21666666666664,40,6.0
8470877,2013,COL,555.1,33,9.0
8470018,2013,BUF,37.18333333333333,6,0.0
8471735,2013,UTA,1067.8666666666666,48,30.0
8459442,2013,ANA,827.2166666666667,47,27.0
8471663,2013,MTL,41.733333333333334,5,0.0
8471664,2013,VAN,727.9333333333333,46,22.0
8471851,2013,NJD,357.1333333333333,29,6.0
8473944,2013,NJD,11.55,2,1.0
8474597,2013,CBJ,162.95,11,1.0
8470852,2013,NYI,900.3166666666667,47,44.0
8475181,2013,CHI,836.1333333333333,48,18.0
8469581,2013,WPG,506.0833333333333,39,15.0
8471240,2013,WSH,370.6666666666667,26,3.0
8471705,2013,TBL,39.03333333333333,4,1.0
8474551,2013,BUF,126.43333333333334,8,6.0
8471436,2013,COL,925.3833333333333,43,6.0
8473610,2013,CAR,545.85,37,6.0
8474031,2013,STL,1021.4666666666667,48,23.0
8470610,2013,MIN,992.0,48,38.0
8474613,2013,NYR,1004.2833333333333,48,44.0
8470358,2013,VAN,888.6333333333333,47,24.0
8473484,2013,BOS,275.3666666666667,25,4.0
8475314,2013,NYI,16.4,2,2.0
8471262,2013,BOS,88.35,6,2.0
8475264,2013,CGY,290.55,20,7.0
8473953,2013,CGY,269.4,22,1.0
8474707,2013,DAL,476.1666666666667,32,5.0
8471254,2013,CHI,614.6666666666666,48,23.0
8460719,2013,NJD,611.2666666666667,42,17.0
8474066,2013,NYI,657.5166666666667,39,4.0
8474554,2013,FLA,15.833333333333334,2,1.0
8475233,2013,CBJ,52.8,4,0.0
8474037,2013,TOR,921.95,48,32.0
8475325,2013,LAK,372.81666666666666,44,6.0
8474038,2013,CGY,41.81666666666667,4,1.0
8473533,2013,CAR,963.7166666666667,48,31.0
8465025,2013,NYR,179.08333333333334,27,2.0
8471916,2013,TBL,7.366666666666666,1,0.0
8470222,2013,CBJ,684.9166666666666,30,14.0
8475598,2013,CHI,17.083333333333332,1,0.0
8475796,2013,BUF,309.28333333333336,19,5.0
8475192,2013,NSH,257.5,16,7.0
8474135,2013,CAR,110.11666666666666,8,2.0
8471276,2013,BOS,869.7,47,33.0
8464977,2013,NJD,369.26666666666665,22,9.0
8468526,2013,LAK,792.8833333333333,48,18.0
8475770,2013,ANA,435.55,38,10.0
8475171,2013,UTA,1204.6166666666666,48,24.0
8474145,2013,PIT,199.36666666666667,15,4.0
8459492,2013,CBJ,793.2666666666667,48,30.0
8473618,2013,WSH,455.03333333333336,39,17.0
8468704,2013,WPG,278.28333333333336,22,5.0
8475199,2013,NJD,15.983333333333333,1,0.0
8476459,2013,OTT,569.7833333333333,42,20.0
8474189,2013,MTL,682.1666666666666,46,30.0
8462033,2013,BOS,436.98333333333335,29,7.0
8475214,2013,CHI,39.06666666666667,3,2.0
8471862,2013,OTT,692.1333333333333,47,19.0
8475161,2013,UTA,38.18333333333333,5,0.0
8474605,2013,OTT,659.1333333333333,42,19.0
8475176,2013,NSH,524.1333333333333,32,6.0
8471816,2013,NJD,561.0333333333333,31,6.0
8475395,2013,PHI,31.85,2,0.0
8475254,2013,MTL,96.78333333333333,10,3.0
8470169,2013,BOS,658.2333333333333,48,13.0
8470729,2013,FLA,720.45,38,4.0
8471323,2013,EDM,350.3833333333333,27,7.0
8471729,2013,STL,529.6,33,7.0
8476872,2013,PHI,57.583333333333336,5,0.0
8467344,2013,LAK,796.2666666666667,41,4.0
8474641,2013,NJD,769.2166666666667,42,16.0
8471185,2013,CGY,729.4166666666666,40,26.0
8471216,2013,VAN,198.78333333333333,14,2.0
8475268,2013,NSH,538.3,34,16.0
8468636,2013,COL,850.5333333333333,44,6.0
8468482,2013,MIN,667.1833333333333,36,21.0
8476062,2013,EDM,18.25,1,0.0
8474884,2013,OTT,36.95,3,0.0
8473468,2013,OTT,669.15,33,6.0
8464981,2013,CGY,416.1166666666667,28,2.0
8473565,2013,NYI,325.93333333333334,19,4.0
8476292,2013,TBL,164.26666666666668,14,4.0
8462535,2013,PHI,7.966666666666667,1,0.0
8468700,2013,NSH,350.1,23,5.0
8470159,2013,UTA,720.5333333333333,48,14.0
8474013,2013,STL,266.18333333333334,15,1.0
8476466,2013,CGY,267.96666666666664,20,10.0
8468172,2013,PHI,590.9666666666667,47,13.0
8466138,2013,SJS,882.15,48,40.0
8477244,2013,BUF,99.38333333333334,7,0.0
8471698,2013,STL,572.8,30,20.0
8475733,2013,CGY,158.58333333333334,11,3.0
8475761,2013,PIT,319.8666666666667,26,14.0
8462042,2013,PIT,826.7333333333333,44,33.0
8472368,2013,UTA,136.5,12,2.0
8466158,2013,SJS,637.0833333333334,33,1.0
8470180,2013,DAL,688.8,48,11.0
8468101,2013,NYI,209.9,13,3.0
8469462,2013,CAR,259.06666666666666,17,9.0
8469469,2013,CBJ,887.4666666666667,48,18.0
8473589,2013,UTA,75.91666666666667,6,0.0
8471236,2013,PHI,202.21666666666667,11,2.0
8473573,2013,CBJ,574.3,35,18.0
8469639,2013,WSH,148.83333333333334,9,4.0
8471390,2013,WPG,403.43333333333334,34,4.0
8476177,2013,PHI,756.7333333333333,42,24.0
8475794,2013,BOS,816.7333333333333,48,32.0
8475164,2013,OTT,778.9833333333333,48,19.0
8475788,2013,WPG,688.15,44,10.0
8471338,2013,MIN,472.43333333333334,45,8.0
8476460,2013,WPG,46.1,4,0.0
8471832,2013,CBJ,79.41666666666667,8,0.0
8473422,2013,CBJ,743.6,45,19.0
8473986,2013,TBL,639.1166666666667,38,19.0
8475200,2013,WSH,74.71666666666667,5,1.0
8462225,2013,FLA,933.8333333333334,44,10.0
8474625,2013,CHI,143.31666666666666,10,4.0
8474184,2013,LAK,636.9,44,3.0
8471299,2013,OTT,310.98333333333335,27,3.0
8466378,2013,TBL,1055.2,48,60.0
8475661,2013,OTT,150.58333333333334,12,2.0
8471670,2013,OTT,399.6166666666667,27,10.0
8473485,2013,STL,759.3,48,36.0
8475640,2013,PHI,543.9833333333333,27,8.0
8471794,2013,DET,12.45,1,0.0
8470798,2013,PIT,45.78333333333333,3,0.0
8476116,2013,DAL,357.18333333333334,36,10.0
8476483,2013,ANA,35.8,4,0.0
8474744,2013,CBJ,62.46666666666667,5,0.0
8477205,2013,TBL,21.433333333333334,2,0.0
8470310,2013,DAL,414.01666666666665,27,5.0
8471685,2013,LAK,962.5166666666667,47,42.0
8471326,2013,COL,286.21666666666664,46,5.0
8470616,2013,VAN,322.1666666666667,17,13.0
8476381,2013,CHI,722.4666666666667,48,15.0
8474134,2013,MTL,82.5,6,2.0
8471280,2013,UTA,169.25,17,6.0
8467543,2013,DAL,6.666666666666667,1,0.0
8471743,2013,STL,741.9,48,19.0
8474615,2013,CAR,26.766666666666666,2,0.0
8475784,2013,CAR,775.4666666666667,42,24.0
8469470,2013,DET,113.45,6,1.0
8468434,2013,STL,638.4,37,21.0
8469779,2013,NYI,512.2,41,12.0
8470719,2013,UTA,106.76666666666667,14,0.0
8475169,2013,WPG,981.7166666666667,48,33.0
8476461,2013,PHI,730.9,46,15.0
8473992,2013,MIN,475.71666666666664,36,3.0
8474567,2013,WPG,763.0833333333334,33,14.0
8474844,2013,CGY,29.366666666666667,2,0.0
8473432,2013,CBJ,383.75,24,9.0
8467353,2013,WPG,638.2666666666667,40,18.0
8470598,2013,BUF,699.4166666666666,38,41.0
8468504,2013,NYI,874.1166666666667,48,35.0
8474056,2013,MTL,976.2166666666667,42,38.0
8473546,2013,NYI,665.7166666666667,45,21.0
8475147,2013,VAN,425.1,31,9.0
8471807,2013,DAL,151.95,18,1.0
8475650,2013,CHI,200.31666666666666,25,0.0
8474141,2013,CHI,942.6333333333333,47,55.0
8474520,2013,VAN,1019.4333333333333,47,16.0
8473991,2013,WSH,1005.8666666666667,48,5.0
8468674,2013,PIT,584.6333333333333,42,6.0
8474137,2013,CAR,432.98333333333335,37,5.0
8470740,2013,CGY,841.5833333333334,47,32.0
8471691,2013,UTA,723.0833333333334,39,23.0
8470596,2013,BOS,724.7833333333333,43,22.0
8462196,2013,DAL,1067.45,48,13.0
8474166,2013,LAK,432.6166666666667,27,5.0
8474574,2013,BUF,831.2333333333333,39,8.0
8471719,2013,OTT,95.71666666666667,15,1.0
8471246,2013,BOS,217.36666666666667,18,4.0
8471958,2013,NYR,1169.0833333333333,46,14.0
8467407,2013,MTL,869.9166666666666,48,26.0
8467496,2013,MTL,1158.2166666666667,48,30.0
8476539,2013,CBJ,21.883333333333333,2,0.0
8476468,2013,NYR,351.6166666666667,26,4.0
8474739,2013,SJS,597.8,42,13.0
8471521,2013,ANA,93.21666666666667,15,2.0
8475204,2013,CHI,17.916666666666668,1,0.0
8471283,2013,MTL,518.1166666666667,38,14.0
8459444,2013,DET,108.63333333333334,7,3.0
8471669,2013,COL,774.2666666666667,40,24.0
8475637,2013,NSH,367.31666666666666,34,11.0
8474584,2013,NYR,1066.1833333333334,46,21.0
8475196,2013,CGY,66.46666666666667,5,1.0
8467545,2013,MTL,738.2333333333333,46,35.0
8474609,2013,BUF,39.166666666666664,4,1.0
8469770,2013,CGY,1150.9666666666667,46,22.0
8475184,2013,NYR,232.56666666666666,23,3.0
8474048,2013,TBL,576.85,45,7.0
8471716,2013,DET,710.95,48,13.0
8469508,2013,TOR,731.95,48,17.0
8469506,2013,MIN,948.45,47,34.0
8473579,2013,TOR,803.4166666666666,48,23.0
8471956,2013,SJS,425.2,42,3.0
8473560,2013,TOR,407.15,22,3.0
8469623,2013,NJD,1007.7333333333333,48,19.0
8467493,2013,OTT,665.4166666666666,48,12.0
8474068,2013,OTT,942.6833333333333,48,29.0
8475166,2013,NYI,997.1833333333333,48,47.0
8470614,2013,WPG,701.55,42,4.0
8476302,2013,VAN,58.21666666666667,3,0.0
8467351,2013,SJS,527.8166666666667,39,15.0
8472410,2013,NJD,625.2166666666667,48,14.0
8470283,2013,CAR,293.8,30,3.0
8458951,2013,OTT,1078.95,45,27.0
8475692,2013,NYR,246.36666666666667,15,8.0
8469812,2013,CAR,449.6666666666667,35,4.0
8471260,2013,CBJ,510.53333333333336,42,12.0
8475186,2013,NYR,399.81666666666666,30,7.0
8474518,2013,MTL,440.73333333333335,29,7.0
8473544,2013,NYR,778.1166666666667,47,29.0
8470162,2013,CGY,737.9666666666667,43,23.0
8474697,2013,OTT,77.98333333333333,6,0.0
8462077,2013,BUF,643.8,47,14.0
8476792,2013,BOS,15.783333333333333,1,1.0
8475179,2013,FLA,713.2,34,10.0
8470230,2013,BOS,583.4,46,17.0
8476819,2013,CAR,29.216666666666665,5,1.0
8474717,2013,TBL,30.983333333333334,2,0.0
8471686,2013,NYR,513.6,21,11.0
8475722,2013,MIN,224.85,20,5.0
8468542,2013,PIT,861.05,34,23.0
8465050,2013,EDM,367.23333333333335,26,3.0
8471331,2013,BUF,472.0833333333333,31,9.0
8470640,2013,TBL,1139.9,48,22.0
8474582,2013,NJD,35.96666666666667,4,1.0
8470630,2013,NSH,959.6666666666666,47,14.0
8471842,2013,SJS,176.68333333333334,13,2.0
8474727,2013,CHI,18.35,1,1.0
8471214,2013,WSH,1002.45,48,56.0
8468534,2013,PHI,67.11666666666666,4,0.0
8468508,2013,LAK,815.5166666666667,48,33.0
8467977,2013,CGY,149.18333333333334,21,3.0
8475753,2013,CAR,910.6166666666667,38,15.0
8471309,2013,DET,741.5666666666667,41,31.0
8474053,2013,SJS,868.65,48,37.0
8474600,2013,NSH,1129.4166666666667,48,18.0
8467371,2013,WSH,856.0,48,49.0
8470704,2013,BOS,9.85,2,0.0
8476808,2013,BUF,381.68333333333334,26,11.0
8475225,2013,NSH,609.7,44,12.0
8465914,2013,MTL,867.6166666666667,48,9.0
8470120,2013,CAR,921.4833333333333,44,44.0
8448208,2013,BOS,824.85,45,35.0
8470834,2013,WPG,1049.3333333333333,43,28.0
8469544,2013,CHI,527.2,28,20.0
8459053,2013,CBJ,588.0,36,4.0
8471840,2013,CAR,25.033333333333335,3,0.0
8473536,2013,SJS,375.98333333333335,32,4.0
8475726,2013,LAK,119.78333333333333,10,5.0
8468505,2013,BUF,890.7833333333333,48,24.0
8470602,2013,TOR,1208.55,48,28.0
8475191,2013,DAL,403.93333333333334,37,9.0
8468535,2013,UTA,875.8,48,21.0
8474673,2013,CGY,950.1833333333333,47,14.0
8468520,2013,PHI,301.1,23,5.0
8473463,2013,TOR,585.3,42,9.0
8475790,2013,FLA,599.95,32,4.0
8470302,2013,CAR,709.85,46,16.0
8473600,2013,NYR,38.43333333333333,4,1.0
8470886,2013,MIN,874.3,48,10.0
8467931,2013,NYI,277.0,22,2.0
8470324,2013,MTL,1026.6166666666666,48,9.0
8465042,2013,ANA,678.55,35,6.0
8470621,2013,ANA,839.0666666666667,44,36.0
8471218,2013,WPG,902.4166666666666,48,41.0
8471504,2013,MTL,440.9166666666667,27,13.0
8471348,2013,CBJ,805.5,38,9.0
8470755,2013,LAK,174.38333333333333,16,6.0
8475218,2013,NSH,16.083333333333332,1,0.0
8473867,2013,FLA,95.53333333333333,10,1.0
8471761,2013,CGY,749.15,44,8.0
8475180,2013,ANA,243.38333333333333,21,5.0
8460542,2013,NJD,898.5333333333333,48,36.0
8474683,2013,OTT,43.31666666666667,5,0.0
8471701,2013,NYI,191.31666666666666,16,1.0
8468778,2013,TOR,281.1666666666667,44,4.0
8474098,2013,DAL,4.85,1,1.0
8475168,2013,COL,983.2666666666667,47,43.0
8471222,2013,EDM,975.3,48,4.0
8474157,2013,MTL,726.4166666666666,44,39.0
8470606,2013,LAK,897.0666666666667,46,29.0
8473588,2013,OTT,632.3666666666667,48,12.0
8476870,2013,NJD,156.18333333333334,17,3.0
8476455,2013,COL,695.7333333333333,36,17.0
8473604,2013,CHI,909.0833333333334,47,48.0
8469626,2013,VAN,364.3,24,1.0
8471693,2013,DET,760.8,41,13.0
8471856,2013,PIT,314.05,33,5.0
8474024,2013,OTT,331.1666666666667,29,6.0
8468064,2013,WSH,806.4666666666667,45,24.0
8474581,2013,TOR,245.76666666666668,12,4.0
8469483,2013,ANA,315.01666666666665,34,7.0
8474218,2013,SJS,409.81666666666666,22,3.0
8474049,2013,CGY,54.31666666666667,5,0.0
8475917,2013,PHI,12.383333333333333,1,1.0
8467096,2013,SJS,1048.7,46,20.0
8473449,2013,NYI,813.8833333333333,48,24.0
8471352,2013,MIN,17.083333333333332,2,0.0
8475174,2013,OTT,142.01666666666668,7,1.0
8458529,2013,FLA,218.58333333333334,14,5.0
8470189,2013,COL,84.96666666666667,9,2.0
8469685,2013,STL,7.816666666666666,1,0.0
8475060,2013,TBL,33.28333333333333,2,0.0
8465012,2013,WSH,243.58333333333334,16,2.0
8473574,2013,FLA,729.1166666666667,48,21.0
8466393,2013,PIT,840.3166666666667,48,38.0
8471241,2013,EDM,383.3333333333333,25,6.0
8465009,2013,BOS,1196.9333333333334,48,19.0
8475768,2013,STL,561.0666666666667,45,13.0
8476205,2013,OTT,106.73333333333333,9,2.0
8458590,2013,PHI,361.75,28,8.0
8470257,2013,STL,759.3333333333334,40,27.0
8475222,2013,ANA,126.55,8,2.0
8473970,2013,UTA,269.06666666666666,22,11.0
8473504,2013,MIN,576.85,42,10.0
8474250,2013,OTT,727.1,48,15.0
8458938,2013,NYR,183.66666666666666,16,1.0
8472382,2013,NJD,1105.8166666666666,48,16.0
8468513,2013,EDM,894.35,48,9.0
8469665,2013,CHI,985.0,48,12.0
8459457,2013,STL,39.11666666666667,4,1.0
8470054,2013,VAN,556.9166666666666,36,2.0
8460626,2013,NJD,831.6666666666666,39,2.0
8474563,2013,LAK,1266.9333333333334,48,22.0
8467463,2013,DET,51.45,4,1.0
8473548,2013,TOR,950.8833333333333,48,52.0
8474161,2013,PHI,825.7666666666667,48,46.0
8476465,2013,CAR,84.25,4,0.0
8469465,2013,VAN,1099.3333333333333,47,24.0
8473700,2013,COL,222.03333333333333,12,3.0
8467899,2013,SJS,633.7333333333333,40,18.0
8475175,2013,EDM,593.4666666666667,42,16.0
8475170,2013,PHI,729.8666666666667,47,26.0
8466140,2013,WPG,770.7166666666667,45,14.0
8469454,2013,NJD,915.2833333333333,37,31.0
8470685,2013,BUF,280.9166666666667,17,4.0
8476462,2013,BOS,719.3833333333333,42,16.0
8467336,2013,MIN,334.23333333333335,40,4.0
8459670,2013,PHI,979.4833333333333,45,29.0
8475323,2013,CHI,665.7833333333333,47,13.0
8468095,2013,FLA,257.8,39,2.0
8470104,2013,MIN,830.75,43,13.0
8471217,2013,WPG,944.6666666666666,48,46.0
8474100,2013,LAK,599.5333333333333,47,10.0
8475118,2013,NYR,143.35,15,0.0
8475197,2013,COL,690.6166666666667,32,13.0
8474052,2013,CAR,28.816666666666666,3,1.0
8469485,2013,VAN,780.9666666666667,42,28.0
8475266,2013,COL,150.63333333333333,17,4.0
8473722,2013,BUF,185.1,34,0.0
8474606,2013,FLA,242.81666666666666,16,1.0
8474685,2013,CBJ,595.5333333333333,42,16.0
8470896,2013,PIT,4.516666666666667,1,0.0
8466251,2013,WSH,595.7166666666667,47,14.0
8475098,2013,TOR,934.2833333333333,46,28.0
8473962,2013,TBL,803.65,48,36.0
8475798,2013,MIN,355.78333333333336,27,8.0
8471388,2013,BUF,366.93333333333334,34,1.0
8465202,2013,TBL,965.3166666666667,46,17.0
8474151,2013,NYR,1144.8333333333333,47,19.0
8467988,2013,TBL,377.71666666666664,24,8.0
8467334,2013,VAN,100.16666666666667,9,0.0
8474649,2013,WSH,403.6333333333333,25,7.0
8474025,2013,WPG,413.46666666666664,41,4.0
8476162,2013,WSH,483.5,28,9.0
8470750,2013,COL,787.2333333333333,47,20.0
8476799,2013,WSH,11.966666666666667,1,0.0
8475462,2013,TBL,373.8333333333333,22,5.0
8474201,2013,TBL,162.6,19,3.0
8465166,2013,PIT,535.7666666666667,48,9.0
8466142,2013,TBL,984.6333333333333,48,12.0
8468498,2013,PIT,1025.3166666666666,46,8.0
8470309,2013,EDM,628.2333333333333,34,13.0
8475625,2013,SJS,725.8333333333334,38,12.0
8473914,2013,CBJ,759.7166666666667,46,27.0
8473616,2013,FLA,52.85,5,0.0
8474570,2013,BUF,883.1166666666667,48,34.0
8470647,2013,TBL,487.6333333333333,44,8.0
8474873,2013,DET,551.2833333333333,31,5.0
8469820,2013,MIN,312.1333333333333,37,0.0
8470612,2013,ANA,888.5166666666667,44,49.0
8469490,2013,CGY,319.18333333333334,42,5.0
8472370,2013,ANA,35.15,2,0.0
8470110,2013,DAL,942.1333333333333,44,13.0
8474818,2013,DAL,450.21666666666664,26,6.0
8474602,2013,EDM,1029.5833333333333,48,27.0
8471976,2013,MTL,790.3833333333333,48,28.0
8470778,2013,DET,607.95,44,8.0
8471314,2013,OTT,170.58333333333334,11,1.0
8470061,2013,WPG,235.15,16,1.0
8468486,2013,PHI,506.75,32,11.0
8470667,2013,TOR,596.3666666666667,40,20.0
8474709,2013,NYI,571.5166666666667,48,11.0
8471817,2013,STL,319.4166666666667,43,6.0
8475769,2013,FLA,188.2,18,0.0
8474666,2013,NYI,189.96666666666667,20,5.0
8469521,2013,MTL,902.9166666666666,47,33.0
8466139,2013,SJS,917.3166666666667,48,31.0
8465122,2013,MIN,112.53333333333333,8,1.0
8471724,2013,PIT,897.2666666666667,35,38.0
8467332,2013,ANA,768.2833333333333,41,6.0
8475231,2013,NYI,485.4,45,15.0
8476457,2013,NJD,669.75,37,6.0
8471703,2013,COL,17.783333333333335,2,1.0
8470280,2013,EDM,135.23333333333332,14,2.0
8476482,2013,VAN,27.7,2,0.0
8471476,2013,ANA,807.6833333333333,48,19.0
8471767,2013,CGY,161.13333333333333,15,1.0
8469476,2013,CAR,820.2166666666667,42,9.0
8465951,2013,PIT,706.2166666666667,48,21.0
8475182,2013,UTA,109.86666666666666,8,1.0
8471274,2013,DAL,1052.1166666666666,47,27.0
8473712,2013,TOR,187.35,36,5.0
8469460,2013,TOR,61.38333333333333,4,0.0
8474705,2013,COL,289.35,32,6.0
8467330,2013,NSH,884.4333333333333,48,25.0
8466148,2013,CHI,721.65,40,31.0
8473564,2013,CHI,563.3,45,10.0
8471385,2013,BUF,280.6166666666667,17,4.0
8470713,2013,UTA,151.88333333333333,28,6.0
8470156,2013,WSH,244.88333333333333,26,2.0
8471636,2013,NJD,47.233333333333334,6,0.0
8474646,2013,ANA,52.45,6,1.0
8470626,2013,DAL,965.75,48,29.0
8462038,2013,UTA,866.6333333333333,48,27.0
8474569,2013,NSH,414.1666666666667,25,19.0
8474578,2013,OTT,461.6333333333333,17,14.0
8471245,2013,CHI,571.8,35,14.0
8470662,2013,LAK,318.6,34,7.0
8471242,2013,WSH,869.8833333333333,35,26.0
8467831,2013,MTL,468.48333333333335,46,3.0
8464989,2013,MIN,666.9166666666666,42,27.0
8469598,2013,VAN,789.8666666666667,36,12.0
8474837,2013,CGY,79.08333333333333,4,3.0
8465200,2013,MTL,135.45,10,3.0
8474719,2013,EDM,243.06666666666666,23,3.0
8470644,2013,NYI,511.81666666666666,45,17.0
8474125,2013,TOR,787.45,37,15.0
8471451,2013,WPG,81.53333333333333,10,3.0
8472424,2013,TOR,108.53333333333333,10,2.0
8471996,2013,SJS,12.066666666666666,1,0.0
8471859,2013,NSH,767.4,46,15.0
8473932,2013,NYR,377.9166666666667,42,0.0
8470828,2013,WPG,495.53333333333336,22,15.0
8471768,2013,TBL,584.0166666666667,43,16.0
8470207,2013,TOR,257.96666666666664,16,18.0
8470273,2013,DET,489.5833333333333,25,4.0
8460492,2013,FLA,93.98333333333333,6,1.0
8471303,2013,VAN,1073.1666666666667,45,22.0
8468483,2013,CBJ,870.4166666666666,47,27.0
8475151,2013,ANA,517.7333333333333,42,21.0
8471810,2013,VAN,33.983333333333334,2,0.0
8466285,2013,FLA,1268.0,48,27.0
8474535,2013,NSH,192.71666666666667,18,5.0
8470617,2013,LAK,784.9333333333333,48,32.0
8458537,2013,DAL,620.6666666666666,32,29.0
8470601,2013,PHI,746.3333333333334,33,5.0
8459628,2013,NSH,428.31666666666666,32,0.0
8470775,2013,TBL,645.1833333333333,45,15.0
8471273,2013,CBJ,533.7666666666667,29,20.0
8471717,2013,BOS,457.35,32,4.0
8471657,2013,COL,628.25,48,12.0
8475775,2013,PHI,228.95,18,5.0
8474074,2013,WPG,510.96666666666664,34,9.0
8470171,2013,PHI,540.1166666666667,35,10.0
8475791,2013,EDM,837.9166666666666,45,50.0
8471709,2013,SJS,999.5833333333334,48,7.0
8473563,2013,WSH,955.2333333333333,48,48.0
8467881,2013,NYR,628.8166666666667,48,11.0
8473911,2013,VAN,119.9,12,0.0
8475304,2013,FLA,52.916666666666664,5,0.0
8468083,2013,DET,944.05,46,48.0
8471208,2013,LAK,419.03333333333336,33,14.0
8474628,2013,UTA,667.4666666666667,40,9.0
8468598,2013,NYI,798.1833333333333,35,14.0
8474589,2013,BUF,840.25,47,31.0
8470604,2013,LAK,843.75,48,33.0
8476438,2013,CHI,757.2166666666667,46,27.0
8473412,2013,WPG,950.35,48,32.0
8474679,2013,DET,286.8666666666667,22,6.0
8475772,2013,DET,6.783333333333333,1,0.0
8473466,2013,MTL,244.71666666666667,26,1.0
8471707,2013,PIT,698.0333333333333,40,36.0
8476456,2013,FLA,812.5166666666667,48,31.0
8473426,2013,BUF,771.2666666666667,42,7.0
8471752,2013,CAR,7.883333333333334,1,0.0
8467452,2013,LAK,1045.9833333333333,48,12.0
8468695,2013,ANA,390.93333333333334,28,8.0
8468518,2013,FLA,831.2166666666667,47,27.0
8471853,2013,CAR,78.08333333333333,9,0.0
8476855,2013,EDM,698.9666666666667,48,31.0
8468509,2013,DET,1169.3666666666666,48,29.0
8477243,2013,CHI,26.666666666666668,2,0.0
8471678,2013,TBL,450.03333333333336,34,20.0
8474590,2013,WSH,1105.0,48,22.0
8474040,2013,EDM,931.75,48,38.0
8471887,2013,NSH,389.4,24,14.0
8469466,2013,EDM,596.7333333333333,38,20.0
8475749,2013,NYR,12.766666666666667,1,0.0
8476195,2013,OTT,656.7666666666667,47,29.0
8465978,2013,BOS,364.76666666666665,45,7.0
8470871,2013,STL,337.43333333333334,29,8.0
8474772,2013,NYR,88.26666666666667,16,0.0
8473473,2013,BOS,777.95,46,27.0
8474094,2013,NSH,430.21666666666664,36,11.0
8473646,2013,NJD,574.3166666666667,44,15.0
8467329,2013,TBL,697.4333333333333,39,32.0
8476807,2013,SJS,62.85,4,2.0
8470121,2013,LAK,76.43333333333334,5,1.0
8471233,2013,NJD,937.4333333333333,48,20.0
8467331,2013,SJS,981.9666666666667,48,6.0
8470638,2013,BOS,810.3666666666667,42,32.0
8475283,2013,DAL,41.3,9,2.0
8468501,2013,NJD,593.95,37,5.0
8475797,2013,MTL,93.7,8,2.0
8470595,2013,CAR,1007.8,48,53.0
8475613,2013,MIN,191.26666666666668,17,0.0
8475193,2013,DET,204.73333333333332,18,7.0
8475619,2013,WSH,275.1333333333333,33,2.0
8474564,2013,TBL,1057.1,48,57.0
8474568,2013,PHI,1027.55,47,11.0
8470966,2013,CGY,1088.5166666666667,47,15.0
8471362,2013,TOR,747.3666666666667,48,16.0
8474616,2013,WPG,38.86666666666667,10,0.0
8474594,2013,LAK,1070.5,48,25.0
8473542,2013,VAN,192.86666666666667,30,3.0
8474573,2013,NYI,622.4,38,19.0
8468485,2013,SJS,517.5166666666667,39,18.0
8467890,2013,STL,888.7833333333333,46,12.0
8469755,2013,NYR,5.35,1,0.0
8474061,2013,WPG,24.983333333333334,5,2.0
8473584,2013,NYI,1129.15,48,12.0
8459454,2013,BOS,163.31666666666666,18,0.0
8459514,2013,CHI,132.43333333333334,19,2.0
8473537,2013,CHI,663.7,47,23.0
8470699,2013,COL,906.1666666666666,46,10.0
8468309,2013,NYI,1120.6666666666667,48,27.0
8474230,2013,NYR,59.65,9,0.0
8473933,2013,ANA,623.9166666666666,35,10.0
8474190,2013,PHI,703.6833333333333,45,32.0
8471371,2013,EDM,293.28333333333336,39,2.0
8475671,2013,DAL,141.5,12,3.0
8470672,2013,TOR,778.3166666666667,42,6.0
8464994,2013,CGY,287.76666666666665,36,8.0
8471498,2013,VAN,825.0666666666667,47,27.0
8474207,2013,CBJ,17.15,2,0.0
8469759,2013,DAL,591.3,46,17.0
8470654,2013,VAN,604.5833333333334,48,10.0
8475167,2013,TBL,997.0166666666667,44,20.0
8471733,2013,NSH,442.06666666666666,47,9.0
8471226,2013,BUF,782.8666666666667,46,18.0
8471339,2013,NYR,967.9,45,31.0
8471234,2013,WSH,360.45,27,9.0
8475149,2013,WSH,563.9166666666666,34,22.0
8473514,2013,NYI,70.96666666666667,7,2.0
8468162,2013,EDM,479.73333333333335,45,6.0
8475758,2013,ANA,62.96666666666667,7,0.0
8475455,2013,DAL,1026.2333333333333,48,8.0
8471912,2013,NSH,58.766666666666666,4,1.0
8473526,2013,FLA,699.2666666666667,43,17.0
8476244,2013,MTL,472.78333333333336,23,14.0
8469760,2013,UTA,724.4,34,2.0
8474113,2013,FLA,483.96666666666664,29,10.0
8469473,2013,FLA,767.3166666666667,42,19.0
8470063,2013,SJS,486.2,46,3.0
8474681,2013,NJD,399.1333333333333,28,12.0
8471312,2013,TBL,13.516666666666667,1,0.0
8473465,2013,COL,812.3833333333333,47,22.0
8475792,2013,TBL,51.36666666666667,5,1.0
8471702,2013,PIT,814.3,40,14.0
8467400,2013,ANA,1125.9833333333333,48,24.0
8474661,2013,CAR,53.43333333333333,5,0.0
8477059,2013,DET,685.9,44,26.0
8467338,2013,CGY,774.3666666666667,40,27.0
8471450,2013,NSH,408.55,34,8.0
8470232,2013,NYR,47.31666666666667,6,1.0
8462129,2013,CHI,512.25,39,8.0
8472394,2013,NJD,405.53333333333336,23,5.0
8469492,2013,CBJ,1156.5833333333333,48,22.0
8473734,2013,CAR,280.8,28,2.0
8475163,2013,DAL,98.56666666666666,7,7.0
8471873,2013,NYR,866.3,48,7.0
8475745,2013,MIN,557.3166666666667,37,14.0
8475150,2013,BOS,159.9,17,3.0
8460496,2013,EDM,722.4166666666666,47,13.0
8470274,2013,VAN,673.05,41,15.0
8473682,2013,VAN,345.06666666666666,28,6.0
8471682,2013,MIN,693.05,48,27.0
8475155,2013,PIT,498.81666666666666,33,7.0
8467428,2013,NJD,128.78333333333333,22,0.0
8476043,2013,CGY,81.65,6,1.0
8469619,2013,BOS,1094.4666666666667,46,17.0
8470123,2013,NJD,15.883333333333333,4,0.0
8476158,2013,PHI,51.583333333333336,7,1.0
8475760,2013,FLA,167.31666666666666,11,1.0
8470600,2013,MIN,1307.2666666666667,48,32.0
8475755,2013,FLA,112.68333333333334,6,0.0
8470609,2013,NJD,646.8333333333334,47,15.0
8473558,2013,DET,518.95,48,8.0
8471762,2013,EDM,77.53333333333333,11,0.0
8466160,2013,PIT,653.9333333333333,44,25.0
8473416,2013,FLA,15.833333333333334,2,0.0
8473492,2013,ANA,504.68333333333334,42,13.0
8474162,2013,LAK,805.2833333333333,45,16.0
8474164,2013,NSH,500.48333333333335,35,7.0
8475178,2013,VAN,525.7333333333333,39,11.0
8474629,2013,CHI,14.783333333333333,1,0.0
8474150,2013,CGY,483.98333333333335,32,16.0
8471321,2013,CGY,109.28333333333333,10,1.0
8476463,2013,MIN,1043.55,45,11.0
8476467,2013,DAL,237.33333333333334,16,2.0
8470622,2013,DET,359.8,34,8.0
8471748,2013,TOR,763.0833333333334,45,8.0
8467917,2013,STL,781.9833333333333,39,10.0
8474612,2013,NYI,1094.5833333333333,48,10.0
8467365,2013,WSH,553.8666666666667,30,6.0
8475958,2013,COL,62.18333333333333,6,0.0
8471266,2013,VAN,153.05,12,3.0
8471766,2013,CBJ,347.55,43,6.0
8470816,2013,PHI,74.71666666666667,11,1.0
8469992,2013,CHI,331.5,26,1.0
8470794,2013,SJS,907.6666666666666,48,31.0
8470039,2013,FLA,899.2333333333333,48,35.0
8473569,2013,DET,11.283333333333333,2,0.0
8470105,2013,FLA,364.48333333333335,27,5.0
8470804,2013,TBL,14.116666666666667,1,0.0
8457981,2013,ANA,721.85,46,24.0
8470607,2013,CHI,1033.95,47,20.0
8475690,2013,VAN,656.9833333333333,38,7.0
8474291,2013,WSH,581.0333333333333,48,8.0
8474576,2013,NSH,160.05,13,2.0
8470543,2013,PIT,865.05,48,52.0
8474138,2013,PIT,276.31666666666666,24,6.0
8474176,2013,NYR,830.7,48,24.0
8473673,2013,UTA,516.5166666666667,30,6.0
8473568,2013,CAR,67.75,8,1.0
8475848,2013,MTL,609.9666666666667,44,28.0
8474497,2013,TOR,772.7833333333333,35,8.0
8474091,2013,PIT,787.5,48,19.0
8474090,2013,DET,625.6333333333333,34,8.0
8474096,2013,NSH,745.4333333333333,47,13.0
8475158,2013,COL,536.7333333333333,29,20.0
8470803,2013,MIN,833.0333333333333,48,12.0
8468001,2013,CBJ,444.56666666666666,43,8.0
8471683,2013,TBL,306.26666666666665,22,0.0
8474001,2013,SJS,499.3333333333333,36,14.0
8470839,2013,COL,434.0833333333333,28,4.0
8468114,2013,PIT,756.2166666666667,43,6.0
8470619,2013,NYR,540.2166666666667,38,5.0
8471215,2013,PIT,609.8666666666667,31,33.0
8474618,2013,MIN,86.55,6,1.0
8469638,2013,PIT,663.55,43,22.0
8471769,2013,CHI,961.75,46,10.0
8476835,2013,NSH,103.2,8,2.0
8464975,2013,PHI,546.0333333333333,34,16.0
8474674,2013,WPG,440.76666666666665,38,5.0
8469467,2013,COL,416.98333333333335,37,9.0
8474749,2013,BOS,148.31666666666666,11,2.0
8471742,2013,TOR,845.4833333333333,45,29.0
8471231,2013,UTA,445.98333333333335,46,14.0
8475185,2013,NJD,285.6,22,3.0
8475766,2013,NSH,76.23333333333333,6,1.0
8470047,2013,DET,728.8166666666667,41,17.0
8470642,2013,NSH,1243.0166666666667,48,28.0
8473446,2013,COL,643.3666666666667,31,4.0
8475792,2014,TBL,132.2,11,1.0
8469457,2014,DET,383.75,26,4.0
8470309,2014,FLA,117.23333333333333,7,0.0
8470877,2014,CGY,756.1833333333333,49,17.0
8476205,2014,OTT,124.91666666666667,12,4.0
8470724,2014,DET,1706.05,82,13.0
8476460,2014,WPG,1030.5666666666666,63,34.0
8474001,2014,CGY,905.85,62,17.0
8475287,2014,MIN,466.73333333333335,46,15.0
8474743,2014,WPG,153.33333333333334,10,3.0
8471428,2014,PIT,4.566666666666666,1,0.0
8470619,2014,NYR,1046.05,82,18.0
8474102,2014,EDM,1489.85,78,57.0
8468508,2014,LAK,1390.25,82,43.0
8470601,2014,PHI,1840.3833333333334,82,17.0
8474581,2014,TOR,1686.1,80,31.0
8470144,2014,NYI,1466.5333333333333,80,58.0
8475199,2014,NJD,1015.4333333333333,60,29.0
8471482,2014,WPG,633.1833333333333,32,12.0
8474668,2014,MTL,513.4333333333333,61,16.0
8469752,2014,VAN,26.833333333333332,3,0.0
8469622,2014,NJD,693.5666666666667,43,26.0
8475722,2014,MIN,272.73333333333335,21,5.0
8474034,2014,ANA,763.4,62,29.0
8474646,2014,UTA,276.8666666666667,22,6.0
8471698,2014,STL,1499.75,79,60.0
8475455,2014,DAL,1687.4666666666667,80,17.0
8474744,2014,CBJ,49.05,6,1.0
8476440,2014,CGY,84.58333333333333,7,3.0
8474603,2014,WPG,290.71666666666664,30,7.0
8475186,2014,NYR,1134.3166666666666,74,15.0
8470596,2014,CBJ,556.4833333333333,35,18.0
8473700,2014,COL,410.6666666666667,28,6.0
8474681,2014,CAR,883.0666666666667,68,22.0
8470662,2014,LAK,296.6166666666667,33,2.0
8471254,2014,CHI,669.65,59,15.0
8474090,2014,DET,1305.5833333333333,71,19.0
8471681,2014,CBJ,138.58333333333334,16,4.0
8471326,2014,COL,564.7333333333333,82,11.0
8470867,2014,TOR,405.75,47,10.0
8468114,2014,MTL,760.6333333333333,53,2.0
8474184,2014,WPG,709.35,51,6.0
8474600,2014,NSH,1899.9833333333333,72,40.0
8474236,2014,NYI,27.533333333333335,4,0.0
8469770,2014,CGY,1043.9,46,21.0
8473548,2014,TOR,1694.6333333333334,82,80.0
8476822,2014,DET,779.1833333333333,56,7.0
8474884,2014,OTT,329.6333333333333,25,6.0
8475917,2014,PHI,13.366666666666667,1,1.0
8475170,2014,PHI,1291.35,82,41.0
8466142,2014,TBL,1351.5833333333333,77,17.0
8467396,2014,DAL,1137.0666666666666,75,29.0
8467407,2014,MTL,1445.5166666666667,81,40.0
8471426,2014,WSH,1545.65,82,43.0
8476209,2014,NJD,123.95,14,0.0
8470729,2014,WSH,311.9166666666667,18,2.0
8467332,2014,ANA,1193.4166666666667,68,10.0
8476874,2014,PIT,1442.9166666666667,78,29.0
8476381,2014,CHI,1255.2333333333333,80,39.0
8474625,2014,FLA,603.2,55,18.0
8476445,2014,NYI,95.31666666666666,11,1.0
8471218,2014,WPG,1532.4666666666667,82,69.0
8468509,2014,DET,1920.7166666666667,79,49.0
8477244,2014,BUF,375.45,21,1.0
8476438,2014,CHI,1270.65,78,47.0
8470714,2014,BOS,261.6666666666667,19,5.0
8469760,2014,UTA,1236.9833333333333,59,10.0
8460621,2014,DET,1151.0666666666666,68,49.0
8476411,2014,FLA,15.583333333333334,1,0.0
8460720,2014,NYI,147.43333333333334,23,4.0
8475179,2014,FLA,1756.95,81,19.0
8474176,2014,NYR,1118.15,72,33.0
8466148,2014,CHI,1315.6166666666666,72,60.0
8476465,2014,CAR,877.7,48,12.0
8474089,2014,COL,216.56666666666666,32,5.0
8470123,2014,NJD,117.85,24,3.0
8448208,2014,NJD,1570.9833333333333,82,67.0
8474008,2014,COL,77.21666666666667,12,0.0
8471682,2014,WPG,1128.1666666666667,75,27.0
8467452,2014,PIT,1002.85,53,4.0
8473422,2014,CBJ,1124.0833333333333,70,39.0
8474134,2014,VAN,583.8833333333333,49,10.0
8471842,2014,UTA,435.1333333333333,37,8.0
8474870,2014,TBL,1540.3333333333333,82,50.0
8458537,2014,DAL,963.4666666666667,69,32.0
8470280,2014,EDM,50.55,7,1.0
8471768,2014,TBL,309.46666666666664,27,7.0
8475745,2014,MIN,1196.3833333333334,70,30.0
8476177,2014,PHI,1409.8666666666666,75,40.0
8474570,2014,BUF,1306.2833333333333,72,44.0
8476805,2014,TOR,5.266666666666667,1,0.0
8475158,2014,COL,1585.6333333333334,80,64.0
8476468,2014,NYR,343.5833333333333,30,6.0
8467351,2014,FLA,604.0666666666667,46,12.0
8475807,2014,CHI,186.96666666666667,16,3.0
8472394,2014,NJD,616.0166666666667,33,4.0
8470189,2014,COL,11.35,2,0.0
8475191,2014,BOS,1205.9166666666667,82,51.0
8475193,2014,DET,1047.6,73,39.0
8475414,2014,BOS,18.966666666666665,2,0.0
8471733,2014,NSH,490.3833333333333,58,7.0
8470647,2014,TBL,559.1833333333333,55,10.0
8473604,2014,CHI,1555.4666666666667,76,68.0
8474520,2014,VAN,1692.6333333333334,81,33.0
8473514,2014,EDM,391.5,42,5.0
8475253,2014,FLA,31.0,3,0.0
8471283,2014,MTL,666.7833333333333,52,13.0
8476456,2014,FLA,1080.8833333333334,69,28.0
8469798,2014,DAL,16.283333333333335,1,1.0
8474606,2014,FLA,297.1666666666667,16,2.0
8470685,2014,BUF,453.1333333333333,25,2.0
8475755,2014,FLA,85.65,7,1.0
8474053,2014,SJS,1230.9166666666667,65,54.0
8469485,2014,STL,1021.5166666666667,75,37.0
8473942,2014,TOR,290.4166666666667,28,9.0
8473658,2014,NSH,768.2166666666667,50,6.0
8473492,2014,ANA,683.9166666666666,55,24.0
8460492,2014,FLA,598.2833333333333,37,5.0
8469508,2014,TOR,1195.7,81,10.0
8475098,2014,TOR,1214.95,58,49.0
8467329,2014,PHI,1048.1666666666667,69,37.0
8470159,2014,EDM,1091.85,74,21.0
8475155,2014,PIT,569.2333333333333,34,5.0
8467338,2014,COL,275.95,16,11.0
8477290,2014,PHI,883.3833333333333,68,22.0
8476871,2014,LAK,270.21666666666664,25,7.0
8476227,2014,NJD,8.0,1,0.0
8476453,2014,TBL,681.9833333333333,52,18.0
8470622,2014,NSH,337.78333333333336,30,5.0
8470614,2014,WPG,1285.8166666666666,69,13.0
8475196,2014,CGY,79.71666666666667,11,2.0
8470598,2014,MTL,1508.4166666666667,78,68.0
8470760,2014,OTT,1630.5833333333333,75,23.0
8473558,2014,DET,161.15,18,2.0
8474605,2014,OTT,867.5,53,23.0
8471719,2014,OTT,146.45,33,2.0
8476062,2014,EDM,618.0166666666667,41,18.0
8469639,2014,WSH,879.8333333333334,51,15.0
8475248,2014,WSH,292.1166666666667,20,2.0
8467890,2014,STL,1416.25,79,15.0
8469598,2014,VAN,1730.8333333333333,76,24.0
8476043,2014,CGY,137.7,13,1.0
8475769,2014,FLA,219.5,16,6.0
8477059,2014,NJD,812.05,60,25.0
8473588,2014,OTT,885.3,76,16.0
8467931,2014,NYI,635.4666666666667,53,3.0
8470039,2014,FLA,1369.65,80,28.0
8475206,2014,COL,16.85,1,1.0
8477832,2014,TBL,10.2,1,0.0
8471504,2014,MTL,893.55,63,16.0
8470187,2014,BOS,1589.4166666666667,75,23.0
8470750,2014,COL,1220.3666666666666,75,32.0
8476850,2014,CBJ,1311.4666666666667,66,21.0
8468501,2014,NJD,939.8666666666667,56,8.0
8474618,2014,MIN,1429.6666666666667,76,17.0
8470871,2014,STL,228.26666666666668,22,1.0
8474602,2014,EDM,1767.9,76,33.0
8474597,2014,CBJ,49.11666666666667,5,0.0
8469638,2014,PIT,1271.7666666666667,81,57.0
8476798,2014,COL,13.016666666666667,2,0.0
8474201,2014,TBL,89.38333333333334,13,0.0
8470794,2014,SJS,1627.7166666666667,82,79.0
8474715,2014,CBJ,1247.3333333333333,79,40.0
8474498,2014,FLA,662.3333333333334,52,18.0
8473512,2014,PHI,1675.6333333333334,82,86.0
8471339,2014,TBL,1211.9333333333334,65,36.0
8475637,2014,FLA,27.666666666666668,2,1.0
8476459,2014,OTT,986.6333333333333,69,33.0
8477227,2014,SJS,117.51666666666667,15,1.0
8469547,2014,DET,76.83333333333333,11,1.0
8473932,2014,NYR,8.55,1,0.0
8474056,2014,MTL,2018.5333333333333,82,53.0
8473482,2014,CAR,1031.5,68,30.0
8474565,2014,STL,2054.0833333333335,81,51.0
8474569,2014,NSH,1232.5,81,33.0
8474660,2014,BOS,97.01666666666667,6,2.0
8475223,2014,LAK,218.4,18,5.0
8473584,2014,PHI,2019.4,82,28.0
8470839,2014,CGY,506.73333333333335,45,3.0
8468162,2014,TOR,157.5,18,0.0
8471185,2014,CGY,669.4333333333333,38,24.0
8471664,2014,TOR,1422.1666666666667,82,45.0
8474192,2014,CBJ,528.5333333333333,44,7.0
8475759,2014,UTA,72.71666666666667,5,0.0
8468635,2014,MTL,749.4333333333333,65,12.0
8467977,2014,CGY,510.5,76,8.0
8471657,2014,COL,733.25,71,13.0
8468483,2014,LAK,696.9,41,30.0
8466309,2014,FLA,101.31666666666666,8,0.0
8474774,2014,CBJ,843.0333333333333,49,6.0
8475167,2014,TBL,1682.8166666666666,75,55.0
8474062,2014,CAR,924.8666666666667,73,24.0
8470302,2014,CAR,1098.8,75,22.0
8468478,2014,MTL,1330.7166666666667,72,13.0
8470886,2014,MIN,839.55,63,5.0
8475332,2014,DET,34.43333333333333,2,1.0
8474009,2014,ANA,1249.6833333333334,77,49.0
8468526,2014,LAK,1237.3333333333333,78,27.0
8474031,2014,STL,1666.0666666666666,81,45.0
8475735,2014,TOR,3.716666666666667,1,0.0
8475119,2014,PIT,215.88333333333333,20,0.0
8468639,2014,CAR,805.8333333333334,41,9.0
8470852,2014,MIN,1347.7166666666667,75,51.0
8471450,2014,UTA,13.75,2,0.0
8470775,2014,TBL,1042.0166666666667,81,16.0
8469469,2014,CBJ,1196.9666666666667,74,34.0
8470065,2014,CBJ,42.13333333333333,6,0.0
8477814,2014,NYI,254.06666666666666,13,2.0
8465185,2014,LAK,1544.5166666666667,76,12.0
8475423,2014,VAN,124.75,16,3.0
8465202,2014,TBL,1291.5,71,17.0
8473446,2014,COL,1840.55,80,39.0
8475619,2014,WSH,301.8666666666667,41,2.0
8474038,2014,CGY,678.8166666666667,47,21.0
8475808,2014,CBJ,151.2,17,1.0
8474818,2014,DAL,1494.1166666666666,78,20.0
8467463,2014,DET,269.1666666666667,26,3.0
8474168,2014,DET,898.8,65,17.0
8473712,2014,TOR,108.16666666666667,27,0.0
8471716,2014,DET,1069.8666666666666,70,28.0
8476799,2014,WSH,17.75,1,0.0
8470176,2014,FLA,1023.35,62,29.0
8469992,2014,CHI,618.6166666666667,48,7.0
8467400,2014,ANA,1616.95,70,17.0
8476116,2014,DAL,979.8333333333334,75,32.0
8475314,2014,NYI,345.9,22,14.0
8476289,2014,DET,13.35,1,0.0
8474151,2014,NYR,1909.1,77,43.0
8473449,2014,NYI,1449.8,71,69.0
8476880,2014,WSH,650.95,82,10.0
8474697,2014,OTT,163.58333333333334,13,1.0
8470640,2014,TBL,1819.3166666666666,82,31.0
8476463,2014,MIN,1887.4,79,19.0
8467330,2014,DET,1409.1166666666666,83,51.0
8468778,2014,TOR,290.46666666666664,54,0.0
8475233,2014,CBJ,1248.0166666666667,70,15.0
8474736,2014,PHI,515.7333333333333,67,4.0
8474138,2014,DAL,325.4166666666667,34,4.0
8468518,2014,FLA,778.1,49,12.0
8471856,2014,PIT,581.6333333333333,53,14.0
8475182,2014,CHI,233.78333333333333,17,1.0
8473546,2014,NYI,908.3666666666667,64,26.0
8468484,2014,UTA,387.73333333333335,25,4.0
8475172,2014,TOR,1356.4333333333334,78,50.0
8476367,2014,NYI,120.36666666666666,10,1.0
8476470,2014,MTL,224.88333333333333,17,2.0
8470834,2014,WPG,1800.7,78,56.0
8474100,2014,LAK,1158.2666666666667,77,30.0
8469492,2014,CBJ,1477.35,69,26.0
8476480,2014,TBL,37.88333333333333,4,0.0
8476086,2014,NYI,12.966666666666667,2,0.0
8470600,2014,MIN,2411.1,82,43.0
8474582,2014,NJD,150.35,15,1.0
8467371,2014,UTA,1439.5166666666667,80,47.0
8471762,2014,PHI,139.11666666666667,18,1.0
8466160,2014,STL,845.0833333333334,71,25.0
8474577,2014,CGY,1141.3333333333333,80,28.0
8465978,2014,BOS,562.8,64,8.0
8475309,2014,TOR,177.01666666666668,22,3.0
8468700,2014,NSH,1035.5,75,21.0
8471331,2014,BUF,139.5,12,1.0
8473589,2014,UTA,268.6,18,3.0
8467514,2014,DET,912.0333333333333,45,37.0
8475260,2014,CGY,55.55,7,1.0
8477493,2014,FLA,922.15,54,24.0
8470699,2014,COL,1740.9166666666667,78,17.0
8475602,2014,WSH,121.86666666666666,13,3.0
8475749,2014,MTL,14.366666666666667,2,0.0
8474519,2014,WSH,236.8,13,1.0
8464966,2014,UTA,1225.2666666666667,63,17.0
8470274,2014,VAN,1495.6333333333334,78,39.0
8468493,2014,CAR,1758.0,82,15.0
8471663,2014,MTL,42.93333333333333,7,0.0
8474638,2014,LAK,38.083333333333336,3,0.0
8469467,2014,PIT,369.95,33,2.0
8474589,2014,BUF,1508.1666666666667,80,43.0
8467545,2014,NJD,1294.15,82,34.0
8475671,2014,BOS,135.11666666666667,14,2.0
8474568,2014,PHI,1306.6166666666666,79,12.0
8471804,2014,CAR,1328.5,81,31.0
8466158,2014,SJS,995.1833333333333,56,12.0
8458951,2014,DAL,1338.3666666666666,76,22.0
8466251,2014,WSH,1264.4166666666667,82,42.0
8475795,2014,NYR,14.05,2,0.0
8476195,2014,BUF,1022.3666666666667,79,26.0
8474709,2014,NYI,940.0166666666667,79,14.0
8476450,2014,DET,18.416666666666668,1,0.0
8467881,2014,PIT,648.2833333333333,56,5.0
8470642,2014,NSH,2123.25,79,56.0
8471729,2014,CGY,1573.15,68,29.0
8470120,2014,CAR,1294.1333333333334,65,42.0
8475149,2014,WSH,1403.0666666666666,80,44.0
8475236,2014,DAL,1403.85,81,35.0
8468498,2014,PIT,1526.2166666666667,72,13.0
8471280,2014,BOS,87.33333333333333,9,0.0
8471691,2014,UTA,1214.3166666666666,65,40.0
8470104,2014,FLA,1556.3833333333334,73,28.0
8473986,2014,TBL,1375.8666666666666,82,41.0
8474291,2014,WSH,696.5833333333334,62,9.0
8471717,2014,BOS,481.43333333333334,30,6.0
8474685,2014,CBJ,901.75,56,23.0
8474077,2014,MIN,8.1,1,0.0
8475798,2014,MIN,1091.3666666666666,63,41.0
8474837,2014,CGY,43.11666666666667,4,0.0
8475690,2014,VAN,1327.15,64,17.0
8465914,2014,MTL,919.7166666666667,52,6.0
8477215,2014,DET,1406.65,65,23.0
8459444,2014,DET,864.5333333333333,59,16.0
8475296,2014,DET,9.016666666666667,1,0.0
8471742,2014,TOR,1634.15,79,33.0
8468505,2014,STL,1494.8333333333333,82,23.0
8468208,2014,WSH,1317.8333333333333,82,49.0
8475739,2014,MTL,619.1166666666667,60,14.0
8476462,2014,BOS,1222.5833333333333,64,25.0
8470638,2014,BOS,1439.3,80,62.0
8475733,2014,CGY,85.61666666666666,8,2.0
8470613,2014,SJS,1160.1333333333334,69,48.0
8471217,2014,WPG,1538.6166666666666,78,54.0
8475218,2014,NSH,1042.6333333333334,62,9.0
8470609,2014,NJD,970.8833333333333,78,12.0
8471266,2014,VAN,889.2666666666667,66,19.0
8471976,2014,MTL,1358.8833333333334,79,52.0
8473544,2014,NYR,1279.0833333333333,81,45.0
8469466,2014,OTT,1196.8833333333334,75,43.0
8467096,2014,SJS,1596.2,75,36.0
8474939,2014,NSH,8.45,1,0.0
8471222,2014,CGY,1323.45,73,8.0
8476166,2014,EDM,48.833333333333336,4,2.0
8473600,2014,VAN,8.716666666666667,2,0.0
8471699,2014,ANA,1262.2333333333333,82,42.0
8469490,2014,ANA,255.66666666666666,36,5.0
8474613,2014,NYR,1480.6166666666666,82,57.0
8470281,2014,CHI,1947.3333333333333,79,61.0
8475754,2014,NYI,1026.8833333333334,72,26.0
8471476,2014,ANA,1169.5833333333333,76,30.0
8467831,2014,UTA,709.75,69,12.0
8473562,2014,SJS,398.05,36,2.0
8476879,2014,OTT,842.1166666666667,49,9.0
8476779,2014,EDM,37.8,3,0.0
8476302,2014,VAN,188.46666666666667,15,1.0
8462042,2014,BOS,1420.8333333333333,78,61.0
8462041,2014,CAR,638.4166666666666,60,9.0
8470616,2014,VAN,1679.7833333333333,77,43.0
8473953,2014,CGY,133.43333333333334,14,1.0
8457981,2014,ANA,904.0833333333334,64,27.0
8466393,2014,PIT,690.2,39,20.0
8475815,2014,WPG,8.683333333333334,1,0.0
8474590,2014,WSH,2010.1333333333334,82,37.0
8471276,2014,BOS,1529.6666666666667,80,69.0
8474576,2014,CAR,112.18333333333334,11,4.0
8474571,2014,UTA,1428.0833333333333,82,51.0
8475650,2014,CHI,842.55,82,14.0
8476819,2014,VAN,130.28333333333333,19,1.0
8476482,2014,VAN,265.85,17,6.0
8466139,2014,SJS,1682.8,82,70.0
8473989,2014,EDM,388.6666666666667,67,4.0
8474642,2014,CGY,983.3333333333334,78,15.0
8470755,2014,VAN,1087.8,73,23.0
8470358,2014,VAN,873.0833333333334,49,15.0
8475613,2014,MIN,769.9166666666666,53,8.0
8472382,2014,NJD,2015.4166666666667,82,32.0
8471887,2014,NSH,1281.25,76,53.0
8474579,2014,ANA,511.7,30,6.0
8467334,2014,CAR,800.0666666666667,69,13.0
8469759,2014,DAL,1009.6,76,23.0
8475160,2014,LAK,721.4333333333333,71,8.0
8471220,2014,NJD,114.2,10,2.0
8474012,2014,WPG,46.016666666666666,9,1.0
8470310,2014,DAL,327.2,25,1.0
8475844,2014,CGY,88.73333333333333,8,2.0
8477126,2014,PIT,377.45,36,9.0
8475235,2014,BUF,223.41666666666666,17,1.0
8473507,2014,EDM,1726.7833333333333,80,17.0
8471323,2014,EDM,511.73333333333335,52,6.0
8470626,2014,BOS,1008.2333333333333,61,37.0
8474873,2014,DET,1082.4666666666667,75,6.0
8476522,2014,PIT,18.3,2,0.0
8475213,2014,FLA,287.8666666666667,24,7.0
8475192,2014,NSH,89.88333333333334,7,0.0
8471769,2014,CHI,1723.6,81,26.0
8476423,2014,NJD,261.1666666666667,23,7.0
8474598,2014,WSH,20.45,3,0.0
8475775,2014,PHI,201.23333333333332,18,5.0
8475770,2014,ANA,370.76666666666665,29,11.0
8475790,2014,FLA,1168.7666666666667,65,9.0
8471708,2014,WSH,27.25,3,0.0
8475164,2014,ANA,741.6833333333333,52,23.0
8475889,2014,MTL,38.15,5,0.0
8473473,2014,BOS,1390.05,80,59.0
8474659,2014,NYI,939.6,52,16.0
8476885,2014,WPG,1458.3666666666666,65,29.0
8474037,2014,TOR,1684.5166666666667,80,61.0
8470740,2014,PIT,1347.8333333333333,73,34.0
8459442,2014,ANA,978.15,65,29.0
8467967,2014,BOS,837.55,57,18.0
8474612,2014,NYI,1726.1333333333334,69,18.0
8475753,2014,CAR,1779.2833333333333,76,32.0
8471490,2014,STL,155.45,19,2.0
8475246,2014,DAL,551.9,36,8.0
8474551,2014,BUF,837.1833333333333,58,15.0
8476466,2014,CGY,366.9,26,11.0
8473453,2014,LAK,967.1833333333333,73,11.0
8471236,2014,BOS,924.8666666666667,52,22.0
8473994,2014,DAL,1551.3333333333333,81,79.0
8471680,2014,UTA,34.666666666666664,3,0.0
8477499,2014,BUF,649.9666666666667,34,4.0
8471996,2014,SJS,329.81666666666666,25,5.0
8474727,2014,CHI,955.2833333333333,75,26.0
8476975,2014,TBL,29.083333333333332,2,1.0
8476452,2014,CGY,188.3,14,4.0
8475118,2014,FLA,260.03333333333336,16,2.0
8468745,2014,TBL,190.01666666666668,19,4.0
8469619,2014,BOS,742.4833333333333,34,10.0
8470778,2014,DET,1159.3333333333333,82,15.0
8474091,2014,PIT,1277.25,81,26.0
8475750,2014,NJD,999.7666666666667,52,11.0
8471436,2014,COL,17.45,1,0.0
8467428,2014,FLA,328.75,55,4.0
8471686,2014,NYR,1476.8333333333333,72,14.0
8470232,2014,PHI,20.1,4,1.0
8468309,2014,PHI,1692.7333333333333,82,44.0
8475161,2014,WSH,104.36666666666666,12,2.0
8469473,2014,PIT,1208.1833333333334,74,25.0
8475744,2014,WSH,229.05,17,9.0
8475275,2014,WSH,131.26666666666668,9,3.0
8475848,2014,MTL,1293.1166666666666,81,41.0
8470602,2014,TOR,1884.65,80,31.0
8473914,2014,CBJ,1204.6,82,34.0
8475157,2014,DET,35.9,4,0.0
8474850,2014,NYR,27.433333333333334,6,0.0
8471233,2014,NJD,1624.8666666666666,80,48.0
8477492,2014,COL,1422.2166666666667,82,63.0
8473533,2014,CAR,1553.8833333333334,82,40.0
8473537,2014,NSH,880.8666666666667,70,18.0
8466182,2014,BUF,1215.9833333333333,64,8.0
8474628,2014,UTA,1274.45,70,21.0
8472368,2014,PIT,223.58333333333334,19,5.0
8476853,2014,TOR,1287.3,73,27.0
8471269,2014,PHI,1490.8833333333334,78,14.0
8470047,2014,TBL,1498.5,75,58.0
8471873,2014,NYR,1570.9833333333333,81,13.0
8474040,2014,EDM,1231.2333333333333,67,37.0
8471678,2014,NYR,1075.0,80,36.0
8471385,2014,WPG,865.25,60,6.0
8475761,2014,PIT,290.73333333333335,21,7.0
8471309,2014,DET,953.5166666666667,54,41.0
8470018,2014,BUF,473.56666666666666,50,6.0
8475913,2014,OTT,274.06666666666666,19,8.0
8467423,2014,DAL,990.1,77,20.0
8466285,2014,FLA,2208.8166666666666,82,37.0
8473991,2014,WSH,1683.8833333333334,82,18.0
8475800,2014,DET,22.4,3,0.0
8473933,2014,ANA,1512.9666666666667,78,18.0
8471676,2014,OTT,1180.8333333333333,70,48.0
8473485,2014,BUF,862.3166666666667,63,26.0
8473722,2014,BUF,378.26666666666665,56,1.0
8465951,2014,MIN,1263.2666666666667,82,28.0
8471273,2014,CBJ,1426.95,76,50.0
8474573,2014,NYI,1219.7833333333333,77,38.0
8469500,2014,CGY,1250.2333333333333,63,45.0
8467899,2014,SJS,706.75,48,22.0
8475177,2014,NYI,1072.2333333333333,51,16.0
8476206,2014,UTA,65.45,7,2.0
8475188,2014,BUF,206.73333333333332,12,0.0
8475855,2014,NYR,124.18333333333334,11,0.0
8470151,2014,STL,1971.9833333333333,82,37.0
8475154,2014,TOR,200.75,32,3.0
8476467,2014,DAL,124.53333333333333,7,0.0
8476304,2014,TOR,40.916666666666664,5,1.0
8471208,2014,WSH,969.4,67,35.0
8470621,2014,ANA,1577.9833333333333,81,82.0
8474027,2014,SJS,1719.2666666666667,82,17.0
8474052,2014,CAR,120.81666666666666,10,2.0
8476427,2014,STL,22.1,2,0.0
8475183,2014,MTL,78.96666666666667,8,0.0
8475180,2014,TOR,487.98333333333335,43,11.0
8473542,2014,VAN,497.2,77,9.0
8474574,2014,BUF,1357.7166666666667,62,22.0
8469462,2014,NJD,1107.0,76,24.0
8471242,2014,WSH,1591.0833333333333,70,38.0
8474095,2014,TBL,64.65,7,0.0
8469459,2014,MIN,1359.9833333333333,65,54.0
8470268,2014,EDM,95.83333333333333,7,1.0
8475784,2014,CAR,1220.7666666666667,71,54.0
8474157,2014,MTL,1349.8666666666666,73,60.0
8475231,2014,NYI,1069.8833333333334,80,16.0
8469544,2014,CHI,1548.7,82,78.0
8477850,2014,MIN,19.433333333333334,1,1.0
8477082,2014,TBL,32.06666666666667,3,1.0
8471832,2014,PIT,10.3,1,0.0
8474048,2014,TBL,147.35,15,1.0
8469501,2014,WPG,492.3666666666667,55,11.0
8470171,2014,COL,1308.8666666666666,81,27.0
8469623,2014,NJD,1753.6333333333334,81,42.0
8470257,2014,STL,1379.1333333333334,68,62.0
8471338,2014,BUF,728.65,67,10.0
8474849,2014,DAL,1079.9833333333333,81,29.0
8477220,2014,WSH,542.1333333333333,29,6.0
8465025,2014,NYR,44.88333333333333,6,0.0
8470604,2014,LAK,1364.5166666666667,72,50.0
8476436,2014,STL,191.21666666666667,18,2.0
8471262,2014,BOS,1040.8833333333334,73,48.0
8475264,2014,EDM,28.25,3,1.0
8470169,2014,BOS,976.1,82,21.0
8470666,2014,NYR,529.0166666666667,57,5.0
8471245,2014,TOR,332.71666666666664,23,12.0
8465009,2014,BOS,1898.3166666666666,77,40.0
8477501,2014,DAL,1182.5833333333333,79,34.0
8476191,2014,BOS,820.7166666666667,47,6.0
8471226,2014,BUF,1304.9,70,34.0
8474013,2014,STL,693.8666666666667,46,11.0
8476878,2014,BUF,1072.1166666666666,70,22.0
8470630,2014,NYR,1334.5,77,9.0
8476457,2014,NJD,462.4,26,3.0
8473426,2014,BUF,1211.5666666666666,68,9.0
8474135,2014,CAR,1118.2166666666667,64,8.0
8476292,2014,TBL,1460.8,81,59.0
8471348,2014,CBJ,1129.5666666666666,66,15.0
8470180,2014,NSH,1173.8166666666666,79,21.0
8464956,2014,OTT,1345.0333333333333,70,15.0
8470054,2014,MIN,612.45,45,9.0
8477228,2014,BOS,23.516666666666666,2,0.0
8474563,2014,LAK,2005.15,78,37.0
8475760,2014,FLA,1232.65,76,38.0
8469531,2014,CAR,1130.6,68,15.0
8468001,2014,CBJ,799.9,71,18.0
8468085,2014,UTA,1436.55,80,51.0
8473618,2014,ANA,956.8666666666667,69,43.0
8476454,2014,EDM,1631.4666666666667,80,56.0
8472410,2014,NJD,822.4333333333333,66,11.0
8471215,2014,PIT,1203.7666666666667,60,72.0
8460496,2014,EDM,1110.5333333333333,72,23.0
8476458,2014,NYI,562.0,37,18.0
8475208,2014,PIT,115.4,6,1.0
8475185,2014,NJD,273.5833333333333,27,3.0
8469460,2014,CAR,374.3666666666667,32,4.0
8473573,2014,CBJ,1344.3,81,39.0
8471392,2014,STL,1248.2833333333333,72,13.0
8475772,2014,DET,606.8833333333333,42,24.0
8471388,2014,BUF,41.71666666666667,5,0.0
8476483,2014,ANA,210.96666666666667,18,4.0
8476806,2014,TBL,821.1333333333333,63,19.0
8475151,2014,ANA,847.9,71,31.0
8467988,2014,TBL,671.45,57,15.0
8468575,2014,NYR,855.2833333333333,73,18.0
8473504,2014,NYI,1046.1,73,19.0
8476389,2014,FLA,377.73333333333335,20,8.0
8473534,2014,STL,1261.4166666666667,78,32.0
8471299,2014,CHI,697.8166666666667,61,11.0
8474616,2014,WPG,62.7,9,3.0
8475757,2014,MIN,53.45,5,0.0
8474584,2014,NSH,1152.9166666666667,67,16.0
8475279,2014,WPG,10.783333333333333,1,0.0
8471724,2014,PIT,896.65,37,22.0
8474673,2014,CGY,1949.1,81,31.0
8476419,2014,OTT,286.95,28,2.0
8475178,2014,VAN,943.8166666666667,73,29.0
8475169,2014,WPG,1278.2166666666667,63,41.0
8466138,2014,SJS,1552.35,82,76.0
8475220,2014,BUF,1114.6166666666666,74,19.0
8470920,2014,TOR,906.1,60,11.0
8468083,2014,DET,924.8833333333333,45,48.0
8475325,2014,LAK,576.0166666666667,64,10.0
8470595,2014,CAR,1602.7,79,61.0
8467496,2014,MTL,2044.3333333333333,81,43.0
8476244,2014,NYR,1132.4333333333334,63,15.0
8475598,2014,VAN,941.5666666666667,64,16.0
8471761,2014,CGY,1640.8,81,16.0
8474218,2014,SJS,1461.55,75,34.0
8475648,2014,CGY,105.46666666666667,10,2.0
8470543,2014,PIT,1494.2833333333333,78,68.0
8474074,2014,WPG,322.6166666666667,20,3.0
8474707,2014,EDM,513.6666666666666,30,12.0
8475796,2014,BUF,863.3666666666667,44,7.0
8476931,2014,BUF,106.5,7,1.0
8474145,2014,PIT,835.85,54,10.0
8474098,2014,DAL,386.8833333333333,26,12.0
8470816,2014,PHI,168.03333333333333,34,2.0
8474094,2014,WPG,521.4333333333333,46,10.0
8474166,2014,LAK,956.1833333333333,61,22.0
8467925,2014,PHI,787.0833333333334,80,9.0
8475153,2014,FLA,679.2166666666667,44,12.0
8475159,2014,WPG,26.616666666666667,3,1.0
8477214,2014,NYR,43.31666666666667,3,0.0
8469664,2014,UTA,1157.55,79,22.0
8474189,2014,MTL,1229.0333333333333,77,26.0
8476158,2014,PIT,131.66666666666666,13,2.0
8476854,2014,ANA,1515.6666666666667,78,30.0
8475165,2014,EDM,366.8833333333333,27,1.0
8470366,2014,MTL,9.883333333333333,1,0.0
8464975,2014,MTL,881.0166666666667,69,25.0
8475175,2014,STL,563.6166666666667,55,12.0
8464981,2014,COL,922.7833333333333,54,10.0
8475166,2014,NYI,1252.3,59,66.0
8470156,2014,FLA,129.41666666666666,9,1.0
8469521,2014,MTL,1601.7833333333333,81,43.0
8476925,2014,NSH,180.5,17,4.0
8477496,2014,CAR,842.5,58,21.0
8473536,2014,SJS,814.9666666666667,67,20.0
8469665,2014,CHI,1548.2833333333333,77,16.0
8473432,2014,NYR,561.9333333333333,51,8.0
8470610,2014,MIN,1367.85,67,56.0
8471346,2014,CHI,1171.1166666666666,81,36.0
8471371,2014,SJS,400.01666666666665,56,5.0
8477847,2014,CGY,54.95,6,0.0
8475567,2014,WSH,155.51666666666668,10,2.0
8473466,2014,MTL,503.81666666666666,52,6.0
8471718,2014,COL,802.3833333333333,76,7.0
8468485,2014,SJS,51.8,5,5.0
8471707,2014,PIT,1086.9833333333333,59,61.0
8474150,2014,CGY,1408.6833333333334,76,39.0
8471685,2014,LAK,1712.75,82,70.0
8474137,2014,CAR,724.9333333333333,70,12.0
8475727,2014,BOS,294.6333333333333,23,11.0
8474601,2014,VAN,36.833333333333336,3,0.0
8471767,2014,CGY,145.15,13,2.0
8476432,2014,CBJ,1013.7166666666667,72,29.0
8476430,2014,DET,484.75,36,15.0
8475194,2014,PIT,77.86666666666666,5,0.0
8473921,2014,NSH,24.35,2,0.0
8474641,2014,NJD,1390.1833333333334,77,43.0
8468486,2014,PHI,1316.7166666666667,78,52.0
8473468,2014,OTT,998.7,57,11.0
8471709,2014,SJS,1677.8833333333334,81,24.0
8470713,2014,UTA,185.13333333333333,39,8.0
8474096,2014,NSH,1137.4166666666667,71,32.0
8475150,2014,BOS,382.35,35,3.0
8475147,2014,VAN,300.28333333333336,25,6.0
8473505,2014,WSH,9.433333333333334,1,0.0
8474535,2014,DAL,83.23333333333333,9,0.0
8468095,2014,MTL,100.1,22,1.0
8475283,2014,CGY,39.0,7,2.0
8475726,2014,LAK,802.15,62,29.0
8471743,2014,STL,1021.3,61,33.0
8470599,2014,OTT,1441.1166666666666,82,39.0
8476851,2014,MTL,935.6833333333333,65,31.0
8476856,2014,MIN,161.83333333333334,13,2.0
8474610,2014,VAN,392.15,55,7.0
8475758,2014,ANA,240.21666666666667,19,10.0
8475190,2014,TOR,11.716666666666667,2,0.0
8474564,2014,TBL,749.2166666666667,37,40.0
8462196,2014,ANA,766.6166666666667,38,10.0
8474130,2014,CBJ,473.8833333333333,53,11.0
8474161,2014,PHI,1414.9166666666667,82,62.0
8473564,2014,WPG,1350.5166666666667,81,42.0
8473565,2014,NYI,843.75,47,9.0
8470654,2014,STL,792.8666666666667,71,15.0
8475625,2014,SJS,1166.5,62,19.0
8475714,2014,NSH,168.81666666666666,12,9.0
8470803,2014,MIN,1313.7166666666667,81,24.0
8470324,2014,MTL,1401.9833333333333,66,14.0
8471693,2014,DET,1137.2166666666667,66,19.0
8473646,2014,NJD,702.3833333333333,62,10.0
8470041,2014,NYR,1106.15,65,39.0
8469483,2014,ANA,65.03333333333333,6,0.0
8470207,2014,TOR,1273.1333333333334,69,44.0
8474162,2014,LAK,1446.3166666666666,76,24.0
8473970,2014,UTA,818.45,72,20.0
8473574,2014,VAN,1002.0833333333334,77,23.0
8475171,2014,UTA,2070.9,80,44.0
8475794,2014,DAL,1547.8166666666666,80,84.0
8477507,2014,BUF,120.2,7,1.0
8466149,2014,DET,722.75,52,8.0
8473682,2014,PIT,99.45,9,1.0
8473911,2014,EDM,57.86666666666667,6,2.0
8467876,2014,VAN,1687.1333333333334,82,54.0
8475323,2014,CHI,1123.8333333333333,81,28.0
8462038,2014,UTA,1306.9333333333334,69,47.0
8470063,2014,SJS,144.3,15,0.0
8476882,2014,CHI,42.28333333333333,3,0.0
8474190,2014,PHI,1375.1666666666667,82,60.0
8469470,2014,STL,378.81666666666666,25,4.0
8469779,2014,STL,26.616666666666667,2,0.0
8470201,2014,CGY,1413.3666666666666,75,54.0
8460542,2014,NJD,1162.1666666666667,65,53.0
8475833,2014,CGY,13.583333333333334,1,0.0
8475174,2014,OTT,1394.8333333333333,68,15.0
8473571,2014,BUF,1391.4666666666667,69,17.0
8467344,2014,LAK,1497.6333333333334,79,14.0
8471817,2014,STL,536.9166666666666,63,8.0
8475168,2014,COL,1313.2666666666667,71,70.0
8474497,2014,TBL,431.93333333333334,28,11.0
8476235,2014,MIN,809.0166666666667,66,21.0
8459670,2014,PHI,1565.3833333333334,77,35.0
8474250,2014,OTT,1273.6,82,22.0
8460626,2014,NJD,811.75,40,4.0
8468513,2014,CBJ,1083.3166666666666,67,5.0
8474586,2014,EDM,1563.1833333333334,80,65.0
8475198,2014,MTL,1.75,1,0.0
8474611,2014,DAL,124.53333333333333,9,0.0
8468535,2014,UTA,1575.35,82,45.0
8467370,2014,NSH,1481.7,75,49.0
8475640,2014,PHI,543.15,31,10.0
8474679,2014,DET,960.6,57,48.0
8467389,2014,NYR,1532.05,82,51.0
8471702,2014,PIT,1724.8,81,46.0
8474066,2014,NYI,1547.2666666666667,82,22.0
8470085,2014,TOR,923.45,53,14.0
8466140,2014,WPG,1395.9166666666667,82,43.0
8469542,2014,MIN,286.85,34,3.0
8466215,2014,OTT,438.05,25,10.0
8469707,2014,COL,932.2666666666667,55,33.0
8471840,2014,CAR,128.53333333333333,17,2.0
8476451,2014,UTA,34.583333333333336,3,0.0
8474030,2014,CAR,18.65,2,0.0
8470317,2014,COL,1174.9333333333334,68,9.0
8468611,2014,EDM,980.8333333333334,77,7.0
8476855,2014,EDM,901.7833333333333,63,24.0
8470110,2014,DAL,1416.75,67,25.0
8476429,2014,NYI,86.83333333333333,5,0.0
8476179,2014,EDM,244.13333333333333,30,5.0
8469465,2014,VAN,1892.6,79,22.0
8470378,2014,COL,1596.2666666666667,79,28.0
8471311,2014,SJS,852.2833333333333,67,17.0
8470644,2014,NYI,867.1666666666666,70,18.0
8470121,2014,LAK,603.75,38,6.0
8470617,2014,LAK,1392.1666666666667,82,41.0
8471274,2014,DAL,1969.3833333333334,81,42.0
8470162,2014,CGY,1157.5833333333333,63,33.0
8471390,2014,VAN,909.6666666666666,49,28.0
8475176,2014,NSH,1285.3833333333334,80,27.0
8471703,2014,PHI,874.35,62,24.0
8475768,2014,STL,1402.2333333333333,80,56.0
8475716,2014,EDM,843.1666666666666,44,6.0
8477495,2014,NSH,1510.7666666666667,77,25.0
8475200,2014,WSH,1058.2833333333333,54,11.0
8475209,2014,TBL,634.6166666666667,50,13.0
8467910,2014,ANA,29.783333333333335,2,1.0
8475197,2014,COL,1186.6833333333334,64,38.0
8475774,2014,TOR,11.766666666666667,1,0.0
8474567,2014,WPG,1260.0166666666667,55,11.0
8471766,2014,CBJ,213.56666666666666,28,2.0
8475181,2014,CHI,1341.6,82,31.0
8474141,2014,CHI,1353.1,69,69.0
8467493,2014,OTT,897.0166666666667,76,14.0
8476808,2014,BUF,1139.1,79,13.0
8476473,2014,UTA,539.4166666666666,30,8.0
8466333,2014,EDM,1495.3,71,18.0
8471636,2014,NJD,145.55,16,3.0
8475225,2014,NSH,1293.5833333333333,79,52.0
8467336,2014,MIN,80.71666666666667,13,1.0
8467331,2014,SJS,1167.3166666666666,61,11.0
8472424,2014,EDM,20.05,2,0.0
8469820,2014,BUF,466.1666666666667,59,3.0
8474025,2014,WPG,475.43333333333334,55,6.0
8467917,2014,STL,421.1666666666667,27,6.0
8468101,2014,NYI,201.18333333333334,13,3.0
8475747,2014,DAL,110.13333333333334,8,0.0
8471862,2014,OTT,1043.8666666666666,76,17.0
8475462,2014,TBL,1396.2666666666667,73,22.0
8467365,2014,WSH,577.1,37,4.0
8468482,2014,MIN,1126.2166666666667,76,28.0
8475797,2014,MTL,319.68333333333334,22,2.0
8471816,2014,NJD,1318.4166666666667,72,11.0
8475764,2014,ANA,1670.4,70,36.0
8470655,2014,STL,1446.55,74,57.0
8474717,2014,TBL,714.25,49,10.0
8470153,2014,NYI,390.53333333333336,28,9.0
8476887,2014,NSH,148.26666666666668,13,5.0
8473908,2014,CGY,311.68333333333334,48,7.0
8465058,2014,CHI,698.6,42,8.0
8474739,2014,SJS,1240.6166666666666,77,38.0
8475321,2014,BUF,102.66666666666667,9,2.0
8471284,2014,CAR,1752.2,74,44.0
8469555,2014,BUF,1889.05,79,33.0
8475214,2014,CHI,219.95,24,11.0
8470289,2014,WPG,287.03333333333336,27,2.0
8459628,2014,PHI,89.05,6,0.0
8470828,2014,WPG,1959.6666666666667,82,30.0
8474604,2014,NYI,295.8833333333333,20,3.0
8470854,2014,PIT,789.6833333333333,67,13.0
8470667,2014,OTT,1391.4333333333334,79,55.0
8475799,2014,MIN,1141.6833333333334,81,36.0
8469591,2014,MIN,383.1333333333333,43,7.0
8474061,2014,WPG,306.06666666666666,53,5.0
8474716,2014,MIN,1516.95,67,26.0
8477205,2014,TBL,679.1166666666667,43,8.0
8477201,2014,VAN,46.96666666666667,9,1.0
8475060,2014,TBL,93.78333333333333,7,0.0
8476442,2014,SJS,929.0666666666667,66,24.0
8474609,2014,BUF,154.0,12,1.0
8466378,2014,NYR,1696.1833333333334,81,69.0
8471260,2014,CBJ,735.6833333333333,61,16.0
8473419,2014,BOS,1307.7333333333333,82,53.0
8473412,2014,WPG,1640.3,82,64.0
8469506,2014,MIN,1524.3833333333334,82,60.0
8471700,2014,SJS,23.566666666666666,6,1.0
8475254,2014,MTL,13.666666666666666,2,0.0
8471303,2014,VAN,1467.05,63,22.0
8473579,2014,TOR,1135.1,70,20.0
8471232,2014,UTA,1028.2166666666667,64,25.0
8475148,2014,CBJ,28.683333333333334,2,0.0
8471514,2014,DAL,953.9166666666666,62,30.0
8475878,2014,SJS,113.55,11,0.0
8474749,2014,BOS,1250.3166666666666,64,18.0
8470105,2014,FLA,1209.7,76,37.0
8468064,2014,UTA,1027.0833333333333,70,29.0
8475752,2014,EDM,89.71666666666667,10,1.0
8470606,2014,LAK,1251.05,79,27.0
8471474,2014,DAL,41.31666666666667,4,1.0
8470966,2014,CGY,1614.9666666666667,64,47.0
8474164,2014,MIN,174.96666666666667,15,1.0
8476346,2014,CGY,15.183333333333334,1,1.0
8474578,2014,OTT,2217.9,82,74.0
8474674,2014,WPG,565.1666666666666,59,2.0
8475247,2014,WSH,131.08333333333334,17,4.0
8476827,2014,CGY,122.08333333333333,10,3.0
8471794,2014,DET,637.1833333333333,42,20.0
8471956,2014,SJS,902.1666666666666,81,17.0
8473962,2014,TBL,1333.7833333333333,81,42.0
8476207,2014,PIT,489.73333333333335,41,17.0
8476881,2014,SJS,567.15,37,25.0
8471760,2014,CBJ,2.716666666666667,1,0.0
8471231,2014,UTA,777.4333333333333,80,20.0
8468674,2014,PIT,730.4833333333333,56,12.0
8471352,2014,MIN,7.15,1,0.0
8475204,2014,FLA,635.8333333333334,49,25.0
8470230,2014,BOS,789.35,72,18.0
8475765,2014,STL,971.1,64,43.0
8471748,2014,EDM,645.5666666666667,42,2.0
8470612,2014,ANA,1638.9666666666667,77,87.0
8467875,2014,VAN,1264.1333333333334,61,43.0
8473927,2014,CHI,30.983333333333334,3,0.0
8477497,2014,CGY,1198.35,75,34.0
8469476,2014,TOR,931.3666666666667,56,6.0
8473992,2014,NYR,250.56666666666666,21,2.0
8471498,2014,VAN,1112.2333333333333,71,20.0
8474683,2014,OTT,191.23333333333332,20,2.0
8477816,2014,VAN,24.25,2,1.0
8469455,2014,OTT,1364.5,75,66.0
8473563,2014,WSH,1623.7666666666667,82,79.0
8475163,2014,DAL,1194.0166666666667,79,35.0
8476472,2014,EDM,268.55,17,3.0
8471735,2014,UTA,1979.9833333333333,82,53.0
8475222,2014,ANA,837.6666666666666,48,21.0
8476888,2014,BUF,205.73333333333332,18,3.0
8476455,2014,COL,1512.3333333333333,81,65.0
8477666,2014,NSH,60.78333333333333,6,2.0
8476443,2014,DET,58.28333333333333,4,0.0
8475728,2014,BUF,376.68333333333334,28,4.0
8471296,2014,MTL,1136.1166666666666,59,17.0
8476162,2014,WSH,503.76666666666665,33,10.0
8475692,2014,NYR,1319.75,77,59.0
8464977,2014,NJD,1439.5,82,26.0
8476410,2014,TOR,69.01666666666667,7,2.0
8473465,2014,COL,1246.5166666666667,79,38.0
8464989,2014,NSH,1193.1833333333334,77,39.0
8475793,2014,CBJ,1447.0166666666667,82,63.0
8468542,2014,PIT,958.2666666666667,39,15.0
8470318,2014,DET,1019.8333333333334,48,11.0
8475845,2014,BOS,47.38333333333333,4,2.0
8474005,2014,ANA,24.35,2,2.0
8471851,2014,BUF,846.5666666666667,57,12.0
8470222,2014,CBJ,1696.6333333333334,75,50.0
8471675,2014,PIT,1757.7833333333333,80,104.0
8471677,2014,CBJ,2023.7166666666667,82,33.0
8475268,2014,NSH,1024.0166666666667,74,26.0
8474059,2014,BUF,175.06666666666666,14,2.0
8471362,2014,WSH,913.6166666666667,58,35.0
8475184,2014,NYR,1038.1,66,37.0
8471241,2014,ANA,523.8,34,5.0
8469626,2014,VAN,73.85,10,0.0
8473673,2014,UTA,787.0666666666667,48,9.0
8476765,2014,NYI,189.83333333333334,20,1.0
8474068,2014,OTT,1534.4333333333334,82,58.0
8476435,2014,BOS,15.233333333333333,1,0.0
8470607,2014,CHI,1825.6666666666667,82,41.0
8475224,2014,UTA,224.81666666666666,26,3.0
8476461,2014,PHI,1565.1166666666666,82,39.0
8474125,2014,TOR,1552.7833333333333,80,17.0
8477289,2014,EDM,951.0,57,7.0
8462129,2014,CHI,805.15,59,16.0
8477836,2014,CHI,19.266666666666666,2,1.0
8468598,2014,NYI,492.3666666666667,24,11.0
8470611,2014,WSH,1076.6833333333334,73,31.0
8474594,2014,LAK,1827.9,82,34.0
8476792,2014,BOS,1383.2833333333333,79,40.0
8474207,2014,COL,1008.8833333333333,54,25.0
8465166,2014,PIT,1021.7833333333333,82,11.0
8476941,2014,WSH,543.0666666666667,34,6.0
8475791,2014,EDM,1500.3166666666666,75,80.0
8471958,2014,NYR,1870.95,81,24.0
8475902,2014,BOS,30.0,2,0.0
8471214,2014,WSH,1602.5333333333333,78,79.0
8471669,2014,COL,1305.85,71,60.0
8468504,2014,FLA,1329.4333333333334,78,36.0
8475793,2015,CBJ,1599.1833333333334,82,71.0
8475792,2015,BOS,668.25,55,17.0
8474709,2015,NYI,879.0166666666667,78,14.0
8467407,2015,BUF,1245.75,69,35.0
8474145,2015,STL,770.8166666666667,51,8.0
8467096,2015,NYR,1315.8833333333334,65,20.0
8473914,2015,CBJ,720.2666666666667,54,13.0
8470724,2015,DET,1421.9333333333334,73,18.0
8475755,2015,FLA,536.5666666666667,33,3.0
8470729,2015,BUF,873.2833333333333,46,5.0
8474849,2015,DAL,1161.75,80,25.0
8474641,2015,NJD,1330.7833333333333,75,43.0
8476856,2015,MIN,870.2666666666667,58,16.0
8475165,2015,EDM,570.45,38,20.0
8475816,2015,WSH,18.766666666666666,2,1.0
8475162,2015,ANA,89.4,7,1.0
8473942,2015,TOR,597.45,54,5.0
8474602,2015,EDM,1831.5166666666667,81,31.0
8474218,2015,DAL,1549.2,81,25.0
8473492,2015,ANA,941.0333333333333,65,32.0
8474519,2015,CAR,488.7,38,5.0
8467389,2015,CHI,1131.4833333333333,76,37.0
8477244,2015,BUF,49.85,4,1.0
8471426,2015,WSH,1436.9,82,43.0
8473911,2015,EDM,142.71666666666667,18,4.0
8468001,2015,FLA,1020.9666666666667,82,11.0
8475203,2015,ANA,6.05,1,0.0
8474627,2015,STL,1215.8,75,44.0
8476456,2015,FLA,1323.0833333333333,79,54.0
8475810,2015,PIT,168.36666666666667,14,2.0
8473722,2015,SJS,283.1666666666667,38,4.0
8474577,2015,CGY,986.9,64,28.0
8476346,2015,CGY,1417.35,80,64.0
8475179,2015,FLA,1555.7333333333333,73,22.0
8475797,2015,MTL,156.86666666666667,13,2.0
8473682,2015,PIT,216.13333333333333,24,6.0
8470257,2015,STL,1478.5666666666666,74,64.0
8466139,2015,SJS,1604.45,82,57.0
8476468,2015,NYR,736.5833333333334,58,23.0
8471724,2015,PIT,1758.0333333333333,69,54.0
8467338,2015,COL,1452.6166666666666,80,55.0
8467332,2015,MTL,172.95,11,2.0
8476454,2015,EDM,1568.6833333333334,76,56.0
8476451,2015,UTA,331.65,26,5.0
8475321,2015,BUF,376.43333333333334,28,5.0
8470616,2015,ANA,1580.5,81,47.0
8475753,2015,CAR,2002.9333333333334,82,49.0
8475758,2015,MTL,1056.05,74,20.0
8474581,2015,TOR,1656.9166666666667,79,24.0
8471762,2015,PHI,844.5333333333333,72,15.0
8475246,2015,CBJ,1005.4,62,21.0
8475177,2015,NYI,1235.6666666666667,65,12.0
8469759,2015,DAL,1050.1166666666666,80,29.0
8471733,2015,NSH,5.5,1,0.0
8475913,2015,OTT,1361.3166666666666,80,64.0
8474150,2015,CGY,922.7166666666667,52,27.0
8470317,2015,COL,1279.4666666666667,76,15.0
8470803,2015,MIN,951.05,73,20.0
8471233,2015,NJD,1409.75,74,25.0
8473482,2015,WPG,1153.5,72,31.0
8474618,2015,MIN,1389.9833333333333,64,23.0
8475759,2015,UTA,413.7,27,4.0
8471269,2015,PHI,1200.6166666666666,68,14.0
8467899,2015,NJD,591.3666666666667,40,14.0
8468674,2015,CGY,1093.1833333333334,76,11.0
8476195,2015,NYI,202.2,15,3.0
8477509,2015,SJS,661.4833333333333,39,4.0
8469455,2015,DAL,1412.0,82,62.0
8465978,2015,FLA,440.8666666666667,46,5.0
8470871,2015,STL,229.3,24,2.0
8475225,2015,NSH,1290.2333333333333,82,44.0
8476887,2015,NSH,1420.65,82,63.0
8476884,2015,PIT,596.5833333333334,34,7.0
8469544,2015,CHI,1143.1333333333334,68,43.0
8467514,2015,DET,1200.2333333333333,63,65.0
8474113,2015,TOR,100.86666666666666,6,1.0
8473536,2015,NYR,941.2166666666667,71,18.0
8470614,2015,WPG,1345.0333333333333,70,14.0
8474102,2015,PIT,1403.5666666666666,81,41.0
8476851,2015,MTL,1314.3,80,46.0
8468505,2015,STL,907.4666666666667,78,12.0
8468509,2015,DET,1907.05,80,44.0
8477932,2015,FLA,1766.4666666666667,81,39.0
8475462,2015,TBL,526.3666666666667,31,5.0
8474571,2015,UTA,786.7666666666667,45,28.0
8477591,2015,CGY,869.5,60,24.0
8475178,2015,VAN,529.9666666666667,42,16.0
8475414,2015,UTA,534.1333333333333,51,7.0
8475796,2015,BUF,127.25,7,3.0
8475160,2015,LAK,859.0666666666667,80,15.0
8475294,2015,CAR,89.86666666666666,6,0.0
8470159,2015,EDM,906.1333333333333,68,13.0
8475220,2015,BUF,924.8333333333334,57,20.0
8468575,2015,NYR,1132.4,82,27.0
8477059,2015,NJD,257.5,17,7.0
8468085,2015,VAN,1312.3333333333333,79,63.0
8475153,2015,FLA,699.65,44,8.0
8474646,2015,VAN,607.15,58,4.0
8474744,2015,CBJ,82.66666666666667,8,2.0
8469555,2015,PIT,1066.1833333333334,49,14.0
8470613,2015,SJS,1964.3666666666666,82,60.0
8476852,2015,NYI,113.38333333333334,8,1.0
8471879,2015,CHI,93.06666666666666,7,0.0
8477228,2015,BOS,15.516666666666667,2,0.0
8469760,2015,STL,1411.7333333333333,68,12.0
8473485,2015,MIN,1286.3333333333333,81,36.0
8475192,2015,NSH,739.65,62,16.0
8475199,2015,NJD,1004.1166666666667,61,19.0
8471262,2015,BOS,1377.5166666666667,82,44.0
8474074,2015,WPG,593.4166666666666,42,6.0
8471766,2015,CBJ,523.7833333333333,72,5.0
8476822,2015,DET,1207.0833333333333,82,18.0
8477486,2015,CGY,47.9,6,1.0
8471392,2015,TOR,1180.95,56,9.0
8471794,2015,DET,1187.5166666666667,75,33.0
8476404,2015,LAK,154.23333333333332,18,3.0
8474062,2015,CAR,1107.8333333333333,68,25.0
8476477,2015,OTT,104.41666666666667,13,3.0
8471681,2015,CBJ,563.55,45,8.0
8475236,2015,DAL,1341.0833333333333,78,40.0
8475224,2015,UTA,121.21666666666667,9,1.0
8476624,2015,SJS,664.3,60,12.0
8468611,2015,EDM,933.8,71,16.0
8476850,2015,CBJ,226.9,12,3.0
8471299,2015,CHI,33.333333333333336,4,1.0
8470601,2015,TBL,857.4,43,11.0
8476438,2015,CHI,1414.6,82,52.0
8477887,2015,CAR,62.166666666666664,7,0.0
8474166,2015,LAK,1115.4,56,22.0
8476536,2015,COL,6.1,1,0.0
8468482,2015,ANA,72.75,6,0.0
8475799,2015,MIN,1162.85,80,37.0
8475310,2015,DAL,415.2,36,5.0
8477845,2015,CHI,243.65,18,1.0
8476465,2015,CAR,676.75,37,13.0
8475868,2015,NSH,82.45,7,0.0
8475723,2015,PHI,28.366666666666667,3,2.0
8470104,2015,MTL,1392.4333333333334,72,12.0
8470189,2015,LAK,5.25,1,0.0
8474612,2015,NYI,1547.1166666666666,71,33.0
8474192,2015,TOR,63.5,9,0.0
8474818,2015,DAL,1317.25,73,16.0
8460720,2015,NYI,71.96666666666667,10,2.0
8473533,2015,CAR,874.1,47,25.0
8474168,2015,DET,790.7833333333333,68,8.0
8474570,2015,BUF,1002.0333333333333,78,13.0
8474673,2015,CGY,2041.8333333333333,81,41.0
8469462,2015,NJD,836.6,77,13.0
8475254,2015,MTL,27.366666666666667,3,0.0
8474068,2015,OTT,1575.2166666666667,82,64.0
8476483,2015,ANA,891.1,71,31.0
8476207,2015,CBJ,345.5833333333333,25,5.0
8464989,2015,NSH,806.8166666666667,62,25.0
8474151,2015,NYR,1642.4166666666667,71,33.0
8475907,2015,CGY,273.6166666666667,26,5.0
8477496,2015,CAR,1330.0166666666667,81,39.0
8464956,2015,OTT,752.2666666666667,36,3.0
8468483,2015,LAK,1167.1333333333334,69,47.0
8470714,2015,CGY,57.96666666666667,6,0.0
8467876,2015,VAN,1525.05,82,73.0
8470169,2015,BOS,849.45,70,12.0
8460542,2015,NJD,1216.3666666666666,69,34.0
8470378,2015,BUF,1069.3833333333334,59,9.0
8473571,2015,LAK,329.8666666666667,26,9.0
8466149,2015,DET,155.26666666666668,17,2.0
8470655,2015,STL,1491.2833333333333,80,58.0
8470318,2015,DET,1605.6,82,15.0
8474520,2015,TBL,1400.6833333333334,70,30.0
8469547,2015,NJD,711.1166666666667,68,15.0
8474038,2015,CGY,824.6833333333333,57,19.0
8476443,2015,DET,344.2,21,3.0
8470598,2015,MIN,1296.65,80,52.0
8476432,2015,CBJ,565.5166666666667,31,17.0
8476923,2015,NJD,1120.1166666666666,51,17.0
8466160,2015,TBL,652.9333333333333,70,8.0
8475180,2015,TOR,900.3166666666667,62,25.0
8470543,2015,PIT,1323.5333333333333,74,40.0
8473574,2015,VAN,1022.2,78,27.0
8469501,2015,WPG,655.0166666666667,81,14.0
8476431,2015,VAN,349.3833333333333,21,4.0
8473994,2015,DAL,1635.4833333333333,82,87.0
8476872,2015,PHI,394.3,31,6.0
8474535,2015,NYR,73.16666666666667,7,2.0
8474137,2015,MTL,19.533333333333335,3,0.0
8476397,2015,CAR,27.683333333333334,2,0.0
8467351,2015,NJD,957.7666666666667,58,34.0
8466378,2015,NYR,1299.65,74,52.0
8470602,2015,TOR,1660.2333333333333,70,29.0
8469473,2015,STL,864.4666666666667,74,9.0
8466251,2015,WSH,996.05,77,19.0
8473463,2015,TOR,911.3833333333333,62,26.0
8475794,2015,DAL,1388.1,71,77.0
8469470,2015,PHI,544.0,33,8.0
8477249,2015,EDM,123.75,9,6.0
8475250,2015,CAR,720.9833333333333,54,20.0
8475761,2015,PIT,611.8833333333333,49,12.0
8469598,2015,VAN,1249.8833333333334,60,14.0
8477916,2015,COL,103.41666666666667,11,2.0
8470152,2015,TOR,576.4,53,10.0
8476439,2015,DAL,433.56666666666666,31,9.0
8468478,2015,MTL,439.0833333333333,31,4.0
8465058,2015,CHI,1105.8833333333334,65,13.0
8470610,2015,MIN,1418.0833333333333,74,62.0
8470750,2015,COL,1078.25,68,26.0
8476279,2015,DAL,842.05,51,10.0
8467371,2015,NSH,1537.2,82,62.0
8476549,2015,SJS,37.85,5,1.0
8474597,2015,CBJ,560.35,36,9.0
8469639,2015,WSH,971.7333333333333,66,20.0
8476406,2015,LAK,376.95,34,7.0
8468498,2015,WSH,1699.0333333333333,78,19.0
8475765,2015,STL,1356.5666666666666,77,73.0
8470654,2015,PIT,856.7833333333333,80,11.0
8476888,2015,BUF,379.23333333333335,25,6.0
8470644,2015,NYI,189.13333333333333,18,8.0
8470699,2015,COL,1672.95,81,13.0
8471742,2015,NSH,1531.0,78,36.0
8475197,2015,COL,1709.2333333333333,80,53.0
8468208,2015,WSH,1382.6666666666667,82,34.0
8475749,2015,MTL,163.71666666666667,18,1.0
8475567,2015,WPG,9.55,1,0.0
8466140,2015,STL,822.3666666666667,62,10.0
8470794,2015,SJS,1650.25,82,70.0
8467400,2015,ANA,1455.3,64,23.0
8474661,2015,CAR,605.9166666666666,38,6.0
8475309,2015,BUF,87.56666666666666,9,0.0
8475194,2015,UTA,67.53333333333333,4,0.0
8476878,2015,BUF,1163.85,61,30.0
8476312,2015,ANA,516.1333333333333,28,3.0
8476919,2015,SJS,526.65,43,21.0
8470877,2015,CGY,960.7333333333333,67,30.0
8465951,2015,MIN,365.4,29,10.0
8474616,2015,WPG,4.9,1,0.0
8475188,2015,LAK,1128.8333333333333,71,24.0
8473544,2015,NYR,1391.6,80,60.0
8476191,2015,BOS,739.3666666666667,41,7.0
8477429,2015,WPG,13.266666666666667,1,1.0
8477942,2015,NSH,11.416666666666666,1,0.0
8474716,2015,MIN,1493.1,66,25.0
8475855,2015,NYR,684.65,58,14.0
8470151,2015,STL,1631.8833333333334,72,13.0
8475157,2015,DET,35.95,3,1.0
8476461,2015,PHI,1507.8333333333333,82,37.0
8473453,2015,LAK,1029.8,73,25.0
8476449,2015,PIT,158.0,10,0.0
8475619,2015,WSH,19.233333333333334,2,0.0
8475598,2015,VAN,864.2833333333333,54,11.0
8476410,2015,TOR,68.88333333333334,9,1.0
8471476,2015,PIT,1314.7,79,34.0
8476464,2015,COL,14.0,1,0.0
8474135,2015,CAR,802.4833333333333,49,10.0
8473465,2015,COL,280.6333333333333,19,6.0
8476792,2015,BOS,1528.3333333333333,78,39.0
8470666,2015,CHI,319.3833333333333,39,8.0
8470230,2015,BOS,817.4333333333333,71,13.0
8476462,2015,BOS,1536.1833333333334,72,42.0
8469531,2015,WPG,875.85,55,9.0
8473504,2015,NYI,967.3333333333334,76,16.0
8471699,2015,ANA,1195.1333333333334,82,29.0
8471669,2015,STL,1304.4333333333334,74,46.0
8476392,2015,WPG,1100.25,80,23.0
8477933,2015,BUF,93.26666666666667,9,1.0
8477495,2015,NSH,1630.4,82,27.0
8475186,2015,UTA,929.4833333333333,57,11.0
8473970,2015,EDM,774.0166666666667,69,9.0
8467890,2015,STL,1345.2833333333333,80,15.0
8474668,2015,MTL,962.35,79,29.0
8473962,2015,EDM,1407.1666666666667,82,34.0
8471816,2015,EDM,1327.2833333333333,74,8.0
8470719,2015,UTA,31.983333333333334,3,0.0
8475222,2015,ANA,1437.95,67,37.0
8474013,2015,PIT,1182.7,74,17.0
8475149,2015,WSH,1350.95,82,47.0
8470638,2015,BOS,1468.6166666666666,81,55.0
8474034,2015,ANA,1014.0833333333334,71,34.0
8474031,2015,STL,1263.3333333333333,56,44.0
8475878,2015,COL,136.38333333333333,18,1.0
8468064,2015,UTA,1253.3833333333334,79,32.0
8475728,2015,BUF,566.1333333333333,39,16.0
8471296,2015,MTL,1346.3,68,14.0
8468508,2015,LAK,1279.9166666666667,81,41.0
8460626,2015,NJD,277.53333333333336,15,2.0
8474609,2015,CBJ,19.333333333333332,3,0.0
8474590,2015,WSH,1891.9666666666667,82,55.0
8475247,2015,WSH,444.05,53,6.0
8478393,2015,CHI,37.61666666666667,3,0.0
8466142,2015,TOR,822.1333333333333,44,11.0
8469457,2015,DET,589.85,52,25.0
8459670,2015,CHI,191.6,16,0.0
8468542,2015,PIT,1685.8,74,20.0
8477850,2015,MIN,608.0,40,10.0
8475869,2015,EDM,181.65,12,1.0
8473986,2015,TBL,1201.75,71,38.0
8475808,2015,CBJ,336.56666666666666,33,5.0
8475266,2015,COL,50.21666666666667,7,1.0
8471887,2015,PIT,1129.85,64,51.0
8477501,2015,DAL,110.18333333333334,8,1.0
8471956,2015,CHI,741.0,69,10.0
8471702,2015,WSH,1833.0166666666667,82,31.0
8474141,2015,CHI,1211.1333333333334,61,64.0
8474774,2015,CBJ,1160.1666666666667,63,8.0
8474736,2015,PHI,517.25,58,6.0
8470834,2015,WPG,1564.25,69,45.0
8477227,2015,SJS,39.88333333333333,4,0.0
8474870,2015,TBL,1327.35,77,72.0
8468309,2015,PHI,1811.8,81,52.0
8472410,2015,NJD,804.2833333333333,61,13.0
8476855,2015,EDM,1250.8833333333334,81,33.0
8475690,2015,VAN,1475.6666666666667,70,20.0
8470047,2015,TBL,1559.2,82,48.0
8474697,2015,OTT,1002.3666666666667,63,11.0
8473991,2015,WSH,1593.45,82,21.0
8467396,2015,DET,989.2333333333333,68,39.0
8475625,2015,SJS,902.0333333333333,53,19.0
8474727,2015,SJS,1044.1666666666667,80,14.0
8471185,2015,WSH,1111.0166666666667,71,35.0
8470180,2015,NSH,791.6833333333333,60,12.0
8471474,2015,DAL,72.58333333333333,6,0.0
8474563,2015,LAK,2377.6666666666665,82,46.0
8471362,2015,NYI,727.9666666666667,51,19.0
8473658,2015,NSH,497.0833333333333,37,10.0
8476177,2015,PHI,1405.3166666666666,80,30.0
8471276,2015,BOS,853.85,47,31.0
8464977,2015,NJD,1084.7666666666667,74,10.0
8471717,2015,BOS,1161.4666666666667,63,7.0
8470662,2015,STL,4.7,1,0.0
8475175,2015,STL,97.96666666666667,10,1.0
8475795,2015,NYR,8.033333333333333,1,0.0
8471703,2015,PIT,895.2333333333333,72,28.0
8469521,2015,MTL,1570.7666666666667,82,60.0
8470642,2015,NSH,2056.7833333333333,78,45.0
8475233,2015,CBJ,1881.4,82,36.0
8470740,2015,WPG,903.2,71,28.0
8477913,2015,CGY,28.15,3,0.0
8475996,2015,UTA,132.41666666666666,12,1.0
8467977,2015,CGY,53.06666666666667,8,0.0
8476437,2015,CAR,1306.65,80,33.0
8476389,2015,FLA,700.2666666666667,50,22.0
8474567,2015,BUF,1468.6166666666666,62,20.0
8476466,2015,VAN,174.26666666666668,18,6.0
8474573,2015,NYI,1174.65,70,41.0
8474207,2015,COL,1543.3,78,14.0
8470171,2015,BOS,1102.45,81,18.0
8474176,2015,NYR,1249.0166666666667,82,35.0
8475161,2015,WSH,32.3,5,1.0
8475780,2015,ANA,79.1,9,0.0
8474091,2015,PIT,1385.9166666666667,80,33.0
8473512,2015,PHI,1665.7666666666667,81,73.0
8468778,2015,TOR,6.1,1,0.0
8474001,2015,WPG,397.5,38,1.0
8476871,2015,LAK,558.2666666666667,42,16.0
8469542,2015,MIN,92.33333333333333,12,2.0
8474625,2015,FLA,1090.1166666666666,72,35.0
8469707,2015,MTL,839.3333333333334,56,22.0
8470617,2015,LAK,708.3833333333333,53,16.0
8476394,2015,CHI,12.75,1,1.0
8471217,2015,WPG,1625.8666666666666,81,62.0
8468501,2015,NSH,606.2,46,7.0
8471862,2015,OTT,255.36666666666667,26,1.0
8474613,2015,NYR,1236.3,68,55.0
8474565,2015,STL,2058.116666666667,81,46.0
8471804,2015,CAR,1282.35,78,28.0
8469508,2015,CAR,1113.3166666666666,82,21.0
8475775,2015,UTA,515.2333333333333,51,7.0
8475790,2015,FLA,1414.8833333333334,76,13.0
8471958,2015,NYR,1860.75,82,20.0
8477589,2015,VAN,368.05,30,12.0
8476479,2015,CHI,19.0,2,0.0
8474098,2015,DAL,902.8666666666667,71,26.0
8476886,2015,TBL,49.75,3,0.0
8473507,2015,MTL,1657.45,78,22.0
8477290,2015,PHI,951.1166666666667,67,28.0
8474037,2015,TOR,1564.8833333333334,82,56.0
8471284,2015,LAK,1605.1166666666666,73,23.0
8471218,2015,WPG,1553.2666666666667,79,61.0
8472394,2015,NJD,655.4666666666667,43,5.0
8475214,2015,CBJ,438.56666666666666,43,6.0
8467917,2015,MIN,641.6833333333333,43,4.0
8477902,2015,COL,649.05,55,12.0
8475613,2015,MIN,806.1333333333333,63,7.0
8474052,2015,CAR,725.15,57,20.0
8476179,2015,EDM,32.13333333333333,3,0.0
8473548,2015,TOR,1541.05,82,61.0
8474162,2015,LAK,1725.1833333333334,76,41.0
8471817,2015,STL,690.0666666666667,81,12.0
8477070,2015,WSH,98.06666666666666,13,2.0
8474095,2015,CBJ,20.816666666666666,3,0.0
8471735,2015,NYR,1924.7,84,52.0
8476478,2015,TOR,162.7,9,3.0
8471226,2015,WPG,1253.9,76,43.0
8475716,2015,EDM,764.5166666666667,41,5.0
8473446,2015,COL,1147.7166666666667,47,23.0
8470120,2015,CAR,907.65,57,19.0
8475148,2015,TOR,639.1333333333333,42,7.0
8477220,2015,WSH,541.5666666666667,39,4.0
8475295,2015,TOR,158.21666666666667,20,4.0
8474189,2015,MTL,1193.1833333333334,77,27.0
8475727,2015,BOS,421.6,29,18.0
8476302,2015,VAN,156.68333333333334,10,1.0
8476158,2015,NYI,22.25,2,0.0
8470041,2015,NYR,1378.7833333333333,79,69.0
8473473,2015,BOS,1324.9666666666667,81,44.0
8474564,2015,TBL,1588.15,82,72.0
8474568,2015,PHI,1048.05,58,14.0
8471769,2015,CHI,1793.4666666666667,82,19.0
8474884,2015,OTT,1149.7666666666667,79,48.0
8476482,2015,VAN,47.78333333333333,5,0.0
8474497,2015,NYR,107.7,7,1.0
8470867,2015,TOR,23.083333333333332,5,0.0
8476452,2015,CGY,20.316666666666666,1,0.0
8467344,2015,LAK,1361.1666666666667,67,13.0
8476769,2015,PIT,78.93333333333334,11,0.0
8474025,2015,MTL,54.083333333333336,7,0.0
8470358,2015,VAN,1083.4166666666667,70,33.0
8476921,2015,UTA,93.58333333333333,8,1.0
8469619,2015,BOS,1811.5666666666666,82,14.0
8471761,2015,STL,567.3,33,9.0
8475770,2015,ANA,550.9666666666667,45,10.0
8469500,2015,NJD,1246.5166666666667,68,42.0
8477500,2015,VAN,833.9333333333333,68,25.0
8475842,2015,TOR,103.75,16,2.0
8474772,2015,MIN,48.95,9,1.0
8475169,2015,WPG,714.5666666666667,37,22.0
8474066,2015,NYI,1533.0666666666666,81,22.0
8476289,2015,DET,200.6,13,2.0
8475714,2015,NSH,950.85,74,18.0
8467423,2015,DAL,989.4833333333333,76,29.0
8471916,2015,TBL,22.033333333333335,3,0.0
8476336,2015,EDM,172.3,17,3.0
8448208,2015,FLA,1352.9,77,47.0
8468083,2015,DET,1471.55,77,66.0
8467330,2015,OTT,1111.75,80,27.0
8474250,2015,OTT,445.23333333333335,37,3.0
8470621,2015,ANA,1212.75,67,55.0
8471664,2015,CGY,844.3833333333333,57,23.0
8473432,2015,VAN,951.5833333333334,79,25.0
8469492,2015,CBJ,1334.9,67,15.0
8471677,2015,CBJ,1908.25,79,40.0
8475752,2015,EDM,211.53333333333333,17,2.0
8470144,2015,NYI,1293.2166666666667,78,43.0
8474605,2015,OTT,1011.15,56,13.0
8476428,2015,FLA,88.26666666666667,7,1.0
8473542,2015,VAN,18.716666666666665,3,1.0
8473546,2015,NYI,439.8,34,13.0
8474685,2015,CBJ,895.65,56,23.0
8468486,2015,CBJ,1331.8666666666666,77,60.0
8476292,2015,TBL,1307.35,75,63.0
8476209,2015,NJD,122.11666666666666,10,1.0
8476393,2015,PHI,96.98333333333333,11,0.0
8476807,2015,SJS,474.31666666666666,27,8.0
8471338,2015,MTL,922.8833333333333,65,14.0
8471686,2015,NYR,1690.9833333333333,80,20.0
8474134,2015,VAN,1117.2,65,21.0
8474603,2015,WPG,81.76666666666667,11,1.0
8470609,2015,NJD,866.75,67,32.0
8471240,2015,LAK,150.71666666666667,9,1.0
8471273,2015,CBJ,848.8833333333333,47,36.0
8475208,2015,PIT,125.36666666666666,8,1.0
8470798,2015,UTA,19.966666666666665,1,0.0
8473564,2015,WPG,1434.1,82,42.0
8476473,2015,UTA,1226.45,73,7.0
8471436,2015,NYR,869.8666666666667,55,11.0
8466333,2015,EDM,1321.3833333333334,70,14.0
8471231,2015,UTA,937.9833333333333,70,14.0
8471685,2015,LAK,1530.3166666666666,79,64.0
8471283,2015,MTL,1063.2333333333333,82,18.0
8470187,2015,NYI,1561.0,72,35.0
8470289,2015,WPG,755.2,82,13.0
8466393,2015,PIT,266.35,16,11.0
8475902,2015,BOS,443.01666666666665,27,5.0
8470600,2015,MIN,2233.6,77,38.0
8475274,2015,NJD,296.2,22,2.0
8473573,2015,CBJ,851.1,52,27.0
8465009,2015,BOS,1470.9166666666667,63,20.0
8469591,2015,BUF,386.55,33,4.0
8475223,2015,VAN,987.75,75,24.0
8473604,2015,CHI,1583.95,81,66.0
8477214,2015,NYR,48.8,4,0.0
8476458,2015,NYI,1247.2333333333333,81,50.0
8475325,2015,LAK,597.8666666666667,60,9.0
8474642,2015,CGY,1092.7833333333333,78,34.0
8475455,2015,SJS,1565.6833333333334,80,10.0
8476162,2015,WSH,12.183333333333334,1,0.0
8475119,2015,TOR,528.1166666666667,63,4.0
8472382,2015,NJD,1930.6333333333334,82,22.0
8474574,2015,WPG,1749.3833333333334,71,28.0
8477451,2015,CHI,41.43333333333333,5,0.0
8470302,2015,CAR,906.8166666666667,71,12.0
8473588,2015,OTT,982.8166666666667,68,23.0
8474009,2015,VAN,1269.05,75,39.0
8474125,2015,STL,1101.95,61,12.0
8474749,2015,BOS,796.2333333333333,47,4.0
8476440,2015,CGY,641.7333333333333,48,18.0
8468598,2015,NYI,1034.95,53,20.0
8470611,2015,WSH,1113.75,75,33.0
8470612,2015,ANA,1547.05,77,70.0
8458951,2015,MTL,849.0333333333333,48,14.0
8476436,2015,STL,727.2666666666667,54,18.0
8475206,2015,COL,69.66666666666667,5,0.0
8475193,2015,DET,1330.3,82,56.0
8475774,2015,TOR,80.1,7,0.0
8471260,2015,PIT,932.3333333333334,61,31.0
8475279,2015,WPG,679.8666666666667,40,8.0
8471242,2015,WSH,1375.7333333333333,72,45.0
8474056,2015,MTL,2148.6666666666665,82,60.0
8478376,2015,TOR,54.21666666666667,6,1.0
8474722,2015,TBL,242.98333333333332,16,0.0
8476339,2015,PIT,12.916666666666666,2,0.0
8474793,2015,UTA,56.983333333333334,5,1.0
8474100,2015,LAK,1166.0333333333333,81,26.0
8470281,2015,CHI,2044.3333333333333,80,45.0
8473646,2015,MIN,533.6333333333333,53,13.0
8470018,2015,BUF,324.6333333333333,39,2.0
8467370,2015,NSH,1087.5833333333333,59,39.0
8475747,2015,DAL,356.6333333333333,22,3.0
8475243,2015,NYR,11.816666666666666,1,0.0
8473700,2015,COL,33.61666666666667,3,0.0
8473579,2015,NYI,1219.3666666666666,82,31.0
8473466,2015,PHI,398.5833333333333,34,12.0
8470176,2015,MIN,734.5666666666667,56,19.0
8475174,2015,OTT,980.1333333333333,54,9.0
8473563,2015,WSH,1683.4666666666667,82,78.0
8476470,2015,MTL,1004.75,64,9.0
8471707,2015,NSH,1211.8666666666666,67,37.0
8473618,2015,WPG,1006.2833333333333,62,41.0
8476879,2015,OTT,1562.4833333333333,81,21.0
8471326,2015,COL,6.766666666666667,1,0.0
8467967,2015,BOS,1211.2666666666667,80,28.0
8476457,2015,NJD,1341.6333333333334,64,24.0
8474027,2015,SJS,1472.25,70,23.0
8470755,2015,VAN,651.2166666666667,45,21.0
8474190,2015,PHI,1260.5833333333333,75,50.0
8470607,2015,CHI,1818.7,82,31.0
8474584,2015,PHI,1403.15,64,32.0
8475906,2015,DAL,1419.7,65,40.0
8470828,2015,WPG,1414.1666666666667,60,23.0
8474600,2015,NSH,2144.4166666666665,81,55.0
8474679,2015,DET,1365.85,82,54.0
8465185,2015,FLA,1430.8,66,8.0
8474594,2015,LAK,139.11666666666667,6,2.0
8473514,2015,EDM,212.56666666666666,20,4.0
8471339,2015,TBL,1365.6166666666666,77,54.0
8476463,2015,MIN,1713.7166666666667,71,17.0
8476403,2015,UTA,406.1666666666667,23,4.0
8477126,2015,PIT,132.41666666666666,12,1.0
8474000,2015,FLA,429.9166666666667,25,4.0
8477410,2015,EDM,11.316666666666666,1,0.0
8477499,2015,BUF,1607.8666666666666,78,20.0
8470622,2015,DAL,644.7166666666667,47,27.0
8470054,2015,MIN,168.76666666666668,14,1.0
8475268,2015,NSH,828.9833333333333,69,13.0
8469485,2015,EDM,1128.3666666666666,72,32.0
8476423,2015,NJD,122.53333333333333,11,1.0
8471718,2015,COL,784.85,74,7.0
8469506,2015,MIN,1498.9833333333333,82,54.0
8471678,2015,EDM,964.0833333333334,58,34.0
8476293,2015,PIT,4.35,1,0.0
8474715,2015,CBJ,1325.3,78,40.0
8476808,2015,MTL,939.4666666666667,63,17.0
8471490,2015,CBJ,169.1,17,1.0
8477493,2015,FLA,1242.2666666666667,71,36.0
8475287,2015,MIN,874.8333333333334,72,14.0
8474610,2015,BUF,194.81666666666666,21,3.0
8476244,2015,CGY,673.2833333333333,56,4.0
8475692,2015,NYR,1346.2,78,49.0
8474586,2015,EDM,1542.4166666666667,81,63.0
8467875,2015,VAN,1504.25,82,76.0
8477930,2015,PHI,1039.3833333333334,81,12.0
8471767,2015,PHI,27.666666666666668,4,0.0
8468639,2015,CAR,1091.4833333333333,57,22.0
8470207,2015,TOR,851.9666666666667,55,21.0
8474048,2015,EDM,443.4166666666667,31,1.0
8474576,2015,CAR,329.4,31,6.0
8471710,2015,PIT,85.2,7,0.0
8470274,2015,VAN,1215.9166666666667,77,36.0
8475734,2015,EDM,8.016666666666667,1,0.0
8469459,2015,MIN,1540.1,80,48.0
8477213,2015,BUF,204.28333333333333,18,2.0
8475164,2015,ANA,1267.0,81,39.0
8476472,2015,EDM,1319.9333333333334,60,20.0
8474094,2015,WPG,458.0,47,8.0
8477205,2015,TBL,1274.5666666666666,72,13.0
8477851,2015,EDM,88.16666666666667,6,1.0
8476460,2015,WPG,1522.7666666666667,82,49.0
8476455,2015,COL,1517.2,82,59.0
8476300,2015,TBL,433.46666666666664,27,7.0
8476384,2015,ANA,8.783333333333333,1,0.0
8476459,2015,OTT,1314.9833333333333,80,46.0
8474873,2015,DET,146.13333333333333,11,2.0
8475722,2015,MIN,768.0333333333333,51,26.0
8477934,2015,EDM,469.73333333333335,37,9.0
8475182,2015,CHI,627.1666666666666,49,14.0
8475798,2015,MIN,1215.4833333333333,68,39.0
8475166,2015,NYI,1695.2,82,86.0
8475314,2015,NYI,1093.8833333333334,76,41.0
8474659,2015,NYI,210.88333333333333,12,3.0
8475159,2015,WPG,6.616666666666666,2,0.0
8476235,2015,MIN,848.8333333333334,71,31.0
8475323,2015,CHI,1059.5166666666667,81,17.0
8471504,2015,MTL,644.35,51,14.0
8475807,2015,CHI,416.8,38,3.0
8473426,2015,BUF,1199.5,64,7.0
8476430,2015,DET,725.15,63,18.0
8475829,2015,CGY,18.166666666666668,1,0.0
8473419,2015,BOS,1301.3333333333333,77,42.0
8470201,2015,CGY,1404.7333333333333,78,76.0
8470063,2015,SJS,222.9,20,3.0
8470065,2015,CBJ,14.55,2,0.0
8471311,2015,NYI,424.3,38,14.0
8478042,2015,NSH,61.53333333333333,6,0.0
8477507,2015,BUF,1062.45,60,15.0
8471636,2015,NJD,148.31666666666666,15,2.0
8473449,2015,NYI,1173.2666666666667,60,51.0
8476975,2015,TBL,871.0833333333334,64,19.0
8476868,2015,UTA,39.8,3,0.0
8472365,2015,BOS,22.75,3,0.0
8474748,2015,TOR,184.83333333333334,12,2.0
8475726,2015,LAK,1108.7666666666667,76,49.0
8473933,2015,PIT,1165.8833333333334,60,14.0
8476435,2015,BOS,24.6,3,0.0
8471873,2015,TBL,1799.5833333333333,82,39.0
8477448,2015,CBJ,464.0,35,21.0
8471482,2015,WPG,392.75,24,4.0
8471303,2015,VAN,1774.45,74,31.0
8476967,2015,CGY,19.516666666666666,1,0.0
8476885,2015,WPG,1515.5666666666666,65,22.0
8476989,2015,STL,358.1333333333333,23,3.0
8475147,2015,MIN,271.3333333333333,25,8.0
8472368,2015,WSH,17.633333333333333,2,0.0
8477715,2015,UTA,19.15,2,0.0
8475209,2015,TOR,885.0,76,17.0
8471663,2015,TBL,19.566666666666666,2,0.0
8470604,2015,LAK,1473.6,82,62.0
8470760,2015,OTT,1020.0166666666667,45,11.0
8476931,2015,BUF,22.25,2,0.0
8475184,2015,NYR,1256.9166666666667,80,46.0
8470162,2015,CGY,707.8333333333334,59,17.0
8469465,2015,VAN,1270.3333333333333,59,23.0
8470667,2015,OTT,1054.2833333333333,62,36.0
8471254,2015,CHI,966.0166666666667,80,28.0
8471388,2015,BUF,372.43333333333334,42,3.0
8475767,2015,COL,131.46666666666667,13,2.0
8475784,2015,CAR,1235.7,77,31.0
8476881,2015,SJS,1193.3,82,31.0
8477215,2015,DET,1674.2,80,31.0
8475253,2015,FLA,17.683333333333334,2,0.0
8477498,2015,EDM,33.983333333333334,2,0.0
8475732,2015,CAR,161.41666666666666,10,2.0
8470626,2015,BOS,1494.75,81,47.0
8470595,2015,CAR,1430.6,76,53.0
8475342,2015,PHI,10.433333333333334,1,0.0
8477494,2015,TBL,926.55,70,32.0
8475185,2015,NJD,770.7666666666667,62,11.0
8474578,2015,OTT,2234.9166666666665,82,66.0
8475172,2015,TOR,1284.9833333333333,73,39.0
8471385,2015,WPG,826.0333333333333,55,9.0
8476806,2015,TBL,551.55,52,9.0
8475158,2015,COL,1615.8833333333334,82,55.0
8477407,2015,NYR,218.81666666666666,18,7.0
8473537,2015,NSH,297.1166666666667,25,10.0
8476448,2015,CBJ,256.8666666666667,21,5.0
8474184,2015,WPG,16.966666666666665,1,1.0
8471348,2015,EDM,824.8333333333334,42,10.0
8475218,2015,NSH,1520.7,80,18.0
8476147,2015,NYI,52.06666666666667,6,2.0
8474053,2015,SJS,1561.95,82,67.0
8471976,2015,MTL,1414.4166666666667,82,48.0
8464975,2015,COL,690.95,57,12.0
8471657,2015,COL,917.0666666666667,82,12.0
8471241,2015,ANA,133.05,9,0.0
8475791,2015,EDM,1017.5166666666667,53,38.0
8473565,2015,NYI,955.25,52,7.0
8475764,2015,ANA,1690.3333333333333,80,34.0
8475151,2015,ANA,803.5166666666667,57,29.0
8473589,2015,NYR,284.9166666666667,20,3.0
8477127,2015,NJD,11.916666666666666,1,0.0
8468513,2015,PHI,1523.75,80,15.0
8474743,2015,COL,1011.6,59,20.0
8469664,2015,UTA,774.85,60,12.0
8474230,2015,SJS,30.033333333333335,4,0.0
8468504,2015,FLA,1220.7333333333333,78,38.0
8475750,2015,NJD,1356.2833333333333,66,14.0
8475191,2015,BOS,1247.4333333333334,81,40.0
8475671,2015,EDM,673.0833333333334,60,12.0
8477444,2015,WSH,684.8,53,22.0
8473415,2015,VAN,110.56666666666666,7,1.0
8475181,2015,NYI,1588.2166666666667,78,37.0
8470854,2015,NYR,676.0333333333333,66,6.0
8474579,2015,VAN,1427.05,76,11.0
8475176,2015,NSH,1100.0,58,27.0
8476944,2015,CAR,12.066666666666666,2,0.0
8476427,2015,STL,100.1,11,2.0
8467493,2015,OTT,369.96666666666664,38,7.0
8475461,2015,COL,9.75,1,1.0
8474717,2015,TBL,872.7,52,7.0
8474096,2015,PIT,1249.5666666666666,82,27.0
8467329,2015,PHI,720.9,57,20.0
8475715,2015,NYR,8.3,1,0.0
8470920,2015,CBJ,841.7833333333333,61,15.0
8467331,2015,COL,1321.0,65,13.0
8475235,2015,BUF,973.4833333333333,82,15.0
8477492,2015,COL,1091.0666666666666,64,38.0
8471716,2015,DET,1271.6,71,44.0
8474628,2015,UTA,1690.3,81,18.0
8474569,2015,NSH,1248.2666666666667,77,42.0
8476480,2015,TBL,515.8,43,16.0
8462196,2015,TOR,887.6166666666667,52,7.0
8469469,2015,PHI,925.85,67,15.0
8476799,2015,WSH,45.5,4,0.0
8475171,2015,UTA,2067.45,82,43.0
8476116,2015,DAL,908.9166666666666,67,25.0
8475848,2015,MTL,1360.2,82,47.0
8467496,2015,MTL,2017.7333333333333,81,50.0
8476469,2015,BUF,14.783333333333333,1,0.0
8467346,2015,BOS,260.06666666666666,23,4.0
8475733,2015,CGY,32.35,4,0.0
8475729,2015,PHI,9.416666666666666,1,0.0
8475980,2015,CAR,29.75,4,0.0
8477935,2015,CGY,16.0,1,1.0
8470775,2015,ANA,1065.9333333333334,80,18.0
8475204,2015,FLA,723.7166666666667,49,24.0
8476344,2015,MIN,27.666666666666668,3,0.0
8469638,2015,FLA,1355.7833333333333,81,44.0
8475170,2015,PHI,1400.5666666666666,82,47.0
8475167,2015,TBL,1338.35,59,38.0
8470886,2015,ANA,1214.2333333333333,69,8.0
8467334,2015,MTL,629.4833333333333,58,4.0
8474638,2015,UTA,578.7166666666667,33,1.0
8470852,2015,BUF,1361.9333333333334,77,41.0
8474589,2015,BUF,1490.95,78,46.0
8467545,2015,NJD,680.5833333333334,47,19.0
8470778,2015,DET,1102.0666666666666,82,13.0
8471274,2015,DAL,1928.7166666666667,81,36.0
8474161,2015,PHI,1524.6333333333334,82,81.0
8474164,2015,MIN,39.46666666666667,4,1.0
8466158,2015,SJS,946.1166666666667,58,7.0
8475763,2015,NYR,1030.2333333333333,79,45.0
8474660,2015,BOS,71.03333333333333,4,1.0
8475163,2015,OTT,1016.6,76,26.0
8475772,2015,DET,1235.75,79,36.0
8476882,2015,CHI,434.6666666666667,34,9.0
8473584,2015,PHI,1160.7833333333333,58,12.0
8470839,2015,FLA,121.31666666666666,9,1.0
8476227,2015,NJD,27.5,4,1.0
8476453,2015,TBL,1225.9833333333333,82,65.0
8476386,2015,OTT,20.95,2,1.0
8473989,2015,EDM,295.65,40,3.0
8473534,2015,STL,1122.4166666666667,77,27.0
8473673,2015,CGY,674.5666666666667,44,4.0
8471691,2015,UTA,656.2333333333333,37,24.0
8473647,2015,CBJ,53.18333333333333,4,1.0
8478137,2015,ANA,936.45,69,23.0
8476798,2015,SJS,147.28333333333333,10,0.0
8476062,2015,UTA,1140.1166666666666,77,31.0
8471390,2015,NSH,1136.6333333333334,79,33.0
8469623,2015,DET,1760.0333333333333,84,34.0
8474061,2015,WPG,287.96666666666664,49,2.0
8476474,2015,ANA,6.9,1,0.0
8470630,2015,NYR,1201.8333333333333,65,26.0
8471729,2015,CGY,1891.9833333333333,79,34.0
8471232,2015,UTA,1052.1333333333334,69,21.0
8476874,2015,PIT,414.1666666666667,20,9.0
8473422,2015,CBJ,1487.55,79,73.0
8471698,2015,STL,1356.0333333333333,72,55.0
8469665,2015,CHI,1541.7333333333333,76,10.0
8470110,2015,DAL,1555.5166666666667,68,38.0
8471266,2015,TOR,704.5333333333333,59,13.0
8475744,2015,WSH,1066.4833333333333,80,37.0
8469770,2015,CGY,1971.3666666666666,80,56.0
8474516,2015,SJS,25.2,2,1.0
8468526,2015,LAK,1130.75,73,17.0
8471498,2015,VAN,1131.75,81,33.0
8476419,2015,OTT,709.3666666666667,50,19.0
8471245,2015,FLA,865.55,53,23.0
8474688,2015,MTL,215.11666666666667,17,0.0
8473468,2015,OTT,1173.8666666666666,75,12.0
8476214,2015,VAN,11.883333333333333,2,0.0
8476356,2015,UTA,1216.5666666666666,72,21.0
8475650,2015,CGY,533.0833333333334,62,5.0
8471709,2015,SJS,1547.8166666666666,70,23.0
8466148,2015,CHI,1521.4666666666667,82,61.0
8477956,2015,BOS,642.7666666666667,46,27.0
8466138,2015,SJS,1437.0833333333333,78,65.0
8470121,2015,LAK,1295.6833333333334,82,9.0
8475735,2015,TOR,27.566666666666666,3,0.0
8471675,2015,PIT,1536.8333333333333,77,84.0
8476539,2015,TBL,23.883333333333333,2,1.0
8475896,2015,DAL,9.316666666666666,1,0.0
8469466,2015,DAL,1036.6833333333334,76,32.0
8471748,2015,NJD,553.35,34,4.0
8475760,2015,FLA,1193.9166666666667,72,43.0
8471309,2015,DET,530.0166666666667,33,22.0
8471222,2015,CGY,432.93333333333334,31,1.0
8474008,2015,COL,78.78333333333333,10,1.0
8471682,2015,CGY,145.78333333333333,12,0.0
8471856,2015,UTA,786.05,70,9.0
8470619,2015,TBL,1065.4333333333334,82,24.0
8476981,2015,CBJ,80.7,6,1.0
8475430,2015,PHI,188.78333333333333,11,3.0
8473921,2015,NSH,16.45,1,0.0
8475260,2015,CGY,12.8,2,0.0
8475826,2015,CAR,17.083333333333332,3,0.0
8468635,2015,DAL,412.8,44,9.0
8475745,2015,MIN,1193.3666666666666,82,35.0
8473412,2015,WPG,1394.3666666666666,70,52.0
8477505,2015,CBJ,1062.4666666666667,68,20.0
8475768,2015,STL,1368.45,75,63.0
8476880,2015,WSH,731.9833333333333,67,17.0
8475155,2015,ANA,1264.95,75,23.0
8476447,2015,NSH,10.816666666666666,1,1.0
8477413,2015,MTL,112.96666666666667,12,3.0
8472424,2015,EDM,211.35,16,2.0
8477497,2015,CGY,1589.3333333333333,81,62.0
8475739,2015,MTL,228.75,29,5.0
8474130,2015,CBJ,533.9666666666667,61,8.0
8468518,2015,FLA,825.6333333333333,64,8.0
8476166,2015,SJS,118.91666666666667,7,4.0
8474040,2015,UTA,1396.6,81,41.0
8476426,2015,EDM,79.21666666666667,4,2.0
8476495,2015,BOS,403.3,30,10.0
8468493,2015,CAR,1708.8333333333333,81,10.0
8476779,2015,EDM,214.33333333333334,11,3.0
8476043,2015,COL,34.78333333333333,3,0.0
8475150,2015,COL,241.06666666666666,30,0.0
8467988,2015,NYR,60.166666666666664,6,0.0
8474089,2015,CAR,659.7833333333333,65,15.0
8475231,2015,NYI,876.1833333333333,70,18.0
8471840,2015,MIN,55.85,6,3.0
8475800,2015,DET,355.75,31,8.0
8476363,2015,BOS,61.56666666666667,7,1.0
8475958,2015,COL,21.283333333333335,3,1.0
8470966,2015,CGY,1535.55,61,48.0
8477922,2015,SJS,818.05,53,24.0
8477455,2015,MTL,455.35,33,6.0
8473560,2015,TOR,581.5,34,6.0
8469622,2015,NJD,203.73333333333332,13,4.0
8477508,2015,OTT,864.0833333333334,67,15.0
8474090,2015,DET,1359.7166666666667,76,13.0
8470647,2015,UTA,469.48333333333335,58,6.0
8476870,2015,NJD,83.1,7,1.0
8474739,2015,SJS,1235.3166666666666,75,36.0
8476906,2015,PHI,25.116666666666667,2,0.0
8471693,2015,DET,556.8833333333333,35,13.0
8462042,2015,COL,1487.1166666666666,82,59.0
8470105,2015,FLA,798.9666666666667,63,15.0
8470599,2015,OTT,1080.4666666666667,66,34.0
8476854,2015,ANA,1697.15,78,34.0
8476381,2015,CHI,1180.8666666666666,79,26.0
8471371,2015,SJS,98.45,12,0.0
8475754,2015,NYI,1302.4166666666667,82,42.0
8475213,2015,CGY,117.3,11,3.0
8474606,2015,ANA,167.01666666666668,12,1.0
8469476,2015,WSH,1175.4833333333333,72,9.0
8474291,2015,WSH,794.15,62,20.0
8477510,2015,CBJ,53.46666666666667,5,3.0
8465166,2015,PIT,682.1833333333333,70,7.0
8471676,2015,OTT,1362.8666666666666,78,54.0
8475917,2015,PHI,104.65,13,0.0
8476476,2015,BOS,250.35,15,1.0
8474157,2015,MTL,1550.5,80,67.0
8475154,2015,TOR,43.56666666666667,7,0.0
8466285,2015,FLA,1902.9333333333334,82,27.0
8476442,2015,SJS,1098.3833333333334,72,27.0
8476467,2015,DAL,482.3666666666667,36,8.0
8473992,2015,CBJ,194.4,18,2.0
8471236,2015,BUF,1074.3833333333334,60,14.0
8470039,2015,ANA,970.3833333333333,66,27.0
8470324,2015,BUF,1028.7166666666667,46,6.0
8467452,2015,PIT,1569.9666666666667,82,10.0
8471214,2015,WSH,1646.4,81,81.0
8471215,2015,PIT,1309.2333333333333,69,70.0
8476853,2015,TOR,1647.35,81,29.0
8470222,2015,ANA,1462.1333333333334,69,34.0
8470606,2015,LAK,1354.3833333333334,82,27.0
8471346,2015,CHI,966.9666666666667,61,34.0
8468700,2015,NSH,907.65,73,14.0
8475098,2015,TOR,1570.1,82,49.0
8475168,2015,COL,1522.8833333333334,82,55.0
8470640,2015,TBL,1208.15,59,18.0
8469490,2015,ANA,460.93333333333334,55,7.0
8462038,2015,UTA,1491.7666666666667,79,36.0
8468535,2015,CHI,1463.0333333333333,82,38.0
8469459,2016,MIN,1634.1833333333334,82,56.0
8477845,2016,CHI,1638.6666666666667,82,14.0
8470724,2016,DET,928.8833333333333,47,11.0
8476887,2016,NSH,1562.3166666666666,82,64.0
8466285,2016,FLA,1826.7833333333333,82,31.0
8474052,2016,CAR,766.6833333333333,68,11.0
8478393,2016,CHI,18.1,2,0.0
8474037,2016,TOR,710.5166666666667,40,29.0
8476449,2016,TOR,196.41666666666666,15,1.0
8475727,2016,BOS,1211.2833333333333,80,49.0
8475728,2016,BUF,1096.65,74,17.0
8477504,2016,WPG,15.9,1,0.0
8477006,2016,MIN,20.833333333333332,3,0.0
8476370,2016,NJD,84.23333333333333,7,2.0
8473546,2016,TOR,1157.5333333333333,80,18.0
8477510,2016,CBJ,304.45,32,9.0
8475178,2016,EDM,448.26666666666665,36,8.0
8477958,2016,SJS,100.66666666666667,9,2.0
8473468,2016,EDM,947.7666666666667,53,6.0
8468575,2016,NYR,1063.6,80,15.0
8476867,2016,VAN,255.16666666666666,20,1.0
8475735,2016,FLA,123.86666666666666,15,2.0
8471669,2016,STL,1225.7,64,49.0
8474113,2016,TOR,105.68333333333334,7,1.0
8474563,2016,LAK,2297.4666666666667,82,51.0
8476934,2016,CAR,234.86666666666667,21,4.0
8474697,2016,OTT,921.5,63,2.0
8473579,2016,NYI,1138.9333333333334,81,22.0
8473465,2016,ANA,1200.5833333333333,84,39.0
8477509,2016,SJS,116.63333333333334,11,0.0
8467493,2016,OTT,743.85,80,13.0
8470655,2016,STL,1519.1833333333334,79,45.0
8474090,2016,DET,1109.0,63,15.0
8473588,2016,TBL,578.1666666666666,54,11.0
8476459,2016,OTT,1438.5166666666667,81,51.0
8477464,2016,WPG,305.43333333333334,26,6.0
8475754,2016,NYI,1280.0666666666666,81,40.0
8471260,2016,COL,1427.45,81,36.0
8477511,2016,DET,117.0,10,3.0
8476379,2016,MTL,188.98333333333332,13,5.0
8475209,2016,CHI,325.01666666666665,30,8.0
8473574,2016,COL,959.4166666666666,71,28.0
8469639,2016,TOR,926.2333333333333,81,14.0
8465009,2016,BOS,1927.75,80,37.0
8477076,2016,WPG,62.7,9,1.0
8468493,2016,CAR,1807.8666666666666,81,19.0
8476989,2016,STL,137.88333333333333,10,0.0
8471707,2016,NSH,1563.85,82,58.0
8476463,2016,MIN,1388.5166666666667,68,7.0
8474850,2016,CHI,307.18333333333334,41,5.0
8476975,2016,TBL,713.4,56,11.0
8474736,2016,BOS,431.3833333333333,52,3.0
8475343,2016,LAK,52.88333333333333,5,0.0
8477492,2016,COL,1358.35,72,52.0
8476292,2016,TBL,1110.9833333333333,62,40.0
8476525,2016,BOS,601.2666666666667,38,16.0
8477448,2016,WPG,416.55,34,10.0
8474568,2016,LAK,1265.1333333333334,72,16.0
8476468,2016,NYR,1232.85,82,43.0
8474166,2016,LAK,1649.75,78,31.0
8471699,2016,ANA,1183.4,82,32.0
8475168,2016,COL,1412.8833333333334,76,59.0
8477846,2016,SJS,7.45,1,0.0
8475225,2016,NSH,1245.15,82,37.0
8477406,2016,DAL,1034.6166666666666,73,29.0
8479293,2016,WPG,36.13333333333333,3,0.0
8474573,2016,NYI,1283.8,81,32.0
8474749,2016,VAN,1489.5333333333333,80,18.0
8470602,2016,OTT,1586.6166666666666,71,32.0
8470041,2016,NYR,1016.3666666666667,60,36.0
8474577,2016,CGY,1107.0833333333333,73,44.0
8469469,2016,PHI,396.21666666666664,39,11.0
8471392,2016,SJS,1513.3833333333334,79,16.0
8475170,2016,PHI,1351.5166666666667,80,59.0
8471958,2016,NYR,1503.7333333333333,74,17.0
8470121,2016,LAK,35.25,3,0.0
8475236,2016,DAL,1342.1833333333334,82,35.0
8473422,2016,CBJ,1216.2,72,37.0
8471752,2016,NJD,57.45,4,0.0
8476393,2016,PHI,386.3333333333333,36,11.0
8470110,2016,PIT,1512.1833333333334,82,28.0
8474056,2016,MTL,1792.6333333333334,68,51.0
8475193,2016,DET,1162.45,81,45.0
8476428,2016,FLA,237.3,20,5.0
8473432,2016,VAN,893.9166666666666,71,16.0
8475247,2016,WSH,347.68333333333334,43,7.0
8476769,2016,NJD,493.6,53,10.0
8475762,2016,LAK,154.63333333333333,14,2.0
8471226,2016,WPG,1393.35,78,38.0
8470159,2016,UTA,793.1166666666667,65,4.0
8476235,2016,MIN,711.3333333333334,60,16.0
8470886,2016,ANA,768.0166666666667,50,6.0
8468085,2016,VAN,1010.95,63,27.0
8471233,2016,NJD,1469.3833333333334,74,42.0
8474145,2016,STL,530.7666666666667,40,3.0
8473534,2016,STL,650.5333333333333,42,15.0
8470616,2016,ANA,1543.0,79,53.0
8474102,2016,ANA,1080.1,71,36.0
8475321,2016,OTT,51.05,6,3.0
8477244,2016,BUF,15.5,1,0.0
8475753,2016,CAR,1538.4166666666667,64,37.0
8470760,2016,OTT,1425.4166666666667,69,12.0
8476410,2016,TOR,147.8,12,5.0
8473722,2016,MTL,78.33333333333333,12,1.0
8471976,2016,MTL,1040.1833333333334,65,29.0
8473412,2016,WPG,1116.55,57,42.0
8476931,2016,BUF,1471.2666666666667,77,14.0
8474161,2016,PHI,1356.7833333333333,73,55.0
8474025,2016,DET,6.916666666666667,1,0.0
8475796,2016,BUF,874.6666666666666,55,11.0
8476403,2016,UTA,1117.0333333333333,71,8.0
8476458,2016,NYI,1111.7,71,28.0
8476455,2016,COL,1419.4333333333334,75,53.0
8476454,2016,EDM,1048.1333333333334,55,34.0
8477220,2016,WSH,1301.0166666666667,72,16.0
8477493,2016,FLA,1282.3833333333334,66,59.0
8470619,2016,TBL,981.1833333333333,76,20.0
8469490,2016,ANA,11.466666666666667,2,0.0
8475810,2016,PIT,512.4,41,11.0
8476430,2016,DET,404.05,44,6.0
8477939,2016,TOR,359.43333333333334,22,13.0
8475260,2016,FLA,192.63333333333333,20,7.0
8477937,2016,VAN,636.0166666666667,55,13.0
8474567,2016,BUF,1429.4666666666667,64,24.0
8475184,2016,NYR,1260.6,79,43.0
8475775,2016,TBL,17.083333333333332,2,0.0
8470230,2016,NYR,136.9,12,0.0
8471703,2016,UTA,234.05,26,6.0
8470144,2016,NYI,1435.3166666666666,81,52.0
8476476,2016,BOS,524.9666666666667,33,7.0
8475714,2016,NSH,1306.9666666666667,81,30.0
8471685,2016,LAK,1690.2,81,74.0
8476879,2016,OTT,1447.5166666666667,75,26.0
8478528,2016,CHI,208.98333333333332,17,3.0
8475208,2016,PIT,1491.9666666666667,79,16.0
8471996,2016,NYI,31.783333333333335,2,1.0
8470610,2016,MIN,1350.4333333333334,70,53.0
8462038,2016,UTA,1266.85,72,47.0
8475197,2016,COL,1809.0,78,49.0
8471762,2016,PHI,1070.6,79,14.0
8478569,2016,BOS,187.95,19,1.0
8471426,2016,STL,1393.5666666666666,82,39.0
8475786,2016,TOR,250.98333333333332,16,6.0
8474586,2016,EDM,1232.0666666666666,69,47.0
8474008,2016,WSH,39.88333333333333,4,1.0
8477455,2016,MTL,273.56666666666666,22,1.0
8474134,2016,VAN,847.35,45,7.0
8474027,2016,SJS,1644.75,80,23.0
8471215,2016,PIT,1104.0166666666667,57,58.0
8478928,2016,UTA,444.53333333333336,45,3.0
8470966,2016,CGY,2033.0166666666667,82,56.0
8474040,2016,PHI,734.65,53,16.0
8478585,2016,CAR,73.21666666666667,6,2.0
8469638,2016,FLA,1481.6,81,60.0
8471311,2016,NJD,671.25,50,16.0
8477940,2016,WPG,1159.2666666666667,72,38.0
8475165,2016,EDM,736.6666666666666,61,3.0
8474061,2016,WPG,223.45,35,5.0
8475150,2016,STL,32.5,4,0.0
8476888,2016,COL,981.7333333333333,74,27.0
8475906,2016,DAL,1723.85,76,58.0
8476871,2016,LAK,1142.3833333333334,79,36.0
8473562,2016,SJS,7.083333333333333,1,0.0
8477033,2016,TOR,41.833333333333336,4,2.0
8478420,2016,COL,80.61666666666666,9,0.0
8475750,2016,NJD,794.1333333333333,47,5.0
8471873,2016,TBL,1609.95,73,34.0
8477018,2016,VAN,1490.5,75,25.0
8470854,2016,NYR,586.3,57,7.0
8474673,2016,CGY,1768.2333333333333,70,45.0
8474578,2016,OTT,2375.9166666666665,82,82.0
8474579,2016,VAN,712.3833333333333,41,8.0
8473463,2016,TOR,1194.95,67,36.0
8464989,2016,PIT,1138.1833333333334,82,32.0
8471309,2016,DET,25.9,2,1.0
8476209,2016,NJD,223.65,18,4.0
8474157,2016,MTL,1519.2333333333333,82,64.0
8478550,2016,CHI,1480.8666666666666,80,77.0
8476462,2016,CGY,1620.9166666666667,82,43.0
8477947,2016,CBJ,40.13333333333333,3,1.0
8475797,2016,UTA,142.98333333333332,10,0.0
8474584,2016,PHI,1217.4666666666667,52,13.0
8473485,2016,ANA,604.5166666666667,56,20.0
8476279,2016,CGY,902.4166666666666,58,12.0
8474571,2016,COL,1482.35,80,51.0
8478564,2016,BOS,551.6666666666666,44,5.0
8474683,2016,CGY,163.18333333333334,15,1.0
8471242,2016,DET,1462.8666666666666,74,35.0
8471817,2016,STL,513.85,64,4.0
8476819,2016,STL,16.616666666666667,2,0.0
8474698,2016,FLA,81.08333333333333,7,0.0
8475169,2016,BUF,1367.4166666666667,65,35.0
8476478,2016,TOR,39.483333333333334,3,0.0
8477460,2016,UTA,90.51666666666667,8,1.0
8473991,2016,WSH,1752.75,82,21.0
8476539,2016,TBL,544.0166666666667,45,18.0
8475758,2016,NJD,786.7166666666667,64,25.0
8466393,2016,PIT,271.75,18,4.0
8475795,2016,NYR,480.21666666666664,34,4.0
8477839,2016,PIT,429.1333333333333,44,10.0
8477941,2016,ANA,388.15,33,4.0
8475250,2016,CAR,789.3,55,23.0
8470877,2016,MIN,932.9,75,18.0
8474716,2016,MIN,1746.25,77,29.0
8475782,2016,MTL,26.866666666666667,3,0.0
8476808,2016,MTL,657.05,56,10.0
8475857,2016,LAK,58.38333333333333,5,0.0
8473992,2016,CBJ,341.4166666666667,24,4.0
8471232,2016,EDM,988.45,71,22.0
8473994,2016,DAL,1641.8,82,89.0
8470039,2016,CHI,1156.2333333333333,76,25.0
8476872,2016,PHI,740.8,71,21.0
8475287,2016,MIN,967.2666666666667,76,34.0
8471698,2016,WSH,1517.0666666666666,80,51.0
8471504,2016,CBJ,511.71666666666664,49,8.0
8474564,2016,TBL,1519.5166666666667,77,64.0
8476423,2016,NJD,556.5333333333333,39,19.0
8476062,2016,TOR,253.55,20,4.0
8476505,2016,CGY,14.9,1,1.0
8477505,2016,CBJ,1094.3833333333334,69,40.0
8475791,2016,EDM,1573.0833333333333,82,65.0
8476116,2016,ANA,854.8833333333333,79,14.0
8465058,2016,CHI,824.1833333333333,51,13.0
8475780,2016,ANA,393.6666666666667,43,6.0
8477486,2016,CGY,27.783333333333335,2,0.0
8473618,2016,WPG,1174.9833333333333,71,41.0
8474034,2016,EDM,888.3666666666667,72,27.0
8476384,2016,ANA,44.2,5,0.0
8475206,2016,NSH,297.5,21,6.0
8476858,2016,CAR,584.6833333333333,41,17.0
8477930,2016,PHI,1004.1,74,14.0
8476177,2016,PHI,1205.0,79,26.0
8475180,2016,TOR,953.2833333333333,65,27.0
8471657,2016,COL,864.2333333333333,82,13.0
8471709,2016,SJS,1549.7,67,39.0
8469619,2016,BOS,1183.25,61,12.0
8473473,2016,LAK,1396.2,81,55.0
8474013,2016,PIT,1206.7333333333333,70,12.0
8478542,2016,BUF,23.5,2,2.0
8468001,2016,FLA,841.7,64,13.0
8474739,2016,SJS,927.1666666666666,68,18.0
8470834,2016,WPG,2041.0,81,53.0
8478396,2016,CAR,1414.4166666666667,79,22.0
8476389,2016,FLA,1350.5333333333333,76,53.0
8475200,2016,WSH,1314.1666666666667,82,29.0
8470613,2016,SJS,2119.8166666666666,82,75.0
8470595,2016,NYR,1540.1,83,39.0
8471371,2016,MTL,452.81666666666666,58,5.0
8470714,2016,NSH,14.733333333333333,1,0.0
8474605,2016,OTT,901.7166666666667,52,5.0
8473419,2016,BOS,1432.2166666666667,77,61.0
8474679,2016,DET,1243.9666666666667,82,43.0
8469465,2016,VAN,1242.0833333333333,58,13.0
8476191,2016,BOS,1415.2833333333333,75,18.0
8465978,2016,FLA,434.45,50,5.0
8475763,2016,NYR,1079.3666666666666,79,36.0
8476473,2016,UTA,1599.75,78,17.0
8476460,2016,WPG,1316.9666666666667,71,61.0
8476994,2016,CHI,60.833333333333336,7,0.0
8471283,2016,VAN,447.45,35,7.0
8467967,2016,BOS,143.95,11,2.0
8471217,2016,CHI,1474.5666666666666,78,46.0
8470222,2016,CAR,0.7833333333333333,1,0.0
8470281,2016,CHI,1690.7666666666667,67,43.0
8470609,2016,NYI,269.46666666666664,24,6.0
8474581,2016,TOR,1629.05,79,31.0
8477922,2016,SJS,879.0333333333333,65,19.0
8470201,2016,FLA,1134.6666666666667,72,46.0
8468526,2016,MIN,974.1666666666666,80,9.0
8475764,2016,ANA,1571.8666666666666,69,28.0
8476470,2016,MTL,1117.25,64,19.0
8470638,2016,BOS,1586.7833333333333,80,68.0
8476874,2016,PIT,1337.3333333333333,67,19.0
8475808,2016,CBJ,71.98333333333333,8,2.0
8467514,2016,DET,1297.2333333333333,66,49.0
8476302,2016,TOR,563.7,39,6.0
8476453,2016,TBL,1401.4833333333333,77,66.0
8470180,2016,NSH,528.2333333333333,46,7.0
8476429,2016,NYI,102.65,6,1.0
8475745,2016,MIN,1419.2,82,42.0
8477810,2016,MTL,159.98333333333332,10,6.0
8474709,2016,NYI,844.3166666666667,80,19.0
8476404,2016,LAK,527.5833333333334,60,10.0
8471702,2016,WSH,2022.25,82,32.0
8478137,2016,UTA,454.95,39,6.0
8475147,2016,MIN,244.81666666666666,26,4.0
8477413,2016,MTL,621.1833333333333,44,17.0
8473986,2016,TBL,1360.4166666666667,81,40.0
8477499,2016,BUF,2073.016666666667,82,41.0
8471664,2016,CGY,357.9,29,5.0
8476443,2016,DET,81.21666666666667,5,1.0
8475722,2016,MIN,1106.1166666666666,71,23.0
8476392,2016,WPG,1037.3666666666666,74,17.0
8476897,2016,PIT,185.6,18,4.0
8476853,2016,TOR,1904.6166666666666,82,36.0
8478584,2016,NJD,92.68333333333334,7,0.0
8469770,2016,CGY,1051.3666666666666,51,19.0
8475182,2016,CHI,129.35,9,2.0
8476346,2016,CGY,1573.3166666666666,79,78.0
8478567,2016,CBJ,138.83333333333334,8,0.0
8469508,2016,CAR,893.4833333333333,77,11.0
8471794,2016,DET,1160.25,77,26.0
8469623,2016,NYI,825.9166666666666,53,16.0
8471436,2016,TOR,1353.8166666666666,60,10.0
8469521,2016,MTL,1519.6333333333334,82,54.0
8475158,2016,BUF,1476.4333333333334,68,56.0
8470640,2016,TBL,1073.9,64,9.0
8476461,2016,PHI,1171.85,63,39.0
8475716,2016,TOR,1090.0,65,7.0
8477494,2016,TBL,303.3,21,10.0
8477495,2016,CBJ,1788.2,81,31.0
8477488,2016,CAR,1294.7666666666667,69,16.0
8476854,2016,ANA,1760.15,80,28.0
8476856,2016,MIN,1363.4833333333333,81,26.0
8470274,2016,VAN,454.68333333333334,33,4.0
8475213,2016,CGY,27.983333333333334,2,1.0
8467371,2016,NSH,1413.4166666666667,81,50.0
8470852,2016,BUF,963.3666666666667,81,21.0
8473544,2016,NYR,1430.8166666666666,80,58.0
8470621,2016,ANA,1452.0333333333333,82,62.0
8477816,2016,VAN,35.56666666666667,3,1.0
8475179,2016,FLA,1556.55,74,17.0
8468542,2016,SJS,1616.7666666666667,78,20.0
8476953,2016,CAR,33.31666666666667,2,0.0
8476477,2016,OTT,294.78333333333336,26,3.0
8476886,2016,TBL,92.81666666666666,9,1.0
8470644,2016,PHI,40.71666666666667,5,1.0
8475149,2016,WSH,1231.3333333333333,74,46.0
8474009,2016,PIT,997.85,63,29.0
8473507,2016,MTL,1089.1666666666667,51,16.0
8469544,2016,DAL,1338.95,76,55.0
8470614,2016,WPG,1046.4,64,3.0
8470612,2016,ANA,1513.8833333333334,78,63.0
8468611,2016,EDM,899.9833333333333,68,12.0
8476435,2016,BOS,51.266666666666666,5,0.0
8471476,2016,WSH,1042.4,76,19.0
8470828,2016,WPG,1501.5166666666667,72,16.0
8474600,2016,NSH,2064.2166666666667,81,61.0
8473542,2016,PIT,23.183333333333334,4,1.0
8470171,2016,BOS,426.1166666666667,38,7.0
8474717,2016,MTL,449.93333333333334,30,10.0
8476772,2016,NJD,227.95,22,2.0
8474019,2016,BOS,39.266666666666666,3,1.0
8474638,2016,TOR,69.5,6,1.0
8473989,2016,EDM,179.73333333333332,29,1.0
8474038,2016,MTL,853.0333333333333,62,18.0
8476919,2016,SJS,1042.1833333333334,79,20.0
8474189,2016,MTL,1205.3166666666666,79,26.0
8470104,2016,MTL,758.8666666666667,45,2.0
8476147,2016,PIT,10.683333333333334,1,0.0
8475177,2016,NYI,1485.5666666666666,72,16.0
8475798,2016,MIN,1485.2,82,44.0
8471816,2016,EDM,1153.4666666666667,69,7.0
8476409,2016,NYI,35.516666666666666,2,1.0
8476289,2016,DET,1110.85,66,11.0
8471338,2016,MTL,900.6833333333333,71,19.0
8476336,2016,EDM,676.8,63,13.0
8473453,2016,LAK,1091.9833333333333,75,16.0
8476300,2016,TBL,848.7,57,9.0
8476915,2016,EDM,155.31666666666666,15,2.0
8471742,2016,BUF,993.4,59,17.0
8468509,2016,DET,1408.6,64,26.0
8475268,2016,NSH,272.01666666666665,22,4.0
8476166,2016,VAN,18.8,1,1.0
8476427,2016,STL,120.73333333333333,13,6.0
8470169,2016,CBJ,866.4333333333333,82,11.0
8476415,2016,FLA,113.31666666666666,9,0.0
8474074,2016,WPG,297.76666666666665,26,2.0
8475172,2016,TOR,1388.7833333333333,76,45.0
8475760,2016,FLA,1039.1666666666667,67,34.0
8475788,2016,WPG,1309.9833333333333,81,21.0
8470642,2016,NSH,1979.4,78,51.0
8474727,2016,TOR,266.03333333333336,22,6.0
8476981,2016,CBJ,128.38333333333333,12,4.0
8477851,2016,EDM,367.4,17,5.0
8476875,2016,FLA,52.6,3,0.0
8476870,2016,MTL,329.05,32,2.0
8471385,2016,EDM,365.3333333333333,23,4.0
8470626,2016,BOS,1597.5,82,63.0
8471663,2016,TBL,173.06666666666666,20,5.0
8476448,2016,CBJ,1172.0666666666666,81,20.0
8475807,2016,CAR,1109.4333333333334,71,24.0
8469492,2016,CBJ,1073.0,61,3.0
8477901,2016,MTL,277.68333333333334,23,9.0
8468508,2016,WSH,1365.5333333333333,82,52.0
8475756,2016,FLA,29.733333333333334,3,0.0
8469506,2016,MIN,1227.2833333333333,75,36.0
8476422,2016,MIN,350.4,29,7.0
8474162,2016,LAK,1891.0,82,40.0
8468483,2016,LAK,807.0,54,22.0
8478042,2016,NSH,694.4666666666667,56,16.0
8477503,2016,UTA,1326.3166666666666,81,52.0
8477467,2016,MIN,18.383333333333333,2,0.0
8476925,2016,NSH,338.6166666666667,34,6.0
8475844,2016,CGY,27.1,2,0.0
8474150,2016,CGY,1347.15,82,47.0
8477210,2016,OTT,25.8,3,2.0
8477415,2016,EDM,95.6,11,1.0
8478401,2016,NJD,16.85,1,2.0
8469547,2016,NJD,760.8333333333334,66,9.0
8475292,2016,BOS,188.53333333333333,27,6.0
8474230,2016,SJS,113.56666666666666,16,1.0
8470358,2016,VAN,1198.4166666666667,79,22.0
8476439,2016,DAL,92.81666666666666,8,1.0
8475747,2016,DAL,594.3333333333334,38,8.0
8475749,2016,UTA,53.63333333333333,6,2.0
8475279,2016,WPG,1012.05,70,10.0
8475414,2016,UTA,100.83333333333333,10,1.0
8475160,2016,LAK,524.2666666666667,57,9.0
8474091,2016,VAN,359.53333333333336,20,9.0
8476902,2016,DAL,56.18333333333333,4,0.0
8475204,2016,ANA,885.5,61,29.0
8467351,2016,OTT,385.46666666666664,34,9.0
8470187,2016,NYI,1495.6833333333334,70,25.0
8474616,2016,WPG,8.983333333333333,2,0.0
8476923,2016,NJD,1307.8666666666666,72,21.0
8473550,2016,COL,456.56666666666666,37,4.0
8467370,2016,NSH,1201.4166666666667,70,23.0
8468635,2016,DAL,188.41666666666666,23,2.0
8470162,2016,CGY,1015.8,80,17.0
8471887,2016,PIT,1381.6,82,51.0
8476822,2016,DET,1180.8,81,21.0
8475253,2016,FLA,271.8,29,0.0
8473512,2016,PHI,1602.6166666666666,78,67.0
8473446,2016,COL,1711.3,73,27.0
8476440,2016,VAN,648.0166666666667,47,10.0
8473565,2016,NYI,802.5833333333334,52,6.0
8474642,2016,CGY,529.5666666666667,44,7.0
8471284,2016,EDM,1766.75,81,30.0
8478004,2016,MTL,6.5,1,0.0
8473431,2016,MTL,7.316666666666666,1,0.0
8475661,2016,OTT,141.08333333333334,14,4.0
8470601,2016,TBL,1340.1833333333334,80,10.0
8474588,2016,UTA,571.7166666666667,50,6.0
8471274,2016,DAL,1954.1333333333334,82,37.0
8475188,2016,LAK,1524.0166666666667,81,14.0
8473571,2016,LAK,538.4,44,9.0
8476495,2016,BOS,39.86666666666667,4,1.0
8476913,2016,DAL,36.35,3,0.0
8476401,2016,BUF,96.13333333333334,11,0.0
8475769,2016,FLA,601.5833333333334,58,11.0
8475164,2016,ANA,1391.9,82,39.0
8471222,2016,CGY,254.88333333333333,22,0.0
8470794,2016,SJS,1624.2166666666667,82,78.0
8477416,2016,CBJ,191.71666666666667,12,8.0
8475325,2016,LAK,462.65,52,5.0
8474870,2016,TBL,1182.6166666666666,69,38.0
8468309,2016,PHI,1356.2166666666667,62,23.0
8476394,2016,CBJ,7.533333333333333,1,0.0
8475191,2016,FLA,1526.1,82,50.0
8468535,2016,UTA,1264.7166666666667,76,38.0
8474597,2016,CBJ,650.45,43,8.0
8477591,2016,CGY,725.0166666666667,59,13.0
8478366,2016,BOS,463.3333333333333,39,11.0
8477426,2016,OTT,292.65,24,5.0
8475761,2016,PIT,392.55,33,12.0
8471303,2016,VAN,1271.5333333333333,52,20.0
8475166,2016,NYI,1559.5666666666666,78,70.0
8476480,2016,TBL,1129.2666666666667,80,35.0
8466138,2016,SJS,1505.5833333333333,82,82.0
8477997,2016,VAN,227.75,13,2.0
8476466,2016,VAN,928.6166666666667,69,28.0
8476447,2016,NSH,732.05,61,10.0
8476451,2016,MTL,125.7,12,2.0
8473533,2016,CAR,1500.2166666666667,82,48.0
8474744,2016,WSH,17.05,2,0.0
8474722,2016,TBL,28.516666666666666,4,0.0
8477642,2016,TOR,122.5,10,0.0
8474100,2016,LAK,678.55,47,13.0
8471348,2016,EDM,162.83333333333334,11,1.0
8476855,2016,EDM,853.0,60,23.0
8476921,2016,UTA,1230.45,81,24.0
8476431,2016,EDM,429.0833333333333,29,7.0
8469470,2016,BUF,521.0166666666667,36,5.0
8471490,2016,EDM,636.0166666666667,52,10.0
8477942,2016,NSH,65.76666666666667,5,1.0
8476955,2016,PHI,46.333333333333336,6,0.0
8469598,2016,ANA,1491.7666666666667,71,15.0
8474497,2016,OTT,222.71666666666667,15,1.0
8475907,2016,CGY,895.5,71,18.0
8475231,2016,NYI,1014.4,80,29.0
8475842,2016,TOR,34.4,3,0.0
8476624,2016,SJS,143.78333333333333,14,3.0
8468513,2016,PHI,1453.7166666666667,81,10.0
8462042,2016,COL,1300.65,82,47.0
8475455,2016,SJS,1268.2833333333333,76,11.0
8471218,2016,WPG,1621.8166666666666,82,78.0
8470105,2016,STL,766.3333333333334,70,14.0
8475692,2016,NYR,1496.6,81,61.0
8476465,2016,CAR,603.8666666666667,35,10.0
8471362,2016,NYI,817.9833333333333,58,25.0
8474218,2016,DAL,1293.8166666666666,62,23.0
8474516,2016,SJS,53.25,6,0.0
8475832,2016,PIT,512.4,42,15.0
8471804,2016,CAR,632.3833333333333,47,7.0
8470543,2016,PIT,1345.9666666666667,80,40.0
8469500,2016,NJD,809.7166666666667,42,38.0
8477946,2016,DET,1323.5333333333333,80,45.0
8476474,2016,ANA,10.033333333333333,1,0.0
8471733,2016,TOR,153.78333333333333,19,4.0
8476885,2016,WPG,1787.3833333333334,81,21.0
8475157,2016,BOS,721.5666666666667,68,10.0
8470324,2016,BUF,1575.8166666666666,77,12.0
8467452,2016,LAK,996.0333333333333,63,10.0
8469665,2016,DAL,1670.95,82,21.0
8476850,2016,CBJ,1873.3833333333334,82,25.0
8475192,2016,NYI,16.966666666666665,2,0.0
8477935,2016,CGY,1165.4166666666667,77,36.0
8474569,2016,NSH,925.2166666666667,64,24.0
8473548,2016,PIT,1507.2666666666667,82,59.0
8475274,2016,NJD,265.1666666666667,19,1.0
8477450,2016,DAL,11.916666666666666,1,1.0
8473573,2016,CHI,1392.85,77,42.0
8474668,2016,CHI,952.45,71,27.0
8477427,2016,TOR,95.03333333333333,6,2.0
8466148,2016,CHI,1104.7333333333333,64,33.0
8477213,2016,BUF,141.5,17,3.0
8475848,2016,MTL,878.5333333333333,53,40.0
8475161,2016,WSH,7.683333333333334,1,0.0
8476472,2016,EDM,656.25,30,12.0
8470151,2016,STL,1664.2166666666667,72,19.0
8473604,2016,CHI,1538.7166666666667,80,58.0
8475868,2016,NSH,339.75,28,6.0
8474138,2016,UTA,79.85,7,2.0
8470750,2016,COL,1082.45,71,21.0
8477473,2016,BUF,92.81666666666666,8,0.0
8476436,2016,STL,770.85,65,13.0
8475774,2016,NSH,370.43333333333334,27,2.0
8477903,2016,CGY,168.25,14,3.0
8476545,2016,MIN,13.483333333333333,3,0.0
8475185,2016,NJD,900.2833333333333,58,14.0
8476344,2016,MIN,23.216666666666665,2,0.0
8477451,2016,CHI,27.716666666666665,3,1.0
8469466,2016,DAL,982.5833333333334,75,39.0
8474685,2016,CBJ,1104.35,73,24.0
8475772,2016,DET,1233.7,81,25.0
8476890,2016,CGY,17.983333333333334,1,1.0
8475175,2016,STL,616.8,48,9.0
8471245,2016,FLA,352.3,25,5.0
8475430,2016,PHI,925.55,56,7.0
8477126,2016,NYR,73.48333333333333,6,2.0
8476878,2016,BUF,1067.5666666666666,71,18.0
8471916,2016,TBL,36.0,4,1.0
8474190,2016,PHI,1395.9666666666667,81,60.0
8475690,2016,VAN,1501.0,69,18.0
8471262,2016,COL,1477.2333333333333,82,51.0
8476414,2016,VAN,68.85,6,0.0
8470207,2016,TOR,672.5666666666667,46,14.0
8471273,2016,CBJ,1407.2333333333333,75,48.0
8471717,2016,BOS,1154.5666666666666,64,9.0
8474207,2016,COL,1794.2,82,22.0
8476944,2016,CAR,43.53333333333333,5,0.0
8475098,2016,TOR,988.4666666666667,57,35.0
8473449,2016,NYI,1438.25,79,64.0
8475980,2016,CAR,71.73333333333333,8,0.0
8471339,2016,TBL,1258.3666666666666,73,28.0
8467423,2016,ANA,783.9333333333333,59,15.0
8474125,2016,STL,1251.3333333333333,72,9.0
8475323,2016,CHI,554.3666666666667,41,4.0
8471856,2016,UTA,6.216666666666667,1,0.0
8476917,2016,NYI,158.21666666666667,9,2.0
8474618,2016,MIN,1510.5,73,21.0
8471678,2016,EDM,882.7166666666667,55,36.0
8470047,2016,TBL,1387.5166666666667,76,31.0
8475151,2016,NJD,1460.3166666666666,82,57.0
8475949,2016,NYR,53.583333333333336,5,1.0
8477931,2016,DET,60.833333333333336,6,0.0
8470622,2016,DAL,700.6333333333333,54,17.0
8477952,2016,STL,958.6833333333333,72,37.0
8476941,2016,TOR,295.1333333333333,19,4.0
8476356,2016,UTA,1419.05,82,37.0
8476892,2016,STL,1531.5666666666666,79,33.0
8474715,2016,CBJ,1441.65,81,53.0
8473914,2016,EDM,1294.15,82,25.0
8470120,2016,MTL,185.03333333333333,15,4.0
8475235,2016,BUF,722.2,70,12.0
8471686,2016,NYR,1515.3,77,15.0
8474250,2016,OTT,1247.3833333333334,81,36.0
8477589,2016,VAN,91.28333333333333,8,0.0
8474031,2016,STL,1614.4,72,44.0
8476312,2016,ANA,1333.55,71,15.0
8470604,2016,LAK,1415.9,77,62.0
8474291,2016,WSH,798.9166666666666,57,17.0
8464977,2016,SJS,579.4833333333333,50,7.0
8476826,2016,TBL,14.633333333333333,2,1.0
8476406,2016,LAK,843.6166666666667,68,10.0
8474774,2016,CBJ,1035.05,64,9.0
8475784,2016,CAR,1335.4833333333333,82,51.0
8475153,2016,FLA,110.01666666666667,8,1.0
8477850,2016,MIN,379.0833333333333,26,4.0
8477215,2016,DET,1700.75,78,20.0
8477290,2016,PHI,1172.55,82,31.0
8474000,2016,FLA,709.4333333333333,47,4.0
8469707,2016,TOR,1251.9333333333334,77,41.0
8477498,2016,EDM,1395.9166666666667,69,10.0
8475736,2016,FLA,200.68333333333334,23,5.0
8468505,2016,STL,229.28333333333333,21,2.0
8475060,2016,TBL,41.78333333333333,3,0.0
8475836,2016,VAN,11.716666666666667,1,0.0
8467400,2016,COL,2056.55,82,34.0
8477425,2016,NJD,13.1,1,0.0
8478561,2016,COL,610.35,55,11.0
8473560,2016,ANA,430.8,30,3.0
8460542,2016,NJD,246.98333333333332,16,8.0
8476958,2016,CAR,1322.1833333333334,63,20.0
8474066,2016,NYI,1079.0833333333333,62,18.0
8476323,2016,OTT,209.16666666666666,20,4.0
8470317,2016,COL,378.75,29,0.0
8471331,2016,PIT,464.0833333333333,41,3.0
8473584,2016,PHI,563.3333333333334,28,8.0
8475223,2016,VAN,645.8166666666667,41,15.0
8471693,2016,FLA,677.15,44,8.0
8474612,2016,NYI,1715.3,72,21.0
8475119,2016,WSH,99.33333333333333,10,1.0
8473646,2016,MIN,668.45,60,12.0
8478563,2016,PHI,847.2833333333333,45,12.0
8473466,2016,PHI,917.1666666666666,73,16.0
8475174,2016,OTT,628.2333333333333,37,4.0
8467407,2016,BUF,1400.8666666666666,79,33.0
8476288,2016,OTT,323.93333333333334,30,9.0
8476806,2016,TBL,1042.1833333333334,78,22.0
8476432,2016,CBJ,1345.55,82,49.0
8475902,2016,BOS,705.05,38,7.0
8470920,2016,CBJ,212.0,23,4.0
8471724,2016,PIT,1913.1,71,67.0
8467330,2016,BUF,765.9333333333333,79,14.0
8475878,2016,CGY,50.8,4,2.0
8471346,2016,LAK,1184.8666666666666,77,38.0
8474589,2016,BUF,415.56666666666666,23,11.0
8477934,2016,EDM,1298.4166666666667,72,51.0
8471766,2016,CBJ,199.5,30,3.0
8471769,2016,CHI,1812.6333333333334,81,24.0
8477923,2016,MIN,6.15,1,0.0
8475278,2016,TOR,707.0666666666667,56,5.0
8475186,2016,NJD,1448.1833333333334,73,19.0
8476894,2016,TOR,85.43333333333334,6,3.0
8474688,2016,MTL,636.45,38,7.0
8474661,2016,CAR,545.9,36,1.0
8475310,2016,DAL,26.4,3,0.0
8468700,2016,NSH,708.25,63,6.0
8475913,2016,OTT,1508.5166666666667,75,61.0
8467329,2016,LAK,648.7666666666667,49,18.0
8466139,2016,SJS,1560.3333333333333,82,48.0
8476882,2016,CHI,1196.9,78,35.0
8470803,2016,STL,821.1833333333333,76,11.0
8471716,2016,DET,1511.7166666666667,82,42.0
8477902,2016,COL,134.15,15,0.0
8476368,2016,OTT,308.6333333333333,16,2.0
8470606,2016,LAK,1326.2166666666667,82,28.0
8469760,2016,UTA,1191.15,70,7.0
8475163,2016,OTT,1050.0833333333333,77,14.0
8477566,2016,CAR,23.583333333333332,2,1.0
8477444,2016,WSH,1028.9333333333334,79,38.0
8477508,2016,OTT,1053.2666666666667,76,20.0
8473962,2016,FLA,1277.4666666666667,76,43.0
8477429,2016,WPG,616.25,77,13.0
8475766,2016,NSH,570.15,57,10.0
8476200,2016,NJD,37.583333333333336,3,0.0
8475625,2016,BOS,29.866666666666667,2,0.0
8474098,2016,DAL,900.1166666666667,71,23.0
8476779,2016,EDM,99.25,7,0.0
8468083,2016,DET,1591.65,82,50.0
8467331,2016,COL,84.0,6,0.0
8474628,2016,UTA,1684.9833333333333,75,36.0
8474024,2016,NJD,54.06666666666667,4,0.0
8476852,2016,EDM,523.9833333333333,29,1.0
8474565,2016,STL,1920.25,73,37.0
8471390,2016,ANA,706.4833333333333,70,18.0
8470667,2016,OTT,43.43333333333333,4,0.0
8477501,2016,DAL,1100.3666666666666,79,29.0
8477507,2016,COL,372.51666666666665,22,2.0
8475799,2016,MIN,1274.5666666666666,82,43.0
8465185,2016,FLA,916.5666666666667,46,7.0
8476479,2016,MTL,650.6166666666667,51,10.0
8477512,2016,TOR,96.91666666666667,7,1.0
8476441,2016,STL,1000.2666666666667,67,9.0
8476457,2016,NJD,1846.1,82,18.0
8470755,2016,UTA,1280.9666666666667,82,31.0
8477447,2016,ANA,363.06666666666666,19,8.0
8475757,2016,MIN,20.15,3,0.0
8467876,2016,VAN,1456.7333333333333,79,57.0
8478963,2016,MTL,48.833333333333336,3,0.0
8475461,2016,COL,77.05,9,2.0
8477955,2016,VAN,864.0166666666667,69,18.0
8474176,2016,PIT,1256.55,80,39.0
8475792,2016,BOS,920.2333333333333,71,25.0
8476400,2016,FLA,648.7666666666667,53,7.0
8476293,2016,PIT,256.45,24,6.0
8474554,2016,UTA,9.55,1,0.0
8474094,2016,WPG,283.56666666666666,30,3.0
8478466,2016,PIT,157.05,18,2.0
8470257,2016,STL,1364.8666666666666,67,52.0
8475715,2016,NYR,828.0166666666667,68,28.0
8476967,2016,CGY,98.76666666666667,8,0.0
8475233,2016,CBJ,1506.2166666666667,65,25.0
8478403,2016,BUF,1548.85,81,56.0
8471676,2016,OTT,1391.1666666666667,81,56.0
8477887,2016,CAR,88.23333333333333,7,2.0
8477929,2016,CHI,403.2,44,9.0
8477956,2016,BOS,711.2,51,26.0
8474884,2016,OTT,1368.3666666666666,78,59.0
8460720,2016,NYI,56.916666666666664,6,0.0
8467496,2016,MTL,1954.5333333333333,82,44.0
8477433,2016,OTT,68.3,5,1.0
8476881,2016,SJS,1293.8166666666666,81,46.0
8475222,2016,ANA,1513.2833333333333,71,38.0
8471231,2016,UTA,716.4166666666666,70,12.0
8476910,2016,WPG,92.26666666666667,8,3.0
8474849,2016,DAL,1108.5666666666666,80,29.0
8471691,2016,UTA,1139.0333333333333,64,41.0
8474625,2016,BOS,1036.9833333333333,75,29.0
8476158,2016,ANA,8.8,1,0.0
8470611,2016,PIT,718.0666666666667,55,14.0
8477249,2016,EDM,54.733333333333334,6,0.0
8470607,2016,CHI,1847.8666666666666,81,49.0
8476469,2016,WPG,522.9333333333333,43,10.0
8475744,2016,WSH,1428.05,82,77.0
8470778,2016,DET,363.23333333333335,28,2.0
8473970,2016,EDM,131.76666666666668,14,1.0
8479268,2016,BUF,103.75,7,4.0
8477506,2016,NYI,235.93333333333334,15,4.0
8471254,2016,CHI,244.7,25,2.0
8475167,2016,TBL,1799.1666666666667,78,47.0
8476889,2016,DAL,555.9166666666666,45,12.0
8471811,2016,BUF,290.35,23,11.0
8448208,2016,FLA,1348.9333333333334,79,66.0
8473504,2016,NYI,917.3833333333333,77,23.0
8478430,2016,CGY,17.366666666666667,1,0.0
8474743,2016,COL,435.81666666666666,37,6.0
8477010,2016,NJD,639.7,41,17.0
8475829,2016,CBJ,14.15,1,0.0
8478029,2016,WPG,18.833333333333332,2,0.0
8473658,2016,MTL,133.18333333333334,10,0.0
8471276,2016,BOS,1461.6666666666667,72,63.0
8474570,2016,NSH,418.5833333333333,39,8.0
8469462,2016,NJD,379.65,33,1.0
8474096,2016,SJS,828.0666666666667,58,13.0
8477205,2016,TBL,1296.4,77,21.0
8476452,2016,CGY,155.86666666666667,11,1.0
8476331,2016,SJS,612.8166666666667,45,4.0
8473589,2016,NYR,46.166666666666664,3,0.0
8467338,2016,UTA,1105.3333333333333,70,35.0
8476386,2016,NYI,696.2666666666667,62,17.0
8470740,2016,BOS,1470.6833333333334,82,51.0
8475800,2016,DET,416.4166666666667,36,12.0
8475218,2016,NSH,1659.8166666666666,82,35.0
8476851,2016,MTL,1333.2666666666667,82,56.0
8477953,2016,TOR,133.01666666666668,9,0.0
8471677,2016,CBJ,1450.5166666666667,60,14.0
8476960,2016,DET,333.65,37,14.0
8476419,2016,OTT,1369.65,82,43.0
8475246,2016,UTA,1087.9666666666667,65,17.0
8475314,2016,NYI,1166.1666666666667,80,36.0
8476326,2016,PIT,5.033333333333333,1,0.0
8466333,2016,EDM,78.35,6,0.0
8476880,2016,WSH,1058.85,82,23.0
8477392,2016,BUF,80.65,7,2.0
8475598,2016,WSH,8.683333333333334,1,0.0
8476979,2016,CHI,633.4333333333333,41,14.0
8471681,2016,COL,653.6,74,14.0
8476388,2016,VAN,142.38333333333333,13,0.0
8477916,2016,COL,22.583333333333332,3,0.0
8475726,2016,LAK,1419.65,82,58.0
8468504,2016,TOR,718.2166666666667,60,24.0
8476766,2016,BUF,25.25,2,0.0
8475199,2016,COL,553.3833333333333,40,6.0
8474602,2016,PIT,1158.7166666666667,63,18.0
8469501,2016,WPG,829.95,82,12.0
8473564,2016,CGY,1011.7666666666667,64,32.0
8475765,2016,STL,1491.0166666666667,80,74.0
8474168,2016,DET,261.5833333333333,29,3.0
8470871,2016,MIN,587.2166666666667,61,7.0
8474151,2016,NYR,1631.7166666666667,73,34.0
8475227,2016,OTT,892.8166666666667,64,13.0
8476381,2016,CHI,1142.7833333333333,78,34.0
8476905,2016,WSH,70.71666666666667,9,0.0
8467875,2016,VAN,1406.6666666666667,77,59.0
8477932,2016,FLA,1690.8166666666666,78,36.0
8475820,2016,SJS,1075.65,76,36.0
8477933,2016,BUF,1330.05,79,42.0
8475181,2016,NYI,1832.0,81,40.0
8475462,2016,PHI,1508.15,76,14.0
8476792,2016,BOS,1750.7166666666667,81,44.0
8471956,2016,CHI,1030.4166666666667,77,13.0
8469759,2016,DAL,954.5,82,22.0
8477015,2016,TOR,104.8,7,6.0
8476352,2016,LAK,176.46666666666667,17,3.0
8474068,2016,OTT,1123.1666666666667,57,30.0
8475855,2016,NYR,1180.1166666666666,79,30.0
8476438,2016,CBJ,1343.0333333333333,78,53.0
8476807,2016,SJS,304.8,29,4.0
8470318,2016,DET,1315.95,71,15.0
8475869,2016,EDM,979.0166666666667,51,11.0
8474005,2016,UTA,66.16666666666667,5,0.0
8474641,2016,NJD,1585.4166666666667,80,50.0
8473537,2016,NYR,915.2333333333333,75,20.0
8476442,2016,SJS,881.6833333333333,67,17.0
8470617,2016,WSH,474.8333333333333,39,5.0
8471862,2016,TOR,436.98333333333335,31,15.0
8477326,2016,TBL,54.833333333333336,6,1.0
8471761,2016,STL,57.5,5,0.0
8473492,2016,BOS,1268.55,80,37.0
8477453,2016,COL,413.6,31,3.0
8475176,2016,NSH,1650.9833333333333,79,32.0
8471498,2016,VAN,1101.0833333333333,67,38.0
8478566,2016,NJD,1039.75,78,15.0
8474141,2016,CHI,1672.8833333333334,82,106.0
8473673,2016,NJD,1248.1833333333334,67,19.0
8478866,2016,PIT,18.216666666666665,3,1.0
8471729,2016,DAL,1430.7,62,19.0
8474089,2016,CAR,544.0833333333334,57,6.0
8475730,2016,DAL,249.61666666666667,14,3.0
8471296,2016,MTL,1475.85,72,12.0
8475759,2016,COL,316.56666666666666,26,1.0
8475815,2016,WPG,149.55,11,0.0
8475816,2016,WSH,218.88333333333333,24,3.0
8475613,2016,MIN,614.7,54,3.0
8477445,2016,CGY,119.71666666666667,8,3.0
8478562,2016,CGY,383.1333333333333,27,5.0
8474660,2016,NJD,376.71666666666664,22,2.0
8468498,2016,WSH,812.2333333333333,41,10.0
8475220,2016,BUF,988.8333333333334,75,23.0
8476467,2016,DAL,241.6,19,2.0
8468674,2016,CGY,1050.9666666666667,69,12.0
8476456,2016,FLA,1378.9166666666667,76,59.0
8473426,2016,WSH,696.6166666666667,45,5.0
8476869,2016,NYR,124.13333333333334,7,0.0
8474613,2016,NYR,1278.3833333333334,72,53.0
8474062,2016,CAR,829.2,64,22.0
8474053,2016,SJS,904.1333333333333,52,36.0
8474610,2016,MIN,20.5,2,1.0
8467899,2016,STL,21.783333333333335,2,1.0
8468486,2016,CBJ,1231.0833333333333,79,49.0
8477500,2016,VAN,1404.85,82,40.0
8474627,2016,STL,1270.5333333333333,79,34.0
8470729,2016,MIN,15.1,2,0.0
8470630,2016,NYR,1406.5333333333333,69,26.0
8467389,2016,DET,1006.0166666666667,68,28.0
8477446,2016,MTL,233.63333333333333,20,2.0
8475755,2016,FLA,1119.0666666666666,66,17.0
8477497,2016,CGY,1552.7666666666667,81,63.0
8474818,2016,DAL,1001.7833333333333,64,12.0
8470775,2016,ANA,568.0666666666667,49,6.0
8474574,2016,WPG,1650.3833333333334,73,27.0
8477300,2016,CHI,425.3333333333333,27,4.0
8470378,2016,STL,27.166666666666668,2,0.0
8466251,2016,WSH,1152.15,82,40.0
8477463,2016,NJD,14.583333333333334,1,0.0
8469455,2016,DAL,1238.7666666666667,75,63.0
8467096,2016,NYR,1392.2666666666667,74,24.0
8478373,2016,TOR,171.83333333333334,11,5.0
8474520,2016,TBL,1329.3833333333334,72,11.0
8476906,2016,PHI,1285.7833333333333,64,46.0
8475958,2016,ANA,8.35,1,0.0
8472382,2016,NJD,1881.6333333333334,82,13.0
8473933,2016,PIT,1245.2166666666667,66,10.0
8470598,2016,MIN,1155.2,74,41.0
8470600,2016,MIN,2344.616666666667,82,51.0
8476437,2016,CAR,1358.65,80,48.0
8475194,2016,UTA,63.55,4,0.0
8471760,2016,NSH,130.26666666666668,17,0.0
8468639,2016,BOS,1644.6,81,21.0
8476948,2016,MTL,32.083333333333336,3,2.0
8475794,2016,DAL,1399.85,72,73.0
8475650,2016,CGY,501.65,54,4.0
8476483,2016,ANA,1157.1833333333334,72,43.0
8476471,2016,CHI,12.733333333333333,1,0.0
8476884,2016,PIT,339.96666666666664,22,7.0
8475155,2016,ANA,628.0833333333334,32,4.0
8477527,2016,NYI,16.283333333333335,1,0.0
8477407,2016,UTA,1164.7333333333333,81,44.0
8478402,2016,EDM,849.8166666666667,45,48.0
8477496,2016,CAR,1485.1333333333334,82,39.0
8475738,2016,PHI,131.06666666666666,14,0.0
8472410,2016,NJD,1001.2666666666667,82,11.0
8471214,2016,WSH,1604.3666666666666,79,71.0
8470599,2016,TOR,725.3333333333334,45,16.0
8471269,2016,UTA,1031.5833333333333,58,7.0
8474590,2016,WSH,1327.2833333333333,56,39.0
8473415,2016,VAN,854.9333333333333,51,7.0
8471240,2016,LAK,18.25,1,0.0
8475171,2016,UTA,1857.7166666666667,75,55.0
8475793,2016,NSH,1405.0166666666667,80,60.0
8475790,2016,FLA,1287.2,64,9.0
8473563,2016,WSH,1438.6333333333334,75,70.0
8475768,2016,STL,567.7166666666667,33,22.0
8471735,2016,NYR,1636.8833333333334,82,47.0
8476043,2016,COL,51.416666666666664,7,0.0
8477715,2016,UTA,148.4,14,3.0
8469555,2016,CHI,743.2166666666667,48,12.0
8473482,2016,NJD,411.35,30,4.0
8474604,2016,WSH,99.1,8,2.0
8468208,2016,SJS,1340.8666666666666,79,43.0
8471710,2016,WSH,725.5,55,6.0
8475770,2016,VAN,762.7,58,15.0
8467890,2016,NSH,1011.5833333333334,73,5.0
8478541,2016,CBJ,28.583333333333332,4,0.0
8471675,2016,PIT,1637.55,80,85.0
8475841,2017,SJS,16.483333333333334,1,0.0
8470144,2017,DET,1354.6833333333334,79,41.0
8476473,2017,UTA,1440.4833333333333,75,17.0
8470724,2017,CBJ,1306.25,73,15.0
8474150,2017,CGY,1426.0833333333333,81,53.0
8477407,2017,UTA,743.4833333333333,56,14.0
8474573,2017,NYI,1506.4666666666667,82,56.0
8475325,2017,LAK,499.3666666666667,46,8.0
8473533,2017,CAR,1399.6166666666666,75,45.0
8477916,2017,VAN,4.85,1,0.0
8471664,2017,ANA,35.63333333333333,4,0.0
8471218,2017,WPG,1651.65,82,74.0
8470755,2017,UTA,245.53333333333333,16,9.0
8468505,2017,MTL,570.4833333333333,53,7.0
8475163,2017,CGY,1084.4833333333333,81,24.0
8475186,2017,NJD,1195.05,63,22.0
8471956,2017,CHI,432.46666666666664,46,1.0
8476326,2017,PIT,108.65,10,3.0
8475799,2017,MIN,1235.8833333333334,82,57.0
8469455,2017,DAL,1099.6166666666666,68,50.0
8469521,2017,MTL,1311.8666666666666,78,28.0
8479410,2017,MTL,48.5,4,0.0
8470886,2017,ANA,245.71666666666667,14,3.0
8476879,2017,OTT,1833.2,79,17.0
8477417,2017,BOS,153.05,11,2.0
8468535,2017,ANA,1145.05,72,28.0
8478427,2017,CAR,1376.5166666666667,82,49.0
8475810,2017,PIT,777.2666666666667,57,28.0
8476431,2017,NYR,490.1,31,11.0
8475745,2017,MIN,1369.5666666666666,82,56.0
8474574,2017,WPG,244.28333333333333,11,5.0
8477845,2017,CHI,1067.7,58,16.0
8475791,2017,NJD,1390.8,72,53.0
8471816,2017,EDM,31.666666666666668,4,2.0
8476477,2017,NYR,385.75,40,9.0
8476323,2017,OTT,47.31666666666667,7,0.0
8475857,2017,LAK,693.3666666666667,49,7.0
8473446,2017,COL,1015.75,46,17.0
8474520,2017,TBL,1299.4833333333333,70,9.0
8476462,2017,CGY,1594.4166666666667,81,50.0
8475907,2017,CGY,878.9333333333333,76,25.0
8477210,2017,OTT,27.783333333333335,4,0.0
8476878,2017,BUF,986.9666666666667,75,16.0
8476871,2017,LAK,1305.6,80,44.0
8477496,2017,CAR,1309.05,72,45.0
8470616,2017,ANA,1746.9,82,58.0
8477479,2017,DET,63.75,7,0.0
8478851,2017,NSH,20.783333333333335,2,0.0
8475753,2017,CAR,1735.55,75,37.0
8476162,2017,PIT,150.66666666666666,11,1.0
8477498,2017,EDM,732.95,43,11.0
8474218,2017,FLA,1568.1666666666667,80,28.0
8475274,2017,NJD,121.21666666666667,9,1.0
8468486,2017,CBJ,940.8333333333334,78,37.0
8474141,2017,CHI,1754.3833333333334,82,89.0
8476955,2017,PHI,90.6,10,2.0
8475780,2017,ANA,402.3666666666667,43,7.0
8475788,2017,UTA,654.4333333333333,49,16.0
8476476,2017,BOS,263.93333333333334,17,1.0
8470794,2017,SJS,1529.4833333333333,80,68.0
8473994,2017,DAL,1491.7833333333333,77,69.0
8478432,2017,UTA,76.3,6,3.0
8471996,2017,NYI,22.383333333333333,2,0.0
8475758,2017,NJD,715.8333333333334,53,9.0
8477933,2017,BUF,1360.15,79,47.0
8475744,2017,WSH,1373.1333333333334,81,59.0
8477591,2017,UTA,637.0833333333334,52,12.0
8475314,2017,NYI,1262.65,81,52.0
8466138,2017,SJS,1407.2833333333333,78,49.0
8474727,2017,TOR,458.65,40,4.0
8478506,2017,CBJ,34.25,2,1.0
8477215,2017,DET,1799.6,82,12.0
8476905,2017,WSH,35.516666666666666,4,0.0
8477491,2017,BUF,129.35,14,4.0
8472410,2017,NYI,291.3833333333333,26,6.0
8475755,2017,FLA,889.35,49,14.0
8471262,2017,COL,1062.7833333333333,79,14.0
8477391,2017,BUF,12.2,1,0.0
8474291,2017,WSH,1091.0333333333333,80,29.0
8474683,2017,BUF,448.96666666666664,46,4.0
8469506,2017,MIN,1109.65,78,47.0
8478046,2017,BOS,105.86666666666666,8,0.0
8473563,2017,WSH,1478.7333333333333,81,85.0
8476470,2017,MTL,1441.5,74,28.0
8468575,2017,BOS,1061.2,82,25.0
8471685,2017,LAK,1578.2333333333333,76,52.0
8477463,2017,NJD,611.1666666666666,38,7.0
8470613,2017,SJS,2013.5166666666667,81,76.0
8474100,2017,MTL,1152.5333333333333,80,16.0
8475754,2017,NYI,1267.5,81,45.0
8474605,2017,COL,937.1666666666666,56,12.0
8473933,2017,NJD,1703.4833333333333,82,7.0
8471976,2017,EDM,610.4666666666667,49,14.0
8476934,2017,CAR,683.85,57,16.0
8477955,2017,FLA,337.4166666666667,29,7.0
8473962,2017,LAK,154.7,12,2.0
8471811,2017,BUF,61.6,9,1.0
8475763,2017,NYR,1243.0333333333333,75,49.0
8475982,2017,BUF,22.333333333333332,2,0.0
8478004,2017,MTL,37.983333333333334,2,0.0
8476456,2017,FLA,555.5,31,26.0
8474037,2017,TOR,1302.9833333333333,82,62.0
8473989,2017,NJD,78.45,11,0.0
8474641,2017,NJD,1490.1166666666666,82,40.0
8474628,2017,CGY,1245.65,63,15.0
8471504,2017,COL,892.1166666666667,64,17.0
8478371,2017,DET,28.866666666666667,2,1.0
8474563,2017,LAK,2225.8333333333335,82,44.0
8475185,2017,NJD,465.4,38,10.0
8476798,2017,NJD,186.1,11,3.0
8475844,2017,STL,89.43333333333334,7,3.0
8475165,2017,EDM,215.03333333333333,22,4.0
8476479,2017,MTL,1277.7,82,40.0
8475227,2017,OTT,1060.95,76,17.0
8475147,2017,MIN,361.8333333333333,37,13.0
8476873,2017,CGY,10.3,1,0.0
8480087,2017,PHI,17.0,2,0.0
8476300,2017,MTL,781.6833333333333,48,17.0
8471698,2017,WSH,1195.1,67,56.0
8475730,2017,DAL,1113.5833333333333,61,10.0
8470622,2017,ANA,1296.2666666666667,79,51.0
8475807,2017,CAR,1042.9333333333334,82,12.0
8476392,2017,WPG,1316.0333333333333,82,29.0
8477956,2017,BOS,1347.6666666666667,75,70.0
8478131,2017,ANA,624.55,53,15.0
8476370,2017,NJD,130.36666666666667,10,1.0
8474569,2017,NSH,1046.4166666666667,70,35.0
8478458,2017,WPG,8.4,1,0.0
8470852,2017,BUF,940.1333333333333,81,32.0
8474577,2017,COL,653.4,61,8.0
8474176,2017,PIT,944.8833333333333,61,22.0
8475793,2017,NSH,1544.5166666666667,82,61.0
8473415,2017,VAN,474.06666666666666,36,3.0
8475855,2017,NYR,927.1,67,21.0
8471226,2017,BOS,788.85,58,21.0
8477041,2017,BUF,80.45,5,0.0
8476805,2017,CHI,8.566666666666666,1,0.0
8478444,2017,VAN,145.91666666666666,9,5.0
8474873,2017,DET,62.56666666666667,5,0.0
8471675,2017,PIT,1490.8333333333333,75,89.0
8475750,2017,NJD,946.8833333333333,51,6.0
8474589,2017,BUF,654.6333333333333,51,13.0
8476437,2017,CAR,1418.1333333333334,82,45.0
8475191,2017,FLA,1446.8166666666666,79,37.0
8471760,2017,NSH,60.9,9,0.0
8473492,2017,BOS,650.0166666666667,49,8.0
8475204,2017,NYR,725.4833333333333,59,18.0
8478569,2017,BOS,300.78333333333336,29,5.0
8473468,2017,EDM,645.5833333333334,40,6.0
8473466,2017,MIN,680.6833333333333,64,16.0
8476403,2017,CAR,597.2,43,6.0
8476766,2017,BUF,28.566666666666666,4,1.0
8475784,2017,CAR,1401.35,79,63.0
8475236,2017,DAL,1008.9166666666666,60,12.0
8476867,2017,VAN,541.0,57,5.0
8477461,2017,DAL,281.25,18,7.0
8479442,2017,VAN,1418.5,71,24.0
8473419,2017,BOS,1554.9166666666667,80,85.0
8473544,2017,OTT,1407.6833333333334,81,39.0
8477959,2017,NYI,345.5833333333333,21,10.0
8477003,2017,WSH,25.733333333333334,3,0.0
8473465,2017,UTA,922.75,70,17.0
8477500,2017,VAN,1460.6,81,52.0
8477502,2017,PHI,17.783333333333335,1,0.0
8471385,2017,NSH,43.96666666666667,4,0.0
8467493,2017,OTT,401.28333333333336,53,4.0
8475714,2017,NSH,1273.2,81,31.0
8466285,2017,CHI,1474.3666666666666,80,17.0
8477126,2017,VAN,721.1833333333333,58,8.0
8475149,2017,WSH,1376.1833333333334,81,57.0
8470187,2017,NYI,1368.25,66,23.0
8477903,2017,CGY,237.61666666666667,26,5.0
8474567,2017,BUF,1124.8833333333334,56,11.0
8476374,2017,BOS,73.6,8,1.0
8478417,2017,BOS,8.416666666666666,1,0.0
8474578,2017,OTT,2066.483333333333,77,71.0
8479465,2017,EDM,779.7,59,18.0
8473573,2017,CHI,1142.15,64,45.0
8477943,2017,UTA,832.2166666666667,56,21.0
8474090,2017,NYR,981.3333333333334,51,9.0
8474098,2017,FLA,1155.65,79,24.0
8475869,2017,MTL,597.35,38,3.0
8476454,2017,EDM,1431.4833333333333,81,43.0
8476440,2017,VAN,1193.7333333333333,69,32.0
8476911,2017,TBL,38.11666666666667,3,0.0
8475343,2017,LAK,871.9,70,22.0
8477881,2017,NYI,47.38333333333333,4,0.0
8475184,2017,NYR,1254.3666666666666,74,52.0
8473914,2017,EDM,1096.6,77,35.0
8479268,2017,BUF,138.65,11,0.0
8467400,2017,COL,1716.35,80,17.0
8469759,2017,NSH,687.4833333333333,59,4.0
8471426,2017,CGY,1200.4833333333333,74,25.0
8475848,2017,MTL,966.0833333333334,64,29.0
8474151,2017,NYR,1849.2,76,42.0
8475155,2017,ANA,16.133333333333333,1,0.0
8476967,2017,CGY,299.0833333333333,21,3.0
8475231,2017,NYI,820.5,59,25.0
8477416,2017,CBJ,366.3333333333333,26,13.0
8476915,2017,EDM,92.56666666666666,10,1.0
8476858,2017,CAR,442.65,36,7.0
8467370,2017,NSH,1196.4166666666667,72,42.0
8475462,2017,PHI,1292.5833333333333,67,23.0
8470775,2017,ANA,311.56666666666666,30,2.0
8477456,2017,COL,313.51666666666665,21,5.0
8471490,2017,DAL,721.75,69,16.0
8473463,2017,TOR,1400.0333333333333,82,32.0
8477425,2017,NJD,771.15,60,17.0
8478373,2017,TOR,607.5,56,9.0
8474586,2017,EDM,1356.25,81,50.0
8470626,2017,VAN,1213.75,65,24.0
8476913,2017,DAL,1159.1166666666666,82,33.0
8476918,2017,NYR,1077.0833333333333,79,26.0
8471296,2017,MTL,1620.45,76,10.0
8476853,2017,TOR,1684.8166666666666,76,27.0
8475692,2017,NYR,1486.25,79,58.0
8475690,2017,VAN,1078.2833333333333,53,10.0
8469619,2017,NYI,1418.15,73,22.0
8476414,2017,VAN,19.45,3,0.0
8478566,2017,NJD,550.1333333333333,43,4.0
8477505,2017,CBJ,1470.2,80,59.0
8470606,2017,LAK,1280.0166666666667,80,36.0
8476886,2017,TBL,376.53333333333336,29,4.0
8476988,2017,EDM,1012.2,61,15.0
8475323,2017,CHI,981.4333333333333,70,17.0
8473534,2017,STL,1311.1333333333334,82,34.0
8470740,2017,CAR,1299.2,82,40.0
8468611,2017,EDM,451.45,42,7.0
8478480,2017,NJD,28.45,3,0.0
8477009,2017,TBL,645.0166666666667,35,11.0
8474190,2017,PHI,1553.85,82,54.0
8477937,2017,VAN,101.45,10,1.0
8471273,2017,CBJ,1431.6333333333334,80,41.0
8478561,2017,MTL,626.3166666666667,63,7.0
8471242,2017,DET,1696.05,72,36.0
8464989,2017,PIT,1002.1333333333333,72,31.0
8476219,2017,MIN,23.65,3,0.0
8476356,2017,UTA,1353.0,78,33.0
8479648,2017,PHI,450.18333333333334,47,6.0
8475167,2017,TBL,1936.25,79,72.0
8478542,2017,BUF,387.75,30,6.0
8478463,2017,NYI,859.3833333333333,66,24.0
8477520,2017,PIT,11.3,1,0.0
8474250,2017,OTT,1212.0166666666667,74,32.0
8478420,2017,COL,1335.2166666666667,74,38.0
8473485,2017,MIN,820.7333333333333,79,21.0
8474565,2017,STL,2022.55,80,48.0
8476279,2017,OTT,591.3666666666667,41,6.0
8475181,2017,NYI,1840.1666666666667,81,46.0
8475772,2017,DET,1117.7333333333333,80,13.0
8477240,2017,PIT,296.21666666666664,27,7.0
8475164,2017,ANA,1460.2666666666667,79,49.0
8469598,2017,ANA,1518.8333333333333,81,14.0
8476464,2017,COL,36.93333333333333,3,0.0
8477401,2017,CHI,140.21666666666667,12,4.0
8468001,2017,FLA,1019.5166666666667,81,16.0
8474125,2017,STL,761.35,56,6.0
8477986,2017,ANA,469.28333333333336,27,6.0
8476346,2017,CGY,1331.3666666666666,72,61.0
8476526,2017,NJD,32.666666666666664,3,0.0
8469665,2017,CHI,950.1833333333333,52,9.0
8475726,2017,LAK,1044.9,63,34.0
8470619,2017,TOR,977.4833333333333,75,25.0
8475213,2017,VAN,167.51666666666668,14,2.0
8475279,2017,WPG,903.95,59,12.0
8476941,2017,TOR,1094.5166666666667,67,8.0
8471254,2017,CAR,114.85,11,1.0
8475160,2017,LAK,782.8,73,12.0
8474013,2017,PIT,1605.4166666666667,81,26.0
8469760,2017,UTA,35.71666666666667,2,0.0
8479250,2017,NJD,504.0,43,7.0
8468309,2017,PIT,1273.1,68,27.0
8476887,2017,NSH,1518.4833333333333,82,58.0
8476906,2017,PHI,1488.1166666666666,76,39.0
8478493,2017,MIN,159.18333333333334,15,7.0
8471663,2017,OTT,16.233333333333334,2,0.0
8473432,2017,VAN,139.05,14,4.0
8476482,2017,NYR,64.56666666666666,7,0.0
8476923,2017,NJD,1628.1833333333334,80,31.0
8476922,2017,NYR,11.733333333333333,1,0.0
8477939,2017,TOR,1297.0,81,61.0
8477566,2017,CAR,22.95,2,1.0
8477444,2017,WSH,837.4833333333333,63,35.0
8468639,2017,BOS,583.5333333333333,36,5.0
8478055,2017,CHI,563.1166666666667,38,5.0
8477454,2017,TBL,306.98333333333335,26,3.0
8469500,2017,NJD,1058.65,61,31.0
8471707,2017,NSH,1238.5333333333333,70,41.0
8477944,2017,WSH,233.28333333333333,21,6.0
8477946,2017,DET,1292.2333333333333,80,32.0
8475168,2017,COL,1390.85,76,41.0
8478541,2017,CBJ,91.26666666666667,10,2.0
8475625,2017,NSH,1203.8,74,14.0
8479482,2017,CHI,748.3,50,8.0
8475222,2017,ANA,1538.15,71,24.0
8476460,2017,WPG,1624.1166666666666,79,82.0
8476467,2017,DAL,664.6333333333333,41,7.0
8475808,2017,VAN,749.5,68,9.0
8476391,2017,CBJ,22.45,3,0.0
8476856,2017,MIN,1543.65,76,34.0
8475324,2017,DET,870.0333333333333,49,13.0
8475199,2017,COL,304.3,26,1.0
8478906,2017,CBJ,872.0333333333333,66,7.0
8478440,2017,UTA,95.78333333333333,7,1.0
8471498,2017,SJS,690.2333333333333,43,20.0
8475246,2017,UTA,315.1666666666667,24,1.0
8477971,2017,OTT,52.95,5,0.0
8470110,2017,PIT,1141.1833333333334,56,19.0
8470803,2017,STL,773.2333333333333,69,15.0
8469547,2017,CHI,337.35,50,3.0
8469544,2017,DAL,765.2833333333333,48,18.0
8477839,2017,PIT,972.2,61,53.0
8470610,2017,MIN,1202.5166666666667,69,42.0
8474611,2017,PIT,150.21666666666667,12,4.0
8470595,2017,MIN,1525.2333333333333,82,65.0
8477931,2017,DET,111.36666666666666,11,1.0
8479343,2017,UTA,38.0,3,2.0
8477887,2017,CAR,136.0,14,0.0
8476416,2017,EDM,32.65,3,0.0
8474660,2017,PIT,110.13333333333334,7,1.0
8475768,2017,STL,1474.7,78,55.0
8476310,2017,CBJ,602.8333333333334,62,13.0
8475254,2017,TBL,377.1166666666667,39,4.0
8477070,2017,WSH,6.133333333333334,1,0.0
8475958,2017,FLA,423.8333333333333,38,9.0
8476966,2017,DAL,230.95,17,6.0
8471681,2017,VAN,483.95,55,9.0
8476881,2017,SJS,843.9666666666667,49,22.0
8476459,2017,NYR,937.4,55,36.0
8477499,2017,BUF,2090.9666666666667,79,45.0
8476866,2017,ANA,11.133333333333333,1,0.0
8475834,2017,SJS,205.46666666666667,19,4.0
8474062,2017,BOS,1118.0333333333333,81,17.0
8470667,2017,OTT,53.95,4,0.0
8474564,2017,TBL,303.9,17,20.0
8468208,2017,SJS,1228.4666666666667,77,28.0
8478562,2017,CAR,43.5,3,0.0
8476415,2017,FLA,219.96666666666667,23,3.0
8475798,2017,MIN,1524.7833333333333,81,69.0
8471817,2017,STL,710.8,80,13.0
8473564,2017,CGY,1400.7333333333333,82,44.0
8476877,2017,STL,129.06666666666666,9,2.0
8477404,2017,PIT,635.4333333333333,40,33.0
8475235,2017,BUF,311.46666666666664,42,2.0
8470834,2017,WPG,2195.5666666666666,80,52.0
8478398,2017,WPG,244.41666666666666,20,5.0
8474031,2017,WSH,1574.55,79,54.0
8472382,2017,NJD,1448.3,66,13.0
8475200,2017,WSH,1583.7666666666667,81,32.0
8476390,2017,VAN,586.8,59,10.0
8468509,2017,DET,1108.8333333333333,57,13.0
8477932,2017,FLA,1435.2666666666667,67,20.0
8470778,2017,DET,565.4833333333333,55,7.0
8474571,2017,SJS,1146.4333333333334,80,26.0
8477450,2017,DAL,117.9,10,2.0
8476826,2017,TBL,307.35,20,8.0
8469638,2017,FLA,1179.7,68,28.0
8474668,2017,PHI,824.4333333333333,64,15.0
8476191,2017,BOS,1015.3333333333334,57,13.0
8469459,2017,MIN,1529.2166666666667,80,58.0
8478073,2017,COL,177.01666666666668,12,0.0
8470642,2017,MTL,1954.7666666666667,78,42.0
8476461,2017,PHI,1217.4166666666667,66,34.0
8474034,2017,EDM,1341.2666666666667,80,42.0
8471691,2017,MIN,1236.55,70,39.0
8471743,2017,STL,16.683333333333334,1,1.0
8469707,2017,NSH,984.7333333333333,67,28.0
8477953,2017,TOR,85.56666666666666,8,1.0
8475278,2017,TBL,63.3,6,0.0
8476166,2017,BUF,360.81666666666666,27,7.0
8470047,2017,PHI,1375.0833333333333,79,42.0
8478483,2017,TOR,1294.3833333333334,77,61.0
8476885,2017,WPG,1496.6,60,33.0
8478376,2017,OTT,55.96666666666667,7,0.0
8474018,2017,OTT,33.05,3,0.0
8473604,2017,CHI,1451.1,72,58.0
8476889,2017,DAL,1293.8,80,33.0
8477973,2017,NSH,20.116666666666667,2,0.0
8479345,2017,UTA,1117.0166666666667,67,20.0
8470318,2017,DET,980.25,51,9.0
8471260,2017,COL,1139.5166666666667,76,20.0
8474743,2017,MTL,196.96666666666667,16,5.0
8475722,2017,MIN,1207.5833333333333,79,47.0
8474612,2017,NYI,1002.3166666666667,49,14.0
8470760,2017,OTT,1347.75,68,12.0
8474568,2017,UTA,1376.1,76,8.0
8475747,2017,DAL,631.15,40,3.0
8476427,2017,CAR,96.65,9,2.0
8475180,2017,UTA,597.7666666666667,47,11.0
8469465,2017,DAL,1529.4333333333334,79,16.0
8475177,2017,NYI,1627.55,82,25.0
8475250,2017,CAR,207.16666666666666,19,5.0
8475913,2017,OTT,1317.8666666666666,71,54.0
8475430,2017,PHI,1173.65,65,12.0
8468083,2017,DET,1616.0666666666666,82,68.0
8476624,2017,SJS,33.916666666666664,3,1.0
8477949,2017,MIN,64.21666666666667,6,0.0
8478431,2017,DET,26.283333333333335,2,0.0
8474870,2017,TBL,1242.2333333333333,66,45.0
8467875,2017,VAN,1507.6,82,44.0
8471717,2017,BOS,1403.7833333333333,77,10.0
8471716,2017,DET,1066.15,64,21.0
8475179,2017,BUF,1029.4333333333334,47,5.0
8473473,2017,EDM,1389.0833333333333,81,49.0
8475715,2017,NYR,703.9166666666666,65,20.0
8477997,2017,VAN,1104.85,66,9.0
8474722,2017,TBL,335.6,34,4.0
8477402,2017,NYR,543.6,41,20.0
8480081,2017,NJD,87.2,5,0.0
8474849,2017,DAL,931.1,60,27.0
8471693,2017,FLA,560.5,38,3.0
8477458,2017,CAR,12.5,2,1.0
8474625,2017,BOS,535.35,58,5.0
8470614,2017,WPG,523.0833333333334,42,4.0
8471766,2017,ANA,296.55,51,3.0
8471710,2017,WSH,256.75,18,5.0
8477816,2017,VAN,8.05,1,0.0
8476292,2017,TBL,1433.8,75,52.0
8475760,2017,FLA,710.25,54,14.0
8474715,2017,CBJ,1482.8666666666666,82,62.0
8476779,2017,NSH,174.01666666666668,12,6.0
8473992,2017,BUF,712.3,52,8.0
8471232,2017,CBJ,856.0666666666667,69,20.0
8474008,2017,WSH,62.88333333333333,6,0.0
8477346,2017,FLA,52.333333333333336,3,0.0
8475949,2017,NYR,166.71666666666667,16,2.0
8474818,2017,MTL,1298.3333333333333,71,17.0
8474130,2017,ANA,9.466666666666667,1,0.0
8473542,2017,PIT,71.91666666666667,13,2.0
8473571,2017,UTA,50.0,3,0.0
8475178,2017,EDM,959.5666666666667,78,24.0
8475175,2017,STL,388.98333333333335,32,13.0
8478425,2017,BUF,49.05,3,0.0
8470257,2017,STL,1467.2333333333333,76,51.0
8476465,2017,CAR,355.65,27,2.0
8476381,2017,MTL,1033.7166666666667,68,29.0
8479423,2017,BUF,49.31666666666667,4,1.0
8477220,2017,WSH,928.7166666666667,60,17.0
8477493,2017,FLA,1161.55,60,51.0
8470598,2017,FLA,979.4833333333333,68,48.0
8476436,2017,STL,589.2,51,11.0
8477326,2017,TBL,196.68333333333334,18,3.0
8479293,2017,WPG,544.5166666666667,51,4.0
8473546,2017,NYR,1056.7833333333333,75,40.0
8475098,2017,TOR,1281.5,78,55.0
8468513,2017,PHI,427.1166666666667,28,4.0
8477504,2017,WPG,1597.0666666666666,82,20.0
8476404,2017,LAK,381.46666666666664,36,2.0
8477429,2017,WPG,789.95,64,17.0
8477464,2017,WPG,588.6,54,13.0
8475764,2017,ANA,1987.85,80,39.0
8475166,2017,NYI,1572.25,77,66.0
8476983,2017,LAK,338.9166666666667,22,8.0
8471331,2017,PIT,22.5,2,0.0
8473584,2017,PHI,1467.9,73,18.0
8476872,2017,PHI,20.483333333333334,2,0.0
8471339,2017,TBL,254.56666666666666,18,4.0
8476389,2017,FLA,1685.55,81,52.0
8475208,2017,PIT,1438.2333333333333,70,15.0
8471669,2017,STL,1263.2166666666667,66,40.0
8471215,2017,PIT,1154.3833333333334,62,72.0
8462038,2017,UTA,1097.3333333333333,73,26.0
8478421,2017,COL,68.28333333333333,5,1.0
8475176,2017,NSH,1700.8666666666666,71,38.0
8476419,2017,OTT,1322.1,82,33.0
8477957,2017,MTL,34.13333333333333,3,1.0
8475790,2017,VAN,609.75,30,6.0
8471702,2017,WSH,1707.65,77,39.0
8477940,2017,WPG,1433.8666666666666,82,64.0
8474717,2017,COL,1095.5833333333333,60,13.0
8476474,2017,NJD,489.51666666666665,44,10.0
8471436,2017,TOR,1294.45,72,19.0
8471228,2017,MTL,1390.0833333333333,76,54.0
8470640,2017,NSH,78.86666666666666,6,1.0
8476981,2017,CBJ,937.55,78,29.0
8475739,2017,TBL,192.8,19,3.0
8476336,2017,EDM,124.93333333333334,14,4.0
8475878,2017,CGY,254.3,26,2.0
8477497,2017,CGY,1441.3,82,58.0
8477466,2017,ANA,54.45,5,1.0
8476855,2017,STL,425.8833333333333,40,9.0
8470600,2017,MIN,2207.8166666666666,82,40.0
8470601,2017,TBL,1338.9166666666667,80,12.0
8476430,2017,CHI,308.4,29,1.0
8470828,2017,WPG,1314.2666666666667,60,14.0
8474134,2017,NSH,870.15,73,8.0
8478963,2017,MTL,69.08333333333333,7,0.0
8474709,2017,TOR,729.6,82,9.0
8475413,2017,DAL,94.23333333333333,9,2.0
8468493,2017,PIT,1586.15,72,17.0
8476289,2017,TOR,695.0,41,8.0
8476989,2017,STL,90.88333333333334,7,0.0
8475436,2017,NSH,4.7,1,0.0
8474000,2017,NYR,145.83333333333334,11,2.0
8476525,2017,BOS,981.55,62,13.0
8476422,2017,MIN,210.48333333333332,17,1.0
8474161,2017,PHI,1564.1333333333334,82,61.0
8476344,2017,MIN,511.71666666666664,52,9.0
8470543,2017,PIT,1101.4666666666667,71,29.0
8476958,2017,CAR,1921.9333333333334,82,34.0
8477205,2017,TBL,1407.1166666666666,80,14.0
8476807,2017,CAR,597.9,45,6.0
8470121,2017,LAK,342.73333333333335,26,2.0
8477482,2017,STL,422.8333333333333,39,8.0
8473991,2017,WSH,1605.45,81,13.0
8477964,2017,STL,353.73333333333335,30,12.0
8474579,2017,VAN,1555.7666666666667,82,13.0
8476457,2017,EDM,1570.5833333333333,78,18.0
8475800,2017,UTA,123.51666666666667,13,2.0
8479290,2017,ANA,6.9,1,0.0
8479249,2017,CAR,24.533333333333335,2,0.0
8471476,2017,WSH,916.3666666666667,71,23.0
8471873,2017,TBL,1671.7333333333333,73,22.0
8473537,2017,OTT,914.6333333333333,75,16.0
8476495,2017,FLA,305.6166666666667,24,5.0
8478042,2017,NSH,1372.3833333333334,80,61.0
8471735,2017,FLA,1785.2333333333333,81,40.0
8477433,2017,OTT,106.81666666666666,6,0.0
8476288,2017,OTT,1165.4333333333334,81,32.0
8470159,2017,PHI,106.31666666666666,13,1.0
8475716,2017,TOR,451.18333333333334,25,7.0
8479318,2017,TOR,1445.75,82,69.0
8476975,2017,TBL,668.3666666666667,58,10.0
8468674,2017,CGY,1484.7166666666667,81,16.0
8470638,2017,BOS,1533.4833333333333,79,53.0
8474739,2017,OTT,754.8,72,12.0
8476458,2017,NYI,1007.9333333333333,69,30.0
8476455,2017,COL,1334.6666666666667,71,33.0
8473986,2017,TBL,1458.2333333333333,81,36.0
8476441,2017,STL,1226.0333333333333,69,15.0
8478500,2017,PHI,1802.2,82,30.0
8471677,2017,CBJ,1789.4333333333334,82,23.0
8477006,2017,MIN,40.666666666666664,5,1.0
8475815,2017,WPG,330.6166666666667,18,2.0
8467876,2017,VAN,1561.3333333333333,82,50.0
8478512,2017,BOS,637.7833333333333,49,13.0
8474162,2017,LAK,1828.1333333333334,82,28.0
8477952,2017,STL,796.0666666666667,51,29.0
8468542,2017,SJS,1536.8,80,26.0
8476880,2017,WSH,1046.4,81,19.0
8476463,2017,MIN,1330.6333333333334,68,25.0
8478403,2017,BUF,1215.1333333333334,61,57.0
8478439,2017,PHI,986.3333333333334,70,28.0
8476447,2017,NSH,61.06666666666667,5,0.0
8474102,2017,STL,1418.4333333333334,82,46.0
8477446,2017,MTL,306.55,31,5.0
8474581,2017,TOR,1765.75,82,43.0
8478843,2017,FLA,516.15,46,10.0
8470201,2017,DAL,379.2,32,11.0
8476177,2017,PHI,869.1,63,19.0
8477392,2017,BUF,104.08333333333333,10,1.0
8477353,2017,CHI,375.76666666666665,33,7.0
8475796,2017,FLA,1499.8166666666666,81,17.0
8465978,2017,FLA,377.56666666666666,49,4.0
8467407,2017,BUF,1361.6333333333334,82,35.0
8476892,2017,STL,1716.9666666666667,81,35.0
8473512,2017,PHI,1566.9833333333333,82,58.0
8474716,2017,MIN,1826.5166666666667,76,38.0
8476472,2017,EDM,1810.1833333333334,81,37.0
8477034,2017,ANA,15.333333333333334,1,0.0
8476466,2017,VAN,1079.55,68,35.0
8473507,2017,MTL,1769.2,80,28.0
8478400,2017,OTT,27.416666666666668,2,0.0
8475321,2017,OTT,55.65,7,0.0
8476449,2017,CBJ,286.15,22,3.0
8468508,2017,WSH,1223.55,79,47.0
8477320,2017,BOS,166.76666666666668,19,2.0
8476428,2017,COL,44.0,4,1.0
8470854,2017,NYR,120.01666666666667,11,2.0
8475291,2017,WSH,8.8,1,0.0
8469466,2017,DAL,216.3,15,7.0
8475172,2017,TOR,1359.5,82,61.0
8476195,2017,TBL,127.18333333333334,11,4.0
8476409,2017,NYI,763.7666666666667,61,18.0
8475761,2017,NJD,881.2666666666667,65,19.0
8471303,2017,VAN,1653.3333333333333,68,21.0
8476200,2017,FLA,165.9,21,3.0
8475225,2017,NSH,1085.5333333333333,79,29.0
8476874,2017,PIT,993.5166666666667,55,7.0
8476994,2017,CHI,586.9333333333333,49,14.0
8477989,2017,UTA,1182.0833333333333,76,33.0
8478099,2017,SJS,737.0333333333333,54,19.0
8475738,2017,PHI,329.15,23,12.0
8462042,2017,LAK,1200.95,79,27.0
8471346,2017,CGY,1016.1833333333333,69,37.0
8474613,2017,NYR,1486.7,80,54.0
8477476,2017,MTL,1011.7,73,28.0
8470604,2017,LAK,1478.6166666666666,82,66.0
8474053,2017,SJS,1267.75,72,51.0
8475192,2017,NYR,44.05,5,0.0
8470162,2017,CGY,1027.1833333333334,81,23.0
8474685,2017,CBJ,867.5666666666667,65,15.0
8474707,2017,VAN,427.9166666666667,26,6.0
8475795,2017,FLA,57.1,6,1.0
8475794,2017,DAL,1513.7666666666667,82,72.0
8470644,2017,PHI,27.066666666666666,3,1.0
8476302,2017,PIT,43.083333333333336,4,0.0
8471233,2017,NJD,1577.5666666666666,80,45.0
8473588,2017,TBL,125.31666666666666,13,0.0
8471686,2017,NYR,1360.2166666666667,71,9.0
8474642,2017,CGY,692.1333333333333,61,7.0
8478443,2017,BOS,1706.7,82,16.0
8475296,2017,DET,27.25,4,0.0
8474230,2017,SJS,532.3166666666667,58,12.0
8469492,2017,COL,1281.6833333333334,68,13.0
8476452,2017,CGY,43.6,4,0.0
8471678,2017,EDM,927.15,66,14.0
8475820,2017,SJS,829.85,60,17.0
8471761,2017,STL,21.466666666666665,1,0.0
8477929,2017,CHI,804.2333333333333,68,8.0
8477512,2017,TOR,203.55,21,3.0
8476822,2017,DET,955.7166666666667,74,14.0
8474884,2017,OTT,1301.8833333333334,74,61.0
8474207,2017,NYR,1631.1333333333334,79,34.0
8469501,2017,WPG,446.46666666666664,64,4.0
8477380,2017,LAK,73.71666666666667,6,2.0
8471794,2017,DET,768.4666666666667,50,17.0
8477945,2017,DAL,269.9,16,5.0
8477947,2017,CBJ,46.733333333333334,4,0.0
8475310,2017,DAL,575.15,53,16.0
8471729,2017,EDM,1420.8833333333334,67,13.0
8473453,2017,LAK,1170.4,82,24.0
8475233,2017,CBJ,1615.6666666666667,74,23.0
8475151,2017,NJD,1387.9166666666667,80,53.0
8470750,2017,COL,806.6833333333333,64,7.0
8477473,2017,BUF,340.23333333333335,32,4.0
8476368,2017,OTT,433.18333333333334,33,11.0
8476925,2017,NSH,645.1333333333333,58,10.0
8471762,2017,PHI,936.45,81,15.0
8474597,2017,COL,535.2166666666667,32,4.0
8477452,2017,FLA,39.766666666666666,3,1.0
8476410,2017,TOR,163.46666666666667,13,10.0
8471392,2017,TOR,1344.05,75,11.0
8477503,2017,UTA,965.9833333333333,57,37.0
8477507,2017,COL,1042.7833333333333,55,10.0
8477942,2017,NSH,729.6666666666666,54,16.0
8475765,2017,STL,1514.5333333333333,82,75.0
8476808,2017,MTL,615.35,51,10.0
8474157,2017,MTL,1553.3,81,67.0
8479314,2017,CGY,1114.2333333333333,76,48.0
8476448,2017,CBJ,1084.3833333333334,81,25.0
8474189,2017,WSH,1112.15,80,25.0
8477851,2017,EDM,34.56666666666667,2,0.0
8476539,2017,FLA,1251.15,74,51.0
8470358,2017,OTT,1098.0833333333333,75,31.0
8475597,2017,FLA,144.2,14,3.0
8477448,2017,WPG,406.01666666666665,38,11.0
8474602,2017,PIT,1594.9833333333333,78,51.0
8474600,2017,NSH,1805.3833333333334,72,49.0
8474590,2017,WSH,1614.8833333333334,71,37.0
8474040,2017,CBJ,1110.9,81,50.0
8471657,2017,NSH,422.76666666666665,59,6.0
8474688,2017,DAL,555.2,36,9.0
8474074,2017,WPG,705.5333333333333,65,14.0
8475171,2017,UTA,1894.1166666666666,77,38.0
8477244,2017,PIT,589.4333333333333,34,10.0
8478474,2017,UTA,834.0166666666667,70,12.0
8476400,2017,ANA,534.0,55,10.0
8473673,2017,SJS,1024.15,61,17.0
8474091,2017,VAN,1523.0333333333333,81,34.0
8478469,2017,OTT,7.15,1,0.0
8476469,2017,WPG,862.8166666666667,57,19.0
8468085,2017,UTA,1333.3666666666666,79,54.0
8478396,2017,CAR,1451.5333333333333,81,29.0
8477495,2017,CBJ,1755.25,75,42.0
8477492,2017,COL,1613.5166666666667,81,52.0
8475287,2017,MIN,994.55,72,26.0
8470621,2017,ANA,1452.7,82,53.0
8476442,2017,COL,861.7833333333333,58,13.0
8475218,2017,NSH,1922.9833333333333,82,23.0
8476851,2017,MTL,971.7166666666667,61,44.0
8475268,2017,COL,81.45,7,1.0
8476545,2017,MIN,75.65,13,1.0
8476418,2017,DET,305.31666666666666,19,0.0
8477509,2017,SJS,38.36666666666667,4,2.0
8474604,2017,WSH,25.666666666666668,2,0.0
8475766,2017,NSH,956.2,77,17.0
8477846,2017,SJS,102.0,10,3.0
8478031,2017,WPG,117.13333333333334,10,0.0
8476285,2017,TBL,114.45,10,2.0
8476960,2017,DET,861.7166666666667,64,29.0
8477850,2017,MIN,761.6666666666666,51,8.0
8476875,2017,FLA,1684.3166666666666,80,17.0
8476393,2017,PHI,720.0666666666667,60,16.0
8471214,2017,WSH,1488.5333333333333,81,68.0
8470599,2017,TOR,71.35,5,2.0
8476438,2017,CBJ,1396.4333333333334,82,53.0
8474584,2017,PHI,994.7,51,18.0
8477934,2017,EDM,1530.2666666666667,81,77.0
8476423,2017,VAN,465.15,39,10.0
8477950,2017,UTA,645.9,38,13.0
8479370,2017,COL,94.05,6,1.0
8466148,2017,CHI,1230.6,73,45.0
8473560,2017,ANA,432.4166666666667,32,7.0
8477506,2017,NYI,3.95,1,0.0
8476480,2017,TBL,1094.0833333333333,74,28.0
8477478,2017,BUF,369.03333333333336,41,8.0
8475906,2017,DAL,1868.4666666666667,80,49.0
8473504,2017,NYI,923.8166666666667,66,20.0
8473618,2017,WPG,1058.75,65,45.0
8478401,2017,NJD,1001.55,70,24.0
8477494,2017,TBL,1292.5833333333333,73,53.0
8471284,2017,EDM,1694.15,79,35.0
8476857,2017,NSH,185.03333333333333,15,2.0
8470281,2017,CHI,2049.3333333333335,80,53.0
8477935,2017,CGY,1213.9833333333333,81,26.0
8479458,2017,TOR,1805.5333333333333,82,36.0
8469770,2017,CGY,1153.0833333333333,57,18.0
8476331,2017,SJS,397.31666666666666,25,8.0
8465009,2017,BOS,1749.75,75,29.0
8475170,2017,PHI,1405.6833333333334,79,55.0
8475792,2017,WSH,697.0166666666667,65,23.0
8477462,2017,PHI,21.316666666666666,1,0.0
8476406,2017,LAK,895.2,70,17.0
8470655,2017,BOS,1265.6666666666667,74,38.0
8475786,2017,TOR,1369.15,82,28.0
8471682,2017,LAK,559.8833333333333,45,12.0
8477413,2017,COL,642.5,46,24.0
8471269,2017,CGY,39.03333333333333,3,0.0
8473422,2017,CBJ,1455.6,79,51.0
8478491,2017,ANA,65.71666666666667,4,0.0
8474627,2017,STL,971.2166666666667,64,22.0
8477467,2017,MIN,175.26666666666668,13,3.0
8470104,2017,LAK,278.21666666666664,18,5.0
8476921,2017,UTA,1175.3,75,25.0
8475263,2017,STL,26.4,3,1.0
8470041,2017,NYR,1084.1333333333334,66,38.0
8476425,2017,VAN,87.93333333333334,13,0.0
8474679,2017,DET,1325.0333333333333,76,48.0
8477961,2017,NJD,164.38333333333333,12,4.0
8467496,2017,MTL,1353.8333333333333,62,36.0
8478460,2017,CBJ,1631.0666666666666,78,47.0
8476806,2017,TBL,663.7333333333333,64,6.0
8477451,2017,CHI,970.3,76,31.0
8473565,2017,WPG,79.65,5,2.0
8476511,2017,COL,5.3,1,1.0
8476869,2017,NYR,1379.4333333333334,79,39.0
8477460,2017,UTA,252.66666666666666,23,3.0
8476312,2017,ANA,1527.3166666666666,82,17.0
8476897,2017,PIT,91.73333333333333,10,0.0
8468483,2017,LAK,828.2166666666667,56,21.0
8477930,2017,PHI,1063.5666666666666,82,8.0
8473412,2017,WPG,1035.8666666666666,59,47.0
8476792,2017,BOS,1748.4333333333334,81,51.0
8474774,2017,NJD,405.03333333333336,29,6.0
8475223,2017,CGY,44.06666666666667,4,0.0
8476884,2017,PIT,163.73333333333332,11,0.0
8479969,2017,VAN,52.93333333333333,5,0.0
8475762,2017,LAK,1649.5166666666667,82,18.0
8475210,2017,VAN,26.733333333333334,3,1.0
8477447,2017,ANA,588.65,34,9.0
8477922,2017,SJS,845.55,66,21.0
8476116,2017,ANA,223.33333333333334,25,3.0
8480083,2017,BUF,23.066666666666666,2,1.0
8448208,2017,FLA,1375.7,81,46.0
8476450,2017,DET,408.98333333333335,27,7.0
8475727,2017,BOS,1099.4833333333333,78,39.0
8474610,2017,MIN,77.0,9,3.0
8471338,2017,MTL,983.2,78,17.0
8471768,2017,OTT,1281.45,82,23.0
8477091,2017,VAN,15.133333333333333,1,0.0
8476429,2017,NYI,353.5,25,9.0
8471274,2017,UTA,1859.2166666666667,80,36.0
8471887,2017,PIT,1116.5833333333333,70,44.0
8475169,2017,BUF,1344.1333333333334,70,43.0
8475158,2017,BUF,1570.65,74,55.0
8476443,2017,DET,1186.2166666666667,66,12.0
8475193,2017,DET,1416.7333333333333,82,46.0
8476303,2017,BOS,48.03333333333333,3,0.0
8474027,2017,SJS,1605.2666666666667,80,13.0
8476919,2017,SJS,1153.9833333333333,79,23.0
8470602,2017,OTT,1866.3666666666666,81,30.0
8476924,2017,CAR,16.666666666666668,2,0.0
8477018,2017,VAN,1455.15,71,19.0
8477508,2017,CGY,337.95,37,4.0
8471958,2017,NYR,1182.3,62,15.0
8477426,2017,OTT,16.483333333333334,1,0.0
8476483,2017,ANA,1234.4166666666667,71,51.0
8475188,2017,LAK,738.2,49,4.0
8477901,2017,MTL,338.43333333333334,33,9.0
8475220,2017,BUF,1237.7333333333333,80,23.0
8475868,2017,NSH,342.3,29,7.0
8470630,2017,NYR,1041.8,59,14.0
8478445,2017,NYI,19.5,2,0.0
8475209,2017,CHI,1208.1666666666667,82,44.0
8475455,2017,SJS,1320.0666666666666,80,10.0
8476917,2017,NYI,740.7,44,10.0
8475197,2017,COL,1724.7666666666667,74,38.0
8479291,2017,NJD,40.75,4,0.0
8471769,2017,CHI,1569.1333333333334,73,18.0
8476931,2017,BUF,1573.5833333333333,76,20.0
8473548,2017,PIT,1470.9833333333333,82,70.0
8471276,2017,BOS,1497.6666666666667,82,54.0
8474697,2017,OTT,980.75,70,3.0
8476948,2017,MTL,35.78333333333333,3,2.0
8473574,2017,WPG,610.2,45,12.0
8477958,2017,VAN,159.18333333333334,14,3.0
8466251,2017,NYI,1071.1666666666667,82,33.0
8477941,2017,ANA,999.8666666666667,77,28.0
8476619,2017,MIN,92.68333333333334,11,0.0
8474066,2017,NYI,1331.4166666666667,76,20.0
8479483,2017,NJD,390.0833333333333,25,4.0
8466139,2017,SJS,1387.3,81,46.0
8473449,2017,BUF,1233.05,65,45.0
8478550,2017,CHI,1596.6333333333334,82,74.0
8477488,2017,CAR,1738.75,82,20.0
8465058,2017,CHI,340.9,22,3.0
8477810,2017,MTL,71.1,7,0.0
8475769,2017,WPG,43.28333333333333,5,0.0
8476453,2017,TBL,1438.6666666666667,74,85.0
8478010,2017,TBL,1164.9666666666667,68,40.0
8470611,2017,TOR,579.1833333333333,53,11.0
8476850,2017,CBJ,1099.9833333333333,60,11.0
8474618,2017,MIN,1302.0333333333333,71,13.0
8475752,2017,EDM,297.1666666666667,30,11.0
8476432,2017,CBJ,1317.0333333333333,82,34.0
8477960,2017,LAK,305.76666666666665,25,6.0
8478366,2017,BOS,592.55,44,18.0
8474145,2017,STL,535.3,38,4.0
8476982,2017,SJS,34.65,3,1.0
8476386,2017,NYI,648.5333333333333,50,18.0
8476399,2017,NJD,295.46666666666664,23,2.0
8474038,2017,MTL,1220.4666666666667,81,43.0
8479339,2017,WPG,1307.6166666666666,73,64.0
8470612,2017,ANA,1583.1666666666667,76,73.0
8478585,2017,CAR,997.7333333333333,67,29.0
8476439,2017,DAL,1005.9166666666666,78,24.0
8475613,2017,MIN,496.48333333333335,39,7.0
8477445,2017,CGY,74.08333333333333,7,1.0
8474166,2017,LAK,1774.5833333333333,82,39.0
8476769,2017,MTL,24.816666666666666,3,0.0
8476293,2017,PIT,853.6666666666666,78,26.0
8476888,2017,COL,1040.7333333333333,74,22.0
8478397,2017,CGY,18.55,1,0.0
8471699,2017,ANA,1241.3166666666666,82,35.0
8478027,2017,CAR,86.93333333333334,8,2.0
8470105,2017,STL,801.7833333333333,73,18.0
8478528,2017,CHI,633.8333333333334,47,16.0
8474052,2017,MTL,138.43333333333334,14,4.0
8473579,2017,NYI,994.85,72,23.0
8477015,2017,TOR,1328.8833333333334,82,36.0
8475832,2017,PIT,607.0833333333334,57,16.0
8471709,2017,SJS,1570.5333333333333,74,27.0
8476882,2017,CAR,1315.45,81,42.0
8476468,2017,NYR,1328.0,81,56.0
8478414,2017,SJS,424.1,34,6.0
8477290,2017,PHI,689.6333333333333,52,11.0
8470324,2017,BUF,1218.1833333333334,66,6.0
8478402,2017,EDM,1710.0666666666666,81,99.0
8478495,2017,DAL,13.1,1,0.0
8474749,2017,CGY,369.3,24,2.0
8467967,2017,OTT,979.0,82,12.0
8475728,2017,BUF,606.6833333333333,36,11.0
8476158,2017,NSH,212.93333333333334,24,4.0
8471217,2017,NYI,1261.7,78,31.0
8477010,2017,NJD,360.71666666666664,27,9.0
8479344,2017,EDM,301.2,27,7.0
8474673,2017,CGY,1933.65,82,36.0
8476471,2017,DAL,13.816666666666666,1,0.0
8476043,2017,DET,49.5,6,1.0
8477213,2017,BOS,723.9333333333333,59,14.0
8474009,2017,PIT,1332.1833333333334,80,37.0
8478866,2017,PIT,26.083333333333332,2,1.0
8477715,2017,UTA,51.95,4,1.0
8476902,2017,DAL,1596.5833333333333,73,18.0
8475735,2017,TBL,445.9,45,7.0
8476891,2017,BOS,24.966666666666665,2,0.0
8471676,2017,OTT,963.35,62,25.0
8470607,2017,CHI,1729.45,79,39.0
8474056,2017,NSH,1610.0666666666666,66,40.0
8467371,2017,NSH,734.6166666666667,46,25.0
8477511,2017,DET,953.4666666666667,60,36.0
8469508,2017,CAR,739.8666666666667,65,8.0
8475774,2017,NSH,96.26666666666667,10,0.0
8475770,2017,ANA,26.416666666666668,3,0.0
8477951,2017,CHI,808.9333333333333,61,28.0
8468498,2017,WSH,1388.85,78,13.0
8474068,2017,OTT,1520.8166666666666,78,55.0
8470151,2017,STL,1814.8166666666666,81,15.0
8471724,2017,PIT,1046.2333333333333,41,34.0
8479252,2017,DET,13.583333333333334,1,0.0
8477415,2017,EDM,455.7,41,10.0
8477919,2017,NSH,77.96666666666667,9,1.0
8471742,2017,BUF,1256.8,68,19.0
8476854,2017,ANA,1481.6666666666667,66,20.0
8470966,2017,CGY,1910.1666666666667,81,39.0
8477455,2017,MTL,98.16666666666667,9,0.0
8479595,2018,CHI,72.11666666666666,4,1.0
8479376,2018,MTL,763.7333333333333,49,7.0
8477428,2018,LAK,15.983333333333333,2,0.0
8471303,2018,VAN,1699.4166666666667,70,34.0
8470144,2018,DET,1234.25,78,31.0
8470724,2018,MIN,256.96666666666664,18,3.0
8471691,2018,DAL,521.4833333333333,37,10.0
8477034,2018,ANA,219.98333333333332,14,1.0
8476422,2018,MTL,852.8666666666667,57,18.0
8474145,2018,STL,1062.5833333333333,72,13.0
8477936,2018,NYI,53.416666666666664,4,0.0
8475151,2018,NJD,1071.3,62,44.0
8470642,2018,MTL,659.05,26,16.0
8477969,2018,ANA,299.3833333333333,22,4.0
8473933,2018,NJD,945.6333333333333,57,8.0
8477634,2018,UTA,113.88333333333334,8,3.0
8476436,2018,STL,941.9833333333333,76,17.0
8475834,2018,SJS,322.85,32,7.0
8471498,2018,SJS,553.8833333333333,46,14.0
8467400,2018,ANA,1159.8833333333334,67,17.0
8477073,2018,LAK,394.53333333333336,34,4.0
8475625,2018,NSH,671.6,50,8.0
8475857,2018,LAK,224.53333333333333,16,3.0
8474157,2018,MTL,1216.7833333333333,64,37.0
8480172,2018,CHI,1097.5,57,20.0
8476873,2018,CGY,961.6,72,25.0
8475325,2018,BUF,676.0333333333333,69,8.0
8476443,2018,DET,623.6,45,7.0
8476826,2018,TBL,1324.95,82,64.0
8475790,2018,VAN,957.8833333333333,52,5.0
8476480,2018,NYR,1384.1,81,48.0
8476479,2018,MTL,862.5666666666667,52,25.0
8477960,2018,LAK,1075.7833333333333,81,37.0
8477493,2018,FLA,1725.0,78,77.0
8477447,2018,VGK,1241.4833333333333,61,29.0
8470601,2018,TBL,1153.7166666666667,72,15.0
8474600,2018,NSH,1835.2833333333333,75,53.0
8475907,2018,CGY,1156.4833333333333,77,41.0
8476878,2018,BUF,973.4,71,15.0
8476457,2018,EDM,1381.7333333333333,63,13.0
8475714,2018,NSH,1080.2,68,35.0
8475209,2018,UTA,1094.2,72,35.0
8474565,2018,STL,1998.2,78,54.0
8471657,2018,NYR,354.4,48,4.0
8477425,2018,NJD,946.8833333333333,76,32.0
8477949,2018,VGK,1189.7,78,37.0
8471663,2018,OTT,6.516666666666667,1,0.0
8473440,2018,PHI,9.416666666666666,1,0.0
8477402,2018,NYR,1111.05,74,43.0
8479580,2018,SJS,31.666666666666668,3,0.0
8473673,2018,MTL,668.4,37,5.0
8477473,2018,BUF,135.33333333333334,12,4.0
8476166,2018,BUF,102.78333333333333,7,1.0
8474056,2018,NSH,1977.4,82,59.0
8477497,2018,CGY,1382.4666666666667,74,64.0
8474291,2018,WSH,980.6166666666667,79,22.0
8476396,2018,NYR,12.266666666666667,1,0.0
8471698,2018,WSH,1354.6166666666666,74,47.0
8475164,2018,ANA,1382.95,77,40.0
8476207,2018,NJD,851.4,59,26.0
8476871,2018,LAK,1305.4166666666667,82,40.0
8478268,2018,OTT,29.2,4,0.0
8477126,2018,VAN,4.3,1,0.0
8473507,2018,MTL,1926.5833333333333,82,42.0
8473422,2018,CBJ,1321.2166666666667,72,33.0
8476441,2018,STL,1431.0833333333333,69,17.0
8476915,2018,EDM,876.8166666666667,69,21.0
8469619,2018,NYI,500.71666666666664,28,5.0
8471873,2018,TBL,1718.95,80,18.0
8478846,2018,OTT,146.46666666666667,10,3.0
8474166,2018,LAK,1751.7,77,25.0
8469639,2018,LAK,134.31666666666666,12,1.0
8477462,2018,PHI,1269.7166666666667,70,9.0
8474141,2018,CHI,1655.3,82,76.0
8477986,2018,ANA,1637.5833333333333,80,32.0
8477359,2018,WPG,301.51666666666665,24,2.0
8477939,2018,TOR,1368.45,82,61.0
8476870,2018,VGK,65.61666666666666,8,1.0
8479944,2018,PIT,182.01666666666668,16,6.0
8478432,2018,UTA,1098.2166666666667,79,33.0
8476448,2018,VGK,1534.7833333333333,82,78.0
8477541,2018,UTA,98.86666666666666,9,0.0
8478027,2018,CAR,104.43333333333334,11,1.0
8473415,2018,VAN,660.9,44,9.0
8477455,2018,MTL,651.5,55,12.0
8475178,2018,EDM,863.5333333333333,74,19.0
8476409,2018,NYI,246.45,21,3.0
8476953,2018,CAR,7.533333333333333,1,0.0
8476288,2018,OTT,1303.1,79,41.0
8474151,2018,TBL,1469.65,63,29.0
8471686,2018,NYR,1334.3166666666666,72,8.0
8477416,2018,CBJ,1171.9666666666667,82,40.0
8471217,2018,NYI,1160.2,73,29.0
8471678,2018,BUF,1012.5166666666667,74,19.0
8475268,2018,COL,617.8166666666667,57,11.0
8477452,2018,FLA,572.8833333333333,38,4.0
8471811,2018,MIN,8.266666666666667,1,0.0
8477392,2018,BUF,48.5,5,0.0
8474716,2018,MIN,1497.2833333333333,61,37.0
8471226,2018,NJD,817.7,59,15.0
8480078,2018,NYR,122.48333333333333,9,3.0
8473504,2018,NYI,970.8166666666667,76,18.0
8479420,2018,STL,487.21666666666664,41,9.0
8477839,2018,PIT,1101.8333333333333,79,30.0
8477901,2018,MTL,461.0833333333333,38,16.0
8475758,2018,WSH,924.3,75,16.0
8478104,2018,STL,118.5,11,3.0
8478106,2018,CHI,67.0,5,3.0
8473412,2018,WPG,1388.5666666666666,82,43.0
8479613,2018,ANA,7.883333333333334,1,0.0
8474098,2018,FLA,1009.2166666666667,75,24.0
8480761,2018,STL,13.083333333333334,1,0.0
8476885,2018,WPG,1204.3833333333334,55,24.0
8477981,2018,CAR,134.1,10,3.0
8477346,2018,FLA,862.6833333333333,59,8.0
8470740,2018,CAR,461.46666666666664,37,9.0
8474230,2018,FLA,576.1666666666666,74,9.0
8474612,2018,CGY,1531.6666666666667,74,11.0
8477478,2018,VGK,327.1166666666667,37,3.0
8475810,2018,PIT,1107.3833333333334,69,38.0
8475191,2018,VGK,1200.9333333333334,67,60.0
8471768,2018,OTT,1138.3666666666666,81,22.0
8470854,2018,CGY,150.08333333333334,16,0.0
8468483,2018,OTT,642.7666666666667,46,21.0
8468493,2018,TOR,1749.1833333333334,80,23.0
8469598,2018,ANA,1063.1,59,8.0
8475788,2018,VAN,287.45,24,6.0
8476283,2018,CBJ,20.083333333333332,2,0.0
8476331,2018,SJS,891.3333333333334,63,20.0
8478414,2018,SJS,1200.7166666666667,81,36.0
8473584,2018,PHI,1310.7,66,21.0
8477964,2018,STL,643.9666666666667,53,13.0
8473432,2018,VAN,305.6333333333333,20,9.0
8470595,2018,MIN,1460.5833333333333,82,76.0
8471676,2018,OTT,1019.3833333333333,62,33.0
8474574,2018,WPG,1756.95,82,36.0
8479345,2018,UTA,1012.0,50,14.0
8477456,2018,COL,1103.9833333333333,69,23.0
8475796,2018,FLA,1517.65,81,16.0
8477961,2018,NJD,26.583333333333332,2,0.0
8476401,2018,NYR,11.05,1,0.0
8475254,2018,OTT,271.26666666666665,30,2.0
8477583,2018,FLA,3.4166666666666665,1,0.0
8476891,2018,BOS,1021.1833333333333,61,15.0
8473473,2018,EDM,1308.7666666666667,82,34.0
8477205,2018,TBL,564.9166666666666,44,7.0
8475147,2018,CBJ,157.01666666666668,21,2.0
8480072,2018,NYR,83.61666666666666,7,2.0
8473534,2018,STL,914.3833333333333,57,26.0
8470621,2018,ANA,1262.1666666666667,71,49.0
8475764,2018,ANA,1665.1833333333334,67,32.0
8474189,2018,WSH,1233.7,81,38.0
8480153,2018,CHI,79.9,6,1.0
8470187,2018,NYI,1171.1333333333334,58,18.0
8470655,2018,BOS,877.5333333333333,57,33.0
8477015,2018,TOR,1230.4166666666667,82,28.0
8475246,2018,UTA,1107.8666666666666,73,21.0
8478046,2018,BOS,1156.7,77,47.0
8471958,2018,TBL,1338.6666666666667,77,18.0
8476322,2018,FLA,78.53333333333333,8,0.0
8470151,2018,STL,704.7833333333333,35,7.0
8476464,2018,COL,197.1,16,2.0
8474743,2018,BUF,43.43333333333333,3,0.0
8476303,2018,NYR,465.3833333333333,30,3.0
8480015,2018,FLA,77.81666666666666,7,1.0
8471675,2018,PIT,1696.5166666666667,82,89.0
8477018,2018,VAN,1123.2833333333333,61,6.0
8478519,2018,TBL,238.16666666666666,18,11.0
8475462,2018,PHI,1196.7333333333333,70,16.0
8475170,2018,STL,1609.0333333333333,82,70.0
8476404,2018,LAK,422.53333333333336,45,9.0
8471702,2018,WSH,1531.2833333333333,68,29.0
8475786,2018,TOR,1423.3333333333333,82,40.0
8474024,2018,OTT,87.55,10,1.0
8475729,2018,COL,186.73333333333332,15,0.0
8476177,2018,PHI,207.13333333333333,19,1.0
8476427,2018,EDM,216.6,14,9.0
8476495,2018,BUF,221.88333333333333,21,3.0
8476966,2018,DAL,433.85,46,11.0
8473564,2018,CGY,1184.5833333333333,70,25.0
8478439,2018,PHI,1207.4833333333333,81,47.0
8474102,2018,VGK,1246.4166666666667,70,66.0
8475218,2018,NSH,1909.7666666666667,81,34.0
8477006,2018,MIN,5.383333333333334,1,0.0
8474683,2018,ANA,732.4666666666667,66,24.0
8474061,2018,WSH,9.283333333333333,2,0.0
8477433,2018,OTT,610.3333333333334,41,1.0
8477404,2018,PIT,1351.8666666666666,82,48.0
8477353,2018,VAN,516.3166666666667,46,7.0
8478400,2018,OTT,280.23333333333335,21,6.0
8476886,2018,TBL,393.23333333333335,35,8.0
8470041,2018,BOS,1210.9666666666667,71,34.0
8475455,2018,SJS,1397.8333333333333,81,22.0
8470604,2018,LAK,474.73333333333335,27,22.0
8476438,2018,CHI,1435.3333333333333,82,35.0
8479290,2018,ANA,90.85,10,2.0
8478451,2018,EDM,335.3833333333333,18,4.0
8475739,2018,TBL,46.733333333333334,5,0.0
8474590,2018,WSH,2023.25,82,68.0
8473544,2018,PIT,1276.75,72,46.0
8479553,2018,FLA,263.85,25,4.0
8477380,2018,LAK,332.68333333333334,35,6.0
8476191,2018,BOS,1323.2,68,16.0
8476894,2018,VAN,761.9,58,22.0
8476897,2018,STL,439.1166666666667,42,5.0
8479974,2018,PHI,1001.9166666666666,73,30.0
8479339,2018,WPG,1351.4166666666667,82,70.0
8476807,2018,BUF,269.5833333333333,15,0.0
8475236,2018,VGK,1162.8,80,27.0
8477504,2018,WPG,1656.5333333333333,81,26.0
8474040,2018,VAN,1118.2166666666667,74,31.0
8476472,2018,EDM,1507.9166666666667,66,21.0
8479410,2018,TBL,1213.4666666666667,79,40.0
8477851,2018,CHI,1128.35,55,15.0
8477989,2018,UTA,1281.3166666666666,78,37.0
8474749,2018,CGY,240.21666666666667,18,3.0
8474628,2018,CGY,1373.2333333333333,82,10.0
8470281,2018,CHI,1953.8166666666666,82,32.0
8480145,2018,NYR,626.85,28,14.0
8474567,2018,BUF,344.81666666666666,18,1.0
8478842,2018,COL,110.46666666666667,10,3.0
8474207,2018,BOS,1387.45,73,17.0
8464989,2018,MIN,939.4833333333333,79,22.0
8477942,2018,NSH,1211.8166666666666,80,48.0
8477845,2018,CAR,1346.9666666666667,79,16.0
8478073,2018,COL,618.8333333333334,47,4.0
8477355,2018,NJD,1301.2,81,44.0
8474131,2018,UTA,199.58333333333334,18,4.0
8478396,2018,CAR,1489.95,79,32.0
8475208,2018,PIT,1649.4,80,18.0
8478420,2018,COL,1519.0166666666667,80,84.0
8471677,2018,CBJ,1505.0666666666666,77,11.0
8478512,2018,BOS,109.11666666666666,10,4.0
8478211,2018,FLA,116.18333333333334,11,1.0
8473463,2018,TOR,1168.2333333333333,74,19.0
8475798,2018,MIN,1446.1833333333334,77,67.0
8475841,2018,SJS,464.56666666666666,29,11.0
8475310,2018,DAL,56.71666666666667,7,2.0
8475784,2018,CAR,1370.05,82,49.0
8476329,2018,WSH,70.6,8,1.0
8476779,2018,VGK,749.0833333333334,45,18.0
8476880,2018,WSH,1241.3166666666666,78,35.0
8479968,2018,NYR,229.06666666666666,19,5.0
8470110,2018,DET,1574.5333333333333,76,16.0
8477488,2018,CAR,1358.7666666666667,65,19.0
8476879,2018,OTT,1913.8333333333333,82,19.0
8477492,2018,COL,1454.3333333333333,73,96.0
8477463,2018,NJD,729.8666666666667,36,10.0
8476312,2018,ANA,1628.2833333333333,80,37.0
8478874,2018,VAN,63.93333333333333,5,0.0
8476855,2018,COL,618.5,57,16.0
8475197,2018,COL,1543.4,68,57.0
8477937,2018,VAN,898.9833333333333,75,20.0
8475855,2018,NYR,1056.6,71,33.0
8477971,2018,OTT,11.35,1,0.0
8475982,2018,OTT,26.833333333333332,2,1.0
8476525,2018,VGK,1585.5333333333333,82,41.0
8476432,2018,CBJ,1234.6,75,32.0
8477454,2018,TBL,232.73333333333332,23,4.0
8475913,2018,OTT,1198.9666666666667,58,62.0
8475220,2018,MIN,836.45,77,23.0
8477994,2018,DET,46.166666666666664,5,0.0
8480771,2018,LAK,10.8,1,1.0
8476467,2018,PIT,1132.9166666666667,68,17.0
8468085,2018,FLA,542.0166666666667,42,14.0
8468674,2018,VGK,1602.1333333333334,79,23.0
8480727,2018,VGK,16.7,1,0.0
8474641,2018,ANA,1440.6,81,50.0
8476913,2018,DAL,1254.1166666666666,81,32.0
8471743,2018,STL,1382.0666666666666,81,31.0
8477085,2018,VAN,66.8,5,2.0
8475278,2018,MTL,555.8166666666667,48,11.0
8465009,2018,BOS,1671.95,73,24.0
8477417,2018,BOS,83.6,6,2.0
8477406,2018,DAL,1356.0166666666667,80,34.0
8470638,2018,BOS,1244.0,64,63.0
8477935,2018,CGY,1180.2333333333333,82,26.0
8471284,2018,EDM,587.9,36,8.0
8477573,2018,EDM,85.01666666666667,9,1.0
8475279,2018,WPG,870.55,57,14.0
8475690,2018,VAN,830.5833333333334,42,11.0
8477446,2018,MTL,157.71666666666667,18,1.0
8475172,2018,TOR,1340.75,80,55.0
8477944,2018,WSH,909.6833333333333,73,27.0
8479650,2018,VGK,31.766666666666666,3,1.0
8478542,2018,BUF,668.6,48,25.0
8475716,2018,TOR,33.35,2,0.0
8477320,2018,BOS,10.383333333333333,1,0.0
8475204,2018,VGK,35.233333333333334,2,3.0
8476437,2018,CAR,1092.05,71,31.0
8480144,2018,CHI,588.7833333333333,46,11.0
8474569,2018,COL,722.1,55,18.0
8477479,2018,DET,678.7333333333333,47,24.0
8479344,2018,EDM,868.9,65,20.0
8470324,2018,BUF,507.96666666666664,34,2.0
8476874,2018,PIT,1537.9833333333333,82,29.0
8469544,2018,CHI,901.85,70,21.0
8474031,2018,NYR,932.5166666666667,46,23.0
8470626,2018,VAN,813.4666666666667,50,23.0
8470619,2018,NJD,917.1,69,23.0
8478425,2018,BUF,325.9,18,5.0
8475752,2018,DAL,1081.1166666666666,79,27.0
8475747,2018,COL,1332.1,67,14.0
8473453,2018,LAK,1031.5333333333333,68,26.0
8475738,2018,PHI,893.55,69,21.0
8476392,2018,WPG,670.0333333333333,45,21.0
8478500,2018,PHI,1980.0166666666667,82,41.0
8474584,2018,VAN,1705.9333333333334,82,22.0
8476430,2018,CHI,365.9,29,10.0
8473485,2018,CGY,580.0833333333334,54,16.0
8475188,2018,VGK,1531.5666666666666,76,15.0
8471273,2018,CBJ,951.2,62,16.0
8475772,2018,PIT,1188.1833333333334,81,32.0
8475171,2018,UTA,1939.9666666666667,82,42.0
8478365,2018,PHI,40.86666666666667,4,0.0
8476890,2018,OTT,11.183333333333334,1,1.0
8478176,2018,DET,86.73333333333333,5,3.0
8475718,2018,TOR,34.71666666666667,2,2.0
8475436,2018,ANA,37.016666666666666,7,1.0
8470803,2018,STL,1085.1666666666667,81,33.0
8466139,2018,TOR,1393.0,82,47.0
8475235,2018,MTL,672.5,58,14.0
8474739,2018,BOS,861.45,75,17.0
8476624,2018,SJS,507.75,47,14.0
8476419,2018,OTT,1305.5666666666666,78,29.0
8473419,2018,BOS,1340.6833333333334,68,85.0
8475181,2018,NYI,1792.6,80,42.0
8477955,2018,FLA,889.6166666666667,67,28.0
8477460,2018,UTA,14.45,2,0.0
8469455,2018,DAL,1002.3,77,26.0
8477947,2018,CBJ,640.7333333333333,55,22.0
8476539,2018,VGK,1347.85,77,75.0
8475754,2018,NYI,1207.4666666666667,82,35.0
8470760,2018,DAL,643.8,36,3.0
8471262,2018,COL,1318.25,76,37.0
8475949,2018,CGY,25.516666666666666,3,0.0
8477399,2018,PHI,50.25,9,0.0
8474161,2018,PHI,1595.4833333333333,82,85.0
8469501,2018,STL,351.9166666666667,50,7.0
8479206,2018,NYI,425.73333333333335,34,7.0
8479370,2018,COL,937.9,64,22.0
8475765,2018,STL,1517.2333333333333,80,66.0
8477527,2018,NYI,224.03333333333333,24,6.0
8478408,2018,TOR,591.7833333333333,37,13.0
8479304,2018,BUF,72.13333333333334,9,0.0
8476906,2018,PHI,1673.5166666666667,78,65.0
8476020,2018,LAK,15.716666666666667,2,0.0
8477220,2018,VGK,1690.3166666666666,76,36.0
8474027,2018,SJS,1719.9333333333334,81,33.0
8476851,2018,MTL,1331.2,82,51.0
8478413,2018,MIN,68.65,6,1.0
8471976,2018,NYR,927.0333333333333,71,28.0
8474218,2018,UTA,1458.3833333333334,69,20.0
8475832,2018,PIT,691.4833333333333,69,8.0
8473574,2018,WPG,301.6666666666667,27,3.0
8471242,2018,DET,1436.8333333333333,65,33.0
8475166,2018,NYI,1633.8666666666666,82,84.0
8476474,2018,NJD,956.6333333333333,72,27.0
8475906,2018,DAL,1947.7166666666667,81,66.0
8477903,2018,CGY,680.4,59,13.0
8476368,2018,OTT,982.0,64,7.0
8479999,2018,BUF,84.11666666666666,6,5.0
8470358,2018,OTT,829.9666666666667,71,14.0
8477931,2018,VGK,743.1666666666666,67,15.0
8477471,2018,DAL,65.1,6,1.0
8473548,2018,PIT,1532.25,82,92.0
8474709,2018,TOR,399.4166666666667,50,12.0
8473914,2018,CBJ,1027.85,80,23.0
8477850,2018,LAK,1015.4833333333333,65,13.0
8480157,2018,TOR,51.15,4,1.0
8471346,2018,CGY,316.3833333333333,24,8.0
8474613,2018,UTA,1579.9166666666667,82,56.0
8467876,2018,VAN,1274.9666666666667,82,50.0
8475263,2018,STL,8.35,1,0.0
8477932,2018,FLA,1896.4333333333334,81,36.0
8480330,2018,CGY,63.416666666666664,4,2.0
8471887,2018,PIT,1212.6,70,49.0
8473573,2018,CHI,1208.7833333333333,72,31.0
8476948,2018,MTL,1010.0833333333334,72,30.0
8476470,2018,BUF,940.8833333333333,59,9.0
8475287,2018,VGK,1320.2166666666667,76,55.0
8476857,2018,EDM,644.8666666666667,53,16.0
8480147,2018,LAK,385.0833333333333,27,9.0
8476923,2018,NJD,1495.6666666666667,76,24.0
8475820,2018,SJS,983.15,66,32.0
8476931,2018,BUF,1033.55,53,12.0
8479066,2018,CGY,43.75,7,1.0
8476476,2018,WPG,937.05,56,16.0
8471228,2018,DAL,1627.0833333333333,81,71.0
8476960,2018,DET,1072.6666666666667,70,33.0
8475231,2018,NYI,844.9166666666666,64,17.0
8476450,2018,NYR,261.93333333333334,16,5.0
8480164,2018,FLA,68.5,5,1.0
8478421,2018,COL,117.0,16,2.0
8475184,2018,NYR,905.8666666666667,58,37.0
8477591,2018,PIT,390.6166666666667,40,6.0
8477509,2018,NJD,466.9166666666667,28,4.0
8476882,2018,CAR,1384.75,82,64.0
8479482,2018,WSH,839.05,53,10.0
8476967,2018,CGY,921.95,71,8.0
8476400,2018,MTL,783.35,67,13.0
8476463,2018,MIN,1577.1166666666666,73,21.0
8474008,2018,NYR,615.6,60,14.0
8476902,2018,DAL,1743.9,79,27.0
8476393,2018,UTA,912.6166666666667,71,19.0
8478488,2018,OTT,201.45,20,4.0
8479442,2018,VAN,1279.1833333333334,68,11.0
8480143,2018,WSH,584.5,36,8.0
8471476,2018,MIN,1099.0,81,23.0
8477511,2018,DET,1367.5333333333333,79,48.0
8473468,2018,EDM,309.4,21,2.0
8475792,2018,WSH,833.5,70,27.0
8477507,2018,COL,1475.5833333333333,76,18.0
8476955,2018,PHI,409.03333333333336,39,5.0
8474062,2018,BOS,1171.1,76,41.0
8475780,2018,NYI,1048.9666666666667,79,16.0
8477846,2018,VGK,655.1666666666666,52,15.0
8468542,2018,SJS,206.65,14,2.0
8476877,2018,STL,138.21666666666667,13,1.0
8474625,2018,NJD,393.6166666666667,33,9.0
8476449,2018,CBJ,425.5833333333333,32,5.0
8477476,2018,MTL,1088.1333333333334,66,21.0
8470543,2018,TBL,979.6,82,29.0
8466251,2018,ANA,762.1666666666666,74,13.0
8475761,2018,STL,64.81666666666666,6,0.0
8474717,2018,COL,774.8,45,12.0
8475157,2018,MIN,8.833333333333334,2,1.0
8476460,2018,WPG,1240.7,60,60.0
8476466,2018,VAN,827.1,53,29.0
8475868,2018,NSH,430.06666666666666,32,3.0
8477494,2018,MTL,1355.15,77,46.0
8475200,2018,WSH,1888.7166666666667,82,31.0
8476440,2018,VAN,861.5666666666667,53,12.0
8476917,2018,NYI,1503.3833333333334,78,19.0
8478454,2018,MTL,446.73333333333335,23,3.0
8477444,2018,WSH,770.4666666666667,56,25.0
8478906,2018,CBJ,977.7333333333333,61,23.0
8473579,2018,NYI,155.18333333333334,13,3.0
8476407,2018,ANA,113.21666666666667,7,2.0
8474068,2018,NSH,1262.6833333333334,76,51.0
8476892,2018,STL,1846.7166666666667,82,35.0
8479398,2018,COL,1271.5166666666667,72,22.0
8467875,2018,VAN,1236.9,81,55.0
8473492,2018,NYR,164.61666666666667,15,0.0
8473546,2018,NJD,1185.4833333333333,80,36.0
8478569,2018,BOS,774.7833333333333,60,11.0
8471710,2018,CBJ,328.45,25,4.0
8475314,2018,NYI,1415.8833333333334,82,62.0
8478460,2018,CBJ,1738.35,77,37.0
8476887,2018,NSH,1170.7666666666667,67,64.0
8476981,2018,CBJ,1136.3833333333334,63,30.0
8468575,2018,TOR,514.8666666666667,50,12.0
8474571,2018,SJS,983.8,74,37.0
8477213,2018,BOS,1088.9833333333333,82,22.0
8476994,2018,CHI,690.9833333333333,50,25.0
8477491,2018,BUF,328.9,33,6.0
8478493,2018,MIN,958.3833333333333,75,16.0
8477337,2018,NYR,480.93333333333334,28,5.0
8475794,2018,DAL,1692.3166666666666,81,78.0
8470600,2018,MIN,2088.633333333333,78,51.0
8478474,2018,UTA,120.33333333333333,11,1.0
8477046,2018,SJS,1033.15,62,12.0
8468001,2018,FLA,836.4,74,14.0
8479423,2018,BUF,38.583333333333336,3,1.0
8478483,2018,TOR,1343.8166666666666,82,69.0
8477009,2018,TBL,791.2666666666667,48,11.0
8478444,2018,VAN,1084.5333333333333,62,55.0
8475768,2018,STL,1193.85,62,59.0
8475168,2018,OTT,1502.55,82,59.0
8469521,2018,TOR,1165.4833333333333,77,26.0
8477043,2018,WSH,884.1666666666666,63,14.0
8448208,2018,CGY,287.0,22,7.0
8471699,2018,ANA,1215.9333333333334,80,35.0
8478498,2018,BOS,1005.9166666666666,70,43.0
8476310,2018,CBJ,498.21666666666664,53,8.0
8479400,2018,CBJ,1364.0333333333333,82,48.0
8471769,2018,UTA,993.5,48,9.0
8476346,2018,CGY,1553.9,80,84.0
8477503,2018,UTA,1369.9,82,45.0
8476195,2018,TBL,359.8,36,12.0
8477508,2018,CGY,640.7166666666667,65,12.0
8473560,2018,ANA,185.85,16,0.0
8476619,2018,MIN,242.4,23,5.0
8475430,2018,PHI,1166.8833333333334,65,19.0
8480082,2018,MIN,8.65,1,0.0
8474037,2018,TOR,1205.7333333333333,81,54.0
8478099,2018,SJS,1101.3166666666666,77,40.0
8474573,2018,NYI,1359.1833333333334,76,71.0
8477453,2018,COL,207.9,15,1.0
8469465,2018,DAL,1596.95,79,24.0
8479465,2018,EDM,907.8666666666667,67,20.0
8474688,2018,DAL,1415.0666666666666,72,13.0
8476958,2018,CAR,1852.2,82,30.0
8477499,2018,BUF,1934.45,73,41.0
8476372,2018,MIN,319.76666666666665,22,4.0
8471669,2018,WPG,1500.9833333333333,82,53.0
8471218,2018,WPG,1640.7833333333333,81,91.0
8470852,2018,BUF,144.01666666666668,14,0.0
8470162,2018,CGY,743.5666666666667,68,12.0
8469638,2018,VAN,694.5333333333333,60,17.0
8475844,2018,BOS,60.21666666666667,5,1.0
8475160,2018,LAK,524.2666666666667,50,10.0
8478550,2018,CBJ,1630.5833333333333,81,82.0
8471729,2018,EDM,1487.3333333333333,78,21.0
8476302,2018,PIT,57.5,5,0.0
8478407,2018,STL,1283.4666666666667,75,24.0
8474038,2018,MTL,1322.2833333333333,82,35.0
8476866,2018,ANA,7.5,2,0.0
8471742,2018,CHI,382.1666666666667,23,7.0
8468508,2018,CAR,1360.2166666666667,82,51.0
8477512,2018,TOR,78.68333333333334,9,1.0
8477962,2018,WPG,71.46666666666667,9,1.0
8477500,2018,VAN,1238.3833333333334,64,44.0
8475423,2018,VAN,401.2,27,9.0
8474250,2018,OTT,1136.95,68,19.0
8470612,2018,ANA,1199.8333333333333,56,61.0
8476853,2018,TOR,1640.9,76,52.0
8477472,2018,CHI,192.65,11,3.0
8477810,2018,UTA,55.65,5,0.0
8475799,2018,MIN,945.0833333333334,63,32.0
8477369,2018,MIN,44.53333333333333,3,0.0
8476889,2018,DAL,1191.4,78,33.0
8473991,2018,MTL,1646.6,82,12.0
8477642,2018,MTL,23.616666666666667,2,0.0
8477496,2018,CAR,1449.3166666666666,81,44.0
8477474,2018,WSH,699.3833333333333,51,12.0
8477244,2018,PIT,691.9333333333333,44,5.0
8479291,2018,NJD,11.766666666666667,1,0.0
8479404,2018,FLA,50.63333333333333,4,1.0
8478055,2018,CHI,785.4,41,13.0
8476822,2018,DET,897.7,68,19.0
8477958,2018,VAN,468.6666666666667,38,14.0
8469500,2018,EDM,908.9333333333333,66,29.0
8473563,2018,WSH,1584.4333333333334,81,71.0
8476881,2018,SJS,1422.3833333333334,79,46.0
8471338,2018,LAK,680.3333333333334,60,11.0
8470610,2018,MIN,717.4833333333333,42,24.0
8474618,2018,BUF,1911.9833333333333,82,22.0
8470602,2018,LAK,1571.3,79,26.0
8475193,2018,VGK,1318.0,81,34.0
8471766,2018,ANA,44.25,10,1.0
8474579,2018,VGK,585.45,30,14.0
8477956,2018,BOS,1473.2,82,80.0
8475163,2018,WSH,717.1833333333333,61,18.0
8478067,2018,PHI,335.46666666666664,23,6.0
8476465,2018,MIN,399.23333333333335,21,5.0
8480002,2018,NJD,1337.3666666666666,82,52.0
8476867,2018,VAN,492.46666666666664,37,6.0
8478431,2018,DET,123.48333333333333,14,4.0
8476919,2018,SJS,1307.9833333333333,82,40.0
8478427,2018,CAR,1397.6166666666666,78,65.0
8470606,2018,LAK,1599.05,81,61.0
8477929,2018,ANA,240.51666666666668,27,4.0
8479977,2018,EDM,136.43333333333334,9,3.0
8476285,2018,TBL,136.7,10,5.0
8474013,2018,CBJ,1190.95,67,20.0
8476983,2018,LAK,167.65,12,4.0
8477998,2018,CAR,23.85,2,3.0
8468083,2018,DET,1581.5666666666666,81,56.0
8474125,2018,STL,1013.1833333333333,63,9.0
8477987,2018,BOS,176.35,12,9.0
8478011,2018,MIN,15.783333333333333,1,2.0
8470622,2018,ANA,32.916666666666664,2,1.0
8477464,2018,WPG,126.2,15,2.0
8471296,2018,NSH,1282.9833333333333,76,9.0
8474568,2018,UTA,1048.6,64,7.0
8471707,2018,VGK,1219.25,71,44.0
8479407,2018,NJD,1128.6,74,35.0
8476336,2018,EDM,407.73333333333335,40,3.0
8473992,2018,BUF,740.0666666666667,46,2.0
8476971,2018,ANA,341.21666666666664,25,7.0
8475233,2018,CBJ,1569.7833333333333,81,16.0
8477498,2018,EDM,1824.4833333333333,82,26.0
8468611,2018,WPG,565.45,60,13.0
8479325,2018,BOS,1395.2833333333333,63,32.0
8478873,2018,ANA,20.416666666666668,2,0.0
8475750,2018,VGK,546.8833333333333,34,3.0
8478075,2018,BOS,370.4166666666667,30,12.0
8478443,2018,BOS,1462.0166666666667,76,6.0
8477957,2018,MTL,347.81666666666666,26,6.0
8476292,2018,TBL,951.7833333333333,56,35.0
8475760,2018,FLA,1227.7,81,48.0
8475180,2018,NYR,285.05,23,4.0
8480222,2018,NYI,357.4,22,4.0
8471735,2018,FLA,1983.0666666666666,81,54.0
8474150,2018,CGY,1559.2833333333333,82,45.0
8475715,2018,VGK,741.8666666666667,63,11.0
8472382,2018,NJD,1711.0333333333333,81,13.0
8474849,2018,DAL,895.7166666666667,72,17.0
8467967,2018,ANA,91.93333333333334,12,2.0
8474873,2018,DET,4.033333333333333,1,0.0
8470598,2018,CBJ,1127.0166666666667,80,56.0
8467370,2018,NSH,197.51666666666668,16,4.0
8470257,2018,STL,1413.4666666666667,76,46.0
8473449,2018,BUF,1294.0666666666666,76,44.0
8476884,2018,VAN,1267.4666666666667,71,22.0
8476461,2018,PHI,1769.7333333333333,82,76.0
8476875,2018,FLA,1702.9833333333333,80,27.0
8474736,2018,UTA,598.05,53,7.0
8474642,2018,CHI,564.4666666666667,53,9.0
8476293,2018,BUF,842.2666666666667,69,14.0
8475808,2018,VAN,88.08333333333333,9,0.0
8475807,2018,CAR,792.8833333333333,75,7.0
8476453,2018,TBL,1585.7166666666667,80,100.0
8475753,2018,CAR,1692.35,76,31.0
8474604,2018,WSH,101.81666666666666,8,1.0
8479458,2018,TOR,1333.05,60,13.0
8480039,2018,CAR,6.9,1,0.0
8476423,2018,VAN,227.51666666666668,20,5.0
8475185,2018,BUF,443.68333333333334,39,4.0
8478445,2018,NYI,1456.7833333333333,82,85.0
8475179,2018,WPG,1058.4666666666667,62,11.0
8476356,2018,LAK,1142.8833333333334,78,25.0
8477429,2018,WPG,1125.9666666666667,82,28.0
8471339,2018,TBL,892.5166666666667,67,18.0
8476462,2018,CGY,1765.5333333333333,82,44.0
8476469,2018,WPG,995.5166666666667,79,29.0
8474134,2018,NSH,566.7,47,5.0
8476442,2018,COL,1087.6166666666666,73,26.0
8475343,2018,VAN,590.0166666666667,56,4.0
8471761,2018,STL,79.83333333333333,6,0.0
8478458,2018,WPG,381.98333333333335,31,14.0
8471276,2018,BOS,1080.05,64,44.0
8478447,2018,UTA,13.5,1,0.0
8471392,2018,TOR,952.7166666666667,54,12.0
8477505,2018,CBJ,1196.6666666666667,66,35.0
8469459,2018,MIN,1515.95,82,45.0
8474884,2018,OTT,1509.3666666666666,82,56.0
8475227,2018,OTT,184.9,16,8.0
8477529,2018,BOS,34.36666666666667,3,0.0
8475902,2018,PIT,38.35,3,0.0
8476922,2018,NYR,285.56666666666666,28,9.0
8478402,2018,EDM,1767.2333333333333,82,108.0
8477341,2018,TOR,105.3,9,3.0
8470105,2018,STL,683.7833333333333,63,19.0
8473533,2018,CAR,1520.8166666666666,79,46.0
8476850,2018,CBJ,811.2,44,12.0
8476370,2018,NJD,18.916666666666668,2,0.0
8474564,2018,TBL,1464.4,78,86.0
8474685,2018,CBJ,922.95,69,24.0
8477426,2018,OTT,86.86666666666666,11,1.0
8475169,2018,SJS,1520.35,78,54.0
8477290,2018,PHI,1007.35,76,22.0
8469466,2018,MTL,69.45,7,0.0
8475722,2018,MIN,1390.8,82,64.0
8476854,2018,ANA,1569.05,69,31.0
8476921,2018,UTA,1134.8333333333333,81,15.0
8468208,2018,SJS,617.45,52,12.0
8471804,2018,CBJ,17.2,2,0.0
8474774,2018,NJD,55.95,4,0.0
8479366,2018,OTT,32.516666666666666,4,1.0
8478463,2018,NYI,1031.4,71,36.0
8471817,2018,VGK,600.0666666666667,79,10.0
8476389,2018,FLA,1728.15,81,75.0
8478506,2018,CBJ,158.61666666666667,14,2.0
8478131,2018,ANA,918.8833333333333,66,38.0
8475613,2018,MIN,767.35,57,9.0
8477934,2018,EDM,1506.9833333333333,78,70.0
8475744,2018,WSH,1477.6,79,83.0
8471274,2018,UTA,1813.85,78,35.0
8474578,2018,OTT,1898.5,71,62.0
8474660,2018,COL,214.31666666666666,16,5.0
8475766,2018,NSH,937.2,76,19.0
8474090,2018,NYR,755.3666666666667,44,8.0
8470834,2018,WPG,1679.3833333333334,69,45.0
8475755,2018,FLA,968.8,66,13.0
8480163,2018,VAN,15.2,1,0.0
8474563,2018,LAK,2191.0666666666666,82,60.0
8479293,2018,WPG,772.3333333333334,61,18.0
8478440,2018,UTA,271.8833333333333,21,9.0
8478561,2018,CHI,113.76666666666667,9,1.0
8477502,2018,PHI,31.616666666666667,2,0.0
8476406,2018,CGY,906.7833333333333,64,19.0
8478462,2018,CAR,10.766666666666667,1,0.0
8470318,2018,DET,1545.7166666666667,80,13.0
8474009,2018,NSH,1110.1333333333334,71,25.0
8467407,2018,BOS,261.35,20,7.0
8477413,2018,COL,724.3166666666667,50,22.0
8476455,2018,COL,1552.15,77,62.0
8476344,2018,WSH,33.7,5,0.0
8469506,2018,BUF,1222.05,82,34.0
8476415,2018,MIN,33.083333333333336,3,1.0
8470794,2018,SJS,1572.2166666666667,82,66.0
8477940,2018,WPG,1318.6,82,60.0
8476326,2018,UTA,501.7,42,11.0
8477458,2018,CAR,137.06666666666666,10,7.0
8473618,2018,WPG,1012.0833333333334,70,39.0
8475328,2018,OTT,20.55,2,0.0
8478233,2018,CGY,89.3,10,0.0
8474053,2018,SJS,1438.3166666666666,78,61.0
8468535,2018,ANA,879.9833333333333,64,16.0
8479511,2018,CAR,44.25,4,0.0
8468509,2018,DET,1441.9333333333334,78,27.0
8474162,2018,LAK,1597.6333333333334,74,42.0
8474668,2018,PHI,486.3333333333333,46,8.0
8476934,2018,CAR,1159.7333333333333,80,30.0
8471709,2018,SJS,1820.3,81,32.0
8471426,2018,CGY,1058.7833333333333,76,22.0
8478146,2018,CHI,157.98333333333332,13,2.0
8478397,2018,CGY,154.38333333333333,10,0.0
8475730,2018,DAL,1298.9333333333334,74,15.0
8477461,2018,DAL,728.8166666666667,71,14.0
8468309,2018,MTL,28.433333333333334,2,0.0
8476925,2018,NSH,1303.6333333333334,81,27.0
8479343,2018,UTA,1483.1,82,65.0
8478366,2018,FLA,444.4,41,10.0
8474034,2018,NJD,1221.7666666666667,74,43.0
8480009,2018,NSH,36.333333333333336,3,0.0
8478004,2018,MTL,301.05,18,1.0
8475728,2018,BUF,1129.1833333333334,80,17.0
8476856,2018,MIN,1952.8166666666666,82,50.0
8480029,2018,OTT,4.9,1,0.0
8474581,2018,TOR,1846.3833333333334,82,52.0
8479268,2018,BUF,694.8666666666667,37,8.0
8477948,2018,PHI,763.5833333333334,49,10.0
8474091,2018,VAN,1056.25,61,26.0
8475222,2018,NJD,1610.3666666666666,72,32.0
8476988,2018,EDM,1261.6,73,21.0
8476975,2018,TBL,571.3166666666667,56,9.0
8476381,2018,MTL,878.3833333333333,56,21.0
8475324,2018,DET,1298.3333333333333,80,15.0
8476447,2018,NSH,596.2166666666667,58,8.0
8471214,2018,WSH,1641.4166666666667,82,87.0
8477449,2018,CGY,7.416666666666667,1,0.0
8471490,2018,NYR,38.55,5,0.0
8477959,2018,NYI,314.15,22,12.0
8477451,2018,NSH,1018.85,78,31.0
8475158,2018,BUF,1686.1666666666667,81,61.0
8473986,2018,TBL,1352.8333333333333,82,47.0
8477919,2018,NSH,183.21666666666667,20,3.0
8475735,2018,PIT,251.66666666666666,26,4.0
8470613,2018,SJS,2059.5333333333333,82,67.0
8475793,2018,NSH,1465.35,79,54.0
8478541,2018,CBJ,276.28333333333336,33,6.0
8470607,2018,CHI,1635.9833333333333,81,26.0
8471436,2018,PIT,735.45,42,10.0
8466138,2018,SJS,862.2166666666667,47,36.0
8480762,2018,CBJ,11.35,1,0.0
8478403,2018,BUF,1349.6,67,64.0
8477930,2018,VGK,887.5666666666667,72,16.0
8470047,2018,PHI,1334.6166666666666,81,33.0
8476410,2018,TOR,169.08333333333334,16,4.0
8474176,2018,PIT,1291.3,81,31.0
8478042,2018,NSH,1384.3666666666666,78,61.0
8477941,2018,ANA,1001.8333333333334,76,27.0
8479483,2018,EDM,447.3333333333333,33,9.0
8474000,2018,NYR,379.53333333333336,22,1.0
8477070,2018,WSH,20.75,3,0.0
8475878,2018,UTA,143.68333333333334,16,1.0
8476397,2018,EDM,27.8,2,0.0
8479755,2018,BUF,718.05,47,10.0
8470828,2018,WPG,732.35,43,6.0
8476792,2018,BOS,1550.5,76,59.0
8477950,2018,NYR,529.9,32,8.0
8478915,2018,WPG,15.216666666666667,1,1.0
8475167,2018,TBL,1990.5,77,63.0
8475224,2018,BOS,138.11666666666667,12,3.0
8477520,2018,PIT,27.45,5,1.0
8476858,2018,CAR,514.6,49,13.0
8476924,2018,DET,689.3166666666667,67,25.0
8474586,2018,NYI,1301.5166666666667,81,59.0
8475186,2018,NJD,1620.75,81,18.0
8470775,2018,LAK,877.95,69,17.0
8477510,2018,MTL,44.11666666666667,4,2.0
8476403,2018,CAR,540.0333333333333,33,5.0
8474066,2018,NYI,1246.7666666666667,69,25.0
8475225,2018,NSH,1215.15,79,51.0
8474089,2018,EDM,55.916666666666664,7,0.0
8478401,2018,NJD,991.6166666666667,69,25.0
8478528,2018,CHI,91.5,8,3.0
8476386,2018,NYI,168.03333333333333,14,2.0
8477467,2018,MIN,523.7333333333333,41,8.0
8479337,2018,CHI,1213.7666666666667,82,52.0
8477953,2018,TOR,427.3333333333333,38,9.0
8475175,2018,OTT,983.5833333333334,79,12.0
8478373,2018,STL,161.88333333333333,15,2.0
8471215,2018,PIT,1481.2166666666667,78,98.0
8478567,2018,CBJ,135.98333333333332,11,4.0
8475848,2018,MTL,1324.9,82,54.0
8477973,2018,COL,26.466666666666665,3,0.0
8474018,2018,OTT,282.8666666666667,24,10.0
8479318,2018,TOR,1123.95,62,63.0
8479316,2018,MIN,246.58333333333334,19,4.0
8476979,2018,CHI,649.4333333333333,35,16.0
8470966,2018,CGY,2032.5833333333333,82,38.0
8474074,2018,BOS,143.16666666666666,14,1.0
8473446,2018,COL,1550.1166666666666,61,25.0
8473994,2018,DAL,1602.85,81,78.0
8471685,2018,LAK,1802.7333333333333,82,92.0
8477021,2018,COL,1052.2,78,41.0
8470616,2018,ANA,793.5333333333333,44,14.0
8478585,2018,CAR,1248.4833333333333,80,38.0
8474190,2018,PHI,1356.5666666666666,75,46.0
8477933,2018,BUF,1402.3166666666666,82,50.0
8474602,2018,PIT,1229.3166666666666,63,27.0
8477010,2018,ANA,35.03333333333333,3,0.0
8477922,2018,SJS,940.65,71,19.0
8475745,2018,MIN,1091.1833333333334,66,37.0
8476428,2018,COL,57.85,6,3.0
8476941,2018,TOR,711.3333333333334,47,12.0
8478466,2018,PIT,111.83333333333333,8,3.0
8477946,2018,DET,1611.5166666666667,81,63.0
8476483,2018,ANA,1495.0833333333333,77,69.0
8474715,2018,CBJ,1228.6,65,46.0
8478469,2018,OTT,1103.1833333333334,63,25.0
8475176,2018,NSH,1027.6833333333334,44,32.0
8476459,2018,NYR,1293.4833333333333,72,47.0
8476458,2018,EDM,1248.05,82,34.0
8478010,2018,TBL,1608.8166666666666,82,66.0
8475726,2018,LAK,1317.7333333333333,82,47.0
8470611,2018,SJS,208.4,18,4.0
8478843,2018,FLA,688.9,50,22.0
8477240,2018,PIT,411.25,44,5.0
8474818,2018,MTL,1460.7833333333333,77,15.0
8474697,2018,OTT,761.4,52,11.0
8475177,2018,NYI,618.7333333333333,33,12.0
8471794,2018,DET,1152.5166666666667,74,29.0
8478476,2018,UTA,13.55,1,0.0
8477943,2018,UTA,1073.8666666666666,74,30.0
8474722,2018,DET,213.48333333333332,31,4.0
8475869,2018,NYI,857.7333333333333,51,7.0
8479250,2018,NJD,58.56666666666667,6,1.0
8476872,2018,PHI,900.7166666666667,81,20.0
8477415,2018,EDM,590.5166666666667,50,12.0
8475323,2018,CAR,520.1833333333333,48,6.0
8475736,2018,FLA,523.2,44,12.0
8475727,2018,NYR,902.2166666666667,59,41.0
8480158,2018,TOR,657.0,48,11.0
8474589,2018,MIN,874.05,73,22.0
8477448,2018,WPG,165.3,23,3.0
8473465,2018,FLA,1009.85,75,29.0
8476617,2018,VGK,120.53333333333333,10,3.0
8468498,2018,WSH,1564.3,81,10.0
8475763,2018,NYR,1318.85,76,44.0
8474149,2018,FLA,1366.9333333333334,73,64.0
8478868,2018,OTT,15.933333333333334,2,0.0
8473604,2018,CHI,1457.1,74,52.0
8476982,2018,BUF,209.33333333333334,21,4.0
8478398,2018,WPG,1284.9333333333334,76,57.0
8476454,2018,EDM,1121.5833333333333,62,48.0
8476905,2018,WSH,795.2166666666667,67,18.0
8469665,2018,PHI,889.7166666666667,52,8.0
8474870,2018,TBL,1376.3333333333333,81,50.0
8470609,2018,NYI,40.21666666666667,4,0.0
8477938,2018,CAR,1125.2666666666667,67,8.0
8476869,2018,NYR,1724.05,82,25.0
8471717,2018,BOS,596.7166666666667,38,4.0
8477506,2018,NYI,1251.6,68,32.0
8476473,2018,CHI,1244.3833333333334,76,14.0
8478063,2018,WSH,27.05,3,1.0
8475149,2018,NJD,463.75,29,14.0
8476918,2018,NYR,1132.1666666666667,79,28.0
8474673,2018,CGY,1728.65,73,32.0
8475098,2018,TOR,1266.3666666666666,81,43.0
8474679,2018,DET,1448.0333333333333,81,40.0
8479314,2018,CGY,1173.05,68,49.0
8477945,2018,DAL,531.95,41,4.0
8474610,2018,CBJ,89.3,12,0.0
8478020,2018,LAK,340.31666666666666,37,8.0
8476468,2018,TBL,1395.6666666666667,82,58.0
8475791,2018,NJD,1452.8666666666666,76,93.0
8480113,2018,LAK,1128.8333333333333,75,25.0
8475762,2018,LAK,1613.7,78,18.0
8476323,2018,OTT,250.53333333333333,30,5.0
8477215,2018,DET,1301.3,64,10.0
8477495,2018,CBJ,1918.95,78,57.0
8476399,2018,NJD,1137.25,79,25.0
8471260,2018,COL,1237.6166666666666,78,33.0
8476429,2018,NYI,838.7,47,12.0
8471716,2018,DET,1228.0833333333333,74,35.0
8468486,2018,NSH,745.1166666666667,62,24.0
8476806,2018,ANA,426.3333333333333,47,7.0
8473512,2018,PHI,1669.4333333333334,82,102.0
8474520,2018,VGK,152.53333333333333,8,1.0
8476431,2018,UTA,79.66666666666667,5,2.0
8470755,2018,UTA,1122.15,76,15.0
8476439,2018,DAL,756.15,70,14.0
8477450,2018,DAL,230.41666666666666,27,2.0
8476952,2018,COL,292.21666666666664,37,2.0
8478866,2018,PIT,376.93333333333334,33,12.0
8477407,2018,CHI,743.8666666666667,56,23.0
8476456,2018,FLA,1555.2,81,67.0
8474627,2018,PHI,651.9,62,8.0
8475692,2018,NYR,1513.9333333333334,80,53.0
8471266,2018,DET,195.18333333333334,28,5.0
8476374,2018,BOS,918.6666666666666,75,14.0
8471724,2018,PIT,2000.9666666666667,79,51.0
8477401,2018,CHI,508.76666666666665,47,13.0
8471233,2018,NJD,1126.3,63,26.0
8477951,2018,CHI,1422.0333333333333,78,52.0
8478474,2019,UTA,1050.2,81,25.0
8480950,2019,UTA,561.2166666666667,41,4.0
8480955,2019,FLA,475.2,32,8.0
8479365,2019,BOS,140.18333333333334,15,0.0
8479318,2019,TOR,1261.1833333333334,68,73.0
8480839,2019,BUF,1731.4333333333334,82,42.0
8471426,2019,FLA,951.15,75,21.0
8470144,2019,DET,1199.5666666666666,72,34.0
8471702,2019,WSH,1753.65,80,25.0
8477205,2019,ANA,60.2,5,0.0
8476381,2019,MTL,1002.2,63,47.0
8475738,2019,MTL,846.8,63,21.0
8476869,2019,NYR,1654.9166666666667,78,25.0
8470622,2019,ANA,97.15,7,0.0
8479410,2019,TBL,1344.0333333333333,75,32.0
8474628,2019,CGY,223.1,14,5.0
8475455,2019,SJS,1453.85,82,22.0
8474230,2019,SJS,347.9166666666667,43,6.0
8478425,2019,ANA,119.35,8,1.0
8476439,2019,DAL,509.15,53,6.0
8477320,2019,BOS,13.766666666666667,1,0.0
8473492,2019,NYR,29.483333333333334,4,1.0
8473463,2019,NYI,1137.0166666666667,82,26.0
8477942,2019,MIN,1296.8666666666666,83,38.0
8478073,2019,COL,14.35,2,0.0
8476436,2019,WSH,373.1666666666667,37,8.0
8477462,2019,PHI,1387.5333333333333,82,19.0
8476393,2019,UTA,1099.05,81,27.0
8475728,2019,BUF,1042.3,73,15.0
8477476,2019,MTL,1274.8,82,33.0
8471675,2019,PIT,1658.0166666666667,79,101.0
8478233,2019,CGY,462.45,44,13.0
8477501,2019,DAL,678.3333333333334,57,10.0
8474066,2019,NYI,739.6666666666666,40,2.0
8475167,2019,TBL,1593.65,70,54.0
8474061,2019,CGY,16.45,4,0.0
8468508,2019,CAR,1429.2,82,53.0
8477244,2019,PIT,293.0,18,2.0
8474818,2019,MTL,1473.0333333333333,81,22.0
8475462,2019,PHI,1372.9333333333334,77,20.0
8477046,2019,SJS,562.1833333333333,44,7.0
8477406,2019,DAL,1230.6833333333334,81,25.0
8473991,2019,MTL,155.7,9,1.0
8480830,2019,CAR,1202.35,82,37.0
8476441,2019,STL,1231.0666666666666,64,11.0
8475166,2019,TOR,1563.0333333333333,82,87.0
8474581,2019,TOR,1313.85,62,31.0
8477930,2019,VGK,944.7666666666667,76,15.0
8478020,2019,LAK,438.15,43,13.0
8478109,2019,BUF,108.1,6,4.0
8473534,2019,BUF,298.43333333333334,23,4.0
8475764,2019,ANA,1378.1166666666666,59,23.0
8475780,2019,BOS,1022.6166666666667,76,19.0
8476472,2019,EDM,1461.9666666666667,61,28.0
8470257,2019,STL,1028.0333333333333,65,27.0
8480023,2019,STL,911.9333333333333,70,33.0
8476278,2019,NSH,58.43333333333333,6,0.0
8477933,2019,BUF,1552.2166666666667,82,65.0
8481442,2019,FLA,12.433333333333334,1,0.0
8478366,2019,FLA,1185.2166666666667,81,39.0
8477941,2019,ANA,899.7,60,31.0
8480341,2019,PIT,31.833333333333332,6,2.0
8476288,2019,CBJ,1311.5833333333333,78,57.0
8478866,2019,PIT,945.5,71,28.0
8477401,2019,CHI,494.7,54,5.0
8479290,2019,ANA,82.43333333333334,8,1.0
8475752,2019,DAL,628.45,47,12.0
8470601,2019,TBL,1191.75,74,22.0
8477935,2019,CGY,940.8333333333334,71,27.0
8474574,2019,WPG,1627.0333333333333,80,29.0
8479970,2019,EDM,121.55,15,3.0
8477433,2019,OTT,898.4166666666666,51,5.0
8477996,2019,FLA,435.8,40,6.0
8478017,2019,PHI,12.55,1,0.0
8476525,2019,VGK,1274.3666666666666,65,29.0
8478483,2019,TOR,1624.0,82,95.0
8480036,2019,DAL,1892.8,82,33.0
8477010,2019,PIT,67.0,9,0.0
8475170,2019,STL,1330.1666666666667,72,54.0
8477337,2019,NYR,80.38333333333334,5,0.0
8477943,2019,CHI,788.65,68,21.0
8476897,2019,STL,1016.6,74,31.0
8480068,2019,MTL,10.783333333333333,1,3.0
8476966,2019,BOS,142.25,17,3.0
8473588,2019,DAL,76.1,6,1.0
8474027,2019,SJS,1583.25,78,16.0
8475810,2019,PIT,1145.5833333333333,72,35.0
8477934,2019,EDM,1851.7,82,105.0
8478106,2019,CHI,372.31666666666666,33,8.0
8470775,2019,MTL,1010.5333333333333,78,13.0
8474679,2019,SJS,1418.9833333333333,81,60.0
8474578,2019,SJS,1297.85,53,45.0
8478567,2019,CBJ,335.01666666666665,25,5.0
8473673,2019,MTL,357.2,18,2.0
8473473,2019,EDM,1043.95,79,19.0
8479407,2019,NJD,773.55,51,34.0
8471228,2019,DAL,1384.1833333333334,70,73.0
8476994,2019,UTA,1096.3,72,40.0
8474131,2019,UTA,581.2333333333333,52,9.0
8471215,2019,PIT,1277.8,68,72.0
8476368,2019,NYR,638.2,37,6.0
8476432,2019,CBJ,1312.4833333333333,77,38.0
8476423,2019,VAN,5.466666666666667,1,0.0
8477450,2019,DAL,894.9333333333333,67,22.0
8475792,2019,WSH,1079.9166666666667,81,46.0
8478047,2019,UTA,47.78333333333333,5,1.0
8466139,2019,TOR,1340.3333333333333,82,35.0
8480948,2019,NJD,391.75,25,7.0
8477021,2019,COL,1160.6833333333334,78,41.0
8481477,2019,MIN,25.566666666666666,2,0.0
8476392,2019,WPG,1142.3333333333333,78,22.0
8476850,2019,CBJ,1200.7,56,29.0
8479324,2019,NYR,72.93333333333334,5,0.0
8480147,2019,CGY,973.8,61,4.0
8475758,2019,WSH,585.85,54,8.0
8476427,2019,EDM,568.3833333333333,50,11.0
8478449,2019,DAL,814.95,58,22.0
8471709,2019,SJS,1515.05,72,24.0
8476894,2019,LAK,856.0166666666667,62,23.0
8474098,2019,FLA,725.4166666666666,59,15.0
8480821,2019,DET,138.5,9,2.0
8475715,2019,OTT,685.5833333333334,55,20.0
8479553,2019,FLA,51.43333333333333,7,0.0
8470740,2019,BOS,15.633333333333333,2,0.0
8475181,2019,NYI,1767.7666666666667,82,25.0
8475832,2019,NYI,456.55,36,9.0
8477240,2019,ANA,777.3166666666667,62,20.0
8478911,2019,LAK,427.71666666666664,25,6.0
8477946,2019,DET,1658.6333333333334,76,71.0
8480082,2019,ANA,7.066666666666666,1,0.0
8478401,2019,NJD,982.4666666666667,61,26.0
8474189,2019,WSH,1339.2,81,35.0
8475727,2019,VAN,593.2333333333333,52,9.0
8477901,2019,VGK,58.95,6,1.0
8477511,2019,DET,1193.3166666666666,67,48.0
8476792,2019,BOS,1360.2166666666667,64,53.0
8476948,2019,MTL,373.85,32,5.0
8476881,2019,SJS,1463.5166666666667,77,74.0
8476467,2019,DAL,838.45,57,12.0
8476975,2019,TBL,957.8166666666667,80,17.0
8471685,2019,LAK,1799.4333333333334,81,61.0
8474618,2019,BUF,1108.7333333333333,63,13.0
8476437,2019,MIN,593.0833333333334,49,9.0
8473412,2019,WPG,1297.35,82,41.0
8476346,2019,CGY,1648.15,82,100.0
8471657,2019,NSH,246.43333333333334,38,1.0
8477951,2019,UTA,713.0333333333333,40,25.0
8475178,2019,EDM,1167.3333333333333,79,26.0
8471958,2019,TBL,1101.8,62,16.0
8476891,2019,BOS,1262.9166666666667,66,18.0
8479974,2019,PHI,1083.85,72,31.0
8480945,2019,PIT,617.3833333333333,37,5.0
8475848,2019,MTL,1342.95,82,52.0
8475218,2019,NSH,1867.8,80,44.0
8476892,2019,STL,1813.15,80,27.0
8479346,2019,CGY,252.05,25,5.0
8477500,2019,VAN,1706.5833333333333,82,59.0
8475168,2019,CBJ,1374.65,73,69.0
8476326,2019,UTA,923.6166666666667,68,22.0
8476807,2019,BUF,42.983333333333334,4,0.0
8478550,2019,CBJ,1565.0666666666666,79,87.0
8480072,2019,NYR,449.8666666666667,42,6.0
8477213,2019,VAN,501.15,47,10.0
8473504,2019,NYI,1016.75,73,23.0
8475236,2019,VGK,1197.5666666666666,78,41.0
8478491,2019,ANA,837.8,49,5.0
8475208,2019,PIT,1597.9166666666667,76,23.0
8479580,2019,SJS,69.03333333333333,8,0.0
8480803,2019,EDM,87.98333333333333,7,1.0
8468493,2019,TOR,1637.2166666666667,81,22.0
8475163,2019,EDM,1238.8,73,38.0
8471729,2019,EDM,1469.25,72,16.0
8476389,2019,FLA,1078.75,55,31.0
8477492,2019,COL,1807.5666666666666,82,98.0
8475747,2019,COL,1219.9,74,10.0
8477509,2019,NJD,957.8833333333333,53,11.0
8478430,2019,CGY,472.03333333333336,38,8.0
8474716,2019,MIN,1969.85,82,43.0
8476988,2019,EDM,1044.4333333333334,70,16.0
8476806,2019,MIN,513.5,56,8.0
8477961,2019,NJD,213.66666666666666,19,1.0
8474849,2019,VAN,892.4333333333333,65,30.0
8474031,2019,NYR,1383.8333333333333,73,27.0
8476857,2019,MIN,860.9833333333333,59,25.0
8479320,2019,OTT,1058.6666666666667,56,15.0
8478458,2019,WPG,747.5,77,24.0
8475175,2019,OTT,1077.7166666666667,80,19.0
8474709,2019,NYI,765.2166666666667,67,13.0
8476480,2019,NYR,1231.75,78,31.0
8473446,2019,COL,1742.55,80,26.0
8477987,2019,MIN,767.1166666666667,56,25.0
8477343,2019,WSH,27.583333333333332,2,2.0
8474038,2019,MTL,813.6,56,31.0
8477903,2019,CGY,799.7833333333333,76,19.0
8480029,2019,OTT,105.01666666666667,9,1.0
8478455,2019,LAK,553.5166666666667,62,21.0
8471716,2019,DET,1092.1666666666667,71,19.0
8480943,2019,TOR,743.0333333333333,53,7.0
8475151,2019,NJD,1341.55,74,49.0
8475868,2019,MIN,425.0,36,3.0
8480172,2019,TBL,576.5333333333333,37,8.0
8473560,2019,ANA,353.15,22,4.0
8480314,2019,OTT,149.26666666666668,12,4.0
8476448,2019,VGK,1542.4166666666667,82,56.0
8476919,2019,OTT,1379.8666666666666,81,47.0
8479994,2019,LAK,57.333333333333336,5,1.0
8480144,2019,CHI,876.8666666666667,63,19.0
8479388,2019,FLA,11.366666666666667,1,0.0
8477384,2019,FLA,492.48333333333335,37,1.0
8475253,2019,PIT,380.3333333333333,50,8.0
8479368,2019,ANA,393.6333333333333,30,5.0
8479657,2019,CHI,254.18333333333334,24,6.0
8477971,2019,OTT,40.0,3,0.0
8475716,2019,TOR,364.65,24,5.0
8477520,2019,PIT,235.56666666666666,23,6.0
8477357,2019,CAR,321.96666666666664,34,9.0
8476971,2019,ANA,39.13333333333333,3,0.0
8477960,2019,LAK,1173.2166666666667,81,28.0
8479425,2019,DET,917.4833333333333,46,24.0
8478011,2019,MIN,26.266666666666666,2,0.0
8476907,2019,STL,229.35,29,5.0
8477495,2019,CBJ,1933.9333333333334,75,45.0
8470621,2019,ANA,458.0833333333333,31,10.0
8478881,2019,NJD,526.65,51,13.0
8476447,2019,NSH,386.8666666666667,37,7.0
8476396,2019,NYR,77.6,10,0.0
8468509,2019,DET,1575.05,79,27.0
8470966,2019,CGY,1894.25,78,71.0
8475791,2019,NJD,647.2833333333333,33,36.0
8474141,2019,CHI,1820.0333333333333,81,108.0
8479404,2019,FLA,599.7333333333333,50,18.0
8476886,2019,CHI,490.81666666666666,31,6.0
8476927,2019,PIT,309.6,28,10.0
8473992,2019,OTT,129.25,10,0.0
8476455,2019,COL,1541.4666666666667,73,73.0
8477498,2019,EDM,1949.8166666666666,82,41.0
8477937,2019,VAN,1037.65,70,25.0
8470110,2019,DET,816.7166666666667,44,8.0
8478844,2019,PHI,140.0,15,2.0
8476415,2019,MIN,37.36666666666667,6,1.0
8475790,2019,PIT,1384.4333333333334,76,10.0
8477944,2019,WSH,1151.4333333333334,82,47.0
8474150,2019,CGY,1377.7833333333333,77,47.0
8478868,2019,OTT,876.8,61,10.0
8477839,2019,BUF,1140.8333333333333,78,34.0
8471873,2019,TBL,964.35,47,17.0
8470600,2019,MIN,2175.05,82,46.0
8476799,2019,WPG,48.38333333333333,4,1.0
8475160,2019,LAK,755.1166666666667,72,21.0
8477529,2019,EDM,650.0833333333334,53,8.0
8477353,2019,VAN,944.9166666666666,74,16.0
8474008,2019,BOS,74.5,7,0.0
8476872,2019,PHI,1216.3166666666666,82,32.0
8478493,2019,MIN,779.15,58,14.0
8475200,2019,WSH,1773.65,82,28.0
8471490,2019,ANA,20.866666666666667,2,0.0
8474683,2019,ANA,652.1833333333333,56,14.0
8475172,2019,TOR,1182.8166666666666,73,43.0
8474774,2019,CGY,261.3833333333333,20,2.0
8473914,2019,CBJ,18.666666666666668,2,0.0
8474090,2019,NYR,963.6333333333333,63,13.0
8478397,2019,CGY,1266.9333333333334,79,19.0
8474134,2019,NSH,738.0833333333334,62,8.0
8479439,2019,FLA,24.1,2,1.0
8477464,2019,TOR,136.7,18,3.0
8470595,2019,MIN,1461.4,81,51.0
8475753,2019,CAR,1839.3333333333333,82,34.0
8470047,2019,NYI,1026.95,72,31.0
8479293,2019,WPG,1127.8666666666666,80,29.0
8479466,2019,EDM,52.733333333333334,6,0.0
8478042,2019,NSH,1110.65,58,48.0
8477043,2019,WSH,610.7166666666667,45,9.0
8476889,2019,DAL,1330.5333333333333,81,29.0
8474736,2019,NSH,163.86666666666667,23,3.0
8480001,2019,BOS,18.2,2,0.0
8475287,2019,VGK,249.9,15,7.0
8475204,2019,VGK,447.93333333333334,31,18.0
8476310,2019,CBJ,423.01666666666665,47,6.0
8476858,2019,NSH,243.25,24,4.0
8481486,2019,VGK,21.05,1,1.0
8477482,2019,STL,750.5666666666667,60,20.0
8477215,2019,DET,1142.75,52,20.0
8476918,2019,NYR,1300.55,81,35.0
8477399,2019,PHI,14.816666666666666,2,0.0
8477956,2019,BOS,1234.6,66,81.0
8477507,2019,COL,1203.3666666666666,70,14.0
8475844,2019,NJD,811.1833333333333,63,22.0
8477947,2019,CBJ,66.56666666666666,8,1.0
8478460,2019,CBJ,1874.9166666666667,82,44.0
8478414,2019,SJS,1322.7666666666667,78,63.0
8475235,2019,MTL,481.05,48,5.0
8476875,2019,FLA,1672.6,75,26.0
8478400,2019,OTT,1148.6333333333334,71,40.0
8481479,2019,VAN,26.7,2,0.0
8475321,2019,PHI,371.65,47,7.0
8477541,2019,UTA,11.333333333333334,1,0.0
8469455,2019,DAL,1007.1166666666667,76,28.0
8477940,2019,WPG,974.5,62,37.0
8479442,2019,VAN,1552.4333333333334,78,23.0
8473604,2019,CHI,1722.2166666666667,82,80.0
8474722,2019,DET,326.31666666666666,34,2.0
8476871,2019,VAN,1123.7333333333333,80,27.0
8477494,2019,MTL,1371.1333333333334,81,53.0
8471698,2019,WSH,1284.25,69,54.0
8475184,2019,NYR,1375.6,79,53.0
8475834,2019,SJS,1037.5166666666667,80,30.0
8477810,2019,DAL,219.21666666666667,16,0.0
8475760,2019,PIT,967.3166666666667,64,26.0
8474715,2019,CBJ,1548.2833333333333,80,69.0
8477994,2019,DET,50.35,4,0.0
8476981,2019,CBJ,1395.9,82,47.0
8476456,2019,FLA,1543.7666666666667,82,92.0
8479992,2019,DET,748.7166666666667,62,18.0
8474166,2019,LAK,1279.8333333333333,60,18.0
8477508,2019,CGY,4.8,1,0.0
8476952,2019,COL,13.4,2,1.0
8477931,2019,VGK,848.7666666666667,68,17.0
8470626,2019,VAN,1138.5666666666666,81,27.0
8478432,2019,UTA,933.55,71,18.0
8477503,2019,MTL,1424.8666666666666,82,72.0
8478365,2019,TBL,91.6,9,2.0
8480113,2019,LAK,1380.1333333333334,82,33.0
8479366,2019,OTT,21.033333333333335,2,0.0
8477973,2019,COL,207.9,23,5.0
8479447,2019,FLA,9.5,1,0.0
8478843,2019,FLA,645.4833333333333,50,16.0
8475744,2019,WSH,1428.2833333333333,76,72.0
8471392,2019,DAL,1476.0,77,9.0
8471242,2019,DET,932.1,43,26.0
8481186,2019,COL,34.06666666666667,5,0.0
8477846,2019,VGK,857.5166666666667,68,18.0
8478468,2019,BOS,248.51666666666668,16,1.0
8480078,2019,NYR,1033.95,75,23.0
8476409,2019,CGY,123.46666666666667,13,4.0
8475754,2019,NYI,1473.4833333333333,82,53.0
8477938,2019,CAR,250.66666666666666,20,1.0
8475186,2019,BOS,1144.9166666666667,61,13.0
8477456,2019,COL,1153.7833333333333,66,33.0
8475625,2019,NSH,496.21666666666664,44,7.0
8479364,2019,NYR,30.083333333333332,4,0.0
8475902,2019,PIT,198.45,13,1.0
8476463,2019,MIN,1679.8666666666666,82,18.0
8476468,2019,TBL,1100.1166666666666,75,47.0
8475869,2019,CHI,137.55,10,1.0
8473618,2019,WPG,1003.1333333333333,82,32.0
8476443,2019,MTL,323.3833333333333,19,3.0
8478500,2019,PHI,2055.4,82,25.0
8476923,2019,NJD,1802.4833333333333,82,39.0
8478038,2019,NYI,856.5833333333334,48,19.0
8471284,2019,EDM,395.8666666666667,24,5.0
8477429,2019,WPG,838.2666666666667,69,25.0
8478873,2019,ANA,445.3833333333333,32,13.0
8475222,2019,NJD,1087.5166666666667,50,17.0
8476884,2019,VAN,1064.95,62,12.0
8474125,2019,STL,398.28333333333336,25,8.0
8471260,2019,DAL,1210.6666666666667,77,18.0
8476312,2019,ANA,1596.1333333333334,72,16.0
8476915,2019,EDM,752.5166666666667,60,18.0
8471214,2019,WSH,1695.15,81,89.0
8474584,2019,STL,716.0166666666667,42,10.0
8474611,2019,TBL,31.95,2,0.0
8471761,2019,STL,182.18333333333334,13,2.0
8478541,2019,CBJ,417.06666666666666,44,8.0
8473546,2019,UTA,589.0,41,15.0
8476465,2019,NJD,33.5,3,1.0
8479250,2019,NJD,150.93333333333334,11,0.0
8478078,2019,SJS,121.35,13,1.0
8476462,2019,CAR,1613.5166666666667,82,39.0
8479458,2019,TOR,1659.35,81,15.0
8481481,2019,LAK,11.2,1,0.0
8473468,2019,NJD,152.41666666666666,10,0.0
8479372,2019,ANA,295.96666666666664,19,5.0
8477845,2019,CAR,1174.6833333333334,78,14.0
8471735,2019,FLA,1838.45,82,61.0
8479416,2019,DAL,59.516666666666666,4,1.0
8477417,2019,BOS,251.86666666666667,20,6.0
8479314,2019,CGY,1408.5,80,77.0
8468001,2019,FLA,2.716666666666667,1,0.0
8473422,2019,CBJ,1292.6833333333334,73,35.0
8477472,2019,CHI,706.9666666666667,38,6.0
8471676,2019,OTT,1222.95,78,42.0
8475750,2019,VGK,1019.5833333333334,57,15.0
8476924,2019,DET,275.56666666666666,30,6.0
8475193,2019,MTL,1313.4,80,58.0
8477015,2019,TOR,1129.4333333333334,82,27.0
8476428,2019,NSH,530.3333333333334,53,12.0
8474590,2019,WSH,2005.75,80,70.0
8479977,2019,EDM,222.48333333333332,17,2.0
8474068,2019,NSH,863.0666666666667,55,23.0
8479400,2019,CBJ,1451.1,82,61.0
8474034,2019,STL,1046.6,74,26.0
8480002,2019,NJD,1247.6166666666666,69,47.0
8476539,2019,VGK,1484.0,82,59.0
8470602,2019,LAK,1004.7833333333333,67,6.0
8476925,2019,NSH,1199.6166666666666,75,30.0
8477957,2019,LAK,81.41666666666667,8,1.0
8470642,2019,MTL,1362.0166666666667,58,32.0
8479333,2019,NYR,82.65,5,1.0
8477986,2019,BUF,1840.5666666666666,82,34.0
8475735,2019,CAR,437.7,41,11.0
8474102,2019,STL,974.4166666666666,57,46.0
8475263,2019,DET,86.65,11,1.0
8478268,2019,OTT,42.36666666666667,6,0.0
8478856,2019,UTA,600.1166666666667,47,18.0
8478046,2019,BOS,1075.45,77,34.0
8475768,2019,STL,1245.9333333333334,69,37.0
8475169,2019,SJS,1380.7666666666667,75,56.0
8476474,2019,NJD,522.3833333333333,41,7.0
8478462,2019,CAR,41.7,6,0.0
8476285,2019,MTL,410.48333333333335,39,10.0
8475808,2019,MTL,357.6333333333333,32,5.0
8476851,2019,UTA,1131.15,72,41.0
8479353,2019,NYR,985.5666666666667,66,22.0
8478840,2019,BUF,66.2,4,0.0
8480039,2019,CAR,70.16666666666667,7,2.0
8477452,2019,FLA,253.06666666666666,19,2.0
8478444,2019,VAN,1322.4166666666667,69,56.0
8479376,2019,MTL,1260.6333333333334,71,11.0
8478476,2019,UTA,32.15,2,0.0
8470655,2019,BOS,914.6666666666666,70,20.0
8476779,2019,MIN,619.4666666666667,42,12.0
8474520,2019,EDM,215.83333333333334,17,1.0
8478136,2019,SJS,29.8,3,1.0
8478417,2019,BOS,329.18333333333334,28,9.0
8476979,2019,CHI,1784.7,79,59.0
8475209,2019,UTA,1245.1,75,33.0
8478031,2019,WPG,10.1,1,0.0
8477932,2019,FLA,1933.0,82,37.0
8471769,2019,UTA,1615.6,82,10.0
8476617,2019,VGK,200.13333333333333,17,4.0
8476476,2019,WPG,572.4666666666667,41,7.0
8475907,2019,CAR,999.7166666666667,71,40.0
8477488,2019,CAR,1495.45,73,29.0
8476902,2019,DAL,1992.6666666666667,82,32.0
8477919,2019,NSH,495.78333333333336,55,4.0
8475613,2019,MIN,153.33333333333334,15,0.0
8478104,2019,STL,315.3,32,4.0
8473548,2019,PIT,1473.35,82,81.0
8470543,2019,CHI,507.21666666666664,56,10.0
8480800,2019,VAN,90.4,5,3.0
8480935,2019,BUF,574.2833333333333,33,6.0
8477955,2019,PIT,1133.4166666666667,78,35.0
8476410,2019,VAN,1068.1666666666667,76,25.0
8465009,2019,BOS,1305.15,62,14.0
8477504,2019,WPG,1321.9833333333333,59,30.0
8478502,2019,CHI,12.766666666666667,1,0.0
8477073,2019,LAK,102.81666666666666,11,1.0
8475233,2019,CBJ,1616.5666666666666,82,24.0
8477426,2019,OTT,169.85,20,2.0
8476331,2019,OTT,1484.5833333333333,77,22.0
8471233,2019,NJD,1537.2166666666667,80,45.0
8474573,2019,NYI,1378.25,82,55.0
8474250,2019,OTT,1144.35,70,27.0
8471686,2019,NYR,1534.3333333333333,79,13.0
8474749,2019,MIN,21.4,2,1.0
8476372,2019,MIN,870.6,71,7.0
8471677,2019,PIT,1580.4166666666667,82,13.0
8470604,2019,LAK,1375.5166666666667,76,31.0
8474218,2019,UTA,699.6,35,8.0
8474291,2019,VAN,777.9333333333333,57,12.0
8481433,2019,DET,153.05,10,7.0
8476867,2019,VAN,22.833333333333332,3,3.0
8473563,2019,WSH,1596.3666666666666,80,74.0
8474149,2019,FLA,1506.4333333333334,82,70.0
8478542,2019,BUF,1171.4333333333334,74,29.0
8478416,2019,TBL,1115.15,58,16.0
8479944,2019,PIT,587.2333333333333,43,17.0
8478519,2019,TBL,1215.6833333333334,82,38.0
8475176,2019,NSH,1967.35,82,40.0
8474668,2019,MTL,600.0,51,11.0
8471724,2019,PIT,1686.9666666666667,65,56.0
8479395,2019,DET,948.3166666666667,52,15.0
8478399,2019,WSH,367.98333333333335,26,4.0
8475246,2019,UTA,918.5833333333334,50,8.0
8474567,2019,BUF,1404.85,65,19.0
8474571,2019,OTT,996.1666666666666,71,34.0
8478415,2019,BOS,21.866666666666667,2,0.0
8478443,2019,BOS,1506.1,72,10.0
8476407,2019,ANA,417.03333333333336,26,4.0
8478472,2019,TBL,795.1333333333333,70,26.0
8479976,2019,CGY,371.6,24,3.0
8474659,2019,NSH,14.783333333333333,2,1.0
8476982,2019,BUF,11.933333333333334,1,0.0
8476469,2019,MTL,900.6,57,23.0
8479420,2019,BUF,787.7333333333333,65,12.0
8475325,2019,STL,110.43333333333334,14,2.0
8476442,2019,COL,879.2,64,20.0
8470187,2019,NYI,1392.0666666666666,74,20.0
8476856,2019,MIN,747.9333333333333,32,21.0
8477510,2019,CGY,18.35,2,0.0
8476293,2019,BUF,171.75,15,3.0
8478469,2019,OTT,1700.3166666666666,70,54.0
8476323,2019,OTT,105.0,14,1.0
8478831,2019,CBJ,44.0,4,0.0
8479315,2019,NJD,438.65,34,6.0
8473584,2019,PHI,770.5333333333333,47,9.0
8477413,2019,COL,707.6166666666667,64,17.0
8478420,2019,COL,1541.2333333333333,74,86.0
8477471,2019,DAL,50.93333333333333,5,1.0
8478027,2019,CAR,1198.05,81,28.0
8480326,2019,COL,362.95,40,5.0
8476191,2019,BOS,693.7666666666667,39,7.0
8479370,2019,COL,910.7,70,26.0
8471707,2019,CGY,941.35,63,19.0
8477425,2019,NJD,860.35,63,24.0
8477948,2019,PHI,1600.6333333333334,82,35.0
8478463,2019,NYI,1186.0666666666666,81,28.0
8478413,2019,MIN,1097.65,81,25.0
8477404,2019,PIT,1586.75,82,76.0
8480160,2019,SJS,623.1166666666667,41,9.0
8475755,2019,EDM,577.0,35,2.0
8476177,2019,MIN,140.96666666666667,12,1.0
8478569,2019,BOS,935.2166666666667,72,14.0
8473465,2019,FLA,202.3,19,7.0
8475765,2019,STL,1389.9833333333333,76,67.0
8477366,2019,CHI,162.18333333333334,15,1.0
8479398,2019,COL,1630.6,82,27.0
8475323,2019,CHI,770.9666666666667,74,11.0
8474612,2019,CGY,1438.2833333333333,69,19.0
8471887,2019,PIT,1068.2666666666667,69,36.0
8480208,2019,OTT,268.3,20,9.0
8478561,2019,CHI,190.43333333333334,24,4.0
8475171,2019,UTA,1912.6,81,44.0
8475314,2019,NYI,1399.5666666666666,82,50.0
8476885,2019,WPG,1876.4,82,50.0
8476466,2019,VAN,393.1333333333333,26,14.0
8473507,2019,MTL,1894.4333333333334,82,45.0
8476879,2019,OTT,1668.6833333333334,74,26.0
8480769,2019,DAL,219.73333333333332,18,2.0
8475260,2019,PHI,222.75,23,4.0
8471276,2019,BOS,1432.4,81,72.0
8474688,2019,MIN,1364.05,80,7.0
8477502,2019,PHI,61.85,5,0.0
8475149,2019,BOS,925.2666666666667,58,30.0
8468498,2019,WSH,830.45,53,9.0
8479482,2019,WSH,1362.5833333333333,71,25.0
8476877,2019,STL,229.13333333333333,20,2.0
8475722,2019,MIN,1378.9333333333334,81,42.0
8474685,2019,COL,1162.9,82,26.0
8477009,2019,ANA,236.11666666666667,20,1.0
8475690,2019,VAN,1109.4333333333334,55,13.0
8474569,2019,COL,883.1833333333333,65,27.0
8475188,2019,VGK,1578.4166666666667,81,16.0
8479344,2019,EDM,548.65,46,9.0
8476958,2019,CAR,1888.9666666666667,82,30.0
8476470,2019,WPG,743.2666666666667,48,12.0
8479415,2019,NJD,256.46666666666664,21,3.0
8477527,2019,NYI,134.55,17,4.0
8478407,2019,STL,1360.6,78,35.0
8479066,2019,CGY,27.933333333333334,4,0.0
8471669,2019,VGK,901.5166666666667,50,41.0
8478452,2019,EDM,334.73333333333335,17,6.0
8471768,2019,OTT,433.4,37,2.0
8479268,2019,BUF,585.55,38,6.0
8471794,2019,DET,890.15,61,17.0
8464989,2019,PIT,817.1666666666666,71,20.0
8478465,2019,VAN,88.06666666666666,8,0.0
8475164,2019,ANA,1246.4166666666667,73,43.0
8480944,2019,WPG,737.8,65,13.0
8480776,2019,LAK,61.166666666666664,7,0.0
8470760,2019,DAL,152.46666666666667,9,0.0
8475343,2019,WSH,658.4333333333333,64,22.0
8474717,2019,COL,182.7,12,1.0
8475227,2019,FLA,326.28333333333336,25,7.0
8477416,2019,CBJ,949.7666666666667,77,36.0
8478010,2019,TBL,1492.5,79,90.0
8479945,2019,DAL,345.3666666666667,19,5.0
8473933,2019,DAL,1213.5666666666666,71,9.0
8480954,2019,CHI,15.716666666666667,2,0.0
8473544,2019,COL,1048.4333333333334,70,23.0
8477953,2019,TOR,1293.9333333333334,78,44.0
8473564,2019,CGY,869.3,65,34.0
8475763,2019,WPG,1296.7666666666667,71,55.0
8471303,2019,VAN,1375.3833333333334,56,31.0
8478373,2019,STL,35.833333333333336,5,0.0
8475857,2019,EDM,528.0333333333333,36,3.0
8477979,2019,PHI,49.55,9,0.0
8477963,2019,FLA,396.9,42,12.0
8474207,2019,VGK,1114.1166666666666,61,15.0
8475796,2019,FLA,1280.1333333333334,70,11.0
8476329,2019,WSH,520.35,53,20.0
8479330,2019,NJD,9.066666666666666,1,0.0
8476882,2019,CAR,1467.75,82,76.0
8475430,2019,EDM,579.4666666666667,39,4.0
8476460,2019,WPG,1785.1833333333334,82,82.0
8477972,2019,NJD,14.9,1,0.0
8473449,2019,BUF,1074.25,78,29.0
8477969,2019,PIT,1400.5833333333333,84,25.0
8480074,2019,CBJ,25.533333333333335,2,1.0
8475324,2019,WSH,1587.6166666666666,80,19.0
8478402,2019,EDM,1783.95,78,115.0
8480157,2019,TOR,66.81666666666666,4,1.0
8478585,2019,CGY,1115.0833333333333,81,37.0
8477850,2019,MTL,705.4666666666667,46,6.0
8478029,2019,ANA,12.533333333333333,1,0.0
8474176,2019,WSH,853.7166666666667,58,19.0
8478874,2019,VAN,612.3833333333333,56,12.0
8478075,2019,BOS,235.85,20,3.0
8476887,2019,NSH,1192.4333333333334,64,50.0
8478067,2019,PHI,1113.35,81,32.0
8477998,2019,CAR,962.4333333333333,77,15.0
8477964,2019,STL,915.2666666666667,80,25.0
8479772,2019,VAN,28.733333333333334,4,1.0
8475729,2019,COL,19.816666666666666,2,0.0
8475726,2019,LAK,1406.8833333333334,82,33.0
8478488,2019,OTT,68.33333333333333,5,1.0
8477085,2019,VAN,246.61666666666667,17,1.0
8479514,2019,NSH,9.716666666666667,1,0.0
8480031,2019,ANA,145.9,10,7.0
8479343,2019,UTA,1494.2833333333333,82,47.0
8478915,2019,WPG,417.23333333333335,30,4.0
8474091,2019,VAN,453.6,26,6.0
8480161,2019,DET,115.73333333333333,6,0.0
8471699,2019,DAL,982.1833333333333,78,17.0
8470616,2019,ANA,988.7666666666667,60,8.0
8476399,2019,NJD,1323.5833333333333,78,36.0
8476822,2019,DET,1232.5666666666666,78,23.0
8477448,2019,COL,55.06666666666667,8,0.0
8474579,2019,NYI,139.21666666666667,9,1.0
8476826,2019,TBL,1266.5333333333333,80,48.0
8480829,2019,MTL,1086.5333333333333,79,34.0
8479968,2019,NYR,274.15,27,3.0
8479316,2019,MIN,771.6333333333333,49,17.0
8477496,2019,CGY,1623.45,81,78.0
8478439,2019,PHI,1249.0666666666666,82,49.0
8477680,2019,EDM,182.88333333333333,21,5.0
8468611,2019,WPG,229.51666666666668,26,3.0
8470619,2019,NSH,978.9166666666666,73,23.0
8470607,2019,CHI,1488.6666666666667,78,28.0
8477444,2019,WSH,845.8666666666667,76,25.0
8475820,2019,SJS,1073.5,80,37.0
8469501,2019,STL,1.8666666666666667,1,0.0
8478445,2019,NYI,1469.6833333333334,82,62.0
8477945,2019,DAL,397.68333333333334,29,4.0
8476479,2019,MTL,1439.7,81,52.0
8480946,2019,CHI,1160.2333333333333,82,37.0
8470318,2019,DET,894.9,52,5.0
8477989,2019,UTA,287.28333333333336,20,7.0
8477341,2019,TOR,995.15,73,41.0
8477499,2019,BUF,1920.1333333333334,78,43.0
8474025,2019,NJD,82.68333333333334,6,1.0
8475807,2019,BOS,942.3833333333333,70,11.0
8471217,2019,NYI,359.9,26,10.0
8476453,2019,TBL,1637.7333333333333,82,127.0
8480336,2019,LAK,601.8666666666667,39,10.0
8475745,2019,BOS,1352.4333333333334,81,33.0
8476454,2019,EDM,1649.1666666666667,82,67.0
8478442,2019,EDM,41.46666666666667,6,0.0
8476473,2019,CHI,1014.1833333333333,52,13.0
8478466,2019,ANA,753.1166666666667,63,23.0
8476166,2019,DAL,746.9833333333333,54,11.0
8474013,2019,COL,1399.3,71,15.0
8475231,2019,NYI,1020.6333333333333,73,34.0
8471691,2019,DAL,90.05,7,2.0
8476917,2019,NYI,1452.4833333333333,78,21.0
8476438,2019,CHI,1414.1,80,47.0
8474563,2019,LAK,2166.8333333333335,82,45.0
8474602,2019,PIT,594.5333333333333,29,15.0
8476545,2019,NJD,162.2,22,4.0
8480035,2019,CHI,720.8666666666667,38,11.0
8476422,2019,MTL,1065.1833333333334,57,12.0
8477506,2019,NYI,1830.1833333333334,82,36.0
8475766,2019,NSH,534.8833333333333,37,16.0
8476483,2019,ANA,1272.8166666666666,69,41.0
8470638,2019,BOS,1198.4333333333334,65,78.0
8478036,2019,DET,637.1,60,9.0
8473573,2019,CHI,1274.9833333333333,78,36.0
8475798,2019,NSH,1442.4333333333334,79,53.0
8475913,2019,VGK,1527.4333333333334,77,72.0
8473512,2019,PHI,1758.9166666666667,82,84.0
8473986,2019,TBL,1218.6666666666667,82,40.0
8470611,2019,MIN,789.0333333333333,72,15.0
8476853,2019,TOR,1892.5166666666667,82,70.0
8479325,2019,BOS,1197.6,54,28.0
8477474,2019,DET,762.9166666666666,50,10.0
8478949,2019,CBJ,18.516666666666666,2,0.0
8477454,2019,TBL,684.6,65,20.0
8477958,2019,VAN,943.4833333333333,63,26.0
8474884,2019,FLA,1462.65,82,69.0
8477460,2019,UTA,12.316666666666666,1,0.0
8470794,2019,SJS,1427.85,75,64.0
8474145,2019,STL,904.1833333333333,59,11.0
8476953,2019,CAR,11.483333333333333,1,0.0
8474161,2019,PHI,1454.9666666666667,78,66.0
8478099,2019,SJS,1147.3,82,56.0
8479336,2019,LAK,224.45,15,6.0
8480143,2019,STL,7.866666666666666,1,0.0
8475191,2019,VGK,1351.2666666666667,74,53.0
8479291,2019,NJD,516.7333333333333,41,10.0
8477018,2019,VAN,1541.5,69,21.0
8479675,2019,TOR,227.38333333333333,25,8.0
8475177,2019,CAR,1370.2,74,12.0
8476983,2019,LAK,436.5833333333333,33,5.0
8476461,2019,PHI,1769.4333333333334,80,76.0
8477493,2019,FLA,1830.5833333333333,82,97.0
8473533,2019,CAR,914.3833333333333,50,29.0
8478495,2019,DAL,228.31666666666666,21,3.0
8470755,2019,UTA,1051.75,66,27.0
8478485,2019,BOS,23.183333333333334,2,1.0
8474613,2019,UTA,1382.5833333333333,72,35.0
8480780,2019,SJS,385.05,36,11.0
8477939,2019,TOR,839.6166666666667,54,27.0
8476931,2019,BUF,1119.8833333333334,59,14.0
8477451,2019,PHI,1086.3833333333334,83,26.0
8477950,2019,NYR,1177.5333333333333,61,29.0
8475413,2019,DAL,139.35,11,1.0
8476356,2019,EDM,843.3666666666667,67,11.0
8476477,2019,DET,83.21666666666667,8,1.0
8475158,2019,STL,1696.55,82,75.0
8475220,2019,MIN,977.4833333333333,82,18.0
8477497,2019,CGY,1487.9666666666667,78,82.0
8478398,2019,WPG,1571.2833333333333,82,66.0
8479339,2019,WPG,1407.3,82,49.0
8478427,2019,CAR,1651.4666666666667,82,83.0
8476419,2019,OTT,695.5666666666667,39,12.0
8480801,2019,OTT,1137.45,71,44.0
8479644,2019,LAK,366.6666666666667,33,11.0
8478176,2019,DET,204.48333333333332,11,0.0
8474157,2019,VGK,1120.3333333333333,66,40.0
8478498,2019,BOS,1097.4,68,41.0
8470281,2019,CHI,1887.7666666666667,82,40.0
8474190,2019,NSH,1237.05,79,30.0
8474053,2019,SJS,1505.0333333333333,81,70.0
8474600,2019,NSH,2060.45,82,55.0
8474697,2019,OTT,825.3333333333334,53,5.0
8480806,2019,ANA,195.43333333333334,15,2.0
8480965,2019,SJS,305.56666666666666,27,8.0
8477505,2019,CBJ,1130.9166666666667,75,25.0
8471817,2019,VGK,869.6166666666667,80,19.0
8479402,2019,CAR,16.916666666666668,2,0.0
8478408,2019,TOR,1107.3833333333334,64,18.0
8477447,2019,VGK,1586.1333333333334,79,36.0
8475098,2019,STL,1172.65,72,38.0
8475793,2019,NSH,1564.1,80,64.0
8475982,2019,OTT,42.68333333333333,4,0.0
8476043,2019,ANA,253.41666666666666,21,5.0
8476878,2019,BUF,979.4666666666667,72,18.0
8470613,2019,SJS,2057.2833333333333,82,82.0
8479351,2019,ANA,329.23333333333335,22,11.0
8474597,2019,OTT,54.11666666666667,5,0.0
8476941,2019,NJD,570.7,34,11.0
8474062,2019,CBJ,846.35,78,11.0
8475718,2019,TOR,137.46666666666667,11,1.0
8478056,2019,CAR,189.13333333333333,20,3.0
8476874,2019,PIT,1115.3666666666666,60,14.0
8480762,2019,CBJ,154.4,13,0.0
8474641,2019,ANA,1348.8833333333334,82,42.0
8476440,2019,VAN,1156.75,77,22.0
8478403,2019,BUF,1567.9666666666667,77,81.0
8474610,2019,CBJ,9.016666666666667,1,1.0
8478512,2019,CGY,610.9333333333333,54,17.0
8478906,2019,CBJ,1415.7666666666667,80,20.0
8479345,2019,UTA,1071.5833333333333,53,20.0
8475772,2019,FLA,1104.1166666666666,82,19.0
8477949,2019,VGK,1235.2166666666667,74,52.0
8478870,2019,OTT,444.75,36,14.0
8475784,2019,BUF,1514.25,82,64.0
8474151,2019,TBL,1810.15,82,46.0
8475692,2019,DAL,952.8,48,39.0
8477402,2019,NYR,971.0166666666667,64,38.0
8478396,2019,CGY,1658.2,80,31.0
8479385,2019,STL,154.55,16,3.0
8479423,2019,BUF,145.96666666666667,12,4.0
8474870,2019,TBL,1277.0333333333333,80,47.0
8476913,2019,ANA,1082.5166666666667,76,28.0
8476431,2019,CBJ,42.61666666666667,4,0.0
8477936,2019,NYI,338.2,28,7.0
8475855,2019,NYR,1037.85,66,20.0
8470606,2019,LAK,1463.4,72,51.0
8475714,2019,NSH,1217.4333333333334,79,25.0
8480083,2019,BUF,117.3,11,2.0
8477355,2019,NJD,1501.1666666666667,78,31.0
8477290,2019,PHI,764.8333333333334,67,18.0
8476873,2019,CGY,1001.4,79,32.0
8476624,2019,SJS,902.2666666666667,82,16.0
8480005,2019,WPG,34.2,5,1.0
8477463,2019,NJD,649.4833333333333,39,4.0
8479206,2019,NYI,86.58333333333333,8,1.0
8475197,2019,COL,1698.65,78,58.0
8471262,2019,COL,1430.45,82,48.0
8476374,2019,BOS,980.2833333333333,71,21.0
8480748,2019,ANA,568.3166666666667,50,12.0
8476880,2019,WSH,1142.9666666666667,63,40.0
8479411,2019,OTT,13.866666666666667,1,0.0
8480901,2019,BOS,133.6,11,5.0
8471218,2019,WPG,1691.1666666666667,82,89.0
8477573,2019,WSH,24.433333333333334,3,1.0
8474586,2019,NYI,1288.45,78,37.0
8474056,2019,NSH,1426.1166666666666,63,31.0
8476370,2019,NJD,252.38333333333333,19,1.0
8477380,2019,LAK,129.0,13,3.0
8475423,2019,OTT,88.5,12,2.0
8478409,2019,NSH,7.366666666666666,1,0.0
8476459,2019,NYR,1685.35,82,73.0
8474627,2019,PHI,244.53333333333333,27,3.0
8477512,2019,TOR,586.25,70,14.0
8478440,2019,CHI,1259.4333333333334,78,56.0
8475794,2019,DAL,1700.0166666666667,82,79.0
8475841,2019,SJS,532.45,37,13.0
8477851,2019,UTA,1340.05,71,19.0
8476458,2019,NYR,1260.2833333333333,81,35.0
8478421,2019,COL,94.03333333333333,15,2.0
8479026,2019,PHI,323.5,21,2.0
8478846,2019,OTT,519.7666666666667,30,12.0
8477458,2019,VGK,277.8833333333333,28,5.0
8479371,2019,NSH,50.95,4,1.0
8475762,2019,LAK,1677.8666666666666,81,14.0
8477962,2019,NYR,570.6166666666667,63,17.0
8470598,2019,DET,902.1666666666666,64,36.0
8477473,2019,PHI,63.083333333333336,11,1.0
8479999,2019,BUF,1037.1666666666667,77,25.0
8475279,2019,WPG,1447.7166666666667,78,20.0
8474673,2019,CGY,1695.6833333333334,79,35.0
8469465,2019,NSH,914.6833333333333,57,5.0
8477952,2019,STL,401.06666666666666,32,5.0
8475799,2019,CAR,1330.8833333333334,82,54.0
8477365,2019,BOS,335.95,19,1.0
8470151,2019,STL,1609.6666666666667,78,17.0
8476967,2019,MTL,1014.2666666666667,57,16.0
8470803,2019,EDM,814.7333333333333,70,9.0
8474009,2019,NSH,1317.8166666666666,81,36.0
8476905,2019,WSH,774.7,64,11.0
8472382,2019,NJD,1702.5333333333333,82,25.0
8477461,2019,BUF,165.6,16,1.0
8477034,2019,ANA,406.55,28,4.0
8480771,2019,LAK,51.15,4,1.0
8473415,2019,VAN,725.8833333333333,41,16.0
8478055,2019,CHI,734.6166666666667,43,9.0
8479414,2019,NJD,88.93333333333334,7,3.0
8469459,2019,MIN,875.9166666666666,48,29.0
8476207,2019,OTT,697.85,64,19.0
8473994,2019,DAL,1421.5166666666667,78,53.0
8470834,2019,WPG,1016.9,42,30.0
8470610,2019,MIN,1372.5833333333333,74,61.0
8474037,2019,PHI,1096.4666666666667,66,46.0
8477220,2019,VGK,1338.0333333333333,61,31.0
8478131,2019,ANA,469.81666666666666,30,20.0
8479511,2019,CAR,76.43333333333334,7,0.0
8478454,2019,MTL,359.4166666666667,21,5.0
8477922,2019,SJS,906.8166666666667,79,16.0
8474040,2019,EDM,466.6666666666667,32,13.0
8471717,2019,CBJ,790.0333333333333,50,7.0
8475795,2019,DET,106.31666666666666,7,0.0
8476195,2019,TBL,8.583333333333334,1,0.0
8481426,2019,DET,109.35,10,0.0
8475461,2019,COL,85.43333333333334,11,2.0
8475786,2019,TOR,1221.9833333333333,71,41.0
8471226,2019,NJD,698.6833333333333,57,12.0
8473453,2019,LAK,617.1,44,12.0
8480073,2019,OTT,35.11666666666667,2,0.0
8474000,2019,BOS,510.8833333333333,35,6.0
8470612,2019,ANA,1299.7666666666667,67,48.0
8472410,2019,NYI,43.93333333333333,5,0.0
8474565,2019,STL,1702.9166666666667,71,41.0
8474568,2019,VAN,360.93333333333334,26,2.0
8473419,2019,BOS,1549.4166666666667,79,100.0
8479465,2019,CHI,793.25,55,23.0
8469521,2019,MTL,32.63333333333333,3,1.0
8468674,2019,VGK,1471.1666666666667,74,12.0
8475206,2019,OTT,26.95,3,1.0
8475736,2019,NYR,125.68333333333334,14,3.0
8481425,2019,VAN,13.666666666666666,1,0.0
8474873,2019,DET,54.63333333333333,4,1.0
8480012,2019,VAN,1296.35,71,66.0
8478841,2019,NJD,42.85,3,0.0
8477478,2019,VGK,536.4666666666667,54,9.0
8478506,2019,CBJ,9.35,1,0.0
8476429,2019,NYI,1476.0666666666666,79,20.0
8476934,2019,CAR,1174.2,82,25.0
8471274,2019,UTA,1581.5666666666666,76,27.0
8469506,2019,BUF,910.9166666666666,73,31.0
8471436,2019,BUF,219.85,14,2.0
8466138,2019,SJS,1136.2333333333333,73,51.0
8471339,2019,TBL,577.8166666666667,52,17.0
8476921,2019,CAR,1187.55,82,25.0
8475906,2019,DAL,1569.3,64,45.0
8475225,2019,NSH,1148.85,76,38.0
8479337,2019,CHI,1450.1666666666667,82,75.0
8475268,2019,COL,534.9666666666667,55,8.0
8474089,2019,EDM,143.21666666666667,16,0.0
8474162,2019,TOR,1706.0333333333333,80,38.0
8477455,2019,DET,686.4333333333333,60,9.0
8480009,2019,NSH,53.083333333333336,4,2.0
8478211,2019,FLA,343.56666666666666,31,10.0
8477959,2019,NYI,145.23333333333332,10,2.0
8476292,2019,TBL,953.4333333333333,64,34.0
8477435,2019,COL,288.5833333333333,26,5.0
8476960,2019,DET,1289.1333333333334,76,54.0
8480145,2019,NYR,1545.0333333333333,73,26.0
8477865,2019,DET,86.03333333333333,5,0.0
8478891,2019,WPG,295.3666666666667,36,9.0
8476457,2019,EDM,1774.3,82,21.0
8476449,2019,CBJ,952.3333333333334,73,17.0
8476854,2019,ANA,1819.7166666666667,76,28.0
8474589,2019,TOR,507.6166666666667,51,18.0
8476922,2019,NYR,415.1166666666667,43,10.0
8474564,2019,TBL,1499.5666666666666,82,98.0
8475179,2019,WPG,893.0166666666667,57,6.0
8469454,2019,LAK,1037.05,64,34.0
8475842,2019,ANA,61.31666666666667,6,1.0
8477407,2019,OTT,940.2666666666667,74,33.0
8477346,2019,FLA,1085.3666666666666,64,15.0
8476906,2019,PHI,1536.0666666666666,78,38.0
8471743,2019,BUF,977.95,69,13.0
8477479,2019,DET,1205.35,73,47.0
8471273,2019,CBJ,752.2,61,14.0
8475169,2020,SJS,1248.3833333333334,64,46.0
8480950,2020,UTA,722.5166666666667,51,4.0
8470144,2020,DET,820.15,60,8.0
8476981,2020,CBJ,418.4,26,4.0
8479318,2020,TOR,1464.8333333333333,70,80.0
8478506,2020,CBJ,65.26666666666667,6,0.0
8477126,2020,COL,53.7,8,0.0
8478407,2020,STL,1144.1,71,23.0
8478498,2020,BOS,1040.5833333333333,65,35.0
8470187,2020,NYI,1103.5833333333333,64,12.0
8478469,2020,OTT,1844.2166666666667,71,39.0
8478851,2020,NSH,32.25,3,0.0
8479379,2020,DET,202.51666666666668,21,3.0
8479371,2020,NSH,1217.3833333333334,64,12.0
8475848,2020,MTL,997.3166666666667,59,44.0
8475168,2020,NSH,1113.5166666666667,66,42.0
8478870,2020,OTT,183.75,15,3.0
8476460,2020,WPG,1547.4,71,72.0
8477417,2020,BOS,33.733333333333334,3,1.0
8478839,2020,FLA,110.2,9,4.0
8473533,2020,CAR,1188.4333333333334,68,27.0
8478434,2020,VGK,12.1,1,0.0
8476278,2020,NSH,295.76666666666665,27,10.0
8474564,2020,TBL,1040.3833333333334,57,62.0
8475748,2020,BUF,1.4333333333333333,1,0.0
8475958,2020,WSH,16.216666666666665,2,0.0
8475841,2020,SJS,493.68333333333334,38,5.0
8478873,2020,ANA,692.1333333333333,48,15.0
8476892,2020,STL,1449.6166666666666,64,27.0
8473473,2020,CGY,904.6166666666667,68,21.0
8478074,2020,PIT,45.75,8,1.0
8471228,2020,DAL,1002.4333333333333,60,33.0
8478866,2020,PIT,920.4833333333333,64,22.0
8476967,2020,MTL,958.75,56,6.0
8477404,2020,PIT,803.1833333333333,39,45.0
8474578,2020,SJS,1373.7666666666667,56,41.0
8470755,2020,UTA,804.55,59,11.0
8470613,2020,SJS,1775.0,70,45.0
8477901,2020,NSH,113.7,11,1.0
8478508,2020,NSH,204.73333333333332,21,6.0
8470110,2020,DET,672.6666666666666,43,7.0
8475906,2020,DAL,1284.8833333333334,58,32.0
8480036,2020,DAL,1612.9166666666667,68,36.0
8475747,2020,DET,1409.3166666666666,64,9.0
8478424,2020,WPG,307.51666666666665,29,6.0
8476792,2020,BOS,1250.8833333333334,61,47.0
8477384,2020,FLA,738.3,55,8.0
8479994,2020,LAK,41.03333333333333,4,0.0
8476891,2020,BOS,1226.6833333333334,68,21.0
8476807,2020,NJD,243.15,20,3.0
8480145,2020,WPG,1658.1666666666667,71,45.0
8478427,2020,CAR,1317.5,68,64.0
8476921,2020,CAR,506.4,45,14.0
8476372,2020,CHI,143.13333333333333,12,1.0
8478841,2020,NJD,83.91666666666667,6,0.0
8473415,2020,DET,804.3,49,2.0
8478449,2020,DAL,883.9833333333333,60,34.0
8481105,2020,MTL,51.46666666666667,5,0.0
8470257,2020,STL,756.65,55,16.0
8479315,2020,NJD,238.15,18,7.0
8476870,2020,CBJ,111.35,9,3.0
8480011,2020,STL,34.15,4,1.0
8470607,2020,CHI,581.1166666666667,32,4.0
8476624,2020,TBL,1113.2666666666667,70,26.0
8479465,2020,CHI,472.4,40,15.0
8480727,2020,VGK,227.06666666666666,16,1.0
8477380,2020,SJS,22.2,3,1.0
8478040,2020,STL,5.9,1,0.0
8476406,2020,WPG,577.5,63,6.0
8481554,2020,NYR,941.2333333333333,66,22.0
8475765,2020,STL,161.75,10,10.0
8479368,2020,ANA,830.2666666666667,59,12.0
8476473,2020,CHI,1232.1333333333334,58,19.0
8476329,2020,WSH,282.8833333333333,24,10.0
8477402,2020,NYR,1149.1666666666667,68,46.0
8476878,2020,BUF,952.4166666666666,69,19.0
8477989,2020,UTA,1166.05,70,38.0
8480769,2020,DAL,22.033333333333335,3,1.0
8478439,2020,PHI,1102.3,66,60.0
8476442,2020,COL,944.3166666666667,70,21.0
8480027,2020,DAL,36.96666666666667,3,1.0
8480384,2020,SJS,120.03333333333333,12,4.0
8479985,2020,MTL,588.3166666666667,41,1.0
8476428,2020,NSH,834.0833333333334,66,31.0
8473563,2020,WSH,1157.2333333333333,61,55.0
8474149,2020,FLA,1165.1333333333334,68,45.0
8471303,2020,VAN,1322.4166666666667,59,33.0
8474722,2020,TBL,106.03333333333333,12,3.0
8477488,2020,CAR,1333.1,61,18.0
8476456,2020,FLA,1278.35,68,75.0
8477498,2020,EDM,1662.3833333333334,71,33.0
8474161,2020,PHI,1168.1333333333334,69,54.0
8478366,2020,FLA,1018.3166666666667,68,34.0
8478146,2020,CHI,353.26666666666665,36,6.0
8468674,2020,VGK,860.8166666666667,49,6.0
8478838,2020,MTL,55.4,7,1.0
8476907,2020,STL,447.46666666666664,51,10.0
8479381,2020,DAL,119.58333333333333,12,2.0
8476389,2020,CAR,1020.8666666666667,61,38.0
8475343,2020,WSH,607.6166666666667,56,15.0
8479510,2020,TOR,10.133333333333333,1,1.0
8479580,2020,SJS,597.7,50,12.0
8478882,2020,CBJ,1307.9333333333334,69,19.0
8476894,2020,WSH,559.2,61,11.0
8474098,2020,FLA,897.05,68,16.0
8474697,2020,OTT,948.9333333333333,53,17.0
8478400,2020,OTT,954.1333333333333,61,23.0
8477341,2020,TOR,677.4,43,22.0
8478493,2020,MIN,973.1666666666666,62,30.0
8480314,2020,OTT,33.666666666666664,4,0.0
8473512,2020,PHI,1301.5166666666667,69,52.0
8475807,2020,BOS,579.7166666666667,48,7.0
8477444,2020,COL,877.9166666666666,58,45.0
8478043,2020,PIT,480.45,50,13.0
8475799,2020,CAR,992.1166666666667,67,29.0
8475314,2020,NYI,1242.8333333333333,68,42.0
8478466,2020,ANA,112.61666666666666,8,2.0
8475158,2020,STL,1443.1333333333334,71,60.0
8476469,2020,MTL,999.85,58,30.0
8477046,2020,LAK,668.4166666666666,35,5.0
8478399,2020,WSH,1007.9666666666667,64,9.0
8477496,2020,CGY,1377.5166666666667,70,53.0
8479320,2020,OTT,46.9,6,0.0
8476924,2020,LAK,235.25,17,8.0
8479356,2020,NYI,84.98333333333333,8,3.0
8474568,2020,TBL,307.35,25,3.0
8481481,2020,LAK,907.2833333333333,65,22.0
8474590,2020,WSH,1690.5,69,74.0
8480748,2020,ANA,122.13333333333334,9,1.0
8478401,2020,NJD,1055.5833333333333,65,32.0
8478013,2020,STL,11.066666666666666,1,0.0
8476392,2020,WPG,733.1166666666667,49,9.0
8480144,2020,CHI,956.2166666666667,70,16.0
8477932,2020,FLA,1515.35,66,40.0
8478056,2020,CAR,38.56666666666667,5,1.0
8478472,2020,TBL,426.5,37,7.0
8481650,2020,CBJ,366.25,37,5.0
8478462,2020,VGK,320.3833333333333,28,10.0
8480944,2020,BOS,448.0833333333333,40,6.0
8477972,2020,NJD,33.18333333333333,2,0.0
8476461,2020,PHI,1360.25,69,59.0
8475868,2020,WPG,771.6,51,7.0
8475235,2020,ANA,569.3833333333333,59,13.0
8475287,2020,FLA,759.85,48,24.0
8474613,2020,UTA,1234.1166666666666,70,28.0
8476539,2020,VGK,1141.5166666666667,66,47.0
8478519,2020,TBL,1241.65,68,43.0
8479345,2020,UTA,1415.1,63,26.0
8477450,2020,DAL,971.3333333333334,65,21.0
8474683,2020,ANA,782.7,57,25.0
8479376,2020,MTL,815.65,51,11.0
8477949,2020,VGK,613.3666666666667,42,17.0
8476953,2020,SJS,17.366666666666667,3,0.0
8478460,2020,CBJ,1508.5333333333333,63,41.0
8477493,2020,FLA,1302.2333333333333,65,63.0
8475763,2020,PHI,1217.9333333333334,69,41.0
8474189,2020,WSH,1174.45,69,39.0
8476391,2020,COL,135.58333333333334,16,2.0
8479523,2020,CHI,84.83333333333333,6,1.0
8476923,2020,NJD,1582.8833333333334,69,31.0
8479358,2020,PHI,159.9,15,1.0
8474597,2020,DET,393.45,26,2.0
8475188,2020,VGK,1422.1,71,9.0
8477507,2020,COL,1134.6333333333334,64,13.0
8476356,2020,CGY,610.15,55,10.0
8479372,2020,ANA,223.75,13,4.0
8471707,2020,EDM,887.4,55,31.0
8471426,2020,STL,122.9,13,1.0
8479482,2020,WSH,1080.25,58,17.0
8475225,2020,NSH,925.6166666666667,69,31.0
8480797,2020,PHI,729.1,52,21.0
8476525,2020,BUF,872.8333333333334,51,11.0
8478027,2020,FLA,853.9666666666667,67,25.0
8478444,2020,VAN,1046.8833333333334,57,45.0
8480205,2020,CBJ,687.35,56,20.0
8478477,2020,TBL,401.71666666666664,38,5.0
8475768,2020,STL,1282.0333333333333,71,57.0
8476958,2020,CAR,1586.1333333333334,68,35.0
8473618,2020,WPG,642.1666666666666,49,16.0
8479388,2020,FLA,649.9333333333333,34,5.0
8477038,2020,NJD,971.2833333333333,66,44.0
8470595,2020,MIN,1129.9166666666667,66,47.0
8477476,2020,MTL,1079.8666666666666,70,27.0
8479328,2020,NYR,140.76666666666668,17,3.0
8479983,2020,SJS,967.4,61,11.0
8479587,2020,DAL,81.08333333333333,8,0.0
8473463,2020,NYI,603.85,48,14.0
8478915,2020,WPG,275.3,17,5.0
8479370,2020,COL,854.7166666666667,67,23.0
8469454,2020,WSH,780.6166666666667,46,25.0
8476987,2020,VGK,62.4,4,0.0
8474053,2020,SJS,959.4833333333333,52,39.0
8468508,2020,CAR,272.95,20,11.0
8479511,2020,NJD,12.066666666666666,1,0.0
8480023,2020,STL,950.45,66,42.0
8473419,2020,BOS,1360.7833333333333,70,88.0
8476419,2020,NYI,1282.05,67,42.0
8479571,2020,SJS,38.31666666666667,3,0.0
8477974,2020,CBJ,93.51666666666667,10,1.0
8477969,2020,PIT,1336.3,69,22.0
8480160,2020,SJS,821.9,48,9.0
8478233,2020,CGY,931.6833333333333,68,32.0
8474586,2020,NYI,1033.2833333333333,58,40.0
8477939,2020,TOR,1234.2,68,59.0
8478106,2020,CHI,89.08333333333333,9,3.0
8475177,2020,CHI,575.9833333333333,29,6.0
8475170,2020,STL,1300.9833333333333,71,59.0
8480073,2020,OTT,459.45,31,4.0
8476288,2020,CAR,904.5833333333334,64,28.0
8473994,2020,DAL,1137.85,69,38.0
8477987,2020,MIN,659.3666666666667,62,23.0
8481477,2020,MIN,71.36666666666666,6,2.0
8476459,2020,NYR,1230.4166666666667,57,74.0
8477903,2020,WSH,712.7166666666667,66,17.0
8479442,2020,VAN,1046.45,69,18.0
8475197,2020,TOR,1527.8333333333333,70,39.0
8474600,2020,NSH,1772.0666666666666,69,66.0
8479987,2020,CAR,23.566666666666666,2,4.0
8475172,2020,COL,886.3,51,36.0
8478176,2020,DET,108.56666666666666,6,2.0
8466139,2020,PIT,1025.7333333333333,66,22.0
8476463,2020,MIN,1483.9666666666667,69,28.0
8477482,2020,STL,782.9833333333333,58,29.0
8477962,2020,NYR,758.9333333333333,59,18.0
8474125,2020,STL,578.6666666666666,37,6.0
8476292,2020,TBL,1108.1166666666666,69,42.0
8470621,2020,DAL,780.4833333333333,57,22.0
8475728,2020,BUF,924.3833333333333,62,19.0
8479324,2020,NYR,992.7666666666667,60,13.0
8474604,2020,UTA,300.81666666666666,24,1.0
8475772,2020,EDM,838.7833333333333,66,16.0
8476948,2020,MTL,173.11666666666667,15,2.0
8473564,2020,BUF,712.4833333333333,57,14.0
8481813,2020,EDM,558.65,58,10.0
8475855,2020,NYR,1145.9166666666667,69,30.0
8480940,2020,EDM,198.55,13,2.0
8477213,2020,LAK,603.1333333333333,53,6.0
8471699,2020,DAL,847.3833333333333,68,14.0
8477541,2020,NJD,192.16666666666666,10,4.0
8479336,2020,LAK,165.93333333333334,13,4.0
8474230,2020,NYR,122.21666666666667,22,1.0
8476919,2020,OTT,1217.6666666666667,71,37.0
8478425,2020,ANA,512.15,30,8.0
8480853,2020,CBJ,28.433333333333334,2,1.0
8480839,2020,BUF,1137.3,59,39.0
8471716,2020,DET,563.7666666666667,49,3.0
8475795,2020,DET,237.13333333333333,16,0.0
8473914,2020,WPG,74.18333333333334,7,0.0
8481642,2020,WPG,14.9,2,0.0
8478868,2020,OTT,135.56666666666666,13,3.0
8476872,2020,PHI,712.15,49,27.0
8470642,2020,MTL,1560.0833333333333,65,36.0
8477937,2020,VAN,892.4666666666667,69,35.0
8478483,2020,TOR,1267.7,59,67.0
8478857,2020,DET,374.81666666666666,44,9.0
8473548,2020,UTA,1201.1,70,38.0
8478906,2020,CBJ,588.7666666666667,37,9.0
8469465,2020,NSH,872.9666666666667,60,8.0
8477952,2020,DET,985.05,61,32.0
8475176,2020,NSH,1149.9,49,37.0
8475798,2020,NSH,1119.35,63,28.0
8478443,2020,BOS,1370.2833333333333,67,18.0
8474090,2020,NYR,687.2,62,8.0
8476881,2020,SJS,882.5833333333334,48,36.0
8477492,2020,COL,1456.5666666666666,69,93.0
8474038,2020,MTL,415.98333333333335,29,10.0
8476857,2020,TOR,43.13333333333333,5,0.0
8474774,2020,SJS,25.616666666666667,2,0.0
8480147,2020,VAN,566.0,36,5.0
8477320,2020,BOS,80.5,7,0.0
8474688,2020,MIN,309.4166666666667,20,3.0
8477429,2020,WPG,1114.8666666666666,63,26.0
8476472,2020,EDM,1564.8666666666666,62,33.0
8478414,2020,SJS,1211.1333333333334,70,49.0
8477210,2020,CGY,60.28333333333333,5,1.0
8475231,2020,NYI,684.9,48,15.0
8475222,2020,NJD,1021.55,47,23.0
8480801,2020,OTT,1338.6166666666666,71,43.0
8471260,2020,DAL,821.1,55,17.0
8471873,2020,FLA,1430.1333333333334,68,19.0
8474565,2020,STL,1677.1166666666666,70,49.0
8474162,2020,TOR,1143.85,53,23.0
8475246,2020,COL,62.0,4,0.0
8477240,2020,ANA,899.35,71,18.0
8474668,2020,MTL,213.05,23,5.0
8479644,2020,LAK,186.7,18,5.0
8477508,2020,BUF,449.1166666666667,38,10.0
8470655,2020,ANA,193.26666666666668,21,6.0
8478075,2020,BOS,748.9,58,19.0
8476975,2020,TBL,783.8666666666667,61,18.0
8470638,2020,BOS,1144.2166666666667,61,56.0
8474250,2020,CHI,589.4666666666667,50,11.0
8479424,2020,PHI,27.216666666666665,4,0.0
8478409,2020,NSH,4.166666666666667,1,0.0
8475208,2020,PIT,589.55,28,8.0
8476441,2020,CAR,1253.9833333333333,68,20.0
8474027,2020,PHI,1066.5666666666666,62,19.0
8470601,2020,TBL,549.4166666666666,40,4.0
8471262,2020,UTA,1112.45,70,35.0
8474602,2020,PIT,912.2833333333333,46,12.0
8474573,2020,NYI,1149.4833333333333,68,41.0
8475254,2020,MIN,34.516666666666666,3,0.0
8479407,2020,NJD,839.8166666666667,60,32.0
8473449,2020,BUF,668.7166666666667,52,19.0
8477409,2020,TBL,480.18333333333334,52,11.0
8477215,2020,DET,176.48333333333332,8,4.0
8477416,2020,CBJ,874.2666666666667,49,37.0
8472382,2020,NYI,1231.4666666666667,63,14.0
8478436,2020,PHI,58.666666666666664,6,1.0
8480157,2020,TOR,162.91666666666666,12,3.0
8477474,2020,DET,949.65,53,17.0
8471677,2020,PIT,1302.7666666666667,67,11.0
8479671,2020,NSH,60.36666666666667,8,1.0
8477953,2020,TOR,1089.7666666666667,69,36.0
8477810,2020,DAL,90.85,8,2.0
8478476,2020,UTA,132.86666666666667,9,1.0
8476409,2020,CGY,87.28333333333333,9,1.0
8474062,2020,CBJ,757.55,64,14.0
8478468,2020,BOS,292.4,19,2.0
8476879,2020,TOR,1148.95,56,7.0
8476873,2020,CGY,619.9333333333333,56,7.0
8479734,2020,MIN,69.95,5,0.0
8479933,2020,MIN,150.13333333333333,13,2.0
8478403,2020,BUF,1502.4833333333333,68,79.0
8475842,2020,ANA,123.88333333333334,9,2.0
8471214,2020,WSH,1400.8,68,67.0
8478397,2020,CGY,1396.0833333333333,70,22.0
8478488,2020,OTT,271.4,31,6.0
8476854,2020,ANA,1272.5333333333333,56,23.0
8479325,2020,BOS,1552.2166666666667,67,32.0
8473412,2020,WPG,113.05,7,5.0
8477369,2020,MIN,859.5833333333334,55,15.0
8471709,2020,SJS,1420.0333333333333,70,15.0
8475869,2020,SJS,149.7,12,0.0
8480762,2020,CBJ,548.3166666666667,50,12.0
8471676,2020,OTT,325.15,24,8.0
8479999,2020,BUF,394.15,31,9.0
8476437,2020,MIN,450.6666666666667,43,13.0
8477930,2020,COL,923.7666666666667,69,23.0
8480336,2020,LAK,1316.7333333333333,70,24.0
8477010,2020,PIT,171.35,21,5.0
8474176,2020,WSH,830.9833333333333,58,25.0
8478367,2020,NYI,88.65,10,2.0
8474150,2020,CGY,1252.1666666666667,70,43.0
8477931,2020,VGK,774.2166666666667,67,15.0
8475151,2020,NJD,1111.6,65,44.0
8477998,2020,CAR,931.1666666666666,68,30.0
8480078,2020,NYR,888.8166666666667,60,23.0
8480072,2020,NYR,161.8,17,1.0
8477964,2020,STL,913.6,69,26.0
8478495,2020,DAL,831.4666666666667,64,29.0
8475750,2020,VGK,890.15,49,7.0
8480935,2020,BUF,210.58333333333334,13,0.0
8475791,2020,UTA,1246.65,65,52.0
8480069,2020,COL,1195.4333333333334,57,50.0
8478036,2020,DET,560.4666666666667,54,4.0
8478447,2020,NJD,44.266666666666666,4,2.0
8471675,2020,PIT,829.9666666666667,41,46.0
8475149,2020,BUF,1029.6,60,29.0
8477942,2020,MIN,985.6833333333333,64,52.0
8474141,2020,CHI,1490.75,70,85.0
8480064,2020,OTT,53.75,3,0.0
8477851,2020,UTA,986.45,58,13.0
8479395,2020,DET,691.9833333333333,36,8.0
8473422,2020,CBJ,1247.1,67,31.0
8478420,2020,COL,793.1833333333333,42,42.0
8476368,2020,NJD,72.43333333333334,5,2.0
8477938,2020,CAR,614.15,45,14.0
8476346,2020,CGY,1310.0333333333333,70,58.0
8477950,2020,NYR,1310.05,68,53.0
8473573,2020,OTT,679.05,49,20.0
8471702,2020,PHI,1480.6833333333334,68,32.0
8475690,2020,VAN,1332.55,69,21.0
8476885,2020,NYR,1578.3666666666666,70,27.0
8476331,2020,WPG,1189.05,59,11.0
8476979,2020,CGY,1345.0,66,29.0
8480247,2020,OTT,33.13333333333333,6,1.0
8471284,2020,DAL,1026.5333333333333,57,7.0
8479944,2020,PIT,820.6333333333333,57,13.0
8474567,2020,TBL,449.6166666666667,27,7.0
8475722,2020,PIT,979.85,60,41.0
8475268,2020,WPG,445.9,52,5.0
8477500,2020,VAN,1342.9666666666667,69,53.0
8477940,2020,WPG,1174.25,71,58.0
8477943,2020,DET,427.98333333333335,40,4.0
8479366,2020,OTT,268.3333333333333,23,8.0
8470151,2020,STL,1214.25,57,9.0
8476974,2020,PIT,11.966666666666667,2,0.0
8477021,2020,TOR,959.4333333333333,65,28.0
8477464,2020,TOR,177.9,16,3.0
8476440,2020,EDM,364.3833333333333,34,4.0
8479998,2020,LAK,108.2,6,1.0
8475692,2020,MIN,1037.0333333333333,65,37.0
8478021,2020,EDM,93.78333333333333,8,0.0
8480039,2020,CAR,906.4166666666666,64,36.0
8477073,2020,LAK,615.6166666666667,45,7.0
8478491,2020,ANA,953.5666666666667,60,11.0
8478432,2020,UTA,617.35,56,9.0
8478502,2020,CHI,329.68333333333334,21,3.0
8480780,2020,SJS,131.41666666666666,14,0.0
8478058,2020,WPG,6.433333333333334,1,0.0
8477948,2020,PHI,1383.9,69,25.0
8466138,2020,SJS,1084.7166666666667,70,31.0
8473604,2020,CHI,1382.2166666666667,70,60.0
8477960,2020,LAK,1104.05,69,31.0
8475236,2020,WPG,714.05,49,15.0
8471685,2020,LAK,1471.2666666666667,70,62.0
8476875,2020,FLA,1039.8,58,20.0
8478408,2020,TOR,967.7666666666667,56,11.0
8470612,2020,ANA,1274.7333333333333,69,41.0
8476927,2020,PIT,1090.3666666666666,69,21.0
8478911,2020,LAK,1266.6166666666666,70,18.0
8470794,2020,DAL,1135.2666666666667,67,31.0
8474716,2020,MIN,1398.55,62,32.0
8474009,2020,NSH,1106.8666666666666,67,35.0
8477149,2020,OTT,245.5,35,6.0
8475184,2020,NYR,1082.7333333333333,63,44.0
8475913,2020,VGK,1260.8166666666666,65,63.0
8481630,2020,CGY,49.016666666666666,4,0.0
8476897,2020,STL,806.7833333333333,56,23.0
8476474,2020,SJS,461.78333333333336,40,9.0
8477435,2020,COL,1304.3333333333333,69,26.0
8475224,2020,OTT,14.766666666666667,3,0.0
8475902,2020,PIT,117.65,8,0.0
8479425,2020,DET,1551.45,65,31.0
8478888,2020,BOS,9.883333333333333,1,0.0
8476869,2020,CAR,1386.6333333333334,67,23.0
8476447,2020,NSH,60.733333333333334,5,1.0
8480021,2020,BOS,24.25,2,1.0
8475762,2020,CGY,356.25,20,1.0
8477933,2020,BUF,1424.3,69,49.0
8478042,2020,NSH,924.1833333333333,57,28.0
8481559,2020,NJD,967.5,61,21.0
8475797,2020,NSH,465.6,28,5.0
8478402,2020,EDM,1397.6833333333334,64,97.0
8477499,2020,BUF,1570.9,69,33.0
8476867,2020,BOS,9.166666666666666,1,1.0
8474873,2020,DET,130.0,9,1.0
8476439,2020,BOS,279.1,27,6.0
8470966,2020,CGY,1429.5166666666667,60,30.0
8474574,2020,VAN,1443.5333333333333,68,21.0
8475716,2020,TOR,394.98333333333335,26,4.0
8477401,2020,NJD,416.26666666666665,43,4.0
8478396,2020,CGY,1484.5,70,22.0
8475738,2020,MTL,667.1166666666667,49,15.0
8478567,2020,CBJ,527.95,33,5.0
8470281,2020,CHI,1483.7,61,27.0
8476432,2020,CBJ,1263.6166666666666,70,24.0
8477951,2020,UTA,1085.1666666666667,70,45.0
8480113,2020,LAK,1323.8833333333334,70,42.0
8477003,2020,MTL,74.31666666666666,9,0.0
8476483,2020,ANA,1160.3,65,42.0
8479365,2020,BOS,12.85,2,0.0
8476880,2020,WSH,1239.5166666666667,68,44.0
8476887,2020,NSH,1090.7166666666667,63,48.0
8476396,2020,NYR,41.233333333333334,7,0.0
8477983,2020,SJS,27.233333333333334,3,1.0
8474034,2020,TBL,784.1833333333333,64,22.0
8475209,2020,WSH,668.7,59,21.0
8476889,2020,DAL,1047.5166666666667,66,20.0
8480074,2020,CBJ,457.43333333333334,36,13.0
8475233,2020,CBJ,1403.4333333333334,68,11.0
8476871,2020,VAN,1127.7666666666667,69,42.0
8476454,2020,EDM,1327.4333333333334,65,61.0
8474641,2020,ANA,1188.05,71,42.0
8476918,2020,BUF,882.45,64,20.0
8476853,2020,TOR,1132.5333333333333,47,27.0
8477479,2020,DET,1370.3666666666666,71,48.0
8477447,2020,VGK,1578.4333333333334,71,46.0
8474218,2020,UTA,1023.25,50,11.0
8476422,2020,OTT,791.3166666666667,44,17.0
8479343,2020,UTA,1141.15,70,44.0
8479466,2020,EDM,509.56666666666666,45,5.0
8477956,2020,BOS,1326.5666666666666,70,95.0
8470626,2020,VAN,593.4666666666667,49,14.0
8477509,2020,NJD,881.9,50,7.0
8481523,2020,CHI,913.45,64,24.0
8474091,2020,VAN,653.2,44,17.0
8475714,2020,NSH,1019.2833333333333,64,33.0
8471669,2020,VGK,1216.6166666666666,71,38.0
8480172,2020,TBL,506.7,33,7.0
8477963,2020,OTT,287.98333333333335,26,10.0
8476905,2020,VGK,931.2166666666667,65,26.0
8477495,2020,CBJ,1414.0833333333333,56,30.0
8475455,2020,WSH,1340.5166666666667,69,14.0
8474870,2020,TBL,937.0,65,31.0
8475808,2020,UTA,20.016666666666666,2,0.0
8474190,2020,BUF,1009.9166666666666,68,25.0
8480028,2020,PHI,272.98333333333335,20,7.0
8478455,2020,LAK,763.8833333333333,65,11.0
8471274,2020,UTA,1614.8833333333334,70,31.0
8475794,2020,DAL,1324.6666666666667,69,49.0
8478542,2020,PIT,505.6,45,10.0
8477365,2020,BOS,445.7,31,2.0
8476458,2020,NYR,1370.6333333333334,70,59.0
8475204,2020,VGK,201.75,16,2.0
8480849,2020,UTA,223.45,20,4.0
8478430,2020,CGY,656.7,48,7.0
8471217,2020,NYI,48.6,4,1.0
8474584,2020,ANA,911.4833333333333,49,15.0
8480901,2020,BOS,313.28333333333336,25,6.0
8479323,2020,NYR,1323.1333333333334,70,41.0
8480873,2020,TOR,400.31666666666666,28,8.0
8473546,2020,UTA,568.5833333333334,46,11.0
8474679,2020,CBJ,1255.85,70,42.0
8476470,2020,WPG,645.1666666666666,38,8.0
8476043,2020,NJD,24.383333333333333,3,1.0
8477458,2020,VGK,183.16666666666666,15,4.0
8478416,2020,TBL,1257.65,67,11.0
8473504,2020,NYI,495.31666666666666,37,6.0
8474736,2020,CGY,156.18333333333334,19,5.0
8474031,2020,TBL,1309.9,70,33.0
8474628,2020,CGY,538.0833333333334,33,7.0
8478859,2020,STL,71.81666666666666,5,1.0
8480043,2020,TOR,113.15,11,1.0
8479458,2020,OTT,1279.7166666666667,58,12.0
8476429,2020,NYI,1339.95,67,14.0
8475462,2020,WSH,1054.9666666666667,63,15.0
8476344,2020,VAN,48.083333333333336,8,2.0
8475786,2020,TOR,970.2333333333333,51,36.0
8480068,2020,MTL,279.21666666666664,27,2.0
8475200,2020,WSH,1530.3166666666666,69,28.0
8478431,2020,DET,33.3,4,0.0
8479339,2020,WPG,1318.3333333333333,68,62.0
8478485,2020,BOS,33.71666666666667,4,0.0
8476925,2020,NSH,814.8166666666667,57,15.0
8473485,2020,PHI,125.06666666666666,16,1.0
8476374,2020,BOS,914.3666666666667,69,22.0
8479291,2020,NJD,572.3,49,8.0
8479748,2020,VGK,29.133333333333333,3,1.0
8479980,2020,VGK,612.0666666666667,38,11.0
8474579,2020,WPG,787.2,44,10.0
8478440,2020,CHI,922.7333333333333,58,38.0
8479675,2020,LAK,541.6,42,10.0
8476404,2020,PHI,119.48333333333333,14,1.0
8477425,2020,NJD,898.5333333333333,68,24.0
8481812,2020,SJS,32.45,3,0.0
8480946,2020,BUF,743.4833333333333,56,31.0
8480821,2020,DET,422.46666666666664,28,15.0
8478133,2020,MTL,135.36666666666667,13,3.0
8477353,2020,VAN,441.0833333333333,34,8.0
8476994,2020,UTA,889.8833333333333,68,22.0
8477463,2020,NSH,19.1,2,0.0
8477839,2020,PIT,824.0833333333334,63,23.0
8478585,2020,CGY,988.6833333333333,68,29.0
8478500,2020,PHI,1705.3833333333334,69,37.0
8481600,2020,LAK,38.916666666666664,3,0.0
8479996,2020,VGK,520.6333333333333,39,12.0
8477455,2020,STL,534.95,50,9.0
8478211,2020,FLA,220.35,21,4.0
8478046,2020,ANA,951.05,66,26.0
8478474,2020,UTA,897.1,66,24.0
8475764,2020,ANA,1308.1,60,29.0
8474715,2020,CBJ,781.5333333333333,44,26.0
8476207,2020,CAR,145.61666666666667,15,0.0
8477043,2020,ANA,185.71666666666667,10,3.0
8475907,2020,VAN,137.13333333333333,14,5.0
8477407,2020,OTT,1070.4,66,40.0
8474849,2020,VAN,481.55,41,12.0
8476902,2020,DAL,1615.7666666666667,69,23.0
8477220,2020,VGK,1277.9166666666667,59,31.0
8474589,2020,EDM,1031.4,70,37.0
8476931,2020,BUF,1220.2166666666667,66,13.0
8471887,2020,PIT,827.2666666666667,52,35.0
8474685,2020,COL,701.1166666666667,50,25.0
8477850,2020,MTL,230.85,16,2.0
8479423,2020,CHI,788.0166666666667,65,25.0
8474134,2020,NSH,575.4333333333333,41,3.0
8476858,2020,NYR,225.76666666666668,20,6.0
8479526,2020,NYI,94.93333333333334,12,0.0
8477244,2020,PIT,605.2833333333333,41,6.0
8477085,2020,VAN,2.816666666666667,1,0.0
8478452,2020,EDM,604.5333333333333,43,9.0
8479293,2020,PIT,1004.45,68,25.0
8480031,2020,ANA,405.1166666666667,29,11.0
8475834,2020,SJS,912.8833333333333,66,18.0
8476822,2020,DET,921.2,60,9.0
8475796,2020,FLA,727.6166666666667,57,17.0
8481641,2020,DAL,116.38333333333334,11,1.0
8480341,2020,PIT,46.86666666666667,7,2.0
8475754,2020,NYI,1279.9,68,53.0
8479410,2020,TBL,1414.3333333333333,70,33.0
8479411,2020,OTT,11.566666666666666,2,1.0
8481516,2020,SJS,358.4,31,7.0
8479420,2020,BUF,6.983333333333333,1,0.0
8477494,2020,MTL,423.95,27,15.0
8480796,2020,WSH,95.85,6,1.0
8471218,2020,WPG,1371.9166666666667,71,64.0
8470610,2020,MIN,1186.65,69,45.0
8480012,2020,VAN,1247.1166666666666,68,66.0
8471215,2020,PIT,1072.8666666666666,55,74.0
8474618,2020,STL,1064.35,61,13.0
8478844,2020,PHI,208.36666666666667,20,3.0
8475825,2020,ANA,69.55,4,0.0
8477426,2020,OTT,807.55,56,20.0
8476983,2020,LAK,25.6,2,1.0
8476462,2020,CAR,1093.35,47,40.0
8471233,2020,NJD,1180.8666666666666,69,24.0
8470604,2020,LAK,1014.6333333333333,60,27.0
8476166,2020,DAL,370.71666666666664,27,9.0
8475193,2020,MTL,1107.7333333333333,68,61.0
8475279,2020,MTL,1596.9333333333334,69,21.0
8470775,2020,PHI,895.6166666666667,70,14.0
8474673,2020,CGY,1308.1,64,19.0
8477955,2020,PIT,1004.4,66,35.0
8475790,2020,ANA,988.2666666666667,51,9.0
8480185,2020,CAR,79.36666666666666,8,1.0
8478949,2020,CBJ,20.583333333333332,3,0.0
8476479,2020,MTL,1336.65,71,47.0
8474157,2020,VGK,1269.7,71,66.0
8475718,2020,TOR,1257.45,68,18.0
8478831,2020,CBJ,447.95,32,10.0
8478010,2020,TBL,1235.0333333333333,66,62.0
8477511,2020,DET,811.9333333333333,43,38.0
8475178,2020,EDM,920.3666666666667,59,34.0
8471794,2020,DET,932.35,68,16.0
8475413,2020,DAL,317.78333333333336,29,6.0
8475164,2020,ANA,1149.0,66,39.0
8477846,2020,CHI,970.8666666666667,69,15.0
8478833,2020,OTT,187.28333333333333,22,1.0
8478512,2020,CGY,81.76666666666667,8,3.0
8474207,2020,VGK,1148.2166666666667,61,14.0
8475793,2020,NSH,1160.2166666666667,68,36.0
8475792,2020,FLA,983.6833333333333,68,32.0
8478874,2020,VAN,720.7833333333333,59,33.0
8476886,2020,CHI,703.6166666666667,42,10.0
8477359,2020,WPG,995.4833333333333,57,16.0
8473453,2020,LAK,666.8166666666667,56,11.0
8478891,2020,WPG,513.4666666666667,46,8.0
8476455,2020,COL,1079.6,54,44.0
8476457,2020,EDM,965.1333333333333,49,6.0
8476906,2020,PHI,768.3333333333334,42,12.0
8478996,2020,TOR,54.96666666666667,7,3.0
8479346,2020,CGY,570.25,45,16.0
8480800,2020,VAN,1470.45,68,53.0
8475098,2020,STL,1027.8166666666666,68,29.0
8477971,2020,OTT,261.51666666666665,24,3.0
8477520,2020,BUF,22.9,3,0.0
8477527,2020,NYI,255.06666666666666,32,4.0
8477290,2020,PHI,714.1,58,19.0
8475730,2020,DAL,300.6666666666667,17,5.0
8476856,2020,MIN,1551.4666666666667,69,24.0
8480789,2020,NYI,92.6,9,0.0
8479353,2020,NYR,919.6333333333333,70,19.0
8471769,2020,UTA,506.9,27,5.0
8475461,2020,ANA,161.96666666666667,22,4.0
8479557,2020,CBJ,24.766666666666666,3,0.0
8479347,2020,EDM,72.65,7,1.0
8473560,2020,ANA,787.15,50,4.0
8477944,2020,WSH,1026.75,69,52.0
8476293,2020,BUF,69.78333333333333,6,2.0
8474717,2020,COL,296.06666666666666,21,2.0
8475752,2020,PHI,754.4166666666666,63,20.0
8478463,2020,NYI,1173.9833333333333,68,38.0
8480945,2020,PIT,501.05,36,7.0
8478413,2020,MIN,948.6166666666667,67,28.0
8477343,2020,WSH,60.95,6,0.0
8476443,2020,MTL,166.91666666666666,12,3.0
8478038,2020,NYI,1391.8166666666666,68,28.0
8474818,2020,VAN,707.5833333333334,44,7.0
8475745,2020,BOS,1173.9833333333333,70,37.0
8478569,2020,FLA,1034.7333333333333,65,25.0
8475171,2020,UTA,1514.3333333333333,66,30.0
8477501,2020,COL,913.3166666666667,65,27.0
8475760,2020,PIT,159.03333333333333,13,3.0
8475163,2020,EDM,845.0333333333333,65,24.0
8477366,2020,MIN,34.75,3,0.0
8476326,2020,EDM,815.3666666666667,62,21.0
8481640,2020,SJS,97.81666666666666,12,1.0
8476779,2020,MIN,893.1333333333333,59,19.0
8474000,2020,BOS,136.01666666666668,10,2.0
8477986,2020,BUF,1051.2666666666667,54,18.0
8481624,2020,TOR,606.25,39,23.0
8475766,2020,NSH,616.8333333333334,53,14.0
8480014,2020,LAK,128.55,10,7.0
8477015,2020,OTT,1423.9333333333334,71,43.0
8473544,2020,NYI,905.0833333333334,66,32.0
8475186,2020,BOS,396.35,24,3.0
8475780,2020,BOS,832.2166666666667,67,10.0
8474151,2020,TBL,1031.9333333333334,50,12.0
8476884,2020,STL,16.666666666666668,2,0.0
8474008,2020,BOS,6.366666666666666,1,0.0
8480913,2020,UTA,32.35,2,1.0
8479359,2020,WSH,27.4,3,0.0
8478109,2020,BUF,992.85,54,42.0
8480871,2020,CHI,663.0166666666667,41,13.0
8476934,2020,CAR,897.0166666666667,68,16.0
8474040,2020,DET,554.7,42,13.0
8475832,2020,NYI,315.8333333333333,28,6.0
8469459,2020,MIN,855.7333333333333,55,21.0
8477947,2020,ANA,704.0166666666667,54,23.0
8476960,2020,EDM,871.6833333333333,55,27.0
8476915,2020,EDM,796.65,64,11.0
8465009,2020,BOS,1428.35,68,13.0
8471729,2020,EDM,916.7,55,9.0
8479415,2020,NJD,122.68333333333334,12,2.0
8477346,2020,FLA,886.2333333333333,44,18.0
8476917,2020,NYI,801.8666666666667,38,9.0
8477473,2020,VAN,10.65,2,0.0
8478507,2020,PIT,1130.95,56,25.0
8475753,2020,STL,1399.95,69,15.0
8478104,2020,STL,499.9166666666667,40,12.0
8477018,2020,LAK,1188.8166666666666,65,16.0
8474884,2020,FLA,1147.9166666666667,68,57.0
8478975,2020,TOR,32.333333333333336,4,1.0
8477973,2020,COL,340.78333333333336,38,8.0
8480830,2020,CAR,1137.1333333333334,68,61.0
8481019,2020,WPG,135.13333333333333,22,1.0
8475191,2020,VGK,1273.7666666666667,71,54.0
8477512,2020,TOR,571.8,61,12.0
8471242,2020,EDM,1042.8833333333334,50,11.0
8469455,2020,TOR,627.85,58,25.0
8476195,2020,TBL,44.35,4,1.0
8477946,2020,DET,1506.25,71,51.0
8480184,2020,DET,264.6166666666667,16,1.0
8475430,2020,EDM,98.96666666666667,9,1.0
8476467,2020,DAL,1089.4,69,10.0
8473507,2020,MTL,1678.3,71,40.0
8474102,2020,STL,1282.6666666666667,71,59.0
8477478,2020,VGK,698.8666666666667,71,19.0
8478136,2020,SJS,107.66666666666667,10,2.0
8470047,2020,DET,1162.9166666666667,70,20.0
8477448,2020,CBJ,21.516666666666666,3,0.0
8476947,2020,LAK,520.5333333333333,43,13.0
8477505,2020,CBJ,951.8166666666667,57,21.0
8476952,2020,FLA,501.06666666666666,45,10.0
8475625,2020,ANA,500.8833333333333,35,4.0
8481649,2020,WPG,105.43333333333334,16,0.0
8477961,2020,CHI,99.43333333333334,9,0.0
8476312,2020,ANA,970.2833333333333,48,9.0
8479351,2020,ANA,999.6166666666667,65,22.0
8474612,2020,CGY,1054.4833333333333,50,11.0
8478856,2020,UTA,960.85,68,38.0
8474581,2020,CAR,1132.5,68,23.0
8478843,2020,TOR,526.0333333333333,44,12.0
8478073,2020,COL,46.85,4,1.0
8477506,2020,NYI,1520.8,68,36.0
8479400,2020,CBJ,1249.5,70,49.0
8478550,2020,NYR,1421.6666666666667,69,95.0
8477355,2020,NJD,1000.3833333333333,56,22.0
8477406,2020,DAL,905.7166666666667,62,21.0
8471686,2020,NYR,918.9333333333333,52,11.0
8470318,2020,DET,256.43333333333334,18,0.0
8479385,2020,STL,296.85,28,9.0
8480002,2020,NJD,1046.4666666666667,58,36.0
8481637,2020,CHI,36.28333333333333,4,0.0
8478881,2020,NJD,19.866666666666667,2,0.0
8480018,2020,MTL,1135.0,71,40.0
8475744,2020,WSH,1118.15,63,52.0
8479772,2020,VAN,161.66666666666666,17,6.0
8478115,2020,TOR,573.0,48,15.0
8481433,2020,DET,326.35,26,7.0
8476826,2020,TBL,973.0,70,29.0
8477958,2020,VAN,8.616666666666667,1,0.0
8471392,2020,DAL,683.2833333333333,41,3.0
8479977,2020,EDM,468.53333333333336,27,26.0
8479404,2020,FLA,49.53333333333333,4,0.0
8477979,2020,PHI,404.8666666666667,36,15.0
8480829,2020,MTL,467.95,36,8.0
8474013,2020,COL,1145.5166666666667,65,25.0
8476988,2020,EDM,568.3833333333333,43,8.0
8479335,2020,BUF,314.1333333333333,29,3.0
8477337,2020,BUF,68.03333333333333,4,0.0
8477330,2020,CHI,977.1,68,47.0
8476430,2020,EDM,120.53333333333333,12,2.0
8477935,2020,CGY,649.65,52,12.0
8474166,2020,VGK,1094.9166666666667,51,17.0
8471804,2020,CBJ,412.81666666666666,30,10.0
8477502,2020,PHI,12.533333333333333,1,0.0
8477941,2020,ANA,690.45,49,20.0
8481186,2020,COL,134.88333333333333,16,2.0
8475167,2020,TBL,1567.4666666666667,66,55.0
8480186,2020,TBL,92.35,9,1.0
8473446,2020,COL,1235.8666666666666,59,16.0
8476468,2020,VAN,1372.8666666666666,69,72.0
8479398,2020,COL,1490.7666666666667,70,34.0
8478017,2020,PHI,81.53333333333333,6,1.0
8475324,2020,WSH,1213.15,68,8.0
8475735,2020,NYR,507.18333333333334,53,9.0
8479333,2020,NYR,446.6333333333333,28,5.0
8476851,2020,MIN,724.5,59,24.0
8474611,2020,TBL,35.6,3,4.0
8480326,2020,COL,34.31666666666667,5,0.0
8478846,2020,OTT,52.483333333333334,3,0.0
8476393,2020,VGK,877.5,65,25.0
8479393,2020,SJS,280.43333333333334,28,5.0
8481638,2020,EDM,351.53333333333336,33,9.0
8479542,2020,CHI,11.8,1,0.0
8478029,2020,ANA,14.983333333333333,1,0.0
8477497,2020,CGY,1263.1166666666666,70,48.0
8481515,2020,SJS,51.6,4,0.0
8474563,2020,LAK,1728.5833333333333,67,36.0
8478445,2020,NYI,1355.9333333333334,68,62.0
8477503,2020,MTL,1213.7,71,45.0
8476400,2020,WPG,236.83333333333334,35,5.0
8480814,2020,CHI,17.016666666666666,1,0.0
8474068,2020,NSH,955.9833333333333,62,31.0
8477845,2020,CAR,726.3166666666667,49,8.0
8477529,2020,EDM,107.45,11,1.0
8475218,2020,NSH,1587.0666666666666,68,33.0
8478131,2020,BOS,909.3333333333334,55,24.0
8471724,2020,PIT,1567.9666666666667,61,43.0
8480208,2020,OTT,356.65,23,10.0
8480806,2020,ANA,208.11666666666667,15,4.0
8476410,2020,VAN,533.8166666666667,36,19.0
8468493,2020,OTT,1321.9333333333334,64,12.0
8476285,2020,OTT,146.15,14,2.0
8478067,2020,PHI,527.8166666666667,30,17.0
8476466,2020,VAN,70.91666666666667,6,2.0
8476453,2020,TBL,1273.3666666666666,68,82.0
8480001,2020,BOS,83.85,5,0.0
8476449,2020,CBJ,543.6666666666666,39,8.0
8476399,2020,TBL,1104.75,66,33.0
8476850,2020,CBJ,539.0833333333334,27,9.0
8476922,2020,NYR,30.116666666666667,4,0.0
8478020,2020,LAK,884.8333333333334,68,17.0
8481572,2020,WPG,144.5,8,5.0
8474571,2020,OTT,195.65,20,4.0
8474145,2020,STL,536.7333333333333,41,6.0
8475166,2020,TOR,1227.1833333333334,63,59.0
8476480,2020,COL,979.15,65,30.0
8475784,2020,BUF,972.75,59,23.0
8476966,2020,TBL,27.516666666666666,3,1.0
8474056,2020,NJD,1502.9666666666667,68,18.0
8479348,2020,LAK,58.233333333333334,4,0.0
8476874,2020,CHI,1196.4666666666667,65,17.0
8477467,2020,MTL,24.316666666666666,3,0.0
8477573,2020,STL,55.65,5,2.0
8477472,2020,WPG,221.46666666666667,15,1.0
8480035,2020,BUF,1187.4833333333333,69,16.0
8477454,2020,DET,661.1666666666666,56,5.0
8479369,2020,CBJ,303.55,22,3.0
8479314,2020,CGY,1259.75,69,62.0
8476882,2020,CAR,1300.6333333333334,68,61.0
8473991,2020,MTL,56.233333333333334,4,0.0
8480003,2020,NJD,383.23333333333335,35,4.0
8471698,2020,WSH,1257.1666666666667,69,49.0
8477462,2020,PHI,758.7666666666667,49,13.0
8480965,2020,SJS,193.26666666666668,20,6.0
8470600,2020,MIN,1697.6,69,46.0
8470606,2020,LAK,1212.8166666666666,66,35.0
8474569,2020,COL,113.61666666666666,9,4.0
8479982,2020,COL,20.816666666666666,2,0.0
8478458,2020,WPG,1058.55,71,29.0
8471276,2020,BOS,1044.1666666666667,61,43.0
8477451,2020,MIN,844.0833333333334,69,20.0
8471817,2020,VGK,718.4,71,15.0
8474291,2020,VAN,684.3833333333333,55,8.0
8471735,2020,FLA,1341.9,68,44.0
8480822,2020,COL,91.23333333333333,9,3.0
8476438,2020,CHI,969.6333333333333,58,33.0
8475181,2020,NYI,1268.3833333333334,60,21.0
8476941,2020,NJD,417.8833333333333,29,5.0
8475160,2020,TOR,772.35,69,17.0
8475857,2020,TOR,33.266666666666666,3,0.0
8478398,2020,WPG,1496.5,71,73.0
8476381,2020,CHI,375.26666666666665,26,10.0
8479382,2020,PHI,192.18333333333334,21,2.0
8478099,2020,SJS,1125.7666666666667,70,33.0
8476448,2020,VGK,1188.3166666666666,63,46.0
8473986,2020,TBL,1210.45,68,48.0
8475820,2020,COL,1048.7333333333333,65,33.0
8478451,2020,EDM,1551.7666666666667,71,21.0
8477456,2020,COL,1117.5666666666666,67,31.0
8477504,2020,WPG,1479.5833333333333,65,30.0
8475220,2020,MIN,859.6833333333333,59,24.0
8474037,2020,PHI,977.1333333333333,66,39.0
8479337,2020,CHI,1222.55,70,43.0
8470619,2020,FLA,467.85,38,13.0
8475810,2020,PIT,1086.0333333333333,55,55.0
8480865,2020,NYI,450.6666666666667,34,7.0
8477936,2020,NYI,627.4166666666666,53,10.0
8475179,2020,WPG,1021.15,51,10.0
8477887,2020,VGK,10.066666666666666,1,1.0
8474709,2020,NYI,570.6,55,8.0
8479364,2020,NYR,16.766666666666666,2,1.0
8479316,2020,MIN,973.0333333333333,63,31.0
8479026,2020,PHI,850.1333333333333,50,16.0
8475726,2020,VAN,1143.0166666666667,68,43.0
8476913,2020,ANA,526.7333333333333,46,11.0
8471743,2020,BUF,228.86666666666667,16,3.0
8477934,2020,EDM,1603.1166666666666,71,109.0
8477922,2020,SJS,748.8666666666667,61,12.0
8470794,2021,DAL,1065.5333333333333,56,51.0
8479514,2021,NSH,113.03333333333333,10,2.0
8477948,2021,PHI,1203.4,55,14.0
8480950,2021,UTA,658.7833333333333,42,2.0
8470144,2021,DET,350.5833333333333,29,6.0
8475163,2021,EDM,561.7833333333333,45,16.0
8480802,2021,EDM,127.88333333333334,10,1.0
8482654,2021,PHI,42.4,4,1.0
8475842,2021,ANA,167.98333333333332,13,6.0
8475760,2021,MIN,519.6833333333333,44,17.0
8475168,2021,NSH,537.8666666666667,34,13.0
8475166,2021,TOR,1019.0,56,50.0
8480186,2021,ANA,430.8833333333333,37,13.0
8475625,2021,BUF,390.01666666666665,24,2.0
8479393,2021,SJS,351.75,30,6.0
8477038,2021,FLA,388.73333333333335,27,10.0
8479996,2021,VGK,392.5833333333333,27,10.0
8475171,2021,UTA,964.5166666666667,46,24.0
8474709,2021,NYI,597.7333333333333,54,11.0
8475167,2021,TBL,1352.7333333333333,54,45.0
8474715,2021,CBJ,1059.1333333333334,56,34.0
8476470,2021,WPG,418.18333333333334,25,1.0
8480945,2021,PIT,22.85,2,0.0
8477962,2021,LAK,495.23333333333335,49,11.0
8477210,2021,CGY,64.23333333333333,9,0.0
8478402,2021,EDM,1240.3,56,105.0
8476624,2021,TBL,831.5833333333334,55,20.0
8478430,2021,CGY,104.65,8,1.0
8475455,2021,WSH,1060.7833333333333,56,19.0
8478996,2021,TOR,117.43333333333334,11,5.0
8476850,2021,NJD,893.8,48,14.0
8479442,2021,DET,760.6333333333333,44,11.0
8474589,2021,EDM,363.78333333333336,30,9.0
8477126,2021,COL,71.76666666666667,7,2.0
8475799,2021,CAR,880.1833333333333,56,35.0
8478873,2021,ANA,705.6333333333333,48,20.0
8479364,2021,NYR,23.65,2,0.0
8477541,2021,MIN,49.2,3,0.0
8477346,2021,FLA,1194.3333333333333,54,36.0
8478010,2021,TBL,1030.7166666666667,56,48.0
8476399,2021,TBL,851.5333333333333,55,31.0
8476853,2021,TOR,1298.6833333333334,55,36.0
8479661,2021,NSH,181.95,15,7.0
8474166,2021,VGK,1196.2,53,31.0
8480807,2021,BUF,216.36666666666667,12,2.0
8477505,2021,FLA,1018.7666666666667,56,29.0
8476479,2021,MTL,894.7,53,24.0
8474150,2021,CGY,950.0833333333334,54,32.0
8477043,2021,DET,542.9333333333333,36,11.0
8475231,2021,NYI,774.9166666666666,56,14.0
8476873,2021,PIT,482.0,45,11.0
8476454,2021,EDM,1079.8666666666666,52,35.0
8475200,2021,WSH,1010.55,51,22.0
8474581,2021,CAR,417.23333333333335,26,8.0
8478846,2021,LAK,239.58333333333334,18,3.0
8479400,2021,WPG,690.2833333333333,46,21.0
8479980,2021,VGK,831.9666666666667,52,17.0
8475790,2021,NSH,806.6166666666667,45,4.0
8474149,2021,OTT,856.8333333333334,55,20.0
8477435,2021,COL,1029.0166666666667,54,15.0
8478069,2021,TBL,10.05,1,0.0
8476872,2021,PHI,816.9333333333333,53,20.0
8477986,2021,FLA,1024.1666666666667,50,18.0
8474027,2021,PHI,982.4833333333333,53,6.0
8478233,2021,CGY,933.05,56,32.0
8470604,2021,PIT,894.5333333333333,54,30.0
8479465,2021,BUF,471.3,38,10.0
8480831,2021,CHI,37.13333333333333,3,0.0
8479366,2021,OTT,9.666666666666666,1,0.0
8476807,2021,NJD,304.6,21,3.0
8482248,2021,SJS,75.65,8,1.0
8477359,2021,WPG,714.0166666666667,39,1.0
8479550,2021,PHI,49.88333333333333,5,0.0
8476870,2021,CBJ,194.83333333333334,18,1.0
8481077,2021,SJS,495.51666666666665,44,13.0
8479026,2021,PHI,830.7833333333333,44,11.0
8475208,2021,PIT,916.7833333333333,41,14.0
8475807,2021,CGY,508.46666666666664,44,7.0
8476856,2021,MIN,1135.5,51,20.0
8474568,2021,TBL,407.53333333333336,38,4.0
8477015,2021,OTT,1021.55,56,35.0
8476346,2021,CGY,1031.1666666666667,56,48.0
8478398,2021,WPG,1050.2,56,49.0
8481014,2021,MTL,932.3,54,6.0
8470606,2021,LAK,863.7,49,31.0
8474586,2021,NYI,921.4666666666667,55,33.0
8477496,2021,CGY,1114.2166666666667,56,47.0
8475744,2021,WSH,679.45,41,29.0
8478446,2021,CGY,48.46666666666667,7,1.0
8477384,2021,OTT,367.65,26,1.0
8475793,2021,NSH,812.9166666666666,48,21.0
8469455,2021,TOR,595.5666666666667,54,30.0
8473564,2021,MTL,91.56666666666666,8,0.0
8478469,2021,OTT,1287.9166666666667,49,31.0
8480944,2021,BOS,12.916666666666666,1,0.0
8476469,2021,MTL,602.75,41,14.0
8478399,2021,NJD,234.25,15,0.0
8478495,2021,DAL,871.7333333333333,55,30.0
8480293,2021,CHI,341.7,21,9.0
8476880,2021,WSH,777.3,47,32.0
8478451,2021,EDM,772.35,43,8.0
8477919,2021,PIT,248.21666666666667,19,10.0
8477504,2021,WPG,1319.7666666666667,56,21.0
8476779,2021,MIN,148.0,12,1.0
8476887,2021,NSH,713.9333333333333,39,32.0
8480448,2021,OTT,7.533333333333333,1,1.0
8480160,2021,SJS,568.5,40,6.0
8477220,2021,VAN,1085.55,54,15.0
8474230,2021,OTT,24.166666666666668,4,0.0
8478488,2021,OTT,7.183333333333334,1,0.0
8477939,2021,TOR,846.6333333333333,51,42.0
8474056,2021,NJD,984.55,44,19.0
8481629,2021,OTT,43.31666666666667,4,0.0
8475314,2021,NYI,473.1333333333333,27,19.0
8480829,2021,MTL,828.05,56,20.0
8480172,2021,TBL,562.95,35,8.0
8475868,2021,NYR,202.16666666666666,14,4.0
8480011,2021,STL,27.6,2,1.0
8479387,2021,COL,27.916666666666668,3,0.0
8480849,2021,UTA,160.85,14,3.0
8480018,2021,MTL,1018.1666666666666,56,41.0
8474818,2021,WPG,575.45,39,10.0
8479323,2021,NYR,1357.2333333333333,55,47.0
8475754,2021,NYI,998.8333333333334,56,33.0
8475958,2021,WSH,48.983333333333334,5,2.0
8481540,2021,MTL,139.6,10,5.0
8475461,2021,ANA,36.53333333333333,3,1.0
8475462,2021,FLA,949.1833333333333,54,11.0
8478414,2021,SJS,867.15,54,31.0
8478443,2021,BOS,505.1333333333333,27,4.0
8477955,2021,PIT,606.9,43,32.0
8481546,2021,PHI,59.35,3,0.0
8478043,2021,PIT,332.3833333333333,34,6.0
8480064,2021,OTT,922.2333333333333,56,35.0
8478415,2021,BOS,716.7833333333333,42,9.0
8479346,2021,CGY,695.6166666666667,51,22.0
8478099,2021,SJS,903.2666666666667,55,28.0
8473533,2021,CAR,978.9333333333333,53,38.0
8475722,2021,PIT,596.1333333333333,38,18.0
8475213,2021,CAR,33.96666666666667,4,0.0
8479329,2021,NSH,16.983333333333334,1,0.0
8480221,2021,LAK,13.266666666666667,1,0.0
8476923,2021,NJD,1258.0666666666666,56,21.0
8477937,2021,VAN,465.6,38,5.0
8471769,2021,UTA,711.7833333333333,41,5.0
8475209,2021,DET,593.55,48,13.0
8474590,2021,WSH,1236.6166666666666,52,44.0
8471794,2021,DET,690.35,47,8.0
8477506,2021,NYI,1256.55,56,17.0
8477425,2021,NJD,823.2,55,25.0
8475786,2021,TOR,832.4166666666666,43,32.0
8477527,2021,NYI,104.85,12,1.0
8476460,2021,WPG,1173.65,56,63.0
8479571,2021,SJS,43.45,5,1.0
8481068,2021,NJD,840.1166666666667,50,28.0
8475825,2021,CAR,1027.1833333333334,57,4.0
8475834,2021,SJS,350.71666666666664,29,5.0
8480965,2021,SJS,44.483333333333334,4,0.0
8479314,2021,CGY,1016.55,56,43.0
8477341,2021,NJD,696.7,50,11.0
8478407,2021,STL,827.7666666666667,43,20.0
8478859,2021,STL,435.53333333333336,30,3.0
8477240,2021,ANA,271.18333333333334,19,6.0
8477938,2021,ANA,723.6833333333333,47,4.0
8479324,2021,NYR,1020.1166666666667,51,16.0
8477018,2021,TOR,701.25,38,5.0
8481442,2021,FLA,9.466666666666667,1,0.0
8478970,2021,VAN,241.86666666666667,18,1.0
8477941,2021,BOS,860.6666666666666,56,26.0
8476443,2021,MTL,86.7,6,0.0
8470595,2021,MTL,780.1,53,13.0
8471677,2021,NYR,220.56666666666666,13,1.0
8477544,2021,WSH,18.3,2,0.0
8475343,2021,WSH,806.75,56,15.0
8473463,2021,NYI,423.46666666666664,33,8.0
8476958,2021,CAR,1195.0833333333333,52,15.0
8477046,2021,CAR,43.4,4,0.0
8475968,2021,MTL,21.283333333333335,2,1.0
8478413,2021,MIN,885.25,56,32.0
8482142,2021,ANA,469.73333333333335,24,8.0
8481479,2021,VAN,13.966666666666667,1,1.0
8477499,2021,BUF,1090.7166666666667,49,18.0
8477839,2021,WSH,726.1666666666666,53,22.0
8474013,2021,MIN,857.8333333333334,54,8.0
8479333,2021,NYR,671.9333333333333,44,4.0
8479525,2021,TBL,316.93333333333334,30,12.0
8478038,2021,COL,1312.3166666666666,53,31.0
8477936,2021,NYI,309.53333333333336,26,4.0
8479458,2021,OTT,1250.7,55,17.0
8478057,2021,STL,107.61666666666666,12,1.0
8475764,2021,ANA,1218.7333333333333,56,23.0
8477953,2021,PIT,621.2666666666667,40,30.0
8475246,2021,FLA,99.5,7,1.0
8478500,2021,PHI,1400.2666666666667,56,26.0
8470655,2021,ANA,191.01666666666668,15,4.0
8480185,2021,FLA,577.4333333333333,44,8.0
8476889,2021,DAL,958.6,55,14.0
8474009,2021,MIN,818.2333333333333,55,27.0
8471218,2021,WPG,917.0166666666667,50,46.0
8482072,2021,BOS,61.916666666666664,3,0.0
8479351,2021,ANA,609.7666666666667,42,12.0
8480036,2021,DAL,1373.2666666666667,55,27.0
8473415,2021,DET,138.6,13,3.0
8471276,2021,BOS,873.9166666666666,51,44.0
8474578,2021,SJS,1227.3,52,22.0
8477455,2021,STL,132.58333333333334,13,1.0
8476826,2021,TBL,954.8666666666667,56,36.0
8478975,2021,FLA,466.48333333333335,33,10.0
8476329,2021,VAN,418.3833333333333,39,10.0
8481524,2021,COL,332.65,19,2.0
8480748,2021,COL,140.75,16,3.0
8477996,2021,FLA,476.5,44,5.0
8477402,2021,NYR,1011.5666666666667,54,48.0
8479705,2021,SJS,79.95,11,0.0
8480839,2021,BUF,1211.1333333333334,56,23.0
8479933,2021,MIN,46.96666666666667,4,1.0
8479385,2021,STL,793.3166666666667,55,35.0
8481580,2021,WSH,9.9,1,0.0
8481599,2021,UTA,65.23333333333333,4,2.0
8475692,2021,MIN,700.65,42,35.0
8479983,2021,SJS,1254.1833333333334,56,17.0
8479580,2021,SJS,785.3,49,12.0
8479466,2021,EDM,85.11666666666666,8,2.0
8481708,2021,NYR,149.83333333333334,10,4.0
8475098,2021,STL,462.3,31,17.0
8474091,2021,VAN,649.2,43,12.0
8475913,2021,VGK,1048.35,55,61.0
8477974,2021,CBJ,159.58333333333334,16,0.0
8479968,2021,ANA,63.6,5,0.0
8482245,2021,OTT,863.9666666666667,47,14.0
8473986,2021,TBL,1002.8166666666667,56,33.0
8474134,2021,PIT,22.633333333333333,2,0.0
8476539,2021,VGK,958.3,55,44.0
8470601,2021,NYI,304.85,19,2.0
8479353,2021,NYR,527.4,42,7.0
8480883,2021,NJD,965.0666666666667,48,23.0
8480037,2021,FLA,110.13333333333334,9,2.0
8474574,2021,VAN,1214.7833333333333,55,20.0
8479348,2021,LAK,309.6666666666667,18,6.0
8475855,2021,CAR,703.65,46,18.0
8479381,2021,DAL,224.2,24,1.0
8479415,2021,NJD,669.0,48,15.0
8476468,2021,VAN,1111.15,53,46.0
8476994,2021,CHI,318.6166666666667,26,12.0
8475729,2021,LAK,27.166666666666668,2,0.0
8475169,2021,SJS,1130.3666666666666,56,49.0
8475752,2021,UTA,620.6166666666667,38,11.0
8476374,2021,BOS,662.1166666666667,47,9.0
8475747,2021,COL,936.75,52,10.0
8470775,2021,WPG,426.3,44,5.0
8479367,2021,VAN,28.383333333333333,2,0.0
8474000,2021,BOS,334.3,20,5.0
8479718,2021,TBL,228.78333333333333,15,3.0
8471228,2021,DAL,195.7,11,12.0
8479419,2021,BUF,21.25,2,0.0
8477401,2021,UTA,284.65,29,5.0
8477963,2021,VAN,289.21666666666664,30,5.0
8478891,2021,WPG,808.1333333333333,56,25.0
8470626,2021,VAN,67.05,7,1.0
8477462,2021,PHI,532.2333333333333,34,5.0
8479336,2021,LAK,584.8166666666667,47,11.0
8477447,2021,VGK,1194.95,53,42.0
8482109,2021,NYR,779.4,56,21.0
8475177,2021,CHI,816.0166666666667,44,10.0
8476191,2021,BOS,533.8333333333334,28,4.0
8478042,2021,NSH,830.5166666666667,50,25.0
8478436,2021,PHI,10.966666666666667,1,0.0
8481559,2021,NJD,1067.4,56,31.0
8482635,2021,CHI,87.9,8,3.0
8477947,2021,ANA,88.4,6,0.0
8477473,2021,VAN,20.4,3,0.0
8480789,2021,NYI,545.4166666666666,44,21.0
8480144,2021,CHI,822.95,56,12.0
8478021,2021,EDM,268.85,19,2.0
8478452,2021,EDM,449.03333333333336,33,4.0
8480890,2021,UTA,24.166666666666668,2,2.0
8474207,2021,VGK,269.3333333333333,17,2.0
8477502,2021,PHI,203.83333333333334,20,1.0
8475798,2021,NSH,992.1,51,27.0
8479368,2021,ANA,651.5666666666667,46,11.0
8474098,2021,PIT,440.65,46,10.0
8480063,2021,NSH,36.25,2,0.0
8479315,2021,TOR,9.6,1,0.0
8477488,2021,CAR,1253.5666666666666,55,25.0
8480072,2021,LAK,277.5833333333333,23,6.0
8480083,2021,BUF,7.95,1,0.0
8479639,2021,VGK,391.15,29,6.0
8474610,2021,CBJ,127.48333333333333,12,3.0
8476437,2021,MIN,780.25,54,23.0
8480946,2021,EDM,615.3666666666667,48,15.0
8480833,2021,NYR,247.63333333333333,20,4.0
8470638,2021,BOS,983.9833333333333,54,48.0
8481618,2021,COL,82.06666666666666,6,3.0
8480813,2021,DET,75.51666666666667,5,1.0
8476300,2021,CGY,603.5166666666667,38,4.0
8478493,2021,MIN,956.1833333333333,56,30.0
8476396,2021,BUF,105.56666666666666,9,3.0
8471669,2021,WPG,974.9333333333333,56,29.0
8480158,2021,TBL,83.71666666666667,7,2.0
8478851,2021,NSH,380.9,19,3.0
8478856,2021,UTA,878.2,49,39.0
8474584,2021,CBJ,947.9833333333333,53,13.0
8478444,2021,VAN,1081.9,56,49.0
8480205,2021,CBJ,257.1166666666667,20,5.0
8475176,2021,NSH,830.1,35,18.0
8479644,2021,LAK,136.28333333333333,13,1.0
8477429,2021,WPG,1003.3333333333334,55,39.0
8477942,2021,MIN,845.6166666666667,50,40.0
8474157,2021,VGK,861.0833333333334,48,51.0
8473512,2021,PHI,977.2833333333333,54,42.0
8476981,2021,MTL,853.9333333333333,52,24.0
8476393,2021,NSH,695.7833333333333,52,18.0
8474190,2021,TOR,455.45,38,9.0
8477933,2021,BUF,1055.1833333333334,54,40.0
8480727,2021,VGK,908.6833333333333,51,12.0
8475179,2021,EDM,920.7166666666667,48,4.0
8475765,2021,STL,418.0833333333333,24,14.0
8476459,2021,NYR,1125.6166666666666,56,50.0
8476455,2021,COL,1077.6166666666666,54,52.0
8474641,2021,ANA,721.7,45,21.0
8474612,2021,VAN,735.9333333333333,38,10.0
8470281,2021,CHI,1266.3333333333333,54,15.0
8478133,2021,MTL,556.4833333333333,47,13.0
8480865,2021,NYI,754.05,46,14.0
8478454,2021,FLA,47.86666666666667,4,0.0
8480873,2021,TOR,131.95,9,4.0
8480803,2021,EDM,207.68333333333334,14,5.0
8480806,2021,ANA,624.8166666666667,41,9.0
8475170,2021,STL,1072.0333333333333,56,36.0
8471709,2021,SJS,893.2,51,6.0
8481641,2021,DAL,316.43333333333334,26,11.0
8475220,2021,MIN,581.2833333333333,39,26.0
8480821,2021,DET,823.4833333333333,49,19.0
8482240,2021,DET,354.85,26,2.0
8473446,2021,COL,53.7,4,1.0
8481533,2021,ANA,369.45,24,13.0
8477215,2021,DET,850.6833333333333,47,12.0
8474125,2021,STL,173.11666666666667,12,2.0
8476902,2021,DAL,1298.15,56,16.0
8480848,2021,DAL,324.4166666666667,26,5.0
8476525,2021,BUF,863.9333333333333,48,12.0
8479291,2021,NYR,666.6166666666667,54,14.0
8479984,2021,TBL,449.9166666666667,35,3.0
8477392,2021,UTA,47.31666666666667,5,0.0
8471887,2021,FLA,739.3666666666667,44,32.0
8478049,2021,TBL,71.18333333333334,5,0.0
8479376,2021,OTT,442.3666666666667,28,5.0
8479407,2021,NJD,739.5,46,30.0
8476323,2021,CAR,93.83333333333333,12,3.0
8480069,2021,COL,1068.8166666666666,44,44.0
8474736,2021,CGY,23.35,4,0.0
8478397,2021,CGY,1188.45,56,21.0
8477494,2021,MTL,707.95,44,23.0
8480015,2021,FLA,516.5666666666667,45,18.0
8475728,2021,UTA,726.8666666666667,52,14.0
8478841,2021,NJD,28.533333333333335,2,0.0
8477474,2021,CHI,22.283333333333335,2,1.0
8477680,2021,PIT,7.4,1,0.0
8478904,2021,CAR,469.75,45,8.0
8475178,2021,EDM,320.0833333333333,27,5.0
8475768,2021,STL,708.1333333333333,40,20.0
8477987,2021,SJS,629.65,50,20.0
8475287,2021,NSH,815.65,51,21.0
8481019,2021,WPG,23.266666666666666,4,0.0
8477934,2021,EDM,1242.7166666666667,56,84.0
8477493,2021,FLA,1046.4833333333333,50,58.0
8475820,2021,COL,741.7833333333333,51,31.0
8480039,2021,CAR,916.45,53,41.0
8478109,2021,BUF,974.0666666666667,56,32.0
8480043,2021,TOR,30.183333333333334,2,0.0
8477500,2021,VAN,1113.8166666666666,56,39.0
8475791,2021,BOS,946.5666666666667,53,33.0
8479372,2021,ANA,216.95,14,4.0
8475164,2021,ANA,796.35,47,16.0
8471729,2021,EDM,644.0166666666667,35,9.0
8477407,2021,FLA,674.5833333333334,43,32.0
8478431,2021,DET,248.18333333333334,21,8.0
8481147,2021,CHI,39.733333333333334,5,0.0
8476941,2021,NJD,205.36666666666667,11,2.0
8478477,2021,TBL,66.23333333333333,7,1.0
8476892,2021,STL,682.6,32,12.0
8480384,2021,SJS,69.93333333333334,7,1.0
8473473,2021,CGY,763.2166666666667,56,23.0
8476288,2021,OTT,508.28333333333336,40,13.0
8470642,2021,MTL,1090.05,48,19.0
8476461,2021,PHI,869.7666666666667,45,41.0
8476462,2021,CAR,1249.7166666666667,55,41.0
8473453,2021,WPG,552.35,56,10.0
8478146,2021,VAN,487.2,42,7.0
8479339,2021,CBJ,802.6833333333333,46,24.0
8480797,2021,PHI,881.35,55,38.0
8478424,2021,WPG,217.83333333333334,26,2.0
8480027,2021,DAL,861.1666666666666,51,45.0
8479345,2021,UTA,1308.0,56,41.0
8478055,2021,FLA,857.0166666666667,43,17.0
8476410,2021,CGY,408.48333333333335,38,9.0
8478468,2021,BOS,767.1333333333333,41,8.0
8478047,2021,UTA,350.48333333333335,21,13.0
8478476,2021,UTA,28.916666666666668,2,0.0
8475160,2021,STL,496.5833333333333,50,7.0
8477416,2021,CBJ,986.3666666666667,56,44.0
8474685,2021,COL,248.3,18,3.0
8478506,2021,CBJ,206.91666666666666,14,4.0
8478029,2021,ANA,13.433333333333334,1,0.0
8478136,2021,SJS,8.733333333333333,1,0.0
8482063,2021,VAN,136.21666666666667,15,0.0
8474697,2021,NSH,300.3666666666667,22,0.0
8473573,2021,OTT,228.13333333333333,19,9.0
8465009,2021,WSH,1007.7166666666667,55,10.0
8475796,2021,DAL,421.46666666666664,36,4.0
8480814,2021,CHI,261.8,19,6.0
8482067,2021,CGY,84.96666666666667,6,3.0
8481516,2021,SJS,74.73333333333333,7,2.0
8476915,2021,EDM,481.96666666666664,40,11.0
8476858,2021,NYR,344.1166666666667,31,8.0
8476278,2021,NYR,658.0833333333334,47,22.0
8478455,2021,LAK,460.78333333333336,44,8.0
8477887,2021,VGK,36.38333333333333,4,0.0
8475188,2021,VGK,791.0333333333333,41,8.0
8480113,2021,LAK,1093.8833333333334,55,30.0
8476881,2021,SJS,956.2666666666667,50,43.0
8475714,2021,NSH,824.9166666666666,49,28.0
8479335,2021,BUF,359.93333333333334,28,11.0
8480003,2021,NJD,255.88333333333333,24,7.0
8482179,2021,NYR,10.183333333333334,1,1.0
8480913,2021,UTA,92.31666666666666,7,3.0
8475613,2021,PHI,78.31666666666666,6,2.0
8477507,2021,CHI,1059.5833333333333,55,8.0
8478017,2021,PIT,99.0,9,3.0
8480276,2021,SJS,41.95,4,1.0
8470966,2021,CGY,1284.85,56,26.0
8476545,2021,SJS,84.33333333333333,11,0.0
8481122,2021,ANA,103.18333333333334,6,0.0
8473544,2021,UTA,783.85,53,19.0
8478567,2021,CBJ,496.6166666666667,35,5.0
8478211,2021,UTA,310.68333333333334,26,8.0
8474884,2021,STL,783.3333333333334,52,36.0
8474628,2021,CGY,337.6666666666667,21,4.0
8480222,2021,NYI,40.05,3,2.0
8474151,2021,TBL,1096.7833333333333,50,12.0
8479318,2021,TOR,1120.8,52,66.0
8475869,2021,BUF,92.01666666666667,6,0.0
8476979,2021,MTL,485.0833333333333,29,12.0
8479547,2021,CGY,14.316666666666666,1,0.0
8478401,2021,NJD,856.8166666666667,50,35.0
8478569,2021,FLA,631.7666666666667,41,11.0
8478432,2021,UTA,662.9666666666667,52,11.0
8476442,2021,SJS,391.8333333333333,28,7.0
8480025,2021,CHI,49.083333333333336,5,2.0
8470600,2021,MIN,1241.5833333333333,56,19.0
8478020,2021,OTT,313.71666666666664,25,3.0
8480208,2021,OTT,922.4166666666666,56,34.0
8477951,2021,UTA,886.9333333333333,52,32.0
8477846,2021,CHI,507.53333333333336,40,5.0
8481638,2021,EDM,82.33333333333333,9,0.0
8479425,2021,DET,1308.95,56,26.0
8476905,2021,VGK,922.9333333333333,51,35.0
8477497,2021,CGY,884.4333333333333,50,29.0
8479945,2021,CBJ,138.48333333333332,9,1.0
8476439,2021,CGY,363.93333333333334,32,8.0
8470047,2021,DET,592.85,38,15.0
8474161,2021,PHI,896.6,53,43.0
8478447,2021,NJD,310.68333333333334,27,10.0
8480201,2021,PHI,19.466666666666665,2,0.0
8480289,2021,NYR,68.45,5,1.0
8477433,2021,NSH,558.35,34,7.0
8479402,2021,CAR,610.5833333333334,42,12.0
8466139,2021,SJS,743.95,56,9.0
8478866,2021,CGY,105.65,11,0.0
8471707,2021,EDM,351.01666666666665,29,10.0
8482641,2021,FLA,106.2,7,0.0
8476879,2021,PIT,981.4666666666667,53,17.0
8478396,2021,CGY,940.45,47,15.0
8476449,2021,CBJ,196.11666666666667,12,3.0
8479523,2021,CHI,156.73333333333332,12,1.0
8479981,2021,VAN,4.916666666666667,1,0.0
8476886,2021,EDM,236.95,18,1.0
8479671,2021,NSH,326.4,30,5.0
8476356,2021,BUF,538.9666666666667,44,7.0
8469459,2021,CBJ,87.23333333333333,7,2.0
8473449,2021,BUF,485.85,35,13.0
8479410,2021,TBL,1228.3166666666666,56,29.0
8473504,2021,NYI,672.0,50,11.0
8480009,2021,NSH,593.9166666666666,40,22.0
8476906,2021,PHI,817.2,41,20.0
8474749,2021,MIN,13.033333333333333,1,0.0
8476913,2021,EDM,415.03333333333336,38,9.0
8470610,2021,MIN,628.3666666666667,45,19.0
8480021,2021,BOS,254.31666666666666,20,3.0
8475193,2021,MTL,749.9666666666667,50,30.0
8480860,2021,NJD,118.41666666666667,7,2.0
8480884,2021,MIN,55.55,3,0.0
8478458,2021,CBJ,811.3166666666667,48,34.0
8474218,2021,UTA,706.8166666666667,41,4.0
8480879,2021,OTT,68.3,5,0.0
8479343,2021,UTA,930.7833333333333,56,35.0
8480184,2021,DET,209.53333333333333,13,3.0
8476415,2021,MIN,133.81666666666666,14,2.0
8479379,2021,DET,170.03333333333333,16,4.0
8477946,2021,DET,898.2,44,23.0
8475762,2021,WPG,1161.15,56,12.0
8479976,2021,CGY,756.2666666666667,49,11.0
8474062,2021,CBJ,466.06666666666666,37,7.0
8479370,2021,COL,762.05,54,17.0
8478056,2021,OTT,123.13333333333334,13,3.0
8476907,2021,STL,203.73333333333332,21,2.0
8478439,2021,PHI,794.8,50,33.0
8479328,2021,NYR,289.28333333333336,30,8.0
8480029,2021,OTT,239.88333333333333,20,6.0
8476921,2021,CAR,561.3,44,13.0
8478027,2021,FLA,228.03333333333333,20,3.0
8480801,2021,OTT,1019.8666666666667,56,36.0
8478046,2021,ANA,634.8666666666667,43,14.0
8477464,2021,TOR,71.93333333333334,7,1.0
8478542,2021,PIT,493.6666666666667,35,14.0
8477998,2021,CAR,749.5833333333334,53,20.0
8472382,2021,NYI,967.0333333333333,55,5.0
8475753,2021,STL,1358.5333333333333,56,25.0
8478519,2021,TBL,890.5,50,22.0
8480845,2021,LAK,80.3,7,1.0
8478472,2021,TBL,615.05,56,19.0
8475784,2021,BUF,766.8666666666667,53,14.0
8477366,2021,MIN,141.45,14,1.0
8477353,2021,VAN,384.95,24,9.0
8474673,2021,TOR,1207.2166666666667,56,14.0
8476875,2021,PIT,820.1,44,16.0
8478408,2021,TOR,674.4166666666666,51,6.0
8477320,2021,BOS,108.05,10,1.0
8474565,2021,VGK,1001.5166666666667,41,23.0
8474564,2021,TBL,693.1166666666667,38,34.0
8475794,2021,DAL,51.21666666666667,3,2.0
8480023,2021,STL,448.9,33,12.0
8475766,2021,OTT,408.0833333333333,34,10.0
8476952,2021,WPG,25.316666666666666,2,1.0
8476473,2021,CHI,1106.25,50,15.0
8475158,2021,STL,1162.7333333333333,56,54.0
8481535,2021,VAN,864.7833333333333,56,27.0
8477404,2021,PIT,1134.9666666666667,56,57.0
8479395,2021,DET,254.46666666666667,16,3.0
8478967,2021,UTA,166.15,15,3.0
8479420,2021,BUF,527.1666666666666,38,14.0
8476457,2021,EDM,1101.1666666666667,56,10.0
8478528,2021,DAL,413.55,39,10.0
8471284,2021,DAL,719.2333333333333,46,5.0
8470621,2021,MTL,673.1833333333333,49,21.0
8478498,2021,BOS,610.4666666666667,41,14.0
8471215,2021,PIT,585.45,33,28.0
8478483,2021,TOR,1233.4833333333333,55,67.0
8477901,2021,WSH,61.36666666666667,6,1.0
8477903,2021,WSH,690.7166666666667,56,18.0
8482116,2021,OTT,673.8166666666667,43,25.0
8482222,2021,SJS,270.85,22,8.0
8480056,2021,VAN,124.06666666666666,8,3.0
8474141,2021,CHI,1249.55,56,66.0
8478870,2021,SJS,603.3166666666667,41,17.0
8475184,2021,NYR,869.8666666666667,50,30.0
8481522,2021,VGK,45.733333333333334,4,1.0
8475197,2021,EDM,1197.9,56,48.0
8478416,2021,TBL,912.2166666666667,46,18.0
8470613,2021,SJS,1462.2333333333333,56,29.0
8474066,2021,NYI,81.3,5,2.0
8478502,2021,COL,20.15,3,0.0
8476480,2021,DET,858.7666666666667,53,17.0
8478840,2021,BUF,162.63333333333333,10,0.0
8479066,2021,FLA,330.3,34,4.0
8477810,2021,DAL,455.6166666666667,35,8.0
8481186,2021,COL,240.7,22,5.0
8476960,2021,LAK,702.3666666666667,47,23.0
8477409,2021,FLA,761.5,43,36.0
8477406,2021,VGK,955.3833333333333,56,23.0
8477495,2021,CBJ,1410.9,56,29.0
8474038,2021,MTL,590.5666666666667,46,16.0
8476483,2021,ANA,926.95,52,28.0
8479982,2021,COL,420.15,31,7.0
8476931,2021,BUF,249.36666666666667,13,3.0
8475278,2021,CGY,49.96666666666667,6,1.0
8475735,2021,BOS,47.86666666666667,5,1.0
8477290,2021,WSH,583.1166666666667,44,11.0
8481523,2021,CHI,334.28333333333336,18,10.0
8479316,2021,NSH,531.7833333333333,38,19.0
8478011,2021,MIN,13.966666666666667,1,0.0
8482062,2021,NSH,5.95,1,0.0
8479944,2021,PIT,658.0333333333333,45,15.0
8476919,2021,OTT,824.45,55,19.0
8478485,2021,BOS,80.88333333333334,8,0.0
8479516,2021,WSH,10.666666666666666,1,0.0
8475181,2021,NYI,1208.9833333333333,56,31.0
8482623,2021,CBJ,62.31666666666667,6,0.0
8476419,2021,NYI,906.4,54,28.0
8477814,2021,PIT,23.3,2,0.0
8480073,2021,OTT,490.73333333333335,30,13.0
8475780,2021,BOS,479.4,41,5.0
8479414,2021,NJD,517.45,41,10.0
8476463,2021,MIN,1189.45,53,23.0
8475906,2021,DAL,1202.95,53,36.0
8476430,2021,VGK,71.66666666666667,8,1.0
8479388,2021,CHI,321.6666666666667,21,1.0
8478888,2021,BOS,16.083333333333332,1,0.0
8475204,2021,CHI,11.483333333333333,1,0.0
8479322,2021,PHI,181.05,14,7.0
8474040,2021,DET,646.8166666666667,42,15.0
8482055,2021,PIT,89.53333333333333,10,1.0
8482369,2021,SJS,46.483333333333334,4,0.0
8473618,2021,WPG,655.0333333333333,56,19.0
8477335,2021,COL,50.4,5,1.0
8471675,2021,PIT,1121.9,55,62.0
8477935,2021,FLA,692.2166666666667,48,27.0
8474600,2021,NSH,1167.2666666666667,48,33.0
8474579,2021,NSH,11.966666666666667,1,0.0
8479675,2021,LAK,814.1166666666667,56,23.0
8481433,2021,DET,85.58333333333333,6,2.0
8477950,2021,NYR,113.43333333333334,6,1.0
8478366,2021,FLA,812.8166666666667,56,26.0
8474145,2021,STL,566.6,40,5.0
8476292,2021,TBL,958.8333333333334,55,46.0
8475848,2021,MTL,525.05,35,23.0
8482124,2021,LAK,90.01666666666667,6,1.0
8480776,2021,CAR,24.883333333333333,3,0.0
8477969,2021,PIT,774.8,47,9.0
8481105,2021,MTL,16.383333333333333,1,0.0
8476871,2021,VAN,871.9333333333333,51,18.0
8474034,2021,TBL,635.6333333333333,55,19.0
8477949,2021,VGK,925.45,55,33.0
8480014,2021,LAK,796.6166666666667,54,23.0
8480145,2021,WPG,1185.4666666666667,54,32.0
8479987,2021,CAR,352.3333333333333,36,9.0
8471274,2021,UTA,1288.3666666666666,56,22.0
8478115,2021,TOR,501.03333333333336,42,12.0
8474176,2021,WSH,789.6833333333333,56,16.0
8479974,2021,PHI,690.0833333333334,52,9.0
8476967,2021,MTL,741.2166666666667,46,8.0
8477573,2021,STL,107.98333333333333,8,1.0
8476428,2021,NSH,511.75,40,13.0
8477450,2021,DAL,825.7833333333333,51,15.0
8474683,2021,ANA,669.7833333333333,46,15.0
8475225,2021,BOS,803.25,54,32.0
8480070,2021,CHI,588.5666666666667,39,7.0
8475149,2021,MIN,574.3833333333333,36,14.0
8475233,2021,TBL,1071.6833333333334,54,6.0
8471699,2021,DAL,752.1,54,11.0
8478882,2021,CBJ,1067.0666666666666,55,12.0
8476458,2021,NYR,1023.6333333333333,56,49.0
8471214,2021,WSH,877.5833333333334,45,42.0
8471873,2021,FLA,719.7166666666667,38,9.0
8478131,2021,BOS,25.516666666666666,3,0.0
8477391,2021,NSH,10.633333333333333,1,1.0
8475797,2021,BOS,358.73333333333335,21,1.0
8478460,2021,CBJ,852.5666666666667,35,20.0
8471724,2021,PIT,1355.6666666666667,55,45.0
8477960,2021,LAK,948.9833333333333,56,29.0
8477964,2021,STL,507.4166666666667,38,12.0
8481477,2021,MIN,542.95,50,17.0
8480844,2021,FLA,83.58333333333333,7,4.0
8479337,2021,CHI,1071.8333333333333,52,56.0
8476392,2021,WPG,808.4666666666667,52,24.0
8481058,2021,MTL,11.383333333333333,1,0.0
8479587,2021,DAL,278.96666666666664,28,2.0
8480196,2021,BUF,723.7333333333333,38,9.0
8478467,2021,SJS,67.13333333333334,7,1.0
8476888,2021,CBJ,440.1166666666667,32,12.0
8479252,2021,COL,182.95,18,3.0
8477989,2021,UTA,1028.5333333333333,56,31.0
8476312,2021,ANA,403.2,22,7.0
8476851,2021,TOR,432.01666666666665,34,13.0
8477454,2021,DET,625.8166666666667,45,20.0
8482247,2021,CBJ,412.9,26,6.0
8478550,2021,NYR,825.0,42,58.0
8475236,2021,BUF,594.9666666666667,46,7.0
8475324,2021,WSH,917.2666666666667,53,14.0
8477492,2021,COL,977.9666666666667,48,65.0
8475726,2021,MTL,911.1833333333333,52,44.0
8477479,2021,DET,176.53333333333333,9,7.0
8478857,2021,NYI,7.216666666666667,1,0.0
8479998,2021,LAK,1144.2333333333333,54,11.0
8475690,2021,CGY,1216.9333333333334,56,11.0
8473419,2021,BOS,1002.25,53,69.0
8477456,2021,COL,682.15,48,18.0
8477380,2021,NYR,56.666666666666664,5,1.0
8471303,2021,VAN,1087.1333333333334,52,8.0
8481812,2021,SJS,937.85,56,10.0
8471735,2021,FLA,967.5,56,27.0
8476874,2021,LAK,673.8833333333333,41,4.0
8475151,2021,NYI,844.7833333333333,51,21.0
8480798,2021,CHI,705.1666666666666,54,16.0
8477520,2021,BUF,5.55,1,0.0
8481600,2021,LAK,554.8833333333333,33,6.0
8475750,2021,MTL,894.25,49,5.0
8477932,2021,FLA,878.0333333333333,35,22.0
8471804,2021,CBJ,100.03333333333333,9,3.0
8474688,2021,SJS,183.8,13,3.0
8471817,2021,VGK,367.3833333333333,37,5.0
8476897,2021,STL,424.31666666666666,28,9.0
8475222,2021,DAL,663.8333333333334,39,6.0
8478831,2021,CBJ,400.8666666666667,32,10.0
8473422,2021,TOR,870.65,49,20.0
8477498,2021,EDM,1434.7,56,36.0
8480005,2021,WPG,104.21666666666667,12,1.0
8478434,2021,VGK,420.03333333333336,44,12.0
8481518,2021,NJD,58.11666666666667,6,2.0
8474613,2021,OTT,301.6333333333333,20,6.0
8477478,2021,VGK,541.3833333333333,52,15.0
8478508,2021,NSH,518.5833333333334,45,11.0
8475191,2021,VGK,947.25,53,25.0
8476792,2021,STL,1148.5833333333333,51,32.0
8477952,2021,DET,518.4166666666666,30,18.0
8477426,2021,OTT,900.6,56,20.0
8474090,2021,NYR,788.8333333333334,48,10.0
8478466,2021,WSH,490.0833333333333,42,20.0
8475718,2021,TOR,1158.4666666666667,55,20.0
8476885,2021,NYR,816.1666666666666,38,12.0
8481740,2021,NJD,61.05,7,1.0
8479439,2021,COL,493.3666666666667,33,9.0
8478403,2021,BUF,430.53333333333336,21,18.0
8476368,2021,TBL,74.31666666666666,6,0.0
8480226,2021,NJD,86.25,8,2.0
8481560,2021,LAK,14.7,1,1.0
8477931,2021,VGK,494.03333333333336,38,16.0
8477845,2021,WSH,341.53333333333336,20,3.0
8476326,2021,EDM,704.3166666666667,52,13.0
8478465,2021,VAN,11.516666666666667,1,0.0
8477851,2021,UTA,769.8,43,11.0
8480466,2021,CAR,19.566666666666666,1,0.0
8474031,2021,ANA,1166.2666666666667,55,15.0
8480002,2021,NJD,388.8666666666667,21,11.0
8475808,2021,UTA,122.23333333333333,13,0.0
8476917,2021,NYI,1178.4166666666667,56,14.0
8478106,2021,VGK,61.46666666666667,6,2.0
8471260,2021,DAL,802.75,51,14.0
8480031,2021,ANA,849.9,55,33.0
8476429,2021,NYI,1091.1833333333334,56,15.0
8478491,2021,ANA,799.9333333333333,46,7.0
8477508,2021,BOS,666.1833333333333,50,13.0
8481528,2021,BUF,588.5666666666667,41,13.0
8479542,2021,CHI,727.8666666666667,52,24.0
8480853,2021,CBJ,302.23333333333335,24,4.0
8477444,2021,COL,800.1333333333333,53,44.0
8479462,2021,NYR,53.1,4,1.0
8477369,2021,MIN,764.7833333333333,50,17.0
8477070,2021,COL,78.83333333333333,12,3.0
8476882,2021,CAR,345.26666666666665,21,14.0
8471233,2021,NYI,755.5666666666667,46,20.0
8480074,2021,CBJ,776.1333333333333,49,15.0
8478013,2021,STL,347.1,24,2.0
8474037,2021,PHI,926.0333333333333,56,43.0
8480008,2021,CGY,32.25,3,1.0
8474102,2021,STL,1038.6666666666667,56,58.0
8478420,2021,COL,1035.6666666666667,52,66.0
8478507,2021,PIT,1078.15,52,13.0
8476924,2021,LAK,9.35,1,0.0
8474567,2021,TOR,654.1666666666666,45,4.0
8480035,2021,BUF,845.5,46,8.0
8479986,2021,VAN,92.06666666666666,7,0.0
8481481,2021,LAK,521.2333333333333,41,10.0
8479344,2021,EDM,832.05,55,25.0
8476344,2021,VAN,136.15,14,4.0
8476975,2021,CAR,439.28333333333336,47,8.0
8482241,2021,PIT,72.23333333333333,8,4.0
8471686,2021,DET,1032.7833333333333,56,10.0
8480459,2021,CHI,898.0,55,27.0
8476381,2021,CHI,210.13333333333333,14,4.0
8481626,2021,BUF,237.68333333333334,17,6.0
8474189,2021,WSH,719.8666666666667,44,23.0
8477476,2021,MTL,632.35,47,13.0
8479994,2021,LAK,458.0833333333333,34,11.0
8475810,2021,PIT,1104.55,56,42.0
8476927,2021,PIT,638.55,43,22.0
8480901,2021,BOS,212.73333333333332,20,2.0
8479356,2021,NYI,154.28333333333333,14,3.0
8474162,2021,TOR,1141.7666666666667,53,27.0
8475772,2021,BUF,704.95,53,13.0
8478474,2021,UTA,728.8833333333333,51,13.0
8475763,2021,PHI,963.3833333333333,55,31.0
8478949,2021,CBJ,62.11666666666667,6,1.0
8478463,2021,NYI,770.85,47,28.0
8477355,2021,NJD,437.96666666666664,23,11.0
8471685,2021,LAK,1186.3666666666666,56,50.0
8476869,2021,CAR,1078.0833333333333,52,10.0
8475218,2021,NSH,1101.15,48,23.0
8477314,2021,WSH,15.616666666666667,2,0.0
8475186,2021,BOS,104.93333333333334,5,2.0
8478906,2021,FLA,479.1333333333333,30,10.0
8478440,2021,CHI,620.0333333333333,40,17.0
8475413,2021,DAL,298.9166666666667,27,5.0
8477365,2021,BOS,801.35,44,7.0
8478462,2021,VGK,650.65,50,15.0
8466138,2021,TOR,603.95,44,20.0
8478067,2021,PHI,659.0833333333334,50,14.0
8473507,2021,MTL,1249.85,55,42.0
8477149,2021,TOR,4.483333333333333,1,0.0
8481178,2021,PHI,34.13333333333333,2,0.0
8478400,2021,OTT,661.1,45,18.0
8479382,2021,PHI,208.9,18,1.0
8475745,2021,BOS,831.2,51,16.0
8480326,2021,COL,23.433333333333334,3,0.0
8479378,2021,WPG,489.23333333333335,37,4.0
8476404,2021,PHI,52.0,6,0.0
8480078,2021,NYR,555.45,42,22.0
8473994,2021,DAL,924.8833333333333,52,35.0
8476390,2021,MIN,43.06666666666667,4,1.0
8476438,2021,COL,619.7333333333333,44,24.0
8477930,2021,COL,600.3166666666667,53,11.0
8479358,2021,PHI,61.983333333333334,7,0.0
8481572,2021,WPG,77.65,5,0.0
8475844,2021,TOR,4.133333333333334,1,0.0
8480053,2021,SJS,48.766666666666666,5,2.0
8480058,2021,PIT,268.6166666666667,16,5.0
8476474,2021,TOR,57.65,6,0.0
8479398,2021,COL,1114.2,48,32.0
8478421,2021,NJD,8.55,1,0.0
8480871,2021,CHI,596.4666666666667,35,15.0
8477511,2021,WSH,1014.2333333333333,56,29.0
8478040,2021,STL,37.81666666666667,5,0.0
8477944,2021,DET,750.3166666666667,50,36.0
8481640,2021,SJS,10.316666666666666,1,0.0
8478864,2021,MIN,1006.5,55,51.0
8479546,2021,BOS,40.21666666666667,3,0.0
8480769,2021,DAL,113.05,12,2.0
8471698,2021,WSH,957.65,53,43.0
8477463,2021,STL,42.016666666666666,3,1.0
8476448,2021,VGK,1045.4333333333334,56,39.0
8474618,2021,STL,976.9,49,9.0
8480028,2021,PHI,20.466666666666665,2,0.0
8476925,2021,NSH,776.8,54,15.0
8476432,2021,CBJ,737.9666666666667,41,16.0
8474291,2021,VAN,376.1,30,5.0
8477451,2021,MIN,768.8333333333334,51,22.0
8479772,2021,VAN,293.78333333333336,34,2.0
8477956,2021,BOS,893.6666666666666,48,48.0
8477501,2021,COL,774.35,55,21.0
8481554,2021,NYR,688.6833333333333,48,17.0
8479573,2021,NJD,377.75,33,9.0
8476891,2021,BOS,730.5,37,20.0
8474716,2021,MIN,1193.0333333333333,54,25.0
8478075,2021,BUF,624.9833333333333,45,11.0
8479992,2021,DET,592.15,40,12.0
8477482,2021,STL,774.3,52,16.0
8480830,2021,CAR,964.65,55,42.0
8474053,2021,SJS,1021.2833333333333,53,31.0
8481624,2021,TOR,767.3166666666667,54,17.0
8477244,2021,PIT,249.78333333333333,17,2.0
8479999,2021,BUF,651.1666666666666,41,22.0
8477446,2021,NSH,61.75,6,0.0
8479511,2021,NJD,695.2166666666667,46,25.0
8475279,2021,MTL,893.2,41,7.0
8480817,2021,NYR,1118.8166666666666,53,12.0
8479369,2021,CBJ,188.68333333333334,11,3.0
8477021,2021,TOR,808.8833333333333,56,23.0
8477343,2021,NSH,28.333333333333332,2,1.0
8476456,2021,FLA,1012.15,55,61.0
8476918,2021,VAN,636.1666666666666,50,10.0
8476854,2021,ANA,396.53333333333336,18,6.0
8478104,2021,STL,434.31666666666666,36,15.0
8476934,2021,CAR,554.4666666666667,37,13.0
8477512,2021,UTA,13.483333333333333,2,0.0
8474573,2021,NYI,944.8,54,35.0
8480800,2021,VAN,1277.5,56,41.0
8478911,2021,LAK,847.6,44,10.0
8477503,2021,CBJ,821.75,54,24.0
8479371,2021,NSH,771.4833333333333,40,12.0
8477940,2021,WPG,794.0333333333333,47,47.0
8477979,2021,PHI,558.7333333333333,50,12.0
8480822,2021,COL,39.983333333333334,5,0.0
8479411,2021,OTT,19.433333333333334,2,0.0
8479293,2021,PIT,461.93333333333334,32,16.0
8474602,2021,WSH,874.7833333333333,46,27.0
8478445,2021,NYI,1031.4166666666667,55,45.0
8476407,2021,ANA,195.33333333333334,13,0.0
8473563,2021,WSH,1022.7166666666667,55,53.0
8477073,2021,LAK,374.0,28,4.0
8481813,2021,EDM,386.18333333333334,34,3.0
8479365,2021,BOS,472.95,42,5.0
8476285,2021,OTT,44.45,5,1.0
8476988,2021,NSH,865.25,53,4.0
8476467,2021,DAL,1146.7833333333333,56,14.0
8476331,2021,WPG,882.4833333333333,52,9.0
8481582,2021,TOR,56.56666666666667,6,1.0
8476389,2021,CAR,856.6166666666667,47,43.0
8480467,2021,LAK,180.05,13,1.0
8481596,2021,OTT,150.25,12,7.0
8480012,2021,VAN,482.78333333333336,26,21.0
8477330,2021,CHI,864.05,56,38.0
8471676,2021,DET,506.65,33,14.0
8474604,2021,UTA,12.833333333333334,1,0.0
8480336,2021,LAK,853.9333333333333,47,17.0
8476422,2021,BOS,1060.25,55,27.0
8478874,2021,CHI,445.53333333333336,40,11.0
8480762,2021,CBJ,694.0,56,18.0
8478868,2021,SJS,78.3,7,1.0
8479325,2021,BOS,1224.3333333333333,51,30.0
8478585,2021,CGY,511.4166666666667,43,13.0
8471262,2021,COL,645.7833333333333,45,17.0
8478512,2021,NYI,49.96666666666667,4,0.0
8478427,2021,CAR,1090.35,56,57.0
8473548,2021,UTA,955.1333333333333,56,43.0
8478449,2021,DAL,747.8666666666667,41,43.0
8476822,2021,DET,799.4166666666666,54,15.0
8475172,2021,COL,923.1166666666667,56,32.0
8478915,2021,WPG,77.8,6,0.0
8475792,2021,CHI,375.95,31,6.0
8479977,2021,EDM,850.6333333333333,52,21.0
8474068,2021,EDM,332.9166666666667,27,5.0
8476966,2021,TBL,50.21666666666667,5,3.0
8475235,2021,ANA,554.5666666666667,49,10.0
8479602,2021,NSH,240.65,16,1.0
8474870,2021,TBL,750.3,55,22.0
8476441,2021,MTL,1102.1333333333334,55,13.0
8470612,2021,ANA,795.7833333333333,48,17.0
8474563,2021,LAK,1476.0166666666667,56,33.0
8479355,2021,VAN,303.81666666666666,23,3.0
8470755,2021,NSH,208.96666666666667,17,4.0
8478074,2021,PIT,151.68333333333334,19,4.0
8474849,2021,VAN,402.7,35,4.0
8480001,2021,BOS,170.25,9,2.0
8480950,2022,TOR,1344.2333333333333,77,15.0
8476952,2022,WPG,646.6833333333333,77,14.0
8477210,2022,ANA,295.9,32,6.0
8481186,2022,COL,1123.5833333333333,81,24.0
8476391,2022,LAK,21.683333333333334,2,0.0
8480990,2022,WPG,25.9,2,0.0
8480304,2022,SJS,39.28333333333333,3,1.0
8477447,2022,VGK,1804.45,78,52.0
8478447,2022,SJS,111.7,9,3.0
8475246,2022,PHI,509.98333333333335,39,3.0
8482634,2022,TOR,23.916666666666668,3,1.0
8475167,2022,TBL,2056.2,82,85.0
8477021,2022,TOR,1247.6,82,51.0
8480019,2022,PHI,107.46666666666667,10,4.0
8475728,2022,WSH,684.1333333333333,43,21.0
8476891,2022,BOS,1367.0833333333333,73,24.0
8479325,2022,BOS,1923.1,78,56.0
8481604,2022,VGK,13.0,2,0.0
8481122,2022,ANA,746.9,53,5.0
8475848,2022,MTL,841.0333333333333,56,24.0
8474066,2022,NYI,38.95,2,0.0
8476989,2022,FLA,126.5,9,1.0
8480113,2022,LAK,1461.7166666666667,79,37.0
8478498,2022,BOS,1157.8,77,42.0
8478881,2022,TOR,14.033333333333333,2,0.0
8478434,2022,VGK,974.0833333333334,77,24.0
8475455,2022,WPG,1487.7833333333333,79,20.0
8477335,2022,VAN,543.3333333333334,42,5.0
8480858,2022,MTL,10.25,1,0.0
8474589,2022,OTT,714.9333333333333,57,24.0
8476374,2022,CBJ,1221.2166666666667,77,30.0
8480068,2022,MTL,695.1333333333333,57,17.0
8478868,2022,NJD,121.11666666666666,11,0.0
8481167,2022,VGK,19.516666666666666,2,0.0
8475235,2022,MIN,920.6,81,13.0
8480762,2022,CBJ,930.7666666666667,67,27.0
8476539,2022,VGK,1336.0166666666667,76,66.0
8476437,2022,SEA,573.1833333333333,47,21.0
8474709,2022,NYI,812.2166666666667,71,7.0
8479369,2022,CBJ,1761.0833333333333,82,15.0
8476329,2022,UTA,1222.15,74,35.0
8481533,2022,ANA,1343.0333333333333,75,61.0
8477215,2022,DET,1091.75,59,11.0
8480007,2022,VGK,300.3666666666667,30,6.0
8475722,2022,PIT,607.6333333333333,41,17.0
8479442,2022,LAK,483.3833333333333,29,3.0
8477933,2022,FLA,1385.2,78,82.0
8479985,2022,SEA,25.983333333333334,2,0.0
8475169,2022,EDM,836.3666666666667,43,39.0
8482197,2022,SJS,40.28333333333333,5,0.0
8477511,2022,WSH,561.25,37,23.0
8475178,2022,EDM,683.5,58,19.0
8483397,2022,BOS,115.35,11,3.0
8476404,2022,NYI,59.916666666666664,6,1.0
8477631,2022,MTL,8.4,1,0.0
8477979,2022,COL,726.4,74,23.0
8478415,2022,BOS,157.25,10,3.0
8480071,2022,NYI,350.51666666666665,21,5.0
8481518,2022,NJD,72.56666666666666,7,4.0
8477034,2022,SJS,841.3,44,8.0
8480797,2022,PHI,1107.9833333333333,63,34.0
8480036,2022,DAL,1742.1,70,36.0
8478477,2022,DET,301.81666666666666,27,6.0
8478460,2022,CBJ,1745.0,68,48.0
8479414,2022,NJD,857.2,72,18.0
8482655,2022,UTA,803.8,43,15.0
8479534,2022,PHI,85.31666666666666,5,2.0
8479542,2022,TBL,1259.4666666666667,77,44.0
8477497,2022,CGY,913.85,65,23.0
8478099,2022,SJS,279.1166666666667,21,6.0
8472382,2022,NYI,1201.3833333333334,69,10.0
8476448,2022,VGK,1224.8833333333334,67,35.0
8480023,2022,STL,1351.9166666666667,72,77.0
8479987,2022,SEA,920.4,73,22.0
8477956,2022,BOS,1339.5333333333333,72,77.0
8477380,2022,NYR,238.83333333333334,22,2.0
8477508,2022,BOS,839.5833333333334,70,16.0
8481711,2022,UTA,326.53333333333336,23,6.0
8477435,2022,NJD,1553.5166666666667,75,28.0
8477996,2022,VAN,920.7,75,15.0
8476460,2022,WPG,1415.9666666666667,67,70.0
8471724,2022,PIT,2010.6333333333334,78,68.0
8478396,2022,CGY,1725.9,81,48.0
8479323,2022,NYR,1864.7666666666667,78,74.0
8478507,2022,PIT,1671.5833333333333,81,25.0
8479351,2022,ANA,837.2166666666667,68,20.0
8479661,2022,NSH,1294.9833333333333,81,41.0
8474884,2022,MTL,1141.8166666666666,67,35.0
8474207,2022,OTT,1508.5,76,19.0
8479404,2022,CHI,546.9833333333333,52,7.0
8476982,2022,ANA,50.28333333333333,5,1.0
8481461,2022,MTL,398.3833333333333,24,6.0
8476436,2022,UTA,177.41666666666666,12,1.0
8481849,2022,VGK,32.65,3,0.0
8481004,2022,CHI,180.45,15,1.0
8474590,2022,WSH,1857.25,78,71.0
8480844,2022,FLA,15.5,1,0.0
8474176,2022,WSH,754.5666666666667,53,14.0
8481553,2022,PHI,154.48333333333332,10,4.0
8475231,2022,NYI,1017.2666666666667,74,16.0
8476870,2022,COL,3.65,1,0.0
8479425,2022,DET,1718.1,78,38.0
8476624,2022,NYR,1320.2666666666667,79,33.0
8479322,2022,PHI,8.266666666666667,1,0.0
8478133,2022,MTL,1122.85,72,29.0
8479359,2022,WSH,108.53333333333333,12,1.0
8480336,2022,LAK,110.23333333333333,6,2.0
8477887,2022,PHI,547.0833333333334,44,9.0
8471274,2022,MIN,1363.0666666666666,72,30.0
8480800,2022,VAN,1917.6,76,68.0
8478046,2022,PIT,966.3333333333334,76,33.0
8476479,2022,LAK,1431.9333333333334,79,51.0
8482125,2022,NJD,110.43333333333334,9,2.0
8479419,2022,BUF,246.73333333333332,19,6.0
8477969,2022,PIT,1127.1666666666667,72,19.0
8479421,2022,LAK,310.48333333333335,19,2.0
8470610,2022,NYI,1253.3,82,35.0
8476432,2022,CBJ,1207.4166666666667,59,44.0
8478136,2022,MIN,1233.1666666666667,66,14.0
8480980,2022,MIN,346.3666666666667,35,6.0
8476372,2022,PHI,562.3666666666667,43,3.0
8475744,2022,WSH,1602.15,79,78.0
8478366,2022,NYR,934.3,71,32.0
8475236,2022,BUF,937.5,69,12.0
8478542,2022,PIT,1298.6333333333334,82,43.0
8478173,2022,PHI,79.2,6,3.0
8479968,2022,ANA,387.98333333333335,31,10.0
8480845,2022,LAK,672.65,57,13.0
8476907,2022,STL,111.56666666666666,14,2.0
8475799,2022,CAR,1112.9833333333333,75,44.0
8475158,2022,STL,1488.3,78,58.0
8476889,2022,DAL,1214.2,77,19.0
8479543,2022,MTL,399.6333333333333,51,11.0
8477839,2022,WSH,1085.3,71,43.0
8479536,2022,WSH,257.18333333333334,23,4.0
8478432,2022,UTA,694.9666666666667,53,10.0
8479337,2022,CHI,1710.2166666666667,82,78.0
8479992,2022,DET,1161.45,80,27.0
8480028,2022,PHI,765.7333333333333,55,16.0
8477018,2022,VGK,896.9833333333333,58,13.0
8482815,2022,TOR,30.116666666666667,3,0.0
8475168,2022,NSH,1483.0666666666666,78,86.0
8475855,2022,CAR,1214.4666666666667,82,34.0
8477974,2022,BUF,10.0,1,0.0
8471685,2022,LAK,1682.3333333333333,81,67.0
8476878,2022,BUF,828.2,56,18.0
8480008,2022,CGY,286.26666666666665,28,10.0
8475324,2022,WSH,1470.25,76,21.0
8475200,2022,WSH,1593.1666666666667,76,35.0
8476396,2022,BOS,20.6,2,0.0
8477472,2022,TOR,40.95,3,2.0
8479999,2022,BUF,644.8166666666667,40,19.0
8480901,2022,SEA,523.75,44,10.0
8477446,2022,NSH,529.85,51,14.0
8479400,2022,WPG,1532.5166666666667,81,60.0
8478057,2022,STL,254.78333333333333,30,8.0
8477919,2022,MIN,1239.85,76,44.0
8478446,2022,CGY,18.483333333333334,2,0.0
8481133,2022,OTT,8.583333333333334,1,0.0
8480878,2022,NYR,348.3,25,4.0
8480979,2022,UTA,141.5,10,4.0
8474038,2022,MTL,340.21666666666664,27,7.0
8476966,2022,DET,14.416666666666666,2,0.0
8478424,2022,WPG,729.7,77,13.0
8481019,2022,WPG,4.933333333333334,2,0.0
8477240,2022,DET,277.3833333333333,26,6.0
8471873,2022,UTA,1579.1166666666666,74,23.0
8478020,2022,VGK,680.95,56,18.0
8477444,2022,COL,1300.6666666666667,80,61.0
8480873,2022,TOR,864.9333333333333,51,16.0
8480870,2022,ANA,197.9,18,3.0
8474697,2022,NSH,747.8166666666667,57,4.0
8477384,2022,BOS,739.2666666666667,52,6.0
8481521,2022,PHI,248.91666666666666,15,4.0
8480830,2022,CAR,1346.2666666666667,78,69.0
8477290,2022,DAL,1104.75,76,16.0
8478401,2022,NJD,1179.8,70,36.0
8480009,2022,NSH,1007.0833333333334,75,23.0
8476905,2022,VGK,1525.0666666666666,79,64.0
8470619,2022,PIT,712.0666666666667,66,21.0
8481077,2022,SJS,157.91666666666666,14,2.0
8478585,2022,EDM,857.3166666666667,75,22.0
8480226,2022,DAL,367.85,33,4.0
8478841,2022,NJD,357.8333333333333,27,4.0
8474688,2022,ANA,141.2,10,2.0
8475768,2022,SEA,682.9,37,23.0
8480058,2022,PIT,72.9,4,0.0
8476326,2022,EDM,72.33333333333333,8,1.0
8480056,2022,VAN,124.41666666666667,9,0.0
8476456,2022,FLA,1555.4,80,115.0
8479639,2022,VGK,837.8166666666667,59,13.0
8480054,2022,NJD,14.383333333333333,1,1.0
8478491,2022,ANA,91.63333333333334,6,1.0
8476441,2022,MTL,470.0,24,6.0
8475726,2022,CGY,1206.45,74,49.0
8479447,2022,NYR,9.733333333333333,1,0.0
8470606,2022,LAK,943.25,64,28.0
8480865,2022,NYI,1716.8666666666666,80,51.0
8481572,2022,WPG,178.71666666666667,12,5.0
8474573,2022,NYI,1249.8333333333333,74,44.0
8474683,2022,ANA,1016.2666666666667,71,29.0
8481546,2022,PHI,572.4333333333333,30,10.0
8477506,2022,NYI,1183.5666666666666,56,21.0
8480073,2022,OTT,1047.5666666666666,53,14.0
8476915,2022,CHI,367.2,27,3.0
8476854,2022,BOS,1597.95,71,27.0
8480029,2022,OTT,1220.6833333333334,79,32.0
8478233,2022,CGY,1289.6166666666666,82,55.0
8474056,2022,NJD,1408.8,77,22.0
8482665,2022,SEA,169.4,10,9.0
8480384,2022,SEA,65.98333333333333,8,0.0
8478468,2022,NSH,1166.3166666666666,66,7.0
8478463,2022,NYI,1262.5,75,34.0
8481532,2022,LAK,90.0,8,0.0
8478414,2022,SJS,1475.0166666666667,77,76.0
8478891,2022,WPG,1012.1833333333333,68,21.0
8479944,2022,ANA,899.5833333333334,69,15.0
8470612,2022,ANA,1061.65,56,37.0
8480913,2022,COL,8.316666666666666,1,0.0
8476368,2022,TBL,88.78333333333333,9,0.0
8471677,2022,COL,1370.85,82,14.0
8481530,2022,ANA,9.35,1,0.0
8475810,2022,PIT,1126.2166666666667,60,58.0
8475343,2022,WSH,912.8166666666667,64,24.0
8480871,2022,CBJ,886.3833333333333,52,22.0
8478970,2022,CAR,236.61666666666667,16,3.0
8480083,2022,CAR,9.366666666666667,1,0.0
8473533,2022,CAR,1297.3,78,36.0
8471699,2022,COL,937.5666666666667,74,16.0
8480860,2022,NJD,267.6666666666667,17,4.0
8479511,2022,NJD,769.0166666666667,57,17.0
8474600,2022,NSH,2044.35,80,96.0
8482192,2022,CHI,49.35,4,0.0
8475462,2022,FLA,1387.2333333333333,77,16.0
8476415,2022,MIN,44.083333333333336,5,0.0
8474145,2022,STL,1002.8333333333334,73,6.0
8474716,2022,MIN,1374.75,65,40.0
8473449,2022,BUF,1241.4833333333333,74,45.0
8481537,2022,NJD,76.06666666666666,5,2.0
8474031,2022,ANA,1756.2,82,35.0
8478882,2022,CBJ,1782.9666666666667,80,33.0
8479388,2022,CHI,783.3166666666667,52,12.0
8478519,2022,TBL,1391.7333333333333,76,43.0
8483570,2022,COL,49.733333333333334,5,1.0
8478211,2022,NYR,933.85,76,17.0
8477955,2022,SEA,1194.2166666666667,74,50.0
8481656,2022,WSH,390.5,33,9.0
8482652,2022,CGY,8.783333333333333,1,0.0
8470626,2022,UTA,943.1833333333333,73,19.0
8474602,2022,WSH,1252.0833333333333,74,23.0
8479518,2022,DAL,18.6,3,1.0
8479580,2022,OTT,764.5833333333334,63,7.0
8481239,2022,LAK,54.88333333333333,4,0.0
8476826,2022,SEA,1367.7666666666667,74,48.0
8479573,2022,COL,145.28333333333333,18,0.0
8478874,2022,OTT,656.5333333333333,58,14.0
8480064,2022,OTT,1226.2166666666667,66,55.0
8477464,2022,VAN,185.16666666666666,18,2.0
8477962,2022,LAK,537.25,50,13.0
8478838,2022,MTL,63.81666666666667,6,1.0
8479335,2022,BUF,1142.2166666666667,80,27.0
8476390,2022,MIN,6.916666666666667,1,1.0
8475794,2022,DAL,1443.3,81,49.0
8480184,2022,DET,1015.4333333333333,63,13.0
8478864,2022,MIN,1547.7333333333333,81,108.0
8478056,2022,OTT,75.08333333333333,9,1.0
8477964,2022,STL,1331.7666666666667,81,60.0
8476979,2022,CHI,956.8666666666667,59,18.0
8480727,2022,VGK,1109.1833333333334,59,19.0
8475784,2022,BUF,1368.3,80,63.0
8479364,2022,NYR,75.7,8,0.0
8474722,2022,DET,9.3,1,0.0
8478550,2022,NYR,1441.6833333333334,75,96.0
8482654,2022,PHI,99.86666666666666,11,1.0
8481624,2022,TOR,808.7333333333333,53,32.0
8477494,2022,MTL,581.2166666666667,34,20.0
8477495,2022,CHI,1660.8333333333333,63,45.0
8478438,2022,NSH,318.43333333333334,27,7.0
8476393,2022,NSH,847.85,68,22.0
8480222,2022,NYI,592.3833333333333,36,12.0
8475958,2022,WSH,98.95,10,4.0
8474565,2022,VGK,1971.5833333333333,80,44.0
8482745,2022,ANA,117.71666666666667,9,3.0
8476505,2022,DET,26.75,2,0.0
8479974,2022,VGK,287.6666666666667,25,7.0
8479362,2022,DAL,71.98333333333333,10,1.0
8477401,2022,BUF,596.6166666666667,55,4.0
8477353,2022,NYR,812.65,58,15.0
8480835,2022,CAR,31.916666666666668,2,2.0
8480459,2022,DET,1387.7666666666667,82,36.0
8474037,2022,PHI,1321.2166666666667,82,38.0
8475279,2022,FLA,1690.8166666666666,74,26.0
8479671,2022,NSH,100.98333333333333,10,1.0
8476473,2022,CHI,1240.4666666666667,57,10.0
8480829,2022,CAR,793.5333333333333,66,29.0
8479482,2022,WSH,237.58333333333334,15,2.0
8480839,2022,BUF,1921.15,80,53.0
8480072,2022,LAK,212.3,20,2.0
8476856,2022,MIN,1317.0,57,27.0
8479998,2022,LAK,1146.5,57,8.0
8474715,2022,PHI,1332.0,73,50.0
8470966,2022,TOR,1566.0,75,35.0
8475181,2022,STL,1606.4333333333334,75,24.0
8479977,2022,EDM,1366.55,81,41.0
8476882,2022,CAR,1362.8666666666666,77,65.0
8474870,2022,CHI,404.56666666666666,32,8.0
8475218,2022,NSH,1784.35,76,31.0
8480802,2022,EDM,905.9666666666667,71,21.0
8481560,2022,LAK,1011.9333333333333,80,27.0
8477931,2022,BOS,1001.85,75,17.0
8479293,2022,SEA,437.03333333333336,30,15.0
8478967,2022,SJS,305.03333333333336,29,2.0
8479344,2022,EDM,1055.0333333333333,65,36.0
8480005,2022,WPG,459.53333333333336,53,3.0
8482175,2022,BUF,32.25,2,0.0
8481517,2022,WSH,322.4,36,6.0
8476913,2022,EDM,468.51666666666665,49,11.0
8480306,2022,NYI,226.98333333333332,16,1.0
8474586,2022,SEA,1418.2333333333333,79,44.0
8479984,2022,TBL,735.05,56,9.0
8478458,2022,CBJ,1156.7833333333333,81,45.0
8480289,2022,WPG,264.5833333333333,27,5.0
8479376,2022,OTT,541.1,37,7.0
8478476,2022,UTA,720.1833333333333,45,9.0
8481559,2022,NJD,958.7,49,56.0
8474149,2022,VGK,1234.1333333333334,78,43.0
8475754,2022,NYI,1272.5833333333333,72,59.0
8476467,2022,SEA,1391.9666666666667,72,17.0
8478416,2022,TBL,1053.4166666666667,55,13.0
8482671,2022,BUF,176.68333333333334,8,3.0
8481599,2022,UTA,261.1333333333333,16,0.0
8479291,2022,NYR,844.85,61,12.0
8481708,2022,NYR,182.08333333333334,12,2.0
8475825,2022,DAL,1296.6666666666667,80,12.0
8478421,2022,NJD,70.7,9,2.0
8475184,2022,NYR,1517.1333333333334,81,77.0
8479341,2022,UTA,531.7166666666667,34,7.0
8478021,2022,MTL,415.15,33,5.0
8480842,2022,PIT,5.866666666666666,1,0.0
8475163,2022,VAN,777.2333333333333,67,22.0
8477846,2022,CGY,842.9833333333333,67,12.0
8477433,2022,NSH,261.03333333333336,19,1.0
8480087,2022,WSH,5.1,1,0.0
8477402,2022,STL,1335.9166666666667,73,76.0
8476459,2022,NYR,1590.25,81,81.0
8479333,2022,NYR,223.18333333333334,17,1.0
8478131,2022,TOR,699.3666666666667,50,27.0
8478512,2022,SEA,185.3,17,7.0
8473415,2022,TOR,26.233333333333334,2,0.0
8476822,2022,DAL,1157.4833333333333,82,16.0
8474141,2022,CHI,1702.2166666666667,78,92.0
8475151,2022,NYI,1078.1166666666666,69,33.0
8476981,2022,MTL,1188.55,69,32.0
8478413,2022,MIN,902.8666666666667,62,27.0
8474641,2022,ANA,1010.3333333333334,58,42.0
8477473,2022,VAN,127.1,14,0.0
8475753,2022,STL,1762.9833333333333,76,47.0
8475690,2022,CGY,1677.25,82,28.0
8474818,2022,MIN,584.2,39,8.0
8478443,2022,BOS,1556.7166666666667,79,15.0
8482124,2022,LAK,486.26666666666665,40,10.0
8479373,2022,SJS,841.3166666666667,61,22.0
8475765,2022,STL,1268.35,75,82.0
8475160,2022,TOR,219.93333333333334,25,4.0
8476483,2022,PIT,1258.9666666666667,70,41.0
8473473,2022,CGY,1005.0333333333333,82,21.0
8476392,2022,WPG,1222.95,79,21.0
8478851,2022,NSH,1615.55,77,30.0
8478506,2022,CBJ,466.15,38,9.0
8477938,2022,SEA,691.3,43,4.0
8479983,2022,SJS,1449.05,63,14.0
8476931,2022,CHI,1522.9833333333333,75,22.0
8478567,2022,CBJ,667.9666666666667,41,11.0
8478047,2022,TOR,1227.85,79,63.0
8480817,2022,NYR,1689.3166666666666,82,20.0
8476983,2022,NYI,12.783333333333333,1,0.0
8475149,2022,WSH,1112.8666666666666,69,29.0
8480466,2022,CAR,13.633333333333333,1,0.0
8476919,2022,OTT,869.0166666666667,70,18.0
8482073,2022,NYR,665.4833333333333,43,11.0
8477903,2022,WSH,1017.5666666666667,76,26.0
8475750,2022,MIN,1180.7833333333333,69,20.0
8477936,2022,NYI,14.566666666666666,1,0.0
8482116,2022,OTT,1454.5,79,58.0
8474040,2022,DET,1103.2333333333333,81,31.0
8469455,2022,TOR,762.9666666666667,71,25.0
8475780,2022,BOS,15.95,1,0.0
8475913,2022,VGK,678.7,37,30.0
8478178,2022,TBL,42.68333333333333,4,0.0
8481535,2022,VAN,786.8833333333333,60,18.0
8477493,2022,FLA,1360.3166666666666,67,88.0
8477930,2022,TBL,1100.5833333333333,80,20.0
8478495,2022,DAL,1035.5166666666667,73,31.0
8475172,2022,COL,1365.9666666666667,71,87.0
8481557,2022,MIN,723.0333333333333,47,39.0
8473512,2022,FLA,1428.8666666666666,75,65.0
8481580,2022,WSH,711.8333333333334,68,18.0
8474610,2022,FLA,6.133333333333334,1,0.0
8479991,2022,VGK,463.35,41,6.0
8475692,2022,MIN,1301.25,70,79.0
8474291,2022,UTA,454.9166666666667,33,2.0
8479347,2022,EDM,247.63333333333333,29,2.0
8474062,2022,UTA,559.95,49,4.0
8481641,2022,DAL,533.2333333333333,56,7.0
8478146,2022,VAN,583.9666666666667,46,12.0
8481598,2022,EDM,309.8,23,3.0
8479526,2022,NYI,85.95,8,2.0
8476439,2022,CGY,398.6166666666667,41,4.0
8478846,2022,LAK,132.26666666666668,9,2.0
8480035,2022,BUF,1312.7666666666667,60,19.0
8476428,2022,NSH,76.5,7,0.0
8477500,2022,VAN,1364.2166666666667,70,52.0
8477947,2022,ANA,1008.35,66,34.0
8477369,2022,SEA,1130.2333333333333,64,21.0
8478407,2022,SEA,1509.3166666666666,73,35.0
8478480,2022,UTA,18.316666666666666,2,0.0
8480813,2022,DET,872.15,66,15.0
8471686,2022,DET,1237.0833333333333,71,16.0
8482705,2022,CBJ,1082.35,79,31.0
8478439,2022,PHI,1391.4833333333333,79,52.0
8476850,2022,COL,521.2333333333333,37,4.0
8480853,2022,CBJ,11.85,1,0.0
8479520,2022,MIN,817.45,80,17.0
8476902,2022,DAL,1675.4333333333334,76,25.0
8479383,2022,CHI,585.3,59,7.0
8479578,2022,BUF,607.5,36,6.0
8475791,2022,BOS,1329.35,81,61.0
8479402,2022,CBJ,1378.0666666666666,67,25.0
8480185,2022,FLA,1048.1166666666666,78,26.0
8476461,2022,PHI,591.25,29,17.0
8477220,2022,WPG,1556.1166666666666,77,32.0
8473453,2022,CGY,1026.5166666666667,80,16.0
8477149,2022,OTT,53.166666666666664,7,2.0
8480326,2022,VAN,113.3,11,3.0
8479465,2022,BUF,263.45,18,5.0
8479372,2022,ANA,534.3,38,7.0
8481655,2022,FLA,42.4,3,0.0
8477942,2022,MIN,1447.0666666666666,82,85.0
8479976,2022,CGY,141.35,9,2.0
8479718,2022,TBL,176.03333333333333,16,6.0
8480060,2022,SJS,391.51666666666665,35,9.0
8480823,2022,WSH,10.583333333333334,1,0.0
8475714,2022,CGY,1058.4833333333333,66,30.0
8471669,2022,WPG,1262.6,71,45.0
8481542,2022,DET,1889.7333333333333,82,50.0
8474568,2022,VAN,1135.85,66,17.0
8474679,2022,CBJ,1462.9333333333334,82,53.0
8479346,2022,CGY,1014.2833333333333,79,32.0
8475790,2022,CGY,1414.8666666666666,78,17.0
8477943,2022,EDM,192.56666666666666,23,5.0
8481093,2022,MTL,52.35,4,1.0
8477355,2022,BUF,609.8833333333333,37,8.0
8480074,2022,CBJ,525.8666666666667,36,20.0
8477343,2022,BOS,24.883333333333333,2,0.0
8480849,2022,UTA,967.0833333333334,60,24.0
8476918,2022,NJD,980.8333333333334,68,15.0
8476924,2022,LAK,84.18333333333334,6,2.0
8479458,2022,OTT,1177.3833333333334,62,11.0
8475188,2022,VGK,1359.3,69,18.0
8477950,2022,CAR,1267.75,64,51.0
8479366,2022,STL,397.4,39,11.0
8476921,2022,CAR,660.85,59,15.0
8470613,2022,SJS,2144.0333333333333,82,54.0
8479324,2022,NYR,1567.8333333333333,78,15.0
8477478,2022,VGK,732.3,63,20.0
8475193,2022,NJD,1127.25,76,30.0
8471260,2022,DAL,68.81666666666666,6,1.0
8477952,2022,DET,970.45,56,30.0
8481552,2022,SJS,11.983333333333333,1,0.0
8478467,2022,SJS,843.7833333333333,50,7.0
8477205,2022,ANA,559.4833333333333,38,6.0
8477527,2022,NYI,328.68333333333334,32,7.0
8476469,2022,MTL,823.4166666666666,60,14.0
8479546,2022,BOS,221.46666666666667,20,6.0
8476389,2022,CAR,1447.7833333333333,81,51.0
8479339,2022,CBJ,1054.45,56,56.0
8479619,2022,UTA,258.5833333333333,21,6.0
8477573,2022,STL,346.26666666666665,30,12.0
8477392,2022,UTA,108.71666666666667,11,0.0
8479348,2022,MTL,602.55,36,10.0
8480434,2022,LAK,1254.05,64,27.0
8475718,2022,TOR,1394.3666666666666,69,23.0
8478398,2022,WPG,1720.3166666666666,79,93.0
8476457,2022,SEA,1827.0333333333333,82,25.0
8480798,2022,CHI,861.2166666666667,67,21.0
8480039,2022,CAR,1262.6666666666667,78,40.0
8475745,2022,BOS,1427.45,82,44.0
8477450,2022,VAN,808.6,62,11.0
8475179,2022,MIN,1455.6833333333334,80,24.0
8477960,2022,LAK,1449.5333333333333,78,54.0
8476779,2022,VAN,762.65,50,17.0
8476880,2022,WSH,1449.4166666666667,78,52.0
8482241,2022,PIT,175.56666666666666,17,6.0
8476988,2022,NSH,1061.9166666666667,65,11.0
8479420,2022,BUF,1394.6,78,68.0
8480796,2022,WSH,1552.5833333333333,79,17.0
8479514,2022,MTL,972.5833333333334,65,37.0
8476853,2022,TOR,1946.5166666666667,82,68.0
8475820,2022,SEA,1112.7833333333333,75,22.0
8471303,2022,LAK,756.9666666666667,41,19.0
8474053,2022,SJS,1457.8166666666666,77,56.0
8475227,2022,MTL,952.0666666666667,64,27.0
8476331,2022,WPG,1405.9333333333334,76,13.0
8477406,2022,VGK,961.0666666666667,67,25.0
8479304,2022,DET,57.333333333333336,6,2.0
8478397,2022,CGY,1859.7,82,50.0
8478430,2022,CGY,1325.5333333333333,73,31.0
8477939,2022,TOR,1480.1166666666666,81,80.0
8482660,2022,CBJ,111.98333333333333,9,3.0
8480001,2022,ANA,560.2333333333333,29,6.0
8481577,2022,NSH,876.7666666666667,76,32.0
8478906,2022,FLA,7.016666666666667,1,1.0
8480049,2022,WPG,222.8,15,5.0
8479972,2022,MIN,26.966666666666665,3,0.0
8478949,2022,NSH,8.133333333333333,1,0.0
8478465,2022,VAN,4.216666666666667,1,0.0
8478462,2022,VGK,1268.2,78,39.0
8474150,2022,CGY,1403.7,82,39.0
8477482,2022,WPG,1143.9166666666667,80,21.0
8478831,2022,CBJ,22.583333333333332,3,0.0
8477419,2022,NJD,173.91666666666666,25,0.0
8478399,2022,NJD,1439.6666666666667,70,14.0
8482061,2022,BUF,13.5,1,0.0
8475735,2022,NYR,467.28333333333336,43,5.0
8478483,2022,TOR,1503.5666666666666,72,97.0
8481014,2022,MTL,1611.15,79,13.0
8474564,2022,TBL,1496.7166666666667,81,106.0
8479597,2022,FLA,56.016666666666666,4,0.0
8475747,2022,NYR,1047.9833333333333,63,7.0
8475461,2022,OTT,6.866666666666666,1,0.0
8476323,2022,SEA,81.0,10,0.0
8480069,2022,COL,1976.4333333333334,77,86.0
8473986,2022,TBL,1533.15,82,59.0
8480259,2022,VGK,16.083333333333332,2,0.0
8478400,2022,OTT,368.1,24,10.0
8482070,2022,MIN,14.9,2,0.0
8477476,2022,COL,1117.0333333333333,74,38.0
8476879,2022,EDM,1629.9166666666667,78,28.0
8482097,2022,BUF,29.75,2,2.0
8478472,2022,OTT,979.6666666666666,69,30.0
8480188,2022,NJD,186.8,14,8.0
8474157,2022,VGK,677.7666666666667,39,37.0
8479550,2022,PHI,9.45,1,0.0
8476458,2022,NYR,1356.0833333333333,74,54.0
8482067,2022,CGY,40.733333333333334,3,1.0
8479705,2022,SJS,299.31666666666666,34,5.0
8478051,2022,PHI,482.6333333333333,41,6.0
8476410,2022,CAR,64.6,7,3.0
8471794,2022,COL,717.4833333333333,68,15.0
8475797,2022,NYR,90.45,7,1.0
8479371,2022,NSH,1257.45,66,24.0
8478106,2022,COL,49.78333333333333,5,1.0
8480053,2022,SJS,250.5,19,8.0
8476958,2022,CAR,1858.8666666666666,79,42.0
8482089,2022,STL,84.18333333333334,9,2.0
8478466,2022,SEA,818.2,63,20.0
8476960,2022,LAK,426.55,28,17.0
8479413,2022,TBL,21.416666666666668,2,0.0
8480441,2022,CBJ,37.71666666666667,6,2.0
8479393,2022,SJS,940.95,63,23.0
8477126,2022,COL,206.1,20,3.0
8477479,2022,DET,1351.5333333333333,68,62.0
8480879,2022,OTT,118.15,8,1.0
8474161,2022,CBJ,1379.2833333333333,79,62.0
8474578,2022,SJS,1173.5166666666667,50,35.0
8477505,2022,SEA,1428.15,80,37.0
8475763,2022,PHI,860.3333333333334,48,31.0
8475764,2022,ANA,1855.6333333333334,76,42.0
8476807,2022,NSH,103.28333333333333,8,3.0
8480070,2022,CHI,95.45,8,1.0
8470638,2022,BOS,1326.4166666666667,73,65.0
8481600,2022,LAK,1173.4,70,8.0
8478996,2022,WPG,223.7,25,3.0
8478452,2022,CHI,1236.8333333333333,66,21.0
8481032,2022,VGK,61.68333333333333,7,2.0
8475762,2022,BOS,1377.2166666666667,76,14.0
8471215,2022,PIT,751.5166666666667,41,42.0
8481524,2022,COL,564.2333333333333,30,17.0
8479439,2022,COL,80.73333333333333,8,0.0
8481618,2022,COL,963.0666666666667,71,33.0
8476917,2022,NYI,1659.9166666666667,78,28.0
8478425,2022,ANA,88.0,6,0.0
8475772,2022,SEA,831.0833333333334,69,17.0
8480192,2022,WPG,43.25,4,0.0
8471709,2022,SJS,1141.15,75,14.0
8477845,2022,WSH,1257.7,72,17.0
8477426,2022,TBL,1320.95,80,32.0
8480078,2022,NYR,882.7333333333333,67,22.0
8478493,2022,MIN,1430.5166666666667,77,49.0
8478043,2022,CHI,759.9833333333333,56,13.0
8477073,2022,COL,429.15,58,5.0
8478402,2022,EDM,1765.3,80,123.0
8481582,2022,TOR,102.71666666666667,10,1.0
8470621,2022,TBL,1108.6,82,40.0
8478486,2022,DET,20.266666666666666,3,0.0
8474618,2022,STL,1269.8166666666666,70,14.0
8478856,2022,VAN,1261.7666666666667,77,52.0
8475191,2022,VGK,995.8833333333333,56,38.0
8480887,2022,MTL,162.8,10,1.0
8476545,2022,CHI,12.05,2,0.0
8476429,2022,NYI,1206.35,61,18.0
8481575,2022,OTT,275.8833333333333,16,5.0
8473544,2022,EDM,593.7833333333333,46,19.0
8474574,2022,VAN,1802.1666666666667,82,18.0
8477944,2022,DET,388.26666666666665,26,19.0
8482641,2022,FLA,140.45,10,2.0
8482243,2022,PHI,6.983333333333333,1,0.0
8481161,2022,CBJ,78.13333333333334,8,1.0
8476463,2022,MIN,1711.0333333333333,73,30.0
8479252,2022,DET,56.016666666666666,4,0.0
8476453,2022,TBL,939.2,47,69.0
8470600,2022,DAL,1939.75,82,32.0
8478904,2022,CAR,729.5333333333333,67,13.0
8480803,2022,EDM,1604.2,81,43.0
8480806,2022,ANA,1238.85,80,29.0
8479390,2022,CHI,912.85,74,22.0
8471707,2022,STL,227.31666666666666,19,4.0
8475766,2022,OTT,803.4333333333333,67,16.0
8479553,2022,FLA,476.1333333333333,40,14.0
8476975,2022,MTL,212.65,24,2.0
8481626,2022,BUF,214.0,18,4.0
8478431,2022,WPG,774.3666666666667,72,19.0
8480014,2022,LAK,337.85,25,7.0
8474628,2022,CGY,192.03333333333333,11,6.0
8480012,2022,VAN,1487.6,80,68.0
8478840,2022,SEA,550.2,36,8.0
8481703,2022,PIT,10.233333333333333,1,1.0
8480281,2022,STL,300.21666666666664,28,2.0
8475796,2022,BUF,1211.55,68,12.0
8481554,2022,NYR,664.1666666666666,43,18.0
8476480,2022,DAL,1098.85,75,30.0
8479365,2022,BOS,699.2166666666667,60,18.0
8477409,2022,FLA,1250.7166666666667,78,55.0
8477989,2022,MTL,973.0,56,33.0
8480863,2022,TBL,92.81666666666666,10,1.0
8482408,2022,WPG,4.1,1,0.0
8478075,2022,BUF,698.1333333333333,58,8.0
8475186,2022,BOS,122.96666666666667,7,1.0
8475413,2022,VAN,211.08333333333334,22,4.0
8479370,2022,MIN,1025.6,80,20.0
8478474,2022,UTA,1132.9833333333333,65,34.0
8481657,2022,OTT,10.416666666666666,1,0.0
8481477,2022,COL,880.9166666666666,74,20.0
8478017,2022,PIT,345.21666666666664,26,5.0
8479385,2022,STL,1226.6833333333334,74,75.0
8475209,2022,NYI,59.666666666666664,4,1.0
8471214,2022,WSH,1584.0333333333333,77,90.0
8478040,2022,WPG,149.15,16,0.0
8475225,2022,BOS,1066.9333333333334,74,36.0
8478062,2022,UTA,1401.3666666666666,67,12.0
8471729,2022,EDM,478.65,31,9.0
8477987,2022,SEA,1020.7666666666667,74,31.0
8477496,2022,CGY,1635.4833333333333,82,82.0
8478859,2022,STL,917.0333333333333,54,13.0
8479982,2022,UTA,106.48333333333333,6,0.0
8476897,2022,DET,825.9666666666667,59,23.0
8481059,2022,STL,293.7,19,6.0
8466138,2022,FLA,378.9166666666667,34,10.0
8482150,2022,ANA,11.083333333333334,1,0.0
8477407,2022,FLA,1111.15,74,58.0
8478147,2022,UTA,18.083333333333332,4,1.0
8478250,2022,LAK,55.93333333333333,4,2.0
8482079,2022,MIN,31.166666666666668,2,0.0
8476278,2022,TOR,692.1666666666666,58,20.0
8474612,2022,OTT,810.3666666666667,43,10.0
8475314,2022,NYI,1264.0166666666667,76,46.0
8478442,2022,EDM,6.066666666666666,1,1.0
8478975,2022,FLA,762.4,54,47.0
8477941,2022,UTA,723.9833333333333,57,23.0
8481178,2022,PHI,163.46666666666667,10,0.0
8477499,2022,PHI,1415.1,66,16.0
8480002,2022,NJD,1354.0833333333333,70,60.0
8471698,2022,WSH,767.8333333333334,44,25.0
8480890,2022,UTA,138.78333333333333,13,3.0
8478440,2022,CHI,1203.4,69,48.0
8479587,2022,DAL,32.416666666666664,4,0.0
8479644,2022,NSH,216.36666666666667,23,6.0
8480196,2022,BUF,1338.3666666666666,73,10.0
8480355,2022,OTT,146.93333333333334,16,4.0
8481815,2022,ANA,6.1,1,0.0
8473604,2022,CHI,1240.75,71,37.0
8476906,2022,UTA,1819.6333333333334,82,51.0
8480847,2022,SJS,599.7333333333333,39,6.0
8481068,2022,NJD,1254.5833333333333,76,46.0
8479602,2022,NSH,73.51666666666667,6,2.0
8479523,2022,FLA,508.45,40,9.0
8479355,2022,DET,229.56666666666666,18,0.0
8482834,2022,BOS,90.08333333333333,7,1.0
8481481,2022,LAK,851.4666666666667,70,24.0
8476792,2022,STL,1315.2666666666667,64,43.0
8475171,2022,VAN,1762.6333333333334,79,29.0
8478915,2022,MTL,198.68333333333334,13,6.0
8480814,2022,CHI,12.316666666666666,2,0.0
8480443,2022,WPG,135.25,13,2.0
8476462,2022,NJD,1315.8666666666666,62,30.0
8479395,2022,SEA,173.95,11,3.0
8474034,2022,TBL,1004.0833333333334,81,27.0
8479945,2022,CBJ,561.4166666666666,43,8.0
8480292,2022,CBJ,106.95,13,3.0
8478038,2022,COL,1674.3666666666666,66,57.0
8477015,2022,OTT,1283.6333333333334,64,39.0
8477953,2022,PIT,1148.05,79,32.0
8477948,2022,PHI,1837.6166666666666,80,31.0
8478873,2022,ANA,1367.7333333333333,75,67.0
8475233,2022,MTL,1289.0166666666667,62,17.0
8476885,2022,NYR,1816.4166666666667,81,39.0
8481740,2022,NJD,28.833333333333332,2,0.0
8480027,2022,DAL,1340.2333333333333,74,79.0
8480231,2022,CHI,108.95,6,0.0
8478074,2022,PIT,26.516666666666666,4,0.0
8475220,2022,MIN,1214.1833333333334,74,42.0
8477998,2022,EDM,1034.2,82,26.0
8476468,2022,VAN,1684.5833333333333,80,99.0
8473504,2022,NYI,828.4666666666667,59,15.0
8477416,2022,CBJ,1435.9833333333333,80,57.0
8474849,2022,UTA,643.5666666666667,53,8.0
8482148,2022,WSH,57.53333333333333,6,1.0
8481617,2022,VAN,1010.4833333333333,79,26.0
8478508,2022,NSH,1173.4166666666667,80,24.0
8480988,2022,DAL,59.75,7,2.0
8473548,2022,UTA,1367.5833333333333,82,52.0
8478449,2022,DAL,1442.8833333333334,80,72.0
8481433,2022,DET,159.9,15,4.0
8477507,2022,CGY,1251.35,74,22.0
8481720,2022,TOR,91.93333333333334,9,1.0
8482078,2022,DET,1488.8666666666666,82,57.0
8478500,2022,PHI,1966.3666666666666,79,31.0
8479994,2022,LAK,96.53333333333333,7,0.0
8482109,2022,NYR,1105.65,79,31.0
8473563,2022,WSH,822.0666666666667,47,31.0
8475166,2022,TOR,1427.85,79,76.0
8479318,2022,TOR,1504.5,73,106.0
8482142,2022,ANA,1610.7,81,32.0
8475287,2022,BOS,1177.2833333333333,78,44.0
8478115,2022,TOR,1036.0666666666666,78,35.0
8476442,2022,SJS,1008.25,70,17.0
8471217,2022,UTA,720.1333333333333,51,12.0
8474613,2022,CAR,626.15,58,19.0
8479525,2022,TBL,1011.0333333333333,79,39.0
8481489,2022,MIN,14.716666666666667,1,0.0
8479981,2022,SJS,376.5,43,3.0
8480043,2022,TOR,1000.4166666666666,61,23.0
8477949,2022,BUF,920.4166666666666,50,38.0
8481528,2022,BUF,1255.5,79,38.0
8477851,2022,DET,822.9166666666666,45,8.0
8478013,2022,DET,715.2166666666667,51,10.0
8473422,2022,BOS,797.6666666666666,64,13.0
8477462,2022,FLA,1025.2333333333333,64,9.0
8470281,2022,EDM,1262.5166666666667,64,21.0
8475752,2022,MTL,443.46666666666664,40,5.0
8474567,2022,TBL,737.4,48,8.0
8476422,2022,BOS,1326.2833333333333,70,17.0
8482055,2022,PIT,226.23333333333332,22,5.0
8479345,2022,UTA,1080.6166666666666,47,21.0
8477451,2022,MIN,1490.8,82,65.0
8476454,2022,EDM,1217.05,63,50.0
8482111,2022,MTL,120.25,7,2.0
8479343,2022,UTA,1349.3,67,63.0
8480293,2022,CHI,59.983333333333334,5,0.0
8475164,2022,ANA,903.0666666666667,53,21.0
8475786,2022,EDM,1479.3333333333333,76,54.0
8481527,2022,VGK,16.616666666666667,1,0.0
8471228,2022,DAL,1000.8666666666667,71,22.0
8478067,2022,PHI,1090.2833333333333,79,26.0
8479729,2022,TOR,35.25,3,0.0
8483565,2022,CBJ,123.0,7,3.0
8477003,2022,DET,33.766666666666666,4,0.0
8480748,2022,COL,94.23333333333333,11,2.0
8479314,2022,CGY,1467.75,82,104.0
8479382,2022,PHI,150.15,15,0.0
8476967,2022,EDM,1313.85,74,21.0
8479516,2022,WSH,18.816666666666666,2,1.0
8478104,2022,NYR,188.41666666666666,14,4.0
8482093,2022,CAR,943.5,68,40.0
8482117,2022,CHI,145.15,11,1.0
8482110,2022,NJD,1356.3833333333334,82,42.0
8475177,2022,CHI,1308.0833333333333,69,8.0
8478911,2022,LAK,1405.9,67,21.0
8477425,2022,NJD,44.28333333333333,3,0.0
8474151,2022,TBL,1593.5,71,26.0
8477404,2022,PIT,1527.4,76,84.0
8481581,2022,DAL,465.45,34,4.0
8477461,2022,TBL,10.95,1,0.0
8477244,2022,PIT,1195.7833333333333,78,13.0
8476923,2022,NJD,1887.8,80,46.0
8481003,2022,ANA,19.716666666666665,2,0.0
8473419,2022,BOS,1347.5833333333333,70,80.0
8476345,2022,CBJ,300.1333333333333,24,7.0
8477501,2022,COL,1179.6166666666666,62,52.0
8477504,2022,WPG,1869.0833333333333,79,37.0
8478870,2022,SJS,917.25,61,23.0
8477365,2022,BOS,963.85,60,10.0
8477429,2022,NYR,1380.8666666666666,72,53.0
8481061,2022,SJS,562.0333333333333,50,11.0
8482072,2022,BOS,96.18333333333334,6,1.0
8481606,2022,LAK,473.85,24,8.0
8480807,2022,BUF,839.65,42,10.0
8474584,2022,OTT,474.6666666666667,26,13.0
8478109,2022,BUF,1107.55,72,49.0
8481550,2022,MIN,31.233333333333334,3,1.0
8478485,2022,OTT,13.05,2,0.0
8476466,2022,VGK,13.9,1,0.0
8477986,2022,FLA,1449.8666666666666,81,37.0
8479026,2022,NSH,401.71666666666664,27,4.0
8482667,2022,SJS,128.95,9,4.0
8477460,2022,MTL,505.15,38,12.0
8480160,2022,SJS,478.1333333333333,36,2.0
8476419,2022,NYI,1360.9333333333334,77,39.0
8475798,2022,NSH,1633.1666666666667,80,64.0
8480220,2022,PHI,211.93333333333334,16,9.0
8479410,2022,TBL,1752.5666666666666,78,38.0
8476449,2022,CBJ,101.3,7,1.0
8479980,2022,VGK,969.8333333333334,52,14.0
8479675,2022,LAK,1270.6833333333334,81,48.0
8478042,2022,LAK,1120.7666666666667,66,49.0
8470794,2022,DAL,1514.8666666666666,82,81.0
8478469,2022,OTT,1545.3333333333333,59,38.0
8480776,2022,VAN,9.183333333333334,1,0.0
8479407,2022,NJD,1324.6833333333334,76,73.0
8480801,2022,OTT,1485.1166666666666,79,67.0
8480144,2022,TOR,1251.7666666666667,82,26.0
8480031,2022,ANA,735.0333333333333,52,16.0
8481701,2022,SJS,113.66666666666667,9,2.0
8474090,2022,CAR,626.3166666666667,45,8.0
8471735,2022,PHI,1076.3833333333334,77,19.0
8476994,2022,BUF,860.05,62,25.0
8476312,2022,COL,1271.5,67,16.0
8480018,2022,MTL,1681.8333333333333,82,61.0
8480015,2022,PHI,845.6333333333333,63,21.0
8476851,2022,UTA,789.2166666666667,60,21.0
8479320,2022,CAR,62.7,5,0.0
8480884,2022,MIN,206.83333333333334,15,4.0
8481609,2022,UTA,507.1166666666667,32,3.0
8477932,2022,FLA,1520.2,61,57.0
8478569,2022,FLA,239.66666666666666,20,8.0
8480041,2022,EDM,2.466666666666667,1,0.0
8481540,2022,MTL,1117.5833333333333,67,43.0
8465009,2022,NYI,1348.6833333333334,72,14.0
8475098,2022,STL,608.2166666666667,50,12.0
8479379,2022,DET,395.6,47,8.0
8475792,2022,CHI,75.56666666666666,9,1.0
8481102,2022,OTT,82.96666666666667,8,0.0
8479368,2022,ANA,19.8,2,0.0
8476881,2022,SJS,1635.1,82,64.0
8482245,2022,OTT,1704.2333333333333,81,22.0
8480172,2022,TBL,1245.4333333333334,76,18.0
8473618,2022,MTL,281.3666666666667,25,9.0
8476871,2022,VAN,1091.7333333333333,68,34.0
8478010,2022,TBL,1284.4833333333333,66,58.0
8480003,2022,NJD,735.2333333333333,56,23.0
8477492,2022,COL,1368.9666666666667,65,88.0
8479328,2022,NYR,505.05,49,7.0
8480021,2022,BOS,189.0,15,3.0
8476438,2022,STL,1269.1666666666667,78,49.0
8476400,2022,OTT,159.43333333333334,17,3.0
8482635,2022,CHI,195.31666666666666,21,2.0
8473994,2022,DAL,1373.2666666666667,82,46.0
8481827,2022,UTA,28.083333333333332,2,0.0
8479338,2022,EDM,263.8833333333333,20,1.0
8471218,2022,WPG,1270.0166666666667,65,60.0
8470755,2022,VAN,453.3,44,8.0
8478451,2022,CAR,932.65,58,14.0
8477512,2022,NJD,88.76666666666667,8,0.0
8482222,2022,SJS,1202.65,70,39.0
8474098,2022,EDM,331.56666666666666,35,5.0
8476285,2022,STL,48.166666666666664,5,1.0
8474013,2022,CAR,1286.4,75,19.0
8482062,2022,NSH,70.68333333333334,8,0.0
8479289,2022,BUF,50.95,4,1.0
8470604,2022,PIT,1342.9833333333333,76,45.0
8477935,2022,FLA,1202.9666666666667,71,49.0
8479591,2022,WPG,5.816666666666666,1,0.0
8476495,2022,EDM,5.616666666666666,1,0.0
8481523,2022,CHI,1263.1,70,26.0
8476470,2022,WPG,258.48333333333335,24,4.0
8476884,2022,SEA,170.51666666666668,11,4.0
8477488,2022,CAR,1519.05,70,28.0
8477341,2022,NJD,1019.7166666666667,71,35.0
8480467,2022,LAK,122.31666666666666,8,2.0
8474189,2022,WSH,1160.5833333333333,72,31.0
8478427,2022,CAR,1497.35,79,81.0
8476934,2022,PIT,959.6833333333333,64,22.0
8470775,2022,PHI,395.0,33,3.0
8476869,2022,CAR,1733.6666666666667,82,39.0
8476346,2022,CGY,1523.1333333333334,82,115.0
8473463,2022,NYI,10.833333333333334,1,0.0
8479378,2022,WPG,907.3666666666667,58,13.0
8475760,2022,MIN,584.85,57,13.0
8480945,2022,PIT,66.93333333333334,5,1.0
8478528,2022,DAL,219.95,23,3.0
8480848,2022,DAL,10.616666666666667,1,0.0
8480855,2022,UTA,141.75,10,3.0
8477934,2022,EDM,1787.9333333333334,80,110.0
8477454,2022,DET,1057.4333333333334,79,19.0
8473507,2022,MTL,1504.2333333333333,68,27.0
8476874,2022,LAK,1206.6833333333334,66,8.0
8480822,2022,COL,52.85,6,0.0
8476455,2022,COL,1036.2,51,59.0
8477346,2022,FLA,1869.8,80,44.0
8481147,2022,CHI,325.95,31,5.0
8477474,2022,VAN,31.466666666666665,2,0.0
8476925,2022,NSH,1276.8166666666666,79,28.0
8479353,2022,VGK,500.81666666666666,47,20.0
8479356,2022,NYI,533.9,45,19.0
8478420,2022,COL,1572.5833333333333,75,92.0
8479772,2022,PHI,724.75,75,9.0
8477946,2022,DET,1395.6666666666667,71,69.0
8479249,2022,CAR,20.283333333333335,2,2.0
8481568,2022,CHI,214.63333333333333,15,2.0
8479315,2022,TOR,43.86666666666667,5,0.0
8479398,2022,COL,1449.9833333333333,67,28.0
8480846,2022,COL,108.93333333333334,10,0.0
8482624,2022,VGK,107.61666666666666,11,1.0
8482113,2022,FLA,1022.9166666666666,65,44.0
8480208,2022,OTT,870.7166666666667,46,44.0
8475170,2022,STL,1102.4166666666667,62,58.0
8474068,2022,EDM,198.3,23,4.0
8479367,2022,VAN,147.41666666666666,13,0.0
8476887,2022,NSH,1248.75,69,84.0
8478055,2022,FLA,1506.4833333333333,71,37.0
8482133,2022,SJS,124.71666666666667,8,5.0
8479336,2022,LAK,588.05,54,15.0
8481596,2022,OTT,64.76666666666667,5,1.0
8474102,2022,STL,1138.0833333333333,67,57.0
8480789,2022,NYI,880.3,73,24.0
8479986,2022,SEA,272.1166666666667,23,8.0
8471887,2022,FLA,824.8833333333333,65,28.0
8480205,2022,CBJ,431.35,41,11.0
8476886,2022,EDM,212.3,19,4.0
8477541,2022,MIN,27.8,2,0.0
8478866,2022,ANA,740.5833333333334,72,13.0
8478403,2022,VGK,659.3166666666667,34,25.0
8477498,2022,EDM,1778.45,71,35.0
8476867,2022,CBJ,242.88333333333333,30,7.0
8476399,2022,CGY,1200.4666666666667,81,33.0
8471675,2022,PIT,1378.2333333333333,69,84.0
8480145,2022,WPG,1627.75,77,34.0
8475197,2022,EDM,1384.2666666666667,73,41.0
8474563,2022,LAK,1003.7,39,31.0
8478444,2022,VAN,1318.65,71,46.0
8481522,2022,BUF,831.3333333333334,57,22.0
8476288,2022,SJS,438.78333333333336,32,8.0
8471284,2022,DAL,438.8666666666667,32,4.0
8480157,2022,STL,257.9,18,7.0
8474190,2022,TOR,671.7833333333333,72,16.0
8480883,2022,NJD,1155.3,66,20.0
8474162,2022,TOR,974.1666666666666,47,14.0
8478058,2022,WPG,17.133333333333333,3,0.0
8477503,2022,CAR,938.55,72,39.0
8479316,2022,NSH,1134.0333333333333,82,22.0
8476525,2022,BUF,721.3166666666667,38,14.0
8477471,2022,OTT,111.0,9,0.0
8480037,2022,FLA,84.16666666666667,6,1.0
8479512,2022,PIT,50.21666666666667,6,1.0
8477951,2022,UTA,1149.5833333333333,63,59.0
8480216,2022,DAL,719.1,65,17.0
8471817,2022,NYR,734.8,69,13.0
8477940,2022,WPG,1120.2666666666667,62,55.0
8475625,2022,WSH,214.91666666666666,17,4.0
8476474,2022,CAR,28.65,2,0.0
8473446,2022,COL,1199.15,69,20.0
8477359,2022,VAN,680.05,40,3.0
8480448,2022,OTT,433.6,41,12.0
8476873,2022,BUF,259.25,19,5.0
8476872,2022,PHI,1100.2333333333333,67,30.0
8474027,2022,NYR,1348.7166666666667,69,18.0
8475968,2022,MTL,114.31666666666666,11,0.0
8476927,2022,PIT,976.1666666666666,65,28.0
8478454,2022,VAN,117.4,8,2.0
8474166,2022,VGK,508.05,26,8.0
8477456,2022,COL,1142.5666666666666,70,33.0
8477810,2022,DAL,525.3833333333333,44,6.0
8480831,2022,CHI,268.18333333333334,15,1.0
8475793,2022,NSH,1308.6666666666667,79,63.0
8475842,2022,ANA,733.9,64,19.0
8476292,2022,TBL,1269.8333333333333,77,49.0
8476892,2022,STL,1884.4833333333333,80,35.0
8481555,2022,MTL,73.75,6,1.0
8480821,2022,DET,1049.05,74,24.0
8475906,2022,DAL,1643.4666666666667,74,47.0
8474009,2022,SJS,1335.9833333333333,80,26.0
8476875,2022,PIT,1391.1333333333334,74,31.0
8478408,2022,VAN,920.15,60,7.0
8477330,2022,CHI,1132.6333333333334,78,32.0
8474673,2022,TOR,1747.5333333333333,82,28.0
8479321,2022,WSH,12.3,1,1.0
8480025,2022,CHI,563.5833333333334,55,12.0
8481058,2022,MTL,161.91666666666666,14,5.0
8482475,2022,CBJ,775.1833333333333,62,14.0
8479415,2022,NJD,1026.1,77,20.0
8481441,2022,WSH,138.68333333333334,12,7.0
8479933,2022,ANA,527.0166666666667,40,12.0
8478445,2022,NYI,1315.4333333333334,73,59.0
8475208,2022,PIT,1658.1666666666667,76,18.0
8479941,2022,CBJ,565.7,45,14.0
8480011,2022,STL,360.6,40,9.0
8474089,2022,EDM,66.23333333333333,8,2.0
8482149,2022,WPG,254.66666666666666,18,7.0
8477070,2022,UTA,369.6166666666667,39,3.0
8479996,2022,NSH,91.26666666666667,8,1.0
8477320,2022,BOS,343.21666666666664,32,9.0
8479066,2022,FLA,627.35,55,18.0
8475176,2022,PHI,91.21666666666667,4,5.0
8471817,2023,MIN,680.4166666666666,73,15.0
8480950,2023,BUF,1020.6,68,14.0
8475625,2023,WSH,795.3333333333334,61,5.0
8480860,2023,NJD,588.85,42,8.0
8477952,2023,DET,447.95,28,16.0
8478047,2023,TOR,1295.35,82,49.0
8480113,2023,LAK,961.7,59,36.0
8473604,2023,CHI,938.6666666666666,53,31.0
8473446,2023,COL,1087.0333333333333,63,8.0
8478891,2023,WPG,656.7833333333333,41,16.0
8474641,2023,ANA,1127.1666666666667,62,38.0
8480028,2023,PHI,1323.7833333333333,81,46.0
8477018,2023,VGK,495.81666666666666,31,8.0
8478569,2023,TOR,1102.0833333333333,77,23.0
8475795,2023,WSH,70.05,6,1.0
8478046,2023,PIT,699.2333333333333,65,22.0
8480874,2023,PHI,16.666666666666668,1,0.0
8475149,2023,MIN,1319.2,80,46.0
8476878,2023,BUF,1038.15,80,18.0
8482660,2023,CBJ,1146.8,79,40.0
8477494,2023,MTL,864.6666666666666,58,29.0
8481690,2023,CBJ,22.95,2,1.0
8477330,2023,DET,1208.0,81,45.0
8479520,2023,MIN,548.6,51,10.0
8476439,2023,UTA,502.51666666666665,50,13.0
8480979,2023,UTA,29.766666666666666,4,0.0
8474166,2023,VGK,1480.3166666666666,77,14.0
8481704,2023,NSH,645.0,45,25.0
8479968,2023,BOS,9.833333333333334,1,0.0
8471303,2023,LAK,945.5666666666667,64,11.0
8476329,2023,UTA,1355.4833333333333,82,34.0
8473449,2023,BUF,1100.0666666666666,75,28.0
8475906,2023,MIN,1381.8333333333333,67,33.0
8482147,2023,COL,90.26666666666667,9,0.0
8478397,2023,CGY,1902.8666666666666,79,49.0
8477499,2023,PHI,1407.7833333333333,74,20.0
8477220,2023,WPG,1311.1833333333334,71,19.0
8476867,2023,CBJ,52.31666666666667,5,1.0
8474189,2023,COL,1242.5166666666667,84,23.0
8482079,2023,MIN,237.95,19,1.0
8478851,2023,NSH,769.2,43,9.0
8481609,2023,UTA,27.516666666666666,2,0.0
8480336,2023,LAK,1037.95,70,13.0
8480041,2023,STL,29.75,2,0.0
8475793,2023,NSH,866.95,55,28.0
8479375,2023,STL,26.583333333333332,4,1.0
8480222,2023,NYI,1190.7,71,23.0
8480068,2023,PIT,623.85,53,14.0
8478178,2023,TBL,280.18333333333334,17,3.0
8480034,2023,MTL,21.733333333333334,2,1.0
8478463,2023,VAN,1333.8666666666666,82,40.0
8480901,2023,WPG,556.65,47,7.0
8480441,2023,CBJ,116.48333333333333,9,1.0
8475225,2023,WSH,703.9833333333333,64,16.0
8481477,2023,SJS,1090.0333333333333,74,26.0
8481581,2023,DAL,100.75,6,2.0
8475287,2023,NJD,1330.4833333333333,80,41.0
8479336,2023,LAK,612.8666666666667,57,19.0
8481605,2023,ANA,36.95,2,0.0
8471214,2023,WSH,1474.9,73,75.0
8477953,2023,STL,903.15,66,34.0
8481600,2023,LAK,142.83333333333334,10,1.0
8470600,2023,DAL,1671.1166666666666,82,25.0
8482762,2023,DET,153.61666666666667,9,2.0
8479984,2023,NSH,756.1166666666667,50,7.0
8475462,2023,FLA,1249.9833333333333,72,17.0
8481554,2023,NYR,1255.1666666666667,82,40.0
8476891,2023,BOS,1292.5,75,26.0
8479368,2023,ANA,877.2333333333333,69,19.0
8480242,2023,NYI,52.0,4,0.0
8479526,2023,NYI,54.88333333333333,8,2.0
8476921,2023,CAR,1281.8833333333334,82,34.0
8480887,2023,MTL,1212.4,65,17.0
8474218,2023,EDM,10.733333333333333,1,0.0
8480806,2023,ANA,874.3666666666667,61,14.0
8475177,2023,CAR,717.25,53,12.0
8475913,2023,VGK,833.2,43,38.0
8476988,2023,SJS,1522.95,77,24.0
8481461,2023,MTL,102.91666666666667,7,1.0
8482451,2023,CBJ,27.05,2,1.0
8478402,2023,EDM,1835.6166666666666,82,153.0
8482175,2023,BUF,1050.8333333333333,77,32.0
8478500,2023,PHI,1887.8666666666666,82,27.0
8481563,2023,ANA,40.95,3,1.0
8478115,2023,NYI,1036.4,76,30.0
8477507,2023,CGY,1532.2333333333333,82,21.0
8478438,2023,NSH,747.3166666666667,51,43.0
8475167,2023,TBL,1802.65,76,49.0
8476326,2023,PIT,618.5666666666667,62,12.0
8481535,2023,VAN,301.3833333333333,25,9.0
8478415,2023,BOS,292.3666666666667,22,4.0
8479390,2023,CHI,1292.3,78,37.0
8478099,2023,SJS,1031.4833333333333,72,33.0
8482157,2023,NYR,27.833333333333332,4,0.0
8477932,2023,FLA,1660.9833333333333,71,38.0
8478224,2023,CHI,35.03333333333333,3,1.0
8478055,2023,FLA,1921.7333333333333,82,41.0
8480289,2023,WPG,928.0,70,21.0
8480056,2023,VAN,156.58333333333334,11,2.0
8473986,2023,TBL,1411.1333333333334,82,64.0
8478493,2023,MIN,1481.5833333333333,78,61.0
8479533,2023,BOS,54.13333333333333,5,1.0
8482679,2023,CGY,14.633333333333333,1,0.0
8476913,2023,EDM,421.35,47,9.0
8481019,2023,WPG,464.48333333333335,46,6.0
8482110,2023,NJD,1357.95,82,56.0
8482452,2023,PHI,53.46666666666667,4,0.0
8482516,2023,STL,30.316666666666666,2,0.0
8479339,2023,CBJ,1051.65,55,52.0
8478585,2023,EDM,893.2833333333333,80,20.0
8482095,2023,OTT,117.51666666666667,8,2.0
8478507,2023,NJD,1348.5333333333333,64,18.0
8483570,2023,COL,374.26666666666665,39,4.0
8475754,2023,NYI,1511.7,82,75.0
8475825,2023,DAL,1585.1333333333334,82,16.0
8481122,2023,ANA,1509.2333333333333,78,10.0
8481481,2023,LAK,1048.45,81,34.0
8479992,2023,DET,844.9666666666667,56,29.0
8475762,2023,BOS,957.5333333333333,54,12.0
8479365,2023,BOS,941.5,79,31.0
8480823,2023,WSH,526.55,32,5.0
8475714,2023,TOR,1049.9166666666667,73,39.0
8476463,2023,MIN,1371.85,60,14.0
8478414,2023,NJD,1512.2833333333333,78,66.0
8480830,2023,CAR,1155.0833333333333,64,55.0
8470638,2023,BOS,1356.55,78,58.0
8471686,2023,FLA,1491.8833333333334,82,15.0
8481178,2023,PHI,187.4,14,4.0
8478399,2023,NJD,1612.3166666666666,80,21.0
8478431,2023,SJS,634.1166666666667,59,14.0
8477541,2023,MIN,28.916666666666668,2,0.0
8474027,2023,PHI,764.1166666666667,51,2.0
8476399,2023,CGY,1246.65,82,38.0
8479514,2023,MTL,594.4333333333333,46,15.0
8477401,2023,SEA,55.38333333333333,7,2.0
8475188,2023,VGK,1627.1833333333334,82,17.0
8481708,2023,NYR,249.76666666666668,16,2.0
8476292,2023,NJD,761.2333333333333,49,23.0
8478462,2023,VGK,1059.4,65,30.0
8477402,2023,STL,1225.5333333333333,63,67.0
8477496,2023,CGY,1492.1166666666666,80,64.0
8481591,2023,PIT,29.9,3,1.0
8476851,2023,COL,78.18333333333334,11,0.0
8479442,2023,CGY,1325.9,81,14.0
8475810,2023,PIT,1449.8666666666666,81,46.0
8475191,2023,VGK,1323.6333333333334,78,56.0
8478104,2023,STL,837.6333333333333,71,25.0
8474590,2023,WSH,935.5833333333334,40,29.0
8478058,2023,SJS,5.833333333333333,1,0.0
8475797,2023,CHI,724.1333333333333,44,8.0
8477501,2023,COL,1074.3666666666666,53,47.0
8478474,2023,UTA,1367.25,77,45.0
8476483,2023,PIT,1511.9,82,60.0
8482964,2023,MTL,778.8,51,13.0
8478416,2023,TBL,1346.8166666666666,70,16.0
8480070,2023,CHI,554.3666666666667,35,8.0
8479547,2023,CGY,18.066666666666666,2,0.0
8475218,2023,EDM,1674.6833333333334,78,32.0
8479999,2023,BUF,1289.7166666666667,82,59.0
8480980,2023,MIN,887.9166666666666,81,18.0
8479353,2023,VGK,705.1833333333333,54,13.0
8475181,2023,STL,1647.7333333333333,78,23.0
8480802,2023,EDM,808.5833333333334,57,23.0
8474090,2023,NJD,933.2,60,5.0
8474151,2023,NSH,1528.5666666666666,71,20.0
8480188,2023,SJS,888.2166666666667,67,23.0
8479576,2023,EDM,487.65,36,5.0
8478407,2023,SEA,1917.2166666666667,81,64.0
8481754,2023,ANA,119.6,9,1.0
8470613,2023,CAR,1903.65,82,61.0
8480855,2023,UTA,1146.45,82,26.0
8480789,2023,NYI,425.8,35,16.0
8474600,2023,NSH,1686.2,67,59.0
8482667,2023,SJS,158.7,8,3.0
8478451,2023,VAN,1130.15,61,16.0
8473544,2023,OTT,755.1833333333333,62,23.0
8471794,2023,COL,99.06666666666666,11,0.0
8479644,2023,DET,187.66666666666666,19,4.0
8475760,2023,EDM,1263.6333333333334,78,29.0
8482124,2023,LAK,745.3833333333333,53,22.0
8474150,2023,CGY,1489.3666666666666,82,56.0
8475227,2023,MTL,621.55,46,6.0
8476469,2023,MTL,642.6833333333333,43,14.0
8477353,2023,NYR,779.5,62,19.0
8481068,2023,NJD,1081.3666666666666,75,30.0
8482691,2023,VAN,125.7,15,3.0
8478444,2023,VAN,1275.8666666666666,74,55.0
8480870,2023,ANA,32.68333333333333,2,0.0
8484287,2023,VAN,71.06666666666666,5,1.0
8475790,2023,CBJ,1490.9333333333334,70,13.0
8477948,2023,PHI,1652.6166666666666,81,23.0
8481521,2023,PHI,33.483333333333334,2,0.0
8478469,2023,OTT,1698.1166666666666,68,41.0
8476467,2023,SEA,1443.85,75,25.0
8471724,2023,PIT,1590.8833333333334,64,41.0
8474190,2023,TOR,134.08333333333334,18,2.0
8479293,2023,SEA,1166.05,82,35.0
8482125,2023,NJD,195.15,19,4.0
8477941,2023,CGY,1002.5666666666667,74,26.0
8480817,2023,NYR,1734.2166666666667,79,43.0
8476960,2023,CHI,1296.2833333333333,81,40.0
8480448,2023,OTT,577.95,55,4.0
8477969,2023,PIT,1399.7,68,24.0
8476459,2023,NYR,1636.9,82,91.0
8479536,2023,WPG,522.8,50,14.0
8476448,2023,VGK,1432.45,82,53.0
8475343,2023,WSH,867.8333333333334,65,25.0
8479550,2023,PHI,304.75,32,4.0
8477384,2023,UTA,1071.85,68,7.0
8479415,2023,NJD,980.1333333333333,80,26.0
8477987,2023,SEA,799.05,71,27.0
8482092,2023,OTT,258.03333333333336,20,9.0
8478450,2023,NYI,159.91666666666666,12,1.0
8476390,2023,MIN,31.183333333333334,4,1.0
8476438,2023,STL,1182.5,71,37.0
8480863,2023,TBL,8.416666666666666,1,0.0
8473419,2023,BOS,1352.55,73,67.0
8482496,2023,VAN,863.75,68,16.0
8477450,2023,CHI,1243.2333333333333,78,30.0
8480172,2023,PIT,958.7333333333333,56,9.0
8481575,2023,OTT,21.783333333333335,2,0.0
8480196,2023,BUF,860.5833333333334,59,9.0
8481656,2023,WSH,668.0166666666667,58,15.0
8476470,2023,ANA,792.1333333333333,52,4.0
8477960,2023,LAK,1538.15,82,67.0
8471669,2023,CAR,866.5166666666667,73,22.0
8479996,2023,NSH,1063.2333333333333,72,35.0
8479359,2023,WSH,89.21666666666667,9,2.0
8478449,2023,DAL,1281.7166666666667,73,75.0
8477951,2023,UTA,1241.6833333333334,63,58.0
8477503,2023,DAL,1421.6666666666667,80,56.0
8479407,2023,NJD,1424.1333333333334,82,73.0
8476473,2023,CHI,1551.2,80,13.0
8478864,2023,MIN,1414.55,67,75.0
8479423,2023,PIT,110.76666666666667,9,2.0
8479304,2023,SJS,13.233333333333333,1,1.0
8477493,2023,FLA,1443.25,68,78.0
8482067,2023,UTA,421.4166666666667,30,7.0
8479333,2023,NYR,212.15,16,1.0
8475753,2023,STL,1916.9333333333334,82,50.0
8478454,2023,VAN,179.58333333333334,12,0.0
8480035,2023,BUF,1261.4666666666667,60,13.0
8480807,2023,BUF,1219.6833333333334,55,10.0
8480800,2023,VAN,2001.5666666666666,78,76.0
8478550,2023,NYR,1607.8333333333333,82,92.0
8480275,2023,MIN,9.55,1,0.0
8477851,2023,DET,814.1,52,11.0
8479252,2023,BOS,11.566666666666666,1,0.0
8477346,2023,CGY,1708.9833333333333,81,31.0
8474628,2023,CGY,639.0333333333333,48,11.0
8481618,2023,COL,1144.15,82,30.0
8474612,2023,OTT,1392.0166666666667,75,21.0
8477950,2023,PHI,1544.1,70,42.0
8477930,2023,TBL,823.65,73,13.0
8476374,2023,CBJ,1070.2166666666667,71,20.0
8471887,2023,FLA,203.88333333333333,22,3.0
8475220,2023,MIN,974.4,65,21.0
8480443,2023,WPG,21.116666666666667,2,1.0
8481517,2023,ANA,588.1666666666666,54,9.0
8474563,2023,LAK,2124.55,81,52.0
8480208,2023,OTT,1525.7,82,62.0
8479675,2023,LAK,1002.3166666666667,59,29.0
8479977,2023,EDM,961.5333333333333,58,25.0
8480821,2023,DET,392.9,30,7.0
8482641,2023,FLA,196.88333333333333,20,4.0
8479542,2023,TBL,1510.4,81,64.0
8482062,2023,NSH,879.2333333333333,69,17.0
8476525,2023,DAL,1325.0,79,21.0
8476442,2023,COL,1095.5,81,24.0
8481006,2023,STL,380.68333333333334,26,4.0
8480157,2023,STL,764.4666666666667,49,18.0
8476392,2023,WPG,1283.0833333333333,82,36.0
8478856,2023,VAN,1224.2166666666667,81,46.0
8479994,2023,LAK,488.4,46,12.0
8476432,2023,CBJ,1374.1,68,45.0
8478519,2023,TBL,960.5333333333333,58,29.0
8479370,2023,BUF,940.3,71,25.0
8480748,2023,NSH,434.93333333333334,32,13.0
8482671,2023,BUF,1880.3333333333333,79,35.0
8476453,2023,TBL,1650.85,82,113.0
8478421,2023,BOS,555.65,61,12.0
8479321,2023,WSH,25.316666666666666,2,0.0
8478904,2023,SJS,946.6666666666666,80,19.0
8477365,2023,BOS,1392.75,78,23.0
8481572,2023,WPG,132.66666666666666,10,1.0
8477357,2023,WPG,661.25,64,10.0
8480839,2023,BUF,2012.0666666666666,78,73.0
8480865,2023,NYI,1589.8166666666666,78,49.0
8483460,2023,CBJ,72.26666666666667,4,0.0
8479366,2023,STL,312.1,30,6.0
8476906,2023,CAR,1561.25,75,41.0
8480072,2023,LAK,8.616666666666667,1,0.0
8476879,2023,EDM,1610.75,80,15.0
8478432,2023,UTA,1187.5833333333333,80,27.0
8476917,2023,NYI,1320.7666666666667,61,21.0
8478452,2023,CHI,1575.2,80,18.0
8478443,2023,BOS,1412.3,75,16.0
8477463,2023,STL,50.03333333333333,4,1.0
8478476,2023,WPG,172.56666666666666,14,2.0
8479718,2023,TBL,10.016666666666667,1,0.0
8481720,2023,TOR,17.95,2,2.0
8482399,2023,CBJ,154.0,9,1.0
8480078,2023,NYR,1086.6,74,45.0
8479944,2023,TOR,841.4333333333333,77,14.0
8477462,2023,DET,589.7833333333333,38,7.0
8478439,2023,PHI,1206.9833333333333,60,61.0
8476915,2023,CHI,707.8166666666667,51,14.0
8476393,2023,FLA,871.0166666666667,79,27.0
8480995,2023,TOR,385.53333333333336,37,13.0
8477931,2023,BOS,828.4666666666667,66,18.0
8474564,2023,TBL,1540.6833333333334,81,84.0
8477015,2023,WSH,67.06666666666666,4,0.0
8482109,2023,NYR,1232.7833333333333,81,39.0
8479573,2023,COL,32.983333333333334,5,0.0
8480977,2023,TOR,7.266666666666667,1,0.0
8475855,2023,CAR,1178.5166666666667,80,29.0
8476889,2023,DAL,1111.3666666666666,81,20.0
8480245,2023,PHI,84.48333333333333,8,1.0
8474034,2023,TBL,827.5833333333334,80,14.0
8473422,2023,BOS,741.9666666666667,60,26.0
8480226,2023,DAL,8.2,1,0.0
8475750,2023,MIN,1105.6166666666666,73,12.0
8480727,2023,VGK,1009.5833333333334,59,12.0
8477446,2023,NSH,337.35,32,4.0
8476480,2023,WPG,972.0666666666667,77,25.0
8480820,2023,TOR,19.916666666666668,2,0.0
8481167,2023,VGK,166.2,10,2.0
8482654,2023,PHI,44.88333333333333,5,0.0
8476871,2023,VAN,188.91666666666666,14,5.0
8473563,2023,WSH,658.25,39,21.0
8482146,2023,NSH,397.75,24,15.0
8476853,2023,TOR,1410.7666666666667,65,41.0
8477478,2023,VGK,704.7666666666667,56,25.0
8479351,2023,MIN,972.45,65,28.0
8474602,2023,SEA,1298.6333333333334,73,34.0
8476934,2023,ANA,977.55,75,19.0
8480326,2023,VAN,726.45,63,17.0
8475179,2023,PIT,1304.7666666666667,67,16.0
8481577,2023,NSH,483.4166666666667,31,18.0
8476892,2023,STL,1817.2166666666667,79,27.0
8475780,2023,BOS,12.6,1,0.0
8474157,2023,CAR,68.21666666666667,5,3.0
8479414,2023,NJD,534.7333333333333,43,15.0
8479344,2023,CAR,917.3833333333333,75,16.0
8474009,2023,PIT,986.7333333333333,62,19.0
8473507,2023,PIT,1362.9333333333334,61,31.0
8476875,2023,MTL,1173.6833333333334,48,34.0
8477989,2023,MTL,1079.0833333333333,64,28.0
8481014,2023,NYI,1478.1666666666667,76,22.0
8471677,2023,COL,1588.8833333333334,83,8.0
8476539,2023,VGK,1302.6666666666667,76,57.0
8474683,2023,ANA,682.9,46,18.0
8477845,2023,WSH,1429.9,75,23.0
8478472,2023,OTT,785.3666666666667,56,18.0
8474149,2023,DAL,1074.85,73,33.0
8481043,2023,TBL,154.71666666666667,17,1.0
8477981,2023,NSH,77.86666666666666,6,0.0
8477341,2023,SJS,175.03333333333333,13,3.0
8476902,2023,DAL,1633.1833333333334,82,24.0
8482824,2023,SJS,230.66666666666666,16,4.0
8479337,2023,OTT,1558.5166666666667,82,66.0
8475968,2023,MTL,376.15,31,14.0
8480878,2023,DAL,978.5333333333333,60,16.0
8481032,2023,VGK,705.4833333333333,55,18.0
8475170,2023,STL,1511.2,82,65.0
8479578,2023,FLA,321.73333333333335,27,3.0
8477073,2023,COL,366.6166666666667,44,6.0
8476474,2023,CAR,961.9333333333333,78,36.0
8476779,2023,COL,527.0666666666667,47,10.0
8474013,2023,TBL,1512.1333333333334,78,17.0
8478013,2023,DET,1242.2666666666667,63,18.0
8480160,2023,SJS,643.4333333333333,44,3.0
8479772,2023,LAK,648.15,56,10.0
8477335,2023,VAN,833.4333333333333,48,5.0
8474207,2023,OTT,1085.9666666666667,65,16.0
8480267,2023,MIN,95.4,9,2.0
8480879,2023,OTT,304.31666666666666,19,1.0
8478211,2023,TOR,298.71666666666664,37,3.0
8476410,2023,STL,606.45,51,16.0
8470794,2023,DAL,1453.2666666666667,82,77.0
8481711,2023,UTA,1003.6166666666667,64,49.0
8480439,2023,TOR,77.61666666666666,6,2.0
8475231,2023,NYI,1177.45,81,21.0
8478831,2023,WPG,628.8333333333334,54,9.0
8478408,2023,VAN,151.25,11,1.0
8476389,2023,NYR,1583.9,82,64.0
8476967,2023,EDM,1435.7666666666667,82,20.0
8479322,2023,PHI,773.6833333333333,60,15.0
8481568,2023,CHI,117.81666666666666,6,1.0
8478840,2023,SEA,1341.5,82,20.0
8474568,2023,TOR,1144.8333333333333,70,22.0
8480032,2023,COL,1.7666666666666666,1,0.0
8480031,2023,ANA,883.8666666666667,64,19.0
8480873,2023,WSH,1372.1833333333334,71,35.0
8474574,2023,VAN,1630.7,78,17.0
8475208,2023,PIT,1692.55,82,25.0
8476952,2023,WPG,39.63333333333333,5,1.0
8479395,2023,NYI,25.55,2,0.0
8478147,2023,UTA,37.416666666666664,5,0.0
8475235,2023,PHI,807.5333333333333,80,12.0
8476872,2023,PHI,1426.2333333333333,78,43.0
8480084,2023,CGY,45.0,4,0.0
8480023,2023,STL,1412.0666666666666,73,65.0
8480883,2023,PIT,181.81666666666666,9,4.0
8471276,2023,BOS,1203.6166666666666,70,56.0
8478446,2023,ANA,28.783333333333335,3,0.0
8480803,2023,EDM,1518.35,82,40.0
8474884,2023,MTL,1050.1333333333334,67,34.0
8481532,2023,LAK,27.9,4,0.0
8477416,2023,SEA,1265.5,81,45.0
8480246,2023,TBL,1062.35,69,20.0
8480001,2023,ANA,378.53333333333336,23,2.0
8480003,2023,NJD,812.4,70,21.0
8478512,2023,DET,324.0,29,5.0
8480871,2023,CBJ,857.1333333333333,46,24.0
8473548,2023,VGK,1050.3166666666666,82,36.0
8480891,2023,UTA,153.85,9,3.0
8480842,2023,PIT,19.933333333333334,2,0.0
8471709,2023,SJS,1362.7,78,18.0
8475842,2023,ANA,549.4,52,7.0
8479315,2023,CHI,444.5,38,9.0
8484254,2023,VAN,122.25,7,3.0
8482142,2023,ANA,140.96666666666667,8,0.0
8477946,2023,DET,1564.45,80,79.0
8483641,2023,FLA,19.15,2,0.0
8479323,2023,NYR,1998.9666666666667,82,72.0
8476166,2023,PIT,44.266666666666666,4,0.0
8478133,2023,MTL,782.4666666666667,54,19.0
8477939,2023,TOR,1520.45,82,87.0
8479518,2023,DAL,47.78333333333333,5,0.0
8476826,2023,SEA,1387.8833333333334,81,48.0
8483515,2023,MTL,476.4,39,10.0
8481550,2023,MIN,96.21666666666667,9,0.0
8479398,2023,COL,1633.6166666666666,76,37.0
8477942,2023,LAK,1214.0666666666666,69,72.0
8482089,2023,STL,534.3833333333333,43,10.0
8476441,2023,MTL,1193.5,61,13.0
8476854,2023,BOS,1854.95,80,53.0
8477479,2023,BOS,824.4166666666666,50,30.0
8482111,2023,MTL,635.8333333333334,39,15.0
8478366,2023,ANA,1350.9666666666667,81,41.0
8481102,2023,OTT,35.2,5,2.0
8479367,2023,VAN,133.6,13,1.0
8477435,2023,NJD,1555.9333333333334,78,26.0
8478460,2023,CBJ,306.75,13,8.0
8478173,2023,PHI,4.766666666666667,1,0.0
8482241,2023,TOR,85.75,10,1.0
8481599,2023,UTA,485.15,30,9.0
8479998,2023,LAK,1667.8166666666666,77,20.0
8477444,2023,SEA,811.1333333333333,49,39.0
8478843,2023,COL,709.7666666666667,65,21.0
8475745,2023,BOS,1392.8833333333334,82,45.0
8482117,2023,CHI,376.43333333333334,23,15.0
8479347,2023,EDM,12.566666666666666,2,0.0
8480012,2023,VAN,1644.3833333333334,80,102.0
8482077,2023,EDM,488.85,51,9.0
8480853,2023,CBJ,752.35,62,14.0
8481013,2023,DET,901.8,67,28.0
8479671,2023,CBJ,767.6,66,15.0
8480043,2023,TOR,1199.8666666666666,67,18.0
8477500,2023,NYI,1631.6666666666667,79,70.0
8479371,2023,NSH,1378.35,79,11.0
8481056,2023,NSH,140.88333333333333,8,2.0
8477425,2023,NJD,920.1333333333333,76,27.0
8481812,2023,SJS,193.73333333333332,12,1.0
8479362,2023,DAL,23.866666666666667,3,0.0
8483620,2023,CBJ,599.0333333333333,33,11.0
8481072,2023,CBJ,1000.9,59,3.0
8479388,2023,BUF,732.1333333333333,50,8.0
8477919,2023,MIN,1315.5166666666667,82,38.0
8478400,2023,FLA,655.2,68,15.0
8477903,2023,BOS,990.8,84,22.0
8475163,2023,DET,241.45,20,9.0
8482055,2023,PIT,451.51666666666665,46,11.0
8481725,2023,DET,253.53333333333333,21,8.0
8477998,2023,EDM,851.0166666666667,67,28.0
8475233,2023,MTL,1388.0,62,20.0
8476887,2023,NSH,873.6,50,42.0
8478017,2023,PIT,332.35,23,3.0
8476456,2023,CGY,1332.2666666666667,79,55.0
8473533,2023,CAR,1317.7166666666667,81,34.0
8478233,2023,CGY,1379.3833333333334,82,43.0
8482192,2023,CHI,247.36666666666667,16,5.0
8481604,2023,VGK,256.15,18,9.0
8480216,2023,SJS,209.26666666666668,12,8.0
8482122,2023,MIN,40.13333333333333,2,0.0
8477520,2023,UTA,37.8,4,0.0
8477407,2023,FLA,297.03333333333336,20,9.0
8479543,2023,MTL,587.3166666666667,63,15.0
8480281,2023,STL,833.2666666666667,69,19.0
8482207,2023,NYI,6.8,1,0.0
8482634,2023,TOR,23.533333333333335,3,0.0
8476458,2023,ANA,1397.25,82,41.0
8478038,2023,COL,2008.5,80,50.0
8476923,2023,NJD,1616.35,81,33.0
8475193,2023,NJD,1239.6,82,48.0
8477933,2023,FLA,1622.05,82,67.0
8476278,2023,CHI,625.45,53,10.0
8476422,2023,BOS,167.35,10,1.0
8477451,2023,MIN,961.5833333333334,59,37.0
8479066,2023,FLA,927.3333333333334,82,20.0
8477488,2023,CAR,1804.7833333333333,82,30.0
8476873,2023,NSH,621.9833333333333,50,12.0
8481751,2023,BUF,22.616666666666667,2,2.0
8480025,2023,CHI,786.5166666666667,66,10.0
8479619,2023,UTA,113.8,9,3.0
8479291,2023,CGY,150.66666666666666,17,1.0
8482197,2023,SJS,35.75,3,0.0
8476822,2023,DAL,844.3666666666667,70,6.0
8477504,2023,WPG,1890.0333333333333,78,76.0
8475791,2023,BOS,971.6833333333333,61,36.0
8479404,2023,WSH,8.166666666666666,1,0.0
8480434,2023,LAK,1424.55,72,38.0
8480822,2023,SJS,374.45,36,8.0
8476981,2023,MTL,1170.2333333333333,69,32.0
8476979,2023,TOR,1384.1,70,42.0
8476869,2023,CAR,1766.4833333333333,81,38.0
8470621,2023,TBL,936.55,81,25.0
8477839,2023,WSH,1292.7666666666667,82,37.0
8479591,2023,TBL,661.7,54,15.0
8479987,2023,SEA,721.4,69,28.0
8480893,2023,CBJ,955.1666666666666,59,25.0
8481557,2023,MIN,1498.4833333333333,81,63.0
8483524,2023,SEA,67.86666666666666,8,2.0
8475857,2023,NSH,328.18333333333334,23,1.0
8482259,2023,TOR,105.71666666666667,10,1.0
8478881,2023,CHI,91.9,7,1.0
8480011,2023,EDM,573.3833333333333,57,21.0
8478131,2023,CAR,11.033333333333333,1,0.0
8479356,2023,PHI,271.3333333333333,28,3.0
8475744,2023,WSH,1462.8166666666666,81,55.0
8476429,2023,NYI,1724.3666666666666,82,24.0
8479346,2023,CGY,1243.2,82,45.0
8474573,2023,NYI,968.8666666666667,64,25.0
8477505,2023,SEA,1532.8666666666666,82,38.0
8477210,2023,CHI,105.96666666666667,9,3.0
8481186,2023,COL,1164.7666666666667,82,26.0
8481527,2023,VGK,175.68333333333334,10,2.0
8481058,2023,MTL,497.53333333333336,37,16.0
8481528,2023,BUF,1336.25,81,68.0
8480064,2023,OTT,143.9,8,3.0
8483549,2023,MTL,11.033333333333333,1,1.0
8482149,2023,WPG,763.4333333333333,51,30.0
8479383,2023,CHI,701.2,58,16.0
8481624,2023,VAN,777.9666666666667,46,28.0
8476449,2023,ANA,739.7166666666667,45,11.0
8478483,2023,TOR,1702.1,80,99.0
8482073,2023,NYR,1273.4666666666667,81,18.0
8478420,2023,COL,1822.3833333333334,82,105.0
8478424,2023,WPG,238.03333333333333,22,5.0
8477810,2023,DAL,302.56666666666666,26,2.0
8482720,2023,TOR,39.333333333333336,3,1.0
8479314,2023,FLA,1614.4333333333334,79,109.0
8471215,2023,PIT,1523.6,82,83.0
8477476,2023,COL,1308.95,64,51.0
8476346,2023,CBJ,1553.45,80,74.0
8481585,2023,NSH,184.41666666666666,17,1.0
8479945,2023,CBJ,813.3,51,14.0
8480913,2023,NSH,281.7,15,3.0
8471873,2023,BOS,122.96666666666667,8,0.0
8474818,2023,TOR,189.61666666666667,12,2.0
8478409,2023,MTL,129.46666666666667,13,5.0
8474145,2023,STL,540.3666666666667,43,5.0
8476460,2023,WPG,1658.7833333333333,81,68.0
8476462,2023,NJD,1785.5,82,74.0
8477359,2023,VAN,41.88333333333333,3,1.0
8478398,2023,WPG,1683.4,82,80.0
8479639,2023,CAR,216.25,17,3.0
8475324,2023,WSH,1587.4833333333333,77,29.0
8475455,2023,WPG,1606.25,82,23.0
8482179,2023,CBJ,21.583333333333332,2,1.0
8476919,2023,MTL,391.06666666666666,36,10.0
8479991,2023,NYR,319.5,35,0.0
8477934,2023,EDM,1738.7166666666667,80,128.0
8481679,2023,OTT,8.783333333333333,1,0.0
8475171,2023,VAN,1089.5,54,22.0
8476479,2023,LAK,1502.65,82,54.0
8476404,2023,NYI,22.05,3,1.0
8482711,2023,CBJ,40.233333333333334,2,1.0
8477021,2023,TOR,1198.75,82,32.0
8476396,2023,MIN,20.633333333333333,2,0.0
8476858,2023,VAN,437.1333333333333,30,12.0
8476850,2023,EDM,170.61666666666667,13,3.0
8478109,2023,BUF,1076.6333333333334,75,40.0
8478975,2023,DAL,1067.9833333333333,68,31.0
8477940,2023,WPG,704.1666666666666,45,38.0
8477409,2023,FLA,1417.6666666666667,81,73.0
8475158,2023,TOR,950.7666666666667,53,30.0
8480835,2023,CAR,409.8333333333333,38,8.0
8480008,2023,CGY,509.3333333333333,44,20.0
8481147,2023,CHI,594.85,54,6.0
8477993,2023,ANA,50.5,7,0.0
8480994,2023,MIN,13.95,1,1.0
8470595,2023,FLA,1025.0666666666666,72,29.0
8478859,2023,NYR,1411.9166666666667,81,6.0
8480144,2023,TOR,1255.2166666666667,82,27.0
8475151,2023,NYI,940.4166666666666,55,33.0
8477846,2023,NYR,201.88333333333333,22,3.0
8474578,2023,SJS,2100.4333333333334,82,101.0
8479376,2023,TOR,143.8,11,2.0
8477369,2023,SEA,1270.7666666666667,78,16.0
8476885,2023,NYR,1738.05,82,30.0
8478010,2023,TBL,1612.9166666666667,82,95.0
8480798,2023,CHI,1219.4333333333334,70,25.0
8475722,2023,PIT,1221.1666666666667,78,48.0
8476856,2023,MIN,1680.9333333333334,79,14.0
8474567,2023,TBL,688.85,46,5.0
8480192,2023,MTL,1341.3,77,15.0
8478870,2023,TBL,173.48333333333332,17,5.0
8478508,2023,NSH,1166.3,77,24.0
8482740,2023,DAL,1269.5,82,41.0
8479980,2023,VGK,1465.3666666666666,81,17.0
8478057,2023,VAN,910.2,79,23.0
8482745,2023,ANA,1229.95,80,43.0
8479465,2023,PIT,26.4,4,0.0
8483397,2023,BOS,20.116666666666667,2,0.0
8477429,2023,DET,1488.7166666666667,82,42.0
8477944,2023,STL,363.75,25,16.0
8480184,2023,DET,510.1,36,8.0
8482081,2023,MTL,83.23333333333333,6,1.0
8481441,2023,WSH,151.15,12,4.0
8475718,2023,TOR,1619.3166666666666,80,18.0
8479420,2023,BUF,1450.0333333333333,78,94.0
8476454,2023,EDM,1623.7,82,104.0
8474037,2023,PHI,936.5833333333334,61,29.0
8478491,2023,OTT,83.78333333333333,7,0.0
8478042,2023,LAK,1316.4,77,59.0
8473512,2023,OTT,1541.2666666666667,82,79.0
8482665,2023,SEA,1367.3666666666666,80,57.0
8475200,2023,BOS,1488.0,66,36.0
8481598,2023,EDM,579.7666666666667,46,8.0
8476897,2023,MIN,928.9666666666667,67,28.0
8479325,2023,BOS,1494.3,67,52.0
8481560,2023,LAK,653.95,56,28.0
8478020,2023,VGK,818.2333333333333,67,27.0
8482624,2023,VGK,238.48333333333332,14,6.0
8480049,2023,WPG,940.3333333333334,63,8.0
8475178,2023,UTA,467.0,51,2.0
8474716,2023,MIN,1723.15,79,34.0
8478078,2023,OTT,62.016666666666666,6,0.0
8481641,2023,DAL,850.8,70,9.0
8480776,2023,VGK,7.733333333333333,1,0.0
8478396,2023,CGY,1833.9833333333333,81,38.0
8474031,2023,ANA,1447.75,75,27.0
8474610,2023,FLA,117.61666666666666,14,4.0
8478846,2023,VAN,252.1,16,3.0
8479981,2023,SJS,314.7,35,7.0
8482113,2023,FLA,1195.05,73,33.0
8477392,2023,NYI,611.65,49,19.0
8474162,2023,TOR,66.85,4,1.0
8483808,2023,VAN,1315.5833333333333,81,74.0
8480355,2023,OTT,578.05,65,11.0
8478873,2023,ANA,1355.75,70,61.0
8475166,2023,TOR,1412.5166666666667,80,80.0
8476468,2023,VAN,1675.05,81,82.0
8477498,2023,EDM,1926.65,82,43.0
8480252,2023,CHI,203.85,14,6.0
8478427,2023,CAR,1462.1666666666667,75,67.0
8479320,2023,CAR,23.566666666666666,3,0.0
8478502,2023,CGY,270.0,23,4.0
8480884,2023,MIN,999.4333333333333,62,29.0
8480836,2023,PIT,15.983333333333333,3,0.0
8481239,2023,LAK,70.66666666666667,9,3.0
8482222,2023,SJS,1227.6166666666666,68,47.0
8478468,2023,NSH,1128.4,67,12.0
8482448,2023,CBJ,31.283333333333335,2,0.0
8479546,2023,BOS,27.466666666666665,3,1.0
8484256,2023,NSH,77.25,5,1.0
8481070,2023,STL,9.616666666666667,1,0.0
8479385,2023,STL,1422.2833333333333,79,73.0
8478498,2023,BOS,1073.7,64,50.0
8474618,2023,STL,356.7,20,2.0
8482475,2023,CBJ,397.56666666666666,30,13.0
8480039,2023,CAR,1509.8,82,71.0
8482159,2023,PHI,132.53333333333333,8,7.0
8480890,2023,UTA,11.816666666666666,2,0.0
8479372,2023,FLA,1151.2666666666667,82,16.0
8477433,2023,NYR,590.7,42,6.0
8476880,2023,WSH,581.3666666666667,33,22.0
8474679,2023,MIN,898.6,51,27.0
8478051,2023,PHI,80.66666666666667,9,0.0
8476624,2023,NYR,1162.0,82,31.0
8481683,2023,VAN,55.85,6,1.0
8480849,2023,UTA,1434.8166666666666,82,43.0
8474565,2023,VGK,1750.6333333333334,73,54.0
8483565,2023,CBJ,690.2666666666667,36,14.0
8482834,2023,SEA,139.95,14,4.0
8478028,2023,DAL,285.75,28,4.0
8475690,2023,CGY,1307.8166666666666,65,13.0
8483464,2023,DET,14.983333333333333,1,0.0
8479345,2023,OTT,1089.7833333333333,48,33.0
8477956,2023,BOS,1604.2833333333333,82,113.0
8477949,2023,BUF,1417.4,74,79.0
8478466,2023,SEA,753.65,66,46.0
8479318,2023,TOR,1500.6,74,85.0
8479705,2023,SJS,36.68333333333333,4,0.0
8480935,2023,BUF,217.53333333333333,17,3.0
8478146,2023,STL,21.5,2,0.0
8476905,2023,VGK,1540.3833333333334,81,65.0
8481582,2023,TOR,163.26666666666668,15,5.0
8480846,2023,COL,44.05,6,0.0
8474613,2023,CAR,662.8833333333333,73,11.0
8479329,2023,MTL,41.53333333333333,3,0.0
8477573,2023,STL,575.9,56,10.0
8479983,2023,SJS,1555.4333333333334,72,11.0
8475169,2023,EDM,766.8333333333334,41,28.0
8479369,2023,CBJ,1699.75,80,13.0
8477482,2023,NSH,215.83333333333334,16,3.0
8480833,2023,VAN,493.1333333333333,44,8.0
8480073,2023,OTT,1192.4,74,18.0
8478434,2023,VGK,849.0666666666667,74,18.0
8480468,2023,EDM,88.61666666666666,10,0.0
8474870,2023,CHI,960.5166666666667,59,32.0
8480015,2023,PHI,1341.9,77,49.0
8478506,2023,WSH,82.56666666666666,6,2.0
8480880,2023,BOS,203.88333333333333,23,7.0
8480037,2023,FLA,85.88333333333334,10,3.0
8471274,2023,MIN,812.6666666666666,46,6.0
8475799,2023,WPG,1270.3666666666666,78,41.0
8482861,2023,WSH,43.03333333333333,3,1.0
8480058,2023,PIT,1143.6833333333334,75,21.0
8479972,2023,MIN,666.1333333333333,59,17.0
8479316,2023,SJS,478.3833333333333,31,13.0
8477986,2023,FLA,1930.1,80,73.0
8481580,2023,WSH,53.15,6,0.0
8477070,2023,UTA,639.9,56,11.0
8481601,2023,NYI,554.8666666666667,50,9.0
8475461,2023,SJS,65.48333333333333,4,3.0
8478967,2023,CBJ,322.01666666666665,27,6.0
8483619,2023,CHI,275.76666666666665,17,3.0
8478043,2023,TOR,1022.6,70,27.0
8480813,2023,DET,1034.85,81,20.0
8475766,2023,OTT,767.4666666666667,75,11.0
8482245,2023,OTT,1073.4166666666667,53,10.0
8477962,2023,PHI,458.1666666666667,45,9.0
8480071,2023,NYI,122.93333333333334,11,4.0
8476874,2023,DET,1459.15,78,23.0
8479421,2023,LAK,29.933333333333334,2,0.0
8481740,2023,NJD,17.3,2,0.0
8479458,2023,CHI,757.3333333333334,46,8.0
8475747,2023,UTA,1332.8166666666666,75,5.0
8475764,2023,ANA,1982.2166666666667,82,48.0
8475786,2023,EDM,1591.9,79,83.0
8482087,2023,MTL,902.7,44,18.0
8481518,2023,NJD,43.3,6,1.0
8482655,2023,UTA,1726.15,82,31.0
8470610,2023,NYI,1323.9833333333333,82,34.0
8481077,2023,NSH,69.23333333333333,6,1.0
8477244,2023,PIT,684.7166666666667,47,5.0
8477938,2023,TBL,370.98333333333335,29,1.0
8479661,2023,TBL,1083.2333333333333,76,18.0
8475772,2023,BUF,16.616666666666667,2,0.0
8482684,2023,NJD,32.46666666666667,2,2.0
8478062,2023,UTA,175.46666666666667,15,0.0
8477406,2023,EDM,967.8166666666667,66,25.0
8483424,2023,MTL,9.8,1,0.0
8480027,2023,DAL,1544.7833333333333,82,109.0
8477380,2023,NYR,158.41666666666666,17,2.0
8479379,2023,FLA,252.15,36,4.0
8478970,2023,CAR,1101.7333333333333,78,14.0
8475168,2023,NSH,1300.7166666666667,71,56.0
8476882,2023,CAR,1149.8,68,37.0
8476331,2023,WPG,1467.0666666666666,75,27.0
8473994,2023,DAL,1294.25,82,78.0
8482250,2023,COL,17.616666666666667,2,0.0
8478401,2023,BOS,1316.5833333333333,82,57.0
8477495,2023,CHI,1587.5833333333333,65,35.0
8480007,2023,VGK,132.21666666666667,13,1.0
8479941,2023,CBJ,80.33333333333333,6,3.0
8477464,2023,MIN,116.0,10,3.0
8481093,2023,MTL,585.8,34,20.0
8477471,2023,OTT,27.8,3,0.0
8482133,2023,SJS,121.86666666666666,8,2.0
8471698,2023,WSH,969.9666666666667,58,35.0
8477126,2023,ANA,550.2333333333333,55,8.0
8481606,2023,LAK,84.0,6,1.0
8471675,2023,PIT,1651.7666666666667,82,93.0
8479982,2023,TOR,407.43333333333334,27,14.0
8477506,2023,NYI,1714.2166666666667,82,26.0
8478075,2023,CHI,193.58333333333334,14,8.0
8480185,2023,FLA,1310.8333333333333,82,43.0
8480069,2023,COL,1582.8166666666666,60,66.0
8482093,2023,CAR,1328.6833333333334,82,39.0
8482712,2023,COL,7.033333333333333,1,0.0
8479026,2023,TBL,126.96666666666667,11,3.0
8480844,2023,FLA,178.01666666666668,18,3.0
8479324,2023,NYR,1186.9166666666667,63,18.0
8480021,2023,VAN,508.55,48,8.0
8475314,2023,NYI,1412.2833333333333,82,50.0
8475279,2023,DET,1566.25,76,19.0
8477511,2023,WSH,952.6333333333333,67,27.0
8481543,2023,STL,274.76666666666665,28,7.0
8482101,2023,SJS,31.816666666666666,2,2.0
8476941,2023,BOS,16.9,1,1.0
8475798,2023,PIT,1408.2,79,41.0
8475763,2023,PHI,1422.8166666666666,81,54.0
8473473,2023,CGY,870.6333333333333,77,19.0
8480762,2023,CBJ,1004.25,72,24.0
8477467,2023,SEA,38.8,3,0.0
8476918,2023,NYR,1102.45,81,25.0
8474161,2023,CBJ,175.55,11,6.0
8477454,2023,DET,816.2333333333333,61,18.0
8481523,2023,MTL,1072.75,58,38.0
8481433,2023,DET,30.983333333333334,3,0.0
8481540,2023,MTL,830.2833333333333,46,36.0
8479402,2023,CBJ,219.85,14,6.0
8480009,2023,SEA,885.5,61,31.0
8475726,2023,CGY,1362.1,82,73.0
8471218,2023,WPG,1227.1833333333334,72,55.0
8481592,2023,CGY,340.43333333333334,24,7.0
8477456,2023,COL,1684.3333333333333,82,52.0
8476419,2023,NYI,1233.25,70,40.0
8481541,2023,NYI,244.83333333333334,17,3.0
8482105,2023,OTT,1687.8666666666666,77,32.0
8480829,2023,CAR,1208.35,82,43.0
8474089,2023,EDM,76.86666666666666,10,0.0
8477404,2023,PIT,1569.05,78,73.0
8482635,2023,CHI,81.31666666666666,8,0.0
8482705,2023,CBJ,851.7833333333333,64,11.0
8477497,2023,MTL,434.18333333333334,25,17.0
8474102,2023,DET,1387.3166666666666,82,56.0
8479525,2023,TBL,1000.45,81,32.0
8481537,2023,NJD,117.33333333333333,10,1.0
8478458,2023,CBJ,1266.3833333333334,77,44.0
8477955,2023,SEA,1290.8,79,70.0
8474709,2023,NYI,903.0333333333333,81,19.0
8482730,2023,LAK,122.78333333333333,9,2.0
8475768,2023,SEA,1237.05,71,40.0
8474141,2023,NYR,1409.5333333333333,73,57.0
8482699,2023,UTA,432.7,33,15.0
8476884,2023,SJS,135.56666666666666,8,2.0
8473453,2023,CGY,993.7333333333333,82,20.0
8480831,2023,CHI,66.38333333333334,4,0.0
8478495,2023,MTL,870.95,66,17.0
8476312,2023,COL,477.56666666666666,27,10.0
8479523,2023,FLA,20.183333333333334,2,0.0
8475197,2023,NSH,1681.1666666666667,85,55.0
8476372,2023,PHI,1115.7,77,14.0
8479343,2023,UTA,1701.5166666666667,82,86.0
8478440,2023,WSH,1351.65,81,65.0
8476792,2023,STL,1170.7666666666667,63,32.0
8483597,2023,UTA,107.51666666666667,14,1.0
8480292,2023,CBJ,136.08333333333334,14,1.0
8479602,2023,BUF,8.55,1,0.0
8479393,2023,SJS,739.5166666666667,57,17.0
8477460,2023,UTA,219.65,21,1.0
8479338,2023,EDM,230.95,23,0.0
8480797,2023,PHI,1394.8833333333334,82,39.0
8477887,2023,OTT,694.0333333333333,61,12.0
8474673,2023,TOR,1230.6166666666666,58,14.0
8476958,2023,CAR,1671.3666666666666,76,27.0
8481522,2023,BUF,1023.9,74,26.0
8477979,2023,WSH,601.6666666666666,53,12.0
8481161,2023,CBJ,365.31666666666666,24,4.0
8479425,2023,VAN,1388.7833333333333,64,39.0
8471699,2023,COL,996.8,79,19.0
8480467,2023,ANA,62.016666666666666,5,0.0
8481617,2023,VAN,461.6666666666667,39,7.0
8475692,2023,MIN,1575.1,78,67.0
8476927,2023,VGK,813.3166666666667,63,16.0
8470966,2023,TOR,1478.1333333333334,78,24.0
8476931,2023,TOR,1480.1,76,25.0
8480205,2023,CBJ,665.9666666666667,55,22.0
8477508,2023,NJD,584.5666666666667,49,5.0
8477426,2023,TBL,1292.7333333333333,80,32.0
8478465,2023,VAN,281.1666666666667,17,3.0
8477964,2023,VGK,1374.0,82,45.0
8482181,2023,SJS,41.13333333333333,3,0.0
8480848,2023,DAL,1164.4333333333334,82,28.0
8470604,2023,PIT,1082.8,79,29.0
8476925,2023,NSH,1297.85,82,30.0
8474053,2023,SJS,1568.7833333333333,82,67.0
8477935,2023,FLA,1096.6333333333334,63,40.0
8480328,2023,CHI,56.81666666666667,4,1.0
8481422,2023,OTT,128.38333333333333,11,1.0
8477492,2023,COL,1584.5333333333333,71,111.0
8482097,2023,BUF,1038.5333333333333,75,37.0
8476881,2023,SJS,1523.2166666666667,79,63.0
8478136,2023,MIN,1504.1,79,15.0
8474040,2023,WPG,584.25,48,14.0
8471685,2023,LAK,1664.7833333333333,82,74.0
8478455,2023,CHI,84.96666666666667,7,2.0
8475278,2023,VGK,89.65,9,2.0
8475184,2023,NYR,1454.6333333333334,79,54.0
8474697,2023,NSH,39.7,4,0.0
8479348,2023,BUF,498.43333333333334,33,4.0
8478445,2023,NYI,1085.5333333333333,58,51.0
8477947,2023,WSH,826.05,64,33.0
8477971,2023,CHI,569.2333333333333,47,4.0
8479410,2023,TBL,1881.0666666666666,79,64.0
8478413,2023,BUF,837.3,62,11.0
8478403,2023,VGK,1257.3833333333334,67,66.0
8480002,2023,NJD,1562.4333333333334,81,80.0
8477447,2023,VGK,1178.8166666666666,55,41.0
8482116,2023,OTT,1658.6666666666667,78,90.0
8480801,2023,OTT,1527.8333333333333,82,83.0
8475794,2023,DAL,1262.9333333333334,76,50.0
8479378,2023,WPG,260.56666666666666,19,3.0
8478367,2023,NYI,6.616666666666666,1,0.0
8481567,2023,SJS,158.91666666666666,8,2.0
8475160,2023,TOR,15.816666666666666,2,1.0
8478373,2023,NYI,29.816666666666666,3,0.0
8473504,2023,NYI,598.9666666666667,49,12.0
8480459,2023,DET,1110.8833333333334,79,24.0
8480845,2023,LAK,666.2666666666667,66,15.0
8477034,2023,SEA,1018.7666666666667,54,12.0
8480018,2023,MTL,1729.8333333333333,82,66.0
8482078,2023,DET,1285.8166666666666,74,45.0
8480220,2023,PHI,1456.9166666666667,82,38.0
8484125,2023,CBJ,146.7,12,2.0
8480036,2023,DAL,2013.8,79,73.0
8475172,2023,CGY,1411.1166666666666,82,56.0
8481559,2023,NJD,1557.35,78,99.0
8479400,2023,WPG,1346.9833333333333,73,63.0
8483630,2023,ANA,147.58333333333334,14,3.0
8481533,2023,ANA,1525.0,81,65.0
8482652,2023,CGY,275.3,27,11.0
8478882,2023,LAK,1581.9333333333334,72,19.0
8476310,2023,PHI,366.1333333333333,30,8.0
8480796,2023,WSH,1340.0166666666667,67,16.0
8481596,2023,OTT,1310.2666666666667,82,35.0
8474586,2023,SEA,1368.1166666666666,82,63.0
8481542,2023,DET,1898.2,82,42.0
8475164,2023,ANA,1229.5166666666667,81,26.0
8478542,2023,COL,1232.0833333333333,69,39.0
8481649,2023,CBJ,87.25,7,1.0
8479439,2023,SJS,698.2833333333333,58,8.0
8481712,2023,DAL,58.21666666666667,6,1.0
8475765,2023,NYR,1159.2166666666667,69,50.0
8480014,2023,LAK,983.0166666666667,63,41.0
8479328,2023,OTT,492.1666666666667,57,14.0
8477320,2023,COL,92.11666666666666,14,0.0
8478841,2023,ANA,668.3833333333333,46,6.0
8479985,2023,SEA,159.7,12,1.0
8479580,2023,OTT,683.3333333333334,60,10.0
8482623,2023,CBJ,79.71666666666667,8,0.0
8481546,2023,PHI,1060.8666666666666,54,20.0
8476948,2023,COL,97.01666666666667,9,0.0
8475848,2023,MTL,528.4166666666666,37,14.0
8479976,2023,UTA,1417.6666666666667,78,34.0
8475784,2023,BUF,1374.3833333333334,79,82.0
8481524,2023,COL,918.8666666666667,42,24.0
8478067,2023,SJS,771.9,73,15.0
8476994,2023,BUF,327.6166666666667,26,11.0
8476457,2023,SEA,1938.4666666666667,82,33.0
8482176,2023,CHI,167.41666666666666,9,3.0
8479335,2023,NSH,504.26666666666665,46,8.0
8477527,2023,NYI,124.76666666666667,16,2.0
8480145,2023,WPG,1799.15,82,33.0
8475752,2023,STL,614.6166666666667,61,16.0
8478911,2023,LAK,1539.6166666666666,82,26.0
8480950,2024,TOR,1267.2333333333333,74,8.0
8478438,2024,NSH,1008.25,71,45.0
8476925,2024,NSH,1342.4666666666667,81,35.0
8480860,2024,NJD,1426.5166666666667,82,11.0
8478028,2024,COL,556.2,57,9.0
8475278,2024,VGK,170.7,16,1.0
8478047,2024,PIT,1270.5333333333333,81,55.0
8476473,2024,CHI,912.2666666666667,46,8.0
8484166,2024,CBJ,769.8,49,27.0
8481743,2024,NSH,148.15,9,3.0
8481591,2024,PIT,23.366666666666667,3,0.0
8476389,2024,NYR,1759.2833333333333,82,77.0
8476456,2024,CGY,1411.1833333333334,81,52.0
8470610,2024,COL,389.01666666666665,30,10.0
8471675,2024,PIT,1647.1166666666666,82,94.0
8482162,2024,OTT,52.65,7,1.0
8481560,2024,LAK,601.9166666666666,51,15.0
8475191,2024,PIT,1226.1666666666667,76,40.0
8477930,2024,SEA,393.53333333333336,40,7.0
8477454,2024,EDM,187.65,24,2.0
8482744,2024,CBJ,112.38333333333334,11,4.0
8480803,2024,EDM,1862.7666666666667,81,82.0
8475791,2024,CHI,163.3,10,4.0
8478463,2024,NSH,814.85,60,17.0
8477851,2024,CGY,297.3833333333333,22,2.0
8482155,2024,LAK,1070.8333333333333,81,23.0
8477401,2024,SEA,13.45,2,0.0
8478396,2024,VGK,1889.1166666666666,80,47.0
8479941,2024,CBJ,1013.4333333333333,71,26.0
8480798,2024,CHI,1426.3833333333334,75,54.0
8476442,2024,PIT,255.45,22,4.0
8476918,2024,NYR,990.15,80,26.0
8482070,2024,TBL,338.65,30,7.0
8483457,2024,MTL,45.43333333333333,2,2.0
8479991,2024,NYR,6.466666666666667,1,0.0
8477244,2024,NYR,660.4166666666666,52,4.0
8470600,2024,DAL,1553.0666666666666,82,17.0
8477933,2024,FLA,1664.5833333333333,82,94.0
8477018,2024,VGK,666.5666666666667,41,10.0
8476931,2024,TOR,1507.9333333333334,73,28.0
8475763,2024,STL,1142.8833333333334,79,29.0
8480829,2024,CAR,1025.35,79,27.0
8476453,2024,TBL,1755.1666666666667,81,144.0
8481719,2024,TBL,168.15,13,2.0
8481617,2024,VAN,205.38333333333333,19,2.0
8474586,2024,SEA,1360.7,78,44.0
8479293,2024,SEA,962.75,66,16.0
8478104,2024,STL,513.5333333333333,53,7.0
8478445,2024,NYI,1610.6,80,80.0
8479675,2024,LAK,1474.35,82,57.0
8478462,2024,VGK,1081.6833333333334,70,41.0
8476892,2024,STL,1956.5833333333333,82,26.0
8480074,2024,CBJ,1184.1,78,30.0
8480835,2024,CAR,908.65,74,27.0
8479383,2024,OTT,677.25,59,13.0
8480845,2024,WPG,255.95,28,1.0
8477839,2024,TBL,632.8333333333334,57,15.0
8477034,2024,CHI,771.0166666666667,44,2.0
8479998,2024,LAK,1526.7166666666667,74,18.0
8477950,2024,CAR,444.51666666666665,31,11.0
8477073,2024,NJD,217.48333333333332,45,3.0
8476882,2024,CAR,1246.5333333333333,76,53.0
8476884,2024,DAL,60.7,5,0.0
8475220,2024,MIN,796.5166666666667,55,22.0
8482245,2024,OTT,1450.25,69,25.0
8478407,2024,SEA,1362.1333333333334,59,46.0
8476393,2024,FLA,840.8333333333334,69,15.0
8478483,2024,TOR,1468.0833333333333,69,85.0
8484144,2024,CHI,1345.2666666666667,68,61.0
8483490,2024,ANA,1187.2166666666667,63,28.0
8479291,2024,CGY,370.1166666666667,33,4.0
8478451,2024,WSH,357.73333333333335,24,4.0
8480035,2024,BUF,1404.5166666666667,74,20.0
8475744,2024,CAR,1105.7833333333333,63,24.0
8479671,2024,CBJ,609.2333333333333,54,12.0
8473994,2024,DAL,1239.8333333333333,82,60.0
8480049,2024,WPG,1218.8,78,18.0
8477380,2024,NYR,634.2666666666667,57,19.0
8477425,2024,COL,1012.6333333333333,74,26.0
8475765,2024,FLA,1196.0,76,55.0
8478874,2024,STL,19.6,2,0.0
8481521,2024,PHI,184.61666666666667,12,2.0
8476479,2024,LAK,1405.65,78,47.0
8474151,2024,NSH,1612.3166666666666,74,32.0
8477402,2024,STL,1585.9666666666667,80,63.0
8482259,2024,TOR,647.3166666666667,56,24.0
8480009,2024,SEA,1267.0166666666667,81,41.0
8473533,2024,CAR,1230.3,80,30.0
8476917,2024,NYI,1176.3333333333333,58,16.0
8482807,2024,CHI,37.15,2,0.0
8478450,2024,BOS,726.6,41,8.0
8480039,2024,CAR,1336.4333333333334,77,53.0
8481577,2024,NSH,515.5333333333333,41,20.0
8478057,2024,VAN,906.2666666666667,63,32.0
8475794,2024,DAL,1125.2,68,52.0
8479400,2024,LAK,1287.5,82,40.0
8481043,2024,TBL,60.31666666666667,9,2.0
8479385,2024,STL,1503.2,82,67.0
8474102,2024,DET,1187.8,76,47.0
8483499,2024,MIN,58.05,4,2.0
8478856,2024,VAN,1192.15,82,47.0
8480028,2024,PHI,1123.7166666666667,71,41.0
8481093,2024,MTL,568.7,45,10.0
8478414,2024,NJD,1214.5,69,52.0
8481553,2024,PHI,786.2,57,23.0
8476474,2024,CAR,960.9166666666666,81,37.0
8477527,2024,ANA,557.4,68,4.0
8475233,2024,MTL,1214.4833333333333,60,24.0
8482149,2024,WPG,964.7833333333333,71,38.0
8478013,2024,DET,1245.4666666666667,63,21.0
8477220,2024,WPG,1059.4333333333334,63,14.0
8482679,2024,CGY,428.78333333333336,34,9.0
8483401,2024,PIT,7.316666666666666,1,0.0
8479522,2024,WSH,63.78333333333333,6,1.0
8479442,2024,EDM,978.4333333333333,54,7.0
8478046,2024,BOS,1070.4333333333334,74,36.0
8476463,2024,MIN,1449.0833333333333,62,27.0
8482159,2024,PHI,1329.7,77,33.0
8483565,2024,CBJ,194.58333333333334,12,1.0
8482165,2024,CGY,11.966666666666667,1,0.0
8478440,2024,WSH,1471.9,82,67.0
8475795,2024,WSH,30.9,3,1.0
8480192,2024,MTL,1024.1333333333334,62,13.0
8475768,2024,SEA,1014.4666666666667,62,30.0
8481186,2024,COL,852.1666666666666,57,25.0
8479367,2024,FLA,213.16666666666666,26,1.0
8482470,2024,CGY,158.95,10,3.0
8478891,2024,WPG,1315.9333333333334,82,36.0
8480893,2024,CBJ,1280.2833333333333,78,42.0
8479423,2024,CBJ,454.96666666666664,28,15.0
8470621,2024,EDM,722.6333333333333,54,22.0
8481599,2024,UTA,45.56666666666667,3,0.0
8476372,2024,PHI,1203.3333333333333,71,13.0
8480880,2024,BOS,589.25,60,10.0
8476346,2024,CBJ,1523.85,81,60.0
8480289,2024,WPG,839.75,80,18.0
8476483,2024,PIT,1156.1,70,37.0
8480068,2024,PHI,1154.6666666666667,77,28.0
8478146,2024,OTT,53.96666666666667,7,2.0
8480834,2024,SJS,556.4833333333333,30,10.0
8477335,2024,SJS,1397.6333333333334,73,8.0
8481013,2024,DET,130.33333333333334,12,6.0
8479996,2024,NSH,550.7166666666667,41,13.0
8475692,2024,MIN,1303.5833333333333,69,63.0
8474053,2024,SJS,112.51666666666667,6,1.0
8484321,2024,OTT,28.016666666666666,4,0.0
8478474,2024,UTA,1362.1833333333334,81,42.0
8482460,2024,NYR,95.63333333333334,17,2.0
8475786,2024,EDM,1560.0333333333333,80,77.0
8482713,2024,FLA,84.26666666666667,7,0.0
8471686,2024,PHI,483.4166666666667,35,5.0
8476875,2024,MTL,2095.3333333333335,82,62.0
8477932,2024,FLA,1064.0333333333333,51,18.0
8479981,2024,FLA,289.81666666666666,39,4.0
8477353,2024,TBL,858.5666666666667,69,9.0
8481704,2024,NSH,642.3833333333333,44,12.0
8481806,2024,CHI,376.4,24,3.0
8480070,2024,BOS,199.0,13,2.0
8478439,2024,PHI,1507.8666666666666,76,68.0
8479353,2024,VGK,952.3666666666667,72,19.0
8480844,2024,VGK,65.08333333333333,6,0.0
8475172,2024,CGY,1510.9166666666667,82,75.0
8474709,2024,NYI,530.8166666666667,57,8.0
8478178,2024,TBL,1566.6666666666667,82,33.0
8476460,2024,WPG,1493.7333333333333,74,72.0
8479390,2024,CHI,1159.45,73,14.0
8474034,2024,BOS,654.9333333333333,51,16.0
8481598,2024,EDM,139.41666666666666,12,2.0
8476392,2024,WPG,1304.4333333333334,81,35.0
8480027,2024,DAL,1502.6333333333334,82,80.0
8471677,2024,COL,1194.1833333333334,80,16.0
8480891,2024,UTA,1026.5333333333333,65,21.0
8481032,2024,VGK,967.2666666666667,76,25.0
8480196,2024,BUF,528.3666666666667,36,8.0
8477845,2024,WSH,1306.5166666666667,70,14.0
8476960,2024,CHI,366.73333333333335,28,9.0
8476921,2024,CAR,1201.05,82,32.0
8476468,2024,VAN,1578.6833333333334,81,103.0
8480073,2024,OTT,1260.9166666666667,76,20.0
8479398,2024,COL,1143.5,59,18.0
8477986,2024,FLA,1547.5166666666667,66,33.0
8480084,2024,NJD,458.35,34,7.0
8476454,2024,EDM,1569.9333333333334,80,67.0
8477494,2024,COL,1436.6333333333334,79,56.0
8480849,2024,UTA,561.45,33,10.0
8478454,2024,VAN,804.3,54,7.0
8478519,2024,TBL,1462.9833333333333,79,45.0
8473419,2024,BOS,1566.35,82,67.0
8475462,2024,ANA,1287.3,66,18.0
8473453,2024,LAK,954.1333333333333,82,16.0
8477467,2024,SEA,14.95,1,0.0
8483920,2024,WSH,27.983333333333334,3,0.0
8480851,2024,LAK,61.1,7,4.0
8480025,2024,CHI,762.9333333333333,67,11.0
8477447,2024,VGK,1038.15,47,42.0
8482102,2024,CAR,19.35,2,2.0
8480355,2024,OTT,486.6333333333333,63,10.0
8475169,2024,EDM,1291.8166666666666,77,44.0
8476457,2024,SEA,1858.55,81,18.0
8478397,2024,CGY,1858.45,78,39.0
8482073,2024,NYR,1303.6666666666667,82,19.0
8482055,2024,PIT,1243.9,79,33.0
8477429,2024,DET,1285.6666666666667,79,33.0
8473473,2024,BOS,47.88333333333333,4,2.0
8479249,2024,SEA,13.75,2,0.0
8480821,2024,SJS,960.4666666666667,72,23.0
8482144,2024,SJS,47.016666666666666,3,0.0
8478401,2024,BOS,1412.3166666666666,78,59.0
8478881,2024,CHI,41.38333333333333,4,0.0
8476312,2024,COL,1351.5,76,25.0
8480252,2024,CHI,340.73333333333335,27,8.0
8479325,2024,BOS,1838.6,74,47.0
8481609,2024,UTA,62.36666666666667,5,4.0
8479983,2024,SJS,1783.8166666666666,78,21.0
8477508,2024,NJD,879.6666666666666,71,25.0
8479999,2024,COL,1418.3666666666666,80,57.0
8479315,2024,CHI,745.1333333333333,55,17.0
8480246,2024,TBL,1315.2833333333333,77,24.0
8473986,2024,ANA,1180.1166666666666,63,36.0
8480007,2024,VGK,225.53333333333333,20,3.0
8480848,2024,DAL,532.2,42,9.0
8482177,2024,MIN,209.76666666666668,16,4.0
8470613,2024,CAR,1763.0666666666666,82,43.0
8476923,2024,CBJ,1416.8833333333334,67,28.0
8482684,2024,NJD,1760.8333333333333,82,47.0
8476934,2024,ANA,265.8833333333333,24,3.0
8471274,2024,MIN,533.1,36,10.0
8482222,2024,SJS,730.1333333333333,46,13.0
8475158,2024,NSH,1620.8,82,69.0
8475718,2024,DET,573.1166666666667,38,5.0
8481533,2024,ANA,529.7333333333333,31,15.0
8477406,2024,EDM,844.5666666666667,71,12.0
8481618,2024,MTL,930.95,55,34.0
8471215,2024,PIT,1523.9333333333334,82,67.0
8479525,2024,COL,1097.5333333333333,80,40.0
8482201,2024,TBL,19.916666666666668,2,0.0
8477392,2024,NYI,541.9166666666666,45,14.0
8481789,2024,SEA,911.3666666666667,77,20.0
8480216,2024,SJS,79.5,6,0.0
8481028,2024,CGY,801.3333333333334,63,24.0
8482699,2024,UTA,732.55,45,35.0
8479976,2024,UTA,1298.3833333333334,68,17.0
8474715,2024,PHI,1116.1833333333334,70,28.0
8480069,2024,COL,1907.2666666666667,77,90.0
8482858,2024,SEA,690.4333333333333,36,9.0
8477499,2024,PHI,517.4166666666666,31,4.0
8480990,2024,MIN,512.4,31,9.0
8475753,2024,STL,1317.7333333333333,60,30.0
8480873,2024,WSH,1436.2,68,23.0
8480813,2024,DET,1116.5166666666667,80,28.0
8480188,2024,SJS,1546.2,82,44.0
8479362,2024,COL,55.6,5,2.0
8476889,2024,DAL,926.15,74,19.0
8477971,2024,LAK,1084.2333333333333,82,10.0
8484254,2024,VAN,36.31666666666667,3,0.0
8479972,2024,MIN,163.7,20,3.0
8476919,2024,NJD,469.3,52,12.0
8479345,2024,OTT,1835.9666666666667,82,41.0
8480801,2024,OTT,1550.5166666666667,81,74.0
8481024,2024,VAN,40.583333333333336,4,0.0
8483445,2024,ANA,15.4,1,1.0
8480185,2024,FLA,1306.8,82,27.0
8482765,2024,BUF,60.1,7,0.0
8477964,2024,VGK,1321.2833333333333,82,45.0
8474009,2024,NYR,551.4333333333333,45,5.0
8481754,2024,ANA,34.56666666666667,3,1.0
8475745,2024,BOS,1481.45,82,60.0
8478458,2024,NYR,917.7166666666667,59,31.0
8480806,2024,ANA,659.6833333333333,46,11.0
8484287,2024,VAN,9.083333333333334,1,0.0
8483515,2024,MTL,1470.7333333333333,82,50.0
8477573,2024,STL,486.45,45,13.0
8482197,2024,MIN,34.05,5,0.0
8482659,2024,UTA,135.4,11,9.0
8482250,2024,CAR,7.1,1,0.0
8474641,2024,EDM,1381.6333333333334,82,51.0
8483482,2024,ANA,125.1,7,3.0
8482176,2024,CHI,554.0,32,7.0
8481596,2024,OTT,742.4833333333333,41,27.0
8479323,2024,NYR,1687.9333333333334,72,73.0
8477446,2024,NSH,893.6833333333333,70,22.0
8482116,2024,OTT,1583.8833333333334,75,70.0
8478904,2024,FLA,333.9,38,3.0
8481016,2024,NYI,14.183333333333334,1,1.0
8477384,2024,UTA,752.3166666666667,51,10.0
8481056,2024,NSH,319.6666666666667,20,4.0
8482087,2024,MTL,1459.55,70,22.0
8474013,2024,VAN,1457.7666666666667,78,11.0
8479638,2024,BOS,211.23333333333332,19,7.0
8483549,2024,MTL,22.5,3,0.0
8474031,2024,BOS,962.5833333333334,61,24.0
8482511,2024,BOS,695.2666666666667,41,13.0
8478882,2024,LAK,1587.5,77,23.0
8480011,2024,SJS,567.2833333333333,52,14.0
8474574,2024,VAN,1459.0666666666666,77,29.0
8478444,2024,VAN,1506.7833333333333,81,73.0
8475790,2024,CBJ,1533.4833333333333,78,26.0
8478468,2024,NSH,1470.4666666666667,79,14.0
8476880,2024,WSH,1339.55,74,35.0
8476467,2024,SEA,1611.1833333333334,82,15.0
8478010,2024,TBL,1623.1666666666667,81,90.0
8476907,2024,STL,62.95,8,1.0
8481624,2024,VAN,1112.6,78,31.0
8482079,2024,MIN,1371.8666666666666,82,40.0
8477479,2024,TOR,1283.65,80,43.0
8484304,2024,FLA,366.6333333333333,26,3.0
8478512,2024,DET,286.9166666666667,34,1.0
8475179,2024,FLA,1255.05,76,20.0
8479372,2024,FLA,377.76666666666665,30,9.0
8471709,2024,SJS,928.0,57,12.0
8475762,2024,BOS,622.7833333333333,35,4.0
8483630,2024,ANA,57.81666666666667,5,0.0
8477149,2024,SJS,27.833333333333332,3,0.0
8482702,2024,DAL,352.1333333333333,24,14.0
8478402,2024,EDM,1623.3,76,132.0
8477464,2024,MIN,65.0,6,2.0
8478859,2024,FLA,1643.0166666666667,82,17.0
8483570,2024,ANA,232.51666666666668,23,3.0
8481708,2024,NYR,453.48333333333335,31,9.0
8475343,2024,WSH,972.9666666666667,64,22.0
8479351,2024,DAL,1019.6166666666667,77,24.0
8476429,2024,NYI,769.35,41,5.0
8474578,2024,PIT,1990.0166666666667,82,56.0
8481542,2024,DET,1833.4833333333333,82,42.0
8478043,2024,VAN,938.4666666666667,79,24.0
8480292,2024,CBJ,127.7,14,2.0
8471685,2024,LAK,1592.3166666666666,81,70.0
8479414,2024,NJD,548.9333333333333,54,12.0
8478067,2024,SJS,11.933333333333334,1,0.0
8482146,2024,NSH,1116.4333333333334,80,39.0
8479639,2024,CAR,17.983333333333334,1,0.0
8481065,2024,OTT,131.46666666666667,13,3.0
8483471,2024,WPG,13.85,1,1.0
8480336,2024,COL,1557.7666666666667,81,29.0
8479986,2024,SEA,5.983333333333333,1,0.0
8481481,2024,LAK,732.9,62,15.0
8482192,2024,CHI,563.4,33,6.0
8476822,2024,TBL,940.9166666666666,81,11.0
8478472,2024,OTT,1185.9833333333333,72,35.0
8477947,2024,WSH,612.9,49,23.0
8481641,2024,COL,551.0,56,9.0
8474157,2024,WSH,678.3833333333333,47,23.0
8481070,2024,STL,41.9,5,0.0
8477330,2024,OTT,897.0166666666667,74,15.0
8475810,2024,PIT,1213.85,62,56.0
8479359,2024,WSH,1153.7333333333333,81,21.0
8470966,2024,TOR,764.3833333333333,46,9.0
8478055,2024,FLA,1749.2166666666667,79,39.0
8482740,2024,DAL,1394.2,82,65.0
8476873,2024,NSH,405.35,32,15.0
8481534,2024,EDM,51.0,7,0.0
8480245,2024,PHI,179.03333333333333,18,5.0
8482451,2024,CBJ,223.61666666666667,17,2.0
8475722,2024,NSH,953.85,69,32.0
8479514,2024,CHI,140.28333333333333,9,0.0
8475188,2024,VGK,1587.0333333333333,82,26.0
8477810,2024,CGY,583.6,42,5.0
8481161,2024,CBJ,158.63333333333333,12,2.0
8476480,2024,WPG,1128.2666666666667,78,37.0
8476879,2024,EDM,1581.7833333333333,79,25.0
8478408,2024,UTA,863.9666666666667,50,7.0
8476459,2024,NYR,1599.25,81,72.0
8481517,2024,ANA,884.6,68,22.0
8477935,2024,FLA,1146.0833333333333,69,41.0
8481554,2024,NYR,810.0333333333333,61,19.0
8474150,2024,CGY,1577.2333333333333,82,39.0
8479543,2024,MTL,475.55,61,12.0
8480003,2024,BOS,524.05,47,14.0
8482062,2024,NSH,1095.15,80,23.0
8481462,2024,VGK,96.78333333333333,9,4.0
8483531,2024,NJD,16.566666666666666,2,0.0
8482929,2024,TBL,599.5666666666667,37,5.0
8478133,2024,MTL,1313.5,82,28.0
8480032,2024,NJD,75.65,8,0.0
8482747,2024,NYR,27.25,3,0.0
8481543,2024,STL,196.1,23,2.0
8474141,2024,DET,918.8166666666667,50,47.0
8481812,2024,SJS,176.41666666666666,10,1.0
8480184,2024,ANA,708.4,46,10.0
8482089,2024,STL,1209.4333333333334,77,38.0
8473512,2024,OTT,1647.55,82,64.0
8481441,2024,WSH,25.033333333333335,3,0.0
8477960,2024,LAK,1457.9166666666667,77,75.0
8481585,2024,NSH,25.983333333333334,2,0.0
8480001,2024,ANA,1188.3666666666666,68,14.0
8476915,2024,MIN,8.083333333333334,1,0.0
8476438,2024,STL,1271.25,82,42.0
8478021,2024,ANA,591.9,40,4.0
8478211,2024,CGY,311.6166666666667,28,8.0
8475766,2024,TBL,239.73333333333332,33,4.0
8476881,2024,VGK,1106.4333333333334,54,38.0
8478831,2024,FLA,1020.9333333333333,81,15.0
8481690,2024,CBJ,16.666666666666668,2,0.0
8478398,2024,WPG,1282.1,65,61.0
8479336,2024,LAK,546.85,50,12.0
8471218,2024,NYR,686.75,54,21.0
8477931,2024,NJD,425.1166666666667,36,6.0
8479987,2024,BOS,1171.0833333333333,76,39.0
8480890,2024,UTA,41.88333333333333,5,1.0
8479718,2024,TBL,402.8,36,9.0
8477482,2024,CHI,314.26666666666665,29,6.0
8478956,2024,NJD,6.183333333333334,2,0.0
8475750,2024,MIN,830.7333333333333,65,11.0
8481122,2024,TOR,1102.6,64,5.0
8474590,2024,WSH,2123.116666666667,82,52.0
8482110,2024,NJD,1411.8333333333333,82,33.0
8475181,2024,STL,1833.65,82,28.0
8479365,2024,BOS,1127.9833333333333,82,40.0
8480043,2024,TOR,1081.4833333333333,55,23.0
8482147,2024,COL,25.75,4,1.0
8476399,2024,CGY,1336.3833333333334,78,54.0
8482496,2024,VAN,444.3666666666667,43,7.0
8476826,2024,SEA,1395.8166666666666,80,33.0
8482101,2024,SJS,58.733333333333334,4,2.0
8481524,2024,BUF,1485.0,73,29.0
8478469,2024,OTT,1175.3,51,30.0
8481532,2024,LAK,185.6,20,4.0
8482667,2024,SJS,1492.9666666666667,80,45.0
8476525,2024,WPG,722.4333333333333,46,9.0
8480797,2024,PHI,1327.2833333333333,82,50.0
8483407,2024,NYR,10.766666666666667,1,0.0
8480980,2024,TOR,862.1,74,19.0
8477444,2024,SEA,713.6833333333333,49,16.0
8474602,2024,SEA,1153.1166666666666,70,26.0
8475287,2024,NJD,1282.7166666666667,76,35.0
8474040,2024,EDM,285.8833333333333,28,10.0
8483597,2024,UTA,76.81666666666666,10,1.0
8482730,2024,LAK,218.41666666666666,16,6.0
8479576,2024,EDM,1226.7833333333333,78,11.0
8481523,2024,MTL,26.033333333333335,2,2.0
8480064,2024,OTT,881.8666666666667,50,30.0
8482475,2024,CBJ,803.8833333333333,53,29.0
8481537,2024,CGY,827.45,52,9.0
8476871,2024,MTL,698.6833333333333,54,13.0
8477541,2024,MIN,662.1,47,8.0
8477955,2024,SEA,1340.8833333333334,80,62.0
8482117,2024,CHI,917.1833333333333,65,16.0
8480205,2024,PIT,623.85,56,16.0
8477506,2024,NYI,1307.9,58,19.0
8475760,2024,UTA,1325.8,76,45.0
8476891,2024,BOS,1108.65,63,11.0
8476323,2024,SEA,5.633333333333334,1,0.0
8473449,2024,FLA,894.6333333333333,67,22.0
8482157,2024,NYR,901.1666666666666,81,21.0
8476885,2024,NYR,1465.95,69,22.0
8479337,2024,DET,1467.15,82,67.0
8478424,2024,PIT,369.3666666666667,45,4.0
8481568,2024,CHI,1632.3833333333334,76,16.0
8480145,2024,WPG,1707.9666666666667,82,33.0
8480036,2024,DAL,1742.3666666666666,71,54.0
8478443,2024,BOS,1512.6833333333334,76,14.0
8476792,2024,STL,1691.0166666666667,77,39.0
8483395,2024,VAN,94.45,8,0.0
8479379,2024,SJS,281.1333333333333,36,4.0
8482733,2024,MTL,21.233333333333334,1,1.0
8474062,2024,NYR,11.083333333333334,1,0.0
8478550,2024,NYR,1649.75,82,120.0
8478413,2024,BUF,1155.7166666666667,67,28.0
8483493,2024,CHI,48.43333333333333,3,1.0
8481593,2024,MTL,902.2666666666667,56,10.0
8480855,2024,UTA,845.8333333333334,67,26.0
8477903,2024,PHI,1024.0333333333333,82,17.0
8476278,2024,CHI,637.6666666666666,44,12.0
8477887,2024,BOS,97.08333333333333,11,1.0
8482749,2024,MTL,279.23333333333335,23,9.0
8475171,2024,FLA,1471.5,80,32.0
8482720,2024,TOR,1094.2,80,35.0
8477369,2024,VAN,699.4166666666666,40,6.0
8474037,2024,BOS,958.9333333333333,71,38.0
8480468,2024,EDM,245.66666666666666,31,3.0
8474189,2024,PIT,1309.1666666666667,82,31.0
8478038,2024,COL,1921.1833333333334,82,50.0
8477939,2024,TOR,1632.9166666666667,82,98.0
8474563,2024,LAK,2115.0666666666666,82,50.0
8473507,2024,DET,1372.05,73,24.0
8479984,2024,NJD,59.06666666666667,4,1.0
8478449,2024,DAL,1379.1833333333334,80,65.0
8482097,2024,BUF,422.31666666666666,27,19.0
8479393,2024,TOR,718.1333333333333,63,12.0
8482142,2024,PHI,667.2,34,10.0
8482705,2024,CBJ,1241.2,77,32.0
8476441,2024,TOR,883.3,53,6.0
8478502,2024,CGY,417.6333333333333,34,7.0
8480281,2024,STL,1026.8,82,21.0
8484911,2024,SJS,116.16666666666667,7,2.0
8483398,2024,TBL,11.45,1,0.0
8475164,2024,ANA,1057.1,81,19.0
8479368,2024,ANA,627.0166666666667,52,15.0
8481567,2024,SJS,1019.9833333333333,51,11.0
8482737,2024,STL,300.3833333333333,25,9.0
8475906,2024,TOR,287.71666666666664,14,5.0
8477021,2024,UTA,1429.6,82,45.0
8476869,2024,CAR,1702.25,80,47.0
8481206,2024,PIT,389.6,33,5.0
8481535,2024,VAN,968.5,80,36.0
8477426,2024,TBL,1415.3166666666666,82,46.0
8482126,2024,PHI,52.0,4,0.0
8481528,2024,BUF,1360.8166666666666,79,47.0
8480144,2024,TOR,1051.9833333333333,78,19.0
8480441,2024,CBJ,120.86666666666666,11,3.0
8477404,2024,CAR,1341.3833333333334,67,77.0
8479439,2024,SJS,408.73333333333335,34,9.0
8483489,2024,TOR,45.733333333333334,4,0.0
8476927,2024,VAN,1015.6,68,28.0
8481564,2024,BUF,568.55,41,7.0
8475825,2024,DAL,1193.3666666666666,64,12.0
8481605,2024,ANA,1375.7833333333333,71,17.0
8483397,2024,BOS,12.65,1,1.0
8475842,2024,EDM,941.1166666666667,77,16.0
8474149,2024,DAL,671.9666666666667,51,23.0
8480220,2024,PHI,814.0333333333333,59,18.0
8475167,2024,TBL,1934.7333333333333,78,76.0
8480172,2024,SJS,1360.7166666666667,69,19.0
8479425,2024,VAN,1898.75,81,48.0
8482784,2024,STL,94.98333333333333,9,0.0
8480012,2024,VAN,1611.3333333333333,82,89.0
8476858,2024,VAN,616.8666666666667,51,10.0
8477478,2024,VGK,435.6666666666667,39,8.0
8480002,2024,NJD,1383.2333333333333,71,67.0
8477495,2024,CHI,1707.45,67,31.0
8480874,2024,PHI,127.35,9,1.0
8477951,2024,UTA,1515.05,79,61.0
8477500,2024,NYI,1595.2,81,68.0
8475168,2024,DAL,1341.3,80,65.0
8478873,2024,ANA,1389.8833333333334,76,54.0
8475166,2024,TOR,1429.2,80,65.0
8479402,2024,CBJ,1175.55,72,13.0
8481058,2024,MTL,604.0,59,8.0
8481518,2024,NJD,40.4,4,1.0
8476458,2024,ANA,1248.1166666666666,79,41.0
8475218,2024,EDM,1662.9,79,45.0
8477462,2024,ANA,63.916666666666664,5,0.0
8484153,2024,ANA,996.0,55,29.0
8476856,2024,TBL,1499.6833333333334,76,12.0
8484145,2024,BUF,1030.7333333333333,71,30.0
8482118,2024,ANA,37.666666666666664,3,1.0
8474679,2024,NSH,1437.1333333333334,81,75.0
8476462,2024,NJD,419.5,20,16.0
8482712,2024,COL,11.833333333333334,1,0.0
8478011,2024,PHI,158.43333333333334,12,4.0
8477919,2024,MIN,934.1333333333333,67,15.0
8481147,2024,CHI,459.18333333333334,42,5.0
8480018,2024,MTL,1743.65,82,77.0
8481604,2024,VGK,624.0,47,24.0
8482166,2024,SJS,63.46666666666667,3,1.0
8475197,2024,NSH,751.2,41,15.0
8474568,2024,NSH,956.6166666666667,63,7.0
8482751,2024,SEA,84.05,9,0.0
8475184,2024,NYR,1540.25,82,75.0
8475726,2024,WPG,1339.85,79,55.0
8477952,2024,DET,875.05,68,32.0
8480878,2024,DAL,832.2666666666667,59,19.0
8476958,2024,CAR,1695.4833333333333,81,37.0
8481522,2024,BUF,1000.45,80,17.0
8475855,2024,CAR,920.1333333333333,73,19.0
8477987,2024,CHI,1091.9333333333334,78,30.0
8482660,2024,CBJ,568.75,42,16.0
8483495,2024,NJD,1191.7833333333333,60,19.0
8477493,2024,FLA,1433.4833333333333,73,80.0
8476419,2024,NYI,1304.4833333333333,82,33.0
8478585,2024,EDM,713.5333333333333,70,12.0
8482476,2024,MTL,39.81666666666667,4,0.0
8480879,2024,OTT,1129.9333333333334,72,14.0
8478115,2024,NYI,1134.05,74,28.0
8484203,2024,CAR,19.133333333333333,1,0.0
8481546,2024,PHI,1854.7833333333333,82,30.0
8477501,2024,COL,1152.9166666666667,54,53.0
8479371,2024,NSH,915.6333333333333,56,13.0
8474145,2024,NYI,370.73333333333335,27,0.0
8476469,2024,MTL,1026.4,66,25.0
8480830,2024,CAR,1001.8,59,52.0
8480836,2024,PIT,112.75,13,1.0
8482787,2024,WPG,11.05,1,1.0
8482762,2024,DET,292.0833333333333,16,2.0
8478975,2024,DAL,1219.8,81,53.0
8477846,2024,SJS,688.3833333333333,62,12.0
8481059,2024,STL,824.6833333333333,54,17.0
8482666,2024,CAR,36.766666666666666,2,0.0
8479321,2024,WSH,85.6,6,1.0
8478136,2024,MIN,1584.6666666666667,80,25.0
8480887,2024,MTL,978.4333333333333,56,14.0
8475413,2024,NJD,21.05,2,1.0
8481556,2024,BOS,552.4333333333333,52,10.0
8481716,2024,CBJ,1009.2666666666667,75,34.0
8477979,2024,WSH,732.45,60,16.0
8475690,2024,DAL,1476.2833333333333,75,19.0
8481655,2024,CGY,27.166666666666668,4,0.0
8480208,2024,OTT,1490.2166666666667,82,66.0
8476853,2024,TOR,1709.3666666666666,72,58.0
8474612,2024,OTT,707.3,48,6.0
8477450,2024,CHI,1358.8166666666666,82,35.0
8481541,2024,NYI,446.93333333333334,34,5.0
8483808,2024,CGY,1071.6666666666667,72,46.0
8483432,2024,CBJ,9.583333333333334,1,1.0
8481477,2024,SJS,923.5333333333333,63,13.0
8476902,2024,DAL,1678.6833333333334,82,26.0
8477497,2024,WPG,1501.8166666666666,83,59.0
8481068,2024,CGY,1419.8166666666666,82,59.0
8477492,2024,COL,1870.7666666666667,82,140.0
8479330,2024,MTL,81.51666666666667,7,1.0
8481600,2024,FLA,55.233333333333334,4,0.0
8479619,2024,UTA,834.05,74,29.0
8478233,2024,CGY,1199.65,75,40.0
8482803,2024,ANA,501.4,26,9.0
8482111,2024,MTL,894.1,48,13.0
8471817,2024,TOR,397.7,49,6.0
8477944,2024,STL,254.65,21,6.0
8480267,2024,MIN,37.45,4,0.0
8477407,2024,TBL,1151.4833333333333,73,42.0
8482516,2024,STL,654.9833333333333,39,7.0
8479944,2024,DET,15.466666666666667,3,0.0
8481592,2024,CGY,120.51666666666667,13,3.0
8484314,2024,OTT,189.56666666666666,20,2.0
8482078,2024,DET,1455.7666666666667,82,72.0
8476539,2024,VGK,1467.3833333333334,82,69.0
8483468,2024,BUF,14.883333333333333,1,0.0
8475170,2024,STL,1458.0333333333333,82,46.0
8477070,2024,UTA,729.7,75,14.0
8479318,2024,TOR,1698.2833333333333,81,107.0
8482093,2024,CAR,1518.75,81,67.0
8475149,2024,MIN,1239.25,78,30.0
8484149,2024,CBJ,12.333333333333334,1,0.0
8480008,2024,UTA,421.1333333333333,42,9.0
8475208,2024,SEA,1361.25,80,16.0
8478854,2024,PIT,391.3666666666667,31,1.0
8478366,2024,ANA,1504.2666666666667,82,60.0
8483045,2024,CBJ,0.9,1,0.0
8476952,2024,WPG,152.86666666666667,15,5.0
8474716,2024,MIN,373.23333333333335,16,5.0
8481527,2024,VGK,429.1333333333333,26,9.0
8479316,2024,SJS,1212.0333333333333,77,18.0
8482094,2024,MIN,138.05,12,1.0
8480078,2024,NYR,159.3,10,6.0
8479546,2024,BOS,308.3833333333333,34,1.0
8480459,2024,VAN,1038.1666666666667,67,29.0
8479026,2024,TBL,58.46666666666667,5,0.0
8479536,2024,WPG,210.93333333333334,26,5.0
8476448,2024,VGK,1232.1166666666666,70,60.0
8476913,2024,SEA,168.15,21,4.0
8480853,2024,NSH,129.7,13,3.0
8477473,2024,SJS,665.5666666666667,59,14.0
8475752,2024,NYR,346.73333333333335,34,4.0
8474567,2024,MIN,1162.2333333333333,65,14.0
8481006,2024,STL,323.71666666666664,26,2.0
8480870,2024,ANA,548.4833333333333,45,2.0
8483524,2024,SEA,108.28333333333333,8,5.0
8482124,2024,LAK,1318.7,80,55.0
8484259,2024,COL,12.2,2,0.0
8479420,2024,BUF,1286.3833333333334,71,56.0
8478409,2024,BOS,95.46666666666667,9,3.0
8481582,2024,TOR,637.0833333333334,56,27.0
8479339,2024,CBJ,273.93333333333334,18,9.0
8479320,2024,TOR,89.01666666666667,7,1.0
8477476,2024,COL,831.2166666666667,45,34.0
8484326,2024,UTA,9.333333333333334,1,0.0
8476867,2024,CBJ,281.8833333333333,24,4.0
8477504,2024,WPG,1958.7666666666667,81,69.0
8482861,2024,WSH,58.95,6,0.0
8482125,2024,NJD,954.0666666666667,82,28.0
8481726,2024,NYR,92.51666666666667,11,2.0
8476967,2024,EDM,1261.5166666666667,82,16.0
8476981,2024,MTL,1206.15,78,20.0
8481077,2024,UTA,41.2,6,1.0
8471699,2024,COL,795.7333333333333,75,19.0
8475225,2024,DAL,766.25,75,20.0
8480023,2024,STL,1719.25,82,86.0
8475755,2024,DAL,12.866666666666667,1,0.0
8479980,2024,VGK,1354.3333333333333,73,12.0
8481550,2024,MIN,103.48333333333333,11,2.0
8476874,2024,DET,1155.8833333333334,72,18.0
8480802,2024,EDM,1153.6833333333334,81,30.0
8482067,2024,NYR,16.45,1,0.0
8483505,2024,BOS,442.06666666666666,33,15.0
8479344,2024,PIT,202.15,22,4.0
8480727,2024,VGK,1072.5833333333333,61,14.0
8479370,2024,BUF,455.6333333333333,43,6.0
8476988,2024,SJS,258.71666666666664,14,2.0
8479415,2024,NJD,681.4833333333333,45,19.0
8480448,2024,OTT,936.5333333333333,80,18.0
8482652,2024,CGY,324.6666666666667,40,7.0
8475231,2024,NYI,975.8666666666667,70,23.0
8482624,2024,CGY,497.3333333333333,24,7.0
8480306,2024,NYI,17.533333333333335,2,0.0
8479328,2024,NYI,274.5833333333333,27,9.0
8479992,2024,DET,1139.3166666666666,75,33.0
8480222,2024,NYI,950.7,58,9.0
8477015,2024,EDM,908.7666666666667,71,12.0
8483460,2024,CBJ,627.7,43,10.0
8481239,2024,LAK,73.48333333333333,8,1.0
8476897,2024,STL,940.7333333333333,71,21.0
8475314,2024,NYI,1260.9333333333334,81,37.0
8478466,2024,DET,912.0333333333333,76,43.0
8482092,2024,OTT,1061.5,72,26.0
8477416,2024,SEA,1327.0,82,59.0
8482061,2024,BUF,54.21666666666667,5,2.0
8474870,2024,CHI,1041.0833333333333,67,31.0
8481014,2024,NYI,1688.0666666666666,81,22.0
8474565,2024,VGK,1508.2,64,33.0
8476374,2024,CBJ,851.5833333333334,62,18.0
8478452,2024,COL,305.2,25,5.0
8478051,2024,NJD,149.98333333333332,18,4.0
8478569,2024,PIT,713.4,55,7.0
8481237,2024,NYI,322.76666666666665,32,9.0
8479378,2024,WPG,344.18333333333334,25,2.0
8473563,2024,WSH,116.46666666666667,8,1.0
8476329,2024,UTA,153.95,16,8.0
8480839,2024,BUF,2059.2166666666667,81,59.0
8478147,2024,OTT,33.516666666666666,6,0.0
8481580,2024,WSH,1278.9333333333334,80,33.0
8476905,2024,VGK,1386.2666666666667,75,51.0
8480274,2024,EDM,2.05,1,0.0
8479994,2024,NSH,342.55,31,4.0
8477934,2024,EDM,1676.3333333333333,81,106.0
8474564,2024,TBL,1440.05,79,81.0
8480884,2024,SJS,1243.05,72,17.0
8482113,2024,FLA,1199.35,78,35.0
8475279,2024,DET,1522.8833333333334,77,20.0
8478078,2024,OTT,398.46666666666664,37,3.0
8482088,2024,FLA,26.516666666666666,3,0.0
8477409,2024,FLA,1365.15,76,72.0
8480075,2024,UTA,10.05,1,0.0
8476979,2024,NYR,1321.7833333333333,76,31.0
8482148,2024,WSH,583.3,51,22.0
8479772,2024,OTT,191.98333333333332,30,3.0
8480800,2024,VAN,2024.1666666666667,82,92.0
8483609,2024,CGY,40.56666666666667,6,1.0
8480817,2024,NYR,1724.9833333333333,80,30.0
8478460,2024,CBJ,1711.6,70,57.0
8475714,2024,TOR,793.4333333333333,52,21.0
8476331,2024,WPG,1781.8333333333333,82,31.0
8482859,2024,OTT,73.48333333333333,7,0.0
8470604,2024,PIT,905.0833333333334,72,15.0
8476906,2024,DET,1546.0833333333333,81,56.0
8471214,2024,WSH,1518.4666666666667,79,65.0
8478421,2024,CGY,521.0666666666667,59,12.0
8477451,2024,MIN,1222.2333333333333,74,45.0
8482105,2024,OTT,1834.25,79,38.0
8477365,2024,BUF,1307.9166666666667,79,18.0
8480823,2024,WSH,534.15,39,3.0
8482153,2024,VGK,185.05,15,8.0
8479542,2024,TBL,1578.9833333333333,82,75.0
8477969,2024,PIT,1859.0166666666667,82,30.0
8477498,2024,EDM,1773.45,81,32.0
8477496,2024,VAN,1477.0166666666667,75,44.0
8478493,2024,MIN,1580.6166666666666,77,64.0
8475455,2024,WPG,1443.0833333333333,77,20.0
8479324,2024,NYR,1470.6166666666666,76,17.0
8478427,2024,CAR,1530.95,78,89.0
8475780,2024,COL,96.9,13,2.0
8475193,2024,SEA,871.6666666666666,70,24.0
8479376,2024,PHI,10.866666666666667,1,0.0
8477940,2024,WPG,1301.65,82,61.0
8474090,2024,NJD,1014.3333333333334,63,15.0
8475913,2024,VGK,1086.8,56,53.0
8482665,2024,SEA,1383.1666666666667,77,37.0
8479985,2024,SEA,13.5,1,0.0
8478542,2024,FLA,1213.3833333333334,80,39.0
8474673,2024,TOR,1694.25,78,26.0
8481701,2024,NJD,175.75,12,2.0
8477942,2024,LAK,1478.9166666666667,82,73.0
8482122,2024,MIN,2047.8833333333334,82,47.0
8473446,2024,PHI,969.7166666666667,67,6.0
8482655,2024,UTA,1645.7166666666667,80,26.0
8475235,2024,PHI,488.96666666666664,60,4.0
8483567,2024,BOS,42.31666666666667,4,0.0
8478399,2024,NJD,1102.3,57,9.0
8479533,2024,PIT,31.233333333333334,4,0.0
8482172,2024,CHI,180.23333333333332,16,4.0
8480865,2024,NYI,1936.25,79,70.0
8475151,2024,NYI,1412.0166666666667,82,54.0
8474884,2024,SJS,906.2833333333333,66,23.0
8481167,2024,CGY,733.8333333333334,50,7.0
8476461,2024,PHI,1318.9666666666667,74,38.0
8479421,2024,LAK,250.71666666666667,24,1.0
8478403,2024,VGK,1292.75,63,68.0
8473422,2024,CHI,1314.5833333333333,74,37.0
8482074,2024,CGY,962.2333333333333,63,34.0
8481699,2024,UTA,11.75,1,1.0
8481606,2024,LAK,1024.25,71,24.0
8478507,2024,NJD,1571.85,75,25.0
8479587,2024,PHI,7.466666666666667,1,0.0
8475797,2024,CHI,813.5833333333334,52,9.0
8477503,2024,TOR,1102.8,80,47.0
8475784,2024,BUF,1183.7166666666667,74,46.0
8481178,2024,PHI,1059.7833333333333,66,21.0
8478099,2024,SJS,534.6166666666667,46,9.0
8478498,2024,BOS,1346.5833333333333,80,40.0
8481751,2024,BUF,159.41666666666666,15,2.0
8482175,2024,BUF,1344.1833333333334,82,50.0
8480014,2024,WPG,799.35,47,36.0
8477126,2024,BOS,11.75,1,0.0
8480807,2024,BUF,840.5,41,7.0
8475798,2024,SJS,1446.2,69,60.0
8481557,2024,MIN,1418.3333333333333,75,69.0
8478477,2024,MTL,208.18333333333334,23,3.0
8481559,2024,NJD,1300.3833333333334,62,74.0
8482133,2024,SJS,405.65,27,11.0
8479407,2024,NJD,1583.2,82,83.0
8483431,2024,UTA,1296.8166666666666,82,44.0
8477989,2024,MTL,465.93333333333334,30,9.0
8478851,2024,NSH,1372.4166666666667,73,20.0
8478508,2024,COL,1107.5833333333333,76,17.0
8481578,2024,NJD,34.15,3,0.0
8481030,2024,PIT,191.83333333333334,14,1.0
8480113,2024,WPG,1255.7,82,27.0
8476292,2024,NJD,1111.05,71,31.0
8479977,2024,SEA,707.5,59,16.0
8476887,2024,NSH,1550.25,82,94.0
8478416,2024,TBL,1323.8333333333333,69,13.0
8482095,2024,OTT,113.85,9,1.0
8481581,2024,DAL,1660.3333333333333,79,47.0
8477998,2024,EDM,1146.0166666666667,82,41.0
8475958,2024,WSH,274.26666666666665,25,7.0
8477511,2024,VGK,1052.5833333333333,74,44.0
8477953,2024,STL,1050.05,73,22.0
8481703,2024,PIT,610.85,52,20.0
8475177,2024,TBL,980.9,59,10.0
8478430,2024,CGY,569.1833333333333,33,8.0
8477948,2024,PHI,1928.2333333333333,81,44.0
8478864,2024,MIN,1618.2666666666667,75,96.0
8479314,2024,FLA,1491.2,80,88.0
8478017,2024,VAN,281.35,23,1.0
8475324,2024,WSH,1531.1,78,14.0
8476624,2024,NYR,1005.1333333333333,80,12.0
8475200,2024,CAR,1419.8166666666666,82,26.0
8478432,2024,DET,901.1333333333333,79,19.0
8480995,2024,TOR,624.7,54,17.0
8478500,2024,CBJ,1817.3166666666666,82,32.0
8478446,2024,ANA,7.583333333333333,1,0.0
8477956,2024,BOS,1634.2333333333333,82,110.0
8480021,2024,SJS,251.93333333333334,22,1.0
8475764,2024,ANA,1978.25,81,39.0
8484255,2024,COL,51.96666666666667,7,1.0
8482145,2024,DAL,10.933333333333334,1,0.0
8483012,2024,SEA,52.53333333333333,4,0.0
8482141,2024,VGK,34.56666666666667,2,1.0
8477993,2024,UTA,14.45,2,0.0
8479520,2024,COL,868.7833333333333,80,13.0
8478020,2024,VGK,977.6,73,27.0
8479661,2024,TBL,661.0,55,14.0
8478495,2024,PHI,219.81666666666666,18,2.0
8482109,2024,NYR,1415.9,82,57.0
8478042,2024,LAK,300.45,18,15.0
8479348,2024,BUF,36.81666666666667,3,1.0
8477946,2024,DET,1371.7333333333333,68,69.0
8477949,2024,BUF,1462.7833333333333,75,59.0
8482241,2024,PIT,322.23333333333335,33,7.0
8476872,2024,PHI,1283.7333333333333,82,39.0
8480762,2024,BUF,532.6,47,10.0
8478434,2024,VGK,858.2,79,18.0
8480796,2024,WSH,1295.65,66,16.0
8481019,2024,WPG,361.0833333333333,39,7.0
8481601,2024,NYI,998.95,75,25.0
8479982,2024,TOR,400.53333333333336,25,10.0
8483466,2024,CHI,1490.85,76,15.0
8479343,2024,UTA,1501.1666666666667,78,76.0
8479968,2024,MIN,440.95,46,9.0
8481540,2024,MTL,1592.4833333333333,82,65.0
8477507,2024,VAN,1308.0666666666666,75,20.0
8481422,2024,MIN,383.9166666666667,40,5.0
8482964,2024,MTL,700.8,44,10.0
8479410,2024,TBL,766.9,34,19.0
8479346,2024,CGY,480.05,43,7.0
8479547,2024,WSH,315.65,31,5.0
8478400,2024,MTL,266.6333333333333,28,0.0
8480015,2024,PHI,1293.7166666666667,78,53.0
8476432,2024,CBJ,1165.5666666666666,58,35.0
8474600,2024,NSH,2019.75,82,85.0
8484325,2024,TBL,186.5,19,1.0
8477435,2024,PIT,1287.15,70,14.0
8480776,2024,VGK,89.75,9,3.0
8473504,2024,NYI,974.1166666666667,82,19.0
8483491,2024,WSH,254.95,21,6.0
8482671,2024,BUF,1741.9166666666667,76,33.0
8477320,2024,NYR,5.35,1,0.0
8482809,2024,CAR,15.3,1,0.0
8479458,2024,CHI,605.3666666666667,38,7.0
8483619,2024,CHI,58.916666666666664,4,0.0
8483512,2024,BUF,3.9166666666666665,1,0.0
8475793,2024,COL,859.5,63,23.0
8481711,2024,UTA,1331.1833333333334,82,57.0
8483546,2024,TOR,23.316666666666666,2,0.0
8476994,2024,PIT,136.5,14,3.0
8471698,2024,WSH,877.1833333333333,52,25.0
8482077,2024,EDM,432.1166666666667,38,9.0
8479591,2024,TBL,960.0833333333334,81,25.0
8478109,2024,BUF,590.0166666666667,51,15.0
8476422,2024,NYI,1046.5166666666667,61,24.0
8479066,2024,FLA,715.5166666666667,75,7.0
8478911,2024,LAK,1692.4833333333333,81,25.0
8477505,2024,NYR,1421.1166666666666,79,30.0
8470794,2024,DAL,1378.3666666666666,82,67.0
8475848,2024,MTL,1061.8833333333334,77,31.0
8479369,2024,BOS,623.15,38,10.0
8480434,2024,UTA,1726.6833333333334,76,41.0
8480748,2024,NSH,827.55,68,27.0
8484258,2024,COL,327.18333333333334,23,10.0
8480058,2024,PIT,784.4,52,11.0
8480157,2024,STL,75.98333333333333,6,1.0
8480789,2024,NYI,354.25,32,6.0
8480031,2024,CAR,13.066666666666666,1,1.0
8478970,2024,CAR,1094.2,72,22.0
8475799,2024,WPG,1152.3,77,34.0
8471724,2024,PIT,2024.45,82,51.0
8483763,2024,UTA,16.983333333333334,1,0.0
8474618,2024,STL,810.8,65,8.0
8480226,2024,SEA,16.216666666666665,2,0.0
8475754,2024,NYI,1482.85,82,69.0
8477938,2024,TBL,386.96666666666664,24,5.0
8478840,2024,SEA,1442.2,82,25.0
8481679,2024,OTT,96.51666666666667,7,0.0
8480871,2024,CBJ,639.9166666666666,35,10.0
8474166,2024,VGK,1047.4333333333334,55,17.0
8481656,2024,WSH,1072.2,78,29.0
8482634,2024,TOR,10.233333333333333,1,0.0
8479419,2024,BUF,15.933333333333334,2,0.0
8477962,2024,CAR,256.21666666666664,32,5.0
8476878,2024,BUF,746.5333333333333,63,14.0
8477346,2024,CGY,1880.2833333333333,82,52.0
8476854,2024,BOS,1699.95,73,26.0
8478420,2024,COL,1832.45,80,104.0
8477456,2024,DET,1492.9,77,48.0
8482745,2024,ANA,1041.65,64,42.0
8477488,2024,CAR,1420.2,70,13.0
8478047,2025,NSH,1180.3166666666666,76,38.0
8480950,2025,DAL,1390.95,80,14.0
8477369,2025,NYR,1343.6333333333334,75,13.0
8481518,2025,NJD,68.76666666666667,7,1.0
8477964,2025,VGK,1175.8833333333334,70,51.0
8481178,2025,PHI,1040.9166666666667,63,15.0
8484153,2025,ANA,1234.2666666666667,76,44.0
8479353,2025,VGK,1189.0333333333333,80,40.0
8474641,2025,EDM,1186.1666666666667,81,27.0
8478904,2025,TOR,844.2333333333333,80,19.0
8479772,2025,OTT,162.98333333333332,21,3.0
8484210,2025,NYR,72.18333333333334,5,0.0
8474715,2025,TBL,350.71666666666664,39,9.0
8480068,2025,PHI,943.8333333333334,68,31.0
8474013,2025,UTA,1663.1333333333334,82,17.0
8476624,2025,SJS,1061.3333333333333,77,8.0
8476917,2025,NYI,1266.8333333333333,60,21.0
8481607,2025,DET,998.0166666666667,61,9.0
8477244,2025,NYR,70.51666666666667,5,1.0
8476931,2025,TOR,1419.8333333333333,66,23.0
8479671,2025,CBJ,1185.65,82,32.0
8478046,2025,PIT,1061.9833333333333,79,29.0
8475790,2025,CBJ,284.3333333333333,16,4.0
8478975,2025,DAL,951.0666666666667,62,47.0
8477947,2025,WSH,21.633333333333333,3,0.0
8480434,2025,UTA,619.4333333333333,30,11.0
8478460,2025,CBJ,2166.366666666667,81,82.0
8482153,2025,VGK,88.8,9,0.0
8477407,2025,NYI,661.8333333333334,44,11.0
8476872,2025,TOR,1168.0333333333333,80,31.0
8477989,2025,MTL,1249.9833333333333,82,33.0
8473422,2025,CHI,1242.1333333333334,78,35.0
8480840,2025,DAL,854.3666666666667,73,16.0
8482671,2025,BUF,1683.6333333333334,79,40.0
8482077,2025,STL,1295.4833333333333,77,63.0
8474600,2025,NSH,1326.7166666666667,53,38.0
8475750,2025,MIN,986.65,70,6.0
8482201,2025,TBL,767.6166666666667,60,20.0
8482684,2025,NJD,1502.2166666666667,71,44.0
8481006,2025,STL,553.9166666666666,38,7.0
8477015,2025,EDM,1148.8,82,30.0
8480891,2025,UTA,1450.3,82,29.0
8478366,2025,ANA,1421.1666666666667,81,45.0
8477944,2025,NSH,403.6666666666667,39,14.0
8482122,2025,MIN,1990.95,78,29.0
8478864,2025,MIN,921.15,41,56.0
8481563,2025,ANA,915.6666666666666,56,13.0
8476461,2025,PHI,1366.2,79,45.0
8471685,2025,LAK,1535.4166666666667,81,67.0
8482142,2025,PHI,1394.1833333333334,70,20.0
8476906,2025,CAR,1296.4666666666667,70,45.0
8483495,2025,NJD,404.48333333333335,27,4.0
8483482,2025,ANA,99.33333333333333,6,0.0
8476391,2025,COL,70.71666666666667,9,1.0
8481605,2025,ANA,1672.55,75,43.0
8481601,2025,NYI,1264.8666666666666,75,45.0
8482691,2025,VAN,351.68333333333334,33,11.0
8482169,2025,PHI,86.75,6,1.0
8475798,2025,DAL,1614.3333333333333,83,66.0
8471817,2025,TOR,273.01666666666665,35,2.0
8475848,2025,MTL,1140.9833333333333,82,38.0
8481042,2025,SJS,703.4,57,20.0
8479398,2025,COL,1522.0,73,24.0
8478099,2025,CBJ,356.81666666666666,34,12.0
8474870,2025,BOS,117.7,9,2.0
8480015,2025,PHI,1231.3666666666666,77,43.0
8481609,2025,PIT,455.6,35,7.0
8482762,2025,DET,1647.5,78,31.0
8477934,2025,EDM,1527.7333333333333,71,106.0
8474565,2025,VGK,1590.55,71,33.0
8478109,2025,VGK,811.85,56,29.0
8480306,2025,NYI,175.0,13,2.0
8475170,2025,STL,1440.0,82,50.0
8483398,2025,TBL,39.016666666666666,3,1.0
8471709,2025,SJS,394.8833333333333,27,3.0
8480813,2025,CHI,896.75,74,17.0
8479977,2025,UTA,145.35,12,3.0
8478147,2025,PIT,90.65,16,1.0
8482655,2025,TBL,1018.05,54,14.0
8484779,2025,PHI,56.21666666666667,4,0.0
8484241,2025,NSH,69.48333333333333,6,1.0
8483450,2025,CHI,26.4,2,0.0
8481533,2025,ANA,971.2333333333333,57,32.0
8471724,2025,PIT,1740.8833333333334,74,30.0
8482146,2025,NSH,943.2666666666667,68,32.0
8481719,2025,TBL,83.45,5,0.0
8484152,2025,SJS,105.85,6,2.0
8483930,2025,COL,401.5,40,8.0
8478519,2025,TBL,1495.2333333333333,80,59.0
8482116,2025,OTT,1624.6666666666667,82,79.0
8482102,2025,PIT,70.2,7,0.0
8481655,2025,VGK,388.76666666666665,42,8.0
8474149,2025,DAL,1082.6666666666667,80,40.0
8481711,2025,UTA,755.0666666666667,55,18.0
8482213,2025,BOS,25.45,2,0.0
8483485,2025,CBJ,811.5833333333334,45,13.0
8480796,2025,WSH,1539.3833333333334,81,25.0
8481618,2025,MTL,1240.8333333333333,82,26.0
8484135,2025,WPG,23.5,3,1.0
8474568,2025,WPG,1212.45,76,7.0
8477018,2025,VGK,145.56666666666666,11,2.0
8477810,2025,CGY,984.7666666666667,53,9.0
8480817,2025,NYR,1624.05,74,27.0
8479369,2025,BOS,1414.1166666666666,76,17.0
8481527,2025,VGK,602.9333333333333,40,10.0
8484180,2025,CGY,61.96666666666667,5,0.0
8477450,2025,CHI,926.25,59,16.0
8478013,2025,EDM,1480.1333333333334,65,40.0
8477493,2025,FLA,1357.2833333333333,67,71.0
8482209,2025,CGY,61.13333333333333,5,4.0
8483569,2025,COL,34.233333333333334,2,1.0
8478502,2025,OTT,303.85,29,6.0
8481568,2025,CHI,1907.55,82,30.0
8483476,2025,VAN,300.1333333333333,24,6.0
8482111,2025,NSH,1080.75,62,13.0
8482105,2025,OTT,1955.3666666666666,80,57.0
8479992,2025,DET,1032.6833333333334,77,21.0
8475906,2025,EDM,189.68333333333334,11,4.0
8477401,2025,SEA,170.16666666666666,20,2.0
8476878,2025,TBL,956.5,82,6.0
8482705,2025,CBJ,1116.3,66,33.0
8475324,2025,OTT,1435.65,71,21.0
8479325,2025,BOS,1183.5166666666667,50,23.0
8478424,2025,ANA,677.5,62,6.0
8480860,2025,CGY,1561.2666666666667,73,20.0
8479985,2025,SEA,180.13333333333333,14,1.0
8482896,2025,BUF,220.28333333333333,21,5.0
8477956,2025,BOS,1655.2666666666667,82,106.0
8481703,2025,PIT,128.6,13,3.0
8477506,2025,NYI,1559.9,74,23.0
8481056,2025,NSH,372.05,23,3.0
8477426,2025,TBL,1249.65,76,41.0
8485511,2025,EDM,26.85,2,0.0
8484166,2025,CBJ,1433.1833333333334,82,54.0
8476463,2025,MIN,1147.45,50,20.0
8480448,2025,COL,1019.5,80,19.0
8479705,2025,BOS,38.45,5,0.0
8484958,2025,NYI,1152.4666666666667,77,35.0
8481594,2025,NJD,32.03333333333333,3,0.0
8481598,2025,STL,1393.9833333333333,68,29.0
8480851,2025,LAK,247.85,25,3.0
8479994,2025,WPG,69.55,7,1.0
8479998,2025,LAK,1747.15,77,24.0
8476278,2025,DAL,728.45,63,17.0
8482624,2025,CGY,777.9,44,9.0
8481546,2025,PHI,1371.6833333333334,66,17.0
8483515,2025,MTL,1370.5666666666666,79,51.0
8482733,2025,MTL,113.43333333333334,7,4.0
8479576,2025,SJS,811.8666666666667,51,3.0
8477940,2025,WPG,1089.85,69,63.0
8478542,2025,FLA,1247.9666666666667,82,32.0
8479365,2025,EDM,795.85,58,15.0
8481525,2025,NYR,35.266666666666666,2,0.0
8477404,2025,TBL,1599.4166666666667,80,80.0
8482095,2025,OTT,1142.7833333333333,79,10.0
8479395,2025,NJD,509.75,39,10.0
8477497,2025,CBJ,1026.8,54,57.0
8481592,2025,PHI,566.25,49,19.0
8478403,2025,VGK,1581.0833333333333,77,94.0
8483490,2025,ANA,1196.6,68,19.0
8478430,2025,ANA,233.6,19,5.0
8481596,2025,OTT,1228.9833333333333,70,37.0
8471215,2025,PIT,1209.4166666666667,68,50.0
8479249,2025,SJS,43.36666666666667,3,1.0
8480027,2025,DAL,1459.0666666666666,82,80.0
8474564,2025,NSH,1475.9833333333333,82,53.0
8480879,2025,BUF,544.6,40,8.0
8482623,2025,BUF,14.183333333333334,2,0.0
8483406,2025,LAK,14.866666666666667,1,1.0
8482730,2025,LAK,1269.7666666666667,78,33.0
8477541,2025,TOR,60.81666666666667,4,1.0
8476905,2025,SEA,1521.7333333333333,78,51.0
8482067,2025,NYR,32.25,2,0.0
8481591,2025,PIT,70.51666666666667,7,1.0
8476453,2025,TBL,1652.7833333333333,78,121.0
8483768,2025,VAN,474.46666666666664,31,8.0
8479525,2025,COL,879.6666666666666,61,29.0
8477495,2025,FLA,1552.4166666666667,63,36.0
8475179,2025,FLA,1348.7833333333333,70,13.0
8482737,2025,STL,922.05,72,36.0
8484783,2025,CHI,365.68333333333334,18,6.0
8482088,2025,FLA,9.45,1,1.0
8480829,2025,CAR,1096.6166666666666,78,33.0
8476875,2025,MTL,2006.45,80,31.0
8476441,2025,LAK,1503.05,73,20.0
8476854,2025,BOS,354.55,17,7.0
8477950,2025,NYI,817.0333333333333,35,19.0
8483553,2025,NYI,381.7,39,9.0
8475279,2025,DET,1719.8166666666666,81,13.0
8479343,2025,UTA,1548.5666666666666,81,90.0
8482749,2025,MTL,132.21666666666667,12,2.0
8476460,2025,WPG,1676.0666666666666,82,87.0
8476393,2025,OTT,595.1333333333333,50,15.0
8481606,2025,LAK,1326.3,79,28.0
8478454,2025,VAN,570.1666666666666,35,0.0
8482093,2025,CAR,1412.9833333333333,73,67.0
8479983,2025,SJS,1669.3166666666666,78,17.0
8482133,2025,SJS,10.633333333333333,1,0.0
8480803,2025,EDM,1923.5833333333333,82,67.0
8482641,2025,FLA,25.35,2,1.0
8482476,2025,MTL,706.3166666666667,62,18.0
8479318,2025,TOR,1371.6333333333334,67,78.0
8480172,2025,SJS,931.8333333333334,54,9.0
8478399,2025,NJD,1078.0833333333333,55,9.0
8479942,2025,DET,77.8,9,1.0
8476918,2025,COL,457.85,43,8.0
8475690,2025,TOR,1481.2,75,18.0
8479746,2025,COL,27.583333333333332,5,0.0
8477456,2025,DET,1267.7666666666667,76,32.0
8479400,2025,WSH,1418.5833333333333,82,66.0
8481522,2025,BUF,1128.4833333333333,81,28.0
8482516,2025,STL,381.06666666666666,29,3.0
8475287,2025,NJD,1014.5833333333334,69,21.0
8479335,2025,FLA,47.583333333333336,6,0.0
8483565,2025,NSH,1173.1333333333334,60,16.0
8482079,2025,MIN,1496.15,82,60.0
8478859,2025,FLA,1534.7666666666667,76,22.0
8475167,2025,TBL,1823.3,79,66.0
8478420,2025,DAL,1742.4333333333334,82,88.0
8481481,2025,PIT,750.6333333333333,59,20.0
8476934,2025,ANA,304.4166666666667,26,8.0
8475462,2025,ANA,1609.1166666666666,81,16.0
8477505,2025,SJS,1452.0,77,35.0
8484984,2025,MTL,27.416666666666668,2,2.0
8476483,2025,PIT,1563.1,81,70.0
8475220,2025,MIN,1115.1166666666666,77,29.0
8482659,2025,UTA,689.45,51,19.0
8480245,2025,PHI,225.93333333333334,19,5.0
8477494,2025,COL,781.85,43,37.0
8481617,2025,EDM,1083.6833333333334,82,24.0
8480797,2025,CGY,1207.9833333333333,81,25.0
8480018,2025,MTL,1644.9666666666667,82,89.0
8471214,2025,WSH,1152.0833333333333,65,73.0
8479523,2025,SJS,251.71666666666667,13,4.0
8471675,2025,PIT,1629.9666666666667,80,91.0
8477446,2025,NSH,1018.1,74,14.0
8479661,2025,LAK,738.1166666666667,67,13.0
8475188,2025,VGK,1649.25,82,20.0
8478056,2025,CGY,43.5,6,1.0
8481237,2025,NYI,806.95,81,11.0
8477942,2025,LAK,1499.6,81,60.0
8480074,2025,STL,387.1166666666667,31,11.0
8479533,2025,PIT,147.21666666666667,11,1.0
8480855,2025,UTA,1112.9833333333333,82,27.0
8481014,2025,NYI,1427.65,64,20.0
8485483,2025,PHI,54.9,5,0.0
8480220,2025,PHI,1238.4333333333334,78,37.0
8477979,2025,NYR,207.26666666666668,22,2.0
8476925,2025,NSH,1033.85,72,21.0
8477931,2025,FLA,579.2,59,9.0
8474574,2025,VAN,1476.2166666666667,71,24.0
8485469,2025,CBJ,11.15,1,0.0
8474578,2025,PIT,1905.3333333333333,82,53.0
8479370,2025,CAR,404.53333333333336,39,9.0
8481556,2025,BOS,880.1166666666667,78,11.0
8477946,2025,DET,1645.8,82,70.0
8480058,2025,PIT,717.2833333333333,47,3.0
8475764,2025,STL,1464.9333333333334,68,40.0
8479339,2025,MTL,743.9833333333333,52,33.0
8482720,2025,TOR,1444.1666666666667,78,58.0
8478173,2025,OTT,17.15,2,0.0
8480825,2025,SJS,156.93333333333334,17,1.0
8480823,2025,WSH,128.56666666666666,8,0.0
8478550,2025,NYR,1574.65,80,89.0
8477998,2025,LAK,1325.85,82,46.0
8477969,2025,VAN,1691.8666666666666,78,29.0
8477960,2025,LAK,1551.5833333333333,81,73.0
8477346,2025,CGY,1957.3166666666666,81,47.0
8483497,2025,SEA,167.83333333333334,12,6.0
8478439,2025,PHI,1689.4333333333334,82,76.0
8482703,2025,CHI,303.2,25,7.0
8474102,2025,OTT,602.8666666666667,43,16.0
8482785,2025,CAR,22.283333333333335,2,2.0
8478440,2025,WSH,1425.4666666666667,82,82.0
8484901,2025,TOR,5.35,1,0.0
8477504,2025,WPG,1951.3,80,62.0
8480064,2025,BUF,1027.4,56,35.0
8483531,2025,NJD,27.8,2,0.0
8476988,2025,SJS,91.28333333333333,7,0.0
8482713,2025,FLA,959.2,72,31.0
8479425,2025,VAN,1457.55,61,33.0
8475200,2025,CAR,1519.7333333333333,76,28.0
8482178,2025,ANA,40.916666666666664,3,1.0
8482177,2025,BOS,906.3833333333333,75,12.0
8478038,2025,COL,1868.8,76,44.0
8482166,2025,SJS,542.0166666666667,30,9.0
8479293,2025,WPG,1044.9166666666667,79,22.0
8478450,2025,BOS,991.6,55,7.0
8484929,2025,CAR,160.71666666666667,18,4.0
8482751,2025,SEA,130.0,12,1.0
8477887,2025,BOS,158.48333333333332,15,1.0
8482866,2025,SEA,14.4,1,1.0
8482131,2025,OTT,20.616666666666667,2,0.0
8485512,2025,ANA,15.466666666666667,2,0.0
8475714,2025,TOR,251.35,19,7.0
8481535,2025,VAN,873.3333333333334,72,25.0
8478414,2025,NJD,1428.7666666666667,80,53.0
8475958,2025,WSH,28.016666666666666,3,2.0
8477220,2025,FLA,1322.3666666666666,80,19.0
8477335,2025,LAK,258.0,33,3.0
8483570,2025,SEA,66.81666666666666,8,0.0
8475810,2025,PIT,1402.3,71,65.0
8482078,2025,DET,1540.2333333333333,82,80.0
8482758,2025,PIT,144.91666666666666,8,7.0
8475181,2025,STL,578.7833333333333,31,5.0
8481708,2025,NYR,793.6833333333333,46,11.0
8480049,2025,WPG,1268.25,60,20.0
8475780,2025,COL,198.66666666666666,28,1.0
8478178,2025,TBL,1262.8833333333334,73,37.0
8475718,2025,DET,1079.8166666666666,73,8.0
8481534,2025,VGK,90.73333333333333,9,0.0
8482763,2025,BOS,161.3,12,3.0
8483481,2025,SJS,126.56666666666666,11,3.0
8482176,2025,CHI,1032.6666666666667,57,8.0
8482679,2025,CGY,1353.6333333333334,77,47.0
8476858,2025,VAN,231.3,20,6.0
8476392,2025,WPG,1126.2666666666667,73,34.0
8478233,2025,WSH,1055.1333333333334,81,28.0
8475177,2025,NYR,703.7666666666667,47,8.0
8485105,2025,COL,63.666666666666664,10,0.0
8479718,2025,MTL,20.316666666666666,2,0.0
8476882,2025,CHI,1399.3833333333334,82,58.0
8475225,2025,DET,668.9833333333333,59,18.0
8484150,2025,CGY,18.383333333333333,1,0.0
8476468,2025,NYR,1310.4166666666667,72,70.0
8482635,2025,NJD,18.083333333333332,2,1.0
8478408,2025,MIN,233.18333333333334,19,0.0
8478017,2025,VAN,70.31666666666666,5,0.0
8480009,2025,SEA,1159.9166666666667,81,35.0
8478507,2025,UTA,740.85,35,14.0
8480144,2025,TOR,731.1833333333333,59,13.0
8480289,2025,WPG,767.7666666666667,74,15.0
8482408,2025,LAK,123.3,12,1.0
8475314,2025,NYI,1398.95,82,54.0
8482089,2025,STL,1303.3666666666666,82,46.0
8476979,2025,DET,978.8666666666667,60,18.0
8484406,2025,VAN,20.583333333333332,2,0.0
8479543,2025,MTL,148.35,25,0.0
8477462,2025,VGK,22.283333333333335,2,0.0
8479999,2025,BOS,1382.1666666666667,81,40.0
8482802,2025,DET,1.1666666666666667,1,0.0
8480874,2025,PHI,12.8,1,0.0
8481576,2025,CAR,13.183333333333334,2,0.0
8476867,2025,MIN,116.33333333333333,12,1.0
8481789,2025,SEA,609.9,63,13.0
8475799,2025,WPG,1217.8666666666666,82,37.0
8478472,2025,STL,714.45,60,14.0
8477949,2025,BUF,1578.85,82,67.0
8478462,2025,VGK,1080.4666666666667,71,31.0
8476981,2025,MTL,1159.8833333333334,81,27.0
8479315,2025,CHI,223.08333333333334,18,1.0
8473453,2025,LAK,613.3,60,12.0
8482259,2025,TOR,1072.75,74,34.0
8482665,2025,SEA,1532.4,82,43.0
8484938,2025,DAL,45.416666666666664,5,1.0
8476853,2025,TOR,1753.8666666666666,82,41.0
8478136,2025,MIN,1465.5833333333333,67,21.0
8479987,2025,BOS,1302.8666666666666,77,57.0
8478057,2025,VAN,738.7666666666667,57,14.0
8483512,2025,EDM,50.06666666666667,4,1.0
8478043,2025,BUF,592.5666666666667,60,7.0
8478970,2025,CAR,1491.35,79,18.0
8478477,2025,SEA,258.31666666666666,28,3.0
8474141,2025,DET,1294.5166666666667,72,59.0
8475166,2025,TOR,1366.9166666666667,75,74.0
8476880,2025,WSH,1516.8666666666666,81,65.0
8476467,2025,SEA,1539.65,82,17.0
8479385,2025,STL,1433.5666666666666,82,70.0
8474037,2025,CBJ,880.3666666666667,71,36.0
8475762,2025,VAN,923.4833333333333,54,11.0
8473533,2025,CAR,1157.8,75,36.0
8480014,2025,WPG,1287.6666666666667,71,61.0
8478421,2025,FLA,777.05,81,17.0
8483457,2025,MTL,1864.1166666666666,82,66.0
8479344,2025,FLA,365.26666666666665,31,10.0
8482103,2025,NSH,55.5,5,1.0
8475913,2025,VGK,1270.7833333333333,66,67.0
8483447,2025,TBL,640.9166666666666,52,14.0
8484976,2025,COL,121.55,17,0.0
8481536,2025,NJD,12.383333333333333,1,0.0
8477499,2025,PHI,1293.0333333333333,63,19.0
8479941,2025,CBJ,877.45,61,21.0
8476856,2025,DAL,963.9,63,10.0
8470600,2025,STL,1596.65,82,15.0
8476923,2025,CBJ,1333.7666666666667,70,25.0
8484145,2025,BUF,1111.3833333333334,75,28.0
8479591,2025,SEA,817.2666666666667,77,16.0
8480039,2025,COL,1500.8833333333334,79,83.0
8480848,2025,SJS,802.7,68,8.0
8478468,2025,NSH,503.2,28,1.0
8481059,2025,NYI,560.25,35,9.0
8476474,2025,NJD,1242.7833333333333,78,41.0
8483431,2025,UTA,1339.6,75,65.0
8482726,2025,LAK,432.71666666666664,50,7.0
8477851,2025,NSH,634.6333333333333,37,10.0
8479550,2025,VGK,68.8,8,1.0
8481558,2025,BOS,10.966666666666667,1,1.0
8479423,2025,TOR,49.43333333333333,5,0.0
8476312,2025,COL,865.9833333333333,48,15.0
8470613,2025,CAR,1718.3666666666666,82,29.0
8482775,2025,MTL,196.01666666666668,18,2.0
8482074,2025,CGY,868.0,54,27.0
8476902,2025,DAL,1774.45,80,26.0
8477573,2025,STL,883.7666666666667,73,16.0
8475755,2025,DAL,70.53333333333333,5,0.0
8480980,2025,PIT,554.7666666666667,48,10.0
8484144,2025,CHI,1663.4166666666667,82,67.0
8475343,2025,WSH,1244.4333333333334,82,27.0
8477935,2025,FLA,1326.4666666666667,76,51.0
8482809,2025,CAR,1107.6666666666667,80,34.0
8482101,2025,SJS,147.6,12,1.0
8483468,2025,BUF,917.15,62,24.0
8482062,2025,NSH,966.0166666666667,71,12.0
8474673,2025,CHI,844.15,54,10.0
8481704,2025,NYR,505.68333333333334,48,16.0
8479372,2025,SEA,880.3333333333334,64,9.0
8475842,2025,NYR,954.55,80,20.0
8475766,2025,DET,102.1,13,3.0
8477402,2025,STL,1446.0166666666667,76,57.0
8475231,2025,NYI,1069.3333333333333,82,17.0
8478409,2025,PHI,185.45,15,6.0
8476389,2025,NYR,1730.1166666666666,82,59.0
8477476,2025,COL,1406.3333333333333,69,45.0
8478508,2025,MIN,951.25,76,15.0
8474567,2025,MIN,1280.3666666666666,81,16.0
8479351,2025,DAL,1117.0833333333333,79,25.0
8480802,2025,BUF,1329.3166666666666,79,53.0
8483808,2025,LAK,1031.5833333333333,66,37.0
8481422,2025,NSH,34.46666666666667,3,0.0
8475168,2025,DAL,1405.7166666666667,82,82.0
8474090,2025,DAL,422.68333333333334,32,6.0
8476879,2025,DAL,1803.0,85,24.0
8482700,2025,CHI,650.5166666666667,43,8.0
8478882,2025,LAK,1893.1,82,30.0
8478438,2025,PIT,714.4833333333333,54,22.0
8477492,2025,COL,1799.8166666666666,79,116.0
8480012,2025,VAN,1194.2666666666667,64,45.0
8480995,2025,TOR,861.0333333333333,68,19.0
8478483,2025,TOR,1726.55,81,102.0
8483678,2025,VAN,359.01666666666665,28,3.0
8475197,2025,CGY,205.41666666666666,13,3.0
8479291,2025,CGY,659.1666666666666,70,10.0
8478444,2025,VAN,1362.1,75,50.0
8478476,2025,DAL,11.383333333333333,1,0.0
8476826,2025,TBL,914.7,57,31.0
8480727,2025,VGK,1295.8,74,13.0
8477500,2025,NYI,1634.05,81,57.0
8475413,2025,NJD,531.5833333333334,52,7.0
8477971,2025,NSH,464.15,35,3.0
8483424,2025,MTL,119.8,12,1.0
8483397,2025,NJD,128.88333333333333,14,3.0
8479638,2025,MIN,901.7166666666667,76,22.0
8476869,2025,NSH,1795.0666666666666,82,33.0
8482172,2025,CHI,406.15,33,6.0
8478840,2025,NYR,1434.85,84,15.0
8481019,2025,WPG,323.3,36,6.0
8479387,2025,COL,470.96666666666664,41,2.0
8475753,2025,STL,1751.1333333333334,78,32.0
8477447,2025,VGK,1473.4833333333333,67,57.0
8480035,2025,BOS,1069.55,60,10.0
8482094,2025,MIN,8.016666666666667,1,0.0
8476887,2025,NSH,1527.4833333333333,82,76.0
8479420,2025,BUF,1425.4833333333333,76,72.0
8484821,2025,CGY,12.416666666666666,1,1.0
8475172,2025,CGY,1587.1,82,67.0
8480789,2025,BOS,439.71666666666664,43,6.0
8481577,2025,PIT,797.05,61,24.0
8482192,2025,CHI,35.68333333333333,3,1.0
8483466,2025,CHI,273.43333333333334,16,2.0
8481028,2025,CGY,1118.45,81,25.0
8481553,2025,PHI,1171.6333333333334,79,41.0
8477070,2025,UTA,260.31666666666666,28,2.0
8477435,2025,PIT,914.4,61,4.0
8474151,2025,TBL,1670.3666666666666,82,31.0
8474157,2025,TOR,499.4166666666667,37,13.0
8482250,2025,VGK,75.88333333333334,7,1.0
8476458,2025,ANA,1367.9833333333333,82,41.0
8483017,2025,BOS,14.383333333333333,1,0.0
8478010,2025,TBL,1499.9,77,82.0
8477903,2025,PHI,794.8666666666667,67,21.0
8484136,2025,VAN,299.6,29,7.0
8480032,2025,NJD,33.016666666666666,4,0.0
8482744,2025,CBJ,21.133333333333333,2,0.0
8483445,2025,ANA,1160.75,82,43.0
8481641,2025,COL,989.2333333333333,79,23.0
8478463,2025,WSH,1042.8,81,25.0
8484186,2025,WSH,127.6,9,1.0
8482475,2025,CBJ,471.6666666666667,30,15.0
8482097,2025,BUF,1099.8833333333334,74,39.0
8480839,2025,BUF,1769.2,73,68.0
8484801,2025,SJS,1385.1666666666667,70,63.0
8480084,2025,UTA,311.65,20,6.0
8482451,2025,CBJ,568.6833333333333,47,7.0
8478398,2025,WPG,1672.3666666666666,82,97.0
8478407,2025,SEA,1368.9,62,39.0
8481582,2025,TOR,828.1833333333333,69,22.0
8482660,2025,CBJ,1175.9833333333333,68,57.0
8470621,2025,EDM,966.9,81,30.0
8479944,2025,CBJ,1062.1333333333334,79,17.0
8480883,2025,CAR,109.31666666666666,8,2.0
8481600,2025,FLA,183.4,14,0.0
8478443,2025,TOR,1568.7,83,12.0
8476419,2025,NYI,1342.7833333333333,79,42.0
8483516,2025,STL,108.26666666666667,7,4.0
8481147,2025,MIN,28.583333333333332,3,0.0
8482124,2025,LAK,1508.5,81,54.0
8476329,2025,MIN,23.416666666666668,3,0.0
8478413,2025,BUF,512.5166666666667,34,8.0
8484768,2025,CGY,20.516666666666666,1,1.0
8473512,2025,OTT,1474.6333333333334,81,50.0
8477416,2025,TBL,1196.7166666666667,79,46.0
8479336,2025,SJS,537.4,56,9.0
8484234,2025,CGY,14.8,1,0.0
8482765,2025,BUF,77.11666666666666,8,1.0
8477939,2025,TOR,1599.7833333333333,82,84.0
8477938,2025,WPG,621.1833333333333,39,7.0
8483471,2025,WPG,58.03333333333333,5,1.0
8481013,2025,DET,973.2833333333333,75,24.0
8482666,2025,CAR,221.16666666666666,14,6.0
8482090,2025,TBL,8.416666666666666,1,0.0
8476429,2025,NYI,1122.05,66,9.0
8476422,2025,NYI,273.01666666666665,18,2.0
8477952,2025,ANA,713.0,44,16.0
8480806,2025,ANA,1070.2333333333333,79,15.0
8475171,2025,TOR,1622.2833333333333,77,29.0
8481532,2025,LAK,798.1,68,25.0
8475158,2025,NSH,1500.0833333333333,79,53.0
8483489,2025,BOS,273.48333333333335,21,5.0
8480002,2025,NJD,1529.1,75,69.0
8480798,2025,CHI,699.6833333333333,51,14.0
8481593,2025,MTL,837.45,56,13.0
8477478,2025,CAR,504.48333333333335,43,11.0
8483573,2025,WSH,259.78333333333336,24,7.0
8481564,2025,BUF,53.0,3,0.0
8476372,2025,PHI,1330.5333333333333,77,20.0
8481030,2025,PIT,310.98333333333335,19,1.0
8476897,2025,STL,884.9166666666666,67,20.0
8476967,2025,EDM,1683.8666666666666,82,25.0
8481737,2025,COL,48.71666666666667,8,0.0
8481732,2025,LAK,174.25,19,3.0
8483429,2025,NJD,177.0,14,8.0
8476994,2025,MIN,494.6333333333333,38,10.0
8482149,2025,WPG,1245.3333333333333,82,50.0
8480007,2025,VGK,125.13333333333334,13,0.0
8479996,2025,NJD,887.6166666666667,65,22.0
8481848,2025,PHI,29.366666666666667,4,0.0
8477444,2025,SEA,1139.3666666666666,79,37.0
8475184,2025,NYR,1139.2833333333333,68,30.0
8478055,2025,FLA,1835.8166666666666,80,31.0
8475795,2025,WSH,198.15,17,2.0
8478474,2025,UTA,1112.1,81,18.0
8475763,2025,PIT,771.0333333333333,64,23.0
8476480,2025,WPG,1177.1,78,38.0
8483538,2025,CBJ,13.15,1,0.0
8477406,2025,EDM,1063.7833333333333,80,18.0
8476874,2025,UTA,1505.7166666666667,77,18.0
8480246,2025,TBL,1086.6666666666667,74,19.0
8481754,2025,ANA,206.33333333333334,20,6.0
8482073,2025,NYR,1429.35,80,21.0
8481567,2025,SJS,1050.8166666666666,60,12.0
8484304,2025,FLA,1128.8,76,18.0
8480871,2025,NYI,492.51666666666665,35,14.0
8474590,2025,WSH,1861.5666666666666,79,51.0
8482874,2025,SEA,9.883333333333333,1,0.0
8478911,2025,WSH,1371.65,69,24.0
8474709,2025,NYI,273.56666666666666,32,2.0
8478873,2025,ANA,1451.3833333333334,77,55.0
8478469,2025,OTT,1841.9333333333334,80,45.0
8478466,2025,NJD,365.9166666666667,30,7.0
8479968,2025,BOS,351.46666666666664,26,5.0
8477527,2025,ANA,373.71666666666664,43,4.0
8482144,2025,SJS,489.5,31,10.0
8480845,2025,WPG,605.3,59,8.0
8477839,2025,TBL,56.666666666666664,5,0.0
8478856,2025,VAN,1511.0166666666667,81,50.0
8473419,2025,FLA,1301.0166666666667,71,51.0
8482118,2025,ANA,399.56666666666666,32,12.0
8479465,2025,EDM,51.1,7,1.0
8479371,2025,CBJ,1420.9,68,26.0
8476292,2025,NJD,1059.0833333333333,77,28.0
8482460,2025,NYR,357.31666666666666,42,8.0
8484197,2025,CHI,122.2,9,4.0
8482715,2025,NSH,15.616666666666667,1,0.0
8481725,2025,DET,347.6333333333333,26,11.0
8478427,2025,CAR,1587.9166666666667,79,74.0
8477479,2025,CHI,1312.2333333333333,82,46.0
8480036,2025,DAL,1258.0166666666667,50,25.0
8478452,2025,LAK,75.41666666666667,6,0.0
8482113,2025,FLA,1320.2833333333333,79,45.0
8483461,2025,PHI,12.2,1,0.0
8480205,2025,PIT,116.63333333333334,14,1.0
8477951,2025,UTA,1524.2333333333333,82,63.0
8475791,2025,CAR,1168.3833333333334,77,42.0
8481554,2025,SEA,1233.6833333333334,79,44.0
8482055,2025,VAN,1214.85,84,25.0
8479314,2025,FLA,948.0333333333333,52,57.0
8476331,2025,WPG,1765.65,82,19.0
8480830,2025,CAR,1232.1833333333334,72,48.0
8478569,2025,PIT,1087.0,79,12.0
8479328,2025,NYI,7.7,1,0.0
8476927,2025,VAN,1174.0166666666667,82,26.0
8481562,2025,CAR,38.13333333333333,2,0.0
8479981,2025,FLA,354.9166666666667,42,4.0
8480878,2025,DAL,585.4333333333333,39,5.0
8480208,2025,OTT,1487.6833333333334,82,68.0
8481540,2025,MTL,1482.2333333333333,82,70.0
8480113,2025,WPG,1089.2166666666667,82,31.0
8481186,2025,COL,1129.8833333333334,80,21.0
8480188,2025,OTT,1372.7166666666667,84,41.0
8475754,2025,COL,1513.0,80,56.0
8479410,2025,UTA,1934.0,77,53.0
8479316,2025,CBJ,1101.7833333333333,75,18.0
8478416,2025,TBL,1387.8,76,21.0
8473994,2025,DAL,1224.1,80,49.0
8484258,2025,COL,1212.5166666666667,76,15.0
8482148,2025,WSH,264.5,27,8.0
8478434,2025,VGK,1081.9,82,30.0
8476539,2025,NSH,1402.2,78,56.0
8476438,2025,VGK,1066.9333333333334,72,30.0
8475191,2025,VGK,1219.8166666666666,79,40.0
8477932,2025,FLA,1316.7,56,33.0
8483460,2025,MIN,145.41666666666666,12,3.0
8477507,2025,BOS,1669.5166666666667,81,22.0
8481716,2025,CBJ,1225.45,73,47.0
8476958,2025,CAR,1725.8166666666666,80,27.0
8480069,2025,COL,2057.3,80,92.0
8481167,2025,CGY,1082.25,76,12.0
8482157,2025,NYR,1236.35,82,45.0
8477488,2025,NJD,1535.0166666666667,72,17.0
8477149,2025,SJS,10.45,1,0.0
8479026,2025,TOR,584.2833333333333,36,5.0
8482663,2025,TBL,15.716666666666667,2,1.0
8480259,2025,MIN,217.93333333333334,26,0.0
8478396,2025,VGK,1724.2,80,39.0
8474612,2025,OTT,1006.95,59,7.0
8478851,2025,MTL,1626.3666666666666,79,25.0
8479619,2025,UTA,605.95,53,19.0
8477933,2025,FLA,1619.6833333333334,79,81.0
8480880,2025,BOS,599.9833333333333,56,11.0
8479594,2025,PIT,11.083333333333334,1,0.0
8480873,2025,WSH,1573.65,82,30.0
8483505,2025,BOS,431.9,33,11.0
8479345,2025,WSH,1558.75,74,47.0
8479390,2025,WSH,988.8666666666667,80,27.0
8476891,2025,PIT,1690.1833333333334,82,40.0
8483432,2025,CBJ,206.3,15,8.0
8482245,2025,OTT,1155.4666666666667,56,13.0
8477986,2025,SEA,1861.0666666666666,81,41.0
8478493,2025,MIN,909.25,46,29.0
8475208,2025,NJD,1563.5,80,22.0
8478432,2025,CBJ,511.25,46,7.0
8481712,2025,DAL,59.03333333333333,7,1.0
8476399,2025,CGY,1450.15,82,39.0
8474586,2025,SEA,683.05,42,26.0
8475745,2025,COL,1410.1166666666666,83,35.0
8482747,2025,NYR,219.36666666666667,22,2.0
8479675,2025,LAK,1198.2666666666667,71,40.0
8480801,2025,OTT,1313.1,72,55.0
8477501,2025,COL,848.8166666666667,43,34.0
8475768,2025,SEA,1448.5,81,49.0
8475784,2025,EDM,935.9833333333333,72,29.0
8479414,2025,NJD,645.3166666666667,59,10.0
8482712,2025,COL,13.616666666666667,2,0.0
8475233,2025,MTL,1244.2,75,15.0
8476873,2025,CAR,754.0833333333334,60,17.0
8474034,2025,CHI,784.7,68,19.0
8479022,2025,PHI,202.18333333333334,22,5.0
8484221,2025,COL,89.46666666666667,7,1.0
8478854,2025,PIT,652.3166666666667,39,5.0
8480028,2025,CGY,1276.1833333333334,81,37.0
8481491,2025,EDM,136.13333333333333,15,2.0
8482768,2025,NSH,670.0166666666667,52,17.0
8478133,2025,MTL,1275.4,82,36.0
8476432,2025,CBJ,467.6333333333333,26,19.0
8480887,2025,CBJ,375.78333333333336,33,5.0
8481572,2025,WPG,255.38333333333333,18,1.0
8482496,2025,VAN,199.2,19,6.0
8477511,2025,CGY,180.73333333333332,13,7.0
8481541,2025,NYI,5.933333333333334,1,0.0
8479379,2025,COL,82.23333333333333,13,0.0
8477425,2025,COL,420.1333333333333,37,8.0
8482964,2025,MTL,1023.6833333333333,70,6.0
8483500,2025,BUF,84.33333333333333,8,0.0
8481523,2025,MTL,893.4166666666666,57,22.0
8473446,2025,COL,525.1666666666666,36,5.0
8481206,2025,COL,103.6,8,2.0
8477919,2025,MIN,1284.25,82,37.0
8475455,2025,NJD,1523.2,82,16.0
8481461,2025,STL,56.2,4,0.0
8480990,2025,MIN,1121.5166666666667,66,12.0
8484164,2025,STL,18.816666666666666,2,0.0
8478585,2025,EDM,336.81666666666666,36,6.0
8479442,2025,EDM,915.65,66,7.0
8482807,2025,CHI,439.4166666666667,24,6.0
8482110,2025,NJD,1466.45,82,36.0
8480849,2025,UTA,1320.3166666666666,82,46.0
8482740,2025,DAL,1551.9166666666667,82,71.0
8480281,2025,STL,999.4,80,18.0
8477384,2025,EDM,126.1,10,1.0
8474145,2025,UTA,186.2,17,2.0
8483448,2025,NYI,516.3333333333334,33,5.0
8480291,2025,CAR,33.166666666666664,2,1.0
8479976,2025,UTA,711.7833333333333,43,5.0
8475786,2025,EDM,1378.35,73,44.0
8476885,2025,ANA,1579.9,77,14.0
8477353,2025,DET,622.2833333333333,55,9.0
8480835,2025,COL,930.2166666666667,72,18.0
8477451,2025,MIN,1032.9666666666667,69,26.0
8479542,2025,TBL,1700.95,82,90.0
8476454,2025,EDM,1479.8833333333334,78,49.0
8478402,2025,EDM,1476.1,67,100.0
8482072,2025,COL,31.583333333333332,2,0.0
8481122,2025,TOR,1290.6166666666666,78,10.0
8479980,2025,VGK,1155.7333333333333,68,12.0
8483467,2025,VAN,28.266666666666666,2,0.0
8479341,2025,EDM,68.75,4,0.0
8476822,2025,TBL,830.4333333333333,77,7.0
8483395,2025,VAN,136.55,13,1.0
8483503,2025,PIT,370.3833333333333,25,3.0
8477845,2025,WSH,1447.9833333333333,82,21.0
8481726,2025,NYR,472.95,51,9.0
8479419,2025,BUF,23.733333333333334,3,0.0
8482159,2025,PHI,1365.8666666666666,81,43.0
8483425,2025,DAL,565.85,38,9.0
8473507,2025,DET,831.45,44,8.0
8476871,2025,VGK,919.35,78,27.0
8483491,2025,WSH,168.16666666666666,18,4.0
8481560,2025,NYR,156.95,14,4.0
8474563,2025,LAK,724.1,30,17.0
8481517,2025,ANA,804.8333333333334,62,17.0
8475726,2025,SJS,1320.5,78,54.0
8478115,2025,NYI,732.6833333333333,62,15.0
8480807,2025,BUF,1196.8166666666666,62,14.0
8484911,2025,SJS,523.3666666666667,33,11.0
8477948,2025,PHI,2008.6166666666666,82,30.0
8482087,2025,MTL,1164.6666666666667,55,18.0
8474150,2025,CGY,1424.0,76,32.0
8477993,2025,CGY,203.71666666666667,21,8.0
8482092,2025,OTT,1332.2333333333333,78,34.0
8482652,2025,SJS,211.28333333333333,24,3.0
8478400,2025,SJS,21.916666666666668,3,0.0
8479639,2025,WPG,92.11666666666666,6,0.0
8478498,2025,VAN,1365.2333333333333,82,48.0
8484227,2025,SJS,1173.1,74,45.0
8474189,2025,WSH,1063.3166666666666,80,22.0
8482070,2025,TBL,794.3166666666667,66,18.0
8480043,2025,SJS,1305.3333333333333,68,17.0
8478458,2025,CAR,1119.5166666666667,81,39.0
8484321,2025,OTT,517.0,41,4.0
8478146,2025,OTT,457.76666666666665,41,6.0
8480075,2025,MIN,5.133333333333334,1,0.0
8477508,2025,NJD,507.21666666666664,48,5.0
8481656,2025,WSH,1250.6666666666667,76,66.0
8476473,2025,CHI,1401.8166666666666,68,19.0
8481528,2025,OTT,1398.9833333333333,82,47.0
8483499,2025,MIN,266.53333333333336,24,5.0
8481065,2025,OTT,78.66666666666667,8,1.0
8478500,2025,CBJ,1915.0166666666667,82,33.0
8476952,2025,WPG,41.31666666666667,5,0.0
8483506,2025,CHI,210.25,9,5.0
8481032,2025,NJD,1033.1833333333334,79,22.0
8484203,2025,CAR,22.966666666666665,2,1.0
8483609,2025,CGY,299.21666666666664,31,10.0
8481161,2025,CBJ,852.7166666666667,68,8.0
8480834,2025,EDM,1148.6166666666666,76,13.0
8475149,2025,MIN,1179.6,72,34.0
8483549,2025,MTL,57.416666666666664,7,1.0
8478831,2025,UTA,1176.7833333333333,82,28.0
8482858,2025,SEA,1422.0833333333333,73,25.0
8481743,2025,NSH,770.6,46,9.0
8478397,2025,CGY,1942.8,81,31.0
8481624,2025,CHI,1254.15,80,34.0
8480844,2025,VGK,8.45,1,0.0
8471677,2025,CBJ,527.8,41,6.0
8480336,2025,CAR,1380.3666666666666,82,16.0
8477392,2025,NYI,476.51666666666665,43,4.0
8480890,2025,OTT,15.383333333333333,2,0.0
8478445,2025,NYI,610.4833333333333,30,20.0
8478042,2025,EDM,1004.7666666666667,67,27.0
8479407,2025,NJD,1534.8,81,88.0
8480828,2025,BOS,240.43333333333334,17,1.0
8476881,2025,VGK,1249.5166666666667,73,61.0
8484255,2025,COL,10.366666666666667,2,0.0
8480459,2025,VAN,1404.8666666666666,81,46.0
8480003,2025,FLA,1033.1833333333334,78,23.0
8482511,2025,BOS,1503.6166666666666,77,33.0
8481462,2025,VGK,7.516666666666667,1,0.0
8476525,2025,WPG,871.0833333333334,60,15.0
8479520,2025,WSH,1094.1833333333334,82,21.0
8475692,2025,MIN,1356.2833333333333,69,54.0
8480145,2025,WPG,1522.15,69,39.0
8481093,2025,MTL,8.9,1,0.0
8483472,2025,UTA,241.86666666666667,15,3.0
8480001,2025,NYR,836.95,51,16.0
8482742,2025,NSH,746.6,62,15.0
8477503,2025,TOR,1048.6666666666667,74,33.0
8480196,2025,BUF,690.8333333333334,48,7.0
8481024,2025,VAN,251.46666666666667,23,6.0
8482132,2025,NYR,375.01666666666665,35,10.0
8477073,2025,NJD,132.85,23,0.0
8480185,2025,FLA,1223.0666666666666,80,24.0
8481806,2025,CHI,553.1333333333333,32,4.0
8484829,2025,DAL,39.4,5,1.0
8480011,2025,SJS,373.68333333333334,35,7.0
8475218,2025,EDM,1442.75,65,33.0
8480023,2025,STL,1397.0666666666666,70,81.0
8479402,2025,CGY,965.7,64,7.0
8482803,2025,ANA,1175.4166666666667,62,20.0
8481133,2025,OTT,139.43333333333334,17,2.0
8481542,2025,DET,2055.9166666666665,82,46.0
8475794,2025,DAL,322.98333333333335,20,21.0
8477429,2025,DET,823.3333333333334,56,23.0
8480355,2025,BOS,654.9,61,14.0
8481559,2025,NJD,1295.85,62,70.0
8474716,2025,MIN,1349.7666666666667,66,32.0
8479421,2025,LAK,581.0833333333334,49,8.0
8481477,2025,FLA,645.6,62,14.0
8476913,2025,MIN,475.85,55,5.0
8482145,2025,DAL,925.9333333333333,73,25.0
8476456,2025,CGY,1582.9,81,62.0
8473986,2025,ANA,1416.6333333333334,82,37.0
8482745,2025,ANA,1282.55,76,52.0
8484387,2025,PHI,1334.75,80,63.0
8482702,2025,CAR,1177.1166666666666,78,38.0
8475193,2025,NJD,821.6166666666667,74,17.0
8478021,2025,DET,101.98333333333333,7,1.0
8482117,2025,CHI,833.7833333333333,70,22.0
8474166,2025,CHI,824.05,44,12.0
8474679,2025,MIN,1331.4333333333334,79,28.0
8479066,2025,CGY,692.4,80,13.0
8478874,2025,OTT,844.2166666666667,81,26.0
8482829,2025,MIN,6.566666666666666,1,0.0
8475857,2025,NSH,107.01666666666667,6,1.0
8483465,2025,NSH,20.683333333333334,2,0.0
8478891,2025,WPG,1053.0166666666667,71,22.0
8477987,2025,CHI,1304.7333333333333,80,62.0
8477021,2025,UTA,1235.5333333333333,81,28.0
8481581,2025,DAL,1823.8166666666666,78,50.0
8481580,2025,WSH,1378.3,82,57.0
8482787,2025,WPG,45.61666666666667,4,3.0
8477496,2025,BOS,1482.3833333333334,82,47.0
8479359,2025,BUF,800.35,76,10.0
8482482,2025,NSH,416.26666666666665,23,5.0
8482699,2025,UTA,1189.8,70,60.0
8483524,2025,SEA,1111.3833333333334,79,44.0
8476892,2025,STL,1520.1666666666667,64,36.0
8482125,2025,VGK,614.0,53,12.0
8475151,2025,NYI,1518.3333333333333,82,48.0
8483493,2025,CHI,841.1833333333333,53,26.0
8481068,2025,CGY,1216.05,73,32.0
8476442,2025,PIT,392.0,32,3.0
8482507,2025,COL,11.15,2,0.0
8479337,2025,DET,1465.4333333333334,82,70.0
8478449,2025,DAL,1283.7333333333333,76,67.0
8481604,2025,VGK,1355.1833333333334,82,52.0
8476921,2025,CAR,1208.4333333333334,79,36.0
8481486,2025,SJS,110.26666666666667,8,0.0
8476425,2025,CBJ,54.63333333333333,6,1.0
8477955,2025,SEA,1411.2833333333333,82,61.0
8482634,2025,TOR,69.23333333333333,7,2.0
8475760,2025,UTA,812.8833333333333,66,19.0
8480748,2025,VAN,1161.35,78,40.0
8483733,2025,TOR,61.233333333333334,7,0.0
8476462,2025,NJD,1270.7666666666667,64,40.0
8475235,2025,PHI,236.7,31,3.0
8477034,2025,FLA,128.8,8,0.0
8479378,2025,WPG,981.7666666666667,63,14.0
8478020,2025,OTT,1014.9,72,27.0
8478211,2025,CGY,58.28333333333333,5,3.0
8481557,2025,MIN,1663.6333333333334,82,73.0
8479356,2025,NSH,202.81666666666666,19,4.0
8479362,2025,BOS,55.166666666666664,6,0.0
8482470,2025,CGY,78.35,5,1.0
8476960,2025,CHI,80.21666666666667,8,1.0
8479393,2025,SJS,577.5166666666667,52,7.0
8480073,2025,VAN,418.2,28,8.0
8480070,2025,BOS,234.0,15,1.0
8482859,2025,SJS,527.4833333333333,56,4.0
8478401,2025,BOS,1563.1166666666666,82,47.0
8476448,2025,VGK,901.75,53,29.0
8479323,2025,NYR,1720.4166666666667,74,61.0
8475825,2025,TOR,28.166666666666668,2,0.0
8480853,2025,NYI,14.9,2,0.0
8480865,2025,NYI,1652.3333333333333,71,39.0
8476374,2025,CBJ,964.65,82,17.0
8479982,2025,PIT,1150.7,68,15.0
8483464,2025,DET,1189.7166666666667,77,37.0
8482109,2025,NYR,1394.45,82,45.0
8477380,2025,NYR,595.4333333333333,51,19.0
8480192,2025,NJD,1604.9333333333334,81,17.0
8475765,2025,DET,1182.4666666666667,80,33.0
8481524,2025,BUF,1861.1666666666667,82,38.0
8476479,2025,LAK,1413.8666666666666,80,43.0
8477409,2025,FLA,1447.4,81,53.0
8482175,2025,BUF,1400.1666666666667,77,68.0
8482155,2025,LAK,1272.95,77,42.0
8476469,2025,MTL,1158.4666666666667,81,29.0
8481043,2025,BOS,820.9666666666667,73,17.0
8480078,2025,VAN,838.2,56,26.0
8476459,2025,NYR,1538.5166666666667,82,62.0
8476457,2025,SEA,1737.2333333333333,82,28.0
8477498,2025,EDM,1700.1833333333334,76,33.0
8477463,2025,TBL,11.616666666666667,1,0.0
8483567,2025,BOS,82.4,6,1.0
8479324,2025,COL,1418.6833333333334,72,22.0
8482929,2025,TBL,1161.4166666666667,76,19.0
8482206,2025,SJS,69.18333333333334,6,1.0
8480893,2025,CBJ,1468.0666666666666,79,74.0
8480800,2025,VAN,1749.5833333333333,68,76.0
8479368,2025,EDM,243.9,26,2.0
8482126,2025,PHI,728.4833333333333,42,7.0
8477365,2025,BUF,1171.55,73,16.0
8478465,2025,VAN,47.416666666666664,3,0.0
8480762,2025,CAR,1005.4166666666666,82,32.0
8476889,2025,STL,911.65,70,15.0
8479388,2025,CAR,35.9,5,0.0
8482667,2025,SJS,1505.6,77,58.0
8483487,2025,PIT,116.88333333333334,8,3.0
8475722,2025,BUF,1167.55,73,53.0
8477953,2025,EDM,798.6166666666667,67,14.0
8478043,2026,CHI,249.31666666666666,29,2.0
8484262,2026,NYI,103.83333333333333,9,1.0
8475790,2026,CBJ,657.5333333333333,37,3.0
8478975,2026,CBJ,1181.2833333333333,68,45.0
8480196,2026,WPG,543.15,50,8.0
8478970,2026,CAR,1450.0166666666667,72,17.0
8475798,2026,ANA,1112.0833333333333,58,41.0
8481557,2026,MIN,1563.25,76,85.0
8477503,2026,TOR,1190.5333333333333,80,36.0
8478474,2026,UTA,1344.35,81,44.0
8477429,2026,DET,1309.2833333333333,79,43.0
8478476,2026,DAL,400.4,33,5.0
8481655,2026,FLA,291.1,29,7.0
8477426,2026,TBL,697.7333333333333,51,15.0
8480355,2026,BOS,1034.75,82,22.0
8484860,2026,CGY,561.0833333333334,37,20.0
8482634,2026,BOS,512.9,43,16.0
8477940,2026,CAR,1360.85,82,71.0
8477942,2026,LAK,1070.8,56,40.0
8480813,2026,MTL,737.5666666666667,61,5.0
8475842,2026,BUF,764.3333333333334,73,16.0
8477946,2026,DET,1493.85,74,67.0
8480817,2026,CAR,1612.2833333333333,72,37.0
8477948,2026,PHI,1962.0333333333333,81,37.0
8477949,2026,BUF,1500.5166666666667,79,66.0
8475413,2026,NYR,14.383333333333333,2,0.0
8477073,2026,OTT,79.83333333333333,19,1.0
8483525,2026,MIN,970.7166666666667,73,27.0
8483524,2026,SEA,1021.3166666666667,74,27.0
8480950,2026,DAL,834.25,53,9.0
8482165,2026,CGY,1144.8333333333333,57,12.0
8475786,2026,EDM,1159.0666666666666,58,52.0
8477845,2026,WSH,1104.3,68,14.0
8484388,2026,UTA,361.6166666666667,29,7.0
8474090,2026,CBJ,166.16666666666666,15,2.0
8481524,2026,BUF,1831.9666666666667,82,42.0
8484873,2026,WSH,244.4,14,10.0
8476479,2026,MTL,1167.4666666666667,75,17.0
8481528,2026,OTT,1397.25,82,59.0
8478462,2026,COL,1070.0,74,25.0
8475857,2026,NSH,16.6,1,0.0
8483433,2026,FLA,50.63333333333333,6,0.0
8476887,2026,NSH,1548.7166666666667,82,75.0
8484779,2026,PHI,35.86666666666667,4,0.0
8483731,2026,PHI,214.9,17,9.0
8482245,2026,OTT,1684.1833333333334,81,30.0
8484240,2026,VAN,1189.2666666666667,70,21.0
8484160,2026,DET,309.48333333333335,28,7.0
8484901,2026,TOR,236.2,23,3.0
8481532,2026,LAK,671.1833333333333,62,14.0
8483039,2026,COL,25.216666666666665,4,1.0
8482174,2026,TOR,51.983333333333334,3,0.0
8477402,2026,STL,1452.9833333333333,81,48.0
8478416,2026,TBL,1074.55,61,11.0
8484471,2026,DET,1271.0,82,30.0
8480075,2026,OTT,89.51666666666667,6,1.0
8483709,2026,CGY,48.083333333333336,4,0.0
8480245,2026,OTT,69.13333333333334,7,2.0
8483546,2026,TOR,9.666666666666666,1,0.0
8478831,2026,UTA,1158.2833333333333,80,18.0
8481178,2026,CBJ,431.21666666666664,33,3.0
8484255,2026,COL,30.316666666666666,4,0.0
8477989,2026,PHI,1476.75,80,51.0
8481477,2026,MIN,536.1666666666666,49,11.0
8478398,2026,WPG,1763.5166666666667,82,92.0
8476453,2026,TBL,1545.4666666666667,76,130.0
8482705,2026,CBJ,1232.9,81,33.0
8481581,2026,DAL,1613.95,70,36.0
8483490,2026,ANA,1345.05,73,22.0
8477494,2026,STL,1079.4666666666667,64,24.0
8481186,2026,COL,148.78333333333333,13,2.0
8475287,2026,NSH,1350.6,81,38.0
8485391,2026,CHI,212.31666666666666,12,9.0
8473533,2026,CAR,1214.0666666666666,75,36.0
8475763,2026,PIT,349.26666666666665,28,8.0
8478439,2026,PHI,1469.9333333333334,77,68.0
8481518,2026,FLA,129.51666666666668,12,1.0
8481754,2026,ANA,355.45,29,9.0
8480796,2026,WSH,1561.7833333333333,81,27.0
8475848,2026,MTL,951.0,77,23.0
8477149,2026,TBL,206.76666666666668,26,5.0
8481591,2026,PIT,27.633333333333333,2,0.0
8476525,2026,WPG,256.95,18,2.0
8478483,2026,VGK,1616.5666666666666,81,80.0
8485388,2026,NYI,15.5,1,1.0
8486166,2026,MIN,42.583333333333336,2,0.0
8484150,2026,CGY,548.7666666666667,34,7.0
8478211,2026,CGY,26.8,3,0.0
8478420,2026,DAL,1291.25,64,77.0
8478421,2026,FLA,969.45,78,32.0
8477952,2026,MIN,247.96666666666667,21,5.0
8484230,2026,STL,435.8,32,10.0
8483526,2026,WPG,45.5,6,1.0
8480192,2026,NJD,607.4666666666667,34,8.0
8480027,2026,DAL,1660.75,82,96.0
8481600,2026,FLA,269.4166666666667,19,4.0
8482162,2026,EDM,24.016666666666666,3,0.0
8478508,2026,MIN,1089.1,82,23.0
8482802,2026,DET,85.58333333333333,8,0.0
8480220,2026,PHI,1331.95,82,47.0
8483570,2026,SEA,620.7833333333333,52,15.0
8481569,2026,NYI,91.81666666666666,8,3.0
8478104,2026,MTL,176.93333333333334,21,8.0
8476925,2026,VGK,824.8166666666667,66,11.0
8480144,2026,WSH,589.1333333333333,40,6.0
8476921,2026,CAR,1142.3666666666666,77,29.0
8478136,2026,MIN,1312.9333333333334,75,16.0
8483771,2026,FLA,197.55,19,5.0
8481732,2026,LAK,71.98333333333333,7,2.0
8480853,2026,NYI,11.283333333333333,1,0.0
8476624,2026,SJS,930.5,82,12.0
8483760,2026,PHI,15.183333333333334,1,1.0
8476372,2026,PHI,1414.8833333333334,80,10.0
8482107,2026,FLA,304.23333333333335,18,6.0
8481237,2026,NYI,620.65,59,7.0
8477447,2026,VGK,1598.55,70,39.0
8477446,2026,MIN,1108.4833333333333,79,17.0
8483930,2026,COL,67.06666666666666,9,1.0
8474568,2026,BUF,683.2333333333333,50,7.0
8476278,2026,DAL,832.4833333333333,70,15.0
8474612,2026,DET,373.8333333333333,26,2.0
8480870,2026,TOR,204.0,13,5.0
8482652,2026,WPG,28.5,3,0.0
8482751,2026,SEA,814.5833333333334,68,18.0
8475279,2026,DET,1708.6,82,15.0
8475184,2026,ANA,1278.6666666666667,75,50.0
8483500,2026,BUF,838.1666666666666,60,27.0
8483460,2026,PHI,312.4,26,0.0
8478904,2026,TOR,842.4666666666667,71,18.0
8479343,2026,UTA,1565.0333333333333,82,88.0
8477508,2026,EDM,401.3833333333333,45,6.0
8480893,2026,CBJ,1439.6166666666666,76,67.0
8481032,2026,NJD,843.55,79,15.0
8478444,2026,VAN,1429.0,75,48.0
8478445,2026,NYI,1672.7166666666667,81,72.0
8479772,2026,NJD,19.0,3,0.0
8482740,2026,DAL,1650.1166666666666,82,86.0
8478443,2026,TOR,1065.1,55,7.0
8482749,2026,MTL,29.366666666666667,3,0.0
8476419,2026,NYI,1159.25,74,35.0
8482100,2026,CAR,1472.9333333333334,81,33.0
8482117,2026,BOS,361.01666666666665,29,8.0
8483516,2026,STL,1168.7,70,51.0
8484994,2026,SJS,421.6166666666667,28,19.0
8483756,2026,LAK,262.9166666666667,23,4.0
8477500,2026,NYI,1411.8833333333334,68,57.0
8477501,2026,COL,1276.2,72,49.0
8481028,2026,CGY,223.33333333333334,22,3.0
8477505,2026,SJS,1636.4833333333333,80,55.0
8483808,2026,LAK,775.6166666666667,52,25.0
8475799,2026,WPG,839.9166666666666,61,19.0
8482733,2026,STL,1123.55,67,13.0
8478366,2026,ANA,591.1166666666667,50,9.0
8482737,2026,MTL,1063.25,78,30.0
8477369,2026,NYI,1255.4666666666667,76,12.0
8481656,2026,WSH,1385.95,76,52.0
8477947,2026,WSH,275.3833333333333,31,8.0
8476292,2026,NYI,1025.5833333333333,80,15.0
8482460,2026,NYR,223.8,26,1.0
8477070,2026,UTA,347.6166666666667,38,4.0
8481711,2026,TOR,1034.1,71,39.0
8481712,2026,BOS,43.46666666666667,4,0.0
8476897,2026,STL,674.2166666666667,52,17.0
8475168,2026,DAL,941.05,57,45.0
8475169,2026,VAN,1165.4833333333333,71,31.0
8476892,2026,STL,1709.1166666666666,77,18.0
8481609,2026,BOS,163.03333333333333,13,3.0
8483890,2026,VGK,763.0833333333334,54,26.0
8476480,2026,WPG,826.6,60,14.0
8479402,2026,CGY,255.26666666666668,16,2.0
8480188,2026,OTT,1058.6,82,33.0
8478542,2026,FLA,1172.5333333333333,69,31.0
8482720,2026,TOR,1484.5833333333333,79,66.0
8480434,2026,UTA,1155.6666666666667,60,27.0
8482088,2026,WSH,1149.6333333333334,78,35.0
8476474,2026,NJD,446.6666666666667,38,7.0
8481056,2026,EDM,1023.2166666666667,66,10.0
8482087,2026,MTL,759.05,39,11.0
8481219,2026,BOS,1021.1333333333333,61,13.0
8484428,2026,CAR,171.53333333333333,12,2.0
8484186,2026,WSH,1081.0166666666667,75,45.0
8482479,2026,BUF,5.2,1,0.0
8474150,2026,CGY,1471.7833333333333,82,43.0
8484185,2026,CHI,519.5166666666667,41,15.0
8477979,2026,MIN,69.7,6,2.0
8482470,2026,PIT,382.4,30,8.0
8478424,2026,ANA,421.98333333333335,44,8.0
8475754,2026,COL,1591.9166666666667,81,65.0
8476882,2026,CHI,1313.6666666666667,74,34.0
8483435,2026,OTT,14.066666666666666,2,0.0
8474013,2026,UTA,1498.05,82,23.0
8483467,2026,VAN,46.9,3,2.0
8484241,2026,NSH,874.8,71,30.0
8482090,2026,STL,427.2,44,5.0
8478062,2026,CBJ,25.2,3,1.0
8482671,2026,BUF,1753.8666666666666,81,29.0
8482993,2026,PIT,178.7,16,5.0
8482157,2026,NYR,1382.2833333333333,82,38.0
8476468,2026,NYR,1369.9,68,53.0
8482159,2026,PHI,501.6333333333333,29,17.0
8479705,2026,ANA,536.85,45,10.0
8481043,2026,WPG,690.2666666666667,66,17.0
8480839,2026,BUF,1862.3,77,74.0
8479390,2026,NYR,805.3333333333334,68,19.0
8477488,2026,NJD,751.2833333333333,37,7.0
8480831,2026,EDM,419.6,29,3.0
8476875,2026,MTL,1884.75,78,37.0
8476905,2026,SEA,1550.5333333333333,80,49.0
8477987,2026,CHI,1193.1,81,30.0
8479542,2026,TBL,1402.9666666666667,71,74.0
8480326,2026,DET,34.86666666666667,5,0.0
8479421,2026,LAK,131.7,15,0.0
8476455,2026,COL,984.8166666666667,60,35.0
8482703,2026,EDM,700.15,61,13.0
8478403,2026,VGK,1568.8666666666666,74,90.0
8477346,2026,UTA,1774.5166666666667,79,28.0
8483499,2026,VAN,908.7666666666667,69,18.0
8479387,2026,COL,32.266666666666666,3,1.0
8476907,2026,VAN,81.46666666666667,8,4.0
8475324,2026,OTT,1037.5333333333333,61,17.0
8477495,2026,FLA,1232.3,52,32.0
8482516,2026,STL,363.56666666666666,29,3.0
8482667,2026,SJS,1446.1833333333334,78,53.0
8474641,2026,EDM,860.4333333333333,65,15.0
8482062,2026,VGK,836.75,63,12.0
8480849,2026,UTA,1013.2333333333333,67,25.0
8470621,2026,TBL,984.3,72,37.0
8478498,2026,VAN,1366.0166666666667,81,42.0
8480842,2026,PIT,170.85,13,4.0
8477839,2026,NYR,874.05,62,18.0
8480058,2026,VAN,412.45,31,6.0
8484221,2026,NYI,875.3,65,30.0
8481068,2026,CGY,1251.4333333333334,78,29.0
8483487,2026,PIT,287.06666666666666,24,6.0
8482673,2026,OTT,11.916666666666666,2,0.0
8476454,2026,EDM,1372.5166666666667,72,56.0
8480797,2026,CGY,1387.2166666666667,82,38.0
8479336,2026,PHI,557.0166666666667,47,13.0
8476456,2026,CGY,906.5666666666667,50,25.0
8481596,2026,OTT,1347.25,72,46.0
8481006,2026,STL,990.8666666666667,69,17.0
8470613,2026,COL,1547.85,82,35.0
8476399,2026,CGY,1195.6833333333334,69,35.0
8481599,2026,BOS,109.41666666666667,8,1.0
8476393,2026,OTT,925.3,81,23.0
8484153,2026,ANA,1340.5166666666667,70,67.0
8476856,2026,PIT,164.3,11,3.0
8484136,2026,VAN,773.45,66,19.0
8477476,2026,COL,1293.7,70,48.0
8484168,2026,SEA,120.06666666666666,13,2.0
8478854,2026,PIT,1510.9166666666667,80,35.0
8478502,2026,OTT,101.5,8,1.0
8478507,2026,UTA,1616.1666666666667,80,36.0
8483675,2026,LAK,17.316666666666666,2,0.0
8477573,2026,STL,551.5333333333333,46,11.0
8483676,2026,OTT,255.31666666666666,30,11.0
8482166,2026,SJS,857.1166666666667,50,12.0
8480028,2026,CGY,1271.1666666666667,82,43.0
8480806,2026,CBJ,842.2,68,12.0
8475753,2026,DET,1716.8166666666666,78,40.0
8475752,2026,MIN,248.73333333333332,32,2.0
8477498,2026,EDM,1720.2333333333333,82,24.0
8476438,2026,VGK,655.8666666666667,49,9.0
8482766,2026,CGY,21.866666666666667,3,0.0
8481564,2026,BUF,27.0,3,0.0
8482762,2026,DET,1609.6166666666666,72,25.0
8484142,2026,PHI,576.5166666666667,43,17.0
8480980,2026,PIT,1086.1,78,30.0
8477931,2026,FLA,296.4,21,4.0
8484149,2026,COL,534.8833333333333,56,13.0
8483573,2026,WSH,758.6833333333333,62,24.0
8474567,2026,MIN,596.3166666666667,41,6.0
8479351,2026,DAL,1172.5333333333333,73,33.0
8478020,2026,OTT,1305.75,81,35.0
8479359,2026,BUF,910.7333333333333,81,14.0
8474600,2026,NSH,1691.6666666666667,68,55.0
8483669,2026,NYR,122.91666666666667,11,4.0
8481547,2026,TBL,16.75,1,0.0
8482525,2026,TOR,19.733333333333334,2,0.0
8480039,2026,COL,1676.85,78,100.0
8479983,2026,SJS,1724.3,82,23.0
8479980,2026,NSH,1217.0666666666666,62,15.0
8478458,2026,EDM,1088.1333333333334,69,36.0
8482758,2026,PIT,496.76666666666665,39,7.0
8476429,2026,NYI,1317.6833333333334,80,15.0
8482118,2026,ANA,91.6,9,1.0
8482408,2026,LAK,511.5,58,9.0
8475181,2026,SJS,571.85,32,7.0
8483503,2026,PIT,48.38333333333333,4,0.0
8483463,2026,STL,51.96666666666667,5,0.0
8474574,2026,DAL,1424.75,73,11.0
8474679,2026,WPG,646.6166666666667,51,12.0
8478057,2026,TOR,673.65,55,18.0
8477456,2026,DET,1284.7166666666667,82,28.0
8483712,2026,FLA,69.08333333333333,4,1.0
8482745,2026,ANA,1148.9833333333333,75,41.0
8479675,2026,LAK,1154.2833333333333,69,32.0
8480281,2026,STL,779.4,65,11.0
8476822,2026,PHI,737.65,70,9.0
8480807,2026,BUF,1780.6333333333334,78,41.0
8482109,2026,NYR,1443.0666666666666,82,57.0
8480871,2026,NYI,366.68333333333334,28,4.0
8480049,2026,WPG,1440.2333333333333,66,14.0
8482103,2026,NSH,407.28333333333336,40,5.0
8482187,2026,CAR,15.2,1,0.0
8483690,2026,NYR,996.85,74,24.0
8483752,2026,TBL,526.1833333333333,43,15.0
8483395,2026,VAN,257.76666666666665,28,5.0
8477504,2026,WPG,1903.45,77,55.0
8481024,2026,VAN,988.6166666666667,79,35.0
8479293,2026,UTA,524.0666666666667,56,3.0
8481554,2026,SEA,926.7333333333333,65,40.0
8477425,2026,CBJ,640.25,54,14.0
8475149,2026,MIN,1156.6333333333334,75,49.0
8475253,2026,PHI,26.033333333333335,3,0.0
8483609,2026,CGY,840.1166666666667,79,18.0
8483444,2026,ANA,24.066666666666666,3,0.0
8483448,2026,NYI,53.483333333333334,4,1.0
8480426,2026,TBL,1312.65,70,29.0
8484210,2026,NYR,783.3333333333334,49,27.0
8483687,2026,FLA,81.43333333333334,4,3.0
8479977,2026,UTA,695.9833333333333,59,23.0
8475167,2026,TBL,622.6166666666667,33,17.0
8485512,2026,ANA,470.03333333333336,39,5.0
8475784,2026,SJS,394.95,32,13.0
8479407,2026,NJD,1538.6,82,71.0
8482964,2026,MTL,742.4666666666667,65,4.0
8480185,2026,FLA,1209.9166666666667,73,33.0
8481523,2026,MTL,505.31666666666666,37,15.0
8481522,2026,BUF,1128.6166666666666,82,39.0
8479718,2026,COL,16.8,2,1.0
8483398,2026,TBL,620.6833333333333,42,3.0
8482874,2026,SEA,337.2,36,5.0
8482715,2026,NSH,249.9,18,11.0
8481641,2026,COL,529.0666666666667,51,9.0
8485493,2026,EDM,236.68333333333334,22,5.0
8481721,2026,NJD,1001.5,66,31.0
8483630,2026,SJS,320.3666666666667,24,10.0
8482475,2026,PIT,970.55,72,42.0
8481726,2026,NYR,331.1333333333333,35,5.0
8484783,2026,CHI,1312.6166666666666,67,24.0
8473512,2026,OTT,1336.7833333333333,82,49.0
8483431,2026,UTA,935.7,54,43.0
8475220,2026,MIN,719.3333333333334,56,13.0
8483733,2026,PHI,620.7666666666667,55,14.0
8481624,2026,CHI,1325.0666666666666,76,36.0
8481806,2026,CHI,1316.5,77,25.0
8482742,2026,NSH,334.76666666666665,25,5.0
8481161,2026,CBJ,401.85,40,3.0
8480145,2026,WPG,1158.2,51,12.0
8476981,2026,MTL,1009.6166666666667,72,23.0
8477998,2026,OTT,936.6833333333333,68,17.0
8476463,2026,MIN,1257.9833333333333,62,18.0
8481535,2026,VAN,437.8333333333333,38,5.0
8482155,2026,LAK,1501.45,82,44.0
8482092,2026,OTT,1285.4166666666667,77,35.0
8476469,2026,LAK,942.15,67,25.0
8480078,2026,VAN,180.06666666666666,12,3.0
8477938,2026,WPG,529.2333333333333,38,4.0
8480830,2026,CAR,1341.8166666666666,79,70.0
8477964,2026,VGK,1331.8333333333333,82,61.0
8480835,2026,COL,1187.25,82,27.0
8484768,2026,CGY,634.3,37,9.0
8476871,2026,BUF,606.6166666666667,56,15.0
8477416,2026,TBL,1090.9,80,32.0
8477986,2026,SEA,1443.8166666666666,64,32.0
8475718,2026,STL,141.05,9,2.0
8480762,2026,CAR,765.6666666666666,67,18.0
8477021,2026,UTA,434.73333333333335,34,13.0
8484797,2026,BUF,107.18333333333334,9,4.0
8476458,2026,CGY,691.25,52,21.0
8484305,2026,BUF,471.6166666666667,43,6.0
8484798,2026,VAN,1487.8166666666666,76,26.0
8484800,2026,SEA,853.75,66,17.0
8478407,2026,SEA,1754.65,81,44.0
8484793,2026,CHI,64.71666666666667,7,2.0
8482781,2026,MIN,10.266666666666667,1,0.0
8482787,2026,WPG,101.1,11,0.0
8473986,2026,ANA,1369.8,82,33.0
8481582,2026,TOR,987.5166666666667,78,32.0
8480003,2026,FLA,863.5166666666667,73,13.0
8482660,2026,CBJ,1006.2833333333333,76,22.0
8483493,2026,CHI,1190.6166666666666,65,40.0
8483495,2026,NJD,1337.4666666666667,68,26.0
8483497,2026,SEA,295.9,28,7.0
8482666,2026,NYR,454.4,29,6.0
8478493,2026,MIN,1335.5333333333333,70,51.0
8478888,2026,DAL,21.95,3,1.0
8476869,2026,NSH,1853.9833333333333,82,26.0
8477919,2026,SEA,1097.7666666666667,68,24.0
8480848,2026,SJS,652.7333333333333,46,11.0
8475208,2026,LAK,1455.6,82,17.0
8479941,2026,BUF,46.81666666666667,4,0.0
8477463,2026,TBL,124.01666666666667,12,1.0
8475455,2026,NJD,1475.8,82,15.0
8479339,2026,MTL,63.03333333333333,5,1.0
8471214,2026,WSH,1430.7666666666667,82,64.0
8482175,2026,UTA,1310.7166666666667,82,47.0
8482809,2026,CAR,1336.4333333333334,81,53.0
8482177,2026,BOS,1116.5166666666667,77,33.0
8476441,2026,LAK,1515.2333333333333,82,23.0
8479337,2026,DET,1517.0166666666667,82,85.0
8483489,2026,BOS,1275.1833333333334,82,35.0
8483565,2026,COL,1024.6166666666666,61,24.0
8475722,2026,BUF,968.5666666666667,62,45.0
8476917,2026,NYI,1713.0333333333333,82,16.0
8484821,2026,CGY,28.0,3,0.0
8480014,2026,WPG,1536.65,82,69.0
8481617,2026,EDM,1260.9333333333334,82,37.0
8483766,2026,MIN,21.5,2,0.0
8480855,2026,UTA,1038.5,75,25.0
8479525,2026,COL,913.8,73,24.0
8481014,2026,NYI,291.68333333333334,15,1.0
8477479,2026,CHI,1441.6166666666666,78,58.0
8478851,2026,MTL,1393.0833333333333,73,22.0
8477951,2026,UTA,1617.3166666666666,82,74.0
8482168,2026,TBL,23.0,2,1.0
8480800,2026,MIN,2052.5833333333335,74,76.0
8480021,2026,FLA,134.81666666666666,19,0.0
8479619,2026,UTA,1005.3,79,31.0
8479998,2026,LAK,1645.6166666666666,80,20.0
8481491,2026,CAR,169.03333333333333,17,3.0
8484406,2026,VAN,65.13333333333334,6,1.0
8479388,2026,EDM,48.13333333333333,4,0.0
8483553,2026,NYI,494.26666666666665,49,7.0
8481093,2026,PIT,11.016666666666667,1,0.0
8482765,2026,WPG,425.6666666666667,37,10.0
8475690,2026,TOR,197.7,11,2.0
8478133,2026,MTL,1044.2333333333333,68,24.0
8484933,2026,FLA,59.63333333333333,4,1.0
8477496,2026,BOS,1233.8833333333334,69,48.0
8480002,2026,NJD,1698.7666666666667,82,66.0
8482077,2026,STL,1076.9833333333333,59,51.0
8477933,2026,FLA,1362.35,64,61.0
8485405,2026,NSH,34.25,3,1.0
8485406,2026,PHI,153.36666666666667,9,10.0
8474564,2026,NSH,1461.85,82,66.0
8474563,2026,LAK,1662.2166666666667,72,23.0
8477444,2026,CHI,1216.6666666666667,74,33.0
8478413,2026,BUF,497.8,40,6.0
8477018,2026,VGK,802.25,55,15.0
8480036,2026,DAL,1961.4166666666667,77,63.0
8480035,2026,BOS,729.9833333333333,41,15.0
8479661,2026,BOS,973.5,77,22.0
8482482,2026,NSH,986.4833333333333,58,16.0
8478109,2026,CGY,1057.7666666666667,78,31.0
8481122,2026,TOR,1262.6166666666666,73,6.0
8480876,2026,VAN,290.25,43,4.0
8483696,2026,NSH,11.383333333333333,1,1.0
8476931,2026,TOR,1792.3833333333334,80,25.0
8482113,2026,FLA,1225.7333333333333,64,44.0
8476422,2026,CAR,628.55,42,9.0
8482698,2026,PIT,11.5,1,0.0
8483506,2026,CHI,964.4,53,13.0
8475462,2026,ANA,906.25,56,13.0
8478055,2026,FLA,1810.3,80,28.0
8474586,2026,SEA,1478.1166666666666,80,55.0
8481517,2026,WSH,51.483333333333334,6,0.0
8485467,2026,TOR,54.21666666666667,4,1.0
8478449,2026,DAL,919.1,53,44.0
8481133,2026,FLA,628.3,59,15.0
8482126,2026,PHI,935.5666666666667,61,13.0
8483457,2026,MTL,1949.2833333333333,82,78.0
8477950,2026,NYI,1454.6833333333334,76,35.0
8478147,2026,PIT,15.283333333333333,2,0.0
8477955,2026,SEA,854.5666666666667,52,40.0
8473994,2026,DAL,797.35,60,36.0
8483515,2026,MTL,1520.0333333333333,82,73.0
8481789,2026,NYR,765.6333333333333,64,22.0
8475170,2026,NYI,1341.5,80,39.0
8483397,2026,NJD,57.36666666666667,7,0.0
8475794,2026,DAL,449.8666666666667,27,17.0
8477507,2026,BOS,1691.3833333333334,81,22.0
8479372,2026,SEA,360.21666666666664,23,3.0
8481556,2026,CGY,365.2,35,7.0
8478472,2026,LAK,611.3666666666667,51,11.0
8481572,2026,WPG,70.5,5,0.0
8480113,2026,WPG,1231.6333333333334,79,29.0
8482861,2026,NYR,424.9,27,3.0
8484829,2026,DAL,1077.2666666666667,81,30.0
8483447,2026,TBL,138.5,14,3.0
8483445,2026,ANA,1311.2166666666667,76,69.0
8481716,2026,CBJ,878.2166666666667,63,32.0
8475765,2026,MIN,1120.3833333333334,75,47.0
8478874,2026,SJS,757.2833333333333,66,25.0
8485366,2026,NYI,2023.9833333333333,82,59.0
8476958,2026,CAR,831.1,39,8.0
8481575,2026,OTT,151.2,11,3.0
8484839,2026,PIT,141.43333333333334,9,1.0
8484197,2026,CHI,643.9333333333333,50,19.0
8475314,2026,NYI,1282.3,82,42.0
8474716,2026,MIN,1547.75,79,22.0
8479400,2026,WSH,487.8333333333333,29,19.0
8479362,2026,BOS,46.68333333333333,4,1.0
8484177,2026,NJD,401.98333333333335,33,8.0
8482125,2026,VGK,321.46666666666664,28,9.0
8482122,2026,MIN,1974.1666666666667,80,51.0
8478460,2026,CBJ,1996.0666666666666,75,81.0
8480828,2026,BOS,64.95,5,0.0
8480748,2026,SJS,1243.1333333333334,72,36.0
8484509,2026,EDM,253.33333333333334,24,4.0
8480064,2026,BUF,696.6166666666667,44,34.0
8482641,2026,MIN,94.36666666666666,6,1.0
8476872,2026,LAK,918.6666666666666,64,20.0
8475158,2026,NSH,1651.9833333333333,81,74.0
8476881,2026,VGK,1396.7833333333333,82,58.0
8478864,2026,MIN,1727.45,78,89.0
8481070,2026,STL,32.61666666666667,3,2.0
8473604,2026,WPG,1188.1166666666666,82,29.0
8476967,2026,COL,1573.75,83,12.0
8484169,2026,NYR,133.58333333333334,9,2.0
8479414,2026,DAL,311.2,36,7.0
8484164,2026,STL,1018.0666666666667,71,21.0
8477527,2026,ANA,604.1166666666667,62,14.0
8481533,2026,PHI,1516.2333333333333,81,67.0
8475906,2026,SJS,1146.1333333333334,56,27.0
8479316,2026,FLA,600.1666666666666,62,10.0
8479314,2026,FLA,567.3833333333333,31,34.0
8482097,2026,BUF,1283.8333333333333,82,51.0
8471724,2026,PIT,1604.5,74,34.0
8478414,2026,NJD,1425.75,77,44.0
8479395,2026,NJD,249.41666666666666,17,2.0
8484806,2026,SJS,1206.4333333333334,72,14.0
8480834,2026,EDM,1117.4666666666667,72,12.0
8483424,2026,MTL,137.83333333333334,15,1.0
8482259,2026,SEA,1242.65,78,46.0
8473507,2026,MIN,989.05,67,9.0
8471685,2026,LAK,1281.1333333333334,67,38.0
8483429,2026,NJD,36.016666666666666,2,0.0
8474189,2026,OTT,778.4166666666666,68,15.0
8479543,2026,TOR,58.25,9,0.0
8484258,2026,COL,1444.5333333333333,82,40.0
8480084,2026,UTA,568.5166666666667,40,8.0
8476994,2026,FLA,710.95,65,18.0
8482858,2026,SEA,1192.9333333333334,67,17.0
8477419,2026,BUF,20.6,5,0.0
8478409,2026,PHI,7.133333333333334,1,0.0
8478399,2026,NJD,1597.2,82,16.0
8482702,2026,CAR,1251.4666666666667,81,44.0
8478401,2026,BOS,1314.0,78,65.0
8478397,2026,VGK,1879.3333333333333,81,47.0
8478013,2026,EDM,993.7833333333333,53,20.0
8484148,2026,PHI,16.466666666666665,1,2.0
8479385,2026,STL,1132.6166666666666,72,46.0
8476906,2026,CAR,1057.7833333333333,55,50.0
8479026,2026,TOR,567.1833333333333,39,2.0
8476389,2026,NYR,1376.9333333333334,67,53.0
8477492,2026,COL,1780.95,80,127.0
8483476,2026,VAN,151.81666666666666,13,3.0
8476867,2026,CBJ,297.56666666666666,25,6.0
8482167,2026,WSH,21.05,2,0.0
8478434,2026,VGK,946.05,82,17.0
8484387,2026,PHI,1202.0666666666666,81,51.0
8476312,2026,COL,1404.9666666666667,79,31.0
8484220,2026,MTL,26.283333333333335,2,1.0
8477034,2026,VGK,42.483333333333334,4,0.0
8482178,2026,ANA,915.7333333333333,67,12.0
8482947,2026,COL,432.26666666666665,60,10.0
8480798,2026,SJS,666.1333333333333,43,20.0
8476391,2026,COL,8.216666666666667,1,0.0
8483841,2026,NJD,42.86666666666667,5,0.0
8480018,2026,MTL,1707.2833333333333,82,101.0
8481618,2026,MTL,608.35,42,25.0
8483567,2026,BOS,10.583333333333334,1,0.0
8481594,2026,NJD,8.25,1,0.0
8480015,2026,PHI,1364.2833333333333,81,51.0
8471215,2026,PIT,985.25,56,61.0
8474102,2026,DET,882.0666666666667,65,28.0
8484152,2026,SJS,54.1,3,0.0
8483406,2026,LAK,340.8833333333333,36,7.0
8476853,2026,TOR,1648.6666666666667,78,36.0
8482079,2026,VAN,873.75,50,35.0
8483768,2026,VAN,329.6333333333333,24,3.0
8484135,2026,WPG,146.25,15,1.0
8479291,2026,UTA,9.733333333333333,1,1.0
8476902,2026,DAL,1905.25,82,32.0
8484234,2026,CGY,69.73333333333333,6,1.0
8478856,2026,CBJ,1220.6166666666666,71,33.0
8481606,2026,OTT,1366.9833333333333,73,31.0
8478038,2026,COL,1521.0833333333333,68,24.0
8480023,2026,STL,1216.9666666666667,64,64.0
8481601,2026,NYI,1321.5666666666666,79,41.0
8482192,2026,WPG,28.55,3,0.0
8485385,2026,VAN,32.333333333333336,3,0.0
8476539,2026,NSH,1035.85,62,31.0
8482768,2026,NSH,845.3666666666667,70,17.0
8475755,2026,DAL,829.0666666666667,54,10.0
8477320,2026,NYR,30.816666666666666,4,1.0
8476432,2026,CBJ,1077.3166666666666,67,38.0
8476923,2026,CBJ,1496.2,71,32.0
8484158,2026,TOR,970.9333333333333,66,29.0
8485251,2026,VGK,36.55,3,0.0
8480860,2026,CGY,1668.1,76,18.0
8483471,2026,WPG,270.15,25,6.0
8477932,2026,FLA,1618.4,72,26.0
8477935,2026,FLA,1405.4333333333334,76,58.0
8477934,2026,EDM,1402.3833333333334,65,97.0
8479353,2026,VGK,863.8166666666667,58,22.0
8476374,2026,BOS,1093.0,82,22.0
8478840,2026,NYR,1353.1333333333334,75,15.0
8478450,2026,PIT,1613.7333333333333,80,30.0
8480887,2026,BOS,127.18333333333334,8,3.0
8482803,2026,ANA,1290.1833333333334,76,22.0
8479591,2026,BOS,610.9333333333333,56,18.0
8478519,2026,TBL,1229.4,71,52.0
8479987,2026,BOS,1409.8666666666666,81,68.0
8479982,2026,BUF,731.7166666666667,39,8.0
8477015,2026,NJD,1316.3166666666666,75,43.0
8481534,2026,VGK,8.566666666666666,1,0.0
8480873,2026,WSH,1401.6666666666667,73,29.0
8482116,2026,OTT,1621.4,80,83.0
8481577,2026,PIT,109.55,9,1.0
8480878,2026,DAL,857.0333333333333,52,11.0
8482699,2026,UTA,1374.3166666666666,79,73.0
8482713,2026,FLA,1114.15,77,32.0
8482496,2026,VAN,17.316666666666666,2,0.0
8481030,2026,PIT,326.51666666666665,20,7.0
8477454,2026,DAL,450.3,45,8.0
8480208,2026,OTT,1370.7833333333333,79,71.0
8478440,2026,WSH,1443.0166666666667,80,58.0
8475726,2026,SJS,1182.8333333333333,79,49.0
8480803,2026,EDM,2023.5833333333333,82,95.0
8483452,2026,MIN,97.53333333333333,9,2.0
8482105,2026,OTT,1664.2333333333333,67,54.0
8481704,2026,NYR,176.88333333333333,20,3.0
8477380,2026,NYR,614.45,55,16.0
8475179,2026,FLA,342.6166666666667,19,0.0
8483513,2026,NSH,453.15,47,8.0
8475172,2026,COL,1465.5833333333333,77,50.0
8475171,2026,TOR,1606.4833333333333,78,39.0
8478042,2026,BOS,1007.3333333333334,69,54.0
8481525,2026,NYR,1253.1166666666666,72,18.0
8477506,2026,NYI,1582.0,76,27.0
8478047,2026,DAL,1068.6666666666667,74,33.0
8479371,2026,CBJ,1225.85,74,11.0
8475795,2026,WSH,121.06666666666666,13,0.0
8482804,2026,PHI,45.016666666666666,3,0.0
8482730,2026,LAK,1623.75,82,40.0
8476979,2026,DET,37.483333333333334,2,0.0
8481559,2026,NJD,1300.25,61,77.0
8476331,2026,WPG,1759.5,82,19.0
8475791,2026,CAR,1162.3666666666666,80,48.0
8475762,2026,VAN,27.866666666666667,2,0.0
8481715,2026,STL,10.75,1,0.0
8474149,2026,NJD,255.71666666666667,24,1.0
8475764,2026,STL,1728.5,82,30.0
8483728,2026,MTL,87.16666666666667,10,1.0
8476891,2026,CHI,1154.0666666666666,68,12.0
8484214,2026,CBJ,41.3,3,0.0
8475166,2026,TOR,1490.55,82,71.0
8476483,2026,PIT,1136.9166666666667,60,48.0
8476952,2026,CHI,73.23333333333333,8,1.0
8477971,2026,NSH,26.45,3,0.0
8479368,2026,EDM,175.26666666666668,21,5.0
8479369,2026,BOS,1492.6833333333334,77,14.0
8484529,2026,EDM,36.03333333333333,5,1.0
8479365,2026,EDM,816.9,74,7.0
8482089,2026,STL,1050.8833333333334,69,36.0
8475913,2026,VGK,1152.9,60,73.0
8478469,2026,OTT,1287.0,57,31.0
8477435,2026,PIT,336.68333333333334,22,1.0
8482877,2026,NYR,256.23333333333335,28,6.0
8478463,2026,WSH,1295.3666666666666,82,28.0
8484145,2026,BUF,1032.7333333333333,65,43.0
8480829,2026,CAR,476.73333333333335,42,9.0
8484180,2026,CGY,222.15,18,4.0
8480825,2026,SJS,26.6,3,1.0
8480068,2026,ANA,1130.05,75,36.0
8484938,2026,DAL,235.51666666666668,20,5.0
8478178,2026,TBL,1656.5,73,70.0
8482476,2026,NYI,1362.5166666666667,82,31.0
8475692,2026,MIN,1100.0166666666667,59,54.0
8483432,2026,CBJ,127.36666666666666,14,1.0
8476889,2026,DAL,680.6166666666667,58,17.0
8483531,2026,NJD,114.18333333333334,15,2.0
8479410,2026,UTA,1895.0666666666666,78,59.0
8477996,2026,NJD,237.0,24,2.0
8478550,2026,LAK,1625.7,78,84.0
8481167,2026,CGY,541.15,39,7.0
8481725,2026,PIT,655.4833333333333,59,13.0
8484166,2026,CBJ,1550.0,82,59.0
8477851,2026,NSH,14.083333333333334,1,0.0
8477409,2026,FLA,1356.1833333333334,77,55.0
8476462,2026,NJD,1658.5833333333333,77,39.0
8484188,2026,STL,267.93333333333334,17,4.0
8482911,2026,CAR,577.0666666666667,38,10.0
8476467,2026,SEA,1320.3,78,15.0
8479550,2026,VGK,107.7,10,5.0
8477407,2026,NYI,818.7166666666667,62,27.0
8477406,2026,EDM,509.8833333333333,43,8.0
8477969,2026,VAN,1759.1333333333334,82,18.0
8482659,2026,BUF,1301.05,82,52.0
8477541,2026,TOR,143.3,11,1.0
8475235,2026,CAR,264.96666666666664,31,2.0
8476879,2026,LAK,1440.3833333333334,82,9.0
8476873,2026,CAR,758.2833333333333,68,21.0
8485702,2026,NYI,602.05,44,18.0
8479425,2026,VAN,2050.4666666666667,82,49.0
8480246,2026,NSH,1509.85,79,13.0
8484958,2026,NJD,446.9166666666667,49,4.0
8482148,2026,WSH,653.7166666666667,74,16.0
8478396,2026,VGK,1604.6833333333334,71,28.0
8479638,2026,PIT,809.9,64,34.0
8479639,2026,VGK,45.166666666666664,3,0.0
8478010,2026,TBL,1150.25,63,50.0
8484403,2026,MTL,47.983333333333334,5,1.0
8480009,2026,SEA,1251.2833333333333,78,36.0
8479022,2026,PHI,441.03333333333336,42,10.0
8481580,2026,WSH,1318.6833333333334,78,46.0
8479383,2026,TBL,36.56666666666667,3,0.0
8477497,2026,CBJ,1335.7333333333333,78,36.0
8478046,2026,CBJ,521.6333333333333,46,12.0
8481607,2026,DET,1307.0666666666666,82,11.0
8475200,2026,SJS,1738.05,82,37.0
8478882,2026,NYR,1945.4666666666667,82,35.0
8480840,2026,DAL,889.8333333333334,72,12.0
8479533,2026,PIT,157.8,13,1.0
8484386,2026,UTA,423.01666666666665,28,1.0
8480259,2026,MIN,247.28333333333333,28,3.0
8484380,2026,FLA,45.05,3,2.0
8484223,2026,DET,1102.3333333333333,68,21.0
8483482,2026,ANA,11.616666666666667,1,1.0
8482176,2026,CHI,1510.2333333333333,77,17.0
8476457,2026,SEA,1752.6,82,25.0
8478841,2026,NJD,281.8833333333333,23,4.0
8482074,2026,CGY,1063.3,74,25.0
8476392,2026,WPG,1048.0,70,21.0
8480990,2026,WSH,356.8666666666667,26,7.0
8482072,2026,COL,126.85,11,2.0
8482073,2026,NYR,1676.2666666666667,82,18.0
8482078,2026,DET,1503.9166666666667,80,76.0
8477903,2026,PHI,686.5666666666667,66,3.0
8478859,2026,FLA,1384.1833333333334,68,11.0
8479325,2026,BOS,1682.8833333333334,69,61.0
8478427,2026,CAR,1549.3833333333334,79,80.0
8474037,2026,DET,846.1666666666666,72,31.0
8478500,2026,CBJ,2034.7833333333333,82,31.0
8481604,2026,VGK,1443.5666666666666,82,64.0
8479992,2026,DET,809.6,64,14.0
8471675,2026,PIT,1307.7,68,74.0
8479442,2026,TOR,1227.9833333333333,64,14.0
8478233,2026,CHI,774.0333333333333,62,16.0
8481568,2026,CHI,1685.9666666666667,80,21.0
8475810,2026,PIT,1436.0,72,65.0
8476927,2026,VAN,577.9166666666666,35,17.0
8477499,2026,PHI,940.9833333333333,44,14.0
8481562,2026,CAR,19.366666666666667,1,0.0
8481560,2026,OTT,21.216666666666665,2,1.0
8477939,2026,TOR,1262.0166666666667,65,79.0
8482206,2026,SJS,83.51666666666667,7,1.0
8475191,2026,VGK,944.15,69,26.0
8475343,2026,VGK,1090.65,75,21.0
8484304,2026,FLA,884.05,54,15.0
8485395,2026,BOS,29.1,2,1.0
8485402,2026,SJS,576.4833333333333,45,21.0
8481848,2026,PHI,35.233333333333334,4,0.0
8482684,2026,NJD,1564.7666666666667,68,35.0
8481004,2026,CAR,30.033333333333335,2,0.0
8480336,2026,CAR,1766.7833333333333,81,31.0
8478452,2026,PIT,120.2,7,1.0
8481481,2026,PIT,763.1,55,19.0
8479323,2026,NYR,1299.5833333333333,55,53.0
8480874,2026,PHI,76.7,5,0.0
8475745,2026,CBJ,1484.05,82,58.0
8476425,2026,VAN,9.533333333333333,1,0.0
8482110,2026,NJD,1494.6166666666666,82,42.0
8483468,2026,BUF,196.36666666666667,12,5.0
8475461,2026,UTA,12.266666666666667,2,0.0
8482094,2026,MIN,397.71666666666664,32,6.0
8482691,2026,VAN,793.4,66,14.0
8481593,2026,MTL,827.0666666666667,59,12.0
8483466,2026,CHI,177.28333333333333,13,2.0
8477511,2026,PIT,1230.1666666666667,81,64.0
8480891,2026,BUF,455.4166666666667,34,2.0
8477450,2026,EDM,978.5833333333334,63,17.0
8477451,2026,MIN,1272.6,76,43.0
8474578,2026,PIT,1770.0333333333333,75,66.0
8484999,2026,WSH,63.56666666666667,4,4.0
8478569,2026,PIT,918.4166666666666,67,25.0
8479066,2026,CGY,515.5333333333333,57,9.0
8482896,2026,BUF,518.6666666666666,46,6.0
8482624,2026,CGY,17.816666666666666,1,0.0
8482623,2026,BUF,322.1666666666667,34,4.0
8477953,2026,EDM,598.2166666666667,41,17.0
8483450,2026,CHI,1340.9333333333334,80,28.0
8484321,2026,OTT,781.3666666666667,50,5.0
8480727,2026,CGY,1584.7,78,17.0
8484287,2026,NYI,41.2,3,0.0
8481542,2026,DET,2104.65,82,60.0
8477810,2026,CGY,997.55,68,7.0
8479944,2026,CBJ,262.8,27,5.0
8483512,2026,EDM,1212.0833333333333,82,37.0
8481065,2026,NJD,68.85,8,1.0
8478911,2026,WSH,1628.1833333333334,79,19.0
8479378,2026,BUF,1269.0166666666667,76,26.0
8479996,2026,NJD,952.9666666666667,70,26.0
8479370,2026,NSH,856.5333333333333,69,16.0
8471817,2026,SJS,390.4,50,3.0
8481553,2026,MIN,1030.8333333333333,68,30.0
8479576,2026,SJS,963.4,53,7.0
8482941,2026,NJD,7.416666666666667,1,0.0
8475768,2026,SEA,807.0333333333333,50,26.0
8474141,2026,DET,1185.5833333333333,67,57.0
8481719,2026,TBL,560.4,35,10.0
8482131,2026,FLA,634.3666666666667,42,8.0
8475760,2026,NJD,667.1833333333333,61,9.0
8482132,2026,NYR,137.05,13,0.0
8480291,2026,CAR,60.06666666666667,4,0.0
8483686,2026,MTL,195.78333333333333,15,1.0
8478873,2026,ANA,1119.1833333333334,61,57.0
8484984,2026,MTL,1270.8,82,62.0
8483491,2026,WSH,125.33333333333333,13,3.0
8485511,2026,EDM,31.983333333333334,4,1.0
8476473,2026,EDM,1403.2333333333333,80,17.0
8482124,2026,LAK,1581.9166666666667,79,49.0
8481527,2026,VGK,1245.5166666666667,78,16.0
8477365,2026,PIT,838.2833333333333,50,6.0
8478468,2026,VGK,1168.3,68,13.0
8480012,2026,VAN,1403.15,74,51.0
8482873,2026,NJD,30.916666666666668,2,0.0
8474151,2026,TBL,924.3,48,21.0
8478173,2026,OTT,70.25,10,0.0
8480069,2026,COL,1863.5666666666666,75,79.0
8482731,2026,ANA,93.7,6,0.0
8476880,2026,WSH,1401.3166666666666,72,62.0
8484392,2026,CAR,14.583333333333334,1,1.0
8476885,2026,ANA,1849.0,81,35.0
8475151,2026,NYI,471.9166666666667,25,18.0
8475714,2026,TOR,663.0,56,8.0
8476988,2026,TOR,12.433333333333334,1,0.0
8477993,2026,CGY,196.45,20,2.0
8482726,2026,LAK,422.9166666666667,53,9.0
8476460,2026,WPG,1763.3333333333333,82,103.0
8476461,2026,PHI,1298.8166666666666,78,36.0
8479318,2026,TOR,1248.2333333333333,60,53.0
8477401,2026,SEA,30.233333333333334,3,0.0
8482093,2026,CAR,1340.45,71,66.0
8480448,2026,COL,1041.6166666666666,82,35.0
8477404,2026,TBL,1639.9166666666667,81,88.0
8482095,2026,OTT,1214.4166666666667,70,18.0
8479393,2026,FLA,353.71666666666664,37,9.0
8482655,2026,TBL,1704.1666666666667,79,29.0
8477960,2026,LAK,1563.7666666666667,81,73.0
8484801,2026,SJS,1747.9,82,115.0
8479398,2026,PIT,1086.0166666666667,60,19.0
8483425,2026,DAL,783.3333333333334,50,8.0
8475231,2026,NYI,953.2,81,18.0
8476878,2026,TBL,1092.8,74,20.0
8476874,2026,CGY,740.1833333333333,43,15.0
8484762,2026,ANA,1430.5,82,60.0
8478891,2026,DET,879.0666666666667,65,14.0
8482172,2026,CHI,547.5333333333333,52,7.0
8484144,2026,CHI,1420.4833333333333,68,73.0
8479420,2026,BUF,1558.7333333333333,81,81.0
8482859,2026,SJS,595.5666666666667,59,7.0
8482142,2026,PHI,1681.2,78,32.0
8482451,2026,CBJ,51.3,5,1.0
8476459,2026,NYR,1692.7,81,78.0
8482145,2026,DAL,1269.9,82,41.0
8482146,2026,NSH,1346.4166666666667,81,56.0
8484794,2026,DET,175.23333333333332,14,1.0
8480459,2026,STL,1017.2,64,29.0
8478402,2026,EDM,1885.45,82,138.0
8481077,2026,DET,126.51666666666667,11,4.0
8473422,2026,MIN,671.0833333333334,53,15.0
8482785,2026,CAR,21.366666666666667,2,1.0
8477220,2026,UTA,1615.2666666666667,82,22.0
8482511,2026,BOS,1234.0833333333333,73,26.0
8482665,2026,SEA,1580.6833333333334,82,50.0
8482067,2026,NYR,38.35,3,0.0
8479942,2026,DET,124.83333333333333,18,3.0
8482663,2026,TBL,9.366666666666667,1,0.0
8482775,2026,MTL,1186.9166666666667,82,37.0
8484227,2026,SJS,1254.6333333333334,69,59.0
8478438,2026,PIT,1171.0666666666666,82,42.0
8476448,2026,VGK,212.05,14,7.0
8483485,2026,CBJ,1438.9166666666667,75,31.0
8482149,2026,WPG,1062.4166666666667,68,32.0
8482679,2026,CGY,1332.1333333333334,80,45.0
8481592,2026,TBL,46.71666666666667,5,0.0
8481598,2026,STL,1891.9666666666667,81,34.0
8480995,2026,TBL,934.4166666666666,70,22.0
8482070,2026,TBL,105.16666666666667,11,1.0
8475218,2026,EDM,1686.9333333333334,82,41.0
8486169,2026,PIT,25.233333333333334,1,0.0
8476854,2026,BOS,1448.75,67,26.0
8485414,2026,PIT,1159.8666666666666,77,35.0
8479520,2026,WSH,907.6333333333333,82,9.0
8479324,2026,SEA,1393.7333333333333,76,9.0
8477478,2026,CAR,752.7666666666667,70,18.0
8481605,2026,ANA,1988.3333333333333,82,58.0
8483678,2026,VAN,1048.5166666666667,70,10.0
8482929,2026,TBL,865.4,50,12.0
8479999,2026,BOS,1076.5333333333333,71,42.0
8482153,2026,NYR,31.766666666666666,3,1.0
8486056,2026,CGY,66.15,6,1.0
8481567,2026,TOR,59.45,4,0.0
8481563,2026,ANA,1017.8833333333333,60,15.0
8484911,2026,SJS,1331.8666666666666,81,46.0
8482201,2026,TBL,968.6,74,33.0
8483472,2026,UTA,73.26666666666667,5,1.0
8480865,2026,MTL,1798.7,80,47.0
8480001,2026,NYR,471.0833333333333,34,6.0
8482209,2026,CGY,59.983333333333334,4,0.0
8481013,2026,STL,704.9166666666666,51,22.0
8480007,2026,VGK,48.31666666666667,4,1.0
8482807,2026,CHI,253.36666666666667,18,1.0
8478454,2026,PHI,718.4333333333333,52,10.0
8482953,2026,COL,74.51666666666667,12,0.0
8479985,2026,SEA,374.8,23,3.0
8479981,2026,FLA,79.43333333333334,10,3.0
8473419,2026,FLA,922.2166666666667,52,54.0
8474590,2026,ANA,1644.3833333333334,71,60.0
8482111,2026,NSH,741.0166666666667,52,9.0
8480879,2026,DET,933.05,63,5.0
8483505,2026,BOS,36.35,3,1.0
8475188,2026,VGK,1292.9666666666667,63,12.0
8482055,2026,VAN,1196.3,82,29.0
8483464,2026,DET,1117.35,81,19.0
8483465,2026,NSH,166.56666666666666,16,3.0
8479345,2026,WSH,1867.2666666666667,80,60.0
8478967,2026,PHI,44.31666666666667,5,0.0
8479644,2026,STL,45.666666666666664,5,1.0
8482747,2026,CGY,190.03333333333333,19,3.0
8479671,2026,CBJ,867.9333333333333,61,26.0
8484242,2026,WPG,32.96666666666667,3,0.0
8483455,2026,EDM,299.01666666666665,29,5.0
8480802,2026,BUF,1426.5333333333333,81,54.0
8480801,2026,OTT,1017.6166666666667,60,59.0
8480043,2026,WSH,933.0333333333333,47,11.0
8477956,2026,BOS,1590.4833333333333,77,100.0
8476826,2026,TBL,1342.0,82,28.0
8480289,2026,WPG,832.0,65,23.0
8481540,2026,MTL,1472.8666666666666,81,88.0
8481546,2026,PHI,1667.65,74,26.0
8483510,2026,WPG,574.8,32,5.0
8484759,2026,OTT,58.13333333333333,4,2.0
8484203,2026,CAR,155.53333333333333,12,3.0
8480074,2026,MTL,696.35,51,21.0
8483699,2026,LAK,12.3,1,1.0
