playerId,season_end,name,gp,toi_min,shots,xga,ga
8448382,2009,Curtis Joseph,20,835.7,383.0,41.08,50.0
8448535,2009,Olie Kolzig,8,410.05,245.0,18.7,25.0
8455710,2009,Martin Brodeur,31,1813.5833333333333,870.0,70.14,73.0
8455710,2010,Martin Brodeur,77,4459.016666666666,2004.0,171.19,168.0
8455710,2011,Martin Brodeur,56,3116.1,1313.0,108.24,127.0
8455710,2012,Martin Brodeur,59,3387.483333333333,1472.0,123.52,136.0
8455710,2013,Martin Brodeur,29,1752.35,654.0,58.92,65.0
8455710,2014,Martin Brodeur,39,2296.8166666666666,971.0,77.77,96.0
8455710,2015,Martin Brodeur,7,355.71666666666664,169.0,12.58,17.0
8458568,2009,Chris Osgood,46,2662.7166666666667,1208.0,117.96,137.0
8458568,2010,Chris Osgood,23,1252.0333333333333,561.0,51.67,63.0
8458568,2011,Chris Osgood,11,628.6666666666666,298.0,23.53,29.0
8458988,2009,Manny Fernandez,28,1644.0666666666666,791.0,73.72,71.0
8459140,2009,Nikolai Khabibulin,42,2445.766666666667,1192.0,104.16,96.0
8459140,2010,Nikolai Khabibulin,18,1089.1166666666666,602.0,52.6,55.0
8459140,2011,Nikolai Khabibulin,47,2681.0833333333335,1389.0,133.71,153.0
8459140,2012,Nikolai Khabibulin,40,2255.5,1114.0,104.88,100.0
8459140,2013,Nikolai Khabibulin,12,683.6166666666667,376.0,33.38,29.0
8459140,2014,Nikolai Khabibulin,4,167.65,74.0,7.41,14.0
8459308,2009,Manny Legace,29,1447.3166666666666,669.0,54.64,77.0
8459308,2010,Manny Legace,28,1467.0333333333333,745.0,69.35,69.0
8459463,2009,Kevin Weekes,16,789.6166666666667,399.0,31.02,32.0
8459579,2009,Patrick Lalime,24,1296.7,669.0,55.35,67.0
8459579,2010,Patrick Lalime,16,835.4833333333333,432.0,40.74,40.0
8459579,2011,Patrick Lalime,7,365.4166666666667,163.0,15.64,18.0
8460535,2009,Jose Theodore,57,3263.45,1572.0,144.23,157.0
8460535,2010,Jose Theodore,47,2585.633333333333,1352.0,126.82,121.0
8460535,2011,Jose Theodore,32,1792.9,963.0,83.02,81.0
8460535,2012,Jose Theodore,53,3049.45,1502.0,134.47,125.0
8460535,2013,Jose Theodore,15,766.4666666666667,391.0,36.7,42.0
8460612,2009,Marty Turco,74,4307.25,1993.0,186.84,203.0
8460612,2010,Marty Turco,52,3017.85,1583.0,136.43,137.0
8460612,2011,Marty Turco,29,1631.05,799.0,65.33,82.0
8460612,2012,Marty Turco,5,260.6166666666667,110.0,11.49,16.0
8460703,2009,Tim Thomas,53,3197.3333333333335,1664.0,137.13,112.0
8460703,2010,Tim Thomas,43,2441.866666666667,1221.0,90.26,104.0
8460703,2011,Tim Thomas,57,3363.9666666666667,1811.0,151.56,112.0
8460703,2012,Tim Thomas,59,3351.516666666667,1659.0,129.3,132.0
8460703,2014,Tim Thomas,48,2637.483333333333,1390.0,117.66,128.0
8460704,2009,Johan Hedberg,33,1832.0333333333333,937.0,87.14,106.0
8460704,2010,Johan Hedberg,47,2631.95,1356.0,122.29,115.0
8460704,2011,Johan Hedberg,34,1717.4833333333333,777.0,64.33,68.0
8460704,2012,Johan Hedberg,27,1591.1666666666667,718.0,57.56,59.0
8460704,2013,Johan Hedberg,19,1108.2666666666667,435.0,40.1,51.0
8460705,2009,Evgeni Nabokov,62,3681.4333333333334,1663.0,140.76,150.0
8460705,2010,Evgeni Nabokov,71,4174.133333333333,2168.0,190.31,170.0
8460705,2012,Evgeni Nabokov,42,2377.766666666667,1172.0,104.08,101.0
8460705,2013,Evgeni Nabokov,41,2475.4,1139.0,97.51,103.0
8460705,2014,Evgeni Nabokov,40,2234.233333333333,1085.0,97.42,103.0
8460705,2015,Evgeni Nabokov,11,553.4333333333333,245.0,23.83,29.0
8460712,2009,Tomas Vokoun,59,3320.15,1856.0,155.41,138.0
8460712,2010,Tomas Vokoun,63,3695.016666666667,2082.0,180.26,157.0
8460712,2011,Tomas Vokoun,57,3223.4166666666665,1753.0,145.11,137.0
8460712,2012,Tomas Vokoun,48,2583.15,1299.0,111.01,108.0
8460712,2013,Tomas Vokoun,20,1028.5333333333333,519.0,46.22,42.0
8460806,2009,Dwayne Roloson,63,3591.85,1953.0,169.45,166.0
8460806,2010,Dwayne Roloson,50,2877.3,1555.0,144.06,145.0
8460806,2011,Dwayne Roloson,54,3198.5833333333335,1596.0,132.24,138.0
8460806,2012,Dwayne Roloson,40,2093.516666666667,1126.0,112.03,128.0
8462044,2009,Jean-Sebastien Giguere,46,2451.8166666666666,1274.0,109.46,127.0
8462044,2010,Jean-Sebastien Giguere,35,2023.6666666666667,1031.0,98.8,96.0
8462044,2011,Jean-Sebastien Giguere,33,1633.0166666666667,777.0,74.31,78.0
8462044,2012,Jean-Sebastien Giguere,32,1819.5666666666666,850.0,70.21,69.0
8462044,2013,Jean-Sebastien Giguere,18,907.8333333333334,469.0,38.04,43.0
8462044,2014,Jean-Sebastien Giguere,22,1211.85,608.0,54.07,53.0
8462047,2009,Martin Biron,55,3156.516666666667,1718.0,143.13,146.0
8462047,2010,Martin Biron,29,1614.1166666666666,859.0,81.37,89.0
8462047,2011,Martin Biron,17,927.5,426.0,35.89,33.0
8462047,2012,Martin Biron,21,1220.0166666666667,519.0,43.84,50.0
8462047,2013,Martin Biron,6,335.7,156.0,14.44,13.0
8462047,2014,Martin Biron,2,70.63333333333334,38.0,4.14,9.0
8462052,2009,Brian Boucher,22,1286.3833333333334,563.0,50.05,47.0
8462052,2010,Brian Boucher,33,1742.0333333333333,796.0,71.65,80.0
8462052,2011,Brian Boucher,34,1884.5666666666666,902.0,76.04,76.0
8462052,2012,Brian Boucher,10,546.35,260.0,25.21,31.0
8462052,2013,Brian Boucher,4,144.01666666666668,55.0,4.54,6.0
8462055,2009,Marc Denis,1,20.0,7.0,0.57,1.0
8462117,2009,Vesa Toskala,52,2957.4,1496.0,145.33,163.0
8462117,2010,Vesa Toskala,32,1604.95,773.0,77.94,93.0
8462147,2009,Miikka Kiprusoff,76,4417.983333333334,2155.0,189.46,209.0
8462147,2010,Miikka Kiprusoff,73,4235.333333333333,2035.0,169.99,163.0
8462147,2011,Miikka Kiprusoff,71,4155.65,1935.0,157.65,182.0
8462147,2012,Miikka Kiprusoff,70,4128.0,2041.0,168.4,162.0
8462147,2013,Miikka Kiprusoff,24,1344.0833333333333,650.0,56.32,77.0
8462152,2009,Chris Mason,57,3214.9,1544.0,130.18,129.0
8462152,2010,Chris Mason,61,3492.15,1700.0,158.82,148.0
8462152,2011,Chris Mason,33,1681.6833333333334,882.0,80.2,95.0
8462152,2012,Chris Mason,20,974.8666666666667,422.0,42.11,43.0
8462152,2013,Chris Mason,11,466.73333333333335,229.0,20.42,29.0
8462161,2009,Brent Johnson,21,1131.15,579.0,49.2,53.0
8462161,2010,Brent Johnson,23,1108.1333333333334,541.0,51.03,51.0
8462161,2011,Brent Johnson,23,1296.7,604.0,53.27,47.0
8462161,2012,Brent Johnson,16,811.0833333333334,359.0,34.96,42.0
8464999,2009,Mathieu Garon,19,1020.5666666666667,502.0,48.88,53.0
8464999,2010,Mathieu Garon,35,1770.75,858.0,72.98,83.0
8464999,2011,Mathieu Garon,36,1938.0,887.0,74.82,88.0
8464999,2012,Mathieu Garon,48,2483.75,1192.0,105.41,118.0
8464999,2013,Mathieu Garon,18,910.0666666666667,427.0,39.19,44.0
8465161,2009,Steve Valiquette,15,863.3833333333333,450.0,39.6,41.0
8465161,2010,Steve Valiquette,6,304.81666666666666,128.0,13.74,19.0
8466141,2009,Roberto Luongo,53,3136.5,1519.0,137.6,121.0
8466141,2010,Roberto Luongo,68,3859.7,1915.0,165.06,167.0
8466141,2011,Roberto Luongo,60,3579.983333333333,1753.0,144.6,126.0
8466141,2012,Roberto Luongo,55,3162.383333333333,1577.0,133.11,127.0
8466141,2013,Roberto Luongo,20,1196.9166666666667,551.0,46.35,51.0
8466141,2014,Roberto Luongo,56,3222.3333333333335,1590.0,130.67,129.0
8466141,2015,Roberto Luongo,61,3523.1833333333334,1743.0,142.0,138.0
8466141,2016,Roberto Luongo,62,3601.85,1801.0,159.99,141.0
8466141,2017,Roberto Luongo,40,2323.633333333333,1218.0,107.53,104.0
8466141,2018,Roberto Luongo,35,1965.9666666666667,1143.0,94.74,81.0
8466141,2019,Roberto Luongo,43,2326.8333333333335,1204.0,105.47,122.0
8466339,2009,Scott Clemmensen,40,2355.3166666666666,1138.0,90.75,94.0
8466339,2010,Scott Clemmensen,23,1215.35,668.0,58.23,59.0
8466339,2011,Scott Clemmensen,31,1696.0666666666666,834.0,67.62,74.0
8466339,2012,Scott Clemmensen,30,1565.8666666666666,773.0,60.8,67.0
8466339,2013,Scott Clemmensen,19,866.4166666666666,421.0,40.43,53.0
8466339,2014,Scott Clemmensen,17,914.1833333333333,454.0,39.89,47.0
8466339,2015,Scott Clemmensen,3,101.58333333333333,54.0,6.25,8.0
8467391,2009,Jason LaBarbera,27,1421.55,665.0,59.31,66.0
8467391,2010,Jason LaBarbera,17,927.8833333333333,459.0,35.1,33.0
8467391,2011,Jason LaBarbera,17,882.6333333333333,529.0,46.58,48.0
8467391,2012,Jason LaBarbera,19,994.6333333333333,486.0,41.82,43.0
8467391,2013,Jason LaBarbera,15,725.9166666666666,418.0,38.5,32.0
8467391,2014,Jason LaBarbera,7,348.31666666666666,146.0,12.64,19.0
8467391,2015,Jason LaBarbera,5,207.46666666666667,99.0,6.54,9.0
8467430,2009,Dany Sabourin,19,989.4333333333333,463.0,43.21,47.0
8467453,2009,Andrew Raycroft,31,1717.4333333333334,836.0,73.5,90.0
8467453,2010,Andrew Raycroft,21,962.0833333333334,438.0,36.4,39.0
8467453,2011,Andrew Raycroft,19,847.1666666666666,446.0,38.53,40.0
8467453,2012,Andrew Raycroft,10,529.3833333333333,303.0,24.6,31.0
8467511,2009,Antero Niittymaki,32,1804.25,947.0,84.09,83.0
8467511,2010,Antero Niittymaki,49,2657.1833333333334,1388.0,131.52,127.0
8467511,2011,Antero Niittymaki,24,1414.4666666666667,615.0,56.38,64.0
8467913,2009,Alex Auld,43,2514.4333333333334,1168.0,103.97,102.0
8467913,2010,Alex Auld,24,1298.5333333333333,610.0,50.81,64.0
8467913,2011,Alex Auld,16,748.5833333333334,383.0,36.54,33.0
8467913,2012,Alex Auld,14,645.0333333333333,310.0,31.49,36.0
8467950,2009,Craig Anderson,31,1635.9,977.0,83.98,74.0
8467950,2010,Craig Anderson,71,4235.35,2233.0,189.31,186.0
8467950,2011,Craig Anderson,51,2865.116666666667,1546.0,128.73,135.0
8467950,2012,Craig Anderson,63,3492.3,1917.0,173.06,165.0
8467950,2013,Craig Anderson,24,1420.6,677.0,53.44,40.0
8467950,2014,Craig Anderson,53,2998.766666666667,1681.0,139.75,150.0
8467950,2015,Craig Anderson,35,2092.516666666667,1134.0,85.38,87.0
8467950,2016,Craig Anderson,60,3477.133333333333,1915.0,159.16,161.0
8467950,2017,Craig Anderson,40,2421.233333333333,1247.0,102.59,92.0
8467950,2018,Craig Anderson,58,3250.5333333333333,1768.0,156.81,180.0
8467950,2019,Craig Anderson,50,2784.883333333333,1676.0,146.07,163.0
8467950,2020,Craig Anderson,34,1825.4166666666667,1018.0,93.34,100.0
8467950,2021,Craig Anderson,4,168.73333333333332,71.0,7.26,6.0
8467950,2022,Craig Anderson,31,1867.25,945.0,88.31,97.0
8467950,2023,Craig Anderson,26,1490.0333333333333,823.0,76.43,76.0
8467959,2012,Sebastien Caron,3,134.66666666666666,57.0,4.76,7.0
8467972,2015,Rob Zepp,10,519.0166666666667,223.0,21.84,25.0
8468011,2009,Ryan Miller,59,3373.25,1773.0,139.72,145.0
8468011,2010,Ryan Miller,69,4032.383333333333,2098.0,179.38,150.0
8468011,2011,Ryan Miller,66,3829.3,1964.0,169.84,165.0
8468011,2012,Ryan Miller,61,3536.4166666666665,1788.0,154.55,150.0
8468011,2013,Ryan Miller,40,2302.233333333333,1270.0,116.66,108.0
8468011,2014,Ryan Miller,59,3500.2833333333333,1885.0,150.24,154.0
8468011,2015,Ryan Miller,45,2541.516666666667,1199.0,104.87,107.0
8468011,2016,Ryan Miller,51,3043.483333333333,1634.0,136.04,137.0
8468011,2017,Ryan Miller,54,3211.85,1737.0,146.94,150.0
8468011,2018,Ryan Miller,28,1353.2666666666667,739.0,62.29,53.0
8468011,2019,Ryan Miller,20,1107.7333333333333,577.0,51.51,51.0
8468011,2020,Ryan Miller,23,1207.9,679.0,57.84,63.0
8468011,2021,Ryan Miller,16,870.9166666666666,432.0,37.92,51.0
8468038,2009,Michael Leighton,19,1028.85,507.0,48.0,50.0
8468038,2010,Michael Leighton,34,1759.4166666666667,899.0,83.85,85.0
8468038,2011,Michael Leighton,1,59.78333333333333,36.0,2.97,4.0
8468038,2013,Michael Leighton,1,59.13333333333333,26.0,2.33,5.0
8468038,2016,Michael Leighton,1,39.483333333333334,17.0,0.75,1.0
8468038,2017,Michael Leighton,4,210.28333333333333,92.0,8.81,12.0
8468166,2009,Curtis Sanford,19,972.5833333333334,448.0,40.92,42.0
8468166,2012,Curtis Sanford,36,1982.9166666666667,971.0,76.88,86.0
8468481,2009,Rick DiPietro,5,255.98333333333332,139.0,11.39,15.0
8468481,2010,Rick DiPietro,7,398.0,173.0,12.37,16.0
8468481,2011,Rick DiPietro,26,1533.2166666666667,773.0,74.07,88.0
8468481,2012,Rick DiPietro,7,353.75,177.0,16.55,22.0
8468481,2013,Rick DiPietro,3,175.6,83.0,7.46,12.0
8468489,2009,Brent Krahn,1,20.0,9.0,1.09,3.0
8468524,2009,Ilya Bryzgalov,64,3699.9666666666667,1958.0,165.17,186.0
8468524,2010,Ilya Bryzgalov,69,4023.15,1961.0,162.89,156.0
8468524,2011,Ilya Bryzgalov,68,4054.866666666667,2125.0,182.33,168.0
8468524,2012,Ilya Bryzgalov,59,3415.25,1554.0,141.81,141.0
8468524,2013,Ilya Bryzgalov,40,2297.75,1066.0,104.26,107.0
8468524,2014,Ilya Bryzgalov,32,1814.0166666666667,891.0,82.81,81.0
8468524,2015,Ilya Bryzgalov,8,329.48333333333335,150.0,12.42,23.0
8468540,2009,Dan Ellis,35,1964.7166666666667,963.0,92.58,96.0
8468540,2010,Dan Ellis,31,1714.65,848.0,75.44,77.0
8468540,2011,Dan Ellis,44,2406.95,1089.0,93.61,111.0
8468540,2012,Dan Ellis,10,418.7,214.0,18.98,19.0
8468540,2013,Dan Ellis,19,977.0666666666667,556.0,54.49,52.0
8468540,2014,Dan Ellis,20,1027.3166666666666,514.0,48.87,62.0
8468540,2015,Dan Ellis,8,486.46666666666664,221.0,16.35,19.0
8468550,2009,Mikael Tellqvist,21,1007.4833333333333,533.0,45.21,47.0
8468685,2009,Henrik Lundqvist,70,4212.766666666666,2035.0,176.65,169.0
8468685,2010,Henrik Lundqvist,73,4183.816666666667,2109.0,198.62,167.0
8468685,2011,Henrik Lundqvist,68,3966.6666666666665,1965.0,162.42,152.0
8468685,2012,Henrik Lundqvist,62,3753.4333333333334,1753.0,148.83,123.0
8468685,2013,Henrik Lundqvist,43,2573.9,1190.0,96.69,88.0
8468685,2014,Henrik Lundqvist,63,3630.3166666666666,1809.0,158.25,144.0
8468685,2015,Henrik Lundqvist,46,2742.6,1329.0,110.47,103.0
8468685,2016,Henrik Lundqvist,65,3772.366666666667,1944.0,169.09,156.0
8468685,2017,Henrik Lundqvist,56,3175.4333333333334,1620.0,140.05,146.0
8468685,2018,Henrik Lundqvist,63,3502.5333333333333,2037.0,164.03,174.0
8468685,2019,Henrik Lundqvist,52,3088.883333333333,1697.0,142.36,158.0
8468685,2020,Henrik Lundqvist,30,1597.8833333333334,885.0,80.75,84.0
8469152,2009,Ty Conklin,39,2162.2,1001.0,84.93,91.0
8469152,2010,Ty Conklin,26,1451.1833333333334,764.0,64.85,60.0
8469152,2011,Ty Conklin,25,1285.45,583.0,47.14,69.0
8469152,2012,Ty Conklin,15,804.5666666666667,378.0,34.56,44.0
8469461,2009,Pascal Leclaire,12,673.6666666666666,324.0,28.34,43.0
8469461,2010,Pascal Leclaire,34,1744.8,822.0,76.2,93.0
8469461,2011,Pascal Leclaire,14,763.05,391.0,37.84,36.0
8469514,2009,Peter Budaj,56,3191.866666666667,1531.0,136.02,154.0
8469514,2010,Peter Budaj,15,727.6166666666667,386.0,32.47,32.0
8469514,2011,Peter Budaj,45,2438.366666666667,1234.0,112.74,130.0
8469514,2012,Peter Budaj,17,1036.95,508.0,42.09,44.0
8469514,2013,Peter Budaj,13,656.4833333333333,274.0,21.26,25.0
8469514,2014,Peter Budaj,24,1338.2833333333333,615.0,54.31,56.0
8469514,2016,Peter Budaj,1,62.3,28.0,2.1,4.0
8469514,2017,Peter Budaj,60,3308.266666666667,1414.0,130.4,120.0
8469514,2018,Peter Budaj,8,430.4,217.0,21.11,27.0
8469514,2019,Peter Budaj,3,71.75,33.0,2.87,6.0
8469548,2010,Ray Emery,29,1683.55,784.0,79.69,74.0
8469548,2011,Ray Emery,10,527.3,272.0,21.84,20.0
8469548,2012,Ray Emery,34,1773.7833333333333,834.0,76.66,83.0
8469548,2013,Ray Emery,21,1116.0,460.0,42.22,36.0
8469548,2014,Ray Emery,28,1398.4166666666667,711.0,66.79,69.0
8469548,2015,Ray Emery,31,1569.5166666666667,758.0,71.29,80.0
8469569,2012,Drew MacIntyre,2,43.483333333333334,18.0,0.98,1.0
8469569,2014,Drew MacIntyre,2,94.58333333333333,51.0,4.56,4.0
8469608,2009,Mike Smith,41,2466.35,1282.0,105.61,108.0
8469608,2010,Mike Smith,42,2267.55,1165.0,107.62,117.0
8469608,2011,Mike Smith,22,1202.4833333333333,576.0,44.09,58.0
8469608,2012,Mike Smith,67,3903.2,2066.0,176.32,144.0
8469608,2013,Mike Smith,34,1955.55,938.0,82.68,84.0
8469608,2014,Mike Smith,62,3609.9666666666667,1871.0,168.52,159.0
8469608,2015,Mike Smith,62,3555.7833333333333,1955.0,171.57,187.0
8469608,2016,Mike Smith,32,1753.5,921.0,76.01,77.0
8469608,2017,Mike Smith,53,3077.2833333333333,1753.0,170.19,151.0
8469608,2018,Mike Smith,55,3190.6,1686.0,155.26,141.0
8469608,2019,Mike Smith,42,2400.5,1067.0,106.8,109.0
8469608,2020,Mike Smith,39,2138.0833333333335,1074.0,92.85,105.0
8469608,2021,Mike Smith,32,1846.55,921.0,85.42,71.0
8469608,2022,Mike Smith,28,1579.9666666666667,874.0,81.39,74.0
8469658,2009,Cristobal Huet,41,2330.9666666666667,1082.0,97.09,99.0
8469658,2010,Cristobal Huet,48,2730.0,1083.0,97.27,114.0
8469675,2009,Martin Gerber,26,1544.6666666666667,799.0,76.75,78.0
8469675,2011,Martin Gerber,3,185.0,95.0,10.15,4.0
8469732,2009,Joey MacDonald,49,2767.733333333333,1584.0,133.28,157.0
8469732,2010,Joey MacDonald,6,318.81666666666666,157.0,12.31,17.0
8469732,2011,Joey MacDonald,15,720.85,372.0,30.78,31.0
8469732,2012,Joey MacDonald,14,805.55,330.0,30.04,29.0
8469732,2013,Joey MacDonald,21,1128.4666666666667,563.0,51.89,55.0
8469732,2014,Joey MacDonald,11,598.75,264.0,22.51,29.0
8470074,2009,Jeff Deslauriers,10,534.6166666666667,302.0,28.43,30.0
8470074,2010,Jeff Deslauriers,48,2797.6,1529.0,144.97,152.0
8470074,2012,Jeff Deslauriers,4,241.2,113.0,11.28,11.0
8470090,2009,Fredrik Norrena,8,323.18333333333334,133.0,11.77,17.0
8470093,2009,Mike McKenna,15,775.85,406.0,34.46,46.0
8470093,2011,Mike McKenna,2,117.86666666666666,56.0,5.06,6.0
8470093,2014,Mike McKenna,4,219.0,114.0,9.93,11.0
8470093,2015,Mike McKenna,1,60.0,34.0,2.75,5.0
8470093,2018,Mike McKenna,2,101.33333333333333,50.0,3.95,5.0
8470093,2019,Mike McKenna,11,510.35,317.0,23.14,34.0
8470140,2009,Kari Lehtonen,46,2624.25,1498.0,129.82,134.0
8470140,2010,Kari Lehtonen,12,642.9666666666667,350.0,31.54,31.0
8470140,2011,Kari Lehtonen,69,4089.1833333333334,2043.0,173.43,175.0
8470140,2012,Kari Lehtonen,59,3476.8166666666666,1739.0,135.05,136.0
8470140,2013,Kari Lehtonen,36,1986.1833333333334,1050.0,108.12,88.0
8470140,2014,Kari Lehtonen,65,3803.983333333333,1888.0,180.27,153.0
8470140,2015,Kari Lehtonen,65,3697.6833333333334,1875.0,173.72,181.0
8470140,2016,Kari Lehtonen,43,2279.1833333333334,1121.0,101.59,105.0
8470140,2017,Kari Lehtonen,59,3177.15,1547.0,161.81,151.0
8470140,2018,Kari Lehtonen,37,1944.3,946.0,77.62,83.0
8470147,2009,Curtis McElhinney,13,454.26666666666665,241.0,22.22,27.0
8470147,2010,Curtis McElhinney,20,1018.8666666666667,523.0,45.65,51.0
8470147,2011,Curtis McElhinney,28,1394.8666666666666,721.0,68.22,74.0
8470147,2012,Curtis McElhinney,2,71.76666666666667,36.0,3.4,2.0
8470147,2014,Curtis McElhinney,28,1423.15,703.0,52.79,64.0
8470147,2015,Curtis McElhinney,32,1710.0166666666667,949.0,80.29,82.0
8470147,2016,Curtis McElhinney,18,835.4333333333333,417.0,43.92,46.0
8470147,2017,Curtis McElhinney,21,1134.65,616.0,58.93,51.0
8470147,2018,Curtis McElhinney,18,959.1166666666667,528.0,43.37,35.0
8470147,2019,Curtis McElhinney,33,1977.5166666666667,968.0,94.56,85.0
8470147,2020,Curtis McElhinney,18,1082.0166666666667,552.0,51.92,53.0
8470147,2021,Curtis McElhinney,12,719.3166666666667,296.0,26.49,37.0
8470216,2009,Josh Harding,19,849.8166666666667,453.0,36.66,32.0
8470216,2010,Josh Harding,25,1300.1833333333334,692.0,56.34,66.0
8470216,2012,Josh Harding,34,1849.8666666666666,981.0,86.91,81.0
8470216,2013,Josh Harding,5,185.08333333333334,73.0,4.55,10.0
8470216,2014,Josh Harding,29,1657.7166666666667,690.0,53.02,46.0
8470263,2011,David Leneveu,1,20.0,12.0,0.64,2.0
8470266,2009,Tobias Stephan,10,437.8666666666667,208.0,18.55,27.0
8470320,2009,Cam Ward,68,3908.05,1901.0,178.45,160.0
8470320,2010,Cam Ward,46,2586.266666666667,1371.0,137.86,117.0
8470320,2011,Cam Ward,74,4257.583333333333,2375.0,209.88,184.0
8470320,2012,Cam Ward,68,3985.8166666666666,2143.0,197.6,182.0
8470320,2013,Cam Ward,17,929.45,477.0,41.47,44.0
8470320,2014,Cam Ward,30,1645.2666666666667,824.0,75.87,84.0
8470320,2015,Cam Ward,51,3005.7166666666667,1351.0,116.51,121.0
8470320,2016,Cam Ward,52,3032.8333333333335,1343.0,126.72,122.0
8470320,2017,Cam Ward,61,3617.9166666666665,1711.0,149.12,162.0
8470320,2018,Cam Ward,43,2459.3333333333335,1187.0,99.43,112.0
8470320,2019,Cam Ward,33,1879.9666666666667,1114.0,101.88,116.0
8470584,2009,Wade Dubielewicz,3,168.63333333333333,77.0,5.64,10.0
8470584,2010,Wade Dubielewicz,3,100.51666666666667,34.0,2.87,5.0
8470594,2009,Marc-Andre Fleury,62,3636.516666666667,1850.0,154.13,162.0
8470594,2010,Marc-Andre Fleury,66,3733.2833333333333,1743.0,156.4,166.0
8470594,2011,Marc-Andre Fleury,65,3695.1666666666665,1742.0,143.09,143.0
8470594,2012,Marc-Andre Fleury,67,3891.2166666666667,1768.0,156.66,153.0
8470594,2013,Marc-Andre Fleury,33,1857.75,881.0,75.67,74.0
8470594,2014,Marc-Andre Fleury,64,3787.4166666666665,1774.0,145.9,150.0
8470594,2015,Marc-Andre Fleury,64,3774.983333333333,1831.0,165.24,146.0
8470594,2016,Marc-Andre Fleury,58,3462.55,1665.0,135.55,132.0
8470594,2017,Marc-Andre Fleury,38,2125.25,1181.0,107.42,107.0
8470594,2018,Marc-Andre Fleury,46,2653.4,1376.0,116.67,100.0
8470594,2019,Marc-Andre Fleury,61,3613.0833333333335,1746.0,160.14,154.0
8470594,2020,Marc-Andre Fleury,49,2861.133333333333,1398.0,126.68,133.0
8470594,2021,Marc-Andre Fleury,36,2146.6,989.0,88.92,71.0
8470594,2022,Marc-Andre Fleury,56,3284.866666666667,1732.0,141.39,159.0
8470594,2023,Marc-Andre Fleury,46,2654.2833333333333,1367.0,132.55,126.0
8470594,2024,Marc-Andre Fleury,40,2232.6666666666665,1056.0,99.89,111.0
8470594,2025,Marc-Andre Fleury,26,1390.2666666666667,670.0,59.92,68.0
8470645,2010,Corey Crawford,1,59.21666666666667,35.0,2.64,3.0
8470645,2011,Corey Crawford,57,3331.616666666667,1545.0,139.26,128.0
8470645,2012,Corey Crawford,57,3218.2166666666667,1507.0,125.82,146.0
8470645,2013,Corey Crawford,30,1760.5166666666667,769.0,63.77,57.0
8470645,2014,Corey Crawford,59,3395.016666666667,1533.0,125.71,128.0
8470645,2015,Corey Crawford,57,3311.3333333333335,1661.0,142.39,126.0
8470645,2016,Corey Crawford,58,3322.65,1719.0,147.94,131.0
8470645,2017,Corey Crawford,55,3246.866666666667,1691.0,146.85,138.0
8470645,2018,Corey Crawford,28,1583.5,842.0,71.17,60.0
8470645,2019,Corey Crawford,39,2212.85,1177.0,105.61,109.0
8470645,2020,Corey Crawford,40,2340.0833333333335,1296.0,112.02,109.0
8470657,2009,Jimmy Howard,1,58.6,28.0,2.18,4.0
8470657,2010,Jimmy Howard,63,3735.3,1849.0,150.69,141.0
8470657,2011,Jimmy Howard,63,3615.266666666667,1830.0,156.05,168.0
8470657,2012,Jimmy Howard,57,3360.2833333333333,1496.0,131.39,119.0
8470657,2013,Jimmy Howard,42,2445.733333333333,1129.0,97.46,87.0
8470657,2014,Jimmy Howard,51,3003.8,1482.0,126.07,133.0
8470657,2015,Jimmy Howard,53,2965.616666666667,1350.0,114.0,121.0
8470657,2016,Jimmy Howard,37,1973.8833333333334,979.0,85.07,92.0
8470657,2017,Jimmy Howard,26,1396.7166666666667,675.0,57.02,49.0
8470657,2018,Jimmy Howard,60,3367.616666666667,1770.0,153.92,160.0
8470657,2019,Jimmy Howard,55,3047.8,1710.0,158.56,156.0
8470657,2020,Jimmy Howard,27,1371.2666666666667,819.0,71.39,97.0
8470772,2009,Chris Holt,1,18.55,3.0,0.16,0.0
8470800,2010,Mike Brodeur,3,179.88333333333333,87.0,6.35,3.0
8470800,2011,Mike Brodeur,4,96.81666666666666,42.0,4.5,7.0
8470820,2010,Matt Zaba,1,33.71666666666667,16.0,1.5,2.0
8470860,2009,Jaroslav Halak,34,1930.8,1077.0,101.02,92.0
8470860,2010,Jaroslav Halak,45,2629.9333333333334,1386.0,124.58,105.0
8470860,2011,Jaroslav Halak,57,3294.366666666667,1518.0,139.3,136.0
8470860,2012,Jaroslav Halak,46,2746.616666666667,1211.0,103.37,90.0
8470860,2013,Jaroslav Halak,16,812.5833333333334,286.0,23.8,29.0
8470860,2014,Jaroslav Halak,52,2933.9,1385.0,118.22,110.0
8470860,2015,Jaroslav Halak,59,3529.95,1673.0,146.76,144.0
8470860,2016,Jaroslav Halak,36,2091.1833333333334,984.0,86.98,80.0
8470860,2017,Jaroslav Halak,28,1605.4833333333333,885.0,77.16,75.0
8470860,2018,Jaroslav Halak,54,3004.05,1744.0,146.4,161.0
8470860,2019,Jaroslav Halak,40,2288.1,1157.0,101.74,90.0
8470860,2020,Jaroslav Halak,31,1833.35,906.0,82.32,74.0
8470860,2021,Jaroslav Halak,19,1090.0166666666667,482.0,37.77,46.0
8470860,2022,Jaroslav Halak,17,796.7,400.0,38.96,39.0
8470860,2023,Jaroslav Halak,25,1453.9333333333334,680.0,67.09,66.0
8470880,2009,Brian Elliott,31,1667.0333333333333,786.0,68.85,77.0
8470880,2010,Brian Elliott,55,3037.9333333333334,1424.0,120.92,130.0
8470880,2011,Brian Elliott,55,2983.133333333333,1551.0,142.56,166.0
8470880,2012,Brian Elliott,38,2214.5833333333335,972.0,76.69,58.0
8470880,2013,Brian Elliott,24,1251.9333333333334,526.0,44.26,49.0
8470880,2014,Brian Elliott,31,1624.3166666666666,681.0,54.68,53.0
8470880,2015,Brian Elliott,46,2545.8,1150.0,95.61,96.0
8470880,2016,Brian Elliott,42,2263.0,1114.0,104.81,78.0
8470880,2017,Brian Elliott,49,2824.4166666666665,1340.0,123.04,121.0
8470880,2018,Brian Elliott,43,2522.0,1228.0,115.5,112.0
8470880,2019,Brian Elliott,26,1350.25,740.0,69.82,69.0
8470880,2020,Brian Elliott,31,1693.6666666666667,796.0,73.42,80.0
8470880,2021,Brian Elliott,30,1607.7166666666667,738.0,62.68,82.0
8470880,2022,Brian Elliott,19,1063.4166666666667,489.0,46.08,43.0
8470880,2023,Brian Elliott,22,1324.7333333333333,689.0,70.22,75.0
8471186,2009,Yann Danis,31,1760.1166666666666,933.0,87.6,84.0
8471186,2010,Yann Danis,12,467.31666666666666,207.0,19.7,16.0
8471186,2012,Yann Danis,1,32.43333333333333,12.0,1.26,2.0
8471186,2013,Yann Danis,3,110.25,59.0,5.81,7.0
8471186,2016,Yann Danis,2,50.5,18.0,2.59,4.0
8471219,2009,Al Montoya,5,259.46666666666664,120.0,10.52,9.0
8471219,2011,Al Montoya,20,1153.7833333333333,585.0,57.49,46.0
8471219,2012,Al Montoya,31,1719.7,832.0,81.81,89.0
8471219,2013,Al Montoya,7,351.35,168.0,14.74,17.0
8471219,2014,Al Montoya,28,1540.9,737.0,65.01,59.0
8471219,2015,Al Montoya,20,956.9333333333333,453.0,42.34,49.0
8471219,2016,Al Montoya,25,1351.2333333333333,608.0,53.52,49.0
8471219,2017,Al Montoya,19,1124.8833333333334,569.0,47.28,50.0
8471219,2018,Al Montoya,13,691.7333333333333,346.0,32.07,37.0
8471227,2010,Devan Dubnyk,19,1075.4333333333334,579.0,56.37,64.0
8471227,2011,Devan Dubnyk,35,2061.0666666666666,1103.0,99.31,93.0
8471227,2012,Devan Dubnyk,47,2653.45,1380.0,126.53,118.0
8471227,2013,Devan Dubnyk,38,2100.95,1133.0,101.82,90.0
8471227,2014,Devan Dubnyk,34,1801.6166666666666,945.0,80.88,103.0
8471227,2015,Devan Dubnyk,58,3303.2,1625.0,135.76,115.0
8471227,2016,Devan Dubnyk,67,3841.4,1829.0,150.24,150.0
8471227,2017,Devan Dubnyk,65,3753.0,1842.0,140.95,141.0
8471227,2018,Devan Dubnyk,60,3450.3166666666666,1769.0,137.29,145.0
8471227,2019,Devan Dubnyk,67,3834.383333333333,1877.0,148.66,165.0
8471227,2020,Devan Dubnyk,30,1664.1333333333334,846.0,72.43,93.0
8471227,2021,Devan Dubnyk,22,1182.3666666666666,602.0,48.89,63.0
8471230,2009,Marek Schwarz,2,15.383333333333333,5.0,0.14,0.0
8471239,2009,Cory Schneider,8,355.4,162.0,15.53,20.0
8471239,2010,Cory Schneider,2,78.7,59.0,6.05,5.0
8471239,2011,Cory Schneider,25,1371.7833333333333,714.0,69.32,51.0
8471239,2012,Cory Schneider,33,1832.8333333333333,945.0,77.05,60.0
8471239,2013,Cory Schneider,30,1733.3166666666666,835.0,67.38,61.0
8471239,2014,Cory Schneider,45,2679.9,1107.0,92.47,88.0
8471239,2015,Cory Schneider,69,3923.9333333333334,1982.0,166.23,148.0
8471239,2016,Cory Schneider,58,3404.5,1597.0,141.39,122.0
8471239,2017,Cory Schneider,60,3467.8333333333335,1781.0,159.44,163.0
8471239,2018,Cory Schneider,40,2312.25,1228.0,105.26,114.0
8471239,2019,Cory Schneider,26,1351.5333333333333,720.0,58.35,70.0
8471239,2020,Cory Schneider,13,679.2666666666667,355.0,32.56,41.0
8471239,2022,Cory Schneider,1,60.0,30.0,3.75,3.0
8471251,2010,Justin Peters,9,488.0,241.0,27.37,23.0
8471251,2011,Justin Peters,12,648.2833333333333,343.0,32.3,43.0
8471251,2012,Justin Peters,7,387.06666666666666,233.0,19.4,16.0
8471251,2013,Justin Peters,19,954.4,507.0,49.9,55.0
8471251,2014,Justin Peters,21,1225.3333333333333,626.0,54.73,51.0
8471251,2015,Justin Peters,12,646.9833333333333,294.0,28.19,35.0
8471251,2017,Justin Peters,3,132.91666666666666,70.0,5.54,7.0
8471301,2018,Jeff Glass,15,820.9,452.0,41.78,46.0
8471302,2009,Justin Pogge,7,371.7,173.0,14.75,27.0
8471305,2009,Daniel Lacosta,3,155.68333333333334,80.0,5.7,4.0
8471306,2010,Thomas Greiss,15,724.25,379.0,35.3,33.0
8471306,2012,Thomas Greiss,19,1042.7166666666667,472.0,34.91,40.0
8471306,2013,Thomas Greiss,6,308.2,153.0,12.8,13.0
8471306,2014,Thomas Greiss,25,1292.3333333333333,626.0,53.04,50.0
8471306,2015,Thomas Greiss,20,1154.6166666666666,546.0,43.42,50.0
8471306,2016,Thomas Greiss,41,2287.3166666666666,1197.0,102.18,90.0
8471306,2017,Thomas Greiss,51,2813.2833333333333,1453.0,132.05,126.0
8471306,2018,Thomas Greiss,27,1491.75,879.0,77.61,95.0
8471306,2019,Thomas Greiss,43,2253.4166666666665,1185.0,100.79,87.0
8471306,2020,Thomas Greiss,31,1575.9333333333334,838.0,63.53,73.0
8471306,2021,Thomas Greiss,34,1755.15,893.0,73.32,79.0
8471306,2022,Thomas Greiss,31,1508.2166666666667,842.0,78.5,92.0
8471306,2023,Thomas Greiss,21,1089.35,627.0,60.57,66.0
8471403,2009,Karri Ramo,24,1371.9,793.0,71.55,83.0
8471403,2014,Karri Ramo,40,2193.766666666667,1092.0,94.93,97.0
8471403,2015,Karri Ramo,34,1731.7833333333333,852.0,78.92,75.0
8471403,2016,Karri Ramo,37,2144.633333333333,1034.0,86.87,94.0
8471418,2010,Anton Khudobin,2,69.45,48.0,2.55,1.0
8471418,2011,Anton Khudobin,4,188.73333333333332,86.0,6.9,5.0
8471418,2012,Anton Khudobin,1,60.0,45.0,3.27,1.0
8471418,2013,Anton Khudobin,14,803.0,389.0,31.99,31.0
8471418,2014,Anton Khudobin,36,2084.3,1076.0,92.8,80.0
8471418,2015,Anton Khudobin,34,1900.35,875.0,77.89,87.0
8471418,2016,Anton Khudobin,9,356.3333333333333,175.0,18.21,16.0
8471418,2017,Anton Khudobin,16,864.7833333333333,406.0,38.88,39.0
8471418,2018,Anton Khudobin,31,1780.7166666666667,876.0,77.01,76.0
8471418,2019,Anton Khudobin,41,2220.116666666667,1230.0,100.61,95.0
8471418,2020,Anton Khudobin,30,1681.0666666666666,882.0,70.03,62.0
8471418,2021,Anton Khudobin,32,1794.6166666666666,800.0,65.99,76.0
8471418,2022,Anton Khudobin,9,462.46666666666664,232.0,19.57,28.0
8471418,2023,Anton Khudobin,1,60.0,28.0,3.34,6.0
8471433,2013,Daniel Taylor,2,120.0,68.0,4.92,6.0
8471433,2018,Daniel Taylor,1,58.483333333333334,34.0,2.83,4.0
8471469,2009,Pekka Rinne,52,2979.2,1435.0,117.1,119.0
8471469,2010,Pekka Rinne,58,3245.6833333333334,1541.0,132.15,137.0
8471469,2011,Pekka Rinne,64,3789.25,1905.0,149.82,134.0
8471469,2012,Pekka Rinne,73,4168.866666666667,2153.0,165.86,166.0
8471469,2013,Pekka Rinne,43,2423.766666666667,1101.0,86.14,99.0
8471469,2014,Pekka Rinne,24,1366.8166666666666,645.0,48.53,63.0
8471469,2015,Pekka Rinne,64,3850.7833333333333,1807.0,136.46,140.0
8471469,2016,Pekka Rinne,66,3895.366666666667,1745.0,136.44,161.0
8471469,2017,Pekka Rinne,61,3547.7833333333333,1757.0,145.61,144.0
8471469,2018,Pekka Rinne,59,3475.45,1841.0,153.95,134.0
8471469,2019,Pekka Rinne,56,3179.733333333333,1582.0,142.54,130.0
8471469,2020,Pekka Rinne,36,1967.7833333333333,1004.0,87.72,105.0
8471469,2021,Pekka Rinne,24,1310.4666666666667,664.0,52.26,62.0
8471679,2009,Carey Price,52,3005.6,1513.0,135.94,143.0
8471679,2010,Carey Price,41,2333.5666666666666,1244.0,107.59,109.0
8471679,2011,Carey Price,72,4206.15,2147.0,185.54,165.0
8471679,2012,Carey Price,65,3939.1,1914.0,168.07,160.0
8471679,2013,Carey Price,39,2229.016666666667,1018.0,86.74,97.0
8471679,2014,Carey Price,59,3464.366666666667,1828.0,153.29,134.0
8471679,2015,Carey Price,66,3976.55,1953.0,163.16,130.0
8471679,2016,Carey Price,12,698.3333333333334,365.0,27.8,24.0
8471679,2017,Carey Price,62,3708.133333333333,1794.0,156.05,138.0
8471679,2018,Carey Price,49,2854.616666666667,1487.0,118.64,148.0
8471679,2019,Carey Price,66,3881.983333333333,1953.0,166.51,163.0
8471679,2020,Carey Price,58,3439.8166666666666,1758.0,151.63,161.0
8471679,2021,Carey Price,25,1478.75,659.0,63.54,65.0
8471679,2022,Carey Price,5,297.5,148.0,13.19,18.0
8471695,2009,Tuukka Rask,1,59.96666666666667,35.0,1.76,0.0
8471695,2010,Tuukka Rask,45,2557.1833333333334,1221.0,100.21,84.0
8471695,2011,Tuukka Rask,29,1594.3833333333334,866.0,73.44,71.0
8471695,2012,Tuukka Rask,23,1289.4,621.0,49.22,44.0
8471695,2013,Tuukka Rask,36,2102.6833333333334,980.0,89.17,70.0
8471695,2014,Tuukka Rask,58,3386.45,1641.0,125.08,115.0
8471695,2015,Tuukka Rask,70,4063.016666666667,2011.0,160.02,156.0
8471695,2016,Tuukka Rask,64,3678.05,1855.0,166.84,157.0
8471695,2017,Tuukka Rask,65,3659.5833333333335,1612.0,136.61,137.0
8471695,2018,Tuukka Rask,54,3173.0833333333335,1514.0,131.41,125.0
8471695,2019,Tuukka Rask,46,2634.4666666666667,1247.0,107.87,110.0
8471695,2020,Tuukka Rask,41,2401.7833333333333,1190.0,102.68,85.0
8471695,2021,Tuukka Rask,24,1396.45,611.0,56.64,53.0
8471695,2022,Tuukka Rask,4,196.35,90.0,9.56,14.0
8471712,2013,Jeff Frazee,1,18.6,3.0,0.32,0.0
8471715,2009,Ondrej Pavelec,12,599.4166666666666,301.0,27.39,36.0
8471715,2010,Ondrej Pavelec,42,2312.5833333333335,1353.0,127.65,127.0
8471715,2011,Ondrej Pavelec,58,3225.2166666666667,1705.0,149.53,147.0
8471715,2012,Ondrej Pavelec,68,3932.4333333333334,2036.0,188.06,191.0
8471715,2013,Ondrej Pavelec,44,2552.7166666666667,1251.0,106.13,119.0
8471715,2014,Ondrej Pavelec,57,3247.9666666666667,1644.0,157.27,163.0
8471715,2015,Ondrej Pavelec,50,2837.85,1353.0,126.45,108.0
8471715,2016,Ondrej Pavelec,33,1899.0166666666667,918.0,91.5,88.0
8471715,2017,Ondrej Pavelec,8,439.5,233.0,20.62,26.0
8471715,2018,Ondrej Pavelec,19,903.7,510.0,43.72,46.0
8471734,2009,Jonathan Quick,44,2484.9,1200.0,110.7,103.0
8471734,2010,Jonathan Quick,72,4218.45,1928.0,182.73,180.0
8471734,2011,Jonathan Quick,61,3590.5666666666666,1631.0,139.18,134.0
8471734,2012,Jonathan Quick,69,4099.433333333333,1863.0,164.79,133.0
8471734,2013,Jonathan Quick,37,2133.7,889.0,78.97,87.0
8471734,2014,Jonathan Quick,49,2894.75,1183.0,110.18,100.0
8471734,2015,Jonathan Quick,72,4180.116666666667,1896.0,163.61,156.0
8471734,2016,Jonathan Quick,68,4034.483333333333,1820.0,169.67,149.0
8471734,2017,Jonathan Quick,17,930.95,421.0,44.19,35.0
8471734,2018,Jonathan Quick,64,3657.0833333333335,1867.0,170.72,147.0
8471734,2019,Jonathan Quick,46,2587.1833333333334,1330.0,125.71,150.0
8471734,2020,Jonathan Quick,42,2515.883333333333,1224.0,105.09,118.0
8471734,2021,Jonathan Quick,22,1218.8166666666666,566.0,52.23,58.0
8471734,2022,Jonathan Quick,46,2685.866666666667,1286.0,133.8,116.0
8471734,2023,Jonathan Quick,41,2234.75,1080.0,109.83,127.0
8471734,2024,Jonathan Quick,27,1582.7333333333333,771.0,78.84,69.0
8471734,2025,Jonathan Quick,24,1325.6833333333334,657.0,64.62,70.0
8471734,2026,Jonathan Quick,25,1418.0,671.0,66.61,73.0
8471750,2009,Ben Bishop,6,244.98333333333332,112.0,9.98,12.0
8471750,2011,Ben Bishop,7,368.81666666666666,168.0,14.06,17.0
8471750,2012,Ben Bishop,10,531.65,243.0,19.27,22.0
8471750,2013,Ben Bishop,22,1255.6333333333334,701.0,63.17,56.0
8471750,2014,Ben Bishop,63,3586.35,1759.0,148.86,133.0
8471750,2015,Ben Bishop,62,3499.0,1620.0,150.3,136.0
8471750,2016,Ben Bishop,61,3579.633333333333,1673.0,137.23,123.0
8471750,2017,Ben Bishop,39,2222.616666666667,1040.0,93.75,94.0
8471750,2018,Ben Bishop,52,2828.0,1415.0,119.02,117.0
8471750,2019,Ben Bishop,46,2633.5,1322.0,104.82,89.0
8471750,2020,Ben Bishop,44,2473.8166666666666,1283.0,103.16,103.0
8471774,2011,Alex Stalock,1,29.783333333333335,9.0,0.95,0.0
8471774,2013,Alex Stalock,2,41.81666666666667,13.0,1.1,2.0
8471774,2014,Alex Stalock,24,1251.7166666666667,571.0,40.64,39.0
8471774,2015,Alex Stalock,22,1236.5,553.0,53.47,54.0
8471774,2016,Alex Stalock,13,674.1333333333333,285.0,23.94,33.0
8471774,2017,Alex Stalock,2,118.91666666666667,54.0,4.16,3.0
8471774,2018,Alex Stalock,28,1495.2666666666667,787.0,63.73,71.0
8471774,2019,Alex Stalock,21,1045.3333333333333,520.0,44.83,53.0
8471774,2020,Alex Stalock,38,2176.9666666666667,1082.0,85.57,97.0
8471774,2022,Alex Stalock,1,46.11666666666667,28.0,2.46,6.0
8471774,2023,Alex Stalock,27,1475.3333333333333,804.0,71.79,74.0
8471781,2010,Jeremy Duchesne,1,16.733333333333334,4.0,0.27,1.0
8471822,2012,Brian Foster,1,4.866666666666666,1.0,0.07,0.0
8473404,2009,Niklas Backstrom,71,4082.1666666666665,2059.0,160.38,159.0
8473404,2010,Niklas Backstrom,60,3469.383333333333,1632.0,129.6,158.0
8473404,2011,Niklas Backstrom,51,2977.55,1566.0,137.94,132.0
8473404,2012,Niklas Backstrom,46,2589.6833333333334,1299.0,108.13,105.0
8473404,2013,Niklas Backstrom,42,2348.133333333333,1072.0,87.68,98.0
8473404,2014,Niklas Backstrom,21,1094.1166666666666,546.0,44.74,55.0
8473404,2015,Niklas Backstrom,19,1004.8833333333333,452.0,36.67,51.0
8473404,2016,Niklas Backstrom,4,232.71666666666667,109.0,10.48,13.0
8473414,2012,Leland Irving,7,394.4166666666667,239.0,18.6,21.0
8473414,2013,Leland Irving,6,270.06666666666666,128.0,11.17,15.0
8473434,2010,Chad Johnson,5,280.71666666666664,135.0,11.41,11.0
8473434,2011,Chad Johnson,1,20.0,11.0,1.13,2.0
8473434,2013,Chad Johnson,4,246.61666666666667,108.0,9.2,5.0
8473434,2014,Chad Johnson,27,1510.8166666666666,708.0,63.12,53.0
8473434,2015,Chad Johnson,19,1052.8166666666666,488.0,42.88,54.0
8473434,2016,Chad Johnson,45,2591.0833333333335,1271.0,112.51,102.0
8473434,2017,Chad Johnson,36,2013.2,969.0,94.7,87.0
8473434,2018,Chad Johnson,36,1773.5333333333333,963.0,86.4,105.0
8473434,2019,Chad Johnson,19,790.4833333333333,404.0,34.41,49.0
8473461,2009,Steve Mason,61,3661.85,1658.0,134.99,140.0
8473461,2010,Steve Mason,57,3140.3,1614.0,127.82,163.0
8473461,2011,Steve Mason,54,3026.5,1541.0,123.35,153.0
8473461,2012,Steve Mason,46,2533.6833333333334,1355.0,102.11,143.0
8473461,2013,Steve Mason,20,1090.15,561.0,42.43,47.0
8473461,2014,Steve Mason,61,3485.6,1751.0,142.19,145.0
8473461,2015,Steve Mason,51,2885.383333333333,1490.0,126.99,108.0
8473461,2016,Steve Mason,54,3150.4333333333334,1602.0,148.81,132.0
8473461,2017,Steve Mason,58,3224.616666666667,1556.0,142.89,143.0
8473461,2018,Steve Mason,13,684.8833333333333,392.0,34.16,37.0
8473474,2009,Riku Helenius,1,6.866666666666666,2.0,0.09,0.0
8473499,2014,Reto Berra,31,1720.2333333333333,820.0,70.61,88.0
8473499,2015,Reto Berra,19,728.45,403.0,34.8,33.0
8473499,2016,Reto Berra,14,720.7166666666667,374.0,30.9,29.0
8473499,2017,Reto Berra,7,313.1166666666667,145.0,14.83,18.0
8473499,2018,Reto Berra,5,181.95,95.0,8.25,7.0
8473503,2011,James Reimer,37,2080.15,1134.0,100.34,90.0
8473503,2012,James Reimer,34,1879.25,974.0,92.84,97.0
8473503,2013,James Reimer,33,1856.15,995.0,87.51,76.0
8473503,2014,James Reimer,36,1784.65,1095.0,98.59,98.0
8473503,2015,James Reimer,35,1766.8833333333334,1001.0,90.85,93.0
8473503,2016,James Reimer,40,2290.45,1128.0,99.11,88.0
8473503,2017,James Reimer,42,2259.5833333333335,1187.0,100.85,96.0
8473503,2018,James Reimer,44,2411.4166666666665,1373.0,119.59,120.0
8473503,2019,James Reimer,36,1805.1833333333334,925.0,81.32,93.0
8473503,2020,James Reimer,25,1378.3833333333334,712.0,65.96,61.0
8473503,2021,James Reimer,22,1331.1,627.0,52.62,59.0
8473503,2022,James Reimer,48,2672.6833333333334,1450.0,129.12,129.0
8473503,2023,James Reimer,43,2538.0,1335.0,135.69,147.0
8473503,2024,James Reimer,25,1352.6833333333334,727.0,69.75,70.0
8473503,2025,James Reimer,24,1362.8333333333333,664.0,77.01,69.0
8473503,2026,James Reimer,14,817.7833333333333,289.0,32.32,33.0
8473523,2010,Jhonas Enroth,1,58.3,37.0,2.83,4.0
8473523,2011,Jhonas Enroth,14,769.4,377.0,32.7,35.0
8473523,2012,Jhonas Enroth,26,1399.25,756.0,63.06,63.0
8473523,2013,Jhonas Enroth,12,623.4333333333333,332.0,24.82,27.0
8473523,2014,Jhonas Enroth,28,1574.2333333333333,834.0,73.46,74.0
8473523,2015,Jhonas Enroth,50,2833.6,1504.0,133.9,145.0
8473523,2016,Jhonas Enroth,16,856.3,399.0,37.23,31.0
8473523,2017,Jhonas Enroth,6,274.43333333333334,141.0,14.09,18.0
8473532,2011,Mark Dekanich,1,49.983333333333334,25.0,1.95,3.0
8473541,2010,Jonathan Bernier,3,180.0,94.0,8.63,4.0
8473541,2011,Jonathan Bernier,25,1378.25,652.0,51.94,57.0
8473541,2012,Jonathan Bernier,16,890.2,383.0,33.13,35.0
8473541,2013,Jonathan Bernier,14,768.35,306.0,24.96,24.0
8473541,2014,Jonathan Bernier,55,3078.5666666666666,1787.0,156.26,138.0
8473541,2015,Jonathan Bernier,58,3177.15,1735.0,164.07,152.0
8473541,2016,Jonathan Bernier,38,2146.766666666667,1114.0,102.46,103.0
8473541,2017,Jonathan Bernier,39,1993.1833333333334,982.0,81.91,83.0
8473541,2018,Jonathan Bernier,36,1941.3833333333334,1065.0,82.43,94.0
8473541,2019,Jonathan Bernier,35,1839.9,1027.0,94.12,100.0
8473541,2020,Jonathan Bernier,46,2546.35,1354.0,131.56,127.0
8473541,2021,Jonathan Bernier,24,1306.45,757.0,65.92,65.0
8473541,2022,Jonathan Bernier,10,510.1,264.0,24.82,26.0
8473553,2014,Jeff Zatkoff,20,1171.3666666666666,582.0,47.97,51.0
8473553,2015,Jeff Zatkoff,1,36.75,17.0,1.59,1.0
8473553,2016,Jeff Zatkoff,14,732.05,408.0,31.02,34.0
8473553,2017,Jeff Zatkoff,13,550.4,223.0,17.61,27.0
8473575,2009,Semyon Varlamov,6,328.55,159.0,15.96,13.0
8473575,2010,Semyon Varlamov,26,1527.4333333333334,718.0,66.23,65.0
8473575,2011,Semyon Varlamov,27,1560.05,759.0,66.83,58.0
8473575,2012,Semyon Varlamov,53,3151.35,1564.0,134.73,136.0
8473575,2013,Semyon Varlamov,35,1949.65,1007.0,90.09,98.0
8473575,2014,Semyon Varlamov,63,3619.766666666667,2013.0,172.67,146.0
8473575,2015,Semyon Varlamov,57,3286.8333333333335,1791.0,157.82,141.0
8473575,2016,Semyon Varlamov,57,3159.4166666666665,1714.0,151.09,148.0
8473575,2017,Semyon Varlamov,24,1347.7833333333333,745.0,65.46,76.0
8473575,2018,Semyon Varlamov,51,2861.05,1595.0,133.84,128.0
8473575,2019,Semyon Varlamov,49,2820.4666666666667,1497.0,132.24,137.0
8473575,2020,Semyon Varlamov,45,2513.0833333333335,1277.0,113.16,111.0
8473575,2021,Semyon Varlamov,36,2116.9333333333334,1020.0,74.69,72.0
8473575,2022,Semyon Varlamov,31,1792.2833333333333,979.0,87.7,87.0
8473575,2023,Semyon Varlamov,23,1334.7333333333333,689.0,63.55,60.0
8473575,2024,Semyon Varlamov,28,1594.7333333333333,837.0,78.14,69.0
8473575,2025,Semyon Varlamov,10,602.4,262.0,28.34,29.0
8473607,2009,Michal Neuvirth,5,219.88333333333333,102.0,7.95,11.0
8473607,2010,Michal Neuvirth,17,872.2166666666667,464.0,40.97,40.0
8473607,2011,Michal Neuvirth,48,2644.483333333333,1283.0,109.94,110.0
8473607,2012,Michal Neuvirth,38,2000.05,976.0,76.03,95.0
8473607,2013,Michal Neuvirth,13,723.1333333333333,367.0,31.53,33.0
8473607,2014,Michal Neuvirth,15,884.0,517.0,50.5,41.0
8473607,2015,Michal Neuvirth,32,1849.75,1067.0,94.68,92.0
8473607,2016,Michal Neuvirth,32,1825.5166666666667,908.0,79.56,69.0
8473607,2017,Michal Neuvirth,28,1363.6333333333334,586.0,53.16,64.0
8473607,2018,Michal Neuvirth,21,1038.7166666666667,530.0,47.82,45.0
8473607,2019,Michal Neuvirth,7,365.6333333333333,184.0,16.76,26.0
8473614,2011,Richard Bachman,1,9.583333333333334,4.0,0.52,0.0
8473614,2012,Richard Bachman,18,928.0833333333334,477.0,40.24,43.0
8473614,2013,Richard Bachman,13,608.8333333333334,288.0,26.62,33.0
8473614,2014,Richard Bachman,3,133.71666666666667,83.0,6.84,7.0
8473614,2015,Richard Bachman,6,316.71666666666664,168.0,17.95,15.0
8473614,2016,Richard Bachman,1,59.86666666666667,31.0,2.35,3.0
8473614,2017,Richard Bachman,5,295.18333333333334,162.0,14.88,13.0
8473614,2019,Richard Bachman,1,60.0,29.0,1.74,6.0
8473632,2009,Josh Tordjman,2,117.7,62.0,4.87,8.0
8473638,2011,Cedrick Desjardins,2,120.31666666666666,63.0,3.52,2.0
8473638,2013,Cedrick Desjardins,3,160.1,73.0,8.35,8.0
8473638,2014,Cedrick Desjardins,1,18.033333333333335,13.0,1.03,2.0
8473972,2009,Jonas Hiller,46,2480.383333333333,1217.0,108.72,99.0
8473972,2010,Jonas Hiller,59,3317.733333333333,1860.0,171.31,152.0
8473972,2011,Jonas Hiller,49,2671.5333333333333,1493.0,134.72,114.0
8473972,2012,Jonas Hiller,73,4247.516666666666,2021.0,170.86,182.0
8473972,2013,Jonas Hiller,26,1498.3166666666666,675.0,57.74,59.0
8473972,2014,Jonas Hiller,50,2908.8,1349.0,121.08,120.0
8473972,2015,Jonas Hiller,52,2850.883333333333,1376.0,121.04,113.0
8473972,2016,Jonas Hiller,26,1350.8666666666666,654.0,61.66,79.0
8473975,2009,Erik Ersberg,28,1477.0,651.0,61.24,65.0
8473975,2010,Erik Ersberg,11,551.0166666666667,234.0,22.9,22.0
8474057,2012,Allen York,11,416.7,199.0,14.71,16.0
8474092,2017,Jeremy Smith,10,542.7166666666667,286.0,24.72,32.0
8474152,2015,Scott Darling,14,832.5166666666667,419.0,34.47,27.0
8474152,2016,Scott Darling,29,1556.5333333333333,784.0,66.76,67.0
8474152,2017,Scott Darling,32,1688.5833333333333,877.0,74.89,67.0
8474152,2018,Scott Darling,43,2475.116666666667,1171.0,102.82,131.0
8474152,2019,Scott Darling,8,485.56666666666666,232.0,21.26,27.0
8474194,2011,Timo Pielmeier,1,40.0,12.0,1.67,5.0
8474202,2009,John Curry,3,149.75,69.0,6.87,6.0
8474202,2010,John Curry,1,24.483333333333334,14.0,1.41,5.0
8474202,2014,John Curry,2,79.63333333333334,57.0,5.28,4.0
8474202,2015,John Curry,2,69.06666666666666,25.0,1.96,5.0
8474488,2009,Matt Climie,3,184.26666666666668,85.0,8.65,9.0
8474488,2010,Matt Climie,1,60.0,38.0,3.2,5.0
8474488,2011,Matt Climie,1,32.4,16.0,1.17,1.0
8474550,2009,Antti Niemi,3,141.31666666666666,59.0,4.88,8.0
8474550,2010,Antti Niemi,39,2185.9166666666665,936.0,85.17,82.0
8474550,2011,Antti Niemi,60,3523.9,1741.0,137.68,140.0
8474550,2012,Antti Niemi,68,3915.766666666667,1865.0,154.47,159.0
8474550,2013,Antti Niemi,43,2580.766666666667,1220.0,99.67,93.0
8474550,2014,Antti Niemi,64,3720.2833333333333,1706.0,140.79,149.0
8474550,2015,Antti Niemi,61,3567.9,1811.0,165.46,155.0
8474550,2016,Antti Niemi,48,2634.383333333333,1246.0,118.08,118.0
8474550,2017,Antti Niemi,37,1728.5,881.0,87.62,95.0
8474550,2018,Antti Niemi,24,1213.1,710.0,67.24,63.0
8474550,2019,Antti Niemi,17,963.8,539.0,44.38,60.0
8474591,2011,Tom McCollum,1,14.616666666666667,8.0,1.48,3.0
8474591,2015,Tom McCollum,2,65.9,25.0,2.89,1.0
8474593,2011,Jacob Markstrom,1,39.81666666666667,14.0,1.3,2.0
8474593,2012,Jacob Markstrom,7,383.25,222.0,19.04,17.0
8474593,2013,Jacob Markstrom,23,1265.75,685.0,58.95,68.0
8474593,2014,Jacob Markstrom,16,813.35,361.0,33.87,46.0
8474593,2015,Jacob Markstrom,3,77.63333333333334,33.0,2.9,4.0
8474593,2016,Jacob Markstrom,32,1847.4333333333334,988.0,91.19,84.0
8474593,2017,Jacob Markstrom,25,1411.8333333333333,693.0,64.71,62.0
8474593,2018,Jacob Markstrom,60,3413.7166666666667,1747.0,147.81,154.0
8474593,2019,Jacob Markstrom,60,3579.133333333333,1893.0,164.37,166.0
8474593,2020,Jacob Markstrom,43,2552.8166666666666,1409.0,118.03,117.0
8474593,2021,Jacob Markstrom,43,2486.55,1161.0,101.74,111.0
8474593,2022,Jacob Markstrom,63,3695.8333333333335,1754.0,147.84,137.0
8474593,2023,Jacob Markstrom,59,3410.8333333333335,1542.0,162.9,166.0
8474593,2024,Jacob Markstrom,48,2831.116666666667,1379.0,144.7,131.0
8474593,2025,Jacob Markstrom,49,2903.016666666667,1214.0,124.43,121.0
8474593,2026,Jacob Markstrom,44,2544.016666666667,1113.0,118.07,130.0
8474596,2013,Jake Allen,15,803.8833333333333,346.0,30.87,33.0
8474596,2015,Jake Allen,37,2076.8,909.0,79.64,79.0
8474596,2016,Jake Allen,47,2583.366666666667,1261.0,104.62,101.0
8474596,2017,Jake Allen,61,3418.3166666666666,1620.0,130.69,138.0
8474596,2018,Jake Allen,59,3298.25,1614.0,132.05,152.0
8474596,2019,Jake Allen,46,2543.3166666666666,1276.0,111.2,121.0
8474596,2020,Jake Allen,24,1301.75,631.0,53.19,49.0
8474596,2021,Jake Allen,29,1682.6,818.0,78.27,76.0
8474596,2022,Jake Allen,35,1947.6666666666667,1123.0,104.85,107.0
8474596,2023,Jake Allen,42,2450.4166666666665,1335.0,143.07,145.0
8474596,2024,Jake Allen,34,1986.8833333333334,1087.0,112.08,114.0
8474596,2025,Jake Allen,31,1738.1666666666667,821.0,95.42,77.0
8474596,2026,Jake Allen,37,2186.5666666666666,1032.0,106.35,100.0
8474636,2014,Michael Hutchinson,3,183.03333333333333,88.0,6.37,5.0
8474636,2015,Michael Hutchinson,38,2118.366666666667,986.0,89.21,85.0
8474636,2016,Michael Hutchinson,30,1585.95,805.0,68.62,75.0
8474636,2017,Michael Hutchinson,28,1378.3333333333333,691.0,59.46,67.0
8474636,2018,Michael Hutchinson,3,128.75,75.0,6.21,7.0
8474636,2019,Michael Hutchinson,9,496.1666666666667,239.0,19.28,27.0
8474636,2020,Michael Hutchinson,16,861.4833333333333,440.0,44.26,50.0
8474636,2021,Michael Hutchinson,8,421.8666666666667,211.0,15.58,17.0
8474636,2022,Michael Hutchinson,2,78.71666666666667,42.0,4.09,6.0
8474636,2023,Michael Hutchinson,16,755.45,433.0,47.2,54.0
8474636,2024,Michael Hutchinson,1,57.8,36.0,2.98,3.0
8474651,2011,Braden Holtby,14,735.9833333333333,332.0,28.05,22.0
8474651,2012,Braden Holtby,7,360.56666666666666,192.0,17.09,15.0
8474651,2013,Braden Holtby,36,2089.233333333333,1123.0,92.77,90.0
8474651,2014,Braden Holtby,48,2656.3333333333335,1475.0,127.04,126.0
8474651,2015,Braden Holtby,73,4227.483333333334,2044.0,175.45,157.0
8474651,2016,Braden Holtby,66,3841.1833333333334,1803.0,165.28,141.0
8474651,2017,Braden Holtby,62,3620.6833333333334,1661.0,161.31,126.0
8474651,2018,Braden Holtby,54,3067.8,1648.0,148.58,153.0
8474651,2019,Braden Holtby,59,3406.633333333333,1795.0,171.45,160.0
8474651,2020,Braden Holtby,48,2745.3166666666666,1381.0,124.79,142.0
8474651,2021,Braden Holtby,21,1260.4833333333333,695.0,65.58,77.0
8474651,2022,Braden Holtby,24,1318.4666666666667,700.0,61.67,61.0
8474667,2018,Harri Sateri,8,432.6,243.0,17.37,22.0
8474667,2022,Harri Sateri,6,298.3666666666667,157.0,18.59,21.0
8474682,2010,Dustin Tokarski,2,44.35,16.0,1.65,3.0
8474682,2012,Dustin Tokarski,5,243.58333333333334,116.0,11.26,14.0
8474682,2014,Dustin Tokarski,3,163.1,93.0,8.98,5.0
8474682,2015,Dustin Tokarski,17,999.9666666666667,509.0,44.44,46.0
8474682,2016,Dustin Tokarski,6,226.16666666666666,98.0,7.93,12.0
8474682,2017,Dustin Tokarski,1,9.783333333333333,5.0,0.18,0.0
8474682,2021,Dustin Tokarski,13,729.4333333333333,447.0,36.38,43.0
8474682,2022,Dustin Tokarski,29,1671.4333333333334,900.0,80.26,91.0
8474682,2023,Dustin Tokarski,4,209.4,117.0,13.17,12.0
8474682,2025,Dustin Tokarski,6,358.31666666666666,132.0,11.75,13.0
8474690,2011,Kevin Poulin,10,491.31666666666666,262.0,22.0,20.0
8474690,2012,Kevin Poulin,6,296.3,162.0,13.65,15.0
8474690,2013,Kevin Poulin,5,257.6166666666667,122.0,11.21,13.0
8474690,2014,Kevin Poulin,28,1625.3166666666666,820.0,72.91,89.0
8474690,2015,Kevin Poulin,1,65.0,26.0,2.15,3.0
8474708,2010,Alexander Pechurskiy,1,35.516666666666666,13.0,1.02,1.0
8474729,2012,Mike Murphy,2,36.1,9.0,0.73,0.0
8474754,2014,Joacim Eriksson,1,36.03333333333333,31.0,4.28,6.0
8474765,2011,Anders Lindback,22,1131.05,576.0,47.08,49.0
8474765,2012,Anders Lindback,16,792.4166666666666,364.0,33.13,32.0
8474765,2013,Anders Lindback,24,1304.1833333333334,642.0,58.98,63.0
8474765,2014,Anders Lindback,23,1302.3166666666666,580.0,58.18,63.0
8474765,2015,Anders Lindback,26,1407.9666666666667,798.0,61.78,73.0
8474765,2016,Anders Lindback,19,906.1333333333333,443.0,36.7,47.0
8474771,2009,Peter Mannino,3,132.88333333333333,87.0,9.72,10.0
8474771,2011,Peter Mannino,2,72.78333333333333,36.0,4.21,5.0
8474771,2012,Peter Mannino,1,19.85,4.0,0.28,0.0
8474855,2011,Nathan Lawson,10,384.31666666666666,243.0,23.87,26.0
8474855,2014,Nathan Lawson,1,11.866666666666667,10.0,0.5,2.0
8474889,2014,Martin Jones,19,1094.6666666666667,500.0,45.35,33.0
8474889,2015,Martin Jones,15,775.3666666666667,307.0,28.37,29.0
8474889,2016,Martin Jones,65,3780.866666666667,1734.0,147.81,143.0
8474889,2017,Martin Jones,64,3739.05,1692.0,159.08,150.0
8474889,2018,Martin Jones,60,3395.733333333333,1700.0,145.03,145.0
8474889,2019,Martin Jones,62,3556.7833333333333,1698.0,153.41,176.0
8474889,2020,Martin Jones,41,2339.1666666666665,1140.0,100.89,118.0
8474889,2021,Martin Jones,34,1868.4166666666667,980.0,83.11,102.0
8474889,2022,Martin Jones,35,1997.1333333333334,1141.0,104.58,114.0
8474889,2023,Martin Jones,48,2625.65,1147.0,124.08,131.0
8474889,2024,Martin Jones,22,1169.6666666666667,574.0,62.3,56.0
8475080,2010,Johan Backlund,1,40.0,24.0,2.45,2.0
8475097,2012,Brad Thiessen,5,257.73333333333335,113.0,10.19,16.0
8475130,2010,Alexander Salak,2,66.58333333333333,40.0,4.56,6.0
8475156,2011,Mikko Koskinen,4,207.85,118.0,17.02,15.0
8475156,2019,Mikko Koskinen,55,2972.0333333333333,1549.0,140.1,147.0
8475156,2020,Mikko Koskinen,38,2099.6,1170.0,96.87,97.0
8475156,2021,Mikko Koskinen,26,1437.65,756.0,65.82,76.0
8475156,2022,Mikko Koskinen,45,2628.633333333333,1397.0,129.16,136.0
8475195,2012,Anders Nilsson,4,217.8,112.0,10.07,10.0
8475195,2014,Anders Nilsson,19,1096.1666666666667,548.0,55.83,57.0
8475195,2016,Anders Nilsson,29,1500.5833333333333,789.0,72.04,78.0
8475195,2017,Anders Nilsson,26,1484.25,858.0,77.75,66.0
8475195,2018,Anders Nilsson,27,1463.6833333333334,850.0,73.16,84.0
8475195,2019,Anders Nilsson,36,2019.6333333333334,1099.0,94.04,102.0
8475195,2020,Anders Nilsson,20,1093.2333333333333,628.0,50.51,58.0
8475215,2011,Robin Lehner,8,340.8666666666667,178.0,15.32,20.0
8475215,2012,Robin Lehner,5,299.1166666666667,154.0,14.31,10.0
8475215,2013,Robin Lehner,12,734.8,424.0,31.05,27.0
8475215,2014,Robin Lehner,36,1922.1666666666667,1141.0,91.66,99.0
8475215,2015,Robin Lehner,25,1466.5833333333333,779.0,59.23,74.0
8475215,2016,Robin Lehner,21,1144.0833333333333,635.0,47.65,48.0
8475215,2017,Robin Lehner,59,3405.4666666666667,1912.0,152.51,152.0
8475215,2018,Robin Lehner,53,2852.016666666667,1561.0,128.94,143.0
8475215,2019,Robin Lehner,46,2594.766666666667,1322.0,108.82,93.0
8475215,2020,Robin Lehner,36,2055.5,1233.0,101.31,99.0
8475215,2021,Robin Lehner,19,1135.3166666666666,505.0,48.53,44.0
8475215,2022,Robin Lehner,44,2546.65,1289.0,126.07,120.0
8475234,2016,J.F. Berube,7,398.7,210.0,20.18,18.0
8475234,2017,J-F Berube,14,526.8166666666667,271.0,20.19,30.0
8475234,2018,J-F Berube,13,667.3833333333333,398.0,37.09,42.0
8475234,2022,J-F Berube,6,305.8833333333333,209.0,19.63,21.0
8475252,2012,Matt Hackett,12,535.5666666666667,282.0,24.97,22.0
8475252,2013,Matt Hackett,1,59.2,33.0,3.49,5.0
8475252,2014,Matt Hackett,8,426.1,239.0,20.08,22.0
8475252,2015,Matt Hackett,5,250.25,155.0,12.05,18.0
8475277,2019,Edward Pasquale,3,181.96666666666667,102.0,9.34,12.0
8475299,2014,Joni Ortio,9,500.9166666666667,193.0,20.98,21.0
8475299,2015,Joni Ortio,6,333.28333333333336,153.0,12.81,14.0
8475299,2016,Joni Ortio,22,1195.55,564.0,50.24,55.0
8475303,2014,Connor Knapp,2,76.51666666666667,32.0,2.96,4.0
8475311,2013,Darcy Kuemper,6,288.3,119.0,10.01,10.0
8475311,2014,Darcy Kuemper,26,1480.2333333333333,702.0,56.28,60.0
8475311,2015,Darcy Kuemper,31,1548.7166666666667,719.0,59.11,68.0
8475311,2016,Darcy Kuemper,21,1063.4,507.0,43.07,43.0
8475311,2017,Darcy Kuemper,18,1053.0333333333333,562.0,44.5,55.0
8475311,2018,Darcy Kuemper,29,1595.8833333333334,833.0,74.31,67.0
8475311,2019,Darcy Kuemper,55,3251.2,1676.0,135.21,127.0
8475311,2020,Darcy Kuemper,29,1753.5833333333333,898.0,73.65,66.0
8475311,2021,Darcy Kuemper,27,1546.6166666666666,713.0,65.78,66.0
8475311,2022,Darcy Kuemper,57,3258.75,1755.0,158.97,138.0
8475311,2023,Darcy Kuemper,57,3223.7833333333333,1675.0,162.76,154.0
8475311,2024,Darcy Kuemper,33,1866.5333333333333,940.0,98.21,103.0
8475311,2025,Darcy Kuemper,50,2973.65,1268.0,122.51,100.0
8475311,2026,Darcy Kuemper,50,2887.983333333333,1234.0,128.23,134.0
8475361,2010,Jonas Gustavsson,42,2339.6,1146.0,102.18,112.0
8475361,2011,Jonas Gustavsson,23,1242.1166666666666,620.0,55.94,68.0
8475361,2012,Jonas Gustavsson,42,2300.7,1147.0,106.31,112.0
8475361,2013,Jonas Gustavsson,7,349.25,140.0,11.57,17.0
8475361,2014,Jonas Gustavsson,27,1550.6666666666667,735.0,57.57,68.0
8475361,2015,Jonas Gustavsson,7,351.2,168.0,14.54,15.0
8475361,2016,Jonas Gustavsson,24,1258.4666666666667,623.0,56.46,57.0
8475361,2017,Jonas Gustavsson,7,328.96666666666664,139.0,11.91,17.0
8475431,2011,Henrik Karlsson,17,834.9166666666666,391.0,33.13,36.0
8475431,2012,Henrik Karlsson,9,454.1666666666667,239.0,23.88,24.0
8475622,2013,Carter Hutton,1,58.733333333333334,28.0,2.52,3.0
8475622,2014,Carter Hutton,40,2085.2833333333333,1006.0,79.98,91.0
8475622,2015,Carter Hutton,18,1009.85,450.0,38.38,44.0
8475622,2016,Carter Hutton,17,978.9333333333333,464.0,37.77,38.0
8475622,2017,Carter Hutton,30,1459.05,663.0,59.14,58.0
8475622,2018,Carter Hutton,32,1609.5333333333333,810.0,66.95,56.0
8475622,2019,Carter Hutton,50,2839.616666666667,1541.0,133.33,142.0
8475622,2020,Carter Hutton,31,1778.5,917.0,82.89,94.0
8475622,2021,Carter Hutton,13,674.7166666666667,341.0,30.79,39.0
8475622,2022,Carter Hutton,3,115.96666666666667,58.0,5.02,15.0
8475660,2014,Cam Talbot,21,1210.6666666666667,560.0,45.31,33.0
8475660,2015,Cam Talbot,36,2094.95,1038.0,88.63,77.0
8475660,2016,Cam Talbot,56,3176.5833333333335,1649.0,142.79,137.0
8475660,2017,Cam Talbot,72,4224.066666666667,2078.0,197.96,169.0
8475660,2018,Cam Talbot,67,3730.1,2037.0,185.71,188.0
8475660,2019,Cam Talbot,35,1903.7833333333333,998.0,89.07,109.0
8475660,2020,Cam Talbot,26,1405.6,780.0,58.8,64.0
8475660,2021,Cam Talbot,33,1961.45,1008.0,83.82,86.0
8475660,2022,Cam Talbot,49,2864.383333333333,1488.0,126.16,132.0
8475660,2023,Cam Talbot,36,1947.0,935.0,94.27,95.0
8475660,2024,Cam Talbot,54,3116.116666666667,1491.0,140.74,130.0
8475660,2025,Cam Talbot,47,2642.1666666666665,1296.0,141.8,129.0
8475660,2026,Cam Talbot,34,1750.1833333333334,796.0,79.89,93.0
8475663,2014,Eddie Lack,41,2318.866666666667,1052.0,90.5,93.0
8475663,2015,Eddie Lack,41,2303.9666666666667,1201.0,109.25,95.0
8475663,2016,Eddie Lack,34,1920.1,910.0,86.97,90.0
8475663,2017,Eddie Lack,20,1089.85,492.0,48.71,48.0
8475663,2018,Eddie Lack,8,343.6166666666667,177.0,14.6,23.0
8475680,2012,Jussi Rynnas,2,98.9,40.0,6.23,7.0
8475680,2013,Jussi Rynnas,1,10.333333333333334,6.0,0.66,0.0
8475680,2015,Jussi Rynnas,2,92.41666666666667,44.0,4.5,7.0
8475681,2012,Ben Scrivens,12,671.6166666666667,359.0,34.25,35.0
8475681,2013,Ben Scrivens,20,1024.85,542.0,44.09,46.0
8475681,2014,Ben Scrivens,40,2210.116666666667,1205.0,109.02,94.0
8475681,2015,Ben Scrivens,57,3226.4333333333334,1542.0,144.24,170.0
8475681,2016,Ben Scrivens,15,821.9666666666667,447.0,38.76,42.0
8475683,2011,Sergei Bobrovsky,54,3017.4,1527.0,138.16,130.0
8475683,2012,Sergei Bobrovsky,29,1550.0833333333333,769.0,78.92,78.0
8475683,2013,Sergei Bobrovsky,38,2218.95,1084.0,80.86,74.0
8475683,2014,Sergei Bobrovsky,58,3299.4333333333334,1699.0,124.79,131.0
8475683,2015,Sergei Bobrovsky,51,2989.4333333333334,1632.0,128.95,134.0
8475683,2016,Sergei Bobrovsky,37,2116.35,1049.0,93.5,97.0
8475683,2017,Sergei Bobrovsky,63,3707.0666666666666,1854.0,160.04,127.0
8475683,2018,Sergei Bobrovsky,65,3911.5666666666666,1994.0,179.24,158.0
8475683,2019,Sergei Bobrovsky,62,3536.8,1756.0,159.67,153.0
8475683,2020,Sergei Bobrovsky,50,2785.366666666667,1506.0,140.08,153.0
8475683,2021,Sergei Bobrovsky,31,1816.4666666666667,933.0,79.88,88.0
8475683,2022,Sergei Bobrovsky,54,3082.1666666666665,1566.0,160.39,137.0
8475683,2023,Sergei Bobrovsky,50,2834.366666666667,1466.0,151.2,145.0
8475683,2024,Sergei Bobrovsky,58,3414.233333333333,1584.0,150.55,135.0
8475683,2025,Sergei Bobrovsky,54,3199.983333333333,1377.0,137.24,130.0
8475683,2026,Sergei Bobrovsky,52,3009.65,1250.0,141.85,154.0
8475717,2015,Calvin Pickard,16,895.1,511.0,47.81,35.0
8475717,2016,Calvin Pickard,20,980.4333333333333,539.0,47.81,42.0
8475717,2017,Calvin Pickard,50,2800.266666666667,1461.0,121.88,140.0
8475717,2018,Calvin Pickard,1,62.583333333333336,28.0,2.23,4.0
8475717,2019,Calvin Pickard,17,746.8,385.0,38.59,48.0
8475717,2020,Calvin Pickard,3,164.88333333333333,74.0,7.87,15.0
8475717,2021,Calvin Pickard,6,303.3833333333333,125.0,11.04,16.0
8475717,2022,Calvin Pickard,3,125.63333333333334,72.0,5.72,9.0
8475717,2024,Calvin Pickard,23,1296.35,581.0,53.09,53.0
8475717,2025,Calvin Pickard,36,1881.7166666666667,849.0,75.91,85.0
8475717,2026,Calvin Pickard,16,864.1333333333333,410.0,49.46,53.0
8475720,2014,Kent Simpson,1,20.0,7.0,0.59,2.0
8475771,2014,Mark Visentin,1,58.81666666666667,32.0,2.08,3.0
8475781,2015,Tyler Bunz,1,20.0,12.0,1.14,3.0
8475789,2014,Jack Campbell,1,60.0,47.0,3.87,6.0
8475789,2017,Jack Campbell,1,20.0,5.0,1.48,0.0
8475789,2018,Jack Campbell,5,246.61666666666667,145.0,9.84,11.0
8475789,2019,Jack Campbell,31,1589.1333333333334,845.0,71.72,61.0
8475789,2020,Jack Campbell,26,1567.9333333333334,761.0,67.03,74.0
8475789,2021,Jack Campbell,22,1284.4,585.0,54.4,46.0
8475789,2022,Jack Campbell,49,2795.4,1431.0,120.66,123.0
8475789,2023,Jack Campbell,36,2026.3833333333334,1027.0,96.72,115.0
8475789,2024,Jack Campbell,5,266.78333333333336,157.0,16.45,20.0
8475809,2016,Scott Wedgewood,4,240.75,116.0,9.12,5.0
8475809,2018,Scott Wedgewood,20,1096.5,587.0,56.24,63.0
8475809,2021,Scott Wedgewood,16,888.0333333333333,458.0,41.46,46.0
8475809,2022,Scott Wedgewood,37,2104.8333333333335,1218.0,111.6,110.0
8475809,2023,Scott Wedgewood,21,1126.8666666666666,603.0,55.54,51.0
8475809,2024,Scott Wedgewood,32,1789.1333333333334,844.0,75.63,85.0
8475809,2025,Scott Wedgewood,24,1373.0833333333333,578.0,56.17,53.0
8475809,2026,Scott Wedgewood,45,2549.0666666666666,1093.0,109.12,86.0
8475824,2013,Sami Aittokallio,1,49.333333333333336,25.0,2.31,2.0
8475824,2014,Sami Aittokallio,1,40.0,18.0,2.44,3.0
8475831,2013,Philipp Grubauer,2,83.96666666666667,59.0,7.09,5.0
8475831,2014,Philipp Grubauer,17,883.3833333333333,469.0,36.9,35.0
8475831,2015,Philipp Grubauer,1,65.0,25.0,2.06,2.0
8475831,2016,Philipp Grubauer,22,1111.0333333333333,523.0,46.75,43.0
8475831,2017,Philipp Grubauer,24,1264.5666666666666,585.0,54.51,43.0
8475831,2018,Philipp Grubauer,35,1846.3666666666666,953.0,91.52,73.0
8475831,2019,Philipp Grubauer,37,2000.6666666666667,1071.0,87.7,89.0
8475831,2020,Philipp Grubauer,36,2056.366666666667,1067.0,91.71,90.0
8475831,2021,Philipp Grubauer,40,2366.8,993.0,82.24,77.0
8475831,2022,Philipp Grubauer,55,3111.4166666666665,1479.0,130.26,164.0
8475831,2023,Philipp Grubauer,39,2065.616666666667,930.0,97.32,98.0
8475831,2024,Philipp Grubauer,36,1996.6,941.0,89.15,95.0
8475831,2025,Philipp Grubauer,26,1460.4833333333333,681.0,68.7,85.0
8475831,2026,Philipp Grubauer,32,1791.1,866.0,84.65,79.0
8475839,2015,Louis Domingue,7,307.75,158.0,14.53,14.0
8475839,2016,Louis Domingue,39,2206.0666666666666,1143.0,97.97,101.0
8475839,2017,Louis Domingue,31,1598.6833333333334,888.0,79.3,82.0
8475839,2018,Louis Domingue,19,1073.7666666666667,578.0,53.4,61.0
8475839,2019,Louis Domingue,26,1560.6333333333334,813.0,69.91,75.0
8475839,2020,Louis Domingue,17,803.5,434.0,38.3,51.0
8475839,2021,Louis Domingue,1,57.7,23.0,1.55,3.0
8475839,2022,Louis Domingue,2,118.75,83.0,7.85,4.0
8475839,2024,Louis Domingue,1,60.0,26.0,2.42,1.0
8475839,2025,Louis Domingue,1,60.0,27.0,1.93,2.0
8475852,2013,Petr Mrazek,2,119.15,51.0,3.11,4.0
8475852,2014,Petr Mrazek,9,448.6333333333333,178.0,14.47,13.0
8475852,2015,Petr Mrazek,29,1585.0333333333333,768.0,64.66,63.0
8475852,2016,Petr Mrazek,54,2960.5833333333335,1448.0,125.32,115.0
8475852,2017,Petr Mrazek,50,2857.516666666667,1463.0,127.24,145.0
8475852,2018,Petr Mrazek,38,2016.7333333333333,1047.0,95.42,103.0
8475852,2019,Petr Mrazek,40,2386.85,1103.0,97.93,95.0
8475852,2020,Petr Mrazek,40,2320.883333333333,1089.0,101.31,104.0
8475852,2021,Petr Mrazek,12,650.9833333333333,298.0,30.14,23.0
8475852,2022,Petr Mrazek,20,1042.1166666666666,520.0,46.38,58.0
8475852,2023,Petr Mrazek,39,2165.1666666666665,1248.0,125.69,132.0
8475852,2024,Petr Mrazek,56,3152.6666666666665,1725.0,161.6,160.0
8475852,2025,Petr Mrazek,38,2080.116666666667,1066.0,102.03,116.0
8475852,2026,Petr Mrazek,10,515.8833333333333,247.0,27.03,35.0
8475876,2017,Zane McIntyre,8,332.6166666666667,155.0,13.23,22.0
8475883,2014,Frederik Andersen,28,1569.4333333333334,783.0,66.72,60.0
8475883,2015,Frederik Andersen,54,3078.0,1436.0,125.7,123.0
8475883,2016,Frederik Andersen,43,2297.9333333333334,1086.0,89.61,88.0
8475883,2017,Frederik Andersen,66,3799.3333333333335,2052.0,192.24,169.0
8475883,2018,Frederik Andersen,66,3888.516666666667,2211.0,191.47,182.0
8475883,2019,Frederik Andersen,60,3490.233333333333,1958.0,176.0,164.0
8475883,2020,Frederik Andersen,52,3007.016666666667,1578.0,130.75,145.0
8475883,2021,Frederik Andersen,24,1420.2666666666667,669.0,65.25,70.0
8475883,2022,Frederik Andersen,52,3070.883333333333,1431.0,138.82,111.0
8475883,2023,Frederik Andersen,34,1984.35,849.0,78.55,82.0
8475883,2024,Frederik Andersen,16,912.8833333333333,410.0,40.19,28.0
8475883,2025,Frederik Andersen,22,1319.5166666666667,546.0,63.95,55.0
8475883,2026,Frederik Andersen,35,2101.866666666667,849.0,103.69,107.0
8475920,2021,Michael Houser,4,243.03333333333333,141.0,9.45,14.0
8475920,2022,Michael Houser,2,120.0,77.0,7.11,4.0
8476234,2013,Keith Kinkaid,1,25.75,13.0,0.96,1.0
8476234,2015,Keith Kinkaid,19,905.4333333333333,469.0,37.17,40.0
8476234,2016,Keith Kinkaid,23,1240.75,605.0,51.04,58.0
8476234,2017,Keith Kinkaid,26,1476.0833333333333,779.0,72.37,65.0
8476234,2018,Keith Kinkaid,41,2297.5666666666666,1214.0,102.51,106.0
8476234,2019,Keith Kinkaid,41,2260.9666666666667,1187.0,107.66,129.0
8476234,2020,Keith Kinkaid,6,339.98333333333335,192.0,16.33,24.0
8476234,2021,Keith Kinkaid,9,485.8833333333333,205.0,18.45,21.0
8476234,2022,Keith Kinkaid,1,60.0,31.0,2.24,2.0
8476234,2023,Keith Kinkaid,2,87.85,40.0,4.19,2.0
8476243,2012,Iiro Tarkki,1,40.85,10.0,1.26,3.0
8476309,2016,Jason Kasdorf,1,60.0,30.0,1.86,4.0
8476316,2015,Laurent Brossoit,1,59.6,51.0,6.42,2.0
8476316,2016,Laurent Brossoit,5,299.51666666666665,142.0,13.79,18.0
8476316,2017,Laurent Brossoit,8,332.45,153.0,13.64,11.0
8476316,2018,Laurent Brossoit,14,740.2333333333333,344.0,31.8,40.0
8476316,2019,Laurent Brossoit,21,1145.2833333333333,652.0,58.81,49.0
8476316,2020,Laurent Brossoit,19,988.5166666666667,512.0,53.89,55.0
8476316,2021,Laurent Brossoit,14,744.1166666666667,368.0,30.07,30.0
8476316,2022,Laurent Brossoit,24,1281.4333333333334,588.0,60.68,62.0
8476316,2023,Laurent Brossoit,11,636.0333333333333,317.0,28.89,23.0
8476316,2024,Laurent Brossoit,23,1351.0333333333333,620.0,58.07,45.0
8476316,2026,Laurent Brossoit,1,59.15,24.0,3.65,6.0
8476319,2014,Nathan Lieuwen,7,363.3666666666667,191.0,18.88,18.0
8476330,2018,Adam Wilcox,1,38.65,14.0,1.13,0.0
8476341,2015,Anton Forsberg,5,255.71666666666667,149.0,13.45,20.0
8476341,2016,Anton Forsberg,4,178.15,97.0,9.89,9.0
8476341,2017,Anton Forsberg,1,58.583333333333336,27.0,2.15,4.0
8476341,2018,Anton Forsberg,35,1714.7833333333333,921.0,78.71,85.0
8476341,2020,Anton Forsberg,3,143.15,78.0,5.75,8.0
8476341,2021,Anton Forsberg,8,448.55,264.0,24.05,24.0
8476341,2022,Anton Forsberg,46,2571.45,1457.0,129.46,121.0
8476341,2023,Anton Forsberg,28,1471.7166666666667,817.0,88.08,80.0
8476341,2024,Anton Forsberg,30,1569.9,765.0,76.68,84.0
8476341,2025,Anton Forsberg,30,1676.5333333333333,768.0,78.23,76.0
8476341,2026,Anton Forsberg,36,2032.1,954.0,96.41,87.0
8476343,2016,Garret Sparks,17,974.95,456.0,43.45,49.0
8476343,2019,Garret Sparks,20,1084.7,593.0,47.18,59.0
8476343,2020,Garret Sparks,1,27.4,14.0,0.45,2.0
8476343,2022,Garret Sparks,2,97.21666666666667,47.0,3.37,3.0
8476412,2016,Jordan Binnington,1,12.783333333333333,4.0,0.34,1.0
8476412,2019,Jordan Binnington,32,1859.7166666666667,789.0,65.57,59.0
8476412,2020,Jordan Binnington,51,2928.983333333333,1433.0,126.35,126.0
8476412,2021,Jordan Binnington,42,2447.6666666666665,1198.0,108.08,108.0
8476412,2022,Jordan Binnington,37,2144.95,1135.0,103.8,112.0
8476412,2023,Jordan Binnington,61,3516.0666666666666,1826.0,184.84,194.0
8476412,2024,Jordan Binnington,57,3291.483333333333,1786.0,172.5,156.0
8476412,2025,Jordan Binnington,56,3238.983333333333,1457.0,150.25,145.0
8476412,2026,Jordan Binnington,41,2307.8,1010.0,105.61,128.0
8476433,2014,Magnus Hellberg,1,12.2,4.0,0.58,1.0
8476433,2016,Magnus Hellberg,1,20.0,6.0,0.52,2.0
8476433,2017,Magnus Hellberg,2,78.51666666666667,28.0,2.79,2.0
8476433,2022,Magnus Hellberg,1,60.0,23.0,2.52,3.0
8476433,2023,Magnus Hellberg,18,936.35,447.0,46.1,50.0
8476433,2024,Magnus Hellberg,3,119.88333333333334,64.0,6.88,5.0
8476434,2014,John Gibson,3,181.11666666666667,87.0,10.45,4.0
8476434,2015,John Gibson,23,1319.9166666666667,674.0,55.44,58.0
8476434,2016,John Gibson,40,2294.6666666666665,993.0,75.42,79.0
8476434,2017,John Gibson,52,2950.35,1438.0,123.16,109.0
8476434,2018,John Gibson,60,3428.483333333333,1873.0,160.84,139.0
8476434,2019,John Gibson,58,3227.5666666666666,1840.0,166.33,153.0
8476434,2020,John Gibson,52,3009.7166666666667,1560.0,131.98,150.0
8476434,2021,John Gibson,35,2031.45,1043.0,93.64,101.0
8476434,2022,John Gibson,56,3235.5833333333335,1789.0,157.74,172.0
8476434,2023,John Gibson,53,3004.9166666666665,1983.0,188.47,200.0
8476434,2024,John Gibson,46,2561.483333333333,1343.0,141.41,151.0
8476434,2025,John Gibson,29,1562.15,812.0,87.34,72.0
8476434,2026,John Gibson,57,3181.233333333333,1461.0,155.73,144.0
8476444,2016,Christopher Gibson,4,194.03333333333333,93.0,7.08,11.0
8476444,2018,Christopher Gibson,8,426.8666666666667,284.0,23.9,26.0
8476444,2019,Christopher Gibson,2,40.0,17.0,1.37,1.0
8476444,2021,Christopher Gibson,2,112.96666666666667,40.0,3.76,5.0
8476509,2018,Maxime Lagace,16,873.5166666666667,431.0,37.52,57.0
8476509,2019,Maxime Lagace,1,59.516666666666666,32.0,2.66,5.0
8476509,2021,Maxime Lagace,1,60.0,29.0,2.0,0.0
8476509,2022,Maxime Lagace,2,98.13333333333334,58.0,6.05,10.0
8476763,2014,Calvin Heeter,1,63.983333333333334,38.0,2.39,5.0
8476803,2012,Shawn Hunwick,1,2.55,0.0,0.0,0.0
8476839,2013,Viktor Fasth,25,1428.3,661.0,56.18,52.0
8476839,2014,Viktor Fasth,12,700.85,340.0,28.78,33.0
8476839,2015,Viktor Fasth,26,1336.4833333333333,681.0,65.89,76.0
8476844,2014,Niklas Svedberg,1,60.833333333333336,35.0,2.15,2.0
8476844,2015,Niklas Svedberg,18,895.2,425.0,37.39,35.0
8476846,2013,Cristopher Nilstorp,5,291.3,146.0,10.9,15.0
8476846,2014,Cristopher Nilstorp,1,39.483333333333334,17.0,1.84,3.0
8476861,2018,Oscar Dansk,4,168.6,93.0,8.35,5.0
8476861,2020,Oscar Dansk,1,60.0,37.0,2.75,6.0
8476861,2021,Oscar Dansk,1,61.416666666666664,29.0,2.76,4.0
8476876,2015,Malcolm Subban,1,31.25,6.0,0.68,3.0
8476876,2017,Malcolm Subban,1,30.6,16.0,1.58,3.0
8476876,2018,Malcolm Subban,22,1230.1833333333334,614.0,58.91,55.0
8476876,2019,Malcolm Subban,21,1226.7833333333333,612.0,50.59,60.0
8476876,2020,Malcolm Subban,21,1134.25,546.0,54.47,60.0
8476876,2021,Malcolm Subban,16,881.2833333333333,471.0,39.65,47.0
8476876,2022,Malcolm Subban,4,210.46666666666667,132.0,10.89,17.0
8476876,2024,Malcolm Subban,1,60.0,35.0,4.58,3.0
8476883,2015,Andrei Vasilevskiy,16,864.1166666666667,415.0,36.11,34.0
8476883,2016,Andrei Vasilevskiy,24,1258.6333333333334,646.0,51.48,58.0
8476883,2017,Andrei Vasilevskiy,50,2831.266666666667,1480.0,124.09,123.0
8476883,2018,Andrei Vasilevskiy,65,3825.1833333333334,2075.0,170.91,167.0
8476883,2019,Andrei Vasilevskiy,53,3187.366666666667,1714.0,145.29,129.0
8476883,2020,Andrei Vasilevskiy,52,3084.866666666667,1580.0,134.8,131.0
8476883,2021,Andrei Vasilevskiy,42,2523.6,1234.0,111.23,93.0
8476883,2022,Andrei Vasilevskiy,63,3760.75,1869.0,184.41,156.0
8476883,2023,Andrei Vasilevskiy,60,3596.4166666666665,1875.0,184.34,159.0
8476883,2024,Andrei Vasilevskiy,52,3062.866666666667,1477.0,145.48,148.0
8476883,2025,Andrei Vasilevskiy,63,3743.0833333333335,1717.0,165.16,136.0
8476883,2026,Andrei Vasilevskiy,58,3430.75,1485.0,156.74,132.0
8476899,2016,Matt Murray,13,748.5833333333334,355.0,30.36,25.0
8476899,2017,Matt Murray,49,2765.8,1450.0,127.73,111.0
8476899,2018,Matt Murray,49,2732.9666666666667,1423.0,127.45,133.0
8476899,2019,Matt Murray,50,2881.45,1593.0,130.45,129.0
8476899,2020,Matt Murray,38,2241.4,1055.0,86.45,107.0
8476899,2021,Matt Murray,27,1404.1833333333334,738.0,63.09,79.0
8476899,2022,Matt Murray,20,1181.5166666666667,640.0,63.16,60.0
8476899,2023,Matt Murray,26,1473.1666666666667,761.0,74.95,74.0
8476899,2025,Matt Murray,2,118.65,58.0,4.42,7.0
8476899,2026,Matt Murray,5,216.88333333333333,102.0,10.78,8.0
8476903,2017,Jon Gillies,1,60.0,28.0,3.35,1.0
8476903,2018,Jon Gillies,11,604.9333333333333,280.0,23.9,29.0
8476903,2022,Jon Gillies,20,1004.75,550.0,45.5,62.0
8476903,2023,Jon Gillies,3,118.15,66.0,7.36,9.0
8476904,2015,Chris Driedger,1,22.866666666666667,10.0,0.43,0.0
8476904,2016,Chris Driedger,1,31.816666666666666,11.0,1.03,0.0
8476904,2017,Chris Driedger,1,40.0,15.0,1.62,4.0
8476904,2020,Chris Driedger,11,582.8166666666667,311.0,25.73,21.0
8476904,2021,Chris Driedger,23,1361.6,637.0,49.97,47.0
8476904,2022,Chris Driedger,27,1478.4,722.0,71.44,73.0
8476904,2024,Chris Driedger,2,119.58333333333333,60.0,5.85,5.0
8476914,2016,Joonas Korpisalo,31,1803.05,969.0,84.42,78.0
8476914,2017,Joonas Korpisalo,14,790.5166666666667,401.0,38.79,38.0
8476914,2018,Joonas Korpisalo,18,1048.8166666666666,564.0,48.81,58.0
8476914,2019,Joonas Korpisalo,27,1360.2666666666667,651.0,56.18,67.0
8476914,2020,Joonas Korpisalo,37,2126.75,1031.0,84.75,92.0
8476914,2021,Joonas Korpisalo,33,1747.5666666666666,904.0,82.18,96.0
8476914,2022,Joonas Korpisalo,22,1128.4833333333333,634.0,64.85,78.0
8476914,2023,Joonas Korpisalo,39,2171.95,1207.0,116.74,104.0
8476914,2024,Joonas Korpisalo,55,3080.4666666666667,1522.0,151.95,168.0
8476914,2025,Joonas Korpisalo,27,1529.7,693.0,72.35,74.0
8476914,2026,Joonas Korpisalo,31,1713.0833333333333,851.0,89.05,90.0
8476932,2017,Anthony Stolarz,7,376.0833333333333,181.0,16.28,13.0
8476932,2019,Anthony Stolarz,18,868.4166666666666,503.0,41.07,51.0
8476932,2021,Anthony Stolarz,8,464.46666666666664,230.0,17.49,17.0
8476932,2022,Anthony Stolarz,28,1506.4166666666667,809.0,66.04,67.0
8476932,2023,Anthony Stolarz,19,820.05,495.0,51.39,51.0
8476932,2024,Anthony Stolarz,27,1506.45,684.0,71.07,51.0
8476932,2025,Anthony Stolarz,34,1986.9,955.0,96.78,71.0
8476932,2026,Anthony Stolarz,26,1389.25,708.0,69.31,76.0
8476945,2016,Connor Hellebuyck,26,1433.4666666666667,683.0,69.46,56.0
8476945,2017,Connor Hellebuyck,55,3013.516666666667,1567.0,136.35,144.0
8476945,2018,Connor Hellebuyck,67,3965.9,2048.0,166.61,156.0
8476945,2019,Connor Hellebuyck,63,3703.95,2046.0,172.22,179.0
8476945,2020,Connor Hellebuyck,58,3269.733333333333,1792.0,163.24,139.0
8476945,2021,Connor Hellebuyck,45,2602.8166666666666,1335.0,131.25,112.0
8476945,2022,Connor Hellebuyck,66,3903.5,2155.0,209.65,193.0
8476945,2023,Connor Hellebuyck,64,3778.0,1964.0,187.77,157.0
8476945,2024,Connor Hellebuyck,60,3567.3333333333335,1798.0,175.12,142.0
8476945,2025,Connor Hellebuyck,63,3741.366666666667,1664.0,164.59,125.0
8476945,2026,Connor Hellebuyck,57,3401.45,1547.0,167.54,162.0
8476986,2017,Marek Langhamer,1,15.516666666666667,8.0,0.89,1.0
8476986,2018,Marek Langhamer,1,28.883333333333333,10.0,0.48,0.0
8476992,2014,Marek Mazanec,25,1349.5333333333333,650.0,54.06,64.0
8476992,2015,Marek Mazanec,2,105.73333333333333,47.0,4.33,4.0
8476992,2017,Marek Mazanec,4,177.58333333333334,87.0,7.7,14.0
8476999,2016,Linus Ullmark,20,1130.6666666666667,565.0,43.09,49.0
8476999,2017,Linus Ullmark,1,58.733333333333334,36.0,3.78,3.0
8476999,2018,Linus Ullmark,5,240.3,123.0,9.04,8.0
8476999,2019,Linus Ullmark,37,2097.1,1146.0,93.97,109.0
8476999,2020,Linus Ullmark,34,2026.0,1064.0,85.64,92.0
8476999,2021,Linus Ullmark,20,1117.0833333333333,591.0,45.43,49.0
8476999,2022,Linus Ullmark,41,2330.4333333333334,1140.0,100.69,95.0
8476999,2023,Linus Ullmark,49,2882.2,1457.0,133.45,91.0
8476999,2024,Linus Ullmark,40,2400.133333333333,1208.0,117.75,103.0
8476999,2025,Linus Ullmark,44,2467.2833333333333,1230.0,125.84,112.0
8476999,2026,Linus Ullmark,49,2883.4666666666667,1198.0,118.19,131.0
8477035,2024,Matt Tomkins,6,360.21666666666664,185.0,20.39,20.0
8477084,2015,Mackenzie Skapski,2,119.08333333333333,45.0,4.14,1.0
8477092,2015,Andrey Makarov,1,60.0,36.0,3.29,3.0
8477180,2017,Aaron Dell,20,1110.55,533.0,49.84,37.0
8477180,2018,Aaron Dell,29,1522.0833333333333,775.0,64.62,67.0
8477180,2019,Aaron Dell,25,1303.2833333333333,612.0,59.4,70.0
8477180,2020,Aaron Dell,33,1834.6833333333334,985.0,90.41,92.0
8477180,2021,Aaron Dell,7,319.1666666666667,154.0,12.26,22.0
8477180,2022,Aaron Dell,12,565.3833333333333,355.0,33.64,38.0
8477180,2023,Aaron Dell,4,199.28333333333333,103.0,11.07,9.0
8477202,2014,Andrew Hammond,1,34.516666666666666,11.0,1.13,0.0
8477202,2015,Andrew Hammond,24,1410.9833333333333,707.0,55.95,42.0
8477202,2016,Andrew Hammond,24,1382.3166666666666,712.0,68.03,61.0
8477202,2017,Andrew Hammond,6,190.08333333333334,86.0,9.22,14.0
8477202,2018,Andrew Hammond,1,58.36666666666667,33.0,2.53,2.0
8477202,2022,Andrew Hammond,11,586.4666666666667,314.0,31.34,38.0
8477225,2017,Jared Coreau,14,707.2666666666667,363.0,32.77,41.0
8477225,2018,Jared Coreau,7,380.43333333333334,203.0,17.51,27.0
8477234,2015,Troy Grosenick,2,118.36666666666666,58.0,4.85,3.0
8477234,2021,Troy Grosenick,2,120.0,77.0,7.37,6.0
8477237,2016,Mike Condon,55,3122.733333333333,1458.0,128.33,141.0
8477237,2017,Mike Condon,41,2324.0,1122.0,97.93,96.0
8477237,2018,Mike Condon,31,1626.4166666666667,898.0,78.92,88.0
8477237,2019,Mike Condon,2,75.25,40.0,3.36,8.0
8477293,2014,Antti Raanta,25,1376.6666666666667,610.0,54.84,63.0
8477293,2015,Antti Raanta,14,792.1833333333333,389.0,29.86,25.0
8477293,2016,Antti Raanta,25,1150.35,530.0,48.5,43.0
8477293,2017,Antti Raanta,30,1617.3333333333333,782.0,69.48,61.0
8477293,2018,Antti Raanta,47,2599.05,1388.0,127.1,97.0
8477293,2019,Antti Raanta,12,687.1,350.0,32.76,33.0
8477293,2020,Antti Raanta,33,1822.85,1011.0,84.81,81.0
8477293,2021,Antti Raanta,12,678.8333333333334,401.0,33.75,38.0
8477293,2022,Antti Raanta,28,1516.6333333333334,706.0,65.69,62.0
8477293,2023,Antti Raanta,27,1561.2166666666667,644.0,59.32,58.0
8477293,2024,Antti Raanta,24,1265.1833333333334,493.0,53.74,63.0
8477312,2017,Antoine Bibeau,2,120.65,55.0,5.59,4.0
8477312,2020,Antoine Bibeau,2,91.75,42.0,4.29,5.0
8477356,2014,Kristers Gudlevskis,1,59.78333333333333,38.0,3.52,2.0
8477356,2016,Kristers Gudlevskis,1,59.95,32.0,2.52,1.0
8477356,2017,Kristers Gudlevskis,1,11.45,3.0,0.23,0.0
8477361,2019,Cal Petersen,11,621.7,355.0,32.14,27.0
8477361,2020,Calvin Petersen,8,477.3666666666667,270.0,27.29,21.0
8477361,2021,Calvin Petersen,35,1997.3333333333333,1095.0,93.92,97.0
8477361,2022,Cal Petersen,37,2176.5,1002.0,96.62,105.0
8477361,2023,Cal Petersen,10,543.4666666666667,257.0,24.71,34.0
8477361,2024,Cal Petersen,5,276.9166666666667,132.0,12.68,18.0
8477405,2019,Marcus Hogberg,4,205.5,121.0,12.26,14.0
8477405,2020,Marcus Hogberg,24,1344.55,729.0,66.17,71.0
8477405,2021,Marcus Hogberg,14,641.8333333333334,322.0,28.13,40.0
8477405,2025,Marcus Hogberg,15,728.2166666666667,335.0,35.23,41.0
8477405,2026,Marcus Hogberg,1,13.483333333333333,7.0,0.37,2.0
8477424,2016,Juuse Saros,1,58.016666666666666,23.0,1.07,3.0
8477424,2017,Juuse Saros,21,1199.9166666666667,614.0,54.56,47.0
8477424,2018,Juuse Saros,26,1496.6666666666667,810.0,70.48,61.0
8477424,2019,Juuse Saros,31,1696.2166666666667,871.0,79.31,75.0
8477424,2020,Juuse Saros,40,2175.4333333333334,1142.0,99.66,98.0
8477424,2021,Juuse Saros,36,2051.366666666667,1071.0,91.15,78.0
8477424,2022,Juuse Saros,67,3931.383333333333,2107.0,193.69,173.0
8477424,2023,Juuse Saros,64,3809.983333333333,2099.0,217.67,171.0
8477424,2024,Juuse Saros,64,3624.633333333333,1845.0,170.03,173.0
8477424,2025,Juuse Saros,58,3357.8166666666666,1593.0,159.58,167.0
8477424,2026,Juuse Saros,59,3432.55,1700.0,171.73,181.0
8477457,2022,Zach Fucale,4,171.58333333333334,66.0,7.39,5.0
8477465,2017,Tristan Jarry,1,58.75,25.0,2.29,3.0
8477465,2018,Tristan Jarry,26,1363.9333333333334,687.0,60.05,63.0
8477465,2019,Tristan Jarry,2,120.05,62.0,2.88,7.0
8477465,2020,Tristan Jarry,33,1926.2833333333333,986.0,78.66,79.0
8477465,2021,Tristan Jarry,39,2185.3,1098.0,88.24,100.0
8477465,2022,Tristan Jarry,58,3415.1833333333334,1711.0,150.76,138.0
8477465,2023,Tristan Jarry,47,2650.0333333333333,1414.0,125.18,128.0
8477465,2024,Tristan Jarry,51,2740.633333333333,1369.0,135.62,133.0
8477465,2025,Tristan Jarry,36,2019.9,972.0,100.33,105.0
8477465,2026,Tristan Jarry,33,1773.6166666666666,832.0,93.87,98.0
8477480,2017,Eric Comrie,1,59.3,39.0,3.77,4.0
8477480,2018,Eric Comrie,3,180.25,94.0,6.8,12.0
8477480,2019,Eric Comrie,1,59.88333333333333,28.0,2.1,5.0
8477480,2020,Eric Comrie,3,126.25,66.0,7.29,9.0
8477480,2021,Eric Comrie,1,60.0,33.0,3.08,3.0
8477480,2022,Eric Comrie,19,1024.8166666666666,550.0,54.33,44.0
8477480,2023,Eric Comrie,19,1111.9833333333333,594.0,61.14,68.0
8477480,2024,Eric Comrie,10,519.9,254.0,29.07,32.0
8477480,2025,Eric Comrie,20,1179.55,547.0,49.47,47.0
8477480,2026,Eric Comrie,25,1381.5,654.0,71.35,72.0
8477484,2017,Spencer Martin,2,118.13333333333334,66.0,5.61,10.0
8477484,2022,Spencer Martin,6,378.35,218.0,19.99,11.0
8477484,2023,Spencer Martin,29,1610.1833333333334,830.0,83.47,107.0
8477484,2024,Spencer Martin,19,1072.2166666666667,533.0,56.24,59.0
8477484,2025,Spencer Martin,9,415.98333333333335,175.0,18.46,27.0
8477484,2026,Spencer Martin,6,290.65,147.0,15.86,20.0
8477831,2016,Pheonix Copley,1,24.433333333333334,6.0,0.3,1.0
8477831,2017,Pheonix Copley,1,58.93333333333333,29.0,3.39,5.0
8477831,2019,Pheonix Copley,27,1526.3833333333334,773.0,71.15,75.0
8477831,2022,Pheonix Copley,2,96.58333333333333,41.0,3.49,5.0
8477831,2023,Pheonix Copley,37,2089.483333333333,947.0,96.7,92.0
8477831,2024,Pheonix Copley,8,436.28333333333336,177.0,20.34,23.0
8477831,2025,Pheonix Copley,1,27.483333333333334,12.0,1.01,2.0
8477831,2026,Pheonix Copley,1,58.56666666666667,28.0,2.2,3.0
8477914,2016,Roman Will,1,18.466666666666665,3.0,0.25,1.0
8477967,2018,Thatcher Demko,1,61.35,30.0,3.09,4.0
8477967,2019,Thatcher Demko,9,534.15,288.0,20.15,25.0
8477967,2020,Thatcher Demko,27,1529.6666666666667,804.0,70.96,75.0
8477967,2021,Thatcher Demko,35,2086.866666666667,1164.0,105.78,99.0
8477967,2022,Thatcher Demko,64,3700.65,1967.0,178.5,168.0
8477967,2023,Thatcher Demko,32,1878.5166666666667,1005.0,93.35,99.0
8477967,2024,Thatcher Demko,51,3015.883333333333,1492.0,144.99,123.0
8477967,2025,Thatcher Demko,23,1301.9666666666667,569.0,64.44,63.0
8477967,2026,Thatcher Demko,20,1115.8666666666666,515.0,55.98,54.0
8477968,2017,Alex Nedeljkovic,1,29.95,17.0,1.17,0.0
8477968,2019,Alex Nedeljkovic,1,60.0,26.0,1.35,2.0
8477968,2020,Alex Nedeljkovic,4,216.31666666666666,97.0,8.66,11.0
8477968,2021,Alex Nedeljkovic,23,1392.0333333333333,648.0,53.6,44.0
8477968,2022,Alex Nedeljkovic,59,3230.8,1797.0,171.07,178.0
8477968,2023,Alex Nedeljkovic,15,832.6333333333333,466.0,40.15,49.0
8477968,2024,Alex Nedeljkovic,38,2060.4666666666667,1039.0,98.7,102.0
8477968,2025,Alex Nedeljkovic,38,2150.85,1054.0,111.02,112.0
8477968,2026,Alex Nedeljkovic,40,2277.9666666666667,1048.0,107.83,109.0
8477970,2021,Vitek Vanecek,37,2115.483333333333,1031.0,87.72,95.0
8477970,2022,Vitek Vanecek,42,2317.383333333333,1118.0,97.64,103.0
8477970,2023,Vitek Vanecek,52,2915.5666666666666,1333.0,124.07,119.0
8477970,2024,Vitek Vanecek,32,1791.8166666666666,862.0,83.85,95.0
8477970,2025,Vitek Vanecek,25,1393.6333333333334,724.0,75.47,84.0
8477970,2026,Vitek Vanecek,22,1206.25,506.0,57.02,59.0
8477990,2018,Brandon Halverson,1,12.55,6.0,0.91,1.0
8477990,2025,Brandon Halverson,1,57.95,24.0,2.93,5.0
8477990,2026,Brandon Halverson,2,56.88333333333333,21.0,2.28,4.0
8477992,2020,Jonas Johansson,6,326.73333333333335,151.0,13.36,16.0
8477992,2021,Jonas Johansson,15,816.8333333333334,380.0,30.25,39.0
8477992,2022,Jonas Johansson,11,486.51666666666665,265.0,24.34,39.0
8477992,2023,Jonas Johansson,3,142.95,73.0,8.92,5.0
8477992,2024,Jonas Johansson,26,1477.4833333333333,752.0,74.14,83.0
8477992,2025,Jonas Johansson,19,1110.25,554.0,56.95,58.0
8477992,2026,Jonas Johansson,25,1423.5166666666667,670.0,67.57,78.0
8478007,2020,Elvis Merzlikins,32,1815.9666666666667,919.0,68.84,71.0
8478007,2021,Elvis Merzlikins,28,1496.8166666666666,825.0,66.16,69.0
8478007,2022,Elvis Merzlikins,59,3320.116666666667,1922.0,182.03,178.0
8478007,2023,Elvis Merzlikins,30,1560.2,889.0,84.13,110.0
8478007,2024,Elvis Merzlikins,41,2258.6666666666665,1266.0,123.65,130.0
8478007,2025,Elvis Merzlikins,53,3170.9166666666665,1557.0,159.83,168.0
8478007,2026,Elvis Merzlikins,30,1678.6166666666666,812.0,87.7,95.0
8478009,2021,Ilya Sorokin,22,1271.7833333333333,563.0,48.5,46.0
8478009,2022,Ilya Sorokin,52,3072.2833333333333,1643.0,135.77,123.0
8478009,2023,Ilya Sorokin,62,3587.0666666666666,1839.0,178.65,140.0
8478009,2024,Ilya Sorokin,56,3325.983333333333,1822.0,168.43,167.0
8478009,2025,Ilya Sorokin,61,3498.85,1696.0,175.54,158.0
8478009,2026,Ilya Sorokin,55,3226.1666666666665,1530.0,169.3,144.0
8478024,2021,Ville Husso,17,917.3166666666667,460.0,40.17,49.0
8478024,2022,Ville Husso,40,2341.233333333333,1236.0,113.54,100.0
8478024,2023,Ville Husso,56,3220.233333333333,1603.0,152.31,167.0
8478024,2024,Ville Husso,19,1012.9166666666666,556.0,55.06,60.0
8478024,2025,Ville Husso,13,639.7666666666667,336.0,32.08,37.0
8478024,2026,Ville Husso,20,1145.6333333333334,534.0,58.85,62.0
8478039,2020,Kaapo Kahkonen,5,304.1666666666667,172.0,12.43,15.0
8478039,2021,Kaapo Kahkonen,24,1414.4833333333333,692.0,54.92,68.0
8478039,2022,Kaapo Kahkonen,36,1946.95,1056.0,98.19,93.0
8478039,2023,Kaapo Kahkonen,37,2106.25,1149.0,110.42,135.0
8478039,2024,Kaapo Kahkonen,37,1914.2166666666667,1139.0,117.36,116.0
8478039,2025,Kaapo Kahkonen,1,58.266666666666666,20.0,1.85,4.0
8478048,2020,Igor Shesterkin,12,691.5833333333334,424.0,32.09,29.0
8478048,2021,Igor Shesterkin,35,1899.0166666666667,988.0,85.99,83.0
8478048,2022,Igor Shesterkin,53,3070.5333333333333,1622.0,140.1,106.0
8478048,2023,Igor Shesterkin,58,3488.766666666667,1719.0,172.05,144.0
8478048,2024,Igor Shesterkin,55,3277.1,1607.0,153.08,141.0
8478048,2025,Igor Shesterkin,61,3505.133333333333,1751.0,188.56,167.0
8478048,2026,Igor Shesterkin,51,3024.2166666666667,1425.0,147.25,126.0
8478406,2019,Mackenzie Blackwood,23,1263.7666666666667,669.0,52.57,55.0
8478406,2020,Mackenzie Blackwood,47,2683.5,1451.0,131.89,124.0
8478406,2021,Mackenzie Blackwood,35,2090.616666666667,1082.0,97.45,106.0
8478406,2022,Mackenzie Blackwood,25,1399.05,731.0,66.26,79.0
8478406,2023,Mackenzie Blackwood,22,1125.55,563.0,59.14,60.0
8478406,2024,Mackenzie Blackwood,44,2437.133333333333,1383.0,142.45,140.0
8478406,2025,Mackenzie Blackwood,56,3223.633333333333,1550.0,150.32,137.0
8478406,2026,Mackenzie Blackwood,38,2155.6666666666665,933.0,98.3,90.0
8478433,2022,Felix Sandstrom,5,297.25,177.0,21.24,16.0
8478433,2023,Felix Sandstrom,20,1112.85,575.0,57.22,69.0
8478433,2024,Felix Sandstrom,5,263.48333333333335,96.0,10.9,17.0
8478435,2021,Dan Vladar,5,300.06666666666666,149.0,15.06,17.0
8478435,2022,Dan Vladar,23,1243.1333333333334,609.0,53.19,57.0
8478435,2023,Dan Vladar,27,1483.9166666666667,669.0,63.59,72.0
8478435,2024,Dan Vladar,20,1128.5166666666667,574.0,55.48,68.0
8478435,2025,Dan Vladar,30,1781.0333333333333,810.0,83.91,83.0
8478435,2026,Dan Vladar,52,2995.2166666666667,1283.0,134.76,121.0
8478470,2019,Sam Montembeault,11,591.35,284.0,25.72,31.0
8478470,2020,Sam Montembeault,14,700.7666666666667,355.0,27.86,39.0
8478470,2022,Sam Montembeault,38,1942.8166666666666,1125.0,104.71,122.0
8478470,2023,Sam Montembeault,40,2333.85,1345.0,144.85,133.0
8478470,2024,Sam Montembeault,41,2428.766666666667,1307.0,130.34,127.0
8478470,2025,Sam Montembeault,62,3533.983333333333,1679.0,190.59,166.0
8478470,2026,Samuel Montembeault,25,1418.2,635.0,76.08,81.0
8478492,2020,Ilya Samsonov,26,1411.0333333333333,690.0,58.68,61.0
8478492,2021,Ilya Samsonov,19,1092.8166666666666,499.0,43.44,49.0
8478492,2022,Ilya Samsonov,44,2361.3,1145.0,106.94,119.0
8478492,2023,Ilya Samsonov,42,2475.6,1184.0,114.05,96.0
8478492,2024,Ilya Samsonov,40,2300.9666666666667,1087.0,111.86,120.0
8478492,2025,Ilya Samsonov,29,1745.3666666666666,752.0,82.61,82.0
8478499,2018,Adin Hill,4,240.75,130.0,12.69,14.0
8478499,2019,Adin Hill,13,676.35,323.0,30.24,34.0
8478499,2020,Adin Hill,13,640.7666666666667,341.0,30.19,28.0
8478499,2021,Adin Hill,19,1005.9,530.0,46.03,46.0
8478499,2022,Adin Hill,25,1376.2166666666667,648.0,56.91,61.0
8478499,2023,Adin Hill,27,1490.9,722.0,62.87,62.0
8478499,2024,Adin Hill,35,1968.8166666666666,979.0,95.4,89.0
8478499,2025,Adin Hill,50,2940.2166666666667,1293.0,135.53,121.0
8478499,2026,Adin Hill,27,1497.8166666666666,587.0,61.83,76.0
8478559,2016,Matthew O'Connor,1,58.03333333333333,34.0,2.21,3.0
8478848,2025,Ales Stezka,1,58.333333333333336,23.0,2.54,3.0
8478872,2022,Karel Vejmelka,52,2773.233333333333,1669.0,146.8,170.0
8478872,2023,Karel Vejmelka,50,2940.8333333333335,1671.0,179.09,168.0
8478872,2024,Karel Vejmelka,38,2040.1333333333334,1091.0,107.33,114.0
8478872,2025,Karel Vejmelka,58,3368.3333333333335,1509.0,159.18,145.0
8478872,2026,Karel Vejmelka,64,3692.9333333333334,1627.0,175.92,169.0
8478902,2022,Erik Kallgren,14,779.4833333333333,385.0,37.8,43.0
8478902,2023,Erik Kallgren,10,561.6666666666666,246.0,24.43,25.0
8478903,2022,Adam Huska,1,59.7,39.0,3.14,7.0
8478905,2024,Ivan Fedotov,3,121.15,53.0,4.63,10.0
8478905,2025,Ivan Fedotov,26,1429.0166666666667,624.0,61.36,75.0
8478916,2019,Joey Daccord,1,60.0,40.0,2.81,5.0
8478916,2021,Joey Daccord,8,403.3666666666667,214.0,21.02,22.0
8478916,2022,Joey Daccord,5,293.21666666666664,140.0,15.15,21.0
8478916,2023,Joey Daccord,5,248.13333333333333,130.0,12.44,13.0
8478916,2024,Joey Daccord,50,2832.7833333333333,1374.0,119.76,116.0
8478916,2025,Joey Daccord,57,3295.25,1600.0,170.05,151.0
8478916,2026,Joey Daccord,47,2693.2166666666667,1309.0,129.84,136.0
8478933,2022,Michael McNiven,1,20.0,7.0,1.2,3.0
8478965,2018,Ken Appleby,3,124.33333333333333,55.0,5.14,3.0
8478965,2024,Kenneth Appleby,1,20.0,8.0,0.7,2.0
8478971,2022,Connor Ingram,3,177.75,91.0,8.53,11.0
8478971,2023,Connor Ingram,27,1586.6666666666667,960.0,92.68,89.0
8478971,2024,Connor Ingram,50,2802.9333333333334,1461.0,144.31,136.0
8478971,2025,Connor Ingram,22,1210.1166666666666,558.0,54.36,66.0
8478971,2026,Connor Ingram,32,1778.2333333333333,763.0,78.66,77.0
8478999,2016,Niklas Treutle,2,49.7,20.0,2.77,5.0
8479016,2019,Landon Bow,2,58.25,19.0,1.21,1.0
8479115,2017,Jorge Alves,1,0.13333333333333333,0.0,0.0,0.0
8479138,2018,Scott Foster,1,14.016666666666667,7.0,0.33,0.0
8479193,2018,Casey DeSmith,14,700.15,356.0,33.22,28.0
8479193,2019,Casey DeSmith,36,1938.55,1057.0,89.44,89.0
8479193,2021,Casey DeSmith,20,1132.3166666666666,544.0,50.2,48.0
8479193,2022,Casey DeSmith,26,1418.15,769.0,65.38,66.0
8479193,2023,Casey DeSmith,38,2065.95,1142.0,111.88,109.0
8479193,2024,Casey DeSmith,29,1663.4833333333333,760.0,79.58,80.0
8479193,2025,Casey DeSmith,27,1504.5,761.0,80.86,65.0
8479193,2026,Casey DeSmith,30,1755.0,760.0,81.52,71.0
8479288,2020,Kasimir Kaskisuo,1,60.0,38.0,2.78,6.0
8479288,2021,Kasimir Kaskisuo,1,15.366666666666667,3.0,0.28,0.0
8479292,2016,Charlie Lindgren,1,60.0,28.0,3.27,2.0
8479292,2017,Charlie Lindgren,2,121.7,59.0,4.75,3.0
8479292,2018,Charlie Lindgren,14,832.9666666666667,457.0,44.57,42.0
8479292,2019,Charlie Lindgren,1,65.0,49.0,3.77,5.0
8479292,2020,Charlie Lindgren,6,360.85,179.0,18.32,21.0
8479292,2022,Charlie Lindgren,5,246.41666666666666,118.0,9.52,5.0
8479292,2023,Charlie Lindgren,31,1692.0666666666666,853.0,82.08,86.0
8479292,2024,Charlie Lindgren,50,2852.383333333333,1431.0,137.54,127.0
8479292,2025,Charlie Lindgren,39,2287.0,987.0,103.03,104.0
8479292,2026,Charlie Lindgren,21,1246.0333333333333,602.0,67.71,73.0
8479294,2019,Kevin Boyle,5,276.81666666666666,139.0,11.06,10.0
8479312,2018,Alex Lyon,11,479.8,232.0,20.38,22.0
8479312,2019,Alex Lyon,2,70.81666666666666,31.0,2.53,6.0
8479312,2020,Alex Lyon,3,135.31666666666666,73.0,8.15,8.0
8479312,2021,Alex Lyon,6,324.15,169.0,16.52,18.0
8479312,2022,Alex Lyon,2,122.81666666666666,65.0,6.13,6.0
8479312,2023,Alex Lyon,15,893.1833333333333,489.0,50.53,43.0
8479312,2024,Alex Lyon,44,2498.85,1325.0,129.11,127.0
8479312,2025,Alex Lyon,30,1559.6333333333334,705.0,75.37,73.0
8479312,2026,Alex Lyon,36,1992.0166666666667,980.0,104.63,92.0
8479313,2022,Zach Sawchenko,7,268.96666666666664,151.0,16.02,15.0
8479361,2022,Joseph Woll,4,239.31666666666666,123.0,10.97,11.0
8479361,2023,Joseph Woll,7,416.43333333333334,219.0,20.67,15.0
8479361,2024,Joseph Woll,25,1471.65,772.0,79.17,72.0
8479361,2025,Joseph Woll,42,2442.3333333333335,1216.0,127.85,111.0
8479361,2026,Joseph Woll,39,2230.0666666666666,1221.0,117.4,124.0
8479380,2023,Dylan Wells,1,20.0,13.0,1.57,1.0
8479394,2019,Carter Hart,31,1716.4,977.0,80.67,82.0
8479394,2020,Carter Hart,42,2339.016666666667,1088.0,99.88,93.0
8479394,2021,Carter Hart,27,1456.5666666666666,721.0,70.75,89.0
8479394,2022,Carter Hart,45,2603.0666666666666,1441.0,130.44,137.0
8479394,2023,Carter Hart,55,3163.766666666667,1665.0,165.28,155.0
8479394,2024,Carter Hart,26,1455.1833333333334,727.0,67.3,68.0
8479394,2026,Carter Hart,18,1019.7833333333333,422.0,41.8,46.0
8479406,2021,Filip Gustavsson,9,471.56666666666666,254.0,18.11,17.0
8479406,2022,Filip Gustavsson,18,1047.55,574.0,55.6,62.0
8479406,2023,Filip Gustavsson,39,2310.9333333333334,1173.0,105.16,81.0
8479406,2024,Filip Gustavsson,45,2526.55,1283.0,124.16,129.0
8479406,2025,Filip Gustavsson,58,3423.5833333333335,1693.0,161.32,146.0
8479406,2026,Filip Gustavsson,50,2967.9166666666665,1378.0,134.38,133.0
8479496,2017,David Rittich,1,20.0,10.0,0.78,1.0
8479496,2018,David Rittich,21,1008.2333333333333,512.0,45.99,49.0
8479496,2019,David Rittich,45,2503.3333333333335,1228.0,114.68,109.0
8479496,2020,David Rittich,49,2801.75,1480.0,129.53,138.0
8479496,2021,David Rittich,19,965.7666666666667,463.0,42.93,46.0
8479496,2022,David Rittich,17,822.9333333333333,432.0,41.55,49.0
8479496,2023,David Rittich,21,1121.6833333333334,506.0,46.06,50.0
8479496,2024,David Rittich,24,1364.5166666666667,621.0,62.82,49.0
8479496,2025,David Rittich,34,1860.4666666666667,772.0,76.62,88.0
8479496,2026,David Rittich,30,1652.1333333333334,720.0,80.23,76.0
8479530,2020,Adam Werner,2,87.83333333333333,58.0,4.02,5.0
8479581,2022,Jack LaFontaine,2,74.95,41.0,3.4,9.0
8479973,2021,Stuart Skinner,1,59.68333333333333,38.0,4.11,5.0
8479973,2022,Stuart Skinner,13,734.15,367.0,32.85,32.0
8479973,2023,Stuart Skinner,50,2903.0833333333335,1537.0,139.75,133.0
8479973,2024,Stuart Skinner,59,3361.35,1553.0,148.98,147.0
8479973,2025,Stuart Skinner,51,2942.45,1325.0,136.48,138.0
8479973,2026,Stuart Skinner,50,2921.95,1267.0,150.31,142.0
8479979,2021,Jake Oettinger,29,1603.9166666666667,710.0,58.24,63.0
8479979,2022,Jake Oettinger,48,2707.6,1331.0,115.43,114.0
8479979,2023,Jake Oettinger,62,3644.883333333333,1777.0,155.82,144.0
8479979,2024,Jake Oettinger,54,3084.5833333333335,1476.0,141.95,140.0
8479979,2025,Jake Oettinger,58,3410.0666666666666,1611.0,157.65,147.0
8479979,2026,Jake Oettinger,54,3194.1833333333334,1372.0,143.72,138.0
8480022,2019,Michael DiPietro,1,60.0,24.0,2.31,7.0
8480022,2020,Michael Dipietro,1,8.383333333333333,7.0,0.47,1.0
8480022,2022,Michael Dipietro,1,57.35,17.0,2.48,3.0
8480022,2026,Michael DiPietro,1,6.05,2.0,0.1,0.0
8480042,2023,Olle Eriksson Ek,1,63.983333333333334,39.0,3.26,5.0
8480045,2021,Ukko-Pekka Luukkonen,4,216.7,149.0,12.33,14.0
8480045,2022,Ukko-Pekka Luukkonen,9,503.06666666666666,277.0,22.55,23.0
8480045,2023,Ukko-Pekka Luukkonen,33,1910.2166666666667,1055.0,109.99,115.0
8480045,2024,Ukko-Pekka Luukkonen,54,3081.233333333333,1470.0,141.45,132.0
8480045,2025,Ukko-Pekka Luukkonen,55,3172.2166666666667,1490.0,160.42,169.0
8480045,2026,Ukko-Pekka Luukkonen,35,2027.7666666666667,931.0,95.51,85.0
8480051,2020,Cayden Primeau,2,119.23333333333333,72.0,5.0,5.0
8480051,2021,Cayden Primeau,4,201.9,93.0,10.57,14.0
8480051,2022,Cayden Primeau,12,519.2166666666667,302.0,26.55,40.0
8480051,2023,Cayden Primeau,3,138.58333333333334,54.0,6.78,8.0
8480051,2024,Cayden Primeau,23,1324.8333333333333,731.0,69.58,66.0
8480051,2025,Cayden Primeau,11,523.7,250.0,31.53,41.0
8480051,2026,Cayden Primeau,3,181.46666666666667,80.0,5.61,13.0
8480112,2019,Hunter Miska,1,18.266666666666666,9.0,0.29,1.0
8480112,2021,Hunter Miska,5,259.8,111.0,9.17,18.0
8480162,2020,Matiss Kivlenieks,6,284.8333333333333,137.0,10.57,14.0
8480162,2021,Matiss Kivlenieks,2,123.35,71.0,6.0,7.0
8480191,2024,Matt Villalta,2,71.96666666666667,29.0,2.54,5.0
8480191,2025,Matt Villalta,1,60.0,31.0,3.72,3.0
8480193,2022,Daniil Tarasov,4,174.85,111.0,9.62,7.0
8480193,2023,Daniil Tarasov,17,874.1333333333333,528.0,49.68,57.0
8480193,2024,Daniil Tarasov,24,1376.4666666666667,796.0,73.04,73.0
8480193,2025,Daniil Tarasov,20,1100.4166666666667,544.0,60.64,65.0
8480193,2026,Daniil Tarasov,33,1905.6666666666667,924.0,95.24,97.0
8480199,2023,Eetu Makiniemi,2,84.33333333333333,32.0,3.43,3.0
8480213,2020,Gilles Senn,2,70.08333333333333,41.0,3.26,4.0
8480238,2023,Jiri Patera,2,120.0,70.0,7.0,5.0
8480238,2024,Jiri Patera,6,316.76666666666665,196.0,17.03,21.0
8480238,2026,Jiri Patera,1,56.81666666666667,40.0,3.38,7.0
8480263,2018,Dylan Ferguson,1,9.233333333333333,2.0,0.3,1.0
8480263,2023,Dylan Ferguson,2,118.86666666666666,83.0,7.97,5.0
8480280,2021,Jeremy Swayman,10,601.7166666666667,271.0,20.65,15.0
8480280,2022,Jeremy Swayman,41,2390.233333333333,1111.0,100.15,96.0
8480280,2023,Jeremy Swayman,37,2012.9833333333333,953.0,100.0,76.0
8480280,2024,Jeremy Swayman,44,2565.85,1287.0,126.41,108.0
8480280,2025,Jeremy Swayman,58,3390.5833333333335,1632.0,166.9,176.0
8480280,2026,Jeremy Swayman,55,3235.2833333333333,1572.0,174.78,146.0
8480313,2021,Logan Thompson,1,8.25,2.0,0.14,0.0
8480313,2022,Logan Thompson,19,1097.7333333333333,569.0,49.65,49.0
8480313,2023,Logan Thompson,37,2171.366666666667,1132.0,96.08,96.0
8480313,2024,Logan Thompson,46,2645.4666666666667,1298.0,123.56,119.0
8480313,2025,Logan Thompson,43,2535.15,1172.0,130.96,105.0
8480313,2026,Logan Thompson,58,3445.05,1587.0,169.32,140.0
8480363,2019,Kaden Fulcher,1,27.216666666666665,11.0,1.23,2.0
8480373,2021,Josef Korenar,10,491.8333333333333,258.0,21.33,26.0
8480373,2022,Josef Korenar,2,70.3,35.0,5.52,3.0
8480382,2018,Alexandar Georgiev,10,514.7666666666667,331.0,27.46,27.0
8480382,2019,Alexandar Georgiev,33,1869.1833333333334,1057.0,89.54,91.0
8480382,2020,Alexandar Georgiev,34,1891.4,1062.0,95.92,96.0
8480382,2021,Alexandar Georgiev,19,954.3333333333334,465.0,36.83,44.0
8480382,2022,Alexandar Georgiev,33,1746.1,833.0,78.16,85.0
8480382,2023,Alexandar Georgiev,62,3700.3333333333335,1905.0,177.92,156.0
8480382,2024,Alexandar Georgiev,63,3637.95,1771.0,187.97,183.0
8480382,2025,Alexandar Georgiev,49,2671.8,1317.0,147.05,165.0
8480420,2018,Collin Delia,2,105.98333333333333,63.0,4.0,7.0
8480420,2019,Collin Delia,16,831.05,546.0,46.21,50.0
8480420,2021,Collin Delia,6,334.48333333333335,198.0,19.55,20.0
8480420,2022,Collin Delia,8,343.1,218.0,17.13,22.0
8480420,2023,Collin Delia,20,1135.6666666666667,526.0,57.73,62.0
8480591,2022,Thomas Hodges,1,19.266666666666666,3.0,0.34,1.0
8480819,2025,Jakub Skarek,2,76.15,39.0,2.61,5.0
8480843,2022,Lukas Dostal,4,201.45,108.0,8.62,10.0
8480843,2023,Lukas Dostal,19,1062.7166666666667,679.0,66.68,67.0
8480843,2024,Lukas Dostal,44,2322.8166666666666,1310.0,123.73,129.0
8480843,2025,Lukas Dostal,54,3057.65,1625.0,172.35,158.0
8480843,2026,Lukas Dostal,56,3267.9333333333334,1513.0,166.08,169.0
8480867,2023,Kevin Mandolese,3,182.2,119.0,13.02,10.0
8480885,2025,Olivier Rodrigue,2,77.41666666666667,29.0,3.35,4.0
8480925,2019,Pavel Francouz,2,61.18333333333333,32.0,2.57,2.0
8480925,2020,Pavel Francouz,34,1873.8833333333334,996.0,77.01,77.0
8480925,2022,Pavel Francouz,21,1200.15,608.0,52.94,51.0
8480925,2023,Pavel Francouz,16,965.0833333333334,493.0,41.43,42.0
8480947,2021,Kevin Lankinen,37,2174.8166666666666,1202.0,94.71,109.0
8480947,2022,Kevin Lankinen,32,1815.5833333333333,973.0,77.38,106.0
8480947,2023,Kevin Lankinen,19,1069.1666666666667,583.0,57.57,49.0
8480947,2024,Kevin Lankinen,24,1191.4166666666667,610.0,60.08,56.0
8480947,2025,Kevin Lankinen,51,3019.7833333333333,1345.0,132.09,132.0
8480947,2026,Kevin Lankinen,47,2592.35,1285.0,140.67,160.0
8480981,2022,Joel Hofer,2,117.15,50.0,5.08,6.0
8480981,2023,Joel Hofer,6,317.2,179.0,17.31,17.0
8480981,2024,Joel Hofer,30,1628.65,831.0,82.33,72.0
8480981,2025,Joel Hofer,31,1678.8166666666666,767.0,69.66,74.0
8480981,2026,Joel Hofer,46,2624.65,1251.0,125.69,114.0
8480992,2024,Magnus Chrona,9,471.25,262.0,29.38,37.0
8481001,2021,Veini Vehvilainen,1,10.666666666666666,4.0,0.13,1.0
8481020,2022,Justus Annunen,2,96.76666666666667,51.0,4.49,7.0
8481020,2023,Justus Annunen,2,117.33333333333333,48.0,4.7,7.0
8481020,2024,Justus Annunen,14,801.0833333333334,414.0,41.51,30.0
8481020,2025,Justus Annunen,34,1789.8166666666666,814.0,85.9,95.0
8481020,2026,Justus Annunen,28,1500.5333333333333,712.0,75.31,67.0
8481031,2021,Ivan Prosvetov,3,130.01666666666668,51.0,4.93,9.0
8481031,2022,Ivan Prosvetov,3,185.0,104.0,9.99,13.0
8481031,2023,Ivan Prosvetov,7,422.03333333333336,234.0,26.28,28.0
8481031,2024,Ivan Prosvetov,11,494.18333333333334,248.0,26.87,26.0
8481033,2022,Akira Schmid,6,235.98333333333332,114.0,9.72,19.0
8481033,2023,Akira Schmid,18,901.35,408.0,40.18,32.0
8481033,2024,Akira Schmid,19,914.15,457.0,44.95,48.0
8481033,2025,Akira Schmid,5,238.1,90.0,7.36,5.0
8481033,2026,Akira Schmid,34,1965.7833333333333,791.0,84.0,85.0
8481035,2023,Samuel Ersson,12,644.9166666666666,327.0,34.68,33.0
8481035,2024,Samuel Ersson,51,2809.4666666666667,1204.0,127.24,132.0
8481035,2025,Samuel Ersson,47,2601.7833333333333,1162.0,116.12,136.0
8481035,2026,Samuel Ersson,33,1866.5833333333333,744.0,80.48,97.0
8481501,2021,Artyom Zagidulin,1,28.216666666666665,11.0,0.96,2.0
8481519,2021,Spencer Knight,4,206.9,100.0,6.9,8.0
8481519,2022,Spencer Knight,32,1740.2333333333333,876.0,84.99,81.0
8481519,2023,Spencer Knight,21,1168.75,627.0,57.52,62.0
8481519,2025,Spencer Knight,38,2202.85,1012.0,106.9,100.0
8481519,2026,Spencer Knight,54,3231.15,1551.0,162.9,152.0
8481529,2025,Trent Miner,2,91.63333333333334,33.0,2.35,4.0
8481529,2026,Trent Miner,4,236.56666666666666,105.0,9.23,8.0
8481544,2022,Mads Sogaard,2,117.3,54.0,6.13,6.0
8481544,2023,Mads Sogaard,19,1047.75,524.0,53.17,58.0
8481544,2024,Mads Sogaard,6,281.56666666666666,135.0,8.71,19.0
8481544,2025,Mads Sogaard,2,91.55,40.0,6.21,8.0
8481544,2026,Mads Sogaard,2,77.41666666666667,36.0,3.39,6.0
8481551,2026,Colten Ellis,16,911.3333333333334,455.0,45.86,44.0
8481597,2022,Hugo Alnefelt,1,20.0,10.0,0.84,3.0
8481611,2022,Pyotr Kochetkov,3,148.6,61.0,5.04,6.0
8481611,2023,Pyotr Kochetkov,24,1403.9333333333334,627.0,61.92,57.0
8481611,2024,Pyotr Kochetkov,42,2371.483333333333,1031.0,92.68,92.0
8481611,2025,Pyotr Kochetkov,47,2790.7,1172.0,126.99,121.0
8481611,2026,Pyotr Kochetkov,9,490.15,189.0,18.97,19.0
8481668,2023,Arturs Silovs,5,305.93333333333334,152.0,13.23,14.0
8481668,2024,Arturs Silovs,4,243.21666666666667,84.0,9.97,10.0
8481668,2025,Arturs Silovs,10,542.5166666666667,238.0,22.83,33.0
8481668,2026,Arturs Silovs,39,2246.55,1021.0,103.12,115.0
8481692,2023,Dustin Wolf,1,59.9,24.0,2.38,1.0
8481692,2024,Dustin Wolf,17,950.5,467.0,39.93,50.0
8481692,2025,Dustin Wolf,53,3182.366666666667,1549.0,151.93,140.0
8481692,2026,Dustin Wolf,57,3149.233333333333,1560.0,156.22,158.0
8481707,2025,Erik Portillo,1,58.61666666666667,29.0,2.74,1.0
8482076,2022,Nico Daws,25,1271.5333333333333,617.0,58.36,66.0
8482076,2024,Nico Daws,21,1144.05,568.0,57.4,60.0
8482076,2025,Nico Daws,6,262.85,114.0,11.95,7.0
8482076,2026,Nico Daws,3,183.26666666666668,87.0,8.45,8.0
8482123,2025,Drew Commesso,2,71.35,26.0,3.84,4.0
8482123,2026,Drew Commesso,3,181.71666666666667,85.0,8.57,7.0
8482137,2023,Yaroslav Askarov,1,57.833333333333336,35.0,4.02,4.0
8482137,2024,Yaroslav Askarov,2,81.66666666666667,35.0,3.86,2.0
8482137,2025,Yaroslav Askarov,13,716.8,357.0,38.69,37.0
8482137,2026,Yaroslav Askarov,47,2596.483333333333,1342.0,138.09,157.0
8482193,2026,Dylan Garand,3,185.0,96.0,8.88,5.0
8482221,2023,Devon Levi,7,429.01666666666665,222.0,24.12,21.0
8482221,2024,Devon Levi,23,1294.9,666.0,77.66,67.0
8482221,2025,Devon Levi,9,480.6333333333333,258.0,24.97,33.0
8482246,2021,Alexei Melnichuk,3,130.58333333333334,81.0,6.98,11.0
8482411,2024,Hunter Shepard,4,244.83333333333334,123.0,12.99,13.0
8482411,2025,Hunter Shepard,1,60.0,26.0,3.23,7.0
8482411,2026,Hunter Shepard,1,35.78333333333333,12.0,0.74,2.0
8482445,2024,Devin Cooley,6,301.48333333333335,192.0,18.98,25.0
8482445,2026,Devin Cooley,31,1718.0,847.0,94.26,77.0
8482446,2025,Joel Blomqvist,15,772.45,425.0,44.33,49.0
8482447,2023,Leevi Merilainen,2,85.08333333333333,49.0,5.32,6.0
8482447,2025,Leevi Merilinen,12,662.9833333333333,295.0,28.75,22.0
8482447,2026,Leevi Merilinen,20,1094.4833333333333,457.0,46.7,64.0
8482487,2025,Jakub Dobes,16,874.7833333333333,440.0,49.03,40.0
8482487,2026,Jakub Dobes,43,2525.5833333333335,1187.0,134.26,117.0
8482515,2026,Artur Akhtyamov,3,126.0,82.0,10.42,11.0
8482657,2025,Sebastian Cossa,1,45.0,14.0,1.67,2.0
8482661,2024,Jesper Wallstedt,3,179.28333333333333,87.0,6.33,9.0
8482661,2025,Jesper Wallstedt,2,117.43333333333334,51.0,5.3,8.0
8482661,2026,Jesper Wallstedt,35,1996.65,1021.0,93.18,87.0
8482668,2025,Tristan Lennox,1,4.716666666666667,2.0,0.06,1.0
8482761,2026,Carl Lindbom,8,480.6666666666667,189.0,19.84,24.0
8482783,2025,Aleksei Kolosov,17,901.9166666666666,406.0,45.01,54.0
8482783,2026,Aleksei Kolosov,4,120.01666666666667,47.0,3.97,8.0
8482821,2022,Arvid Soderblom,3,155.81666666666666,95.0,7.25,13.0
8482821,2023,Arvid Soderblom,15,835.2333333333333,453.0,44.21,48.0
8482821,2024,Arvid Soderblom,32,1744.3333333333333,943.0,95.77,114.0
8482821,2025,Arvid Soderblom,36,2096.5,1087.0,111.96,111.0
8482821,2026,Arvid Soderblom,26,1468.6166666666666,774.0,88.98,93.0
8482949,2026,Arsenii Sergeev,1,60.0,28.0,3.62,1.0
8482982,2023,Jet Greaves,1,58.95,49.0,6.03,3.0
8482982,2024,Jet Greaves,9,515.8666666666667,327.0,33.86,30.0
8482982,2025,Jet Greaves,11,660.1,339.0,35.46,21.0
8482982,2026,Jet Greaves,55,3276.1,1539.0,158.46,142.0
8483114,2026,Thomas Milic,3,138.63333333333333,62.0,6.17,8.0
8483158,2023,Matthew Berlin,1,2.433333333333333,1.0,0.01,0.0
8483183,2023,Jett Alexander,1,1.1666666666666667,0.0,0.0,0.0
8483530,2023,Jaxson Stauber,6,363.5,191.0,18.56,17.0
8483530,2025,Jaxson Stauber,6,313.18333333333334,158.0,17.43,17.0
8483532,2025,Clay Stevenson,1,60.0,38.0,3.77,5.0
8483532,2026,Clay Stevenson,4,239.73333333333332,101.0,11.15,8.0
8483548,2026,Brandon Bussi,39,2360.8166666666666,912.0,99.78,97.0
8483575,2023,Matt Murray,3,177.03333333333333,64.0,7.98,10.0
8483575,2024,Matt Murray,1,60.0,23.0,2.04,0.0
8483668,2025,Nikke Kokko,1,29.95,6.0,0.58,2.0
8483668,2026,Nikke Kokko,3,177.68333333333334,82.0,7.69,9.0
8483703,2026,Sergei Murashov,5,281.28333333333336,116.0,8.48,12.0
8483710,2025,Dennis Hildeby,6,360.81666666666666,157.0,15.65,20.0
8483710,2026,Dennis Hildeby,20,1008.7333333333333,549.0,58.45,48.0
8483746,2026,Vyacheslav Buteyets,1,20.0,13.0,1.61,3.0
8484170,2026,Jacob Fowler,17,1010.7,448.0,48.12,41.0
8484268,2025,Nikita Tolopilo,2,83.65,24.0,2.03,3.0
8484268,2026,Nikita Tolopilo,21,1145.6833333333334,582.0,61.47,69.0
8484293,2024,Yaniv Perets,1,12.766666666666667,1.0,0.08,0.0
8484293,2025,Yaniv Perets,1,8.2,7.0,0.97,1.0
8484312,2024,Georgi Romanov,2,59.25,30.0,2.99,1.0
8484312,2025,Georgi Romanov,8,416.93333333333334,219.0,21.53,27.0
8484910,2025,Victor Ostman,1,20.0,12.0,1.44,0.0
8484910,2026,Victor Ostman,1,57.166666666666664,35.0,2.64,2.0
