player_id,name,team,pos,age,on_opening_roster,has_hist,nhl_gp,q,games_out,games_out_min,games_out_max,games_out_source,score,gp,gp_p10,gp_p90,toi,toi_p10,toi_p90,toi_ev,toi_pp,toi_sh,toi_oth,tpg_ev_n,tpg_pp_n,tpg_sh_n,tpg_oth_n,g,g_p10,g_p90,g_sd,a,a_p10,a_p90,a_sd,p,p_p10,p_p50,p_p90,p_sd,g_hattrick,a_hattrick,a1,a2,ppg,ppa,sog,sog_p10,sog_p90,ixg,hits,blk,pim,fow,fol,tk,gv,fin,rel_xgf60,rel_xgf60_sd,rel_xga60,rel_xga60_sd,pr_prosp,gp_last,p_last,tpg_ev,tpg_pp,tpg_sh,tpg_oth,r60_g_ev,r60_g_pp,r60_g_sh,r60_g_oth,r60_a1_ev,r60_a1_pp,r60_a1_sh,r60_a1_oth,r60_a2_ev,r60_a2_pp,r60_a2_sh,r60_a2_oth,r60_sog_ev,r60_sog_pp,r60_sog_sh,r60_sog_oth,r60_ixg_ev,r60_ixg_pp,r60_ixg_sh,r60_ixg_oth,r60_hits,r60_blk,r60_pim,r60_fow,r60_fol,r60_tk,r60_gv,r60_pen,r60_pend,sd60_g_ev,sd60_g_pp,sd60_g_sh,sd60_g_oth,sd60_a1_ev,sd60_a1_pp,sd60_a1_sh,sd60_a1_oth,sd60_a2_ev,sd60_a2_pp,sd60_a2_sh,sd60_a2_oth,sd60_sog_ev,sd60_sog_pp,sd60_sog_sh,sd60_sog_oth,sd60_ixg_ev,sd60_ixg_pp,sd60_ixg_sh,sd60_ixg_oth,sd60_hits,sd60_blk,sd60_pim,sd60_fow,sd60_fol,sd60_tk,sd60_gv,sd60_pen,sd60_pend,goal_scale
8478402,Connor McDavid,EDM,F,30.051,True,True,307.000,0.079,0.000,0.000,0.000,,22.450,77.109,59.222,83.222,1800.030,1328.813,2193.963,1296.241,308.965,78.593,116.231,16.810,4.007,1.019,1.507,41.481,26.800,56.691,12.875,86.632,59.536,114.743,24.198,128.113,88.409,131.016,168.297,34.660,40.656,81.108,55.460,31.172,11.714,34.748,269.098,193.672,335.900,38.241,57.218,29.840,37.984,452.559,459.398,37.544,130.045,1.112,0.996,0.077,0.082,0.065,,82.000,137.000,17.014,3.336,0.916,1.184,0.949,2.229,0.665,4.030,0.939,3.765,0.388,6.067,0.565,2.553,0.047,1.948,7.341,14.220,5.804,15.315,0.862,2.100,0.611,4.137,1.907,0.995,1.266,15.085,15.313,1.252,4.335,0.618,1.429,0.068,0.230,0.144,0.438,0.062,0.238,0.110,0.427,0.038,0.217,0.022,0.283,0.248,0.718,0.718,1.171,0.033,0.156,0.096,0.395,0.074,0.103,0.101,1.008,1.062,0.094,0.159,0.049,0.063,1.058
8476453,Nikita Kucherov,TBL,F,33.626,True,True,317.000,0.044,0.000,0.000,0.000,,19.595,77.794,72.583,81.683,1571.201,1290.951,1890.310,1129.095,343.686,1.498,96.923,14.514,4.418,0.019,1.246,36.973,24.151,50.402,10.937,76.441,54.545,99.464,19.859,113.414,81.857,114.813,146.705,28.451,34.773,71.034,47.985,28.456,9.676,32.255,230.016,179.076,285.927,30.006,33.770,28.868,34.401,2.598,3.925,27.360,135.181,1.242,0.782,0.079,0.282,0.067,,76.000,128.000,14.556,3.781,0.022,1.235,0.954,1.589,0.720,4.771,1.004,3.091,0.362,4.947,0.591,2.142,0.050,1.890,7.440,11.212,4.978,15.883,0.743,1.365,0.631,5.073,1.290,1.102,1.314,0.099,0.150,1.045,5.162,0.625,0.996,0.066,0.221,0.156,0.395,0.061,0.220,0.116,0.376,0.037,0.202,0.022,0.265,0.255,0.691,1.098,1.141,0.033,0.151,0.136,0.369,0.186,0.097,0.133,0.847,0.896,0.091,0.163,0.057,0.067,1.062
8477492,Nathan MacKinnon,COL,F,31.420,True,True,312.000,0.059,0.000,0.000,0.000,,21.683,79.115,67.102,84.000,1638.965,1292.639,1986.268,1269.900,272.176,3.150,93.739,16.051,3.440,0.040,1.185,40.799,26.496,55.200,12.154,69.697,48.057,91.644,19.423,110.496,80.104,112.368,142.407,29.138,37.291,62.719,44.120,25.577,8.809,20.860,293.584,226.079,364.903,31.164,48.575,41.485,28.063,612.354,626.456,25.134,133.999,1.252,0.819,0.075,0.235,0.064,,80.000,126.000,16.543,3.871,0.040,1.229,1.045,1.775,0.626,4.537,1.033,2.387,0.399,4.477,0.565,1.751,0.052,1.998,9.218,15.274,4.637,18.529,0.837,1.524,0.519,4.169,1.778,1.519,1.027,22.417,22.934,0.920,4.905,0.498,0.849,0.067,0.221,0.158,0.413,0.062,0.226,0.117,0.397,0.038,0.206,0.023,0.271,0.249,0.686,1.072,1.159,0.033,0.147,0.134,0.374,0.031,0.088,0.109,0.817,0.875,0.090,0.161,0.051,0.064,1.070
8484801,Macklin Celebrini,SJS,F,20.638,True,True,152.000,0.121,0.000,0.000,0.000,,22.367,72.981,44.008,83.008,1642.177,969.662,2099.280,1254.140,261.080,12.959,113.998,17.184,3.577,0.178,1.562,40.052,20.641,56.763,14.462,61.497,33.322,87.470,21.530,101.549,54.995,105.839,140.082,33.997,39.595,60.584,37.696,23.800,8.458,17.734,271.734,155.807,355.691,30.811,45.490,49.998,37.693,585.381,619.514,34.586,132.055,1.264,0.351,0.090,0.063,0.074,,82.000,113.000,17.285,3.595,0.187,1.300,1.071,1.922,0.659,4.587,0.977,2.203,0.400,3.713,0.525,1.812,0.053,2.407,7.915,14.706,5.008,21.693,0.783,1.512,0.561,4.073,1.662,1.827,1.377,21.388,22.635,1.264,4.825,0.702,1.028,0.084,0.289,0.177,0.520,0.075,0.285,0.128,0.483,0.044,0.259,0.025,0.319,0.317,0.895,1.075,1.385,0.042,0.193,0.136,0.460,0.196,0.111,0.140,0.990,1.064,0.102,0.182,0.062,0.075,1.025
8477934,Leon Draisaitl,EDM,F,31.266,True,True,297.000,0.066,0.000,0.000,0.000,,20.908,74.718,57.598,80.598,1625.936,1196.589,1998.120,1180.712,296.063,30.816,118.345,15.802,3.962,0.412,1.584,41.526,27.505,56.975,12.597,61.844,40.964,82.902,18.377,103.369,70.425,105.638,135.960,28.918,41.411,61.892,38.344,23.500,16.915,22.392,217.786,153.209,277.142,31.180,39.166,23.652,35.642,724.162,568.431,36.972,131.195,1.403,0.511,0.081,0.043,0.068,,65.000,96.000,15.994,3.299,0.371,1.244,0.861,3.419,0.574,3.705,0.945,2.579,0.389,3.478,0.490,1.963,0.047,2.111,5.617,15.694,5.310,13.729,0.600,2.534,0.484,3.354,1.445,0.873,1.315,26.723,20.976,1.364,4.841,0.658,0.763,0.069,0.234,0.150,0.429,0.063,0.239,0.113,0.412,0.038,0.218,0.022,0.277,0.262,0.745,0.859,1.185,0.035,0.161,0.112,0.394,0.174,0.106,0.127,0.933,0.995,0.097,0.169,0.057,0.069,1.058
8477956,David Pastrnak,BOS,F,30.689,True,True,323.000,0.062,0.000,0.000,0.000,,20.132,76.785,64.581,81.581,1573.642,1265.099,1893.597,1188.013,279.440,3.006,103.182,15.472,3.639,0.039,1.344,35.051,22.741,47.459,10.581,59.040,41.037,79.072,16.244,94.091,68.747,94.652,123.546,24.653,35.022,58.231,40.495,18.545,8.633,17.632,277.594,216.356,343.798,31.109,71.851,26.511,44.535,5.218,10.177,33.269,142.312,1.186,0.226,0.079,0.047,0.066,,77.000,99.000,15.573,3.327,0.039,1.193,0.955,1.852,0.567,4.341,1.113,2.301,0.361,4.163,0.448,1.433,0.048,1.601,8.802,14.575,4.022,20.489,0.776,1.690,0.480,4.560,2.740,1.011,1.698,0.199,0.388,1.268,5.426,0.808,1.158,0.068,0.225,0.159,0.420,0.062,0.227,0.118,0.397,0.038,0.207,0.023,0.272,0.256,0.708,1.082,1.168,0.034,0.153,0.135,0.384,0.200,0.100,0.132,0.809,0.873,0.093,0.164,0.058,0.068,1.014
8478864,Kirill Kaprizov,MIN,F,29.769,True,True,261.000,0.135,0.000,0.000,0.000,,21.736,72.494,41.092,83.092,1613.022,901.385,2067.949,1235.899,281.250,1.041,94.833,17.048,3.880,0.014,1.308,41.816,21.716,59.719,14.995,50.695,28.141,71.916,18.356,92.511,51.907,95.535,129.503,31.285,38.926,49.080,31.569,19.126,13.333,15.698,242.613,136.939,321.203,35.182,47.043,27.995,29.549,2.091,4.869,24.351,113.647,1.147,0.334,0.082,-0.052,0.069,,78.000,85.000,16.993,3.593,0.018,1.132,0.870,2.648,0.618,5.436,0.759,2.023,0.401,3.441,0.488,1.219,0.051,1.734,6.853,14.915,4.476,19.903,0.700,2.573,0.532,5.495,1.750,1.041,1.099,0.078,0.181,0.906,4.227,0.538,0.753,0.072,0.243,0.163,0.466,0.066,0.248,0.119,0.442,0.039,0.225,0.023,0.291,0.274,0.768,1.119,1.295,0.036,0.164,0.139,0.424,0.093,0.098,0.122,0.869,0.941,0.099,0.176,0.056,0.070,1.069
8480027,Jason Robertson,DAL,F,27.532,True,True,328.000,0.061,0.000,0.000,0.000,,20.002,81.234,65.528,84.000,1618.034,1248.482,1962.597,1256.750,271.126,2.901,87.256,15.471,3.338,0.036,1.074,38.889,25.106,52.303,11.588,50.689,33.226,69.566,15.198,89.578,61.458,90.624,118.749,24.482,38.297,50.253,26.588,24.100,10.871,18.374,256.435,192.390,319.616,31.018,56.086,34.629,26.281,4.156,6.797,28.860,105.035,1.262,0.450,0.079,-0.056,0.067,,82.000,95.000,15.267,3.580,0.038,1.116,1.054,2.369,0.619,3.772,0.738,1.666,0.369,2.310,0.511,2.365,0.050,1.715,8.205,13.921,4.277,14.754,0.805,1.851,0.502,3.964,2.080,1.284,0.975,0.154,0.252,1.070,3.895,0.489,0.731,0.071,0.243,0.169,0.457,0.064,0.235,0.122,0.420,0.039,0.215,0.024,0.288,0.265,0.739,1.133,1.261,0.035,0.161,0.140,0.414,0.214,0.101,0.137,0.836,0.893,0.092,0.164,0.059,0.068,1.048
8478398,Kyle Connor,WPG,F,30.146,True,True,311.000,0.072,0.000,0.000,0.000,,20.984,79.193,62.035,84.000,1704.595,1274.668,2083.924,1266.851,243.803,92.194,101.747,15.997,3.079,1.164,1.285,34.891,22.155,47.332,10.900,47.578,29.313,65.465,14.883,82.469,54.425,84.112,109.840,23.658,35.046,49.365,28.342,19.236,6.186,14.272,249.382,182.464,313.404,30.040,29.196,27.320,18.314,4.929,9.183,27.379,75.873,1.224,0.162,0.078,0.237,0.066,,82.000,91.000,15.868,2.902,0.957,1.256,1.000,1.529,0.682,3.934,0.717,2.027,0.386,3.210,0.475,1.617,0.043,1.935,7.955,11.787,6.292,14.064,0.792,1.557,0.774,3.422,1.028,0.962,0.645,0.173,0.323,0.964,2.671,0.310,0.496,0.067,0.231,0.141,0.426,0.061,0.235,0.108,0.412,0.038,0.215,0.022,0.277,0.248,0.727,0.684,1.127,0.033,0.160,0.092,0.388,0.200,0.112,0.121,1.010,1.065,0.094,0.158,0.054,0.065,0.986
8478403,Jack Eichel,VGK,F,30.262,True,True,281.000,0.103,0.000,0.000,0.000,,20.687,76.653,52.736,84.000,1597.520,1058.845,1988.964,1135.650,247.191,113.070,101.609,14.815,3.225,1.475,1.326,30.909,17.988,43.847,10.836,60.299,35.772,81.930,19.165,91.208,57.186,92.641,123.521,27.889,28.154,53.660,31.076,29.222,5.621,22.087,246.385,159.031,316.213,26.331,33.432,50.198,15.124,547.448,625.819,31.961,111.152,1.099,0.391,0.084,0.035,0.070,,74.000,89.000,14.926,3.277,1.256,1.228,0.922,1.243,0.543,2.690,0.751,1.778,0.504,3.048,0.511,2.993,0.043,2.319,8.420,12.427,4.943,15.651,0.769,1.148,0.561,3.532,1.256,1.885,0.568,20.561,23.505,1.200,4.175,0.259,0.763,0.069,0.239,0.133,0.423,0.064,0.238,0.102,0.412,0.039,0.218,0.022,0.281,0.264,0.741,0.581,1.135,0.035,0.167,0.079,0.391,0.210,0.120,0.128,1.156,1.198,0.097,0.163,0.057,0.067,1.121
8476460,Mark Scheifele,WPG,F,33.884,True,True,319.000,0.051,0.000,0.000,0.000,,20.495,80.319,70.704,84.000,1677.627,1367.454,2021.434,1301.151,245.397,25.710,105.368,16.200,3.055,0.320,1.312,31.148,20.540,43.242,9.571,48.856,32.656,66.302,14.508,80.004,57.241,80.927,104.613,21.770,32.342,50.381,30.291,18.565,7.090,11.949,165.371,124.799,210.027,26.434,47.558,46.123,37.489,593.620,647.015,29.962,107.459,1.275,0.231,0.076,0.330,0.065,,82.000,101.000,16.069,2.880,0.263,1.283,0.854,1.800,0.607,3.527,0.880,1.523,0.434,3.263,0.463,1.490,0.044,1.703,4.607,9.959,4.305,13.036,0.652,1.409,0.702,3.546,1.701,1.650,1.341,21.231,23.140,1.072,3.843,0.573,0.949,0.064,0.222,0.150,0.414,0.060,0.231,0.113,0.399,0.037,0.210,0.022,0.267,0.242,0.723,0.925,1.139,0.032,0.155,0.119,0.381,0.186,0.100,0.121,0.828,0.898,0.092,0.160,0.054,0.066,0.986
8482740,Wyatt Johnston,DAL,F,23.721,True,True,328.000,0.071,0.000,0.000,0.000,,20.643,80.895,65.451,84.000,1661.951,1257.242,2029.920,1275.383,253.748,45.510,87.310,15.766,3.137,0.563,1.079,40.346,25.165,55.572,12.456,44.532,27.243,61.550,14.324,84.877,57.535,85.276,113.016,24.571,39.737,45.346,27.226,17.305,14.301,13.276,217.215,156.770,273.315,34.293,50.096,48.964,28.402,405.467,422.707,27.489,70.049,1.178,0.287,0.081,0.218,0.068,,82.000,86.000,15.558,3.365,0.599,1.121,0.965,3.330,0.643,3.201,0.735,1.838,0.299,2.821,0.451,1.359,0.046,1.547,6.460,14.468,3.862,10.837,0.840,2.796,0.493,2.911,1.809,1.768,1.025,14.638,15.261,0.992,2.529,0.514,0.569,0.074,0.261,0.151,0.487,0.067,0.253,0.113,0.453,0.041,0.232,0.024,0.306,0.272,0.791,0.679,1.299,0.036,0.175,0.092,0.439,0.232,0.109,0.134,0.967,1.018,0.092,0.159,0.058,0.067,1.048
8480039,Martin Necas,COL,F,28.047,True,True,316.000,0.075,0.000,0.000,0.000,,21.110,78.087,62.228,84.000,1575.119,1201.966,1933.035,1237.772,260.174,1.583,75.590,15.851,3.332,0.020,0.968,32.887,19.978,46.264,10.876,53.618,33.831,72.948,16.378,86.505,56.971,87.566,116.052,25.084,31.645,51.327,31.824,21.794,8.969,15.710,204.125,151.162,258.991,25.174,72.851,24.929,28.542,46.023,68.213,23.444,110.096,1.228,0.220,0.080,0.328,0.067,,78.000,99.000,16.337,3.749,0.021,1.004,0.906,1.990,0.620,3.419,0.874,1.636,0.405,4.229,0.523,1.832,0.052,1.695,6.678,11.352,4.053,13.516,0.701,1.551,0.497,3.159,2.775,0.950,1.087,1.753,2.598,0.893,4.194,0.545,1.006,0.072,0.245,0.165,0.469,0.065,0.243,0.120,0.437,0.039,0.222,0.023,0.293,0.268,0.755,1.064,1.295,0.035,0.163,0.134,0.423,0.140,0.097,0.125,0.850,0.912,0.094,0.169,0.056,0.068,1.070
8480018,Nick Suzuki,MTL,F,27.480,True,True,328.000,0.061,0.000,0.000,0.000,,20.743,77.555,64.336,82.336,1558.217,1240.886,1870.531,1172.946,230.678,53.634,100.960,15.124,2.974,0.692,1.302,28.129,17.638,39.426,9.101,54.658,36.763,72.476,15.343,82.788,58.575,83.678,108.782,22.115,27.023,51.672,32.871,21.787,6.883,18.882,158.449,120.047,200.575,22.226,54.808,53.762,17.188,637.225,616.840,26.713,81.055,1.192,0.317,0.079,-0.056,0.066,,82.000,101.000,15.234,3.329,0.672,1.508,0.736,1.720,0.657,3.231,0.858,2.447,0.300,2.745,0.499,2.196,0.045,1.406,5.137,8.764,4.955,11.824,0.575,1.331,0.454,3.249,2.110,2.070,0.662,24.537,23.752,1.029,3.121,0.323,0.498,0.070,0.237,0.147,0.404,0.063,0.231,0.110,0.379,0.039,0.212,0.023,0.268,0.257,0.715,0.683,1.069,0.034,0.158,0.092,0.359,0.211,0.106,0.127,0.950,0.998,0.090,0.154,0.055,0.065,1.031
8478483,Mitch Marner,VGK,F,29.744,True,True,311.000,0.069,0.000,0.000,0.000,,19.788,79.571,62.414,84.000,1587.142,1214.692,1926.232,1109.966,258.577,120.085,98.514,13.949,3.250,1.509,1.238,27.881,16.122,39.153,9.496,61.869,40.346,83.065,18.299,89.750,61.010,91.691,119.903,25.499,25.089,53.714,39.461,22.408,6.567,20.684,158.774,113.340,202.981,19.842,36.762,42.504,20.362,74.973,112.775,43.140,111.190,1.248,0.268,0.082,-0.018,0.068,,81.000,79.000,14.053,3.303,1.285,1.147,0.785,1.371,0.471,2.256,0.934,2.459,0.358,3.452,0.509,1.708,0.041,1.583,5.485,8.117,3.741,9.040,0.576,0.987,0.423,2.492,1.390,1.607,0.770,2.834,4.263,1.631,4.203,0.387,0.680,0.068,0.234,0.126,0.396,0.062,0.227,0.098,0.382,0.038,0.210,0.021,0.271,0.256,0.711,0.516,1.058,0.034,0.162,0.070,0.365,0.237,0.117,0.132,1.113,1.149,0.092,0.153,0.056,0.065,1.121
8477404,Jake Guentzel,TBL,F,32.323,True,True,306.000,0.052,0.000,0.000,0.000,,19.577,78.186,62.345,83.345,1564.013,1236.614,1912.621,1070.082,334.740,76.286,82.905,13.686,4.281,0.976,1.060,35.403,22.773,48.798,11.142,47.425,30.725,64.627,14.775,82.828,55.639,83.459,110.209,23.661,33.134,45.780,27.748,19.677,11.256,19.042,208.509,156.238,261.749,34.165,39.901,40.787,38.131,148.808,167.590,24.398,73.837,1.042,0.296,0.081,0.163,0.068,,81.000,87.000,13.726,3.664,1.135,1.051,0.892,1.888,0.660,4.231,0.746,1.650,0.299,2.818,0.447,1.645,0.046,1.297,6.673,11.154,5.489,14.683,0.875,1.852,0.576,5.419,1.531,1.565,1.463,5.709,6.429,0.936,2.833,0.633,0.901,0.066,0.226,0.139,0.410,0.061,0.221,0.106,0.400,0.038,0.204,0.022,0.279,0.254,0.689,0.684,1.151,0.033,0.157,0.091,0.390,0.215,0.116,0.132,1.131,1.163,0.093,0.158,0.057,0.066,1.062
8481557,Matt Boldy,MIN,F,25.826,True,True,314.000,0.081,0.000,0.000,0.000,,20.773,76.476,54.462,83.462,1603.312,1097.653,1993.801,1117.652,291.688,91.893,102.078,14.614,3.814,1.202,1.335,36.396,20.988,50.371,12.337,46.769,28.049,65.449,15.551,83.165,53.112,84.519,112.693,25.575,35.105,45.684,26.642,20.127,10.150,16.012,250.763,172.967,319.634,31.985,53.017,52.370,40.613,62.223,73.344,36.618,88.860,1.127,0.311,0.082,-0.036,0.069,,76.000,84.000,14.567,3.533,1.519,1.155,0.966,2.014,0.732,3.644,0.682,1.785,0.307,2.447,0.461,1.432,0.047,2.378,8.299,13.394,5.373,13.415,0.865,1.788,0.582,3.697,1.984,1.960,1.520,2.329,2.745,1.370,3.325,0.726,0.812,0.072,0.245,0.149,0.441,0.065,0.234,0.111,0.422,0.040,0.217,0.023,0.293,0.265,0.718,0.676,1.155,0.035,0.165,0.090,0.400,0.221,0.119,0.128,1.186,1.220,0.094,0.154,0.055,0.065,1.069
8478420,Mikko Rantanen,DAL,F,30.259,True,True,308.000,0.082,0.000,0.000,0.000,,19.875,77.883,57.625,84.000,1541.028,1097.371,1895.939,1190.816,262.079,2.443,85.689,15.290,3.365,0.031,1.100,29.307,17.175,41.423,9.989,51.870,33.223,71.638,16.741,81.177,51.399,83.266,108.966,24.698,29.340,50.831,31.891,19.978,8.019,18.745,182.691,126.781,235.305,27.607,49.246,35.995,61.162,119.812,115.232,29.832,80.630,1.076,0.400,0.080,0.130,0.068,,64.000,77.000,15.089,3.610,0.033,1.143,0.839,1.838,0.572,3.250,0.771,2.497,0.364,3.515,0.462,1.709,0.050,2.062,5.982,10.402,4.189,12.852,0.725,1.643,0.493,4.223,1.917,1.401,2.381,4.665,4.487,1.161,3.139,1.103,1.038,0.069,0.229,0.161,0.426,0.063,0.227,0.119,0.400,0.038,0.208,0.023,0.277,0.263,0.710,1.104,1.201,0.034,0.155,0.137,0.392,0.203,0.101,0.137,0.845,0.902,0.093,0.166,0.059,0.069,1.048
8482078,Lucas Raymond,DET,F,24.849,True,True,318.000,0.074,0.000,0.000,0.000,,19.227,76.008,57.447,82.547,1499.102,1075.993,1852.827,1111.280,269.370,23.037,95.416,14.620,3.544,0.303,1.255,27.578,15.997,39.991,10.025,49.871,31.163,69.364,16.070,77.448,50.166,79.262,104.345,23.968,27.425,49.488,29.476,20.394,7.774,19.869,175.662,123.130,225.407,22.531,45.051,28.229,22.642,3.774,6.660,28.600,71.291,1.183,0.078,0.082,-0.016,0.069,,80.000,75.000,14.656,3.159,0.271,1.141,0.837,1.722,0.555,2.507,0.735,2.136,0.314,3.731,0.419,2.256,0.046,1.465,6.130,10.486,4.049,8.488,0.654,1.413,0.412,2.466,1.803,1.130,0.906,0.151,0.267,1.145,2.853,0.440,1.071,0.073,0.253,0.163,0.445,0.065,0.240,0.119,0.405,0.040,0.221,0.024,0.285,0.273,0.770,0.883,1.193,0.036,0.171,0.115,0.400,0.282,0.111,0.150,0.883,0.940,0.092,0.161,0.062,0.070,1.031
8476887,Filip Forsberg,NSH,F,32.471,True,True,296.000,0.049,0.000,0.000,0.000,,18.270,81.759,74.826,84.000,1598.069,1300.706,1934.051,1211.215,267.607,2.797,116.451,14.814,3.273,0.034,1.424,35.091,23.412,47.841,10.273,40.357,26.461,54.882,12.169,75.449,52.856,75.794,99.729,20.241,35.156,41.992,23.963,16.394,9.654,14.376,260.597,205.626,320.654,31.572,135.695,40.099,40.397,9.316,18.585,43.824,120.505,1.198,0.167,0.082,0.134,0.069,,82.000,75.000,14.283,2.753,0.021,1.214,0.964,2.168,0.512,3.096,0.628,1.860,0.317,2.027,0.415,1.494,0.043,1.041,8.473,13.853,3.867,14.211,0.851,1.778,0.455,3.319,5.095,1.506,1.517,0.350,0.698,1.645,4.524,0.749,1.011,0.066,0.225,0.157,0.388,0.061,0.223,0.117,0.361,0.037,0.204,0.022,0.255,0.259,0.727,1.091,1.077,0.034,0.159,0.135,0.360,0.294,0.111,0.154,0.788,0.859,0.094,0.166,0.064,0.072,1.009
8479343,Clayton Keller,UTA,F,28.512,True,True,323.000,0.063,0.000,0.000,0.000,,18.972,76.404,61.556,81.556,1419.245,1116.205,1730.858,1126.979,218.852,1.506,71.909,14.750,2.864,0.020,0.941,26.490,16.417,36.937,8.773,48.912,31.524,66.200,14.539,75.402,51.056,76.063,100.028,21.114,25.527,46.127,29.765,19.147,5.197,16.808,189.955,141.313,239.145,23.297,10.518,27.536,31.319,15.411,24.087,25.068,88.647,1.101,0.119,0.079,-0.073,0.067,,82.000,86.000,14.870,3.105,0.021,0.976,0.797,1.373,0.561,4.614,0.912,2.380,0.336,1.876,0.473,1.965,0.046,1.670,7.231,9.654,4.404,15.697,0.719,1.351,0.485,4.052,0.445,1.164,1.324,0.651,1.018,1.060,3.748,0.649,0.982,0.069,0.235,0.164,0.445,0.062,0.229,0.120,0.409,0.038,0.209,0.023,0.281,0.260,0.728,1.058,1.224,0.034,0.159,0.133,0.407,0.260,0.105,0.145,0.791,0.856,0.092,0.162,0.061,0.069,1.016
8478550,Artemi Panarin,LAK,F,35.258,True,True,322.000,0.040,0.000,0.000,0.000,,19.684,76.877,68.633,80.633,1468.802,1202.981,1757.941,1174.179,218.921,0.891,74.811,15.273,2.848,0.012,0.973,29.301,18.927,39.958,8.703,48.054,33.309,64.537,13.357,77.356,56.425,77.323,101.356,19.732,27.214,45.459,26.870,21.184,5.712,16.121,193.146,150.380,239.396,20.954,13.525,12.716,19.248,2.308,4.590,22.702,106.381,1.342,0.266,0.078,-0.044,0.066,,78.000,83.000,15.682,2.973,0.012,1.016,0.886,1.454,0.572,3.651,0.715,2.101,0.354,3.007,0.549,2.079,0.045,1.379,6.378,13.365,4.572,15.640,0.552,1.362,0.507,4.144,0.552,0.519,0.786,0.094,0.188,0.927,4.346,0.402,0.627,0.065,0.218,0.153,0.420,0.060,0.226,0.115,0.403,0.037,0.205,0.022,0.270,0.248,0.711,1.090,1.185,0.033,0.152,0.135,0.393,0.197,0.099,0.128,0.778,0.852,0.092,0.163,0.056,0.067,1.043
8480803,Evan Bouchard,EDM,D,27.285,True,True,327.000,0.061,0.000,0.000,0.000,,24.604,73.858,56.754,79.754,1942.618,1492.830,2338.666,1429.297,288.749,116.282,108.290,19.352,3.909,1.574,1.466,16.388,9.569,23.392,6.052,61.900,43.749,81.097,17.165,78.288,55.446,79.970,101.295,21.304,15.179,57.639,27.840,34.060,4.891,25.271,210.117,158.551,261.316,13.280,41.498,99.793,31.626,0.000,0.000,39.874,134.847,1.136,0.742,0.072,-0.011,0.062,,82.000,92.000,18.411,3.415,1.550,1.229,0.333,0.941,0.099,1.403,0.510,2.059,0.134,2.002,0.559,2.830,0.102,2.536,5.722,10.180,2.000,11.608,0.278,0.818,0.125,1.373,1.282,3.082,0.977,0.000,0.000,1.232,4.165,0.490,0.512,0.034,0.139,0.031,0.129,0.038,0.245,0.002,0.271,0.032,0.184,0.035,0.149,0.221,0.668,0.326,0.906,0.013,0.091,0.021,0.168,0.173,0.168,0.118,0.002,0.002,0.080,0.159,0.052,0.046,1.058
8480800,Quinn Hughes,MIN,D,27.302,True,True,302.000,0.094,0.000,0.000,0.000,,27.494,73.059,47.242,81.242,1928.728,1233.670,2380.528,1579.346,223.762,11.100,114.521,21.617,3.063,0.152,1.567,13.992,7.163,21.488,5.750,64.922,40.117,86.740,19.646,78.914,47.208,82.613,105.144,23.575,13.655,60.391,32.453,32.468,3.050,22.459,181.587,115.493,231.983,10.518,13.453,72.065,29.156,0.000,0.000,30.702,106.020,1.082,0.457,0.071,-0.038,0.061,,74.000,73.000,22.089,3.714,0.124,1.568,0.289,0.798,0.126,1.591,0.586,2.595,0.173,2.652,0.542,3.007,0.123,2.460,4.810,8.991,1.984,11.044,0.215,0.606,0.138,1.343,0.418,2.242,0.907,0.000,0.000,0.955,3.298,0.446,0.709,0.035,0.141,0.032,0.129,0.038,0.247,0.002,0.272,0.032,0.186,0.036,0.148,0.223,0.655,0.379,0.936,0.014,0.092,0.024,0.168,0.011,0.145,0.088,0.002,0.002,0.085,0.160,0.044,0.041,1.069
8479420,Tage Thompson,BUF,F,29.257,True,True,306.000,0.077,0.000,0.000,0.000,,18.968,74.316,53.323,81.323,1455.857,1036.856,1806.581,1104.237,251.962,5.766,93.891,14.859,3.390,0.078,1.263,37.640,23.167,52.651,12.428,38.998,22.804,55.524,13.625,76.639,47.977,78.601,103.100,24.002,35.586,39.460,23.797,15.201,9.024,13.457,244.477,168.328,312.085,28.956,73.801,36.567,32.238,352.290,443.526,24.449,62.380,1.313,0.224,0.082,0.091,0.069,,81.000,81.000,14.622,3.193,0.059,1.095,1.211,2.031,0.573,3.012,0.661,1.722,0.321,2.970,0.372,1.521,0.046,1.371,8.815,14.114,3.444,14.476,0.849,1.809,0.430,3.636,3.042,1.507,1.329,14.519,18.279,1.008,2.571,0.568,0.805,0.070,0.241,0.157,0.425,0.063,0.235,0.116,0.393,0.039,0.215,0.023,0.274,0.268,0.755,0.926,1.177,0.035,0.166,0.119,0.390,0.267,0.109,0.150,0.839,0.901,0.095,0.168,0.063,0.071,1.039
8482116,Tim Stützle,OTT,F,25.046,True,True,315.000,0.071,0.000,0.000,0.000,,20.640,77.194,59.061,83.061,1557.914,1175.617,1912.768,1105.655,225.870,139.331,87.058,14.323,2.926,1.805,1.128,29.060,17.816,40.871,9.677,50.321,31.778,70.130,15.754,79.381,52.811,79.756,107.778,23.194,27.586,45.700,26.808,23.514,5.808,17.089,172.588,124.319,220.889,24.443,111.140,40.779,36.032,259.782,260.918,29.328,90.735,1.127,0.161,0.081,0.104,0.068,,80.000,83.000,14.365,3.360,1.655,1.260,0.823,1.465,0.644,3.728,0.745,1.516,0.285,2.922,0.520,2.606,0.045,1.273,5.882,8.646,5.534,12.954,0.718,1.126,0.729,3.642,4.280,1.571,1.388,10.005,10.049,1.129,3.494,0.685,1.243,0.071,0.244,0.145,0.422,0.065,0.233,0.109,0.404,0.040,0.216,0.023,0.286,0.260,0.715,0.628,1.084,0.035,0.165,0.084,0.381,0.238,0.120,0.129,1.178,1.211,0.091,0.149,0.055,0.063,1.077
8480069,Cale Makar,COL,D,28.257,True,True,292.000,0.086,0.000,0.000,0.000,,24.856,71.330,51.931,78.031,1809.921,1330.969,2198.680,1328.886,247.660,133.453,99.923,18.630,3.472,1.871,1.401,19.728,11.055,28.744,7.114,58.929,39.268,78.748,17.252,78.656,52.638,80.568,103.128,22.403,17.090,53.822,29.959,28.969,5.320,23.216,194.592,137.918,244.230,15.589,39.254,111.753,20.104,0.000,0.000,41.498,91.139,1.150,0.248,0.076,0.108,0.064,,75.000,79.000,17.865,3.815,1.915,1.261,0.430,1.117,0.132,1.600,0.593,2.445,0.134,2.311,0.483,2.693,0.106,2.646,5.786,10.600,2.596,10.161,0.349,1.020,0.155,1.981,1.301,3.705,0.666,0.000,0.000,1.376,3.021,0.333,0.738,0.034,0.138,0.029,0.127,0.038,0.243,0.002,0.267,0.032,0.183,0.033,0.147,0.231,0.656,0.279,0.882,0.014,0.089,0.019,0.165,0.171,0.170,0.119,0.002,0.002,0.081,0.160,0.052,0.047,1.070
8478427,Sebastian Aho,CAR,F,29.520,True,True,311.000,0.065,0.000,0.000,0.000,,19.390,75.964,60.621,81.621,1565.422,1204.360,1918.129,1070.907,249.041,138.197,107.278,14.098,3.278,1.819,1.412,29.715,17.835,41.964,10.141,49.033,31.990,67.512,15.523,78.748,52.036,79.647,106.196,23.500,27.759,45.386,30.287,18.746,6.945,16.507,192.777,144.986,243.616,26.822,57.931,24.605,40.151,603.242,545.506,30.168,107.303,1.078,0.205,0.084,0.110,0.070,,79.000,76.000,13.656,2.880,1.603,1.251,0.782,1.563,0.721,3.158,0.754,1.852,0.554,3.135,0.383,1.829,0.068,1.545,6.399,10.594,6.070,11.526,0.768,1.470,0.759,2.948,2.220,0.943,1.539,23.121,20.908,1.156,4.113,0.746,0.778,0.067,0.232,0.125,0.398,0.062,0.224,0.097,0.385,0.038,0.208,0.021,0.272,0.257,0.708,0.510,1.034,0.034,0.164,0.069,0.370,0.280,0.127,0.139,1.183,1.220,0.094,0.153,0.059,0.066,1.078
8477939,William Nylander,TOR,F,30.754,True,True,311.000,0.077,0.000,0.000,0.000,,18.954,72.845,50.055,80.155,1389.140,939.006,1728.451,1061.177,227.875,8.087,92.001,14.568,3.128,0.111,1.263,30.216,17.213,42.077,10.271,41.557,25.193,58.065,13.762,71.773,44.403,73.691,97.309,22.224,30.671,43.169,26.891,14.666,7.388,13.252,196.776,132.066,251.694,24.619,16.007,25.225,21.015,45.680,56.679,31.513,73.603,1.326,0.399,0.083,0.117,0.069,,65.000,78.000,15.007,2.637,0.086,1.224,0.956,1.974,0.619,4.025,0.786,2.146,0.339,3.807,0.440,1.478,0.042,1.199,7.337,11.290,4.739,15.321,0.729,1.508,0.529,3.864,0.691,1.089,0.908,1.973,2.448,1.361,3.179,0.432,0.584,0.068,0.230,0.153,0.419,0.062,0.230,0.114,0.391,0.038,0.210,0.022,0.267,0.265,0.745,0.913,1.143,0.035,0.161,0.118,0.385,0.288,0.113,0.151,0.805,0.883,0.096,0.169,0.064,0.073,0.989
8479337,Alex DeBrincat,DET,F,29.122,True,True,328.000,0.056,0.000,0.000,0.000,,18.258,78.282,64.449,83.449,1464.284,1136.512,1775.636,1103.724,274.124,3.596,82.840,14.099,3.502,0.046,1.058,34.807,22.066,48.334,10.730,38.574,24.239,53.529,12.182,73.381,50.417,74.081,97.746,20.701,33.714,38.568,23.584,14.990,11.868,12.137,241.919,183.193,300.598,31.645,44.942,35.742,24.737,20.183,28.468,33.658,78.928,1.116,0.335,0.081,-0.013,0.068,,82.000,84.000,14.134,3.121,0.041,0.962,0.878,2.516,0.531,4.373,0.670,1.606,0.327,2.825,0.464,1.050,0.046,1.192,8.517,13.708,3.854,16.212,0.809,2.483,0.454,3.898,1.841,1.465,1.014,0.827,1.167,1.379,3.234,0.432,0.777,0.069,0.235,0.164,0.444,0.062,0.226,0.120,0.406,0.038,0.207,0.023,0.282,0.262,0.729,1.097,1.239,0.034,0.161,0.137,0.413,0.287,0.110,0.153,0.817,0.877,0.093,0.164,0.064,0.071,1.031
8481559,Jack Hughes,NJD,F,25.719,True,True,263.000,0.133,0.000,0.000,0.000,,21.449,66.490,34.206,78.206,1325.414,714.424,1714.918,1055.983,170.676,32.171,66.583,15.882,2.567,0.484,1.001,26.776,12.271,38.700,10.431,44.654,21.466,64.397,16.417,71.430,37.578,74.192,100.208,25.307,26.791,43.354,27.889,16.764,4.685,13.459,224.538,120.630,297.805,24.632,6.354,28.462,12.415,171.169,298.432,32.117,118.329,1.089,0.393,0.086,-0.009,0.071,,61.000,76.000,17.062,2.825,0.440,1.122,1.003,1.648,0.736,3.657,0.756,2.712,0.497,5.220,0.478,1.882,0.045,2.240,9.173,13.789,7.358,17.949,0.899,1.399,0.719,4.011,0.288,1.288,0.562,7.749,13.510,1.454,5.357,0.272,0.828,0.077,0.262,0.162,0.493,0.069,0.263,0.119,0.460,0.041,0.239,0.024,0.300,0.288,0.829,0.887,1.291,0.038,0.178,0.116,0.439,0.221,0.115,0.135,0.962,1.041,0.101,0.176,0.060,0.073,1.010
8478460,Zach Werenski,CBJ,D,29.539,True,True,239.000,0.086,0.000,0.000,0.000,,26.328,76.025,52.641,83.641,2054.137,1386.986,2519.711,1615.170,229.602,99.539,109.826,21.245,3.020,1.309,1.445,18.659,10.555,27.443,6.917,54.246,33.628,72.510,16.395,72.905,46.290,74.695,96.788,21.504,17.987,52.934,26.175,28.072,3.447,16.459,251.389,171.514,316.743,15.980,25.569,111.119,23.535,0.000,0.000,37.503,114.415,1.136,0.537,0.073,-0.088,0.062,,75.000,78.000,21.072,2.797,1.214,1.246,0.437,0.868,0.112,1.488,0.539,1.793,0.139,2.157,0.520,2.404,0.133,2.177,6.891,10.875,2.455,11.043,0.364,0.771,0.132,1.643,0.747,3.246,0.687,0.000,0.000,1.095,3.342,0.333,0.316,0.033,0.144,0.030,0.126,0.037,0.257,0.002,0.268,0.031,0.187,0.034,0.146,0.218,0.734,0.311,0.920,0.013,0.101,0.021,0.170,0.145,0.168,0.103,0.002,0.002,0.084,0.160,0.048,0.042,1.041
8481540,Cole Caufield,MTL,F,26.081,True,True,291.000,0.067,0.000,0.000,0.000,,18.418,77.115,60.366,83.366,1374.715,1039.220,1696.334,1080.612,219.405,1.098,73.599,14.013,2.845,0.014,0.954,37.204,23.230,51.740,11.634,34.674,20.584,48.371,11.899,71.879,46.928,74.042,95.942,21.354,35.383,33.944,20.905,13.769,9.038,10.766,227.263,163.579,286.113,28.026,48.183,21.423,13.185,6.554,10.778,20.586,57.889,1.315,0.386,0.083,0.020,0.069,,81.000,88.000,14.114,3.185,0.014,1.105,1.247,2.351,0.590,3.525,0.713,1.659,0.333,1.269,0.391,1.223,0.047,1.604,8.899,12.658,4.170,16.814,0.918,2.052,0.483,3.241,2.103,0.935,0.576,0.286,0.470,0.898,2.527,0.290,0.714,0.073,0.249,0.172,0.449,0.065,0.234,0.124,0.402,0.040,0.215,0.024,0.284,0.275,0.759,1.160,1.229,0.036,0.168,0.143,0.409,0.302,0.112,0.159,0.825,0.885,0.093,0.165,0.065,0.072,1.031
8479542,Brandon Hagel,TBL,F,28.433,True,True,316.000,0.075,0.000,0.000,0.000,,19.695,74.453,52.520,81.520,1468.684,1021.237,1823.461,1059.424,181.752,132.296,95.213,14.229,2.441,1.777,1.279,31.561,17.513,44.296,10.696,42.034,24.939,58.190,14.034,73.595,45.551,75.573,99.384,22.568,29.907,39.272,27.291,14.744,3.694,7.613,190.668,126.698,245.100,30.731,47.717,44.044,51.908,26.804,39.922,33.617,79.960,1.051,0.854,0.082,-0.036,0.069,,71.000,73.000,14.271,2.090,2.067,1.268,0.999,1.155,0.470,4.872,0.864,1.378,0.383,3.291,0.470,0.970,0.033,1.549,7.479,8.667,4.934,13.529,0.965,1.133,0.521,5.737,1.949,1.799,2.121,1.095,1.631,1.373,3.267,0.966,1.136,0.067,0.253,0.119,0.419,0.061,0.247,0.095,0.406,0.039,0.229,0.021,0.277,0.249,0.801,0.475,1.008,0.034,0.186,0.064,0.384,0.307,0.135,0.138,1.238,1.283,0.096,0.149,0.058,0.066,1.062
8479318,Auston Matthews,TOR,F,29.374,True,True,282.000,0.096,0.000,0.000,0.000,,20.393,70.785,46.215,79.215,1471.605,980.696,1847.410,1063.671,216.726,102.385,88.823,15.027,3.062,1.446,1.255,33.439,18.909,47.273,11.432,34.780,20.260,49.417,12.320,68.219,41.012,70.177,93.873,21.928,33.935,37.720,20.490,14.290,8.236,10.207,257.668,166.771,330.856,35.779,54.943,86.272,18.956,660.317,499.940,36.101,74.276,1.023,0.462,0.085,0.043,0.071,,60.000,52.000,15.481,2.581,1.116,1.216,1.064,2.314,0.510,3.949,0.731,1.576,0.308,2.053,0.427,1.488,0.040,1.679,9.629,15.233,4.840,15.999,1.109,2.239,0.533,4.805,2.240,3.518,0.773,26.922,20.384,1.472,3.028,0.377,0.673,0.071,0.243,0.140,0.439,0.065,0.244,0.107,0.420,0.039,0.223,0.022,0.281,0.271,0.773,0.652,1.139,0.036,0.172,0.088,0.400,0.263,0.127,0.138,1.117,1.176,0.101,0.168,0.060,0.071,0.989
8480014,Gabriel Vilardi,WPG,F,27.463,True,True,263.000,0.109,0.000,0.000,0.000,,18.693,76.871,50.289,84.000,1462.025,951.711,1835.246,1145.292,239.075,2.416,75.242,14.899,3.110,0.031,0.979,29.589,16.968,42.918,10.550,35.824,19.562,51.839,12.987,65.414,38.494,67.118,90.807,21.610,30.262,37.314,20.592,15.232,10.622,10.552,154.678,100.113,202.476,26.914,23.651,40.056,21.865,56.669,67.890,19.402,55.904,1.132,0.239,0.086,0.167,0.071,,82.000,69.000,14.778,2.932,0.026,0.957,0.856,2.726,0.550,2.419,0.675,1.533,0.335,1.943,0.498,1.226,0.045,1.178,5.289,10.827,4.093,8.302,0.746,2.354,0.479,2.616,0.971,1.644,0.897,2.326,2.786,0.796,2.294,0.417,1.119,0.074,0.255,0.169,0.503,0.066,0.245,0.122,0.457,0.040,0.224,0.024,0.302,0.283,0.800,1.140,1.386,0.037,0.175,0.141,0.467,0.306,0.117,0.162,0.852,0.926,0.099,0.176,0.068,0.076,0.986
8476459,Mika Zibanejad,NYR,F,33.791,True,True,326.000,0.044,0.000,0.000,0.000,,19.851,79.260,76.413,82.413,1601.230,1330.120,1913.870,1119.758,233.077,140.777,107.618,14.128,2.941,1.776,1.358,25.295,16.061,34.956,7.786,40.153,26.627,54.204,11.443,65.448,45.530,65.450,86.318,17.064,26.382,41.782,25.553,14.600,9.263,11.637,188.597,147.418,233.652,25.597,72.183,46.914,17.793,558.841,526.687,31.576,100.034,1.075,0.073,0.082,-0.091,0.069,,81.000,78.000,14.062,2.928,1.665,1.196,0.660,2.487,0.376,1.961,0.732,1.985,0.455,2.316,0.380,1.133,0.064,1.976,6.065,13.365,2.950,9.234,0.600,2.362,0.299,2.524,2.705,1.758,0.667,20.940,19.736,1.183,3.748,0.336,0.555,0.064,0.220,0.117,0.378,0.060,0.220,0.093,0.377,0.037,0.203,0.021,0.263,0.248,0.684,0.479,0.999,0.033,0.157,0.065,0.355,0.234,0.122,0.125,1.184,1.222,0.093,0.151,0.054,0.064,0.990
8477946,Dylan Larkin,DET,F,30.508,True,True,304.000,0.080,1.000,1.000,1.000,dailyfaceoff:ir:dtd,19.738,73.598,52.598,80.598,1498.084,1075.693,1852.688,1040.621,250.118,114.799,92.546,14.139,3.398,1.560,1.258,30.226,17.355,42.877,10.720,37.497,22.669,53.223,13.062,67.723,42.044,69.072,93.197,21.757,29.369,37.739,21.665,15.833,11.433,10.455,207.256,142.416,265.335,30.213,43.193,31.628,36.598,769.962,658.927,27.380,79.868,1.017,0.088,0.083,0.006,0.070,,74.000,65.000,14.174,3.029,1.392,1.143,0.628,2.665,0.487,4.171,0.706,1.165,0.252,2.739,0.384,1.360,0.040,2.284,6.736,13.903,4.634,15.304,0.625,2.697,0.513,4.635,1.730,1.267,1.466,30.838,26.391,1.097,3.199,0.722,1.007,0.067,0.233,0.129,0.406,0.062,0.229,0.100,0.395,0.038,0.211,0.021,0.274,0.258,0.719,0.555,1.077,0.034,0.164,0.075,0.378,0.255,0.124,0.136,1.160,1.201,0.096,0.158,0.058,0.067,1.031
8484144,Connor Bedard,CHI,F,21.544,False,True,218.000,0.126,16.000,14.000,28.000,research:medium,21.776,56.367,31.316,68.000,1208.649,658.006,1571.119,954.348,176.555,2.302,75.444,16.931,3.132,0.041,1.338,25.202,12.002,38.188,10.210,41.087,19.781,60.443,16.099,66.288,33.975,67.949,95.348,24.561,24.078,39.047,26.561,14.526,5.958,11.039,173.808,95.933,234.263,20.226,30.030,22.825,38.361,221.885,290.883,21.648,73.429,1.126,0.221,0.084,0.334,0.070,,68.000,73.000,17.207,3.362,0.034,1.173,0.882,1.934,0.625,3.446,0.955,2.157,0.398,2.930,0.453,1.408,0.051,1.956,7.182,12.967,4.433,16.897,0.758,1.443,0.527,3.104,1.491,1.133,1.904,11.015,14.440,1.075,3.645,0.920,0.927,0.080,0.280,0.179,0.518,0.071,0.277,0.129,0.479,0.043,0.252,0.025,0.315,0.294,0.870,1.175,1.381,0.039,0.186,0.146,0.459,0.208,0.105,0.137,0.869,0.947,0.097,0.173,0.060,0.072,1.013
8480023,Robert Thomas,STL,F,27.587,True,True,289.000,0.115,0.000,0.000,0.000,,19.059,71.064,41.916,80.916,1379.964,789.505,1767.199,1016.390,179.169,102.132,82.273,14.302,2.521,1.437,1.158,21.420,10.235,32.565,8.591,42.190,22.390,59.478,15.006,63.610,35.466,65.180,89.143,21.939,22.449,42.228,25.666,16.524,3.558,12.138,123.499,70.800,168.016,17.304,12.522,40.870,25.292,657.100,573.588,31.206,96.784,1.292,0.559,0.086,0.089,0.071,,64.000,62.000,14.422,2.434,1.250,0.953,0.794,1.249,0.520,3.202,0.876,2.308,0.373,2.427,0.544,1.760,0.037,1.457,4.874,7.825,2.966,9.126,0.599,0.918,0.367,2.761,0.544,1.777,1.100,28.570,24.939,1.357,4.208,0.531,0.534,0.071,0.255,0.136,0.450,0.064,0.246,0.103,0.423,0.040,0.227,0.022,0.287,0.271,0.801,0.583,1.151,0.036,0.181,0.079,0.412,0.316,0.132,0.151,1.138,1.191,0.099,0.163,0.063,0.071,0.979
8477933,Sam Reinhart,FLA,F,31.239,True,True,307.000,0.053,0.000,0.000,0.000,,20.568,76.520,67.590,80.690,1542.192,1247.917,1854.783,1103.809,226.939,124.052,87.392,14.425,2.966,1.621,1.142,34.710,22.625,47.513,10.567,39.224,25.377,53.926,12.407,73.934,51.269,74.176,99.265,20.468,30.103,36.740,23.725,15.498,11.810,11.879,177.426,134.148,222.923,30.335,72.995,50.091,16.267,154.038,204.826,21.866,66.125,1.059,-0.113,0.086,-0.288,0.072,,64.000,60.000,13.738,3.712,1.737,1.381,0.727,2.708,0.809,3.311,0.628,1.965,0.394,1.657,0.443,0.977,0.044,1.778,5.556,12.214,5.117,12.658,0.704,2.830,0.575,3.769,2.840,1.949,0.633,5.993,7.969,0.851,2.573,0.275,0.414,0.069,0.233,0.125,0.379,0.064,0.227,0.098,0.378,0.039,0.211,0.021,0.270,0.266,0.703,0.522,1.028,0.035,0.163,0.070,0.356,0.205,0.125,0.128,1.282,1.309,0.097,0.159,0.056,0.066,1.139
8479407,Jesper Bratt,NJD,F,28.509,True,True,327.000,0.058,0.000,0.000,0.000,,18.677,76.214,58.364,82.364,1328.255,968.428,1636.439,998.318,189.250,70.403,70.284,13.099,2.483,0.924,0.922,20.980,11.364,30.993,7.780,44.539,28.727,60.768,13.595,65.519,43.233,67.011,87.655,19.281,20.346,40.530,26.392,18.148,4.335,13.540,157.426,110.803,201.642,20.843,61.845,25.631,11.886,5.160,9.515,18.933,71.903,0.979,0.628,0.082,0.048,0.069,,82.000,71.000,14.072,2.733,0.839,1.033,0.729,1.333,0.532,2.890,0.853,1.768,0.456,3.171,0.438,2.138,0.040,2.075,6.892,7.756,4.104,11.496,0.756,1.218,0.558,3.209,2.794,1.158,0.537,0.233,0.430,0.855,3.248,0.260,0.568,0.069,0.237,0.139,0.421,0.062,0.228,0.105,0.392,0.038,0.210,0.022,0.274,0.259,0.732,0.626,1.111,0.035,0.165,0.085,0.386,0.296,0.120,0.147,1.000,1.050,0.093,0.157,0.061,0.069,1.010
8483457,Lane Hutson,MTL,D,22.965,True,True,166.000,0.090,0.000,0.000,0.000,,24.544,74.667,52.382,82.382,1820.586,1254.596,2250.689,1470.713,239.592,34.975,75.305,19.697,3.209,0.468,1.008,10.997,4.913,17.686,4.935,55.408,34.235,76.200,17.476,66.405,42.203,68.175,89.818,20.817,11.275,50.835,26.346,29.062,2.417,19.035,118.024,75.727,156.436,9.323,32.255,120.784,32.927,0.000,0.000,42.630,97.218,1.064,0.525,0.082,-0.225,0.069,,82.000,77.000,19.590,3.239,0.471,1.244,0.284,0.621,0.111,1.410,0.564,1.765,0.143,2.571,0.546,2.609,0.102,2.226,3.616,4.238,1.762,9.114,0.233,0.482,0.121,1.284,1.063,3.981,1.085,0.000,0.000,1.405,3.204,0.556,0.599,0.038,0.158,0.034,0.137,0.040,0.273,0.002,0.281,0.033,0.195,0.036,0.151,0.256,0.792,0.391,1.032,0.015,0.106,0.024,0.184,0.185,0.182,0.134,0.002,0.002,0.092,0.184,0.060,0.051,1.031
8480893,Kirill Marchenko,TOR,F,26.532,True,True,292.000,0.077,1.000,1.000,1.000,override,19.016,73.968,52.997,80.997,1415.765,981.166,1764.318,1093.873,247.101,5.515,69.275,14.789,3.341,0.075,0.937,26.536,15.538,38.846,9.341,36.568,21.877,51.363,12.703,63.105,39.338,64.284,87.312,20.141,27.459,38.528,21.375,15.193,6.497,13.220,202.410,137.262,259.685,23.551,55.242,38.450,25.095,12.008,21.101,36.583,82.307,1.172,0.241,0.083,0.085,0.069,,76.000,65.000,15.235,2.816,0.058,0.908,0.923,1.632,0.670,3.326,0.660,1.854,0.337,2.442,0.425,1.528,0.045,1.702,7.199,12.205,5.490,17.657,0.717,1.539,0.524,3.547,2.341,1.629,1.063,0.509,0.894,1.550,3.488,0.548,0.732,0.073,0.258,0.170,0.500,0.065,0.249,0.122,0.455,0.040,0.228,0.024,0.301,0.275,0.812,1.099,1.356,0.036,0.176,0.138,0.459,0.293,0.114,0.155,0.824,0.901,0.097,0.171,0.065,0.073,0.989
8471675,Sidney Crosby,PIT,F,39.488,True,True,312.000,0.059,0.000,0.000,0.000,,18.066,70.422,48.600,77.700,1333.224,936.231,1665.042,1033.705,206.485,4.783,88.251,14.679,2.932,0.068,1.253,25.128,13.335,36.196,9.251,39.025,22.727,53.976,13.434,64.152,39.863,66.438,87.319,21.004,25.158,39.267,24.017,15.008,6.892,10.188,166.801,111.513,215.401,23.799,58.946,29.934,30.162,807.134,631.375,26.527,78.853,1.138,0.418,0.081,0.236,0.068,,68.000,73.000,14.302,2.749,0.045,0.969,0.788,2.005,0.482,3.156,0.845,1.680,0.317,2.586,0.503,1.299,0.042,1.338,6.269,12.017,3.608,11.668,0.707,2.051,0.432,3.083,2.653,1.347,1.357,36.324,28.414,1.194,3.549,0.662,0.744,0.063,0.215,0.148,0.406,0.059,0.219,0.112,0.388,0.036,0.201,0.022,0.263,0.252,0.714,1.031,1.165,0.033,0.155,0.129,0.390,0.264,0.107,0.145,0.803,0.875,0.093,0.164,0.061,0.070,1.005
8480012,Elias Pettersson,VAN,F,28.222,True,True,300.000,0.085,0.000,0.000,0.000,,18.836,75.136,52.957,82.957,1560.479,1063.881,1949.582,1079.959,253.168,114.627,112.725,14.373,3.369,1.526,1.500,22.419,12.482,32.646,8.552,41.861,24.551,59.021,14.543,64.281,38.972,65.279,89.636,21.192,23.599,43.245,24.414,17.448,6.222,14.620,159.389,105.005,207.992,21.399,83.927,95.492,18.797,584.597,641.878,31.730,70.325,1.083,0.091,0.086,-0.047,0.072,,74.000,51.000,13.733,2.899,0.799,1.405,0.680,1.552,0.520,2.027,0.658,1.721,0.370,2.880,0.437,1.858,0.041,1.194,4.967,10.009,3.933,10.775,0.606,1.191,0.416,2.483,3.227,3.672,0.723,22.478,24.680,1.220,2.704,0.363,1.082,0.071,0.242,0.142,0.409,0.064,0.229,0.107,0.379,0.039,0.212,0.022,0.271,0.275,0.742,0.644,1.088,0.036,0.168,0.087,0.375,0.311,0.124,0.156,1.045,1.093,0.096,0.163,0.065,0.071,1.013
8484153,Leo Carlsson,ANA,F,22.100,True,True,201.000,0.137,0.000,0.000,0.000,,19.702,68.412,31.919,81.919,1436.207,700.482,1902.969,1025.445,262.557,55.265,92.940,14.989,3.838,0.808,1.359,27.229,11.581,41.498,12.021,37.342,15.040,56.402,16.017,64.571,27.562,67.481,95.043,26.337,28.221,39.603,22.010,15.332,6.531,11.792,183.325,87.064,255.187,23.648,21.650,33.084,21.742,399.134,539.748,30.050,76.867,1.191,0.144,0.093,-0.165,0.076,,70.000,67.000,14.543,3.225,0.824,1.111,0.930,1.547,0.733,3.151,0.605,1.584,0.365,3.701,0.460,1.274,0.081,1.778,6.868,10.494,4.857,10.042,0.770,1.457,0.443,2.392,0.904,1.382,0.908,16.674,22.549,1.255,3.211,0.421,0.882,0.081,0.289,0.163,0.498,0.072,0.273,0.120,0.461,0.043,0.251,0.024,0.314,0.313,0.891,0.817,1.327,0.041,0.201,0.108,0.457,0.324,0.133,0.167,1.177,1.228,0.103,0.177,0.069,0.077,1.019
8480002,Nico Hischier,NJD,F,28.077,True,True,309.000,0.081,0.000,0.000,0.000,,20.583,75.520,54.166,82.166,1460.677,1039.934,1804.505,1047.653,193.677,141.279,78.068,13.872,2.565,1.871,1.034,27.216,15.811,39.001,9.381,36.664,21.414,52.006,12.177,63.880,41.363,65.147,86.863,19.459,25.872,35.942,22.226,14.438,7.938,10.510,174.760,122.249,225.614,27.895,44.137,51.335,20.376,864.745,689.196,26.881,60.570,0.943,0.574,0.082,-0.031,0.069,,82.000,65.000,14.903,2.823,1.699,1.158,0.786,2.338,0.441,2.742,0.669,1.805,0.396,2.575,0.433,1.387,0.039,1.558,6.043,14.300,4.444,9.703,0.809,2.668,0.608,2.864,1.813,2.109,0.837,35.521,28.310,1.104,2.488,0.384,0.884,0.069,0.240,0.127,0.426,0.063,0.235,0.099,0.412,0.039,0.217,0.022,0.281,0.257,0.730,0.512,1.080,0.035,0.167,0.070,0.387,0.242,0.124,0.126,1.182,1.224,0.095,0.153,0.055,0.065,1.010
8482699,Dylan Guenther,UTA,F,23.814,True,True,227.000,0.109,0.000,0.000,0.000,,17.945,71.438,42.030,81.030,1253.110,749.845,1598.093,965.612,209.452,18.721,59.325,13.517,2.932,0.262,0.830,31.081,16.679,44.824,11.388,33.061,17.159,48.449,12.752,64.142,35.879,65.607,90.209,22.319,29.505,32.587,19.933,13.128,9.061,11.540,207.728,125.507,272.755,24.498,55.731,31.022,26.101,19.555,31.458,17.505,60.580,1.240,0.054,0.093,0.192,0.076,,79.000,70.000,13.627,3.178,0.280,0.861,1.097,2.464,0.566,3.107,0.700,1.674,0.337,2.463,0.384,1.584,0.046,1.229,8.921,13.942,4.248,14.321,0.876,2.021,0.475,3.233,2.668,1.485,1.250,0.936,1.506,0.838,2.901,0.610,0.499,0.080,0.270,0.167,0.517,0.070,0.251,0.122,0.464,0.042,0.231,0.024,0.317,0.312,0.828,0.928,1.430,0.041,0.186,0.120,0.486,0.361,0.130,0.181,1.014,1.069,0.101,0.179,0.074,0.080,1.016
8477960,Adrian Kempe,LAK,F,30.385,True,True,321.000,0.059,0.000,0.000,0.000,,18.925,76.847,60.467,82.467,1410.029,1066.108,1723.383,1084.205,203.095,44.301,78.429,14.109,2.643,0.577,1.021,29.415,18.049,41.652,9.897,36.319,22.160,50.651,12.190,65.734,43.391,66.837,89.222,20.061,27.524,34.402,22.286,14.033,4.832,9.655,197.507,142.348,249.856,24.003,102.897,32.456,46.970,29.497,50.453,19.059,63.373,1.204,-0.153,0.082,0.193,0.068,,81.000,68.000,14.487,2.759,0.613,1.066,0.965,1.336,0.550,3.950,0.655,1.655,0.356,2.608,0.412,1.047,0.039,1.736,7.705,10.772,4.597,14.094,0.742,1.302,0.563,4.417,4.378,1.381,1.999,1.255,2.147,0.811,2.697,0.962,0.757,0.067,0.232,0.134,0.422,0.062,0.229,0.103,0.398,0.038,0.210,0.022,0.274,0.257,0.736,0.602,1.140,0.034,0.163,0.082,0.391,0.278,0.116,0.144,0.946,1.002,0.094,0.160,0.061,0.069,1.043
8480839,Rasmus Dahlin,BUF,D,26.804,True,True,309.000,0.082,0.000,0.000,0.000,,24.317,72.418,49.431,79.431,1756.736,1231.240,2147.445,1393.004,219.485,61.762,82.486,19.235,3.031,0.853,1.139,15.843,8.732,24.012,6.148,49.237,31.785,66.645,14.638,65.081,42.667,66.602,87.416,18.907,14.252,47.397,24.802,24.435,4.174,16.626,181.347,124.605,228.767,12.429,89.729,91.394,58.190,0.000,0.000,30.160,101.881,1.148,0.332,0.073,-0.219,0.062,,77.000,74.000,19.111,3.247,0.767,1.192,0.354,1.026,0.110,1.575,0.585,2.052,0.142,1.927,0.507,2.323,0.114,2.273,5.498,10.262,2.120,10.167,0.299,0.822,0.132,1.706,3.065,3.122,1.987,0.000,0.000,1.030,3.480,0.963,0.741,0.034,0.142,0.031,0.129,0.038,0.251,0.002,0.268,0.032,0.187,0.035,0.148,0.222,0.687,0.337,0.896,0.013,0.093,0.022,0.163,0.160,0.162,0.116,0.002,0.002,0.082,0.161,0.052,0.045,1.039
8480830,Andrei Svechnikov,CAR,F,26.853,True,True,274.000,0.090,0.000,0.000,0.000,,17.114,73.610,48.065,82.065,1328.899,859.816,1671.098,1016.885,230.592,1.058,80.365,13.814,3.133,0.014,1.092,28.617,15.904,41.349,10.517,38.875,22.505,55.727,13.998,67.492,40.538,69.342,93.878,22.563,27.001,36.530,23.290,15.586,9.086,13.737,194.305,121.228,254.380,27.720,149.493,19.837,66.022,7.468,9.647,21.596,98.527,0.996,0.205,0.088,0.331,0.073,,79.000,69.000,13.382,2.752,0.013,0.967,0.797,2.231,0.501,3.668,0.714,1.747,0.302,2.293,0.390,1.612,0.043,1.370,7.676,12.341,3.923,12.477,0.880,2.054,0.453,3.664,6.750,0.896,2.981,0.337,0.436,0.975,4.449,1.448,0.935,0.074,0.256,0.171,0.464,0.065,0.237,0.123,0.409,0.040,0.218,0.024,0.287,0.288,0.799,1.148,1.272,0.038,0.178,0.142,0.431,0.371,0.125,0.180,0.844,0.912,0.098,0.174,0.073,0.078,1.078
8478010,Brayden Point,TBL,F,30.888,True,True,303.000,0.092,0.000,0.000,0.000,,17.956,71.307,47.714,78.714,1318.824,878.788,1646.382,965.234,284.795,2.097,66.697,13.536,3.994,0.029,0.935,30.240,16.923,41.810,10.124,36.115,21.452,51.679,12.732,66.355,41.339,67.915,90.553,20.921,28.971,35.207,21.060,15.055,12.333,12.135,158.340,102.238,206.369,26.783,16.140,31.183,11.554,328.841,366.652,17.983,51.422,1.140,0.297,0.085,0.270,0.071,,63.000,49.000,13.576,3.418,0.034,0.927,0.910,2.489,0.566,2.247,0.785,1.318,0.327,1.472,0.480,1.174,0.047,1.243,5.748,11.041,4.667,11.971,0.747,2.479,0.542,2.677,0.734,1.419,0.526,14.961,16.681,0.818,2.339,0.241,0.535,0.069,0.236,0.159,0.425,0.063,0.228,0.118,0.394,0.038,0.210,0.023,0.278,0.273,0.741,1.092,1.224,0.035,0.164,0.136,0.404,0.291,0.113,0.162,0.883,0.936,0.096,0.172,0.067,0.074,1.062
8475913,Mark Stone,VGK,F,34.721,True,True,225.000,0.112,0.000,0.000,0.000,,18.265,73.664,44.241,83.241,1353.998,783.795,1728.686,967.559,218.467,91.751,76.221,13.135,2.966,1.246,1.035,24.520,11.556,35.719,9.586,45.225,24.976,64.347,16.524,69.745,38.743,72.106,97.935,24.330,23.215,41.407,29.726,15.499,7.426,15.640,140.794,80.474,188.866,23.242,36.312,47.384,15.346,9.262,16.402,36.151,78.149,1.066,0.240,0.094,-0.078,0.077,,60.000,72.000,13.233,3.014,1.060,0.959,0.771,1.931,0.517,2.330,0.731,2.619,0.406,4.143,0.447,1.313,0.041,1.689,5.708,9.420,3.199,7.524,0.741,2.004,0.394,2.668,1.609,2.100,0.680,0.410,0.727,1.602,3.463,0.308,0.723,0.070,0.245,0.132,0.437,0.065,0.241,0.102,0.424,0.039,0.222,0.021,0.286,0.289,0.796,0.625,1.236,0.038,0.181,0.084,0.429,0.317,0.138,0.165,1.261,1.306,0.105,0.179,0.069,0.077,1.121
8475158,Ryan O'Reilly,NSH,F,35.984,True,True,295.000,0.064,0.000,0.000,0.000,,19.178,81.101,66.605,84.000,1737.847,1354.207,2119.488,1162.993,243.499,216.415,114.940,14.340,3.002,2.668,1.417,23.165,13.715,33.307,8.330,39.337,24.826,54.837,12.877,62.502,41.602,63.393,85.184,19.278,24.265,41.013,23.469,15.868,6.352,11.177,157.085,115.451,202.221,26.361,21.154,66.246,24.327,816.926,666.359,44.391,60.358,0.963,0.290,0.083,-0.014,0.069,,81.000,74.000,13.825,2.525,1.620,1.208,0.652,1.640,0.422,1.800,0.616,1.753,0.229,2.398,0.465,1.119,0.065,1.435,4.935,8.530,3.610,7.200,0.706,1.669,0.332,2.458,0.730,2.287,0.840,28.205,23.006,1.533,2.084,0.388,0.436,0.063,0.221,0.118,0.373,0.059,0.223,0.095,0.372,0.037,0.206,0.021,0.258,0.246,0.710,0.513,0.981,0.033,0.163,0.070,0.354,0.268,0.127,0.133,1.191,1.234,0.095,0.152,0.057,0.066,1.009
8478439,Travis Konecny,PHI,F,29.895,True,True,295.000,0.084,0.000,0.000,0.000,,18.929,73.885,46.602,82.602,1390.293,833.127,1762.127,1042.856,200.058,61.429,85.951,14.114,2.708,0.831,1.163,26.100,13.170,38.412,9.859,40.274,20.977,58.515,14.780,66.374,37.450,68.291,92.524,22.624,23.792,36.754,24.924,15.350,4.883,9.263,162.316,98.921,215.046,21.385,85.585,34.169,50.904,29.367,44.263,21.693,81.375,1.163,0.167,0.082,0.336,0.069,,77.000,68.000,14.411,2.558,0.880,1.081,0.783,1.335,0.733,3.479,0.756,1.261,0.441,3.461,0.451,1.275,0.053,1.300,6.328,8.737,5.566,12.213,0.613,1.503,0.641,3.537,3.694,1.475,2.197,1.267,1.910,0.936,3.512,0.966,0.958,0.067,0.238,0.133,0.421,0.062,0.234,0.102,0.398,0.038,0.215,0.022,0.273,0.257,0.755,0.591,1.111,0.034,0.169,0.080,0.389,0.293,0.122,0.145,1.009,1.064,0.095,0.159,0.061,0.069,1.073
8483515,Juraj Slafkovský,MTL,F,22.842,True,True,282.000,0.083,0.000,0.000,0.000,,19.197,75.516,50.670,83.670,1403.364,911.648,1757.078,1104.800,219.556,2.123,76.886,14.630,2.907,0.028,1.018,25.566,14.288,36.843,9.615,38.048,21.661,53.893,13.928,63.613,37.080,64.889,87.652,21.636,25.316,37.272,22.327,15.720,8.245,9.874,155.877,100.155,203.344,26.730,126.347,63.652,43.319,14.287,27.115,17.336,74.761,0.922,0.261,0.084,0.215,0.070,,82.000,73.000,14.736,3.254,0.027,1.179,0.720,2.231,0.550,3.018,0.777,1.496,0.347,1.615,0.519,1.147,0.048,1.289,5.625,9.858,4.212,12.555,0.713,2.122,0.490,4.539,5.402,2.721,1.852,0.611,1.159,0.741,3.196,0.871,0.620,0.076,0.263,0.177,0.497,0.068,0.249,0.128,0.448,0.041,0.229,0.025,0.307,0.285,0.801,1.177,1.355,0.037,0.177,0.146,0.453,0.299,0.112,0.158,0.847,0.909,0.094,0.167,0.065,0.072,1.031
8482720,Matthew Knies,CBJ,F,24.293,True,True,240.000,0.081,0.000,0.000,0.000,,19.250,74.800,54.859,81.859,1468.024,1053.656,1821.410,1081.405,226.978,78.166,81.475,14.457,3.034,1.045,1.089,26.034,14.753,37.376,9.525,37.437,22.462,53.714,12.912,63.472,40.158,63.665,88.151,20.496,26.185,37.818,21.246,16.192,6.284,10.221,151.727,104.525,197.217,26.068,162.277,34.688,37.863,5.020,8.916,23.544,64.202,1.011,0.138,0.087,0.096,0.072,,79.000,65.000,14.507,2.592,1.108,1.042,0.811,1.671,0.487,3.400,0.714,1.460,0.261,2.016,0.475,1.269,0.040,2.167,5.309,10.169,3.357,9.725,0.755,1.828,0.466,3.640,6.633,1.418,1.548,0.205,0.364,0.962,2.624,0.711,0.831,0.075,0.281,0.147,0.502,0.067,0.268,0.111,0.467,0.041,0.246,0.023,0.311,0.284,0.887,0.660,1.305,0.038,0.200,0.089,0.464,0.332,0.133,0.159,1.144,1.198,0.100,0.167,0.066,0.073,1.041
8474564,Steven Stamkos,NSH,F,36.983,True,True,324.000,0.038,0.000,0.000,0.000,,16.829,82.091,81.274,84.000,1481.553,1235.608,1764.404,1098.603,274.651,4.049,104.251,13.383,3.346,0.049,1.270,31.264,20.009,42.018,8.901,30.121,18.952,42.855,9.491,61.385,42.955,61.503,82.005,16.238,31.640,32.434,16.317,13.803,10.667,11.010,193.596,150.679,237.319,27.192,78.055,39.424,45.571,364.949,306.081,20.619,73.601,1.268,0.122,0.083,-0.006,0.069,,82.000,66.000,12.902,2.814,0.030,1.083,0.753,2.358,0.479,4.037,0.540,1.191,0.291,1.268,0.358,1.399,0.042,1.097,5.475,14.687,3.440,14.898,0.667,1.713,0.408,4.089,3.161,1.597,1.846,14.780,12.396,0.835,2.981,0.921,0.628,0.063,0.212,0.149,0.372,0.059,0.208,0.113,0.345,0.036,0.191,0.022,0.250,0.255,0.688,1.028,1.074,0.033,0.153,0.129,0.359,0.314,0.112,0.159,0.805,0.865,0.091,0.161,0.065,0.071,1.009
8483445,Cutter Gauthier,ANA,F,23.036,True,True,159.000,0.102,0.000,0.000,0.000,,17.641,69.207,29.797,81.797,1297.050,566.011,1715.809,992.607,215.380,20.091,68.972,14.342,3.112,0.290,0.997,32.329,11.989,47.957,13.601,29.417,10.769,45.034,13.230,61.746,24.736,64.313,91.027,25.111,32.200,30.296,16.704,12.712,8.261,8.344,251.118,105.539,339.615,27.306,65.308,30.846,26.018,74.919,83.432,20.399,77.211,1.244,0.258,0.098,0.107,0.080,,76.000,68.000,13.915,2.615,0.296,0.815,1.127,2.292,0.501,4.496,0.660,1.382,0.296,1.069,0.429,1.012,0.043,2.039,10.449,15.823,3.526,17.639,0.930,1.921,0.422,4.242,3.021,1.427,1.204,3.466,3.860,0.944,3.572,0.601,0.729,0.082,0.303,0.171,0.577,0.073,0.282,0.124,0.519,0.043,0.259,0.024,0.335,0.329,0.980,1.004,1.588,0.043,0.218,0.129,0.553,0.427,0.146,0.202,1.060,1.135,0.110,0.194,0.082,0.087,1.019
8477940,Nikolaj Ehlers,CAR,F,30.965,True,True,278.000,0.093,0.000,0.000,0.000,,16.194,73.681,45.525,82.525,1258.026,777.779,1602.065,970.389,213.203,1.672,72.762,13.170,2.894,0.023,0.988,24.481,13.034,35.843,9.355,40.740,22.891,57.771,14.617,65.221,38.100,66.402,90.351,21.949,22.364,37.233,26.563,14.177,5.881,13.489,185.747,113.406,242.943,18.954,29.701,27.770,18.495,8.451,16.872,22.059,76.933,1.228,0.170,0.088,-0.026,0.073,,82.000,70.000,12.757,2.542,0.020,0.875,0.825,1.512,0.509,2.996,0.675,2.236,0.280,4.457,0.414,1.233,0.040,1.542,8.140,10.344,4.534,14.192,0.687,1.211,0.503,2.904,1.417,1.325,0.882,0.403,0.805,1.052,3.669,0.395,0.942,0.069,0.244,0.159,0.444,0.062,0.230,0.118,0.400,0.038,0.212,0.023,0.280,0.277,0.793,1.106,1.259,0.036,0.177,0.137,0.430,0.395,0.130,0.188,0.840,0.910,0.100,0.176,0.075,0.080,1.078
8484166,Adam Fantilli,CBJ,F,22.305,True,True,213.000,0.086,0.000,0.000,0.000,,19.602,73.868,50.972,80.972,1477.012,1001.919,1838.640,1185.988,212.809,12.172,66.043,16.055,2.881,0.165,0.894,27.482,15.179,39.466,9.614,34.743,20.467,50.680,12.398,62.225,37.649,62.418,86.196,19.957,26.768,35.268,19.607,15.136,4.436,8.421,204.109,136.775,261.931,24.409,119.429,47.856,29.543,471.104,539.422,23.465,85.297,1.081,0.003,0.086,0.162,0.071,,82.000,57.000,16.111,2.461,0.175,0.856,0.895,1.218,0.601,4.215,0.649,1.185,0.394,2.541,0.471,1.225,0.043,1.544,6.979,12.662,4.867,18.405,0.750,1.389,0.555,4.127,4.851,1.944,1.200,19.137,21.913,0.953,3.465,0.537,0.826,0.078,0.288,0.173,0.543,0.069,0.282,0.126,0.496,0.042,0.256,0.025,0.320,0.291,0.934,1.026,1.437,0.039,0.202,0.131,0.495,0.319,0.121,0.160,0.864,0.953,0.100,0.174,0.067,0.076,1.041
8480208,Drake Batherson,OTT,F,28.767,True,True,325.000,0.058,0.000,0.000,0.000,,17.319,77.944,62.512,83.512,1308.777,1000.626,1611.348,1035.966,205.431,1.341,66.039,13.291,2.636,0.017,0.847,27.282,15.673,38.174,9.246,37.041,22.918,51.538,12.073,64.323,42.034,65.264,87.387,19.192,24.604,33.869,22.233,14.808,8.987,13.377,160.557,116.177,203.485,21.268,109.157,24.089,29.465,16.677,19.007,21.667,59.121,1.174,0.048,0.083,0.050,0.069,,79.000,71.000,13.330,3.027,0.016,0.947,0.827,2.367,0.542,2.008,0.635,2.084,0.310,2.021,0.415,1.489,0.044,1.157,6.486,10.669,4.189,10.859,0.716,1.961,0.489,1.987,5.004,1.104,1.351,0.765,0.871,0.993,2.710,0.641,0.801,0.069,0.236,0.165,0.426,0.062,0.222,0.120,0.382,0.038,0.205,0.023,0.274,0.267,0.730,1.124,1.190,0.035,0.163,0.139,0.398,0.325,0.114,0.165,0.815,0.872,0.093,0.165,0.067,0.073,1.077
8476468,J.T. Miller,NYR,F,33.886,True,True,302.000,0.082,0.000,0.000,0.000,,19.090,73.476,48.267,81.267,1426.300,913.993,1786.943,1009.934,207.848,119.566,88.952,13.745,2.829,1.627,1.211,20.097,10.397,29.395,7.765,38.985,22.324,55.325,13.738,59.082,34.625,59.632,81.753,19.723,20.904,39.608,23.296,15.689,5.329,12.324,143.593,91.691,188.259,21.934,150.812,42.754,46.041,603.872,424.206,22.836,83.749,0.984,0.235,0.086,0.082,0.072,,68.000,50.000,13.681,2.816,1.526,1.066,0.643,1.600,0.417,2.497,0.720,1.768,0.461,3.037,0.442,1.846,0.038,1.373,5.303,9.811,2.775,9.988,0.659,1.770,0.360,2.696,6.344,1.798,1.937,25.403,17.845,0.961,3.523,0.822,0.672,0.066,0.225,0.125,0.402,0.062,0.223,0.098,0.396,0.038,0.206,0.021,0.273,0.261,0.706,0.552,1.078,0.035,0.162,0.074,0.384,0.277,0.131,0.141,1.229,1.270,0.098,0.160,0.060,0.069,0.990
8479987,Morgan Geekie,BOS,F,28.537,True,True,303.000,0.072,0.000,0.000,0.000,,17.250,76.749,57.811,82.811,1344.042,1004.765,1653.031,1050.171,223.735,1.136,69.000,13.683,2.915,0.015,0.899,30.546,18.392,42.915,10.041,29.574,17.255,43.137,10.555,60.120,39.588,61.361,82.145,18.399,30.179,30.891,15.875,13.699,8.708,9.217,162.297,116.301,207.716,21.436,110.189,35.526,24.936,166.141,194.590,23.833,67.011,1.461,0.136,0.085,0.056,0.071,,81.000,67.000,13.772,2.665,0.015,0.798,1.035,2.307,0.534,2.996,0.582,1.064,0.298,2.102,0.411,1.518,0.042,1.256,6.138,11.868,4.266,9.156,0.714,1.582,0.435,2.643,4.919,1.586,1.113,7.417,8.687,1.064,2.991,0.544,0.672,0.071,0.265,0.163,0.508,0.063,0.252,0.119,0.458,0.039,0.231,0.023,0.304,0.273,0.860,1.044,1.424,0.036,0.190,0.132,0.486,0.355,0.123,0.174,0.828,0.901,0.098,0.174,0.071,0.077,1.014
8475166,John Tavares,TOR,F,36.367,True,True,317.000,0.047,0.000,0.000,0.000,,17.196,77.035,55.062,84.000,1331.987,940.187,1664.535,1022.409,222.681,2.587,84.310,13.272,2.891,0.034,1.094,26.391,15.684,37.642,9.566,32.071,17.299,45.791,11.635,58.461,36.051,59.742,80.343,19.417,26.358,32.738,18.612,13.459,8.610,8.713,181.958,125.068,234.825,30.862,80.950,29.111,31.548,716.087,515.652,23.233,74.339,0.937,0.284,0.082,-0.020,0.069,,82.000,69.000,13.673,2.437,0.026,1.061,0.779,2.317,0.443,3.171,0.616,1.401,0.295,2.340,0.452,0.996,0.040,1.663,6.313,14.509,3.723,14.498,0.889,2.664,0.436,4.131,3.646,1.311,1.421,32.257,23.228,1.046,3.349,0.692,0.676,0.064,0.218,0.152,0.394,0.059,0.217,0.114,0.368,0.036,0.199,0.022,0.256,0.254,0.725,1.075,1.113,0.034,0.159,0.133,0.377,0.319,0.114,0.159,0.773,0.849,0.093,0.164,0.066,0.072,0.989
8477951,Nick Schmaltz,UTA,F,30.941,True,True,306.000,0.069,0.000,0.000,0.000,,19.170,76.508,57.773,82.772,1431.900,1045.011,1774.302,1065.923,207.464,91.061,67.451,13.932,2.712,1.190,0.882,23.193,13.353,32.870,8.365,36.836,21.779,51.855,12.583,60.029,38.230,60.961,81.626,18.927,22.509,35.568,22.725,14.111,6.762,9.338,159.395,111.199,203.363,22.065,16.972,41.596,19.368,268.367,315.145,36.071,90.609,1.043,0.117,0.082,-0.065,0.068,,82.000,73.000,14.045,2.939,1.271,0.914,0.702,1.898,0.572,2.321,0.654,1.652,0.283,3.727,0.493,0.956,0.041,1.338,6.016,9.939,4.430,10.167,0.621,2.026,0.480,2.937,0.711,1.743,0.812,11.245,13.205,1.511,3.797,0.414,0.671,0.066,0.227,0.135,0.431,0.061,0.223,0.104,0.417,0.038,0.206,0.022,0.284,0.252,0.703,0.630,1.163,0.034,0.160,0.084,0.408,0.265,0.123,0.138,1.123,1.165,0.095,0.157,0.059,0.067,1.016
8481605,Jackson LaCombe,ANA,D,26.062,True,True,230.000,0.071,0.000,0.000,0.000,,24.326,75.879,56.496,82.496,2113.992,1550.833,2592.116,1526.618,267.976,185.180,134.218,20.119,3.532,2.441,1.769,12.643,6.701,19.147,5.238,47.260,30.793,64.386,14.700,59.903,39.402,60.979,80.680,18.276,13.645,51.730,24.052,23.208,3.081,15.766,164.589,113.540,212.062,13.262,79.051,147.760,27.996,0.000,0.358,46.405,112.388,1.022,0.096,0.079,-0.103,0.067,,82.000,57.000,18.506,2.966,1.636,1.218,0.282,0.745,0.131,1.229,0.488,1.819,0.124,2.419,0.436,2.045,0.121,2.148,4.079,8.762,1.673,7.379,0.265,0.665,0.197,1.313,2.244,4.194,0.795,0.000,0.010,1.317,3.190,0.386,0.393,0.035,0.154,0.030,0.131,0.039,0.275,0.002,0.273,0.032,0.195,0.034,0.149,0.238,0.807,0.291,0.922,0.014,0.107,0.020,0.172,0.208,0.187,0.131,0.002,0.002,0.086,0.172,0.058,0.049,1.019
8481604,Pavel Dorofeyev,NYR,F,26.267,True,True,229.000,0.127,0.000,0.000,0.000,,17.689,73.294,42.362,84.000,1309.643,720.292,1702.461,1013.784,233.385,0.984,61.491,13.832,3.184,0.013,0.839,31.927,16.163,46.468,12.066,26.158,12.158,40.214,11.100,58.085,30.224,59.473,82.873,21.341,32.114,28.362,15.527,10.630,12.401,8.624,215.317,118.737,286.677,27.942,25.994,29.817,25.126,2.755,6.987,19.167,57.712,1.189,0.091,0.089,-0.135,0.074,,82.000,64.000,13.768,3.170,0.013,0.739,0.958,3.207,0.566,3.369,0.586,1.464,0.326,1.207,0.400,0.940,0.046,1.091,8.202,16.019,4.159,14.003,0.839,2.672,0.479,3.276,1.191,1.366,1.151,0.126,0.320,0.878,2.644,0.562,0.440,0.076,0.275,0.172,0.536,0.067,0.256,0.124,0.481,0.041,0.235,0.024,0.319,0.295,0.861,1.163,1.516,0.039,0.191,0.143,0.512,0.346,0.124,0.178,0.912,0.975,0.101,0.181,0.073,0.080,0.990
8484227,Will Smith,SJS,F,21.878,True,True,143.000,0.131,0.000,0.000,0.000,,18.796,69.151,35.195,81.195,1303.927,683.505,1699.067,1019.938,212.101,4.060,67.828,14.749,3.067,0.059,0.981,24.517,11.577,37.627,10.247,35.409,16.605,53.721,14.693,59.926,29.155,61.711,87.464,23.219,25.016,36.127,21.529,13.880,6.424,8.585,167.018,86.189,227.125,20.343,16.053,14.536,18.252,37.090,68.150,15.688,81.763,1.175,0.265,0.100,0.192,0.081,,69.000,58.000,14.836,3.082,0.062,0.817,0.884,1.854,0.646,3.000,0.900,1.153,0.341,2.263,0.430,1.325,0.047,1.918,6.641,11.420,4.048,11.933,0.707,1.534,0.690,2.526,0.739,0.669,0.840,1.707,3.136,0.722,3.762,0.422,0.448,0.086,0.308,0.178,0.568,0.076,0.292,0.129,0.514,0.044,0.267,0.025,0.334,0.344,0.991,1.163,1.567,0.045,0.218,0.144,0.533,0.378,0.138,0.194,1.033,1.113,0.111,0.200,0.080,0.087,1.025
8484762,Beckett Sennecke,ANA,F,21.010,True,True,82.000,0.121,0.000,0.000,0.000,,18.400,69.616,30.259,83.259,1358.212,587.553,1819.606,1083.817,194.250,3.194,76.951,15.569,2.790,0.046,1.105,23.314,8.989,36.954,10.812,36.158,14.220,55.964,16.157,59.472,24.215,61.547,90.808,25.363,23.857,36.448,20.883,15.276,3.881,11.050,190.195,84.030,265.892,28.158,88.700,23.021,55.513,4.619,4.810,23.700,86.558,0.849,0.404,0.113,0.139,0.089,,82.000,58.000,15.105,2.345,0.047,0.904,0.946,1.227,0.485,2.157,0.664,1.783,0.319,2.549,0.451,1.657,0.042,1.476,7.711,10.572,3.968,12.845,1.021,1.987,0.465,2.544,3.918,1.017,2.452,0.204,0.212,1.047,3.824,1.212,1.233,0.092,0.336,0.179,0.607,0.081,0.319,0.130,0.547,0.046,0.291,0.025,0.344,0.390,1.149,1.180,1.654,0.051,0.250,0.146,0.576,0.489,0.165,0.231,1.095,1.215,0.124,0.227,0.094,0.101,1.019
8475786,Zach Hyman,EDM,F,34.648,True,True,290.000,0.062,0.000,0.000,0.000,,18.856,72.972,53.105,79.105,1430.300,1029.378,1759.609,1054.651,279.812,2.503,93.334,14.453,3.834,0.034,1.279,32.966,20.158,45.115,10.625,28.562,16.346,41.294,10.086,61.528,40.081,61.944,83.806,18.892,33.160,32.198,16.817,11.746,10.051,8.656,204.734,145.603,260.725,41.166,65.493,23.613,35.889,4.046,5.874,16.165,41.857,0.884,0.947,0.085,0.100,0.071,,58.000,52.000,14.628,3.193,0.031,1.005,0.970,2.168,0.489,3.846,0.597,1.219,0.335,1.778,0.410,0.873,0.046,1.261,7.583,11.073,4.183,12.617,1.212,2.520,0.462,5.196,2.747,0.991,1.506,0.170,0.246,0.678,1.756,0.746,0.753,0.068,0.234,0.152,0.451,0.063,0.235,0.114,0.429,0.038,0.215,0.022,0.285,0.272,0.762,1.020,1.307,0.036,0.166,0.128,0.434,0.250,0.111,0.150,0.883,0.950,0.099,0.176,0.064,0.074,1.058
8478440,Dylan Strome,WSH,F,29.905,True,True,325.000,0.054,0.000,0.000,0.000,,17.710,77.384,61.044,83.044,1298.909,974.639,1596.645,1022.905,198.015,5.878,72.111,13.219,2.559,0.076,0.932,20.799,12.098,30.244,7.536,36.573,22.650,51.476,11.638,57.372,37.801,57.213,77.646,17.230,20.725,35.992,21.724,14.849,4.873,12.603,129.785,91.704,168.476,18.353,14.058,46.250,29.458,640.061,516.207,20.119,69.527,1.126,0.255,0.082,0.228,0.069,,80.000,58.000,13.745,2.852,0.068,1.046,0.757,1.471,0.502,2.417,0.622,2.140,0.309,3.065,0.428,1.618,0.043,1.638,5.124,9.019,3.681,10.239,0.660,1.275,0.434,2.365,0.649,2.136,1.361,29.566,23.845,0.929,3.212,0.680,0.457,0.068,0.234,0.161,0.434,0.062,0.225,0.119,0.397,0.038,0.206,0.023,0.277,0.263,0.738,1.082,1.212,0.035,0.163,0.135,0.408,0.319,0.115,0.162,0.819,0.883,0.094,0.166,0.067,0.073,0.988
8478444,Brock Boeser,VAN,F,29.933,True,True,305.000,0.079,0.000,0.000,0.000,,18.647,75.820,54.639,82.639,1555.525,1074.730,1918.856,1087.960,261.712,105.780,100.072,14.349,3.452,1.395,1.320,26.814,15.666,38.427,9.382,31.694,17.584,46.273,11.204,58.507,37.126,59.022,80.917,18.635,27.042,34.282,19.096,12.598,8.107,11.161,172.224,118.635,221.504,25.187,64.016,31.671,14.763,41.243,61.689,19.949,54.438,1.096,-0.139,0.084,0.179,0.070,,75.000,46.000,13.710,2.970,0.731,1.236,0.699,1.874,0.533,3.145,0.599,1.555,0.294,1.500,0.350,1.213,0.043,1.144,5.487,10.603,3.026,12.682,0.600,1.862,0.393,3.297,2.469,1.222,0.570,1.591,2.380,0.769,2.100,0.276,0.300,0.069,0.234,0.151,0.418,0.063,0.226,0.113,0.393,0.038,0.208,0.022,0.275,0.266,0.728,0.825,1.140,0.035,0.164,0.108,0.391,0.302,0.123,0.155,1.036,1.084,0.097,0.165,0.064,0.072,1.013
8482093,Seth Jarvis,CAR,F,24.999,False,True,307.000,0.094,13.000,10.000,30.000,research:medium,19.308,56.309,33.019,69.019,1155.275,693.715,1495.827,792.532,188.090,100.599,74.055,14.075,3.340,1.786,1.315,28.690,14.988,41.505,11.098,33.243,17.672,48.905,12.992,61.934,33.909,63.296,88.163,22.141,24.243,29.175,19.971,13.272,6.792,10.979,166.664,95.679,221.319,25.757,70.043,31.419,15.525,50.432,73.215,27.172,51.383,0.997,-0.017,0.087,-0.081,0.072,,71.000,64.000,13.634,2.934,1.574,1.165,0.898,1.831,0.938,4.108,0.588,1.863,0.478,2.526,0.445,1.211,0.050,1.534,7.709,11.548,7.112,13.538,0.935,1.929,0.881,4.768,3.638,1.632,0.806,2.619,3.803,1.411,2.669,0.338,0.801,0.073,0.257,0.136,0.451,0.066,0.240,0.103,0.425,0.041,0.223,0.022,0.296,0.278,0.768,0.552,1.161,0.037,0.178,0.074,0.416,0.312,0.132,0.151,1.226,1.264,0.096,0.157,0.062,0.069,1.078
8476454,Ryan Nugent-Hopkins,EDM,F,33.807,True,True,312.000,0.066,0.000,0.000,0.000,,18.283,74.582,54.756,80.756,1429.612,1057.943,1759.747,951.270,283.582,103.156,91.604,12.755,3.802,1.383,1.228,21.103,11.562,31.796,7.853,39.219,24.139,54.071,12.913,60.322,39.558,60.785,82.011,18.933,21.525,39.830,22.150,17.069,8.252,17.829,145.818,102.445,188.483,21.994,31.504,33.702,25.301,218.755,241.042,24.161,50.377,0.983,0.201,0.086,0.051,0.071,,72.000,56.000,12.909,3.166,1.243,0.965,0.599,1.781,0.373,1.947,0.630,1.732,0.404,2.370,0.354,2.099,0.040,1.130,5.344,8.902,3.443,8.577,0.659,1.431,0.361,2.729,1.322,1.415,1.062,9.181,10.116,1.014,2.114,0.501,0.306,0.066,0.225,0.123,0.402,0.062,0.218,0.096,0.392,0.038,0.202,0.021,0.275,0.262,0.698,0.526,1.121,0.035,0.161,0.071,0.390,0.282,0.126,0.147,1.169,1.203,0.095,0.158,0.061,0.069,1.058
8475810,Bryan Rust,PIT,F,34.727,True,True,286.000,0.083,5.000,3.000,10.000,research:medium,18.973,65.797,39.667,75.767,1348.318,776.710,1722.351,930.443,203.571,139.017,75.288,14.141,3.094,2.113,1.144,25.223,12.245,36.734,9.954,32.018,15.812,46.447,12.787,57.240,31.067,59.628,80.172,20.892,24.152,32.171,18.940,13.078,6.048,10.880,165.681,91.734,217.624,25.102,46.623,56.101,22.603,9.905,16.386,17.084,73.197,1.039,0.378,0.086,0.322,0.071,,72.000,64.000,13.779,2.901,1.409,0.885,0.869,1.707,0.426,3.105,0.613,1.847,0.332,1.986,0.409,1.374,0.039,1.633,6.919,10.424,3.532,11.823,0.860,1.884,0.448,3.452,2.075,2.497,1.006,0.441,0.729,0.760,3.257,0.498,0.561,0.066,0.237,0.124,0.428,0.062,0.235,0.098,0.422,0.038,0.217,0.021,0.283,0.260,0.760,0.552,1.177,0.035,0.173,0.075,0.415,0.267,0.129,0.141,1.222,1.264,0.099,0.162,0.060,0.069,1.005
8485366,Matthew Schaefer,NYI,D,19.409,True,True,82.000,0.125,0.000,0.000,0.000,,26.052,69.069,35.526,80.526,1819.596,964.366,2350.727,1388.231,240.424,85.402,105.539,20.099,3.481,1.236,1.528,18.250,8.129,27.869,7.981,41.545,21.108,59.303,15.478,59.795,31.444,61.840,83.851,21.641,15.717,41.545,19.045,22.500,4.964,13.961,197.089,104.233,264.057,13.761,35.416,98.007,33.321,0.000,0.000,32.236,81.786,1.143,0.350,0.101,-0.058,0.081,,82.000,58.000,19.887,3.243,1.099,1.823,0.365,1.067,0.115,1.606,0.452,1.289,0.130,1.843,0.428,2.195,0.097,2.088,5.697,10.085,2.255,12.308,0.311,0.854,0.141,1.679,1.168,3.232,1.099,0.000,0.000,1.063,2.697,0.576,0.978,0.043,0.174,0.034,0.139,0.041,0.289,0.002,0.270,0.033,0.195,0.034,0.144,0.318,0.953,0.375,1.047,0.019,0.124,0.024,0.190,0.239,0.225,0.160,0.002,0.002,0.106,0.216,0.071,0.060,1.064
8478445,Mathew Barzal,NYI,F,29.686,False,True,249.000,0.095,15.000,15.000,15.000,moneypuck_return_date,20.286,57.215,35.158,64.158,1161.326,728.541,1459.513,902.565,180.589,2.337,75.835,15.775,3.156,0.041,1.325,17.661,8.597,27.206,7.669,41.459,22.848,59.405,15.107,59.120,33.770,60.786,84.425,20.965,15.733,35.205,25.106,16.353,3.504,12.098,133.395,79.707,176.701,15.943,26.700,35.322,24.472,107.164,162.126,29.069,84.199,0.902,0.536,0.086,-0.065,0.071,,81.000,70.000,15.527,3.116,0.038,1.604,0.637,1.037,0.542,2.382,0.801,1.675,0.355,3.338,0.419,1.738,0.047,1.857,6.038,8.208,4.846,13.988,0.611,1.020,0.552,2.898,1.379,1.825,1.264,5.537,8.376,1.502,4.350,0.601,0.901,0.073,0.251,0.162,0.432,0.066,0.250,0.119,0.403,0.040,0.228,0.023,0.275,0.282,0.807,1.109,1.185,0.037,0.174,0.138,0.393,0.250,0.113,0.150,0.874,0.949,0.101,0.179,0.065,0.075,1.064
8481533,Trevor Zegras,PHI,F,25.870,True,True,250.000,0.162,0.000,0.000,0.000,,18.855,69.336,32.772,83.872,1301.485,602.284,1743.539,1030.235,202.985,2.468,65.798,14.859,2.928,0.036,0.949,22.804,8.791,35.165,10.272,36.673,14.456,55.602,15.812,59.477,25.350,61.990,88.558,24.372,21.522,34.483,22.458,14.216,6.259,9.034,143.507,66.198,202.731,17.503,44.006,26.786,41.812,119.687,210.363,20.481,75.216,1.155,0.466,0.088,0.122,0.073,,81.000,66.000,15.171,2.766,0.038,0.881,0.753,1.746,0.551,2.426,0.804,1.308,0.337,2.617,0.439,1.203,0.045,1.599,5.582,10.156,4.067,11.978,0.629,1.261,0.478,2.204,2.029,1.235,1.928,5.518,9.698,0.944,3.467,0.932,0.751,0.077,0.270,0.172,0.518,0.068,0.260,0.124,0.469,0.041,0.237,0.024,0.308,0.293,0.860,1.148,1.408,0.039,0.187,0.142,0.478,0.322,0.122,0.167,0.866,0.948,0.102,0.180,0.070,0.078,1.073
8477500,Bo Horvat,NYI,F,31.828,True,True,309.000,0.076,0.000,0.000,0.000,,20.036,73.717,54.205,80.205,1484.614,1093.454,1821.013,1017.055,237.698,134.471,95.390,13.797,3.224,1.824,1.294,27.632,16.623,39.479,9.295,31.279,17.638,45.075,11.243,58.911,37.249,59.396,81.544,18.448,26.506,31.557,16.999,14.280,6.763,8.687,205.795,150.125,259.755,23.428,62.543,38.834,24.339,719.447,555.562,21.568,77.201,1.192,0.326,0.084,0.119,0.070,,68.000,56.000,13.580,3.184,1.706,1.566,0.853,1.638,0.581,2.681,0.614,0.963,0.289,1.440,0.401,1.249,0.041,1.617,7.531,11.735,5.824,11.699,0.759,1.442,0.485,2.370,2.528,1.569,0.984,29.076,22.453,0.872,3.120,0.448,0.498,0.066,0.233,0.128,0.376,0.062,0.228,0.100,0.373,0.038,0.211,0.021,0.266,0.254,0.717,0.555,1.001,0.034,0.166,0.075,0.354,0.251,0.127,0.134,1.240,1.273,0.096,0.155,0.057,0.066,1.064
8477504,Josh Morrissey,WPG,D,31.849,True,True,316.000,0.059,0.000,0.000,0.000,,24.160,76.130,55.402,82.402,1800.702,1319.011,2196.864,1434.735,248.984,43.700,73.282,18.846,3.271,0.574,0.963,11.436,5.817,17.450,4.727,42.928,27.226,58.341,13.005,54.364,34.982,55.389,72.880,16.114,11.825,44.502,20.698,22.230,2.698,15.980,147.659,101.874,189.766,9.105,47.388,102.444,29.040,0.000,0.000,22.631,86.674,1.150,0.336,0.071,-0.038,0.061,,77.000,53.000,19.459,2.891,0.650,1.160,0.312,0.672,0.099,1.236,0.501,1.653,0.136,2.059,0.448,2.339,0.101,2.093,4.526,6.757,1.627,8.359,0.213,0.631,0.113,1.062,1.579,3.413,0.968,0.000,0.000,0.754,2.888,0.484,0.412,0.032,0.133,0.030,0.122,0.036,0.238,0.002,0.260,0.030,0.178,0.034,0.142,0.208,0.662,0.344,0.893,0.013,0.091,0.022,0.162,0.152,0.159,0.109,0.002,0.002,0.081,0.157,0.050,0.043,0.986
8474578,Erik Karlsson,PIT,D,36.673,True,True,321.000,0.048,0.000,0.000,0.000,,22.315,78.228,70.071,82.071,1974.910,1642.490,2332.227,1413.816,251.528,189.624,119.942,18.073,3.215,2.424,1.533,11.319,5.687,17.062,4.350,43.770,30.661,57.606,11.333,55.089,39.183,55.042,71.835,13.880,11.806,46.700,21.024,22.746,2.552,15.221,177.037,138.442,216.563,10.892,27.527,82.780,27.206,0.000,0.103,39.874,133.874,1.149,0.294,0.073,0.124,0.062,,75.000,66.000,16.762,2.846,1.599,1.108,0.283,0.635,0.078,1.113,0.458,1.693,0.112,2.091,0.449,2.180,0.085,2.141,4.897,9.022,1.417,9.682,0.227,0.657,0.110,1.227,0.836,2.515,0.827,0.000,0.003,1.211,4.067,0.424,0.349,0.029,0.122,0.027,0.111,0.034,0.230,0.002,0.249,0.029,0.171,0.032,0.137,0.204,0.657,0.299,0.843,0.012,0.088,0.020,0.158,0.198,0.173,0.124,0.002,0.002,0.079,0.158,0.054,0.046,1.005
8481542,Moritz Seider,DET,D,25.823,True,True,328.000,0.065,0.000,0.000,0.000,,25.900,78.191,59.501,84.000,2062.680,1524.006,2516.354,1597.872,183.465,165.259,116.084,20.436,2.346,2.114,1.485,10.656,4.929,16.760,4.675,45.713,28.890,62.761,14.191,56.369,36.786,57.665,76.556,17.123,11.054,46.691,21.948,23.765,2.070,14.473,167.087,118.608,214.913,8.765,168.008,181.277,50.642,0.000,0.000,28.777,94.460,1.081,0.193,0.071,-0.246,0.061,,82.000,59.000,19.867,3.072,1.613,1.348,0.233,0.702,0.087,1.275,0.407,2.372,0.134,2.051,0.457,2.463,0.109,2.209,4.515,8.879,1.721,7.736,0.178,0.506,0.097,1.147,4.887,5.273,1.473,0.000,0.000,0.837,2.748,0.709,0.585,0.034,0.144,0.030,0.130,0.038,0.250,0.002,0.267,0.032,0.187,0.034,0.148,0.218,0.701,0.281,0.874,0.013,0.096,0.019,0.164,0.163,0.165,0.109,0.002,0.002,0.080,0.154,0.049,0.043,1.031
8482665,Matty Beniers,SEA,F,24.241,True,True,321.000,0.075,0.000,0.000,0.000,,19.759,76.876,56.299,83.299,1580.688,1159.293,1943.231,1191.924,227.147,62.099,99.518,15.505,2.955,0.808,1.294,22.677,12.445,32.548,8.083,32.552,18.871,47.176,11.634,55.229,34.169,55.524,76.880,17.669,23.871,34.932,19.657,12.894,5.177,6.971,154.809,109.144,202.118,22.052,41.611,63.507,18.878,538.154,596.922,26.589,79.723,1.022,-0.016,0.080,-0.115,0.067,,82.000,49.000,15.597,2.557,0.532,1.073,0.707,1.440,0.425,2.371,0.623,1.147,0.322,2.440,0.442,0.829,0.042,1.131,5.068,9.402,2.750,9.457,0.610,1.425,0.345,2.520,1.579,2.411,0.717,20.427,22.658,1.009,3.026,0.317,0.802,0.072,0.259,0.160,0.471,0.064,0.252,0.118,0.434,0.040,0.231,0.024,0.293,0.264,0.811,0.819,1.218,0.035,0.178,0.108,0.421,0.285,0.115,0.143,0.899,0.966,0.093,0.158,0.060,0.069,1.015
8475754,Brock Nelson,COL,F,35.299,True,True,325.000,0.040,0.000,0.000,0.000,,18.612,80.600,75.144,84.000,1438.943,1181.401,1725.965,1034.051,203.686,123.959,77.248,12.829,2.527,1.538,0.958,27.075,17.311,37.867,8.357,31.076,18.657,44.569,10.112,58.150,39.115,58.144,78.230,16.177,25.052,30.016,18.142,12.934,5.859,7.603,168.679,128.890,211.819,23.875,34.411,48.154,26.526,570.443,568.012,25.779,62.944,1.137,0.335,0.082,0.062,0.069,,81.000,65.000,13.223,2.843,1.552,0.994,0.892,1.597,0.509,2.492,0.595,1.229,0.340,1.866,0.435,0.934,0.039,1.356,6.673,9.460,4.231,9.956,0.856,1.435,0.482,2.534,1.435,2.008,1.106,23.786,23.685,1.075,2.625,0.559,0.724,0.062,0.223,0.125,0.392,0.059,0.220,0.098,0.389,0.037,0.204,0.021,0.270,0.244,0.705,0.561,1.063,0.033,0.163,0.075,0.379,0.272,0.126,0.137,1.190,1.227,0.094,0.152,0.058,0.066,1.070
8480801,Brady Tkachuk,FLA,F,27.378,True,True,295.000,0.112,0.000,0.000,0.000,,17.117,71.727,42.459,81.459,1215.388,738.983,1555.132,969.063,178.523,4.225,63.576,13.511,2.489,0.059,0.886,27.058,14.629,39.387,10.218,34.558,18.601,50.333,12.741,61.616,34.337,63.136,86.397,21.083,23.961,31.222,22.240,12.317,6.580,10.827,242.825,145.326,317.443,30.731,193.966,23.017,73.139,193.666,169.828,18.558,57.093,0.822,0.790,0.089,0.002,0.074,,60.000,58.000,12.867,3.115,0.063,1.072,0.869,1.958,0.609,3.825,0.711,2.292,0.303,1.667,0.443,0.995,0.045,0.957,10.877,15.571,4.500,19.352,1.095,2.431,0.523,5.451,9.575,1.136,3.611,9.561,8.384,0.916,2.818,1.478,1.535,0.074,0.252,0.168,0.440,0.066,0.232,0.121,0.388,0.040,0.214,0.024,0.281,0.291,0.775,1.108,1.228,0.038,0.174,0.138,0.411,0.363,0.124,0.181,0.899,0.954,0.098,0.174,0.073,0.078,1.139
8477949,Alex Tuch,WSH,F,30.730,True,True,310.000,0.066,0.000,0.000,0.000,,18.623,77.113,59.225,83.225,1394.054,1047.478,1700.228,1019.713,110.750,187.436,76.155,13.224,1.436,2.431,0.988,25.377,14.632,36.579,8.746,27.990,16.318,39.775,9.846,53.367,34.047,53.649,73.252,16.602,24.471,27.474,16.335,11.655,2.909,3.763,163.599,115.951,207.703,21.728,67.815,79.483,40.989,54.456,70.883,38.879,61.879,1.215,0.160,0.083,0.014,0.070,,79.000,66.000,13.750,1.601,2.164,1.109,0.910,1.520,0.703,3.156,0.642,1.193,0.325,1.504,0.489,0.808,0.028,1.221,6.976,9.176,5.325,9.040,0.730,1.554,0.621,3.552,2.919,3.421,1.764,2.344,3.051,1.673,2.663,0.783,0.591,0.063,0.230,0.111,0.390,0.059,0.227,0.091,0.384,0.038,0.211,0.020,0.263,0.244,0.745,0.451,0.915,0.033,0.175,0.061,0.363,0.343,0.141,0.145,1.244,1.292,0.097,0.148,0.060,0.067,0.988
8480036,Miro Heiskanen,DAL,D,27.543,True,True,277.000,0.080,0.000,0.000,0.000,,25.424,74.115,52.013,81.013,1871.669,1324.293,2290.813,1367.832,214.779,188.752,100.307,18.456,2.898,2.547,1.353,9.765,3.941,15.764,4.428,46.802,30.219,63.460,14.306,56.567,36.124,58.199,76.361,17.156,9.812,46.103,21.561,25.241,2.039,17.412,149.975,102.371,192.931,10.016,29.457,116.039,26.278,0.000,0.000,34.243,93.510,1.017,0.212,0.077,-0.172,0.065,,77.000,61.000,18.056,3.220,2.834,1.313,0.233,0.572,0.099,1.278,0.453,2.188,0.115,1.623,0.490,2.604,0.093,2.439,4.541,6.738,2.104,9.397,0.228,0.558,0.113,1.470,0.944,3.720,0.842,0.000,0.000,1.098,2.998,0.417,0.436,0.034,0.144,0.029,0.128,0.038,0.254,0.002,0.272,0.032,0.187,0.034,0.149,0.232,0.718,0.286,0.885,0.014,0.097,0.019,0.172,0.210,0.190,0.126,0.002,0.002,0.083,0.164,0.055,0.048,1.048
8476881,Tomas Hertl,VGK,F,33.221,True,True,288.000,0.060,0.000,0.000,0.000,,16.478,79.817,65.181,84.000,1311.487,1013.884,1600.475,979.889,242.915,13.549,75.135,12.277,3.043,0.170,0.941,26.139,16.062,36.828,9.004,34.139,20.122,48.069,11.521,60.278,39.453,59.914,82.523,18.322,23.167,31.260,19.075,15.064,9.677,12.006,167.598,121.896,212.581,28.907,94.614,46.922,25.227,637.552,480.823,22.486,49.077,0.843,0.229,0.087,-0.078,0.072,,82.000,57.000,12.368,3.093,0.144,0.872,0.582,2.119,0.455,3.984,0.603,1.332,0.268,1.725,0.396,1.383,0.042,1.375,6.156,11.866,3.401,14.578,0.805,2.372,0.465,4.838,4.329,2.147,1.154,29.168,21.997,1.029,2.245,0.526,0.674,0.067,0.235,0.147,0.413,0.062,0.222,0.111,0.378,0.037,0.206,0.022,0.273,0.270,0.748,0.839,1.204,0.035,0.168,0.109,0.403,0.346,0.121,0.174,0.909,0.958,0.096,0.169,0.070,0.075,1.121
8482109,Alexis Lafrenière,NYR,F,25.309,True,True,327.000,0.067,0.000,0.000,0.000,,17.894,77.251,58.293,83.293,1396.710,1034.092,1726.698,1153.600,172.885,2.136,68.089,14.933,2.238,0.028,0.881,22.543,12.629,33.031,8.034,30.619,17.370,43.425,10.753,53.162,32.903,54.194,73.549,16.906,23.277,31.834,19.039,11.580,4.791,5.540,164.548,118.074,210.410,22.290,91.883,31.708,25.162,13.862,33.997,24.645,52.583,1.027,0.259,0.080,-0.055,0.067,,82.000,56.000,14.864,2.228,0.026,0.776,0.791,1.717,0.492,2.733,0.682,1.460,0.310,2.165,0.453,0.539,0.041,1.572,6.392,10.096,3.880,10.944,0.765,1.556,0.457,2.712,3.947,1.362,1.081,0.596,1.460,1.059,2.259,0.524,0.688,0.071,0.276,0.173,0.509,0.063,0.265,0.125,0.456,0.039,0.242,0.024,0.301,0.263,0.903,1.150,1.354,0.035,0.196,0.143,0.467,0.341,0.117,0.163,0.742,0.829,0.094,0.164,0.067,0.073,0.990
8474600,Roman Josi,NSH,D,36.671,True,True,270.000,0.072,0.000,0.000,0.000,,23.493,72.522,49.260,80.260,1801.417,1229.042,2221.485,1384.118,229.492,80.613,107.195,19.086,3.164,1.112,1.478,12.187,5.847,18.515,5.042,41.899,26.131,57.861,13.567,54.086,33.920,55.591,73.493,17.068,12.236,44.213,21.007,20.892,3.225,16.059,188.211,125.742,241.737,13.277,36.758,116.760,32.389,0.000,0.000,24.358,90.558,1.041,0.159,0.078,0.034,0.066,,68.000,55.000,18.139,2.880,1.082,1.391,0.288,0.847,0.097,1.241,0.469,2.111,0.125,1.745,0.413,2.320,0.092,1.964,5.549,9.436,2.316,11.761,0.296,0.899,0.160,1.562,1.224,3.889,1.079,0.000,0.000,0.811,3.016,0.532,0.521,0.030,0.125,0.027,0.111,0.036,0.237,0.002,0.245,0.030,0.174,0.033,0.136,0.222,0.677,0.314,0.827,0.013,0.092,0.021,0.153,0.180,0.177,0.122,0.002,0.002,0.086,0.169,0.055,0.047,1.009
8471214,Alex Ovechkin,WSH,F,41.374,True,True,299.000,0.071,0.000,0.000,2.000,research:medium,16.389,75.170,51.657,83.657,1161.508,770.648,1450.907,839.707,264.354,1.032,56.414,11.171,3.517,0.014,0.750,25.767,14.666,36.664,9.136,26.563,14.802,37.498,9.809,52.330,31.490,53.837,72.122,17.124,24.955,27.387,16.208,10.355,7.099,9.829,186.118,120.816,239.803,24.727,109.324,14.530,19.363,2.809,3.989,11.360,53.305,1.114,0.204,0.087,0.312,0.072,,82.000,64.000,11.616,3.919,0.012,0.843,0.909,1.560,0.530,5.683,0.684,1.244,0.312,1.761,0.348,1.056,0.049,1.221,7.806,13.451,4.014,18.649,0.851,1.526,0.456,6.468,5.647,0.751,1.000,0.145,0.206,0.587,2.754,0.496,0.322,0.066,0.211,0.150,0.400,0.061,0.201,0.113,0.372,0.037,0.187,0.022,0.273,0.272,0.657,1.082,1.249,0.035,0.149,0.134,0.405,0.289,0.110,0.165,0.935,0.966,0.092,0.167,0.067,0.072,0.988
8478401,Pavel Zacha,BOS,F,29.823,True,True,320.000,0.058,0.000,0.000,0.000,,16.843,76.957,58.045,83.045,1318.748,974.824,1633.320,943.670,224.384,66.191,84.502,12.262,2.916,0.860,1.098,21.782,11.860,31.628,7.945,31.909,18.396,45.071,11.222,53.690,32.259,54.437,74.599,17.308,21.898,31.226,18.175,13.733,6.728,8.630,123.886,85.717,162.464,20.608,64.559,25.145,22.521,428.024,374.639,19.222,60.578,1.094,0.023,0.086,0.093,0.071,,78.000,65.000,12.342,2.665,0.860,0.975,0.690,1.809,0.362,2.754,0.634,1.179,0.266,2.211,0.510,1.080,0.037,0.947,4.659,9.096,2.914,9.495,0.600,1.991,0.331,2.385,2.937,1.144,1.025,19.474,17.045,0.875,2.756,0.475,0.390,0.067,0.242,0.130,0.410,0.061,0.225,0.100,0.378,0.038,0.209,0.022,0.273,0.265,0.758,0.562,1.116,0.035,0.175,0.076,0.393,0.361,0.130,0.169,1.049,1.091,0.095,0.159,0.068,0.072,1.014
8479345,Jakob Chychrun,WSH,D,28.840,True,True,284.000,0.067,0.000,0.000,0.000,,23.044,76.026,56.708,82.708,1785.735,1285.181,2182.090,1461.226,200.971,26.959,96.578,19.220,2.643,0.355,1.270,17.100,9.599,24.532,6.355,35.182,21.562,48.748,11.373,52.282,32.212,53.686,70.280,15.918,16.565,38.508,16.116,19.066,4.617,10.531,195.832,139.955,247.400,14.539,60.853,110.696,56.577,0.000,0.000,32.155,108.994,1.161,0.166,0.074,0.080,0.063,,80.000,59.000,18.706,2.716,0.364,1.258,0.397,1.335,0.107,1.481,0.431,1.379,0.134,1.523,0.442,2.062,0.099,1.954,5.543,12.210,1.890,11.860,0.293,1.332,0.122,1.790,2.045,3.719,1.901,0.000,0.000,1.080,3.662,0.886,0.459,0.033,0.142,0.031,0.127,0.037,0.255,0.002,0.267,0.031,0.186,0.036,0.146,0.220,0.720,0.371,0.923,0.013,0.097,0.023,0.165,0.185,0.169,0.126,0.002,0.002,0.084,0.168,0.056,0.046,0.988
8481528,Dylan Cozens,OTT,F,25.977,True,True,324.000,0.065,0.000,0.000,0.000,,17.303,78.087,60.364,84.000,1311.666,975.288,1621.551,1033.162,204.863,12.892,60.749,13.231,2.623,0.165,0.778,23.553,12.668,33.780,8.615,33.286,18.940,47.350,11.693,56.839,34.770,56.896,79.022,18.443,22.456,31.581,18.862,14.424,7.242,10.725,181.802,129.430,230.946,24.585,161.939,27.930,45.216,471.081,463.420,17.683,56.486,0.910,0.270,0.085,0.045,0.071,,82.000,59.000,13.269,3.013,0.151,0.870,0.768,2.022,0.562,2.184,0.669,1.309,0.278,1.823,0.406,1.671,0.043,0.976,7.452,12.179,5.925,10.487,0.873,1.837,0.585,3.114,7.408,1.278,2.068,21.549,21.198,0.809,2.584,0.892,0.850,0.073,0.257,0.154,0.450,0.065,0.237,0.113,0.398,0.040,0.219,0.023,0.286,0.278,0.788,0.750,1.234,0.036,0.177,0.100,0.416,0.340,0.118,0.168,0.866,0.921,0.093,0.164,0.068,0.073,1.077
8483516,Jimmy Snuggerud,STL,F,22.669,True,True,77.000,0.146,0.000,0.000,0.000,,17.487,67.363,28.980,80.980,1183.456,525.744,1583.468,979.216,156.819,1.343,46.079,14.536,2.328,0.020,0.684,21.578,8.126,33.520,9.691,29.943,12.364,46.364,13.143,51.521,21.507,52.232,76.812,21.221,20.857,28.237,17.705,12.238,4.889,5.645,166.882,75.896,232.553,20.578,68.404,37.787,17.800,5.437,10.236,23.364,61.509,1.022,0.346,0.119,0.275,0.092,1.095,70.000,51.000,14.659,2.248,0.017,0.563,0.862,1.808,0.474,2.671,0.737,0.880,0.292,3.085,0.461,1.156,0.039,1.293,7.595,12.477,3.832,13.323,0.853,1.613,0.444,3.178,3.468,1.916,0.902,0.276,0.519,1.185,3.118,0.452,0.672,0.092,0.338,0.178,0.660,0.080,0.319,0.128,0.597,0.046,0.290,0.025,0.359,0.399,1.170,1.195,1.869,0.052,0.255,0.147,0.657,0.548,0.179,0.254,1.150,1.280,0.132,0.243,0.103,0.109,0.979
8482667,William Eklund,OTT,F,24.307,True,True,243.000,0.089,0.000,0.000,0.000,,19.155,75.373,51.587,82.587,1409.600,972.676,1759.526,1124.650,179.324,40.397,65.229,14.921,2.379,0.536,0.865,18.853,10.231,28.648,7.502,37.530,20.922,53.350,13.037,56.383,33.226,56.068,78.911,18.647,18.280,35.025,23.345,14.186,3.858,8.587,153.630,99.833,199.666,20.689,55.747,47.643,26.630,23.018,46.779,17.010,62.993,0.816,0.207,0.086,-0.074,0.071,,78.000,50.000,14.964,2.732,0.491,0.967,0.617,1.252,0.466,2.441,0.715,1.587,0.419,3.093,0.447,1.095,0.042,1.440,5.936,9.481,3.619,10.664,0.681,1.538,0.474,2.769,2.373,2.028,1.133,0.980,1.991,0.724,2.681,0.548,0.892,0.075,0.267,0.155,0.477,0.067,0.256,0.115,0.436,0.041,0.235,0.024,0.297,0.283,0.834,0.742,1.253,0.038,0.184,0.099,0.431,0.312,0.121,0.156,0.956,1.021,0.097,0.167,0.065,0.073,1.077
8479314,Matthew Tkachuk,FLA,F,29.142,True,True,242.000,0.085,0.000,0.000,0.000,,17.802,67.930,46.163,75.163,1198.946,851.102,1505.901,954.427,167.859,18.060,58.600,14.050,2.471,0.266,0.863,22.348,12.816,32.039,8.064,37.179,21.683,52.792,12.697,59.528,37.291,60.598,82.040,19.070,22.253,35.757,23.255,13.925,6.314,10.916,176.087,121.968,226.938,25.863,82.401,18.158,60.940,7.437,12.596,17.640,80.181,0.886,0.803,0.102,0.090,0.082,,31.000,33.000,13.381,3.093,0.285,1.044,0.795,2.247,0.537,3.233,0.834,2.124,0.304,3.140,0.444,1.628,0.050,1.797,7.251,15.536,4.059,16.446,0.834,3.000,0.582,4.124,4.124,0.909,3.050,0.372,0.630,0.883,4.013,1.373,1.550,0.080,0.266,0.160,0.467,0.071,0.251,0.117,0.428,0.042,0.231,0.023,0.294,0.332,0.849,0.977,1.317,0.043,0.190,0.124,0.446,0.389,0.144,0.199,1.125,1.187,0.112,0.201,0.081,0.088,1.139
8478449,Roope Hintz,DAL,F,30.207,True,True,282.000,0.085,0.000,0.000,0.000,,16.927,76.001,55.095,83.195,1279.549,889.246,1599.680,972.232,196.934,44.316,66.067,12.792,2.591,0.583,0.869,22.123,12.246,32.028,8.059,32.455,17.950,46.292,11.527,54.578,33.027,55.673,75.489,17.833,22.869,33.445,19.776,12.679,6.425,11.233,156.329,103.403,203.879,25.292,58.497,34.310,26.824,447.443,343.704,14.228,65.901,0.957,0.202,0.094,-0.095,0.077,,53.000,43.000,12.624,2.779,0.621,0.903,0.739,2.024,0.500,3.521,0.738,1.951,0.318,1.623,0.394,1.575,0.039,1.344,6.343,11.649,3.900,11.293,0.777,2.348,0.521,4.179,2.743,1.609,1.258,20.981,16.117,0.667,3.090,0.628,0.813,0.072,0.253,0.140,0.446,0.066,0.237,0.106,0.411,0.040,0.220,0.022,0.287,0.294,0.805,0.671,1.246,0.039,0.183,0.090,0.432,0.388,0.140,0.186,1.103,1.154,0.104,0.179,0.075,0.081,1.048
8475172,Nazem Kadri,COL,F,36.323,True,True,323.000,0.038,0.000,0.000,0.000,,18.003,79.846,73.639,83.639,1375.828,1122.853,1649.970,1085.641,201.493,4.636,84.058,13.597,2.523,0.058,1.053,22.203,13.807,31.862,7.502,33.396,21.910,46.949,10.418,55.599,38.772,55.689,74.602,15.735,20.929,32.159,19.439,13.958,5.393,9.185,201.784,157.451,248.871,22.381,49.973,25.707,35.590,503.116,563.739,23.327,76.617,0.966,0.217,0.081,0.129,0.068,,77.000,50.000,14.014,2.839,0.059,1.092,0.688,1.514,0.461,2.394,0.624,1.525,0.311,1.631,0.408,1.108,0.043,1.659,8.038,11.107,3.974,13.381,0.749,1.489,0.424,2.710,2.179,1.121,1.552,21.941,24.585,1.017,3.341,0.680,1.300,0.064,0.221,0.150,0.401,0.059,0.221,0.113,0.379,0.036,0.203,0.022,0.262,0.252,0.723,1.010,1.144,0.033,0.158,0.127,0.382,0.275,0.108,0.148,0.809,0.876,0.092,0.163,0.062,0.070,1.070
8477409,Carter Verhaeghe,FLA,F,31.469,True,True,315.000,0.057,0.000,0.000,0.000,,17.198,78.310,61.951,83.951,1351.129,1043.255,1661.192,1140.227,151.748,4.254,54.900,14.560,1.938,0.054,0.701,25.881,15.134,36.089,8.761,33.118,19.851,46.707,11.233,58.999,38.482,59.473,80.464,17.709,22.660,29.053,18.943,14.175,4.987,6.854,189.979,138.712,240.706,22.756,66.984,23.242,32.988,30.265,51.469,25.153,74.889,1.041,0.400,0.083,0.152,0.069,,77.000,54.000,13.867,2.425,0.058,0.848,0.831,1.726,0.461,2.702,0.643,1.147,0.296,1.610,0.430,1.230,0.040,1.247,7.664,13.419,3.626,11.080,0.808,1.781,0.427,3.131,2.975,1.032,1.465,1.344,2.286,1.117,3.326,0.732,0.600,0.066,0.235,0.158,0.428,0.060,0.229,0.117,0.394,0.037,0.210,0.023,0.271,0.260,0.768,1.079,1.187,0.034,0.169,0.134,0.405,0.341,0.119,0.166,0.789,0.866,0.096,0.168,0.068,0.075,1.139
8482124,Quinton Byfield,LAK,F,24.454,True,True,293.000,0.091,0.000,0.000,0.000,,20.369,74.041,49.158,82.158,1460.488,919.582,1840.322,1114.110,147.255,129.855,69.268,15.047,1.989,1.754,0.935,22.169,11.353,31.994,8.560,31.860,17.360,46.975,12.002,54.029,29.743,55.384,75.896,18.750,21.380,31.289,18.319,13.541,3.947,5.608,158.449,97.692,207.347,21.945,66.239,34.065,42.376,364.834,443.015,29.382,62.374,0.957,0.120,0.083,-0.027,0.069,,79.000,47.000,15.450,2.076,1.865,0.977,0.724,1.551,0.348,2.928,0.612,1.086,0.331,2.809,0.466,1.158,0.036,1.503,6.256,10.286,3.048,9.049,0.707,1.695,0.312,3.449,2.721,1.399,1.741,14.988,18.200,1.207,2.562,0.862,1.034,0.071,0.267,0.137,0.492,0.065,0.263,0.106,0.469,0.041,0.242,0.023,0.306,0.262,0.843,0.574,1.196,0.036,0.192,0.078,0.446,0.300,0.134,0.137,1.215,1.268,0.098,0.154,0.059,0.068,1.043
8478493,Joel Eriksson Ek,MIN,F,30.007,True,True,271.000,0.127,0.000,0.000,0.000,,18.772,71.457,40.576,82.576,1351.192,753.066,1753.284,937.259,243.733,85.701,84.501,13.117,3.411,1.199,1.183,22.841,11.317,33.952,9.399,32.047,16.025,48.377,12.966,54.887,28.360,55.906,79.286,20.701,21.856,31.371,17.809,14.237,8.426,9.705,194.677,108.796,260.219,27.781,112.528,40.992,35.358,653.218,682.159,21.318,40.778,0.808,0.148,0.092,-0.087,0.076,,70.000,51.000,13.074,3.159,1.516,1.023,0.659,1.985,0.343,2.132,0.541,1.400,0.244,2.097,0.481,0.939,0.040,1.810,7.572,13.067,4.129,12.370,0.745,2.674,0.294,3.451,4.997,1.820,1.570,29.006,30.291,0.947,1.811,0.770,0.933,0.072,0.245,0.127,0.419,0.066,0.234,0.099,0.405,0.040,0.217,0.021,0.284,0.286,0.753,0.531,1.132,0.038,0.175,0.072,0.400,0.310,0.138,0.157,1.302,1.337,0.102,0.168,0.065,0.073,1.069
8482077,Dylan Holloway,STL,F,25.358,True,True,225.000,0.169,0.000,0.000,0.000,,18.309,66.771,31.337,81.337,1233.414,589.837,1649.533,999.896,147.617,21.457,64.444,14.975,2.211,0.321,0.965,22.200,9.137,33.806,9.359,27.941,11.895,42.182,11.855,50.142,21.946,51.208,73.154,19.771,23.916,30.047,15.502,12.440,4.450,5.705,171.889,80.221,238.019,21.083,153.416,43.602,22.489,48.541,58.246,21.726,57.312,1.149,0.308,0.094,-0.089,0.077,,59.000,50.000,15.101,2.135,0.279,0.794,0.861,1.948,0.463,4.287,0.709,1.255,0.300,1.539,0.540,1.238,0.040,1.232,7.482,12.796,4.239,13.227,0.757,1.659,0.401,3.943,7.463,2.121,1.094,2.361,2.833,1.057,2.788,0.440,0.782,0.079,0.308,0.167,0.575,0.070,0.296,0.121,0.522,0.042,0.270,0.024,0.327,0.312,1.050,0.986,1.558,0.042,0.228,0.126,0.547,0.401,0.143,0.190,0.985,1.083,0.111,0.194,0.078,0.086,0.979
8476389,Vincent Trocheck,UTA,F,33.561,True,True,313.000,0.071,0.000,0.000,0.000,,19.757,72.502,55.940,77.940,1397.977,1051.049,1696.360,1018.105,180.573,119.129,80.170,14.042,2.491,1.643,1.106,18.267,10.513,26.759,6.666,33.370,20.497,45.746,10.538,51.637,33.841,51.702,70.503,15.275,18.162,33.479,19.241,14.129,4.150,8.438,135.691,96.740,172.818,20.175,167.441,53.090,46.291,667.750,485.663,27.095,78.053,0.923,0.118,0.082,0.178,0.069,,67.000,52.000,14.156,2.699,1.755,1.147,0.597,1.371,0.596,2.044,0.714,1.338,0.267,1.966,0.405,1.475,0.037,2.091,5.023,10.670,3.457,8.597,0.616,1.830,0.402,2.558,7.186,2.279,1.987,28.659,20.844,1.163,3.350,0.904,0.843,0.064,0.226,0.119,0.401,0.060,0.227,0.095,0.399,0.037,0.210,0.021,0.272,0.248,0.715,0.497,1.051,0.033,0.164,0.067,0.379,0.252,0.127,0.129,1.215,1.255,0.095,0.153,0.056,0.065,1.016
8479410,Mikhail Sergachev,UTA,D,28.605,True,True,268.000,0.097,0.000,0.000,0.000,,24.272,73.615,45.534,82.534,1790.956,1097.120,2233.088,1293.061,206.184,197.545,94.165,17.565,2.801,2.683,1.279,10.425,4.056,16.225,4.875,41.114,23.919,57.803,14.032,51.539,29.003,53.005,71.006,17.317,10.239,41.218,18.502,22.612,2.903,15.138,137.093,80.757,180.456,8.280,53.011,123.581,38.779,0.000,0.000,28.385,103.681,1.120,0.027,0.079,0.204,0.066,,78.000,54.000,17.399,2.977,2.673,1.223,0.256,0.830,0.072,1.037,0.420,1.832,0.109,1.812,0.464,2.585,0.112,2.175,4.290,7.822,1.983,7.149,0.192,0.675,0.113,0.931,1.776,4.140,1.299,0.000,0.000,0.951,3.474,0.664,0.363,0.034,0.144,0.028,0.126,0.038,0.256,0.002,0.267,0.032,0.187,0.033,0.147,0.231,0.735,0.258,0.867,0.014,0.098,0.018,0.168,0.223,0.191,0.131,0.002,0.002,0.082,0.164,0.057,0.049,1.016
8477935,Sam Bennett,FLA,F,30.617,True,True,284.000,0.071,0.000,0.000,0.000,,18.000,77.173,58.555,83.555,1378.645,1014.069,1704.299,1083.194,180.373,53.518,61.560,14.036,2.337,0.694,0.798,25.403,14.912,36.708,9.101,32.306,17.843,46.838,11.488,57.709,36.129,58.709,79.032,18.439,22.441,29.636,19.346,12.960,5.822,7.665,195.819,141.715,248.001,27.527,137.312,38.188,71.174,486.634,549.822,26.621,70.157,0.845,0.481,0.086,0.305,0.072,,76.000,57.000,13.367,2.925,0.743,0.965,0.805,1.711,0.383,2.361,0.643,1.210,0.272,2.194,0.400,1.129,0.042,1.211,7.926,12.055,4.160,12.457,0.924,2.402,0.363,3.220,5.976,1.662,3.098,21.179,23.929,1.159,3.053,1.410,0.804,0.069,0.249,0.144,0.425,0.063,0.240,0.109,0.400,0.038,0.221,0.022,0.279,0.271,0.795,0.739,1.173,0.036,0.180,0.098,0.404,0.325,0.129,0.164,1.075,1.123,0.099,0.170,0.068,0.074,1.139
8482175,JJ Peterka,BOS,F,25.049,True,True,318.000,0.072,0.000,0.000,0.000,,16.572,76.626,58.264,83.264,1281.805,948.665,1587.669,1072.832,164.055,1.831,43.085,14.001,2.141,0.024,0.562,24.225,13.797,35.023,8.711,27.074,15.351,39.912,10.156,51.299,32.270,52.048,71.826,16.935,23.119,26.407,14.401,12.674,4.142,5.231,161.220,112.373,207.723,18.143,21.497,16.760,24.652,5.719,13.173,19.820,73.853,1.265,0.098,0.083,0.085,0.070,,82.000,47.000,14.092,1.957,0.024,0.499,0.944,1.446,0.493,3.168,0.589,0.824,0.285,1.750,0.483,1.042,0.038,1.227,7.203,8.756,3.725,11.661,0.681,1.284,0.436,3.398,1.006,0.784,1.154,0.268,0.617,0.928,3.457,0.573,0.720,0.071,0.261,0.173,0.515,0.063,0.245,0.125,0.454,0.040,0.225,0.024,0.302,0.271,0.845,1.152,1.369,0.036,0.186,0.143,0.479,0.388,0.125,0.177,0.734,0.826,0.095,0.166,0.071,0.076,1.014
8484984,Ivan Demidov,MTL,F,21.144,True,True,84.000,0.120,0.000,0.000,0.000,override,16.371,67.188,31.298,79.398,1063.537,526.913,1400.598,825.677,177.937,1.475,58.448,12.289,2.648,0.022,0.870,18.353,7.934,28.760,8.434,33.600,14.930,51.187,14.418,51.954,23.788,52.977,77.907,21.124,17.559,29.843,20.937,12.664,5.490,9.523,112.639,55.084,157.653,15.264,25.608,21.430,27.477,2.017,3.228,17.286,57.573,1.083,-0.003,0.122,0.029,0.094,,82.000,62.000,12.378,2.964,0.021,1.007,0.758,1.771,0.521,1.905,0.805,1.690,0.290,2.563,0.472,1.163,0.045,1.332,5.481,9.014,3.965,10.664,0.587,1.556,0.449,2.626,1.445,1.209,1.550,0.114,0.182,0.975,3.248,0.765,0.772,0.094,0.328,0.180,0.553,0.082,0.295,0.130,0.478,0.046,0.273,0.025,0.332,0.418,1.069,1.196,1.561,0.054,0.241,0.148,0.535,0.569,0.176,0.265,1.227,1.302,0.124,0.231,0.104,0.106,1.031
8484387,Matvei Michkov,PHI,F,22.146,True,True,161.000,0.093,0.000,0.000,0.000,,15.777,72.431,34.071,84.000,1136.167,520.959,1513.346,918.909,164.602,0.844,51.813,12.687,2.272,0.012,0.715,21.886,8.098,34.705,9.893,31.873,12.894,49.232,14.155,53.759,23.318,54.797,81.612,22.419,19.715,27.973,19.638,12.235,4.949,7.468,159.636,72.405,219.599,18.238,29.437,18.540,50.948,7.800,14.890,16.884,74.370,1.085,0.206,0.099,0.029,0.080,,81.000,51.000,12.953,2.147,0.012,0.664,0.808,1.625,0.475,3.330,0.745,1.420,0.271,2.223,0.443,0.969,0.039,1.490,7.750,10.852,3.820,12.866,0.744,1.426,0.436,3.384,1.555,0.979,2.691,0.412,0.786,0.892,3.927,1.265,0.894,0.081,0.291,0.178,0.533,0.071,0.263,0.129,0.459,0.043,0.243,0.025,0.315,0.328,0.942,1.195,1.445,0.043,0.211,0.147,0.507,0.489,0.149,0.218,0.886,0.977,0.106,0.189,0.086,0.089,1.073
8476905,Chandler Stephenson,SEA,F,32.780,True,True,314.000,0.056,0.000,0.000,0.000,,18.729,77.618,63.539,82.539,1560.300,1229.632,1878.792,1049.531,214.956,195.353,100.460,13.522,2.769,2.517,1.294,16.122,8.719,24.219,6.400,34.702,20.896,49.753,11.386,50.823,32.557,51.302,71.033,15.896,16.758,35.333,18.044,16.657,4.066,10.152,93.334,63.982,123.258,12.535,32.465,51.612,19.160,728.535,657.636,31.873,61.377,1.265,-0.341,0.083,0.481,0.070,,80.000,48.000,13.602,2.397,1.657,1.073,0.476,1.180,0.435,1.664,0.619,1.023,0.304,1.726,0.423,1.863,0.044,1.642,2.967,6.011,2.713,6.610,0.312,0.926,0.376,1.518,1.248,1.985,0.737,28.015,25.289,1.226,2.360,0.335,0.586,0.064,0.230,0.118,0.389,0.060,0.227,0.094,0.383,0.037,0.210,0.021,0.265,0.249,0.732,0.490,1.005,0.034,0.169,0.066,0.368,0.301,0.131,0.142,1.189,1.232,0.096,0.153,0.059,0.067,1.015
8476483,Rickard Rakell,PIT,F,33.744,True,True,293.000,0.096,0.000,0.000,0.000,,18.140,67.214,37.718,76.718,1292.160,758.987,1655.649,953.289,203.891,47.849,87.131,14.183,3.034,0.712,1.296,23.145,12.670,33.485,8.913,27.138,14.046,39.842,10.857,50.283,27.690,51.807,70.565,18.129,23.966,29.126,15.186,11.952,5.921,7.119,167.511,100.041,221.586,25.565,91.922,49.677,13.171,45.664,77.834,21.558,58.563,1.000,0.213,0.086,0.088,0.071,,60.000,48.000,13.819,2.844,0.475,1.002,0.822,1.804,0.576,2.977,0.562,1.105,0.404,2.265,0.442,1.143,0.042,1.302,6.807,11.883,4.317,10.698,0.854,2.099,0.557,3.050,4.268,2.307,0.612,2.120,3.614,1.001,2.719,0.309,0.552,0.067,0.240,0.149,0.446,0.062,0.237,0.113,0.424,0.038,0.217,0.022,0.285,0.268,0.782,0.912,1.265,0.035,0.174,0.117,0.432,0.307,0.124,0.160,1.004,1.063,0.100,0.173,0.067,0.075,1.005
8477479,Tyler Bertuzzi,CHI,F,31.937,True,True,290.000,0.071,0.000,0.000,0.000,,17.709,75.051,46.529,83.529,1305.278,809.524,1643.888,1038.222,202.290,0.859,63.907,13.834,2.695,0.011,0.852,23.857,12.402,34.105,9.050,26.394,13.543,38.792,10.485,50.251,27.935,50.882,70.836,17.748,23.620,27.917,15.516,10.878,7.199,7.841,140.946,84.549,185.396,25.424,60.227,26.018,32.242,31.137,39.014,21.250,70.507,0.973,0.395,0.084,0.086,0.070,,78.000,58.000,14.059,2.893,0.009,0.746,0.775,2.114,0.496,2.887,0.565,1.459,0.319,1.604,0.404,1.001,0.044,1.073,5.537,9.930,4.033,10.896,0.767,2.377,0.468,3.879,2.768,1.196,1.482,1.431,1.793,0.977,3.241,0.623,0.852,0.068,0.243,0.158,0.475,0.062,0.239,0.117,0.442,0.038,0.219,0.023,0.293,0.268,0.793,1.115,1.363,0.035,0.174,0.138,0.460,0.312,0.117,0.164,0.842,0.912,0.098,0.175,0.068,0.076,1.013
8479323,Adam Fox,NYR,D,28.956,True,True,283.000,0.132,0.000,0.000,0.000,,23.371,59.799,17.941,74.941,1356.449,514.115,1830.525,1043.222,186.625,53.101,73.501,17.445,3.121,0.888,1.229,9.255,2.792,15.822,4.843,39.614,14.375,58.852,16.806,48.869,18.205,51.739,71.860,20.445,9.099,38.439,19.414,20.200,2.666,15.558,102.069,39.133,145.038,8.298,26.749,80.566,24.181,0.000,0.000,31.504,67.340,1.082,0.628,0.081,-0.276,0.068,,55.000,52.000,18.368,3.079,0.868,1.056,0.269,0.843,0.107,1.395,0.525,2.221,0.133,2.195,0.493,2.633,0.142,2.209,3.834,7.581,2.759,7.658,0.237,0.699,0.132,1.544,1.183,3.564,1.070,0.000,0.000,1.393,2.979,0.542,0.449,0.035,0.143,0.030,0.127,0.039,0.257,0.002,0.272,0.032,0.187,0.034,0.147,0.240,0.722,0.311,0.951,0.015,0.097,0.021,0.172,0.192,0.180,0.131,0.002,0.002,0.087,0.175,0.058,0.049,0.990
8477402,Pavel Buchnevich,STL,F,31.795,True,True,300.000,0.068,0.000,0.000,0.000,,17.565,76.732,59.018,83.018,1376.567,1015.283,1701.565,990.977,174.268,135.753,75.570,12.915,2.271,1.769,0.985,18.814,10.838,27.588,6.972,29.365,16.892,42.727,10.346,48.179,29.711,48.528,66.354,15.502,19.056,29.855,18.068,11.297,3.938,8.199,131.458,90.837,169.696,19.005,35.672,32.353,26.110,86.581,139.645,22.723,69.127,1.043,0.391,0.084,0.242,0.070,,81.000,48.000,13.023,2.193,1.538,0.811,0.692,1.373,0.322,2.305,0.584,1.621,0.292,2.662,0.401,1.249,0.049,0.893,5.520,8.053,2.324,9.241,0.651,1.339,0.324,2.884,1.555,1.410,1.138,3.774,6.087,0.990,3.013,0.551,0.459,0.064,0.232,0.121,0.406,0.060,0.224,0.096,0.392,0.037,0.208,0.021,0.271,0.251,0.741,0.513,1.049,0.034,0.172,0.069,0.389,0.344,0.136,0.155,1.171,1.215,0.096,0.154,0.064,0.070,0.979
8482105,Jake Sanderson,OTT,D,24.570,True,True,303.000,0.101,0.000,0.000,0.000,,25.299,71.382,44.899,79.899,1795.264,1161.183,2234.566,1306.275,169.781,208.462,110.746,18.300,2.378,2.920,1.552,11.955,5.187,18.673,5.168,41.017,23.414,57.009,13.686,52.972,30.670,55.205,72.585,17.218,11.192,39.384,18.998,22.018,2.797,12.651,156.143,98.976,202.804,9.549,35.574,137.259,13.131,0.165,0.000,33.730,103.508,1.109,0.128,0.079,-0.156,0.066,,67.000,54.000,17.799,3.160,2.768,1.573,0.280,0.925,0.067,1.222,0.423,1.917,0.112,1.746,0.431,2.376,0.125,2.490,4.806,10.731,1.644,8.359,0.215,0.724,0.090,1.353,1.189,4.587,0.439,0.005,0.000,1.127,3.459,0.224,0.330,0.035,0.148,0.029,0.131,0.039,0.254,0.002,0.264,0.032,0.188,0.033,0.148,0.239,0.730,0.262,0.828,0.014,0.098,0.018,0.162,0.218,0.188,0.130,0.002,0.002,0.081,0.162,0.056,0.048,1.077
8482809,Jackson Blake,CAR,F,23.499,True,True,162.000,0.089,0.000,0.000,0.000,,16.882,73.849,52.189,81.289,1308.068,926.497,1632.355,1078.295,178.570,3.161,48.042,14.601,2.418,0.043,0.650,23.083,12.267,33.735,8.653,29.922,16.018,44.051,11.254,53.006,32.328,53.543,74.758,17.997,22.112,29.138,17.541,12.381,4.417,7.447,169.254,114.047,219.321,27.380,17.302,32.624,37.682,6.851,13.970,25.683,79.637,0.830,0.262,0.097,-0.089,0.079,,81.000,53.000,14.144,2.124,0.038,0.576,0.821,1.422,0.465,3.873,0.672,1.127,0.293,2.042,0.403,1.309,0.040,1.155,6.777,11.477,4.319,16.334,1.027,1.901,0.499,4.044,0.794,1.496,1.728,0.314,0.641,1.178,3.653,0.860,1.065,0.081,0.295,0.176,0.600,0.071,0.276,0.127,0.535,0.043,0.253,0.025,0.337,0.324,0.976,1.167,1.653,0.043,0.215,0.145,0.580,0.454,0.146,0.208,0.899,1.001,0.110,0.194,0.084,0.089,1.078
8476880,Tom Wilson,WSH,F,32.846,True,True,260.000,0.077,0.000,0.000,0.000,,18.688,73.784,53.305,80.405,1331.013,970.977,1633.154,933.119,166.537,157.882,73.475,12.647,2.257,2.140,0.996,22.523,12.718,32.283,7.929,25.677,15.059,37.647,9.290,48.200,29.703,48.866,66.113,15.244,22.417,26.575,14.896,10.781,5.896,4.775,137.280,92.442,178.073,22.139,183.771,55.624,79.112,20.710,29.380,20.333,81.607,1.093,0.190,0.088,-0.090,0.073,,72.000,62.000,13.150,2.515,1.905,1.118,0.731,2.114,0.486,3.181,0.552,0.960,0.326,2.700,0.437,0.820,0.035,1.625,5.642,10.872,3.411,8.474,0.642,2.153,0.430,4.114,8.284,2.507,3.566,0.934,1.324,0.917,3.679,1.451,1.303,0.066,0.240,0.118,0.410,0.062,0.234,0.095,0.406,0.038,0.217,0.021,0.278,0.262,0.763,0.496,1.069,0.035,0.179,0.067,0.396,0.321,0.142,0.150,1.326,1.364,0.100,0.159,0.063,0.070,0.988
8477942,Kevin Fiala,LAK,F,30.530,True,True,288.000,0.061,5.000,5.000,5.000,dailyfaceoff:ir:out,18.556,64.967,52.082,70.082,1169.901,897.537,1432.767,924.919,186.798,2.371,55.814,14.237,2.875,0.036,0.859,22.517,13.278,32.247,7.593,28.364,17.703,40.717,9.631,50.881,32.835,51.077,69.318,15.484,21.628,29.075,15.869,12.495,6.268,10.059,162.954,121.553,206.189,19.824,45.661,21.151,36.752,10.103,19.653,21.124,78.339,1.115,0.160,0.087,-0.124,0.072,,56.000,39.000,14.618,3.002,0.039,0.897,0.840,1.934,0.527,2.828,0.632,1.454,0.332,2.137,0.352,1.857,0.045,1.714,7.385,11.090,3.960,15.516,0.769,1.576,0.466,3.277,2.342,1.085,1.885,0.518,1.008,1.083,4.018,0.919,0.817,0.071,0.244,0.160,0.474,0.065,0.240,0.118,0.442,0.039,0.220,0.023,0.293,0.279,0.786,1.099,1.341,0.037,0.172,0.136,0.450,0.296,0.118,0.162,0.877,0.949,0.101,0.180,0.068,0.077,1.043
8481656,Aliaksei Protas,WSH,F,26.070,True,True,288.000,0.090,0.000,0.000,0.000,,18.243,74.352,47.844,82.844,1319.049,847.259,1659.734,1074.983,29.251,151.122,63.692,14.458,0.393,2.033,0.857,20.864,10.763,30.333,7.872,26.959,13.855,39.587,10.179,47.823,27.573,49.237,66.963,16.343,21.201,27.105,17.369,9.590,0.319,0.825,143.670,90.417,188.991,20.660,32.685,39.926,18.385,30.395,44.865,24.645,74.347,1.082,0.124,0.085,0.045,0.071,,76.000,52.000,15.034,0.438,1.809,0.962,0.826,0.665,0.531,4.461,0.746,0.819,0.399,2.531,0.431,0.883,0.024,1.344,6.330,6.247,5.937,11.556,0.796,0.923,0.532,4.344,1.487,1.816,0.836,1.383,2.041,1.121,3.382,0.434,0.689,0.069,0.369,0.124,0.507,0.061,0.359,0.100,0.473,0.040,0.326,0.022,0.298,0.259,1.501,0.531,1.138,0.036,0.333,0.072,0.466,0.424,0.155,0.168,1.193,1.274,0.104,0.160,0.069,0.075,0.988
8475798,Mikael Granlund,ANA,F,34.932,True,True,289.000,0.101,0.000,0.000,0.000,,18.253,68.503,30.412,80.412,1328.862,622.376,1750.968,910.201,222.125,98.709,97.828,13.287,3.243,1.441,1.428,17.117,6.531,27.059,7.826,32.058,13.428,48.916,13.565,49.175,20.898,50.819,73.142,19.881,17.985,32.919,19.566,12.491,4.810,9.194,126.927,57.738,174.192,18.620,45.655,47.499,23.377,367.911,385.292,22.644,57.366,0.982,0.141,0.089,0.186,0.073,,58.000,40.000,12.891,2.725,1.470,1.168,0.556,1.365,0.323,2.432,0.619,1.386,0.221,3.192,0.436,1.164,0.046,1.123,4.835,8.900,2.247,10.390,0.552,1.552,0.277,2.480,2.061,2.145,1.056,16.612,17.396,1.022,2.590,0.528,0.661,0.066,0.235,0.121,0.384,0.062,0.229,0.096,0.377,0.038,0.213,0.021,0.266,0.266,0.753,0.528,1.038,0.035,0.174,0.071,0.372,0.316,0.136,0.153,1.250,1.289,0.099,0.162,0.064,0.071,1.019
8475168,Matt Duchene,DAL,F,36.044,True,True,290.000,0.085,0.000,0.000,0.000,,15.695,76.736,54.831,83.931,1203.825,839.917,1504.329,987.983,150.674,2.298,62.869,12.875,1.964,0.030,0.819,19.127,10.058,28.161,7.046,31.190,18.120,44.293,10.840,50.317,31.196,51.322,69.436,16.131,19.053,30.793,19.018,12.172,4.488,8.832,118.363,78.590,154.491,17.510,29.593,26.995,14.402,321.516,284.232,17.623,80.992,1.159,0.088,0.089,0.227,0.073,,57.000,44.000,12.706,2.106,0.032,0.851,0.685,1.780,0.421,3.139,0.678,1.876,0.261,2.761,0.404,1.596,0.036,1.296,4.969,10.207,3.256,10.287,0.606,1.627,0.386,3.276,1.475,1.345,0.718,16.025,14.166,0.878,4.037,0.338,0.492,0.066,0.237,0.151,0.420,0.060,0.230,0.113,0.385,0.037,0.211,0.022,0.266,0.272,0.810,1.034,1.195,0.036,0.179,0.129,0.413,0.406,0.132,0.188,0.818,0.901,0.100,0.176,0.076,0.081,1.048
8482679,Matt Coronato,CGY,F,24.216,True,True,192.000,0.138,0.000,0.000,0.000,,17.235,70.733,31.869,84.000,1284.658,568.059,1726.984,1001.907,210.588,3.050,69.112,14.165,2.977,0.043,0.977,21.860,7.700,35.202,10.250,29.573,10.638,46.806,13.541,51.433,19.420,52.866,77.681,22.134,20.962,28.849,17.396,12.177,6.072,8.277,183.057,78.456,254.198,21.319,26.488,25.652,27.947,63.222,92.686,20.200,54.084,0.954,0.114,0.093,0.216,0.076,,80.000,45.000,13.769,2.634,0.030,0.802,0.720,1.659,0.497,2.685,0.519,1.293,0.305,3.261,0.410,1.008,0.043,1.298,8.091,10.593,3.936,9.175,0.729,1.638,0.456,2.933,1.237,1.198,1.305,2.953,4.329,0.944,2.526,0.628,0.658,0.079,0.284,0.175,0.527,0.069,0.264,0.126,0.467,0.042,0.242,0.024,0.314,0.309,0.907,1.167,1.446,0.041,0.201,0.144,0.496,0.405,0.134,0.193,0.898,0.977,0.104,0.184,0.078,0.083,1.073
8474141,Patrick Kane,CHI,F,38.201,True,True,262.000,0.096,0.000,0.000,0.000,,16.568,71.448,38.812,81.812,1162.929,637.157,1493.349,915.384,185.494,1.328,60.723,12.812,2.596,0.019,0.850,16.635,7.834,25.784,7.134,31.730,15.235,46.720,12.313,48.364,24.175,49.357,69.502,17.949,16.649,31.296,18.109,13.621,3.764,11.218,149.771,79.554,199.880,15.593,17.838,20.244,14.804,4.830,8.349,12.180,70.460,1.095,0.280,0.089,0.137,0.074,,67.000,57.000,13.021,2.787,0.015,0.745,0.665,1.218,0.474,2.692,0.625,1.847,0.297,2.578,0.416,1.732,0.042,1.714,6.630,11.014,3.803,14.309,0.591,1.244,0.441,2.689,0.920,1.044,0.764,0.249,0.431,0.628,3.635,0.398,0.396,0.067,0.231,0.150,0.436,0.062,0.227,0.113,0.410,0.037,0.209,0.022,0.278,0.276,0.771,1.076,1.290,0.036,0.170,0.133,0.435,0.341,0.122,0.174,0.886,0.955,0.100,0.178,0.071,0.078,1.013
8479425,Filip Hronek,VAN,D,29.248,True,True,288.000,0.090,0.000,0.000,0.000,,24.733,75.306,53.303,83.303,2108.558,1453.153,2602.136,1594.883,140.207,241.048,132.419,21.179,1.862,3.201,1.758,8.185,2.840,13.253,4.022,40.187,24.778,55.502,13.218,48.372,29.499,49.164,66.864,15.739,8.779,40.601,19.393,20.794,1.663,9.611,137.415,92.154,180.302,7.782,127.911,101.057,37.971,0.320,0.000,27.282,109.728,1.068,0.305,0.074,0.033,0.063,,82.000,49.000,19.520,1.755,2.091,1.368,0.173,0.763,0.058,0.976,0.393,2.153,0.103,1.683,0.453,2.002,0.094,1.775,3.711,7.901,1.083,7.225,0.156,0.638,0.076,0.830,3.640,2.876,1.081,0.009,0.000,0.776,3.122,0.528,0.330,0.031,0.149,0.028,0.125,0.036,0.266,0.002,0.255,0.031,0.189,0.033,0.144,0.210,0.825,0.264,0.786,0.013,0.110,0.018,0.154,0.220,0.187,0.121,0.002,0.002,0.081,0.157,0.053,0.044,1.013
8477964,Ivan Barbashev,VGK,F,31.135,True,True,316.000,0.066,0.000,0.000,0.000,,15.936,79.442,59.449,84.000,1259.207,900.325,1552.168,1155.818,65.531,1.191,36.667,14.549,0.825,0.015,0.462,21.498,11.706,31.607,7.751,31.634,18.759,44.553,10.686,53.133,33.980,53.899,72.646,16.502,18.723,27.648,20.300,11.334,1.625,2.229,112.707,78.545,144.850,17.110,130.543,35.856,20.201,20.353,40.823,18.297,80.829,1.131,0.361,0.081,0.162,0.068,,82.000,61.000,14.658,0.838,0.013,0.428,0.806,1.296,0.395,2.909,0.796,1.177,0.246,1.829,0.453,0.607,0.029,0.850,5.180,7.235,4.028,8.076,0.702,1.353,0.463,3.436,6.220,1.708,0.963,0.970,1.945,0.872,3.851,0.437,0.826,0.064,0.259,0.155,0.540,0.058,0.262,0.116,0.496,0.037,0.237,0.022,0.303,0.250,0.970,1.012,1.473,0.034,0.206,0.128,0.533,0.422,0.133,0.181,0.601,0.745,0.100,0.170,0.074,0.079,1.121
8483431,Logan Cooley,UTA,F,22.746,True,True,211.000,0.149,0.000,0.000,0.000,,18.041,63.120,30.758,75.758,1115.525,588.593,1467.968,895.177,141.936,36.062,42.351,14.182,2.249,0.571,0.671,21.898,9.991,33.606,9.113,25.913,11.500,38.923,10.931,47.811,22.382,49.241,69.027,18.532,22.113,26.532,15.142,10.771,5.322,6.783,126.491,64.366,174.060,18.153,52.818,26.817,31.218,285.420,372.134,21.796,70.509,1.233,0.060,0.096,0.173,0.078,,54.000,43.000,14.297,2.437,0.610,0.696,0.958,2.272,0.576,2.969,0.695,1.507,0.270,1.990,0.442,1.429,0.040,1.461,6.264,9.325,3.448,12.616,0.746,2.051,0.418,2.724,2.841,1.442,1.679,15.352,20.016,1.172,3.792,0.837,1.007,0.081,0.294,0.159,0.569,0.072,0.276,0.118,0.518,0.043,0.254,0.024,0.333,0.317,0.943,0.787,1.530,0.042,0.211,0.104,0.540,0.402,0.143,0.188,1.103,1.174,0.107,0.184,0.077,0.083,1.016
8479325,Charlie McAvoy,BOS,D,29.114,True,True,260.000,0.104,6.000,6.000,8.000,research:high,24.141,62.593,37.893,70.893,1565.797,1014.067,1956.770,1142.540,189.541,145.079,88.637,18.253,3.028,2.318,1.416,9.843,3.867,15.470,4.449,37.895,22.955,52.606,12.603,47.738,28.758,48.888,66.143,15.576,9.509,37.707,18.930,18.965,2.121,13.321,111.442,68.178,148.497,8.580,91.366,117.141,57.103,0.000,0.000,24.985,88.949,1.084,0.343,0.082,0.136,0.069,,69.000,61.000,17.456,2.827,2.536,1.322,0.299,0.648,0.085,1.060,0.460,2.072,0.107,2.220,0.460,2.124,0.087,2.162,4.061,6.920,1.390,6.022,0.253,0.610,0.106,1.064,3.501,4.489,2.188,0.000,0.000,0.957,3.408,1.071,0.762,0.034,0.144,0.029,0.126,0.038,0.258,0.002,0.266,0.032,0.187,0.033,0.146,0.239,0.749,0.275,0.868,0.014,0.100,0.019,0.168,0.236,0.200,0.138,0.002,0.002,0.086,0.172,0.060,0.051,1.014
8478498,Jake DeBrusk,VAN,F,30.292,True,True,307.000,0.066,1.000,1.000,1.000,dailyfaceoff:ir:dtd,16.575,77.117,57.306,83.000,1406.148,1026.000,1723.439,987.159,244.071,93.996,80.924,12.801,3.165,1.219,1.049,24.335,14.108,34.263,8.521,23.310,11.570,35.674,9.429,47.646,28.592,48.311,67.044,15.974,25.026,24.919,12.968,10.342,11.976,7.296,193.889,135.423,246.224,31.188,84.128,39.573,16.765,14.252,21.589,16.390,49.481,0.837,0.119,0.086,-0.085,0.072,,81.000,42.000,12.231,2.723,0.638,0.982,0.575,3.028,0.394,1.956,0.467,1.054,0.229,1.142,0.376,0.863,0.044,0.960,6.582,15.266,4.564,12.121,0.751,3.449,0.462,3.024,3.590,1.689,0.715,0.608,0.921,0.699,2.111,0.346,0.494,0.067,0.243,0.140,0.414,0.061,0.226,0.106,0.379,0.038,0.210,0.022,0.274,0.268,0.768,0.672,1.151,0.035,0.176,0.090,0.401,0.372,0.131,0.176,1.018,1.063,0.096,0.164,0.070,0.075,1.013
8477955,Jared McCann,SEA,F,30.672,True,True,293.000,0.107,0.000,0.000,0.000,,16.171,67.742,37.619,78.619,1141.025,634.586,1481.869,835.010,197.192,31.372,77.451,12.326,2.911,0.463,1.143,20.467,9.011,30.639,8.418,26.985,12.788,40.191,11.079,47.452,23.610,48.129,68.106,17.907,21.529,28.148,16.861,10.124,5.732,7.850,152.244,81.291,205.117,19.259,44.710,31.535,17.425,63.688,75.246,22.009,61.364,1.186,0.190,0.094,-0.059,0.077,,52.000,39.000,12.400,2.519,0.305,0.948,0.776,1.835,0.535,3.428,0.751,1.263,0.268,2.203,0.373,1.228,0.037,1.019,6.401,13.056,7.048,12.841,0.623,1.597,0.588,3.903,2.351,1.658,0.916,3.349,3.957,1.157,3.227,0.411,1.075,0.071,0.253,0.137,0.426,0.065,0.236,0.104,0.384,0.039,0.218,0.022,0.274,0.293,0.822,0.648,1.192,0.038,0.186,0.087,0.412,0.416,0.139,0.194,0.974,1.035,0.103,0.179,0.078,0.082,1.015
8474586,Jordan Eberle,SEA,F,36.717,True,True,282.000,0.103,0.000,0.000,0.000,,17.305,72.437,39.003,83.003,1290.989,707.953,1668.278,1002.120,195.129,6.534,87.207,13.834,2.694,0.090,1.204,19.374,8.869,29.562,8.074,28.053,13.445,42.257,11.406,47.427,24.261,48.523,68.902,17.855,19.689,29.333,17.809,10.244,3.849,7.616,137.861,72.174,186.710,21.971,39.107,33.258,24.043,17.573,25.876,26.840,49.792,0.947,0.131,0.087,-0.054,0.072,,80.000,54.000,13.917,2.331,0.059,0.998,0.661,1.203,0.435,3.225,0.670,1.550,0.295,1.627,0.350,0.899,0.039,1.334,5.674,8.348,3.590,10.696,0.659,1.592,0.425,3.955,1.818,1.546,1.117,0.817,1.203,1.247,2.314,0.501,0.477,0.066,0.235,0.151,0.431,0.061,0.236,0.113,0.405,0.037,0.215,0.022,0.271,0.270,0.803,1.055,1.224,0.036,0.175,0.131,0.418,0.342,0.123,0.169,0.839,0.924,0.100,0.177,0.070,0.078,1.015
8480802,Ryan McLeod,BUF,F,27.365,True,True,298.000,0.085,0.000,0.000,0.000,,17.559,73.575,45.956,81.956,1378.952,866.245,1734.104,962.717,112.419,220.754,83.062,13.085,1.528,3.000,1.129,16.818,7.232,25.827,7.422,31.425,16.989,45.659,11.794,48.244,26.291,49.427,69.408,17.323,16.621,29.928,19.979,11.446,1.192,4.885,98.028,56.322,132.759,15.428,28.378,35.243,16.798,572.754,584.018,33.226,92.065,1.100,0.074,0.087,0.067,0.072,,81.000,54.000,12.877,1.439,2.265,0.978,0.568,0.629,0.608,2.959,0.790,1.331,0.378,1.782,0.431,1.152,0.045,1.199,4.170,5.276,3.104,7.087,0.488,0.763,0.373,3.466,1.235,1.534,0.731,24.921,25.411,1.446,4.006,0.366,0.408,0.067,0.299,0.115,0.446,0.061,0.278,0.092,0.423,0.039,0.259,0.021,0.287,0.258,1.008,0.452,1.022,0.035,0.239,0.061,0.420,0.408,0.154,0.168,1.340,1.386,0.101,0.152,0.068,0.072,1.039
8479385,Jordan Kyrou,WSH,F,28.745,True,True,315.000,0.075,0.000,0.000,0.000,,15.845,70.289,39.271,80.271,1058.923,596.604,1362.944,889.422,130.317,1.421,37.763,12.654,1.854,0.020,0.537,20.673,9.432,30.391,8.243,24.977,12.210,37.648,10.018,45.649,23.715,47.430,64.958,16.669,19.319,23.796,14.722,10.255,4.107,6.824,158.449,89.146,209.924,16.766,21.255,24.778,12.898,3.616,9.489,19.703,60.234,1.193,0.402,0.084,-0.177,0.070,,72.000,45.000,13.158,2.066,0.018,0.603,0.911,1.767,0.467,3.117,0.683,1.399,0.271,1.352,0.384,1.594,0.037,0.982,8.529,10.982,3.696,12.835,0.757,1.638,0.427,3.136,1.204,1.404,0.731,0.205,0.538,1.116,3.413,0.371,0.657,0.068,0.246,0.165,0.462,0.061,0.230,0.120,0.407,0.038,0.212,0.023,0.281,0.267,0.801,1.133,1.256,0.035,0.178,0.140,0.437,0.400,0.127,0.183,0.752,0.836,0.096,0.168,0.073,0.077,0.988
8480015,Owen Tippett,PHI,F,27.959,True,True,313.000,0.076,0.000,0.000,0.000,,16.758,73.294,43.392,82.492,1220.160,728.622,1555.357,965.756,159.475,26.348,68.581,13.177,2.176,0.359,0.936,24.517,12.214,35.532,9.509,24.976,12.738,37.152,10.233,49.493,27.129,49.917,70.534,17.883,22.140,23.508,14.566,10.409,3.869,4.756,191.972,110.947,251.880,21.392,129.058,48.313,17.427,11.475,18.462,25.053,65.124,1.092,0.273,0.085,0.039,0.070,,81.000,51.000,13.453,2.055,0.380,0.869,0.922,1.315,0.690,3.070,0.618,0.707,0.260,1.551,0.371,0.977,0.037,1.066,8.752,12.494,4.876,13.782,0.823,1.436,0.575,3.566,6.346,2.376,0.857,0.564,0.908,1.232,3.202,0.416,0.833,0.069,0.253,0.158,0.455,0.062,0.237,0.116,0.407,0.039,0.219,0.023,0.281,0.267,0.818,0.897,1.204,0.036,0.183,0.116,0.425,0.388,0.130,0.176,0.880,0.952,0.097,0.166,0.071,0.076,1.073
8475692,Mats Zuccarello,LAK,F,39.420,True,True,275.000,0.085,0.000,0.000,0.000,,17.470,69.704,45.739,77.739,1181.672,774.511,1484.025,931.624,203.187,1.620,45.242,13.366,2.915,0.023,0.649,14.297,7.225,21.676,5.908,33.599,19.299,47.283,11.558,47.897,28.369,49.174,66.290,15.839,14.698,32.967,19.490,14.110,3.099,11.859,123.186,75.850,162.002,13.963,22.831,33.791,21.447,22.841,31.517,19.520,66.303,1.025,0.232,0.088,0.065,0.073,,59.000,52.000,13.723,3.043,0.025,0.678,0.578,0.941,0.490,3.345,0.766,1.590,0.319,2.424,0.426,1.846,0.044,1.303,5.180,9.571,4.566,13.550,0.552,0.851,0.457,3.303,1.159,1.716,1.089,1.160,1.600,0.991,3.367,0.546,0.915,0.067,0.226,0.149,0.449,0.062,0.226,0.113,0.427,0.037,0.207,0.022,0.283,0.274,0.745,1.062,1.332,0.036,0.163,0.132,0.445,0.288,0.116,0.161,0.898,0.965,0.099,0.177,0.067,0.076,1.043
8478178,Darren Raddysh,TOR,D,30.927,True,True,245.000,0.064,0.000,0.000,0.000,,21.867,73.781,52.489,80.589,1558.580,1084.015,1923.429,1258.183,156.114,64.828,79.456,17.053,2.116,0.879,1.077,10.611,4.899,16.657,4.531,34.790,21.513,47.703,11.063,45.401,29.307,46.797,61.450,14.011,10.630,36.169,16.395,18.395,2.783,10.012,152.356,102.690,194.724,8.848,60.186,74.463,35.187,0.000,0.000,13.472,68.694,1.161,0.337,0.082,0.034,0.069,,73.000,68.000,16.753,3.227,0.697,1.189,0.284,1.072,0.100,1.346,0.479,1.573,0.128,2.089,0.471,2.427,0.088,2.147,5.303,9.756,1.965,10.308,0.210,0.919,0.114,1.458,2.317,2.867,1.355,0.000,0.000,0.519,2.644,0.611,0.359,0.034,0.148,0.030,0.125,0.038,0.272,0.002,0.272,0.031,0.190,0.035,0.145,0.240,0.789,0.349,0.993,0.015,0.103,0.022,0.177,0.217,0.187,0.146,0.002,0.002,0.089,0.184,0.063,0.053,0.989
8482745,Mason McTavish,STL,F,24.006,True,True,295.000,0.098,0.000,0.000,0.000,,15.998,73.783,45.691,82.691,1189.642,728.069,1516.491,965.677,153.383,8.270,62.312,13.088,2.079,0.112,0.845,19.299,9.780,28.363,7.740,25.598,13.629,37.966,10.097,44.897,25.361,45.845,63.403,16.054,19.770,26.079,14.904,10.693,4.252,5.357,152.090,91.320,200.507,22.795,77.052,31.542,45.748,407.899,419.581,16.863,51.439,0.886,0.323,0.088,0.235,0.073,,75.000,41.000,13.198,2.007,0.098,0.695,0.722,1.704,0.490,3.583,0.670,0.977,0.312,1.795,0.432,1.159,0.038,0.941,6.570,12.134,4.594,14.154,0.861,1.920,0.499,3.807,3.886,1.591,2.307,20.573,21.162,0.851,2.594,1.113,1.011,0.074,0.269,0.173,0.509,0.065,0.244,0.125,0.442,0.041,0.226,0.024,0.303,0.287,0.862,1.108,1.361,0.038,0.193,0.139,0.479,0.431,0.134,0.193,0.807,0.891,0.098,0.171,0.077,0.080,0.979
8477505,Alexander Wennberg,SJS,F,32.361,True,True,318.000,0.054,0.000,0.000,0.000,,19.639,76.749,63.753,81.753,1510.249,1181.245,1837.082,1041.041,226.185,139.355,103.667,13.564,2.947,1.816,1.351,15.728,7.540,23.564,6.351,31.263,18.210,46.005,11.090,46.991,28.592,47.653,66.714,15.529,16.607,32.470,18.578,12.685,5.100,7.332,91.355,62.836,120.685,16.515,31.207,77.856,16.429,577.261,653.779,34.979,49.082,0.945,-0.211,0.083,-0.157,0.070,,80.000,54.000,13.644,2.961,1.909,1.124,0.426,1.429,0.276,1.843,0.646,1.132,0.288,1.826,0.420,0.888,0.038,1.415,3.037,6.207,2.213,5.855,0.356,1.658,0.206,2.092,1.240,3.093,0.653,22.934,25.974,1.390,1.950,0.325,0.723,0.065,0.235,0.117,0.397,0.061,0.232,0.093,0.396,0.038,0.215,0.021,0.274,0.251,0.733,0.476,1.045,0.034,0.171,0.064,0.377,0.256,0.129,0.132,1.265,1.298,0.096,0.153,0.056,0.065,1.025
8478414,Timo Meier,NJD,F,30.316,True,True,304.000,0.078,0.000,0.000,0.000,,18.101,74.806,54.923,81.923,1256.335,887.174,1560.748,1057.176,123.525,11.244,64.390,14.132,1.651,0.150,0.861,22.862,12.330,32.879,8.386,23.387,12.579,34.835,9.062,46.249,27.897,46.827,65.757,15.665,21.939,23.638,13.467,9.920,4.705,4.312,206.641,142.127,263.527,26.725,114.702,45.365,27.918,34.310,43.281,23.141,71.603,0.873,0.483,0.081,0.019,0.068,,77.000,44.000,15.182,1.818,0.137,0.964,0.783,2.193,0.408,3.303,0.519,1.315,0.295,1.589,0.405,0.802,0.037,1.148,8.920,15.351,3.346,16.073,0.991,2.348,0.396,4.054,5.478,2.167,1.333,1.639,2.067,1.105,3.420,0.619,0.769,0.067,0.245,0.158,0.453,0.060,0.247,0.117,0.419,0.038,0.224,0.023,0.275,0.256,0.835,1.026,1.201,0.034,0.179,0.129,0.419,0.339,0.121,0.160,0.750,0.849,0.097,0.168,0.067,0.074,1.010
8471215,Evgeni Malkin,PIT,F,40.507,True,True,288.000,0.105,0.000,0.000,0.000,,16.431,62.072,13.420,77.520,1066.017,296.013,1464.704,825.561,180.998,1.384,58.074,13.300,2.916,0.022,0.936,15.987,4.442,25.384,7.837,29.957,7.483,45.831,13.954,45.944,12.027,49.032,68.459,20.560,16.556,30.756,18.288,11.669,3.999,10.001,127.092,34.974,180.541,17.463,25.717,26.106,46.052,208.738,236.577,29.807,87.152,1.004,0.227,0.089,0.111,0.074,,56.000,61.000,12.959,2.734,0.015,0.723,0.713,1.373,0.461,2.676,0.787,1.787,0.294,2.633,0.376,1.617,0.041,1.996,5.846,10.970,3.819,13.922,0.707,1.569,0.442,3.094,1.448,1.469,2.592,11.749,13.316,1.678,4.905,1.213,1.118,0.066,0.230,0.150,0.441,0.061,0.226,0.113,0.414,0.037,0.207,0.022,0.279,0.275,0.767,1.081,1.306,0.036,0.170,0.134,0.441,0.347,0.123,0.176,0.882,0.952,0.100,0.178,0.072,0.078,1.005
8482113,Anton Lundell,FLA,F,25.331,True,True,294.000,0.087,0.000,0.000,0.000,,19.141,74.393,50.766,81.866,1414.473,973.036,1764.383,1063.916,140.305,138.720,71.532,14.301,1.886,1.865,0.962,20.287,10.539,30.562,7.894,31.722,17.836,46.164,11.638,52.009,30.479,52.550,72.520,17.522,19.353,30.156,17.693,14.029,3.407,7.762,162.956,109.803,210.623,20.613,84.591,44.279,37.002,586.184,534.514,22.626,71.922,0.938,-0.241,0.090,-0.042,0.074,,64.000,44.000,13.620,2.361,1.998,1.163,0.693,1.390,0.527,2.184,0.593,1.321,0.392,1.942,0.425,1.834,0.035,1.201,6.702,8.905,4.362,11.076,0.715,1.462,0.484,2.845,3.588,1.878,1.570,24.865,22.673,0.960,3.051,0.743,0.869,0.073,0.290,0.129,0.465,0.066,0.272,0.100,0.442,0.041,0.252,0.022,0.300,0.280,0.916,0.516,1.146,0.038,0.214,0.070,0.432,0.355,0.147,0.159,1.355,1.396,0.102,0.161,0.066,0.072,1.139
8482659,Josh Doan,BUF,F,24.999,True,True,144.000,0.140,0.000,0.000,0.000,,16.115,68.211,22.645,83.645,1131.081,387.735,1541.369,893.116,190.316,1.825,45.824,13.093,2.790,0.027,0.672,21.522,6.401,34.137,10.263,25.768,8.445,41.168,12.443,47.290,14.849,48.790,72.125,21.161,20.721,25.190,16.923,8.845,6.781,7.390,150.706,53.445,213.163,23.656,67.569,26.309,19.788,18.211,31.128,30.825,51.479,0.897,0.406,0.103,-0.113,0.083,,82.000,52.000,12.885,2.627,0.020,0.582,0.828,2.058,0.474,2.424,0.679,1.627,0.287,1.666,0.395,0.651,0.042,0.909,7.504,10.292,3.835,8.171,0.977,2.051,0.441,3.393,3.584,1.396,1.050,0.966,1.651,1.635,2.731,0.476,0.867,0.083,0.304,0.174,0.595,0.073,0.277,0.125,0.526,0.043,0.255,0.024,0.338,0.344,0.996,1.160,1.697,0.045,0.223,0.143,0.589,0.488,0.155,0.228,1.020,1.101,0.114,0.206,0.091,0.095,1.039
8483493,Frank Nazar,CHI,F,23.050,True,True,121.000,0.132,0.000,0.000,0.000,,18.792,69.571,33.735,81.735,1301.506,647.882,1702.975,954.603,192.618,93.578,60.708,13.721,2.769,1.345,0.873,18.536,8.313,28.634,8.182,27.497,11.929,42.210,11.890,46.032,21.161,46.923,68.084,18.424,19.913,29.573,15.163,12.334,3.955,7.398,148.575,72.447,205.431,21.696,40.898,44.698,26.097,375.342,426.418,23.736,81.301,0.883,0.101,0.108,0.046,0.086,,65.000,40.000,13.945,2.972,1.110,0.765,0.729,1.323,0.513,3.228,0.684,1.100,0.341,1.337,0.449,1.378,0.044,1.608,6.144,9.898,4.382,12.073,0.745,1.651,0.579,3.597,1.885,2.061,1.203,17.303,19.658,1.094,3.748,0.601,1.111,0.087,0.321,0.158,0.593,0.077,0.300,0.117,0.549,0.045,0.276,0.024,0.347,0.360,1.037,0.763,1.628,0.047,0.235,0.101,0.576,0.418,0.165,0.203,1.472,1.527,0.119,0.206,0.083,0.091,1.013
8482097,Jack Quinn,BUF,F,25.369,True,True,258.000,0.105,0.000,0.000,0.000,,15.936,70.643,30.169,84.000,1158.967,465.339,1546.724,941.187,163.353,12.710,41.717,13.323,2.312,0.180,0.591,19.256,6.620,29.788,9.035,27.902,9.915,42.967,12.496,47.157,18.740,49.606,70.550,19.927,18.264,26.409,16.578,11.324,4.005,7.239,152.675,58.879,211.094,17.545,46.924,23.175,18.126,4.535,11.178,14.321,59.737,1.034,0.117,0.092,0.278,0.076,,82.000,51.000,13.111,2.178,0.136,0.512,0.799,1.395,0.426,2.647,0.714,1.095,0.281,2.098,0.401,1.422,0.038,0.795,7.215,11.656,3.481,10.116,0.725,1.374,0.400,3.381,2.429,1.200,0.938,0.235,0.579,0.741,3.093,0.462,0.613,0.076,0.277,0.165,0.558,0.067,0.254,0.120,0.492,0.041,0.234,0.024,0.322,0.299,0.897,0.952,1.539,0.040,0.201,0.123,0.541,0.443,0.141,0.201,0.887,0.968,0.103,0.181,0.080,0.084,1.039
8478407,Vince Dunn,SEA,D,30.259,True,True,283.000,0.102,0.000,0.000,0.000,,21.504,71.453,38.570,82.570,1573.040,854.457,2023.490,1290.081,196.394,9.506,77.060,18.055,2.749,0.133,1.079,10.705,4.294,17.176,5.305,35.236,17.418,51.228,13.487,45.941,21.747,47.636,66.276,17.384,10.033,35.107,17.454,17.782,2.173,12.646,145.402,76.513,195.311,8.258,35.740,76.047,48.915,0.000,0.000,25.506,82.999,1.136,0.250,0.076,0.259,0.065,,81.000,43.000,17.904,2.490,0.094,1.015,0.301,0.622,0.102,1.171,0.400,1.883,0.127,2.029,0.414,1.966,0.094,1.841,4.803,9.527,1.740,8.305,0.219,0.678,0.112,1.023,1.363,2.901,1.866,0.000,0.000,0.973,3.166,0.836,0.572,0.033,0.139,0.031,0.125,0.037,0.253,0.002,0.264,0.031,0.184,0.035,0.144,0.220,0.724,0.382,0.921,0.013,0.097,0.023,0.163,0.205,0.173,0.135,0.002,0.002,0.084,0.172,0.059,0.048,1.015
8476539,Jonathan Marchessault,NSH,F,36.099,True,True,298.000,0.081,0.000,0.000,0.000,,15.954,77.816,58.453,84.000,1326.176,970.838,1634.769,1021.058,233.341,1.650,70.126,13.121,2.999,0.021,0.901,19.433,11.425,28.561,6.999,25.928,14.695,37.655,9.109,45.361,27.976,45.694,62.480,14.471,20.465,28.468,14.618,11.310,5.199,8.762,177.363,124.271,227.326,21.360,82.644,17.430,30.443,18.100,35.080,18.972,76.864,1.013,-0.050,0.088,0.246,0.073,,62.000,31.000,12.650,2.522,0.013,0.768,0.685,1.408,0.448,2.842,0.581,1.120,0.280,1.543,0.359,1.354,0.040,0.886,6.500,13.407,3.742,12.405,0.637,1.529,0.431,3.906,3.739,0.789,1.377,0.819,1.587,0.858,3.478,0.661,0.571,0.066,0.227,0.152,0.420,0.061,0.220,0.114,0.387,0.037,0.202,0.022,0.270,0.271,0.752,1.092,1.219,0.036,0.167,0.135,0.414,0.373,0.125,0.180,0.837,0.908,0.098,0.173,0.073,0.078,1.009
8477476,Artturi Lehkonen,COL,F,31.581,True,True,248.000,0.128,0.000,0.000,0.000,,18.126,73.585,44.095,84.000,1282.945,746.962,1648.720,1016.546,136.042,78.372,51.985,13.815,1.849,1.065,0.707,22.075,11.059,33.177,8.793,26.009,12.464,39.470,10.572,48.084,25.644,49.150,68.383,17.624,20.152,25.210,15.683,10.326,3.103,4.077,136.674,78.288,183.776,23.394,46.871,33.423,23.027,8.886,20.131,15.269,46.085,0.912,0.505,0.088,0.146,0.073,,70.000,48.000,14.238,2.080,1.075,0.733,0.856,1.249,0.360,2.703,0.650,0.831,0.236,2.308,0.404,0.912,0.035,1.223,6.218,8.591,3.249,8.771,0.945,1.739,0.321,3.487,2.192,1.563,1.077,0.416,0.942,0.714,2.155,0.526,0.473,0.068,0.245,0.131,0.467,0.063,0.244,0.102,0.446,0.039,0.224,0.021,0.291,0.270,0.814,0.605,1.244,0.036,0.183,0.082,0.448,0.349,0.139,0.162,1.129,1.193,0.103,0.171,0.068,0.076,1.070
8477496,Elias Lindholm,BOS,F,32.167,True,True,306.000,0.081,0.000,0.000,0.000,,17.381,73.256,53.027,80.127,1294.299,914.266,1609.812,935.778,199.808,69.896,88.817,12.774,2.728,0.954,1.212,16.532,8.431,25.292,6.712,28.722,16.072,41.599,10.370,45.254,27.325,45.227,64.072,15.321,17.163,29.435,14.989,13.733,4.572,8.916,127.254,84.906,167.883,20.309,67.521,57.293,21.465,672.314,531.021,20.169,49.351,0.864,0.000,0.088,0.051,0.073,,69.000,48.000,12.857,2.493,0.954,1.077,0.562,1.425,0.338,2.199,0.510,1.213,0.281,2.050,0.422,1.531,0.049,1.578,5.165,9.547,2.636,7.992,0.651,1.713,0.281,2.785,3.130,2.656,0.995,31.166,24.617,0.935,2.288,0.488,0.463,0.067,0.233,0.123,0.399,0.062,0.223,0.096,0.377,0.038,0.207,0.021,0.267,0.267,0.743,0.525,1.078,0.035,0.170,0.071,0.382,0.350,0.132,0.165,1.080,1.128,0.097,0.162,0.067,0.073,1.014
8482079,Marco Rossi,VAN,F,25.358,True,True,233.000,0.153,0.000,0.000,0.000,,17.805,66.298,30.040,80.040,1276.759,596.644,1705.295,985.384,176.480,49.628,65.267,14.863,2.662,0.749,0.985,17.870,7.187,28.750,8.228,27.331,10.556,42.226,12.088,45.201,19.514,46.125,67.413,18.859,19.372,29.934,15.399,11.932,3.769,8.306,116.964,54.013,165.994,17.018,52.373,36.350,22.734,378.844,419.512,19.670,53.338,1.094,0.235,0.092,0.021,0.076,,50.000,34.000,14.201,2.291,0.392,0.922,0.776,1.389,0.446,1.993,0.606,1.492,0.292,2.101,0.411,1.600,0.040,1.448,4.695,9.064,3.470,9.496,0.678,1.145,0.365,2.041,2.461,1.708,1.068,17.803,19.715,0.924,2.507,0.522,0.889,0.077,0.285,0.167,0.532,0.068,0.269,0.121,0.480,0.041,0.246,0.024,0.314,0.301,0.928,0.989,1.428,0.040,0.206,0.127,0.500,0.400,0.140,0.187,0.998,1.077,0.106,0.183,0.076,0.083,1.013
8481580,Connor McMichael,STL,F,26.045,True,True,246.000,0.083,0.000,0.000,0.000,,17.125,75.824,54.299,83.299,1326.043,927.086,1647.510,981.881,123.217,162.925,58.021,12.950,1.625,2.149,0.765,17.871,8.887,26.661,7.132,25.713,14.646,38.079,9.602,43.584,26.484,44.140,60.914,15.007,18.390,26.437,15.554,10.160,2.453,4.025,143.401,98.693,186.308,21.530,42.747,40.236,34.001,218.676,287.566,24.990,58.727,0.888,0.260,0.089,0.274,0.073,,78.000,46.000,13.058,1.569,1.868,0.630,0.777,1.229,0.269,2.508,0.675,0.956,0.358,2.082,0.452,1.059,0.030,0.824,6.505,9.479,3.657,7.800,0.867,1.438,0.274,3.763,1.934,1.821,1.538,9.895,13.012,1.131,2.657,0.740,0.512,0.070,0.281,0.130,0.511,0.063,0.259,0.101,0.476,0.040,0.242,0.022,0.311,0.271,0.914,0.546,1.246,0.037,0.215,0.073,0.488,0.421,0.154,0.176,1.298,1.349,0.102,0.160,0.071,0.075,0.979
8482684,Luke Hughes,NJD,D,23.398,True,True,223.000,0.102,0.000,0.000,0.000,,23.542,77.796,54.036,84.000,1890.526,1267.540,2331.695,1551.241,171.012,98.273,70.001,19.940,2.198,1.263,0.900,8.797,3.645,14.581,4.178,36.092,21.559,50.959,12.236,44.889,27.040,46.354,62.772,14.976,9.687,37.989,17.749,18.342,1.592,11.489,162.487,105.895,212.818,10.013,23.938,66.866,31.954,0.000,0.361,34.501,127.632,1.009,0.192,0.080,0.158,0.067,,68.000,34.000,19.706,1.928,1.165,0.742,0.249,0.615,0.081,1.161,0.411,2.094,0.114,1.619,0.423,2.149,0.101,1.784,4.814,9.212,2.052,7.218,0.257,0.646,0.094,1.169,0.760,2.122,1.014,0.000,0.011,1.095,4.051,0.520,0.375,0.036,0.157,0.033,0.136,0.038,0.273,0.002,0.282,0.032,0.194,0.036,0.151,0.238,0.846,0.355,1.023,0.014,0.113,0.023,0.187,0.240,0.199,0.139,0.002,0.002,0.089,0.178,0.061,0.049,1.010
8478519,Anthony Cirelli,TBL,F,29.550,True,True,288.000,0.072,0.000,0.000,0.000,,17.235,72.995,53.579,79.579,1246.272,909.898,1537.639,920.669,98.187,146.969,80.447,12.613,1.345,2.013,1.102,21.051,11.640,30.687,7.722,25.954,14.910,38.340,9.659,47.005,28.672,47.787,65.840,15.396,19.218,23.695,14.703,11.250,2.773,2.532,118.723,81.342,155.125,20.958,41.492,52.977,30.754,500.533,515.551,23.608,49.950,1.005,0.641,0.087,-0.022,0.072,,71.000,52.000,12.649,1.151,2.342,1.092,0.753,1.547,0.478,2.957,0.508,0.945,0.420,2.278,0.459,0.467,0.025,1.799,5.558,6.931,4.657,7.969,0.830,1.374,0.445,3.644,1.998,2.550,1.481,24.098,24.820,1.137,2.405,0.658,0.894,0.064,0.275,0.109,0.399,0.059,0.259,0.089,0.386,0.038,0.242,0.020,0.266,0.251,0.939,0.437,0.885,0.035,0.225,0.059,0.378,0.420,0.157,0.169,1.336,1.384,0.101,0.150,0.068,0.072,1.062
8475745,Charlie Coyle,CBJ,F,34.919,True,True,329.000,0.041,0.000,0.000,0.000,,17.187,77.020,64.167,82.167,1339.657,1034.717,1634.161,957.603,163.779,136.554,81.721,12.433,2.126,1.773,1.061,18.127,10.371,26.964,6.735,27.891,16.454,40.107,9.730,46.019,29.922,46.431,63.971,14.465,17.395,26.983,17.083,10.808,4.857,5.044,118.535,84.611,152.299,18.509,96.357,50.479,20.788,519.038,503.894,32.045,54.729,0.995,0.095,0.084,0.034,0.070,,82.000,58.000,12.476,1.817,1.879,1.016,0.634,1.708,0.236,1.524,0.656,0.859,0.267,2.274,0.411,0.929,0.033,0.950,5.003,9.141,2.759,5.478,0.682,1.683,0.265,1.785,4.316,2.261,0.931,23.247,22.568,1.435,2.451,0.466,0.821,0.061,0.239,0.105,0.384,0.058,0.231,0.086,0.377,0.036,0.216,0.020,0.262,0.243,0.794,0.427,0.963,0.033,0.187,0.058,0.374,0.361,0.141,0.155,1.232,1.275,0.096,0.148,0.063,0.068,1.041
8482146,Luke Evangelista,NJD,F,24.945,True,True,253.000,0.090,0.000,0.000,0.000,,16.789,71.884,39.300,82.300,1118.741,638.292,1434.628,945.873,134.295,1.465,37.108,13.158,1.868,0.020,0.516,13.840,5.881,21.565,6.321,30.484,15.508,44.457,11.657,44.325,22.363,45.742,64.039,16.441,14.001,29.314,18.149,12.335,1.988,8.550,148.909,82.269,198.477,16.487,23.562,17.725,18.641,0.909,3.030,20.563,54.683,0.816,0.433,0.089,-0.158,0.074,,81.000,56.000,14.136,2.056,0.018,0.578,0.626,0.898,0.448,3.414,0.797,1.603,0.291,2.080,0.403,2.070,0.039,1.406,7.447,10.017,3.882,14.545,0.724,1.031,0.451,4.464,1.264,0.951,1.000,0.049,0.163,1.103,2.933,0.492,0.946,0.076,0.279,0.174,0.578,0.067,0.262,0.125,0.515,0.041,0.240,0.024,0.327,0.294,0.917,1.171,1.586,0.039,0.201,0.145,0.556,0.417,0.135,0.191,0.810,0.908,0.103,0.180,0.077,0.082,1.010
8477501,Valeri Nichushkin,CBJ,F,31.915,True,True,222.000,0.151,0.000,0.000,0.000,,17.341,66.394,31.841,78.841,1164.806,579.409,1537.508,873.551,137.759,98.788,54.709,13.157,2.075,1.488,0.824,20.326,8.652,30.283,8.676,25.346,11.388,38.305,10.798,45.671,21.107,46.436,67.543,17.891,17.943,23.241,13.365,11.981,4.476,4.199,139.851,71.274,190.063,20.796,58.664,27.219,14.456,7.532,9.891,19.026,53.973,0.938,0.204,0.094,0.103,0.077,,72.000,49.000,13.202,1.773,1.577,0.789,0.708,1.721,0.352,3.402,0.580,0.525,0.284,2.337,0.482,1.152,0.031,1.397,7.180,9.284,3.833,8.429,0.819,1.992,0.369,4.052,3.022,1.402,0.745,0.388,0.509,0.980,2.780,0.374,0.631,0.069,0.242,0.124,0.458,0.064,0.235,0.098,0.441,0.039,0.218,0.021,0.290,0.281,0.802,0.547,1.183,0.038,0.186,0.074,0.447,0.410,0.156,0.178,1.309,1.365,0.107,0.172,0.073,0.079,1.041
8478975,Mason Marchment,SJS,F,31.625,True,True,279.000,0.102,0.000,0.000,0.000,,16.707,67.574,30.550,79.650,1129.161,532.723,1483.886,945.636,142.704,1.785,39.035,13.994,2.112,0.026,0.578,19.125,8.025,29.091,8.323,25.811,10.874,38.555,11.154,44.936,19.895,46.752,65.652,18.009,18.461,25.318,15.265,10.546,3.914,5.173,125.414,58.091,173.306,18.193,84.818,27.701,51.193,12.715,19.683,25.617,78.998,1.063,0.243,0.089,0.089,0.073,,68.000,45.000,14.076,2.122,0.028,0.481,0.780,1.589,0.456,3.645,0.723,0.919,0.290,2.137,0.409,1.214,0.038,1.555,6.090,9.179,3.729,11.506,0.724,1.522,0.441,4.851,4.507,1.472,2.720,0.676,1.046,1.361,4.198,1.275,0.996,0.070,0.261,0.158,0.554,0.063,0.256,0.117,0.515,0.038,0.234,0.023,0.317,0.279,0.896,1.103,1.607,0.037,0.195,0.136,0.561,0.393,0.134,0.186,0.833,0.930,0.105,0.186,0.076,0.083,1.025
8481596,Shane Pinto,OTT,F,26.220,True,True,265.000,0.108,0.000,0.000,0.000,,18.778,72.617,44.306,82.306,1349.668,804.468,1721.516,1000.825,107.613,165.805,75.425,13.782,1.482,2.283,1.039,22.190,10.631,32.956,8.851,25.016,12.330,36.990,10.381,47.207,25.054,48.021,67.856,17.412,20.719,23.979,15.473,9.544,3.373,2.157,146.602,84.567,194.701,24.329,82.762,51.657,34.041,430.926,410.633,26.114,54.610,0.897,0.193,0.090,-0.106,0.074,,72.000,46.000,13.822,1.702,2.093,1.161,0.721,1.756,0.526,3.252,0.550,0.630,0.464,2.578,0.411,0.522,0.031,1.002,6.064,12.500,4.208,9.080,0.830,1.913,0.564,4.365,3.679,2.296,1.513,19.157,18.255,1.161,2.428,0.762,0.866,0.072,0.281,0.129,0.457,0.065,0.267,0.101,0.434,0.041,0.248,0.022,0.291,0.276,0.914,0.534,1.073,0.038,0.214,0.072,0.421,0.387,0.154,0.164,1.357,1.408,0.104,0.161,0.068,0.074,1.077
8482149,Cole Perfetti,WPG,F,25.084,True,True,272.000,0.084,0.000,0.000,0.000,,15.915,75.891,53.346,83.347,1227.255,839.476,1531.916,995.206,171.872,1.171,59.006,13.114,2.265,0.015,0.777,17.139,9.212,25.794,6.655,25.331,13.855,37.869,9.696,42.470,25.835,42.442,59.973,14.698,18.629,27.384,15.708,9.623,4.267,6.302,152.146,98.618,198.231,21.870,58.431,36.501,21.657,16.916,31.360,20.499,55.177,0.853,-0.045,0.091,-0.208,0.075,,68.000,32.000,13.008,2.135,0.013,0.760,0.614,1.619,0.441,3.859,0.662,1.481,0.272,1.779,0.411,0.897,0.039,1.031,6.716,10.474,3.804,10.850,0.742,1.993,0.436,3.913,2.857,1.784,1.059,0.827,1.533,1.002,2.698,0.528,0.404,0.075,0.281,0.174,0.543,0.066,0.256,0.125,0.473,0.041,0.236,0.024,0.316,0.297,0.915,1.174,1.493,0.039,0.204,0.145,0.523,0.450,0.140,0.203,0.830,0.916,0.102,0.180,0.081,0.084,0.986
8477497,Sean Monahan,CBJ,F,32.307,True,True,240.000,0.104,0.000,0.000,0.000,,16.743,71.626,42.837,81.837,1214.714,695.970,1565.382,896.998,153.508,105.533,58.674,12.523,2.143,1.473,0.819,16.782,7.558,25.912,7.244,27.737,12.977,41.094,11.350,44.519,21.615,45.392,64.845,16.878,15.434,25.453,16.671,11.065,3.544,7.067,121.486,67.868,162.293,17.427,36.248,33.301,14.711,599.543,531.721,21.877,55.988,0.943,0.398,0.092,0.117,0.075,,78.000,36.000,12.566,1.831,1.562,0.784,0.613,1.274,0.503,2.168,0.639,1.375,0.235,1.851,0.382,1.160,0.065,1.393,5.698,7.314,5.233,8.573,0.734,1.248,0.533,2.370,1.790,1.645,0.727,29.614,26.264,1.081,2.765,0.357,0.462,0.067,0.239,0.121,0.435,0.062,0.228,0.096,0.417,0.038,0.212,0.021,0.282,0.272,0.782,0.530,1.123,0.037,0.183,0.071,0.427,0.412,0.152,0.178,1.272,1.322,0.104,0.166,0.072,0.077,1.041
8480865,Noah Dobson,MTL,D,27.069,True,True,308.000,0.083,0.000,0.000,0.000,,22.669,74.021,50.600,81.600,1664.357,1157.608,2070.101,1338.365,109.798,134.396,81.797,18.081,1.483,1.816,1.105,9.876,4.205,15.767,4.399,33.882,19.393,48.482,11.869,43.758,26.784,44.997,61.067,14.731,9.159,30.679,17.452,16.431,1.167,6.393,150.348,100.248,192.710,7.765,58.971,146.723,30.261,0.000,0.000,29.705,98.455,1.115,0.137,0.075,0.125,0.063,,80.000,47.000,17.983,1.497,1.826,1.363,0.296,0.592,0.067,0.977,0.462,1.679,0.094,1.618,0.435,1.484,0.090,1.653,5.222,10.666,1.542,7.997,0.221,0.594,0.093,1.128,2.126,5.289,1.091,0.000,0.000,1.071,3.549,0.570,0.387,0.031,0.139,0.030,0.127,0.036,0.247,0.002,0.254,0.031,0.182,0.035,0.146,0.210,0.746,0.292,0.763,0.013,0.100,0.020,0.149,0.249,0.191,0.135,0.002,0.002,0.079,0.160,0.058,0.046,1.031
8482702,Logan Stankoven,CAR,F,23.932,True,True,183.000,0.084,0.000,0.000,0.000,,15.962,72.387,45.668,80.668,1208.017,766.419,1527.579,1042.159,130.582,3.429,31.846,14.397,1.804,0.047,0.440,20.118,10.326,29.946,7.889,25.504,13.697,38.983,10.030,45.622,26.106,45.947,64.743,16.130,18.786,23.486,13.681,11.823,3.478,5.384,171.391,106.102,224.948,22.628,49.316,25.687,18.733,267.851,332.776,23.516,48.358,0.856,0.354,0.094,0.079,0.077,,81.000,44.000,13.946,1.585,0.042,0.390,0.791,1.492,0.415,3.329,0.515,1.281,0.268,1.589,0.448,0.998,0.035,1.743,8.188,10.393,3.609,11.945,0.962,1.685,0.422,4.204,2.449,1.276,0.930,13.304,16.528,1.168,2.402,0.398,0.958,0.078,0.299,0.175,0.614,0.068,0.278,0.126,0.545,0.042,0.255,0.024,0.338,0.308,1.021,1.159,1.682,0.041,0.224,0.144,0.601,0.480,0.148,0.211,0.814,0.931,0.108,0.189,0.084,0.088,1.078
8482155,Alex Laferriere,LAK,F,25.262,True,True,240.000,0.079,0.000,0.000,0.000,,18.475,75.591,52.011,83.011,1353.570,926.889,1682.848,1083.269,117.109,105.740,47.452,14.331,1.549,1.399,0.628,19.812,11.094,29.247,7.576,24.107,13.029,36.080,9.317,43.919,26.131,44.222,62.313,15.113,19.440,24.411,14.239,9.868,2.324,3.173,183.719,125.460,237.872,21.912,181.489,41.651,23.787,116.195,160.281,19.095,67.405,0.900,0.040,0.086,0.075,0.072,,82.000,44.000,14.715,1.617,1.487,0.656,0.809,1.169,0.504,2.110,0.560,0.939,0.244,2.589,0.431,0.707,0.034,0.965,7.998,12.909,4.597,7.608,0.893,1.595,0.354,2.591,8.045,1.846,1.054,5.151,7.105,0.846,2.988,0.505,0.692,0.072,0.289,0.145,0.555,0.065,0.279,0.110,0.517,0.040,0.257,0.023,0.324,0.271,0.966,0.667,1.402,0.037,0.218,0.089,0.526,0.379,0.145,0.164,1.197,1.262,0.103,0.166,0.068,0.075,1.043
8480028,Morgan Frost,CGY,F,27.721,True,True,315.000,0.075,0.000,0.000,0.000,,15.575,71.831,33.793,83.793,1179.045,532.213,1548.617,915.803,201.074,3.114,59.055,12.749,2.799,0.043,0.822,18.629,7.646,29.492,8.518,25.862,9.812,40.339,11.627,44.491,18.549,45.826,66.557,18.531,17.522,24.228,14.578,11.284,4.548,9.278,129.390,57.126,177.498,16.710,58.361,43.217,24.004,495.079,434.535,21.589,52.340,1.040,-0.029,0.087,-0.120,0.072,,82.000,42.000,12.393,2.476,0.031,0.675,0.695,1.276,0.467,2.662,0.535,1.360,0.269,0.928,0.365,1.234,0.040,0.879,5.993,8.582,4.057,9.090,0.635,1.269,0.438,2.788,2.970,2.199,1.222,25.194,22.113,1.099,2.663,0.609,0.664,0.071,0.251,0.167,0.478,0.062,0.227,0.121,0.414,0.039,0.210,0.023,0.292,0.277,0.790,1.100,1.330,0.036,0.178,0.137,0.458,0.409,0.129,0.189,0.816,0.882,0.096,0.169,0.075,0.079,1.073
8476882,Teuvo Teravainen,CHI,F,32.392,True,True,300.000,0.074,0.000,0.000,0.000,,17.128,74.439,44.841,83.941,1284.778,735.833,1639.626,881.348,174.062,168.600,60.767,11.840,2.338,2.265,0.816,15.014,6.053,24.212,6.916,26.894,13.273,40.839,11.122,41.907,21.348,42.697,62.012,16.412,14.850,26.754,16.109,10.785,5.153,8.194,99.672,56.579,137.406,12.212,21.140,31.937,9.789,57.400,78.548,22.665,74.052,1.198,-0.131,0.089,-0.124,0.073,,74.000,34.000,12.033,2.510,1.869,0.716,0.477,1.757,0.376,1.666,0.522,1.455,0.352,3.101,0.349,1.355,0.034,1.556,4.189,8.069,2.742,6.931,0.382,1.411,0.270,1.727,0.987,1.492,0.457,2.681,3.668,1.058,3.458,0.231,0.252,0.065,0.239,0.118,0.438,0.061,0.226,0.093,0.426,0.038,0.211,0.021,0.291,0.262,0.754,0.488,1.169,0.035,0.179,0.066,0.437,0.364,0.146,0.164,1.330,1.364,0.100,0.158,0.067,0.072,1.013
8477511,Anthony Mantha,NJD,F,32.378,True,True,235.000,0.062,0.000,0.000,0.000,,14.736,72.029,30.902,83.902,983.332,442.597,1294.585,812.738,134.699,0.962,34.933,11.283,1.870,0.013,0.485,20.643,7.852,31.408,9.047,21.041,8.602,32.257,9.645,41.684,18.662,42.812,62.572,17.089,18.724,19.952,11.973,9.068,4.102,4.684,108.969,49.795,150.403,13.749,48.383,30.341,33.232,10.351,21.553,15.696,58.684,1.464,0.120,0.099,-0.028,0.080,,81.000,64.000,12.122,2.058,0.012,0.543,0.997,1.657,0.563,2.562,0.592,0.927,0.251,2.148,0.415,1.052,0.036,1.063,6.057,9.602,4.093,9.097,0.701,1.173,0.482,2.773,2.952,1.851,2.028,0.632,1.315,0.958,3.581,0.880,0.862,0.072,0.272,0.158,0.530,0.065,0.254,0.117,0.478,0.039,0.234,0.022,0.309,0.306,0.943,1.112,1.555,0.040,0.211,0.137,0.547,0.506,0.155,0.227,0.915,1.006,0.112,0.199,0.090,0.093,1.010
8475726,Tyler Toffoli,SJS,F,34.773,True,True,318.000,0.046,0.000,0.000,0.000,,14.542,69.353,24.526,80.526,1011.226,391.098,1320.960,779.948,181.475,0.810,48.993,11.246,2.617,0.012,0.706,19.910,7.662,30.647,8.846,22.257,8.287,34.185,9.933,42.168,17.004,43.574,61.641,17.212,17.841,21.018,12.736,9.521,5.908,6.840,148.996,58.826,200.988,19.146,42.743,20.617,11.560,9.908,15.462,15.362,46.227,1.013,0.216,0.088,-0.022,0.073,,79.000,49.000,11.312,2.629,0.012,0.588,0.765,1.750,0.423,3.179,0.591,1.070,0.251,1.349,0.378,1.065,0.039,1.045,7.680,13.027,3.683,11.896,0.721,2.230,0.395,3.711,2.536,1.223,0.686,0.588,0.917,0.911,2.743,0.335,0.564,0.065,0.224,0.152,0.411,0.060,0.207,0.114,0.363,0.037,0.193,0.022,0.268,0.268,0.723,1.018,1.212,0.035,0.164,0.128,0.413,0.407,0.128,0.190,0.835,0.890,0.095,0.168,0.075,0.078,1.025
8474590,John Carlson,TBL,D,37.059,True,True,272.000,0.078,0.000,0.000,0.000,,21.936,68.591,40.646,77.646,1568.115,944.662,1973.919,1178.434,182.881,127.810,78.990,17.181,2.666,1.863,1.152,8.172,3.034,13.146,4.096,35.282,19.972,50.455,12.822,43.455,22.955,44.866,61.561,15.560,7.531,32.383,17.064,18.218,1.777,10.116,131.540,77.034,173.162,8.476,36.132,109.386,25.163,0.000,0.420,33.217,107.919,1.049,0.387,0.079,0.061,0.066,,71.000,59.000,16.158,2.333,2.119,1.327,0.223,0.537,0.070,1.038,0.459,1.282,0.095,1.929,0.433,1.765,0.076,2.027,4.888,6.623,1.950,8.508,0.247,0.507,0.123,1.384,1.383,4.185,0.963,0.000,0.016,1.271,4.129,0.507,0.322,0.029,0.122,0.025,0.109,0.035,0.231,0.002,0.239,0.029,0.171,0.031,0.135,0.215,0.683,0.246,0.760,0.013,0.091,0.017,0.148,0.237,0.190,0.136,0.002,0.002,0.081,0.163,0.058,0.049,1.062
8478873,Troy Terry,ANA,F,29.394,False,True,284.000,0.112,30.000,23.000,43.000,research:medium,18.119,42.576,13.667,54.000,820.508,276.343,1133.719,595.302,144.805,31.873,48.528,13.982,3.401,0.749,1.140,15.409,4.714,24.747,7.900,26.267,7.142,41.664,12.571,41.677,13.045,43.880,64.041,18.984,13.003,21.617,15.983,10.284,3.612,7.098,104.002,36.210,148.753,13.850,4.598,14.285,11.910,6.022,9.040,15.871,39.780,0.964,0.307,0.087,-0.072,0.072,,61.000,57.000,13.566,2.858,0.764,0.932,0.718,1.263,0.703,3.042,0.654,1.537,0.492,3.334,0.494,0.884,0.042,1.740,6.448,10.145,7.896,14.033,0.724,1.568,0.750,3.073,0.336,1.045,0.871,0.440,0.661,1.161,2.909,0.430,0.987,0.070,0.254,0.152,0.434,0.064,0.243,0.113,0.405,0.039,0.224,0.023,0.282,0.275,0.804,0.827,1.179,0.036,0.181,0.108,0.408,0.331,0.130,0.165,1.085,1.135,0.100,0.171,0.068,0.075,1.019
8475184,Chris Kreider,MTL,F,35.759,True,True,304.000,0.068,0.000,0.000,0.000,,16.194,74.272,51.869,81.869,1167.534,783.365,1460.712,883.257,190.655,46.926,46.695,11.892,2.567,0.632,0.629,20.284,10.675,29.889,7.938,21.849,10.947,32.841,8.888,42.133,24.587,42.178,59.666,15.066,18.758,21.618,12.887,8.962,6.903,6.202,132.490,85.934,173.844,21.899,70.229,19.554,26.219,23.578,36.838,14.122,53.140,0.936,0.142,0.090,-0.037,0.074,,75.000,49.000,11.978,2.873,0.614,0.728,0.631,2.009,0.650,3.306,0.512,1.092,0.264,1.972,0.360,0.839,0.047,1.118,5.727,10.838,6.766,10.857,0.734,2.390,0.691,3.794,3.609,1.005,1.347,1.212,1.893,0.726,2.731,0.672,0.289,0.066,0.225,0.126,0.404,0.061,0.214,0.098,0.379,0.037,0.199,0.021,0.271,0.273,0.718,0.577,1.168,0.036,0.164,0.078,0.402,0.353,0.129,0.172,1.050,1.093,0.096,0.166,0.070,0.074,1.031
8476462,Dougie Hamilton,NJD,D,33.626,True,True,243.000,0.087,0.000,0.000,0.000,,20.753,79.438,57.699,84.000,1709.921,1193.847,2100.681,1333.157,177.546,112.358,86.860,16.782,2.235,1.414,1.093,10.446,5.194,16.620,4.470,30.690,18.000,42.999,10.312,41.137,25.238,41.391,56.534,13.229,10.383,31.793,14.308,16.382,2.844,9.247,198.731,133.770,253.022,11.367,85.145,88.244,49.195,0.000,0.000,17.897,122.531,1.062,0.308,0.083,0.029,0.070,,77.000,39.000,16.586,1.961,1.305,0.902,0.263,0.955,0.070,1.095,0.353,1.462,0.098,1.701,0.400,1.775,0.085,1.840,6.562,11.490,1.917,10.598,0.281,0.925,0.092,1.523,2.988,3.096,1.726,0.000,0.000,0.628,4.300,0.841,0.259,0.032,0.135,0.028,0.118,0.036,0.253,0.002,0.259,0.030,0.180,0.033,0.141,0.229,0.768,0.318,0.891,0.014,0.101,0.021,0.165,0.268,0.206,0.154,0.002,0.002,0.088,0.181,0.066,0.053,1.010
8482157,Will Cuylle,NYR,F,24.988,True,True,249.000,0.073,0.000,0.000,0.000,,17.049,76.844,56.680,83.780,1330.762,972.720,1661.365,1045.277,101.359,116.759,67.366,13.602,1.319,1.519,0.877,19.064,10.456,27.566,7.145,21.047,11.135,31.814,8.430,40.111,23.568,40.537,56.563,13.879,20.041,22.801,13.258,7.789,2.977,3.046,153.569,107.045,199.084,23.305,293.262,55.356,57.963,30.648,38.362,11.983,53.477,0.904,-0.063,0.089,-0.037,0.074,,82.000,37.000,13.540,1.313,1.425,0.772,0.714,1.852,0.399,3.286,0.581,1.320,0.199,1.454,0.366,0.633,0.051,0.788,6.588,11.985,3.146,11.066,0.808,2.279,0.422,4.054,13.222,2.496,2.613,1.382,1.730,0.540,2.411,1.088,0.820,0.071,0.315,0.138,0.537,0.064,0.294,0.106,0.493,0.040,0.271,0.023,0.317,0.277,1.095,0.609,1.331,0.038,0.251,0.082,0.512,0.444,0.155,0.185,1.200,1.266,0.104,0.166,0.075,0.079,0.990
8473419,Brad Marchand,FLA,F,38.727,True,True,278.000,0.055,14.000,11.000,18.000,research:medium,16.605,60.992,48.465,67.465,994.684,782.585,1222.501,736.971,156.075,53.333,48.305,12.083,2.559,0.874,0.792,20.153,11.085,28.820,7.379,25.705,15.010,36.453,9.042,45.858,29.371,45.688,63.093,14.568,17.242,23.089,14.762,10.943,4.735,9.468,124.120,90.241,159.585,17.446,51.984,20.057,43.399,10.385,16.030,17.002,75.407,1.075,0.335,0.095,0.386,0.077,,52.000,52.000,11.507,3.203,0.937,0.958,0.823,1.557,0.474,3.312,0.567,1.589,0.262,2.399,0.353,1.680,0.040,1.348,6.729,10.369,4.747,12.770,0.767,1.589,0.576,4.203,3.136,1.210,2.618,0.626,0.967,1.026,4.549,1.279,1.487,0.067,0.232,0.125,0.393,0.063,0.221,0.097,0.378,0.038,0.206,0.021,0.272,0.285,0.745,0.580,1.158,0.037,0.173,0.078,0.399,0.348,0.136,0.174,1.233,1.265,0.100,0.171,0.071,0.076,1.139
8477447,Shea Theodore,VGK,D,31.499,True,True,239.000,0.153,0.000,0.000,0.000,,22.335,69.115,30.694,82.694,1521.234,691.328,2033.325,1244.118,117.335,83.653,76.127,18.001,1.698,1.210,1.101,8.738,2.283,14.841,4.713,36.314,14.824,53.119,14.860,45.052,19.334,46.207,66.878,18.128,7.706,29.785,18.579,17.735,1.486,7.713,122.695,53.024,172.079,7.289,6.790,86.815,22.959,0.000,0.000,23.723,87.301,1.076,0.115,0.080,-0.026,0.067,,70.000,39.000,18.539,1.347,1.297,1.152,0.244,0.670,0.070,0.968,0.434,1.840,0.098,1.967,0.462,1.395,0.095,1.657,4.750,6.414,1.212,7.858,0.227,0.564,0.092,1.073,0.268,3.424,0.905,0.000,0.000,0.936,3.443,0.430,0.303,0.032,0.141,0.030,0.123,0.036,0.257,0.002,0.260,0.031,0.183,0.034,0.143,0.220,0.808,0.327,0.871,0.013,0.107,0.021,0.163,0.258,0.203,0.142,0.002,0.002,0.087,0.175,0.062,0.049,1.121
8478397,Rasmus Andersson,VGK,D,30.264,True,True,319.000,0.060,0.000,0.000,0.000,,23.044,77.278,62.590,82.690,1763.085,1364.647,2142.488,1342.711,180.887,152.480,87.008,17.375,2.341,1.973,1.126,12.241,5.788,18.523,5.176,32.699,19.843,45.952,10.642,44.940,28.970,45.065,62.232,13.915,10.553,31.190,16.441,16.258,2.919,8.810,149.758,108.746,188.733,9.646,35.305,147.525,49.634,0.000,0.000,23.865,98.705,1.118,0.007,0.073,0.238,0.062,,81.000,46.000,17.895,1.857,2.115,1.177,0.284,0.835,0.107,0.968,0.444,1.163,0.096,1.374,0.356,1.624,0.083,1.679,4.867,8.813,1.893,6.532,0.242,0.844,0.113,0.967,1.202,5.021,1.689,0.000,0.000,0.812,3.359,0.779,0.588,0.030,0.140,0.027,0.123,0.035,0.249,0.002,0.250,0.030,0.181,0.032,0.142,0.204,0.751,0.249,0.762,0.012,0.100,0.017,0.150,0.229,0.183,0.127,0.002,0.002,0.077,0.153,0.054,0.045,1.121
8482730,Brandt Clarke,LAK,D,23.978,True,True,185.000,0.088,0.000,0.000,0.000,,20.122,71.959,43.636,81.636,1516.970,897.443,1921.844,1269.072,194.995,4.292,48.611,17.636,2.710,0.060,0.675,8.000,2.998,12.992,4.160,33.757,17.402,49.134,12.706,41.757,21.397,42.793,60.115,15.489,7.934,33.650,18.554,15.202,1.925,12.199,153.623,88.047,203.109,7.938,28.762,155.972,52.077,0.000,0.000,23.997,82.697,1.030,0.282,0.087,0.093,0.072,,82.000,40.000,17.253,2.216,0.051,0.602,0.236,0.587,0.099,1.256,0.534,1.866,0.118,1.392,0.366,1.875,0.090,1.620,5.376,9.693,1.847,10.216,0.242,0.486,0.111,1.524,1.138,6.169,2.060,0.000,0.000,0.949,3.271,1.005,0.672,0.037,0.159,0.034,0.136,0.040,0.284,0.002,0.293,0.033,0.198,0.037,0.153,0.259,0.870,0.414,1.169,0.015,0.113,0.025,0.203,0.278,0.208,0.170,0.002,0.002,0.095,0.201,0.073,0.058,1.043
8477989,Christian Dvorak,PHI,F,30.998,True,True,256.000,0.103,0.000,0.000,0.000,,17.745,74.228,44.413,83.413,1299.690,776.362,1647.614,989.327,109.480,132.039,68.844,13.328,1.475,1.779,0.927,15.986,6.400,25.599,7.210,26.881,12.891,39.746,10.797,42.867,21.427,42.855,63.211,16.279,15.217,25.531,17.363,9.519,2.399,2.544,116.951,67.971,158.261,18.442,36.467,55.989,20.121,564.499,464.843,19.201,62.756,0.861,0.127,0.089,0.231,0.074,,80.000,51.000,13.608,1.393,1.882,0.862,0.591,1.252,0.226,2.347,0.596,0.806,0.250,4.039,0.392,0.518,0.027,1.376,5.153,9.355,3.041,7.170,0.703,1.587,0.302,2.870,1.683,2.585,0.929,26.060,21.459,0.886,2.897,0.432,0.494,0.066,0.281,0.113,0.466,0.061,0.276,0.092,0.451,0.038,0.254,0.020,0.292,0.263,0.991,0.465,1.151,0.036,0.229,0.063,0.451,0.403,0.156,0.169,1.307,1.365,0.105,0.164,0.070,0.076,1.073
8476456,Jonathan Huberdeau,CGY,F,33.662,True,True,291.000,0.050,5.000,5.000,5.000,dailyfaceoff:ir:out,17.506,65.413,43.209,72.209,1231.087,839.943,1528.085,874.416,193.522,86.294,76.855,13.367,2.958,1.319,1.175,16.154,8.346,24.112,6.642,26.686,14.681,39.456,10.351,42.840,24.874,43.299,60.802,15.447,16.326,27.206,16.528,10.158,4.433,7.180,110.620,70.663,146.068,17.905,42.524,38.591,34.012,13.821,19.844,18.902,84.534,0.933,0.115,0.090,0.001,0.074,,50.000,24.000,12.994,2.617,0.930,0.964,0.570,1.389,0.496,2.205,0.665,1.206,0.301,2.216,0.354,1.064,0.038,1.335,4.765,8.202,2.883,8.258,0.599,1.440,0.395,3.098,2.072,1.881,1.658,0.674,0.967,0.921,4.120,0.783,0.896,0.068,0.241,0.137,0.429,0.063,0.233,0.105,0.409,0.038,0.216,0.022,0.280,0.274,0.782,0.687,1.189,0.036,0.178,0.091,0.418,0.352,0.137,0.170,1.151,1.201,0.102,0.172,0.070,0.076,1.073
8482110,Dawson Mercer,NJD,F,25.265,True,True,328.000,0.067,0.000,0.000,0.000,,18.558,76.137,54.716,82.816,1331.660,901.400,1645.663,1031.334,106.930,138.729,54.667,13.546,1.404,1.822,0.718,19.004,10.060,28.167,7.217,21.214,11.393,31.330,8.220,40.219,24.383,39.988,56.568,13.805,18.712,22.327,12.814,8.401,3.316,2.967,131.467,87.620,170.262,21.122,31.281,44.782,17.983,98.687,143.408,21.383,62.409,0.905,0.070,0.082,-0.049,0.069,,82.000,42.000,14.552,1.546,1.655,0.804,0.657,1.832,0.472,3.366,0.548,1.066,0.206,1.850,0.378,0.686,0.030,1.160,5.469,11.491,4.008,8.473,0.748,2.118,0.449,3.789,1.409,2.018,0.810,4.447,6.462,0.963,2.812,0.358,0.421,0.068,0.272,0.124,0.494,0.062,0.263,0.098,0.463,0.039,0.243,0.022,0.302,0.254,0.892,0.498,1.190,0.035,0.204,0.068,0.455,0.352,0.136,0.151,1.129,1.187,0.096,0.150,0.062,0.069,1.010
8478856,Conor Garland,CBJ,F,30.894,True,True,315.000,0.067,0.000,0.000,0.000,,16.937,73.912,52.879,80.879,1271.780,877.832,1578.669,955.418,173.337,79.307,63.718,12.926,2.345,1.073,0.862,15.696,7.845,23.534,6.335,25.723,14.659,37.136,9.527,41.419,24.463,42.076,58.711,14.127,15.526,25.800,16.284,9.439,3.574,7.601,143.275,97.488,186.202,16.862,45.953,36.526,33.456,11.758,18.803,25.821,61.329,0.934,0.139,0.086,-0.037,0.072,,71.000,32.000,12.971,2.004,1.137,0.825,0.586,1.224,0.307,2.120,0.604,1.599,0.226,1.698,0.351,1.040,0.034,0.785,6.566,8.538,2.659,9.932,0.600,1.361,0.309,2.802,2.168,1.723,1.578,0.555,0.887,1.218,2.893,0.669,1.129,0.066,0.242,0.136,0.433,0.060,0.232,0.105,0.408,0.038,0.215,0.022,0.279,0.260,0.792,0.659,1.138,0.035,0.182,0.088,0.417,0.387,0.141,0.172,1.117,1.172,0.100,0.163,0.070,0.075,1.041
8479999,Casey Mittelstadt,BOS,F,28.194,True,True,314.000,0.077,0.000,0.000,0.000,,15.361,72.687,48.193,80.193,1127.017,755.505,1412.166,945.404,134.641,1.645,45.327,13.007,1.852,0.023,0.624,14.623,6.857,22.530,6.107,25.704,14.129,37.340,9.529,40.328,23.958,40.928,56.900,13.990,14.419,24.796,15.028,10.676,2.886,5.389,89.592,55.032,120.684,12.416,24.442,22.636,17.718,255.542,300.496,17.226,70.556,1.113,-0.145,0.085,0.004,0.071,,71.000,42.000,13.091,1.693,0.023,0.554,0.645,1.268,0.457,1.859,0.643,1.164,0.251,2.318,0.415,1.153,0.035,1.554,4.250,7.448,3.948,7.674,0.460,1.369,0.437,2.753,1.301,1.205,0.943,13.604,15.998,0.917,3.756,0.464,0.498,0.069,0.255,0.165,0.480,0.061,0.236,0.120,0.419,0.038,0.217,0.023,0.285,0.270,0.849,1.070,1.287,0.036,0.188,0.134,0.456,0.433,0.133,0.191,0.728,0.824,0.098,0.170,0.076,0.080,1.014
8481581,Thomas Harley,DAL,D,25.454,True,True,233.000,0.100,0.000,0.000,0.000,,23.428,71.853,43.596,80.596,1694.438,1025.774,2129.726,1434.389,107.244,88.333,64.471,19.963,1.492,1.229,0.897,9.904,4.142,15.532,4.549,31.754,17.900,45.743,11.245,41.658,23.089,42.163,58.326,14.360,9.104,30.807,15.292,16.461,1.252,6.360,134.016,80.013,175.450,8.303,41.374,129.691,22.412,0.000,0.000,30.686,102.959,1.094,0.295,0.078,0.218,0.066,,70.000,35.000,19.531,1.659,1.368,0.871,0.278,0.644,0.089,1.090,0.404,1.773,0.108,1.718,0.463,1.679,0.097,1.641,4.624,6.868,1.847,7.885,0.240,0.785,0.111,0.919,1.465,4.592,0.794,0.000,0.000,1.087,3.646,0.399,0.203,0.034,0.157,0.031,0.132,0.038,0.279,0.002,0.278,0.032,0.195,0.035,0.150,0.226,0.876,0.311,0.971,0.013,0.116,0.021,0.180,0.240,0.197,0.135,0.002,0.002,0.087,0.172,0.059,0.048,1.048
8482145,Mavrik Bourque,NSH,F,25.065,True,True,156.000,0.090,0.000,0.000,0.000,,15.640,80.328,56.808,84.000,1330.871,901.535,1664.166,1171.400,100.666,31.799,27.006,14.583,1.253,0.396,0.336,18.220,9.939,26.835,7.044,21.707,10.797,32.391,8.639,39.927,22.704,40.473,57.255,13.948,18.991,23.049,13.055,8.652,1.638,3.628,143.153,95.792,187.419,18.711,76.716,30.839,20.496,147.454,174.840,17.284,54.821,1.032,0.168,0.098,-0.087,0.080,,82.000,41.000,14.059,1.054,0.240,0.287,0.780,1.018,0.334,4.188,0.512,1.857,0.231,1.398,0.400,0.440,0.031,1.386,6.288,8.406,2.808,10.670,0.753,0.990,0.300,4.850,3.459,1.390,0.924,6.648,7.882,0.779,2.471,0.462,0.815,0.079,0.335,0.162,0.668,0.069,0.315,0.119,0.601,0.042,0.287,0.024,0.352,0.316,1.248,0.903,1.867,0.043,0.272,0.118,0.681,0.532,0.164,0.226,0.895,1.029,0.115,0.199,0.090,0.094,1.009
8473512,Claude Giroux,OTT,F,39.055,True,True,327.000,0.038,0.000,0.000,0.000,,15.500,79.714,77.131,83.131,1215.310,987.504,1467.570,906.637,135.750,113.600,59.322,11.374,1.703,1.425,0.744,14.025,7.555,20.506,5.371,28.463,16.968,39.593,9.060,42.487,27.838,42.314,57.903,12.445,13.063,25.217,17.473,10.990,2.018,7.938,114.382,86.351,144.911,12.985,50.092,26.088,19.260,478.958,307.162,20.867,53.028,1.059,0.173,0.085,0.012,0.071,,82.000,49.000,11.407,1.956,1.306,0.832,0.550,0.831,0.271,2.381,0.534,2.043,0.223,2.401,0.398,1.065,0.029,1.274,5.501,7.288,3.200,8.809,0.544,0.853,0.283,2.322,2.473,1.288,0.951,23.646,15.165,1.030,2.618,0.475,0.635,0.059,0.217,0.110,0.352,0.056,0.205,0.088,0.336,0.036,0.192,0.020,0.246,0.244,0.714,0.467,0.937,0.033,0.168,0.063,0.352,0.380,0.135,0.166,1.117,1.159,0.092,0.148,0.066,0.070,1.077
8482089,Jake Neighbours,STL,F,24.846,True,True,271.000,0.120,0.000,0.000,0.000,,15.701,71.391,37.176,83.176,1127.349,572.129,1482.719,923.886,151.242,5.648,46.573,12.941,2.119,0.079,0.652,18.215,7.877,27.569,7.752,20.322,8.533,31.287,8.889,38.537,18.335,39.565,56.067,15.111,18.631,21.838,12.731,7.591,3.884,5.619,106.799,53.226,147.628,17.183,142.444,39.770,42.044,7.094,16.107,15.975,42.050,1.088,-0.009,0.091,0.069,0.075,,69.000,36.000,13.050,2.046,0.069,0.537,0.835,1.576,0.421,2.269,0.573,1.692,0.258,0.728,0.359,0.703,0.037,1.090,5.289,7.190,3.272,8.919,0.719,1.613,0.352,2.586,7.581,2.117,2.238,0.378,0.857,0.850,2.238,0.960,0.958,0.075,0.279,0.169,0.529,0.066,0.254,0.122,0.461,0.041,0.234,0.024,0.310,0.295,0.909,1.023,1.437,0.039,0.203,0.130,0.505,0.447,0.139,0.201,0.831,0.917,0.101,0.177,0.080,0.083,0.979
8477493,Aleksander Barkov,FLA,F,31.417,True,True,208.000,0.104,0.000,0.000,0.000,,17.390,61.123,34.931,69.931,1055.299,663.172,1330.703,813.724,118.499,66.457,56.619,13.313,1.939,1.087,0.926,14.530,6.778,22.876,6.166,29.969,17.003,43.850,10.799,44.499,26.363,44.817,63.271,15.439,14.322,27.864,17.552,12.417,3.009,8.497,113.194,70.745,151.655,15.972,60.660,36.207,13.655,458.381,354.358,25.050,45.608,0.936,0.181,0.115,-0.183,0.090,,0.000,0.000,12.679,2.426,1.165,1.121,0.642,1.502,0.419,2.322,0.785,1.788,0.456,1.732,0.433,2.212,0.037,1.341,5.805,10.478,3.363,10.648,0.733,1.578,0.462,2.544,3.449,2.059,0.776,26.062,20.147,1.424,2.593,0.378,0.608,0.080,0.273,0.135,0.448,0.073,0.260,0.104,0.424,0.042,0.240,0.022,0.289,0.357,0.910,0.645,1.218,0.047,0.209,0.086,0.439,0.480,0.178,0.220,1.509,1.566,0.124,0.211,0.089,0.095,1.139
8477451,Ryan Hartman,MIN,F,32.367,True,True,278.000,0.095,0.000,0.000,0.000,,16.101,74.849,50.622,82.622,1222.623,812.164,1524.976,1050.640,127.942,3.287,40.753,14.037,1.709,0.044,0.544,19.041,10.355,28.240,7.349,22.391,12.036,33.099,8.877,41.432,23.512,41.913,59.292,14.477,18.040,22.108,13.970,8.421,3.952,3.549,158.451,104.520,206.276,20.514,69.125,69.969,54.999,403.494,474.121,23.133,70.375,0.929,0.361,0.087,0.132,0.072,,76.000,43.000,13.991,1.583,0.056,0.471,0.707,1.756,0.426,2.783,0.568,1.125,0.269,2.112,0.367,0.518,0.033,1.157,7.206,11.977,4.328,9.567,0.813,1.778,0.482,3.624,3.392,3.434,2.699,19.801,23.267,1.135,3.454,1.195,1.443,0.067,0.261,0.148,0.507,0.061,0.257,0.112,0.467,0.038,0.235,0.022,0.296,0.269,0.928,0.875,1.412,0.036,0.201,0.114,0.500,0.415,0.135,0.187,0.759,0.870,0.103,0.179,0.076,0.082,1.069
8481601,Simon Holmstrom,NYI,F,25.692,True,True,279.000,0.086,0.000,0.000,0.000,,17.005,73.441,49.273,81.273,1262.713,821.368,1579.501,955.417,101.020,149.012,57.263,13.009,1.375,2.029,0.780,18.889,9.531,28.593,7.454,22.240,11.345,34.036,9.032,41.129,22.966,40.712,58.458,14.646,17.514,21.219,13.713,8.527,1.658,3.150,94.490,59.189,127.256,14.037,21.390,46.780,13.386,9.318,17.566,25.782,51.266,1.267,-0.212,0.090,-0.005,0.074,,79.000,41.000,12.805,1.358,1.898,0.944,0.704,0.913,0.661,3.280,0.508,1.007,0.553,2.022,0.361,0.778,0.028,1.052,4.110,5.813,4.067,9.588,0.527,0.686,0.497,3.409,1.016,2.223,0.636,0.443,0.835,1.225,2.436,0.319,0.749,0.070,0.298,0.126,0.481,0.063,0.272,0.098,0.447,0.040,0.254,0.022,0.299,0.272,0.997,0.516,1.135,0.037,0.235,0.069,0.457,0.443,0.158,0.182,1.303,1.356,0.103,0.159,0.073,0.076,1.064
8485414,Ben Kindel,PIT,F,19.789,True,True,77.000,0.125,1.000,1.000,1.000,dailyfaceoff:ir:dtd,16.200,60.244,11.091,77.091,1033.744,244.304,1449.756,812.047,119.661,59.631,42.404,13.479,1.986,0.990,0.704,17.824,3.145,30.397,9.623,20.974,4.057,34.482,11.563,38.798,9.163,40.152,62.801,19.771,15.965,19.397,13.460,7.515,3.933,5.347,127.930,29.757,189.360,18.098,28.850,47.255,16.530,249.607,320.136,19.971,68.365,0.901,-0.023,0.123,0.022,0.095,1.071,77.000,35.000,13.134,1.862,0.660,0.544,0.731,1.766,0.391,3.059,0.577,1.737,0.389,1.113,0.354,0.743,0.036,0.901,7.003,9.986,3.827,13.351,0.769,2.124,0.424,4.282,1.675,2.743,0.959,14.488,18.581,1.159,3.968,0.476,0.792,0.094,0.354,0.169,0.657,0.082,0.322,0.124,0.590,0.047,0.297,0.025,0.363,0.414,1.230,0.909,1.803,0.054,0.278,0.118,0.656,0.633,0.199,0.272,1.446,1.542,0.130,0.232,0.107,0.109,1.005
8482122,Brock Faber,MIN,D,24.446,True,True,242.000,0.082,1.000,1.000,1.000,dailyfaceoff:ir:dtd,25.340,73.688,51.625,80.625,1857.805,1326.922,2294.009,1504.032,71.767,207.643,74.363,20.411,0.974,2.818,1.009,10.748,4.395,16.481,4.830,30.345,18.067,43.572,10.631,41.093,24.654,41.805,57.884,13.764,9.680,27.816,14.359,15.986,0.874,4.502,137.002,92.451,178.017,7.282,36.345,126.135,25.400,0.000,0.000,27.054,88.660,1.163,0.236,0.073,0.134,0.063,,80.000,50.000,20.856,1.181,2.294,1.009,0.297,0.658,0.081,0.949,0.353,1.704,0.097,1.556,0.408,1.746,0.111,1.582,4.721,7.869,1.283,3.870,0.216,0.619,0.060,0.743,1.174,4.074,0.820,0.000,0.000,0.874,2.863,0.395,0.258,0.032,0.156,0.029,0.133,0.036,0.267,0.002,0.265,0.031,0.191,0.034,0.148,0.211,0.869,0.262,0.828,0.013,0.117,0.018,0.165,0.231,0.192,0.120,0.002,0.002,0.082,0.155,0.053,0.043,1.069
8481524,Bowen Byram,CHI,D,25.637,True,True,279.000,0.104,0.000,0.000,0.000,,22.723,74.374,43.497,84.000,1711.440,976.862,2182.065,1389.823,104.558,124.350,92.708,18.687,1.406,1.672,1.246,9.759,4.150,15.564,4.580,28.981,15.063,42.460,11.044,38.740,20.351,39.684,55.965,14.185,9.648,29.006,13.462,15.519,0.928,4.430,99.930,56.294,136.232,9.113,65.569,96.200,40.626,0.000,0.000,18.150,79.208,1.070,-0.036,0.074,0.160,0.063,,82.000,42.000,18.567,1.493,1.574,1.089,0.297,0.527,0.080,1.083,0.420,0.891,0.098,1.284,0.435,1.654,0.090,1.543,3.337,6.422,1.681,5.153,0.248,0.599,0.113,1.355,2.299,3.373,1.424,0.000,0.000,0.636,2.777,0.693,0.422,0.032,0.159,0.030,0.130,0.036,0.286,0.002,0.263,0.031,0.197,0.035,0.148,0.212,0.923,0.289,0.840,0.013,0.120,0.020,0.160,0.247,0.191,0.136,0.002,0.002,0.081,0.163,0.059,0.046,1.013
8482259,Bobby McMann,SEA,F,30.631,True,True,218.000,0.092,0.000,0.000,0.000,,15.498,71.724,40.795,81.795,1129.292,658.142,1450.251,992.332,77.712,17.813,41.435,13.835,1.083,0.248,0.578,21.454,9.440,31.465,8.452,17.176,7.632,26.713,7.668,38.630,20.089,40.178,55.245,14.528,20.330,17.788,9.779,7.397,2.553,2.080,159.297,90.307,211.044,16.964,149.126,24.965,32.251,6.723,11.471,17.771,40.497,1.297,-0.130,0.091,0.126,0.075,,78.000,46.000,13.918,0.938,0.164,0.479,0.859,1.868,0.417,5.179,0.507,0.672,0.233,1.149,0.355,0.991,0.029,0.720,8.183,9.975,4.979,13.842,0.690,1.523,0.487,4.983,7.923,1.326,1.714,0.357,0.610,0.944,2.152,0.720,0.561,0.070,0.293,0.154,0.563,0.062,0.286,0.115,0.515,0.039,0.260,0.023,0.313,0.282,1.117,0.955,1.558,0.038,0.242,0.122,0.568,0.496,0.154,0.211,0.785,0.921,0.110,0.190,0.085,0.089,1.015
8475170,Brayden Schenn,NYI,F,35.447,True,True,326.000,0.040,0.000,0.000,0.000,,16.053,75.671,60.221,81.222,1222.124,965.411,1500.677,1008.030,150.965,10.620,52.509,13.321,1.995,0.140,0.694,16.126,8.440,24.265,6.152,24.188,13.388,35.014,8.802,40.314,24.954,40.550,56.146,13.098,14.986,23.243,14.047,10.142,3.508,5.410,108.797,77.841,139.029,17.218,147.375,38.277,49.044,431.287,397.968,18.400,52.661,0.905,0.043,0.082,0.118,0.069,,80.000,38.000,13.112,1.970,0.131,0.840,0.560,1.296,0.359,2.579,0.588,1.003,0.235,1.204,0.372,1.063,0.035,0.920,4.489,9.889,3.247,9.060,0.613,1.658,0.309,3.083,7.235,1.879,2.408,21.174,19.538,0.903,2.585,0.889,0.701,0.063,0.231,0.140,0.394,0.058,0.225,0.107,0.362,0.036,0.207,0.022,0.253,0.251,0.785,0.774,1.086,0.033,0.173,0.102,0.378,0.369,0.122,0.170,0.770,0.850,0.094,0.162,0.069,0.074,1.064
8480797,Joel Farabee,CGY,F,26.935,True,True,327.000,0.067,0.000,0.000,0.000,,16.843,75.650,45.499,84.000,1380.485,834.753,1743.385,1035.883,95.714,187.452,61.437,13.693,1.265,2.478,0.812,18.897,8.688,28.234,7.959,21.744,10.529,32.640,9.367,40.641,21.360,40.584,58.740,15.630,17.910,21.063,13.081,8.664,1.240,2.676,145.088,83.186,191.020,18.522,66.633,50.451,32.211,29.359,41.316,21.669,68.935,0.983,0.202,0.084,0.035,0.070,,82.000,38.000,13.310,1.119,1.747,0.667,0.722,0.737,0.539,2.524,0.542,0.868,0.284,1.024,0.351,0.757,0.028,1.011,6.606,7.085,4.149,6.616,0.739,1.125,0.394,2.682,2.896,2.193,1.400,1.276,1.796,0.942,2.996,0.572,0.810,0.066,0.259,0.131,0.506,0.060,0.242,0.102,0.468,0.038,0.226,0.022,0.303,0.253,0.859,0.566,1.205,0.035,0.201,0.076,0.480,0.416,0.149,0.170,1.182,1.241,0.099,0.153,0.069,0.073,1.073
8480009,Eeli Tolvanen,NYR,F,27.781,True,True,301.000,0.063,0.000,0.000,0.000,,15.896,77.174,60.152,83.152,1242.033,914.974,1532.414,993.212,128.104,75.764,44.953,12.870,1.660,0.982,0.583,16.322,8.672,24.090,6.458,20.878,11.201,30.803,8.119,37.199,21.768,36.910,52.999,12.948,16.894,21.969,12.012,8.865,3.129,4.935,135.902,95.975,175.129,16.329,193.133,70.864,27.015,6.362,11.432,17.983,47.977,1.047,-0.234,0.087,0.063,0.072,,78.000,36.000,12.810,1.653,0.920,0.513,0.644,1.517,0.298,3.486,0.438,1.215,0.214,3.364,0.355,1.217,0.032,1.079,5.844,11.104,4.083,13.754,0.612,1.619,0.251,3.239,9.330,3.423,1.305,0.307,0.552,0.869,2.318,0.629,0.484,0.069,0.269,0.145,0.539,0.061,0.247,0.109,0.488,0.039,0.229,0.022,0.315,0.269,0.888,0.706,1.430,0.036,0.203,0.094,0.529,0.436,0.146,0.188,1.061,1.126,0.101,0.167,0.075,0.079,0.990
8484145,Zach Benson,BUF,F,21.725,True,True,211.000,0.130,0.000,0.000,0.000,,16.567,65.470,24.715,79.715,1129.660,462.187,1511.078,899.562,118.300,79.743,32.056,13.740,1.807,1.218,0.490,14.075,4.734,22.725,6.997,24.962,8.970,38.868,11.479,39.036,14.671,40.101,58.685,17.022,14.338,24.338,15.506,9.455,2.177,3.784,122.286,47.414,172.239,18.717,39.331,27.044,39.968,8.804,15.806,22.200,45.925,0.779,0.302,0.096,-0.170,0.079,,65.000,43.000,13.522,1.702,0.919,0.424,0.643,1.125,0.459,3.486,0.763,1.017,0.341,2.273,0.453,0.855,0.034,1.319,6.018,9.978,5.181,10.296,0.859,1.430,0.538,4.307,2.089,1.436,2.123,0.468,0.840,1.179,2.439,1.055,1.197,0.079,0.313,0.153,0.629,0.070,0.288,0.115,0.570,0.043,0.266,0.024,0.352,0.312,1.049,0.713,1.685,0.042,0.238,0.095,0.621,0.474,0.158,0.204,1.167,1.242,0.108,0.180,0.081,0.085,1.039
8478042,Viktor Arvidsson,DET,F,33.818,True,True,231.000,0.114,0.000,0.000,0.000,,14.106,67.322,29.517,80.517,966.206,438.809,1286.357,788.862,131.183,2.297,43.864,11.718,1.949,0.034,0.652,18.121,7.242,27.934,8.103,20.583,8.090,32.359,9.293,38.704,16.352,39.859,57.234,15.920,16.929,19.569,11.784,8.799,3.790,4.972,148.114,66.096,203.470,18.278,26.119,30.988,24.039,12.109,19.404,13.958,55.606,1.040,0.148,0.097,0.040,0.079,,69.000,54.000,11.747,1.737,0.030,0.592,0.836,1.619,0.398,3.258,0.590,1.064,0.227,1.512,0.409,1.098,0.033,0.792,8.839,10.436,3.135,12.263,0.865,1.905,0.367,3.724,1.622,1.924,1.493,0.752,1.205,0.867,3.453,0.713,0.792,0.069,0.267,0.153,0.479,0.063,0.247,0.115,0.425,0.038,0.229,0.022,0.288,0.296,0.943,1.028,1.376,0.039,0.211,0.129,0.488,0.519,0.155,0.227,0.862,0.958,0.109,0.192,0.090,0.091,1.031
8484186,Ryan Leonard,WSH,F,22.029,True,True,84.000,0.134,0.000,0.000,0.000,,15.148,64.895,25.824,80.824,934.143,382.702,1285.284,776.397,133.225,1.233,23.288,11.964,2.053,0.019,0.359,16.398,5.944,25.760,8.006,20.570,6.783,32.948,10.208,36.967,13.700,38.164,56.756,16.802,15.982,20.353,13.367,7.203,3.788,6.400,131.961,51.410,188.179,14.259,103.777,21.884,41.169,6.627,6.039,13.294,57.870,1.115,-0.197,0.122,0.205,0.094,,75.000,45.000,12.440,2.288,0.017,0.403,0.877,1.663,0.479,2.410,0.657,1.948,0.266,1.001,0.358,0.904,0.040,1.243,7.772,12.466,3.788,9.362,0.738,1.591,0.431,3.002,6.666,1.406,2.644,0.426,0.388,0.854,3.717,1.144,1.653,0.093,0.342,0.179,0.673,0.081,0.307,0.129,0.593,0.046,0.283,0.025,0.365,0.415,1.169,1.193,1.946,0.054,0.262,0.147,0.690,0.643,0.191,0.285,1.187,1.291,0.130,0.240,0.112,0.113,0.988
8476906,Shayne Gostisbehere,CAR,D,33.785,True,True,281.000,0.117,0.000,0.000,0.000,,18.557,61.708,15.604,79.704,1167.896,355.227,1637.507,937.014,182.347,5.859,42.676,15.185,2.955,0.095,0.692,8.575,2.187,14.213,4.846,31.372,8.796,48.376,14.625,39.947,12.080,42.828,61.496,18.258,7.803,28.219,14.590,16.782,3.132,13.580,105.673,30.366,155.749,7.591,30.569,61.043,23.860,0.000,0.000,20.180,63.033,1.084,0.126,0.087,-0.066,0.072,,55.000,48.000,14.929,2.828,0.089,0.711,0.262,0.938,0.103,1.188,0.433,1.646,0.117,1.890,0.411,2.373,0.078,2.042,4.531,9.036,1.885,10.223,0.228,0.948,0.115,1.603,1.570,3.136,1.226,0.000,0.000,1.037,3.238,0.561,0.595,0.033,0.130,0.029,0.119,0.038,0.246,0.002,0.268,0.031,0.179,0.034,0.142,0.246,0.696,0.371,1.010,0.015,0.091,0.023,0.176,0.258,0.194,0.167,0.002,0.002,0.090,0.194,0.071,0.058,1.078
8480220,Noah Cates,PHI,F,27.989,True,True,301.000,0.089,0.000,0.000,0.000,,16.200,72.902,40.678,83.678,1167.049,648.226,1515.176,872.531,143.872,110.924,39.722,11.969,1.974,1.522,0.545,15.621,6.645,24.363,7.159,24.045,11.127,36.721,10.465,39.666,18.881,41.094,57.865,15.990,14.462,22.022,15.034,9.011,3.319,5.252,106.454,57.641,145.619,16.988,80.948,45.937,20.117,389.387,484.637,23.092,30.051,0.883,-0.104,0.089,-0.169,0.073,,82.000,46.000,12.220,1.864,1.610,0.506,0.645,1.281,0.306,2.180,0.569,1.306,0.240,2.905,0.387,0.700,0.030,1.347,5.272,8.837,2.278,6.617,0.710,1.859,0.221,2.711,4.162,2.362,1.034,20.019,24.916,1.187,1.545,0.452,0.644,0.068,0.279,0.124,0.491,0.062,0.253,0.096,0.455,0.039,0.237,0.021,0.304,0.267,0.906,0.505,1.254,0.036,0.213,0.068,0.479,0.423,0.151,0.180,1.248,1.294,0.101,0.160,0.072,0.076,1.073
8481068,Yegor Sharangovich,CGY,F,28.657,True,True,308.000,0.063,0.000,0.000,0.000,,16.032,73.152,39.018,83.018,1254.383,667.648,1615.580,965.761,126.507,94.828,67.287,13.202,1.729,1.296,0.920,19.040,8.841,28.732,8.258,20.458,8.431,31.617,9.382,39.498,19.403,40.963,58.318,15.926,17.318,19.715,12.431,8.027,3.739,3.859,134.253,72.303,178.999,18.090,19.307,33.382,11.522,82.182,116.789,19.610,58.496,1.003,-0.083,0.087,0.080,0.072,,78.000,29.000,12.833,1.530,0.914,0.755,0.632,1.613,0.604,2.493,0.465,1.022,0.312,1.645,0.334,0.741,0.042,0.644,5.869,10.645,5.283,8.015,0.620,1.690,0.612,3.187,0.923,1.597,0.551,3.931,5.586,0.938,2.798,0.277,0.492,0.068,0.261,0.132,0.468,0.061,0.242,0.101,0.424,0.038,0.224,0.022,0.286,0.266,0.870,0.585,1.200,0.036,0.199,0.079,0.448,0.430,0.144,0.184,1.026,1.092,0.099,0.163,0.074,0.077,1.073
8475722,Jason Zucker,BUF,F,35.044,False,True,282.000,0.098,5.000,3.000,13.000,research:medium,14.925,56.867,13.323,73.323,873.967,273.049,1199.353,667.096,174.773,1.030,31.068,11.731,3.073,0.018,0.546,17.555,4.003,28.022,8.493,20.650,5.920,32.561,10.274,38.206,10.924,40.718,58.595,17.465,16.299,19.221,12.627,8.024,6.916,7.155,110.124,34.275,157.904,17.689,63.458,17.554,28.671,30.825,48.117,12.079,57.416,0.994,0.308,0.094,0.175,0.077,,62.000,45.000,11.544,2.894,0.014,0.473,0.800,2.204,0.454,1.879,0.606,1.419,0.272,1.684,0.389,0.867,0.041,1.190,7.014,9.371,3.718,9.239,0.900,2.112,0.423,2.937,4.356,1.205,1.968,2.116,3.303,0.829,3.942,0.815,0.894,0.069,0.248,0.154,0.497,0.063,0.232,0.115,0.453,0.038,0.215,0.022,0.304,0.290,0.817,1.095,1.516,0.038,0.184,0.135,0.518,0.422,0.137,0.203,0.950,1.006,0.103,0.185,0.081,0.085,1.039
8477495,Seth Jones,FLA,D,32.331,True,True,247.000,0.149,0.000,0.000,0.000,,23.133,65.981,31.377,78.377,1502.289,763.452,1956.008,1139.803,174.643,111.953,75.890,17.275,2.647,1.697,1.150,8.805,3.079,14.368,4.538,32.974,15.558,47.946,12.807,41.779,18.776,43.481,60.280,15.899,8.158,32.331,15.570,17.405,3.096,11.551,118.390,58.776,161.159,7.620,69.819,90.483,23.958,0.000,0.000,20.883,88.072,1.071,0.114,0.085,0.011,0.071,,52.000,32.000,16.689,3.132,2.087,1.224,0.199,0.985,0.067,1.102,0.408,1.680,0.112,1.908,0.410,2.211,0.087,2.113,4.144,9.244,1.603,7.717,0.178,0.911,0.082,1.132,2.788,3.614,0.957,0.000,0.000,0.834,3.518,0.440,0.305,0.034,0.143,0.028,0.121,0.038,0.262,0.002,0.262,0.031,0.186,0.033,0.143,0.245,0.767,0.279,0.894,0.015,0.101,0.019,0.168,0.234,0.200,0.144,0.002,0.002,0.088,0.179,0.062,0.053,1.139
8477416,Oliver Bjorkstrand,NYR,F,31.814,True,True,322.000,0.049,0.000,0.000,0.000,,13.502,74.131,48.792,81.792,1009.539,659.049,1267.366,767.666,207.100,0.667,34.107,10.355,2.794,0.009,0.460,14.674,6.956,21.862,6.168,21.599,11.161,32.469,8.708,36.273,20.122,36.220,52.317,13.175,14.495,20.928,13.621,7.978,6.348,7.654,121.959,77.633,161.163,14.830,64.572,28.113,14.721,7.143,12.412,19.706,41.473,0.989,-0.152,0.089,-0.067,0.074,,80.000,32.000,10.308,2.781,0.008,0.405,0.589,1.817,0.436,1.194,0.640,1.251,0.243,1.211,0.323,0.897,0.040,0.884,6.237,10.460,3.616,10.585,0.627,1.648,0.404,1.970,3.838,1.671,0.875,0.424,0.738,1.171,2.465,0.392,0.645,0.066,0.241,0.158,0.450,0.060,0.213,0.117,0.381,0.037,0.200,0.023,0.288,0.275,0.765,1.118,1.361,0.036,0.176,0.138,0.466,0.453,0.136,0.208,0.873,0.917,0.096,0.172,0.081,0.082,0.990
8484911,Collin Graf,SJS,F,24.364,True,True,121.000,0.103,0.000,0.000,0.000,,16.904,71.261,39.247,82.347,1198.134,644.750,1554.103,950.157,37.407,164.168,46.403,13.333,0.525,2.304,0.651,16.832,7.270,25.965,7.617,20.584,8.392,32.520,9.208,37.416,17.649,37.595,56.392,15.297,16.169,19.617,12.065,8.519,0.505,1.302,103.963,52.954,143.874,16.354,72.244,42.324,12.860,16.844,28.045,26.194,45.639,1.053,0.057,0.107,-0.046,0.085,,81.000,46.000,13.412,0.527,2.423,0.542,0.757,0.778,0.478,3.077,0.454,1.105,0.266,3.741,0.403,0.886,0.024,1.440,5.465,6.399,3.154,6.206,0.763,0.841,0.396,3.449,3.618,2.119,0.644,0.844,1.404,1.312,2.285,0.323,0.544,0.079,0.355,0.125,0.602,0.070,0.331,0.100,0.563,0.043,0.306,0.022,0.341,0.324,1.347,0.528,1.392,0.045,0.314,0.070,0.595,0.564,0.199,0.218,1.671,1.742,0.122,0.186,0.087,0.091,1.025
8480064,Josh Norris,BUF,F,27.745,True,True,158.000,0.193,0.000,0.000,0.000,,16.047,56.212,8.222,77.222,935.591,241.377,1376.239,684.401,176.426,21.762,53.002,12.175,3.139,0.387,0.943,17.331,3.793,29.397,9.345,20.404,4.566,34.701,11.164,37.735,9.290,39.017,62.242,19.304,16.972,20.988,11.748,8.656,5.237,7.147,96.584,23.929,148.746,14.056,73.034,35.288,32.551,368.912,345.158,13.285,35.648,1.222,-0.034,0.112,0.093,0.088,,44.000,34.000,11.982,2.956,0.292,0.817,0.819,1.744,0.530,2.614,0.558,1.300,0.300,2.023,0.376,1.200,0.052,1.206,5.355,8.469,3.128,10.720,0.625,1.540,0.384,2.560,4.684,2.263,2.087,23.659,22.135,0.852,2.286,0.901,0.947,0.084,0.293,0.151,0.506,0.074,0.265,0.112,0.447,0.043,0.246,0.023,0.309,0.365,0.948,0.759,1.446,0.047,0.215,0.100,0.497,0.497,0.164,0.235,1.220,1.277,0.118,0.213,0.093,0.097,1.039
8475314,Anders Lee,UTA,F,36.583,True,True,327.000,0.038,0.000,0.000,0.000,,14.939,76.409,53.051,83.051,1121.673,766.466,1401.217,931.948,109.906,1.423,78.396,12.197,1.438,0.019,1.026,17.925,9.412,27.190,7.073,18.924,9.102,29.329,7.851,36.848,20.556,37.001,53.445,13.248,17.094,18.548,11.311,7.613,2.833,2.583,155.886,104.511,200.255,26.134,93.345,33.950,37.237,33.250,31.234,11.513,50.088,0.736,0.630,0.084,0.092,0.070,,82.000,42.000,12.296,1.559,0.020,1.064,0.707,1.475,0.348,2.602,0.531,0.992,0.237,0.782,0.385,0.390,0.032,0.593,7.487,12.092,3.397,13.284,1.095,2.083,0.393,4.057,4.993,1.816,1.992,1.779,1.671,0.616,2.679,0.800,0.742,0.061,0.225,0.151,0.385,0.056,0.215,0.114,0.344,0.036,0.198,0.022,0.243,0.251,0.782,1.083,1.060,0.033,0.173,0.134,0.375,0.420,0.129,0.185,0.698,0.791,0.094,0.162,0.074,0.077,1.016
8477346,MacKenzie Weegar,UTA,D,33.068,True,True,323.000,0.046,0.000,0.000,0.000,,22.005,77.577,63.828,82.828,1715.366,1360.852,2076.694,1371.162,137.813,127.456,78.936,17.675,1.776,1.643,1.018,7.769,3.073,12.292,3.695,28.855,17.800,39.556,9.333,36.624,23.909,36.859,49.810,11.442,7.458,29.047,13.474,15.381,1.360,7.273,147.931,110.874,188.091,7.162,167.316,157.081,44.892,0.000,0.255,32.452,127.005,1.046,-0.010,0.073,0.023,0.062,,79.000,28.000,17.508,1.888,1.637,0.973,0.212,0.568,0.056,0.894,0.364,1.476,0.099,1.244,0.398,1.712,0.132,1.649,4.979,9.377,1.525,7.116,0.189,0.668,0.069,0.891,5.852,5.494,1.570,0.000,0.009,1.135,4.442,0.715,0.303,0.029,0.134,0.027,0.119,0.035,0.246,0.002,0.253,0.029,0.178,0.032,0.140,0.202,0.743,0.262,0.826,0.012,0.099,0.018,0.157,0.227,0.181,0.129,0.002,0.002,0.078,0.157,0.056,0.045,1.016
8484241,Matthew Wood,NSH,F,21.985,True,True,77.000,0.118,0.000,0.000,0.000,,13.114,75.747,48.975,84.000,1051.901,655.325,1336.769,884.990,142.148,2.278,22.486,11.684,1.877,0.030,0.297,17.922,8.525,27.707,7.431,18.214,8.874,29.579,8.316,36.135,19.455,35.838,53.245,14.014,17.102,18.437,11.375,6.839,4.277,4.591,122.655,75.030,164.254,16.177,64.705,29.652,19.523,94.511,142.230,13.416,48.965,1.113,-0.002,0.132,0.114,0.099,1.048,71.000,30.000,11.264,1.578,0.018,0.253,0.809,1.723,0.620,2.821,0.598,1.005,0.225,0.800,0.297,0.957,0.035,0.737,6.184,11.148,4.650,12.947,0.717,1.824,0.517,3.360,3.691,1.691,1.114,5.391,8.113,0.765,2.793,0.542,0.883,0.095,0.364,0.179,0.715,0.082,0.315,0.129,0.621,0.047,0.292,0.025,0.374,0.450,1.320,1.197,2.097,0.058,0.298,0.148,0.760,0.803,0.222,0.337,1.190,1.323,0.138,0.256,0.129,0.126,1.009
8475791,Taylor Hall,CAR,F,35.217,True,True,228.000,0.065,0.000,0.000,0.000,,13.956,71.770,45.776,79.776,1047.645,671.258,1315.542,899.772,124.918,1.315,21.640,12.537,1.740,0.018,0.301,15.752,7.486,23.634,6.524,22.847,11.857,34.494,9.113,38.600,21.489,38.680,54.797,13.901,14.053,20.277,14.255,8.593,3.337,4.189,118.597,75.121,155.193,14.825,43.985,30.028,30.996,24.238,30.569,21.141,62.339,1.021,0.220,0.093,0.148,0.077,,80.000,47.000,12.144,1.529,0.016,0.267,0.679,1.430,0.377,2.438,0.657,1.113,0.233,1.334,0.388,0.672,0.032,1.127,6.338,9.751,3.378,8.788,0.707,1.591,0.390,2.490,2.519,1.720,1.775,1.388,1.751,1.211,3.570,0.882,1.100,0.067,0.254,0.153,0.530,0.061,0.239,0.115,0.482,0.038,0.220,0.022,0.305,0.283,0.903,1.090,1.553,0.038,0.201,0.135,0.555,0.498,0.150,0.217,0.801,0.908,0.107,0.187,0.086,0.089,1.078
8477987,Ryan Donato,CHI,F,30.814,True,True,310.000,0.052,0.000,0.000,0.000,,14.609,75.227,31.515,84.000,1081.435,425.427,1434.370,944.400,97.053,1.497,38.485,12.554,1.290,0.020,0.512,16.797,5.639,26.052,7.848,19.402,6.552,30.578,9.210,36.200,13.300,37.684,54.310,15.634,15.859,18.844,12.545,6.857,1.796,2.965,122.205,47.695,169.960,15.013,79.646,18.556,31.057,150.940,181.123,22.485,47.889,1.103,0.062,0.086,-0.068,0.072,,81.000,30.000,12.759,1.385,0.016,0.449,0.767,1.048,0.373,3.255,0.591,1.065,0.230,1.791,0.318,0.716,0.032,0.770,6.167,9.799,2.999,14.368,0.661,1.299,0.364,3.894,4.419,1.030,1.723,8.374,10.049,1.248,2.657,0.803,0.943,0.066,0.258,0.156,0.511,0.059,0.242,0.116,0.456,0.037,0.223,0.023,0.296,0.265,0.907,1.015,1.419,0.035,0.200,0.128,0.509,0.466,0.140,0.202,0.710,0.818,0.101,0.174,0.080,0.083,1.013
8474150,Mikael Backlund,CGY,F,37.878,True,True,322.000,0.047,0.000,0.000,0.000,,16.901,76.528,55.050,84.000,1414.283,984.108,1756.843,1014.411,90.362,229.947,79.563,13.255,1.181,3.005,1.040,15.061,6.479,23.757,6.721,23.257,12.524,34.441,9.519,38.318,21.152,39.131,56.053,14.474,14.311,22.860,16.175,7.083,1.299,2.440,160.897,110.966,207.547,17.471,39.464,33.571,22.849,682.298,688.860,31.703,79.932,0.883,0.144,0.083,-0.058,0.069,,82.000,43.000,12.885,1.045,2.119,0.853,0.554,0.820,0.281,1.984,0.569,1.127,0.463,2.112,0.300,0.465,0.023,0.835,6.861,8.825,5.739,7.248,0.684,1.152,0.392,2.013,1.674,1.424,0.969,28.946,29.224,1.345,3.391,0.471,0.322,0.058,0.227,0.098,0.398,0.055,0.228,0.083,0.396,0.036,0.212,0.019,0.263,0.230,0.797,0.404,0.945,0.032,0.188,0.055,0.391,0.372,0.143,0.150,1.237,1.289,0.095,0.143,0.062,0.067,1.073
8481711,Matias Maccelli,NYI,F,26.300,True,True,272.000,0.116,0.000,0.000,0.000,,14.726,68.804,31.867,81.867,1023.696,495.861,1363.615,882.401,117.083,0.819,23.394,12.825,1.702,0.012,0.340,13.890,5.235,21.985,6.625,23.931,9.802,37.031,10.452,37.822,16.099,38.637,56.882,15.698,13.194,21.898,14.163,9.768,2.108,5.687,95.050,43.950,132.848,11.847,21.021,16.443,13.794,4.625,6.845,14.339,70.624,1.065,0.185,0.093,-0.097,0.076,,71.000,39.000,12.623,1.680,0.011,0.411,0.707,1.026,0.416,2.012,0.633,1.585,0.292,1.432,0.433,1.082,0.035,1.159,5.132,7.971,3.324,10.189,0.598,1.030,0.389,2.659,1.232,0.964,0.808,0.271,0.401,0.840,4.139,0.403,0.523,0.074,0.285,0.170,0.551,0.065,0.256,0.123,0.475,0.040,0.236,0.024,0.313,0.297,0.958,1.115,1.507,0.039,0.214,0.139,0.537,0.496,0.148,0.216,0.797,0.898,0.105,0.184,0.085,0.088,1.064
8476455,Gabriel Landeskog,COL,F,34.190,True,True,60.000,0.129,0.000,0.000,0.000,,15.676,68.210,34.909,79.909,1025.220,544.750,1334.303,849.013,131.005,2.365,42.838,12.447,1.921,0.035,0.628,15.831,7.197,25.703,7.363,22.172,9.588,35.157,10.010,38.003,17.842,37.783,57.725,15.766,14.446,19.775,11.622,10.550,2.607,4.081,130.590,67.036,180.336,16.802,88.347,32.494,46.992,167.268,102.125,16.222,44.421,0.908,0.116,0.131,0.088,0.098,,60.000,35.000,12.829,2.161,0.035,0.652,0.738,1.089,0.417,2.251,0.487,0.699,0.269,2.710,0.430,0.968,0.037,1.693,7.439,8.541,3.636,9.144,0.877,0.980,0.420,3.138,5.170,1.902,2.750,9.789,5.977,0.949,2.600,1.269,0.748,0.086,0.311,0.155,0.570,0.076,0.300,0.116,0.530,0.043,0.274,0.022,0.323,0.419,1.172,1.096,1.721,0.054,0.257,0.135,0.605,0.644,0.204,0.295,1.315,1.443,0.144,0.272,0.118,0.123,1.070
8476399,Blake Coleman,MIN,F,35.179,True,True,311.000,0.068,0.000,0.000,0.000,,16.533,75.504,59.209,81.308,1235.994,935.763,1527.223,963.879,97.935,115.742,58.437,12.766,1.297,1.533,0.774,17.947,9.469,26.302,6.628,19.807,11.006,30.018,7.763,37.754,22.537,37.904,53.270,12.591,16.788,19.451,11.629,8.178,1.901,1.691,158.675,113.354,203.255,21.218,136.837,48.724,45.855,27.911,35.257,25.734,63.928,0.906,0.369,0.086,-0.110,0.071,,69.000,35.000,12.725,1.201,1.938,0.669,0.686,1.090,0.641,2.819,0.524,0.484,0.247,1.775,0.377,0.533,0.025,1.083,7.718,10.520,4.814,8.444,0.850,1.431,0.561,4.253,6.643,2.365,2.226,1.355,1.712,1.249,3.103,1.035,0.806,0.061,0.262,0.107,0.458,0.057,0.256,0.089,0.447,0.037,0.238,0.020,0.288,0.244,0.933,0.455,1.142,0.034,0.219,0.061,0.459,0.407,0.152,0.167,1.277,1.331,0.101,0.154,0.068,0.073,1.069
8477986,Brandon Montour,SEA,D,32.810,True,True,291.000,0.083,0.000,0.000,0.000,,21.978,70.767,41.709,79.709,1594.270,957.204,2007.145,1337.686,138.131,33.550,84.903,18.903,1.952,0.474,1.200,10.226,3.961,15.846,4.610,25.644,13.096,36.669,9.581,35.869,18.975,37.046,50.600,12.882,9.789,27.855,12.110,13.534,1.461,6.711,170.089,101.534,221.305,10.227,78.375,79.358,48.861,0.000,0.000,24.645,90.459,1.074,0.034,0.076,-0.059,0.065,,64.000,32.000,18.745,1.768,0.336,1.129,0.296,0.607,0.085,1.232,0.344,1.461,0.116,1.454,0.386,1.706,0.096,1.502,5.840,9.384,1.704,12.246,0.289,0.744,0.099,1.418,2.950,2.987,1.839,0.000,0.000,0.927,3.404,0.840,0.515,0.031,0.131,0.029,0.119,0.036,0.240,0.002,0.248,0.030,0.176,0.034,0.139,0.212,0.709,0.354,0.825,0.013,0.096,0.022,0.149,0.213,0.178,0.129,0.002,0.002,0.084,0.168,0.057,0.046,1.015
8484798,Zeev Buium,VAN,D,21.153,True,True,76.000,0.135,0.000,0.000,0.000,,20.764,65.942,28.883,78.883,1500.476,698.534,1969.094,1261.107,161.616,6.991,70.762,19.125,2.451,0.106,1.073,7.900,1.978,13.843,4.350,27.873,12.418,42.030,11.478,35.772,16.361,36.573,52.934,14.555,7.729,28.016,13.531,14.342,1.973,8.944,87.554,39.092,125.858,5.860,29.184,57.876,31.353,0.000,0.000,15.426,87.819,1.075,0.029,0.110,0.129,0.087,0.784,76.000,25.000,17.564,2.300,0.069,0.831,0.218,0.717,0.101,1.024,0.361,1.562,0.114,1.516,0.369,1.776,0.087,1.582,2.966,6.528,1.722,6.302,0.171,0.475,0.109,0.819,1.167,2.314,1.254,0.000,0.000,0.617,3.512,0.536,0.568,0.043,0.176,0.034,0.140,0.042,0.309,0.002,0.291,0.034,0.202,0.036,0.150,0.328,1.046,0.422,1.234,0.019,0.132,0.025,0.213,0.351,0.260,0.212,0.003,0.003,0.115,0.250,0.090,0.071,1.013
8485391,Anton Frondell,CHI,F,19.740,True,True,12.000,0.169,0.000,0.000,0.000,,18.418,53.186,14.953,67.953,963.812,429.876,1305.936,760.915,145.544,5.037,52.315,14.307,2.736,0.095,0.984,14.229,4.667,22.670,6.986,21.495,8.340,34.749,10.373,35.725,14.353,36.224,55.361,16.113,16.798,24.218,12.514,8.981,3.356,5.703,146.642,61.079,213.345,16.515,37.473,43.431,19.035,141.745,305.480,13.825,49.236,0.963,0.121,0.205,0.120,0.128,1.111,12.000,9.000,14.540,2.937,0.078,0.862,0.827,1.633,0.508,2.651,0.737,1.275,0.312,1.874,0.426,1.374,0.044,1.588,8.255,13.184,3.989,11.058,0.732,1.852,0.458,3.103,2.333,2.704,1.185,8.824,19.017,0.861,3.065,0.582,0.520,0.122,0.442,0.182,0.768,0.103,0.415,0.131,0.705,0.052,0.375,0.025,0.395,0.807,1.821,1.212,2.298,0.098,0.394,0.149,0.818,1.119,0.342,0.513,2.948,3.122,0.200,0.459,0.200,0.196,1.013
8481716,Dmitri Voronkov,CBJ,F,26.393,True,True,211.000,0.095,0.000,0.000,0.000,,14.412,66.612,29.393,78.493,980.707,475.991,1305.291,798.775,153.106,1.205,27.622,11.991,2.299,0.018,0.415,18.235,6.777,28.074,8.078,18.485,7.698,29.831,8.510,36.720,15.442,37.641,55.013,15.165,17.546,18.048,10.759,7.726,6.260,3.631,121.332,54.023,167.659,19.727,85.161,33.554,48.076,62.925,91.753,10.520,43.888,0.930,0.374,0.098,0.022,0.079,,63.000,31.000,12.033,1.964,0.019,0.397,0.774,2.361,0.419,2.618,0.643,0.521,0.246,1.336,0.376,0.869,0.036,0.699,6.470,11.355,3.554,13.354,0.867,2.526,0.406,3.754,5.210,2.053,2.941,3.850,5.614,0.644,2.685,1.244,0.431,0.077,0.286,0.171,0.569,0.067,0.254,0.123,0.488,0.041,0.235,0.024,0.322,0.314,0.946,1.149,1.597,0.041,0.213,0.142,0.566,0.521,0.155,0.229,0.880,0.970,0.108,0.192,0.090,0.092,1.041
8481553,Bobby Brink,MIN,F,25.569,True,True,204.000,0.120,0.000,0.000,0.000,,15.409,71.573,40.215,82.215,1120.462,621.759,1442.544,939.884,149.928,1.750,28.900,13.132,2.095,0.025,0.404,15.794,6.965,24.874,7.087,21.738,9.998,33.994,9.515,37.532,18.858,37.916,55.876,14.903,15.551,21.180,12.739,8.999,3.425,4.152,108.970,59.899,149.501,15.272,81.565,34.735,23.338,17.094,32.528,15.327,49.228,0.998,-0.098,0.097,-0.029,0.079,,68.000,29.000,13.089,1.940,0.031,0.349,0.694,1.350,0.442,2.676,0.596,0.868,0.265,1.857,0.411,0.751,0.037,0.931,5.260,8.944,3.635,8.564,0.649,1.502,0.421,2.778,4.368,1.860,1.250,0.915,1.742,0.821,2.636,0.595,0.740,0.078,0.286,0.172,0.607,0.068,0.261,0.124,0.535,0.041,0.240,0.024,0.336,0.314,0.948,1.151,1.705,0.042,0.211,0.142,0.604,0.489,0.151,0.218,0.874,0.973,0.109,0.192,0.087,0.090,1.069
8475200,Dmitry Orlov,SJS,D,35.529,True,True,306.000,0.059,0.000,0.000,0.000,,20.160,78.557,60.067,84.000,1662.342,1234.635,2044.439,1331.165,176.802,85.293,69.082,16.945,2.251,1.086,0.879,5.835,1.868,10.276,3.147,30.141,17.368,42.456,10.213,35.977,21.115,36.472,49.909,12.064,6.339,32.256,14.630,15.511,1.187,10.934,108.064,73.524,141.942,6.343,116.046,72.001,36.620,0.000,0.000,21.376,100.028,1.019,0.145,0.076,-0.057,0.064,,82.000,37.000,16.667,2.052,0.833,0.609,0.176,0.438,0.068,0.907,0.347,2.040,0.105,1.555,0.404,1.931,0.080,1.588,3.719,5.641,1.638,5.741,0.177,0.409,0.086,0.952,4.189,2.599,1.322,0.000,0.000,0.771,3.610,0.676,0.506,0.029,0.141,0.027,0.115,0.035,0.273,0.002,0.263,0.029,0.186,0.032,0.140,0.207,0.864,0.289,0.977,0.012,0.112,0.019,0.175,0.235,0.185,0.140,0.002,0.002,0.083,0.169,0.060,0.049,1.025
8484210,Gabe Perreault,NYR,F,21.738,True,True,54.000,0.178,0.000,0.000,0.000,,16.839,59.651,21.958,74.958,1012.529,440.836,1370.557,908.329,74.015,1.255,28.931,15.227,1.241,0.021,0.485,15.020,5.346,24.059,7.108,19.582,6.920,31.142,9.276,34.603,14.019,35.046,52.570,15.123,15.043,19.842,12.364,7.219,2.298,2.836,98.225,42.699,143.219,16.003,33.743,26.988,13.512,7.102,8.973,14.379,47.986,0.950,0.076,0.134,0.036,0.100,1.097,49.000,27.000,15.157,1.235,0.020,0.427,0.742,1.866,0.415,3.097,0.612,1.707,0.270,2.399,0.402,0.623,0.033,0.959,5.410,8.846,3.690,11.061,0.778,2.062,0.431,3.471,2.000,1.599,0.801,0.421,0.532,0.852,2.844,0.403,0.376,0.099,0.391,0.179,0.727,0.085,0.371,0.129,0.661,0.048,0.336,0.025,0.376,0.458,1.541,1.202,2.087,0.060,0.330,0.148,0.753,0.727,0.221,0.312,1.186,1.409,0.150,0.283,0.125,0.129,0.990
8481554,Kaapo Kakko,SEA,F,25.966,True,True,287.000,0.103,0.000,0.000,0.000,,14.636,65.379,33.418,76.418,970.736,537.674,1258.336,839.639,106.908,1.698,22.490,12.843,1.635,0.026,0.344,13.438,5.465,20.949,5.929,21.722,10.267,32.667,9.023,35.160,16.643,36.060,51.778,13.530,13.245,20.996,12.504,9.218,2.657,4.342,90.229,49.959,122.627,11.827,37.283,17.680,21.265,22.718,24.038,16.962,44.607,1.107,0.077,0.091,-0.055,0.075,,65.000,40.000,12.919,1.415,0.017,0.285,0.681,1.469,0.416,2.898,0.721,0.714,0.238,1.917,0.409,1.641,0.033,0.689,5.291,7.230,3.512,8.543,0.574,1.511,0.417,2.899,2.304,1.093,1.314,1.404,1.486,1.048,2.757,0.573,0.621,0.073,0.296,0.170,0.592,0.064,0.268,0.123,0.515,0.040,0.246,0.024,0.326,0.290,1.023,1.099,1.625,0.039,0.227,0.138,0.585,0.497,0.148,0.214,0.754,0.867,0.104,0.181,0.085,0.087,1.015
8473994,Jamie Benn,DAL,F,37.541,True,True,304.000,0.046,0.000,0.000,0.000,,12.784,78.481,74.194,82.194,1005.096,823.940,1221.237,856.325,104.212,7.990,36.570,10.911,1.328,0.102,0.466,14.022,7.787,20.442,5.024,22.182,13.107,32.264,7.579,36.204,22.873,35.801,49.724,10.954,14.073,21.184,13.379,8.803,2.285,5.026,101.132,74.601,128.857,14.584,87.946,31.769,48.699,217.068,160.149,16.392,49.833,1.055,0.072,0.095,0.235,0.077,,60.000,36.000,10.768,1.424,0.108,0.484,0.760,1.320,0.384,1.454,0.626,1.565,0.274,1.794,0.407,1.198,0.029,0.840,5.808,8.562,3.369,4.792,0.734,1.543,0.404,2.261,5.250,1.897,2.907,12.958,9.560,0.979,2.975,1.206,0.701,0.064,0.229,0.134,0.433,0.059,0.205,0.103,0.375,0.037,0.192,0.021,0.266,0.280,0.797,0.727,1.240,0.037,0.182,0.096,0.450,0.516,0.150,0.220,0.811,0.900,0.101,0.175,0.086,0.086,1.048
8476853,Morgan Rielly,TOR,D,32.901,True,True,297.000,0.068,0.000,0.000,0.000,,20.646,74.260,48.604,82.604,1508.320,959.698,1901.381,1295.874,102.386,56.842,53.218,17.451,1.379,0.765,0.717,7.267,3.043,12.172,3.739,26.639,14.340,38.924,10.038,33.906,18.297,34.753,49.063,12.350,7.146,25.789,12.951,13.688,0.884,5.726,115.167,70.749,152.459,6.295,38.740,102.958,22.305,0.000,0.000,18.115,90.261,1.076,0.288,0.075,0.104,0.064,,78.000,35.000,17.144,2.103,0.608,0.791,0.248,0.509,0.085,0.957,0.397,1.348,0.111,1.746,0.389,1.900,0.103,1.698,4.345,7.698,2.111,6.974,0.205,0.587,0.107,0.871,1.541,4.096,0.887,0.000,0.000,0.721,3.591,0.415,0.257,0.030,0.134,0.029,0.120,0.035,0.248,0.002,0.258,0.030,0.179,0.034,0.141,0.209,0.730,0.339,0.897,0.013,0.097,0.022,0.162,0.225,0.178,0.136,0.002,0.002,0.081,0.167,0.059,0.048,0.989
8480748,Kiefer Sherwood,SJS,F,31.841,True,True,250.000,0.105,0.000,0.000,0.000,,16.526,67.902,30.568,79.668,1119.842,541.324,1471.775,877.850,104.832,89.563,47.596,12.928,1.544,1.319,0.701,16.937,6.960,25.852,7.532,18.090,6.608,28.318,8.386,35.027,15.385,35.803,52.253,14.545,16.469,18.366,10.684,7.406,3.232,3.530,135.450,64.180,185.834,15.663,331.530,28.469,39.519,21.720,30.283,24.134,59.851,1.125,0.011,0.092,0.077,0.075,,72.000,35.000,13.004,1.551,1.387,0.584,0.741,1.799,0.470,2.243,0.501,1.229,0.246,1.265,0.366,0.822,0.030,0.863,7.131,9.816,5.179,7.857,0.684,1.639,0.528,2.530,17.763,1.525,2.117,1.164,1.623,1.293,3.207,0.976,1.095,0.067,0.284,0.126,0.519,0.062,0.274,0.099,0.493,0.038,0.253,0.021,0.310,0.273,1.007,0.573,1.389,0.037,0.231,0.077,0.524,0.442,0.159,0.189,1.265,1.328,0.108,0.175,0.076,0.082,1.025
8477429,Andrew Copp,DET,F,32.569,True,True,296.000,0.056,0.000,0.000,0.000,,15.946,75.706,56.057,82.057,1233.102,877.445,1517.031,962.393,101.533,114.511,54.665,12.712,1.341,1.513,0.722,11.471,4.876,18.531,5.278,23.661,12.965,34.906,8.773,35.132,20.790,35.641,50.491,12.372,11.517,23.360,14.061,9.600,1.428,4.243,99.341,66.988,132.006,16.586,33.368,51.870,21.125,497.980,443.522,20.518,65.439,0.734,0.013,0.089,-0.056,0.073,,79.000,41.000,12.744,1.195,1.350,0.656,0.428,0.847,0.271,2.971,0.572,1.443,0.213,2.042,0.417,1.033,0.026,1.085,4.668,6.715,2.940,8.220,0.624,1.476,0.274,3.902,1.624,2.524,1.028,24.231,21.581,0.998,3.184,0.506,0.527,0.064,0.276,0.115,0.473,0.059,0.265,0.092,0.447,0.038,0.245,0.021,0.290,0.260,0.996,0.494,1.211,0.035,0.228,0.067,0.469,0.444,0.154,0.184,1.165,1.231,0.103,0.164,0.074,0.078,1.031
8481598,Philip Broberg,STL,D,25.604,True,True,207.000,0.175,0.000,0.000,0.000,,23.466,66.613,27.076,83.076,1644.701,664.480,2240.718,1276.378,118.284,166.655,83.385,19.161,1.776,2.502,1.252,7.077,2.006,12.033,4.151,26.133,9.947,39.786,11.788,33.210,12.953,34.873,50.815,14.778,7.310,26.939,12.416,13.718,1.267,4.682,98.842,39.889,145.238,6.935,39.038,96.933,16.150,0.000,0.000,23.246,104.634,1.049,0.175,0.083,0.020,0.069,,81.000,34.000,19.002,1.129,2.311,1.025,0.221,0.664,0.053,0.835,0.398,1.054,0.086,1.456,0.424,1.395,0.093,1.516,3.560,6.983,1.474,3.771,0.206,0.614,0.076,0.810,1.424,3.536,0.589,0.000,0.000,0.848,3.817,0.285,0.497,0.034,0.175,0.029,0.132,0.038,0.321,0.002,0.275,0.032,0.207,0.035,0.150,0.233,1.139,0.280,0.901,0.014,0.143,0.019,0.177,0.291,0.223,0.151,0.002,0.002,0.090,0.179,0.065,0.051,0.979
8482092,Ridly Greig,OTT,F,24.485,True,True,247.000,0.110,0.000,0.000,0.000,,17.190,73.563,44.113,83.113,1260.023,754.669,1626.529,989.217,68.515,160.897,41.394,13.447,0.931,2.187,0.563,14.657,6.330,23.211,6.481,21.848,11.564,32.589,8.793,36.505,20.003,36.847,52.638,13.651,13.789,20.674,13.288,8.560,1.206,2.358,117.423,68.448,157.728,17.162,109.746,45.749,61.317,233.578,229.481,20.020,43.676,0.825,0.009,0.090,0.078,0.074,,77.000,35.000,13.486,1.070,2.005,0.629,0.601,0.994,0.419,2.358,0.577,1.266,0.266,1.306,0.379,0.688,0.026,1.435,5.811,8.081,2.853,6.871,0.762,1.340,0.364,3.043,5.226,2.179,2.920,11.123,10.928,0.953,2.080,1.255,1.184,0.071,0.291,0.124,0.541,0.064,0.272,0.099,0.504,0.041,0.253,0.022,0.321,0.275,0.985,0.507,1.276,0.038,0.231,0.068,0.517,0.443,0.159,0.179,1.313,1.372,0.104,0.159,0.072,0.076,1.077
8478469,Thomas Chabot,OTT,D,30.004,True,True,256.000,0.139,0.000,0.000,0.000,,22.362,66.342,32.143,79.143,1484.726,724.383,1947.983,1200.899,110.991,108.315,64.521,18.102,1.673,1.633,0.973,8.001,3.030,13.130,4.104,28.499,12.968,42.893,11.578,36.500,16.904,38.009,53.012,14.379,7.507,27.124,14.214,14.285,1.270,6.337,122.741,59.231,166.410,6.822,46.430,113.817,26.186,0.000,0.000,23.596,80.188,1.079,0.251,0.081,0.169,0.068,,57.000,31.000,17.607,2.222,1.547,0.986,0.251,0.644,0.104,1.030,0.442,1.537,0.106,1.534,0.405,1.724,0.120,1.943,4.884,7.668,1.994,6.691,0.223,0.542,0.112,1.071,1.876,4.599,1.058,0.000,0.000,0.954,3.240,0.524,0.352,0.033,0.146,0.029,0.125,0.037,0.264,0.002,0.268,0.031,0.188,0.034,0.146,0.231,0.792,0.304,0.916,0.014,0.105,0.020,0.171,0.247,0.199,0.144,0.002,0.002,0.087,0.176,0.062,0.051,1.077
8478500,Ivan Provorov,CBJ,D,30.051,True,True,328.000,0.054,0.000,0.000,0.000,,24.402,79.470,68.043,84.000,1988.646,1603.460,2381.323,1567.079,90.095,242.029,89.443,19.719,1.134,3.046,1.125,7.895,3.040,13.172,3.631,27.309,16.644,38.184,8.837,35.204,22.690,35.515,48.340,10.881,7.931,27.721,12.769,14.540,0.854,3.833,125.871,92.341,160.593,6.738,40.477,136.446,30.031,0.000,0.000,26.319,115.559,1.084,-0.086,0.071,0.028,0.060,,82.000,31.000,19.558,1.050,2.824,0.970,0.221,0.571,0.052,0.733,0.306,1.412,0.083,1.684,0.396,1.180,0.093,1.525,3.959,8.736,1.045,3.445,0.180,0.667,0.050,0.564,1.221,4.117,0.906,0.000,0.000,0.794,3.487,0.441,0.306,0.029,0.155,0.025,0.124,0.034,0.278,0.002,0.254,0.030,0.191,0.032,0.143,0.193,0.938,0.226,0.748,0.011,0.123,0.016,0.156,0.235,0.190,0.119,0.002,0.002,0.077,0.147,0.052,0.042,1.041
8478458,Jack Roslovic,TOR,F,30.007,True,True,286.000,0.100,0.000,0.000,0.000,,15.343,68.977,26.702,82.702,1045.978,412.548,1397.792,924.566,90.985,1.697,28.729,13.404,1.319,0.025,0.416,15.826,5.090,24.431,7.318,17.610,5.832,28.186,8.278,33.437,12.911,34.761,50.652,14.285,15.564,18.144,10.049,7.561,2.164,2.524,121.740,48.133,169.467,15.056,33.307,26.384,14.056,158.743,155.073,15.441,58.788,1.079,-0.032,0.089,0.199,0.073,,69.000,35.000,13.809,1.112,0.019,0.404,0.789,1.404,0.445,2.647,0.527,0.995,0.248,1.493,0.412,0.720,0.030,0.738,6.723,9.498,3.527,7.589,0.736,1.512,0.410,2.953,1.911,1.514,0.806,9.106,8.895,0.886,3.372,0.404,0.687,0.069,0.272,0.151,0.545,0.062,0.263,0.113,0.492,0.038,0.239,0.022,0.306,0.277,0.987,0.872,1.495,0.037,0.214,0.114,0.539,0.470,0.144,0.202,0.698,0.831,0.105,0.182,0.081,0.086,0.989
8483524,Shane Wright,SEA,F,23.075,True,True,169.000,0.184,0.000,0.000,0.000,,14.456,66.194,22.603,84.000,974.562,314.367,1387.217,818.775,125.549,2.973,27.265,12.369,1.897,0.045,0.412,15.283,4.384,25.211,8.065,19.014,5.422,31.446,10.025,34.297,9.806,34.866,54.587,16.670,14.591,18.386,11.440,7.574,3.778,4.474,89.364,28.201,133.798,15.035,47.087,51.039,13.202,251.568,343.822,12.360,62.298,0.984,0.330,0.102,-0.102,0.082,,74.000,27.000,12.443,1.641,0.030,0.341,0.721,1.724,0.415,2.484,0.590,1.037,0.241,1.810,0.355,1.030,0.035,0.704,5.031,7.750,3.523,9.508,0.731,1.856,0.404,2.531,2.899,3.142,0.813,15.488,21.168,0.761,3.835,0.404,0.476,0.081,0.307,0.177,0.619,0.071,0.271,0.128,0.534,0.043,0.251,0.025,0.342,0.336,1.036,1.173,1.720,0.044,0.233,0.145,0.619,0.564,0.165,0.243,0.887,0.996,0.112,0.199,0.095,0.096,1.015
8482713,Mackie Samoskevich,SEA,F,24.214,True,True,156.000,0.146,1.000,1.000,1.000,dailyfaceoff:ir:dtd,14.858,66.008,28.295,81.295,1002.935,431.522,1361.830,816.881,152.184,4.497,29.372,12.376,2.306,0.068,0.445,14.284,4.936,23.695,7.161,19.950,6.884,32.453,9.759,34.234,12.805,34.476,53.192,15.585,14.170,19.942,12.225,7.725,3.953,6.450,141.005,61.194,197.717,18.548,121.567,29.686,22.202,3.811,6.024,10.371,48.239,0.772,0.320,0.103,-0.040,0.083,,77.000,32.000,12.449,1.995,0.045,0.369,0.663,1.546,0.409,2.437,0.587,1.420,0.254,1.252,0.318,1.122,0.037,1.117,7.204,14.578,3.547,11.597,0.862,1.848,0.408,4.275,7.273,1.776,1.328,0.228,0.360,0.621,2.886,0.659,1.306,0.082,0.307,0.174,0.622,0.071,0.274,0.126,0.543,0.043,0.254,0.024,0.344,0.339,1.026,1.154,1.763,0.044,0.230,0.143,0.627,0.546,0.163,0.240,0.955,1.051,0.114,0.203,0.095,0.096,1.015
8485406,Porter Martone,PHI,F,20.268,True,True,9.000,0.170,0.000,0.000,0.000,,17.687,50.285,10.116,67.116,881.017,353.368,1222.870,744.162,100.284,6.792,29.779,14.799,1.994,0.135,0.592,14.946,5.289,24.178,7.600,21.170,7.617,34.275,10.651,36.115,12.905,36.438,56.934,16.973,15.160,21.203,13.736,7.433,3.366,4.769,137.350,51.676,204.426,16.541,79.443,16.854,28.773,14.257,24.431,11.499,34.119,0.954,-0.138,0.213,0.028,0.130,1.159,9.000,10.000,15.110,1.884,0.143,0.550,0.773,2.043,0.463,4.236,0.736,1.873,0.297,2.942,0.419,0.985,0.038,1.201,8.852,11.800,3.880,14.910,0.757,2.938,0.450,4.406,5.410,1.148,1.960,0.971,1.664,0.783,2.324,0.924,0.775,0.123,0.456,0.181,0.793,0.103,0.429,0.131,0.730,0.052,0.386,0.025,0.399,0.858,2.005,1.204,2.400,0.103,0.429,0.148,0.865,1.379,0.387,0.580,3.116,3.406,0.210,0.497,0.224,0.213,1.073
8478438,Tommy Novak,PIT,F,29.763,True,True,258.000,0.082,0.000,0.000,0.000,,14.085,62.324,0.865,83.865,910.439,18.286,1358.467,803.752,75.021,1.470,30.195,12.896,1.204,0.024,0.484,14.430,0.000,25.066,8.858,19.384,1.131,33.935,11.794,33.815,1.135,37.443,56.732,19.466,13.021,17.566,12.162,7.223,2.422,2.700,97.242,3.075,150.672,12.858,10.909,27.342,14.171,164.249,218.255,20.293,46.279,1.075,0.409,0.093,0.005,0.076,,82.000,42.000,12.566,1.129,0.016,0.375,0.730,1.748,0.380,2.076,0.660,1.083,0.225,1.640,0.369,0.874,0.030,1.009,5.929,10.247,3.340,9.775,0.755,1.320,0.400,2.160,0.719,1.802,0.934,10.824,14.383,1.337,3.050,0.438,0.514,0.070,0.268,0.163,0.544,0.062,0.246,0.119,0.479,0.039,0.227,0.023,0.306,0.288,0.953,1.120,1.505,0.038,0.211,0.139,0.547,0.528,0.155,0.224,0.734,0.860,0.107,0.186,0.088,0.090,1.005
8484221,Calum Ritchie,NYI,F,22.029,True,True,72.000,0.137,0.000,0.000,0.000,,14.270,63.784,22.696,79.796,914.669,352.026,1250.160,741.271,130.084,0.993,42.321,11.622,2.039,0.016,0.663,15.748,5.415,25.990,8.034,19.955,6.445,33.299,10.367,35.703,12.936,36.652,57.135,16.823,14.049,17.926,13.538,6.417,4.618,5.367,91.153,33.738,134.954,15.020,24.933,32.629,22.223,113.321,192.273,10.602,52.541,0.949,-0.260,0.135,0.149,0.100,1.057,65.000,30.000,11.439,2.014,0.015,0.803,0.700,1.900,0.435,1.814,0.539,1.733,0.241,2.475,0.324,0.491,0.038,0.993,5.173,9.779,3.723,8.487,0.682,2.285,0.418,2.311,1.635,2.140,1.458,7.434,12.613,0.695,3.447,0.766,0.517,0.097,0.360,0.179,0.586,0.084,0.316,0.129,0.487,0.047,0.292,0.025,0.335,0.461,1.273,1.200,1.642,0.059,0.287,0.148,0.586,0.766,0.216,0.329,1.267,1.380,0.138,0.258,0.127,0.124,1.064
8477948,Travis Sanheim,PHI,D,30.845,True,True,325.000,0.052,0.000,0.000,0.000,,23.904,78.127,67.474,82.474,1841.194,1499.470,2205.602,1475.935,72.032,207.871,85.355,18.891,0.922,2.661,1.093,8.927,4.423,14.376,4.032,26.749,16.913,36.998,8.554,35.676,23.515,35.273,49.169,10.806,8.097,25.165,12.585,14.164,0.645,2.718,104.680,77.337,132.961,8.226,60.096,141.362,30.842,0.000,0.000,28.913,101.360,1.063,0.080,0.071,0.040,0.060,,81.000,37.000,18.961,0.969,2.913,1.062,0.241,0.488,0.102,0.865,0.350,1.048,0.077,1.194,0.378,1.082,0.144,1.576,3.387,5.670,1.536,6.490,0.234,0.556,0.120,0.968,1.958,4.607,1.005,0.000,0.000,0.942,3.303,0.503,0.470,0.028,0.156,0.025,0.122,0.034,0.284,0.002,0.246,0.030,0.192,0.032,0.141,0.190,0.979,0.225,0.699,0.011,0.126,0.016,0.149,0.244,0.191,0.122,0.002,0.002,0.076,0.147,0.053,0.042,1.073
8484471,Emmitt Finnie,DET,F,21.599,True,True,82.000,0.118,0.000,0.000,0.000,,16.325,70.488,38.410,81.410,1168.998,653.591,1509.614,972.826,109.365,54.821,31.986,13.801,1.552,0.778,0.454,14.510,5.711,23.794,7.019,19.641,8.460,31.020,9.011,34.151,16.064,34.019,51.973,14.443,14.749,20.165,10.934,8.708,3.050,3.724,115.914,60.188,159.465,18.167,115.781,36.644,7.338,46.401,59.150,20.940,64.966,0.819,-0.006,0.117,0.004,0.091,,82.000,30.000,13.835,1.383,0.694,0.413,0.622,1.701,0.333,2.372,0.540,0.826,0.240,1.390,0.365,1.272,0.033,1.264,5.788,8.325,2.516,8.624,0.807,1.898,0.329,2.486,5.943,1.881,0.377,2.382,3.036,1.075,3.334,0.192,0.938,0.090,0.356,0.165,0.680,0.079,0.331,0.121,0.616,0.046,0.303,0.024,0.365,0.387,1.293,0.876,1.873,0.051,0.288,0.115,0.688,0.614,0.195,0.260,1.345,1.457,0.129,0.226,0.103,0.106,1.031
8478474,Lawson Crouse,UTA,F,29.610,True,True,320.000,0.058,0.000,0.000,0.000,,16.160,75.571,53.794,82.794,1195.159,837.395,1492.610,921.107,69.191,168.172,36.690,12.189,0.916,2.225,0.485,17.484,8.354,26.105,6.974,16.003,7.922,24.756,6.843,33.487,19.336,33.584,47.832,12.138,16.600,16.227,10.109,5.895,1.515,0.940,122.041,81.850,157.710,17.208,177.229,46.877,34.448,30.734,49.860,16.893,51.494,1.043,0.164,0.087,0.045,0.072,,81.000,44.000,12.288,0.992,2.376,0.503,0.839,1.247,0.252,2.583,0.522,0.514,0.243,1.568,0.310,0.313,0.023,1.302,6.678,7.147,2.732,5.915,0.852,1.236,0.259,3.228,8.897,2.353,1.729,1.543,2.503,0.848,2.585,0.712,0.623,0.063,0.263,0.108,0.491,0.058,0.243,0.088,0.471,0.038,0.229,0.020,0.304,0.248,0.890,0.435,1.139,0.034,0.216,0.058,0.488,0.441,0.160,0.175,1.349,1.397,0.101,0.149,0.070,0.073,1.016
8475753,Justin Faulk,DET,D,34.869,True,True,298.000,0.061,0.000,0.000,0.000,,21.181,76.238,51.090,84.000,1658.628,1074.723,2065.251,1352.113,104.189,136.775,65.551,17.735,1.367,1.794,0.860,7.996,3.103,13.448,3.897,25.980,14.147,37.388,9.746,33.976,19.305,34.545,47.753,12.251,7.754,25.677,12.787,13.192,1.086,5.248,125.236,78.550,164.150,6.655,75.080,115.325,35.398,0.000,0.000,26.077,79.359,1.119,-0.099,0.075,0.126,0.064,,78.000,40.000,17.242,1.789,1.369,0.781,0.246,0.606,0.069,0.910,0.354,1.370,0.098,1.890,0.363,1.617,0.112,1.634,4.339,8.782,1.630,7.761,0.187,0.666,0.099,0.961,2.716,4.172,1.280,0.000,0.000,0.943,2.871,0.616,0.198,0.029,0.132,0.027,0.116,0.035,0.249,0.002,0.255,0.029,0.178,0.032,0.139,0.205,0.764,0.278,0.873,0.012,0.101,0.019,0.163,0.237,0.187,0.135,0.002,0.002,0.081,0.164,0.058,0.047,1.031
8475794,Tyler Seguin,DAL,F,35.003,True,True,191.000,0.174,0.000,0.000,0.000,,15.543,67.324,33.005,81.005,1047.042,534.686,1395.885,872.856,106.439,20.103,47.644,12.965,1.581,0.299,0.708,15.068,6.132,23.652,6.928,19.344,7.781,30.260,8.696,34.412,15.652,34.782,52.173,14.388,16.451,21.552,11.918,7.426,2.772,2.721,108.010,52.688,152.318,15.688,46.490,18.241,15.609,315.946,262.513,13.031,49.281,1.134,0.110,0.118,0.141,0.091,,27.000,17.000,12.794,1.696,0.318,0.735,0.775,1.706,0.364,2.546,0.612,0.898,0.284,3.390,0.409,0.811,0.033,1.099,5.623,10.516,2.411,8.486,0.687,1.808,0.325,2.997,2.664,1.045,0.894,18.105,15.043,0.747,2.824,0.447,0.443,0.079,0.293,0.142,0.531,0.071,0.283,0.108,0.494,0.041,0.259,0.022,0.308,0.365,1.094,0.808,1.541,0.048,0.242,0.106,0.552,0.586,0.187,0.258,1.224,1.337,0.131,0.234,0.103,0.108,1.048
8471724,Kris Letang,PIT,D,39.776,True,True,294.000,0.067,0.000,0.000,0.000,,20.553,76.173,57.027,82.127,1752.865,1300.891,2136.392,1401.248,122.544,126.743,102.329,18.395,1.609,1.664,1.343,6.037,1.892,10.405,3.069,26.977,15.879,38.298,9.068,33.014,19.661,33.704,45.969,10.788,6.340,28.460,12.802,14.176,1.066,6.245,124.687,86.282,160.663,7.367,112.404,102.612,44.573,0.000,0.000,29.844,112.140,1.021,-0.054,0.075,0.150,0.064,,74.000,34.000,17.061,1.424,1.097,0.971,0.153,0.548,0.061,0.888,0.294,1.897,0.093,1.500,0.409,1.329,0.080,1.474,4.178,6.385,2.164,5.573,0.177,0.562,0.081,1.122,3.848,3.512,1.526,0.000,0.000,1.022,3.838,0.757,0.438,0.027,0.124,0.025,0.108,0.033,0.241,0.002,0.240,0.028,0.172,0.031,0.134,0.198,0.756,0.265,0.798,0.012,0.100,0.018,0.149,0.240,0.185,0.135,0.002,0.002,0.080,0.162,0.058,0.046,1.005
8475151,Kyle Palmieri,NYI,F,36.000,True,True,244.000,0.068,0.000,0.000,0.000,,17.402,65.150,48.148,71.148,1145.388,865.846,1407.511,819.613,186.232,93.814,45.729,12.581,2.858,1.440,0.702,15.526,8.645,22.792,5.942,19.403,10.705,28.292,7.387,34.928,20.897,34.829,48.760,11.806,16.944,22.178,10.600,8.802,4.712,5.993,134.374,94.870,175.237,18.336,50.958,29.458,19.064,15.486,21.203,15.120,47.780,0.981,0.199,0.100,0.175,0.081,,25.000,18.000,12.383,2.822,1.347,0.849,0.699,1.657,0.435,2.064,0.499,1.143,0.256,1.774,0.418,1.064,0.055,1.253,5.982,12.494,4.005,10.000,0.699,1.999,0.345,2.687,2.669,1.543,0.999,0.811,1.111,0.792,2.503,0.500,0.702,0.071,0.261,0.134,0.449,0.066,0.253,0.104,0.438,0.039,0.234,0.021,0.292,0.300,0.871,0.681,1.275,0.040,0.201,0.090,0.454,0.380,0.157,0.184,1.444,1.485,0.112,0.188,0.076,0.083,1.064
8483890,Braeden Bowman,VGK,F,23.603,True,True,54.000,0.122,0.000,0.000,0.000,,14.629,69.298,39.217,80.317,1007.333,583.110,1306.169,898.712,87.180,1.652,19.790,12.969,1.258,0.024,0.286,13.851,5.184,22.811,6.545,22.816,10.185,36.214,9.951,36.667,18.487,36.098,55.789,14.845,12.924,19.486,13.067,9.749,2.368,2.983,102.374,56.440,143.492,16.530,30.952,30.900,17.667,5.086,13.848,18.982,31.880,0.816,0.108,0.139,0.033,0.102,,54.000,26.000,13.065,1.279,0.020,0.265,0.666,1.521,0.383,2.183,0.658,0.589,0.241,1.342,0.424,1.164,0.033,0.849,5.606,10.685,3.594,8.403,0.849,2.015,0.413,2.672,1.844,1.841,1.052,0.303,0.825,1.131,1.899,0.518,0.431,0.098,0.384,0.176,0.732,0.084,0.352,0.127,0.659,0.047,0.321,0.025,0.375,0.472,1.498,1.188,2.160,0.061,0.328,0.146,0.782,0.832,0.237,0.349,1.244,1.438,0.152,0.287,0.136,0.136,1.121
8484158,Easton Cowan,TOR,F,21.703,True,True,66.000,0.158,0.000,0.000,0.000,,15.582,59.768,10.996,78.996,926.022,247.051,1333.833,787.571,110.792,1.272,26.387,13.177,1.854,0.021,0.442,12.901,3.026,22.194,7.388,19.383,4.108,32.860,10.625,32.284,7.137,33.646,53.018,16.743,12.308,18.021,11.268,8.115,2.755,4.380,93.665,23.788,143.676,11.277,67.404,29.157,31.913,2.925,5.639,12.994,69.418,1.031,0.157,0.128,0.165,0.097,1.060,66.000,29.000,13.575,1.562,0.016,0.428,0.651,1.423,0.431,2.542,0.595,1.147,0.256,1.238,0.372,1.058,0.035,1.602,5.846,6.995,3.676,8.933,0.558,1.563,0.423,2.403,4.367,1.889,2.068,0.190,0.365,0.842,4.498,0.936,1.034,0.096,0.367,0.179,0.694,0.083,0.338,0.129,0.621,0.047,0.309,0.025,0.367,0.434,1.356,1.201,1.976,0.057,0.298,0.148,0.711,0.708,0.209,0.304,1.157,1.321,0.140,0.259,0.120,0.121,0.989
8477444,Andre Burakovsky,OTT,F,31.978,True,True,251.000,0.090,1.000,1.000,1.000,dailyfaceoff:ir:dtd,15.796,72.925,50.411,80.411,1126.460,766.446,1415.428,964.172,127.494,1.510,33.284,13.221,1.748,0.021,0.456,12.147,5.808,19.360,5.436,23.020,12.055,34.157,8.802,35.167,19.833,34.708,50.575,12.690,11.899,21.835,13.245,9.775,2.179,5.858,96.095,61.494,127.992,11.803,22.442,28.175,15.871,4.080,6.154,23.145,48.932,0.962,0.081,0.091,0.204,0.075,,74.000,33.000,13.260,2.008,0.019,0.510,0.533,1.005,0.425,2.135,0.523,1.637,0.271,1.216,0.406,0.978,0.037,1.220,4.722,6.815,3.674,10.169,0.532,1.000,0.426,2.020,1.195,1.501,0.845,0.217,0.328,1.233,2.606,0.415,0.590,0.069,0.256,0.158,0.524,0.063,0.246,0.117,0.480,0.038,0.226,0.023,0.306,0.283,0.875,1.111,1.506,0.037,0.193,0.137,0.527,0.432,0.139,0.198,0.829,0.924,0.105,0.186,0.080,0.085,1.077
8479675,Trevor Moore,LAK,F,31.841,True,True,281.000,0.100,0.000,0.000,0.000,,16.296,68.951,38.659,78.759,1089.198,631.637,1398.637,900.795,48.361,104.485,35.557,13.064,0.701,1.515,0.516,15.162,6.420,23.538,6.586,18.868,9.259,28.805,8.067,34.030,17.794,34.541,50.242,13.102,13.434,17.473,10.542,8.327,0.745,1.411,137.705,77.597,183.584,15.276,58.882,32.467,12.843,8.874,20.904,21.252,44.724,0.948,0.232,0.088,0.032,0.073,,69.000,32.000,13.414,0.732,1.611,0.539,0.670,0.818,0.451,3.250,0.525,0.836,0.261,1.263,0.436,0.784,0.023,0.829,7.582,10.068,5.912,9.232,0.729,1.240,0.647,3.720,3.244,1.788,0.708,0.489,1.151,1.171,2.464,0.362,0.541,0.064,0.259,0.113,0.482,0.059,0.255,0.093,0.460,0.038,0.236,0.020,0.291,0.256,0.944,0.491,1.178,0.035,0.217,0.067,0.473,0.446,0.157,0.180,1.192,1.264,0.104,0.162,0.073,0.077,1.043
8482660,Kent Johnson,CBJ,F,24.290,True,True,265.000,0.111,0.000,0.000,0.000,,14.052,67.296,25.721,81.821,962.761,369.341,1302.245,803.733,131.928,4.981,22.119,11.943,1.960,0.074,0.329,13.715,4.303,22.593,6.940,20.235,6.652,32.153,9.667,33.950,12.047,35.047,52.571,15.159,12.541,18.022,11.970,8.265,2.809,4.780,102.866,38.354,145.550,11.378,12.895,28.791,16.836,5.717,14.555,13.621,47.647,1.076,-0.102,0.094,-0.009,0.077,,76.000,22.000,11.984,1.675,0.079,0.315,0.683,1.168,0.491,2.127,0.537,1.323,0.309,1.447,0.424,0.614,0.058,0.893,5.875,8.940,3.477,11.468,0.599,1.107,0.442,2.405,0.804,1.794,1.049,0.356,0.907,0.849,2.969,0.512,0.391,0.075,0.279,0.169,0.575,0.066,0.243,0.123,0.489,0.041,0.226,0.024,0.325,0.303,0.916,1.012,1.585,0.040,0.208,0.129,0.571,0.516,0.151,0.222,0.826,0.916,0.103,0.179,0.087,0.087,1.041
8482476,Emil Heineman,NYI,F,25.210,True,True,148.000,0.124,0.000,0.000,0.000,,16.607,69.213,33.483,81.583,1158.463,565.693,1519.678,961.713,109.946,39.304,47.500,13.895,1.589,0.568,0.686,19.026,8.447,29.563,8.502,15.301,5.660,25.468,7.760,34.327,15.037,35.087,52.130,14.736,17.820,16.123,8.063,7.238,2.912,2.071,134.008,64.611,185.172,16.533,217.200,42.498,20.180,6.808,13.896,11.158,47.886,1.084,-0.180,0.102,0.011,0.082,,82.000,31.000,13.677,1.568,0.531,0.831,0.791,1.489,0.410,2.713,0.400,0.623,0.247,0.998,0.333,0.568,0.034,1.548,6.392,10.762,4.923,10.877,0.731,1.207,0.451,2.923,11.249,2.201,1.045,0.353,0.720,0.578,2.480,0.522,0.566,0.081,0.316,0.162,0.563,0.070,0.294,0.119,0.504,0.043,0.270,0.024,0.321,0.328,1.102,0.894,1.490,0.044,0.245,0.116,0.542,0.513,0.166,0.222,1.102,1.200,0.116,0.200,0.089,0.093,1.064
8475764,Cam Fowler,STL,D,35.160,True,True,313.000,0.057,0.000,0.000,0.000,,20.294,69.008,27.887,79.887,1485.512,620.279,1929.921,1182.730,158.404,82.713,61.665,17.139,2.295,1.199,0.894,5.501,0.951,9.510,3.271,25.989,10.745,39.071,10.806,31.489,12.638,33.054,45.692,12.919,5.644,26.259,13.487,12.502,1.484,8.542,83.204,36.137,115.345,4.892,13.020,72.923,14.341,0.000,0.000,16.048,61.584,1.081,0.119,0.075,0.151,0.063,,82.000,29.000,16.996,1.459,1.107,0.732,0.167,0.577,0.059,0.733,0.360,1.847,0.093,1.484,0.366,1.422,0.109,1.469,2.954,6.944,1.133,4.947,0.139,0.548,0.075,0.582,0.526,2.945,0.579,0.000,0.000,0.648,2.487,0.298,0.134,0.028,0.130,0.026,0.114,0.034,0.247,0.002,0.245,0.029,0.176,0.032,0.137,0.200,0.770,0.267,0.808,0.012,0.102,0.018,0.151,0.244,0.185,0.136,0.002,0.002,0.079,0.161,0.059,0.046,0.979
8479400,Pierre-Luc Dubois,WSH,F,28.608,True,True,266.000,0.164,0.000,0.000,0.000,,16.568,57.342,15.069,74.069,903.338,321.289,1246.699,733.464,105.280,10.650,53.944,12.791,1.836,0.186,0.941,11.308,3.091,18.545,5.781,20.449,6.588,32.117,9.626,31.757,10.461,32.992,49.085,14.371,12.810,21.792,12.349,8.100,2.781,3.976,90.939,32.422,133.554,14.259,45.967,29.678,37.315,334.999,347.390,11.384,46.852,0.905,0.189,0.097,0.004,0.079,,29.000,19.000,13.300,2.046,0.165,1.056,0.631,1.796,0.418,2.084,0.737,1.280,0.269,2.071,0.467,1.134,0.037,1.035,5.212,10.688,3.333,8.767,0.720,1.804,0.409,2.476,3.053,1.971,2.478,22.251,23.074,0.756,3.112,1.166,1.270,0.076,0.275,0.163,0.487,0.067,0.258,0.119,0.435,0.041,0.237,0.023,0.292,0.309,0.921,1.051,1.327,0.041,0.204,0.132,0.465,0.459,0.149,0.209,0.939,1.030,0.110,0.193,0.084,0.089,0.988
8482142,Jamie Drysdale,PHI,D,24.819,True,True,190.000,0.155,0.000,0.000,0.000,,21.906,69.194,35.371,82.371,1504.416,769.487,1980.207,1288.184,146.310,9.784,60.138,18.617,2.115,0.141,0.869,7.979,2.238,13.426,4.466,26.511,12.121,40.403,11.059,34.490,15.500,35.133,51.666,14.057,7.330,26.944,11.489,15.022,1.624,7.317,91.891,45.432,129.230,5.688,20.128,89.899,22.264,0.000,0.000,17.073,60.711,1.113,0.121,0.084,0.143,0.070,,78.000,31.000,18.685,2.221,0.155,0.845,0.218,0.612,0.102,1.134,0.341,1.193,0.126,1.420,0.422,1.857,0.109,1.657,3.203,6.623,1.669,6.681,0.166,0.541,0.109,0.778,0.803,3.585,0.888,0.000,0.000,0.681,2.421,0.416,0.267,0.036,0.157,0.033,0.134,0.039,0.280,0.002,0.284,0.033,0.196,0.037,0.151,0.248,0.847,0.402,1.056,0.015,0.112,0.024,0.186,0.241,0.197,0.151,0.002,0.002,0.093,0.191,0.066,0.053,1.073
8476461,Sean Couturier,PHI,F,34.152,True,True,231.000,0.047,0.000,0.000,0.000,,16.049,76.203,50.476,83.576,1201.738,819.019,1500.635,943.622,69.098,144.891,44.127,12.383,0.907,1.901,0.579,12.053,5.422,19.520,5.624,22.409,11.477,33.283,8.729,34.462,19.121,34.868,49.490,12.720,11.144,19.717,12.359,10.050,0.858,1.663,113.789,76.295,149.578,14.272,70.261,38.188,30.604,585.340,485.772,26.224,63.491,0.838,0.240,0.089,-0.018,0.073,,78.000,36.000,12.643,0.857,2.012,0.538,0.520,0.689,0.206,2.269,0.487,0.643,0.192,2.731,0.430,0.628,0.037,1.726,5.504,9.626,3.997,8.825,0.652,1.023,0.332,2.760,3.508,1.907,1.528,29.225,24.253,1.309,3.170,0.715,0.586,0.062,0.249,0.114,0.456,0.058,0.242,0.093,0.443,0.037,0.226,0.020,0.285,0.251,0.888,0.504,1.091,0.035,0.210,0.068,0.454,0.447,0.161,0.178,1.320,1.379,0.104,0.158,0.072,0.076,1.073
8481624,Ilya Mikheyev,TBL,F,32.312,True,True,280.000,0.050,0.000,0.000,0.000,,16.724,76.626,64.466,81.566,1254.764,997.126,1520.748,1063.605,8.284,153.312,29.563,13.881,0.108,2.001,0.386,15.966,8.256,23.737,5.972,17.825,9.966,25.912,6.553,33.791,20.261,33.431,46.601,10.809,15.047,17.520,10.559,7.265,0.085,0.133,118.303,87.112,149.754,15.157,34.742,22.319,14.716,9.411,19.349,19.813,51.847,1.066,-0.060,0.086,-0.166,0.072,,76.000,35.000,13.921,0.092,2.328,0.382,0.699,0.581,0.419,3.052,0.481,0.493,0.303,2.040,0.371,0.457,0.019,0.908,5.771,5.942,4.710,6.378,0.680,0.884,0.475,3.585,1.661,1.067,0.704,0.450,0.925,0.947,2.479,0.354,0.569,0.061,0.319,0.102,0.537,0.057,0.323,0.088,0.520,0.037,0.296,0.020,0.311,0.241,1.344,0.440,1.252,0.034,0.307,0.059,0.542,0.450,0.165,0.171,1.326,1.397,0.106,0.156,0.070,0.075,1.062
8482705,Cole Sillinger,CBJ,F,23.715,True,True,288.000,0.102,0.000,0.000,0.000,,15.932,71.296,34.876,82.876,1135.612,552.652,1488.069,1001.557,31.958,57.203,44.893,14.048,0.448,0.802,0.630,11.117,4.161,18.727,5.687,21.992,8.760,33.944,9.612,33.108,13.988,33.356,50.573,13.825,10.617,20.228,12.873,9.118,0.614,0.687,124.051,57.917,167.761,14.232,94.449,41.967,32.373,201.632,242.243,22.665,48.600,0.742,-0.191,0.087,0.055,0.072,,81.000,33.000,14.096,0.383,0.851,0.603,0.468,1.101,0.285,2.612,0.555,0.587,0.260,2.684,0.427,0.600,0.023,1.235,6.406,10.730,3.901,10.276,0.646,1.753,0.405,2.839,4.990,2.217,1.710,10.653,12.799,1.198,2.568,0.773,0.482,0.071,0.318,0.133,0.544,0.062,0.299,0.104,0.485,0.040,0.274,0.022,0.306,0.273,1.201,0.589,1.304,0.037,0.266,0.080,0.510,0.478,0.151,0.192,0.920,1.023,0.101,0.163,0.077,0.080,1.041
8482737,Zachary Bolduc,MTL,F,23.937,True,True,175.000,0.084,0.000,0.000,0.000,,14.074,71.508,32.878,83.878,985.731,456.586,1305.470,868.308,101.496,1.254,14.674,12.143,1.419,0.018,0.205,15.062,5.437,23.921,7.102,17.619,6.438,27.897,8.249,32.681,14.034,32.386,49.658,13.920,14.196,16.812,9.649,7.970,3.581,3.223,105.819,47.591,146.923,13.729,130.779,36.968,26.933,13.296,15.044,17.154,60.380,1.044,-0.045,0.102,-0.186,0.082,,78.000,30.000,12.231,1.589,0.017,0.238,0.708,1.995,0.417,2.291,0.492,1.032,0.236,1.368,0.421,0.785,0.034,0.748,5.654,12.985,3.564,8.015,0.681,1.958,0.406,2.281,7.960,2.250,1.639,0.809,0.916,1.044,3.675,0.781,1.020,0.080,0.315,0.176,0.663,0.069,0.278,0.127,0.579,0.042,0.257,0.024,0.355,0.330,1.083,1.181,1.895,0.044,0.243,0.146,0.683,0.574,0.167,0.246,0.878,0.989,0.113,0.200,0.096,0.097,1.031
8477932,Aaron Ekblad,FLA,D,30.984,True,True,250.000,0.086,0.000,0.000,0.000,,22.221,73.625,46.259,82.259,1616.199,994.922,2028.758,1264.272,123.840,152.687,75.400,17.172,1.682,2.074,1.024,6.464,2.022,11.124,3.594,29.628,15.274,42.549,11.212,36.093,19.257,36.577,51.638,13.394,6.404,27.015,14.387,15.242,1.495,6.927,115.757,70.606,154.357,7.225,91.008,91.384,57.475,0.000,0.513,20.870,76.222,0.968,0.220,0.084,0.199,0.070,,72.000,26.000,16.589,1.990,2.551,1.090,0.179,0.718,0.058,0.793,0.371,1.580,0.087,1.455,0.394,1.481,0.107,1.809,4.136,8.930,1.388,5.286,0.183,1.019,0.088,0.824,3.379,3.393,2.134,0.000,0.019,0.775,2.830,1.032,0.529,0.033,0.145,0.027,0.123,0.037,0.262,0.002,0.259,0.031,0.186,0.032,0.144,0.233,0.809,0.252,0.821,0.014,0.106,0.017,0.162,0.277,0.212,0.151,0.002,0.002,0.085,0.174,0.064,0.052,1.139
8480459,Pius Suter,STL,F,30.691,True,True,291.000,0.097,0.000,0.000,0.000,,15.735,72.353,42.570,82.570,1159.300,688.722,1485.459,896.316,82.552,138.001,42.431,12.388,1.141,1.907,0.586,14.776,6.834,22.453,6.314,16.249,7.500,25.633,7.420,31.025,16.257,30.783,46.175,12.241,15.013,17.045,9.010,7.238,1.320,2.360,102.771,57.537,139.123,15.355,48.620,31.037,18.544,280.377,327.154,17.542,37.045,1.050,0.087,0.091,-0.042,0.075,,64.000,29.000,12.492,1.102,1.658,0.483,0.721,0.975,0.347,2.982,0.394,0.798,0.238,2.709,0.376,1.001,0.044,0.712,5.357,6.460,2.973,9.922,0.720,1.182,0.269,3.332,2.516,1.606,0.960,14.511,16.932,0.908,1.917,0.479,0.450,0.066,0.275,0.114,0.488,0.060,0.258,0.092,0.461,0.038,0.241,0.021,0.298,0.266,0.970,0.479,1.217,0.036,0.227,0.065,0.486,0.467,0.162,0.191,1.264,1.325,0.105,0.165,0.076,0.080,0.979
8483450,Ryan Greene,CHI,F,23.283,True,True,82.000,0.111,0.000,0.000,0.000,,17.389,71.914,38.799,83.799,1259.340,662.883,1654.581,984.234,84.483,147.324,43.299,13.686,1.175,2.049,0.602,12.559,4.735,20.832,6.487,19.498,7.651,31.560,9.096,32.057,13.337,32.390,49.538,14.126,13.287,20.739,12.020,7.478,1.308,2.155,102.331,50.562,145.619,15.127,46.942,36.638,13.850,312.170,419.392,20.194,48.927,0.855,0.225,0.116,0.382,0.091,,80.000,28.000,13.910,1.261,1.691,0.528,0.565,0.983,0.369,2.406,0.584,0.842,0.221,2.042,0.368,0.786,0.031,1.008,4.782,6.870,2.123,12.478,0.637,1.221,0.255,3.231,2.236,1.746,0.660,14.873,19.982,0.962,2.331,0.332,0.625,0.088,0.354,0.146,0.645,0.077,0.332,0.112,0.597,0.045,0.305,0.023,0.356,0.373,1.286,0.672,1.681,0.050,0.293,0.089,0.645,0.580,0.203,0.239,1.681,1.763,0.131,0.216,0.096,0.101,1.013
8482671,Owen Power,BUF,D,24.194,True,True,315.000,0.077,0.000,0.000,0.000,,22.256,72.233,46.141,80.141,1621.779,1074.666,2017.939,1344.353,67.640,136.617,73.169,18.611,0.936,1.891,1.013,7.324,3.085,12.341,3.727,25.412,14.503,36.258,9.327,32.736,18.617,33.096,46.541,11.649,6.952,23.710,10.935,14.477,0.473,2.642,112.509,69.815,147.388,6.374,28.558,92.160,16.941,0.000,0.000,19.649,73.942,1.053,-0.013,0.074,0.083,0.063,,81.000,29.000,18.491,1.003,1.702,1.060,0.241,0.398,0.051,0.813,0.320,1.043,0.087,1.356,0.464,1.144,0.123,1.266,4.220,7.615,1.249,5.359,0.212,0.489,0.056,0.773,1.057,3.410,0.627,0.000,0.000,0.727,2.736,0.333,0.219,0.031,0.156,0.030,0.131,0.036,0.274,0.002,0.254,0.031,0.192,0.034,0.146,0.207,0.907,0.279,0.778,0.012,0.119,0.019,0.152,0.260,0.193,0.138,0.002,0.002,0.079,0.159,0.059,0.046,1.039
8483489,Fraser Minten,BOS,F,22.576,True,True,107.000,0.138,0.000,0.000,0.000,,16.202,69.887,36.936,81.936,1136.695,599.446,1495.735,918.838,75.131,107.940,34.785,13.147,1.075,1.544,0.498,15.039,6.019,24.075,7.076,16.706,6.719,26.876,8.220,31.745,14.698,31.356,48.994,13.862,14.742,17.116,9.921,6.785,1.500,2.122,104.596,53.031,147.308,14.159,128.776,43.313,17.675,360.138,373.442,21.037,37.370,1.055,-0.010,0.112,-0.111,0.088,,82.000,34.000,13.233,0.983,1.544,0.442,0.713,1.174,0.272,3.221,0.471,1.303,0.318,1.284,0.382,0.433,0.028,0.876,5.303,9.748,3.756,7.614,0.647,1.620,0.291,2.936,6.797,2.286,0.933,19.010,19.712,1.110,1.973,0.464,0.530,0.084,0.358,0.146,0.647,0.074,0.329,0.111,0.592,0.045,0.303,0.023,0.356,0.354,1.320,0.669,1.672,0.048,0.302,0.089,0.650,0.602,0.199,0.243,1.544,1.628,0.125,0.204,0.097,0.099,1.014
8482475,Egor Chinakhov,PIT,F,25.999,True,True,185.000,0.151,0.000,0.000,0.000,,13.831,55.319,0.000,82.934,794.879,16.615,1285.973,690.122,72.334,1.768,30.654,12.475,1.308,0.032,0.554,15.795,0.000,28.220,10.366,15.643,0.000,29.404,10.628,31.438,1.130,35.026,55.363,19.975,13.848,13.955,8.789,6.854,1.651,2.301,105.255,3.018,176.031,11.523,47.697,23.915,9.376,2.163,6.147,10.632,28.960,1.243,-0.094,0.105,0.043,0.084,,72.000,41.000,12.156,1.226,0.021,0.428,0.976,1.201,0.395,2.284,0.536,0.958,0.217,1.017,0.388,0.745,0.031,1.473,7.781,9.382,3.387,8.511,0.756,1.179,0.364,2.720,3.600,1.805,0.708,0.163,0.464,0.802,2.186,0.344,0.713,0.080,0.310,0.170,0.582,0.069,0.273,0.123,0.496,0.042,0.252,0.024,0.321,0.335,1.095,1.103,1.592,0.044,0.245,0.138,0.580,0.610,0.175,0.257,0.851,0.981,0.117,0.206,0.100,0.101,1.005
8476432,Boone Jenner,WSH,F,33.632,True,True,219.000,0.110,0.000,0.000,0.000,,15.560,67.895,31.509,80.509,1024.695,505.287,1351.807,841.466,48.299,102.534,32.396,12.394,0.711,1.510,0.477,13.068,5.073,20.290,6.185,17.797,6.899,27.595,8.073,30.865,12.969,31.923,45.889,12.884,12.471,17.169,11.037,6.759,1.173,1.002,117.407,55.022,160.239,16.405,115.463,55.052,31.814,312.852,271.411,13.967,45.313,0.840,0.165,0.098,0.139,0.080,,67.000,38.000,12.887,0.793,1.344,0.536,0.700,1.390,0.266,2.001,0.637,0.460,0.277,1.613,0.368,0.742,0.025,1.345,6.965,10.355,4.215,7.766,0.900,1.810,0.291,3.382,6.761,3.224,1.863,18.319,15.892,0.818,2.653,0.834,0.796,0.068,0.257,0.123,0.472,0.062,0.250,0.098,0.446,0.039,0.231,0.021,0.286,0.286,0.944,0.581,1.185,0.039,0.216,0.078,0.469,0.509,0.172,0.206,1.264,1.345,0.113,0.180,0.083,0.087,0.988
8480188,Fabian Zetterlund,OTT,F,27.439,True,True,315.000,0.069,0.000,0.000,0.000,,13.392,76.140,53.513,83.513,1003.180,687.295,1253.340,897.240,79.949,5.023,20.968,11.784,1.050,0.066,0.275,16.059,8.211,23.461,6.397,17.532,8.862,26.585,7.352,33.591,19.346,34.140,47.796,12.016,13.476,15.616,11.104,6.428,2.798,2.605,120.429,78.352,157.695,14.551,111.106,39.293,15.823,12.828,15.760,17.190,38.260,0.962,0.090,0.085,0.128,0.071,,82.000,33.000,11.818,1.206,0.060,0.308,0.697,1.762,0.389,1.938,0.555,0.998,0.200,0.705,0.306,0.743,0.030,0.464,6.856,10.585,3.293,10.101,0.762,1.638,0.376,2.706,6.645,2.350,0.946,0.767,0.943,1.028,2.288,0.437,0.797,0.067,0.263,0.162,0.496,0.058,0.227,0.118,0.412,0.038,0.212,0.023,0.285,0.265,0.891,0.963,1.317,0.035,0.201,0.123,0.483,0.491,0.142,0.207,0.688,0.787,0.096,0.165,0.081,0.082,1.077
8481721,Arseny Gritsyuk,NJD,F,25.884,True,True,66.000,0.118,0.000,0.000,0.000,,15.453,62.456,16.651,77.651,895.848,302.869,1226.425,806.095,58.422,1.363,29.968,12.907,0.935,0.022,0.480,13.163,3.050,22.368,6.888,18.201,5.100,29.581,9.145,31.364,9.168,32.597,48.895,14.750,11.844,16.380,11.571,6.630,1.429,2.222,127.254,41.325,181.830,11.024,53.312,17.418,23.429,4.216,9.376,19.268,41.464,1.034,0.238,0.125,-0.147,0.096,1.060,66.000,31.000,13.866,1.030,0.020,0.537,0.697,1.320,0.390,2.386,0.640,1.237,0.240,1.217,0.357,0.817,0.030,0.754,8.440,9.867,3.477,8.360,0.599,1.193,0.405,3.618,3.571,1.167,1.569,0.282,0.628,1.290,2.777,0.774,0.594,0.091,0.368,0.172,0.649,0.078,0.344,0.124,0.578,0.045,0.312,0.024,0.344,0.410,1.454,1.167,1.809,0.054,0.314,0.144,0.657,0.720,0.212,0.304,1.042,1.244,0.142,0.262,0.120,0.123,1.010
8483808,Andrei Kuzmenko,PIT,F,30.992,True,True,271.000,0.074,1.000,1.000,1.000,dailyfaceoff:ir:dtd,14.658,57.400,0.000,76.372,877.041,56.896,1264.810,680.462,161.050,1.059,34.469,11.855,2.806,0.018,0.601,13.719,0.000,23.029,7.868,17.483,0.938,30.017,10.166,31.202,0.931,33.499,51.180,16.990,13.970,17.430,9.017,8.466,4.974,5.520,78.769,3.712,120.647,12.180,16.866,15.775,13.844,1.368,1.441,14.285,48.163,1.171,0.240,0.098,-0.010,0.080,,52.000,24.000,11.551,2.631,0.012,0.464,0.666,1.887,0.468,2.335,0.496,0.979,0.261,1.269,0.415,1.071,0.040,1.488,4.410,8.692,3.720,9.331,0.583,1.520,0.421,2.578,1.154,1.079,0.947,0.094,0.099,0.977,3.295,0.462,0.951,0.073,0.252,0.160,0.521,0.066,0.231,0.118,0.465,0.039,0.214,0.023,0.311,0.308,0.820,1.123,1.554,0.040,0.186,0.138,0.537,0.478,0.148,0.222,0.954,1.019,0.108,0.194,0.087,0.090,1.005
8478396,Noah Hanifin,VGK,D,30.018,True,True,312.000,0.074,0.000,0.000,0.000,,22.279,72.880,53.270,79.270,1589.004,1151.784,1945.763,1359.283,75.789,101.318,52.614,18.651,1.040,1.390,0.722,7.276,3.225,11.824,3.691,27.519,15.958,39.362,9.323,34.795,21.323,35.183,49.042,11.334,6.275,24.251,13.190,14.330,1.046,4.771,127.051,87.227,163.374,6.454,41.659,103.686,16.873,0.000,0.000,31.481,100.193,1.029,0.226,0.074,0.012,0.063,,71.000,28.000,19.209,0.825,1.490,0.755,0.198,0.715,0.059,0.891,0.358,1.847,0.090,1.174,0.419,1.482,0.096,1.256,4.747,9.771,1.296,5.674,0.195,0.840,0.085,0.938,1.573,3.915,0.637,0.000,0.000,1.189,3.783,0.334,0.147,0.030,0.149,0.028,0.125,0.035,0.270,0.002,0.260,0.030,0.187,0.034,0.144,0.199,0.894,0.271,0.842,0.012,0.118,0.018,0.162,0.248,0.192,0.130,0.002,0.002,0.081,0.159,0.057,0.044,1.121
8480817,K'Andre Miller,CAR,D,27.031,True,True,305.000,0.085,0.000,0.000,0.000,,22.430,72.738,43.645,81.645,1665.330,1010.971,2090.137,1397.813,69.685,142.510,55.322,19.217,0.958,1.959,0.761,7.812,3.057,13.246,3.985,25.548,13.587,37.626,9.607,33.360,17.661,34.284,48.828,12.217,7.391,24.146,12.131,13.417,0.626,2.787,113.137,67.604,151.961,6.221,112.917,95.524,42.433,0.000,0.465,41.208,89.442,1.098,0.032,0.075,-0.015,0.064,,72.000,37.000,18.894,0.917,1.838,0.782,0.249,0.510,0.095,0.827,0.364,1.081,0.088,1.651,0.401,1.187,0.133,1.779,4.184,7.298,1.671,3.482,0.198,0.523,0.108,0.815,4.068,3.442,1.529,0.000,0.017,1.485,3.223,0.749,0.360,0.031,0.169,0.029,0.129,0.036,0.314,0.002,0.269,0.031,0.205,0.034,0.149,0.206,1.101,0.263,0.860,0.012,0.139,0.018,0.167,0.262,0.200,0.137,0.002,0.002,0.082,0.163,0.059,0.046,1.078
8478038,Devon Toews,COL,D,32.945,True,True,306.000,0.077,0.000,0.000,0.000,,21.964,70.209,50.229,77.229,1590.506,1121.040,1955.938,1289.575,79.548,152.263,69.120,18.368,1.133,2.169,0.985,6.785,2.946,10.801,3.417,26.303,14.932,37.827,9.483,33.088,19.853,33.749,46.654,11.510,6.293,24.427,11.687,14.615,0.665,2.718,114.023,76.921,148.348,6.874,39.227,88.179,25.718,0.000,0.000,28.200,69.289,1.021,0.279,0.075,0.010,0.064,,68.000,24.000,17.613,1.245,2.219,0.886,0.216,0.466,0.044,0.801,0.367,0.731,0.082,1.545,0.467,1.173,0.089,1.516,4.446,6.552,1.591,4.986,0.236,0.427,0.067,0.926,1.480,3.326,0.970,0.000,0.000,1.064,2.614,0.473,0.351,0.029,0.144,0.026,0.118,0.034,0.267,0.002,0.249,0.030,0.185,0.032,0.140,0.201,0.879,0.237,0.770,0.012,0.115,0.017,0.154,0.256,0.196,0.135,0.002,0.002,0.079,0.158,0.058,0.046,1.070
8481617,Vasily Podkolzin,EDM,F,25.607,True,True,222.000,0.099,0.000,0.000,0.000,,15.477,72.673,40.440,83.440,1129.924,638.678,1460.439,1013.887,36.300,50.785,28.952,13.951,0.499,0.699,0.398,14.619,6.202,22.742,6.479,18.010,7.346,28.335,7.928,32.629,16.677,33.355,47.948,12.874,14.102,17.216,9.861,8.149,0.742,1.154,118.663,64.642,161.355,14.880,208.711,45.448,38.294,18.241,41.087,17.830,50.025,0.960,0.003,0.092,-0.094,0.075,,82.000,37.000,14.120,0.416,0.628,0.313,0.703,1.184,0.260,2.677,0.475,0.956,0.197,1.353,0.407,0.868,0.025,0.752,6.190,13.956,2.922,6.519,0.708,1.587,0.282,3.547,11.083,2.413,2.034,0.969,2.182,0.947,2.656,0.732,0.729,0.073,0.381,0.149,0.647,0.064,0.360,0.112,0.583,0.041,0.326,0.023,0.343,0.287,1.590,0.751,1.724,0.039,0.345,0.100,0.651,0.524,0.163,0.213,0.933,1.058,0.110,0.183,0.085,0.088,1.058
8476869,Brady Skjei,NSH,D,32.854,True,True,325.000,0.046,0.000,0.000,0.000,,21.958,77.213,63.770,82.770,1783.664,1416.136,2173.574,1406.237,90.571,201.532,85.325,18.212,1.173,2.610,1.105,7.057,3.028,11.104,3.508,24.036,13.642,34.105,8.620,31.093,18.661,31.429,44.197,10.678,6.993,24.364,11.335,12.701,0.892,4.153,130.076,95.252,167.684,7.231,62.507,84.097,40.287,0.000,0.000,29.006,100.431,1.058,-0.015,0.074,0.169,0.063,,82.000,25.000,17.310,1.067,2.541,1.040,0.201,0.586,0.095,0.758,0.322,1.334,0.074,1.181,0.354,1.454,0.095,1.452,4.544,7.518,1.628,4.753,0.198,0.649,0.102,0.892,2.103,2.829,1.355,0.000,0.000,0.976,3.378,0.665,0.320,0.028,0.145,0.025,0.117,0.034,0.268,0.002,0.243,0.029,0.185,0.031,0.139,0.195,0.901,0.227,0.714,0.011,0.117,0.016,0.148,0.262,0.196,0.135,0.002,0.002,0.077,0.154,0.057,0.045,1.009
8478020,Michael Amadio,OTT,F,30.721,True,True,293.000,0.082,0.000,0.000,0.000,,15.640,75.906,52.410,83.410,1185.074,805.865,1488.807,1052.219,8.606,83.919,40.330,13.862,0.113,1.106,0.531,14.348,7.454,22.364,6.056,18.851,9.419,28.259,7.628,33.198,18.980,33.742,47.450,12.068,13.340,17.799,11.879,6.972,0.189,0.167,93.222,58.571,124.091,13.441,95.047,45.011,18.896,34.000,36.171,27.808,51.774,1.036,-0.124,0.086,-0.122,0.072,,81.000,35.000,13.902,0.130,1.014,0.594,0.642,1.226,0.237,2.350,0.495,0.536,0.300,3.042,0.340,0.561,0.022,0.771,4.868,9.275,2.694,4.088,0.637,1.352,0.316,2.436,4.812,2.279,0.957,1.721,1.831,1.408,2.621,0.479,0.835,0.064,0.324,0.132,0.524,0.058,0.320,0.104,0.486,0.038,0.291,0.022,0.297,0.254,1.370,0.660,1.301,0.035,0.300,0.088,0.516,0.493,0.159,0.196,0.989,1.096,0.106,0.170,0.079,0.083,1.077
8476875,Mike Matheson,MTL,D,32.928,True,True,288.000,0.060,0.000,0.000,0.000,,23.587,76.114,61.305,81.305,1783.683,1404.336,2151.791,1403.067,34.932,271.087,74.597,18.434,0.459,3.562,0.980,6.137,2.128,10.640,3.277,25.632,16.179,36.672,8.577,31.769,20.439,31.196,45.181,10.314,5.629,23.078,12.295,13.337,0.277,1.862,113.865,81.499,146.505,6.572,54.910,140.486,37.833,0.000,0.000,28.274,105.125,1.022,-0.101,0.074,0.197,0.063,,78.000,37.000,18.334,0.463,3.581,1.209,0.175,0.436,0.053,0.837,0.349,1.547,0.058,1.399,0.390,1.333,0.109,1.312,4.073,7.420,1.620,5.620,0.181,0.441,0.077,1.391,1.847,4.726,1.273,0.000,0.000,0.951,3.536,0.615,0.491,0.027,0.135,0.021,0.115,0.033,0.237,0.002,0.227,0.029,0.171,0.031,0.137,0.191,0.821,0.202,0.552,0.011,0.109,0.014,0.135,0.269,0.203,0.129,0.002,0.002,0.076,0.146,0.055,0.043,1.031
8480849,Barrett Hayton,UTA,F,26.648,True,True,264.000,0.105,0.000,0.000,0.000,,15.388,68.227,36.784,79.784,1030.297,570.561,1342.716,858.344,122.711,16.403,32.839,12.581,1.799,0.240,0.481,13.189,5.789,21.226,6.080,18.066,7.746,29.048,8.392,31.255,14.502,31.905,47.374,13.073,13.187,17.707,9.956,8.110,3.426,3.319,118.442,64.090,160.703,19.139,33.935,29.009,35.410,416.510,373.377,13.618,40.654,0.711,0.350,0.093,-0.123,0.076,,67.000,25.000,12.683,1.949,0.257,0.499,0.577,1.675,0.322,2.584,0.462,0.989,0.238,1.940,0.398,0.602,0.035,1.862,6.355,10.879,2.627,8.328,0.940,1.988,0.354,2.799,1.976,1.689,2.062,24.256,21.744,0.793,2.368,0.972,1.045,0.075,0.275,0.151,0.526,0.066,0.249,0.112,0.460,0.040,0.230,0.023,0.308,0.297,0.899,0.753,1.428,0.039,0.202,0.100,0.508,0.462,0.145,0.205,0.913,0.993,0.103,0.179,0.081,0.084,1.016
8482074,Connor Zary,CGY,F,25.352,True,True,191.000,0.122,0.000,0.000,0.000,,14.824,63.018,12.997,80.997,976.886,228.928,1378.078,826.516,118.477,1.823,30.070,13.116,1.880,0.029,0.477,14.499,2.128,24.471,7.789,18.068,3.181,30.753,9.806,32.566,7.434,33.984,52.038,16.256,13.135,16.507,9.020,9.048,2.172,4.813,105.279,23.279,155.193,14.184,36.533,21.090,19.928,74.114,101.616,12.597,44.549,0.926,0.069,0.098,-0.022,0.080,,74.000,24.000,12.749,1.663,0.020,0.392,0.714,0.997,0.414,2.640,0.406,0.901,0.249,1.713,0.372,1.326,0.035,1.055,5.922,9.351,3.617,10.240,0.720,1.390,0.415,3.006,2.244,1.295,1.224,4.552,6.241,0.774,2.736,0.608,0.809,0.078,0.290,0.173,0.612,0.068,0.262,0.125,0.535,0.041,0.241,0.024,0.336,0.317,0.979,1.168,1.712,0.042,0.218,0.144,0.613,0.525,0.157,0.228,0.847,0.955,0.110,0.194,0.090,0.092,1.073
8484860,Matvei Gridin,CGY,F,20.923,True,True,37.000,0.248,0.000,0.000,0.000,,16.078,50.709,2.698,75.698,853.474,161.495,1316.614,715.825,108.441,3.422,25.785,14.116,2.139,0.068,0.508,12.234,1.801,22.509,7.630,20.307,2.927,36.101,12.125,32.541,5.581,33.108,55.810,18.563,11.948,18.537,12.167,8.141,2.242,5.837,104.863,19.549,168.831,11.537,21.370,37.304,6.327,6.606,23.963,11.897,57.495,0.981,-0.066,0.156,0.052,0.110,1.065,37.000,19.000,13.722,1.892,0.048,0.417,0.731,1.212,0.443,2.367,0.590,1.684,0.268,2.334,0.382,1.264,0.037,1.375,6.784,10.484,3.706,11.095,0.724,0.951,0.427,2.693,1.502,2.623,0.445,0.464,1.685,0.836,4.042,0.228,0.600,0.107,0.400,0.180,0.744,0.092,0.371,0.130,0.675,0.049,0.338,0.025,0.385,0.553,1.540,1.198,2.188,0.071,0.337,0.148,0.785,0.872,0.257,0.378,1.622,1.806,0.164,0.326,0.148,0.148,1.073
8477456,J.T. Compher,DET,F,31.819,True,True,317.000,0.063,0.000,0.000,0.000,,15.407,76.278,52.562,83.562,1197.796,828.308,1487.939,958.252,61.829,124.399,53.316,12.563,0.811,1.631,0.699,11.811,5.390,19.404,5.401,19.314,9.545,29.694,7.579,31.125,17.073,30.945,45.884,11.408,11.075,18.393,12.225,7.089,1.295,1.536,83.374,54.273,111.561,12.321,27.638,51.202,21.295,455.821,489.690,13.133,44.159,0.934,-0.149,0.085,0.119,0.071,,82.000,27.000,12.594,0.722,1.456,0.635,0.520,1.178,0.216,1.243,0.568,0.768,0.135,1.684,0.341,0.651,0.022,0.665,4.112,8.137,2.994,3.508,0.559,1.273,0.242,1.773,1.384,2.565,1.067,22.833,24.529,0.658,2.212,0.497,0.736,0.061,0.237,0.108,0.430,0.056,0.224,0.089,0.403,0.037,0.209,0.020,0.268,0.244,0.840,0.456,1.025,0.034,0.196,0.062,0.418,0.444,0.149,0.179,1.083,1.149,0.098,0.151,0.071,0.074,1.031
8480185,Eetu Luostarinen,FLA,F,28.416,True,True,317.000,0.074,0.000,0.000,0.000,,16.373,76.825,56.302,83.302,1276.798,926.379,1573.431,1052.900,59.432,131.449,33.017,13.705,0.774,1.711,0.430,13.168,6.542,20.716,5.712,21.183,10.979,31.838,8.171,34.351,19.709,33.944,49.273,12.120,12.341,19.566,12.198,8.986,1.169,1.116,104.050,68.379,136.960,14.938,132.279,56.132,30.709,99.124,119.067,23.705,51.605,0.842,-0.078,0.087,-0.166,0.072,,73.000,33.000,13.052,0.968,1.833,0.520,0.551,1.106,0.217,2.002,0.496,0.437,0.290,2.729,0.399,0.604,0.024,1.187,4.804,11.019,2.692,5.341,0.647,1.671,0.269,2.448,6.216,2.638,1.443,4.658,5.595,1.114,2.425,0.676,0.945,0.066,0.303,0.111,0.519,0.060,0.284,0.090,0.485,0.039,0.264,0.021,0.308,0.258,1.084,0.445,1.253,0.035,0.252,0.060,0.506,0.441,0.156,0.178,1.238,1.299,0.102,0.157,0.072,0.076,1.139
8475218,Mattias Ekholm,EDM,D,36.693,True,True,304.000,0.059,0.000,0.000,0.000,,19.658,74.748,25.829,84.000,1553.509,472.474,2059.127,1312.616,40.115,118.118,82.661,17.561,0.537,1.580,1.106,6.729,1.203,12.034,4.052,25.116,6.028,38.582,11.665,31.845,8.316,33.745,48.208,14.469,5.955,22.264,12.252,12.864,0.446,1.423,123.313,35.213,170.728,7.134,67.351,102.463,31.744,0.000,0.000,25.238,92.806,1.042,0.791,0.076,-0.049,0.064,,82.000,40.000,16.707,0.469,1.555,0.927,0.209,0.590,0.053,0.644,0.402,0.867,0.070,0.983,0.399,1.020,0.076,1.342,4.957,5.981,1.749,5.384,0.257,0.592,0.075,0.704,2.601,3.957,1.226,0.000,0.000,0.975,3.584,0.603,0.356,0.026,0.142,0.025,0.110,0.033,0.281,0.002,0.231,0.028,0.185,0.031,0.134,0.192,1.026,0.241,0.698,0.011,0.129,0.017,0.138,0.284,0.202,0.146,0.002,0.002,0.079,0.162,0.062,0.047,1.058
8473986,Alex Killorn,ANA,F,37.383,True,True,309.000,0.049,0.000,0.000,0.000,,15.798,69.699,19.941,83.041,1148.979,329.970,1539.934,857.985,115.290,138.951,36.752,12.310,1.654,1.994,0.527,13.761,3.278,21.855,7.158,16.894,4.113,27.766,8.712,30.655,8.345,31.689,47.534,14.560,12.750,16.545,9.480,7.415,2.146,2.664,107.190,29.233,151.205,13.363,58.198,23.736,28.381,25.588,45.090,16.210,56.508,1.033,0.075,0.086,-0.125,0.071,,82.000,33.000,11.943,1.390,2.033,0.431,0.606,1.035,0.264,2.435,0.456,0.566,0.261,1.746,0.335,0.792,0.031,1.429,5.684,6.226,3.953,7.814,0.616,1.092,0.347,2.695,3.039,1.240,1.482,1.336,2.355,0.847,2.951,0.733,0.620,0.059,0.227,0.103,0.432,0.056,0.218,0.086,0.426,0.036,0.205,0.019,0.281,0.241,0.768,0.433,1.089,0.033,0.184,0.058,0.441,0.398,0.149,0.164,1.291,1.336,0.097,0.148,0.066,0.070,1.019
8482088,Justin Sourdif,WSH,F,24.860,True,True,82.000,0.113,0.000,0.000,0.000,,15.121,66.574,28.970,79.970,963.672,445.962,1285.861,867.139,59.207,12.337,24.989,13.025,0.889,0.185,0.375,12.922,4.907,20.609,6.360,16.644,6.888,26.569,7.952,29.566,12.777,29.486,45.311,12.980,12.658,16.384,9.689,6.955,1.704,1.001,90.781,40.274,128.494,12.690,81.811,32.776,28.671,258.981,303.052,16.839,45.763,1.002,0.036,0.118,-0.179,0.092,,78.000,35.000,13.544,0.991,0.165,0.421,0.666,1.692,0.369,3.091,0.548,0.531,0.235,2.507,0.419,0.467,0.031,0.769,5.265,9.267,2.973,11.857,0.650,1.825,0.370,3.410,5.094,2.041,1.785,16.125,18.869,1.048,2.849,0.812,1.262,0.088,0.364,0.171,0.662,0.076,0.337,0.124,0.590,0.044,0.307,0.024,0.350,0.388,1.415,1.077,1.846,0.051,0.309,0.136,0.675,0.683,0.202,0.286,1.057,1.225,0.134,0.241,0.113,0.115,0.988
8475768,Jaden Schwartz,COL,F,34.604,True,True,264.000,0.127,0.000,0.000,0.000,,15.611,69.761,36.277,81.277,1048.481,553.365,1369.002,863.265,96.044,44.029,45.143,12.375,1.377,0.631,0.647,14.472,6.031,23.118,6.517,17.330,7.694,26.928,7.943,31.802,14.715,32.373,47.088,12.989,13.839,17.110,9.813,7.516,2.844,2.095,111.349,59.423,151.676,16.172,38.419,35.795,16.856,46.823,40.326,27.526,50.533,0.913,0.070,0.092,0.138,0.076,,50.000,26.000,12.754,1.549,0.637,0.671,0.611,1.699,0.344,2.767,0.493,0.829,0.233,1.456,0.398,0.463,0.032,1.233,6.086,9.273,3.247,8.726,0.672,2.314,0.398,3.326,2.199,2.048,0.965,2.679,2.308,1.575,2.892,0.483,0.407,0.067,0.247,0.145,0.445,0.061,0.238,0.110,0.414,0.038,0.220,0.022,0.276,0.277,0.862,0.850,1.204,0.037,0.194,0.110,0.440,0.453,0.150,0.197,1.036,1.116,0.106,0.179,0.079,0.084,1.070
8483512,Matt Savoie,EDM,F,23.086,True,True,87.000,0.110,5.000,5.000,5.000,dailyfaceoff:ir:out,15.409,65.038,27.554,77.554,1019.223,433.833,1356.126,818.379,63.200,116.180,21.464,12.583,0.972,1.786,0.330,15.050,4.543,23.849,7.531,16.376,5.399,26.994,8.430,31.426,12.164,32.069,49.762,14.431,13.397,15.037,9.133,7.243,2.452,1.391,113.395,46.592,158.612,16.269,17.777,31.552,12.643,33.819,47.244,23.657,42.310,0.929,0.006,0.119,0.173,0.092,,82.000,35.000,12.735,0.809,1.605,0.259,0.658,2.072,0.491,3.612,0.519,0.426,0.183,1.394,0.400,0.787,0.027,0.890,6.806,9.958,3.364,9.958,0.894,2.152,0.335,3.243,1.046,1.857,0.744,1.991,2.781,1.393,2.491,0.370,0.515,0.086,0.375,0.144,0.699,0.076,0.340,0.110,0.640,0.045,0.315,0.023,0.370,0.375,1.437,0.663,1.892,0.051,0.329,0.088,0.732,0.673,0.216,0.269,1.673,1.760,0.132,0.217,0.106,0.107,1.058
8483500,Noah Ostlund,BUF,F,22.894,True,True,68.000,0.126,0.000,0.000,0.000,,14.655,59.443,8.579,78.679,893.358,191.457,1279.188,776.735,82.328,4.624,29.672,13.067,1.385,0.078,0.499,12.848,2.041,22.448,7.488,17.947,3.082,30.825,10.196,30.794,6.147,31.760,51.226,16.415,11.834,16.327,10.411,7.536,2.016,3.457,72.738,13.965,114.342,9.057,11.951,30.485,16.587,90.761,193.138,16.573,37.680,1.201,-0.112,0.132,-0.195,0.099,1.074,60.000,27.000,12.859,1.304,0.059,0.433,0.692,1.353,0.427,2.007,0.562,1.188,0.239,1.100,0.383,1.104,0.033,0.781,4.631,6.976,3.486,5.944,0.515,1.018,0.402,1.941,0.803,2.047,1.114,6.096,12.972,1.113,2.531,0.548,0.626,0.096,0.377,0.177,0.690,0.082,0.342,0.128,0.611,0.047,0.313,0.025,0.363,0.448,1.438,1.171,1.967,0.059,0.317,0.145,0.714,0.781,0.223,0.328,1.187,1.358,0.144,0.267,0.128,0.128,1.039
8477015,Connor Brown,NJD,F,33.049,True,True,232.000,0.071,0.000,0.000,0.000,,16.573,71.486,41.894,80.894,1120.069,666.680,1430.594,869.927,80.628,134.469,35.045,12.169,1.128,1.881,0.490,12.170,4.831,19.324,5.636,17.750,8.464,27.580,7.807,29.920,15.314,29.672,44.124,11.981,12.280,17.985,10.142,7.608,2.027,2.404,102.085,57.773,138.656,14.979,24.223,32.288,11.017,16.576,27.280,22.231,52.020,0.883,-0.313,0.092,-0.005,0.076,,75.000,43.000,13.073,1.242,1.709,0.549,0.536,1.522,0.428,2.576,0.500,0.934,0.172,2.361,0.399,0.878,0.045,1.094,5.309,8.992,4.213,6.129,0.651,2.092,0.439,2.979,1.298,1.730,0.590,0.888,1.461,1.191,2.787,0.289,0.346,0.066,0.298,0.114,0.519,0.061,0.290,0.093,0.499,0.038,0.267,0.020,0.309,0.269,1.104,0.492,1.356,0.037,0.253,0.067,0.528,0.445,0.163,0.184,1.331,1.394,0.109,0.171,0.075,0.080,1.010
8484783,Artyom Levshunov,CHI,D,21.262,True,True,85.000,0.126,0.000,0.000,0.000,,20.559,63.755,24.350,78.350,1317.531,562.185,1757.118,1059.336,160.404,36.376,61.415,16.616,2.516,0.571,0.963,4.885,0.762,9.143,3.087,25.101,9.904,37.904,10.965,29.986,11.368,30.606,45.559,13.049,6.044,26.379,11.197,13.904,1.227,8.907,92.073,38.316,134.574,5.568,89.171,72.273,40.810,0.000,0.000,15.998,87.053,0.996,0.084,0.110,0.335,0.087,,67.000,23.000,16.509,2.672,0.537,0.841,0.193,0.568,0.095,1.046,0.380,1.272,0.113,1.557,0.381,2.229,0.084,1.835,3.712,6.595,1.600,7.756,0.177,0.505,0.106,1.001,4.061,3.291,1.859,0.000,0.000,0.729,3.964,0.885,0.311,0.043,0.176,0.034,0.139,0.042,0.307,0.002,0.292,0.034,0.202,0.036,0.151,0.334,1.026,0.398,1.237,0.020,0.129,0.025,0.215,0.357,0.262,0.215,0.003,0.003,0.113,0.247,0.091,0.072,1.013
8475287,Erik Haula,LAK,F,35.863,True,True,306.000,0.060,0.000,0.000,0.000,,15.702,75.180,50.578,82.678,1142.794,762.155,1430.074,873.024,94.034,126.888,48.848,11.612,1.251,1.688,0.650,12.482,5.271,20.032,5.678,18.206,9.071,28.538,7.725,30.689,16.428,30.996,44.428,11.745,11.824,17.831,9.689,8.517,2.217,4.133,108.406,69.455,142.878,14.905,94.046,41.240,44.495,425.007,401.465,16.067,49.617,0.864,-0.042,0.088,0.063,0.073,,81.000,38.000,11.923,1.306,1.794,0.679,0.546,1.340,0.296,1.406,0.381,1.018,0.264,2.205,0.339,1.565,0.025,1.114,5.765,9.235,3.008,4.527,0.724,1.354,0.271,2.059,4.938,2.165,2.336,22.314,21.078,0.844,2.605,1.103,0.407,0.061,0.262,0.107,0.431,0.057,0.249,0.088,0.417,0.036,0.233,0.020,0.278,0.249,0.925,0.452,1.084,0.034,0.218,0.061,0.435,0.430,0.154,0.177,1.276,1.326,0.101,0.155,0.071,0.074,1.043
8480068,Ryan Poehling,ANA,F,28.079,True,True,273.000,0.115,0.000,0.000,0.000,,14.971,66.443,5.163,84.000,1026.590,15.975,1534.154,822.665,24.550,144.666,34.709,12.382,0.369,2.177,0.522,10.939,0.000,19.601,7.006,19.010,0.000,32.099,11.299,29.950,0.000,31.738,49.371,17.070,10.357,17.562,12.922,6.088,0.513,0.477,82.504,1.087,130.505,10.590,43.630,75.238,12.620,418.393,433.862,15.647,38.443,1.032,-0.247,0.094,0.020,0.077,,75.000,36.000,12.013,0.310,2.221,0.427,0.564,1.187,0.481,1.690,0.706,0.298,0.377,2.131,0.341,0.779,0.026,0.986,5.048,5.690,3.334,5.064,0.576,1.164,0.445,1.968,2.550,4.397,0.738,24.453,25.358,0.914,2.247,0.368,0.714,0.066,0.359,0.108,0.532,0.060,0.324,0.089,0.494,0.039,0.302,0.020,0.311,0.268,1.444,0.450,1.176,0.037,0.336,0.060,0.531,0.535,0.180,0.206,1.405,1.468,0.109,0.161,0.081,0.082,1.019
8484164,Dalibor Dvorsky,STL,F,21.632,True,True,73.000,0.136,0.000,0.000,0.000,,15.218,66.668,30.082,80.082,1015.994,477.330,1349.079,858.174,134.420,1.827,21.574,12.872,2.016,0.027,0.324,13.961,5.708,22.834,6.878,14.814,5.365,25.035,7.587,28.775,12.894,28.552,45.130,13.075,13.779,15.803,7.548,7.266,4.132,3.247,99.242,45.570,141.753,12.088,74.379,23.683,25.467,328.320,383.249,10.956,44.513,1.052,-0.286,0.126,0.068,0.096,1.074,71.000,21.000,12.981,1.947,0.024,0.266,0.621,1.821,0.452,2.238,0.440,0.578,0.261,1.271,0.367,0.968,0.037,0.933,4.971,10.998,3.716,9.440,0.544,1.499,0.425,2.606,4.393,1.399,1.504,19.389,22.633,0.647,2.629,0.740,0.378,0.095,0.353,0.179,0.725,0.082,0.321,0.129,0.651,0.047,0.295,0.025,0.378,0.429,1.250,1.196,2.124,0.056,0.278,0.147,0.761,0.683,0.202,0.298,1.201,1.332,0.136,0.252,0.117,0.118,0.979
8473533,Jordan Staal,CAR,F,38.393,True,True,311.000,0.050,0.000,0.000,0.000,,15.111,73.206,57.044,79.044,1165.822,899.430,1426.658,900.602,55.064,160.826,49.329,12.302,0.752,2.197,0.674,14.066,6.976,20.928,5.560,17.597,9.177,26.511,6.944,31.664,19.176,31.288,45.417,10.834,13.299,16.509,10.545,7.052,1.635,0.746,97.329,68.710,126.126,15.575,139.413,41.417,22.606,754.505,599.772,15.063,45.314,0.964,-0.056,0.088,-0.067,0.073,,75.000,36.000,11.917,0.661,1.936,0.597,0.645,1.685,0.250,1.700,0.485,0.385,0.222,2.026,0.343,0.378,0.032,1.252,5.130,10.886,2.288,5.113,0.748,1.737,0.275,2.447,7.175,2.132,1.163,38.831,30.868,0.775,2.332,0.540,0.569,0.058,0.310,0.097,0.427,0.055,0.300,0.083,0.415,0.036,0.277,0.019,0.272,0.242,1.266,0.412,1.012,0.034,0.293,0.056,0.433,0.459,0.160,0.181,1.289,1.348,0.101,0.152,0.072,0.075,1.078
8482055,Drew O'Connor,VAN,F,28.649,True,True,291.000,0.079,0.000,0.000,0.000,,14.555,77.209,52.159,84.000,1249.296,827.997,1573.537,1030.645,31.477,153.496,33.678,13.349,0.408,1.988,0.436,14.355,7.222,21.665,6.012,15.386,7.086,24.293,6.737,29.741,16.344,29.624,43.926,11.190,14.291,15.725,9.468,5.918,0.502,0.519,129.306,85.211,169.600,19.425,79.727,40.856,34.648,48.911,57.667,26.649,63.858,0.802,0.093,0.087,0.012,0.072,,82.000,29.000,12.754,0.351,1.041,0.408,0.639,0.952,0.443,2.998,0.472,0.388,0.336,0.899,0.305,0.624,0.021,0.774,6.182,8.764,5.130,9.619,0.876,1.655,0.475,4.092,3.829,1.962,1.664,2.349,2.770,1.280,3.067,0.793,0.777,0.065,0.363,0.120,0.552,0.058,0.337,0.096,0.498,0.038,0.309,0.021,0.309,0.258,1.520,0.532,1.379,0.035,0.338,0.072,0.549,0.509,0.160,0.203,1.008,1.099,0.103,0.164,0.080,0.082,1.013
8478109,Victor Olofsson,VGK,F,31.543,True,True,260.000,0.115,0.000,0.000,0.000,,13.339,75.020,42.940,84.000,994.013,532.824,1279.858,835.702,135.627,1.190,21.495,11.140,1.808,0.016,0.286,15.174,6.829,23.902,6.720,17.699,6.870,28.625,8.085,32.873,15.986,33.113,49.099,13.151,13.618,15.843,9.476,8.223,3.767,4.096,121.986,63.660,163.258,13.619,24.319,19.878,10.598,2.601,6.716,14.657,45.457,1.047,-0.236,0.097,-0.152,0.079,,78.000,31.000,11.223,1.837,0.013,0.265,0.666,1.496,0.394,2.666,0.476,0.690,0.225,0.792,0.350,0.932,0.034,1.051,6.453,12.339,3.416,11.565,0.625,1.635,0.388,3.392,1.468,1.200,0.640,0.157,0.405,0.885,2.744,0.319,0.408,0.070,0.265,0.159,0.552,0.063,0.238,0.118,0.487,0.038,0.222,0.023,0.316,0.297,0.910,1.113,1.636,0.039,0.206,0.137,0.583,0.539,0.158,0.235,0.866,0.953,0.108,0.192,0.092,0.093,1.121
8478542,Evan Rodrigues,NJD,F,33.514,True,True,300.000,0.053,0.000,0.000,0.000,,16.154,72.490,46.727,80.727,1098.364,724.232,1378.048,867.792,108.909,82.202,39.461,11.971,1.502,1.134,0.544,11.544,4.753,18.060,5.168,18.041,8.573,27.623,7.621,29.585,15.228,29.504,42.828,11.392,11.767,18.209,9.976,8.065,2.160,3.473,134.526,87.959,175.917,14.491,74.100,23.332,33.410,202.049,228.357,22.047,51.428,0.840,0.195,0.087,-0.072,0.072,,69.000,31.000,12.861,1.654,1.030,0.610,0.550,1.213,0.448,1.514,0.432,1.083,0.223,2.364,0.393,0.849,0.032,1.325,7.061,9.906,5.499,10.479,0.654,1.518,0.579,2.252,4.048,1.274,1.825,11.037,12.474,1.204,2.809,0.909,0.956,0.064,0.250,0.137,0.487,0.059,0.242,0.105,0.460,0.037,0.223,0.022,0.296,0.258,0.858,0.704,1.320,0.035,0.195,0.093,0.488,0.415,0.146,0.180,1.105,1.169,0.102,0.167,0.073,0.078,1.010
8477503,Max Domi,TOR,F,31.921,False,True,314.000,0.061,15.000,15.000,15.000,moneypuck_return_date,14.458,56.824,7.805,69.000,814.976,104.336,1129.060,696.447,83.464,1.138,33.926,12.256,1.469,0.020,0.597,8.539,1.091,15.269,5.178,20.328,2.407,32.498,10.712,28.868,3.503,30.364,45.545,14.672,8.052,17.521,13.786,6.542,1.260,4.204,77.988,9.308,114.799,7.983,26.339,20.972,49.243,183.810,174.804,16.658,58.118,0.992,-0.000,0.086,0.199,0.072,,80.000,35.000,12.626,1.238,0.015,0.579,0.473,0.854,0.368,2.420,0.725,1.789,0.230,1.725,0.342,0.816,0.031,0.944,5.008,10.032,3.352,10.327,0.440,0.985,0.389,2.644,1.939,1.544,3.625,13.532,12.869,1.226,4.279,1.367,0.864,0.065,0.255,0.158,0.484,0.058,0.239,0.117,0.430,0.037,0.220,0.023,0.283,0.263,0.908,1.104,1.329,0.035,0.201,0.137,0.480,0.474,0.141,0.203,0.692,0.805,0.101,0.173,0.081,0.083,0.989
8476419,Jean-Gabriel Pageau,NYI,F,34.223,True,True,305.000,0.067,0.000,0.000,0.000,,15.176,73.990,46.597,82.597,1137.062,706.574,1432.185,886.807,33.881,164.949,51.424,11.986,0.458,2.229,0.695,12.356,5.399,19.437,5.498,18.673,8.849,27.653,7.730,31.029,16.433,31.770,44.916,11.648,11.416,16.925,11.416,7.257,0.519,0.703,82.808,50.161,111.358,13.208,122.836,51.099,11.676,582.116,416.011,17.907,48.337,0.948,0.120,0.089,0.078,0.073,,74.000,34.000,11.797,0.452,2.085,0.841,0.565,0.849,0.420,1.674,0.471,0.356,0.699,1.474,0.378,0.773,0.019,0.581,4.372,4.476,4.190,4.841,0.640,1.064,0.432,2.287,6.482,2.696,0.616,30.717,21.952,0.945,2.551,0.223,0.413,0.059,0.243,0.100,0.401,0.056,0.224,0.084,0.385,0.037,0.213,0.019,0.260,0.246,0.883,0.424,0.876,0.034,0.214,0.057,0.398,0.477,0.163,0.185,1.283,1.341,0.101,0.149,0.073,0.075,1.064
8480113,Alex Iafallo,WPG,F,33.114,True,True,302.000,0.064,0.000,0.000,0.000,,14.890,78.955,60.284,84.000,1207.926,882.557,1500.305,966.924,96.820,101.102,43.080,12.246,1.226,1.280,0.546,12.457,5.873,19.576,5.170,16.203,8.567,24.750,6.735,28.660,16.378,28.903,41.428,10.344,13.096,17.419,9.318,6.885,2.359,2.481,107.686,73.379,140.644,14.745,81.444,55.539,14.951,16.059,21.482,17.945,31.994,0.940,-0.252,0.090,-0.102,0.074,,79.000,29.000,12.148,1.156,1.053,0.533,0.555,1.537,0.187,1.900,0.408,0.968,0.273,1.983,0.337,0.685,0.025,1.141,5.055,11.254,2.234,5.991,0.619,1.547,0.184,2.723,4.045,2.759,0.743,0.798,1.067,0.891,1.589,0.350,0.421,0.064,0.251,0.116,0.490,0.059,0.235,0.093,0.455,0.037,0.219,0.021,0.295,0.263,0.883,0.511,1.300,0.036,0.203,0.069,0.498,0.468,0.153,0.194,1.083,1.152,0.102,0.165,0.077,0.080,0.986
8484994,Igor Chernyshov,SJS,F,21.172,True,True,28.000,0.201,0.000,0.000,0.000,,15.923,47.839,0.998,68.998,759.321,197.167,1113.985,691.814,53.739,1.738,12.030,14.461,1.123,0.036,0.252,13.473,2.530,22.771,7.274,16.283,3.246,27.591,8.980,29.756,6.605,31.374,47.887,15.251,12.475,15.464,10.811,5.472,2.249,2.167,84.627,20.189,130.953,12.935,34.344,22.338,12.659,1.492,3.144,10.008,40.665,1.035,0.337,0.167,0.106,0.115,1.098,28.000,19.000,14.546,1.129,0.038,0.209,0.851,2.325,0.418,2.830,0.731,1.619,0.259,1.884,0.381,0.678,0.033,0.989,6.415,9.473,3.659,10.346,0.873,2.526,0.425,2.960,2.714,1.765,1.000,0.118,0.248,0.791,3.213,0.495,0.556,0.111,0.429,0.180,0.787,0.094,0.403,0.130,0.722,0.050,0.364,0.025,0.395,0.599,1.815,1.203,2.377,0.077,0.390,0.148,0.861,1.021,0.291,0.425,1.631,1.922,0.178,0.362,0.166,0.165,1.025
8478055,Gustav Forsling,FLA,D,30.639,True,True,321.000,0.053,0.000,0.000,0.000,,22.391,78.201,65.105,83.105,1748.845,1367.899,2116.433,1465.659,34.888,177.504,70.794,18.742,0.446,2.270,0.905,6.898,2.299,11.497,3.563,26.166,15.911,37.504,8.591,33.065,20.506,33.037,45.569,10.489,6.026,23.198,12.860,13.307,0.303,1.348,137.685,103.699,174.493,5.866,66.626,92.716,31.611,0.000,0.000,28.319,70.043,1.060,0.273,0.073,0.047,0.062,,80.000,27.000,18.107,0.528,2.792,0.964,0.199,0.455,0.031,0.692,0.390,1.036,0.066,0.914,0.385,1.019,0.100,1.276,5.066,7.600,1.405,4.544,0.184,0.574,0.053,0.743,2.286,3.181,1.085,0.000,0.000,0.972,2.403,0.518,0.302,0.028,0.165,0.024,0.121,0.034,0.308,0.002,0.239,0.030,0.198,0.032,0.141,0.192,1.145,0.213,0.648,0.011,0.142,0.015,0.143,0.270,0.200,0.134,0.002,0.002,0.076,0.151,0.057,0.044,1.139
8482159,Tyson Foerster,PHI,F,25.038,True,True,195.000,0.187,0.000,0.000,0.000,,17.336,56.950,18.559,73.659,976.995,413.958,1349.576,762.447,119.580,59.028,35.940,13.388,2.100,1.036,0.631,17.223,6.098,27.005,8.085,13.922,4.641,23.206,7.377,31.145,11.462,32.160,48.652,14.235,17.400,15.701,7.546,6.376,3.095,2.708,108.192,42.596,155.604,13.929,55.892,38.002,26.079,4.494,6.505,15.752,28.644,1.278,0.044,0.103,-0.145,0.083,,29.000,16.000,13.669,1.984,1.097,0.586,0.927,1.569,0.436,3.437,0.452,0.741,0.256,1.726,0.395,0.791,0.037,0.938,6.058,11.221,3.325,9.299,0.707,1.521,0.360,2.609,3.433,2.334,1.602,0.276,0.400,0.967,1.759,0.762,0.705,0.081,0.303,0.156,0.570,0.072,0.283,0.116,0.521,0.043,0.261,0.023,0.330,0.331,1.008,0.791,1.506,0.044,0.229,0.104,0.551,0.474,0.168,0.209,1.343,1.413,0.117,0.197,0.085,0.090,1.073
8474563,Drew Doughty,LAK,D,37.150,True,True,265.000,0.061,0.000,0.000,0.000,,21.828,71.045,50.578,77.578,1625.705,1185.927,2002.572,1316.942,132.016,98.948,77.799,18.537,1.858,1.393,1.095,6.517,1.998,10.990,3.407,23.675,14.532,33.606,8.156,30.192,18.529,30.573,41.690,10.177,6.119,24.487,10.405,13.270,1.287,5.378,95.200,65.743,124.912,5.763,61.177,84.006,36.523,0.000,0.000,15.752,82.523,1.074,0.015,0.080,-0.118,0.067,,72.000,20.000,18.134,1.520,1.199,0.976,0.163,0.549,0.058,0.959,0.323,0.900,0.099,1.183,0.360,1.628,0.115,1.582,3.110,8.018,1.134,5.734,0.118,0.755,0.071,1.079,2.258,3.100,1.348,0.000,0.000,0.581,3.046,0.673,0.265,0.029,0.127,0.026,0.111,0.035,0.243,0.002,0.247,0.029,0.174,0.032,0.136,0.213,0.759,0.278,0.834,0.013,0.102,0.019,0.156,0.239,0.195,0.135,0.002,0.002,0.086,0.171,0.059,0.047,1.043
8479351,Sam Steel,DAL,F,28.994,True,True,294.000,0.087,0.000,0.000,0.000,,15.734,78.995,58.985,84.000,1243.752,885.067,1543.854,1036.061,30.673,145.521,31.498,13.116,0.388,1.842,0.399,10.843,4.962,16.870,4.877,19.438,10.467,29.307,7.602,30.281,17.452,29.770,43.116,10.978,11.079,19.088,10.805,8.633,0.411,0.927,91.032,58.203,120.491,12.270,74.149,31.364,29.790,184.349,180.664,19.809,50.091,0.939,-0.136,0.090,-0.068,0.074,,73.000,33.000,12.943,0.416,1.960,0.414,0.505,0.823,0.294,2.340,0.516,0.919,0.211,1.365,0.421,0.861,0.043,1.278,4.503,4.284,3.349,5.644,0.554,0.675,0.421,2.550,3.577,1.513,1.437,8.893,8.715,0.956,2.417,0.657,0.868,0.065,0.349,0.110,0.547,0.059,0.330,0.091,0.513,0.039,0.303,0.020,0.315,0.260,1.414,0.461,1.295,0.036,0.323,0.062,0.546,0.492,0.169,0.192,1.300,1.370,0.107,0.162,0.077,0.080,1.048
8483525,Danila Yurov,MIN,F,23.113,True,True,73.000,0.122,0.000,0.000,0.000,,13.968,69.510,35.878,80.878,975.440,525.969,1273.912,899.992,46.508,14.427,14.512,12.948,0.669,0.208,0.209,14.073,5.466,21.862,6.647,16.769,6.665,26.660,7.874,30.843,14.335,30.875,46.313,12.957,12.423,14.481,8.364,8.405,0.988,1.590,86.663,46.239,120.413,13.322,64.430,40.742,28.066,289.082,444.094,15.711,44.356,0.978,-0.221,0.125,-0.007,0.096,0.992,73.000,27.000,12.906,0.620,0.262,0.181,0.731,1.125,0.313,2.145,0.435,0.445,0.203,1.256,0.403,1.327,0.027,0.725,5.283,6.904,2.552,6.013,0.786,1.146,0.309,2.337,3.963,2.506,1.726,17.782,27.317,0.966,2.728,0.846,0.800,0.091,0.398,0.171,0.739,0.078,0.361,0.124,0.665,0.046,0.330,0.024,0.376,0.410,1.632,1.039,2.147,0.054,0.357,0.132,0.791,0.788,0.224,0.320,1.143,1.326,0.140,0.252,0.124,0.123,1.069
8478882,Vladislav Gavrikov,NYR,D,31.198,True,True,313.000,0.057,0.000,0.000,0.000,,23.281,74.250,43.637,83.637,1671.687,930.345,2117.915,1355.722,62.651,184.086,69.228,18.259,0.844,2.479,0.932,7.525,2.079,12.472,3.896,20.818,9.806,31.380,8.538,28.342,13.938,28.872,41.814,11.159,7.258,21.526,9.044,11.774,0.919,2.137,100.299,55.373,134.909,6.269,47.004,102.969,34.129,0.000,0.000,18.866,77.028,1.125,0.118,0.072,-0.073,0.061,,82.000,34.000,19.225,0.832,2.423,0.801,0.230,0.849,0.051,0.876,0.305,0.945,0.081,1.069,0.400,1.172,0.098,1.408,3.667,7.013,1.314,5.280,0.179,0.856,0.073,0.952,1.687,3.696,1.225,0.000,0.000,0.677,2.765,0.607,0.254,0.028,0.168,0.025,0.123,0.034,0.316,0.002,0.254,0.030,0.201,0.032,0.142,0.192,1.164,0.225,0.774,0.011,0.144,0.016,0.158,0.246,0.193,0.124,0.002,0.002,0.078,0.151,0.054,0.043,0.990
8481522,Peyton Krebs,BUF,F,26.015,True,True,317.000,0.067,0.000,0.000,0.000,,14.031,69.772,17.984,84.000,1003.340,259.126,1372.073,939.668,10.056,15.215,38.402,13.468,0.144,0.218,0.550,10.241,2.158,17.264,5.834,19.431,4.509,31.560,9.747,29.671,6.660,31.081,46.622,14.301,9.935,17.893,11.759,7.672,0.138,0.222,77.428,19.588,112.373,10.273,137.547,29.747,47.889,233.551,271.562,14.403,44.669,0.970,-0.230,0.086,-0.082,0.072,,82.000,39.000,13.254,0.136,0.165,0.477,0.478,0.800,0.390,3.470,0.584,0.410,0.174,2.450,0.418,0.807,0.023,0.582,4.559,5.278,3.347,6.698,0.503,0.853,0.363,3.366,8.225,1.779,2.864,13.966,16.239,0.861,2.671,1.103,1.242,0.068,0.350,0.153,0.560,0.059,0.319,0.114,0.481,0.039,0.291,0.023,0.300,0.268,1.433,0.822,1.409,0.036,0.311,0.108,0.540,0.530,0.152,0.214,0.616,0.773,0.102,0.170,0.084,0.085,1.039
8479525,Ross Colton,NSH,F,30.390,True,True,295.000,0.097,0.000,0.000,0.000,,12.537,78.585,52.991,84.000,1036.148,671.279,1307.599,935.603,76.609,6.582,17.354,11.906,0.975,0.084,0.221,12.577,5.324,19.166,5.425,16.048,7.234,24.801,6.839,28.625,14.657,28.791,41.877,10.717,12.423,16.089,10.001,6.046,1.507,1.487,143.104,89.283,185.834,18.703,162.712,35.088,26.291,124.321,125.775,20.263,52.788,0.759,0.240,0.094,0.024,0.077,,73.000,24.000,11.478,0.820,0.051,0.188,0.630,1.166,0.290,3.713,0.582,0.532,0.188,0.846,0.325,0.635,0.027,0.640,8.122,9.959,3.062,11.756,0.971,1.766,0.328,4.423,9.422,2.032,1.522,7.199,7.283,1.173,3.057,0.662,0.936,0.067,0.275,0.158,0.560,0.060,0.240,0.117,0.483,0.038,0.224,0.023,0.309,0.283,1.008,1.048,1.571,0.038,0.227,0.131,0.583,0.579,0.163,0.239,0.715,0.842,0.107,0.184,0.093,0.093,1.009
8481024,Linus Karlsson,VAN,F,27.212,True,True,106.000,0.161,0.000,0.000,0.000,,12.604,67.762,28.515,84.000,906.576,370.983,1256.616,773.671,98.900,4.992,29.013,11.418,1.460,0.074,0.428,13.043,4.125,21.655,6.658,15.633,4.278,26.740,8.166,28.676,10.518,29.450,45.227,13.462,12.860,14.941,9.626,6.007,2.459,2.399,103.677,41.613,149.198,16.333,79.508,22.310,21.537,13.405,32.809,13.419,41.340,0.866,0.356,0.120,-0.127,0.093,,79.000,35.000,10.909,1.256,0.039,0.401,0.754,1.471,0.346,1.415,0.513,0.907,0.198,2.223,0.362,0.484,0.030,0.556,6.268,11.974,3.201,5.886,0.913,2.137,0.363,2.090,5.262,1.477,1.425,0.887,2.171,0.888,2.736,0.698,1.141,0.084,0.336,0.169,0.611,0.072,0.287,0.122,0.511,0.043,0.267,0.024,0.331,0.382,1.235,1.137,1.737,0.050,0.279,0.141,0.636,0.753,0.208,0.313,1.027,1.159,0.131,0.236,0.120,0.118,1.013
8475171,Oliver Ekman-Larsson,TOR,D,35.545,True,True,289.000,0.041,0.000,0.000,0.000,,19.737,75.013,42.833,83.832,1463.295,849.281,1849.264,1299.173,79.218,33.438,51.465,17.319,1.056,0.446,0.686,5.786,1.991,9.955,3.155,22.184,10.921,31.771,8.645,27.970,14.802,28.808,39.736,10.584,5.901,22.444,10.044,12.139,0.579,3.561,98.162,56.084,131.298,5.023,84.054,66.665,50.254,0.000,0.000,16.710,88.130,1.074,0.082,0.077,0.065,0.065,,78.000,37.000,17.015,1.611,0.354,0.758,0.212,0.447,0.073,0.795,0.348,1.036,0.103,1.391,0.403,1.693,0.088,1.474,3.848,7.241,1.500,5.184,0.171,0.533,0.088,0.652,3.446,2.733,2.061,0.000,0.000,0.685,3.614,1.032,0.535,0.029,0.132,0.028,0.115,0.035,0.255,0.002,0.254,0.029,0.179,0.033,0.138,0.208,0.791,0.316,0.907,0.012,0.104,0.021,0.162,0.243,0.186,0.143,0.002,0.002,0.084,0.172,0.062,0.049,0.989
8475167,Victor Hedman,TBL,D,36.123,True,True,266.000,0.107,0.000,0.000,0.000,,18.743,52.701,0.000,71.594,1031.785,171.375,1477.019,785.590,120.967,77.325,47.903,14.907,2.295,1.467,0.909,5.615,0.827,10.112,3.501,24.300,2.947,39.297,12.510,29.915,4.753,32.007,47.526,15.035,5.076,21.468,12.575,11.726,1.287,8.911,84.500,13.453,125.284,5.311,30.594,66.496,19.607,0.000,0.000,13.110,66.708,1.050,0.239,0.088,0.244,0.073,,33.000,17.000,14.019,2.009,1.668,1.047,0.245,0.577,0.070,0.764,0.441,1.918,0.082,1.710,0.373,1.987,0.073,1.724,4.436,8.996,1.391,8.120,0.226,0.670,0.116,1.068,1.779,3.867,1.140,0.000,0.000,0.762,3.879,0.580,0.386,0.030,0.128,0.026,0.112,0.036,0.246,0.002,0.248,0.030,0.176,0.032,0.138,0.236,0.755,0.276,0.824,0.014,0.097,0.019,0.155,0.309,0.218,0.172,0.002,0.002,0.086,0.186,0.072,0.057,1.062
8481546,Cam York,PHI,D,26.073,True,True,276.000,0.096,0.000,0.000,0.000,,22.646,72.615,47.629,80.629,1619.948,1071.503,2021.166,1280.170,102.416,172.851,64.510,17.630,1.410,2.380,0.888,6.372,1.999,10.994,3.424,23.636,13.511,34.742,8.699,30.007,16.527,30.137,43.747,10.799,6.171,23.823,10.838,12.798,0.726,4.952,88.730,56.358,118.547,7.014,45.111,137.092,30.924,0.000,0.000,19.797,75.137,0.987,-0.185,0.079,0.029,0.066,,74.000,25.000,17.694,1.482,2.607,0.863,0.202,0.412,0.059,0.917,0.314,1.526,0.084,1.276,0.393,1.399,0.108,1.685,2.936,8.591,1.578,6.398,0.212,0.550,0.113,1.144,1.671,5.078,1.145,0.000,0.000,0.733,2.783,0.577,0.327,0.032,0.161,0.028,0.130,0.037,0.290,0.002,0.273,0.032,0.198,0.034,0.150,0.221,0.955,0.260,0.878,0.013,0.123,0.018,0.174,0.278,0.210,0.146,0.002,0.002,0.083,0.168,0.062,0.050,1.073
8482775,Oliver Kapanen,MTL,F,23.513,True,True,100.000,0.208,1.000,1.000,1.000,override,14.977,61.543,19.435,82.435,908.949,288.792,1327.173,733.640,53.758,97.778,23.773,11.921,0.874,1.589,0.386,15.244,3.474,25.474,8.500,13.117,3.303,23.121,7.888,28.362,7.916,28.838,47.497,15.077,13.412,12.030,7.118,5.999,1.255,0.890,95.903,28.039,145.200,12.567,26.357,47.592,16.813,221.849,264.476,11.432,30.063,1.114,-0.149,0.118,0.348,0.092,,82.000,37.000,12.007,0.978,1.545,0.447,0.888,1.232,0.337,2.262,0.397,0.357,0.432,1.654,0.381,0.554,0.027,0.767,6.663,8.535,2.365,7.380,0.790,1.719,0.162,2.766,1.740,3.142,1.110,14.644,17.458,0.755,1.984,0.548,0.518,0.085,0.355,0.143,0.630,0.075,0.313,0.109,0.569,0.045,0.293,0.023,0.350,0.370,1.300,0.660,1.622,0.050,0.302,0.087,0.642,0.670,0.212,0.269,1.632,1.710,0.129,0.211,0.105,0.105,1.031
8476885,Jacob Trouba,SJS,D,32.931,True,True,309.000,0.064,0.000,0.000,0.000,,22.014,78.928,61.593,84.000,1860.687,1417.620,2252.212,1430.357,51.362,285.803,93.166,18.122,0.651,3.621,1.180,5.781,1.926,9.630,2.991,22.294,12.664,32.148,7.738,28.075,16.522,28.184,39.846,9.367,6.099,23.231,11.307,10.987,0.347,1.555,143.808,103.536,181.797,6.651,170.113,181.389,51.881,0.000,0.107,23.336,94.076,1.031,-0.071,0.075,0.144,0.064,,81.000,34.000,17.825,0.593,2.779,0.817,0.189,0.427,0.033,0.689,0.334,1.068,0.066,1.668,0.344,0.825,0.106,1.314,5.149,9.392,0.975,5.395,0.191,0.559,0.062,0.853,5.486,5.849,1.673,0.000,0.003,0.752,3.034,0.720,0.415,0.027,0.162,0.024,0.118,0.033,0.309,0.002,0.247,0.029,0.197,0.031,0.140,0.194,1.163,0.219,0.714,0.011,0.143,0.015,0.154,0.278,0.206,0.138,0.002,0.002,0.079,0.156,0.059,0.045,1.025
8483464,Marco Kasper,DET,F,22.817,True,True,159.000,0.092,0.000,0.000,0.000,,14.604,72.759,38.076,84.000,1076.649,566.432,1395.551,921.085,66.740,62.070,26.755,12.659,0.917,0.853,0.368,13.243,5.318,21.274,6.394,14.889,6.197,24.786,7.385,28.132,12.565,28.272,42.931,12.340,12.591,14.504,8.497,6.391,1.358,1.295,125.525,63.445,170.465,15.872,156.157,44.026,22.662,231.530,246.137,12.393,48.031,0.832,0.241,0.099,-0.017,0.080,,81.000,19.000,12.691,0.818,0.761,0.334,0.636,1.160,0.307,2.735,0.424,0.643,0.330,1.607,0.343,0.491,0.027,0.869,6.857,11.068,3.923,8.736,0.816,1.384,0.485,2.913,8.702,2.454,1.263,12.903,13.717,0.691,2.677,0.588,0.668,0.077,0.337,0.153,0.617,0.068,0.300,0.115,0.544,0.042,0.278,0.024,0.339,0.315,1.233,0.753,1.606,0.043,0.279,0.100,0.614,0.573,0.174,0.234,1.088,1.187,0.112,0.186,0.092,0.092,1.031
8486025,Viggo Björck,WPG,F,18.891,True,False,0.000,0.179,0.000,0.000,0.000,,14.452,57.370,18.265,73.265,842.263,348.300,1149.341,764.781,41.818,24.305,11.358,13.331,0.729,0.424,0.198,11.659,4.093,20.046,6.196,15.158,4.998,24.991,7.883,26.818,10.008,26.688,43.368,12.795,11.823,15.372,8.956,6.202,0.792,1.162,85.433,32.267,131.963,10.727,77.105,27.136,25.083,71.056,82.618,14.344,40.345,0.991,0.000,0.258,0.000,0.140,1.059,,,13.223,0.687,0.348,0.194,0.803,1.153,0.422,3.266,0.622,0.911,0.271,2.159,0.434,0.780,0.033,1.062,6.022,8.090,3.435,8.705,0.715,1.244,0.394,3.104,5.493,1.933,1.787,5.062,5.886,1.022,2.874,0.779,0.843,0.145,0.542,0.203,0.918,0.120,0.501,0.145,0.837,0.059,0.451,0.028,0.448,1.173,2.255,1.172,2.455,0.128,0.478,0.144,0.889,2.729,0.573,0.972,9.336,8.455,0.248,0.717,0.345,0.289,0.986
8478462,Nicolas Roy,COL,F,29.988,True,True,280.000,0.116,0.000,0.000,0.000,,14.363,73.868,40.288,84.000,1026.236,555.899,1332.185,846.417,55.538,98.033,26.247,11.458,0.752,1.327,0.355,11.352,4.472,19.008,5.677,17.688,6.973,27.891,8.054,29.040,12.590,29.758,43.492,12.177,10.278,15.494,10.998,6.690,1.486,1.297,79.395,39.506,110.415,12.127,69.077,38.220,26.299,350.042,354.267,20.730,53.238,0.876,-0.226,0.092,0.037,0.075,,74.000,25.000,11.810,0.846,1.339,0.369,0.557,1.453,0.224,1.617,0.503,0.943,0.274,2.788,0.353,0.284,0.024,1.305,4.391,12.418,2.237,5.256,0.615,2.322,0.242,2.072,4.039,2.235,1.538,20.466,20.713,1.212,3.113,0.676,0.513,0.066,0.272,0.123,0.524,0.059,0.244,0.097,0.479,0.038,0.229,0.021,0.307,0.268,0.966,0.549,1.333,0.036,0.226,0.074,0.532,0.516,0.166,0.208,1.182,1.250,0.105,0.167,0.082,0.083,1.070
8476921,Jordan Martinook,CAR,F,34.522,True,True,320.000,0.048,0.000,0.000,0.000,,14.287,75.364,53.915,81.915,1129.900,822.765,1390.634,925.169,4.466,166.701,33.564,12.276,0.059,2.212,0.445,12.220,5.395,18.342,5.277,16.999,8.594,24.706,6.756,29.219,16.143,29.057,41.971,10.352,11.184,15.634,10.443,6.556,0.049,0.060,103.369,70.887,133.011,15.067,86.793,43.149,31.379,37.597,43.753,17.296,43.154,0.848,-0.071,0.087,-0.043,0.072,,77.000,29.000,11.891,0.052,1.949,0.395,0.560,0.598,0.262,3.177,0.518,0.373,0.152,2.095,0.343,0.369,0.017,1.206,5.864,5.094,3.547,4.841,0.763,0.925,0.415,3.719,4.609,2.291,1.666,1.996,2.323,0.918,2.292,0.788,0.737,0.058,0.387,0.096,0.500,0.054,0.372,0.083,0.475,0.036,0.338,0.019,0.295,0.238,1.871,0.415,1.152,0.033,0.410,0.056,0.517,0.505,0.167,0.194,1.249,1.317,0.103,0.152,0.076,0.078,1.078
8477950,Tony DeAngelo,NYI,D,31.274,True,True,212.000,0.135,0.000,0.000,0.000,,19.069,61.323,14.718,79.718,1180.576,342.990,1679.914,1036.400,99.475,6.942,37.758,16.901,1.622,0.113,0.616,5.750,1.046,10.459,3.722,23.047,5.318,37.225,11.538,28.798,6.360,30.739,45.579,14.176,5.241,20.172,11.886,11.161,0.955,5.586,109.942,31.191,162.573,5.503,26.928,56.834,24.224,0.000,0.000,14.126,74.419,1.032,0.161,0.089,0.306,0.073,,76.000,33.000,16.723,1.511,0.101,0.735,0.221,0.525,0.081,0.858,0.413,1.340,0.103,1.650,0.360,1.609,0.085,1.376,5.336,7.501,1.567,8.181,0.246,0.473,0.090,0.728,1.369,2.889,1.231,0.000,0.000,0.718,3.782,0.554,0.318,0.034,0.144,0.031,0.124,0.038,0.269,0.002,0.270,0.031,0.187,0.035,0.144,0.243,0.836,0.374,0.994,0.014,0.108,0.023,0.174,0.298,0.214,0.172,0.002,0.002,0.094,0.199,0.073,0.057,1.064
8483485,Denton Mateychuk,CBJ,D,22.557,True,True,120.000,0.122,0.000,0.000,0.000,,19.939,71.741,42.563,81.563,1459.479,888.010,1864.754,1247.288,42.760,117.804,51.627,17.386,0.596,1.642,0.720,9.289,4.256,15.279,4.431,18.805,8.780,28.292,7.652,28.094,14.155,28.309,40.442,10.681,8.308,18.616,9.695,9.110,0.469,1.579,90.422,53.179,122.795,5.410,33.839,97.795,17.777,0.000,0.000,19.372,76.961,1.187,-0.065,0.097,0.044,0.079,,75.000,31.000,17.244,0.552,1.522,0.621,0.347,0.588,0.062,0.651,0.361,1.334,0.073,1.156,0.349,0.860,0.084,1.139,3.872,6.309,1.089,3.835,0.210,0.584,0.081,0.554,1.391,4.020,0.731,0.000,0.000,0.796,3.164,0.347,0.387,0.037,0.189,0.032,0.138,0.040,0.347,0.002,0.287,0.033,0.212,0.035,0.152,0.270,1.380,0.323,1.076,0.016,0.163,0.021,0.199,0.392,0.266,0.201,0.003,0.003,0.101,0.215,0.084,0.063,1.041
8476479,Phillip Danault,MTL,F,33.936,True,True,315.000,0.049,0.000,0.000,0.000,,15.200,74.703,47.706,82.706,1120.759,695.223,1416.468,899.050,43.929,135.246,42.535,12.035,0.588,1.810,0.569,8.703,3.077,14.361,4.488,19.000,9.614,28.841,7.717,27.703,14.763,27.417,41.125,10.719,8.465,17.647,12.904,6.096,0.520,1.142,90.610,53.757,121.450,11.325,61.150,45.629,23.757,499.836,434.427,14.891,55.155,0.800,0.055,0.086,0.042,0.071,,75.000,17.000,12.122,0.658,1.761,0.659,0.437,0.691,0.148,1.513,0.585,0.589,0.298,2.991,0.296,0.860,0.027,0.751,5.145,6.138,2.533,4.679,0.593,0.802,0.216,1.915,3.274,2.443,1.272,26.759,23.257,0.797,2.953,0.624,0.756,0.059,0.244,0.104,0.423,0.055,0.229,0.087,0.402,0.036,0.216,0.020,0.268,0.242,0.878,0.445,0.988,0.033,0.208,0.060,0.419,0.454,0.155,0.180,1.183,1.244,0.099,0.150,0.072,0.074,1.031
8484829,Justin Hryckowian,DAL,F,25.938,True,True,86.000,0.113,0.000,0.000,0.000,,13.533,77.814,49.671,84.000,1054.987,637.100,1358.158,898.687,43.968,91.623,20.710,11.549,0.565,1.177,0.266,12.734,5.364,20.383,5.918,15.365,6.434,24.664,7.017,28.099,13.943,27.886,42.902,11.408,12.323,14.841,9.049,6.316,1.173,1.579,83.683,46.834,116.565,12.820,117.475,41.841,40.325,182.574,149.747,22.482,26.782,1.009,0.001,0.124,-0.075,0.095,,81.000,30.000,11.397,0.606,1.253,0.277,0.681,1.549,0.234,1.847,0.505,0.833,0.157,0.949,0.328,1.249,0.024,0.679,4.903,7.371,1.895,5.654,0.678,1.760,0.263,2.820,6.681,2.380,2.293,10.383,8.517,1.279,1.523,0.909,0.978,0.085,0.379,0.143,0.665,0.074,0.331,0.108,0.594,0.044,0.308,0.023,0.353,0.383,1.518,0.692,1.795,0.051,0.345,0.091,0.703,0.771,0.231,0.306,1.618,1.715,0.137,0.228,0.118,0.116,1.048
8482201,Gage Goncalves,TBL,F,26.042,True,True,136.000,0.116,0.000,0.000,0.000,,13.317,67.266,27.165,82.165,901.460,389.084,1214.703,799.500,67.418,11.644,22.897,11.886,1.002,0.173,0.340,11.200,4.196,18.882,5.816,17.268,5.567,27.948,8.541,28.468,10.872,29.353,44.574,12.916,10.540,15.211,9.704,7.564,1.130,2.069,73.129,29.441,106.968,9.636,79.770,25.582,26.568,6.137,12.454,16.947,48.765,1.073,-0.134,0.108,-0.157,0.086,,74.000,33.000,11.920,0.858,0.201,0.337,0.657,0.946,0.354,1.725,0.485,1.286,0.197,1.577,0.442,0.336,0.028,1.022,4.583,7.291,3.457,8.382,0.560,1.143,0.393,2.119,5.309,1.703,1.768,0.408,0.829,1.128,3.246,0.815,0.817,0.080,0.353,0.167,0.640,0.069,0.311,0.121,0.553,0.042,0.287,0.024,0.340,0.341,1.357,1.037,1.779,0.045,0.302,0.131,0.660,0.671,0.191,0.276,0.952,1.089,0.122,0.213,0.107,0.106,1.062
8481606,Jordan Spence,OTT,D,25.936,True,True,229.000,0.115,0.000,0.000,0.000,,18.824,67.532,20.707,84.000,1282.448,376.100,1785.991,1162.954,63.526,15.636,40.333,17.221,0.941,0.232,0.597,5.865,1.042,10.418,3.635,23.011,5.824,36.112,11.120,28.877,7.963,30.715,45.504,13.624,5.725,20.582,10.736,12.276,0.378,3.183,94.567,27.885,137.358,5.215,62.531,62.340,19.391,0.000,0.000,13.716,64.659,1.052,0.295,0.086,-0.189,0.071,,73.000,31.000,16.750,1.250,0.219,0.606,0.248,0.349,0.078,0.782,0.375,1.390,0.098,1.238,0.447,1.299,0.086,1.375,4.280,7.002,1.264,5.764,0.226,0.375,0.083,0.631,2.926,2.917,0.907,0.000,0.000,0.642,3.025,0.446,0.122,0.034,0.159,0.032,0.132,0.038,0.295,0.002,0.284,0.032,0.199,0.036,0.151,0.240,0.961,0.379,1.058,0.014,0.122,0.024,0.185,0.312,0.216,0.175,0.002,0.002,0.091,0.196,0.074,0.057,1.077
8477498,Darnell Nurse,SJS,D,31.992,True,True,321.000,0.053,0.000,0.000,0.000,,20.715,78.097,60.846,83.846,1695.915,1288.549,2073.137,1467.766,23.898,146.107,58.145,18.794,0.306,1.871,0.745,6.506,3.100,10.334,3.254,20.900,12.168,30.419,7.418,27.406,16.296,27.500,38.704,9.263,6.377,20.615,10.493,10.407,0.156,0.628,154.574,113.660,196.313,6.660,138.336,147.077,61.609,0.000,0.000,17.660,89.878,1.035,-0.121,0.072,0.077,0.062,,82.000,24.000,18.485,0.279,1.436,0.515,0.217,0.385,0.100,0.693,0.359,0.736,0.077,1.115,0.347,0.820,0.112,1.217,5.742,7.468,2.091,6.248,0.223,0.596,0.123,0.682,4.894,5.204,2.180,0.000,0.000,0.625,3.180,0.882,0.449,0.027,0.155,0.027,0.121,0.033,0.293,0.002,0.253,0.029,0.192,0.032,0.141,0.187,1.073,0.246,0.810,0.011,0.135,0.017,0.157,0.264,0.193,0.135,0.002,0.002,0.078,0.155,0.058,0.043,1.025
8480426,Charle-Edouard D'Astous,TBL,D,28.783,True,True,70.000,0.106,0.000,0.000,0.000,,18.736,62.609,9.575,80.675,1237.535,241.002,1752.075,1102.551,68.543,24.495,41.946,17.610,1.095,0.391,0.670,6.246,0.000,11.446,4.134,22.125,3.497,36.135,11.559,28.371,4.644,30.185,46.438,14.507,5.373,18.435,10.054,12.071,0.460,2.918,78.252,14.472,120.440,4.730,89.740,71.362,71.686,0.000,0.000,18.825,61.639,1.070,-0.021,0.113,-0.051,0.089,,70.000,29.000,16.561,0.958,0.445,0.772,0.241,0.346,0.072,0.732,0.363,0.856,0.090,0.986,0.421,1.273,0.085,1.186,3.666,5.964,1.227,5.112,0.208,0.377,0.081,0.639,4.351,3.460,3.476,0.000,0.000,0.913,2.989,1.588,0.705,0.038,0.175,0.031,0.129,0.042,0.341,0.002,0.287,0.034,0.210,0.036,0.150,0.310,1.269,0.377,1.117,0.018,0.151,0.023,0.196,0.440,0.297,0.236,0.003,0.003,0.119,0.260,0.099,0.074,1.062
8479353,Brett Howden,VGK,F,28.846,True,True,264.000,0.133,0.000,0.000,0.000,,14.762,72.090,40.697,83.697,1070.866,585.873,1403.399,921.370,40.746,82.006,26.743,12.781,0.565,1.138,0.371,14.949,6.538,22.883,6.788,14.859,6.204,23.782,7.112,29.809,13.795,29.713,44.570,12.396,13.761,14.371,8.289,6.571,0.533,1.499,89.114,47.238,123.622,13.188,112.641,38.367,45.715,259.309,254.583,18.689,47.163,1.099,-0.156,0.093,0.120,0.077,,58.000,22.000,12.876,0.574,0.968,0.344,0.737,0.722,0.342,3.333,0.413,0.900,0.163,1.891,0.317,1.235,0.024,1.388,4.980,8.517,2.270,8.411,0.684,0.891,0.334,3.645,6.311,2.150,2.561,14.529,14.264,1.047,2.643,1.138,1.066,0.069,0.368,0.131,0.587,0.062,0.344,0.102,0.534,0.039,0.314,0.022,0.324,0.281,1.535,0.608,1.544,0.038,0.340,0.082,0.597,0.540,0.170,0.218,1.097,1.193,0.111,0.181,0.086,0.089,1.121
8476902,Esa Lindell,DAL,D,32.695,True,True,326.000,0.047,0.000,0.000,0.000,,22.536,77.905,66.604,82.604,1753.906,1411.827,2107.992,1383.290,45.517,254.563,70.536,17.756,0.584,3.268,0.905,5.457,2.003,9.016,2.942,22.073,13.484,31.116,7.532,27.530,16.480,27.809,39.139,9.112,5.339,21.203,9.921,12.152,0.497,1.306,88.572,62.803,114.641,6.133,46.032,158.887,16.718,0.000,0.000,25.914,99.885,1.013,0.030,0.074,-0.177,0.063,,82.000,32.000,17.372,0.649,3.636,0.878,0.164,0.641,0.031,0.795,0.315,0.682,0.056,1.280,0.380,0.972,0.090,1.522,3.148,6.450,1.816,2.897,0.151,0.761,0.084,1.462,1.575,5.435,0.572,0.000,0.000,0.886,3.417,0.287,0.238,0.027,0.167,0.020,0.117,0.033,0.320,0.002,0.244,0.029,0.200,0.030,0.141,0.192,1.238,0.193,0.650,0.011,0.149,0.013,0.153,0.281,0.207,0.136,0.002,0.002,0.076,0.150,0.058,0.045,1.048
8480835,Jack Drury,NSH,F,26.995,True,True,266.000,0.112,0.000,0.000,0.000,,14.472,79.600,51.318,84.000,1293.830,781.803,1644.784,991.480,25.455,249.858,27.038,12.456,0.320,3.139,0.340,10.300,4.063,17.266,5.039,16.101,7.377,25.660,7.163,26.401,13.514,26.191,39.810,10.715,10.712,16.235,9.356,6.744,0.390,0.622,111.292,64.241,148.824,13.819,53.596,58.626,35.635,570.726,421.558,21.929,47.742,0.831,-0.458,0.094,-0.265,0.077,,82.000,27.000,12.009,0.269,1.905,0.290,0.506,0.957,0.174,2.694,0.461,0.900,0.131,1.990,0.363,0.578,0.020,1.037,5.570,10.440,2.970,5.440,0.642,1.431,0.297,3.040,2.485,2.719,1.653,26.467,19.549,1.017,2.214,0.740,0.629,0.068,0.323,0.118,0.605,0.060,0.281,0.095,0.551,0.039,0.266,0.021,0.334,0.275,1.219,0.507,1.449,0.038,0.288,0.068,0.618,0.553,0.180,0.214,1.338,1.408,0.109,0.165,0.084,0.085,1.009
8480336,Sean Walker,CAR,D,32.219,True,True,314.000,0.051,0.000,0.000,0.000,,20.891,76.077,53.561,82.561,1621.450,1163.554,2000.267,1364.429,55.823,137.681,63.517,17.935,0.734,1.810,0.835,7.447,3.180,12.721,3.735,20.356,11.162,29.426,7.445,27.802,16.423,27.714,39.005,9.671,6.963,20.029,9.484,10.872,0.478,1.728,148.474,99.365,188.893,7.996,117.397,114.312,53.273,0.000,0.000,31.055,80.604,0.998,0.083,0.076,-0.023,0.065,,81.000,30.000,17.633,0.702,1.698,0.858,0.242,0.480,0.071,0.796,0.307,0.940,0.077,1.235,0.366,0.888,0.092,1.265,5.801,9.574,1.351,4.297,0.252,0.965,0.085,1.107,4.344,4.230,1.971,0.000,0.000,1.149,2.983,0.934,0.410,0.029,0.159,0.027,0.121,0.034,0.303,0.002,0.256,0.030,0.196,0.033,0.142,0.200,1.100,0.263,0.826,0.012,0.137,0.018,0.161,0.280,0.204,0.145,0.002,0.002,0.082,0.165,0.062,0.048,1.078
8476854,Hampus Lindholm,BOS,D,33.032,True,True,237.000,0.095,0.000,0.000,0.000,,20.997,66.801,28.505,79.505,1449.109,661.459,1913.194,1127.202,97.305,150.230,74.372,16.874,1.457,2.249,1.113,5.158,0.906,9.059,3.126,20.966,8.331,31.474,9.093,26.124,10.139,26.730,39.634,11.162,5.414,21.915,9.962,11.005,0.798,4.055,95.117,41.035,133.914,5.282,26.698,91.434,48.090,0.000,0.000,23.168,85.032,1.052,0.129,0.089,-0.173,0.074,,67.000,26.000,16.137,1.360,2.461,1.039,0.192,0.517,0.040,0.703,0.364,1.247,0.074,1.101,0.382,1.366,0.077,1.548,3.792,8.710,1.334,5.166,0.168,0.588,0.054,0.829,1.105,3.786,1.991,0.000,0.000,0.959,3.521,0.928,0.453,0.032,0.147,0.026,0.118,0.037,0.277,0.002,0.253,0.031,0.188,0.032,0.141,0.238,0.925,0.255,0.795,0.014,0.118,0.017,0.159,0.321,0.233,0.168,0.002,0.002,0.090,0.185,0.071,0.056,1.014
8475799,Nino Niederreiter,WPG,F,34.398,True,True,298.000,0.087,0.000,0.000,0.000,,13.364,73.923,49.429,82.429,1001.950,662.121,1271.897,870.377,110.732,1.064,19.777,11.774,1.498,0.014,0.268,11.409,5.611,17.769,4.929,13.940,6.377,21.865,6.091,25.348,13.826,24.887,36.870,9.625,11.977,15.047,7.721,6.218,2.061,3.350,109.439,69.303,144.463,16.268,100.040,27.729,22.488,11.843,14.680,13.120,44.070,0.812,0.164,0.091,-0.088,0.075,,61.000,19.000,11.679,1.412,0.012,0.262,0.608,1.172,0.344,3.008,0.441,0.732,0.219,1.758,0.292,1.228,0.031,0.616,6.428,7.149,3.345,8.911,0.839,1.530,0.383,3.824,5.991,1.661,1.347,0.709,0.879,0.786,2.639,0.664,0.785,0.065,0.253,0.155,0.529,0.059,0.233,0.116,0.473,0.037,0.215,0.022,0.304,0.273,0.897,1.101,1.542,0.036,0.201,0.136,0.555,0.506,0.149,0.218,0.757,0.861,0.103,0.180,0.086,0.087,0.986
8485702,Maxim Shabanov,MIN,F,26.319,True,True,44.000,0.196,0.000,0.000,0.000,,13.811,59.326,19.953,77.953,832.769,319.500,1187.829,704.327,96.165,0.787,31.492,11.872,1.621,0.013,0.531,9.914,2.737,17.335,5.757,17.530,6.000,29.002,9.250,27.443,9.568,28.028,44.459,13.744,9.896,15.937,10.237,7.293,1.520,4.714,82.194,30.763,123.959,10.182,42.303,22.691,6.967,1.489,5.227,14.221,46.537,0.945,-0.088,0.153,0.217,0.109,,44.000,18.000,11.833,1.501,0.017,0.459,0.632,0.947,0.392,1.829,0.582,1.227,0.226,0.956,0.334,1.447,0.033,0.750,5.614,7.156,3.517,9.098,0.630,1.022,0.399,2.188,3.048,1.635,0.502,0.107,0.377,1.025,3.353,0.247,0.595,0.100,0.380,0.172,0.679,0.085,0.342,0.124,0.598,0.046,0.313,0.024,0.356,0.518,1.487,1.168,1.993,0.067,0.329,0.144,0.721,0.954,0.265,0.400,1.459,1.639,0.163,0.318,0.154,0.150,1.069
8482177,Marat Khusnutdinov,BOS,F,24.545,True,True,168.000,0.097,0.000,0.000,0.000,,14.728,72.691,45.263,82.363,1072.953,638.424,1365.605,911.350,48.783,76.320,36.500,12.537,0.671,1.050,0.502,11.299,4.840,18.393,5.456,14.727,6.786,23.268,6.828,26.026,12.595,26.159,39.724,10.846,11.623,14.896,7.478,7.249,0.777,1.101,68.504,37.717,96.278,10.593,50.839,41.390,19.652,115.354,141.332,16.401,47.846,1.075,-0.316,0.102,-0.015,0.082,,77.000,32.000,12.619,0.614,1.050,0.446,0.559,0.984,0.226,3.370,0.398,0.786,0.232,0.965,0.408,0.584,0.025,1.026,3.779,6.353,1.361,6.915,0.489,1.479,0.231,2.730,2.843,2.314,1.099,6.451,7.903,0.917,2.676,0.526,0.657,0.077,0.365,0.140,0.616,0.067,0.329,0.107,0.549,0.042,0.303,0.023,0.337,0.317,1.421,0.642,1.580,0.043,0.321,0.086,0.618,0.596,0.184,0.239,1.216,1.312,0.116,0.190,0.094,0.095,1.014
8486067,Gavin McKenna,TOR,F,19.118,True,False,0.000,0.179,0.000,0.000,0.000,,15.466,48.680,1.802,67.802,745.071,207.433,1068.144,668.664,42.474,23.529,10.404,13.736,0.873,0.483,0.214,10.901,2.289,19.079,6.234,14.459,3.708,24.969,8.105,25.359,6.835,25.061,41.769,13.293,11.024,14.623,8.579,5.880,0.805,1.329,76.763,20.833,127.310,9.691,60.961,23.178,20.249,65.859,76.999,13.196,37.159,0.991,0.000,0.258,0.000,0.140,1.107,,,14.151,0.735,0.373,0.207,0.845,1.151,0.440,3.555,0.664,1.033,0.293,2.497,0.459,0.866,0.034,1.177,6.100,8.171,3.522,9.338,0.728,1.208,0.407,3.234,4.909,1.867,1.631,5.304,6.201,1.063,2.992,0.732,0.832,0.145,0.542,0.203,0.918,0.120,0.501,0.145,0.837,0.059,0.451,0.028,0.448,1.173,2.255,1.172,2.455,0.128,0.478,0.144,0.889,2.729,0.573,0.972,9.336,8.455,0.248,0.717,0.345,0.289,0.989
8478463,Anthony Beauvillier,WSH,F,29.651,True,True,305.000,0.079,0.000,0.000,0.000,,15.357,73.097,40.603,83.703,1087.983,596.263,1414.360,950.752,30.048,85.559,21.624,13.007,0.411,1.171,0.296,12.353,5.073,19.277,5.643,12.821,4.903,20.592,6.087,25.173,11.964,24.925,37.886,10.436,12.295,13.170,6.866,5.955,0.537,0.535,123.858,67.333,166.069,15.474,89.891,37.635,20.770,29.962,31.210,18.352,36.800,0.844,0.106,0.086,0.082,0.071,,82.000,28.000,13.525,0.458,1.042,0.332,0.675,1.068,0.294,1.769,0.342,0.685,0.305,2.394,0.340,0.411,0.024,1.354,6.970,10.539,2.935,10.962,0.857,1.294,0.299,2.274,4.957,2.075,1.145,1.652,1.721,1.012,2.029,0.567,0.627,0.065,0.298,0.135,0.573,0.058,0.288,0.105,0.529,0.038,0.264,0.022,0.319,0.255,1.156,0.669,1.489,0.035,0.258,0.089,0.578,0.481,0.156,0.194,1.016,1.109,0.104,0.167,0.078,0.081,0.988
8470621,Corey Perry,LAK,F,41.714,True,True,288.000,0.046,1.000,1.000,1.000,override,12.705,66.147,32.022,76.022,815.755,426.650,1055.675,655.644,119.708,0.554,39.849,9.912,1.810,0.008,0.602,12.891,5.026,20.104,5.836,13.507,5.681,21.778,6.322,26.398,12.669,27.286,39.954,10.792,11.899,13.178,7.813,5.695,3.541,4.281,83.640,44.075,113.178,13.487,31.330,18.434,48.390,7.433,14.375,9.093,39.986,0.986,-0.174,0.098,-0.029,0.079,,72.000,37.000,10.177,1.889,0.009,0.629,0.634,1.638,0.366,2.562,0.418,1.150,0.210,1.138,0.300,0.943,0.033,0.589,5.379,9.062,3.333,10.162,0.652,1.950,0.374,3.718,2.304,1.356,3.559,0.547,1.057,0.669,2.941,1.294,1.294,0.066,0.249,0.150,0.429,0.060,0.223,0.113,0.364,0.037,0.208,0.022,0.270,0.290,0.867,1.089,1.280,0.038,0.198,0.134,0.453,0.535,0.154,0.233,0.873,0.949,0.104,0.185,0.090,0.090,1.043
8481582,Nick Robertson,PIT,F,25.391,True,True,218.000,0.100,0.000,0.000,0.000,,12.937,53.626,0.000,82.891,719.461,13.404,1208.915,636.318,62.332,7.304,13.507,11.866,1.162,0.136,0.252,13.453,0.000,25.942,9.717,11.912,0.000,23.285,8.907,25.365,0.000,27.481,46.947,17.664,11.447,10.606,6.925,4.987,1.789,1.451,92.999,1.993,161.419,10.034,55.991,25.698,9.909,6.627,8.207,15.347,39.443,1.175,-0.106,0.100,0.048,0.081,,78.000,32.000,11.562,1.090,0.091,0.195,0.893,1.466,0.364,1.839,0.469,0.635,0.200,2.270,0.345,0.609,0.030,0.631,7.748,8.591,2.910,6.883,0.754,1.454,0.340,2.153,4.669,2.143,0.826,0.553,0.684,1.280,3.289,0.408,0.666,0.076,0.318,0.170,0.669,0.066,0.272,0.123,0.579,0.041,0.253,0.024,0.352,0.316,1.134,1.091,1.918,0.042,0.256,0.137,0.704,0.611,0.172,0.254,0.836,0.955,0.112,0.195,0.098,0.098,1.005
8476392,Adam Lowry,WPG,F,33.845,True,True,306.000,0.058,0.000,0.000,0.000,,14.473,77.290,63.663,82.663,1153.832,893.408,1406.447,947.249,7.277,146.272,53.033,12.256,0.094,1.893,0.686,9.298,4.681,14.981,4.166,15.555,8.719,23.250,5.940,24.853,15.302,24.865,35.481,8.728,9.871,15.999,8.998,6.557,0.057,0.124,83.043,59.263,108.648,14.919,148.486,52.036,37.039,579.634,527.171,19.915,39.996,0.734,0.109,0.089,-0.090,0.074,,70.000,20.000,12.157,0.089,1.556,0.671,0.500,0.501,0.297,1.341,0.415,0.771,0.295,2.144,0.367,0.278,0.017,0.981,4.675,6.221,2.637,2.325,0.760,1.047,0.474,1.859,7.721,2.706,1.926,30.141,27.413,1.036,2.080,0.603,0.680,0.060,0.330,0.101,0.441,0.056,0.312,0.086,0.411,0.037,0.288,0.019,0.267,0.251,1.422,0.443,1.001,0.035,0.323,0.060,0.438,0.516,0.166,0.200,1.163,1.242,0.104,0.159,0.079,0.081,0.986
8476448,William Karlsson,VGK,F,34.064,True,True,219.000,0.106,0.000,0.000,0.000,,14.668,65.533,35.281,75.281,971.629,573.518,1242.038,765.899,65.306,90.339,50.084,11.687,0.997,1.379,0.764,11.969,5.155,18.902,5.386,16.226,8.302,24.907,6.609,28.195,14.319,28.637,41.271,10.631,12.206,17.083,10.195,6.031,1.332,2.423,109.626,60.825,146.332,14.163,27.839,37.785,9.574,421.489,319.050,17.249,50.977,0.982,0.029,0.113,-0.159,0.089,,14.000,7.000,11.774,1.013,1.173,0.708,0.623,1.248,0.560,2.459,0.546,1.539,0.229,2.094,0.352,0.805,0.040,1.097,6.931,9.560,3.740,6.128,0.723,1.404,0.481,3.212,1.719,2.333,0.591,26.028,19.702,1.065,3.148,0.295,0.654,0.074,0.279,0.127,0.491,0.068,0.260,0.100,0.456,0.040,0.242,0.021,0.295,0.335,1.030,0.617,1.293,0.045,0.238,0.082,0.505,0.616,0.197,0.252,1.436,1.520,0.125,0.207,0.099,0.101,1.121
8480807,Mattias Samuelsson,BUF,D,26.886,True,True,236.000,0.111,5.000,5.000,5.000,dailyfaceoff:ir:out,22.678,63.265,34.668,72.668,1458.096,855.128,1852.749,1199.413,3.640,189.238,65.805,18.958,0.058,2.991,1.040,6.927,2.172,11.947,3.567,18.967,9.165,28.512,7.634,25.894,13.463,25.889,37.281,9.918,5.948,17.418,8.369,10.598,0.030,0.119,80.857,45.777,108.369,4.810,118.069,121.512,23.911,0.000,0.000,14.229,67.281,1.141,-0.060,0.081,-0.042,0.068,,78.000,41.000,18.836,0.062,2.691,1.089,0.240,0.417,0.073,0.815,0.306,1.069,0.063,1.192,0.401,0.729,0.120,1.172,3.621,5.948,1.320,3.598,0.173,0.526,0.051,1.061,4.859,5.000,0.984,0.000,0.000,0.586,2.769,0.491,0.341,0.030,0.199,0.026,0.127,0.036,0.397,0.002,0.255,0.032,0.224,0.034,0.147,0.214,1.770,0.235,0.700,0.013,0.190,0.016,0.155,0.316,0.228,0.152,0.002,0.002,0.086,0.170,0.065,0.049,1.039
8478507,John Marino,UTA,D,29.700,True,True,254.000,0.075,0.000,0.000,0.000,,20.138,70.924,43.862,79.862,1442.518,917.424,1813.876,1274.860,6.102,112.365,49.191,17.975,0.086,1.584,0.694,3.558,0.982,6.873,2.434,21.741,11.602,31.642,8.127,25.299,13.570,26.096,36.534,9.475,3.498,19.582,10.497,11.244,0.035,0.159,54.626,31.555,75.540,4.043,28.806,71.950,17.027,0.000,0.000,21.481,73.170,1.022,-0.067,0.081,-0.050,0.068,,80.000,36.000,17.805,0.091,1.578,0.663,0.128,0.334,0.039,0.832,0.392,0.712,0.069,1.127,0.421,0.697,0.082,1.171,2.347,5.312,0.948,2.990,0.138,0.455,0.051,1.187,1.198,2.993,0.708,0.000,0.000,0.893,3.043,0.344,0.325,0.030,0.187,0.028,0.125,0.035,0.369,0.002,0.257,0.031,0.214,0.033,0.144,0.211,1.575,0.253,0.806,0.012,0.176,0.017,0.159,0.318,0.222,0.160,0.002,0.002,0.086,0.176,0.068,0.050,1.016
8484258,Sam Malinski,COL,D,28.517,True,True,181.000,0.090,0.000,0.000,0.000,,17.533,69.194,26.193,82.193,1261.822,487.128,1678.726,1170.720,14.348,46.267,30.487,16.919,0.207,0.669,0.441,6.340,1.145,11.452,3.729,20.256,6.886,32.135,9.283,26.595,9.177,27.530,40.148,11.684,5.475,17.426,10.789,9.466,0.124,0.582,127.733,47.314,175.456,5.012,47.483,89.557,20.237,0.000,0.000,21.823,68.922,1.086,0.003,0.087,-0.144,0.072,,82.000,40.000,16.224,0.228,0.684,0.397,0.258,0.447,0.054,0.587,0.438,1.305,0.072,0.721,0.379,0.789,0.081,0.999,6.284,5.244,0.882,6.259,0.234,0.623,0.056,0.505,2.258,4.258,0.962,0.000,0.000,1.038,3.277,0.479,0.280,0.032,0.183,0.031,0.129,0.037,0.361,0.002,0.283,0.032,0.214,0.035,0.150,0.229,1.470,0.343,1.064,0.013,0.168,0.022,0.189,0.366,0.241,0.191,0.002,0.002,0.092,0.200,0.080,0.059,1.070
8484142,Denver Barkey,PHI,F,21.766,True,True,43.000,0.134,1.000,1.000,1.000,dailyfaceoff:ir:dtd,14.194,55.073,5.422,73.422,773.679,177.138,1104.928,667.287,90.876,1.303,14.213,12.117,1.650,0.024,0.258,9.627,1.818,17.267,5.921,16.982,2.943,28.444,9.577,26.609,5.721,27.651,43.860,14.354,9.274,15.160,11.124,5.858,2.035,3.689,66.049,15.685,102.914,8.927,58.019,24.332,21.577,10.622,16.707,11.064,35.420,0.961,0.020,0.154,-0.102,0.109,1.015,43.000,17.000,12.371,1.559,0.025,0.240,0.607,1.294,0.409,2.326,0.690,1.296,0.236,1.204,0.332,0.878,0.034,0.849,4.514,9.013,3.598,8.915,0.549,1.375,0.409,3.077,4.499,1.887,1.673,0.824,1.296,0.858,2.747,0.810,1.035,0.105,0.397,0.179,0.756,0.089,0.359,0.129,0.681,0.049,0.329,0.025,0.386,0.538,1.539,1.200,2.258,0.069,0.340,0.148,0.817,0.946,0.263,0.397,1.497,1.681,0.161,0.316,0.153,0.149,1.073
8485402,Michael Misa,SJS,F,19.959,True,True,45.000,0.221,0.000,0.000,0.000,,13.992,50.067,0.000,76.543,698.742,42.622,1101.668,623.000,60.857,1.617,13.268,12.443,1.216,0.032,0.265,11.078,0.000,20.138,7.329,14.306,0.000,26.589,9.461,25.384,0.994,26.834,45.716,15.734,10.229,12.434,7.291,7.015,2.126,2.262,75.238,5.239,126.979,11.232,23.154,25.454,13.637,192.914,226.142,9.854,32.397,0.931,0.308,0.153,0.179,0.109,1.216,45.000,20.000,12.516,1.221,0.034,0.221,0.744,1.935,0.422,2.391,0.483,1.008,0.247,1.311,0.478,0.930,0.035,0.869,6.105,9.806,3.835,8.116,0.762,2.669,0.436,2.723,1.988,2.186,1.171,16.565,19.419,0.846,2.782,0.567,0.595,0.107,0.414,0.181,0.773,0.091,0.375,0.131,0.698,0.050,0.342,0.025,0.392,0.551,1.660,1.207,2.296,0.071,0.364,0.149,0.834,0.961,0.264,0.396,1.411,1.620,0.159,0.309,0.152,0.148,1.025
8477919,Frederick Gaudreau,SEA,F,33.755,True,True,299.000,0.080,0.000,0.000,0.000,,15.465,70.787,42.432,79.432,1165.280,713.464,1464.804,904.238,31.904,190.388,38.751,12.774,0.451,2.690,0.547,9.588,3.811,15.246,4.662,15.533,7.462,24.253,6.630,25.121,13.165,25.390,37.614,9.894,9.630,15.835,9.589,5.944,0.895,0.816,82.618,49.561,111.512,9.148,38.587,52.145,11.199,378.338,430.311,22.552,41.660,1.078,-0.431,0.090,0.107,0.074,,68.000,24.000,12.850,0.390,1.771,0.454,0.437,1.690,0.169,2.494,0.467,1.040,0.152,2.647,0.337,0.525,0.020,0.986,4.508,9.434,1.966,5.308,0.417,1.715,0.145,2.317,1.987,2.685,0.577,19.480,22.157,1.161,2.145,0.255,0.328,0.062,0.266,0.105,0.503,0.058,0.259,0.088,0.481,0.037,0.241,0.020,0.298,0.255,1.017,0.455,1.222,0.035,0.236,0.062,0.510,0.480,0.165,0.188,1.246,1.319,0.105,0.161,0.075,0.079,1.015
8483495,Simon Nemec,CGY,D,22.962,True,True,155.000,0.192,0.000,0.000,0.000,,20.250,56.219,0.117,81.117,1226.777,65.999,1878.343,1043.834,121.186,24.316,37.441,18.567,2.156,0.432,0.666,7.218,0.000,13.765,5.104,19.295,0.000,33.317,11.625,26.513,0.000,28.179,44.877,15.634,6.221,19.083,9.727,9.568,1.446,4.893,92.537,3.861,152.449,6.033,20.528,92.153,28.469,0.000,0.000,18.602,69.230,1.103,-0.138,0.095,0.141,0.077,,68.000,26.000,18.169,1.208,0.345,0.529,0.241,0.617,0.088,1.205,0.364,1.153,0.101,1.468,0.348,1.243,0.091,1.378,3.856,9.608,1.425,8.769,0.204,0.785,0.105,1.362,1.004,4.507,1.392,0.000,0.000,0.910,3.386,0.679,0.404,0.038,0.177,0.034,0.138,0.040,0.323,0.002,0.296,0.033,0.208,0.036,0.153,0.272,1.139,0.382,1.201,0.016,0.142,0.024,0.209,0.338,0.242,0.188,0.002,0.002,0.102,0.217,0.080,0.061,1.073
8482100,Alexander Nikishin,CAR,D,25.333,False,True,81.000,0.103,15.000,15.000,15.000,moneypuck_return_date,18.692,49.170,5.008,64.008,937.852,163.259,1330.280,782.196,70.210,55.382,30.065,15.908,1.428,1.126,0.611,7.000,0.000,12.733,4.718,19.619,2.487,32.328,10.688,26.619,3.853,28.254,43.666,14.139,4.561,14.521,9.665,9.955,1.557,4.594,74.996,13.819,112.392,4.911,83.256,60.788,21.711,0.000,0.000,15.548,55.333,1.064,0.138,0.111,0.141,0.087,0.720,81.000,32.000,15.640,1.367,1.056,0.628,0.229,0.867,0.107,0.930,0.345,1.498,0.088,1.630,0.376,1.408,0.083,1.488,4.498,9.429,1.906,7.111,0.245,0.900,0.102,1.147,5.326,3.889,1.389,0.000,0.000,0.995,3.540,0.633,0.355,0.040,0.175,0.032,0.134,0.042,0.330,0.002,0.296,0.035,0.209,0.036,0.154,0.316,1.169,0.353,1.175,0.018,0.142,0.022,0.208,0.432,0.290,0.233,0.003,0.003,0.113,0.249,0.097,0.074,1.078
8475848,Brendan Gallagher,VAN,F,34.741,True,True,273.000,0.089,0.000,0.000,0.000,,12.054,71.697,43.073,82.073,916.232,541.023,1179.042,787.533,107.440,1.478,19.781,10.984,1.498,0.021,0.276,11.333,5.212,18.765,5.221,13.646,6.138,21.483,6.188,24.979,12.381,24.762,37.143,9.845,10.737,13.121,7.175,6.471,2.296,2.597,111.547,63.222,149.165,15.850,75.763,24.093,38.171,5.646,7.957,12.169,43.384,0.761,0.412,0.093,-0.016,0.076,,77.000,23.000,10.495,1.289,0.011,0.258,0.594,1.215,0.314,2.299,0.432,0.594,0.192,0.474,0.352,0.800,0.029,0.507,7.338,7.294,3.186,6.342,0.893,1.628,0.359,3.655,4.961,1.578,2.500,0.370,0.521,0.797,2.841,1.128,1.118,0.064,0.255,0.154,0.524,0.058,0.222,0.115,0.450,0.037,0.208,0.022,0.301,0.276,0.906,1.100,1.544,0.036,0.206,0.136,0.563,0.556,0.157,0.235,0.758,0.856,0.103,0.179,0.091,0.090,1.013
8483690,Noah Laba,NYR,F,23.496,True,True,74.000,0.134,0.000,0.000,0.000,,14.063,66.578,27.419,80.419,947.287,427.538,1271.950,811.812,35.952,84.628,14.895,12.193,0.540,1.271,0.224,9.609,3.084,16.450,5.286,14.746,5.234,24.076,7.531,24.356,9.354,23.905,38.455,11.445,8.935,13.380,8.131,6.615,1.218,1.165,71.162,31.635,103.532,10.996,102.471,39.458,29.065,309.335,298.284,12.638,36.708,0.874,-0.150,0.127,0.068,0.097,0.942,74.000,24.000,12.137,0.538,1.192,0.197,0.491,1.891,0.321,2.860,0.489,0.373,0.171,1.216,0.366,1.390,0.025,0.757,4.296,9.276,4.303,5.661,0.598,1.744,0.598,4.109,6.490,2.499,1.841,19.593,18.893,0.800,2.325,0.824,0.727,0.089,0.401,0.150,0.723,0.077,0.358,0.113,0.654,0.045,0.330,0.024,0.374,0.405,1.642,0.743,2.027,0.054,0.368,0.098,0.774,0.789,0.236,0.313,1.647,1.758,0.140,0.238,0.121,0.120,0.990
8480855,Jack McBain,UTA,F,27.072,True,True,306.000,0.081,0.000,0.000,0.000,,13.939,69.819,33.405,81.405,957.641,483.467,1253.881,818.354,22.046,89.236,28.005,11.721,0.316,1.278,0.401,10.133,4.011,17.045,5.107,14.727,6.254,22.931,6.754,24.860,11.283,25.644,37.953,10.506,9.900,13.935,9.136,5.591,0.358,0.468,82.686,39.151,114.516,13.300,233.069,40.148,61.008,272.990,283.748,11.451,47.382,0.804,0.170,0.092,0.133,0.075,,75.000,25.000,11.816,0.342,1.365,0.416,0.591,0.953,0.232,2.440,0.563,0.617,0.223,0.883,0.350,0.589,0.020,0.564,5.467,8.710,1.327,6.306,0.793,1.599,0.184,3.482,14.603,2.515,3.822,17.104,17.778,0.717,2.969,1.396,1.008,0.067,0.371,0.116,0.566,0.059,0.327,0.092,0.502,0.039,0.304,0.021,0.316,0.272,1.508,0.492,1.370,0.037,0.343,0.066,0.568,0.550,0.171,0.217,1.155,1.233,0.106,0.165,0.085,0.085,1.016
8481618,Alex Newhook,MTL,F,26.010,True,True,261.000,0.172,0.000,0.000,0.000,,14.780,56.841,14.605,74.705,825.141,288.075,1164.723,695.877,56.796,44.855,27.614,12.243,0.999,0.789,0.486,12.384,3.677,20.226,6.466,12.810,3.594,21.564,6.883,25.194,7.269,26.350,40.889,12.266,11.809,12.638,7.395,5.415,1.258,1.492,73.218,25.215,108.688,10.419,52.752,21.956,15.824,166.887,204.642,9.241,28.623,1.148,-0.089,0.099,0.099,0.080,,42.000,25.000,12.331,1.118,0.767,0.563,0.797,1.267,0.358,2.397,0.544,0.517,0.211,0.736,0.338,1.037,0.030,0.917,4.968,9.087,3.820,9.002,0.675,1.411,0.382,2.109,3.836,1.597,1.151,12.135,14.880,0.672,2.081,0.582,0.602,0.075,0.287,0.160,0.548,0.066,0.254,0.117,0.480,0.041,0.237,0.023,0.313,0.307,0.984,0.895,1.414,0.041,0.225,0.116,0.537,0.551,0.170,0.228,1.107,1.194,0.111,0.186,0.090,0.091,1.031
8470613,Brent Burns,COL,D,41.900,True,True,328.000,0.038,0.000,0.000,0.000,,18.012,74.033,45.395,82.395,1377.004,810.056,1748.700,1138.927,46.499,144.352,47.226,15.384,0.628,1.950,0.638,6.906,2.199,10.993,3.595,19.025,8.783,28.544,8.003,25.931,13.179,26.357,38.438,10.262,6.097,17.041,9.612,9.413,0.404,1.828,130.494,77.312,171.695,5.578,19.976,75.040,25.681,0.081,0.000,20.271,85.474,1.122,0.191,0.077,0.107,0.065,,82.000,35.000,14.752,0.690,1.995,0.574,0.276,0.460,0.031,0.541,0.369,0.947,0.059,0.935,0.336,1.166,0.065,1.265,6.100,8.952,1.265,6.000,0.231,0.627,0.044,0.754,0.870,3.270,1.119,0.004,0.000,0.883,3.724,0.557,0.271,0.025,0.119,0.023,0.106,0.032,0.232,0.002,0.231,0.028,0.166,0.030,0.134,0.192,0.781,0.221,0.691,0.011,0.101,0.015,0.141,0.298,0.204,0.153,0.002,0.002,0.076,0.160,0.064,0.049,1.070
8484999,Ilya Protas,WSH,F,20.542,True,True,4.000,0.172,0.000,0.000,0.000,,15.933,49.349,11.847,65.847,750.350,324.594,1034.380,646.418,78.992,8.271,16.670,13.099,1.601,0.168,0.338,9.418,3.179,15.893,5.080,14.479,4.984,23.495,7.452,23.897,8.838,24.474,38.070,11.478,11.066,15.225,8.860,5.620,2.145,2.486,85.762,32.972,132.714,11.289,30.450,21.407,21.760,188.756,210.600,11.952,29.125,0.968,-0.123,0.237,0.059,0.136,1.105,4.000,4.000,13.621,1.784,0.149,0.379,0.716,1.914,0.445,2.759,0.685,1.061,0.271,1.822,0.396,0.925,0.037,1.496,6.367,10.512,3.800,10.107,0.690,2.228,0.434,3.101,2.435,1.712,1.740,15.094,16.840,0.956,2.329,0.792,0.625,0.127,0.467,0.181,0.807,0.106,0.437,0.131,0.743,0.053,0.394,0.025,0.402,1.020,2.140,1.208,2.477,0.117,0.458,0.149,0.896,1.913,0.467,0.746,4.454,4.698,0.226,0.583,0.276,0.245,0.988
8479619,Michael Carcone,UTA,F,30.705,True,True,215.000,0.099,0.000,0.000,0.000,,12.471,64.512,19.619,80.719,793.692,259.854,1094.313,728.884,53.087,0.627,11.095,11.298,0.823,0.010,0.172,12.515,3.285,20.807,6.548,11.928,3.162,20.028,6.535,24.443,7.523,25.793,38.796,11.835,11.044,10.987,6.232,5.696,1.451,1.274,101.580,32.002,145.466,11.023,92.167,15.038,22.828,8.867,11.374,11.110,39.981,1.087,0.244,0.100,0.053,0.081,,79.000,31.000,11.390,0.892,0.010,0.178,0.767,1.447,0.411,2.363,0.409,0.706,0.193,0.775,0.378,0.620,0.028,0.580,7.529,9.864,3.780,7.288,0.754,1.500,0.432,2.898,6.968,1.137,1.726,0.670,0.860,0.840,3.022,0.690,0.888,0.071,0.312,0.160,0.618,0.062,0.278,0.118,0.549,0.039,0.258,0.023,0.332,0.304,1.205,1.109,1.825,0.041,0.269,0.137,0.671,0.633,0.177,0.262,0.774,0.913,0.116,0.202,0.102,0.101,1.016
8482655,J.J. Moser,TBL,D,26.656,True,True,295.000,0.107,0.000,0.000,0.000,,21.567,71.680,34.957,83.957,1600.749,756.166,2083.023,1385.563,10.265,148.623,56.298,19.330,0.143,2.073,0.785,5.825,1.060,10.600,3.463,19.538,7.518,30.072,8.662,25.363,10.707,25.698,38.547,10.942,5.633,18.286,7.721,11.817,0.073,0.363,91.998,43.583,126.990,5.512,64.235,98.328,40.413,0.000,0.000,20.729,74.272,1.049,0.186,0.079,0.089,0.066,,79.000,28.000,18.179,0.125,2.358,0.905,0.210,0.413,0.057,0.611,0.274,0.889,0.064,0.624,0.413,1.097,0.102,1.152,3.761,5.295,0.810,2.372,0.201,0.457,0.058,0.703,2.408,3.686,1.515,0.000,0.000,0.777,2.784,0.662,0.629,0.030,0.172,0.027,0.128,0.035,0.319,0.002,0.257,0.031,0.204,0.034,0.147,0.208,1.217,0.240,0.735,0.012,0.149,0.016,0.157,0.308,0.219,0.151,0.002,0.002,0.083,0.166,0.064,0.048,1.062
8480145,Neal Pionk,WPG,D,31.513,True,True,284.000,0.121,0.000,0.000,0.000,,22.106,61.942,19.309,76.309,1321.265,524.300,1783.511,1051.211,102.804,116.488,50.763,16.971,1.660,1.881,0.820,5.066,0.873,9.605,3.099,18.482,6.723,28.574,8.560,23.548,8.473,24.571,36.432,10.658,5.306,19.943,8.476,10.006,1.182,4.105,101.824,38.681,143.029,4.633,119.243,85.051,33.842,0.000,0.000,18.861,68.853,1.083,-0.130,0.082,0.147,0.069,,51.000,12.000,17.523,1.467,2.129,0.987,0.187,0.722,0.046,0.827,0.348,1.136,0.086,1.095,0.387,1.449,0.104,1.581,4.451,10.905,0.781,4.299,0.154,0.649,0.052,0.862,5.415,3.862,1.537,0.000,0.000,0.857,3.127,0.718,0.381,0.032,0.149,0.028,0.122,0.036,0.274,0.002,0.262,0.031,0.189,0.033,0.143,0.223,0.891,0.272,0.860,0.013,0.116,0.018,0.167,0.279,0.213,0.149,0.002,0.002,0.086,0.174,0.064,0.051,0.986
8481013,Jonatan Berggren,STL,F,26.546,True,True,205.000,0.165,0.000,0.000,0.000,,13.850,62.377,22.532,80.532,863.355,340.025,1209.428,773.048,69.913,1.370,19.024,12.393,1.121,0.022,0.305,9.977,2.661,16.850,5.392,13.331,3.619,22.616,7.089,23.308,8.073,23.321,36.775,11.392,10.698,14.093,7.805,5.526,1.927,1.421,76.166,27.857,112.387,9.613,41.137,18.335,15.016,4.140,6.332,10.659,39.613,1.112,-0.288,0.105,-0.060,0.084,,51.000,22.000,12.497,1.082,0.019,0.251,0.590,1.773,0.392,3.206,0.544,0.781,0.223,1.045,0.384,0.508,0.030,0.951,4.951,7.684,3.442,10.547,0.556,1.335,0.395,2.797,2.859,1.274,1.044,0.288,0.440,0.741,2.753,0.518,0.950,0.080,0.329,0.171,0.669,0.069,0.295,0.123,0.591,0.042,0.271,0.024,0.350,0.336,1.215,1.162,1.924,0.045,0.269,0.143,0.701,0.626,0.180,0.263,0.852,0.998,0.120,0.213,0.103,0.104,0.979
8476458,Ryan Strome,CGY,F,33.561,True,True,295.000,0.060,0.000,0.000,0.000,,13.309,60.271,1.315,81.315,840.017,57.542,1250.600,712.614,91.249,8.245,27.909,11.823,1.514,0.137,0.463,8.277,0.000,15.052,5.454,17.248,1.099,29.681,10.303,25.525,1.066,27.724,43.718,14.737,7.922,15.108,10.053,7.195,1.068,2.896,73.614,3.877,115.340,9.487,30.837,18.020,41.554,241.458,311.473,11.461,48.529,0.851,0.228,0.093,0.175,0.076,,52.000,20.000,11.493,1.339,0.097,0.380,0.523,0.672,0.326,1.385,0.584,0.764,0.205,1.468,0.379,0.903,0.030,0.911,5.154,5.599,2.837,7.529,0.601,0.868,0.370,2.102,2.203,1.287,2.968,17.247,22.248,0.819,3.466,1.262,0.660,0.066,0.242,0.151,0.455,0.060,0.219,0.114,0.395,0.037,0.204,0.022,0.274,0.278,0.845,0.978,1.265,0.037,0.191,0.124,0.460,0.516,0.151,0.220,0.787,0.886,0.103,0.178,0.086,0.087,1.073
8476480,Vladislav Namestnikov,WPG,F,34.193,True,True,293.000,0.088,0.000,0.000,0.000,,13.402,73.300,48.351,81.351,1005.526,666.760,1258.888,817.653,104.172,55.859,27.842,11.155,1.421,0.762,0.380,8.965,3.579,15.212,4.418,14.470,6.464,23.087,6.376,23.435,11.860,23.720,34.668,9.405,9.645,15.004,7.536,6.934,1.806,2.887,82.596,51.270,111.247,12.406,82.386,40.207,24.902,180.136,241.808,13.311,40.559,0.831,-0.033,0.095,-0.132,0.077,,60.000,14.000,11.065,1.340,0.627,0.371,0.454,1.119,0.318,2.640,0.423,0.716,0.163,1.402,0.361,1.008,0.028,1.079,4.581,8.051,3.017,7.281,0.612,1.249,0.487,3.113,4.916,2.399,1.486,10.749,14.429,0.794,2.420,0.669,0.773,0.066,0.267,0.130,0.515,0.060,0.241,0.101,0.465,0.037,0.225,0.021,0.303,0.279,0.951,0.641,1.458,0.037,0.219,0.086,0.544,0.530,0.162,0.222,1.043,1.117,0.106,0.177,0.087,0.087,0.986
8477407,Anthony Duclair,NYI,F,31.436,True,True,199.000,0.130,0.000,0.000,0.000,,13.081,61.976,19.387,79.387,818.810,280.434,1143.920,724.047,72.713,1.606,20.444,11.683,1.173,0.026,0.330,12.163,3.272,20.725,6.487,13.107,4.037,22.204,7.094,25.270,7.328,26.173,40.830,12.314,10.521,12.218,7.879,5.228,2.708,1.615,74.239,26.545,109.025,9.863,24.280,31.984,14.224,5.244,8.873,11.789,34.143,1.106,0.003,0.103,0.231,0.083,,62.000,27.000,11.499,1.158,0.024,0.399,0.631,1.933,0.355,1.623,0.524,0.455,0.204,1.351,0.310,0.787,0.029,0.530,4.949,9.904,3.142,7.122,0.562,1.938,0.361,2.111,1.779,2.344,1.042,0.384,0.650,0.864,2.502,0.516,0.655,0.072,0.285,0.158,0.529,0.064,0.256,0.117,0.460,0.039,0.237,0.023,0.301,0.313,1.045,1.094,1.498,0.042,0.234,0.136,0.547,0.614,0.175,0.258,0.832,0.958,0.116,0.204,0.100,0.100,1.064
8476931,Jake McCabe,TOR,D,33.306,True,True,295.000,0.067,0.000,0.000,0.000,,21.671,73.690,49.219,81.219,1655.989,1101.684,2044.935,1345.774,13.314,236.373,60.528,18.262,0.181,3.208,0.821,4.351,0.996,7.967,2.589,19.096,9.824,28.490,7.098,23.447,12.804,23.637,33.486,8.502,4.314,19.208,8.981,10.115,0.094,0.318,73.762,46.016,98.885,3.808,128.742,158.045,50.445,0.000,0.000,19.336,88.832,1.074,-0.025,0.076,-0.153,0.064,,80.000,25.000,17.942,0.276,2.546,0.907,0.159,0.419,0.028,0.546,0.348,0.660,0.063,0.825,0.376,0.784,0.090,1.208,2.930,7.016,1.085,2.186,0.136,0.519,0.043,0.476,4.665,5.726,1.828,0.000,0.000,0.701,3.219,0.797,0.456,0.027,0.170,0.024,0.117,0.033,0.337,0.002,0.240,0.029,0.203,0.032,0.139,0.194,1.374,0.225,0.674,0.011,0.160,0.015,0.147,0.289,0.211,0.142,0.002,0.002,0.080,0.159,0.060,0.046,0.989
8478133,Jake Evans,MTL,F,30.667,True,True,286.000,0.099,0.000,0.000,0.000,,15.108,68.670,33.178,80.177,1029.578,533.309,1340.044,798.829,3.975,184.488,42.285,11.633,0.058,2.687,0.616,9.408,3.115,15.574,4.908,14.837,6.229,23.876,6.940,24.245,11.420,23.877,37.373,10.506,8.789,13.866,9.029,5.808,0.056,0.049,64.182,31.719,89.390,10.937,82.724,48.032,16.802,460.635,393.917,14.758,49.945,0.895,-0.209,0.092,-0.141,0.076,,68.000,24.000,11.717,0.065,2.613,0.713,0.414,0.789,0.328,3.140,0.487,0.338,0.229,1.747,0.338,0.361,0.022,1.185,3.666,5.179,3.303,6.927,0.541,1.171,0.335,3.725,4.821,2.799,0.979,26.844,22.956,0.860,2.911,0.460,0.901,0.061,0.401,0.090,0.443,0.057,0.378,0.079,0.426,0.038,0.345,0.019,0.279,0.252,1.883,0.374,0.856,0.035,0.417,0.050,0.441,0.524,0.179,0.197,1.436,1.493,0.106,0.151,0.078,0.079,1.031
8482511,Mason Lohrei,BOS,D,26.040,True,True,191.000,0.120,0.000,0.000,0.000,,17.482,56.057,4.208,83.208,1026.063,97.272,1645.911,905.786,82.632,9.161,28.484,16.158,1.474,0.163,0.508,5.375,0.000,11.424,4.106,18.459,1.137,34.117,11.835,23.834,1.138,26.183,42.235,14.968,4.784,16.302,8.669,9.790,1.022,4.742,62.291,5.027,105.570,4.196,24.798,73.346,16.788,0.000,0.000,17.676,75.408,1.074,-0.039,0.088,0.118,0.073,,73.000,26.000,15.453,1.376,0.179,0.474,0.232,0.660,0.080,0.767,0.333,1.442,0.094,1.309,0.383,1.599,0.079,1.366,3.221,7.769,1.675,5.722,0.198,0.616,0.088,0.724,1.450,4.289,0.982,0.000,0.000,1.034,4.410,0.503,0.344,0.035,0.156,0.032,0.132,0.039,0.292,0.002,0.287,0.032,0.198,0.036,0.152,0.247,0.938,0.384,1.090,0.015,0.118,0.024,0.189,0.335,0.224,0.188,0.002,0.002,0.092,0.203,0.079,0.060,1.014
8477426,Nick Paul,TOR,F,31.871,True,True,289.000,0.083,0.000,0.000,0.000,override,13.718,58.908,8.003,77.003,808.446,199.167,1151.832,664.640,77.361,31.385,35.059,11.283,1.313,0.533,0.595,11.326,2.943,18.637,6.223,11.605,1.857,19.499,6.701,22.931,5.722,23.842,37.194,11.847,10.683,11.405,6.374,5.231,1.829,1.731,77.935,19.165,116.455,11.366,61.872,23.056,16.726,296.901,264.832,13.303,33.864,1.010,-0.366,0.093,-0.035,0.076,,51.000,15.000,11.623,1.107,0.411,0.577,0.645,1.338,0.274,2.854,0.404,0.562,0.240,1.612,0.337,0.757,0.027,0.706,5.594,6.172,3.574,10.511,0.664,1.492,0.326,3.279,4.592,1.711,1.241,22.035,19.655,0.987,2.513,0.519,0.593,0.066,0.261,0.137,0.477,0.060,0.235,0.105,0.420,0.038,0.219,0.022,0.283,0.278,0.931,0.702,1.289,0.037,0.211,0.093,0.482,0.529,0.158,0.221,0.904,0.995,0.105,0.177,0.086,0.087,0.989
8476892,Colton Parayko,STL,D,33.725,True,True,302.000,0.082,0.000,0.000,0.000,,21.608,70.728,33.898,81.897,1573.416,768.238,2042.715,1308.906,24.400,172.945,67.165,18.506,0.345,2.445,0.950,6.741,2.192,12.058,3.762,15.960,6.551,24.333,7.183,22.701,9.784,23.481,34.243,9.638,6.152,16.981,6.863,9.096,0.153,0.576,101.922,47.764,138.606,5.482,87.538,148.819,18.545,0.000,0.000,30.879,83.830,1.117,0.001,0.073,-0.117,0.062,,77.000,18.000,18.352,0.219,2.259,0.778,0.235,0.343,0.053,0.650,0.259,0.783,0.067,1.017,0.362,0.724,0.096,1.078,4.162,5.696,1.907,2.971,0.200,0.473,0.082,0.615,3.338,5.675,0.707,0.000,0.000,1.177,3.197,0.324,0.342,0.026,0.165,0.024,0.117,0.033,0.324,0.002,0.242,0.029,0.199,0.032,0.138,0.187,1.294,0.229,0.708,0.011,0.154,0.016,0.149,0.275,0.203,0.136,0.002,0.002,0.079,0.155,0.058,0.044,0.979
8484197,Oliver Moore,CHI,F,22.026,True,True,59.000,0.128,0.000,0.000,0.000,,13.676,56.376,6.257,77.357,762.679,149.605,1124.621,663.832,54.569,20.413,23.864,11.775,0.968,0.362,0.423,7.909,0.890,15.135,5.121,15.398,3.223,26.859,9.207,23.307,4.919,23.090,39.152,13.230,8.016,13.101,8.668,6.730,1.332,2.371,69.940,12.691,111.496,8.983,35.065,16.695,22.806,109.001,120.948,13.751,44.235,0.894,0.025,0.143,-0.188,0.104,1.006,50.000,19.000,11.967,1.039,0.299,0.371,0.528,1.484,0.338,1.793,0.480,1.774,0.210,0.950,0.455,0.445,0.031,0.708,5.282,8.249,2.781,7.666,0.608,1.452,0.332,2.067,2.759,1.313,1.794,8.575,9.515,1.082,3.480,0.770,0.758,0.099,0.400,0.174,0.710,0.085,0.356,0.126,0.626,0.048,0.328,0.025,0.370,0.485,1.591,1.069,2.027,0.063,0.353,0.135,0.748,0.903,0.252,0.369,1.444,1.607,0.152,0.282,0.142,0.138,1.013
8479638,Justin Brazeau,PIT,F,28.997,True,True,159.000,0.109,1.000,1.000,1.000,dailyfaceoff:ir:dtd,12.541,51.029,0.964,83.000,661.948,0.000,1186.915,593.477,54.086,1.388,12.997,11.630,1.060,0.027,0.255,11.439,0.000,23.052,9.135,11.665,0.000,24.513,9.454,23.103,0.000,24.981,46.394,17.648,9.876,10.441,7.357,4.308,2.035,1.299,73.852,0.000,138.245,10.270,80.543,31.004,10.404,1.650,5.897,9.811,31.756,1.057,-0.017,0.109,0.064,0.086,,64.000,34.000,11.332,0.994,0.018,0.197,0.756,1.949,0.349,2.910,0.559,0.741,0.196,1.776,0.326,0.549,0.028,0.614,6.296,10.154,3.196,10.839,0.803,1.739,0.364,3.450,7.301,2.810,0.943,0.150,0.534,0.889,2.878,0.464,0.699,0.077,0.315,0.165,0.654,0.067,0.275,0.120,0.578,0.041,0.255,0.023,0.344,0.337,1.177,1.129,1.937,0.045,0.264,0.140,0.710,0.684,0.191,0.283,0.866,1.008,0.123,0.217,0.110,0.108,1.005
8479671,Mathieu Olivier,CBJ,F,29.971,True,True,263.000,0.108,0.000,0.000,0.000,,14.047,63.055,21.041,78.041,881.817,338.606,1208.576,805.650,5.180,47.868,23.120,12.777,0.082,0.759,0.367,12.312,4.047,20.233,6.134,11.570,3.796,18.982,5.973,23.882,8.823,24.508,37.253,10.893,11.320,11.218,6.378,5.193,0.065,0.073,83.615,31.302,119.682,11.571,207.770,48.299,84.326,6.528,14.744,13.663,27.767,1.055,0.059,0.094,-0.108,0.077,,61.000,26.000,12.821,0.070,0.805,0.351,0.723,0.689,0.322,3.365,0.401,0.433,0.154,1.655,0.341,0.387,0.049,1.002,5.857,5.636,2.050,7.377,0.727,0.924,0.277,3.923,14.137,3.286,5.738,0.444,1.003,0.930,1.889,1.757,1.298,0.068,0.400,0.132,0.578,0.060,0.380,0.103,0.525,0.039,0.343,0.022,0.315,0.280,1.879,0.653,1.505,0.038,0.406,0.088,0.593,0.583,0.177,0.231,1.004,1.125,0.113,0.184,0.091,0.092,1.041
8483490,Pavel Mintyukov,ANA,D,23.187,True,True,204.000,0.111,0.000,0.000,0.000,,19.093,61.412,0.000,82.149,1340.899,23.250,1979.782,1053.927,58.928,187.643,40.400,17.162,0.960,3.055,0.658,6.244,0.000,11.377,4.239,17.100,0.000,28.786,10.069,23.344,0.000,25.378,39.125,13.280,5.885,16.019,7.764,9.336,0.342,2.665,79.976,1.985,124.066,5.891,62.344,100.263,21.975,0.000,0.000,16.062,64.662,1.056,-0.091,0.088,0.140,0.073,,73.000,22.000,15.786,0.806,2.049,0.453,0.274,0.328,0.056,0.862,0.281,1.520,0.065,0.942,0.369,1.023,0.113,1.356,3.708,6.028,1.534,6.139,0.239,0.433,0.094,1.433,2.790,4.486,0.983,0.000,0.000,0.719,2.893,0.447,0.532,0.034,0.170,0.030,0.136,0.038,0.305,0.002,0.281,0.032,0.201,0.035,0.152,0.245,1.093,0.293,0.971,0.014,0.135,0.020,0.188,0.362,0.243,0.187,0.002,0.002,0.089,0.192,0.077,0.059,1.019
8483468,Jiri Kulich,BUF,F,22.801,True,True,75.000,0.147,1.000,1.000,1.000,dailyfaceoff:ir:dtd,16.270,48.971,4.874,65.874,819.333,279.486,1146.673,692.162,78.725,4.443,44.004,14.134,1.608,0.091,0.899,12.075,2.883,20.182,6.308,11.710,2.662,20.632,6.721,23.785,6.925,24.237,38.780,12.038,12.792,13.527,6.716,4.994,1.195,1.441,104.653,33.532,153.944,13.068,36.939,32.304,17.302,234.536,292.818,11.557,33.641,0.999,0.143,0.142,0.008,0.104,1.002,12.000,5.000,13.909,1.514,0.069,0.779,0.834,0.965,0.411,2.562,0.521,0.676,0.253,1.152,0.369,0.592,0.034,1.006,7.144,11.777,3.497,8.893,0.786,1.192,0.406,3.274,2.705,2.366,1.267,17.175,21.443,0.846,2.463,0.585,0.740,0.100,0.386,0.177,0.653,0.086,0.359,0.128,0.582,0.048,0.326,0.025,0.353,0.481,1.489,1.181,1.814,0.062,0.324,0.146,0.652,0.787,0.234,0.338,1.347,1.534,0.153,0.293,0.133,0.135,1.039
8484240,Tom Willander,VAN,D,21.977,True,True,70.000,0.121,0.000,0.000,0.000,,17.957,62.421,17.059,78.059,1239.641,432.389,1705.375,1070.325,77.247,47.599,44.471,17.147,1.238,0.762,0.712,5.106,1.033,9.296,3.531,17.966,5.033,29.193,9.042,23.072,7.086,24.296,37.456,11.417,4.534,16.510,8.354,9.612,0.578,3.342,69.049,23.820,105.358,3.796,39.038,81.083,21.149,0.000,0.000,12.209,61.578,1.079,-0.314,0.118,0.050,0.092,0.617,70.000,21.000,15.748,1.161,0.496,0.552,0.189,0.398,0.087,0.792,0.306,1.094,0.084,1.000,0.338,1.292,0.077,1.453,3.187,5.356,1.504,5.555,0.142,0.500,0.122,0.701,1.889,3.925,1.024,0.000,0.000,0.591,2.980,0.505,0.339,0.042,0.185,0.034,0.139,0.042,0.338,0.002,0.296,0.034,0.210,0.036,0.152,0.336,1.281,0.393,1.262,0.019,0.153,0.024,0.218,0.479,0.310,0.257,0.003,0.003,0.119,0.271,0.106,0.079,1.013
8484223,Axel Sandin-Pellikka,DET,D,21.895,True,True,68.000,0.153,0.000,0.000,0.000,,17.229,59.404,1.851,83.851,1033.037,39.560,1594.610,900.114,78.327,25.465,29.131,15.152,1.319,0.429,0.490,6.308,0.000,12.229,4.745,17.120,0.000,29.624,10.645,23.427,1.128,24.825,40.624,14.318,5.165,15.674,8.393,8.726,0.894,4.446,71.208,2.991,118.736,3.718,19.023,52.481,19.027,0.000,0.000,8.634,56.490,1.110,0.051,0.123,0.267,0.094,0.729,68.000,21.000,14.730,1.726,0.327,0.445,0.268,0.561,0.086,0.786,0.337,1.531,0.093,1.208,0.345,1.587,0.076,1.446,4.020,6.010,1.455,5.014,0.177,0.538,0.092,0.670,1.105,3.048,1.105,0.000,0.000,0.501,3.281,0.587,0.329,0.043,0.181,0.034,0.140,0.043,0.328,0.002,0.302,0.035,0.208,0.036,0.153,0.362,1.181,0.406,1.351,0.021,0.143,0.025,0.230,0.489,0.314,0.269,0.003,0.003,0.122,0.283,0.111,0.083,1.031
8486103,Ivar Stenberg,SJS,F,19.340,True,False,0.000,0.179,0.000,0.000,0.000,,15.034,44.880,0.000,66.052,671.979,140.708,990.354,613.728,31.929,15.467,10.855,13.675,0.711,0.345,0.242,10.058,1.503,18.040,6.064,13.200,2.229,23.780,7.839,23.258,4.481,23.150,39.580,12.932,9.814,12.881,7.825,5.375,0.629,0.988,68.978,12.433,115.553,8.727,57.766,21.222,19.008,58.245,67.941,11.706,32.949,0.991,0.000,0.258,0.000,0.140,1.089,,,13.755,0.715,0.362,0.201,0.828,1.153,0.432,3.435,0.647,0.982,0.284,2.355,0.449,0.830,0.034,1.129,6.071,8.143,3.488,9.076,0.723,1.224,0.402,3.181,5.158,1.895,1.697,5.201,6.066,1.045,2.942,0.752,0.837,0.145,0.542,0.203,0.918,0.120,0.501,0.145,0.837,0.059,0.451,0.028,0.448,1.173,2.255,1.172,2.455,0.128,0.478,0.144,0.889,2.729,0.573,0.972,9.336,8.455,0.248,0.717,0.345,0.289,1.025
8480448,Parker Kelly,COL,F,27.721,True,True,297.000,0.068,0.000,0.000,0.000,,12.795,78.751,50.980,84.000,980.597,605.741,1241.416,805.683,3.472,158.322,13.119,10.231,0.044,2.010,0.167,12.681,5.793,19.698,5.505,11.611,4.630,18.519,5.504,24.292,12.739,24.320,35.901,9.342,11.390,10.454,6.424,5.187,0.054,0.031,90.587,54.294,120.072,10.283,163.876,56.663,30.952,119.553,174.059,16.378,42.464,1.153,-0.511,0.096,-0.313,0.078,,82.000,35.000,10.544,0.050,2.029,0.173,0.724,0.831,0.358,3.090,0.367,0.218,0.180,1.648,0.323,0.271,0.016,1.236,5.910,6.678,3.678,5.212,0.626,1.147,0.370,3.812,10.027,3.467,1.894,7.315,10.650,1.002,2.598,0.887,1.037,0.064,0.429,0.100,0.598,0.057,0.384,0.082,0.537,0.039,0.355,0.020,0.331,0.271,2.005,0.415,1.367,0.037,0.439,0.055,0.632,0.600,0.187,0.230,1.371,1.434,0.108,0.159,0.088,0.086,1.070
8484803,Trevor Connelly,VGK,F,20.925,True,False,0.000,0.174,0.000,0.000,0.000,,13.889,55.459,17.223,71.223,768.547,336.187,1049.248,699.557,36.039,21.816,11.136,12.614,0.650,0.393,0.201,11.082,3.609,18.949,6.154,14.227,4.531,23.564,7.513,25.308,9.046,25.328,40.705,12.360,9.884,12.689,8.387,5.840,0.732,0.998,80.008,31.043,125.805,10.051,74.507,25.234,23.998,63.117,73.145,12.798,35.972,0.991,0.000,0.258,0.000,0.140,1.122,,,12.708,0.660,0.335,0.186,0.733,1.087,0.387,2.922,0.564,0.793,0.244,1.854,0.395,0.689,0.031,0.939,6.186,8.326,3.505,8.640,0.732,1.308,0.399,3.138,5.817,1.970,1.873,4.928,5.710,0.999,2.808,0.805,0.850,0.132,0.493,0.185,0.836,0.109,0.456,0.132,0.762,0.053,0.410,0.025,0.408,1.173,2.255,1.172,2.455,0.128,0.478,0.144,0.889,2.729,0.573,0.972,9.336,8.455,0.248,0.717,0.345,0.289,1.121
8476872,Scott Laughton,LAK,F,32.676,True,True,304.000,0.066,0.000,0.000,0.000,,13.977,71.564,36.705,81.705,968.904,519.864,1250.659,790.368,25.852,120.997,31.686,11.044,0.361,1.691,0.443,10.496,4.197,16.789,4.964,12.947,5.179,20.717,6.154,23.443,10.418,23.962,35.422,9.737,9.849,12.203,8.088,4.859,0.549,0.512,95.594,49.745,129.006,10.945,122.826,41.600,32.479,350.529,308.881,14.453,52.462,0.975,-0.194,0.092,0.013,0.075,,64.000,20.000,11.340,0.377,1.798,0.463,0.555,1.196,0.540,1.765,0.434,0.688,0.372,1.633,0.296,0.433,0.033,0.818,6.083,7.833,4.801,4.563,0.587,1.754,0.584,2.425,7.606,2.576,2.011,21.707,19.128,0.895,3.249,0.905,0.804,0.061,0.280,0.104,0.460,0.056,0.248,0.087,0.428,0.037,0.236,0.020,0.282,0.256,1.061,0.454,1.056,0.035,0.253,0.061,0.468,0.530,0.172,0.207,1.272,1.337,0.105,0.158,0.081,0.082,1.043
8480873,Rasmus Sandin,WSH,D,26.905,False,True,294.000,0.088,15.000,15.000,15.000,moneypuck_return_date,19.380,54.981,16.195,66.195,1088.014,364.216,1471.192,939.558,41.469,69.073,37.914,17.089,0.754,1.256,0.690,3.883,0.000,7.113,2.719,18.315,5.586,29.048,8.718,22.197,5.491,23.060,35.140,10.410,3.708,16.067,9.520,8.795,0.275,1.945,62.274,19.378,90.109,3.558,66.392,85.531,15.701,0.000,0.000,18.715,60.309,1.043,-0.073,0.078,-0.049,0.066,,73.000,29.000,16.631,0.775,1.291,0.683,0.188,0.380,0.061,0.690,0.422,1.293,0.079,1.197,0.382,1.175,0.084,1.313,3.523,4.503,1.517,3.545,0.173,0.459,0.086,0.683,3.661,4.717,0.866,0.000,0.000,1.032,3.326,0.399,0.300,0.031,0.157,0.031,0.129,0.036,0.293,0.002,0.271,0.031,0.197,0.035,0.149,0.211,0.996,0.316,0.897,0.012,0.126,0.021,0.168,0.304,0.210,0.161,0.002,0.002,0.083,0.174,0.068,0.051,0.988
8483506,Sam Rinzel,CHI,D,22.604,True,True,62.000,0.183,0.000,0.000,0.000,,19.198,55.480,6.639,77.639,1069.422,244.983,1584.624,916.108,105.557,15.865,31.892,16.512,1.903,0.286,0.575,5.217,0.932,10.248,3.611,17.285,2.785,29.709,9.622,22.502,3.717,23.228,38.095,12.263,5.165,17.179,8.262,9.023,0.869,4.778,92.418,18.348,144.948,4.934,54.779,64.026,30.805,0.000,0.000,13.843,71.566,1.034,0.108,0.124,-0.071,0.095,0.672,53.000,13.000,16.407,2.021,0.269,0.502,0.249,0.489,0.086,0.907,0.363,1.102,0.101,1.325,0.348,1.597,0.080,1.549,4.823,8.241,1.467,7.336,0.220,0.629,0.094,0.843,3.073,3.592,1.728,0.000,0.000,0.777,4.015,0.851,0.348,0.044,0.181,0.034,0.139,0.044,0.330,0.002,0.306,0.035,0.210,0.036,0.155,0.360,1.153,0.406,1.366,0.021,0.142,0.025,0.233,0.448,0.309,0.256,0.003,0.003,0.128,0.286,0.107,0.082,1.013
8484800,Berkly Catton,SEA,F,21.049,True,True,66.000,0.156,0.000,0.000,0.000,,13.887,60.462,19.016,78.016,846.548,312.532,1196.625,767.898,61.419,1.457,15.774,12.701,1.016,0.024,0.261,10.065,2.807,16.839,5.687,12.463,3.894,21.418,7.074,22.528,6.693,22.949,37.291,11.535,9.732,11.872,6.157,6.306,1.256,1.475,82.114,30.343,122.383,11.261,15.127,28.325,29.510,69.112,86.610,14.521,38.403,0.860,0.297,0.132,0.031,0.099,1.129,66.000,16.000,12.776,0.879,0.016,0.216,0.619,1.186,0.378,2.237,0.359,0.919,0.230,1.224,0.417,0.454,0.031,0.766,5.515,9.105,3.643,8.073,0.712,1.383,0.416,2.736,1.072,2.008,2.091,4.898,6.139,1.029,2.722,0.876,1.037,0.097,0.399,0.180,0.748,0.083,0.360,0.130,0.669,0.047,0.329,0.025,0.382,0.453,1.596,1.205,2.180,0.059,0.350,0.148,0.797,0.823,0.229,0.338,1.071,1.278,0.143,0.265,0.131,0.129,1.015
8476457,Adam Larsson,SEA,D,34.220,True,True,327.000,0.043,0.000,0.000,0.000,,20.646,76.777,56.606,83.606,1673.094,1182.477,2055.587,1361.168,6.110,249.759,56.057,17.729,0.080,3.253,0.730,5.156,1.993,9.443,2.937,17.266,8.867,25.616,6.562,22.421,12.890,21.983,31.975,8.200,4.907,17.444,8.041,9.225,0.036,0.135,97.046,64.233,126.459,4.578,114.143,141.901,37.523,0.000,0.000,19.411,49.735,1.093,0.133,0.072,0.271,0.061,,82.000,25.000,17.581,0.072,2.306,0.687,0.183,0.339,0.027,0.644,0.317,0.678,0.060,0.659,0.349,0.661,0.077,1.088,3.884,5.147,1.306,3.185,0.159,0.461,0.043,0.794,4.093,5.089,1.346,0.000,0.000,0.696,1.784,0.652,0.169,0.025,0.175,0.023,0.115,0.032,0.357,0.002,0.238,0.028,0.207,0.031,0.138,0.181,1.551,0.211,0.675,0.011,0.172,0.015,0.146,0.281,0.201,0.138,0.002,0.002,0.076,0.152,0.058,0.044,1.015
8484873,Cole Hutson,WSH,D,20.597,True,True,14.000,0.164,0.000,0.000,0.000,,18.822,48.068,0.000,67.796,923.368,245.471,1324.941,788.970,93.431,8.789,32.178,16.414,1.944,0.183,0.669,5.283,0.827,9.926,3.427,16.328,4.548,26.532,8.317,21.611,5.417,22.442,35.597,10.834,4.941,16.977,8.508,7.820,0.876,5.638,76.700,20.664,120.604,5.022,56.852,35.757,27.250,0.001,0.001,18.142,50.285,1.062,0.099,0.196,-0.025,0.125,0.724,14.000,10.000,15.974,1.997,0.188,0.663,0.263,0.526,0.092,1.207,0.377,2.022,0.099,1.358,0.350,1.742,0.078,1.499,4.640,6.648,1.624,9.493,0.255,0.489,0.101,1.666,3.694,2.324,1.771,0.000,0.000,1.179,3.268,0.843,0.470,0.051,0.205,0.034,0.141,0.047,0.372,0.002,0.305,0.036,0.216,0.036,0.152,0.597,1.605,0.424,1.508,0.033,0.180,0.025,0.254,0.872,0.528,0.438,0.007,0.007,0.188,0.472,0.178,0.125,0.988
8482245,Artem Zub,OTT,D,31.332,False,True,259.000,0.123,1.000,1.000,1.000,dailyfaceoff:ir:dtd,20.495,69.414,29.143,83.000,1462.475,586.225,1977.067,1200.050,6.126,190.145,66.155,17.288,0.088,2.739,0.953,4.245,0.000,8.248,2.999,19.208,5.880,30.578,9.113,23.453,8.235,23.529,36.471,10.872,3.781,16.782,9.268,9.940,0.039,0.173,74.530,27.852,106.250,3.729,79.900,112.350,45.065,0.000,0.000,19.112,67.206,1.057,-0.098,0.080,-0.219,0.068,,81.000,30.000,16.815,0.117,2.596,0.966,0.150,0.341,0.028,0.601,0.350,0.704,0.054,0.771,0.347,0.780,0.104,1.212,3.485,5.369,0.701,1.862,0.131,0.444,0.051,0.811,3.278,4.609,1.849,0.000,0.000,0.784,2.757,0.887,0.336,0.028,0.184,0.024,0.119,0.034,0.366,0.002,0.237,0.030,0.212,0.032,0.140,0.204,1.582,0.225,0.631,0.012,0.175,0.015,0.142,0.324,0.225,0.159,0.002,0.002,0.082,0.168,0.067,0.050,1.077
8481568,Alex Vlasic,CHI,D,25.659,True,True,244.000,0.076,0.000,0.000,0.000,,21.648,73.589,45.456,82.456,1619.315,977.265,2036.262,1342.665,15.445,212.635,48.570,18.245,0.210,2.889,0.660,3.283,0.926,6.479,2.361,18.744,9.184,28.573,7.596,22.027,10.956,22.113,33.169,8.865,3.455,17.981,8.761,9.983,0.097,0.645,79.201,44.226,108.108,3.455,40.148,121.611,18.512,0.000,0.000,33.244,87.808,1.021,-0.050,0.077,0.001,0.065,,80.000,21.000,18.129,0.223,2.720,0.576,0.125,0.396,0.031,0.545,0.308,1.292,0.062,1.180,0.357,1.112,0.083,1.249,3.166,8.169,1.186,2.541,0.122,0.428,0.055,0.509,1.488,4.506,0.686,0.000,0.000,1.232,3.253,0.293,0.307,0.030,0.172,0.026,0.130,0.035,0.314,0.002,0.266,0.031,0.203,0.033,0.149,0.206,1.189,0.232,0.781,0.012,0.147,0.016,0.169,0.303,0.216,0.148,0.002,0.002,0.081,0.162,0.063,0.048,1.013
8477021,Alexander Kerfoot,NSH,F,32.476,True,True,279.000,0.077,0.000,0.000,0.000,,12.940,73.829,53.301,80.401,1070.264,774.657,1314.623,810.855,32.871,191.962,34.576,10.983,0.445,2.600,0.468,8.746,4.232,13.543,4.036,13.152,6.882,20.036,5.496,21.898,12.056,21.528,31.861,8.154,9.768,14.232,8.307,4.845,0.399,0.987,75.457,49.492,100.888,11.499,57.355,53.469,26.554,234.937,233.292,20.930,58.696,0.936,-0.136,0.101,-0.069,0.082,,34.000,13.000,10.589,0.374,1.578,0.399,0.539,0.814,0.263,2.074,0.542,0.855,0.150,1.232,0.305,1.094,0.066,0.536,4.530,5.544,2.715,4.372,0.603,1.111,0.254,3.346,3.215,2.998,1.489,13.171,13.079,1.173,3.291,0.664,0.770,0.065,0.297,0.105,0.482,0.059,0.249,0.086,0.436,0.038,0.241,0.020,0.289,0.285,1.145,0.456,1.147,0.039,0.272,0.061,0.504,0.608,0.188,0.238,1.334,1.403,0.112,0.172,0.092,0.091,1.009
8484185,Nick Lardis,CHI,F,21.569,True,True,41.000,0.167,0.000,0.000,0.000,,13.530,51.436,0.161,76.161,683.701,91.707,1054.889,594.716,68.898,1.581,18.505,11.562,1.339,0.031,0.360,12.242,0.960,22.079,7.770,9.692,0.830,18.254,6.694,21.934,2.693,22.442,38.601,13.495,11.090,10.246,5.333,4.359,2.370,1.593,74.831,9.618,123.283,10.944,72.126,16.675,14.850,2.591,3.515,8.139,25.701,1.062,-0.132,0.159,-0.061,0.112,1.084,41.000,14.000,11.751,1.438,0.025,0.315,0.833,1.870,0.425,2.180,0.470,0.574,0.231,1.007,0.337,0.892,0.035,0.788,6.044,10.360,3.685,9.508,0.766,2.205,0.416,2.608,6.330,1.463,1.303,0.227,0.308,0.714,2.255,0.626,0.725,0.107,0.407,0.179,0.743,0.091,0.363,0.129,0.659,0.049,0.333,0.025,0.382,0.569,1.607,1.202,2.199,0.072,0.356,0.148,0.798,1.022,0.277,0.423,1.540,1.728,0.165,0.324,0.162,0.155,1.013
8480995,Pontus Holmberg,TBL,F,27.901,True,True,229.000,0.123,0.000,0.000,0.000,,13.327,68.430,27.962,83.963,908.928,358.966,1243.240,868.870,12.051,14.500,13.506,12.697,0.176,0.212,0.197,9.874,3.234,16.279,5.337,13.077,4.273,21.368,6.716,22.951,7.508,23.596,36.466,10.800,9.257,12.427,7.420,5.657,0.175,0.242,79.200,31.384,113.389,11.346,60.809,39.441,30.088,79.683,95.303,11.928,38.676,0.885,-0.239,0.098,-0.285,0.079,,70.000,22.000,12.734,0.151,0.246,0.196,0.554,0.818,0.299,4.409,0.462,0.412,0.163,1.046,0.345,0.733,0.022,1.008,5.169,6.997,3.169,9.660,0.679,1.152,0.222,5.481,4.014,2.603,1.986,5.260,6.291,0.787,2.553,0.892,1.586,0.073,0.404,0.147,0.652,0.063,0.373,0.111,0.579,0.040,0.338,0.023,0.338,0.300,1.823,0.781,1.811,0.041,0.393,0.103,0.683,0.623,0.178,0.250,0.774,0.940,0.116,0.196,0.098,0.098,1.062
8477969,Marcus Pettersson,NYR,D,30.735,True,True,310.000,0.070,0.000,0.000,0.000,,21.252,72.590,16.761,84.000,1491.071,276.160,2039.633,1232.546,7.258,185.668,65.599,16.980,0.100,2.558,0.904,3.422,0.000,7.447,2.645,17.947,2.242,29.149,9.204,21.369,3.335,22.231,34.458,10.757,3.440,17.311,7.808,10.139,0.048,0.171,63.737,11.707,94.517,3.880,76.065,117.638,44.750,0.000,0.000,18.715,71.704,1.005,0.173,0.073,-0.057,0.062,,82.000,18.000,17.878,0.099,2.499,0.776,0.125,0.398,0.027,0.684,0.303,0.681,0.060,0.950,0.401,0.680,0.080,1.108,2.775,5.286,1.079,2.522,0.125,0.643,0.045,0.995,3.061,4.734,1.801,0.000,0.000,0.753,2.885,0.812,0.352,0.027,0.184,0.025,0.122,0.033,0.361,0.002,0.246,0.029,0.211,0.032,0.142,0.188,1.533,0.219,0.689,0.011,0.172,0.015,0.151,0.287,0.205,0.141,0.002,0.002,0.077,0.154,0.059,0.045,0.990
8479998,Mikey Anderson,LAK,D,27.691,True,True,308.000,0.079,0.000,0.000,0.000,,20.833,74.495,43.669,83.669,1615.438,941.317,2047.692,1362.205,6.993,191.130,55.111,18.286,0.094,2.566,0.740,4.323,1.055,8.443,2.791,18.193,9.305,26.880,7.369,22.517,11.417,22.834,33.213,8.935,4.138,17.786,8.364,9.829,0.045,0.175,72.210,40.360,97.973,4.477,113.731,122.802,24.322,0.000,0.000,15.267,55.512,1.042,-0.088,0.074,-0.012,0.063,,80.000,20.000,17.889,0.077,2.209,0.659,0.150,0.367,0.031,0.653,0.312,0.757,0.063,0.880,0.366,0.711,0.081,1.055,2.956,5.592,0.826,1.978,0.164,0.485,0.046,0.606,4.224,4.561,0.903,0.000,0.000,0.567,2.062,0.436,0.478,0.028,0.195,0.026,0.127,0.034,0.388,0.002,0.255,0.030,0.221,0.033,0.146,0.194,1.698,0.227,0.735,0.011,0.185,0.016,0.155,0.295,0.208,0.146,0.002,0.002,0.079,0.159,0.062,0.046,1.043
8476469,Joel Armia,LAK,F,33.673,True,True,257.000,0.107,0.000,0.000,0.000,,13.625,66.219,25.965,80.065,874.510,358.911,1179.851,723.020,40.114,88.020,23.355,10.919,0.606,1.329,0.353,10.351,3.337,17.799,5.494,12.054,4.086,20.429,6.192,22.405,7.431,23.354,35.031,10.477,9.045,11.432,7.948,4.106,0.677,0.835,81.043,32.764,114.672,9.513,61.176,32.152,23.281,18.255,31.289,19.537,44.534,1.055,-0.249,0.097,-0.061,0.079,,67.000,25.000,11.211,0.632,1.413,0.368,0.530,0.884,0.618,2.988,0.521,0.852,0.202,1.006,0.276,0.333,0.020,0.827,5.490,8.842,4.221,7.162,0.545,1.216,0.431,3.858,4.197,2.206,1.597,1.252,2.147,1.340,3.055,0.783,0.498,0.064,0.302,0.104,0.488,0.059,0.272,0.085,0.450,0.038,0.256,0.020,0.292,0.276,1.172,0.444,1.225,0.038,0.273,0.060,0.506,0.552,0.175,0.220,1.249,1.318,0.108,0.170,0.086,0.086,1.043
8474716,Jared Spurgeon,MIN,D,37.175,True,True,240.000,0.076,0.000,0.000,0.000,,18.632,70.277,16.226,84.000,1294.135,256.228,1818.967,1049.166,79.053,131.460,34.456,14.929,1.125,1.871,0.490,4.724,0.000,9.441,3.394,18.080,3.457,29.960,9.662,22.804,3.474,24.318,37.055,11.898,4.189,16.335,8.583,9.497,0.766,3.890,79.588,15.722,118.179,4.355,59.077,111.507,13.267,0.000,0.000,14.081,45.382,1.065,0.013,0.084,-0.251,0.070,,79.000,21.000,15.255,1.364,1.523,0.490,0.171,0.515,0.047,0.716,0.296,1.275,0.079,1.268,0.327,1.392,0.073,1.511,3.819,5.687,1.177,4.757,0.179,0.464,0.060,0.846,2.739,5.170,0.615,0.000,0.000,0.653,2.104,0.289,0.226,0.029,0.133,0.025,0.111,0.035,0.262,0.002,0.256,0.029,0.180,0.031,0.138,0.220,0.861,0.267,0.911,0.013,0.110,0.018,0.170,0.305,0.217,0.166,0.002,0.002,0.086,0.182,0.070,0.054,1.069
8480980,Connor Dewar,PIT,F,27.603,True,True,281.000,0.088,0.000,0.000,0.000,,13.844,61.384,0.307,83.307,949.040,19.841,1417.434,694.660,3.034,227.892,23.454,11.317,0.049,3.713,0.382,10.115,0.000,18.659,6.523,11.262,0.000,20.342,7.405,21.377,1.083,22.748,36.829,12.871,9.430,10.604,6.338,4.924,0.042,0.031,85.598,2.064,134.169,11.256,137.781,44.288,22.081,104.053,123.294,11.255,31.371,0.930,-0.309,0.100,-0.141,0.081,,78.000,30.000,11.027,0.046,2.476,0.295,0.558,0.777,0.308,4.499,0.375,0.268,0.149,2.672,0.352,0.315,0.024,1.167,5.894,6.121,3.624,8.395,0.672,1.264,0.326,5.574,8.711,2.800,1.396,6.578,7.795,0.712,1.983,0.543,0.880,0.067,0.432,0.103,0.597,0.060,0.393,0.086,0.550,0.040,0.360,0.020,0.334,0.283,2.020,0.428,1.295,0.040,0.443,0.057,0.625,0.611,0.198,0.231,1.563,1.624,0.114,0.165,0.090,0.088,1.005
8480434,Sean Durzi,NYR,D,28.282,True,True,238.000,0.190,0.000,0.000,0.000,,19.360,46.370,0.000,80.593,863.363,0.000,1555.637,753.651,59.326,20.295,30.091,16.253,1.279,0.438,0.649,4.685,0.000,10.316,4.179,16.317,0.000,32.470,12.341,21.003,0.000,22.510,41.643,15.661,3.950,13.976,7.647,8.670,0.672,3.342,60.575,0.000,112.983,3.792,27.359,68.958,24.711,0.000,0.000,9.326,55.578,1.059,0.179,0.089,0.111,0.073,,60.000,27.000,17.113,1.262,0.428,0.557,0.229,0.573,0.073,0.969,0.373,1.302,0.098,1.073,0.407,1.592,0.086,1.420,3.886,7.943,1.518,6.765,0.199,0.721,0.079,1.093,1.901,4.792,1.717,0.000,0.000,0.648,3.862,0.784,0.475,0.035,0.150,0.031,0.129,0.039,0.279,0.002,0.280,0.032,0.193,0.035,0.149,0.246,0.885,0.338,1.027,0.015,0.114,0.022,0.182,0.310,0.221,0.173,0.002,0.002,0.094,0.198,0.074,0.057,0.990
8479996,Cody Glass,NJD,F,27.838,True,True,248.000,0.152,0.000,0.000,0.000,,13.670,59.894,11.299,82.299,768.194,153.064,1149.970,676.765,22.237,48.502,20.689,11.299,0.371,0.810,0.345,11.131,2.058,19.493,6.541,10.248,1.039,18.709,6.429,21.379,4.246,22.294,36.095,11.890,9.985,9.633,6.213,4.035,0.534,0.485,79.904,15.561,124.488,9.750,40.047,29.280,20.486,294.734,264.833,10.016,31.029,1.058,-0.198,0.098,-0.172,0.080,,70.000,26.000,12.139,0.409,0.736,0.387,0.768,1.291,0.240,1.897,0.434,0.778,0.157,1.525,0.293,0.452,0.023,0.889,6.341,9.412,2.763,7.702,0.723,1.590,0.285,2.257,3.128,2.287,1.600,23.020,20.685,0.782,2.424,0.749,0.816,0.072,0.300,0.140,0.569,0.063,0.263,0.107,0.499,0.040,0.245,0.022,0.313,0.296,1.129,0.693,1.458,0.040,0.256,0.092,0.572,0.594,0.177,0.238,1.023,1.130,0.112,0.184,0.093,0.093,1.010
8484768,Zayne Parekh,CGY,D,20.961,True,True,38.000,0.234,0.000,0.000,0.000,,18.465,37.966,0.000,71.331,789.683,0.000,1377.087,595.880,153.721,3.978,36.103,15.695,4.049,0.105,0.951,6.240,0.000,13.289,5.114,16.445,0.000,31.292,11.553,22.685,0.000,24.861,42.619,15.807,5.205,17.055,7.868,8.577,2.490,7.846,65.114,0.000,120.493,4.982,20.864,38.697,13.665,0.000,0.000,10.372,72.282,1.056,-0.140,0.151,-0.090,0.108,0.817,37.000,9.000,15.358,2.268,0.084,0.755,0.249,0.811,0.099,1.084,0.366,1.431,0.106,1.411,0.344,1.745,0.079,1.657,3.800,7.776,1.720,12.189,0.225,0.776,0.108,1.245,1.585,2.940,1.038,0.000,0.000,0.788,5.492,0.510,0.674,0.048,0.192,0.034,0.141,0.045,0.345,0.002,0.300,0.035,0.211,0.036,0.152,0.457,1.310,0.424,1.391,0.026,0.155,0.025,0.236,0.576,0.376,0.322,0.004,0.004,0.148,0.349,0.133,0.099,1.073
8477507,Nikita Zadorov,BOS,D,31.797,True,True,319.000,0.049,0.000,0.000,0.000,,20.473,72.774,38.622,81.722,1537.352,816.432,1942.733,1300.484,6.949,156.119,73.800,17.870,0.096,2.145,1.014,4.147,0.940,7.518,2.643,17.211,7.956,25.857,7.219,21.358,9.834,21.634,31.468,8.702,4.308,16.954,8.099,9.112,0.046,0.163,93.590,49.120,125.746,4.695,179.194,90.068,98.767,0.000,0.000,23.850,88.603,1.023,-0.066,0.075,0.078,0.064,,81.000,22.000,17.090,0.089,2.347,0.947,0.156,0.410,0.032,0.639,0.309,0.683,0.057,0.863,0.335,0.701,0.077,1.171,3.800,6.738,1.720,4.848,0.152,0.715,0.059,0.949,6.994,3.515,3.855,0.000,0.000,0.931,3.458,1.591,0.802,0.027,0.181,0.025,0.119,0.033,0.361,0.002,0.240,0.029,0.210,0.032,0.140,0.191,1.551,0.225,0.665,0.011,0.173,0.015,0.145,0.303,0.211,0.149,0.002,0.002,0.078,0.159,0.063,0.047,1.014
8483499,Liam Ohgren,VAN,F,23.012,True,True,97.000,0.209,0.000,0.000,0.000,,13.710,63.956,23.126,83.126,945.675,348.392,1341.311,844.223,28.358,54.916,18.177,13.200,0.443,0.859,0.284,9.354,2.889,16.370,5.392,11.910,2.888,20.219,6.838,21.265,6.740,21.183,35.626,11.098,9.688,12.301,7.114,4.796,0.322,0.473,96.022,33.836,143.307,9.225,73.482,39.417,5.730,8.889,12.111,16.037,41.267,1.016,-0.486,0.120,0.175,0.093,,69.000,18.000,12.612,0.382,0.450,0.266,0.603,0.705,0.305,1.937,0.451,0.697,0.373,1.079,0.325,0.338,0.025,0.647,6.319,5.806,2.840,5.841,0.559,0.863,0.351,2.093,4.662,2.501,0.364,0.564,0.768,1.018,2.618,0.180,0.548,0.088,0.396,0.166,0.709,0.075,0.355,0.122,0.630,0.045,0.326,0.024,0.366,0.389,1.639,0.957,1.977,0.052,0.361,0.123,0.744,0.766,0.218,0.307,1.157,1.321,0.135,0.235,0.119,0.118,1.013
8480796,Martin Fehérváry,WSH,D,27.324,True,True,295.000,0.090,0.000,0.000,0.000,,19.402,71.289,30.970,83.970,1409.627,568.069,1868.532,1169.063,3.812,189.723,47.030,16.399,0.053,2.661,0.660,4.381,1.022,8.173,2.712,16.337,5.340,25.634,7.480,20.718,7.405,21.158,31.737,9.148,4.347,15.310,7.011,9.325,0.023,0.096,68.409,26.381,96.392,4.193,127.828,139.607,26.963,0.000,0.000,11.935,51.354,1.059,-0.073,0.079,0.064,0.066,,81.000,27.000,15.960,0.055,2.734,0.653,0.199,0.354,0.026,0.463,0.279,0.753,0.048,1.200,0.378,0.666,0.096,1.301,3.294,6.071,0.596,2.489,0.181,0.471,0.052,0.613,5.441,5.942,1.148,0.000,0.000,0.508,2.186,0.522,0.452,0.028,0.197,0.024,0.126,0.035,0.393,0.002,0.256,0.031,0.223,0.033,0.148,0.203,1.745,0.219,0.688,0.012,0.188,0.015,0.157,0.336,0.226,0.165,0.002,0.002,0.079,0.166,0.068,0.051,0.988
8480860,Kevin Bahl,CGY,D,26.598,True,True,273.000,0.099,0.000,0.000,0.000,,22.031,67.461,26.319,80.319,1588.693,636.627,2098.046,1254.104,30.649,206.531,97.409,18.590,0.454,3.062,1.444,4.141,0.949,7.593,2.757,18.274,5.829,28.173,8.558,22.415,7.738,23.215,33.855,10.232,4.209,18.204,7.808,10.466,0.241,0.986,67.668,25.224,97.984,3.514,117.026,103.219,45.516,0.000,0.000,29.186,81.038,1.063,-0.121,0.078,0.219,0.066,,76.000,18.000,18.191,0.255,2.439,1.146,0.142,0.480,0.033,0.545,0.284,1.139,0.066,0.641,0.371,0.783,0.115,1.158,2.772,5.730,0.771,2.550,0.114,0.462,0.049,0.449,4.420,3.898,1.719,0.000,0.000,1.102,3.061,0.789,0.362,0.030,0.191,0.027,0.128,0.036,0.372,0.002,0.254,0.031,0.219,0.034,0.147,0.209,1.556,0.243,0.718,0.012,0.176,0.017,0.154,0.307,0.220,0.152,0.002,0.002,0.083,0.167,0.064,0.049,1.073
8478911,Matt Roy,WSH,D,31.923,True,True,311.000,0.070,0.000,0.000,0.000,,20.184,71.201,39.200,81.300,1466.324,814.529,1871.695,1247.109,8.488,160.735,49.992,17.515,0.119,2.257,0.702,3.502,0.915,6.402,2.304,17.091,7.883,25.618,7.031,20.593,9.725,21.395,30.148,8.257,3.752,16.906,8.982,8.109,0.045,0.218,89.041,48.043,119.618,4.464,109.625,130.620,19.710,0.000,0.000,11.381,78.447,0.999,-0.003,0.076,-0.014,0.065,,79.000,19.000,17.047,0.122,2.319,0.695,0.151,0.340,0.039,0.545,0.372,0.843,0.058,1.046,0.326,0.681,0.090,1.083,3.966,5.401,1.054,3.618,0.177,0.483,0.058,0.669,4.486,5.345,0.806,0.000,0.000,0.466,3.210,0.387,0.319,0.027,0.181,0.025,0.120,0.033,0.361,0.002,0.246,0.029,0.210,0.032,0.141,0.194,1.552,0.226,0.707,0.011,0.173,0.015,0.151,0.306,0.214,0.151,0.002,0.002,0.079,0.162,0.064,0.048,0.988
8476826,Yanni Gourde,TBL,F,35.132,False,True,300.000,0.078,28.000,26.000,45.000,research:medium,15.614,43.850,22.052,55.052,673.716,332.349,894.280,577.723,10.259,66.890,18.844,13.175,0.234,1.525,0.430,7.010,1.334,12.008,4.146,15.089,5.532,24.895,7.294,22.099,9.570,21.874,34.179,9.990,5.221,10.677,9.227,5.862,0.159,0.315,55.570,29.368,77.335,7.704,62.521,20.339,28.149,209.416,235.765,14.318,32.070,0.738,-0.069,0.085,-0.132,0.071,,82.000,28.000,13.213,0.200,1.775,0.426,0.439,0.691,0.197,2.096,0.554,0.748,0.164,2.823,0.389,0.556,0.019,0.903,5.119,6.625,3.143,5.224,0.659,1.190,0.327,2.499,5.568,1.811,2.507,18.650,20.997,1.275,2.856,0.993,0.885,0.059,0.311,0.103,0.490,0.055,0.310,0.088,0.472,0.036,0.284,0.019,0.291,0.239,1.315,0.454,1.171,0.033,0.298,0.062,0.493,0.457,0.158,0.178,1.190,1.266,0.102,0.155,0.072,0.076,1.062
8480074,Alexandre Texier,MTL,F,27.387,True,True,160.000,0.172,0.000,0.000,0.000,,13.658,57.517,8.343,78.343,773.119,173.143,1138.419,697.450,48.751,14.466,12.453,12.126,0.848,0.252,0.216,9.281,1.886,16.033,5.529,12.155,1.886,20.744,7.120,21.436,4.621,22.632,35.835,11.625,9.091,11.776,6.907,5.248,0.716,1.344,80.034,17.530,122.713,8.400,55.520,19.454,20.712,3.645,11.866,9.100,25.470,1.084,0.036,0.112,0.113,0.088,,51.000,20.000,12.214,0.949,0.245,0.251,0.675,0.863,0.401,2.138,0.472,0.977,0.184,1.751,0.379,0.626,0.028,0.813,6.173,7.559,2.802,7.025,0.620,0.798,0.363,2.198,4.309,1.510,1.607,0.283,0.921,0.706,1.977,0.793,0.670,0.082,0.355,0.152,0.641,0.070,0.320,0.113,0.565,0.042,0.294,0.023,0.340,0.354,1.386,0.807,1.807,0.047,0.307,0.106,0.667,0.675,0.195,0.279,1.026,1.164,0.127,0.223,0.109,0.109,1.031
8477506,Ryan Pulock,NYI,D,32.323,True,True,290.000,0.086,0.000,0.000,0.000,,20.412,68.356,30.036,80.036,1418.465,653.365,1858.060,1160.619,15.066,186.627,56.153,16.979,0.220,2.730,0.822,3.976,1.061,7.426,2.687,18.127,6.540,27.251,8.002,22.103,8.677,22.778,33.625,9.532,3.537,16.115,8.507,9.620,0.159,0.549,78.322,36.551,108.788,3.268,70.605,129.462,15.167,0.000,0.000,21.865,67.817,1.055,-0.168,0.078,0.064,0.066,,76.000,27.000,16.800,0.205,2.426,0.980,0.149,0.564,0.026,0.453,0.318,1.157,0.057,1.004,0.362,0.787,0.120,1.056,3.570,8.863,0.982,4.259,0.134,0.669,0.037,0.415,2.986,5.476,0.641,0.000,0.000,0.925,2.869,0.321,0.203,0.027,0.157,0.025,0.118,0.034,0.297,0.002,0.240,0.029,0.192,0.032,0.140,0.198,1.124,0.230,0.668,0.011,0.138,0.016,0.145,0.309,0.216,0.153,0.002,0.002,0.080,0.163,0.064,0.049,1.064
8478013,Jake Walman,EDM,D,30.949,True,True,244.000,0.134,0.000,0.000,0.000,,18.970,50.728,0.000,71.451,1017.441,119.334,1495.629,876.982,48.594,58.211,33.654,17.288,0.958,1.147,0.663,6.313,0.000,10.987,4.030,15.616,0.946,26.486,8.873,21.929,1.921,24.015,36.502,11.974,5.123,13.577,7.574,8.042,0.402,2.131,93.789,10.589,141.727,4.550,28.506,93.863,22.771,0.000,0.000,14.636,55.665,1.112,-0.043,0.088,0.224,0.073,,53.000,19.000,16.447,0.837,1.129,0.556,0.288,0.403,0.126,0.832,0.326,1.111,0.079,1.498,0.359,1.177,0.087,1.252,5.603,7.652,2.235,6.287,0.230,0.587,0.108,1.095,1.681,5.535,1.343,0.000,0.000,0.863,3.283,0.652,0.477,0.032,0.152,0.028,0.124,0.037,0.286,0.002,0.266,0.031,0.192,0.033,0.145,0.232,0.978,0.274,0.923,0.014,0.123,0.019,0.170,0.325,0.225,0.173,0.002,0.002,0.089,0.189,0.073,0.055,1.058
8480078,Filip Chytil,VAN,F,27.409,True,True,152.000,0.200,4.000,2.000,12.000,research:medium,14.585,51.436,14.095,71.095,795.733,302.807,1126.556,678.777,73.600,5.549,37.807,13.197,1.431,0.108,0.735,10.088,2.802,16.813,5.413,10.845,2.764,18.656,5.973,20.933,6.956,20.866,34.082,10.468,12.149,13.274,6.458,4.387,1.016,1.843,111.420,41.565,164.052,13.097,23.058,17.753,20.894,226.054,267.711,13.789,39.957,0.994,0.269,0.128,-0.010,0.097,,12.000,3.000,12.609,1.231,0.057,0.688,0.829,0.998,0.385,2.398,0.483,1.011,0.231,1.866,0.345,0.828,0.031,0.710,8.338,9.386,3.429,8.351,0.895,1.140,0.395,2.436,1.739,1.339,1.575,17.045,20.186,1.040,3.013,0.765,0.911,0.090,0.349,0.169,0.627,0.077,0.318,0.122,0.552,0.044,0.291,0.024,0.336,0.418,1.329,1.145,1.774,0.055,0.293,0.141,0.644,0.757,0.218,0.319,1.129,1.299,0.143,0.263,0.125,0.125,1.013
8479398,Samuel Girard,PIT,D,28.726,True,True,268.000,0.135,0.000,0.000,0.000,,18.408,68.973,32.831,81.831,1405.687,679.571,1839.088,1260.171,12.532,99.085,33.899,18.270,0.182,1.437,0.491,3.453,0.926,6.482,2.323,17.086,6.895,26.597,7.392,20.539,8.771,21.441,31.188,8.731,3.661,17.163,7.939,9.147,0.064,0.365,73.639,34.352,103.054,3.556,49.429,90.780,20.845,0.000,0.000,18.204,73.586,1.051,0.003,0.082,0.032,0.069,,60.000,19.000,16.945,0.161,0.947,0.355,0.150,0.323,0.046,0.658,0.337,0.932,0.072,1.030,0.393,0.824,0.086,1.092,3.278,4.246,0.970,4.071,0.144,0.442,0.046,0.644,2.110,3.875,0.890,0.000,0.000,0.777,3.141,0.414,0.315,0.030,0.168,0.029,0.128,0.036,0.323,0.002,0.275,0.031,0.203,0.034,0.148,0.215,1.225,0.289,0.974,0.013,0.148,0.019,0.178,0.330,0.223,0.170,0.002,0.002,0.086,0.182,0.072,0.053,1.005
8481523,Kirby Dach,MTL,F,26.029,True,True,154.000,0.197,0.000,0.000,0.000,,14.088,53.289,10.529,74.529,735.470,223.329,1071.872,648.416,70.236,2.516,14.302,12.168,1.318,0.047,0.268,9.717,1.727,16.491,5.508,11.169,2.567,19.678,6.473,20.886,5.155,21.480,34.368,10.961,9.691,11.221,5.566,5.603,1.153,2.551,71.239,20.736,108.867,9.153,69.197,31.817,36.044,71.174,104.539,11.750,30.756,1.056,-0.152,0.117,0.067,0.091,,37.000,15.000,12.256,1.475,0.046,0.311,0.744,0.982,0.395,2.059,0.364,1.185,0.288,1.080,0.395,1.004,0.033,0.758,5.906,4.699,3.217,7.472,0.692,1.022,0.375,1.927,5.645,2.596,2.941,5.806,8.528,0.959,2.509,1.355,1.380,0.086,0.311,0.170,0.611,0.075,0.277,0.123,0.529,0.044,0.256,0.024,0.334,0.382,1.089,1.113,1.712,0.050,0.243,0.139,0.618,0.664,0.192,0.283,1.020,1.153,0.128,0.231,0.111,0.111,1.031
8481535,Nils Hoglander,NSH,F,26.116,True,True,215.000,0.099,0.000,0.000,0.000,,11.860,73.520,49.633,81.633,910.622,603.401,1140.507,864.336,26.322,2.215,17.750,11.757,0.358,0.030,0.241,9.590,4.391,14.929,4.279,10.823,5.075,16.915,4.832,20.413,11.189,20.657,30.124,7.901,10.656,12.310,6.569,4.254,0.269,0.301,84.921,53.727,112.251,11.332,88.574,20.361,28.587,1.021,1.135,13.594,40.564,0.976,0.137,0.108,-0.107,0.086,,38.000,5.000,11.335,0.301,0.018,0.206,0.671,0.681,0.319,2.293,0.487,0.560,0.171,0.684,0.320,0.221,0.024,0.466,5.502,6.849,3.749,8.527,0.691,0.987,0.395,3.143,5.836,1.342,1.883,0.067,0.075,0.896,2.673,0.880,1.049,0.078,0.369,0.172,0.680,0.066,0.310,0.124,0.581,0.041,0.288,0.024,0.347,0.337,1.506,1.166,1.929,0.045,0.334,0.144,0.723,0.733,0.198,0.295,0.726,0.916,0.122,0.213,0.113,0.110,1.009
8475343,Nic Dowd,VGK,F,36.684,True,True,286.000,0.083,0.000,0.000,0.000,,13.848,77.124,49.895,84.000,1090.618,674.143,1387.536,872.877,5.676,180.805,31.260,11.318,0.074,2.344,0.405,9.567,3.482,16.250,4.806,13.107,5.762,20.745,6.128,22.674,11.559,21.963,34.678,9.338,8.554,11.659,6.169,6.938,0.067,0.075,64.506,39.275,88.885,9.582,126.306,58.975,51.063,498.603,509.399,22.961,49.508,0.973,-0.535,0.091,-0.147,0.075,,75.000,21.000,11.402,0.075,1.996,0.376,0.473,0.635,0.266,1.558,0.266,0.350,0.113,2.380,0.358,0.356,0.016,1.704,3.871,4.431,1.998,3.360,0.533,0.927,0.229,2.002,6.949,3.244,2.809,27.430,28.024,1.263,2.724,1.264,0.992,0.058,0.383,0.092,0.467,0.054,0.369,0.080,0.446,0.036,0.336,0.018,0.283,0.248,1.881,0.397,1.050,0.035,0.411,0.053,0.485,0.528,0.174,0.202,1.322,1.389,0.105,0.155,0.079,0.080,1.121
8478874,Adam Gaudette,SJS,F,30.330,True,True,149.000,0.090,0.000,0.000,0.000,,11.278,59.029,5.322,84.000,663.866,0.000,1131.475,593.806,56.950,1.443,11.666,10.059,0.965,0.024,0.198,12.905,0.000,24.984,9.362,7.619,0.000,16.210,6.193,20.524,0.000,21.282,38.809,14.546,10.908,7.323,3.887,3.733,1.877,1.230,73.641,0.000,130.097,9.245,51.279,25.347,16.299,123.176,128.867,9.494,26.198,1.283,-0.088,0.115,-0.123,0.090,,66.000,25.000,10.119,0.970,0.026,0.165,0.875,1.671,0.339,3.349,0.320,0.492,0.170,0.519,0.280,0.753,0.027,0.506,6.433,8.844,2.916,7.769,0.719,1.453,0.330,3.807,4.635,2.291,1.473,11.133,11.647,0.858,2.368,0.720,0.457,0.076,0.303,0.160,0.636,0.067,0.251,0.118,0.547,0.041,0.237,0.023,0.338,0.350,1.129,1.093,1.915,0.046,0.258,0.136,0.706,0.757,0.205,0.311,0.916,1.050,0.126,0.224,0.119,0.115,1.025
8480289,Morgan Barron,WPG,F,28.167,True,True,289.000,0.098,0.000,0.000,0.000,,12.579,72.781,44.751,82.751,948.047,565.057,1213.359,766.444,3.982,142.715,34.906,10.531,0.055,1.961,0.480,9.906,3.758,15.970,4.640,9.818,3.675,16.538,4.859,19.724,9.290,19.509,30.657,8.223,10.448,10.598,5.747,4.071,0.046,0.053,99.728,56.536,134.892,12.762,138.603,44.564,29.651,182.174,205.164,19.532,34.667,0.920,-0.145,0.101,-0.080,0.082,,65.000,23.000,10.446,0.052,1.613,0.469,0.626,0.738,0.425,2.391,0.391,0.216,0.138,1.479,0.317,0.640,0.017,0.440,6.639,5.277,4.697,5.843,0.731,1.061,0.539,3.555,8.772,2.820,1.877,11.529,12.984,1.236,2.194,0.847,0.876,0.068,0.428,0.113,0.546,0.060,0.385,0.090,0.475,0.039,0.355,0.021,0.309,0.291,2.021,0.495,1.245,0.040,0.440,0.066,0.568,0.657,0.198,0.253,1.353,1.428,0.114,0.174,0.097,0.094,0.986
8478366,Frank Vatrano,ANA,F,32.887,True,True,294.000,0.094,0.000,0.000,0.000,,12.358,51.972,3.117,84.000,671.034,0.000,1240.363,553.797,60.404,38.291,18.542,10.656,1.162,0.737,0.357,10.523,0.000,22.847,9.192,9.741,0.000,21.534,8.809,20.264,0.000,20.891,43.088,17.050,8.404,8.239,4.835,4.906,1.837,1.462,93.637,0.000,179.097,10.388,73.365,31.196,33.032,6.931,9.364,7.606,24.857,0.903,0.051,0.095,0.279,0.077,,50.000,9.000,10.338,0.977,0.751,0.292,0.632,1.457,0.376,2.804,0.337,0.445,0.168,1.380,0.338,0.783,0.024,0.720,8.154,12.390,3.806,11.234,0.759,1.848,0.479,3.947,6.560,2.789,2.954,0.620,0.837,0.680,2.223,1.365,1.038,0.064,0.241,0.124,0.433,0.058,0.200,0.096,0.368,0.037,0.192,0.021,0.267,0.274,0.835,0.583,1.136,0.037,0.197,0.078,0.447,0.553,0.164,0.226,1.017,1.087,0.102,0.168,0.087,0.086,1.019
8476981,Josh Anderson,MTL,F,32.739,True,True,300.000,0.064,0.000,0.000,0.000,,13.671,67.278,29.934,78.934,913.514,447.451,1201.233,742.221,6.549,139.785,24.959,11.032,0.097,2.078,0.371,10.741,4.106,17.450,5.191,9.556,3.025,16.131,5.145,20.297,8.142,20.356,30.635,9.040,9.833,9.063,5.565,3.992,0.090,0.070,79.329,37.651,108.248,12.640,118.791,34.420,61.247,22.771,17.696,11.293,33.933,0.878,0.024,0.090,0.165,0.074,,72.000,23.000,11.112,0.109,2.021,0.430,0.609,0.750,0.446,2.823,0.319,0.296,0.208,1.971,0.281,0.307,0.018,0.580,5.315,9.530,4.270,6.244,0.765,1.272,0.560,4.175,7.802,2.261,4.023,1.496,1.162,0.742,2.229,1.738,1.471,0.059,0.291,0.104,0.486,0.054,0.251,0.087,0.454,0.037,0.243,0.020,0.292,0.248,1.148,0.459,1.074,0.035,0.276,0.061,0.503,0.544,0.176,0.209,1.312,1.375,0.105,0.154,0.081,0.081,1.031
8476927,Teddy Blueger,TOR,F,32.465,True,True,248.000,0.136,0.000,0.000,0.000,,15.447,58.214,14.488,75.488,908.465,319.876,1277.190,746.914,9.007,129.687,22.857,12.831,0.155,2.228,0.393,7.182,1.625,12.187,4.090,12.248,3.348,20.090,6.322,19.429,5.795,19.867,30.629,9.458,7.919,13.095,7.217,5.030,0.175,0.134,72.721,24.292,107.963,9.882,80.177,32.485,29.551,351.077,345.184,15.698,37.074,0.871,-0.035,0.101,0.021,0.082,,35.000,17.000,13.218,0.130,1.718,0.381,0.472,1.287,0.405,2.567,0.520,0.501,0.217,1.846,0.397,0.454,0.019,0.844,4.848,7.599,4.361,4.728,0.608,1.879,0.354,3.314,5.295,2.146,1.952,23.187,22.798,1.037,2.449,0.831,0.542,0.069,0.387,0.110,0.559,0.063,0.376,0.092,0.531,0.039,0.340,0.020,0.316,0.291,1.830,0.491,1.402,0.040,0.399,0.066,0.579,0.568,0.191,0.220,1.405,1.498,0.120,0.187,0.088,0.092,0.989
8482803,Olen Zellweger,BUF,D,23.395,True,True,164.000,0.124,1.000,1.000,1.000,dailyfaceoff:ir:dtd,17.830,56.137,5.940,75.940,1006.985,205.709,1467.623,880.212,47.967,50.704,28.103,15.680,0.855,0.903,0.501,5.868,1.102,11.019,3.882,14.504,3.119,24.950,8.072,20.372,3.170,21.136,33.818,10.941,4.778,12.612,7.182,7.322,0.544,1.943,91.439,19.124,137.513,5.525,28.851,64.492,22.962,0.000,0.000,14.705,53.408,1.024,0.169,0.092,-0.009,0.076,,76.000,22.000,15.578,0.915,0.813,0.524,0.263,0.554,0.072,0.876,0.339,0.899,0.078,1.041,0.324,1.214,0.078,1.223,5.426,8.036,2.097,7.767,0.296,0.654,0.098,1.220,1.719,3.843,1.368,0.000,0.000,0.876,3.182,0.703,0.653,0.036,0.162,0.033,0.136,0.039,0.295,0.002,0.286,0.033,0.198,0.036,0.152,0.257,1.014,0.363,1.074,0.015,0.127,0.023,0.192,0.373,0.244,0.200,0.002,0.002,0.094,0.208,0.083,0.062,1.039
8473422,Nick Foligno,MIN,F,39.255,True,True,265.000,0.095,0.000,0.000,0.000,,12.361,69.217,40.639,79.739,848.642,491.488,1097.972,693.590,64.491,65.681,24.880,10.021,0.932,0.949,0.359,8.349,3.073,14.340,4.272,12.584,5.009,20.036,5.752,20.933,10.106,20.718,32.341,8.720,7.771,11.803,7.184,5.401,1.336,1.986,66.545,37.050,92.150,9.393,133.257,29.322,41.592,202.259,206.662,12.594,35.373,0.924,-0.057,0.098,-0.217,0.080,,53.000,15.000,9.988,0.863,1.199,0.311,0.473,1.157,0.248,1.892,0.419,0.711,0.224,2.121,0.320,1.022,0.022,0.579,4.559,7.569,2.977,5.917,0.554,1.450,0.248,2.802,9.421,2.073,2.941,14.300,14.611,0.890,2.501,1.123,1.011,0.062,0.266,0.111,0.447,0.057,0.229,0.089,0.403,0.037,0.219,0.020,0.278,0.275,0.985,0.506,1.177,0.037,0.234,0.068,0.481,0.571,0.175,0.230,1.239,1.302,0.107,0.170,0.089,0.088,1.069
8476331,Dylan DeMelo,WPG,D,33.755,True,True,321.000,0.049,0.000,0.000,0.000,,20.798,74.886,34.152,84.000,1487.332,667.046,1949.072,1287.034,9.674,132.142,58.481,17.187,0.129,1.765,0.781,3.097,0.000,5.872,2.301,16.208,6.280,25.122,7.344,19.305,7.246,19.669,30.021,8.646,3.295,16.187,6.795,9.413,0.050,0.250,64.923,25.927,91.262,2.975,106.143,94.904,34.194,0.000,0.000,18.113,77.124,1.053,0.262,0.072,-0.058,0.062,,82.000,19.000,17.746,0.114,1.997,0.941,0.125,0.332,0.037,0.492,0.277,0.854,0.064,0.573,0.372,0.694,0.138,1.027,2.796,4.807,0.817,2.428,0.115,0.441,0.045,0.338,4.282,3.829,1.379,0.000,0.000,0.731,3.111,0.688,0.472,0.026,0.177,0.024,0.116,0.032,0.360,0.002,0.237,0.029,0.208,0.031,0.137,0.183,1.567,0.225,0.686,0.011,0.174,0.015,0.143,0.279,0.200,0.139,0.002,0.002,0.077,0.154,0.059,0.044,0.986
8484136,Max Sasson,VAN,F,26.407,True,True,95.000,0.164,0.000,0.000,0.000,,11.883,65.607,25.005,83.005,827.906,322.917,1154.757,763.390,30.553,19.058,14.905,11.636,0.466,0.290,0.227,10.881,3.066,18.398,5.833,8.887,1.889,16.057,5.321,19.768,5.914,19.714,32.528,10.016,10.590,9.407,5.496,3.390,0.431,0.633,70.805,28.085,105.695,8.357,41.394,36.001,23.573,129.164,175.886,13.094,38.762,1.247,-0.111,0.125,0.019,0.096,,66.000,19.000,11.118,0.401,0.152,0.213,0.737,0.825,0.312,2.792,0.399,1.017,0.167,0.699,0.248,0.298,0.024,1.081,5.082,6.387,2.636,8.271,0.551,0.874,0.307,3.241,3.000,2.609,1.708,9.361,12.747,0.949,2.809,0.830,0.624,0.086,0.406,0.168,0.686,0.073,0.354,0.121,0.590,0.043,0.326,0.024,0.351,0.396,1.755,1.071,1.962,0.052,0.385,0.135,0.736,0.865,0.234,0.346,1.021,1.211,0.140,0.250,0.133,0.128,1.013
8483573,Ethen Frank,WSH,F,28.988,True,True,86.000,0.138,0.000,0.000,0.000,,12.165,57.274,7.188,82.188,664.802,97.284,1033.793,585.298,69.573,2.431,7.500,10.219,1.215,0.042,0.131,9.474,1.064,18.090,6.227,9.748,1.011,18.191,6.582,19.221,2.073,19.689,34.197,11.801,8.731,9.505,5.660,4.088,1.596,1.769,71.889,9.761,117.130,9.562,45.878,36.474,16.955,1.471,5.237,8.614,26.252,1.004,0.119,0.130,-0.068,0.098,,62.000,23.000,10.626,1.354,0.038,0.147,0.699,1.268,0.356,3.446,0.474,0.674,0.196,0.800,0.303,0.814,0.030,0.669,6.286,7.487,3.203,14.037,0.769,1.338,0.362,3.991,4.141,3.292,1.530,0.133,0.473,0.777,2.369,0.709,0.872,0.086,0.341,0.165,0.691,0.075,0.297,0.120,0.619,0.043,0.276,0.023,0.358,0.415,1.292,1.126,2.127,0.054,0.291,0.139,0.773,0.839,0.231,0.349,1.177,1.315,0.142,0.263,0.134,0.130,0.988
8476312,Josh Manson,COL,D,35.321,True,True,230.000,0.102,0.000,0.000,0.000,,17.126,64.606,15.097,81.097,1147.619,311.808,1601.106,1001.580,3.271,112.603,30.166,15.503,0.051,1.743,0.467,3.991,0.000,8.014,2.850,16.702,3.527,27.037,8.483,20.693,4.678,21.051,32.745,10.215,3.405,13.835,8.392,8.310,0.020,0.096,89.840,23.407,129.714,4.285,141.408,81.187,63.150,0.000,0.162,21.966,73.930,1.026,-0.104,0.086,-0.048,0.072,,79.000,31.000,14.866,0.056,1.784,0.420,0.185,0.308,0.034,0.459,0.392,0.720,0.051,0.555,0.372,0.739,0.079,0.961,5.144,8.130,1.241,2.379,0.233,0.485,0.059,0.525,7.393,4.245,3.302,0.000,0.009,1.148,3.865,1.423,0.739,0.027,0.176,0.025,0.115,0.034,0.369,0.002,0.258,0.029,0.208,0.032,0.141,0.212,1.678,0.246,0.863,0.012,0.179,0.017,0.171,0.373,0.243,0.186,0.002,0.002,0.087,0.188,0.077,0.057,1.070
8485388,Victor Eklund,NYI,F,20.331,True,True,1.000,0.176,0.000,0.000,0.000,,14.874,47.736,3.448,66.448,718.674,227.480,1021.829,634.838,56.877,13.176,13.783,13.299,1.192,0.276,0.289,8.300,1.987,14.570,4.904,12.222,3.024,21.168,7.052,20.522,5.721,20.379,34.323,10.932,9.336,12.057,7.124,5.098,1.078,1.541,81.345,23.796,130.876,9.547,69.121,20.132,19.441,32.301,43.384,10.909,29.591,0.988,-0.021,0.253,-0.033,0.139,1.031,1.000,1.000,13.090,1.176,0.258,0.349,0.702,1.279,0.400,2.664,0.547,0.852,0.240,1.632,0.377,0.752,0.033,1.420,6.643,8.658,3.592,8.957,0.702,1.398,0.408,3.052,5.771,1.681,1.623,2.697,3.622,0.911,2.470,0.708,0.765,0.129,0.478,0.181,0.814,0.107,0.448,0.131,0.751,0.053,0.403,0.025,0.404,1.154,2.269,1.209,2.507,0.128,0.483,0.149,0.908,2.417,0.529,0.881,6.797,6.747,0.236,0.657,0.317,0.269,1.064
8483752,Dominic James,TBL,F,24.583,True,True,43.000,0.139,5.000,3.000,11.000,research:medium,12.652,51.034,5.865,71.865,649.318,149.611,951.203,587.111,40.965,4.388,16.854,11.504,0.803,0.086,0.330,9.340,0.998,16.958,5.725,11.137,2.009,20.092,6.952,20.478,4.006,21.029,35.048,11.524,8.161,9.790,7.337,3.800,0.735,0.622,70.675,15.807,109.769,8.176,71.096,17.334,12.513,168.540,164.473,13.727,45.544,1.026,-0.212,0.156,-0.003,0.110,0.932,43.000,15.000,11.538,0.687,0.100,0.327,0.705,0.940,0.334,2.138,0.605,0.410,0.188,0.843,0.297,0.390,0.027,0.590,6.545,6.641,3.066,6.664,0.661,1.176,0.351,3.125,6.570,1.602,1.156,15.574,15.198,1.268,4.208,0.553,1.127,0.101,0.415,0.173,0.713,0.086,0.370,0.125,0.625,0.047,0.339,0.024,0.365,0.528,1.775,1.145,2.076,0.068,0.389,0.142,0.767,1.083,0.289,0.435,1.396,1.634,0.167,0.323,0.166,0.158,1.062
8478508,Yakov Trenin,MIN,F,30.051,True,True,311.000,0.065,0.000,0.000,0.000,,13.108,76.069,53.580,83.580,981.780,670.544,1235.078,881.521,8.114,78.243,13.902,11.588,0.107,1.029,0.183,8.350,3.247,14.071,4.106,12.254,5.248,19.942,5.651,20.604,10.626,20.190,30.816,8.404,7.773,11.619,7.627,4.627,0.097,0.131,88.041,57.549,116.108,12.261,271.551,32.741,38.341,42.697,60.532,19.611,56.943,0.711,-0.028,0.090,0.020,0.074,,82.000,23.000,11.551,0.099,1.300,0.158,0.471,0.668,0.236,1.972,0.441,0.628,0.138,2.130,0.285,0.293,0.018,0.575,5.611,8.212,2.797,3.655,0.750,1.378,0.339,2.680,16.595,2.001,2.343,2.609,3.699,1.198,3.480,0.930,0.745,0.062,0.385,0.108,0.599,0.056,0.352,0.089,0.545,0.037,0.324,0.020,0.327,0.257,1.738,0.475,1.553,0.035,0.386,0.064,0.636,0.560,0.172,0.219,1.108,1.191,0.105,0.163,0.085,0.085,1.069
8484806,Sam Dickinson,SJS,D,20.654,True,True,72.000,0.123,0.000,0.000,0.000,,17.961,69.126,26.029,84.000,1294.994,475.972,1757.233,1144.178,24.832,84.824,41.160,16.552,0.359,1.227,0.595,3.610,0.901,7.211,2.593,16.115,5.221,26.105,7.886,19.726,6.089,20.295,31.458,9.453,4.057,15.523,7.263,8.853,0.144,0.790,84.559,31.159,123.123,5.096,79.343,76.961,25.338,0.000,0.000,19.618,85.066,0.990,0.111,0.116,0.084,0.090,0.800,72.000,13.000,16.280,0.328,0.942,0.412,0.174,0.391,0.064,0.717,0.308,0.929,0.078,0.903,0.375,0.909,0.091,1.264,4.006,6.523,1.149,5.590,0.222,0.506,0.069,0.820,3.676,3.566,1.174,0.000,0.000,0.909,3.941,0.577,0.288,0.042,0.204,0.034,0.140,0.042,0.372,0.002,0.294,0.034,0.215,0.035,0.150,0.343,1.679,0.372,1.294,0.020,0.186,0.023,0.226,0.500,0.318,0.254,0.003,0.003,0.116,0.262,0.105,0.077,1.025
8485395,James Hagens,BOS,F,20.246,True,True,2.000,0.176,0.000,0.000,0.000,,15.561,48.912,9.618,64.618,759.255,321.218,1034.218,717.752,23.670,10.970,6.863,14.674,0.484,0.224,0.140,7.772,2.423,13.326,4.119,11.693,4.018,19.420,5.966,19.464,7.068,19.277,30.844,9.179,9.366,12.661,6.722,4.971,0.327,0.527,76.015,28.517,116.995,9.404,56.666,19.932,27.635,14.884,42.189,15.991,42.010,0.980,-0.143,0.245,-0.064,0.138,1.134,2.000,1.000,14.770,0.442,0.224,0.125,0.715,0.998,0.375,3.055,0.559,0.787,0.245,2.072,0.419,0.658,0.028,0.945,5.943,8.143,3.562,9.230,0.709,1.198,0.413,3.309,4.478,1.575,2.184,1.176,3.334,1.264,3.320,0.963,0.730,0.128,0.483,0.181,0.819,0.107,0.453,0.131,0.756,0.053,0.407,0.025,0.405,1.089,2.327,1.209,2.533,0.123,0.493,0.149,0.917,2.261,0.511,0.834,5.195,5.649,0.233,0.632,0.303,0.262,1.014
8479983,Mario Ferraro,WPG,D,28.375,True,True,310.000,0.071,0.000,0.000,0.000,,21.083,73.143,33.575,84.000,1468.503,682.714,1911.928,1222.344,5.181,204.605,36.372,16.712,0.071,2.797,0.497,4.443,1.059,8.474,2.790,14.436,5.048,22.213,6.569,18.879,7.146,19.397,28.585,8.207,4.183,14.389,6.914,7.522,0.033,0.117,77.387,35.302,107.924,3.990,114.678,125.090,34.449,0.000,0.084,26.449,67.068,1.075,0.017,0.074,-0.002,0.063,,82.000,23.000,17.255,0.063,3.166,0.599,0.182,0.357,0.021,0.594,0.310,0.659,0.050,0.588,0.315,0.687,0.076,1.253,3.540,5.643,1.065,1.898,0.166,0.470,0.044,0.703,4.686,5.111,1.407,0.000,0.003,1.081,2.740,0.634,0.352,0.027,0.187,0.022,0.125,0.034,0.365,0.002,0.258,0.030,0.215,0.032,0.147,0.192,1.541,0.205,0.687,0.011,0.174,0.014,0.162,0.305,0.214,0.147,0.002,0.002,0.077,0.155,0.061,0.047,0.986
8479992,Michael Rasmussen,DET,F,27.795,True,True,272.000,0.093,0.000,0.000,0.000,,12.835,65.495,26.031,80.031,854.129,363.658,1156.231,708.000,23.398,93.618,29.113,10.810,0.357,1.429,0.445,8.664,2.999,14.995,4.670,11.056,3.960,18.812,5.883,19.720,6.960,19.886,31.817,9.370,8.185,10.556,7.155,3.901,0.390,0.425,71.548,29.473,103.012,11.492,88.585,53.194,21.017,105.989,118.598,10.327,28.326,0.794,-0.050,0.097,-0.021,0.079,,64.000,14.000,10.837,0.318,1.276,0.404,0.491,0.946,0.293,3.212,0.425,0.848,0.189,2.461,0.280,0.191,0.020,0.660,5.090,6.272,2.595,10.289,0.701,1.356,0.370,4.367,6.223,3.737,1.476,7.445,8.331,0.725,1.990,0.654,0.763,0.067,0.336,0.121,0.530,0.059,0.274,0.095,0.457,0.039,0.263,0.021,0.302,0.282,1.302,0.537,1.268,0.039,0.304,0.072,0.540,0.605,0.182,0.238,1.189,1.266,0.109,0.170,0.092,0.090,1.031
8477499,Rasmus Ristolainen,PHI,D,32.266,True,True,212.000,0.078,0.000,0.000,0.000,,20.662,65.109,42.785,72.785,1330.419,898.837,1664.775,1105.541,71.965,93.172,59.741,16.980,1.105,1.431,0.918,3.574,0.762,6.858,2.212,16.960,8.929,25.162,6.576,20.533,11.236,20.867,30.498,7.822,4.114,18.098,7.435,9.524,0.416,2.567,86.881,54.647,116.232,5.605,91.605,95.852,21.360,0.000,0.000,18.255,58.360,0.957,-0.021,0.094,0.009,0.077,,44.000,14.000,17.042,1.161,1.567,0.892,0.144,0.400,0.058,0.889,0.305,0.976,0.084,1.021,0.376,1.308,0.125,1.480,3.807,7.155,1.013,6.604,0.195,0.515,0.068,1.295,4.131,4.323,0.963,0.000,0.000,0.823,2.632,0.466,0.443,0.033,0.161,0.028,0.122,0.038,0.309,0.002,0.270,0.032,0.198,0.033,0.144,0.251,1.098,0.292,0.959,0.015,0.136,0.019,0.179,0.336,0.244,0.179,0.002,0.002,0.098,0.204,0.076,0.059,1.073
8478851,Alexandre Carrier,MTL,D,30.316,True,True,268.000,0.075,0.000,0.000,0.000,,19.087,70.972,38.911,80.911,1348.870,734.795,1730.971,1110.096,3.683,189.276,45.814,15.641,0.052,2.667,0.645,4.344,1.025,8.199,2.631,15.375,6.288,23.058,6.623,19.719,9.386,19.815,29.201,8.095,4.027,14.202,7.306,8.069,0.021,0.089,60.686,32.878,82.292,3.272,50.275,135.273,35.886,0.000,0.000,20.049,50.029,1.100,-0.117,0.081,0.018,0.068,,73.000,22.000,15.557,0.052,2.682,0.796,0.196,0.324,0.039,0.335,0.316,0.654,0.045,0.932,0.344,0.680,0.071,1.068,2.990,5.856,1.120,1.919,0.156,0.439,0.043,0.291,2.236,6.017,1.596,0.000,0.000,0.892,2.225,0.763,0.461,0.028,0.183,0.024,0.121,0.034,0.362,0.002,0.243,0.030,0.211,0.032,0.143,0.205,1.543,0.225,0.639,0.012,0.172,0.015,0.147,0.346,0.231,0.170,0.002,0.002,0.081,0.170,0.070,0.053,1.031
8478854,Ryan Shea,EDM,D,29.971,True,True,150.000,0.178,0.000,0.000,0.000,,18.673,54.917,0.000,80.156,1079.406,19.031,1670.740,914.172,9.973,115.519,39.742,16.646,0.182,2.103,0.724,4.104,0.000,7.963,3.232,16.086,0.000,28.525,10.076,20.190,0.000,21.666,35.349,12.401,3.410,13.537,9.119,6.967,0.067,0.336,48.661,0.000,81.156,2.607,32.587,69.863,13.802,0.000,0.000,17.084,45.452,1.102,0.046,0.095,0.053,0.078,,80.000,35.000,15.837,0.159,2.070,0.607,0.197,0.335,0.035,0.437,0.448,1.001,0.055,0.880,0.321,0.700,0.076,1.079,2.944,5.114,0.916,1.800,0.143,0.426,0.051,0.384,1.811,3.883,0.767,0.000,0.000,0.950,2.526,0.364,0.421,0.032,0.188,0.028,0.126,0.037,0.375,0.002,0.275,0.032,0.215,0.033,0.148,0.245,1.633,0.267,0.927,0.014,0.179,0.018,0.184,0.406,0.269,0.202,0.002,0.002,0.096,0.206,0.084,0.062,1.058
8478831,Kevin Stenlund,UTA,F,30.366,True,True,297.000,0.054,0.000,0.000,0.000,,14.258,73.661,45.564,82.564,1028.818,628.184,1309.427,793.501,14.943,181.327,39.046,10.772,0.203,2.462,0.530,8.142,3.135,13.586,4.247,11.142,4.033,18.150,5.495,19.283,9.212,19.447,30.706,8.467,7.722,11.061,6.537,4.605,0.150,0.125,69.980,39.894,95.746,9.699,48.410,52.424,31.334,515.679,418.978,15.574,41.565,0.882,-0.764,0.094,0.024,0.077,,80.000,17.000,10.860,0.220,2.629,0.550,0.385,0.571,0.281,2.516,0.307,0.225,0.090,3.229,0.296,0.275,0.016,0.824,4.372,4.265,2.269,6.510,0.470,0.852,0.247,3.888,2.823,3.057,1.827,30.074,24.435,0.908,2.424,0.882,0.636,0.061,0.365,0.091,0.467,0.056,0.324,0.078,0.444,0.038,0.307,0.019,0.292,0.256,1.543,0.372,0.920,0.036,0.362,0.049,0.480,0.545,0.183,0.207,1.473,1.524,0.106,0.150,0.081,0.080,1.016
8478450,Parker Wotherspoon,VGK,D,29.440,True,True,188.000,0.121,0.000,0.000,0.000,,19.941,69.638,35.602,81.602,1343.664,698.302,1762.275,1164.331,6.331,137.282,35.720,16.720,0.091,1.971,0.513,2.630,0.000,5.173,2.249,18.616,8.049,28.746,8.065,21.246,9.074,21.550,32.892,9.219,2.449,15.743,8.610,10.006,0.040,0.179,58.541,29.189,83.676,2.239,124.445,93.847,33.847,0.000,0.000,19.900,93.031,1.051,-0.117,0.086,-0.019,0.072,,80.000,30.000,17.220,0.072,2.113,0.536,0.104,0.351,0.036,0.529,0.330,0.747,0.060,1.109,0.384,0.690,0.146,1.017,2.701,6.259,1.530,3.284,0.094,0.466,0.054,0.417,5.557,4.191,1.511,0.000,0.000,0.889,4.154,0.691,0.598,0.031,0.192,0.027,0.127,0.036,0.383,0.002,0.274,0.031,0.218,0.034,0.148,0.224,1.688,0.262,0.905,0.013,0.183,0.018,0.181,0.356,0.245,0.176,0.002,0.002,0.091,0.188,0.074,0.055,1.121
8482768,Fedor Svechkov,COL,F,23.828,True,True,122.000,0.133,0.000,0.000,0.000,,12.642,71.391,34.001,84.000,874.105,380.412,1179.642,806.786,21.390,26.097,19.831,11.301,0.300,0.365,0.278,7.493,2.094,13.611,4.429,12.769,4.558,21.652,6.668,20.262,7.724,20.966,32.001,9.878,7.282,11.746,7.132,5.637,0.447,0.592,74.910,31.875,107.964,9.443,57.744,29.483,22.280,213.959,303.613,14.925,51.209,0.814,-0.141,0.115,-0.006,0.090,,70.000,17.000,11.647,0.337,0.369,0.288,0.456,1.218,0.411,1.622,0.431,1.280,0.160,0.713,0.366,0.248,0.024,0.505,5.045,10.297,2.404,7.145,0.586,1.836,0.260,2.423,3.964,2.024,1.529,14.687,20.840,1.024,3.515,0.750,0.980,0.083,0.380,0.160,0.666,0.071,0.324,0.118,0.571,0.043,0.301,0.024,0.347,0.363,1.538,0.885,1.810,0.049,0.343,0.115,0.692,0.750,0.209,0.299,1.025,1.177,0.127,0.219,0.115,0.112,1.070
8476917,Adam Pelech,NYI,D,32.463,True,True,261.000,0.117,0.000,0.000,0.000,,20.445,71.199,33.643,84.000,1480.453,635.144,1976.348,1243.153,11.747,178.791,46.761,17.460,0.165,2.511,0.657,3.237,0.000,5.789,2.290,16.880,5.679,26.122,7.954,20.117,7.730,19.877,30.919,9.275,3.478,15.404,7.503,9.377,0.059,0.322,100.978,43.538,139.944,4.963,67.574,108.320,40.211,0.000,0.000,26.470,66.924,0.959,0.129,0.079,-0.329,0.066,,82.000,16.000,17.276,0.154,2.231,0.784,0.136,0.324,0.070,0.507,0.286,0.703,0.060,0.772,0.346,0.796,0.121,1.126,4.529,5.085,1.118,3.600,0.207,0.440,0.060,0.524,2.739,4.390,1.630,0.000,0.000,1.073,2.712,0.794,0.410,0.028,0.179,0.025,0.119,0.034,0.359,0.002,0.247,0.030,0.209,0.032,0.141,0.200,1.538,0.234,0.729,0.012,0.172,0.016,0.154,0.312,0.219,0.154,0.002,0.002,0.082,0.167,0.065,0.049,1.064
8482858,Ryker Evans,SEA,D,25.136,True,True,176.000,0.112,0.000,0.000,0.000,,18.409,65.200,15.739,82.739,1239.496,317.836,1747.034,1085.347,28.595,86.604,38.950,16.646,0.439,1.328,0.597,5.098,1.090,9.805,3.434,14.101,3.024,23.188,7.515,19.199,4.114,20.571,30.856,9.880,4.641,13.747,7.047,7.054,0.162,1.138,54.277,11.794,83.540,2.725,75.572,80.484,35.728,0.000,0.000,9.404,54.700,1.169,-0.102,0.089,-0.260,0.074,,67.000,17.000,16.508,0.397,0.942,0.562,0.220,0.309,0.095,0.593,0.289,1.421,0.074,1.317,0.307,0.908,0.082,1.182,2.615,5.816,1.157,3.896,0.120,0.400,0.065,0.423,3.658,3.896,1.730,0.000,0.000,0.455,2.648,0.826,0.457,0.034,0.174,0.032,0.133,0.038,0.329,0.002,0.281,0.032,0.207,0.036,0.151,0.241,1.238,0.332,1.014,0.014,0.149,0.022,0.184,0.366,0.243,0.190,0.002,0.002,0.093,0.201,0.080,0.059,1.015
8476292,Ondrej Palat,NYI,F,35.849,True,True,277.000,0.074,0.000,0.000,0.000,,12.354,67.242,24.002,82.002,840.214,315.126,1148.472,757.940,47.255,15.918,19.102,11.272,0.703,0.237,0.284,8.372,2.261,14.697,4.815,11.688,3.375,20.250,6.317,20.060,6.764,20.291,32.692,9.866,7.292,10.254,6.482,5.207,0.872,1.142,68.591,24.634,98.535,9.292,92.870,45.334,13.037,4.463,10.115,12.923,39.019,0.849,0.005,0.091,0.038,0.075,,80.000,15.000,11.095,0.694,0.221,0.344,0.476,0.964,0.303,1.391,0.366,0.596,0.161,1.720,0.295,0.676,0.024,0.950,4.822,6.540,2.687,5.684,0.603,1.124,0.237,2.294,6.632,3.237,0.931,0.319,0.722,0.923,2.786,0.428,0.826,0.062,0.271,0.139,0.490,0.056,0.241,0.107,0.427,0.036,0.225,0.021,0.282,0.264,1.039,0.804,1.357,0.035,0.234,0.105,0.513,0.552,0.158,0.226,0.766,0.879,0.103,0.173,0.088,0.088,1.064
8477220,Nate Schmidt,UTA,D,35.548,True,True,296.000,0.058,0.000,0.000,0.000,,18.603,73.392,40.136,84.000,1375.939,738.967,1772.856,1170.221,42.531,122.310,40.877,15.945,0.580,1.667,0.557,4.052,1.039,7.275,2.689,15.045,6.027,23.102,6.617,19.097,9.105,19.221,29.338,8.156,3.984,15.165,6.987,8.058,0.250,1.282,72.091,38.273,99.710,4.035,69.948,80.865,22.428,0.000,0.000,16.591,74.720,1.058,0.118,0.080,-0.224,0.067,,82.000,22.000,15.794,0.616,1.660,0.532,0.166,0.346,0.042,0.618,0.285,1.025,0.067,0.910,0.341,0.798,0.075,1.109,3.241,6.268,1.152,3.076,0.159,0.430,0.060,0.747,3.050,3.526,0.978,0.000,0.000,0.724,3.258,0.453,0.372,0.027,0.137,0.026,0.115,0.034,0.266,0.002,0.257,0.029,0.181,0.032,0.140,0.203,0.930,0.267,0.883,0.012,0.118,0.018,0.169,0.313,0.216,0.162,0.002,0.002,0.083,0.173,0.068,0.052,1.016
8477953,Kasperi Kapanen,EDM,F,30.527,True,True,247.000,0.152,0.000,0.000,0.000,,13.921,62.718,14.949,81.949,876.776,238.213,1251.945,778.184,21.284,62.110,15.198,12.408,0.339,0.990,0.242,7.883,1.858,13.934,4.741,11.980,2.780,20.384,6.653,19.863,4.637,20.404,32.462,10.408,8.303,12.637,8.027,3.954,0.262,0.306,80.172,20.494,120.037,8.017,88.693,22.052,18.157,19.552,31.201,13.095,37.704,1.060,-0.450,0.103,0.017,0.083,,41.000,17.000,12.558,0.283,0.890,0.190,0.536,0.778,0.311,2.949,0.587,0.516,0.200,1.807,0.296,0.393,0.022,0.675,5.588,6.529,3.378,7.425,0.504,0.899,0.362,3.126,6.069,1.509,1.242,1.338,2.135,0.896,2.580,0.617,0.612,0.071,0.335,0.132,0.621,0.064,0.313,0.103,0.573,0.040,0.288,0.022,0.334,0.306,1.396,0.661,1.724,0.042,0.311,0.088,0.664,0.627,0.191,0.250,1.162,1.279,0.121,0.200,0.098,0.100,1.058
8478891,Mason Appleton,DET,F,31.047,True,True,259.000,0.121,0.000,0.000,0.000,,13.428,66.172,23.681,81.681,898.731,341.937,1228.190,782.894,7.884,84.195,23.759,11.831,0.119,1.272,0.359,7.950,2.093,13.605,4.467,11.370,3.139,18.834,5.995,19.320,6.278,19.882,30.346,9.264,7.351,10.715,6.763,4.607,0.151,0.153,72.579,27.216,104.977,7.907,76.160,27.226,21.207,8.296,14.159,8.770,25.585,0.981,-0.031,0.092,0.090,0.076,,65.000,14.000,11.860,0.106,1.136,0.326,0.454,1.062,0.222,2.480,0.420,0.775,0.126,1.560,0.298,0.322,0.074,0.761,5.048,6.505,2.809,4.833,0.472,1.058,0.308,2.963,5.085,1.818,1.416,0.554,0.945,0.586,1.708,0.659,0.730,0.064,0.383,0.118,0.533,0.057,0.358,0.095,0.484,0.038,0.327,0.021,0.301,0.266,1.764,0.547,1.330,0.036,0.388,0.074,0.549,0.577,0.176,0.226,1.100,1.194,0.109,0.172,0.088,0.089,1.031
8478233,Andrew Mangiapane,CHI,F,30.828,True,True,300.000,0.089,0.000,0.000,0.000,,12.408,55.998,4.327,80.328,688.211,92.850,1060.714,641.434,14.742,19.117,12.918,11.454,0.263,0.341,0.231,8.330,0.000,15.368,5.514,10.608,1.088,19.585,6.827,18.938,2.185,19.662,32.769,11.360,7.191,9.185,6.620,3.987,0.218,0.345,56.521,6.624,91.784,8.550,51.036,20.151,19.275,3.108,4.689,9.056,32.309,0.911,-0.104,0.092,-0.140,0.076,,62.000,16.000,11.642,0.283,0.282,0.202,0.588,0.766,0.382,2.787,0.483,0.506,0.206,1.772,0.286,0.710,0.022,0.971,4.827,8.035,3.093,9.101,0.701,1.288,0.409,2.834,4.449,1.757,1.680,0.271,0.409,0.789,2.817,0.818,0.950,0.065,0.272,0.141,0.548,0.058,0.235,0.107,0.476,0.037,0.220,0.022,0.300,0.273,1.053,0.766,1.472,0.037,0.237,0.101,0.568,0.586,0.166,0.236,0.745,0.876,0.106,0.177,0.091,0.091,1.013
8482073,Braden Schneider,NYR,D,25.366,True,True,325.000,0.067,0.000,0.000,0.000,,20.586,65.049,5.815,82.815,1290.585,132.058,1838.148,1084.014,22.317,147.922,36.333,16.665,0.343,2.274,0.559,3.686,0.000,7.089,2.810,14.806,1.014,24.325,8.191,18.492,1.013,19.254,31.414,10.074,3.630,14.560,6.959,7.847,0.134,0.587,80.805,8.861,120.469,3.612,129.467,114.626,19.126,0.000,0.000,16.610,79.931,1.037,-0.206,0.077,0.197,0.065,,82.000,18.000,17.546,0.338,2.222,0.480,0.162,0.354,0.077,0.643,0.321,0.751,0.065,1.010,0.360,0.802,0.082,1.176,4.067,6.172,1.356,2.798,0.155,0.421,0.072,0.781,6.019,5.329,0.889,0.000,0.000,0.772,3.716,0.437,0.314,0.030,0.191,0.028,0.133,0.035,0.366,0.002,0.281,0.031,0.217,0.034,0.152,0.206,1.512,0.255,0.942,0.012,0.173,0.017,0.187,0.310,0.217,0.155,0.002,0.002,0.082,0.167,0.065,0.050,0.990
8478421,A.J. Greer,ANA,F,30.133,True,True,279.000,0.088,1.000,1.000,1.000,dailyfaceoff:ir:dtd,12.042,52.107,6.159,83.000,647.658,0.000,1261.165,604.808,8.321,27.020,7.510,11.607,0.160,0.518,0.144,8.668,0.000,19.574,7.887,10.281,0.000,22.684,9.393,18.948,0.000,19.079,40.884,16.373,7.238,8.839,6.833,3.448,0.214,0.092,65.061,0.000,130.203,8.834,139.294,22.218,64.890,7.304,17.095,8.135,35.152,0.928,-0.046,0.098,-0.143,0.080,,78.000,32.000,11.261,0.134,0.529,0.118,0.637,1.290,0.315,3.970,0.562,0.288,0.137,0.885,0.276,0.284,0.021,1.077,6.078,8.252,3.003,10.366,0.770,1.201,0.364,5.927,12.904,2.058,6.011,0.677,1.584,0.754,3.256,2.305,1.689,0.067,0.395,0.139,0.661,0.059,0.359,0.106,0.598,0.038,0.329,0.022,0.344,0.289,1.822,0.736,1.929,0.039,0.397,0.097,0.733,0.658,0.187,0.261,0.937,1.063,0.115,0.190,0.101,0.099,1.019
8480762,Eric Robinson,CAR,F,31.636,True,True,268.000,0.103,0.000,0.000,0.000,,11.331,64.515,20.121,81.121,762.168,266.369,1059.290,679.017,4.670,69.169,9.311,10.525,0.072,1.072,0.144,9.926,2.203,16.524,5.238,10.089,3.158,17.424,5.594,20.015,6.571,20.809,31.762,9.673,8.668,8.879,6.781,3.309,0.089,0.042,75.158,25.860,109.594,10.736,93.206,15.827,9.550,4.261,15.068,9.696,27.862,0.917,0.007,0.099,0.062,0.080,,67.000,18.000,10.195,0.064,0.945,0.128,0.708,0.999,0.182,2.395,0.487,0.225,0.295,0.619,0.247,0.254,0.018,0.451,6.181,6.946,3.361,5.080,0.864,2.052,0.336,2.679,7.338,1.246,0.752,0.336,1.186,0.763,2.193,0.352,0.586,0.064,0.411,0.119,0.616,0.057,0.383,0.094,0.549,0.037,0.350,0.021,0.330,0.281,2.029,0.569,1.710,0.038,0.437,0.076,0.686,0.673,0.193,0.263,1.117,1.212,0.113,0.181,0.101,0.097,1.078
8478970,Jalen Chatfield,CAR,D,30.716,True,True,301.000,0.077,0.000,0.000,0.000,,19.762,69.637,31.973,80.973,1404.977,681.569,1834.016,1196.408,5.073,156.934,46.561,17.181,0.073,2.254,0.669,5.112,1.039,9.348,2.929,14.892,6.078,23.299,6.695,20.004,9.175,20.389,30.583,8.496,4.694,14.232,6.334,8.558,0.034,0.127,95.576,47.305,130.330,4.732,51.751,66.589,29.396,0.000,0.000,24.117,69.937,1.043,-0.233,0.080,0.055,0.067,,72.000,17.000,16.892,0.070,2.114,0.687,0.206,0.371,0.056,0.536,0.268,0.749,0.058,0.627,0.354,0.682,0.094,1.048,4.392,6.434,1.697,3.883,0.197,0.545,0.099,0.644,2.210,2.844,1.255,0.000,0.000,1.030,2.987,0.572,0.311,0.028,0.190,0.027,0.124,0.034,0.382,0.002,0.264,0.030,0.216,0.033,0.145,0.203,1.704,0.251,0.836,0.012,0.183,0.017,0.171,0.329,0.226,0.163,0.002,0.002,0.084,0.172,0.068,0.051,1.078
8482765,Isak Rosen,WPG,F,23.885,True,True,52.000,0.284,0.000,0.000,0.000,,12.146,55.928,13.696,80.696,689.761,202.546,1044.439,586.967,91.102,1.700,9.992,10.495,1.629,0.030,0.179,8.723,1.797,16.178,5.499,9.550,1.707,17.071,6.072,18.273,4.373,17.491,32.358,10.580,9.304,10.751,6.063,3.486,2.161,2.448,66.848,17.060,108.992,8.890,33.834,27.811,5.559,3.343,7.429,9.052,29.238,1.032,-0.104,0.162,-0.018,0.113,1.139,37.000,10.000,10.410,1.536,0.025,0.175,0.678,1.518,0.427,2.113,0.483,1.289,0.220,0.794,0.307,0.526,0.036,0.755,5.287,8.856,3.758,9.481,0.607,1.637,0.418,2.730,2.943,2.419,0.484,0.291,0.646,0.787,2.543,0.224,0.657,0.105,0.404,0.176,0.752,0.089,0.353,0.127,0.665,0.048,0.325,0.024,0.382,0.581,1.605,1.188,2.289,0.073,0.358,0.146,0.831,1.093,0.290,0.449,1.610,1.769,0.167,0.330,0.170,0.160,0.986
8485383,Jake O'Brien,SEA,F,19.630,True,False,0.000,0.179,15.000,15.000,15.000,override,14.465,37.651,0.674,52.674,554.030,184.715,786.005,495.365,29.924,19.938,8.802,13.157,0.795,0.530,0.234,8.149,2.162,14.412,4.807,10.564,2.168,18.064,6.043,18.713,5.052,18.764,31.033,9.927,8.025,10.403,6.251,4.313,0.599,0.879,57.610,16.919,94.862,7.292,50.648,17.842,16.480,46.769,54.383,9.440,26.552,0.991,0.000,0.258,0.000,0.140,1.129,,,13.235,0.688,0.349,0.194,0.824,1.182,0.433,3.353,0.638,0.936,0.278,2.218,0.445,0.801,0.034,1.090,6.176,8.297,3.524,8.935,0.733,1.275,0.404,3.185,5.485,1.932,1.785,5.065,5.890,1.022,2.876,0.778,0.843,0.145,0.542,0.203,0.918,0.120,0.501,0.145,0.837,0.059,0.451,0.028,0.448,1.173,2.255,1.172,2.455,0.128,0.478,0.144,0.889,2.729,0.573,0.972,9.336,8.455,0.248,0.717,0.345,0.289,1.015
8477450,Jason Dickinson,EDM,F,31.581,False,True,282.000,0.089,15.000,15.000,15.000,moneypuck_return_date,15.165,55.734,22.520,65.520,855.683,380.898,1125.847,700.798,6.973,123.370,24.542,12.574,0.125,2.214,0.440,8.803,2.282,14.832,4.902,10.535,3.065,17.366,5.544,19.338,7.508,19.307,31.105,9.103,7.415,9.761,5.821,4.714,0.132,0.083,59.989,24.951,84.449,7.370,79.244,44.010,20.808,368.083,377.766,15.406,35.593,1.033,-0.161,0.092,-0.314,0.076,,63.000,17.000,12.726,0.104,1.989,0.346,0.529,0.957,0.231,1.587,0.358,0.337,0.186,1.918,0.316,0.328,0.065,1.241,4.527,7.284,2.492,2.784,0.508,1.154,0.248,1.925,5.557,3.086,1.459,25.810,26.489,1.080,2.496,0.666,0.679,0.064,0.343,0.103,0.504,0.059,0.328,0.087,0.479,0.038,0.302,0.020,0.297,0.261,1.468,0.444,1.149,0.036,0.334,0.060,0.506,0.522,0.176,0.200,1.328,1.403,0.110,0.164,0.080,0.083,1.058
8478434,Keegan Kolesar,DET,F,29.818,True,True,317.000,0.059,0.000,0.000,0.000,,11.626,69.692,26.199,84.000,814.500,283.785,1128.442,756.569,6.322,43.284,8.325,10.856,0.091,0.621,0.119,7.583,1.146,13.749,4.442,11.220,3.452,19.561,6.135,18.803,5.743,19.527,31.014,9.453,6.860,9.987,7.143,4.078,0.087,0.065,59.348,19.453,87.127,7.222,210.233,34.995,41.532,8.101,13.648,8.926,31.798,0.994,-0.243,0.090,0.039,0.074,,82.000,17.000,10.883,0.081,0.554,0.109,0.502,0.750,0.264,1.883,0.462,0.274,0.439,1.359,0.279,0.279,0.020,0.473,4.498,5.792,1.980,4.290,0.525,1.002,0.320,1.934,15.487,2.578,3.059,0.597,1.005,0.657,2.342,1.012,0.834,0.063,0.415,0.136,0.648,0.055,0.382,0.104,0.575,0.037,0.348,0.022,0.339,0.263,1.989,0.707,1.848,0.036,0.429,0.094,0.713,0.615,0.174,0.243,0.861,0.973,0.106,0.173,0.094,0.091,1.031
8480355,Mark Kastelic,BOS,F,27.896,True,True,271.000,0.098,0.000,0.000,0.000,,12.534,72.924,37.670,84.000,911.227,465.817,1200.895,754.665,7.275,135.770,13.518,10.349,0.100,1.862,0.185,9.085,3.150,14.698,4.680,9.291,3.183,15.915,5.057,18.376,7.388,17.943,28.498,8.406,8.934,9.109,5.746,3.545,0.086,0.198,86.779,42.990,118.733,11.005,210.671,52.977,95.277,313.319,225.714,20.851,39.066,0.907,-0.300,0.102,0.019,0.082,,82.000,21.000,10.416,0.091,1.862,0.165,0.614,0.699,0.297,2.035,0.400,1.360,0.110,0.815,0.246,0.240,0.018,1.359,5.990,4.919,3.960,8.364,0.761,1.055,0.356,2.245,13.872,3.488,6.274,20.631,14.862,1.373,2.572,2.098,1.764,0.068,0.410,0.119,0.648,0.060,0.352,0.095,0.584,0.039,0.333,0.021,0.346,0.290,1.832,0.538,1.630,0.040,0.411,0.071,0.703,0.664,0.203,0.255,1.465,1.534,0.117,0.176,0.098,0.095,1.014
8483731,Alex Bump,PHI,F,23.201,True,True,17.000,0.144,0.000,0.000,0.000,,13.204,46.377,0.000,68.700,603.869,83.962,905.744,546.874,43.739,2.924,10.332,11.792,0.943,0.063,0.223,9.671,0.867,17.339,6.073,9.645,0.833,18.321,6.505,19.316,1.699,19.539,34.831,11.635,8.394,8.750,4.983,4.661,0.957,0.910,64.864,8.304,105.692,8.084,50.102,19.276,11.258,2.003,9.034,8.910,30.708,1.067,-0.209,0.198,0.041,0.125,1.003,17.000,9.000,12.040,0.891,0.067,0.207,0.759,1.140,0.376,3.663,0.424,0.592,0.210,1.219,0.406,0.541,0.030,0.745,6.235,8.598,3.421,9.269,0.686,1.319,0.388,4.937,4.978,1.915,1.119,0.199,0.898,0.885,3.051,0.521,0.576,0.116,0.445,0.177,0.781,0.097,0.409,0.128,0.712,0.050,0.371,0.025,0.390,0.743,1.999,1.190,2.390,0.092,0.432,0.147,0.869,1.486,0.379,0.587,2.186,2.519,0.201,0.444,0.221,0.204,1.073
8480049,Dylan Samberg,WPG,D,28.022,True,True,267.000,0.098,0.000,0.000,0.000,,21.667,67.788,27.300,80.300,1402.160,587.373,1835.340,1204.906,8.871,138.919,49.464,17.774,0.131,2.049,0.730,3.062,0.000,6.206,2.198,14.681,5.513,22.971,6.799,17.743,6.392,18.262,27.393,8.099,3.297,15.408,6.689,7.992,0.054,0.258,86.588,36.673,120.637,3.526,62.356,117.413,20.946,0.000,0.000,26.141,72.700,1.026,0.022,0.083,-0.148,0.069,,66.000,13.000,18.353,0.116,2.320,0.879,0.130,0.390,0.038,0.660,0.288,1.031,0.065,1.141,0.350,0.799,0.091,1.239,3.903,6.408,1.192,5.466,0.136,0.537,0.065,0.681,2.668,5.024,0.896,0.000,0.000,1.119,3.111,0.432,0.322,0.031,0.194,0.027,0.128,0.036,0.385,0.002,0.268,0.032,0.220,0.034,0.148,0.218,1.684,0.247,0.824,0.013,0.184,0.017,0.171,0.326,0.233,0.160,0.002,0.002,0.088,0.177,0.068,0.051,0.986
8481789,Tye Kartye,NYR,F,25.758,True,True,204.000,0.116,0.000,0.000,0.000,,12.051,65.449,24.038,81.138,798.575,311.805,1103.809,699.632,4.048,83.331,11.564,10.690,0.062,1.273,0.177,7.677,1.927,13.490,4.321,10.066,2.951,16.720,5.507,17.743,5.849,18.521,28.270,8.713,7.728,10.021,5.932,4.134,0.058,0.033,66.696,24.935,97.821,7.662,182.203,35.461,34.622,12.694,20.570,13.331,27.999,1.049,-0.080,0.107,-0.042,0.085,,64.000,22.000,10.640,0.062,1.194,0.156,0.602,0.866,0.164,2.190,0.448,0.224,0.122,2.554,0.341,0.260,0.020,0.515,5.435,6.304,1.504,4.163,0.599,1.240,0.146,2.034,13.690,2.664,2.601,0.954,1.546,1.002,2.104,1.115,1.343,0.074,0.442,0.138,0.681,0.064,0.394,0.105,0.597,0.041,0.362,0.022,0.354,0.319,2.062,0.672,1.818,0.043,0.447,0.089,0.733,0.724,0.210,0.282,1.321,1.417,0.121,0.194,0.108,0.104,0.990
8476393,Nick Cousins,OTT,F,33.536,True,True,279.000,0.106,0.000,0.000,0.000,,11.144,71.413,41.364,82.364,792.461,451.120,1029.742,782.822,4.440,1.028,4.171,10.962,0.062,0.014,0.058,8.057,3.294,13.178,4.076,11.199,4.438,18.862,5.318,19.256,8.838,18.780,29.827,8.062,7.224,9.885,5.829,5.370,0.052,0.042,74.495,41.091,101.750,8.696,122.457,32.490,48.343,15.553,17.802,13.153,37.811,0.911,-0.108,0.096,0.028,0.078,,81.000,23.000,10.994,0.071,0.013,0.065,0.540,0.631,0.266,1.820,0.385,0.256,0.156,1.403,0.359,0.245,0.021,0.440,5.644,5.888,2.851,5.413,0.650,0.880,0.357,2.034,9.272,2.460,3.660,1.178,1.348,0.996,2.863,1.631,1.367,0.064,0.377,0.155,0.639,0.057,0.345,0.116,0.577,0.037,0.315,0.022,0.333,0.280,1.777,1.096,1.933,0.038,0.385,0.136,0.723,0.661,0.179,0.264,0.587,0.776,0.112,0.191,0.102,0.100,1.077
8481032,Paul Cotter,VAN,F,27.212,True,True,289.000,0.090,0.000,0.000,0.000,,11.078,72.961,39.435,84.000,849.571,462.715,1114.432,817.785,16.682,3.972,11.132,11.209,0.229,0.054,0.153,9.614,3.235,16.175,4.811,8.455,3.220,15.029,4.743,18.069,7.532,18.293,27.977,8.159,9.130,8.137,4.630,3.825,0.273,0.384,68.869,35.067,96.950,9.473,185.968,23.478,28.819,44.889,42.551,11.970,30.221,1.021,-0.412,0.092,0.095,0.076,,79.000,13.000,10.710,0.197,0.029,0.143,0.601,0.931,0.284,3.604,0.298,0.383,0.153,1.461,0.246,0.944,0.022,0.361,4.819,5.530,2.811,7.876,0.627,1.154,0.321,3.161,13.134,1.658,2.035,3.170,3.005,0.845,2.134,0.885,1.044,0.067,0.362,0.169,0.633,0.057,0.289,0.122,0.515,0.038,0.273,0.024,0.325,0.280,1.485,1.121,1.744,0.038,0.331,0.139,0.667,0.639,0.172,0.256,0.593,0.751,0.106,0.179,0.098,0.095,1.013
8482691,Aatu Räty,VAN,F,24.216,True,True,114.000,0.204,0.000,0.000,0.000,,12.412,63.489,21.290,84.000,871.739,282.389,1258.269,747.703,9.063,101.446,13.526,11.777,0.143,1.598,0.213,7.836,1.995,13.963,4.779,10.225,2.011,18.100,6.116,18.061,5.010,18.036,31.062,9.801,7.936,10.133,5.994,4.231,0.127,0.187,72.263,22.293,112.476,9.034,171.821,20.262,26.976,492.137,329.919,10.917,30.362,0.915,-0.069,0.123,-0.023,0.094,,66.000,14.000,11.252,0.123,0.837,0.200,0.562,0.852,0.230,1.815,0.430,0.939,0.146,0.824,0.320,0.287,0.022,0.539,5.229,9.489,2.559,5.932,0.620,1.344,0.292,2.705,11.826,1.395,1.857,33.873,22.708,0.751,2.090,0.907,0.632,0.085,0.439,0.154,0.705,0.073,0.390,0.115,0.621,0.044,0.358,0.024,0.363,0.384,1.995,0.813,1.946,0.052,0.435,0.106,0.756,0.833,0.235,0.326,1.380,1.514,0.137,0.232,0.125,0.121,1.013
8476873,Mark Jankowski,CAR,F,32.386,True,True,210.000,0.142,0.000,0.000,0.000,,11.052,61.671,15.575,81.575,712.984,201.923,1031.345,609.254,18.327,68.715,16.688,9.879,0.297,1.114,0.271,10.443,2.339,17.539,6.035,8.766,1.134,15.874,5.510,19.209,4.611,19.598,32.279,10.288,8.697,7.543,5.082,3.684,0.247,0.791,59.133,16.537,90.467,9.997,38.649,34.768,18.637,264.895,249.427,10.199,33.115,1.004,0.081,0.109,-0.285,0.086,,68.000,21.000,9.570,0.261,0.982,0.240,0.744,0.675,0.262,2.296,0.343,1.331,0.094,1.358,0.272,0.898,0.019,0.393,5.253,4.110,2.727,5.080,0.845,0.931,0.371,2.555,3.252,2.926,1.568,22.292,20.990,0.858,2.787,0.690,0.414,0.068,0.365,0.116,0.558,0.060,0.301,0.092,0.476,0.039,0.291,0.021,0.311,0.311,1.603,0.548,1.486,0.042,0.363,0.073,0.616,0.733,0.209,0.288,1.262,1.351,0.120,0.194,0.110,0.105,1.078
8477446,Michael McCarron,MIN,F,31.907,True,True,255.000,0.097,0.000,0.000,0.000,,13.684,75.083,44.951,84.000,1002.033,588.595,1280.696,837.088,7.428,125.260,32.258,11.149,0.099,1.668,0.430,8.431,3.268,14.162,4.512,10.461,4.249,18.058,5.406,18.892,8.593,18.261,29.003,8.527,7.870,10.006,5.488,4.973,0.081,0.080,88.820,48.523,120.297,11.916,165.032,61.643,76.041,450.137,394.249,18.437,33.115,0.763,-0.339,0.096,-0.030,0.078,,79.000,17.000,11.113,0.092,2.109,0.372,0.461,0.612,0.173,1.859,0.321,0.297,0.101,0.974,0.288,0.324,0.024,1.204,5.936,4.803,1.998,2.316,0.720,0.958,0.122,2.778,9.882,3.691,4.553,26.953,23.607,1.104,1.983,1.589,1.331,0.062,0.398,0.099,0.519,0.057,0.373,0.084,0.487,0.038,0.341,0.019,0.305,0.264,1.893,0.425,1.166,0.037,0.417,0.057,0.545,0.580,0.188,0.222,1.415,1.480,0.111,0.163,0.086,0.086,1.069
8480246,Nick Perbix,NSH,D,28.632,True,True,299.000,0.069,0.000,0.000,0.000,,18.739,69.632,14.183,84.000,1369.466,234.571,1885.578,1142.481,6.627,172.742,47.616,16.407,0.095,2.481,0.684,3.887,0.000,7.224,2.849,13.905,2.095,23.044,7.457,17.792,2.082,18.733,29.141,9.358,3.861,13.568,6.141,7.764,0.037,0.159,72.760,11.243,106.297,4.063,50.010,89.767,20.917,0.000,0.000,21.172,78.087,1.044,-0.097,0.081,0.157,0.068,,79.000,13.000,15.594,0.087,2.415,0.644,0.175,0.331,0.027,0.518,0.280,0.741,0.049,0.556,0.338,0.667,0.075,1.082,3.436,6.443,1.256,3.784,0.174,0.439,0.039,0.748,2.191,3.933,0.916,0.000,0.000,0.928,3.421,0.455,0.354,0.028,0.193,0.027,0.126,0.035,0.384,0.002,0.263,0.031,0.219,0.034,0.148,0.207,1.689,0.261,0.779,0.012,0.183,0.017,0.167,0.355,0.235,0.175,0.002,0.002,0.083,0.176,0.073,0.054,1.009
8480829,Jesperi Kotkaniemi,CAR,F,26.574,True,True,281.000,0.138,0.000,0.000,0.000,,11.987,56.072,13.806,72.805,698.072,264.494,966.937,652.362,28.828,8.483,8.399,11.634,0.514,0.151,0.150,7.413,1.778,12.443,4.198,11.457,3.718,18.591,5.921,18.870,6.392,19.175,30.132,9.085,7.057,10.367,6.422,5.035,0.367,0.592,67.919,23.661,99.715,8.509,56.526,19.672,24.743,213.800,205.986,9.527,44.226,0.866,-0.249,0.099,0.014,0.080,,42.000,9.000,11.270,0.452,0.133,0.133,0.581,0.727,0.313,2.492,0.495,0.644,0.233,0.625,0.392,0.471,0.025,0.471,5.731,8.732,2.814,7.275,0.687,1.192,0.307,3.012,4.858,1.691,2.127,18.376,17.705,0.819,3.801,0.932,0.853,0.073,0.298,0.166,0.643,0.063,0.241,0.120,0.543,0.040,0.227,0.024,0.335,0.307,1.101,1.033,1.782,0.041,0.249,0.131,0.673,0.645,0.178,0.261,0.750,0.893,0.112,0.191,0.101,0.098,1.078
8476891,Matt Grzelcyk,BUF,D,33.073,True,True,288.000,0.063,0.000,0.000,0.000,,16.985,60.983,9.897,79.897,1039.086,212.522,1485.364,925.909,53.356,26.438,33.383,15.183,0.875,0.433,0.547,1.856,0.000,4.085,1.628,16.270,3.236,26.965,8.768,18.126,3.133,18.799,30.287,9.660,2.129,14.319,8.649,7.621,0.194,2.983,58.577,11.424,89.485,2.402,30.027,55.587,18.015,0.000,0.000,15.582,48.763,0.987,0.066,0.081,0.146,0.068,,68.000,12.000,15.085,0.937,0.390,0.573,0.101,0.250,0.061,0.589,0.362,1.544,0.081,1.103,0.312,1.408,0.074,1.102,3.265,6.086,1.112,4.121,0.117,0.340,0.068,0.464,1.734,3.210,1.040,0.000,0.000,0.900,2.816,0.488,0.220,0.029,0.143,0.029,0.120,0.035,0.278,0.002,0.263,0.030,0.187,0.034,0.142,0.212,0.932,0.336,0.953,0.013,0.117,0.021,0.168,0.314,0.209,0.172,0.002,0.002,0.084,0.183,0.072,0.054,1.039
8481481,Blake Lizotte,PIT,F,29.136,True,True,257.000,0.117,1.000,1.000,1.000,override,13.642,49.282,0.000,75.375,745.010,0.000,1192.590,559.036,3.492,157.663,24.820,11.344,0.071,3.199,0.504,7.627,0.000,14.589,5.614,9.886,0.000,18.770,6.967,17.513,0.000,18.584,31.450,11.725,6.971,9.342,6.161,3.725,0.070,0.037,51.285,0.000,86.879,7.371,55.706,30.573,26.511,213.825,213.262,11.324,30.430,1.036,-0.233,0.104,-0.070,0.083,,55.000,19.000,11.053,0.066,2.134,0.389,0.516,1.103,0.183,3.901,0.454,0.279,0.151,2.843,0.338,0.315,0.018,0.744,4.454,6.363,2.246,8.501,0.558,1.276,0.230,3.604,4.486,2.462,2.135,17.221,17.175,0.912,2.451,0.942,0.845,0.068,0.418,0.111,0.568,0.062,0.385,0.091,0.523,0.040,0.353,0.021,0.322,0.294,1.975,0.489,1.285,0.041,0.433,0.065,0.596,0.649,0.206,0.248,1.565,1.634,0.120,0.179,0.096,0.095,1.005
8476463,Jonas Brodin,MIN,D,33.558,True,True,234.000,0.156,0.000,0.000,0.000,,19.866,58.222,11.074,77.174,1157.885,309.700,1659.239,990.167,4.742,128.204,34.772,17.007,0.082,2.202,0.597,4.070,0.000,7.694,2.940,14.544,3.185,24.420,7.707,18.613,4.279,19.255,31.022,9.664,3.370,12.510,6.661,7.883,0.032,0.160,68.862,17.280,102.768,2.849,19.344,106.141,17.077,0.000,0.000,14.615,43.273,1.089,0.040,0.084,-0.164,0.070,,62.000,18.000,17.378,0.099,1.793,0.597,0.178,0.337,0.041,0.547,0.310,1.022,0.064,0.689,0.358,0.716,0.100,1.049,3.907,6.311,1.105,2.645,0.145,0.500,0.067,0.465,1.002,5.500,0.885,0.000,0.000,0.757,2.242,0.442,0.360,0.029,0.172,0.026,0.118,0.035,0.345,0.002,0.251,0.030,0.205,0.032,0.140,0.212,1.448,0.250,0.791,0.012,0.165,0.017,0.159,0.328,0.230,0.164,0.002,0.002,0.088,0.179,0.069,0.052,1.069
8475279,Ben Chiarot,DET,D,35.734,True,True,316.000,0.049,0.000,0.000,0.000,,19.945,75.550,41.113,84.000,1587.061,808.978,2025.770,1354.236,6.753,164.141,61.932,17.925,0.089,2.173,0.820,4.282,1.022,8.177,2.715,13.648,5.689,20.858,6.115,17.930,7.718,18.331,27.014,7.717,4.252,14.617,6.441,7.207,0.035,0.163,91.694,44.938,122.660,4.122,140.818,141.821,56.941,0.000,0.000,19.942,69.769,1.054,-0.119,0.073,0.304,0.062,,82.000,15.000,17.426,0.117,1.658,0.744,0.159,0.310,0.035,0.516,0.257,0.884,0.066,0.795,0.287,0.671,0.079,0.925,3.671,5.208,1.266,4.632,0.154,0.441,0.050,0.439,5.324,5.362,2.153,0.000,0.000,0.754,2.638,1.003,0.450,0.025,0.167,0.025,0.112,0.032,0.344,0.002,0.237,0.028,0.202,0.031,0.136,0.184,1.465,0.236,0.718,0.011,0.166,0.016,0.145,0.283,0.201,0.142,0.002,0.002,0.078,0.158,0.060,0.045,1.031
8480043,Timothy Liljegren,WSH,D,27.759,True,True,237.000,0.135,0.000,0.000,0.000,,19.753,59.189,15.311,75.311,1192.060,437.858,1638.838,1003.621,49.301,107.234,31.904,16.956,0.833,1.812,0.539,3.517,0.818,6.545,2.384,13.638,4.203,21.857,6.545,17.154,5.852,17.555,26.750,8.057,3.810,14.533,6.334,7.303,0.355,1.897,69.297,24.818,101.930,3.638,64.044,104.623,32.743,0.000,0.000,11.512,67.115,1.048,0.310,0.090,-0.089,0.074,,47.000,11.000,16.502,0.856,1.861,0.534,0.178,0.468,0.057,0.642,0.288,1.410,0.074,1.220,0.361,1.050,0.100,1.314,3.663,5.936,0.916,2.849,0.168,0.458,0.065,0.645,3.224,5.266,1.648,0.000,0.000,0.580,3.378,0.794,0.383,0.033,0.162,0.030,0.129,0.038,0.303,0.002,0.283,0.032,0.200,0.035,0.151,0.243,1.053,0.304,1.001,0.014,0.132,0.020,0.189,0.353,0.245,0.183,0.002,0.002,0.094,0.197,0.077,0.059,0.988
8483565,Nick Blankenburg,TOR,D,28.726,True,True,169.000,0.174,0.000,0.000,0.000,,17.095,54.823,0.000,82.240,943.423,16.449,1510.171,776.658,46.548,95.257,24.960,14.167,0.849,1.738,0.455,4.668,0.000,9.296,3.718,12.439,0.000,23.331,8.209,17.107,0.000,17.864,31.525,11.027,3.972,11.980,6.310,6.129,0.714,2.468,61.656,0.875,104.061,4.290,51.267,57.303,15.988,0.000,0.967,14.723,45.789,1.059,0.084,0.100,0.035,0.081,,61.000,23.000,13.918,1.295,1.379,0.503,0.223,0.783,0.077,0.853,0.317,1.729,0.073,1.260,0.325,1.336,0.068,1.340,3.885,6.937,1.806,7.494,0.233,0.622,0.141,1.357,3.260,3.644,1.017,0.000,0.061,0.936,2.912,0.466,0.609,0.035,0.163,0.030,0.128,0.040,0.312,0.002,0.284,0.033,0.202,0.034,0.150,0.269,1.075,0.298,1.061,0.016,0.131,0.020,0.192,0.402,0.262,0.214,0.003,0.003,0.097,0.218,0.088,0.067,0.989
8476374,Sean Kuraly,BOS,F,34.032,True,True,297.000,0.073,0.000,0.000,0.000,,12.746,73.436,41.270,83.270,933.572,504.865,1196.513,741.473,4.604,169.639,17.855,10.097,0.063,2.310,0.243,6.318,2.123,11.676,3.604,11.205,4.294,18.252,5.418,17.523,7.484,17.107,27.799,7.722,6.025,10.541,7.357,3.848,0.060,0.038,81.779,45.295,110.720,8.514,112.894,39.761,29.693,312.032,297.056,15.241,41.246,0.824,-0.107,0.094,0.009,0.077,,82.000,22.000,10.163,0.057,2.310,0.216,0.403,0.742,0.127,2.124,0.507,0.201,0.116,1.066,0.264,0.259,0.015,0.985,5.791,5.397,2.992,4.496,0.566,1.103,0.226,2.690,7.256,2.555,1.908,20.054,19.092,0.980,2.651,0.859,0.665,0.058,0.389,0.093,0.524,0.054,0.356,0.080,0.493,0.036,0.332,0.019,0.309,0.250,1.854,0.406,1.141,0.035,0.412,0.054,0.570,0.581,0.187,0.220,1.444,1.500,0.107,0.153,0.085,0.083,1.014
8479661,Tanner Jeannot,BOS,F,29.678,True,True,275.000,0.099,0.000,0.000,0.000,,12.436,68.870,31.924,80.924,853.043,412.200,1120.972,754.716,7.492,83.094,7.741,10.959,0.109,1.206,0.112,7.006,2.036,12.214,3.941,10.497,3.146,17.828,5.319,17.503,7.253,17.614,27.975,8.084,6.669,9.782,5.713,4.784,0.101,0.176,65.163,30.234,91.974,9.863,214.108,44.486,69.456,12.320,17.672,7.942,39.938,0.754,-0.114,0.097,-0.003,0.079,,77.000,22.000,11.030,0.099,1.206,0.100,0.483,0.772,0.199,1.683,0.386,0.203,0.147,1.865,0.335,1.110,0.019,0.576,4.734,7.665,2.978,4.137,0.699,1.317,0.418,2.528,15.060,3.129,4.885,0.867,1.243,0.559,2.809,1.556,1.234,0.065,0.368,0.125,0.650,0.058,0.320,0.099,0.591,0.038,0.301,0.021,0.344,0.278,1.593,0.598,1.798,0.038,0.360,0.080,0.714,0.631,0.188,0.246,1.187,1.276,0.113,0.177,0.095,0.093,1.014
8476967,Brett Kulak,COL,D,33.071,True,True,329.000,0.046,0.000,0.000,0.000,,18.617,72.871,42.316,81.316,1410.208,840.673,1777.719,1265.007,9.426,89.388,46.388,17.360,0.129,1.227,0.637,3.674,1.025,7.174,2.455,14.725,7.218,22.686,6.395,18.398,9.269,18.539,27.808,7.699,3.497,14.093,6.223,8.501,0.048,0.235,93.081,52.770,123.359,3.905,35.376,95.012,29.120,0.000,0.000,14.875,66.126,1.012,-0.506,0.075,0.015,0.064,,83.000,12.000,16.647,0.142,1.255,0.573,0.139,0.293,0.038,0.596,0.237,0.691,0.067,0.974,0.339,0.743,0.076,0.972,4.176,4.846,0.959,3.675,0.152,0.401,0.043,0.734,1.505,4.042,1.239,0.000,0.000,0.633,2.813,0.612,0.199,0.027,0.175,0.027,0.119,0.033,0.354,0.002,0.253,0.029,0.207,0.033,0.141,0.190,1.499,0.258,0.828,0.011,0.169,0.018,0.158,0.301,0.206,0.154,0.002,0.002,0.079,0.165,0.065,0.048,1.070
8475220,Marcus Foligno,MIN,F,35.480,True,True,253.000,0.118,0.000,0.000,0.000,,12.481,67.771,34.428,80.428,833.058,431.255,1102.728,733.112,13.229,69.874,16.844,10.817,0.195,1.031,0.248,8.642,3.187,14.872,4.545,9.701,3.974,15.894,4.917,18.344,8.198,18.445,28.692,8.247,7.678,9.211,5.475,4.227,0.324,0.166,62.895,30.363,89.190,9.416,184.092,41.262,59.105,9.930,13.616,14.139,35.595,0.936,0.064,0.099,-0.213,0.080,,56.000,13.000,10.782,0.181,1.303,0.215,0.516,1.307,0.127,3.344,0.377,0.190,0.145,1.354,0.306,0.526,0.018,0.489,4.633,9.308,1.964,6.945,0.636,1.671,0.135,3.971,13.259,2.972,4.257,0.715,0.981,1.018,2.564,1.413,1.110,0.063,0.323,0.110,0.520,0.058,0.284,0.090,0.475,0.037,0.269,0.020,0.299,0.278,1.369,0.510,1.321,0.038,0.315,0.068,0.558,0.616,0.187,0.240,1.251,1.335,0.112,0.176,0.093,0.092,1.069
8478399,Jonas Siegenthaler,NJD,D,29.741,True,True,274.000,0.088,0.000,0.000,0.000,,19.401,79.959,58.295,84.000,1589.775,1082.330,1975.166,1381.251,4.578,142.732,61.215,17.274,0.057,1.785,0.766,2.477,0.000,5.217,1.830,14.826,7.887,22.676,5.971,17.303,8.706,17.412,26.119,6.873,2.993,15.644,5.691,9.135,0.024,0.104,69.381,44.926,94.250,3.752,97.692,131.980,40.270,0.000,0.000,18.797,86.036,0.978,-0.048,0.080,0.017,0.067,,82.000,16.000,17.072,0.050,1.647,0.631,0.103,0.388,0.039,0.481,0.206,0.754,0.064,1.038,0.361,0.684,0.111,0.995,2.784,5.638,0.962,2.531,0.138,0.495,0.060,0.390,3.687,4.981,1.520,0.000,0.000,0.709,3.247,0.700,0.354,0.029,0.192,0.027,0.125,0.035,0.385,0.002,0.256,0.030,0.218,0.033,0.144,0.206,1.712,0.253,0.792,0.012,0.184,0.017,0.158,0.324,0.222,0.163,0.002,0.002,0.084,0.173,0.068,0.051,1.010
8478859,Niko Mikkola,FLA,D,30.765,True,True,307.000,0.062,0.000,0.000,0.000,,20.102,71.834,49.019,79.019,1453.742,1012.479,1804.348,1273.068,7.571,126.079,47.024,17.722,0.105,1.755,0.655,4.457,1.032,8.259,2.715,14.843,7.058,22.183,6.122,19.300,10.138,19.262,28.386,7.594,4.066,13.945,5.771,9.073,0.048,0.192,79.784,51.852,104.742,4.244,129.543,89.282,50.846,0.000,0.000,13.397,78.506,1.026,-0.105,0.078,-0.004,0.066,,68.000,11.000,17.121,0.125,2.159,0.697,0.167,0.347,0.034,0.515,0.221,0.730,0.060,0.660,0.352,0.699,0.078,1.019,3.457,7.853,1.205,3.726,0.173,0.470,0.054,0.508,5.347,3.685,2.099,0.000,0.000,0.553,3.240,0.998,0.603,0.028,0.187,0.026,0.123,0.034,0.371,0.002,0.252,0.030,0.214,0.032,0.143,0.200,1.613,0.237,0.746,0.012,0.177,0.016,0.156,0.314,0.218,0.156,0.002,0.002,0.081,0.167,0.066,0.049,1.139
8476958,Jaccob Slavin,CAR,D,32.756,True,True,276.000,0.127,0.000,0.000,0.000,,20.670,62.403,19.886,76.986,1316.860,497.152,1776.583,1070.493,7.583,170.147,68.638,17.154,0.121,2.727,1.100,3.535,0.882,6.177,2.369,14.729,4.751,23.753,7.037,18.264,6.554,18.724,29.023,8.516,3.661,14.323,6.039,8.691,0.041,0.175,87.881,33.570,124.301,4.742,22.229,89.889,7.937,0.000,0.000,40.803,57.869,0.993,0.009,0.084,-0.064,0.070,,39.000,7.000,16.866,0.116,2.558,1.131,0.156,0.339,0.056,0.598,0.252,0.681,0.054,0.992,0.365,0.667,0.177,1.177,4.451,5.771,1.568,2.880,0.192,0.495,0.061,0.939,1.013,4.096,0.362,0.000,0.000,1.859,2.637,0.182,0.234,0.028,0.178,0.024,0.117,0.035,0.357,0.002,0.239,0.030,0.208,0.032,0.139,0.212,1.536,0.230,0.656,0.012,0.172,0.015,0.146,0.338,0.235,0.165,0.002,0.002,0.086,0.175,0.069,0.052,1.078
8479977,Kailer Yamamoto,UTA,F,28.342,True,True,188.000,0.223,0.000,0.000,0.000,,11.854,50.065,3.036,78.036,586.775,88.249,933.509,557.102,20.004,4.197,5.472,11.128,0.400,0.084,0.109,8.944,1.023,17.386,5.924,8.237,0.978,15.746,5.749,17.181,2.002,17.013,32.025,10.792,7.755,7.507,4.942,3.295,0.401,0.452,49.793,7.161,85.040,7.475,39.039,16.210,13.417,17.524,26.577,12.662,19.556,1.090,0.028,0.115,-0.171,0.090,,59.000,23.000,11.218,0.433,0.089,0.113,0.778,1.044,0.360,1.772,0.449,0.753,0.196,0.764,0.300,0.484,0.024,0.631,5.050,6.230,4.227,5.853,0.737,1.238,0.444,2.024,3.992,1.657,1.372,1.792,2.718,1.295,2.000,0.671,0.901,0.079,0.331,0.158,0.673,0.068,0.279,0.116,0.591,0.042,0.260,0.023,0.347,0.355,1.301,0.957,1.968,0.047,0.291,0.122,0.733,0.763,0.208,0.307,0.856,1.034,0.128,0.225,0.118,0.115,1.016
8484388,Daniil But,UTA,F,21.960,True,True,29.000,0.193,0.000,0.000,0.000,,13.350,47.453,0.946,69.946,623.670,142.521,929.301,556.893,59.655,1.614,5.508,11.736,1.257,0.034,0.116,7.519,1.491,13.422,4.643,9.657,1.531,17.602,6.064,17.176,3.783,17.401,28.826,9.802,7.900,10.012,5.292,4.365,1.333,1.924,74.517,16.464,116.031,10.432,33.929,26.622,15.446,13.271,25.611,8.171,29.648,0.832,0.254,0.176,-0.125,0.118,1.088,29.000,7.000,11.831,1.363,0.036,0.120,0.676,1.409,0.392,2.288,0.511,0.631,0.230,1.238,0.332,1.376,0.034,0.843,6.824,10.348,3.672,8.670,0.928,1.556,0.415,2.868,3.264,2.561,1.486,1.277,2.464,0.786,2.852,0.706,0.723,0.112,0.424,0.179,0.791,0.094,0.383,0.129,0.722,0.050,0.350,0.025,0.395,0.645,1.752,1.200,2.423,0.081,0.385,0.148,0.878,1.192,0.317,0.486,1.824,2.049,0.180,0.373,0.185,0.175,1.016
8476474,Stefan Noesen,NJD,F,33.968,True,True,275.000,0.049,0.000,0.000,1.000,research:medium,12.021,52.730,0.000,74.999,588.724,59.561,883.183,491.211,73.408,7.657,16.448,9.316,1.392,0.145,0.312,7.571,0.000,13.997,4.920,9.504,0.896,17.917,6.152,17.075,0.912,17.328,30.096,10.210,6.997,9.092,5.770,3.734,2.264,2.281,65.109,6.866,101.268,10.253,59.967,14.402,26.269,23.189,26.428,7.206,31.684,0.764,0.080,0.104,-0.013,0.084,,38.000,7.000,10.008,1.532,0.132,0.349,0.514,1.710,0.296,2.392,0.532,0.796,0.180,0.605,0.269,0.988,0.030,0.567,5.786,12.165,3.051,9.006,0.733,2.595,0.320,3.769,6.112,1.468,2.677,2.363,2.693,0.734,3.229,1.083,0.768,0.070,0.257,0.149,0.502,0.063,0.220,0.112,0.420,0.038,0.208,0.022,0.296,0.312,0.893,0.927,1.476,0.041,0.206,0.118,0.538,0.613,0.173,0.259,0.943,1.027,0.112,0.196,0.100,0.098,1.010
8478046,Danton Heinen,CBJ,F,31.578,True,True,264.000,0.081,0.000,0.000,0.000,,11.485,56.329,9.041,78.041,646.469,154.422,963.952,603.813,14.813,16.760,11.082,10.720,0.263,0.297,0.197,7.347,1.032,13.411,4.682,10.139,2.080,17.680,6.125,17.485,3.109,17.620,30.057,9.804,6.600,8.960,5.938,4.200,0.278,0.218,54.868,12.850,86.277,7.527,56.121,24.834,16.598,9.576,15.751,11.515,28.425,0.957,-0.054,0.101,-0.071,0.082,,46.000,12.000,10.756,0.225,0.315,0.188,0.590,1.014,0.395,1.626,0.477,0.297,0.123,1.835,0.340,0.485,0.020,0.919,5.106,6.438,3.414,5.101,0.662,1.307,0.542,2.115,5.209,2.305,1.540,0.889,1.462,1.069,2.638,0.727,0.433,0.068,0.334,0.133,0.596,0.060,0.284,0.102,0.519,0.038,0.267,0.022,0.319,0.296,1.406,0.693,1.684,0.040,0.315,0.092,0.649,0.676,0.188,0.270,0.845,0.982,0.115,0.193,0.104,0.101,1.041
8481527,Kaedan Korczak,PIT,D,26.007,True,True,154.000,0.155,0.000,0.000,0.000,,16.266,67.887,27.448,84.000,1208.112,481.260,1669.706,1139.023,4.374,43.667,21.049,16.778,0.064,0.643,0.310,2.757,0.000,5.792,2.202,14.122,4.236,23.300,7.043,16.879,5.213,16.681,27.106,8.285,2.918,13.480,6.878,7.243,0.021,0.117,64.264,24.423,94.638,2.792,103.708,87.083,22.017,0.000,0.000,11.728,80.176,1.038,-0.010,0.096,-0.203,0.078,,78.000,16.000,15.561,0.057,0.424,0.224,0.140,0.298,0.064,0.571,0.322,0.780,0.068,0.989,0.343,0.755,0.078,0.854,3.240,5.965,0.959,4.647,0.130,0.421,0.084,0.664,5.151,4.325,1.093,0.000,0.000,0.583,3.982,0.540,0.289,0.034,0.199,0.032,0.134,0.039,0.395,0.002,0.301,0.033,0.224,0.036,0.154,0.253,1.753,0.371,1.257,0.015,0.189,0.023,0.216,0.427,0.269,0.220,0.003,0.003,0.100,0.224,0.091,0.066,1.005
8484152,Luca Cagnoni,SJS,D,22.114,True,True,9.000,0.178,0.000,0.000,0.000,,18.750,52.654,10.275,70.275,1025.578,362.800,1421.175,866.647,104.514,25.224,29.193,16.459,1.985,0.479,0.554,3.527,0.601,6.607,2.394,13.656,4.009,22.050,6.773,17.183,5.225,17.635,27.431,8.410,4.758,16.905,6.541,7.115,0.679,4.123,77.735,25.880,122.122,4.713,50.396,65.199,39.565,0.003,0.003,14.045,50.125,1.042,-0.322,0.222,-0.005,0.132,0.681,3.000,0.000,16.189,1.809,0.368,0.384,0.233,0.526,0.086,0.896,0.351,1.341,0.097,1.348,0.366,1.589,0.081,1.479,4.323,6.394,1.570,7.189,0.231,0.524,0.096,0.872,2.948,3.814,2.315,0.000,0.000,0.822,2.933,0.968,0.624,0.052,0.207,0.034,0.141,0.048,0.388,0.002,0.314,0.037,0.222,0.036,0.155,0.682,1.706,0.423,1.550,0.036,0.187,0.025,0.260,1.147,0.641,0.521,0.010,0.010,0.212,0.558,0.209,0.141,1.025
8480727,Zach Whitecloud,CGY,D,30.177,True,True,272.000,0.092,0.000,0.000,0.000,,19.903,64.766,10.137,82.137,1359.561,241.794,1911.535,1143.263,7.902,166.215,42.182,17.652,0.122,2.566,0.651,3.452,0.000,7.107,2.680,14.500,2.138,24.582,7.957,17.952,2.116,19.045,29.626,9.705,3.320,13.558,6.409,8.091,0.049,0.204,62.337,9.918,94.221,3.267,114.059,114.837,29.888,0.000,0.000,14.370,66.531,1.038,-0.153,0.080,0.133,0.067,,78.000,17.000,17.273,0.068,2.045,0.517,0.145,0.355,0.031,0.600,0.267,0.757,0.061,0.898,0.341,0.692,0.081,1.070,3.021,6.468,0.959,1.795,0.134,0.482,0.038,0.780,5.034,5.068,1.319,0.000,0.000,0.634,2.936,0.633,0.408,0.029,0.191,0.027,0.126,0.035,0.384,0.002,0.273,0.030,0.217,0.033,0.147,0.204,1.713,0.255,0.916,0.012,0.184,0.017,0.182,0.326,0.226,0.162,0.002,0.002,0.084,0.173,0.068,0.051,1.073
8474151,Ryan McDonagh,TBL,D,37.637,True,True,275.000,0.118,0.000,0.000,0.000,,18.306,57.193,0.405,79.404,1077.730,87.119,1600.008,898.357,9.482,128.103,41.788,15.707,0.166,2.240,0.731,3.210,0.000,6.378,2.616,14.534,1.102,25.342,8.501,17.744,1.095,18.608,30.649,10.192,2.858,12.437,7.148,7.386,0.049,0.298,47.595,3.767,76.272,2.788,23.828,91.305,13.368,0.000,0.000,15.692,67.943,1.085,0.070,0.085,-0.123,0.070,,48.000,21.000,14.772,0.145,2.547,0.842,0.164,0.274,0.049,0.378,0.333,0.817,0.044,1.307,0.350,0.796,0.081,1.119,2.887,5.403,1.107,1.649,0.154,0.403,0.059,0.427,1.327,5.083,0.744,0.000,0.000,0.874,3.783,0.360,0.236,0.025,0.155,0.021,0.106,0.033,0.321,0.002,0.230,0.029,0.194,0.030,0.134,0.205,1.327,0.216,0.627,0.012,0.153,0.015,0.142,0.355,0.238,0.175,0.002,0.002,0.083,0.176,0.072,0.054,1.062
8476441,Joel Edmundson,LAK,D,33.596,True,True,269.000,0.072,0.000,0.000,0.000,override,18.140,67.902,25.276,80.276,1285.415,512.644,1703.343,1054.403,5.687,170.856,54.470,15.528,0.084,2.516,0.802,3.254,0.000,6.140,2.285,14.078,4.287,22.506,6.829,17.331,6.268,18.059,27.620,8.081,3.047,12.695,6.019,8.059,0.030,0.217,75.132,27.763,106.265,3.850,87.074,96.566,24.372,0.000,0.000,11.925,74.492,1.003,-0.035,0.081,0.254,0.068,,82.000,23.000,15.191,0.069,2.166,0.715,0.147,0.297,0.028,0.391,0.245,1.141,0.049,0.970,0.344,0.926,0.068,1.034,3.937,5.469,1.429,1.488,0.187,0.420,0.052,0.415,4.064,4.508,1.138,0.000,0.000,0.557,3.477,0.522,0.323,0.026,0.179,0.024,0.116,0.033,0.367,0.002,0.243,0.029,0.209,0.031,0.140,0.201,1.625,0.225,0.706,0.012,0.177,0.015,0.151,0.344,0.228,0.171,0.002,0.002,0.081,0.172,0.071,0.053,1.043
8485957,Alberts Smits,NYR,D,19.168,True,False,0.000,0.179,0.000,0.000,0.000,,21.101,40.132,0.000,64.307,811.803,45.361,1233.079,733.683,21.701,37.878,18.541,18.282,0.541,0.944,0.462,3.741,0.000,7.527,2.806,12.598,0.000,22.283,7.498,16.340,0.677,16.932,28.446,9.656,3.780,12.729,5.953,6.645,0.174,0.870,55.261,2.777,95.817,2.850,39.702,54.624,16.296,0.076,0.076,11.230,42.725,1.053,0.000,0.258,0.000,0.140,0.753,,,19.249,0.533,0.922,0.397,0.262,0.487,0.078,1.119,0.415,1.213,0.110,1.400,0.470,1.218,0.123,1.438,4.103,6.783,1.462,5.562,0.191,0.573,0.083,0.813,2.934,4.037,1.204,0.006,0.006,0.830,3.158,0.585,0.347,0.059,0.235,0.038,0.155,0.055,0.456,0.002,0.357,0.043,0.254,0.041,0.176,0.779,1.832,0.404,1.518,0.040,0.192,0.024,0.253,1.866,0.819,0.656,0.057,0.057,0.239,0.689,0.255,0.162,0.990
8479591,Michael Eyssimont,BOS,F,30.396,True,True,268.000,0.096,0.000,0.000,0.000,,10.812,64.195,21.240,80.240,694.329,254.066,959.635,642.808,38.575,2.795,10.151,10.013,0.601,0.043,0.158,7.849,1.971,13.795,4.454,8.860,1.927,15.416,5.021,16.709,4.868,16.552,27.263,8.430,7.689,8.721,4.597,4.263,0.820,1.453,107.173,38.151,153.560,10.427,80.286,21.416,45.721,5.099,7.939,9.859,34.451,0.833,0.064,0.102,-0.172,0.082,,56.000,18.000,10.079,0.549,0.043,0.140,0.617,1.249,0.271,1.577,0.345,0.726,0.154,2.096,0.291,1.499,0.024,0.655,9.248,10.937,3.156,5.408,0.827,1.668,0.321,2.819,6.938,1.851,3.951,0.441,0.686,0.852,2.977,1.657,1.587,0.069,0.348,0.160,0.639,0.060,0.290,0.118,0.545,0.038,0.274,0.023,0.335,0.302,1.436,1.095,1.903,0.040,0.322,0.136,0.711,0.704,0.189,0.285,0.749,0.891,0.116,0.199,0.109,0.105,1.014
8474574,Tyler Myers,DAL,D,36.999,True,True,299.000,0.056,0.000,0.000,0.000,,18.610,71.039,45.100,79.100,1331.526,858.009,1680.098,1133.875,8.709,137.979,50.962,15.961,0.123,1.942,0.717,3.133,0.000,6.064,2.261,14.070,6.992,21.975,5.886,17.203,8.008,17.017,26.026,6.985,2.914,13.232,6.504,7.566,0.041,0.199,74.822,45.214,100.790,3.938,79.296,110.456,52.975,0.000,0.000,18.212,66.182,0.996,0.052,0.079,0.115,0.067,,73.000,11.000,15.616,0.136,2.162,0.696,0.123,0.264,0.072,0.447,0.280,0.587,0.052,0.730,0.311,0.703,0.074,1.131,3.661,5.365,1.161,2.571,0.172,0.386,0.064,0.580,3.573,4.977,2.387,0.000,0.000,0.821,2.982,1.122,0.454,0.025,0.157,0.023,0.109,0.032,0.324,0.002,0.235,0.028,0.196,0.030,0.135,0.194,1.339,0.222,0.685,0.011,0.155,0.015,0.146,0.324,0.221,0.161,0.002,0.002,0.080,0.167,0.067,0.051,1.048
8481806,Louis Crevier,BUF,D,25.747,True,True,133.000,0.145,0.000,0.000,0.000,,17.464,60.075,8.168,84.000,1066.031,142.048,1641.947,920.887,4.653,121.420,19.070,15.329,0.077,2.021,0.317,4.745,0.000,9.428,3.507,12.109,1.130,21.474,7.482,16.854,2.287,17.151,29.729,9.981,3.984,10.823,5.779,6.330,0.032,0.126,78.309,10.111,125.380,3.464,101.804,82.651,36.058,0.000,0.000,11.136,53.699,1.091,-0.072,0.100,0.122,0.081,,77.000,25.000,15.230,0.083,1.819,0.332,0.234,0.350,0.088,0.572,0.312,0.775,0.053,0.655,0.328,0.677,0.113,1.060,4.823,7.178,1.455,2.466,0.196,0.492,0.061,0.921,5.730,4.652,2.030,0.000,0.000,0.627,3.022,0.955,0.282,0.034,0.200,0.030,0.133,0.039,0.396,0.002,0.295,0.033,0.224,0.035,0.154,0.262,1.769,0.290,1.109,0.015,0.190,0.019,0.208,0.448,0.286,0.223,0.003,0.003,0.100,0.222,0.092,0.068,1.039
8479378,Logan Stanley,NYI,D,28.687,True,True,183.000,0.183,0.000,0.000,0.000,,16.676,54.656,1.560,84.000,921.835,0.000,1563.322,809.794,22.858,57.586,31.597,14.816,0.418,1.054,0.578,4.452,0.000,10.270,3.810,12.733,0.000,25.075,9.161,17.185,0.000,17.659,32.796,12.025,3.530,10.395,5.719,7.014,0.148,0.792,59.291,0.000,106.012,2.745,82.624,65.374,68.806,0.000,0.000,11.143,52.728,1.122,-0.281,0.094,0.192,0.077,,76.000,26.000,14.660,0.390,0.936,0.690,0.229,0.308,0.051,0.515,0.277,0.762,0.065,1.093,0.348,0.934,0.071,1.160,3.905,7.949,1.251,4.473,0.171,0.390,0.060,0.438,5.378,4.255,4.478,0.000,0.000,0.725,3.432,1.717,0.799,0.033,0.182,0.030,0.127,0.038,0.361,0.002,0.274,0.032,0.214,0.035,0.148,0.245,1.468,0.309,0.968,0.014,0.166,0.020,0.175,0.405,0.257,0.210,0.002,0.002,0.094,0.211,0.087,0.064,1.064
8482176,Wyatt Kaiser,CHI,D,24.506,True,True,175.000,0.171,0.000,0.000,0.000,,20.040,61.106,16.234,80.234,1242.473,382.619,1770.547,1084.306,5.305,119.186,33.675,17.745,0.087,1.950,0.551,4.454,1.056,8.450,3.013,11.894,2.832,19.825,6.323,16.348,4.764,16.527,26.249,8.335,4.093,12.078,5.045,6.849,0.036,0.131,65.916,20.135,98.759,3.313,45.945,75.148,27.511,0.000,0.000,25.198,76.933,1.091,-0.007,0.088,-0.101,0.073,,77.000,17.000,17.631,0.092,1.836,0.481,0.201,0.371,0.049,0.594,0.240,0.782,0.065,1.039,0.339,0.721,0.084,1.064,3.390,5.626,1.362,2.583,0.156,0.474,0.076,0.527,2.219,3.629,1.329,0.000,0.000,1.217,3.715,0.660,0.567,0.033,0.203,0.030,0.135,0.038,0.394,0.002,0.287,0.032,0.224,0.035,0.152,0.237,1.764,0.281,1.019,0.014,0.191,0.019,0.196,0.365,0.249,0.182,0.002,0.002,0.093,0.194,0.076,0.057,1.013
8482733,Logan Mailloux,STL,D,23.800,True,True,75.000,0.204,1.000,1.000,1.000,dailyfaceoff:ir:dtd,17.483,47.330,0.000,81.552,858.311,0.000,1552.025,748.704,45.621,34.519,29.466,15.819,0.964,0.729,0.623,4.643,0.000,10.236,4.328,11.162,0.000,23.516,8.758,15.805,0.000,15.725,32.573,12.175,3.613,10.313,5.326,5.837,0.344,1.740,63.908,0.000,119.576,3.218,70.028,46.120,35.355,0.000,0.000,12.213,50.099,1.085,-0.131,0.117,0.224,0.091,0.630,67.000,13.000,15.687,0.613,0.674,0.510,0.238,0.352,0.068,0.675,0.276,1.171,0.078,1.099,0.322,0.944,0.082,1.238,4.563,4.770,1.885,4.592,0.205,0.419,0.076,0.606,4.895,3.224,2.471,0.000,0.000,0.854,3.502,1.113,0.620,0.041,0.192,0.033,0.137,0.043,0.365,0.002,0.298,0.035,0.217,0.036,0.154,0.328,1.478,0.379,1.219,0.019,0.169,0.024,0.213,0.501,0.319,0.260,0.003,0.003,0.119,0.269,0.107,0.079,0.979
8479369,Andrew Peeke,UTA,D,28.879,True,True,271.000,0.105,0.000,0.000,0.000,,19.294,69.581,32.004,83.004,1355.625,616.374,1797.846,1159.296,3.154,152.513,40.662,16.661,0.045,2.192,0.584,3.186,0.000,6.000,2.355,13.195,5.034,21.144,6.285,16.380,6.033,16.089,26.144,7.610,3.142,12.955,5.996,7.198,0.018,0.076,72.925,31.710,102.068,3.075,105.933,124.821,20.107,0.000,0.000,11.361,65.713,1.061,-0.255,0.081,0.057,0.068,,77.000,14.000,16.504,0.048,2.183,0.559,0.136,0.346,0.029,0.635,0.275,0.753,0.055,0.593,0.314,0.672,0.096,1.070,3.484,5.647,1.255,3.134,0.123,0.462,0.040,0.841,4.689,5.525,0.890,0.000,0.000,0.503,2.909,0.425,0.280,0.029,0.194,0.026,0.126,0.035,0.389,0.002,0.265,0.031,0.220,0.033,0.147,0.209,1.732,0.239,0.812,0.012,0.186,0.016,0.169,0.340,0.230,0.168,0.002,0.002,0.084,0.174,0.070,0.052,1.016
8484160,Nate Danielson,DET,F,22.346,True,True,28.000,0.144,0.000,0.000,0.000,,11.918,48.416,0.901,69.901,584.820,142.313,864.028,500.390,73.235,2.898,8.297,10.335,1.513,0.060,0.171,6.557,0.729,12.401,4.324,9.903,1.599,17.592,6.303,16.460,3.080,16.172,29.264,9.747,7.020,9.605,5.795,4.109,1.473,3.069,63.314,14.877,101.788,8.388,27.382,17.437,11.914,101.121,163.528,10.991,29.387,0.878,0.058,0.184,0.050,0.121,1.037,28.000,7.000,10.361,1.348,0.053,0.156,0.617,1.292,0.383,2.001,0.441,1.495,0.205,0.766,0.328,0.944,0.034,0.704,5.996,9.897,3.575,7.612,0.700,1.761,0.397,2.730,2.809,1.789,1.222,10.374,16.777,1.128,3.015,0.563,0.584,0.113,0.426,0.178,0.779,0.095,0.375,0.129,0.698,0.050,0.345,0.025,0.391,0.684,1.769,1.193,2.382,0.085,0.392,0.147,0.866,1.329,0.340,0.533,1.977,2.177,0.185,0.386,0.200,0.184,1.031
8481532,Alex Turcotte,LAK,F,25.930,True,True,154.000,0.126,0.000,0.000,0.000,,11.195,56.463,6.235,78.235,615.147,124.492,919.769,587.087,19.815,1.087,7.157,10.398,0.351,0.019,0.127,5.965,0.986,10.851,3.996,10.694,2.229,18.943,6.353,16.659,3.195,17.038,28.751,9.409,5.585,8.857,5.980,4.714,0.364,0.154,59.669,10.848,93.891,9.518,43.043,25.810,19.001,148.905,132.950,10.008,26.125,0.667,0.357,0.113,-0.008,0.089,,62.000,14.000,10.676,0.366,0.021,0.132,0.517,1.033,0.269,1.520,0.482,0.187,0.160,1.474,0.387,0.199,0.024,0.449,5.773,7.744,3.028,4.779,0.871,2.249,0.341,2.082,4.198,2.517,1.853,14.524,12.968,0.976,2.548,0.801,0.763,0.080,0.371,0.172,0.708,0.068,0.301,0.124,0.606,0.042,0.283,0.024,0.358,0.354,1.505,1.163,2.072,0.047,0.336,0.143,0.772,0.788,0.210,0.316,0.786,0.970,0.126,0.222,0.121,0.116,1.043
8483476,Jonathan Lekkerimäki,VAN,F,22.524,True,True,37.000,0.296,0.000,0.000,0.000,,12.780,47.286,3.949,74.949,643.382,144.653,1019.606,537.226,83.188,5.054,17.913,11.361,1.759,0.107,0.379,7.740,1.451,14.509,5.178,8.416,1.430,16.443,5.937,16.156,2.950,15.486,29.498,10.260,8.601,9.821,4.383,4.033,1.582,1.893,63.938,13.509,108.075,7.738,43.285,17.308,8.370,2.163,4.502,7.984,24.194,1.052,-0.190,0.183,0.088,0.120,1.100,13.000,3.000,10.855,1.514,0.056,0.355,0.686,1.268,0.426,2.219,0.451,0.584,0.223,0.844,0.344,1.010,0.035,0.761,5.629,7.690,3.721,8.576,0.548,1.363,0.415,3.047,4.037,1.614,0.781,0.202,0.420,0.745,2.256,0.362,0.691,0.113,0.419,0.178,0.748,0.095,0.372,0.129,0.660,0.050,0.342,0.025,0.383,0.680,1.704,1.198,2.247,0.085,0.378,0.148,0.816,1.263,0.330,0.513,1.973,2.165,0.183,0.381,0.193,0.180,1.013
8476878,Zemgus Girgensons,TBL,F,33.073,True,True,299.000,0.066,0.000,0.000,0.000,,13.993,71.287,39.466,80.466,978.577,567.610,1248.658,850.455,4.417,105.467,18.239,11.930,0.062,1.480,0.256,7.442,2.891,12.527,3.927,9.433,3.769,15.076,4.820,16.875,7.612,17.128,25.692,7.404,7.316,9.527,4.922,4.511,0.050,0.071,79.687,44.088,107.579,10.555,160.756,42.551,29.392,88.036,104.428,9.562,30.975,0.771,-0.503,0.093,-0.139,0.076,,74.000,20.000,11.965,0.053,1.721,0.254,0.456,0.667,0.115,1.973,0.305,0.587,0.118,1.317,0.296,0.386,0.018,0.995,5.258,5.852,1.834,4.957,0.663,1.176,0.139,2.701,9.857,2.609,1.802,5.398,6.403,0.586,1.899,0.717,0.865,0.062,0.404,0.105,0.570,0.057,0.388,0.088,0.537,0.037,0.350,0.020,0.319,0.260,1.992,0.468,1.439,0.036,0.430,0.063,0.608,0.557,0.180,0.215,1.288,1.367,0.110,0.167,0.085,0.086,1.062
8484797,Konsta Helenius,BUF,F,20.728,True,True,9.000,0.166,0.000,0.000,0.000,,13.288,42.083,0.000,68.028,571.032,60.732,894.208,547.195,7.897,4.994,10.946,13.003,0.188,0.119,0.260,6.436,0.000,12.031,4.428,10.044,0.794,19.052,6.681,16.480,1.516,16.672,30.312,10.332,6.780,9.365,6.425,3.620,0.123,0.138,70.754,5.932,118.639,7.028,57.278,17.560,10.783,51.081,69.011,8.043,27.370,0.993,0.219,0.220,-0.113,0.132,1.105,9.000,4.000,12.796,0.177,0.090,0.225,0.674,0.988,0.342,2.600,0.620,0.518,0.202,1.392,0.349,0.459,0.026,0.691,7.462,7.958,3.415,7.530,0.690,1.257,0.390,2.961,6.018,1.845,1.133,5.367,7.251,0.845,2.876,0.513,0.927,0.123,0.481,0.180,0.805,0.103,0.452,0.130,0.739,0.052,0.406,0.025,0.400,0.888,2.323,1.207,2.458,0.106,0.492,0.149,0.894,1.843,0.442,0.698,2.600,3.189,0.216,0.520,0.258,0.231,1.039
8475208,Brian Dumoulin,LAK,D,35.406,True,True,324.000,0.040,0.000,0.000,0.000,,17.225,70.737,19.458,84.000,1263.047,317.623,1715.939,1111.186,9.183,108.447,34.231,15.709,0.130,1.533,0.484,2.769,0.000,5.800,2.319,13.691,3.288,21.919,6.953,16.460,3.319,16.593,26.549,8.251,2.492,12.892,6.646,7.045,0.049,0.220,52.964,13.274,77.599,2.726,50.029,80.685,17.134,0.000,0.000,17.612,62.490,1.036,-0.174,0.077,0.022,0.065,,82.000,17.000,15.367,0.106,1.320,0.431,0.114,0.287,0.042,0.449,0.306,0.701,0.059,0.664,0.312,0.652,0.105,0.984,2.565,5.791,1.336,3.773,0.125,0.422,0.074,0.368,2.377,3.833,0.814,0.000,0.000,0.837,2.969,0.409,0.351,0.025,0.171,0.025,0.114,0.032,0.358,0.002,0.248,0.028,0.206,0.031,0.138,0.190,1.570,0.237,0.812,0.011,0.172,0.016,0.156,0.319,0.211,0.163,0.002,0.002,0.079,0.168,0.068,0.050,1.043
8482758,Ville Koivunen,PIT,F,23.639,True,True,47.000,0.220,0.000,0.000,0.000,,13.481,39.261,0.000,72.447,547.910,10.865,969.763,492.614,40.565,1.403,13.328,12.547,1.033,0.036,0.340,5.168,0.000,11.099,4.350,10.671,0.000,22.116,8.291,15.838,0.000,16.210,31.568,11.923,5.413,8.994,5.257,5.414,0.780,2.330,48.242,0.788,91.441,6.791,12.092,17.069,12.824,3.039,1.335,10.291,21.000,0.787,0.141,0.152,-0.130,0.108,1.111,39.000,7.000,12.226,0.969,0.024,0.263,0.504,1.208,0.364,2.030,0.449,0.519,0.223,1.736,0.331,2.386,0.031,1.028,5.073,7.370,3.599,6.861,0.644,1.427,0.410,2.392,1.324,1.869,1.404,0.333,0.146,1.127,2.300,0.680,0.626,0.102,0.402,0.176,0.734,0.087,0.362,0.127,0.655,0.048,0.331,0.025,0.375,0.529,1.641,1.190,2.167,0.068,0.360,0.147,0.791,0.993,0.271,0.406,1.331,1.559,0.163,0.314,0.156,0.151,1.005
8486052,Nikita Klepov,ANA,F,18.598,True,False,0.000,0.179,0.000,0.000,0.000,,14.220,36.218,0.000,66.591,535.447,0.000,900.225,485.692,29.145,12.173,8.437,13.410,0.805,0.336,0.233,6.959,0.000,14.086,5.405,9.005,0.000,18.170,6.817,15.964,0.000,16.829,30.153,11.527,6.831,8.838,5.311,3.694,0.519,0.739,54.381,0.000,102.178,6.878,50.209,17.387,16.265,44.678,51.879,9.036,25.407,0.991,0.000,0.258,0.000,0.140,1.045,,,13.011,0.676,0.343,0.191,0.721,1.049,0.380,2.909,0.557,0.802,0.242,1.892,0.389,0.691,0.030,0.941,6.000,8.067,3.413,8.553,0.712,1.252,0.390,3.072,5.626,1.948,1.823,5.006,5.813,1.012,2.847,0.789,0.846,0.132,0.493,0.185,0.836,0.109,0.456,0.132,0.762,0.053,0.410,0.025,0.408,1.173,2.255,1.172,2.455,0.128,0.478,0.144,0.889,2.729,0.573,0.972,9.336,8.455,0.248,0.717,0.345,0.289,1.019
8478569,Noel Acciari,PHI,F,35.170,True,True,278.000,0.082,0.000,0.000,0.000,,13.128,66.255,11.901,84.000,849.482,128.514,1223.758,675.645,3.958,142.620,27.259,10.198,0.060,2.153,0.411,8.062,1.122,14.585,5.067,8.726,1.083,16.243,5.561,16.788,2.203,17.620,27.532,9.570,7.467,8.279,5.058,3.669,0.052,0.037,67.131,10.273,102.728,9.827,104.582,63.577,14.209,279.052,246.951,13.005,22.162,0.876,-0.463,0.098,-0.175,0.079,,67.000,25.000,10.412,0.056,2.277,0.382,0.553,0.724,0.097,2.108,0.360,0.241,0.120,0.982,0.270,0.288,0.015,0.847,5.455,7.447,1.541,3.409,0.713,1.348,0.146,3.008,7.387,4.490,1.004,19.710,17.442,0.919,1.565,0.431,0.699,0.060,0.390,0.092,0.490,0.056,0.365,0.080,0.464,0.037,0.337,0.019,0.296,0.262,1.898,0.401,1.048,0.036,0.418,0.053,0.525,0.591,0.191,0.224,1.488,1.547,0.110,0.159,0.087,0.086,1.073
8482703,Colton Dach,EDM,F,24.077,True,True,86.000,0.152,0.000,0.000,0.000,,11.972,57.063,4.522,82.522,686.556,76.356,1080.851,623.161,50.911,2.391,10.093,10.921,0.892,0.042,0.177,6.741,0.000,12.797,4.972,9.785,1.061,19.094,7.032,16.526,2.056,16.452,30.847,11.031,6.642,8.965,5.245,4.540,0.961,0.999,60.717,7.846,101.016,8.289,192.457,26.605,38.451,23.179,37.951,14.353,29.420,0.846,-0.146,0.130,-0.115,0.098,,61.000,13.000,11.053,0.743,0.038,0.139,0.518,1.116,0.316,1.801,0.425,0.306,0.180,0.763,0.328,0.773,0.027,0.570,5.055,8.207,3.105,6.715,0.650,1.335,0.352,2.337,16.819,2.325,3.360,2.026,3.317,1.254,2.571,1.243,1.270,0.090,0.388,0.175,0.737,0.077,0.331,0.126,0.648,0.045,0.307,0.024,0.374,0.423,1.553,1.162,2.191,0.056,0.346,0.144,0.805,0.877,0.236,0.355,1.040,1.224,0.141,0.258,0.136,0.130,1.058
8481043,Cole Koepke,WPG,F,28.712,True,True,165.000,0.148,0.000,0.000,0.000,,10.597,70.282,35.965,84.000,774.080,392.550,1045.148,621.891,2.364,133.725,16.100,8.848,0.034,1.903,0.229,7.769,3.081,13.350,4.223,7.629,2.132,12.795,4.465,15.398,6.276,14.645,25.105,7.472,7.672,7.404,4.606,3.023,0.032,0.009,81.613,39.482,115.509,10.025,181.553,24.168,12.873,4.130,7.259,12.149,32.804,0.902,-0.161,0.117,0.004,0.091,,66.000,17.000,8.777,0.032,1.565,0.224,0.613,0.806,0.373,1.710,0.405,0.069,0.086,0.307,0.269,0.163,0.017,0.370,6.510,6.377,5.848,3.167,0.755,1.228,0.603,3.001,14.072,1.873,0.998,0.320,0.563,0.942,2.543,0.413,0.744,0.071,0.435,0.121,0.602,0.062,0.378,0.094,0.497,0.040,0.361,0.021,0.329,0.334,2.123,0.571,1.454,0.045,0.456,0.075,0.671,0.826,0.236,0.318,1.600,1.674,0.128,0.199,0.120,0.112,0.986
8476925,Colton Sissons,TOR,F,33.240,True,True,301.000,0.070,0.000,0.000,0.000,,12.361,62.205,12.251,84.000,782.136,149.731,1171.428,619.153,34.315,114.049,14.620,9.953,0.552,1.833,0.235,6.525,0.000,13.091,4.568,8.891,1.104,16.567,5.905,15.416,2.197,15.382,27.467,9.464,6.070,8.261,5.263,3.628,0.454,1.063,60.156,10.080,95.713,8.632,80.936,40.676,21.367,314.130,259.945,12.685,29.466,0.793,-0.281,0.096,-0.028,0.078,,66.000,11.000,10.254,0.465,1.414,0.228,0.467,0.738,0.245,1.480,0.388,0.585,0.124,1.294,0.238,1.142,0.018,0.910,4.806,7.761,2.701,4.059,0.657,1.199,0.338,2.138,6.209,3.120,1.639,24.098,19.941,0.973,2.260,0.735,0.703,0.062,0.285,0.102,0.461,0.056,0.234,0.083,0.410,0.037,0.228,0.020,0.280,0.268,1.077,0.440,1.116,0.037,0.257,0.059,0.485,0.576,0.176,0.227,1.214,1.279,0.105,0.162,0.087,0.086,0.989
8479980,Nicolas Hague,NSH,D,28.159,True,True,284.000,0.103,0.000,0.000,0.000,,19.373,65.189,16.348,81.348,1326.305,349.889,1831.994,1159.187,5.490,126.740,34.888,17.782,0.084,1.944,0.535,3.560,0.000,6.641,2.539,12.168,2.734,20.053,6.344,15.728,3.679,16.554,25.750,7.987,3.631,13.115,5.248,6.920,0.033,0.125,74.481,18.549,109.339,3.577,95.881,80.284,45.280,0.000,0.000,15.357,53.097,1.048,-0.002,0.083,0.139,0.069,,62.000,15.000,16.900,0.077,1.893,0.504,0.163,0.371,0.041,0.611,0.250,0.772,0.061,1.091,0.340,0.701,0.115,1.007,3.603,5.784,1.320,2.675,0.153,0.533,0.065,0.735,4.338,3.632,2.048,0.000,0.000,0.695,2.402,0.795,0.481,0.030,0.195,0.028,0.129,0.036,0.391,0.002,0.281,0.031,0.221,0.034,0.150,0.214,1.734,0.272,0.972,0.012,0.187,0.018,0.189,0.346,0.235,0.173,0.002,0.002,0.087,0.182,0.072,0.054,1.009
8482165,Yan Kuznetsov,CGY,D,24.901,True,True,58.000,0.137,0.000,0.000,0.000,,20.477,55.347,5.189,74.189,1192.501,271.787,1708.019,1018.197,7.351,112.361,54.591,18.396,0.133,2.030,0.986,4.310,0.000,8.517,3.152,12.423,1.873,21.536,6.979,16.733,2.899,17.394,28.024,9.169,3.566,11.482,5.733,6.690,0.050,0.184,67.862,14.790,104.400,3.347,82.310,104.331,20.311,0.000,0.000,10.905,64.077,1.063,0.099,0.120,0.130,0.092,0.444,57.000,12.000,18.002,0.074,1.617,0.783,0.162,0.340,0.041,0.769,0.250,0.729,0.062,0.930,0.293,0.659,0.160,0.909,3.650,5.409,0.968,3.788,0.127,0.447,0.045,1.150,4.141,5.249,1.022,0.000,0.000,0.549,3.224,0.507,0.167,0.039,0.205,0.032,0.134,0.042,0.402,0.002,0.289,0.035,0.226,0.036,0.153,0.312,1.828,0.333,1.052,0.018,0.195,0.021,0.199,0.505,0.338,0.248,0.003,0.003,0.125,0.269,0.104,0.076,1.073
8482751,Ryan Winterton,SEA,F,23.411,True,True,89.000,0.273,0.000,0.000,0.000,,12.503,54.286,8.915,83.915,702.708,115.835,1138.909,617.343,3.404,77.347,4.615,11.372,0.063,1.425,0.085,4.887,0.000,9.761,3.838,10.931,1.113,21.139,7.180,15.817,2.133,15.998,28.796,10.058,5.043,9.890,7.493,3.438,0.043,0.040,73.782,12.182,124.865,7.736,68.282,28.032,13.762,2.596,8.411,14.880,29.757,0.748,0.150,0.128,-0.108,0.097,,68.000,18.000,11.440,0.054,0.938,0.070,0.447,0.779,0.198,1.843,0.631,0.315,0.146,1.059,0.293,0.324,0.021,0.608,6.796,6.346,2.450,4.438,0.698,1.176,0.233,2.426,5.830,2.393,1.175,0.222,0.718,1.270,2.541,0.489,1.034,0.088,0.465,0.153,0.765,0.075,0.431,0.115,0.693,0.045,0.389,0.024,0.384,0.403,2.228,0.798,2.251,0.054,0.476,0.104,0.844,0.872,0.246,0.340,1.501,1.639,0.142,0.242,0.130,0.126,1.015
8483676,Stephen Halliday,OTT,F,24.586,True,True,30.000,0.209,0.000,0.000,0.000,,9.180,50.172,7.056,73.056,447.349,132.874,674.038,361.251,79.150,1.786,5.162,7.200,1.578,0.036,0.103,7.251,0.910,12.740,4.507,9.465,2.059,17.499,6.209,16.716,3.896,16.557,29.218,9.723,6.548,7.570,6.347,3.118,2.228,3.592,59.936,16.441,95.359,6.817,54.095,14.500,9.781,44.977,68.861,4.681,24.337,1.040,-0.189,0.197,-0.041,0.125,1.032,30.000,11.000,7.221,1.812,0.033,0.115,0.730,1.525,0.416,1.476,0.462,1.738,0.173,0.000,0.310,0.440,0.038,0.527,7.859,9.031,3.666,6.891,0.740,1.622,0.390,2.416,7.255,1.945,1.312,6.032,9.236,0.628,3.264,0.563,0.664,0.113,0.412,0.175,0.756,0.095,0.334,0.126,0.113,0.049,0.318,0.024,0.383,0.755,1.649,1.181,2.365,0.091,0.375,0.146,0.860,1.518,0.371,0.603,2.308,2.398,0.189,0.402,0.222,0.198,1.077
8475188,Brayden McNabb,VGK,D,36.030,True,True,309.000,0.074,0.000,0.000,0.000,,19.488,70.750,35.514,81.514,1333.855,671.622,1721.274,1138.292,6.846,140.071,48.645,16.089,0.097,1.980,0.688,3.995,1.089,7.623,2.628,13.386,5.137,20.546,6.032,17.381,7.286,17.694,26.021,7.511,3.505,12.567,5.981,7.404,0.047,0.168,72.468,34.943,100.948,3.654,112.747,140.289,28.417,0.000,0.000,16.846,53.885,1.055,0.009,0.078,-0.047,0.066,,63.000,12.000,16.570,0.077,2.122,0.719,0.155,0.363,0.053,0.489,0.256,0.720,0.056,0.665,0.302,0.661,0.098,1.124,3.557,6.743,1.169,1.845,0.160,0.590,0.064,0.498,5.072,6.311,1.278,0.000,0.000,0.758,2.424,0.594,0.381,0.025,0.173,0.024,0.112,0.033,0.365,0.002,0.242,0.029,0.207,0.031,0.137,0.193,1.648,0.229,0.725,0.011,0.178,0.015,0.152,0.315,0.219,0.156,0.002,0.002,0.081,0.167,0.066,0.049,1.121
8477839,Conor Sheary,BUF,F,34.650,True,True,206.000,0.180,0.000,0.000,0.000,,13.460,48.462,0.000,75.922,672.939,31.917,1090.727,592.949,42.356,33.490,4.144,12.235,0.874,0.691,0.086,6.088,0.000,11.867,4.452,9.975,0.000,19.335,6.937,16.063,0.851,16.075,30.260,10.512,5.827,9.169,5.618,4.357,0.531,1.324,58.135,2.624,97.971,7.172,21.739,26.150,12.650,11.250,11.592,13.214,28.650,0.868,0.105,0.110,0.086,0.087,,62.000,18.000,12.041,0.823,0.522,0.074,0.502,0.720,0.392,2.051,0.441,0.858,0.179,1.437,0.336,0.866,0.026,0.843,5.045,7.864,3.947,7.637,0.621,0.951,0.314,2.724,1.938,2.332,1.128,1.003,1.034,1.178,2.554,0.559,0.708,0.073,0.318,0.137,0.639,0.066,0.300,0.105,0.601,0.040,0.276,0.021,0.341,0.329,1.291,0.740,1.966,0.044,0.287,0.098,0.725,0.648,0.195,0.266,1.157,1.279,0.126,0.217,0.105,0.106,1.039
8483609,Adam Klapka,CGY,F,26.382,True,True,116.000,0.202,0.000,0.000,0.000,,10.841,50.057,10.295,84.000,562.511,0.000,1219.802,525.999,23.542,0.742,12.229,10.508,0.470,0.015,0.244,7.207,0.000,17.438,7.345,9.372,0.000,22.772,9.489,16.579,0.000,12.867,38.601,15.894,5.761,7.373,6.102,3.270,0.526,0.569,58.575,0.000,129.694,6.540,184.603,33.211,48.868,8.592,17.555,9.144,23.519,0.951,-0.152,0.121,-0.064,0.093,,79.000,18.000,10.214,0.416,0.010,0.201,0.576,1.073,0.295,1.424,0.496,0.923,0.153,0.414,0.275,0.217,0.024,0.388,6.338,4.829,3.028,5.298,0.659,1.019,0.338,1.762,19.691,3.542,5.213,0.916,1.873,0.975,2.509,2.026,1.168,0.083,0.391,0.172,0.671,0.070,0.320,0.124,0.546,0.043,0.301,0.024,0.343,0.380,1.639,1.167,1.921,0.050,0.364,0.144,0.724,0.861,0.227,0.345,0.857,1.046,0.134,0.238,0.131,0.124,1.073
8477488,Brett Pesce,NJD,D,32.214,True,True,261.000,0.111,0.000,0.000,0.000,,19.904,72.811,41.189,83.189,1489.588,868.542,1902.626,1241.490,10.121,174.873,63.104,17.051,0.139,2.402,0.867,2.816,0.855,5.131,1.948,12.783,5.738,19.674,5.489,15.600,7.433,15.692,23.952,6.550,3.382,15.483,6.200,6.583,0.049,0.202,90.729,48.661,122.150,4.518,25.976,124.686,23.115,0.000,0.000,25.842,50.545,0.998,0.054,0.087,0.075,0.072,,37.000,7.000,16.851,0.122,2.216,0.715,0.127,0.352,0.055,0.515,0.309,0.726,0.058,0.791,0.316,0.727,0.084,1.016,4.065,5.932,0.854,2.973,0.182,0.445,0.055,0.484,1.046,5.022,0.931,0.000,0.000,1.041,2.036,0.424,0.484,0.029,0.175,0.026,0.120,0.035,0.347,0.002,0.255,0.031,0.206,0.033,0.142,0.220,1.447,0.249,0.782,0.013,0.165,0.017,0.163,0.351,0.242,0.173,0.002,0.002,0.089,0.184,0.073,0.054,1.010
8478840,Will Borgen,BOS,D,30.119,True,True,323.000,0.063,0.000,0.000,0.000,,17.862,64.874,8.473,83.473,1196.095,172.311,1705.997,1050.775,3.409,113.533,28.378,16.197,0.052,1.750,0.437,3.511,0.000,6.849,2.682,12.096,2.072,20.717,6.932,15.607,2.116,15.868,26.447,8.645,3.129,11.665,5.641,6.456,0.024,0.081,63.488,10.034,96.325,2.407,111.549,87.297,35.563,0.000,0.000,13.943,50.362,1.108,-0.171,0.079,0.109,0.067,,75.000,15.000,15.490,0.049,1.915,0.408,0.158,0.377,0.059,0.495,0.277,0.730,0.052,0.958,0.320,0.646,0.071,0.968,3.392,6.059,1.174,3.229,0.115,0.593,0.059,0.530,5.596,4.379,1.784,0.000,0.000,0.699,2.526,0.777,0.521,0.028,0.190,0.027,0.125,0.034,0.381,0.002,0.270,0.030,0.216,0.033,0.147,0.200,1.688,0.246,0.887,0.011,0.182,0.017,0.177,0.341,0.225,0.171,0.002,0.002,0.080,0.172,0.071,0.053,1.014
8484304,Uvis Balinskis,FLA,D,30.502,True,True,156.000,0.157,0.000,0.000,0.000,,16.111,58.328,7.839,82.839,951.849,137.620,1460.782,849.741,54.684,21.776,25.648,14.568,0.938,0.373,0.440,4.302,0.000,8.224,3.284,13.218,1.084,23.853,8.295,17.520,2.100,17.683,30.945,10.566,3.700,12.205,6.434,6.784,0.825,2.772,67.859,8.888,108.734,3.547,72.023,45.576,28.056,0.000,0.665,19.128,41.297,1.063,-0.268,0.102,0.066,0.082,,54.000,15.000,14.074,1.109,0.459,0.468,0.190,0.778,0.065,0.634,0.287,1.593,0.079,0.921,0.327,1.215,0.071,1.181,4.005,8.509,1.090,7.008,0.180,0.748,0.070,0.677,4.540,2.873,1.768,0.000,0.042,1.206,2.603,0.843,0.783,0.035,0.162,0.031,0.127,0.039,0.315,0.002,0.285,0.032,0.201,0.035,0.148,0.272,1.110,0.359,1.139,0.016,0.134,0.022,0.197,0.418,0.267,0.226,0.003,0.003,0.102,0.233,0.093,0.070,1.139
8474189,Lars Eller,FLA,F,37.736,True,True,314.000,0.067,0.000,0.000,0.000,,11.072,70.004,31.865,82.865,797.425,362.764,1064.885,711.249,23.878,54.593,7.705,10.160,0.341,0.780,0.110,7.291,2.425,12.125,4.130,10.212,3.499,17.496,5.448,17.503,5.926,17.777,27.377,8.255,5.984,8.688,6.441,3.771,0.438,0.310,70.709,30.681,99.961,7.735,45.938,29.249,20.813,313.293,276.139,14.050,38.666,0.869,-0.464,0.094,-0.129,0.077,,68.000,15.000,9.676,0.427,0.835,0.133,0.431,0.903,0.322,1.714,0.421,0.508,0.131,1.329,0.258,0.155,0.019,0.552,5.432,6.927,3.228,4.867,0.551,1.342,0.384,2.501,3.457,2.201,1.566,23.573,20.777,1.057,2.909,0.751,0.751,0.059,0.290,0.108,0.493,0.053,0.237,0.086,0.426,0.035,0.229,0.020,0.286,0.261,1.161,0.501,1.329,0.035,0.271,0.067,0.543,0.591,0.171,0.235,1.027,1.106,0.103,0.164,0.090,0.087,1.139
8480840,Oskar Bäck,DAL,F,26.891,True,True,145.000,0.080,0.000,0.000,0.000,,12.468,78.966,57.660,84.000,984.475,691.528,1214.573,812.822,2.881,158.422,10.350,10.293,0.036,2.006,0.131,6.104,1.973,10.853,3.477,9.976,4.277,16.038,4.828,16.080,7.254,15.544,24.871,6.958,6.303,9.685,5.474,4.502,0.036,0.023,49.769,31.503,69.104,8.343,38.160,40.629,12.492,64.275,69.614,15.570,48.572,0.849,-0.383,0.113,-0.317,0.089,,72.000,12.000,10.158,0.039,2.135,0.136,0.398,0.765,0.244,1.303,0.341,0.197,0.164,1.490,0.311,0.264,0.018,0.604,3.119,5.188,2.661,1.404,0.542,1.168,0.243,1.730,2.326,2.476,0.761,3.917,4.243,0.949,2.960,0.397,0.529,0.073,0.447,0.114,0.676,0.065,0.406,0.092,0.609,0.041,0.371,0.021,0.356,0.326,2.144,0.499,1.675,0.045,0.462,0.066,0.738,0.737,0.225,0.281,1.705,1.773,0.126,0.189,0.107,0.103,1.048
8478136,Jake Middleton,CGY,D,31.083,True,True,301.000,0.084,0.000,0.000,0.000,,17.727,55.481,0.000,82.658,1036.628,0.000,1678.679,872.031,3.710,131.372,29.515,15.718,0.067,2.368,0.532,4.005,0.000,9.123,3.464,12.419,0.000,23.037,8.685,16.424,0.000,17.268,30.835,11.245,3.075,10.070,6.096,6.322,0.025,0.104,52.566,0.000,90.442,3.162,71.835,95.812,42.281,0.000,0.000,10.082,37.875,1.048,-0.005,0.079,0.118,0.067,,75.000,16.000,15.380,0.037,1.886,0.422,0.188,0.312,0.032,0.510,0.299,0.726,0.052,0.891,0.304,0.636,0.069,1.043,3.349,5.694,1.189,1.911,0.184,0.430,0.048,0.708,4.158,5.546,2.447,0.000,0.000,0.584,2.192,0.906,0.672,0.027,0.189,0.026,0.122,0.033,0.379,0.002,0.254,0.029,0.215,0.032,0.143,0.198,1.691,0.235,0.777,0.011,0.182,0.016,0.159,0.337,0.222,0.169,0.002,0.002,0.079,0.170,0.070,0.052,1.073
8483513,Reid Schaefer,NSH,F,23.365,True,True,47.000,0.157,0.000,0.000,0.000,,10.331,70.640,35.851,83.851,762.800,393.560,1010.726,740.973,3.980,12.861,4.986,10.489,0.056,0.182,0.071,8.660,3.009,15.046,4.559,6.749,1.790,11.636,3.916,15.409,5.716,15.244,24.771,7.345,8.617,7.557,3.561,3.188,0.073,0.028,70.194,33.145,100.438,7.949,162.717,42.869,28.919,2.244,12.836,9.401,31.052,1.099,-0.393,0.160,-0.023,0.112,1.062,47.000,8.000,10.113,0.047,0.111,0.060,0.672,1.087,0.308,2.142,0.315,0.214,0.152,0.587,0.284,0.250,0.024,0.425,5.550,7.880,3.052,5.775,0.612,1.400,0.344,2.721,12.799,3.372,2.275,0.176,1.010,0.740,2.442,0.930,0.990,0.102,0.471,0.175,0.783,0.086,0.439,0.126,0.702,0.048,0.395,0.025,0.388,0.558,2.284,1.148,2.396,0.072,0.485,0.143,0.878,1.242,0.314,0.483,1.274,1.562,0.169,0.325,0.181,0.167,1.009
8479365,Trent Frederic,EDM,F,28.972,True,True,293.000,0.069,0.000,0.000,0.000,,11.287,59.032,5.257,82.257,662.196,78.437,1012.665,640.494,13.690,3.122,4.889,10.850,0.232,0.053,0.083,7.820,1.186,15.411,5.269,8.309,1.183,15.373,5.691,16.129,2.368,16.576,28.415,9.936,6.497,6.955,4.738,3.571,0.318,0.290,63.675,8.815,101.956,8.338,126.497,21.972,34.817,68.053,70.981,8.463,28.936,0.848,-0.088,0.094,-0.041,0.077,,74.000,7.000,10.981,0.193,0.048,0.065,0.569,1.158,0.231,1.812,0.352,0.545,0.139,0.975,0.266,0.517,0.031,0.413,5.758,7.171,2.855,5.182,0.728,1.649,0.298,2.164,11.462,1.991,3.155,6.166,6.431,0.767,2.622,1.102,1.030,0.067,0.354,0.151,0.638,0.058,0.297,0.112,0.544,0.038,0.277,0.023,0.330,0.283,1.486,0.860,1.812,0.038,0.330,0.112,0.687,0.642,0.174,0.258,0.618,0.781,0.108,0.184,0.099,0.097,1.058
8479324,Ryan Lindgren,SEA,D,28.972,True,True,287.000,0.082,0.000,0.000,0.000,,18.471,69.537,19.299,84.000,1364.110,357.688,1856.877,1089.805,4.372,233.725,36.209,15.672,0.063,3.361,0.521,2.977,0.000,6.440,2.382,12.498,2.126,21.261,6.756,15.476,3.195,15.975,25.560,8.155,2.909,12.189,5.222,7.276,0.025,0.106,55.117,15.486,82.589,3.164,65.997,109.679,43.564,0.000,0.450,12.969,64.340,1.024,-0.147,0.081,0.129,0.068,,76.000,9.000,15.541,0.057,2.382,0.490,0.138,0.334,0.024,0.460,0.230,0.756,0.049,1.108,0.335,0.659,0.090,1.029,2.779,5.807,0.806,1.786,0.143,0.456,0.038,0.650,2.903,4.824,1.916,0.000,0.020,0.570,2.830,0.908,0.576,0.028,0.194,0.025,0.125,0.034,0.390,0.002,0.261,0.030,0.220,0.032,0.147,0.205,1.751,0.224,0.767,0.012,0.187,0.015,0.165,0.346,0.229,0.171,0.002,0.002,0.081,0.172,0.071,0.053,1.015
8477478,William Carrier,CAR,F,32.118,True,True,208.000,0.170,0.000,0.000,0.000,,10.630,58.125,15.144,82.144,639.089,176.122,962.322,625.004,3.429,4.351,6.305,10.753,0.059,0.075,0.108,7.287,1.098,13.179,4.738,9.081,1.142,17.138,5.708,16.369,3.367,16.836,28.059,9.444,6.415,7.854,5.839,3.242,0.048,0.030,67.306,17.542,105.839,9.068,144.042,17.112,19.436,6.317,9.148,11.780,19.371,0.828,0.040,0.107,-0.193,0.085,,70.000,18.000,10.416,0.052,0.066,0.096,0.588,0.735,0.231,2.228,0.477,0.221,0.138,0.596,0.264,0.227,0.020,0.390,6.349,6.611,2.789,5.635,0.833,1.231,0.308,2.857,13.523,1.607,1.825,0.593,0.859,1.106,1.819,0.893,1.108,0.070,0.398,0.153,0.651,0.061,0.362,0.114,0.577,0.039,0.332,0.022,0.337,0.316,1.922,0.995,1.965,0.042,0.415,0.126,0.738,0.768,0.205,0.305,0.710,0.904,0.123,0.212,0.117,0.112,1.078
8476889,Radek Faksa,DAL,F,33.062,True,True,283.000,0.113,0.000,0.000,0.000,,11.571,75.655,44.938,84.000,875.397,489.028,1131.117,722.920,3.402,136.532,12.543,9.556,0.045,1.805,0.166,4.803,0.995,8.954,2.906,11.077,4.289,17.155,5.201,15.880,7.333,15.713,24.094,6.989,4.951,10.554,7.314,3.763,0.037,0.019,54.686,29.640,76.654,7.442,95.037,47.743,25.777,316.392,257.697,15.264,28.602,0.788,-0.497,0.102,-0.201,0.082,,58.000,17.000,9.430,0.048,1.921,0.172,0.326,0.667,0.280,1.659,0.508,0.120,0.277,1.030,0.266,0.192,0.069,1.000,3.979,5.587,2.538,3.126,0.520,1.208,0.246,2.631,6.514,3.272,1.767,21.686,17.663,1.046,1.960,0.831,0.659,0.061,0.389,0.100,0.548,0.056,0.333,0.083,0.496,0.037,0.322,0.019,0.315,0.277,1.830,0.446,1.274,0.038,0.409,0.059,0.611,0.668,0.203,0.256,1.470,1.532,0.114,0.168,0.098,0.094,1.048
8475455,Brenden Dillon,NJD,D,36.219,True,True,323.000,0.041,0.000,0.000,0.000,,17.271,81.943,81.143,84.000,1451.284,1194.847,1725.867,1222.642,3.337,185.620,39.685,14.921,0.041,2.265,0.484,3.118,1.051,6.304,2.156,12.111,6.908,17.763,4.528,15.229,8.993,14.989,21.984,5.454,2.971,12.458,4.641,7.471,0.017,0.069,55.011,38.304,71.568,2.518,188.263,100.269,70.944,0.000,0.000,9.077,63.069,1.082,-0.050,0.078,-0.001,0.066,,82.000,15.000,14.746,0.036,2.090,0.399,0.129,0.286,0.031,0.337,0.205,0.673,0.047,0.620,0.328,0.598,0.083,1.090,2.572,5.349,0.540,0.943,0.102,0.411,0.065,0.343,7.783,4.145,2.933,0.000,0.000,0.375,2.607,1.144,0.506,0.024,0.170,0.022,0.111,0.032,0.358,0.002,0.245,0.028,0.205,0.030,0.138,0.189,1.600,0.210,0.747,0.011,0.174,0.014,0.157,0.333,0.219,0.166,0.002,0.002,0.077,0.166,0.069,0.051,1.010
8479371,Dante Fabbro,CBJ,D,28.619,True,True,277.000,0.104,10.000,10.000,10.000,override,16.994,62.611,31.407,72.407,1082.657,543.129,1422.787,956.587,3.052,98.203,24.817,15.278,0.049,1.569,0.396,4.488,1.226,8.584,2.925,11.119,4.352,18.496,5.378,15.607,6.747,15.743,24.739,7.095,3.478,10.104,5.246,5.873,0.021,0.082,63.287,30.421,88.319,2.400,57.273,101.080,31.037,0.000,0.000,15.145,60.894,1.150,0.111,0.083,0.002,0.069,,74.000,11.000,15.153,0.045,1.454,0.342,0.199,0.313,0.040,0.543,0.276,0.825,0.056,0.568,0.300,0.643,0.071,0.965,3.735,5.716,1.351,2.978,0.130,0.419,0.050,0.542,3.174,5.602,1.720,0.000,0.000,0.839,3.375,0.809,0.480,0.029,0.191,0.028,0.127,0.035,0.382,0.002,0.272,0.031,0.218,0.034,0.149,0.212,1.668,0.266,0.919,0.012,0.181,0.018,0.175,0.362,0.233,0.183,0.002,0.002,0.084,0.183,0.076,0.056,1.041
8480281,Alexey Toropchenko,STL,F,27.606,True,True,296.000,0.097,0.000,0.000,0.000,,12.159,67.757,26.294,83.294,836.737,312.767,1146.128,697.039,3.960,116.740,18.999,10.287,0.058,1.723,0.280,6.160,0.956,11.476,3.777,8.456,1.947,14.606,4.883,14.617,3.865,14.495,24.158,7.574,6.374,8.616,4.895,3.561,0.044,0.027,72.759,26.772,106.097,8.659,143.962,47.650,20.918,5.595,6.748,9.223,27.616,0.814,-0.440,0.097,-0.059,0.079,,65.000,11.000,10.374,0.056,1.498,0.231,0.448,0.696,0.335,1.494,0.374,0.187,0.226,0.597,0.282,0.235,0.018,0.956,5.586,6.857,3.424,2.364,0.649,1.075,0.225,1.942,10.323,3.417,1.500,0.401,0.484,0.661,1.980,0.626,0.647,0.066,0.421,0.117,0.603,0.058,0.366,0.092,0.525,0.039,0.342,0.021,0.328,0.279,1.928,0.518,1.465,0.038,0.425,0.069,0.639,0.638,0.190,0.247,1.266,1.341,0.110,0.169,0.095,0.092,0.979
8475231,Casey Cizikas,NYI,F,35.929,True,True,314.000,0.050,0.000,0.000,0.000,,11.397,68.163,20.836,83.836,790.891,241.198,1099.697,681.218,3.955,92.769,12.948,9.994,0.058,1.361,0.190,7.179,1.202,13.218,4.432,8.654,2.299,14.946,5.050,15.833,4.691,16.417,26.971,8.276,6.052,7.594,5.728,2.927,0.049,0.106,61.682,19.248,90.160,8.770,123.608,44.904,22.781,278.002,232.658,11.343,36.790,0.825,-0.386,0.092,-0.281,0.076,,81.000,18.000,9.837,0.057,1.273,0.230,0.447,0.621,0.335,1.920,0.381,0.877,0.219,1.395,0.210,0.537,0.016,0.589,4.865,6.011,3.196,5.152,0.679,1.000,0.407,1.718,9.377,3.407,1.728,21.090,17.650,0.861,2.791,0.766,0.685,0.057,0.376,0.102,0.484,0.052,0.334,0.084,0.424,0.035,0.315,0.019,0.282,0.252,1.790,0.468,1.176,0.035,0.396,0.063,0.525,0.598,0.177,0.232,1.137,1.211,0.104,0.159,0.089,0.086,1.064
8478472,Mathieu Joseph,EDM,F,29.977,True,True,239.000,0.131,0.000,0.000,0.000,,11.937,58.021,5.662,81.662,692.667,91.646,1058.021,630.350,4.885,48.171,9.261,10.864,0.084,0.830,0.160,4.838,0.000,9.460,3.595,10.887,1.120,20.166,6.989,15.725,2.196,16.471,27.452,9.635,4.443,9.382,6.282,4.605,0.057,0.072,53.916,7.646,87.932,6.888,98.350,31.698,17.670,14.748,22.422,16.705,31.195,0.744,-0.361,0.104,-0.156,0.083,,51.000,11.000,10.996,0.070,0.746,0.125,0.354,0.648,0.433,2.099,0.474,0.542,0.178,1.626,0.368,0.215,0.019,0.476,4.740,5.372,3.793,4.101,0.567,0.962,0.515,2.858,8.519,2.746,1.531,1.278,1.942,1.447,2.702,0.686,1.197,0.070,0.371,0.123,0.620,0.061,0.322,0.096,0.549,0.039,0.301,0.021,0.330,0.304,1.632,0.582,1.698,0.041,0.364,0.078,0.671,0.684,0.196,0.269,1.068,1.184,0.118,0.193,0.104,0.101,1.058
8482095,Tyler Kleven,OTT,D,25.059,True,True,166.000,0.164,0.000,0.000,0.000,,17.500,62.756,9.778,84.000,1128.314,135.015,1718.838,1006.881,5.767,91.249,24.417,16.044,0.092,1.454,0.389,3.552,0.000,8.085,2.904,12.446,1.126,22.519,7.696,15.998,1.132,15.852,28.307,9.656,3.258,11.662,6.891,5.555,0.036,0.149,76.990,9.476,121.086,3.035,108.837,87.987,35.161,0.000,0.000,25.443,72.484,1.048,-0.356,0.094,0.012,0.077,,70.000,18.000,15.605,0.122,1.378,0.394,0.173,0.345,0.049,0.601,0.359,0.756,0.060,0.670,0.275,0.693,0.077,1.001,4.266,9.306,2.373,2.227,0.150,0.513,0.068,0.908,5.788,4.679,1.870,0.000,0.000,1.353,3.854,0.802,0.508,0.034,0.198,0.031,0.134,0.038,0.386,0.002,0.292,0.033,0.222,0.035,0.153,0.250,1.681,0.320,1.104,0.014,0.184,0.021,0.203,0.418,0.268,0.211,0.003,0.003,0.097,0.213,0.087,0.064,1.077
8483471,Brad Lambert,WPG,F,23.121,True,True,31.000,0.304,0.000,0.000,0.000,,11.506,51.872,11.251,80.251,605.741,152.877,960.931,526.686,73.178,2.002,3.875,10.154,1.411,0.039,0.075,6.462,0.856,12.840,4.398,8.174,0.900,15.293,5.590,14.636,2.639,14.077,26.394,9.059,7.014,8.498,4.477,3.697,1.354,1.591,59.947,15.891,100.956,6.802,53.228,17.641,16.845,16.805,34.621,6.503,29.973,1.012,-0.074,0.184,0.096,0.121,0.924,25.000,6.000,10.072,1.330,0.032,0.073,0.616,1.205,0.378,2.002,0.462,0.448,0.191,0.690,0.307,0.908,0.032,0.653,5.684,7.661,3.423,9.159,0.558,1.412,0.379,2.631,5.272,1.747,1.669,1.665,3.429,0.644,2.969,0.772,0.697,0.111,0.420,0.177,0.786,0.094,0.366,0.128,0.710,0.050,0.338,0.025,0.392,0.670,1.733,1.194,2.427,0.083,0.385,0.147,0.881,1.345,0.343,0.539,1.944,2.143,0.185,0.386,0.202,0.186,0.986
8482482,Adam Wilsby,NSH,D,26.486,True,True,81.000,0.160,0.000,0.000,0.000,,17.286,52.067,0.000,81.389,946.097,0.000,1575.003,861.516,2.873,52.430,29.278,16.546,0.055,1.007,0.562,2.296,0.000,4.955,2.298,12.645,0.000,23.740,8.984,14.940,0.000,14.976,28.800,10.583,2.268,10.287,5.805,6.840,0.015,0.085,59.248,0.000,104.173,3.489,32.505,47.666,25.627,0.000,0.000,14.777,47.883,0.995,-0.176,0.115,-0.065,0.090,0.505,58.000,16.000,15.726,0.050,0.980,0.529,0.135,0.305,0.051,0.566,0.276,0.777,0.062,1.360,0.347,0.668,0.077,0.998,3.820,5.678,0.933,6.794,0.215,0.432,0.067,0.657,2.061,3.023,1.625,0.000,0.000,0.937,3.037,0.777,0.360,0.037,0.201,0.031,0.132,0.041,0.402,0.002,0.291,0.034,0.225,0.036,0.153,0.300,1.820,0.341,1.109,0.017,0.193,0.022,0.199,0.513,0.324,0.258,0.003,0.003,0.117,0.263,0.106,0.077,1.009
8475324,Nick Jensen,ANA,D,36.364,True,True,287.000,0.057,0.000,0.000,0.000,,16.590,60.007,7.045,84.000,1114.494,0.000,1943.491,988.559,5.954,76.896,43.085,16.474,0.099,1.282,0.718,2.707,0.000,6.761,2.748,12.355,0.000,24.713,9.779,15.062,0.000,16.345,30.356,11.767,2.719,12.012,5.652,6.702,0.026,0.135,49.227,0.000,92.291,2.568,45.203,74.127,10.730,0.000,0.000,12.778,64.902,1.065,-0.035,0.082,0.271,0.069,,61.000,17.000,15.153,0.083,0.859,0.494,0.141,0.266,0.039,0.433,0.297,0.684,0.062,0.642,0.348,0.635,0.073,0.879,2.730,5.541,1.036,3.296,0.134,0.391,0.049,0.351,2.434,3.991,0.578,0.000,0.000,0.688,3.494,0.288,0.381,0.026,0.167,0.025,0.112,0.033,0.353,0.002,0.244,0.029,0.203,0.031,0.137,0.203,1.542,0.251,0.818,0.012,0.170,0.017,0.151,0.340,0.222,0.175,0.002,0.002,0.084,0.181,0.073,0.054,1.019
8483733,Nikita Grebenkin,PHI,F,23.754,True,True,62.000,0.122,0.000,0.000,0.000,override,11.789,51.831,0.000,78.047,600.162,47.141,950.048,577.662,12.939,1.179,8.382,11.145,0.250,0.023,0.162,5.566,0.000,11.353,4.236,10.290,0.000,20.289,7.257,15.856,1.092,16.378,29.480,10.551,4.828,8.219,6.174,4.116,0.218,0.167,35.587,2.709,62.299,4.419,82.463,16.863,24.169,4.426,2.571,10.857,30.884,1.005,-0.200,0.142,0.047,0.104,0.916,55.000,14.000,11.379,0.236,0.024,0.150,0.441,0.876,0.308,2.805,0.493,0.314,0.168,0.805,0.327,0.306,0.024,0.501,3.432,6.927,3.101,7.074,0.388,1.145,0.351,3.044,8.244,1.686,2.416,0.443,0.257,1.085,3.088,0.949,1.268,0.095,0.440,0.176,0.748,0.081,0.394,0.127,0.661,0.046,0.359,0.024,0.375,0.469,2.002,1.183,2.211,0.061,0.433,0.146,0.818,1.020,0.268,0.405,1.028,1.300,0.155,0.289,0.154,0.146,1.073
8480003,Jesper Boqvist,NJD,F,28.257,True,True,268.000,0.115,0.000,0.000,0.000,,12.023,56.127,2.780,82.880,633.880,38.900,1010.313,560.591,21.480,43.010,8.800,9.988,0.383,0.766,0.157,6.406,0.000,12.674,4.784,8.365,0.000,16.095,6.081,14.772,0.000,14.960,27.618,9.918,5.507,7.145,4.523,3.842,0.287,0.468,49.349,1.979,83.113,6.083,96.167,20.086,10.564,38.536,69.862,9.033,31.990,0.938,-0.381,0.097,-0.083,0.079,,73.000,13.000,10.730,0.421,0.696,0.176,0.505,0.689,0.309,2.182,0.361,0.860,0.126,0.625,0.332,0.258,0.022,0.497,4.724,5.755,3.231,5.683,0.536,0.920,0.390,3.150,9.103,1.901,1.000,3.648,6.613,0.855,3.028,0.492,0.823,0.068,0.374,0.135,0.623,0.060,0.320,0.102,0.538,0.039,0.299,0.022,0.333,0.289,1.561,0.652,1.701,0.039,0.351,0.087,0.664,0.637,0.183,0.254,1.024,1.121,0.111,0.182,0.098,0.096,1.010
8486072,Marcus Nordmark,ANA,F,18.746,True,False,0.000,0.179,0.000,0.000,0.000,,13.876,35.363,0.000,68.348,510.144,0.000,902.985,462.741,27.768,11.597,8.038,13.085,0.785,0.328,0.227,6.515,0.000,13.477,5.310,8.367,0.000,17.140,6.738,14.882,0.000,15.665,29.194,11.395,6.395,8.213,4.926,3.442,0.495,0.674,51.581,0.000,100.974,6.520,49.521,16.757,15.947,41.869,48.517,8.491,23.864,0.991,0.000,0.258,0.000,0.140,1.029,,,12.696,0.660,0.335,0.186,0.708,1.050,0.374,2.820,0.544,0.765,0.235,1.787,0.382,0.664,0.029,0.905,5.976,8.043,3.385,8.339,0.707,1.265,0.386,3.030,5.824,1.971,1.876,4.924,5.706,0.999,2.807,0.805,0.850,0.132,0.493,0.185,0.836,0.109,0.456,0.132,0.762,0.053,0.410,0.025,0.408,1.173,2.255,1.172,2.455,0.128,0.478,0.144,0.889,2.729,0.573,0.972,9.336,8.455,0.248,0.717,0.345,0.289,1.019
8476467,Jamie Oleksiak,VAN,D,34.114,True,True,317.000,0.049,0.000,0.000,0.000,,16.649,71.139,30.160,83.160,1345.149,571.360,1766.663,1140.504,2.400,177.186,25.059,16.032,0.034,2.491,0.352,3.620,1.020,7.140,2.474,11.151,3.856,17.798,5.503,14.771,4.981,14.944,22.913,6.929,3.599,11.164,4.875,6.276,0.012,0.053,68.530,29.091,96.303,3.353,92.340,117.394,33.367,0.000,0.000,19.105,69.170,1.075,-0.066,0.079,-0.068,0.067,,78.000,15.000,14.724,0.032,1.620,0.273,0.175,0.291,0.025,0.463,0.228,0.714,0.051,0.862,0.295,0.616,0.073,1.040,3.429,5.346,0.722,2.387,0.157,0.415,0.029,0.658,4.119,5.236,1.488,0.000,0.000,0.852,3.085,0.638,0.381,0.026,0.179,0.024,0.116,0.033,0.372,0.002,0.252,0.029,0.210,0.031,0.141,0.194,1.677,0.218,0.810,0.011,0.180,0.015,0.160,0.337,0.219,0.170,0.002,0.002,0.078,0.170,0.070,0.052,1.013
8476879,Cody Ceci,LAK,D,33.114,True,True,326.000,0.045,0.000,0.000,0.000,,17.529,69.690,21.149,83.150,1270.740,390.853,1700.957,1078.734,2.594,152.665,36.746,15.479,0.037,2.191,0.527,2.651,0.000,5.502,2.163,12.525,3.328,21.080,6.484,15.176,3.324,15.510,24.373,7.653,2.414,11.191,4.658,7.868,0.014,0.064,57.856,17.846,83.280,2.769,51.966,95.559,16.411,0.000,0.000,13.011,51.645,1.013,-0.095,0.076,0.244,0.064,,82.000,9.000,15.143,0.030,1.886,0.470,0.115,0.297,0.030,0.424,0.200,0.703,0.051,0.674,0.339,0.618,0.121,0.996,3.017,5.740,0.938,1.603,0.127,0.434,0.052,0.543,2.454,4.512,0.775,0.000,0.000,0.614,2.438,0.385,0.175,0.025,0.181,0.024,0.117,0.032,0.371,0.002,0.243,0.029,0.211,0.031,0.140,0.188,1.654,0.216,0.722,0.011,0.179,0.015,0.149,0.321,0.211,0.161,0.002,0.002,0.076,0.162,0.067,0.050,1.043
8477845,Trevor van Riemsdyk,PIT,D,35.526,True,True,295.000,0.049,0.000,0.000,0.000,,15.805,72.146,39.156,82.156,1284.528,703.639,1644.036,1082.279,5.949,168.188,28.112,15.001,0.083,2.331,0.390,2.277,0.000,4.173,1.723,12.309,5.029,19.110,5.476,14.586,6.822,14.619,22.415,6.291,2.629,12.166,5.297,7.013,0.022,0.138,59.042,29.576,81.826,3.352,17.016,114.483,21.388,0.000,0.000,18.854,54.420,1.007,-0.046,0.083,-0.086,0.069,,68.000,14.000,13.913,0.073,1.537,0.282,0.129,0.258,0.044,0.311,0.260,0.774,0.048,0.723,0.346,0.606,0.073,0.916,2.978,5.390,1.451,1.547,0.162,0.383,0.096,0.275,0.795,5.348,0.999,0.000,0.000,0.881,2.542,0.488,0.328,0.026,0.171,0.025,0.114,0.033,0.358,0.002,0.259,0.029,0.205,0.031,0.141,0.201,1.580,0.242,0.897,0.012,0.172,0.016,0.172,0.364,0.232,0.184,0.002,0.002,0.082,0.181,0.076,0.056,1.005
8482126,Emil Andrae,CBJ,D,24.939,True,True,107.000,0.171,0.000,0.000,0.000,,15.942,65.573,24.193,83.193,1059.754,381.793,1483.806,991.573,32.951,15.235,19.995,15.122,0.502,0.232,0.305,2.893,0.000,5.423,2.212,12.196,3.855,20.237,6.269,15.088,4.758,15.226,24.742,7.654,3.153,12.326,6.768,5.427,0.167,1.177,53.667,17.634,82.754,3.606,73.637,67.908,25.683,1.520,0.760,12.275,56.608,1.013,0.194,0.108,-0.077,0.086,,61.000,13.000,14.998,0.465,0.215,0.263,0.168,0.332,0.065,0.535,0.357,1.204,0.074,0.804,0.279,0.962,0.076,0.971,2.916,6.980,1.149,4.047,0.191,0.549,0.069,0.417,4.169,3.845,1.454,0.086,0.043,0.695,3.205,0.715,0.574,0.038,0.180,0.033,0.136,0.041,0.347,0.002,0.302,0.034,0.212,0.036,0.155,0.294,1.340,0.396,1.290,0.017,0.157,0.024,0.219,0.475,0.295,0.249,0.003,0.003,0.111,0.254,0.103,0.075,1.041
8482742,Zachary L'Heureux,COL,F,23.718,True,True,87.000,0.143,1.000,1.000,1.000,override,13.518,61.974,27.250,75.250,812.288,395.191,1078.381,686.479,25.720,88.932,11.158,11.077,0.415,1.435,0.180,7.221,2.456,12.278,3.966,8.270,2.451,13.890,4.732,15.491,5.724,15.538,25.351,7.625,8.042,9.194,4.662,3.608,0.318,0.685,75.804,35.848,108.440,10.880,170.677,30.271,42.975,9.386,14.787,13.258,36.135,0.837,0.089,0.139,-0.171,0.102,,25.000,5.000,11.416,0.467,1.448,0.187,0.604,0.827,0.225,2.414,0.373,1.058,0.170,1.126,0.308,0.718,0.025,0.732,5.738,15.494,1.762,4.845,0.816,1.285,0.227,3.524,12.607,2.236,3.174,0.693,1.092,0.979,2.669,1.111,1.060,0.092,0.417,0.155,0.734,0.080,0.369,0.116,0.665,0.046,0.342,0.024,0.377,0.441,1.769,0.801,2.071,0.059,0.397,0.104,0.797,0.903,0.267,0.353,1.971,2.076,0.151,0.259,0.136,0.132,1.070
8478057,Dakota Joshua,TOR,F,30.716,False,True,254.000,0.133,15.000,15.000,15.000,moneypuck_return_date,12.164,37.988,0.000,64.742,458.100,0.000,810.273,411.195,12.814,27.127,6.963,10.824,0.337,0.714,0.183,7.309,0.000,15.991,6.049,6.905,0.000,14.874,5.774,14.214,0.000,14.241,28.482,11.000,5.424,5.514,4.228,2.677,0.331,0.216,33.604,0.000,63.036,5.772,116.635,18.782,23.259,10.597,14.010,7.512,18.318,1.031,0.052,0.103,-0.041,0.083,,55.000,18.000,11.151,0.284,0.551,0.178,0.696,1.151,0.300,2.332,0.445,0.247,0.129,1.870,0.283,0.562,0.021,0.596,4.378,8.683,2.231,6.363,0.727,1.423,0.268,3.172,15.276,2.460,3.046,1.388,1.835,0.984,2.399,1.174,1.167,0.070,0.354,0.131,0.605,0.061,0.314,0.101,0.537,0.039,0.291,0.022,0.325,0.303,1.517,0.653,1.690,0.041,0.338,0.087,0.653,0.672,0.192,0.268,1.001,1.123,0.118,0.197,0.103,0.102,0.989
8481754,Nikita Nesterenko,ANA,F,25.394,True,True,61.000,0.181,0.000,0.000,0.000,,12.400,43.731,0.000,83.766,560.104,0.000,1121.621,509.399,6.086,31.760,12.859,11.648,0.139,0.726,0.294,5.625,0.000,13.812,5.550,8.970,0.000,20.512,8.509,14.595,0.000,13.303,32.148,13.304,5.369,7.941,5.898,3.072,0.087,0.075,51.732,0.000,108.382,6.682,85.146,15.447,12.026,13.727,23.462,5.657,21.825,0.898,-0.215,0.156,-0.175,0.110,0.897,29.000,9.000,11.302,0.117,0.741,0.240,0.559,0.820,0.242,1.917,0.545,0.325,0.161,2.227,0.301,0.327,0.022,0.567,5.600,7.685,3.690,6.793,0.690,1.132,0.261,2.655,9.121,1.655,1.288,1.470,2.513,0.606,2.338,0.527,0.699,0.098,0.453,0.164,0.733,0.083,0.417,0.120,0.656,0.047,0.377,0.024,0.370,0.509,2.162,0.972,2.129,0.067,0.463,0.124,0.804,1.126,0.306,0.438,1.857,2.046,0.170,0.314,0.167,0.158,1.019
8474013,Ian Cole,CHI,D,37.944,True,True,320.000,0.038,0.000,0.000,0.000,,17.428,69.418,22.105,84.000,1233.264,365.010,1716.843,991.056,2.197,193.654,46.357,14.277,0.032,2.790,0.668,2.113,0.000,5.086,1.847,12.359,2.236,21.242,6.728,14.472,3.306,14.326,24.244,7.724,2.152,11.518,5.811,6.548,0.010,0.050,49.472,13.408,74.260,3.074,68.692,126.772,48.099,0.000,0.000,14.012,78.412,0.985,-0.057,0.078,-0.096,0.066,,82.000,23.000,14.185,0.034,2.626,0.583,0.110,0.279,0.024,0.312,0.267,0.677,0.038,1.100,0.300,0.584,0.089,1.076,2.766,5.591,0.860,1.044,0.148,0.425,0.067,0.519,3.342,6.168,2.340,0.000,0.000,0.682,3.815,1.044,0.412,0.023,0.167,0.019,0.105,0.031,0.359,0.002,0.227,0.028,0.203,0.029,0.134,0.187,1.638,0.194,0.594,0.011,0.176,0.013,0.141,0.337,0.222,0.166,0.002,0.002,0.076,0.163,0.068,0.051,1.013
8483669,Adam Sykora,NYR,F,22.401,True,True,11.000,0.156,0.000,0.000,0.000,,11.919,49.360,8.250,68.250,591.889,215.009,843.865,571.447,10.681,5.318,4.442,11.577,0.216,0.108,0.090,7.718,1.587,13.493,4.475,6.361,1.419,11.349,4.021,14.079,4.519,14.311,23.350,7.568,7.523,6.925,3.439,2.922,0.179,0.121,66.434,23.064,102.253,7.926,83.517,30.714,22.693,6.389,8.747,8.865,19.558,1.066,-0.314,0.215,0.052,0.130,0.899,11.000,4.000,11.524,0.215,0.101,0.079,0.751,0.982,0.314,2.292,0.377,0.379,0.170,1.005,0.323,0.361,0.024,0.558,6.758,7.277,3.100,6.679,0.785,1.218,0.350,2.722,8.466,3.114,2.300,0.648,0.887,0.899,1.983,0.727,1.065,0.119,0.472,0.178,0.802,0.100,0.441,0.129,0.738,0.051,0.397,0.025,0.397,0.839,2.273,1.193,2.486,0.102,0.483,0.147,0.902,1.835,0.438,0.696,2.488,2.990,0.215,0.504,0.257,0.229,0.990
8482715,Ryan Ufko,NSH,D,23.740,True,True,19.000,0.152,0.000,0.000,0.000,,14.939,35.925,0.000,77.922,566.941,0.000,1195.784,497.638,55.631,6.210,7.462,13.852,1.548,0.173,0.208,2.881,0.000,7.255,3.248,11.460,0.000,26.621,10.907,14.341,0.000,12.032,32.814,13.565,2.392,8.931,5.475,5.986,0.484,3.493,32.999,0.000,74.961,1.827,27.408,31.878,15.698,0.001,0.001,6.260,30.498,1.079,-0.169,0.191,0.049,0.123,0.661,18.000,11.000,13.165,1.409,0.168,0.196,0.229,0.434,0.080,0.676,0.327,1.483,0.083,1.353,0.379,1.453,0.069,1.332,3.123,6.584,1.445,6.765,0.158,0.456,0.087,0.687,2.901,3.374,1.661,0.000,0.000,0.662,3.228,0.775,0.319,0.050,0.199,0.034,0.139,0.048,0.384,0.002,0.317,0.037,0.222,0.037,0.157,0.566,1.603,0.418,1.540,0.031,0.178,0.025,0.258,0.967,0.540,0.462,0.007,0.007,0.183,0.472,0.185,0.128,1.009
8482087,Kaiden Guhle,MTL,D,25.038,False,True,208.000,0.214,8.000,4.000,14.000,research:medium,20.012,45.340,2.613,66.613,903.872,205.106,1325.937,796.860,2.439,72.993,31.580,17.575,0.054,1.610,0.697,3.645,0.000,7.349,2.615,10.954,1.737,18.236,6.089,14.599,2.641,14.967,24.651,7.882,3.264,10.422,5.317,5.638,0.016,0.061,52.813,11.501,82.148,2.702,82.494,84.469,34.852,0.000,0.000,15.163,48.419,1.090,-0.138,0.092,-0.050,0.076,,39.000,11.000,17.480,0.054,1.619,0.859,0.218,0.347,0.041,0.580,0.342,0.730,0.066,0.766,0.354,0.686,0.084,1.010,3.769,5.945,0.819,2.897,0.178,0.456,0.048,0.504,5.476,5.607,2.313,0.000,0.000,1.006,3.214,1.003,0.671,0.034,0.198,0.030,0.132,0.038,0.384,0.002,0.272,0.033,0.221,0.035,0.150,0.247,1.668,0.287,0.893,0.014,0.184,0.019,0.174,0.380,0.257,0.190,0.002,0.002,0.096,0.202,0.080,0.059,1.031
8482209,Rory Kerins,CGY,F,24.808,True,True,9.000,0.298,0.000,0.000,0.000,,14.155,35.887,0.000,69.588,529.805,7.075,919.079,468.484,49.291,7.685,4.345,13.054,1.373,0.214,0.121,5.299,0.000,10.395,4.074,9.873,0.000,19.691,7.519,15.172,0.000,14.992,29.234,10.826,6.112,8.865,5.570,4.303,0.835,1.636,41.710,0.000,80.384,6.150,37.975,22.340,14.035,58.449,89.504,7.980,25.984,0.953,-0.048,0.225,0.020,0.133,1.061,4.000,0.000,12.689,1.215,0.151,0.099,0.629,1.172,0.390,2.605,0.537,0.805,0.235,1.601,0.382,0.983,0.032,0.911,4.335,8.203,3.548,9.230,0.620,1.256,0.405,3.062,4.301,2.530,1.589,6.619,10.136,0.904,2.943,0.729,0.708,0.120,0.448,0.174,0.787,0.100,0.417,0.126,0.726,0.050,0.376,0.024,0.389,0.910,2.071,1.179,2.466,0.107,0.444,0.145,0.893,1.836,0.453,0.714,3.520,3.855,0.224,0.552,0.265,0.239,1.073
8483771,Sandis Vilmanis,FLA,F,23.025,True,True,19.000,0.147,0.000,0.000,0.000,,11.153,55.446,10.794,74.794,641.864,197.076,920.747,612.242,13.954,7.933,7.735,11.042,0.252,0.143,0.140,8.220,1.883,15.065,4.923,7.800,1.847,13.855,5.035,16.020,4.664,15.857,27.050,8.895,7.455,7.295,3.992,3.808,0.271,0.159,57.727,16.355,91.245,7.440,106.730,19.395,18.077,11.006,6.595,11.287,31.412,1.063,0.033,0.199,-0.113,0.126,0.968,19.000,5.000,10.516,0.315,0.153,0.169,0.676,1.058,0.320,2.084,0.348,0.312,0.165,0.714,0.335,0.328,0.025,0.505,5.377,7.213,3.125,5.992,0.663,1.286,0.350,2.583,9.977,1.813,1.690,1.029,0.617,1.055,2.936,0.759,1.158,0.115,0.462,0.176,0.781,0.096,0.421,0.127,0.702,0.050,0.383,0.025,0.389,0.749,2.181,1.170,2.380,0.093,0.467,0.145,0.872,1.630,0.399,0.626,2.132,2.488,0.202,0.440,0.232,0.209,1.139
8481525,Matthew Robertson,NYR,D,25.900,True,True,74.000,0.119,0.000,0.000,0.000,,17.764,47.243,0.568,84.000,805.490,0.000,1567.283,714.657,3.707,69.914,17.213,15.127,0.079,1.480,0.364,3.539,0.000,8.359,3.717,10.173,0.000,21.734,8.918,13.712,0.000,13.062,30.043,11.789,2.625,8.193,4.564,5.609,0.028,0.115,50.881,0.000,101.354,2.151,68.268,53.001,24.038,0.000,0.000,6.825,35.017,1.081,-0.004,0.114,-0.030,0.089,0.547,72.000,17.000,15.927,0.077,1.446,0.313,0.202,0.339,0.043,0.518,0.281,0.796,0.060,0.724,0.344,0.698,0.080,0.976,4.096,5.821,0.961,2.127,0.160,0.453,0.049,0.549,5.085,3.948,1.790,0.000,0.000,0.508,2.608,0.879,0.242,0.037,0.202,0.031,0.134,0.041,0.400,0.002,0.302,0.034,0.225,0.035,0.155,0.303,1.800,0.326,1.226,0.017,0.192,0.021,0.220,0.509,0.325,0.253,0.003,0.003,0.116,0.258,0.104,0.076,0.990
8481725,Elmer Soderblom,PIT,F,25.577,True,True,106.000,0.147,0.000,0.000,0.000,,11.519,41.223,0.000,82.791,490.706,10.307,1022.609,469.785,8.791,4.817,7.313,11.396,0.213,0.117,0.177,6.644,0.000,16.141,6.470,7.235,0.000,16.916,7.130,13.879,0.000,11.811,31.891,12.849,5.673,5.952,4.138,3.096,0.132,0.092,52.247,0.000,112.755,6.782,67.001,14.812,15.575,3.158,6.902,8.490,30.410,0.922,0.065,0.126,-0.066,0.096,,59.000,13.000,11.104,0.200,0.078,0.137,0.680,0.769,0.282,1.721,0.417,0.256,0.161,0.696,0.313,0.258,0.023,0.460,6.464,5.734,2.852,4.665,0.811,1.062,0.327,2.066,8.192,1.811,1.904,0.386,0.844,1.038,3.718,0.843,1.046,0.086,0.417,0.171,0.711,0.073,0.362,0.124,0.615,0.044,0.333,0.024,0.359,0.401,1.846,1.130,2.058,0.053,0.403,0.141,0.770,0.892,0.238,0.355,0.916,1.138,0.141,0.252,0.135,0.130,1.005
8482062,Cole Smith,CHI,F,31.264,True,True,283.000,0.109,0.000,0.000,0.000,,13.072,62.238,9.506,84.000,829.250,119.771,1241.988,667.235,2.959,140.197,18.860,10.721,0.048,2.253,0.303,6.177,0.000,11.505,4.410,7.692,1.014,14.198,5.166,13.869,1.028,14.393,24.673,8.581,5.913,7.635,4.436,3.256,0.034,0.030,62.351,8.124,98.508,9.281,156.312,22.596,44.240,9.166,14.751,15.166,29.736,0.751,-0.338,0.098,-0.125,0.079,,63.000,12.000,10.896,0.051,1.859,0.266,0.399,0.654,0.157,3.435,0.302,0.285,0.251,1.415,0.254,0.314,0.056,0.846,4.631,4.991,3.493,7.757,0.650,1.059,0.298,4.147,11.310,1.635,3.201,0.663,1.067,1.097,2.152,1.186,1.023,0.063,0.412,0.099,0.552,0.058,0.388,0.083,0.510,0.038,0.353,0.019,0.315,0.272,2.018,0.428,1.309,0.038,0.437,0.057,0.589,0.609,0.191,0.234,1.373,1.444,0.112,0.168,0.090,0.089,1.013
8480870,Bo Groulx,TOR,F,26.987,True,True,60.000,0.147,0.000,0.000,0.000,,15.146,50.294,1.981,68.981,782.206,206.261,1110.517,583.004,22.872,146.731,29.599,11.592,0.455,2.917,0.589,5.824,0.638,10.849,3.855,7.693,1.250,13.748,4.752,13.517,3.153,13.242,23.394,7.796,7.191,9.739,4.631,3.061,0.273,0.292,54.108,14.240,87.508,7.229,118.746,31.747,16.193,197.465,279.949,10.076,35.627,1.015,-0.215,0.174,0.174,0.117,1.034,13.000,5.000,11.942,0.383,2.250,0.570,0.503,0.884,0.413,1.939,0.440,0.484,0.205,1.824,0.327,0.486,0.025,0.909,4.142,5.377,4.113,3.548,0.514,1.131,0.290,2.208,9.109,2.435,1.242,15.147,21.474,0.773,2.733,0.601,0.448,0.103,0.437,0.153,0.704,0.088,0.404,0.114,0.648,0.048,0.367,0.023,0.365,0.578,2.033,0.821,1.912,0.076,0.443,0.106,0.765,1.157,0.350,0.441,3.157,3.243,0.186,0.339,0.170,0.165,0.989
8485400,Roger McQueen,ANA,F,20.334,True,False,0.000,0.177,0.000,0.000,0.000,,13.137,33.052,0.000,68.207,451.406,0.000,830.512,409.461,24.570,10.262,7.113,12.388,0.743,0.310,0.215,6.102,0.000,13.340,5.375,7.702,0.000,16.252,6.753,13.804,0.000,13.388,28.889,11.473,5.990,7.559,4.514,3.188,0.484,0.592,45.267,0.000,92.870,5.715,47.019,15.193,14.967,35.722,41.202,7.289,20.468,0.991,0.000,0.258,0.000,0.140,0.997,,,12.019,0.625,0.317,0.176,0.748,1.159,0.399,2.891,0.568,0.751,0.243,1.716,0.402,0.668,0.032,0.911,5.933,8.003,3.329,7.887,0.699,1.295,0.377,2.940,6.250,2.019,1.989,4.748,5.476,0.969,2.720,0.839,0.858,0.145,0.542,0.203,0.918,0.120,0.501,0.145,0.837,0.059,0.451,0.028,0.448,1.173,2.255,1.172,2.455,0.128,0.478,0.144,0.889,2.729,0.573,0.972,9.336,8.455,0.248,0.717,0.345,0.289,1.019
8481563,Drew Helleson,ANA,D,25.854,True,True,119.000,0.136,1.000,1.000,1.000,dailyfaceoff:ir:dtd,17.243,48.111,0.000,80.443,935.923,0.000,1671.704,804.735,5.419,98.518,27.251,16.727,0.113,2.048,0.566,2.899,0.000,7.380,2.932,10.893,0.000,22.730,8.722,13.793,0.000,13.992,27.985,10.895,2.604,9.631,5.100,5.794,0.033,0.152,46.641,0.000,88.505,2.083,71.806,72.052,26.446,0.000,0.000,18.834,43.572,1.077,-0.408,0.104,0.161,0.084,,60.000,15.000,15.385,0.095,1.373,0.390,0.171,0.327,0.043,0.469,0.301,0.792,0.059,0.659,0.326,0.694,0.136,1.021,3.192,5.688,1.034,3.575,0.130,0.438,0.048,0.477,4.603,4.619,1.695,0.000,0.000,1.207,2.793,0.804,0.335,0.035,0.201,0.031,0.133,0.040,0.398,0.002,0.292,0.034,0.224,0.035,0.153,0.275,1.781,0.319,1.107,0.016,0.191,0.021,0.203,0.467,0.296,0.234,0.003,0.003,0.106,0.235,0.097,0.071,1.019
8486171,T.J. Hughes,COL,F,25.229,True,False,0.000,0.148,0.000,0.000,0.000,,10.636,45.149,1.407,64.407,464.265,154.976,661.840,426.298,20.295,11.473,6.199,9.442,0.450,0.254,0.137,6.630,1.496,12.714,4.245,7.824,1.518,15.177,5.207,14.454,3.769,13.568,25.629,8.419,6.194,7.309,4.501,3.323,0.502,0.378,43.802,12.556,73.242,5.431,59.494,16.895,18.374,32.126,36.360,6.718,18.793,0.991,0.000,0.258,0.000,0.140,,,,9.731,0.506,0.256,0.142,0.757,1.386,0.418,2.545,0.547,0.515,0.223,0.994,0.400,0.529,0.035,0.727,5.629,7.659,3.050,6.131,0.653,1.365,0.336,2.559,7.689,2.183,2.375,4.152,4.699,0.868,2.429,0.953,0.886,0.176,0.656,0.246,1.112,0.145,0.607,0.175,1.013,0.071,0.545,0.034,0.543,1.173,2.255,1.172,2.455,0.128,0.478,0.144,0.889,2.729,0.573,0.972,9.336,8.455,0.248,0.717,0.345,0.289,1.070
8480813,Joseph Veleno,NYR,F,27.053,True,True,296.000,0.088,0.000,0.000,0.000,,12.261,66.060,26.421,79.421,822.058,367.645,1098.626,696.341,5.172,96.620,23.926,10.541,0.078,1.463,0.362,5.945,1.874,10.309,3.654,7.384,1.910,13.369,4.262,13.329,4.735,13.257,21.779,6.790,5.963,7.313,3.401,3.983,0.107,0.117,59.118,25.176,85.785,7.157,132.311,33.477,19.958,193.286,205.920,11.258,27.014,0.886,-0.270,0.097,-0.130,0.079,,61.000,5.000,10.492,0.078,1.371,0.319,0.432,1.247,0.216,1.241,0.227,0.620,0.112,1.253,0.301,0.730,0.019,0.901,4.422,7.877,3.517,3.649,0.480,1.610,0.436,1.856,9.657,2.443,1.457,14.107,15.030,0.822,1.972,0.621,0.664,0.067,0.377,0.128,0.548,0.059,0.299,0.099,0.465,0.039,0.291,0.022,0.306,0.283,1.565,0.591,1.269,0.039,0.359,0.079,0.563,0.640,0.190,0.249,1.232,1.311,0.111,0.171,0.096,0.092,0.990
8476372,Nick Seeler,PHI,D,33.665,True,True,305.000,0.057,0.000,0.000,0.000,,17.183,73.735,36.609,84.000,1252.049,614.965,1623.509,1091.825,3.157,123.546,33.521,14.807,0.043,1.675,0.455,3.135,0.000,6.658,2.270,11.251,4.320,18.362,5.481,14.386,5.432,14.124,22.815,6.663,2.971,10.566,5.211,6.040,0.017,0.076,78.080,38.675,106.127,3.546,114.092,151.795,38.419,0.000,0.000,13.036,61.344,1.021,0.115,0.081,0.038,0.068,,80.000,9.000,14.862,0.045,1.835,0.442,0.143,0.299,0.042,0.471,0.245,0.722,0.050,0.530,0.265,0.626,0.098,1.101,4.040,5.760,1.313,2.779,0.164,0.439,0.090,0.628,5.468,7.274,1.841,0.000,0.000,0.625,2.940,0.756,0.613,0.026,0.181,0.025,0.117,0.033,0.374,0.002,0.256,0.029,0.211,0.032,0.142,0.201,1.688,0.238,0.823,0.011,0.181,0.016,0.165,0.351,0.229,0.176,0.002,0.002,0.081,0.176,0.073,0.054,1.073
8484759,Carter Yakemchuk,OTT,D,21.341,True,True,4.000,0.168,0.000,0.000,0.000,,17.574,44.277,0.000,70.444,784.646,60.705,1239.238,712.572,41.851,18.164,12.058,16.094,0.945,0.410,0.272,4.025,0.000,7.920,3.144,10.402,0.732,19.042,6.659,14.427,0.768,14.598,26.124,9.066,3.561,10.845,5.033,5.369,0.399,1.826,61.942,3.883,107.956,3.187,27.816,50.713,22.891,0.004,0.004,9.660,53.809,1.065,0.008,0.237,0.062,0.136,0.728,4.000,2.000,15.653,1.256,0.389,0.276,0.254,0.506,0.084,0.816,0.344,1.279,0.090,1.214,0.361,1.451,0.082,1.354,4.663,6.904,1.544,6.369,0.220,0.549,0.092,0.790,2.127,3.878,1.750,0.000,0.000,0.739,4.115,0.801,0.396,0.053,0.210,0.034,0.141,0.048,0.393,0.002,0.312,0.037,0.221,0.036,0.154,0.739,1.831,0.423,1.583,0.039,0.196,0.025,0.264,1.423,0.715,0.579,0.014,0.014,0.222,0.609,0.229,0.150,1.077
8481641,Joel Kiviranta,DAL,F,30.861,True,True,256.000,0.134,0.000,0.000,0.000,,10.568,73.990,43.516,84.000,785.491,453.651,1007.261,694.639,5.457,72.576,12.819,9.388,0.074,0.981,0.173,7.200,3.098,12.393,3.743,6.682,1.993,11.960,3.811,13.883,6.090,13.704,22.332,6.386,7.084,6.655,3.386,3.297,0.072,0.029,65.266,35.998,89.994,8.913,93.984,27.486,18.645,11.642,14.958,13.373,26.102,0.915,-0.336,0.108,-0.315,0.086,,51.000,9.000,9.265,0.079,1.044,0.180,0.532,0.777,0.255,2.561,0.275,0.125,0.083,0.342,0.263,0.187,0.017,0.932,5.108,6.284,3.526,6.048,0.666,1.195,0.329,3.232,7.179,2.099,1.424,0.889,1.143,1.022,1.994,0.681,0.590,0.067,0.410,0.115,0.583,0.059,0.360,0.090,0.487,0.039,0.340,0.021,0.318,0.306,1.986,0.539,1.533,0.042,0.431,0.072,0.648,0.750,0.211,0.292,1.256,1.344,0.119,0.190,0.111,0.105,1.048
8479336,Carl Grundstrom,PHI,F,29.169,True,True,210.000,0.129,0.000,0.000,0.000,,11.582,56.103,1.755,83.755,636.182,22.127,1036.695,590.399,3.229,34.091,8.462,10.524,0.058,0.608,0.151,7.692,0.000,15.201,5.491,6.309,0.000,13.439,4.926,14.001,0.000,13.802,25.481,9.508,7.147,6.133,3.415,2.893,0.068,0.029,76.318,2.013,127.796,8.374,153.395,22.482,22.226,6.305,14.063,8.147,30.096,0.963,-0.099,0.114,-0.064,0.089,,47.000,13.000,10.745,0.054,0.643,0.140,0.664,1.167,0.315,2.608,0.299,0.257,0.327,1.224,0.273,0.269,0.020,0.719,7.401,7.107,3.264,8.891,0.767,1.536,0.433,3.520,14.467,2.120,2.096,0.595,1.326,0.768,2.838,0.933,0.711,0.075,0.423,0.146,0.678,0.065,0.388,0.110,0.606,0.041,0.353,0.022,0.349,0.340,2.034,0.809,1.969,0.046,0.438,0.106,0.754,0.797,0.223,0.313,1.175,1.312,0.131,0.220,0.120,0.116,1.073
8480878,Nils Lundkvist,DAL,D,26.516,True,True,210.000,0.164,0.000,0.000,0.000,,16.597,53.155,1.883,75.883,900.183,147.609,1361.667,865.770,6.737,5.936,21.740,16.288,0.127,0.112,0.409,2.665,0.000,6.009,2.119,10.881,0.922,19.357,6.500,13.547,1.817,13.629,23.623,7.923,2.731,10.220,5.493,5.388,0.036,0.184,60.568,9.609,96.092,2.511,34.670,50.441,21.436,0.000,0.000,7.587,50.061,1.049,-0.005,0.098,0.069,0.080,,52.000,11.000,15.935,0.141,0.124,0.397,0.172,0.331,0.064,0.573,0.329,0.719,0.075,0.901,0.322,0.820,0.081,0.851,3.991,6.478,1.172,5.899,0.157,0.452,0.068,0.519,2.311,3.362,1.429,0.000,0.000,0.506,3.337,0.707,0.280,0.035,0.178,0.033,0.132,0.039,0.350,0.002,0.293,0.033,0.212,0.037,0.153,0.261,1.376,0.403,1.168,0.015,0.160,0.024,0.200,0.424,0.269,0.222,0.003,0.003,0.103,0.230,0.092,0.067,1.048
8479442,Troy Stecher,TOR,D,32.821,True,True,265.000,0.090,0.000,0.000,0.000,,18.245,64.914,16.287,80.287,1227.249,355.606,1674.913,1058.223,1.988,137.733,29.305,16.302,0.031,2.122,0.452,2.736,0.000,5.471,2.083,10.028,2.553,16.171,5.160,12.764,3.454,12.952,20.723,6.399,2.862,11.194,4.670,5.358,0.010,0.041,63.171,16.261,91.828,3.146,45.199,82.423,29.379,0.000,0.000,13.043,66.881,1.037,-0.096,0.087,0.083,0.072,,64.000,14.000,16.016,0.047,1.684,0.498,0.141,0.316,0.034,0.575,0.270,0.739,0.057,0.621,0.302,0.654,0.075,0.924,3.323,5.514,1.204,3.317,0.150,0.444,0.045,0.767,2.210,4.030,1.436,0.000,0.000,0.638,3.270,0.686,0.360,0.029,0.184,0.027,0.121,0.035,0.377,0.002,0.267,0.030,0.213,0.033,0.144,0.220,1.704,0.263,0.921,0.013,0.182,0.018,0.178,0.368,0.245,0.184,0.002,0.002,0.090,0.191,0.077,0.057,0.989
8480842,Filip Hallander,PIT,F,26.593,True,True,15.000,0.131,0.000,0.000,0.000,,13.277,38.289,0.000,67.378,538.959,10.550,894.643,469.109,16.245,50.873,2.731,12.252,0.424,1.329,0.071,5.162,0.000,10.592,3.992,7.814,0.000,15.693,5.903,12.976,0.000,13.506,24.880,9.336,5.581,7.412,4.686,3.128,0.232,0.289,60.839,0.715,108.701,8.235,27.065,18.841,10.884,8.760,17.752,8.348,32.172,0.858,0.278,0.206,0.069,0.128,1.110,13.000,4.000,11.938,0.398,0.886,0.055,0.615,0.927,0.490,2.383,0.519,0.522,0.207,1.535,0.355,0.489,0.027,0.815,7.112,6.913,3.600,6.797,0.950,1.219,0.400,2.982,3.013,2.098,1.212,0.975,1.976,0.929,3.582,0.564,0.949,0.114,0.447,0.167,0.773,0.095,0.415,0.121,0.711,0.049,0.374,0.024,0.382,0.770,2.134,1.049,2.428,0.095,0.457,0.132,0.881,1.624,0.420,0.623,3.354,3.567,0.212,0.468,0.234,0.215,1.005
8478416,Erik Cernak,TBL,D,29.681,True,True,276.000,0.107,0.000,0.000,0.000,,17.654,57.978,2.412,82.412,1055.498,63.435,1635.063,895.600,4.101,121.468,34.330,15.447,0.071,2.095,0.592,2.624,0.000,5.382,2.378,11.080,0.000,20.010,7.276,13.703,0.000,14.305,25.309,8.823,2.369,9.877,5.047,6.033,0.024,0.105,50.035,2.928,82.947,2.410,119.868,83.670,47.302,0.000,0.000,12.899,44.349,1.048,-0.198,0.086,-0.029,0.072,,61.000,11.000,14.527,0.062,2.382,0.682,0.138,0.320,0.023,0.428,0.262,0.739,0.043,0.796,0.296,0.636,0.120,1.171,3.115,5.820,1.083,1.657,0.131,0.441,0.038,0.614,6.814,4.756,2.689,0.000,0.000,0.733,2.521,1.090,0.515,0.029,0.192,0.025,0.122,0.035,0.386,0.002,0.249,0.031,0.218,0.032,0.145,0.217,1.722,0.226,0.691,0.012,0.185,0.015,0.152,0.377,0.243,0.186,0.002,0.002,0.083,0.182,0.077,0.057,1.062
8481219,Jonathan Aspirot,BOS,D,27.715,True,True,61.000,0.118,0.000,0.000,0.000,,16.862,51.503,0.000,79.713,901.162,69.316,1479.422,838.293,2.012,50.160,10.696,16.277,0.039,0.974,0.208,2.998,0.000,6.471,2.743,10.081,0.000,19.700,7.243,13.079,0.000,13.089,25.087,9.175,2.549,8.568,4.202,5.879,0.013,0.066,43.535,1.869,77.545,2.392,75.573,72.604,36.059,0.000,0.000,9.236,49.344,1.056,0.187,0.123,-0.117,0.094,,61.000,13.000,15.566,0.036,1.066,0.194,0.172,0.321,0.054,0.483,0.241,0.798,0.062,0.732,0.338,0.882,0.079,1.004,2.986,5.944,1.348,2.715,0.160,0.448,0.074,0.446,5.032,4.834,2.401,0.000,0.000,0.615,3.285,0.959,0.507,0.038,0.199,0.031,0.132,0.042,0.402,0.002,0.307,0.035,0.224,0.036,0.154,0.324,1.824,0.346,1.345,0.018,0.192,0.022,0.232,0.562,0.352,0.279,0.003,0.003,0.126,0.284,0.115,0.083,1.014
8481186,Logan O'Connor,COL,F,30.467,True,True,232.000,0.071,1.000,1.000,1.000,override,12.248,63.638,35.250,73.250,757.635,455.202,971.365,649.622,4.556,89.285,14.172,10.208,0.072,1.403,0.223,6.124,2.399,9.926,3.246,7.611,3.215,12.861,3.823,13.734,5.698,13.839,21.165,6.018,6.443,8.248,4.304,3.307,0.053,0.038,59.035,33.084,81.057,8.046,53.790,29.999,22.419,17.481,26.100,14.450,23.667,0.899,-0.358,0.113,-0.274,0.089,,13.000,2.000,10.521,0.081,1.416,0.231,0.498,0.730,0.362,1.938,0.378,0.254,0.172,1.270,0.309,0.285,0.026,0.764,4.776,5.280,3.664,6.242,0.602,1.068,0.518,2.884,4.260,2.376,1.775,1.384,2.067,1.144,1.874,0.745,1.102,0.072,0.416,0.115,0.585,0.064,0.388,0.092,0.525,0.040,0.353,0.021,0.323,0.325,2.030,0.527,1.484,0.044,0.438,0.070,0.632,0.741,0.220,0.287,1.470,1.561,0.127,0.201,0.110,0.107,1.070
8476874,Olli Maatta,MIN,D,32.446,True,True,270.000,0.126,0.000,0.000,0.000,,17.183,53.150,0.000,80.601,909.885,17.834,1475.701,803.832,2.641,79.205,24.208,15.124,0.050,1.490,0.456,2.404,0.000,5.887,2.193,11.286,0.000,21.074,7.651,13.690,0.000,14.563,26.005,9.145,2.330,10.113,5.519,5.766,0.014,0.069,39.702,0.857,68.549,2.389,20.880,71.908,9.809,0.000,0.000,12.843,58.481,1.043,-0.098,0.087,-0.147,0.072,,43.000,15.000,15.454,0.060,1.213,0.456,0.155,0.299,0.041,0.460,0.339,0.743,0.059,0.716,0.348,0.655,0.073,0.930,2.742,5.340,1.122,3.092,0.158,0.422,0.052,0.454,1.377,4.742,0.647,0.000,0.000,0.847,3.856,0.307,0.334,0.029,0.185,0.028,0.121,0.035,0.377,0.002,0.264,0.030,0.213,0.033,0.143,0.220,1.692,0.280,0.913,0.013,0.182,0.019,0.171,0.373,0.243,0.190,0.002,0.002,0.089,0.194,0.079,0.058,1.069
8482166,Shakir Mukhamadullin,EDM,D,25.059,True,True,83.000,0.175,0.000,0.000,0.000,,17.612,46.535,0.000,77.258,861.455,0.000,1449.322,775.576,5.915,65.039,14.924,16.667,0.127,1.398,0.321,3.900,0.000,8.724,3.409,9.642,0.000,18.994,7.069,13.542,0.000,14.340,25.606,9.656,3.186,8.635,4.352,5.290,0.040,0.218,50.742,0.000,90.517,2.223,38.763,68.011,21.164,0.000,0.000,7.884,57.363,1.110,-0.397,0.117,-0.107,0.091,,50.000,12.000,15.856,0.111,1.376,0.269,0.231,0.334,0.044,0.501,0.273,1.174,0.061,0.733,0.335,0.802,0.080,0.979,3.757,6.100,0.790,2.919,0.156,0.450,0.047,0.467,2.700,4.737,1.474,0.000,0.000,0.549,3.995,0.724,0.393,0.038,0.198,0.032,0.135,0.042,0.385,0.002,0.303,0.035,0.222,0.036,0.155,0.313,1.676,0.337,1.260,0.018,0.184,0.022,0.224,0.523,0.332,0.260,0.003,0.003,0.118,0.265,0.107,0.078,1.058
8482929,Emil Lilleberg,TBL,D,25.996,True,True,163.000,0.149,0.000,0.000,0.000,,17.328,50.619,0.000,79.599,915.079,0.000,1515.332,828.303,3.004,64.521,19.251,16.363,0.059,1.275,0.380,2.614,0.000,5.758,2.421,10.921,0.000,20.906,7.620,13.535,0.000,14.386,25.690,9.295,2.552,9.760,5.023,5.898,0.017,0.082,44.079,0.000,77.517,2.486,99.394,51.646,61.455,0.000,0.000,7.909,45.112,1.051,-0.325,0.099,0.067,0.080,,50.000,12.000,15.389,0.052,1.449,0.438,0.171,0.327,0.042,0.417,0.300,0.792,0.057,0.745,0.349,0.676,0.096,0.982,3.075,5.923,0.669,1.887,0.167,0.448,0.053,0.339,6.517,3.386,4.029,0.000,0.000,0.519,2.958,1.618,0.931,0.034,0.202,0.031,0.133,0.039,0.402,0.002,0.292,0.033,0.225,0.035,0.153,0.259,1.819,0.312,1.090,0.015,0.193,0.020,0.202,0.443,0.282,0.222,0.003,0.003,0.101,0.223,0.092,0.067,1.062
8483570,Ben Meyers,SEA,F,28.214,True,True,122.000,0.215,0.000,0.000,0.000,,11.919,50.772,3.781,75.781,642.865,134.783,990.485,518.180,3.709,114.978,5.999,10.206,0.073,2.265,0.118,5.935,0.813,10.846,4.053,6.818,0.955,13.368,4.717,12.753,1.861,12.095,23.260,7.877,5.724,6.362,4.066,2.752,0.050,0.032,53.782,10.443,88.767,7.054,69.496,17.316,17.038,179.995,156.179,10.591,25.479,0.933,0.161,0.135,-0.168,0.101,,52.000,15.000,10.267,0.063,1.491,0.098,0.597,0.787,0.186,1.616,0.399,0.217,0.128,0.896,0.284,0.264,0.020,0.581,5.622,5.419,2.380,3.361,0.732,1.140,0.236,2.137,6.486,1.616,1.590,16.799,14.576,0.989,2.378,0.586,0.701,0.084,0.435,0.138,0.711,0.073,0.397,0.106,0.647,0.043,0.363,0.022,0.363,0.406,2.094,0.700,2.055,0.055,0.451,0.091,0.800,0.945,0.272,0.363,1.913,2.017,0.150,0.249,0.138,0.132,1.015
8479705,Jeffrey Viel,TBL,F,30.010,True,True,54.000,0.267,0.000,0.000,0.000,,11.774,45.753,1.870,76.870,538.251,91.020,884.901,518.987,8.556,1.458,9.250,11.343,0.187,0.032,0.202,5.147,0.000,10.277,3.780,8.061,1.063,15.945,5.644,13.208,2.018,13.115,24.212,8.525,4.735,6.649,4.868,3.193,0.131,0.120,56.542,8.777,96.551,7.720,114.040,20.807,64.078,1.781,4.536,8.702,29.882,0.735,0.216,0.149,0.145,0.107,,45.000,10.000,11.376,0.160,0.037,0.200,0.501,0.846,0.261,1.770,0.421,0.360,0.166,2.080,0.290,0.333,0.022,0.505,6.246,9.904,2.971,6.697,0.821,1.638,0.340,2.433,12.712,2.319,7.143,0.199,0.506,0.970,3.331,2.414,1.843,0.091,0.418,0.162,0.684,0.079,0.391,0.119,0.620,0.044,0.354,0.023,0.351,0.476,2.029,1.122,2.076,0.062,0.434,0.139,0.769,1.095,0.289,0.433,1.102,1.411,0.167,0.317,0.165,0.158,1.062
8481607,Albert Johansson,DET,D,26.075,True,True,143.000,0.098,0.000,0.000,0.000,,16.300,66.138,7.711,84.000,1130.515,18.716,1762.622,982.169,10.351,107.685,30.310,14.850,0.157,1.628,0.458,3.069,0.000,7.592,2.814,9.718,0.000,17.961,6.695,12.786,0.000,13.846,24.230,8.540,2.791,9.754,4.171,5.547,0.061,0.253,54.453,1.128,90.266,2.536,59.114,83.654,19.176,0.000,0.000,17.840,54.349,1.064,-0.234,0.096,0.010,0.078,,82.000,11.000,14.437,0.205,1.243,0.416,0.145,0.320,0.090,0.381,0.217,0.761,0.057,0.778,0.296,0.711,0.071,0.942,3.117,6.035,0.892,1.565,0.135,0.458,0.062,0.283,3.137,4.440,1.018,0.000,0.000,0.947,2.885,0.501,0.645,0.033,0.193,0.031,0.132,0.038,0.381,0.002,0.286,0.033,0.220,0.035,0.152,0.252,1.622,0.315,1.046,0.014,0.179,0.021,0.192,0.434,0.272,0.221,0.003,0.003,0.096,0.217,0.091,0.067,1.031
8483487,Rutger McGroarty,PIT,F,22.842,True,True,32.000,0.331,0.000,0.000,0.000,,12.874,32.454,0.000,77.613,435.277,0.000,938.630,403.975,8.309,12.862,10.131,12.448,0.256,0.396,0.312,5.635,0.000,13.365,5.524,6.747,0.000,16.463,6.728,12.382,0.000,10.583,28.863,11.579,5.118,6.006,3.870,2.877,0.140,0.134,51.150,0.000,112.852,6.248,41.656,13.637,7.644,10.332,12.932,6.448,20.724,0.918,-0.109,0.173,-0.107,0.117,1.105,24.000,6.000,12.129,0.240,0.264,0.241,0.664,0.915,0.315,2.678,0.467,0.446,0.195,1.155,0.355,0.413,0.026,0.646,7.102,7.686,3.045,9.562,0.816,1.169,0.353,3.078,5.742,1.880,1.054,1.424,1.783,0.889,2.857,0.498,1.102,0.109,0.459,0.175,0.763,0.092,0.423,0.127,0.687,0.049,0.382,0.025,0.383,0.621,2.147,1.129,2.257,0.079,0.460,0.141,0.834,1.272,0.333,0.498,1.728,2.031,0.183,0.368,0.189,0.178,1.005
8479359,Beck Malenstyn,BUF,F,28.991,True,True,247.000,0.114,0.000,0.000,0.000,,11.240,56.836,6.608,84.000,679.803,0.000,1213.643,540.409,2.179,124.709,12.507,9.508,0.038,2.194,0.220,5.344,0.000,12.030,4.811,7.448,0.000,16.841,6.488,12.792,0.000,12.373,26.258,10.428,4.588,6.161,4.965,2.483,0.032,0.014,51.127,0.000,95.560,6.094,172.708,50.237,21.107,13.556,15.824,9.610,27.237,0.847,-0.519,0.102,-0.119,0.082,,81.000,14.000,9.357,0.036,1.656,0.191,0.439,0.752,0.202,0.898,0.375,0.122,0.107,2.414,0.203,0.200,0.016,0.910,5.204,5.710,1.815,1.344,0.596,1.159,0.194,1.368,15.243,4.434,1.863,1.196,1.397,0.848,2.404,0.781,1.193,0.064,0.430,0.103,0.565,0.057,0.381,0.083,0.480,0.038,0.357,0.020,0.317,0.285,2.079,0.443,1.306,0.039,0.449,0.059,0.615,0.676,0.200,0.260,1.357,1.423,0.112,0.168,0.099,0.094,1.039
8481477,Nico Sturm,MIN,F,31.751,True,True,248.000,0.126,0.000,0.000,0.000,,10.765,64.647,28.301,79.301,680.300,304.169,917.503,582.630,3.182,76.551,17.936,9.012,0.049,1.184,0.278,5.933,1.968,10.822,3.556,7.056,1.989,11.931,3.995,12.989,4.947,12.863,21.768,6.451,5.674,6.671,4.125,2.932,0.038,0.011,50.951,22.354,74.514,7.388,74.990,28.017,18.069,284.684,211.311,11.054,24.230,0.898,-0.032,0.110,-0.023,0.087,,49.000,11.000,8.983,0.046,1.497,0.240,0.473,0.688,0.349,2.005,0.332,0.062,0.078,1.915,0.256,0.133,0.016,0.851,4.603,5.091,3.436,5.350,0.606,1.160,0.234,3.814,6.614,2.471,1.594,25.108,18.637,0.975,2.137,0.686,0.521,0.066,0.382,0.108,0.525,0.059,0.286,0.087,0.439,0.039,0.297,0.020,0.301,0.307,1.735,0.496,1.236,0.042,0.393,0.066,0.583,0.752,0.218,0.290,1.449,1.522,0.121,0.185,0.110,0.104,1.069
8480990,Declan Chisholm,NJD,D,27.055,True,True,123.000,0.160,0.000,0.000,0.000,,14.660,69.166,34.565,82.565,1032.830,509.476,1371.974,968.191,35.089,20.025,9.524,13.998,0.507,0.289,0.138,2.329,0.000,5.154,1.865,9.946,4.174,16.696,4.803,12.275,5.036,12.589,19.303,5.818,2.611,11.465,5.018,4.929,0.263,0.915,58.349,27.761,83.570,2.240,32.654,63.711,14.891,0.000,0.000,16.885,72.736,1.066,-0.023,0.115,0.018,0.090,,26.000,7.000,13.834,0.445,0.267,0.114,0.137,0.504,0.063,0.500,0.315,0.906,0.068,0.923,0.309,0.897,0.071,0.952,3.299,6.552,1.681,4.547,0.119,0.366,0.071,0.493,1.897,3.701,0.865,0.000,0.000,0.981,4.225,0.448,0.316,0.038,0.173,0.032,0.132,0.042,0.342,0.002,0.304,0.034,0.210,0.036,0.155,0.306,1.292,0.389,1.301,0.018,0.151,0.024,0.221,0.523,0.316,0.271,0.003,0.003,0.115,0.269,0.111,0.081,1.010
8480848,Ty Dellandrea,SJS,F,26.532,True,True,238.000,0.177,0.000,0.000,0.000,,14.001,51.545,0.000,75.297,714.978,64.130,1091.216,579.573,6.826,113.198,15.381,11.244,0.132,2.196,0.298,3.567,0.000,6.976,2.829,8.886,0.880,16.718,5.724,12.453,0.847,12.706,22.871,7.813,4.052,8.733,5.455,3.431,0.071,0.076,51.440,4.331,82.293,7.163,118.683,34.468,34.577,207.022,203.177,9.025,27.046,0.656,-0.361,0.107,0.112,0.085,,46.000,11.000,11.310,0.133,2.309,0.248,0.320,0.705,0.266,1.465,0.454,0.310,0.352,1.068,0.323,0.346,0.019,0.706,4.727,6.415,2.441,1.739,0.596,1.289,0.379,2.139,9.960,2.893,2.902,17.373,17.050,0.757,2.270,1.288,1.303,0.073,0.435,0.118,0.646,0.065,0.395,0.095,0.591,0.041,0.362,0.021,0.349,0.311,2.004,0.510,1.533,0.043,0.440,0.067,0.682,0.661,0.213,0.252,1.672,1.740,0.123,0.183,0.098,0.097,1.025
8476473,Connor Murphy,EDM,D,33.853,True,True,274.000,0.104,0.000,0.000,0.000,,17.304,49.915,0.000,78.018,906.317,0.000,1486.697,757.118,2.472,125.305,21.422,15.168,0.050,2.510,0.429,2.704,0.000,5.929,2.649,10.142,0.000,19.289,7.368,12.847,0.000,13.215,24.027,9.201,2.036,7.672,3.732,6.410,0.017,0.071,45.631,0.000,79.020,1.900,70.733,91.274,40.105,0.000,0.000,10.277,43.015,1.088,-0.136,0.082,-0.260,0.069,,80.000,17.000,14.431,0.043,2.471,0.360,0.143,0.305,0.036,0.405,0.200,0.700,0.041,0.521,0.333,0.606,0.111,1.092,3.379,5.425,0.908,2.461,0.130,0.423,0.034,0.474,4.683,6.043,2.655,0.000,0.000,0.680,2.848,1.044,0.736,0.026,0.179,0.023,0.117,0.033,0.370,0.002,0.259,0.029,0.210,0.031,0.142,0.201,1.664,0.217,0.794,0.011,0.179,0.015,0.171,0.360,0.235,0.177,0.002,0.002,0.080,0.174,0.073,0.054,1.058
8482148,Hendrix Lapierre,PIT,F,24.977,True,True,152.000,0.124,0.000,0.000,0.000,,9.273,35.856,8.955,84.000,342.545,9.340,1029.047,331.196,6.800,0.828,3.722,9.237,0.190,0.023,0.104,3.894,0.000,11.966,5.498,8.204,0.000,26.237,11.220,12.099,0.000,2.006,38.118,15.978,2.864,4.787,4.162,4.042,0.099,0.162,27.794,0.000,82.914,4.246,24.484,13.135,9.194,60.313,92.580,4.713,18.676,0.793,-0.014,0.121,-0.081,0.093,,74.000,16.000,9.000,0.178,0.015,0.080,0.491,0.641,0.246,1.258,0.429,0.435,0.120,0.129,0.396,0.400,0.021,2.075,4.853,5.137,2.812,6.213,0.728,0.914,0.309,1.923,4.289,2.301,1.610,10.564,16.216,0.826,3.271,0.632,0.834,0.081,0.389,0.174,0.711,0.067,0.244,0.125,0.508,0.042,0.261,0.024,0.353,0.377,1.609,1.171,2.076,0.050,0.364,0.145,0.787,0.907,0.233,0.358,0.794,0.980,0.130,0.229,0.135,0.125,1.005
8481028,Martin Pospisil,CGY,F,27.203,True,True,166.000,0.089,0.000,0.000,0.000,,11.297,46.764,0.000,80.354,549.071,0.000,996.157,512.175,15.346,7.240,14.311,10.952,0.328,0.155,0.306,4.115,0.000,8.992,3.734,8.787,0.000,18.084,7.178,12.902,0.000,13.067,26.133,10.234,4.274,7.841,5.280,3.507,0.216,0.401,56.142,0.000,106.544,6.625,147.161,13.771,37.226,30.731,41.227,8.614,24.924,0.716,-0.006,0.116,0.088,0.090,,22.000,3.000,10.646,0.290,0.109,0.251,0.431,0.876,0.261,1.419,0.473,0.546,0.155,2.153,0.330,0.853,0.023,0.391,6.130,7.546,3.067,6.338,0.661,1.437,0.332,2.421,16.081,1.505,4.068,3.358,4.505,0.941,2.724,1.689,1.588,0.080,0.367,0.168,0.640,0.068,0.298,0.121,0.526,0.042,0.281,0.024,0.330,0.358,1.506,1.100,1.775,0.048,0.336,0.137,0.678,0.804,0.216,0.321,0.858,1.037,0.129,0.226,0.123,0.118,1.073
8480891,Michael Kesselring,SJS,D,27.053,True,True,190.000,0.151,0.000,0.000,0.000,,14.511,55.668,5.984,83.984,840.064,87.593,1366.111,755.059,11.509,50.392,23.105,13.563,0.207,0.905,0.415,2.792,0.000,6.273,2.448,9.516,0.000,18.527,6.519,12.307,1.033,12.395,22.724,8.253,2.669,9.197,4.907,4.609,0.086,0.343,72.571,6.981,122.673,3.111,55.437,48.714,48.268,0.000,0.000,10.919,53.368,1.034,-0.055,0.099,-0.087,0.080,,34.000,2.000,13.341,0.189,0.695,0.287,0.189,0.431,0.049,0.438,0.339,1.084,0.057,0.588,0.313,0.645,0.067,0.865,5.424,7.912,0.845,5.409,0.220,0.530,0.054,0.494,3.959,3.479,3.447,0.000,0.000,0.780,3.812,1.442,0.722,0.033,0.177,0.032,0.131,0.039,0.353,0.002,0.290,0.033,0.213,0.036,0.153,0.257,1.401,0.353,1.114,0.015,0.160,0.022,0.195,0.462,0.279,0.237,0.003,0.003,0.098,0.229,0.097,0.071,1.025
8483455,Isaac Howard,EDM,F,22.842,True,True,29.000,0.262,0.000,0.000,0.000,,11.190,44.785,2.760,82.760,500.863,37.724,934.604,469.065,26.310,1.593,3.895,10.474,0.588,0.036,0.087,5.672,0.000,12.016,4.908,7.031,0.000,15.562,6.043,12.703,0.000,12.206,25.530,10.133,5.603,6.581,4.081,2.950,0.465,0.346,61.508,2.853,119.051,7.242,25.542,11.743,19.628,0.714,1.586,5.523,25.673,0.880,-0.339,0.181,0.040,0.120,1.126,29.000,5.000,10.601,0.489,0.032,0.068,0.639,1.047,0.343,2.196,0.461,0.364,0.184,0.826,0.327,0.374,0.029,0.581,7.398,7.082,3.543,7.288,0.829,1.287,0.396,2.908,3.060,1.407,2.351,0.086,0.190,0.662,3.075,1.092,0.719,0.111,0.450,0.178,0.794,0.093,0.401,0.128,0.723,0.050,0.367,0.025,0.394,0.672,2.046,1.197,2.450,0.084,0.443,0.147,0.891,1.404,0.352,0.549,1.640,1.958,0.187,0.387,0.205,0.188,1.058
8475462,Radko Gudas,FLA,D,36.660,True,True,275.000,0.101,0.000,0.000,0.000,,15.914,62.254,12.893,82.893,1001.891,224.498,1468.682,904.029,2.537,77.637,17.688,14.522,0.041,1.247,0.284,2.319,0.000,4.809,2.116,11.331,2.286,19.434,6.639,13.650,2.306,13.834,23.056,7.847,1.956,9.813,5.699,5.632,0.014,0.064,60.527,11.989,92.916,2.201,169.102,99.265,53.884,0.000,0.000,8.815,57.548,1.037,0.173,0.086,-0.168,0.071,,56.000,13.000,14.029,0.048,1.534,0.302,0.119,0.276,0.031,0.384,0.312,0.701,0.049,0.497,0.298,0.604,0.072,0.904,3.804,5.922,1.450,3.682,0.132,0.431,0.049,0.470,10.127,5.945,3.227,0.000,0.000,0.528,3.446,1.352,0.704,0.026,0.171,0.024,0.111,0.033,0.363,0.002,0.250,0.029,0.206,0.031,0.138,0.208,1.645,0.230,0.827,0.012,0.177,0.016,0.162,0.372,0.238,0.188,0.002,0.002,0.084,0.185,0.077,0.057,1.139
8484958,Maxim Tsyplakov,CGY,F,28.370,True,True,126.000,0.133,0.000,0.000,0.000,,10.034,43.112,3.238,84.000,447.910,0.000,985.158,424.067,15.711,1.556,6.575,9.836,0.364,0.036,0.152,4.657,0.000,11.258,5.017,8.171,0.000,20.616,8.317,12.828,0.000,10.561,30.173,12.533,3.705,5.691,4.999,3.172,0.227,0.317,42.734,0.000,97.204,5.413,64.008,12.603,12.913,5.969,7.591,8.654,28.646,0.797,0.081,0.118,-0.092,0.092,,49.000,4.000,9.561,0.322,0.025,0.125,0.472,0.691,0.257,1.674,0.461,0.730,0.137,0.267,0.303,0.113,0.022,0.314,5.733,5.376,2.859,6.693,0.698,0.855,0.318,2.246,8.574,1.688,1.730,0.800,1.017,1.159,3.837,0.797,0.558,0.078,0.335,0.166,0.641,0.066,0.239,0.121,0.498,0.041,0.237,0.023,0.329,0.360,1.320,1.140,1.843,0.048,0.301,0.141,0.703,0.847,0.222,0.338,0.806,0.983,0.129,0.226,0.128,0.121,1.073
8478413,Jordan Greenway,CHI,F,29.958,True,True,203.000,0.187,0.000,0.000,0.000,,12.566,53.285,0.712,82.712,681.509,28.493,1129.841,551.933,3.073,108.448,18.054,10.358,0.058,2.035,0.339,4.406,0.000,8.955,3.763,7.622,0.000,15.183,5.885,12.028,0.000,11.549,24.148,8.776,4.392,7.012,4.290,3.332,0.032,0.040,49.872,1.982,86.194,6.278,88.059,32.555,35.766,12.525,31.966,9.731,26.113,0.787,-0.218,0.114,-0.046,0.089,,40.000,6.000,10.527,0.062,1.680,0.297,0.402,0.627,0.120,1.473,0.356,0.509,0.145,1.258,0.304,0.212,0.018,0.744,4.963,5.822,1.421,4.486,0.576,1.169,0.137,2.220,7.753,2.866,3.149,1.103,2.814,0.857,2.299,1.348,0.946,0.072,0.377,0.115,0.529,0.065,0.322,0.093,0.472,0.041,0.307,0.021,0.304,0.327,1.656,0.524,1.216,0.045,0.377,0.070,0.555,0.733,0.222,0.282,1.561,1.643,0.127,0.197,0.108,0.105,1.013
8483678,Elias Pettersson,VAN,D,22.960,True,True,98.000,0.113,0.000,0.000,0.000,,15.620,65.853,11.562,84.000,1155.395,168.240,1687.153,1023.722,3.698,114.465,13.509,15.546,0.056,1.738,0.205,3.070,0.000,6.266,2.543,8.965,0.982,15.712,5.385,12.035,0.997,11.966,20.941,7.065,3.057,9.559,3.565,5.400,0.020,0.083,53.921,7.272,86.222,2.543,141.407,86.597,36.704,0.000,0.000,13.065,73.800,1.068,-0.090,0.113,0.164,0.089,,70.000,10.000,14.277,0.053,1.131,0.159,0.167,0.318,0.057,0.390,0.206,0.790,0.053,0.642,0.316,0.654,0.070,0.896,2.917,7.026,1.659,2.423,0.133,0.454,0.086,0.376,7.343,4.497,1.906,0.000,0.000,0.678,3.832,0.810,0.894,0.038,0.209,0.033,0.139,0.041,0.403,0.002,0.309,0.034,0.226,0.036,0.156,0.303,1.864,0.343,1.375,0.017,0.198,0.022,0.238,0.535,0.324,0.268,0.003,0.003,0.111,0.260,0.109,0.079,1.013
8481014,Alexander Romanov,NYI,D,27.072,True,True,236.000,0.108,0.000,0.000,0.000,,19.975,49.864,11.605,62.605,1011.756,451.091,1340.725,865.865,9.024,106.367,30.500,17.364,0.181,2.133,0.612,2.764,0.656,5.245,1.863,9.854,3.823,15.292,4.553,12.618,5.129,12.823,19.875,5.650,2.896,10.887,4.544,5.310,0.053,0.213,65.022,26.925,91.402,2.597,99.293,98.781,17.731,0.000,0.000,13.204,61.931,1.059,0.040,0.094,0.435,0.077,,15.000,1.000,17.181,0.169,1.895,0.730,0.174,0.369,0.037,0.510,0.293,0.808,0.064,1.087,0.346,0.759,0.101,1.134,4.274,6.305,0.878,1.636,0.156,0.481,0.044,0.380,5.888,5.858,1.052,0.000,0.000,0.783,3.673,0.521,0.431,0.033,0.197,0.029,0.130,0.039,0.393,0.002,0.280,0.033,0.223,0.035,0.151,0.249,1.729,0.286,0.943,0.014,0.187,0.019,0.184,0.390,0.266,0.194,0.002,0.002,0.099,0.207,0.081,0.060,1.064
8483553,Marc Gatcomb,VGK,F,27.532,True,True,88.000,0.159,0.000,0.000,0.000,,10.233,66.659,25.266,84.000,677.639,240.869,974.619,667.815,3.493,1.093,5.239,10.018,0.052,0.016,0.079,7.478,1.119,13.425,4.602,5.786,1.016,11.176,3.942,13.264,3.214,12.858,22.501,7.452,6.890,5.798,2.630,3.156,0.068,0.025,70.666,23.660,106.418,7.689,235.879,32.399,18.007,3.890,7.206,9.511,19.494,0.958,-0.309,0.136,-0.359,0.101,,49.000,7.000,10.093,0.053,0.014,0.073,0.599,1.083,0.267,1.738,0.231,0.208,0.138,0.538,0.280,0.227,0.021,0.374,6.255,9.488,2.903,4.988,0.662,1.962,0.324,2.245,20.885,2.869,1.594,0.344,0.638,0.842,1.726,0.699,0.535,0.087,0.445,0.169,0.734,0.074,0.408,0.122,0.647,0.044,0.370,0.024,0.365,0.429,2.164,1.158,2.241,0.057,0.461,0.143,0.827,1.035,0.267,0.407,0.903,1.168,0.151,0.276,0.154,0.144,1.121
8484794,Michael Brandsegg-Nygård,DET,F,21.325,True,True,14.000,0.321,0.000,0.000,0.000,,13.453,39.970,0.000,71.280,542.318,82.742,900.927,487.681,45.485,2.648,6.504,12.201,1.138,0.066,0.163,4.976,0.000,10.142,3.692,7.175,0.704,14.079,5.266,12.152,1.347,11.449,23.571,8.298,5.917,7.804,3.987,3.188,0.699,0.866,59.930,8.378,105.871,6.698,103.416,12.942,11.185,2.330,4.391,10.071,30.714,0.890,-0.058,0.206,-0.161,0.128,1.021,14.000,1.000,12.231,1.014,0.059,0.148,0.592,1.096,0.371,2.402,0.454,0.650,0.219,1.308,0.361,0.592,0.031,0.795,6.476,7.989,3.523,9.941,0.669,1.221,0.399,2.956,11.441,1.432,1.237,0.258,0.486,1.114,3.398,0.572,0.767,0.119,0.454,0.180,0.802,0.100,0.419,0.130,0.736,0.051,0.379,0.025,0.399,0.798,2.037,1.204,2.462,0.097,0.439,0.148,0.893,1.562,0.394,0.615,2.445,2.787,0.205,0.466,0.230,0.211,1.031
8484234,Aydar Suniev,CGY,F,22.209,True,True,7.000,0.160,0.000,0.000,0.000,,12.385,37.779,0.000,69.520,488.819,0.000,848.378,421.584,55.236,5.278,6.720,11.159,1.462,0.140,0.178,5.182,0.000,10.607,4.236,7.424,0.000,15.349,6.208,12.606,0.000,12.219,25.156,9.754,5.712,7.146,4.434,2.990,1.073,1.176,54.512,0.000,102.956,6.472,34.973,16.428,15.630,5.775,8.882,7.825,21.334,0.938,-0.115,0.231,-0.078,0.134,0.921,6.000,1.000,10.847,1.293,0.099,0.146,0.606,1.285,0.371,2.136,0.507,0.630,0.201,0.950,0.319,0.600,0.032,0.724,6.423,8.685,3.424,9.687,0.683,1.444,0.381,2.767,4.293,2.016,1.919,0.709,1.090,0.961,2.619,0.838,0.824,0.123,0.459,0.179,0.802,0.103,0.422,0.129,0.737,0.052,0.383,0.025,0.398,0.963,2.099,1.200,2.485,0.112,0.453,0.148,0.901,1.990,0.467,0.758,3.748,4.023,0.223,0.558,0.277,0.243,1.073
8484150,Hunter Brzustewicz,CGY,D,22.174,True,True,35.000,0.167,0.000,0.000,0.000,,17.043,36.607,0.000,73.531,669.103,0.000,1279.523,584.525,65.355,10.933,8.290,15.968,1.785,0.299,0.226,3.003,0.000,7.616,3.091,9.568,0.000,21.302,8.283,12.571,0.000,11.728,27.065,10.741,2.530,8.631,4.213,5.355,0.498,2.583,44.896,0.000,91.249,2.235,31.015,31.479,9.853,0.000,0.000,7.090,33.213,1.060,0.098,0.153,-0.288,0.109,0.564,34.000,7.000,15.625,1.000,0.238,0.180,0.205,0.385,0.074,0.690,0.268,0.952,0.081,1.026,0.345,1.187,0.075,1.147,3.734,6.952,1.321,5.133,0.169,0.448,0.080,0.625,2.781,2.823,0.884,0.000,0.000,0.636,2.978,0.432,0.374,0.046,0.198,0.034,0.140,0.045,0.369,0.002,0.313,0.036,0.218,0.036,0.155,0.435,1.533,0.416,1.521,0.025,0.174,0.025,0.255,0.680,0.417,0.348,0.005,0.005,0.153,0.365,0.143,0.102,1.073
8481726,Adam Edstrom,NSH,F,26.305,True,True,97.000,0.201,0.000,0.000,0.000,,9.739,68.959,31.228,84.000,700.544,282.858,975.060,683.968,4.444,7.770,4.362,9.918,0.064,0.113,0.063,6.294,1.812,10.872,3.596,5.500,0.850,10.197,3.472,11.794,3.516,11.426,19.336,6.160,7.158,6.597,3.404,2.096,0.056,0.021,61.434,24.568,91.107,9.228,131.843,40.296,17.486,7.794,18.117,9.875,33.782,0.909,-0.125,0.142,0.011,0.104,,35.000,5.000,9.562,0.054,0.068,0.054,0.609,0.864,0.252,1.624,0.353,0.146,0.127,0.388,0.217,0.188,0.021,0.330,5.279,7.462,2.743,4.722,0.784,1.208,0.306,2.233,11.292,3.451,1.498,0.667,1.552,0.846,2.893,0.640,0.885,0.090,0.452,0.171,0.751,0.075,0.406,0.123,0.653,0.044,0.372,0.024,0.372,0.450,2.181,1.144,2.295,0.059,0.466,0.142,0.846,1.097,0.280,0.430,1.021,1.269,0.154,0.284,0.161,0.150,1.009
8479520,Brandon Duhaime,TOR,F,29.698,True,True,295.000,0.078,0.000,0.000,0.000,,11.250,58.970,8.593,84.000,667.494,41.158,1143.486,565.665,4.686,88.135,9.008,9.592,0.080,1.495,0.153,5.094,0.000,11.332,4.379,6.452,0.000,13.099,5.477,11.546,0.000,11.583,23.166,8.897,4.620,5.620,3.593,2.859,0.076,0.035,50.964,3.372,92.163,6.879,115.914,35.828,51.060,10.292,17.747,8.005,23.170,0.755,-0.412,0.097,-0.205,0.079,,82.000,9.000,9.882,0.067,1.153,0.148,0.418,0.880,0.254,1.570,0.287,0.172,0.139,1.388,0.254,0.221,0.016,0.395,4.889,9.252,2.469,3.498,0.636,1.925,0.208,2.862,10.419,3.220,4.590,0.925,1.595,0.720,2.083,1.515,1.434,0.063,0.417,0.105,0.578,0.056,0.371,0.084,0.492,0.037,0.345,0.020,0.316,0.274,1.991,0.460,1.463,0.037,0.433,0.062,0.625,0.643,0.186,0.251,1.131,1.211,0.108,0.168,0.096,0.092,0.989
8485467,Luke Haymes,TOR,F,23.515,True,True,4.000,0.155,0.000,0.000,0.000,,12.915,41.666,0.000,68.558,537.788,72.358,858.455,464.641,22.119,43.760,7.267,11.151,0.531,1.050,0.174,4.612,0.000,9.369,3.556,6.899,0.779,14.021,5.151,11.511,0.731,10.964,22.659,7.984,5.205,6.628,3.863,3.036,0.331,0.350,45.379,5.214,82.686,5.776,50.041,19.896,18.796,74.353,134.240,7.506,18.177,0.972,-0.023,0.238,-0.083,0.136,,4.000,1.000,11.488,0.448,0.810,0.169,0.560,1.014,0.310,2.210,0.420,0.463,0.191,1.222,0.342,0.449,0.026,0.708,5.144,7.165,2.969,6.119,0.611,1.281,0.331,2.731,5.583,2.220,2.097,8.296,14.977,0.838,2.028,0.912,0.669,0.123,0.468,0.175,0.794,0.103,0.436,0.126,0.731,0.051,0.393,0.024,0.393,1.001,2.252,1.143,2.464,0.116,0.479,0.142,0.895,2.172,0.502,0.804,5.186,5.311,0.231,0.591,0.293,0.255,0.989
8484390,Roman Kantserov,CHI,F,22.366,True,False,0.000,0.165,0.000,0.000,0.000,,13.406,32.417,0.000,57.897,429.814,56.671,670.772,391.230,19.252,12.693,6.640,12.069,0.594,0.392,0.205,5.122,0.577,9.810,3.551,6.499,0.556,12.233,4.502,11.620,1.130,11.302,20.909,7.455,5.058,6.418,3.824,2.675,0.332,0.423,44.938,5.597,78.016,5.649,43.661,14.340,13.955,34.473,39.831,7.018,19.713,0.991,0.000,0.258,0.000,0.140,1.127,,,12.265,0.637,0.323,0.179,0.669,1.021,0.356,2.617,0.511,0.691,0.220,1.594,0.360,0.609,0.028,0.831,6.223,8.387,3.504,8.424,0.735,1.343,0.397,3.110,6.095,2.002,1.948,4.812,5.560,0.980,2.752,0.827,0.855,0.123,0.457,0.171,0.775,0.101,0.423,0.122,0.706,0.050,0.380,0.024,0.378,1.173,2.255,1.172,2.455,0.128,0.478,0.144,0.889,2.729,0.573,0.972,9.336,8.455,0.248,0.717,0.345,0.289,1.013
8482784,Zach Dean,STL,F,24.077,True,True,9.000,0.149,0.000,0.000,0.000,,11.678,46.388,0.000,67.644,542.094,137.776,800.157,491.704,25.937,15.376,9.076,10.600,0.559,0.332,0.196,5.135,0.684,9.646,3.570,6.082,0.713,11.411,4.145,11.217,2.099,10.494,20.287,6.892,5.601,6.411,3.485,2.597,0.433,0.351,52.398,11.918,87.899,6.575,62.202,20.083,22.783,94.413,88.273,8.707,24.741,0.968,-0.109,0.244,0.028,0.137,0.866,0.000,0.000,10.689,0.540,0.288,0.161,0.578,1.093,0.313,2.044,0.404,0.431,0.171,0.868,0.300,0.424,0.026,0.579,5.755,7.834,3.436,6.391,0.671,1.368,0.348,2.620,6.885,2.223,2.522,10.450,9.770,0.964,2.738,0.965,0.834,0.123,0.469,0.175,0.788,0.103,0.439,0.126,0.722,0.051,0.394,0.024,0.390,1.052,2.284,1.169,2.448,0.119,0.484,0.144,0.889,2.350,0.521,0.861,5.125,5.385,0.236,0.628,0.310,0.266,0.979
8484180,Samuel Honzek,CGY,F,22.220,True,True,23.000,0.161,0.000,0.000,0.000,,13.029,43.889,0.000,72.896,611.676,0.000,1002.677,516.353,8.119,76.294,10.910,11.765,0.185,1.738,0.249,5.675,0.000,11.771,4.537,6.623,0.000,13.336,5.235,12.298,0.000,12.552,24.268,8.992,5.528,6.505,3.432,3.191,0.137,0.094,58.069,0.000,102.313,7.077,83.521,20.071,11.964,22.088,24.333,7.488,25.329,0.907,-0.079,0.191,-0.039,0.123,0.905,18.000,4.000,11.436,0.164,1.226,0.204,0.526,0.987,0.267,2.902,0.336,0.335,0.176,1.147,0.341,0.351,0.024,0.674,6.177,7.063,2.155,6.674,0.680,1.627,0.316,3.325,8.193,1.969,1.174,2.167,2.387,0.735,2.485,0.545,0.817,0.113,0.466,0.168,0.778,0.095,0.429,0.123,0.709,0.050,0.389,0.024,0.391,0.684,2.196,0.988,2.296,0.087,0.471,0.126,0.859,1.438,0.381,0.549,3.020,3.187,0.195,0.394,0.206,0.191,1.073
8478468,Jeremy Lauzon,VGK,D,29.763,True,True,242.000,0.113,0.000,0.000,0.000,,17.191,63.580,18.640,81.640,1057.288,326.082,1500.467,927.495,2.966,106.717,20.109,14.588,0.047,1.679,0.316,2.647,0.000,5.326,2.216,10.147,2.109,16.869,5.679,12.794,3.170,12.679,21.131,6.939,2.399,9.227,4.161,5.986,0.017,0.076,63.728,17.393,95.663,3.220,227.443,79.600,67.241,0.000,0.000,8.749,41.768,0.994,-0.239,0.092,-0.016,0.075,,68.000,13.000,15.024,0.037,1.799,0.331,0.141,0.311,0.030,0.475,0.210,0.753,0.051,1.218,0.322,0.643,0.074,0.924,3.926,6.364,0.815,3.820,0.188,0.448,0.039,0.679,12.907,4.517,3.816,0.000,0.000,0.496,2.370,1.438,1.064,0.031,0.193,0.027,0.126,0.036,0.389,0.002,0.272,0.031,0.219,0.033,0.148,0.232,1.754,0.251,0.914,0.013,0.187,0.017,0.179,0.399,0.257,0.199,0.002,0.002,0.090,0.198,0.082,0.061,1.121
8475842,Sam Carrick,BUF,F,34.992,True,True,282.000,0.048,0.000,0.000,0.000,,10.273,49.272,1.298,84.000,529.469,0.000,1003.490,459.983,1.742,61.191,6.553,9.336,0.035,1.242,0.133,5.486,0.000,12.003,5.062,6.319,0.000,14.797,5.737,11.805,0.000,10.718,25.456,9.906,4.150,4.894,3.876,2.443,0.033,0.009,44.549,0.000,87.077,5.149,75.564,22.024,40.759,206.278,175.361,8.574,22.391,0.930,-0.258,0.100,-0.071,0.081,,73.000,16.000,9.187,0.033,0.938,0.115,0.469,0.848,0.268,2.341,0.315,0.088,0.354,2.036,0.235,0.141,0.016,0.662,5.210,7.059,3.621,6.477,0.588,1.245,0.278,2.913,8.563,2.496,4.619,23.376,19.872,0.972,2.537,1.516,1.173,0.061,0.371,0.106,0.552,0.054,0.297,0.085,0.464,0.036,0.294,0.020,0.304,0.278,1.726,0.498,1.468,0.038,0.385,0.067,0.621,0.683,0.193,0.266,1.112,1.200,0.110,0.174,0.101,0.096,1.039
8483447,Conor Geekie,TBL,F,22.743,True,True,66.000,0.303,0.000,0.000,0.000,,11.604,38.477,0.000,71.866,448.102,48.412,765.688,420.902,21.291,1.579,4.331,10.939,0.553,0.041,0.113,5.813,0.000,11.717,4.206,6.118,0.000,12.598,4.596,11.931,0.811,11.351,22.701,8.082,5.279,5.967,3.554,2.564,0.538,0.384,42.351,4.605,75.985,5.394,70.790,16.347,15.618,62.862,81.054,6.411,22.290,0.994,-0.295,0.155,0.078,0.110,1.141,14.000,3.000,10.971,0.474,0.048,0.112,0.658,1.378,0.358,2.247,0.468,0.336,0.191,0.866,0.314,0.719,0.029,0.594,5.535,8.289,3.552,6.805,0.643,1.883,0.398,2.802,9.479,2.189,2.091,8.417,10.853,0.858,2.985,0.999,0.898,0.103,0.428,0.178,0.775,0.087,0.372,0.128,0.693,0.048,0.344,0.025,0.387,0.549,1.857,1.197,2.341,0.071,0.407,0.147,0.858,1.118,0.291,0.444,1.263,1.519,0.164,0.315,0.168,0.158,1.062
8478443,Brandon Carlo,STL,D,30.182,True,True,289.000,0.107,0.000,0.000,0.000,,19.144,58.992,2.612,78.612,1159.269,137.116,1668.561,947.099,4.260,163.698,44.213,16.055,0.072,2.775,0.750,1.765,0.000,4.029,1.648,9.234,0.867,16.475,5.531,10.999,0.857,11.136,18.846,6.512,2.038,10.015,3.460,5.774,0.021,0.092,60.564,5.634,92.966,2.993,76.309,103.106,33.544,0.000,0.000,11.741,61.517,0.969,-0.010,0.084,0.114,0.070,,55.000,7.000,15.921,0.046,2.563,0.614,0.094,0.343,0.041,0.575,0.201,0.748,0.048,0.541,0.330,0.654,0.071,1.110,3.343,6.959,2.014,2.441,0.120,0.499,0.106,1.054,3.950,5.336,1.736,0.000,0.000,0.608,3.184,0.770,0.283,0.029,0.192,0.024,0.123,0.035,0.387,0.002,0.256,0.030,0.218,0.032,0.145,0.211,1.745,0.221,0.734,0.012,0.186,0.015,0.162,0.352,0.236,0.173,0.002,0.002,0.083,0.175,0.072,0.054,0.979
8484790,Adam Jiricek,STL,D,20.597,True,False,0.000,0.176,0.000,0.000,0.000,,18.344,35.682,0.000,64.368,674.135,10.581,1113.349,602.097,26.027,30.974,15.037,16.874,0.729,0.868,0.421,2.434,0.000,5.645,2.108,8.519,0.000,16.003,5.849,10.952,0.000,11.470,20.390,7.438,2.486,8.701,4.045,4.473,0.160,0.865,43.288,0.000,80.431,2.189,41.103,46.445,17.005,0.063,0.063,8.290,35.687,1.053,0.000,0.258,0.000,0.140,0.650,,,16.734,0.464,0.802,0.345,0.208,0.378,0.064,0.788,0.336,1.040,0.084,1.069,0.378,0.997,0.095,1.174,3.842,6.535,1.333,4.835,0.175,0.511,0.075,0.672,3.658,4.134,1.514,0.006,0.006,0.738,3.176,0.693,0.403,0.054,0.214,0.034,0.141,0.050,0.415,0.002,0.325,0.039,0.231,0.037,0.160,0.779,1.832,0.404,1.518,0.040,0.192,0.024,0.253,1.866,0.819,0.656,0.057,0.057,0.239,0.689,0.255,0.162,0.979
8482081,Sean Farrell,ANA,F,25.248,True,True,6.000,0.146,0.000,0.000,0.000,,11.867,34.754,0.000,76.550,428.763,0.000,901.377,388.902,23.380,9.723,6.758,11.190,0.673,0.280,0.195,5.315,0.000,13.491,5.479,6.076,0.000,14.957,6.384,11.392,0.000,9.179,26.620,11.165,4.791,5.477,3.503,2.573,0.487,0.401,42.213,0.000,94.778,5.308,43.703,14.638,14.096,14.112,20.154,6.269,17.995,0.997,-0.023,0.251,0.005,0.139,0.979,0.000,0.000,10.857,0.565,0.285,0.159,0.624,1.126,0.334,2.238,0.437,0.472,0.184,1.008,0.319,0.456,0.027,0.636,5.812,8.147,3.302,7.389,0.677,1.388,0.367,2.843,6.116,2.048,1.973,1.975,2.820,0.877,2.518,0.818,0.856,0.123,0.460,0.174,0.784,0.103,0.428,0.125,0.721,0.051,0.385,0.024,0.387,1.107,2.226,1.177,2.456,0.123,0.474,0.145,0.890,2.504,0.543,0.908,6.290,6.376,0.241,0.666,0.325,0.276,1.019
8479982,Conor Timmins,BUF,D,28.372,True,True,159.000,0.218,0.000,0.000,0.000,,18.429,47.090,0.000,73.723,884.972,89.157,1410.403,720.379,3.319,137.994,23.279,15.298,0.070,2.930,0.494,1.777,0.000,4.116,1.663,9.783,0.927,17.608,6.237,11.560,0.909,11.819,20.910,7.302,1.812,8.832,4.089,5.695,0.018,0.108,49.050,5.008,81.803,1.999,42.766,77.266,24.378,0.000,0.000,9.617,53.193,1.029,0.072,0.105,0.079,0.084,,39.000,8.000,15.199,0.075,2.637,0.517,0.131,0.325,0.028,0.396,0.269,1.044,0.045,0.779,0.375,0.719,0.077,1.075,3.741,5.650,1.187,2.811,0.139,0.491,0.046,0.500,2.900,5.239,1.653,0.000,0.000,0.652,3.606,0.815,0.439,0.034,0.183,0.028,0.128,0.039,0.358,0.002,0.284,0.033,0.213,0.034,0.151,0.270,1.490,0.282,0.945,0.015,0.169,0.018,0.196,0.469,0.304,0.228,0.003,0.003,0.104,0.226,0.094,0.069,1.039
8480806,Isac Lundestrom,CBJ,F,27.239,False,True,254.000,0.108,15.000,12.000,31.000,research:medium,12.656,45.942,0.597,65.597,577.229,57.145,849.943,492.801,3.514,63.375,17.538,10.727,0.076,1.379,0.382,4.279,0.000,9.002,3.314,7.211,0.000,14.066,4.953,11.491,1.154,11.543,20.777,7.307,3.570,5.727,3.770,3.441,0.048,0.103,34.233,2.780,55.604,4.559,27.447,27.082,4.510,155.210,167.358,7.734,20.531,0.818,-0.606,0.100,-0.199,0.081,,68.000,11.000,10.763,0.065,1.462,0.365,0.355,0.683,0.187,1.409,0.283,0.618,0.092,1.841,0.295,0.777,0.017,0.844,3.585,7.322,3.319,2.925,0.430,1.070,0.335,2.081,2.853,2.815,0.469,16.133,17.396,0.804,2.134,0.230,0.465,0.069,0.416,0.110,0.522,0.060,0.361,0.088,0.447,0.040,0.337,0.021,0.297,0.291,1.867,0.470,1.174,0.040,0.414,0.063,0.528,0.632,0.190,0.245,1.260,1.339,0.111,0.171,0.094,0.092,1.041
8476429,Scott Mayfield,NYI,D,34.300,True,True,269.000,0.083,0.000,0.000,0.000,,16.054,59.597,2.930,84.000,973.476,35.325,1537.820,854.721,2.029,98.866,17.861,14.342,0.034,1.659,0.300,2.160,0.000,4.525,2.039,9.545,0.000,17.307,6.522,11.705,0.000,11.496,21.842,7.794,1.945,8.416,4.043,5.503,0.011,0.051,48.525,2.046,80.813,2.161,63.001,77.205,38.031,0.000,0.000,14.229,56.529,1.036,-0.261,0.085,-0.035,0.070,,80.000,15.000,14.191,0.032,1.474,0.358,0.123,0.283,0.051,0.328,0.227,0.728,0.050,0.749,0.314,0.613,0.064,0.842,3.258,6.506,0.861,1.581,0.140,0.421,0.040,0.294,3.883,4.758,2.344,0.000,0.000,0.877,3.484,1.039,0.832,0.027,0.180,0.025,0.116,0.034,0.375,0.002,0.257,0.029,0.211,0.032,0.141,0.207,1.715,0.242,0.861,0.012,0.182,0.017,0.166,0.370,0.236,0.187,0.002,0.002,0.083,0.184,0.077,0.057,1.064
8483425,Lian Bichsel,DAL,D,22.708,True,True,88.000,0.208,0.000,0.000,0.000,,16.351,50.533,0.000,78.249,838.666,16.939,1345.239,782.369,1.569,41.943,12.786,15.482,0.031,0.830,0.253,3.938,0.000,7.848,3.197,7.579,0.000,14.426,5.204,11.517,0.000,11.596,21.260,7.545,3.199,7.605,3.433,4.146,0.011,0.038,40.451,0.914,69.457,1.859,161.564,44.602,43.505,0.000,0.000,11.428,39.383,1.126,-0.193,0.118,0.050,0.091,,50.000,8.000,15.147,0.035,0.924,0.245,0.235,0.337,0.051,0.447,0.248,0.796,0.059,0.666,0.299,0.663,0.074,0.881,2.986,6.715,1.158,2.502,0.133,0.470,0.054,0.372,11.559,3.191,3.112,0.000,0.000,0.818,2.817,1.417,0.751,0.039,0.210,0.033,0.139,0.042,0.404,0.002,0.305,0.034,0.226,0.036,0.155,0.319,1.885,0.365,1.335,0.018,0.199,0.023,0.231,0.549,0.336,0.275,0.003,0.003,0.118,0.273,0.113,0.081,1.048
8482118,Sam Colangelo,ANA,F,25.101,True,True,44.000,0.285,0.000,0.000,0.000,,11.466,33.116,1.857,84.000,396.156,0.000,1052.494,359.113,26.551,1.957,8.535,10.844,0.802,0.059,0.258,6.832,0.000,19.119,8.202,4.163,0.000,11.443,5.378,10.995,0.000,5.653,29.394,13.001,5.665,4.695,2.393,1.770,0.816,0.282,39.867,0.000,107.043,5.342,55.016,12.976,9.278,4.423,9.536,4.218,20.323,1.148,-0.124,0.177,0.111,0.118,1.044,9.000,1.000,10.521,0.674,0.060,0.211,0.768,1.530,0.368,2.656,0.405,0.356,0.184,0.769,0.293,0.363,0.029,0.584,5.837,8.458,3.423,7.555,0.705,1.566,0.382,2.915,8.332,1.965,1.405,0.670,1.444,0.639,3.078,0.653,0.490,0.107,0.418,0.174,0.754,0.090,0.364,0.125,0.672,0.048,0.336,0.024,0.378,0.634,1.806,1.178,2.298,0.080,0.397,0.145,0.841,1.327,0.338,0.524,1.653,1.922,0.183,0.373,0.197,0.182,1.019
8481534,Raphael Lavoie,VGK,F,26.352,True,True,17.000,0.164,2.000,2.000,2.000,override,11.426,53.645,14.798,70.798,610.628,243.370,857.298,566.660,24.844,11.689,7.435,10.563,0.463,0.218,0.139,5.495,1.394,9.757,3.477,6.529,1.414,12.019,4.021,12.024,3.512,11.941,20.369,6.666,6.525,7.591,3.704,2.825,0.380,0.309,61.553,22.335,95.956,8.166,88.733,15.913,20.161,4.962,26.345,7.900,23.855,0.915,-0.267,0.228,0.025,0.134,1.100,1.000,0.000,10.642,0.471,0.185,0.128,0.606,1.090,0.332,2.279,0.420,0.439,0.184,0.964,0.320,0.430,0.027,0.614,6.003,7.976,3.420,7.155,0.755,1.386,0.381,3.140,8.719,1.564,1.981,0.488,2.589,0.776,2.344,0.862,0.777,0.118,0.452,0.172,0.772,0.099,0.419,0.124,0.708,0.050,0.378,0.024,0.382,0.922,2.182,1.168,2.420,0.108,0.465,0.144,0.878,2.062,0.479,0.774,3.412,3.816,0.227,0.561,0.283,0.248,1.121
8482178,Ian Moore,ANA,D,25.076,True,True,70.000,0.128,2.000,0.000,7.000,research:medium,14.154,39.150,8.062,82.000,618.212,0.000,1669.251,556.090,2.847,32.467,26.807,14.204,0.073,0.829,0.685,3.308,0.000,10.262,4.697,7.615,0.000,22.499,9.747,10.923,0.000,1.724,31.041,13.726,2.447,5.587,3.454,4.161,0.017,0.092,43.521,0.000,120.324,3.131,30.795,51.817,17.069,0.000,1.310,11.883,28.015,1.028,-0.183,0.127,-0.177,0.096,0.466,67.000,12.000,13.065,0.061,0.556,0.471,0.245,0.267,0.050,0.313,0.241,0.783,0.053,0.521,0.280,0.637,0.064,0.874,4.467,5.668,1.203,2.696,0.320,0.388,0.054,0.260,2.989,5.029,1.657,0.000,0.127,1.153,2.719,0.799,0.373,0.039,0.204,0.033,0.134,0.042,0.402,0.002,0.291,0.035,0.226,0.036,0.153,0.334,1.831,0.375,1.145,0.019,0.194,0.023,0.197,0.620,0.361,0.309,0.004,0.004,0.122,0.296,0.125,0.089,1.019
8477406,Mattias Janmark,EDM,F,34.149,True,True,260.000,0.061,5.000,5.000,5.000,dailyfaceoff:ir:out,11.666,58.609,5.019,79.000,689.000,54.539,1037.031,583.388,2.941,90.302,12.369,9.954,0.050,1.541,0.211,3.050,0.000,6.479,2.660,8.261,0.000,15.057,5.595,11.310,0.000,11.336,20.610,7.457,3.347,7.715,4.829,3.432,0.030,0.025,37.081,3.010,61.209,5.905,27.556,19.709,18.967,35.485,51.062,10.114,27.002,0.693,-0.654,0.104,-0.011,0.083,,43.000,8.000,10.074,0.042,1.384,0.166,0.274,0.662,0.215,1.599,0.366,0.224,0.423,1.464,0.316,0.261,0.017,0.465,3.315,5.317,2.663,2.820,0.494,1.151,0.421,2.010,2.400,1.716,1.652,3.090,4.447,0.881,2.351,0.779,0.787,0.064,0.405,0.106,0.566,0.058,0.383,0.087,0.512,0.038,0.349,0.020,0.316,0.290,2.032,0.491,1.463,0.040,0.437,0.066,0.627,0.682,0.202,0.264,1.341,1.425,0.117,0.182,0.101,0.098,1.058
8480834,Ty Emberson,EDM,D,26.694,True,True,178.000,0.124,0.000,0.000,0.000,,15.758,45.036,0.078,84.000,745.072,0.000,1474.366,675.064,1.476,59.630,8.901,14.989,0.033,1.324,0.198,1.875,0.000,4.898,2.291,9.423,0.000,20.810,8.548,11.297,0.000,10.299,25.747,10.128,1.505,7.131,4.234,5.189,0.009,0.048,36.076,0.000,73.447,1.230,77.323,64.763,14.747,0.000,0.000,11.703,33.349,1.064,-0.544,0.095,-0.148,0.077,,72.000,12.000,14.260,0.029,1.303,0.166,0.125,0.299,0.035,0.363,0.268,0.769,0.052,0.768,0.328,0.718,0.087,0.892,3.088,5.694,0.802,2.689,0.101,0.418,0.036,0.328,6.227,5.215,1.188,0.000,0.000,0.943,2.686,0.467,0.331,0.032,0.199,0.029,0.131,0.038,0.399,0.002,0.292,0.032,0.225,0.035,0.153,0.244,1.788,0.282,1.104,0.014,0.190,0.019,0.201,0.430,0.268,0.217,0.002,0.002,0.093,0.212,0.089,0.065,1.058
8481719,Max Crozier,TBL,D,26.787,True,True,53.000,0.227,0.000,0.000,0.000,,16.285,39.741,0.000,79.778,677.434,0.000,1339.050,623.576,2.440,41.534,9.884,15.691,0.061,1.045,0.249,1.873,0.000,4.638,2.101,9.433,0.000,21.384,8.128,11.306,0.000,10.871,23.916,9.623,1.824,7.540,4.517,4.916,0.014,0.082,52.266,0.000,107.214,2.213,51.630,41.957,29.869,0.000,0.000,6.818,30.403,1.030,0.034,0.144,-0.004,0.105,0.634,35.000,10.000,14.757,0.054,1.188,0.286,0.163,0.340,0.050,0.476,0.328,0.876,0.061,0.759,0.351,0.733,0.124,1.009,4.855,6.582,1.270,4.026,0.199,0.480,0.059,0.497,4.573,3.716,2.646,0.000,0.000,0.604,2.693,1.049,0.551,0.042,0.202,0.032,0.133,0.045,0.405,0.002,0.310,0.036,0.226,0.036,0.156,0.396,1.843,0.368,1.370,0.022,0.194,0.023,0.236,0.697,0.419,0.337,0.004,0.004,0.143,0.337,0.137,0.098,1.062
8477903,Garnet Hathaway,FLA,F,35.192,True,True,299.000,0.080,0.000,0.000,0.000,,10.199,66.700,18.806,83.806,703.297,195.592,998.656,626.915,2.839,67.154,6.389,9.399,0.043,1.007,0.096,5.469,1.156,10.407,3.679,6.555,1.190,13.092,4.396,12.024,2.349,11.745,21.142,7.001,4.732,5.495,3.229,3.326,0.038,0.015,51.022,13.151,76.883,6.093,215.436,50.635,49.089,12.542,11.354,7.993,27.298,0.892,-0.388,0.101,-0.279,0.082,,66.000,3.000,8.951,0.053,1.079,0.116,0.410,0.692,0.276,1.014,0.225,0.104,0.179,1.377,0.261,0.168,0.016,0.334,4.572,4.871,2.525,1.869,0.536,1.037,0.230,1.778,18.379,4.320,4.188,1.070,0.969,0.682,2.329,1.655,1.936,0.061,0.392,0.105,0.549,0.054,0.340,0.085,0.461,0.036,0.325,0.020,0.305,0.279,1.922,0.494,1.444,0.038,0.419,0.066,0.623,0.694,0.197,0.270,1.191,1.271,0.111,0.174,0.102,0.097,1.139
8483510,Elias Salomonsson,WPG,D,22.420,False,True,32.000,0.188,6.000,4.000,14.000,research:medium,18.768,39.563,0.000,67.869,712.316,0.000,1180.614,629.159,16.729,26.196,40.231,15.903,0.423,0.662,1.017,2.336,0.000,5.324,2.168,8.036,0.000,15.549,5.625,10.372,0.000,10.830,19.339,7.198,2.455,8.126,3.715,4.321,0.094,0.581,46.246,0.000,82.084,2.669,60.123,37.935,16.216,0.000,0.000,4.811,41.944,1.029,0.252,0.154,0.053,0.109,0.560,32.000,5.000,16.420,0.374,0.750,1.225,0.182,0.355,0.066,0.630,0.272,1.273,0.072,0.768,0.329,0.835,0.082,0.980,3.934,6.318,1.442,3.883,0.196,0.449,0.083,0.673,5.064,3.195,1.366,0.000,0.000,0.405,3.533,0.663,0.228,0.046,0.206,0.034,0.138,0.045,0.390,0.002,0.292,0.036,0.222,0.036,0.152,0.435,1.753,0.398,1.177,0.025,0.191,0.024,0.207,0.695,0.427,0.343,0.004,0.004,0.153,0.357,0.141,0.100,0.986
8481593,Jayden Struble,MTL,D,25.399,True,True,171.000,0.128,0.000,0.000,0.000,,14.553,46.842,0.000,78.973,682.327,32.913,1179.304,659.927,1.431,8.688,12.281,14.088,0.030,0.185,0.262,2.091,0.000,5.577,2.199,8.695,0.000,17.350,6.540,10.786,0.000,10.903,21.805,8.008,1.737,7.177,4.233,4.462,0.008,0.042,30.193,0.906,56.197,1.433,91.000,34.639,30.918,0.000,0.000,12.026,43.967,1.069,0.021,0.100,-0.040,0.081,,59.000,12.000,14.012,0.031,0.186,0.323,0.148,0.277,0.057,0.466,0.305,0.789,0.062,0.563,0.317,0.651,0.069,0.856,2.628,5.610,0.956,4.973,0.119,0.397,0.057,0.493,8.002,3.046,2.719,0.000,0.000,1.058,3.866,1.136,0.574,0.034,0.203,0.033,0.134,0.039,0.402,0.002,0.290,0.033,0.225,0.036,0.153,0.260,1.821,0.380,1.145,0.015,0.193,0.024,0.194,0.464,0.279,0.239,0.003,0.003,0.100,0.234,0.098,0.071,1.031
8483482,Tristan Luneau,ANA,D,23.055,True,True,14.000,0.176,0.000,0.000,0.000,,17.000,38.979,0.000,74.885,734.397,0.000,1367.597,670.402,16.535,30.483,16.978,17.199,0.424,0.782,0.436,3.197,0.000,7.964,3.132,7.447,0.000,15.355,6.250,10.644,0.000,10.433,22.357,8.811,3.018,8.736,3.474,3.973,0.117,0.456,52.538,0.000,107.193,2.838,46.527,49.274,19.756,0.002,0.002,7.201,38.596,1.066,0.022,0.219,0.168,0.131,0.686,1.000,1.000,15.820,0.356,0.524,0.300,0.240,0.400,0.071,0.654,0.312,1.013,0.079,0.939,0.363,0.930,0.088,1.084,4.340,6.813,1.381,5.202,0.222,0.512,0.078,0.615,3.801,4.026,1.614,0.000,0.000,0.588,3.153,0.691,0.378,0.052,0.210,0.034,0.140,0.049,0.406,0.002,0.316,0.038,0.227,0.037,0.157,0.663,1.885,0.421,1.510,0.035,0.199,0.025,0.254,1.258,0.661,0.535,0.010,0.010,0.211,0.557,0.213,0.141,1.019
8481237,Kyle MacLean,NYI,F,27.762,True,True,172.000,0.107,0.000,0.000,0.000,,10.584,57.875,12.738,81.738,621.983,146.799,946.852,604.558,3.294,10.447,3.684,10.446,0.057,0.180,0.064,4.320,0.000,9.168,3.291,6.693,1.065,12.784,4.583,11.013,2.093,10.465,19.884,6.983,4.143,6.131,3.569,3.124,0.044,0.027,45.252,9.665,72.490,5.385,101.339,21.266,22.134,125.153,128.704,8.707,26.608,0.823,-0.461,0.112,-0.164,0.088,,59.000,7.000,10.282,0.056,0.169,0.077,0.393,0.770,0.264,1.594,0.318,0.214,0.131,0.571,0.280,0.233,0.021,0.396,4.372,6.185,3.392,4.407,0.508,1.099,0.443,2.141,9.776,2.051,2.135,12.073,12.415,0.840,2.567,0.890,0.940,0.076,0.437,0.159,0.711,0.065,0.395,0.116,0.618,0.041,0.360,0.023,0.357,0.341,2.099,0.955,2.115,0.046,0.450,0.122,0.792,0.813,0.217,0.322,0.838,1.017,0.127,0.219,0.122,0.117,1.064
8482896,Tyson Kozak,BUF,F,24.093,True,True,67.000,0.226,0.000,0.000,0.000,,11.707,41.391,0.000,79.998,506.150,0.000,982.486,435.961,3.729,49.746,16.713,10.533,0.090,1.202,0.404,4.678,0.000,10.602,4.603,6.011,0.000,13.230,5.597,10.689,0.000,8.669,23.839,9.372,3.967,5.078,3.439,2.571,0.094,0.035,31.626,0.000,65.862,4.833,97.656,33.629,5.488,172.141,184.890,9.064,25.686,0.910,-0.471,0.146,-0.096,0.106,0.861,46.000,6.000,10.365,0.085,0.907,0.350,0.460,1.276,0.201,1.360,0.337,0.220,0.350,0.548,0.238,0.261,0.022,1.460,4.011,7.195,1.586,2.591,0.565,1.614,0.188,1.700,11.576,3.986,0.651,20.406,21.917,1.074,3.045,0.304,0.416,0.094,0.461,0.157,0.679,0.080,0.419,0.116,0.576,0.046,0.382,0.024,0.353,0.472,2.198,0.857,1.812,0.062,0.471,0.111,0.728,1.049,0.286,0.407,1.764,1.909,0.156,0.276,0.154,0.145,1.039
8481006,Tyler Tucker,STL,D,26.921,True,True,159.000,0.186,0.000,0.000,0.000,,14.621,41.679,7.854,84.000,619.843,0.000,1538.707,563.482,3.163,47.918,5.279,13.519,0.076,1.150,0.127,2.442,0.000,7.872,3.237,7.585,0.000,21.261,8.598,10.027,0.000,6.127,27.573,11.119,1.902,6.026,3.439,4.146,0.019,0.094,39.216,0.000,98.220,1.794,71.238,37.273,46.918,0.000,0.000,8.760,33.945,1.067,0.041,0.105,-0.108,0.084,,69.000,17.000,13.407,0.048,1.062,0.104,0.194,0.285,0.041,0.348,0.276,0.780,0.051,0.618,0.331,0.641,0.089,0.879,4.045,5.714,0.908,2.343,0.182,0.403,0.044,0.354,6.896,3.608,4.542,0.000,0.000,0.848,3.286,1.520,1.098,0.034,0.199,0.031,0.133,0.039,0.400,0.002,0.308,0.033,0.225,0.035,0.155,0.270,1.797,0.322,1.349,0.015,0.191,0.021,0.232,0.498,0.301,0.251,0.003,0.003,0.103,0.240,0.102,0.074,0.979
8482666,Scott Morrow,NYR,D,24.252,True,True,45.000,0.154,0.000,0.000,0.000,,16.427,28.986,0.000,77.449,456.662,0.000,1102.914,407.442,35.699,2.791,10.730,14.057,1.232,0.096,0.370,1.562,0.000,4.876,2.082,8.516,0.000,22.080,9.373,10.078,0.000,7.039,26.146,11.007,1.587,6.781,4.128,4.388,0.238,2.022,32.181,0.000,80.706,1.502,12.305,29.357,5.882,0.000,0.000,5.713,26.237,1.036,0.359,0.150,0.128,0.107,0.672,29.000,6.000,14.800,1.215,0.094,0.318,0.179,0.406,0.081,0.717,0.330,1.350,0.089,1.342,0.361,1.356,0.078,1.284,3.911,7.708,1.452,5.413,0.164,0.452,0.088,0.642,1.617,3.857,0.773,0.000,0.000,0.751,3.447,0.377,0.286,0.046,0.193,0.034,0.138,0.046,0.371,0.002,0.313,0.036,0.220,0.037,0.156,0.432,1.487,0.416,1.461,0.025,0.169,0.025,0.246,0.663,0.406,0.345,0.004,0.004,0.151,0.360,0.141,0.102,0.990
8479941,Justin Danforth,BUF,F,33.884,True,True,142.000,0.114,0.000,0.000,0.000,,12.467,42.452,0.000,69.049,561.129,25.532,899.159,440.095,15.033,88.235,17.766,10.367,0.354,2.079,0.418,4.552,0.000,9.205,3.422,6.010,0.000,11.659,4.410,10.562,0.000,10.795,20.151,7.134,4.993,6.314,3.531,2.479,0.150,0.220,46.336,2.280,78.293,6.928,65.628,26.672,12.493,158.436,161.012,7.443,16.967,0.866,-0.007,0.131,-0.074,0.099,,4.000,0.000,10.202,0.334,1.569,0.363,0.528,0.655,0.259,1.940,0.417,0.660,0.136,0.951,0.289,0.264,0.021,1.315,5.297,6.429,2.594,6.954,0.746,1.011,0.270,2.712,7.017,2.852,1.336,16.941,17.217,0.796,1.814,0.653,0.428,0.077,0.362,0.128,0.556,0.070,0.321,0.101,0.509,0.042,0.302,0.021,0.316,0.379,1.596,0.653,1.435,0.051,0.363,0.086,0.611,0.855,0.255,0.332,1.883,1.971,0.144,0.236,0.127,0.123,1.039
8484793,Sacha Boisvert,CHI,F,20.879,True,True,7.000,0.166,0.000,0.000,0.000,,11.006,36.137,0.000,72.974,392.224,0.000,739.488,378.255,6.530,4.305,3.135,10.467,0.181,0.119,0.087,4.728,0.000,10.323,4.133,5.556,0.000,12.159,4.966,10.284,0.000,9.512,21.617,8.440,4.273,4.952,3.330,2.226,0.130,0.076,39.355,0.000,78.861,4.464,51.327,11.853,26.564,92.442,139.563,4.739,18.122,1.027,-0.144,0.232,-0.182,0.135,0.975,7.000,2.000,10.638,0.194,0.098,0.076,0.637,1.083,0.319,2.206,0.458,0.302,0.163,0.758,0.305,0.318,0.025,0.494,6.014,7.949,3.254,6.513,0.657,1.384,0.362,2.794,7.852,1.813,4.064,14.141,21.350,0.725,2.772,1.412,1.262,0.124,0.481,0.180,0.814,0.104,0.451,0.130,0.750,0.052,0.405,0.025,0.403,0.975,2.321,1.206,2.518,0.114,0.492,0.149,0.912,2.124,0.482,0.787,3.283,3.830,0.224,0.564,0.286,0.248,1.013
8481122,Simon Benoit,PHI,D,28.370,True,True,293.000,0.069,0.000,0.000,0.000,,17.310,70.827,33.163,82.163,1211.800,599.962,1580.499,1071.975,1.348,114.630,23.847,15.135,0.019,1.619,0.337,1.563,0.000,3.559,1.520,9.313,2.925,15.600,4.634,10.876,3.847,10.579,18.274,5.328,1.758,9.432,3.551,5.762,0.006,0.031,54.223,25.596,76.787,2.468,187.361,103.433,46.859,0.000,0.000,11.891,64.170,0.983,-0.351,0.083,0.173,0.070,,73.000,6.000,15.191,0.020,1.772,0.327,0.084,0.315,0.032,0.493,0.182,0.768,0.052,0.570,0.296,0.648,0.069,1.011,2.836,6.519,1.209,2.761,0.116,0.452,0.048,0.725,9.277,5.121,2.320,0.000,0.000,0.589,3.177,1.013,0.603,0.029,0.197,0.027,0.128,0.035,0.397,0.002,0.275,0.031,0.222,0.033,0.149,0.212,1.796,0.242,0.916,0.012,0.190,0.017,0.180,0.362,0.234,0.182,0.002,0.002,0.083,0.181,0.075,0.056,1.073
8483017,Frederic Brunet,BOS,D,23.450,True,True,1.000,0.158,0.000,0.000,0.000,,16.798,39.025,0.000,70.962,682.552,0.000,1186.507,625.780,18.511,25.433,12.829,16.035,0.474,0.652,0.329,2.256,0.000,5.414,2.246,7.978,0.000,15.491,6.005,10.234,0.000,10.066,20.132,7.675,2.182,7.674,3.792,4.187,0.122,0.606,45.282,0.000,87.582,2.102,48.257,54.809,19.477,0.019,0.019,8.454,35.155,1.053,-0.037,0.254,0.007,0.139,0.579,0.000,0.000,15.335,0.443,0.713,0.307,0.183,0.382,0.064,0.592,0.299,0.983,0.071,0.902,0.334,0.908,0.080,1.060,4.003,6.575,1.290,4.496,0.172,0.482,0.072,0.589,4.242,4.818,1.712,0.002,0.002,0.743,3.090,0.761,0.442,0.053,0.210,0.034,0.139,0.049,0.407,0.002,0.319,0.038,0.227,0.037,0.157,0.794,1.896,0.420,1.577,0.041,0.199,0.025,0.263,1.800,0.808,0.648,0.031,0.031,0.238,0.680,0.253,0.161,1.014
8483432,Luca Del Bel Belluz,CBJ,F,23.228,True,True,30.000,0.260,0.000,0.000,0.000,,10.638,35.057,0.000,73.340,373.879,0.000,702.716,354.661,14.604,1.781,2.833,10.117,0.417,0.051,0.081,4.019,0.000,9.265,3.491,6.432,0.000,13.918,5.542,10.451,0.000,9.297,22.312,8.325,3.759,5.028,3.526,2.906,0.280,0.354,35.188,0.000,68.269,3.871,20.772,19.327,9.250,89.820,125.628,5.269,11.180,0.982,-0.293,0.189,-0.115,0.122,1.101,14.000,1.000,10.151,0.356,0.054,0.077,0.573,1.074,0.338,2.115,0.449,0.282,0.171,0.619,0.345,0.853,0.027,0.496,5.502,8.860,3.469,8.583,0.576,1.320,0.385,2.829,3.333,3.102,1.484,14.414,20.161,0.846,1.794,0.669,0.591,0.113,0.452,0.177,0.778,0.094,0.399,0.128,0.691,0.050,0.367,0.025,0.387,0.708,2.080,1.194,2.370,0.088,0.450,0.147,0.868,1.512,0.372,0.585,1.743,2.082,0.192,0.405,0.217,0.197,1.041
8484403,Florian Xhekaj,MTL,F,22.598,True,True,5.000,0.160,0.000,0.000,0.000,,10.865,40.980,0.000,68.953,441.000,66.573,708.212,426.390,7.872,4.594,2.143,10.405,0.192,0.112,0.052,4.032,0.000,8.530,3.078,6.197,0.840,12.597,4.525,10.229,0.784,9.405,19.594,6.915,4.170,5.403,3.745,2.453,0.130,0.091,41.836,5.140,74.898,4.721,64.188,19.610,28.420,3.346,6.903,5.580,22.590,0.972,-0.123,0.238,-0.090,0.136,0.898,5.000,1.000,10.480,0.215,0.109,0.061,0.554,1.022,0.300,2.071,0.449,0.294,0.156,0.726,0.292,0.309,0.024,0.476,5.680,7.661,3.130,6.300,0.622,1.337,0.348,2.695,8.733,2.668,3.867,0.455,0.939,0.759,3.074,1.273,0.940,0.124,0.475,0.178,0.805,0.103,0.445,0.129,0.743,0.052,0.400,0.025,0.398,1.009,2.305,1.198,2.509,0.116,0.489,0.148,0.909,2.254,0.503,0.829,3.792,4.333,0.231,0.597,0.300,0.258,1.031
8482877,Jaroslav Chmelar,NYR,F,23.537,True,True,28.000,0.238,0.000,0.000,0.000,,9.803,42.608,0.000,74.893,419.872,49.102,715.208,411.709,5.218,1.313,1.632,9.663,0.122,0.031,0.038,5.425,0.000,10.725,4.186,4.369,0.000,9.197,3.704,9.794,0.000,9.496,18.991,7.111,4.651,4.022,2.101,2.268,0.112,0.036,38.668,4.164,69.950,4.513,76.596,21.149,17.723,0.425,7.307,7.232,9.546,1.077,0.052,0.186,-0.025,0.122,0.890,28.000,6.000,9.618,0.122,0.029,0.034,0.655,1.102,0.296,1.951,0.278,0.167,0.137,0.428,0.300,0.214,0.023,0.366,5.493,8.694,3.072,5.679,0.627,1.521,0.339,2.569,10.946,3.022,2.533,0.061,1.044,1.034,1.364,0.955,1.386,0.110,0.466,0.177,0.794,0.092,0.423,0.127,0.724,0.049,0.386,0.025,0.393,0.671,2.239,1.191,2.469,0.084,0.477,0.147,0.897,1.544,0.376,0.593,1.566,1.940,0.191,0.400,0.220,0.198,0.990
8483491,Ivan Miroshnichenko,WSH,F,22.992,True,True,52.000,0.248,0.000,0.000,0.000,,10.765,39.459,0.000,75.817,408.188,8.422,743.655,396.690,7.743,2.449,1.306,10.053,0.196,0.062,0.033,4.378,0.000,9.691,3.656,5.378,0.000,11.186,4.495,9.756,0.000,9.195,20.062,7.523,4.494,5.144,3.096,2.283,0.117,0.204,41.066,0.828,78.687,5.915,61.428,14.926,8.740,0.437,1.946,5.109,20.468,0.900,0.033,0.178,-0.178,0.119,1.073,13.000,3.000,10.454,0.219,0.055,0.037,0.650,0.932,0.316,2.796,0.426,0.914,0.167,0.754,0.317,0.595,0.026,0.503,6.035,6.605,3.377,8.025,0.856,1.244,0.376,3.680,9.029,2.194,1.285,0.064,0.286,0.751,3.009,0.586,0.772,0.110,0.443,0.178,0.799,0.092,0.380,0.128,0.734,0.049,0.353,0.025,0.396,0.650,1.997,1.196,2.483,0.082,0.434,0.147,0.901,1.396,0.349,0.542,1.505,1.844,0.184,0.375,0.203,0.186,0.988
8476979,Erik Gustafsson,LAK,D,34.886,True,True,208.000,0.134,0.000,0.000,0.000,,15.953,35.284,0.000,62.443,586.610,0.000,945.800,505.431,50.215,7.542,23.422,14.325,1.423,0.214,0.664,1.821,0.000,3.957,1.583,8.449,0.000,15.536,5.620,10.270,0.000,10.648,18.930,6.741,2.064,9.117,4.594,3.855,0.253,2.464,38.688,0.000,66.230,2.107,21.230,26.565,13.731,0.000,0.000,6.853,38.963,1.048,0.159,0.111,-0.066,0.087,,2.000,0.000,14.013,1.164,0.184,0.592,0.180,0.342,0.068,0.649,0.349,1.848,0.082,1.181,0.304,1.329,0.072,1.219,3.662,6.529,1.339,5.654,0.181,0.352,0.080,0.716,2.171,2.717,1.404,0.000,0.000,0.701,3.985,0.686,0.372,0.035,0.148,0.029,0.118,0.039,0.297,0.002,0.276,0.032,0.192,0.034,0.143,0.291,1.029,0.380,1.131,0.017,0.126,0.023,0.194,0.445,0.285,0.243,0.003,0.003,0.112,0.254,0.101,0.075,1.043
8477365,Connor Clifton,BOS,D,31.765,True,True,280.000,0.101,0.000,0.000,0.000,,16.465,47.486,0.000,77.954,805.793,26.095,1364.630,707.111,1.323,84.165,13.194,14.891,0.028,1.772,0.278,1.910,0.000,4.578,1.897,8.052,0.000,16.594,6.060,9.962,0.000,9.639,19.278,7.377,1.831,7.412,3.807,4.245,0.007,0.032,39.821,0.902,71.239,2.118,137.608,72.807,39.387,0.000,0.000,12.311,40.680,1.030,-0.019,0.090,-0.029,0.075,,50.000,6.000,14.240,0.026,1.939,0.259,0.143,0.300,0.045,0.364,0.279,0.739,0.045,0.596,0.301,0.616,0.099,0.968,3.182,5.794,1.275,1.857,0.163,0.429,0.073,0.410,10.246,5.421,2.933,0.000,0.000,0.917,3.029,1.144,0.501,0.029,0.189,0.026,0.122,0.035,0.384,0.002,0.271,0.031,0.215,0.032,0.146,0.225,1.750,0.239,0.921,0.013,0.185,0.016,0.182,0.401,0.255,0.200,0.002,0.002,0.088,0.195,0.082,0.060,1.014
8479346,Dillon Dube,STL,F,28.537,True,True,125.000,0.098,0.000,0.000,0.000,,10.891,48.203,0.607,67.607,525.984,139.321,761.891,472.054,25.986,18.685,9.259,9.793,0.539,0.388,0.192,4.281,0.621,8.076,2.792,5.315,0.634,10.136,3.537,9.596,1.884,9.420,16.955,5.662,5.179,6.321,3.001,2.314,0.392,0.340,48.008,11.218,75.537,5.966,49.782,14.443,14.476,23.028,24.771,6.494,21.805,0.978,-0.183,0.169,0.169,0.116,,0.000,0.000,9.875,0.520,0.337,0.158,0.547,1.095,0.338,1.929,0.408,0.545,0.138,0.533,0.318,0.388,0.023,0.466,5.354,8.851,3.503,6.213,0.618,1.437,0.362,2.406,5.679,1.647,1.651,2.627,2.826,0.741,2.487,0.746,0.843,0.098,0.390,0.154,0.690,0.084,0.328,0.114,0.598,0.046,0.308,0.023,0.354,0.558,1.674,0.894,2.061,0.071,0.373,0.115,0.771,1.237,0.322,0.487,1.740,1.938,0.175,0.339,0.183,0.170,0.979
8475790,Erik Gudbranson,CBJ,D,35.069,True,True,201.000,0.233,0.000,0.000,0.000,,17.067,55.671,12.813,76.913,971.589,309.628,1418.406,792.251,1.772,148.598,28.968,14.231,0.032,2.669,0.520,1.915,0.000,4.618,1.802,8.129,1.784,14.270,4.732,10.043,1.795,9.875,17.057,5.767,1.826,8.243,3.515,4.613,0.009,0.038,48.470,14.387,75.530,1.780,65.266,89.263,30.290,0.000,0.000,9.127,43.487,1.058,-0.451,0.104,0.245,0.084,,37.000,3.000,14.115,0.029,2.475,0.449,0.122,0.302,0.026,0.292,0.239,0.716,0.039,0.591,0.303,0.599,0.078,0.977,3.342,5.828,1.341,1.760,0.112,0.438,0.051,0.322,4.030,5.512,1.871,0.000,0.000,0.564,2.686,0.782,0.509,0.030,0.178,0.024,0.115,0.037,0.374,0.002,0.264,0.031,0.210,0.032,0.142,0.256,1.720,0.250,0.862,0.015,0.182,0.016,0.182,0.467,0.299,0.228,0.003,0.003,0.101,0.222,0.093,0.069,1.041
8485512,Tim Washe,ANA,F,25.437,True,True,41.000,0.121,0.000,0.000,0.000,,12.312,43.041,0.000,80.179,544.697,0.000,1044.098,454.859,2.923,74.521,12.394,10.568,0.068,1.731,0.288,4.213,0.000,10.660,4.206,5.567,0.000,13.021,5.502,9.780,0.000,8.886,22.709,9.013,4.058,5.188,3.182,2.385,0.041,0.026,40.240,0.000,82.370,6.197,98.191,26.844,16.523,246.579,179.353,11.120,13.609,0.825,-0.417,0.165,-0.042,0.114,,39.000,5.000,10.253,0.057,1.766,0.235,0.459,0.808,0.181,1.508,0.344,0.217,0.137,0.851,0.272,0.275,0.021,0.590,4.780,5.856,2.219,4.667,0.716,1.231,0.205,2.198,10.816,2.957,1.820,27.162,19.756,1.225,1.499,0.866,0.762,0.098,0.460,0.147,0.718,0.084,0.427,0.111,0.646,0.047,0.385,0.023,0.369,0.530,2.235,0.755,1.948,0.070,0.476,0.098,0.791,1.181,0.332,0.449,2.615,2.719,0.174,0.306,0.170,0.159,1.019
8482470,Ilya Solovyov,PIT,D,26.535,True,True,45.000,0.293,0.000,0.000,0.000,,13.252,43.083,0.000,79.040,622.847,0.000,1109.557,594.878,2.115,21.327,4.527,13.808,0.049,0.495,0.105,1.551,0.000,3.666,1.688,8.093,0.000,16.715,6.073,9.643,0.000,9.692,19.385,7.122,1.527,6.489,3.925,4.168,0.010,0.067,38.266,0.000,71.588,1.507,57.793,52.153,23.211,0.000,0.000,7.605,32.500,1.050,-0.028,0.158,-0.073,0.111,0.541,30.000,8.000,12.806,0.043,0.327,0.076,0.148,0.280,0.056,0.369,0.307,0.845,0.058,0.640,0.325,0.674,0.083,0.834,3.772,6.188,1.132,3.342,0.145,0.413,0.062,0.370,5.567,5.024,2.236,0.000,0.000,0.733,3.131,1.060,0.336,0.043,0.202,0.032,0.134,0.045,0.406,0.002,0.315,0.036,0.226,0.036,0.156,0.430,1.854,0.389,1.484,0.024,0.195,0.024,0.248,0.821,0.460,0.393,0.005,0.005,0.152,0.382,0.158,0.110,1.005
8482111,Justin Barron,STL,D,25.213,True,True,201.000,0.178,0.000,0.000,0.000,,15.077,35.743,0.000,82.420,552.318,0.000,1266.217,506.572,14.698,16.830,14.219,14.173,0.411,0.471,0.398,2.638,0.000,7.750,3.133,6.737,0.000,17.295,6.982,9.375,0.000,7.134,22.589,9.491,1.957,5.737,2.839,3.898,0.101,0.458,31.129,0.000,72.584,2.067,34.207,40.020,13.049,0.000,0.000,4.493,36.145,1.051,0.029,0.097,-0.212,0.079,,52.000,9.000,14.055,0.261,0.435,0.326,0.207,0.304,0.065,0.471,0.242,0.871,0.064,0.606,0.346,0.723,0.069,0.864,3.381,5.213,1.417,3.831,0.220,0.369,0.069,0.408,3.716,4.348,1.418,0.000,0.000,0.488,3.926,0.638,0.331,0.034,0.180,0.032,0.133,0.039,0.351,0.002,0.283,0.033,0.213,0.036,0.152,0.257,1.387,0.350,1.068,0.015,0.160,0.022,0.185,0.436,0.266,0.227,0.003,0.003,0.096,0.223,0.093,0.068,0.979
8476624,Barclay Goodrow,SJS,F,33.930,True,True,321.000,0.051,0.000,0.000,0.000,,11.231,57.678,2.397,84.000,641.636,0.000,1064.934,524.778,5.568,98.956,12.334,9.098,0.097,1.716,0.214,4.091,0.000,9.755,3.668,5.505,0.000,11.975,4.654,9.596,0.000,9.654,19.307,7.476,3.555,4.937,3.054,2.451,0.068,0.022,41.090,0.000,73.372,5.615,89.732,38.630,35.413,77.009,83.561,10.750,27.804,0.755,-0.427,0.095,0.038,0.077,,82.000,12.000,9.152,0.097,1.804,0.178,0.324,0.634,0.186,1.738,0.274,0.073,0.086,0.942,0.218,0.138,0.015,1.231,3.975,3.736,3.347,2.235,0.505,1.036,0.305,2.934,8.391,3.612,3.312,7.201,7.814,1.005,2.600,1.243,0.893,0.057,0.351,0.092,0.494,0.052,0.264,0.077,0.434,0.036,0.273,0.019,0.294,0.255,1.522,0.401,1.107,0.035,0.356,0.053,0.547,0.613,0.185,0.235,1.311,1.368,0.104,0.153,0.090,0.086,1.025
8482802,Carter Mazur,DET,F,24.849,True,True,9.000,0.142,0.000,0.000,0.000,,11.444,43.789,0.000,66.323,501.905,97.405,751.551,482.894,11.008,4.062,3.941,11.028,0.251,0.093,0.090,4.235,0.634,8.241,2.895,5.410,0.632,10.115,3.627,9.645,1.266,9.494,17.089,5.852,4.809,6.041,3.047,2.364,0.165,0.124,38.593,7.142,65.777,4.946,60.383,22.767,11.984,2.131,9.810,6.182,19.488,0.975,-0.022,0.226,0.045,0.133,1.057,8.000,0.000,11.055,0.224,0.083,0.082,0.553,1.020,0.320,2.298,0.404,0.384,0.175,0.985,0.315,0.371,0.025,0.565,4.531,7.853,3.301,7.017,0.558,1.323,0.371,2.871,7.218,2.722,1.433,0.255,1.173,0.739,2.330,0.618,0.834,0.119,0.464,0.174,0.786,0.100,0.433,0.126,0.723,0.050,0.389,0.024,0.388,0.909,2.255,1.181,2.458,0.107,0.479,0.145,0.891,2.031,0.472,0.761,2.889,3.439,0.225,0.551,0.278,0.245,1.031
8482874,Jacob Melanson,SEA,F,23.781,True,True,37.000,0.160,0.000,0.000,0.000,,9.959,45.492,0.000,75.047,451.425,64.122,750.881,446.248,2.792,1.501,0.883,9.809,0.061,0.033,0.019,4.271,0.000,8.659,3.380,5.109,0.000,10.499,3.982,9.381,0.912,9.120,18.240,6.644,4.128,4.555,2.646,2.464,0.045,0.021,44.220,5.869,77.137,6.134,197.318,16.697,25.457,1.590,0.848,6.076,19.510,0.841,0.035,0.172,-0.162,0.117,0.908,36.000,5.000,9.868,0.053,0.022,0.016,0.545,0.925,0.271,1.855,0.315,0.181,0.139,0.514,0.293,0.220,0.022,0.379,5.877,7.442,3.065,5.834,0.810,1.323,0.340,2.621,26.226,2.219,3.384,0.211,0.113,0.807,2.593,1.245,1.448,0.105,0.469,0.176,0.796,0.088,0.437,0.127,0.732,0.048,0.393,0.024,0.393,0.602,2.278,1.189,2.484,0.077,0.484,0.146,0.900,1.391,0.344,0.538,1.313,1.667,0.181,0.362,0.201,0.183,1.015
8477527,Ross Johnston,STL,F,32.953,True,True,189.000,0.104,0.000,0.000,0.000,,9.493,57.302,10.961,80.961,540.727,122.403,822.164,531.216,3.111,0.709,5.691,9.271,0.054,0.012,0.099,2.783,0.000,6.183,2.260,6.235,0.981,11.769,4.222,9.018,0.948,8.536,16.124,5.690,3.027,6.061,3.635,2.600,0.036,0.018,28.344,5.744,47.864,3.959,155.326,19.159,66.688,3.308,4.505,5.732,26.860,0.847,-0.513,0.118,-0.091,0.092,,62.000,14.000,9.348,0.052,0.011,0.082,0.323,0.764,0.232,1.335,0.395,0.153,0.124,0.330,0.281,0.185,0.020,0.296,3.117,6.622,2.750,3.928,0.420,1.164,0.305,1.880,17.235,2.126,7.400,0.367,0.500,0.636,2.980,2.355,1.315,0.073,0.410,0.157,0.652,0.063,0.378,0.117,0.553,0.039,0.346,0.022,0.335,0.348,2.053,1.114,2.000,0.046,0.439,0.137,0.752,0.890,0.231,0.352,0.744,0.958,0.132,0.233,0.133,0.125,0.979
8482700,Nolan Allan,SJS,D,23.765,True,True,43.000,0.156,0.000,0.000,0.000,,15.678,48.082,0.000,71.066,784.345,132.635,1171.852,702.802,8.765,56.238,16.540,14.617,0.182,1.170,0.344,1.721,0.000,3.800,1.729,7.523,0.823,13.986,4.831,9.244,0.810,8.913,17.016,5.927,1.800,7.300,3.509,4.015,0.042,0.221,28.794,4.038,50.880,1.654,68.650,55.544,22.235,0.001,0.001,8.765,32.114,1.053,-0.269,0.170,0.141,0.116,0.421,0.000,0.000,14.376,0.166,0.898,0.238,0.136,0.302,0.048,0.412,0.261,0.794,0.054,0.665,0.298,0.675,0.068,0.862,2.241,5.833,0.942,2.952,0.122,0.412,0.053,0.410,5.252,4.249,1.701,0.000,0.000,0.670,2.457,0.807,0.234,0.046,0.209,0.033,0.138,0.046,0.407,0.002,0.315,0.036,0.227,0.036,0.157,0.464,1.897,0.390,1.480,0.026,0.199,0.024,0.250,0.873,0.498,0.410,0.005,0.005,0.166,0.409,0.165,0.115,1.025
8479576,Vincent Desharnais,WSH,D,30.678,True,True,218.000,0.117,0.000,0.000,0.000,,17.780,60.062,12.647,80.647,1087.265,288.664,1577.533,884.523,2.892,166.788,33.062,14.727,0.048,2.777,0.550,1.202,0.000,2.493,1.392,7.654,1.732,13.855,4.568,8.856,1.722,8.610,15.499,5.328,1.421,8.552,2.468,5.186,0.013,0.059,38.083,9.622,61.582,1.498,110.362,97.009,48.114,0.000,0.000,9.031,60.016,1.037,-0.342,0.097,-0.221,0.079,,53.000,7.000,14.333,0.050,2.853,0.545,0.082,0.326,0.018,0.280,0.157,0.738,0.037,0.546,0.337,0.622,0.084,1.019,2.441,5.945,0.532,0.607,0.084,0.448,0.030,0.293,6.090,5.353,2.655,0.000,0.000,0.498,3.312,1.180,0.671,0.031,0.192,0.024,0.124,0.037,0.386,0.002,0.273,0.032,0.217,0.033,0.147,0.244,1.749,0.242,0.840,0.014,0.186,0.016,0.185,0.438,0.282,0.213,0.002,0.002,0.094,0.206,0.087,0.065,0.988
8483398,Declan Carlile,PIT,D,26.708,True,True,46.000,0.194,0.000,0.000,0.000,,15.038,54.622,12.060,77.060,914.977,277.424,1348.667,806.558,2.641,85.247,20.531,14.766,0.048,1.561,0.376,2.416,0.000,5.611,2.081,6.526,0.788,11.821,4.109,8.942,1.646,9.054,15.638,5.440,2.333,7.307,2.782,3.744,0.013,0.057,47.939,12.479,77.546,2.421,74.184,60.032,39.184,0.001,0.001,8.806,37.381,1.049,-0.401,0.146,-0.099,0.106,,42.000,3.000,13.695,0.043,1.029,0.272,0.158,0.294,0.047,0.390,0.208,0.798,0.052,0.627,0.278,0.650,0.070,0.964,3.297,6.000,1.164,4.966,0.161,0.420,0.057,0.457,4.865,3.937,2.570,0.000,0.000,0.578,2.451,1.039,0.879,0.042,0.202,0.032,0.133,0.044,0.405,0.002,0.307,0.036,0.226,0.036,0.155,0.387,1.844,0.364,1.335,0.022,0.194,0.023,0.231,0.724,0.424,0.350,0.004,0.004,0.142,0.342,0.142,0.100,1.005
8480950,Ilya Lyubushkin,NSH,D,32.824,True,True,275.000,0.106,0.000,0.000,0.000,,15.681,50.367,0.000,83.279,829.284,0.000,1484.384,737.174,1.662,78.892,11.555,14.636,0.033,1.566,0.229,1.096,0.000,2.680,1.364,7.858,0.000,15.939,6.310,8.954,0.000,9.347,18.694,7.149,1.212,7.423,3.516,4.342,0.007,0.040,31.365,0.000,59.509,1.492,67.876,83.547,29.458,0.000,0.000,10.226,52.012,1.011,-0.285,0.090,0.074,0.074,,53.000,9.000,13.911,0.030,1.525,0.216,0.089,0.283,0.029,0.354,0.255,0.738,0.048,0.577,0.312,0.613,0.062,0.900,2.414,6.006,0.833,2.293,0.109,0.420,0.039,0.442,4.911,6.045,2.131,0.000,0.000,0.740,3.763,0.949,0.432,0.029,0.185,0.026,0.120,0.035,0.381,0.002,0.267,0.030,0.214,0.032,0.144,0.222,1.740,0.239,0.928,0.013,0.184,0.016,0.177,0.397,0.250,0.200,0.002,0.002,0.087,0.194,0.082,0.060,1.009
8484859,Stian Solberg,ANA,D,21.092,True,False,0.000,0.173,0.000,0.000,0.000,,16.873,32.283,0.000,68.917,606.987,0.000,1146.961,540.197,16.397,35.512,14.882,16.733,0.508,1.100,0.461,1.985,0.000,4.919,2.139,6.979,0.000,15.431,6.068,8.964,0.000,8.420,18.946,7.706,1.948,6.850,3.311,3.668,0.092,0.520,35.486,0.000,74.821,1.753,40.918,42.340,16.981,0.057,0.057,6.967,32.233,1.053,0.000,0.258,0.000,0.140,0.539,,,15.391,0.426,0.738,0.317,0.185,0.330,0.059,0.641,0.301,0.967,0.072,0.924,0.338,0.902,0.083,1.060,3.557,6.148,1.215,4.279,0.161,0.460,0.068,0.575,4.045,4.185,1.679,0.006,0.006,0.689,3.186,0.750,0.433,0.054,0.214,0.034,0.141,0.050,0.415,0.002,0.325,0.039,0.231,0.037,0.160,0.779,1.832,0.404,1.518,0.040,0.192,0.024,0.253,1.866,0.819,0.656,0.057,0.057,0.239,0.689,0.255,0.162,1.019
8483395,Arshdeep Bains,VAN,F,26.062,True,True,49.000,0.254,0.000,0.000,0.000,,9.643,48.202,5.579,77.579,495.608,109.909,803.693,456.060,16.899,16.243,6.406,9.461,0.351,0.337,0.133,3.698,0.000,7.600,2.913,5.208,0.944,10.383,3.993,8.906,1.800,8.099,17.098,6.102,3.896,4.940,2.826,2.382,0.223,0.424,35.708,7.101,62.218,5.200,53.080,14.753,19.355,5.661,18.326,7.834,18.747,0.888,-0.029,0.172,-0.033,0.116,,28.000,5.000,9.040,0.302,0.176,0.124,0.452,0.833,0.253,1.454,0.340,0.123,0.126,0.262,0.243,1.306,0.022,0.335,4.304,6.447,2.623,4.385,0.604,1.075,0.291,2.100,6.426,1.786,2.343,0.685,2.219,0.948,2.269,1.087,0.454,0.101,0.429,0.170,0.741,0.085,0.343,0.123,0.616,0.047,0.331,0.024,0.369,0.574,1.931,1.117,2.245,0.073,0.423,0.139,0.833,1.364,0.341,0.530,1.599,1.838,0.178,0.350,0.197,0.179,1.013
8476422,Mike Reilly,CAR,D,33.555,True,True,131.000,0.236,0.000,0.000,0.000,,14.691,38.190,0.000,82.447,571.855,0.000,1201.729,515.589,8.432,34.293,13.540,13.501,0.221,0.898,0.355,1.817,0.000,5.093,2.218,7.643,0.000,17.430,6.883,9.460,0.000,7.502,21.255,8.414,1.386,5.802,3.832,3.811,0.047,0.288,49.194,0.000,105.697,1.886,20.690,33.078,18.113,0.000,0.000,5.008,26.908,1.019,0.373,0.117,-0.009,0.091,,42.000,9.000,13.273,0.211,0.842,0.364,0.139,0.254,0.119,0.387,0.306,0.791,0.054,0.608,0.297,0.763,0.067,0.863,5.295,8.421,2.671,4.374,0.191,0.461,0.134,0.455,2.171,3.471,1.900,0.000,0.000,0.525,2.823,0.927,0.463,0.034,0.157,0.029,0.120,0.039,0.318,0.002,0.280,0.032,0.196,0.034,0.145,0.293,1.240,0.351,1.130,0.017,0.145,0.022,0.198,0.535,0.324,0.271,0.003,0.003,0.113,0.265,0.111,0.080,1.078
8486161,Owen Michaels,EDM,F,24.756,True,False,0.000,0.151,0.000,0.000,0.000,,10.636,27.782,0.000,61.992,296.964,29.188,539.964,267.124,16.875,7.928,5.037,9.615,0.607,0.285,0.181,4.265,0.000,9.309,3.737,4.961,0.000,11.127,4.317,9.226,0.584,8.174,19.267,7.480,4.031,4.689,2.849,2.112,0.412,0.311,28.133,1.656,56.841,3.551,38.055,10.807,11.753,20.549,23.257,4.297,12.021,0.991,0.000,0.258,0.000,0.140,,,,9.731,0.506,0.256,0.142,0.757,1.386,0.418,2.545,0.547,0.515,0.223,0.994,0.400,0.529,0.035,0.727,5.629,7.659,3.050,6.131,0.653,1.365,0.336,2.559,7.689,2.183,2.375,4.152,4.699,0.868,2.429,0.953,0.886,0.176,0.656,0.246,1.112,0.145,0.607,0.175,1.013,0.071,0.545,0.034,0.543,1.173,2.255,1.172,2.455,0.128,0.478,0.144,0.889,2.729,0.573,0.972,9.336,8.455,0.248,0.717,0.345,0.289,1.058
8484188,Theo Lindstein,STL,D,22.073,True,True,17.000,0.153,0.000,0.000,0.000,,16.586,35.337,0.000,71.517,596.419,0.000,1101.012,562.004,6.827,17.628,9.961,15.904,0.193,0.499,0.282,2.859,0.000,6.336,2.815,5.673,0.000,12.242,4.867,8.531,0.000,8.070,17.753,7.089,2.365,5.608,2.670,3.003,0.042,0.165,41.539,0.000,82.636,2.550,24.477,35.699,15.259,0.001,0.001,4.726,25.062,1.062,0.258,0.186,-0.026,0.121,0.439,17.000,4.000,15.772,0.123,0.461,0.231,0.238,0.306,0.058,0.499,0.258,0.768,0.062,0.708,0.292,0.664,0.072,0.820,4.270,5.624,1.080,3.532,0.257,0.416,0.063,0.443,2.462,3.591,1.535,0.000,0.000,0.475,2.521,0.725,0.345,0.049,0.211,0.034,0.141,0.047,0.401,0.002,0.312,0.037,0.224,0.036,0.155,0.523,1.895,0.414,1.525,0.029,0.200,0.025,0.256,0.966,0.545,0.444,0.007,0.007,0.182,0.456,0.179,0.122,0.979
8480084,Nick DeSimone,UTA,D,32.197,True,True,98.000,0.177,0.000,0.000,0.000,,14.151,43.878,0.000,78.811,626.991,10.991,1110.720,607.717,2.041,7.418,9.815,13.850,0.046,0.169,0.224,2.083,0.000,4.943,2.056,6.759,0.000,13.656,5.247,8.842,0.000,7.785,18.490,6.667,1.891,6.103,2.981,3.778,0.010,0.053,38.126,0.000,71.152,1.937,27.090,37.188,10.430,0.000,0.000,6.087,37.523,1.056,-0.013,0.125,-0.089,0.096,,40.000,8.000,13.719,0.049,0.168,0.214,0.178,0.264,0.054,0.420,0.252,0.771,0.060,0.625,0.321,0.639,0.068,0.766,3.659,5.538,0.998,4.601,0.182,0.392,0.058,0.418,2.592,3.559,0.998,0.000,0.000,0.583,3.591,0.483,0.250,0.036,0.188,0.030,0.124,0.040,0.385,0.002,0.293,0.033,0.215,0.035,0.148,0.318,1.764,0.377,1.309,0.018,0.186,0.023,0.220,0.593,0.352,0.299,0.004,0.004,0.125,0.296,0.122,0.087,1.016
8481732,Andre Lee,LAK,F,26.519,True,True,26.000,0.166,0.000,0.000,0.000,,10.474,39.260,0.000,67.870,400.272,37.863,657.407,390.203,5.530,2.531,2.008,9.939,0.141,0.065,0.051,4.005,0.000,7.817,3.054,5.024,0.000,9.653,3.835,9.029,0.728,8.736,17.473,6.255,4.045,4.823,3.136,1.888,0.088,0.053,36.912,3.585,64.525,5.007,72.228,16.789,15.963,0.745,1.838,7.579,15.823,0.953,-0.177,0.202,-0.077,0.127,0.939,7.000,2.000,10.205,0.147,0.069,0.053,0.596,0.961,0.288,1.980,0.455,0.270,0.150,0.685,0.272,0.284,0.023,0.447,5.520,7.437,3.078,5.996,0.736,1.292,0.343,2.593,10.827,2.517,2.393,0.112,0.276,1.136,2.372,0.919,0.983,0.112,0.457,0.172,0.768,0.093,0.426,0.123,0.699,0.049,0.383,0.024,0.379,0.742,2.236,1.166,2.397,0.091,0.474,0.144,0.872,1.728,0.416,0.659,1.992,2.432,0.208,0.462,0.244,0.218,1.043
8480879,Jacob Bernard-Docker,DET,D,26.590,True,True,194.000,0.144,1.000,1.000,1.000,dailyfaceoff:ir:dtd,15.034,48.287,0.000,82.242,764.735,0.000,1381.984,671.313,1.312,83.279,8.830,13.903,0.027,1.725,0.183,1.969,0.000,4.665,2.279,6.911,0.000,15.224,5.789,8.880,0.000,8.832,18.767,7.349,1.648,6.262,3.259,3.652,0.008,0.034,36.117,0.000,68.890,1.466,49.027,74.217,21.405,0.000,0.000,6.044,38.232,1.060,-0.299,0.100,-0.101,0.081,,63.000,5.000,13.516,0.036,1.316,0.166,0.138,0.289,0.036,0.342,0.249,0.769,0.048,0.583,0.275,0.632,0.066,0.890,3.098,5.718,0.680,2.601,0.121,0.407,0.037,0.376,3.847,5.823,1.679,0.000,0.000,0.474,3.000,0.725,0.400,0.033,0.200,0.030,0.132,0.038,0.400,0.002,0.300,0.033,0.225,0.035,0.154,0.257,1.793,0.306,1.205,0.015,0.191,0.020,0.215,0.470,0.287,0.237,0.003,0.003,0.098,0.226,0.097,0.070,1.031
8475760,Nick Bjugstad,NJD,F,34.544,False,True,281.000,0.091,57.000,44.000,70.000,research:medium,10.781,14.240,0.000,27.000,144.289,0.000,311.491,130.777,2.032,9.762,1.718,9.184,0.143,0.685,0.121,4.239,0.000,11.875,5.248,4.460,0.000,11.713,5.607,8.699,0.000,5.895,20.634,9.411,1.371,1.476,2.692,1.768,0.108,0.084,15.610,0.000,35.493,1.691,18.082,5.595,5.117,47.333,49.535,2.191,6.309,0.902,-0.088,0.098,0.082,0.080,,61.000,9.000,9.866,0.157,0.623,0.135,0.563,1.031,0.371,1.689,0.383,0.255,0.097,1.102,0.252,0.568,0.018,0.509,6.571,7.983,5.134,6.364,0.684,1.667,0.387,2.798,7.519,2.326,2.128,19.683,20.598,0.911,2.624,0.961,0.788,0.062,0.295,0.118,0.524,0.056,0.225,0.093,0.439,0.037,0.222,0.021,0.291,0.278,1.195,0.576,1.398,0.038,0.277,0.077,0.571,0.649,0.182,0.256,0.953,1.055,0.108,0.176,0.098,0.095,1.010
8481056,Spencer Stastney,EDM,D,27.077,True,True,117.000,0.177,0.000,0.000,0.000,,15.740,38.608,0.000,79.305,638.921,0.000,1295.361,566.723,2.864,54.115,15.219,14.679,0.074,1.402,0.394,1.886,0.000,4.695,2.326,7.170,0.000,16.867,6.715,9.056,0.000,7.941,20.419,8.403,1.450,5.674,3.536,3.634,0.019,0.086,32.757,0.000,69.834,1.391,11.897,41.967,12.664,0.000,0.000,9.976,39.590,1.049,-0.268,0.111,0.094,0.087,,66.000,10.000,13.965,0.065,1.379,0.331,0.138,0.303,0.040,0.391,0.265,0.779,0.051,0.839,0.268,0.655,0.069,1.002,3.276,6.032,0.886,2.855,0.128,0.431,0.049,0.476,1.117,3.941,1.189,0.000,0.000,0.937,3.718,0.580,0.455,0.035,0.198,0.030,0.131,0.040,0.399,0.002,0.293,0.034,0.224,0.035,0.153,0.286,1.780,0.309,1.115,0.016,0.190,0.020,0.204,0.514,0.316,0.257,0.003,0.003,0.108,0.249,0.105,0.076,1.058
8482866,Ville Ottavainen,SEA,D,24.474,True,True,1.000,0.152,0.000,0.000,0.000,,15.178,33.980,0.000,68.547,530.594,0.000,950.096,475.483,13.937,30.799,10.375,13.993,0.410,0.906,0.305,1.652,0.000,3.928,1.905,7.017,0.000,14.818,5.805,8.669,0.000,8.060,17.912,7.131,1.405,5.138,3.291,3.726,0.087,0.527,29.758,0.000,59.788,1.379,46.102,37.797,16.588,0.015,0.015,5.341,27.401,1.053,-0.034,0.254,-0.031,0.139,0.440,0.000,0.000,13.876,0.372,0.642,0.287,0.155,0.319,0.055,0.448,0.259,0.878,0.058,0.738,0.297,0.782,0.067,0.916,3.425,5.991,1.126,3.752,0.147,0.417,0.062,0.470,5.213,4.274,1.876,0.002,0.002,0.604,3.099,0.818,0.471,0.052,0.208,0.033,0.138,0.049,0.407,0.002,0.319,0.038,0.227,0.037,0.157,0.785,1.889,0.417,1.561,0.041,0.198,0.025,0.261,1.808,0.809,0.650,0.031,0.031,0.238,0.680,0.253,0.161,1.015
8481517,Brett Leason,SJS,F,27.759,True,True,190.000,0.115,0.000,0.000,0.000,,11.038,40.888,0.000,74.108,448.503,0.000,798.190,390.212,18.576,32.428,7.285,9.543,0.454,0.793,0.178,3.698,0.000,8.439,3.256,4.999,0.000,10.701,4.335,8.698,0.000,7.983,17.564,6.969,3.892,4.958,2.744,2.255,0.356,0.291,39.086,0.000,73.086,4.404,38.437,21.742,10.891,11.247,22.623,5.229,15.967,0.957,-0.254,0.130,-0.004,0.098,,6.000,0.000,9.600,0.457,0.834,0.148,0.487,1.212,0.312,1.511,0.368,0.701,0.109,0.450,0.323,0.233,0.021,0.454,5.148,9.439,4.212,3.359,0.527,1.825,0.380,1.700,5.142,2.909,1.457,1.505,3.026,0.700,2.136,0.706,0.473,0.083,0.398,0.134,0.654,0.071,0.327,0.101,0.550,0.043,0.311,0.022,0.344,0.395,1.702,0.641,1.825,0.052,0.383,0.085,0.717,0.884,0.245,0.349,1.480,1.586,0.138,0.235,0.132,0.125,1.025
8475179,Dmitry Kulikov,FLA,D,36.260,True,True,232.000,0.178,0.000,0.000,0.000,,17.272,50.890,1.137,74.237,889.109,147.801,1336.034,801.399,3.520,66.244,17.945,15.748,0.069,1.302,0.353,1.746,0.000,4.088,1.584,7.880,0.839,14.257,4.879,9.625,0.835,10.017,16.778,5.821,1.812,8.015,3.609,4.271,0.016,0.079,43.014,6.804,68.890,2.165,71.707,51.832,23.560,0.000,0.000,13.555,54.520,1.027,-0.115,0.099,0.031,0.080,,19.000,0.000,15.214,0.082,1.601,0.375,0.121,0.290,0.038,0.463,0.248,0.723,0.055,0.861,0.294,0.645,0.082,0.981,3.010,5.302,1.301,3.577,0.142,0.424,0.067,0.550,4.839,3.498,1.590,0.000,0.000,0.915,3.679,0.772,0.499,0.030,0.172,0.025,0.114,0.036,0.365,0.002,0.263,0.030,0.206,0.032,0.140,0.244,1.652,0.259,0.940,0.014,0.177,0.017,0.180,0.419,0.274,0.209,0.003,0.003,0.099,0.215,0.087,0.064,1.139
8483768,Victor Mancini,VAN,D,24.687,True,True,55.000,0.260,0.000,0.000,0.000,,14.509,40.305,0.000,76.209,644.535,0.000,1183.021,607.589,5.700,22.233,9.014,15.075,0.141,0.552,0.224,1.544,0.000,3.756,1.815,7.007,0.000,14.766,5.663,8.551,0.000,8.332,17.589,6.853,1.416,6.369,3.476,3.531,0.055,0.158,32.158,0.000,62.932,1.310,52.328,50.087,16.146,0.000,0.000,4.175,33.751,1.050,-0.421,0.146,0.166,0.106,0.504,24.000,3.000,13.845,0.133,0.359,0.173,0.126,0.528,0.063,0.417,0.289,0.818,0.060,0.873,0.295,0.697,0.070,0.846,3.008,7.291,1.419,3.175,0.116,0.581,0.079,0.372,4.871,4.663,1.503,0.000,0.000,0.389,3.142,0.619,0.323,0.043,0.204,0.033,0.137,0.044,0.401,0.002,0.311,0.036,0.225,0.037,0.156,0.396,1.815,0.403,1.429,0.022,0.193,0.024,0.240,0.727,0.420,0.356,0.004,0.004,0.144,0.351,0.144,0.102,1.013
8482408,Jeff Malott,ANA,F,30.486,True,True,70.000,0.115,0.000,0.000,0.000,,8.881,37.875,15.227,84.000,347.130,0.000,1217.079,341.005,1.557,2.375,2.192,9.004,0.041,0.063,0.058,3.255,0.000,12.489,5.521,5.104,0.000,19.332,8.599,8.358,0.000,0.000,29.562,13.272,2.598,3.534,3.268,1.836,0.024,0.008,34.223,0.000,119.425,5.090,95.872,17.123,21.796,2.855,6.548,5.177,12.398,0.716,0.312,0.147,-0.007,0.106,,58.000,9.000,8.735,0.035,0.064,0.047,0.444,0.748,0.209,1.362,0.396,0.081,0.110,0.216,0.221,0.139,0.019,0.262,5.932,6.324,2.528,6.647,0.873,1.177,0.281,2.387,16.571,2.960,3.767,0.493,1.132,0.895,2.143,1.372,1.264,0.085,0.424,0.159,0.706,0.073,0.381,0.118,0.611,0.043,0.355,0.023,0.357,0.452,2.113,1.092,2.233,0.059,0.451,0.136,0.823,1.177,0.297,0.459,1.061,1.310,0.160,0.296,0.172,0.158,1.019
8486166,Viking Gustafsson Nyberg,MIN,D,23.365,True,True,2.000,0.158,0.000,0.000,0.000,,18.183,38.793,0.000,63.331,707.577,30.172,1090.550,585.153,7.503,89.088,25.833,15.084,0.193,2.296,0.666,1.832,0.000,3.968,1.760,6.898,0.000,12.934,4.501,8.730,0.000,8.446,16.242,5.673,1.850,7.098,3.132,3.766,0.046,0.201,34.168,1.329,62.483,1.770,48.635,55.245,17.712,0.005,0.005,8.759,33.137,1.053,-0.169,0.244,0.003,0.137,,2.000,0.000,15.413,0.234,1.870,0.666,0.156,0.375,0.046,0.494,0.275,0.878,0.055,0.804,0.327,0.773,0.083,1.080,3.107,6.608,1.165,3.048,0.142,0.488,0.059,0.556,4.124,4.685,1.502,0.001,0.001,0.743,2.810,0.672,0.407,0.052,0.210,0.034,0.139,0.049,0.408,0.002,0.317,0.038,0.227,0.037,0.157,0.748,1.906,0.412,1.529,0.039,0.200,0.025,0.259,1.586,0.760,0.606,0.016,0.016,0.228,0.631,0.238,0.154,1.069
8479066,Ryan Lomberg,CBJ,F,32.148,True,True,294.000,0.065,0.000,0.000,0.000,,8.923,49.097,6.149,83.149,436.842,60.559,782.788,430.064,2.218,2.965,1.596,8.759,0.045,0.060,0.033,3.544,0.000,7.685,3.117,4.924,0.000,11.399,4.229,8.468,0.000,7.853,17.950,6.628,3.183,4.274,3.226,1.698,0.040,0.009,41.841,4.901,77.442,4.219,87.903,13.017,32.211,4.133,7.069,5.450,14.258,0.865,-0.461,0.106,-0.023,0.085,,57.000,9.000,8.790,0.039,0.064,0.031,0.433,0.977,0.196,1.321,0.389,0.075,0.102,0.211,0.204,0.128,0.019,0.258,5.771,7.475,2.022,3.846,0.572,1.438,0.246,2.027,12.073,1.788,4.424,0.568,0.971,0.749,1.958,1.514,1.344,0.066,0.405,0.149,0.671,0.057,0.336,0.111,0.555,0.037,0.326,0.022,0.342,0.307,1.977,0.930,2.087,0.041,0.427,0.119,0.782,0.803,0.208,0.317,0.694,0.861,0.119,0.202,0.120,0.112,1.041
8484386,Dmitri Simashev,UTA,D,21.990,True,True,28.000,0.265,0.000,0.000,0.000,,16.325,42.105,0.000,75.257,694.204,0.000,1198.251,665.618,2.539,10.660,15.386,15.808,0.060,0.253,0.365,1.617,0.000,4.125,1.580,6.539,0.000,12.593,4.603,8.156,0.000,8.025,15.321,5.711,1.945,7.421,3.082,3.456,0.012,0.063,46.186,0.000,83.731,2.004,28.048,46.414,21.061,0.001,0.001,4.366,45.053,1.034,-0.219,0.164,0.118,0.114,0.701,28.000,1.000,15.659,0.064,0.252,0.349,0.160,0.354,0.070,0.576,0.292,0.914,0.075,0.810,0.328,0.772,0.086,0.936,4.025,6.812,1.314,3.953,0.167,0.497,0.075,0.471,2.424,4.012,1.820,0.000,0.000,0.377,3.894,0.739,0.354,0.048,0.212,0.034,0.140,0.046,0.402,0.002,0.308,0.036,0.224,0.036,0.154,0.480,1.910,0.417,1.461,0.027,0.201,0.025,0.246,0.811,0.471,0.389,0.005,0.005,0.163,0.396,0.158,0.110,1.016
8482747,Brennan Othmann,CGY,F,24.074,True,True,44.000,0.207,0.000,0.000,0.000,,10.754,34.887,0.000,79.245,388.651,0.000,845.062,368.509,12.586,3.200,4.356,10.563,0.361,0.092,0.125,3.936,0.000,9.839,4.053,4.672,0.000,12.126,5.045,8.608,0.000,7.319,20.218,8.518,3.822,4.368,2.651,2.021,0.214,0.405,36.843,0.000,82.034,4.638,73.443,14.005,14.609,0.472,6.413,4.381,11.562,0.915,0.012,0.176,0.171,0.118,1.017,19.000,3.000,10.268,0.319,0.065,0.102,0.562,0.991,0.313,2.023,0.343,1.497,0.164,0.678,0.291,0.307,0.026,0.492,5.656,6.998,3.274,6.343,0.677,1.259,0.365,2.686,11.338,2.162,2.255,0.073,0.990,0.676,1.785,0.874,1.300,0.107,0.452,0.175,0.780,0.090,0.403,0.127,0.704,0.049,0.369,0.024,0.387,0.628,2.104,1.181,2.402,0.080,0.453,0.146,0.877,1.378,0.345,0.537,1.537,1.848,0.183,0.372,0.201,0.184,1.073
8478424,Jansen Harkins,TBL,F,29.695,True,True,173.000,0.151,0.000,0.000,0.000,,9.791,49.544,1.697,79.697,483.810,52.509,807.830,455.262,12.580,10.987,4.981,9.189,0.254,0.222,0.101,3.197,0.000,7.081,2.773,5.246,0.000,10.937,4.068,8.443,0.000,7.599,16.149,6.182,3.272,4.874,3.380,1.866,0.151,0.071,39.441,4.597,68.954,4.591,100.678,24.435,19.836,78.448,71.836,8.031,27.744,0.812,-0.508,0.124,-0.140,0.095,,44.000,8.000,9.216,0.217,0.258,0.100,0.392,0.735,0.232,1.252,0.404,0.136,0.102,0.299,0.219,0.181,0.020,0.328,4.949,5.178,2.772,3.528,0.547,1.009,0.446,1.801,12.486,3.030,2.460,9.729,8.909,0.996,3.441,0.956,1.476,0.077,0.407,0.141,0.664,0.067,0.340,0.105,0.546,0.041,0.324,0.022,0.342,0.371,1.891,0.758,1.973,0.049,0.414,0.099,0.751,0.905,0.238,0.357,1.035,1.190,0.135,0.235,0.135,0.127,1.062
8475690,Chris Tanev,TOR,D,37.117,True,True,226.000,0.127,0.000,0.000,0.000,,17.415,44.630,0.000,66.088,807.070,128.087,1189.590,664.089,2.115,109.410,31.457,14.880,0.047,2.451,0.705,1.097,0.000,2.595,1.088,6.758,0.663,11.931,4.089,7.856,1.322,7.930,13.877,4.679,1.237,7.488,3.083,3.675,0.009,0.044,28.163,4.334,45.510,1.057,18.549,88.162,13.027,0.000,0.000,8.573,41.554,1.066,-0.083,0.100,-0.257,0.081,,11.000,2.000,14.619,0.072,1.946,0.778,0.091,0.289,0.026,0.333,0.252,0.707,0.048,0.984,0.306,0.662,0.085,0.969,2.290,5.510,0.971,1.622,0.077,0.420,0.035,0.240,1.379,6.554,0.968,0.000,0.000,0.637,3.089,0.486,0.367,0.029,0.170,0.024,0.110,0.036,0.362,0.002,0.243,0.030,0.205,0.031,0.137,0.244,1.645,0.252,0.753,0.014,0.177,0.017,0.155,0.428,0.278,0.212,0.003,0.003,0.098,0.213,0.087,0.065,0.989
8483479,Cruz Lucius,ANA,F,22.826,True,False,0.000,0.163,0.000,0.000,0.000,,12.210,24.972,0.000,66.568,316.995,0.000,656.532,287.539,17.254,7.206,4.995,11.514,0.691,0.289,0.200,3.533,0.000,8.246,3.608,4.349,0.000,10.473,4.404,7.881,0.000,6.865,18.723,7.553,3.467,4.269,2.533,1.816,0.296,0.311,32.329,0.000,72.694,4.074,35.837,10.990,11.265,23.918,27.411,4.922,13.802,0.991,0.000,0.258,0.000,0.140,1.020,,,11.171,0.581,0.294,0.164,0.615,1.010,0.332,2.275,0.460,0.552,0.194,1.212,0.329,0.510,0.027,0.697,6.041,8.175,3.348,7.512,0.708,1.371,0.375,2.905,6.783,2.080,2.132,4.527,5.188,0.931,2.612,0.881,0.868,0.123,0.457,0.171,0.775,0.101,0.423,0.122,0.706,0.050,0.380,0.024,0.378,1.173,2.255,1.172,2.455,0.128,0.478,0.144,0.889,2.729,0.573,0.972,9.336,8.455,0.248,0.717,0.345,0.289,1.019
8482726,Samuel Helenius,LAK,F,24.183,True,True,103.000,0.180,0.000,0.000,0.000,,8.515,42.164,0.000,81.185,349.584,9.833,669.447,345.024,1.815,0.895,1.851,8.183,0.043,0.021,0.044,4.372,0.000,9.656,3.998,3.686,0.000,9.279,3.704,8.058,0.000,7.110,17.774,6.952,3.415,2.841,1.642,2.044,0.038,0.005,29.114,0.940,57.315,3.417,105.561,13.156,25.741,96.714,114.073,3.649,13.669,1.053,-0.471,0.139,-0.125,0.103,,53.000,9.000,8.402,0.045,0.023,0.046,0.581,0.974,0.252,1.388,0.220,0.018,0.103,0.010,0.272,0.101,0.020,0.190,5.000,6.734,2.724,3.769,0.576,1.288,0.296,2.003,18.118,2.258,4.418,16.599,19.579,0.626,2.346,1.322,1.236,0.088,0.464,0.175,0.752,0.073,0.365,0.126,0.363,0.044,0.378,0.024,0.369,0.441,2.240,1.179,2.262,0.058,0.477,0.145,0.845,1.101,0.276,0.430,0.927,1.152,0.147,0.267,0.160,0.146,1.043
8482859,Zack Ostapchuk,SJS,F,23.680,True,True,122.000,0.127,0.000,0.000,0.000,,10.544,46.995,0.000,83.428,491.620,0.000,922.780,433.142,2.830,48.733,6.915,9.217,0.060,1.037,0.147,3.492,0.000,8.709,3.521,3.977,0.000,9.896,4.004,7.468,0.000,6.566,16.416,6.770,3.280,3.690,2.116,1.861,0.042,0.013,33.124,0.000,65.620,4.301,102.216,21.735,28.123,165.309,162.447,7.010,16.684,0.865,-0.480,0.128,-0.162,0.097,,59.000,7.000,9.271,0.060,1.091,0.122,0.402,0.842,0.230,1.291,0.254,0.089,0.102,0.381,0.216,0.171,0.020,1.254,4.245,7.342,2.284,2.423,0.508,1.225,0.446,1.870,12.475,2.653,3.432,20.175,19.826,0.856,2.036,1.279,1.352,0.083,0.460,0.145,0.724,0.071,0.390,0.108,0.609,0.044,0.373,0.023,0.370,0.393,2.170,0.725,2.009,0.053,0.468,0.095,0.800,0.921,0.253,0.357,1.570,1.673,0.137,0.227,0.134,0.125,1.025
8484154,Jonathan Castagna,CGY,F,21.785,True,False,0.000,0.169,0.000,0.000,0.000,,12.119,24.297,0.000,57.609,307.866,0.000,546.063,277.166,15.827,10.067,4.805,11.408,0.651,0.414,0.198,3.497,0.000,7.739,3.012,4.287,0.000,9.504,3.729,7.784,0.000,7.315,16.198,6.293,3.258,3.994,2.499,1.788,0.280,0.290,30.536,0.000,60.366,3.840,35.072,10.704,11.012,23.118,26.477,4.761,13.350,0.991,0.000,0.258,0.000,0.140,0.965,,,11.088,0.576,0.292,0.162,0.599,0.989,0.323,2.205,0.447,0.531,0.188,1.160,0.320,0.492,0.026,0.673,5.908,7.997,3.270,7.296,0.692,1.346,0.366,2.833,6.835,2.086,2.146,4.505,5.160,0.928,2.602,0.886,0.869,0.123,0.457,0.171,0.775,0.101,0.423,0.122,0.706,0.050,0.380,0.024,0.378,1.173,2.255,1.172,2.455,0.128,0.478,0.144,0.889,2.729,0.573,0.972,9.336,8.455,0.248,0.717,0.345,0.289,1.073
8481030,Jack St. Ivany,WPG,D,27.532,True,True,53.000,0.178,0.000,0.000,0.000,,16.345,33.219,0.000,74.759,521.621,0.000,1059.640,476.302,1.905,38.734,4.680,14.338,0.057,1.166,0.141,0.829,0.000,2.473,1.077,6.211,0.000,13.744,5.651,7.040,0.000,6.069,15.607,6.363,1.015,5.297,2.863,3.347,0.008,0.055,25.573,0.000,55.537,1.234,66.944,38.879,15.800,0.000,0.000,7.297,29.749,1.020,-0.323,0.153,-0.076,0.109,0.525,20.000,7.000,14.805,0.051,1.320,0.170,0.117,0.315,0.056,0.542,0.293,0.804,0.056,0.706,0.341,0.672,0.077,0.943,3.046,6.098,1.376,3.941,0.138,0.446,0.095,0.854,7.700,4.472,1.817,0.000,0.000,0.839,3.422,0.808,0.380,0.043,0.200,0.031,0.132,0.045,0.403,0.002,0.309,0.036,0.225,0.036,0.155,0.409,1.837,0.351,1.377,0.023,0.193,0.022,0.238,0.740,0.442,0.354,0.004,0.004,0.150,0.354,0.144,0.102,0.986
8479985,Cale Fleury,SEA,D,28.203,True,True,50.000,0.329,0.000,0.000,0.000,,16.121,35.088,0.000,76.829,581.588,0.000,1163.100,526.695,9.678,34.349,10.867,15.011,0.276,0.979,0.310,1.614,0.000,4.230,1.887,5.622,0.000,12.330,4.949,7.237,0.000,6.618,15.717,6.287,1.573,5.754,2.703,2.919,0.053,0.255,36.491,0.000,75.690,1.629,76.058,53.591,11.054,0.000,0.000,7.432,32.555,1.045,0.030,0.156,-0.130,0.110,,23.000,3.000,14.885,0.250,0.694,0.291,0.159,0.322,0.055,0.501,0.279,0.846,0.066,0.779,0.302,0.771,0.077,0.951,3.895,6.070,1.050,3.974,0.164,0.437,0.061,0.471,7.847,5.529,1.140,0.000,0.000,0.767,3.359,0.433,0.500,0.043,0.195,0.032,0.131,0.045,0.392,0.002,0.307,0.036,0.222,0.036,0.154,0.420,1.738,0.381,1.385,0.024,0.186,0.023,0.235,0.750,0.447,0.364,0.005,0.005,0.155,0.371,0.148,0.105,1.015
8484321,Nikolas Matinpalo,OTT,D,28.326,True,True,95.000,0.153,0.000,0.000,0.000,,15.508,45.366,0.000,78.670,724.229,14.158,1272.197,652.460,0.840,62.246,8.683,14.382,0.018,1.372,0.191,1.289,0.000,3.348,1.501,6.370,0.000,13.306,5.073,7.659,0.000,7.434,15.797,6.033,1.365,6.008,3.137,3.233,0.004,0.021,40.443,0.000,75.138,1.959,44.221,49.017,19.714,0.000,0.000,9.640,38.030,1.009,-0.151,0.119,0.083,0.092,,50.000,5.000,13.989,0.025,1.300,0.194,0.117,0.294,0.040,0.365,0.258,0.782,0.051,0.635,0.256,0.637,0.115,0.980,3.578,6.020,0.908,3.532,0.170,0.428,0.047,0.382,3.663,4.061,1.633,0.000,0.000,0.799,3.151,0.796,0.402,0.037,0.198,0.031,0.131,0.041,0.401,0.002,0.304,0.034,0.223,0.035,0.153,0.308,1.829,0.337,1.313,0.018,0.192,0.021,0.229,0.569,0.346,0.281,0.003,0.003,0.118,0.274,0.115,0.083,1.077
8482451,Mikael Pyyhtia,CBJ,F,25.125,False,True,71.000,0.144,15.000,15.000,15.000,moneypuck_return_date,11.708,31.672,0.000,53.274,369.316,0.000,588.194,335.456,6.100,23.577,4.183,10.592,0.193,0.744,0.132,3.294,0.000,6.969,2.573,3.865,0.000,7.776,3.003,7.159,0.000,7.365,13.392,5.015,3.201,4.053,2.324,1.541,0.101,0.089,28.117,0.000,49.165,3.156,20.093,20.613,5.595,2.935,3.950,5.428,14.080,1.019,-0.594,0.163,0.009,0.113,1.006,5.000,1.000,10.628,0.165,0.789,0.126,0.506,0.968,0.360,1.921,0.404,0.593,0.151,0.860,0.275,0.321,0.023,0.569,4.636,6.767,3.064,4.423,0.488,1.266,0.335,2.363,3.264,3.349,0.909,0.477,0.642,0.882,2.287,0.427,0.412,0.101,0.456,0.156,0.742,0.086,0.418,0.115,0.663,0.047,0.379,0.024,0.374,0.551,2.179,0.857,2.181,0.071,0.466,0.111,0.822,1.181,0.317,0.458,1.975,2.149,0.172,0.319,0.173,0.162,1.041
8479368,Max Jones,EDM,F,28.956,True,True,168.000,0.223,0.000,0.000,0.000,,8.814,35.856,0.000,82.510,313.260,0.000,701.985,307.436,3.230,1.431,1.163,8.574,0.090,0.040,0.032,3.316,0.000,8.450,3.424,3.945,0.000,9.288,4.123,7.261,0.000,5.554,16.661,6.961,2.933,3.280,2.596,1.349,0.047,0.039,30.840,0.000,70.493,3.789,64.734,7.874,18.492,1.751,2.974,4.975,11.416,0.903,-0.259,0.137,-0.113,0.101,,21.000,5.000,8.678,0.075,0.036,0.025,0.558,0.774,0.238,1.339,0.420,0.038,0.110,0.129,0.212,0.560,0.020,0.236,5.901,7.258,3.413,6.697,0.717,1.233,0.313,2.089,12.399,1.508,3.542,0.335,0.570,0.953,2.187,1.512,1.373,0.083,0.399,0.164,0.694,0.070,0.265,0.120,0.523,0.042,0.285,0.023,0.347,0.419,1.800,1.111,2.105,0.055,0.398,0.138,0.792,1.068,0.271,0.418,0.925,1.148,0.147,0.267,0.157,0.144,1.058
8474567,Zach Bogosian,MIN,D,36.550,True,True,233.000,0.126,0.000,0.000,0.000,,14.196,37.015,0.316,84.000,522.082,0.000,1232.248,472.959,1.598,39.156,8.369,12.777,0.043,1.058,0.226,1.704,0.000,5.468,2.353,5.589,0.000,15.032,6.132,7.294,0.000,5.110,19.164,7.850,1.232,4.394,2.806,2.783,0.009,0.045,28.969,0.000,70.536,1.063,40.850,32.847,17.428,0.057,0.270,6.753,27.449,1.081,-0.109,0.096,0.163,0.078,,41.000,6.000,13.056,0.052,0.861,0.226,0.147,0.254,0.037,0.323,0.259,0.718,0.050,0.796,0.255,0.601,0.073,0.827,3.506,5.895,1.232,2.640,0.124,0.393,0.044,0.336,4.695,3.775,2.003,0.007,0.031,0.776,3.155,0.929,0.350,0.028,0.172,0.026,0.114,0.035,0.367,0.002,0.267,0.030,0.206,0.032,0.141,0.232,1.675,0.277,1.041,0.013,0.178,0.018,0.185,0.434,0.266,0.222,0.003,0.003,0.093,0.214,0.091,0.066,1.069
8479372,Josh Mahura,SEA,D,28.745,True,True,199.000,0.225,0.000,0.000,0.000,,15.290,38.310,0.000,77.865,607.732,0.000,1190.785,531.708,4.466,55.588,15.970,13.879,0.117,1.451,0.417,0.834,0.000,2.502,1.049,6.081,0.000,13.640,5.376,6.915,0.000,6.035,15.518,6.013,1.153,5.790,2.744,3.336,0.015,0.112,33.166,0.000,66.244,1.528,52.263,43.317,15.785,0.000,0.000,5.137,25.995,1.010,-0.183,0.113,-0.184,0.088,,23.000,2.000,13.763,0.106,1.028,0.392,0.110,0.283,0.044,0.433,0.259,0.772,0.054,0.794,0.319,0.664,0.069,0.881,3.529,5.380,1.049,1.961,0.145,0.407,0.052,0.602,5.160,4.277,1.558,0.000,0.000,0.507,2.566,0.762,0.368,0.035,0.193,0.031,0.129,0.040,0.389,0.002,0.294,0.033,0.220,0.035,0.152,0.289,1.724,0.345,1.183,0.017,0.185,0.022,0.209,0.529,0.322,0.266,0.003,0.003,0.111,0.259,0.108,0.079,1.015
8479718,Alex Barré-Boulet,SJS,F,29.700,True,True,41.000,0.210,0.000,0.000,0.000,,9.854,30.084,0.000,76.231,295.266,0.000,671.214,258.708,28.532,3.955,4.071,8.600,0.948,0.132,0.135,3.465,0.000,9.080,3.849,3.350,0.000,9.070,3.947,6.815,0.000,4.537,16.335,7.200,3.056,3.030,1.841,1.509,0.743,0.336,25.918,0.000,59.961,3.747,28.783,7.662,10.046,12.370,10.160,4.899,11.432,0.970,-0.117,0.206,0.049,0.128,,2.000,1.000,8.650,0.953,0.138,0.113,0.529,1.378,0.297,1.482,0.346,0.301,0.145,0.313,0.272,0.339,0.026,0.448,4.886,9.012,2.964,5.470,0.641,1.709,0.322,2.168,5.849,1.557,2.041,2.514,2.065,0.995,2.323,0.905,0.822,0.106,0.408,0.163,0.714,0.091,0.361,0.120,0.631,0.047,0.335,0.023,0.364,0.738,1.865,1.136,2.267,0.090,0.409,0.140,0.828,1.734,0.419,0.670,2.565,2.788,0.209,0.464,0.247,0.220,1.025
8474568,Luke Schenn,VAN,D,37.248,True,True,259.000,0.095,0.000,0.000,0.000,,13.385,46.852,0.000,75.118,715.720,0.000,1172.329,589.875,1.111,98.973,25.761,12.590,0.024,2.112,0.550,1.144,0.000,3.208,1.315,5.575,0.000,11.037,4.098,6.719,0.000,6.725,12.693,4.889,1.192,5.506,2.608,2.967,0.004,0.024,39.041,0.000,67.149,1.690,154.667,57.202,35.691,0.000,0.000,7.398,44.128,1.013,-0.291,0.095,0.132,0.078,,50.000,7.000,11.563,0.022,1.374,0.426,0.106,0.230,0.028,0.238,0.224,0.700,0.037,0.700,0.254,0.553,0.053,0.789,3.636,5.488,1.350,2.255,0.146,0.371,0.042,0.416,12.966,4.795,2.992,0.000,0.000,0.620,3.699,1.068,0.535,0.026,0.171,0.025,0.110,0.034,0.368,0.002,0.256,0.029,0.206,0.031,0.139,0.225,1.697,0.257,0.899,0.013,0.180,0.017,0.170,0.450,0.270,0.227,0.002,0.002,0.088,0.210,0.092,0.067,1.013
8480468,James Hamblin,ANA,F,27.767,True,True,41.000,0.117,0.000,0.000,0.000,,10.514,29.673,0.000,80.521,324.162,0.000,834.097,295.600,16.482,7.179,4.901,9.962,0.555,0.242,0.165,3.299,0.000,9.517,4.289,3.389,0.000,10.244,4.476,6.688,0.000,2.824,18.825,8.234,3.135,3.313,1.934,1.456,0.296,0.184,28.008,0.000,75.888,3.964,29.211,15.116,8.132,94.723,82.534,4.891,13.675,0.953,-0.284,0.220,-0.018,0.132,,0.000,0.000,9.665,0.467,0.247,0.135,0.543,1.026,0.280,1.784,0.352,0.319,0.147,0.605,0.262,0.337,0.024,0.471,5.112,7.349,2.823,5.707,0.683,1.324,0.313,2.439,5.407,2.798,1.505,17.532,15.276,0.905,2.531,0.642,0.734,0.113,0.448,0.167,0.757,0.095,0.419,0.121,0.694,0.049,0.377,0.023,0.376,0.835,2.205,1.126,2.389,0.100,0.469,0.140,0.868,1.972,0.464,0.744,3.142,3.468,0.222,0.526,0.272,0.239,1.019
8482460,Matt Rempe,NYR,F,24.594,True,True,85.000,0.243,0.000,0.000,0.000,,9.102,42.840,0.000,78.138,392.197,15.771,700.804,374.972,12.747,1.118,3.360,8.753,0.298,0.026,0.078,3.183,0.000,7.300,2.809,3.304,0.000,7.603,3.040,6.487,0.000,5.796,13.247,5.229,3.466,3.376,1.745,1.559,0.176,0.056,32.392,0.877,60.532,4.952,120.950,13.232,41.765,4.843,11.019,4.363,9.408,0.863,-0.015,0.158,-0.001,0.111,,26.000,1.000,8.713,0.296,0.025,0.069,0.510,0.901,0.258,1.432,0.280,0.102,0.119,0.131,0.247,0.167,0.022,0.285,4.926,6.094,2.851,4.651,0.732,1.193,0.311,2.172,18.503,2.024,6.389,0.741,1.686,0.667,1.439,2.167,1.590,0.097,0.447,0.175,0.767,0.081,0.362,0.126,0.617,0.046,0.350,0.024,0.380,0.520,2.066,1.181,2.351,0.067,0.448,0.146,0.864,1.255,0.312,0.490,1.222,1.464,0.165,0.316,0.182,0.166,0.990
8477810,Joel Hanley,CGY,D,35.652,True,True,189.000,0.128,0.000,0.000,0.000,,14.424,36.955,6.378,84.000,556.411,0.000,1519.771,497.378,2.865,41.709,14.459,13.459,0.077,1.129,0.391,1.040,0.000,3.104,1.873,5.987,0.000,17.851,7.453,7.028,0.000,3.224,20.955,8.692,0.813,4.447,2.311,3.676,0.015,0.084,22.696,0.000,64.757,1.118,28.903,47.415,18.130,0.000,0.000,4.638,31.019,1.013,-0.065,0.096,-0.282,0.079,,68.000,7.000,13.170,0.043,0.899,0.311,0.082,0.245,0.038,0.403,0.179,0.715,0.050,0.677,0.298,0.599,0.063,0.782,2.578,5.531,0.701,2.381,0.112,0.379,0.047,0.564,3.117,5.113,1.955,0.000,0.000,0.500,3.345,0.831,0.373,0.029,0.174,0.027,0.115,0.035,0.368,0.002,0.265,0.030,0.208,0.033,0.141,0.235,1.673,0.300,1.003,0.013,0.179,0.019,0.180,0.442,0.271,0.225,0.003,0.003,0.095,0.218,0.092,0.067,1.073
8482171,William Wallinder,DET,D,24.515,True,False,0.000,0.152,0.000,0.000,0.000,,15.411,30.922,0.000,64.209,493.513,0.000,873.979,447.149,9.200,27.290,9.873,14.461,0.297,0.882,0.319,1.462,0.000,3.681,1.531,5.198,0.000,10.678,4.198,6.660,0.000,6.248,13.746,5.304,1.419,5.044,2.465,2.733,0.047,0.281,27.523,0.000,56.591,1.310,36.426,34.845,15.154,0.046,0.046,5.262,26.288,1.053,0.000,0.258,0.000,0.140,0.486,,,14.058,0.390,0.674,0.290,0.169,0.296,0.055,0.527,0.280,0.932,0.064,0.821,0.312,0.845,0.074,0.990,3.414,5.998,1.147,3.906,0.152,0.428,0.063,0.504,4.428,4.236,1.842,0.006,0.006,0.640,3.196,0.807,0.463,0.054,0.214,0.034,0.141,0.050,0.415,0.002,0.325,0.039,0.231,0.037,0.160,0.779,1.832,0.404,1.518,0.040,0.192,0.024,0.253,1.866,0.819,0.656,0.057,0.057,0.239,0.689,0.255,0.162,1.031
8477149,Scott Sabourin,TBL,F,34.508,True,True,30.000,0.172,0.000,0.000,0.000,,7.987,36.975,0.000,76.911,294.707,22.777,570.750,290.553,2.612,0.867,0.675,7.858,0.071,0.023,0.018,2.393,0.000,5.697,2.439,4.402,0.000,9.621,4.016,6.795,0.000,5.497,15.392,5.887,2.020,3.007,2.841,1.562,0.043,0.009,18.354,0.827,38.050,2.959,72.338,13.575,44.851,0.309,4.144,2.919,12.400,0.910,-0.199,0.192,0.003,0.124,,26.000,5.000,7.881,0.060,0.027,0.018,0.406,0.828,0.215,1.308,0.400,0.035,0.097,0.060,0.219,0.109,0.019,0.208,3.714,6.507,2.584,4.293,0.594,1.230,0.280,2.123,14.727,2.764,9.131,0.063,0.844,0.594,2.525,3.046,1.812,0.096,0.412,0.155,0.698,0.082,0.390,0.116,0.653,0.045,0.357,0.022,0.358,0.634,2.122,1.106,2.312,0.079,0.450,0.136,0.838,1.680,0.400,0.640,1.634,2.001,0.198,0.417,0.235,0.209,1.062
8481461,Corey Schueneman,ANA,D,31.417,True,True,11.000,0.133,0.000,0.000,0.000,,14.612,30.042,0.000,78.798,488.247,0.000,1206.550,438.950,11.711,26.945,10.640,14.611,0.390,0.897,0.354,1.367,0.000,4.675,2.036,5.108,0.000,14.010,5.998,6.475,0.000,2.803,16.815,7.523,1.248,4.736,2.406,2.702,0.067,0.352,28.289,0.000,75.066,1.278,28.545,38.897,12.684,0.003,0.003,4.649,24.917,1.051,0.087,0.236,-0.036,0.135,,0.000,0.000,13.440,0.327,0.601,0.244,0.148,0.311,0.054,0.446,0.260,0.886,0.060,0.750,0.295,0.785,0.069,0.926,3.538,6.047,1.134,4.054,0.148,0.422,0.063,0.482,3.508,4.780,1.559,0.000,0.000,0.571,3.062,0.692,0.415,0.047,0.192,0.031,0.127,0.047,0.390,0.002,0.305,0.036,0.217,0.035,0.150,0.674,1.796,0.395,1.485,0.035,0.189,0.024,0.248,1.506,0.729,0.592,0.014,0.014,0.222,0.612,0.233,0.151,1.019
8478476,Kyle Capobianco,DAL,D,29.470,True,True,48.000,0.239,0.000,0.000,0.000,,12.410,32.206,0.000,80.817,406.758,0.000,948.980,390.344,11.293,1.843,3.277,12.120,0.351,0.057,0.102,1.909,0.000,5.509,2.516,4.684,0.000,11.233,5.069,6.593,0.000,4.747,16.613,6.977,1.270,3.752,2.193,2.491,0.078,0.377,20.354,0.000,49.147,1.018,17.682,26.522,12.166,0.000,0.000,7.155,21.298,1.076,0.062,0.162,-0.014,0.113,,33.000,5.000,11.858,0.390,0.064,0.099,0.184,0.276,0.059,0.373,0.240,0.834,0.058,0.677,0.277,0.772,0.060,0.863,2.921,5.907,1.113,3.700,0.142,0.393,0.064,0.380,2.608,3.912,1.795,0.000,0.000,1.055,3.142,0.843,0.473,0.043,0.187,0.032,0.130,0.044,0.377,0.002,0.308,0.035,0.216,0.036,0.153,0.431,1.615,0.401,1.456,0.024,0.176,0.024,0.243,0.841,0.464,0.406,0.005,0.005,0.154,0.395,0.163,0.113,1.048
8478454,Noah Juulsen,COL,D,29.834,True,True,153.000,0.202,0.000,0.000,0.000,,14.069,38.870,0.000,74.795,566.844,0.000,1038.254,503.278,0.932,55.555,7.079,12.948,0.024,1.429,0.182,1.017,0.000,2.719,1.359,5.707,0.000,12.108,4.836,6.725,0.000,5.952,14.880,5.633,0.903,4.546,2.383,3.325,0.005,0.026,22.156,0.000,43.252,1.007,87.808,44.405,15.927,0.000,0.000,7.386,36.052,1.034,-0.192,0.112,0.040,0.088,,52.000,10.000,12.416,0.026,1.463,0.164,0.099,0.270,0.037,0.261,0.208,0.753,0.041,0.860,0.296,0.597,0.059,0.854,2.468,5.846,1.155,2.494,0.108,0.397,0.057,0.328,9.294,4.700,1.686,0.000,0.000,0.782,3.816,0.723,0.509,0.034,0.194,0.028,0.127,0.039,0.393,0.002,0.288,0.033,0.220,0.034,0.150,0.280,1.789,0.281,1.112,0.016,0.189,0.018,0.203,0.531,0.317,0.264,0.003,0.003,0.104,0.247,0.107,0.078,1.070
8479981,Jonah Gadjovich,FLA,F,28.307,True,True,126.000,0.181,5.000,5.000,5.000,dailyfaceoff:ir:out,8.578,44.971,1.158,75.158,402.682,41.157,690.381,393.098,5.047,2.863,1.674,8.741,0.112,0.064,0.037,3.401,0.000,7.196,2.792,3.735,0.000,7.897,3.100,7.136,0.000,7.103,14.205,5.321,3.490,3.889,2.435,1.300,0.071,0.015,40.405,2.756,72.578,4.931,112.825,16.960,49.405,1.978,2.166,5.143,14.914,0.888,-0.144,0.159,-0.065,0.111,,10.000,3.000,8.325,0.141,0.068,0.045,0.514,0.868,0.230,1.364,0.385,0.057,0.106,0.088,0.204,0.128,0.020,0.241,6.039,7.093,2.550,4.262,0.726,1.221,0.280,2.116,16.811,2.527,7.361,0.295,0.323,0.766,2.222,2.090,1.799,0.092,0.436,0.165,0.737,0.077,0.357,0.120,0.590,0.045,0.350,0.023,0.367,0.505,2.105,1.113,2.309,0.065,0.452,0.138,0.848,1.294,0.321,0.503,1.236,1.482,0.168,0.320,0.187,0.170,1.139
8480029,Alex Formenton,EDM,F,27.387,True,False,0.000,0.135,0.000,0.000,0.000,,10.636,27.284,0.000,57.974,291.639,27.394,496.835,262.334,16.573,7.786,4.947,9.615,0.607,0.285,0.181,3.132,0.000,6.481,2.576,3.394,0.000,7.197,3.010,6.525,0.547,6.018,13.129,5.080,2.960,3.208,1.949,1.445,0.316,0.213,27.629,2.063,52.102,3.487,37.373,10.613,11.542,20.180,22.840,4.220,11.805,0.991,0.000,0.258,0.000,0.140,,0.000,0.000,9.731,0.506,0.256,0.142,0.564,1.080,0.300,1.917,0.381,0.359,0.155,0.693,0.279,0.369,0.024,0.506,5.629,7.659,3.050,6.131,0.653,1.365,0.336,2.559,7.689,2.183,2.375,4.152,4.699,0.868,2.429,0.953,0.886,0.123,0.457,0.171,0.775,0.101,0.423,0.122,0.706,0.050,0.380,0.024,0.378,1.173,2.255,1.172,2.455,0.128,0.478,0.144,0.889,2.729,0.573,0.972,9.336,8.455,0.248,0.717,0.345,0.289,1.058
8482094,Daemon Hunt,MIN,D,24.717,True,True,45.000,0.246,0.000,0.000,0.000,,13.277,26.634,0.738,84.000,351.827,0.000,1049.515,309.736,4.246,31.617,6.229,11.630,0.159,1.187,0.234,0.788,0.000,3.137,1.454,5.714,0.000,18.523,7.747,6.503,0.000,1.459,18.972,8.750,0.767,3.615,2.619,3.096,0.024,0.197,19.203,0.000,55.688,0.876,21.284,34.805,7.805,0.000,0.000,2.604,14.603,1.034,-0.325,0.165,0.125,0.114,0.654,32.000,6.000,11.883,0.193,0.966,0.234,0.131,0.328,0.058,0.335,0.289,0.956,0.053,0.689,0.339,0.802,0.071,1.113,3.397,6.910,1.641,3.011,0.147,0.472,0.074,0.406,3.630,5.936,1.331,0.000,0.000,0.444,2.490,0.614,0.485,0.045,0.202,0.033,0.137,0.046,0.398,0.002,0.312,0.036,0.225,0.036,0.156,0.473,1.790,0.383,1.439,0.026,0.191,0.024,0.244,0.868,0.480,0.409,0.005,0.005,0.153,0.391,0.164,0.114,1.069
8483766,David Spacek,MIN,D,23.953,True,True,2.000,0.153,0.000,0.000,0.000,,14.570,30.275,0.000,74.996,434.000,0.000,959.681,403.583,6.372,16.407,7.638,13.331,0.210,0.542,0.252,1.407,0.000,3.515,1.827,5.081,0.000,12.256,5.149,6.487,0.000,5.257,15.771,6.502,1.248,4.522,2.406,2.675,0.041,0.212,24.924,0.000,59.197,1.177,32.154,31.647,13.265,0.006,0.006,4.094,23.059,1.053,-0.076,0.249,0.024,0.138,0.599,2.000,0.000,13.621,0.255,0.441,0.252,0.169,0.340,0.064,0.477,0.286,0.958,0.065,0.781,0.320,0.823,0.074,0.970,3.469,6.719,1.257,4.166,0.156,0.460,0.070,0.489,4.445,4.375,1.834,0.001,0.001,0.566,3.188,0.800,0.460,0.052,0.209,0.034,0.139,0.049,0.408,0.002,0.319,0.038,0.227,0.037,0.157,0.767,1.897,0.418,1.566,0.040,0.199,0.025,0.261,1.717,0.786,0.634,0.022,0.022,0.234,0.661,0.248,0.159,1.069
8483695,Amadeus Lombardi,NJD,F,23.660,True,False,0.000,0.158,0.000,0.000,0.000,,12.316,21.474,0.000,50.678,246.847,12.552,405.036,225.241,11.425,7.019,3.162,10.489,0.532,0.327,0.147,2.732,0.000,5.689,2.108,3.386,0.000,6.737,2.565,6.117,0.000,5.610,12.022,4.307,2.704,3.352,1.976,1.410,0.196,0.210,25.317,1.188,47.145,3.154,27.655,8.530,8.705,18.729,21.481,3.850,10.799,0.991,0.000,0.258,0.000,0.140,1.052,,,11.269,0.586,0.297,0.165,0.625,1.020,0.337,2.326,0.468,0.569,0.198,1.257,0.334,0.523,0.027,0.715,6.112,8.267,3.392,7.661,0.717,1.381,0.381,2.950,6.722,2.073,2.116,4.552,5.221,0.936,2.625,0.877,0.867,0.123,0.457,0.171,0.775,0.101,0.423,0.122,0.706,0.050,0.380,0.024,0.378,1.173,2.255,1.172,2.455,0.128,0.478,0.144,0.889,2.729,0.573,0.972,9.336,8.455,0.248,0.717,0.345,0.289,1.010
8482964,Arber Xhekaj,MTL,D,26.004,True,True,230.000,0.121,0.000,0.000,0.000,,12.166,42.294,2.544,84.000,516.184,0.000,1107.324,494.677,1.319,16.134,4.054,11.696,0.031,0.382,0.096,1.439,0.000,3.967,1.914,4.800,0.000,11.499,4.851,6.240,0.000,5.151,15.452,6.151,1.148,3.954,2.478,2.323,0.008,0.034,32.630,0.000,71.222,1.238,99.591,31.173,48.911,0.000,0.000,4.179,30.808,1.040,-0.229,0.097,-0.002,0.079,,65.000,4.000,11.633,0.032,0.384,0.118,0.134,0.306,0.050,0.298,0.240,0.658,0.048,0.472,0.222,0.607,0.056,0.799,3.878,7.255,0.895,3.796,0.144,0.422,0.058,0.366,11.576,3.623,5.685,0.000,0.000,0.486,3.581,2.135,1.078,0.032,0.184,0.032,0.133,0.037,0.370,0.002,0.296,0.032,0.217,0.036,0.154,0.248,1.545,0.345,1.215,0.014,0.171,0.022,0.204,0.478,0.276,0.246,0.003,0.003,0.091,0.226,0.100,0.072,1.031
8484428,Charles Alexis Legault,CAR,D,23.409,True,True,12.000,0.303,0.000,0.000,0.000,,15.026,31.189,0.000,77.432,477.706,0.000,1031.138,434.031,2.529,31.076,10.070,13.916,0.081,0.996,0.323,1.793,0.000,5.213,2.407,4.724,0.000,11.330,4.548,6.517,0.000,5.108,15.325,6.224,1.155,4.083,2.099,2.624,0.019,0.069,28.015,0.000,62.809,1.423,37.760,32.501,26.403,0.001,0.001,9.799,30.283,1.050,-0.088,0.206,0.037,0.128,0.428,12.000,2.000,13.682,0.078,0.935,0.332,0.139,0.289,0.049,0.684,0.229,0.777,0.050,0.615,0.286,0.633,0.066,0.838,3.637,5.929,1.374,4.423,0.161,0.407,0.056,1.287,4.743,4.082,3.316,0.000,0.000,1.231,3.804,1.331,0.656,0.050,0.210,0.034,0.139,0.048,0.408,0.002,0.315,0.037,0.227,0.037,0.157,0.591,1.905,0.405,1.494,0.032,0.200,0.025,0.252,1.185,0.623,0.511,0.008,0.008,0.196,0.513,0.203,0.136,1.078
8482731,Tyson Hinds,ANA,D,23.893,True,True,6.000,0.151,0.000,0.000,0.000,,16.050,31.911,0.000,72.211,567.670,0.000,1159.339,523.887,5.002,34.242,4.540,16.417,0.157,1.073,0.142,1.358,0.000,3.436,1.691,4.791,0.000,11.364,4.700,6.149,0.000,5.640,14.806,5.985,1.452,5.092,2.223,2.569,0.024,0.116,39.245,0.000,86.383,1.574,39.779,46.952,15.838,0.002,0.002,6.123,30.206,1.047,0.254,0.224,-0.026,0.133,0.455,6.000,0.000,15.101,0.132,0.719,0.098,0.156,0.310,0.054,0.475,0.253,0.801,0.059,0.723,0.294,0.683,0.073,0.869,4.336,5.879,1.094,3.611,0.168,0.425,0.060,0.472,4.204,4.963,1.674,0.000,0.000,0.647,3.193,0.762,0.490,0.051,0.209,0.034,0.139,0.049,0.408,0.002,0.319,0.038,0.227,0.037,0.157,0.661,1.898,0.413,1.572,0.035,0.199,0.025,0.262,1.358,0.690,0.558,0.011,0.011,0.215,0.576,0.221,0.145,1.019
8480876,Curtis Douglas,SEA,F,26.908,True,True,43.000,0.157,0.000,0.000,0.000,,7.095,40.547,0.032,83.031,287.243,7.914,583.122,281.989,1.662,2.287,1.305,6.955,0.041,0.056,0.032,2.446,0.000,5.544,2.601,3.676,0.000,9.549,3.787,6.122,0.000,4.997,13.741,5.642,2.178,2.732,2.448,1.227,0.032,0.001,28.371,0.964,59.773,3.830,57.933,11.712,52.738,6.026,7.154,4.585,15.654,0.818,0.070,0.181,-0.173,0.120,0.802,43.000,4.000,6.996,0.035,0.037,0.027,0.450,1.017,0.234,1.202,0.387,0.001,0.087,0.000,0.193,0.023,0.021,0.096,5.951,7.600,2.864,3.872,0.793,1.525,0.304,2.245,12.101,2.446,11.016,1.259,1.494,0.958,3.270,2.891,1.769,0.102,0.455,0.170,0.762,0.084,0.321,0.122,0.209,0.047,0.375,0.024,0.371,0.629,2.235,1.153,2.385,0.079,0.474,0.142,0.872,1.581,0.376,0.604,1.429,1.713,0.185,0.370,0.222,0.196,1.015
8481167,Brayden Pachal,CGY,D,27.444,True,True,175.000,0.183,0.000,0.000,0.000,,14.189,26.502,0.000,83.881,391.038,0.000,1185.232,356.466,1.304,27.177,6.091,13.451,0.049,1.026,0.230,1.408,0.000,4.370,2.327,5.052,0.000,15.529,6.920,6.460,0.000,1.421,21.319,8.720,0.961,3.494,2.268,2.784,0.009,0.045,22.588,0.000,69.119,0.928,58.152,29.312,23.560,0.000,0.000,4.550,23.057,1.054,-0.016,0.106,-0.099,0.085,,39.000,7.000,13.162,0.028,0.817,0.182,0.152,0.277,0.044,0.324,0.247,0.785,0.052,0.573,0.302,0.631,0.064,0.847,3.679,5.853,0.863,2.092,0.146,0.402,0.050,0.293,8.923,4.497,3.615,0.000,0.000,0.698,3.538,1.577,0.982,0.034,0.200,0.030,0.131,0.039,0.402,0.002,0.301,0.033,0.225,0.035,0.154,0.272,1.826,0.317,1.253,0.015,0.193,0.021,0.217,0.502,0.301,0.255,0.003,0.003,0.103,0.243,0.104,0.075,1.073
8477070,Liam O'Brien,UTA,F,32.512,True,True,197.000,0.210,0.000,0.000,0.000,,9.095,38.285,0.000,75.701,345.144,0.000,641.406,339.544,1.773,0.758,3.069,8.869,0.046,0.020,0.080,2.688,0.000,6.146,2.500,3.396,0.000,7.195,3.011,6.084,0.000,5.339,13.347,4.936,2.499,3.068,2.063,1.334,0.024,0.009,31.200,0.000,60.020,4.163,102.290,13.857,34.184,3.489,6.082,2.824,13.092,0.754,-0.390,0.126,0.003,0.096,,38.000,4.000,8.941,0.050,0.021,0.083,0.424,0.753,0.200,1.440,0.321,0.120,0.107,0.833,0.210,0.165,0.019,0.265,5.431,7.846,2.514,3.887,0.703,1.179,0.275,2.876,17.782,2.409,5.943,0.607,1.057,0.491,2.276,1.860,1.391,0.076,0.416,0.150,0.663,0.065,0.389,0.112,0.551,0.040,0.355,0.022,0.339,0.374,2.105,0.961,2.055,0.050,0.448,0.122,0.771,0.967,0.248,0.381,0.813,1.032,0.139,0.247,0.143,0.134,1.016
8479639,Dylan Coghlan,VGK,D,28.950,True,True,27.000,0.228,0.000,0.000,0.000,,15.060,37.873,0.000,73.710,555.794,0.000,1019.760,521.742,11.527,12.358,10.167,13.776,0.304,0.326,0.269,1.448,0.000,3.700,1.608,5.258,0.000,11.017,4.220,6.706,0.000,5.885,13.977,5.298,1.533,5.582,2.501,2.757,0.055,0.291,39.189,0.000,76.382,1.777,33.103,38.730,17.541,0.001,0.001,5.665,30.762,1.041,0.182,0.209,0.024,0.129,,3.000,0.000,14.188,0.241,0.350,0.281,0.159,0.304,0.059,0.498,0.270,0.852,0.065,0.761,0.301,0.759,0.073,0.898,4.263,6.206,1.145,4.100,0.183,0.421,0.065,0.530,3.574,4.181,1.894,0.000,0.000,0.612,3.321,0.874,0.397,0.047,0.195,0.032,0.131,0.047,0.393,0.002,0.310,0.037,0.221,0.036,0.153,0.589,1.763,0.400,1.479,0.032,0.188,0.024,0.247,1.182,0.626,0.514,0.009,0.009,0.201,0.527,0.205,0.137,1.121
8483686,Adam Engstrom,MTL,D,23.209,True,True,15.000,0.256,0.000,0.000,0.000,,14.355,30.861,0.000,72.415,444.048,0.000,881.563,424.267,8.489,6.330,4.962,13.748,0.275,0.205,0.161,1.192,0.000,3.329,1.412,4.835,0.000,11.096,4.251,6.028,0.000,5.067,13.029,5.244,1.300,4.669,2.279,2.557,0.044,0.269,28.476,0.000,59.043,1.392,22.643,24.698,16.263,0.001,0.001,4.489,20.167,1.042,0.012,0.199,-0.008,0.126,0.646,15.000,1.000,13.673,0.278,0.206,0.198,0.170,0.340,0.069,0.501,0.281,0.978,0.070,0.805,0.319,0.856,0.076,1.059,3.825,6.567,1.302,4.360,0.181,0.457,0.074,0.483,3.060,3.337,2.197,0.000,0.000,0.607,2.725,1.013,0.426,0.050,0.209,0.034,0.140,0.048,0.403,0.002,0.317,0.037,0.226,0.037,0.157,0.591,1.857,0.419,1.543,0.032,0.197,0.025,0.258,1.117,0.593,0.497,0.008,0.008,0.192,0.500,0.198,0.133,1.031
8482807,Ethan Del Mastro,CHI,D,24.047,True,True,44.000,0.269,0.000,0.000,0.000,,15.222,31.328,0.000,75.207,482.075,0.000,1020.805,447.297,1.661,25.852,7.265,14.278,0.053,0.825,0.232,1.427,0.000,3.788,1.746,4.472,0.000,10.680,4.223,5.899,0.000,5.092,13.579,5.479,1.171,4.211,2.132,2.341,0.010,0.043,26.410,0.000,58.580,1.001,37.353,30.315,12.328,0.000,0.000,6.633,27.534,1.056,-0.149,0.154,-0.213,0.109,0.480,18.000,1.000,14.187,0.056,0.777,0.203,0.146,0.298,0.051,0.447,0.249,0.795,0.056,0.867,0.275,0.653,0.071,0.853,3.401,5.976,1.002,3.810,0.121,0.420,0.056,0.540,4.649,3.773,1.534,0.000,0.000,0.826,3.427,0.732,0.481,0.044,0.208,0.033,0.138,0.045,0.406,0.002,0.313,0.036,0.227,0.037,0.156,0.418,1.884,0.396,1.460,0.023,0.198,0.024,0.247,0.777,0.450,0.373,0.005,0.005,0.151,0.368,0.151,0.106,1.013
8480831,Alec Regula,EDM,D,26.489,True,True,33.000,0.173,5.000,5.000,5.000,dailyfaceoff:ir:out,14.897,26.768,0.000,72.097,419.186,0.000,1007.561,390.424,1.525,21.661,5.576,14.585,0.057,0.809,0.208,0.900,0.000,3.194,1.347,5.193,0.000,14.092,5.826,6.093,0.000,3.877,16.477,6.804,0.883,4.095,2.339,2.853,0.008,0.051,20.951,0.000,53.005,0.894,19.127,39.924,20.960,0.000,0.000,5.780,27.457,1.040,-0.174,0.165,-0.015,0.114,0.606,29.000,3.000,13.876,0.050,0.796,0.175,0.125,0.313,0.054,0.431,0.267,0.864,0.060,0.721,0.325,0.712,0.077,0.942,3.089,6.350,1.070,3.250,0.126,0.449,0.060,0.437,2.738,5.715,3.000,0.000,0.000,0.827,3.930,1.300,0.444,0.045,0.201,0.032,0.134,0.046,0.404,0.002,0.314,0.036,0.226,0.036,0.156,0.458,1.831,0.386,1.460,0.025,0.193,0.024,0.246,0.847,0.483,0.400,0.005,0.005,0.161,0.396,0.161,0.112,1.058
8475253,Garrett Wilson,PHI,F,35.882,True,True,3.000,0.126,0.000,0.000,0.000,,9.282,28.822,0.000,69.842,262.659,0.000,528.316,249.762,7.416,3.357,2.124,8.666,0.257,0.117,0.074,2.723,0.000,7.000,2.861,3.371,0.000,8.652,3.501,6.094,0.000,4.604,13.811,5.798,2.098,2.392,1.899,1.472,0.142,0.077,23.837,0.000,52.166,2.683,40.425,8.623,16.574,3.668,6.450,4.026,10.198,0.977,-0.006,0.247,0.014,0.138,,3.000,0.000,8.848,0.243,0.123,0.069,0.461,0.885,0.244,1.577,0.312,0.203,0.124,0.431,0.240,0.237,0.021,0.359,5.442,6.842,2.737,5.185,0.584,1.237,0.301,2.301,9.234,1.970,3.786,0.838,1.473,0.920,2.329,1.160,1.039,0.108,0.407,0.153,0.691,0.093,0.397,0.115,0.663,0.046,0.357,0.022,0.355,0.992,2.117,1.100,2.305,0.112,0.449,0.136,0.835,2.470,0.537,0.897,4.956,5.362,0.240,0.648,0.322,0.273,1.073
8483466,Kevin Korchinski,CHI,D,22.615,True,True,105.000,0.242,0.000,0.000,0.000,,15.108,32.062,0.000,74.762,488.405,0.000,1009.132,467.381,6.555,5.962,8.507,14.577,0.204,0.186,0.265,1.379,0.000,3.196,1.615,4.367,0.000,9.831,4.012,5.746,0.000,4.596,13.023,5.152,1.347,4.504,1.995,2.372,0.025,0.191,27.872,0.000,59.144,1.113,10.631,27.764,10.375,0.000,0.000,5.336,38.506,1.058,0.004,0.131,-0.002,0.099,,13.000,2.000,14.484,0.217,0.175,0.232,0.160,0.227,0.064,0.477,0.237,0.863,0.066,0.804,0.284,0.938,0.071,0.857,3.444,4.073,1.162,3.423,0.130,0.294,0.068,0.411,1.306,3.411,1.274,0.000,0.000,0.655,4.730,0.618,0.270,0.042,0.181,0.034,0.139,0.043,0.342,0.002,0.304,0.035,0.209,0.037,0.155,0.359,1.355,0.415,1.353,0.020,0.158,0.025,0.228,0.607,0.360,0.307,0.004,0.004,0.128,0.305,0.125,0.089,1.013
8476952,Dominic Toninato,CHI,F,32.901,True,True,33.000,0.309,0.000,0.000,0.000,,9.312,28.885,0.000,80.536,265.513,0.000,680.393,255.384,3.470,2.957,3.701,8.841,0.120,0.102,0.128,1.995,0.000,5.889,2.608,3.716,0.000,10.304,4.627,5.711,0.000,3.484,15.097,6.704,1.927,2.768,2.290,1.426,0.050,0.028,22.067,0.000,56.478,2.762,40.233,9.939,12.704,67.895,61.723,4.043,10.614,0.902,-0.297,0.206,-0.139,0.128,,8.000,1.000,8.986,0.129,0.085,0.112,0.411,0.838,0.234,1.884,0.374,0.162,0.120,1.617,0.242,0.201,0.020,0.323,4.964,6.712,3.305,6.280,0.592,1.214,0.299,2.584,9.092,2.246,2.871,15.343,13.948,0.914,2.398,1.283,0.782,0.102,0.418,0.156,0.696,0.088,0.402,0.116,0.638,0.046,0.362,0.022,0.356,0.717,2.136,1.097,2.248,0.088,0.453,0.136,0.823,1.815,0.431,0.688,2.108,2.521,0.211,0.471,0.253,0.224,1.013
8481161,Jake Christiansen,CBJ,D,27.390,True,True,144.000,0.218,0.000,0.000,0.000,,10.826,50.021,12.323,84.000,547.664,103.589,980.091,528.024,1.451,12.473,5.716,10.556,0.029,0.249,0.114,0.818,0.000,1.864,1.154,4.962,0.000,10.133,3.999,5.780,0.000,5.469,12.031,4.602,0.886,4.540,2.513,2.449,0.005,0.038,33.936,5.108,63.438,1.216,36.447,37.347,11.520,0.000,0.000,4.280,26.106,1.021,-0.209,0.120,0.056,0.093,,40.000,3.000,10.470,0.027,0.231,0.099,0.097,0.213,0.051,0.205,0.253,0.872,0.043,0.426,0.244,0.581,0.051,0.702,3.773,5.891,1.131,3.719,0.133,0.339,0.063,0.273,3.993,4.092,1.262,0.000,0.000,0.469,2.860,0.556,0.289,0.036,0.197,0.032,0.130,0.041,0.399,0.002,0.298,0.034,0.224,0.036,0.154,0.304,1.790,0.379,1.261,0.017,0.190,0.023,0.207,0.621,0.345,0.312,0.003,0.003,0.110,0.285,0.125,0.089,1.041
8483679,Anton Johansson,DET,D,22.645,True,False,0.000,0.164,0.000,0.000,0.000,,15.876,26.382,0.000,57.867,433.756,0.000,745.903,393.007,8.086,23.985,8.678,14.897,0.306,0.909,0.329,1.251,0.000,3.145,1.284,4.419,0.000,8.848,3.427,5.670,0.000,5.734,11.469,4.324,1.213,4.288,2.095,2.324,0.040,0.237,24.959,0.000,48.411,1.195,31.133,30.508,12.943,0.041,0.041,4.737,23.082,1.053,0.000,0.258,0.000,0.140,0.527,,,14.482,0.401,0.694,0.299,0.164,0.290,0.053,0.531,0.270,0.890,0.063,0.805,0.302,0.814,0.072,0.955,3.521,6.154,1.189,4.096,0.157,0.446,0.066,0.536,4.306,4.220,1.790,0.006,0.006,0.655,3.193,0.789,0.454,0.050,0.198,0.032,0.131,0.047,0.385,0.002,0.301,0.036,0.214,0.035,0.148,0.779,1.832,0.404,1.518,0.040,0.192,0.024,0.253,1.866,0.819,0.656,0.057,0.057,0.239,0.689,0.255,0.162,1.031
8484305,Zach Metsa,BUF,D,28.288,True,True,43.000,0.174,0.000,0.000,0.000,,11.331,28.911,2.164,84.000,330.240,10.466,915.334,313.816,1.623,9.706,5.095,10.854,0.056,0.336,0.176,1.569,0.000,5.263,2.506,4.074,0.000,10.925,5.188,5.644,0.000,3.220,16.102,7.039,0.898,2.625,1.634,2.440,0.011,0.058,16.545,0.000,44.236,0.815,9.208,22.550,8.328,0.000,0.000,3.248,19.115,1.065,-0.238,0.159,-0.044,0.112,,43.000,6.000,10.784,0.060,0.302,0.184,0.164,0.231,0.049,0.304,0.188,0.782,0.045,0.482,0.284,0.605,0.054,0.735,3.018,5.668,0.938,5.338,0.144,0.351,0.052,0.539,1.673,4.097,1.513,0.000,0.000,0.590,3.473,0.697,0.524,0.042,0.197,0.032,0.131,0.044,0.399,0.002,0.305,0.035,0.223,0.036,0.154,0.416,1.809,0.390,1.375,0.023,0.191,0.024,0.229,0.862,0.466,0.409,0.005,0.005,0.148,0.386,0.164,0.113,1.039
8477938,Haydn Fleury,WPG,D,30.568,True,True,130.000,0.275,0.000,0.000,0.000,,14.164,27.494,1.567,81.567,372.374,0.000,1082.524,321.284,5.235,29.992,15.862,11.686,0.190,1.091,0.577,1.141,0.000,3.882,1.891,4.158,0.000,12.096,5.566,5.300,0.000,2.666,15.995,6.953,0.903,3.200,1.862,2.296,0.038,0.161,20.104,0.000,59.040,1.079,32.342,34.190,7.910,0.000,0.000,3.513,21.277,1.027,-0.352,0.121,0.121,0.093,,38.000,4.000,12.066,0.168,1.235,0.695,0.141,0.345,0.038,0.374,0.227,0.764,0.044,0.490,0.268,0.652,0.059,0.930,3.361,6.156,0.945,4.154,0.151,0.641,0.047,0.717,5.211,5.509,1.274,0.000,0.000,0.566,3.428,0.613,0.249,0.035,0.188,0.029,0.124,0.040,0.380,0.002,0.275,0.033,0.216,0.034,0.147,0.306,1.684,0.317,0.997,0.017,0.181,0.020,0.182,0.581,0.342,0.289,0.003,0.003,0.112,0.272,0.117,0.084,0.986
8482861,Vincent Iorio,NYR,D,24.216,True,True,36.000,0.210,0.000,0.000,0.000,,16.276,26.695,0.000,79.117,416.814,0.000,1089.217,373.036,2.400,32.225,9.153,13.974,0.090,1.207,0.343,0.782,0.000,2.449,1.307,4.518,0.000,12.190,5.416,5.300,0.000,2.941,14.708,6.338,0.824,3.797,2.035,2.483,0.012,0.069,18.992,0.000,51.120,0.861,18.502,35.473,11.728,0.000,0.000,5.755,26.376,1.040,-0.262,0.163,0.211,0.113,0.471,27.000,3.000,14.713,0.089,1.180,0.295,0.116,0.309,0.046,0.415,0.249,0.788,0.054,0.674,0.303,0.663,0.073,0.901,2.872,5.910,0.935,2.622,0.121,0.428,0.052,0.411,2.663,5.106,1.688,0.000,0.000,0.828,3.797,0.803,0.322,0.045,0.207,0.033,0.137,0.046,0.405,0.002,0.312,0.036,0.226,0.036,0.156,0.447,1.869,0.382,1.415,0.025,0.197,0.024,0.243,0.822,0.478,0.388,0.005,0.005,0.160,0.387,0.157,0.110,0.990
8480075,Cameron Crotty,OTT,D,27.745,True,True,8.000,0.127,0.000,0.000,0.000,,14.342,34.044,0.000,72.931,501.822,0.000,968.436,455.882,2.801,39.663,3.477,13.391,0.082,1.165,0.102,1.003,0.000,3.082,1.388,4.682,0.000,11.138,4.320,5.685,0.000,4.479,12.542,5.202,0.926,3.770,2.078,2.603,0.013,0.074,24.492,0.000,53.154,0.969,33.467,32.797,12.361,0.002,0.002,6.200,23.034,1.050,0.134,0.225,-0.030,0.133,0.316,6.000,1.000,13.025,0.109,1.104,0.103,0.115,0.253,0.040,0.308,0.208,0.706,0.043,0.563,0.261,0.579,0.059,0.779,3.094,5.261,0.887,2.581,0.118,0.359,0.047,0.368,4.002,3.921,1.478,0.000,0.000,0.741,2.754,0.652,0.397,0.048,0.200,0.032,0.132,0.048,0.403,0.002,0.315,0.037,0.225,0.036,0.155,0.630,1.843,0.395,1.521,0.034,0.193,0.024,0.254,1.389,0.694,0.565,0.011,0.011,0.212,0.574,0.223,0.146,1.077
8483709,Abram Wiebe,CGY,D,23.430,True,True,4.000,0.156,0.000,0.000,0.000,,14.291,23.810,0.000,78.438,353.531,0.000,999.419,332.293,7.639,9.289,4.310,13.956,0.321,0.390,0.181,1.136,0.000,3.877,1.872,4.165,0.000,12.109,5.351,5.301,0.000,1.879,15.968,6.811,0.964,3.578,1.975,2.190,0.048,0.248,18.012,0.000,52.423,0.887,24.115,21.649,12.253,0.002,0.002,3.076,18.225,1.053,-0.024,0.238,0.117,0.136,0.567,4.000,0.000,13.657,0.180,0.311,0.144,0.159,0.320,0.063,0.459,0.274,0.909,0.064,0.738,0.308,0.765,0.072,0.907,3.015,6.512,1.220,4.078,0.142,0.444,0.068,0.460,4.093,3.674,2.079,0.000,0.000,0.522,3.093,0.920,0.431,0.052,0.210,0.034,0.139,0.049,0.408,0.002,0.319,0.038,0.227,0.037,0.157,0.727,1.905,0.420,1.577,0.038,0.200,0.025,0.263,1.565,0.745,0.606,0.015,0.015,0.225,0.626,0.238,0.154,1.073
8483460,David Jiricek,PHI,D,23.179,True,True,85.000,0.287,0.000,0.000,0.000,,12.911,31.506,0.000,77.883,404.100,0.000,875.561,384.341,4.455,12.026,3.278,12.199,0.141,0.382,0.104,1.018,0.000,2.869,1.388,4.238,0.000,10.264,4.202,5.256,0.000,4.048,13.157,5.117,0.890,3.448,2.073,2.165,0.024,0.134,22.325,0.000,50.151,0.871,18.369,25.849,16.745,0.000,0.000,4.296,29.507,1.046,-0.142,0.144,0.132,0.105,,26.000,0.000,12.244,0.148,0.418,0.101,0.131,0.283,0.054,0.327,0.247,0.804,0.051,0.577,0.258,0.669,0.061,0.884,3.338,7.154,1.020,3.725,0.126,0.435,0.058,0.363,2.727,3.838,2.486,0.000,0.000,0.638,4.381,1.187,0.451,0.043,0.206,0.034,0.139,0.044,0.398,0.002,0.311,0.035,0.225,0.037,0.156,0.390,1.808,0.404,1.428,0.022,0.193,0.025,0.240,0.743,0.417,0.363,0.004,0.004,0.137,0.345,0.146,0.103,1.073
8478465,Guillaume Brisebois,VAN,D,29.533,True,True,20.000,0.187,0.000,0.000,0.000,,12.296,33.295,0.000,75.201,454.450,0.000,929.951,409.968,9.703,25.384,9.395,12.313,0.291,0.762,0.282,1.084,0.000,3.057,1.615,3.864,0.000,9.345,3.944,4.948,0.000,4.136,11.374,4.984,0.828,2.935,1.805,2.059,0.043,0.254,19.628,0.000,44.242,0.856,30.057,34.974,14.157,0.002,0.002,3.964,20.757,1.054,-0.051,0.227,0.021,0.133,0.173,0.000,0.000,11.308,0.273,0.496,0.218,0.109,0.205,0.038,0.226,0.173,0.650,0.037,0.455,0.198,0.544,0.043,0.661,2.665,4.492,0.755,2.386,0.110,0.287,0.042,0.269,3.968,4.618,1.869,0.000,0.000,0.523,2.740,0.848,0.436,0.047,0.196,0.031,0.130,0.047,0.396,0.002,0.308,0.036,0.221,0.036,0.153,0.616,1.814,0.390,1.473,0.033,0.191,0.024,0.246,1.417,0.693,0.574,0.011,0.011,0.211,0.580,0.226,0.148,1.013
8478173,Hayden Hodgson,OTT,F,30.919,True,True,13.000,0.258,0.000,0.000,0.000,,7.799,42.928,0.000,73.345,333.144,55.278,547.386,323.658,4.586,2.705,2.194,7.540,0.107,0.063,0.051,2.433,0.000,5.222,2.243,2.778,0.000,6.635,2.635,5.211,0.000,4.550,10.920,4.204,2.264,2.355,1.485,1.292,0.074,0.010,24.947,3.178,46.086,3.192,83.431,10.161,29.326,1.145,2.378,4.258,14.300,0.945,-0.034,0.227,0.066,0.133,,10.000,0.000,7.561,0.123,0.058,0.057,0.397,0.902,0.221,1.247,0.233,0.008,0.092,0.000,0.200,0.098,0.019,0.178,4.481,6.671,2.592,4.009,0.557,1.292,0.278,2.064,15.026,1.830,5.282,0.206,0.428,0.767,2.575,1.786,1.194,0.108,0.426,0.160,0.719,0.092,0.392,0.118,0.269,0.047,0.367,0.023,0.364,0.849,2.161,1.124,2.333,0.101,0.458,0.139,0.848,2.189,0.493,0.811,2.784,3.235,0.228,0.550,0.293,0.253,1.077
8484262,Travis Mitchell,ANA,D,27.187,True,True,9.000,0.130,0.000,0.000,0.000,,12.537,24.925,4.592,84.000,343.328,0.000,1341.757,327.817,2.815,8.456,4.240,13.152,0.113,0.339,0.170,1.685,0.000,6.238,3.462,3.133,0.000,11.822,5.527,4.818,0.000,0.000,18.094,8.384,1.020,2.937,1.470,1.663,0.020,0.074,17.048,0.000,63.620,0.975,36.045,23.037,14.422,0.001,0.001,2.372,19.016,1.064,-0.268,0.221,-0.038,0.132,,9.000,1.000,12.098,0.095,0.228,0.117,0.179,0.261,0.055,0.329,0.236,0.822,0.053,0.599,0.268,0.658,0.061,0.788,2.998,5.912,1.065,3.373,0.169,0.383,0.059,0.352,6.299,4.026,2.520,0.000,0.000,0.415,3.323,1.130,0.640,0.049,0.201,0.032,0.133,0.048,0.406,0.002,0.317,0.037,0.226,0.037,0.156,0.630,1.850,0.407,1.522,0.034,0.194,0.024,0.254,1.371,0.679,0.564,0.011,0.011,0.209,0.570,0.222,0.146,1.019
8482516,Matthew Kessel,NYI,D,26.609,True,True,99.000,0.251,0.000,0.000,0.000,,13.068,27.048,0.000,79.715,357.768,0.000,907.636,339.190,1.059,13.298,4.221,12.540,0.039,0.492,0.156,1.195,0.000,3.330,1.795,3.715,0.000,10.379,4.346,4.910,0.000,3.164,13.709,5.625,0.896,2.990,1.788,1.926,0.006,0.031,17.949,0.000,45.914,0.785,21.826,26.012,9.808,0.000,0.000,3.433,20.378,1.062,-0.197,0.131,-0.060,0.099,,29.000,3.000,12.408,0.036,0.437,0.186,0.151,0.261,0.050,0.351,0.243,0.795,0.051,0.558,0.260,0.628,0.062,0.784,3.089,5.856,0.913,2.546,0.130,0.386,0.052,0.450,3.660,4.362,1.645,0.000,0.000,0.576,3.417,0.789,0.489,0.039,0.202,0.032,0.133,0.043,0.405,0.002,0.308,0.035,0.226,0.036,0.155,0.342,1.846,0.379,1.364,0.019,0.194,0.023,0.230,0.662,0.379,0.328,0.004,0.004,0.126,0.312,0.133,0.094,1.064
8481019,David Gustafsson,PIT,F,26.809,True,True,121.000,0.229,0.000,0.000,0.000,,9.874,20.779,0.000,75.897,213.948,0.000,610.672,197.922,4.928,8.242,2.856,9.525,0.237,0.397,0.137,1.927,0.000,5.597,2.734,2.671,0.000,7.766,3.700,4.597,0.000,0.835,13.363,5.996,1.728,2.215,1.549,1.122,0.085,0.041,18.336,0.000,53.090,2.197,16.657,9.843,4.507,58.279,54.818,2.736,6.019,0.910,-0.279,0.166,-0.121,0.114,,0.000,0.000,9.281,0.222,0.265,0.106,0.469,0.931,0.218,1.540,0.373,0.184,0.161,0.369,0.270,0.230,0.021,0.362,5.208,6.821,2.639,4.874,0.593,1.268,0.240,2.166,4.671,2.760,1.264,16.344,15.373,0.767,1.688,0.485,0.615,0.099,0.452,0.159,0.742,0.083,0.414,0.115,0.640,0.046,0.376,0.023,0.369,0.547,2.198,0.921,2.258,0.070,0.468,0.118,0.836,1.297,0.329,0.505,1.587,1.812,0.174,0.335,0.188,0.173,1.005
8482072,Jack Ahcan,NSH,D,29.708,True,True,13.000,0.267,0.000,0.000,0.000,,12.323,21.020,0.000,80.776,272.579,0.000,923.183,265.060,2.259,3.281,1.980,12.610,0.107,0.156,0.094,0.686,0.000,2.963,1.313,3.715,0.000,12.471,5.652,4.402,0.000,0.000,14.342,6.631,0.619,2.428,1.785,1.930,0.010,0.083,16.237,0.000,52.801,0.732,18.322,16.374,8.451,0.001,0.001,1.701,14.644,1.045,0.287,0.209,0.004,0.129,,11.000,2.000,11.985,0.098,0.152,0.089,0.135,0.249,0.054,0.324,0.252,0.800,0.053,0.589,0.274,0.644,0.060,0.765,3.589,5.704,1.049,3.387,0.159,0.372,0.059,0.346,4.033,3.604,1.860,0.000,0.000,0.374,3.223,0.834,0.374,0.047,0.195,0.032,0.130,0.047,0.395,0.002,0.309,0.036,0.220,0.036,0.152,0.579,1.802,0.400,1.497,0.031,0.190,0.024,0.250,1.246,0.633,0.531,0.009,0.009,0.198,0.532,0.210,0.139,1.009
8478147,Bokondji Imama,FLA,F,30.497,True,True,29.000,0.123,0.000,0.000,0.000,,7.526,41.862,0.000,72.899,327.805,47.131,552.829,315.738,6.120,3.625,2.322,7.542,0.146,0.087,0.056,2.593,0.000,5.414,2.364,2.347,0.000,5.246,2.380,4.940,0.000,4.444,10.667,4.088,2.288,2.143,1.243,1.104,0.109,0.010,27.928,3.981,50.956,2.782,86.962,14.243,36.593,1.299,2.428,3.325,13.927,0.998,-0.238,0.224,-0.056,0.133,0.593,2.000,0.000,7.183,0.183,0.093,0.067,0.405,0.943,0.221,1.160,0.215,0.001,0.086,0.000,0.189,0.089,0.019,0.152,5.123,6.633,2.531,3.662,0.486,1.309,0.269,1.958,15.917,2.607,6.698,0.238,0.444,0.609,2.549,2.099,1.199,0.107,0.429,0.161,0.720,0.091,0.411,0.119,0.211,0.047,0.370,0.023,0.363,0.829,2.172,1.128,2.322,0.099,0.461,0.139,0.847,2.153,0.486,0.799,2.815,3.191,0.225,0.535,0.289,0.249,1.139
8475235,Nicolas Deslauriers,CAR,F,35.943,True,True,202.000,0.197,0.000,0.000,0.000,,8.294,37.453,0.000,70.103,321.239,40.152,552.967,315.125,1.812,2.558,1.743,8.414,0.048,0.068,0.046,1.766,0.000,3.662,1.620,2.520,0.000,5.689,2.320,4.286,0.000,3.888,9.330,3.440,1.771,2.275,1.162,1.357,0.022,0.005,25.100,2.188,45.958,2.846,111.389,11.001,35.366,1.802,2.678,3.864,9.746,0.798,-0.464,0.135,-0.208,0.101,,31.000,2.000,8.150,0.043,0.060,0.041,0.324,0.740,0.228,1.366,0.198,0.051,0.094,0.121,0.231,0.115,0.018,0.225,4.693,6.080,2.628,5.397,0.518,1.152,0.256,2.744,20.805,2.055,6.606,0.337,0.500,0.722,1.820,1.816,1.261,0.076,0.401,0.146,0.667,0.066,0.350,0.110,0.553,0.040,0.338,0.022,0.343,0.396,2.047,0.950,2.161,0.052,0.438,0.120,0.799,1.051,0.266,0.412,0.934,1.147,0.145,0.260,0.154,0.142,1.078
8483472,Maveric Lamoureux,UTA,D,23.053,True,True,20.000,0.148,60.000,53.000,77.000,research:medium,16.021,10.040,0.000,24.000,162.327,0.000,315.303,156.038,1.319,3.612,1.357,15.541,0.131,0.360,0.135,0.892,0.000,2.608,1.342,3.023,0.000,7.637,3.066,3.915,0.000,3.839,8.958,3.835,0.480,1.630,1.476,1.547,0.013,0.063,10.335,0.000,21.254,0.475,14.636,11.294,10.609,0.000,0.000,2.147,9.489,1.052,-0.265,0.195,-0.080,0.124,0.502,5.000,1.000,15.394,0.140,0.358,0.129,0.176,0.318,0.060,0.518,0.291,0.832,0.066,0.755,0.305,0.715,0.075,0.867,3.863,5.994,1.133,3.946,0.173,0.435,0.065,0.475,5.410,4.175,3.921,0.000,0.000,0.794,3.507,1.599,0.478,0.050,0.211,0.034,0.140,0.048,0.407,0.002,0.318,0.037,0.227,0.037,0.157,0.559,1.905,0.413,1.560,0.031,0.200,0.025,0.261,1.050,0.578,0.474,0.007,0.007,0.191,0.486,0.190,0.129,1.016
8477335,Kyle Burroughs,DAL,D,31.559,True,True,154.000,0.169,0.000,0.000,0.000,,11.929,30.306,0.000,77.798,366.778,0.000,850.721,340.103,5.835,14.529,6.311,11.222,0.193,0.479,0.208,0.716,0.000,2.458,1.096,3.028,0.000,8.221,3.301,3.744,0.000,2.465,9.859,3.996,0.719,2.946,1.544,1.485,0.023,0.149,17.348,0.000,41.557,0.790,54.353,29.316,23.713,0.000,0.093,3.837,14.884,1.042,0.135,0.133,0.002,0.100,,0.000,0.000,10.979,0.214,0.533,0.202,0.116,0.240,0.045,0.245,0.240,0.768,0.046,0.519,0.225,0.723,0.053,0.814,2.864,5.861,1.017,2.821,0.126,0.355,0.049,0.271,8.891,4.796,3.879,0.000,0.015,0.628,2.435,1.518,0.721,0.037,0.184,0.030,0.125,0.041,0.375,0.002,0.290,0.033,0.213,0.034,0.148,0.336,1.648,0.344,1.251,0.019,0.177,0.022,0.211,0.666,0.376,0.331,0.004,0.004,0.122,0.309,0.133,0.095,1.048
8480808,Jett Woo,ANA,D,26.516,True,False,0.000,0.141,0.000,0.000,0.000,,14.610,18.414,0.000,68.606,299.776,0.000,772.611,266.789,8.098,17.539,7.350,14.489,0.440,0.953,0.399,0.776,0.000,2.164,1.213,2.820,0.000,7.683,3.431,3.596,0.000,1.632,9.793,4.347,0.762,2.768,1.341,1.479,0.035,0.219,16.341,0.000,44.578,0.783,23.178,21.306,9.654,0.028,0.028,3.063,15.995,1.053,0.000,0.258,0.000,0.140,0.454,,,13.327,0.369,0.639,0.275,0.148,0.257,0.049,0.429,0.247,0.842,0.055,0.706,0.275,0.751,0.064,0.879,3.322,5.891,1.105,3.691,0.147,0.409,0.061,0.464,4.639,4.264,1.932,0.006,0.006,0.613,3.201,0.839,0.479,0.050,0.198,0.032,0.131,0.047,0.385,0.002,0.301,0.036,0.214,0.035,0.148,0.779,1.832,0.404,1.518,0.040,0.192,0.024,0.253,1.866,0.819,0.656,0.057,0.057,0.239,0.689,0.255,0.162,1.019
8479772,Zack MacEwen,TOR,F,30.568,True,True,110.000,0.223,0.000,0.000,0.000,,8.188,26.848,0.000,81.664,215.449,0.000,602.436,203.881,6.320,3.151,2.097,7.594,0.235,0.117,0.078,1.855,0.000,6.036,2.570,1.554,0.000,4.880,2.278,3.409,0.000,1.984,9.921,4.412,1.764,1.564,0.757,0.797,0.095,0.014,22.465,0.000,61.129,2.316,47.949,8.649,20.822,9.395,9.572,3.408,9.848,0.936,-0.195,0.176,-0.017,0.118,,3.000,0.000,7.823,0.198,0.090,0.076,0.474,0.860,0.230,1.396,0.222,0.030,0.101,0.004,0.230,0.104,0.020,0.212,6.282,6.931,2.631,7.099,0.612,1.225,0.284,2.628,13.353,2.409,5.799,2.616,2.666,0.949,2.743,1.758,1.361,0.094,0.412,0.161,0.706,0.080,0.293,0.118,0.339,0.045,0.320,0.023,0.357,0.570,1.981,1.124,2.246,0.072,0.430,0.139,0.827,1.493,0.363,0.576,1.536,1.796,0.184,0.367,0.212,0.191,0.989
8482806,William Trudeau,NSH,D,24.309,True,False,0.000,0.154,0.000,0.000,0.000,,14.834,17.178,0.000,59.938,268.171,0.000,572.611,244.561,7.078,11.440,5.092,14.237,0.412,0.666,0.296,0.698,0.000,2.085,0.919,2.526,0.000,6.261,2.558,3.223,0.000,2.504,7.928,3.238,0.691,2.504,1.202,1.324,0.031,0.191,14.842,0.000,34.540,0.704,20.471,19.025,8.524,0.025,0.025,2.773,14.302,1.053,0.000,0.258,0.000,0.140,0.460,,,13.531,0.375,0.648,0.279,0.150,0.261,0.050,0.445,0.250,0.847,0.056,0.720,0.279,0.758,0.065,0.888,3.340,5.908,1.114,3.742,0.148,0.414,0.061,0.474,4.580,4.257,1.907,0.006,0.006,0.621,3.200,0.830,0.475,0.050,0.198,0.032,0.131,0.047,0.385,0.002,0.301,0.036,0.214,0.035,0.148,0.779,1.832,0.404,1.518,0.040,0.192,0.024,0.253,1.866,0.819,0.656,0.057,0.057,0.239,0.689,0.255,0.162,1.009
8481538,Judd Caulfield,ANA,F,25.873,True,False,0.000,0.144,0.000,0.000,0.000,,10.611,13.644,0.000,63.801,150.523,0.000,378.993,136.536,8.193,3.422,2.372,10.007,0.601,0.251,0.174,1.483,0.000,4.184,1.900,1.731,0.000,4.987,2.265,3.214,0.000,1.251,8.754,3.944,1.456,1.699,0.994,0.737,0.138,0.103,14.655,0.000,38.840,1.841,19.325,5.482,5.967,10.401,11.769,2.175,6.086,0.991,0.000,0.258,0.000,0.140,0.873,,,9.709,0.505,0.256,0.142,0.541,0.992,0.299,1.814,0.390,0.366,0.159,0.704,0.286,0.377,0.025,0.518,5.780,7.865,3.131,6.282,0.671,1.403,0.344,2.625,7.703,2.185,2.378,4.146,4.691,0.867,2.426,0.955,0.886,0.123,0.457,0.171,0.775,0.101,0.423,0.122,0.706,0.050,0.380,0.024,0.378,1.173,2.255,1.172,2.455,0.128,0.478,0.144,0.889,2.729,0.573,0.972,9.336,8.455,0.248,0.717,0.345,0.289,1.019
8475795,Dylan McIlrath,WSH,D,34.784,True,True,39.000,0.353,0.000,0.000,0.000,,10.160,20.296,3.101,54.101,211.531,0.000,627.677,203.902,1.318,4.579,1.732,10.046,0.065,0.226,0.085,0.375,0.000,1.301,0.918,2.206,0.000,6.525,3.560,2.581,0.000,0.000,7.866,4.070,0.345,1.554,1.057,1.149,0.005,0.041,9.180,0.000,27.515,0.444,35.046,15.021,15.904,0.000,0.000,1.537,13.048,1.041,-0.274,0.185,-0.090,0.121,,13.000,0.000,9.777,0.067,0.232,0.085,0.097,0.201,0.044,0.238,0.210,0.747,0.040,0.447,0.228,0.568,0.048,0.684,2.608,5.531,0.929,4.364,0.123,0.331,0.051,0.471,9.941,4.261,4.511,0.000,0.000,0.436,3.701,1.338,0.826,0.041,0.180,0.029,0.119,0.043,0.378,0.002,0.295,0.034,0.211,0.034,0.146,0.477,1.753,0.384,1.431,0.026,0.184,0.023,0.238,1.067,0.552,0.479,0.007,0.007,0.170,0.459,0.190,0.128,0.988
8482459,Tyrel Bauer,WPG,D,24.862,True,False,0.000,0.150,0.000,0.000,0.000,,11.568,6.947,0.000,55.485,77.653,0.000,269.035,70.997,2.298,3.103,1.255,10.220,0.331,0.447,0.181,0.113,0.000,0.342,0.372,0.436,0.000,1.395,0.767,0.549,0.000,0.000,1.737,1.005,0.115,0.442,0.209,0.227,0.005,0.039,2.879,0.000,9.578,0.130,7.038,5.657,2.942,0.007,0.007,0.662,4.170,1.053,0.000,0.258,0.000,0.140,0.084,,,10.552,0.292,0.506,0.218,0.088,0.144,0.032,0.163,0.153,0.571,0.030,0.380,0.168,0.474,0.035,0.552,2.231,4.105,0.712,2.173,0.096,0.254,0.039,0.238,5.438,4.371,2.273,0.006,0.006,0.511,3.222,0.958,0.541,0.050,0.198,0.032,0.131,0.047,0.385,0.002,0.301,0.036,0.214,0.035,0.148,0.779,1.832,0.404,1.518,0.040,0.192,0.024,0.253,1.866,0.819,0.656,0.057,0.057,0.239,0.689,0.255,0.162,0.986
