game_id,date,home,away,p_home_win,p_home_reg,p_away_reg,p_home_ot,p_away_ot,p_ot,p_home_win_elo,p_home_win_h,goals_home,goals_away,sog_home,sog_away,xgf_home,xgf_away,pp_opps_home,pp_opps_away,attempts_home,attempts_away,pp_goals_home,pp_goals_away,rate_sensitivity,p_home_win_0925
2026020001,2026-09-29,CAR,FLA,0.61710,0.49114,0.28817,0.12596,0.09473,0.22069,0.63936,0.63907,3.58560,3.17944,32.61006,25.93946,3.67817,3.21761,4.11807,4.08403,60.40043,48.04532,0.86419,0.90824,4.17639,0.66596
2026020002,2026-09-29,TOR,MTL,0.40678,0.29457,0.48502,0.11222,0.10819,0.22041,0.48063,0.44044,2.70387,3.62863,26.12206,30.35043,2.99978,3.61189,3.20912,4.24732,48.38374,56.21561,0.59870,1.04307,4.11343,0.55877
2026020003,2026-09-29,BOS,NYR,0.53983,0.42528,0.34572,0.11455,0.11445,0.22901,0.57121,0.53770,3.30047,2.97908,30.52845,29.01423,3.52132,3.15707,4.11125,4.28746,56.54502,53.74036,0.84581,0.91696,4.04198,0.43065
2026020004,2026-09-29,EDM,VAN,0.70135,0.60285,0.20088,0.09850,0.09777,0.19627,0.65803,0.67473,3.95924,2.21227,31.85377,24.27629,3.99161,2.55074,3.15037,3.31161,59.00001,44.96489,0.98486,0.65750,4.23427,0.69242
2026020005,2026-09-29,VGK,CHI,0.72321,0.62111,0.18504,0.10210,0.09175,0.19385,0.67883,0.70482,3.83111,2.09695,30.54790,22.43546,3.79971,2.33001,3.13679,3.67852,56.58114,41.55527,0.74877,0.55181,4.16750,0.70754
2026020006,2026-09-30,PHI,PIT,0.51709,0.41618,0.35656,0.10091,0.12635,0.22726,0.54404,0.48545,3.53486,2.91545,29.18175,29.40562,3.56406,3.07292,3.83722,4.05964,54.05070,54.46536,0.81671,0.74571,4.10879,0.39191
2026020007,2026-09-30,COL,LAK,0.65127,0.52595,0.25448,0.12532,0.09425,0.21957,0.65802,0.66608,3.47467,2.76295,31.35585,27.51245,3.67604,2.99070,3.64638,3.73509,58.07765,50.95899,0.85321,0.75291,4.06030,0.62830
2026020008,2026-09-30,TOR,NYI,0.43178,0.31717,0.44967,0.11461,0.11855,0.23316,0.53381,0.43578,2.56347,3.09008,24.01498,33.08265,2.87795,3.32194,2.98195,4.29330,44.48090,61.27618,0.55872,0.75711,3.87892,0.57564
2026020009,2026-10-01,NJD,PHI,0.63153,0.51962,0.26457,0.11191,0.10390,0.21581,0.54066,0.65368,3.60351,2.62103,33.62436,29.26758,3.72727,2.84121,4.03130,3.78254,62.27986,54.21004,0.90913,0.62139,4.09095,0.69885
2026020010,2026-10-01,NYR,TBL,0.41556,0.31293,0.45797,0.10263,0.12647,0.22909,0.47536,0.40963,2.90351,3.21586,31.96111,35.01266,3.21430,3.42757,4.88235,4.57555,59.19868,64.85038,0.81953,0.85547,3.99777,0.47590
2026020011,2026-10-01,CBJ,BUF,0.51411,0.41139,0.35968,0.10273,0.12621,0.22893,0.50032,0.50152,3.44836,2.90112,31.33704,29.10177,3.62117,3.09053,4.34028,4.26076,58.04313,53.90273,0.77798,0.79469,4.07545,0.50905
2026020012,2026-10-01,NSH,MIN,0.44839,0.33461,0.44092,0.11378,0.11069,0.22447,0.48645,0.47951,2.99784,3.54379,29.83543,32.49307,3.14114,3.60592,3.92206,4.10029,55.26145,60.18408,0.83576,0.93072,4.12791,0.44581
2026020013,2026-10-01,UTA,CHI,0.69903,0.58200,0.20986,0.11704,0.09111,0.20814,0.64785,0.71135,3.57084,2.35071,28.92807,24.58553,3.65721,2.62365,3.59055,4.16187,53.58101,45.53764,0.72068,0.71597,4.04813,0.70700
2026020014,2026-10-01,CGY,SEA,0.51326,0.39095,0.37159,0.12231,0.11515,0.23747,0.56128,0.52474,2.80162,2.84074,28.94062,29.22348,3.06161,3.02856,3.46560,3.68717,53.60419,54.12824,0.62257,0.62035,3.85340,0.51700
2026020015,2026-10-01,VAN,EDM,0.35391,0.24888,0.53590,0.10503,0.11020,0.21522,0.43744,0.38665,2.39142,3.58330,25.36955,32.12866,2.71880,3.57382,3.47989,3.23136,46.98994,59.50949,0.66895,0.96118,4.05958,0.38396
2026020016,2026-10-01,SJS,FLA,0.41522,0.30301,0.47928,0.11221,0.10550,0.21771,0.46738,0.45716,2.96230,3.89836,29.22558,32.44823,3.08057,3.64629,4.80409,4.24298,54.13210,60.10109,0.81324,1.19933,4.25286,0.37499
2026020017,2026-10-02,DET,NYR,0.58956,0.48041,0.29519,0.10915,0.11525,0.22441,0.54774,0.58701,3.44064,2.57446,30.98648,26.21793,3.50393,2.77672,4.36185,3.54493,57.39361,48.56123,1.00047,0.72816,4.01738,0.43837
2026020018,2026-10-02,CAR,WSH,0.63591,0.51751,0.26511,0.11840,0.09898,0.21738,0.62495,0.64616,3.64161,2.83549,32.82875,25.59202,3.92406,2.91131,3.71384,4.39930,60.80542,47.40187,0.82322,0.74115,4.13531,0.66768
2026020019,2026-10-02,WPG,BOS,0.52163,0.40219,0.36668,0.11945,0.11169,0.23113,0.53143,0.54545,3.06478,3.04772,29.02929,28.51668,3.27302,3.09918,4.03283,3.67884,53.76852,52.81905,0.78104,0.77064,3.98820,0.63651
2026020020,2026-10-02,DAL,STL,0.60072,0.49008,0.28723,0.11064,0.11205,0.22270,0.59616,0.58845,3.49819,2.61986,27.84674,26.50157,3.49843,2.85777,4.30395,4.38838,51.57786,49.08647,0.95926,0.60493,4.04740,0.68086
2026020021,2026-10-02,VGK,ANA,0.60414,0.50045,0.28205,0.10369,0.11381,0.21750,0.61854,0.57073,3.78501,2.68337,28.16878,26.86514,3.86188,2.87928,3.70680,4.00653,52.17435,49.75987,0.90899,0.74204,4.17422,0.68582
2026020022,2026-10-03,BUF,CHI,0.70126,0.59282,0.20403,0.10844,0.09472,0.20315,0.68807,0.68246,3.69518,2.22586,29.23151,24.76001,3.69339,2.53214,3.69518,3.88017,54.14305,45.86097,0.71602,0.57266,4.09980,0.72064
2026020023,2026-10-03,TOR,OTT,0.36773,0.26086,0.52061,0.10686,0.11167,0.21853,0.48524,0.38511,2.45591,3.53359,23.52511,32.42383,2.63777,3.66019,3.42193,4.16016,43.57376,60.05588,0.58570,0.94178,4.04358,0.52823
2026020024,2026-10-03,TBL,WSH,0.63588,0.54251,0.25096,0.09337,0.11317,0.20654,0.58575,0.59949,3.94864,2.36531,32.14885,27.88903,3.99064,2.72664,4.14618,4.45138,59.54615,51.65648,0.94021,0.63856,4.22982,0.67060
2026020025,2026-10-03,PHI,CAR,0.39948,0.31201,0.45552,0.08747,0.14500,0.23247,0.44365,0.35506,3.21650,3.03275,31.29606,35.53485,3.40644,3.27938,4.84586,3.85689,57.96734,65.81849,0.82315,0.70458,4.02857,0.28126
2026020026,2026-10-03,PIT,MTL,0.48096,0.36042,0.41373,0.12053,0.10531,0.22585,0.51925,0.51990,3.08334,3.58026,29.43005,27.95065,3.39237,3.45319,3.77563,3.84869,54.51022,51.77022,0.68430,0.92500,4.15645,0.57456
2026020027,2026-10-03,CBJ,UTA,0.54259,0.43678,0.33085,0.10581,0.12656,0.23237,0.54558,0.51797,3.24499,2.53190,29.45537,27.75701,3.46230,2.90373,4.33808,3.96611,54.55727,51.41175,0.82321,0.68663,3.93164,0.52009
2026020028,2026-10-03,EDM,SEA,0.64147,0.52881,0.25241,0.11266,0.10612,0.21878,0.61665,0.63416,3.42826,2.36215,31.00160,24.78894,3.57912,2.60492,3.13706,3.26095,57.42172,45.91452,0.91898,0.59979,3.98434,0.71019
2026020029,2026-10-03,NYI,NJD,0.46370,0.34500,0.42261,0.11870,0.11369,0.23239,0.54396,0.47804,2.72862,3.15624,28.67246,28.95499,2.90931,3.31157,3.73990,3.45851,53.10783,53.63086,0.53188,0.82785,3.93821,0.47025
2026020030,2026-10-03,NSH,DAL,0.47637,0.36720,0.40153,0.10917,0.12210,0.23127,0.47370,0.48864,3.06839,3.05780,30.34236,27.83766,3.34218,3.16992,4.62190,4.01877,56.20026,51.56109,0.82640,0.72573,3.99202,0.42068
2026020031,2026-10-03,MIN,BOS,0.60460,0.50307,0.28010,0.10153,0.11530,0.21683,0.57816,0.58029,3.80754,2.63127,31.95846,27.80151,3.84923,2.81036,4.15743,3.42639,59.19393,51.49437,1.05064,0.67339,4.17894,0.63868
2026020032,2026-10-03,COL,STL,0.69286,0.58144,0.21336,0.11141,0.09378,0.20520,0.63502,0.69852,3.71415,2.37999,32.11881,24.14500,3.81435,2.64368,3.89246,4.05871,59.49070,44.72175,0.93280,0.59030,4.11729,0.71437
2026020033,2026-10-03,VAN,CGY,0.48089,0.36452,0.39568,0.11637,0.12343,0.23980,0.49436,0.49521,2.68151,2.74389,27.43535,28.12844,2.99070,2.96571,3.66639,3.45735,50.81623,52.10004,0.63757,0.61982,3.78897,0.58607
2026020034,2026-10-03,SJS,LAK,0.44261,0.32921,0.44208,0.11340,0.11530,0.22871,0.50028,0.46140,2.83604,3.32459,31.54167,34.56623,3.15598,3.41264,4.65948,4.25150,58.42242,64.02463,0.78602,0.91729,4.02005,0.35270
2026020035,2026-10-04,DET,WPG,0.54538,0.42676,0.33774,0.11861,0.11688,0.23549,0.54534,0.55471,2.99061,2.66417,27.41868,26.14543,3.11111,2.78446,3.75343,3.36640,50.78534,48.42692,0.78673,0.67673,3.86501,0.44778
2026020036,2026-10-04,NYR,UTA,0.53229,0.43309,0.33520,0.09920,0.13252,0.23171,0.53104,0.49300,3.34443,2.48640,28.56190,29.16884,3.35386,2.87330,4.43005,4.02056,52.90239,54.02691,1.01605,0.64201,3.96465,0.62094
2026020037,2026-10-04,ANA,FLA,0.44702,0.33277,0.44494,0.11425,0.10804,0.22229,0.51061,0.47406,3.05464,3.68563,29.69735,26.27996,3.25697,3.65628,4.46792,3.90926,55.00586,48.67599,0.84272,1.05854,4.18750,0.37758
2026020038,2026-10-04,SEA,CGY,0.54693,0.43376,0.32892,0.11317,0.12415,0.23732,0.53907,0.53926,2.99304,2.43946,28.45294,27.85747,3.27868,2.75360,3.67296,3.34340,52.70101,51.59806,0.61576,0.57957,3.81496,0.56154
2026020039,2026-10-04,VAN,VGK,0.30518,0.20825,0.58957,0.09693,0.10525,0.20218,0.41406,0.33729,2.18448,3.74653,24.32238,30.79128,2.49190,3.71187,3.75831,3.35500,45.05037,57.03202,0.58525,0.89089,4.12701,0.48491
2026020040,2026-10-05,TBL,PHI,0.62708,0.51234,0.26757,0.11474,0.10535,0.22009,0.61423,0.62512,3.48368,2.57903,32.27245,30.13539,3.57980,2.96255,4.25819,4.59850,59.77529,55.81696,0.83406,0.72244,4.03572,0.78861
2026020041,2026-10-05,BOS,OTT,0.46954,0.35411,0.41573,0.11543,0.11473,0.23016,0.52983,0.48205,2.94261,3.24741,26.10281,30.84315,3.07658,3.45591,3.80982,4.28013,48.34810,57.12801,0.71602,0.91823,4.01706,0.49104
2026020042,2026-10-05,PIT,WPG,0.58449,0.46576,0.30676,0.11873,0.10876,0.22749,0.56294,0.60070,3.27810,2.75549,28.54775,26.49784,3.34917,2.89278,3.86517,3.31191,52.87632,49.07955,0.77844,0.61436,3.98636,0.48952
2026020043,2026-10-05,DAL,SJS,0.66081,0.55486,0.23585,0.10595,0.10334,0.20929,0.66608,0.63153,3.77246,2.43053,28.25865,26.89769,3.62334,2.74839,4.40555,4.48857,52.34092,49.82028,1.03079,0.64219,4.14787,0.77429
2026020044,2026-10-06,TOR,NSH,0.47958,0.36056,0.40477,0.11901,0.11566,0.23467,0.54113,0.49252,2.73394,2.99114,26.29045,30.58072,2.98651,3.23286,3.33339,4.00836,48.69570,56.64213,0.56206,0.83177,3.88290,0.57172
2026020045,2026-10-06,MTL,CAR,0.43446,0.34144,0.42834,0.09301,0.13720,0.23021,0.48075,0.39615,3.36481,3.11592,25.54881,32.84115,3.36243,3.41313,4.42977,3.49225,47.32194,60.82829,0.89050,0.71730,4.09368,0.38516
2026020046,2026-10-06,DET,OTT,0.48315,0.37385,0.39457,0.10931,0.12228,0.23159,0.50606,0.48361,3.07946,3.00983,27.43728,27.95750,3.10915,3.13563,4.17535,3.50550,50.81983,51.78319,0.86623,0.77600,3.98200,0.49970
2026020047,2026-10-06,NJD,UTA,0.55752,0.45211,0.32078,0.10540,0.12171,0.22711,0.53054,0.54538,3.47600,2.69301,30.90723,28.64446,3.58083,2.90759,4.19361,3.79156,57.24651,53.05561,0.97522,0.60806,4.04948,0.58461
2026020048,2026-10-06,NYR,NYI,0.54453,0.42879,0.33496,0.11574,0.12051,0.23624,0.55692,0.53949,2.97614,2.54567,25.66958,30.31458,3.14097,2.81103,3.64510,4.21800,47.54557,56.14929,0.78864,0.63976,3.83195,0.64377
2026020049,2026-10-06,BUF,MIN,0.53005,0.40507,0.36499,0.12498,0.10496,0.22994,0.56492,0.56004,3.10097,3.24579,29.24696,30.89562,3.17290,3.36477,4.00216,4.13171,54.17155,57.22549,0.75439,0.88976,4.05467,0.47646
2026020050,2026-10-06,CHI,STL,0.41969,0.30573,0.46410,0.11396,0.11620,0.23017,0.45226,0.45533,2.51187,3.17666,26.54151,27.52977,2.77793,3.12667,4.15473,3.70985,49.16082,50.99122,0.68380,0.62509,3.90220,0.41380
2026020051,2026-10-06,SEA,VGK,0.38212,0.27904,0.49472,0.10307,0.12317,0.22624,0.45809,0.38699,2.57180,3.23664,25.31788,30.12782,2.72945,3.30111,3.80621,3.33157,46.89432,55.80312,0.59630,0.82201,3.93671,0.46183
2026020052,2026-10-06,LAK,FLA,0.47769,0.36637,0.40456,0.11132,0.11775,0.22907,0.51742,0.48388,3.13900,3.23898,32.88790,31.34083,3.36708,3.37570,4.31020,4.14326,60.91564,58.05015,0.78057,1.00334,4.06234,0.56463
2026020053,2026-10-07,WSH,PIT,0.55336,0.44385,0.33144,0.10950,0.11520,0.22470,0.57329,0.54219,3.52540,2.96611,28.67697,29.07400,3.47612,3.24539,3.97604,3.97946,53.11551,53.85092,0.79000,0.74186,4.11466,0.53119
2026020054,2026-10-07,WPG,COL,0.37796,0.28509,0.48505,0.09286,0.13700,0.22986,0.44937,0.35109,2.87491,3.13631,25.85067,30.17282,2.98645,3.22094,3.95062,3.55457,47.88100,55.88645,0.74969,0.77422,3.96514,0.48183
2026020055,2026-10-07,ANA,EDM,0.46040,0.34243,0.43220,0.11797,0.10740,0.22537,0.50381,0.49743,2.95360,3.53806,28.19150,28.80632,3.26997,3.56730,3.81638,3.53174,52.21651,53.35545,0.81793,1.01979,4.11781,0.29317
2026020056,2026-10-08,BOS,UTA,0.51578,0.40768,0.36143,0.10810,0.12279,0.23089,0.55221,0.49758,3.27061,2.88433,28.00781,30.00371,3.43143,3.19711,4.13966,4.28977,51.87612,55.57308,0.87079,0.78152,4.01096,0.51287
2026020057,2026-10-08,BUF,DAL,0.51991,0.39603,0.37326,0.12388,0.10683,0.23071,0.55233,0.54987,3.04792,3.22354,29.47875,28.51813,3.33790,3.27579,4.73775,4.51627,54.60083,52.82162,0.71821,0.86214,4.03479,0.45105
2026020058,2026-10-08,MTL,NSH,0.60322,0.49303,0.28514,0.11019,0.11164,0.22183,0.60919,0.58605,3.53320,2.62873,27.85143,27.49220,3.59578,2.92536,3.95233,3.46347,51.58686,50.92137,0.85249,0.68710,4.06291,0.55458
2026020059,2026-10-08,OTT,PHI,0.59730,0.48374,0.29070,0.11356,0.11200,0.22556,0.58233,0.59416,3.37200,2.58593,29.85271,26.59718,3.50550,2.78315,4.08618,4.11511,55.29375,49.26389,0.85235,0.73120,3.99135,0.67967
2026020060,2026-10-08,TBL,MIN,0.57394,0.45719,0.31659,0.11675,0.10947,0.22622,0.57506,0.58174,3.36823,2.88453,32.42339,31.71263,3.43347,3.21508,4.05851,4.41895,60.05437,58.73835,0.83721,0.82872,4.04424,0.61292
2026020061,2026-10-08,CAR,VAN,0.77624,0.67797,0.14749,0.09827,0.07627,0.17454,0.73075,0.76447,4.13084,2.09723,32.32836,22.62698,4.13896,2.37736,3.28393,3.56205,59.87887,41.91016,0.83136,0.55507,4.33075,0.73149
2026020062,2026-10-08,NYI,CHI,0.62601,0.51321,0.26229,0.11280,0.11170,0.22450,0.62369,0.60678,3.26553,2.25025,29.88608,23.84631,3.35950,2.58517,3.57658,3.48394,55.35561,44.16842,0.59475,0.58545,3.89748,0.68276
2026020063,2026-10-08,STL,SJS,0.58254,0.46618,0.30529,0.11636,0.11217,0.22853,0.62304,0.56779,3.25808,2.65155,28.26410,28.34955,3.30286,2.86993,4.37839,4.35861,52.35117,52.50962,0.76720,0.75689,3.95862,0.64073
2026020064,2026-10-08,CGY,COL,0.34809,0.25164,0.53056,0.09645,0.12135,0.21780,0.42029,0.35620,2.56327,3.44298,26.57374,32.37608,2.84494,3.53024,4.12217,3.57908,49.22047,59.96728,0.66484,0.73930,4.01828,0.30938
2026020065,2026-10-08,VGK,TOR,0.68081,0.57326,0.21935,0.10756,0.09983,0.20739,0.62497,0.67431,3.66786,2.26749,32.60429,22.69773,3.86467,2.41922,3.74727,3.22581,60.38993,42.04118,0.87299,0.54103,4.08837,0.53162
2026020066,2026-10-09,DET,SEA,0.60184,0.49216,0.28281,0.10968,0.11535,0.22503,0.58542,0.58633,3.35333,2.40671,28.91572,25.45486,3.45356,2.60264,3.58462,3.14373,53.55808,47.14791,0.87315,0.55880,3.95700,0.60001
2026020067,2026-10-09,WSH,NYR,0.54070,0.41928,0.34720,0.12141,0.11211,0.23352,0.58823,0.54602,3.01205,2.85673,29.95176,28.18647,3.21997,3.09226,4.41606,3.97070,55.47705,52.20731,0.77365,0.81142,3.92082,0.47257
2026020068,2026-10-09,CBJ,PIT,0.58849,0.48561,0.29425,0.10287,0.11726,0.22014,0.54950,0.57321,3.71379,2.67752,31.20257,28.92591,3.80666,2.98053,3.92596,4.10575,57.79339,53.57666,0.76219,0.72676,4.14364,0.49476
2026020069,2026-10-09,WPG,ANA,0.52576,0.42044,0.34889,0.10532,0.12535,0.23067,0.56882,0.49332,3.33375,2.76173,25.60781,28.74804,3.40912,2.97574,3.76251,3.82339,47.43102,53.24751,0.78444,0.75763,4.00773,0.74487
2026020070,2026-10-10,BOS,PHI,0.55374,0.44004,0.33096,0.11370,0.11530,0.22901,0.56226,0.55241,3.27420,2.80375,29.36856,29.73720,3.39877,3.13226,4.01985,4.24010,54.39694,55.07969,0.81040,0.78819,3.99489,0.63233
2026020071,2026-10-10,NJD,VAN,0.71678,0.62349,0.18768,0.09329,0.09554,0.18882,0.62998,0.69644,4.09941,2.14021,31.70475,25.40717,4.08263,2.39022,3.45149,3.23357,58.72405,47.05978,0.92790,0.51606,4.31112,0.63888
2026020072,2026-10-10,SJS,EDM,0.40164,0.29420,0.48220,0.10745,0.11615,0.22360,0.46062,0.42279,2.72608,3.44345,26.82293,32.68990,3.00118,3.41587,4.06204,3.73967,49.68184,60.54907,0.74431,1.07471,4.04351,0.29033
2026020073,2026-10-10,FLA,MIN,0.54185,0.41882,0.35280,0.12303,0.10535,0.22838,0.52389,0.58360,3.21209,3.20886,28.55559,31.24680,3.27472,3.28045,3.64541,4.39915,52.89098,57.87570,0.88505,0.95096,4.07319,0.48155
2026020074,2026-10-10,BUF,UTA,0.55397,0.43634,0.33322,0.11763,0.11281,0.23044,0.59460,0.55049,3.22011,2.86758,28.35368,29.18629,3.38413,3.12972,4.47396,4.24387,52.51676,54.05916,0.83945,0.72083,3.99036,0.55173
2026020075,2026-10-10,MTL,DET,0.60756,0.50158,0.27960,0.10598,0.11283,0.21881,0.59801,0.58662,3.67762,2.62132,26.26537,27.69623,3.55917,2.93062,3.69456,3.44433,48.64896,51.29930,0.99832,0.68836,4.12216,0.55298
2026020076,2026-10-10,OTT,NSH,0.61896,0.50976,0.27026,0.10919,0.11078,0.21998,0.60479,0.60357,3.53545,2.49736,30.51999,25.51381,3.73343,2.67833,3.94396,3.84900,56.52943,47.25710,0.79187,0.71001,4.04719,0.58302
2026020077,2026-10-10,PIT,DAL,0.44767,0.32134,0.45696,0.12633,0.09537,0.22170,0.50318,0.51654,2.75764,3.86674,29.62029,29.82885,3.17502,3.66229,4.48235,4.21018,54.86266,55.24854,0.63557,0.97808,4.21789,0.46455
2026020078,2026-10-10,CHI,CAR,0.27842,0.19625,0.60008,0.08217,0.12150,0.20367,0.35578,0.28149,2.47761,3.70244,24.45942,32.97258,2.71798,3.60680,4.47792,3.36263,45.30443,61.07250,0.64361,0.75170,4.12127,0.23678
2026020079,2026-10-10,STL,CBJ,0.49968,0.38387,0.38076,0.11580,0.11956,0.23536,0.55108,0.49819,2.86844,2.82876,28.14764,30.93296,3.13079,3.13014,4.27331,4.08520,52.13569,57.29485,0.68406,0.71034,3.86943,0.51170
2026020080,2026-10-10,COL,TOR,0.72346,0.61841,0.18784,0.10506,0.08870,0.19375,0.67020,0.71796,3.91678,2.26965,34.79079,22.69797,4.12247,2.52099,3.87211,3.31153,64.43968,42.04154,0.90276,0.58643,4.21241,0.66884
2026020081,2026-10-10,NYI,TBL,0.41782,0.30609,0.46455,0.11173,0.11763,0.22936,0.46859,0.44201,2.60886,3.22668,30.02444,28.76615,2.94844,3.33645,4.60428,3.77656,55.61175,53.28082,0.62042,0.81465,3.93971,0.36910
2026020082,2026-10-10,CGY,ANA,0.47753,0.37038,0.39860,0.10715,0.12387,0.23102,0.53959,0.46014,3.06561,2.97145,26.03362,30.60728,3.26644,3.22974,3.84835,3.83938,48.21975,56.69119,0.70604,0.72272,3.96759,0.58622
2026020083,2026-10-10,VGK,LAK,0.59028,0.46598,0.30328,0.12430,0.10643,0.23074,0.61208,0.60017,3.12015,2.69917,30.15212,28.55675,3.35878,2.90696,3.55930,3.83467,55.84824,52.89333,0.77547,0.69315,3.91824,0.49839
2026020084,2026-10-11,WSH,SEA,0.62095,0.50625,0.27167,0.11470,0.10738,0.22208,0.62484,0.61154,3.38936,2.50775,28.26647,26.42191,3.42319,2.79066,3.78728,3.38060,52.35561,48.93929,0.83675,0.57892,3.98650,0.63036
2026020085,2026-10-11,NYR,VAN,0.67898,0.58172,0.21337,0.09726,0.10764,0.20490,0.63045,0.64142,3.68533,1.98919,28.65278,26.44764,3.70849,2.44114,3.65224,3.59368,53.07115,48.98687,0.92643,0.55848,4.08947,0.67424
2026020086,2026-10-11,PHI,CAR,0.37982,0.29000,0.48050,0.08982,0.13967,0.22949,0.44365,0.34621,3.03871,3.17560,29.66039,35.85505,3.24840,3.36018,4.52684,3.82970,54.93774,66.41152,0.75236,0.75347,4.01808,0.28126
2026020087,2026-10-12,BUF,FLA,0.52592,0.40643,0.36517,0.11950,0.10891,0.22840,0.59073,0.53207,3.21990,3.22213,29.01280,28.33973,3.31104,3.29389,4.60446,3.97824,53.73786,52.49146,0.80660,0.90275,4.07890,0.53655
2026020088,2026-10-12,NJD,OTT,0.51376,0.39972,0.36960,0.11404,0.11664,0.23068,0.50804,0.52993,3.17615,3.03274,29.79624,29.86946,3.30562,3.13576,3.97034,3.78936,55.18912,55.32462,0.81848,0.71358,4.01646,0.56401
2026020089,2026-10-12,MIN,VGK,0.50855,0.40218,0.36600,0.10637,0.12544,0.23182,0.54600,0.48586,3.25918,2.85478,27.94199,29.67583,3.30035,2.94037,3.95946,3.43405,51.75445,54.96576,0.84628,0.76229,4.00062,0.61340
2026020090,2026-10-13,DET,NJD,0.51254,0.40306,0.36586,0.10948,0.12160,0.23108,0.54824,0.49962,3.22595,2.91643,28.47914,28.68959,3.23733,3.08366,3.73993,3.33500,52.74964,53.13927,0.77382,0.76272,4.00350,0.47602
2026020091,2026-10-13,CBJ,FLA,0.54117,0.43762,0.33525,0.10355,0.12358,0.22713,0.54160,0.51885,3.45729,2.74202,30.69535,26.96185,3.53207,2.98481,4.50040,3.66628,56.85432,49.93912,0.85311,0.81399,4.05020,0.50514
2026020092,2026-10-13,MTL,BUF,0.55504,0.45723,0.31985,0.09781,0.12511,0.22292,0.53209,0.52503,3.71843,2.71894,28.56520,28.17684,3.67927,3.02991,4.34212,3.63660,52.90900,52.18940,0.98632,0.62056,4.15032,0.52275
2026020093,2026-10-13,CAR,WSH,0.64933,0.52166,0.25781,0.12767,0.09285,0.22052,0.62495,0.68083,3.44668,2.82353,32.00523,26.00998,3.77317,2.91212,3.57867,4.50005,59.28027,48.17612,0.75068,0.74899,4.06042,0.66768
2026020094,2026-10-13,PHI,SEA,0.59204,0.47910,0.29168,0.11294,0.11628,0.22922,0.59663,0.57545,3.23262,2.42207,28.42099,26.55464,3.40816,2.61934,3.68968,3.59582,52.64188,49.18533,0.82280,0.58837,3.90808,0.49885
2026020095,2026-10-13,NYR,TBL,0.43243,0.32230,0.44728,0.11013,0.12029,0.23042,0.47536,0.44768,2.78140,3.20180,31.57588,35.68249,3.14503,3.44953,4.82803,4.67624,58.48494,66.09094,0.76820,0.85024,3.96566,0.47590
2026020096,2026-10-13,OTT,STL,0.58281,0.46807,0.30424,0.11474,0.11295,0.22769,0.57609,0.58210,3.27512,2.62041,30.04277,26.03271,3.46707,2.73865,3.98956,4.25661,55.64570,48.21828,0.83171,0.63795,3.95928,0.60937
2026020097,2026-10-13,NYI,VAN,0.64140,0.52923,0.25041,0.11217,0.10819,0.22036,0.62409,0.62709,3.35514,2.25248,29.97327,24.35326,3.52158,2.57424,3.63949,3.20478,55.51704,45.10747,0.67069,0.60454,3.93872,0.56968
2026020098,2026-10-13,CHI,PIT,0.40096,0.29706,0.47714,0.10390,0.12189,0.22579,0.45245,0.41106,2.81222,3.36408,25.93093,29.43278,2.98600,3.31272,3.81794,3.63461,48.02973,54.51599,0.65709,0.71833,4.02940,0.33823
2026020099,2026-10-13,WPG,MIN,0.49676,0.38645,0.38011,0.11031,0.12313,0.23345,0.50304,0.49905,3.06398,2.88278,28.74261,28.89174,3.03899,3.02719,3.69410,3.55458,53.23749,53.51387,0.79353,0.76837,3.94375,0.54035
2026020100,2026-10-13,DAL,COL,0.46481,0.36640,0.40366,0.09840,0.13153,0.22993,0.50929,0.43341,3.37429,3.07041,25.92499,30.81451,3.38612,3.31464,4.54192,4.12679,48.01845,57.07479,0.95375,0.77308,4.08615,0.50449
2026020101,2026-10-13,NSH,VGK,0.45539,0.35051,0.41772,0.10488,0.12688,0.23177,0.48221,0.45048,3.01558,3.01692,27.42212,30.03865,3.11630,3.17345,4.16096,3.39158,50.79157,55.63790,0.81554,0.66448,3.96571,0.52027
2026020102,2026-10-13,UTA,TOR,0.63088,0.51484,0.26339,0.11604,0.10573,0.22177,0.59191,0.63764,3.38230,2.47346,30.80855,24.32073,3.64533,2.65438,4.08401,3.53680,57.06411,45.04732,0.80719,0.67951,3.97863,0.53205
2026020103,2026-10-13,ANA,CGY,0.60335,0.48872,0.28839,0.11463,0.10826,0.22290,0.56076,0.61558,3.42357,2.66895,31.30965,25.41267,3.63935,2.92615,3.99583,3.78435,57.99210,47.06969,0.79364,0.65332,4.02513,0.49346
2026020104,2026-10-13,LAK,EDM,0.49081,0.37807,0.38828,0.11274,0.12091,0.23365,0.51063,0.49756,2.99401,2.94660,29.64739,32.31479,3.30289,3.16752,3.61026,3.53750,54.91330,59.85445,0.76366,0.89659,3.93977,0.48396
2026020105,2026-10-13,SJS,BOS,0.43452,0.32080,0.45613,0.11372,0.10935,0.22307,0.46935,0.47356,2.92397,3.61983,30.09072,30.79289,3.27199,3.44547,4.71407,4.18789,55.73461,57.03519,0.80903,1.00936,4.14218,0.41491
2026020106,2026-10-14,WSH,MTL,0.49690,0.37732,0.39264,0.11959,0.11046,0.23004,0.54261,0.51841,3.01258,3.23861,27.79284,26.83495,3.24045,3.35788,3.65565,3.79699,51.47830,49.70421,0.69123,0.90573,4.03076,0.56298
2026020107,2026-10-14,COL,DAL,0.60264,0.47657,0.29809,0.12607,0.09927,0.22534,0.59044,0.63434,3.38080,3.01635,31.67365,25.71993,3.65404,3.09185,4.05298,4.22217,58.66615,47.63886,0.78042,0.87275,4.07621,0.57715
2026020108,2026-10-15,TOR,BUF,0.40131,0.29522,0.47710,0.10609,0.12159,0.22768,0.46246,0.41216,2.68227,3.27022,25.99353,31.36293,2.90253,3.40968,3.55957,4.32415,48.14592,58.09094,0.60500,0.82530,3.97010,0.53991
2026020109,2026-10-15,OTT,NYI,0.61676,0.50557,0.27149,0.11119,0.11176,0.22294,0.59772,0.60470,3.40234,2.41658,27.54747,26.59893,3.59479,2.58908,3.59903,3.99853,51.02366,49.26709,0.82786,0.59207,3.97954,0.58661
2026020110,2026-10-15,DET,PHI,0.53910,0.42395,0.34306,0.11515,0.11784,0.23299,0.53870,0.54434,3.09245,2.73462,28.45004,26.97374,3.20666,2.94856,4.05610,3.69003,52.69585,49.96112,0.83947,0.75168,3.91671,0.64222
2026020111,2026-10-15,TBL,SEA,0.68838,0.58527,0.21188,0.10311,0.09974,0.20285,0.65815,0.66427,3.77395,2.21758,30.26000,25.83326,3.75687,2.53757,3.69449,3.85623,56.04797,47.84904,0.89754,0.55820,4.13904,0.75115
2026020112,2026-10-15,FLA,VAN,0.71670,0.62095,0.18974,0.09575,0.09355,0.18931,0.65188,0.69650,4.12467,2.23499,28.89714,25.87988,4.01888,2.49560,3.45395,3.84615,53.52364,47.93521,0.99735,0.64822,4.32093,0.60877
2026020113,2026-10-15,NJD,NYR,0.57898,0.46490,0.30699,0.11408,0.11403,0.22811,0.54970,0.58488,3.31404,2.65809,33.52309,27.99860,3.57007,2.77547,4.10050,3.84251,62.09194,51.85954,0.85338,0.68791,3.98103,0.50323
2026020114,2026-10-15,CHI,WPG,0.42678,0.30809,0.45894,0.11869,0.11428,0.23297,0.46526,0.46845,2.40040,3.11214,25.26440,28.59263,2.66715,3.09497,3.83377,3.41037,46.79520,52.95996,0.60294,0.67482,3.85598,0.30325
2026020115,2026-10-15,NSH,SJS,0.58060,0.46427,0.30730,0.11634,0.11209,0.22843,0.59478,0.57654,3.25495,2.66613,28.50158,27.92879,3.31214,2.92258,3.99999,4.04400,52.79107,51.73013,0.89397,0.63800,3.96026,0.66990
2026020116,2026-10-15,MIN,STL,0.60218,0.49423,0.28307,0.10795,0.11474,0.22270,0.58381,0.58594,3.49056,2.50561,30.79666,26.83144,3.57843,2.66316,4.06387,3.92617,57.04218,49.69759,0.97038,0.61681,4.02890,0.65698
2026020117,2026-10-15,EDM,UTA,0.54496,0.43456,0.33384,0.11040,0.12120,0.23160,0.56087,0.53000,3.23011,2.67310,29.47754,26.15756,3.38185,2.95108,3.68704,3.65648,54.59865,48.44928,0.97964,0.72558,3.95240,0.63889
2026020118,2026-10-15,VGK,CGY,0.69271,0.58736,0.20853,0.10535,0.09876,0.20412,0.62858,0.68341,3.64950,2.13260,30.61811,24.15032,3.70838,2.36979,3.50834,3.65053,56.71112,44.73163,0.77276,0.52168,4.07319,0.63856
2026020119,2026-10-16,COL,PIT,0.64522,0.53771,0.25286,0.10751,0.10192,0.20943,0.63519,0.63258,3.95454,2.77177,30.83662,25.95849,3.91181,2.97461,3.46884,4.10986,57.11561,48.08055,0.83091,0.75858,4.25425,0.65326
2026020120,2026-10-16,ANA,BOS,0.50355,0.38224,0.39232,0.12131,0.10413,0.22544,0.51257,0.54864,3.15433,3.48987,30.42164,26.35559,3.45130,3.53242,4.25868,3.86829,56.34740,48.81603,0.86298,0.89096,4.14150,0.41737
2026020121,2026-10-17,WSH,NJD,0.50249,0.37984,0.39005,0.12264,0.10747,0.23011,0.58871,0.51614,2.98270,3.27507,27.93450,31.61599,3.06800,3.49249,3.90758,3.73458,51.74074,58.55953,0.65367,0.85287,4.03521,0.50969
2026020122,2026-10-17,WPG,CAR,0.36333,0.27665,0.49211,0.08667,0.14456,0.23123,0.43706,0.32155,2.94572,3.07991,26.27412,31.36240,3.03454,3.18772,4.22797,3.56893,48.66558,58.08988,0.72359,0.73626,3.96526,0.47066
2026020123,2026-10-17,TBL,VAN,0.74199,0.65244,0.16783,0.08956,0.09018,0.17973,0.69725,0.70306,4.16047,2.00313,30.50200,24.87376,4.03897,2.39399,3.63222,3.76593,56.49611,46.07171,0.89971,0.56908,4.35430,0.73531
2026020124,2026-10-17,FLA,SEA,0.66062,0.55263,0.23767,0.10799,0.10170,0.20969,0.61020,0.65727,3.75638,2.48241,28.82890,26.92100,3.74790,2.65432,3.56040,3.92247,53.39728,49.86372,1.00424,0.63116,4.14401,0.62913
2026020125,2026-10-17,TOR,NYI,0.47760,0.35677,0.40532,0.12083,0.11708,0.23791,0.53381,0.49370,2.62147,2.89636,23.62881,32.24926,2.87728,3.15172,2.99983,4.21233,43.76568,59.73267,0.57825,0.69952,3.82262,0.57564
2026020126,2026-10-17,MTL,BUF,0.52929,0.42392,0.34849,0.10536,0.12222,0.22759,0.53209,0.51534,3.48137,2.92391,27.63820,28.83696,3.50934,3.16521,4.25731,3.83066,51.19207,53.41201,0.91081,0.69527,4.09137,0.52275
2026020127,2026-10-17,DET,SJS,0.60406,0.49433,0.28353,0.10973,0.11241,0.22214,0.60599,0.58616,3.50012,2.57139,29.05105,25.73759,3.47521,2.76895,4.17921,3.71659,53.80880,47.67152,1.01422,0.67856,4.04149,0.67300
2026020128,2026-10-17,PHI,OTT,0.45185,0.33732,0.43043,0.11453,0.11772,0.23226,0.51764,0.46279,2.76508,3.14502,28.08272,31.05062,3.04539,3.28955,4.26456,4.17391,52.01542,57.51263,0.73046,0.84339,3.94240,0.39684
2026020129,2026-10-17,CBJ,NYR,0.57857,0.46035,0.30835,0.11821,0.11308,0.23129,0.56463,0.58644,3.14145,2.59090,32.70938,28.01024,3.53327,2.83383,4.42480,4.08090,60.58469,51.88098,0.74740,0.78584,3.90288,0.43586
2026020130,2026-10-17,CHI,DAL,0.35266,0.24825,0.53632,0.10441,0.11102,0.21543,0.40623,0.39420,2.40229,3.57832,25.95440,27.90902,2.75296,3.38037,4.56744,3.79830,48.07327,51.69371,0.63313,0.83148,4.05829,0.27564
2026020131,2026-10-17,NSH,STL,0.52651,0.41273,0.35272,0.11378,0.12077,0.23455,0.52068,0.53180,3.03743,2.71122,28.85299,27.25261,3.20674,2.94294,4.12731,4.02913,53.44199,50.47773,0.85496,0.57449,3.89239,0.56790
2026020132,2026-10-17,LAK,BOS,0.56280,0.45351,0.32012,0.10928,0.11708,0.22636,0.51939,0.56792,3.47061,2.79558,33.89762,29.80499,3.67396,3.05665,4.10183,3.74788,62.78585,55.20549,0.86507,0.73343,4.06431,0.60512
2026020133,2026-10-17,UTA,EDM,0.51098,0.38689,0.37914,0.12409,0.10989,0.23397,0.53949,0.54106,2.87587,3.06661,26.74206,29.87260,3.20228,3.19426,3.76242,3.71631,49.53179,55.33037,0.73640,0.98782,3.94314,0.44045
2026020134,2026-10-17,VGK,PIT,0.62458,0.52308,0.26332,0.10150,0.11211,0.21360,0.58811,0.60214,3.83089,2.54277,29.72015,25.61242,3.77085,2.74517,3.39259,3.89708,55.04767,47.43958,0.83924,0.63236,4.18224,0.51565
2026020135,2026-10-18,MIN,CBJ,0.58411,0.47751,0.29900,0.10660,0.11689,0.22349,0.58468,0.56177,3.52372,2.62004,31.71105,30.14503,3.65027,2.91496,4.05526,3.71320,58.73585,55.83510,0.99433,0.64147,4.05784,0.63479
2026020136,2026-10-18,CGY,CAR,0.32962,0.24038,0.53986,0.08924,0.13052,0.21976,0.40819,0.31797,2.59718,3.32898,26.52629,32.47307,2.83481,3.43618,4.24232,3.56086,49.13272,60.14721,0.61290,0.70095,3.97742,0.30115
2026020137,2026-10-19,NYR,ANA,0.53737,0.43221,0.33799,0.10516,0.12464,0.22980,0.56644,0.50665,3.36416,2.70328,25.17243,30.24658,3.42703,3.06297,4.03603,4.19176,46.62462,56.02313,0.90998,0.78199,4.00817,0.75733
2026020138,2026-10-19,PHI,COL,0.39140,0.29637,0.47309,0.09503,0.13551,0.23054,0.45600,0.36768,2.91375,3.12754,27.13537,31.29007,3.15104,3.27076,4.31995,3.75471,50.26052,57.95589,0.81469,0.78261,3.97185,0.28923
2026020139,2026-10-19,TOR,SJS,0.53176,0.41097,0.35494,0.12079,0.11329,0.23408,0.58594,0.53496,2.98605,2.87635,26.48504,30.64525,3.07318,3.17272,3.56377,4.47082,49.05619,56.76161,0.73145,0.78637,3.91808,0.70222
2026020140,2026-10-19,UTA,PIT,0.55586,0.44429,0.32785,0.11157,0.11629,0.22786,0.55412,0.55302,3.38781,2.83635,28.99944,28.09421,3.53354,3.05392,3.82871,4.25365,53.71272,52.03609,0.73557,0.78283,4.04157,0.51616
2026020141,2026-10-20,MTL,SJS,0.68243,0.58780,0.21530,0.09463,0.10227,0.19690,0.65162,0.64459,4.13008,2.35255,28.40917,26.57637,3.90122,2.73920,4.26714,3.60749,52.61993,49.22515,1.21686,0.57400,4.32099,0.68499
2026020142,2026-10-20,NJD,COL,0.48161,0.38787,0.38401,0.09373,0.13438,0.22811,0.44647,0.46093,3.56115,2.95442,30.83530,30.79134,3.64852,3.08339,4.22184,3.35349,57.11367,57.03203,0.98484,0.62499,4.12509,0.45082
2026020143,2026-10-20,NYI,ANA,0.55250,0.45075,0.32358,0.10176,0.12391,0.22567,0.55975,0.52034,3.53466,2.67855,27.90904,27.08702,3.60273,2.99143,4.13197,3.47512,51.69341,50.17087,0.79144,0.70590,4.07051,0.66023
2026020144,2026-10-20,WSH,LAK,0.54424,0.42124,0.34464,0.12300,0.11112,0.23412,0.59754,0.54978,2.98772,2.85049,27.73701,29.83324,3.12346,3.18010,3.95100,3.44659,51.37499,55.25768,0.76050,0.68639,3.91163,0.51306
2026020145,2026-10-20,CBJ,TOR,0.65773,0.56009,0.23069,0.09764,0.11158,0.20922,0.58739,0.62963,3.69648,2.10680,32.60344,23.87415,3.96668,2.42794,4.14780,3.16154,60.38863,44.22015,0.84349,0.53314,4.09669,0.51099
2026020146,2026-10-20,STL,WPG,0.52566,0.39970,0.36175,0.12597,0.11259,0.23855,0.56312,0.54570,2.74371,2.78721,25.89974,28.09903,2.94458,2.89545,3.90356,3.91912,47.97194,52.04558,0.59568,0.77160,3.82042,0.42075
2026020147,2026-10-20,DAL,BOS,0.57946,0.46613,0.30871,0.11333,0.11183,0.22516,0.59056,0.57334,3.45672,2.81227,28.49583,28.12050,3.58002,3.08740,4.40705,4.21198,52.78009,52.08501,0.91670,0.72731,4.06209,0.66308
2026020148,2026-10-20,EDM,MIN,0.52586,0.40695,0.36267,0.11891,0.11147,0.23037,0.53067,0.54926,3.13709,3.07924,31.52339,28.75659,3.23692,3.25095,3.36727,3.73716,58.38821,53.26324,0.88435,0.93132,4.01731,0.56560
2026020149,2026-10-20,SEA,DET,0.45045,0.33195,0.43902,0.11851,0.11053,0.22903,0.51447,0.47966,2.73232,3.33294,26.54253,30.05398,2.92087,3.32067,3.33666,3.66145,49.16266,55.66656,0.61510,0.93388,4.00290,0.47944
2026020150,2026-10-20,VAN,CAR,0.27053,0.18923,0.61396,0.08130,0.11551,0.19681,0.35538,0.27852,2.49868,3.90732,25.87467,33.62925,2.73792,3.81743,4.16143,3.40851,47.92585,62.28861,0.66915,0.85406,4.21714,0.34055
2026020151,2026-10-20,VGK,TBL,0.51184,0.38796,0.38142,0.12388,0.10674,0.23062,0.52931,0.55071,2.96044,3.20616,30.62365,29.40015,3.26851,3.17989,4.04202,4.20183,56.72133,54.45531,0.73496,0.81680,4.00806,0.39154
2026020152,2026-10-21,BUF,PHI,0.60181,0.47238,0.29823,0.12943,0.09996,0.22938,0.60437,0.63165,3.16393,2.85506,29.33017,29.44609,3.32534,3.08641,4.18540,4.28085,54.32602,54.54067,0.73510,0.77267,3.96889,0.67141
2026020153,2026-10-21,OTT,FLA,0.53638,0.42725,0.34579,0.10913,0.11783,0.22696,0.56847,0.52170,3.44790,2.98506,30.44739,26.71549,3.54038,3.09537,4.44131,4.02686,56.39492,49.48281,0.89957,0.90090,4.09180,0.54706
2026020154,2026-10-22,BOS,NSH,0.54314,0.43232,0.33812,0.11082,0.11874,0.22956,0.58502,0.52353,3.29616,2.80016,28.56173,28.54548,3.49078,3.05808,3.65429,4.02476,52.90247,52.87237,0.69628,0.81874,4.00187,0.53356
2026020155,2026-10-22,TOR,NYR,0.45439,0.33684,0.42847,0.11755,0.11714,0.23469,0.52704,0.46794,2.60662,3.01975,26.72417,30.23042,2.87003,3.19379,3.60637,4.16803,49.49913,55.99334,0.62905,0.87871,3.86242,0.46523
2026020156,2026-10-22,OTT,SJS,0.64442,0.53086,0.25345,0.11355,0.10213,0.21569,0.64743,0.63448,3.61701,2.59077,30.67589,26.38188,3.68221,2.71975,4.04497,4.31866,56.81840,48.86512,0.92916,0.72459,4.09300,0.70960
2026020157,2026-10-22,NJD,ANA,0.59977,0.50308,0.28266,0.09669,0.11757,0.21426,0.56595,0.56844,3.96369,2.66933,28.90966,28.64354,4.00394,2.88738,3.89025,3.67614,53.54673,53.05404,0.98747,0.65011,4.25040,0.72522
2026020158,2026-10-22,PIT,FLA,0.50338,0.38905,0.38703,0.11433,0.10959,0.22392,0.54230,0.51803,3.26576,3.35819,29.89810,28.13238,3.35485,3.35926,4.47200,3.55341,55.37742,52.10709,0.81297,0.86560,4.12840,0.55044
2026020159,2026-10-22,NYI,LAK,0.50356,0.38353,0.37934,0.12003,0.11710,0.23713,0.55302,0.51183,2.78285,2.83033,29.51840,28.14993,3.02431,3.10595,4.01341,3.35876,54.67491,52.13985,0.66328,0.70598,3.84486,0.47483
2026020160,2026-10-22,STL,VGK,0.43740,0.32772,0.43748,0.10968,0.12512,0.23480,0.51188,0.43209,2.68576,2.96327,25.24516,30.16707,2.87388,3.12505,4.21475,3.72976,46.75939,55.87576,0.58893,0.80346,3.86154,0.49202
2026020161,2026-10-22,DAL,WPG,0.60238,0.48396,0.28862,0.11842,0.10900,0.22742,0.60871,0.60118,3.25943,2.58025,26.22022,26.61222,3.29161,2.79653,4.01179,4.07859,48.56531,49.29162,0.83709,0.67067,3.94593,0.56215
2026020162,2026-10-22,CGY,MIN,0.40026,0.28372,0.49338,0.11655,0.10636,0.22290,0.47347,0.44656,2.40763,3.47533,27.46515,31.20678,2.65543,3.52459,3.63036,3.89805,50.87150,57.80177,0.58350,0.88173,4.01241,0.36836
2026020163,2026-10-22,EDM,CAR,0.43151,0.33615,0.43184,0.09536,0.13666,0.23201,0.46445,0.40378,3.19518,3.03892,29.37806,30.67782,3.34270,3.26444,3.90720,3.49786,54.41464,56.82147,0.86871,0.77951,4.02371,0.49261
2026020164,2026-10-22,SEA,UTA,0.41669,0.30945,0.45874,0.10724,0.12457,0.23181,0.49270,0.41506,2.68178,3.10082,26.30202,29.07987,2.89152,3.25081,3.87125,3.72881,48.71716,53.86219,0.67569,0.80599,3.90829,0.46160
2026020165,2026-10-22,VAN,DET,0.39691,0.28279,0.49355,0.11412,0.10953,0.22365,0.46972,0.43586,2.42685,3.41696,25.07637,29.42517,2.69884,3.42434,3.28650,3.59724,46.44690,54.50189,0.62767,0.88637,3.98898,0.50318
2026020166,2026-10-23,CHI,MTL,0.38028,0.26937,0.51343,0.11091,0.10629,0.21720,0.42184,0.43517,2.51424,3.67556,26.12627,28.23933,2.85522,3.44768,3.68961,3.60276,48.39157,52.30566,0.60760,0.87503,4.11236,0.36969
2026020167,2026-10-23,COL,TBL,0.56806,0.44146,0.33013,0.12660,0.10181,0.22841,0.57830,0.60113,3.22041,3.12060,30.84000,28.35800,3.45147,3.23935,4.02624,4.26359,57.12198,52.52498,0.76677,0.87352,4.05207,0.52910
2026020168,2026-10-24,PHI,ANA,0.54673,0.44414,0.33028,0.10259,0.12299,0.22558,0.57537,0.51133,3.51362,2.73540,26.34739,29.04340,3.67051,3.01180,4.10755,4.04426,48.80080,53.79464,0.89828,0.76939,4.07077,0.56911
2026020169,2026-10-24,NJD,LAK,0.57478,0.46048,0.31212,0.11430,0.11310,0.22741,0.55924,0.57912,3.34574,2.74546,32.58123,31.04042,3.53973,2.96697,3.83165,3.55453,60.34794,57.49383,0.86409,0.61430,4.00903,0.54243
2026020170,2026-10-24,BOS,SJS,0.61741,0.50962,0.27338,0.10779,0.10922,0.21701,0.62848,0.59405,3.69935,2.65647,29.38324,28.82876,3.64208,2.96735,4.01828,4.44207,54.42413,53.39709,0.95167,0.75217,4.13523,0.66290
2026020171,2026-10-24,OTT,NYR,0.59308,0.47743,0.29473,0.11565,0.11220,0.22785,0.59117,0.58921,3.27420,2.56355,31.30133,25.85934,3.55852,2.69071,4.24013,4.07271,57.97665,47.89719,0.84202,0.75998,3.94875,0.47923
2026020172,2026-10-24,PIT,NSH,0.55964,0.43620,0.33454,0.12344,0.10582,0.22925,0.57919,0.58126,3.18550,3.02285,28.98877,27.41795,3.43487,3.08918,3.89080,3.61137,53.69336,50.78387,0.66704,0.76742,4.01674,0.58712
2026020173,2026-10-24,WSH,BUF,0.49840,0.38788,0.38225,0.11052,0.11935,0.22987,0.52446,0.49921,3.20689,3.07770,29.37261,29.43390,3.32669,3.32407,4.53328,4.11702,54.40453,54.51782,0.80157,0.75945,4.03708,0.54480
2026020174,2026-10-24,CBJ,VGK,0.50798,0.40032,0.36551,0.10766,0.12651,0.23417,0.51099,0.49847,3.12577,2.74089,28.60252,29.16235,3.30838,3.00231,4.25886,3.60872,52.97789,54.01468,0.72533,0.74510,3.92959,0.52067
2026020175,2026-10-24,STL,CAR,0.36997,0.27638,0.49631,0.09360,0.13371,0.22731,0.44998,0.34809,2.80916,3.21385,26.18456,34.10354,3.03594,3.38354,4.69448,3.94174,48.49954,63.16701,0.62599,0.81844,3.97587,0.34970
2026020176,2026-10-24,EDM,TOR,0.64679,0.54072,0.24495,0.10607,0.10826,0.21433,0.60230,0.63181,3.59201,2.30977,33.84404,23.41400,3.84161,2.55358,3.64081,2.97813,62.68654,43.36788,0.98329,0.58341,4.05471,0.63442
2026020177,2026-10-24,UTA,TBL,0.50230,0.38842,0.37910,0.11389,0.11860,0.23248,0.49464,0.51993,3.04542,2.96517,32.05123,30.57979,3.41189,3.19019,4.74276,4.26250,59.36500,56.63958,0.76445,0.80717,3.95994,0.39270
2026020178,2026-10-24,CGY,DET,0.44579,0.32471,0.44228,0.12108,0.11193,0.23301,0.52567,0.47299,2.48698,3.12909,25.63057,29.55188,2.75462,3.25760,3.35121,3.96878,47.47332,54.73641,0.55858,0.81800,3.87877,0.45637
2026020179,2026-10-24,SEA,MIN,0.40347,0.29300,0.48379,0.11047,0.11274,0.22321,0.46230,0.43400,2.62601,3.44922,27.90537,31.12031,2.78487,3.47094,3.57765,3.68935,51.68705,57.64173,0.62484,0.96938,4.02998,0.39036
2026020180,2026-10-25,CHI,FLA,0.34551,0.24434,0.54418,0.10117,0.11030,0.21148,0.44457,0.36812,2.51404,3.72841,26.66137,29.39938,2.75347,3.54936,4.48611,3.57721,49.38276,54.45423,0.68190,0.92964,4.13599,0.35380
2026020181,2026-10-25,DAL,NYI,0.60930,0.49683,0.27918,0.11247,0.11152,0.22399,0.61746,0.59232,3.39504,2.49763,25.60533,28.39975,3.51315,2.78517,3.86012,4.31001,47.42634,52.60259,0.87129,0.59477,3.98742,0.65943
2026020182,2026-10-25,WPG,MTL,0.46985,0.35607,0.41124,0.11378,0.11891,0.23269,0.50635,0.48242,2.88523,3.07557,27.41145,26.14620,3.11190,3.06622,3.43433,3.82816,50.77190,48.42851,0.65644,0.87568,3.94834,0.61997
2026020183,2026-10-25,NSH,COL,0.35141,0.25225,0.53401,0.09916,0.11459,0.21375,0.43301,0.36888,2.65276,3.69474,25.05579,32.68925,2.88656,3.70311,3.83844,3.67487,46.40872,60.54735,0.73203,0.83712,4.13469,0.38418
2026020184,2026-10-25,VAN,MIN,0.37785,0.27295,0.50652,0.10490,0.11563,0.22053,0.41818,0.40990,2.56247,3.45044,27.82794,30.74226,2.75537,3.53229,3.62741,3.43033,51.54348,56.94155,0.71487,0.85144,4.02125,0.41112
2026020185,2026-10-26,NYR,LAK,0.52373,0.40512,0.35909,0.11862,0.11717,0.23579,0.55973,0.52725,2.92878,2.78001,29.35785,33.65682,3.13693,3.15396,4.05230,4.12204,54.37761,62.33983,0.81558,0.74195,3.87434,0.57804
2026020186,2026-10-26,CGY,TOR,0.51573,0.39589,0.36462,0.11984,0.11965,0.23950,0.54638,0.52221,2.78038,2.67713,29.96765,26.44347,3.14609,2.88167,3.92323,3.33593,55.50652,48.97901,0.63844,0.59046,3.79902,0.42734
2026020187,2026-10-26,EDM,DET,0.57311,0.45216,0.31774,0.12095,0.10915,0.23010,0.58219,0.58491,3.18369,2.79760,29.27989,26.50084,3.35593,2.96958,3.17632,3.65190,54.23264,49.08521,0.86624,0.84228,3.96228,0.65884
2026020188,2026-10-27,PHI,CBJ,0.47461,0.35592,0.41029,0.11868,0.11510,0.23379,0.54473,0.48641,2.75404,3.05991,28.99329,31.65947,3.13825,3.26186,4.12554,4.23858,53.70170,58.64028,0.74273,0.75482,3.91084,0.43759
2026020189,2026-10-27,CAR,BOS,0.65357,0.51946,0.25929,0.13411,0.08714,0.22125,0.64117,0.69667,3.42250,2.99627,32.70508,26.08834,3.70012,3.09700,3.75537,4.13692,60.57655,48.32113,0.78246,0.77204,4.08561,0.70600
2026020190,2026-10-27,CHI,LAK,0.42482,0.31169,0.45690,0.11314,0.11827,0.23141,0.47730,0.44710,2.59028,3.16096,27.73458,31.41047,2.89922,3.25118,4.10010,3.30596,51.37093,58.17948,0.70905,0.66062,3.91111,0.33311
2026020191,2026-10-27,STL,MTL,0.46446,0.34485,0.42441,0.11961,0.11113,0.23074,0.51944,0.49279,2.75927,3.24893,26.83005,27.79600,3.11103,3.24793,3.80938,4.16976,49.69486,51.48435,0.57755,0.97928,3.97759,0.49846
2026020192,2026-10-27,NSH,NYI,0.52785,0.40967,0.35428,0.11818,0.11787,0.23605,0.54290,0.53577,2.92826,2.72274,25.76493,29.81726,3.16882,2.94783,3.48274,3.90870,47.72217,55.22811,0.75021,0.58501,3.85893,0.54485
2026020193,2026-10-27,DAL,NJD,0.53068,0.41475,0.35660,0.11593,0.11271,0.22865,0.61149,0.51814,3.26992,3.08745,28.06851,31.91153,3.31983,3.32461,4.07120,4.26775,51.98853,59.10690,0.74839,0.81616,4.05819,0.59293
2026020194,2026-10-27,WPG,FLA,0.45394,0.34583,0.42251,0.10811,0.12355,0.23167,0.52946,0.44195,2.94987,3.08738,27.74128,27.41029,3.03504,3.15395,4.15341,3.72264,51.38292,50.76974,0.75662,0.89191,3.96861,0.59614
2026020195,2026-10-27,UTA,MIN,0.51189,0.38667,0.38137,0.12521,0.10674,0.23195,0.51989,0.55547,2.91813,3.18757,29.58130,30.09450,3.14969,3.32760,3.92260,4.24572,54.79054,55.74114,0.72682,0.98707,3.99203,0.46663
2026020196,2026-10-27,VGK,OTT,0.54128,0.41574,0.35202,0.12554,0.10670,0.23224,0.56221,0.57067,3.03190,3.04896,27.48133,27.48622,3.12471,3.09242,3.59186,4.01124,50.90134,50.91038,0.73724,0.81440,3.97936,0.51824
2026020197,2026-10-27,ANA,VAN,0.65097,0.53714,0.25012,0.11383,0.09892,0.21274,0.61498,0.65872,3.64963,2.62300,30.76349,24.40474,3.77891,2.89675,3.54675,3.59945,56.98050,45.20278,0.83495,0.72364,4.11052,0.44527
2026020198,2026-10-27,SJS,BUF,0.39261,0.29090,0.48814,0.10171,0.11925,0.22096,0.42649,0.41152,2.95065,3.58970,29.41079,30.79899,3.11152,3.38353,4.49450,4.31503,54.47549,57.04658,0.74437,0.95078,4.13570,0.37435
2026020199,2026-10-28,WSH,PHI,0.58779,0.46898,0.30359,0.11881,0.10862,0.22743,0.57937,0.59853,3.24235,2.69729,29.77565,28.24409,3.34972,3.06589,4.33664,3.78391,55.15109,52.31409,0.82176,0.69992,3.96172,0.67161
2026020200,2026-10-28,EDM,CGY,0.65469,0.54722,0.23791,0.10747,0.10741,0.21487,0.60599,0.64147,3.49326,2.20124,31.58926,24.78123,3.67618,2.50566,3.47365,3.33603,58.51010,45.90019,0.87104,0.56262,3.99921,0.73048
2026020201,2026-10-28,COL,NJD,0.63849,0.51831,0.26388,0.12017,0.09764,0.21781,0.64974,0.64431,3.61319,2.84492,30.85322,27.20391,3.61180,3.06707,3.40103,3.68894,57.14659,50.38756,0.74186,0.80116,4.12592,0.62867
2026020202,2026-10-28,SEA,TOR,0.54037,0.42394,0.34146,0.11642,0.11817,0.23459,0.53524,0.54818,3.03937,2.69182,30.25514,26.49336,3.30818,2.84949,3.87555,3.14246,56.03919,49.07153,0.69018,0.65015,3.88842,0.45077
2026020203,2026-10-29,DET,CHI,0.64503,0.53474,0.24704,0.11030,0.10792,0.21822,0.62773,0.62718,3.43249,2.26473,29.07575,24.15781,3.50757,2.53844,3.48377,3.48044,53.85464,44.74538,0.75321,0.59756,3.97587,0.69307
2026020204,2026-10-29,TBL,WPG,0.64857,0.52659,0.25101,0.12198,0.10041,0.22240,0.62055,0.66146,3.29150,2.44179,28.34944,26.37698,3.35173,2.68154,3.70499,3.96350,52.50912,48.85578,0.76330,0.65252,3.93578,0.60930
2026020205,2026-10-29,PIT,UTA,0.52547,0.40549,0.36389,0.11997,0.11065,0.23062,0.54628,0.54617,3.12836,3.10705,28.19149,29.34618,3.33069,3.27773,4.31164,3.76465,52.21614,54.35490,0.81421,0.71500,4.02240,0.56581
2026020206,2026-10-29,CAR,CBJ,0.62731,0.48633,0.28278,0.14097,0.08991,0.23089,0.64731,0.67194,3.07601,2.94713,31.21543,27.52503,3.42715,3.14053,3.64594,4.29552,57.81741,50.98229,0.72911,0.70208,3.96421,0.70383
2026020207,2026-10-29,STL,BOS,0.49233,0.37010,0.39729,0.12223,0.11038,0.23261,0.54444,0.51709,2.82968,3.13909,27.94909,29.72400,3.18763,3.23808,4.35821,4.05656,51.76776,55.05534,0.65530,0.85835,3.95527,0.51865
2026020208,2026-10-29,NSH,WSH,0.51448,0.40910,0.35992,0.10538,0.12561,0.23099,0.49742,0.50757,3.25473,2.77870,28.75842,28.38708,3.47089,2.97247,3.87679,3.95084,53.26684,52.57911,0.84848,0.65283,3.98282,0.50504
2026020209,2026-10-29,DAL,MTL,0.54039,0.42646,0.34537,0.11394,0.11424,0.22818,0.56607,0.53976,3.35483,3.01801,27.97465,27.21192,3.53018,3.17532,3.94063,4.42385,51.81436,50.40216,0.81551,0.85621,4.06821,0.64672
2026020210,2026-10-29,MIN,NYI,0.60295,0.48971,0.28451,0.11324,0.11253,0.22578,0.60532,0.58981,3.34259,2.49676,27.54932,28.64835,3.52767,2.65083,3.46575,3.74221,51.02723,53.06295,0.85395,0.62051,3.96546,0.63529
2026020211,2026-10-29,ANA,BUF,0.45579,0.34430,0.43070,0.11149,0.11351,0.22500,0.46927,0.48584,3.10172,3.48374,29.90189,26.95497,3.35355,3.51115,4.30007,4.24297,55.38469,49.92619,0.80113,0.87521,4.12838,0.37700
2026020212,2026-10-29,LAK,OTT,0.47071,0.35723,0.41137,0.11348,0.11792,0.23140,0.49889,0.48689,2.95943,3.15371,29.80176,31.58493,3.17227,3.33542,4.02009,4.10969,55.19963,58.50245,0.74425,0.88694,3.99141,0.55910
2026020213,2026-10-29,SJS,VAN,0.58544,0.47319,0.29958,0.11225,0.11497,0.22722,0.57327,0.57876,3.33137,2.57061,28.54096,27.43590,3.46688,2.77168,3.77785,3.83908,52.86395,50.81723,0.74546,0.76905,3.97262,0.44293
2026020214,2026-10-30,VGK,NJD,0.56510,0.43844,0.33139,0.12667,0.10351,0.23018,0.60336,0.58629,3.12296,3.01703,28.65750,28.03875,3.21870,3.06551,3.33554,3.78542,53.07972,51.93382,0.66163,0.80915,3.99663,0.49453
2026020215,2026-10-30,FLA,WPG,0.64252,0.53456,0.25157,0.10796,0.10591,0.21386,0.57076,0.64560,3.65344,2.46469,28.04292,26.60503,3.58330,2.66617,3.69659,3.89663,51.94145,49.27831,0.99092,0.65595,4.09590,0.48130
2026020216,2026-10-30,CGY,SEA,0.51356,0.38982,0.36972,0.12374,0.11672,0.24046,0.56128,0.52474,2.68440,2.71651,27.56472,28.00762,2.96508,2.93369,3.41547,3.63392,51.05580,51.87616,0.60000,0.59580,3.78131,0.51700
2026020217,2026-10-31,BOS,CHI,0.65751,0.55340,0.23602,0.10412,0.10646,0.21058,0.64970,0.62572,3.69769,2.30632,28.10345,25.81009,3.65158,2.64936,3.32113,3.98221,52.05369,47.80588,0.73188,0.64193,4.10498,0.68317
2026020218,2026-10-31,DET,STL,0.54961,0.44007,0.32790,0.10954,0.12249,0.23204,0.53232,0.54163,3.21010,2.57880,29.20771,25.32492,3.30543,2.78613,4.14940,3.73407,54.09907,46.90718,0.90968,0.61329,3.92657,0.57028
2026020219,2026-10-31,NSH,TBL,0.41667,0.30609,0.46759,0.11058,0.11574,0.22631,0.46126,0.44398,2.69207,3.34191,28.71336,31.61942,3.02775,3.43405,4.49667,4.04475,53.18328,58.56585,0.76303,0.76954,3.99890,0.37153
2026020220,2026-10-31,NYI,EDM,0.45657,0.34235,0.42163,0.11421,0.12180,0.23602,0.51348,0.46304,2.68809,2.94389,26.93849,27.97159,2.93493,3.14296,3.62530,3.08129,49.89583,51.80936,0.62713,0.84072,3.85559,0.41583
2026020221,2026-10-31,LAK,BUF,0.48226,0.37840,0.38912,0.10386,0.12861,0.23248,0.47606,0.47627,3.21062,2.92560,32.81693,30.67957,3.48053,3.13481,4.17056,4.30826,60.78459,56.82562,0.76454,0.77999,4.00071,0.57029
2026020222,2026-10-31,SJS,OTT,0.39198,0.28422,0.49490,0.10776,0.11312,0.22088,0.44898,0.42187,2.70051,3.57097,27.93334,32.02026,2.94705,3.55491,4.70533,4.35465,51.73884,59.30868,0.74079,1.01281,4.08969,0.36528
2026020223,2026-10-31,MTL,PIT,0.57403,0.47359,0.30597,0.10044,0.12000,0.22044,0.58076,0.53892,3.80071,2.77807,26.76373,28.20442,3.66039,3.08607,3.74088,3.60923,49.57198,52.24029,0.92254,0.65635,4.19083,0.50862
2026020224,2026-10-31,VAN,TOR,0.45711,0.34187,0.42238,0.11524,0.12051,0.23575,0.49051,0.47508,2.66819,2.96176,29.28412,26.49996,3.04442,3.05303,3.82451,3.10274,54.24062,49.08378,0.69602,0.66078,3.85667,0.47433
2026020225,2026-10-31,DAL,CBJ,0.54583,0.42649,0.34221,0.11935,0.11195,0.23130,0.59702,0.54513,3.14315,2.90997,28.00445,31.11053,3.34995,3.25791,4.35156,4.54663,51.86986,57.62312,0.85936,0.70049,3.97545,0.65976
2026020226,2026-10-31,COL,CGY,0.75509,0.66070,0.16037,0.09440,0.08453,0.17893,0.67360,0.74151,4.07945,2.01669,33.75984,23.82464,4.23699,2.38588,3.85008,3.51558,62.53016,44.12839,0.88800,0.49938,4.30702,0.75915
2026020227,2026-11-01,CAR,WPG,0.69731,0.56919,0.21702,0.12812,0.08567,0.21379,0.65837,0.72814,3.47193,2.57222,30.68344,24.40784,3.58476,2.68085,3.56923,3.75530,56.83217,45.20874,0.78793,0.63177,4.02992,0.60742
2026020228,2026-11-01,WSH,MIN,0.48783,0.36565,0.40268,0.12218,0.10948,0.23167,0.53932,0.51562,2.84137,3.20856,28.20910,30.33513,3.02983,3.44646,3.96988,3.84456,52.24924,56.18712,0.73445,0.88626,3.98121,0.48112
2026020229,2026-11-01,PHI,UTA,0.49349,0.38412,0.38151,0.10938,0.12500,0.23438,0.54010,0.47827,3.04857,2.84526,28.60252,29.64394,3.29029,3.08135,4.44079,4.13587,52.97767,54.90691,0.87577,0.73427,3.92928,0.41930
2026020230,2026-11-01,NYR,EDM,0.52324,0.40734,0.35941,0.11590,0.11735,0.23325,0.52026,0.53663,3.03400,2.83602,27.25233,33.05433,3.21177,3.15418,3.89335,3.64874,50.47686,61.22386,0.88753,0.83558,3.92230,0.52433
2026020231,2026-11-01,ANA,OTT,0.46902,0.34916,0.42528,0.11986,0.10570,0.22556,0.49207,0.51590,2.98275,3.56513,28.29487,27.62252,3.15488,3.62861,4.21411,3.94088,52.40815,51.16261,0.80151,0.91623,4.13260,0.36794
2026020232,2026-11-02,BOS,VGK,0.45909,0.35479,0.41331,0.10430,0.12761,0.23190,0.51769,0.43951,3.06655,3.01170,26.17108,30.28537,3.14917,3.22649,3.87796,3.69759,48.47424,56.09475,0.73338,0.79167,3.97877,0.51340
2026020233,2026-11-02,FLA,DET,0.59300,0.47157,0.30416,0.12143,0.10285,0.22427,0.57556,0.61842,3.38101,2.94276,26.58212,28.38782,3.45004,3.01532,3.49354,4.36550,49.23573,52.58042,0.91245,0.90099,4.06058,0.57340
2026020234,2026-11-02,CHI,COL,0.29615,0.20845,0.58502,0.08770,0.11883,0.20653,0.36729,0.30902,2.43246,3.65279,24.05511,31.98401,2.70631,3.59895,4.18886,3.33495,44.55527,59.24120,0.66999,0.76074,4.09493,0.24348
2026020235,2026-11-02,SJS,CGY,0.54360,0.43307,0.33385,0.11054,0.12255,0.23308,0.51779,0.54234,3.16718,2.60546,28.88346,28.17503,3.36616,2.78598,4.38534,3.92905,53.49842,52.18651,0.75414,0.68612,3.91547,0.49140
2026020236,2026-11-03,TOR,UTA,0.43445,0.32266,0.44301,0.11179,0.12254,0.23434,0.50777,0.43774,2.63428,3.01980,24.45790,31.28761,2.85703,3.32496,3.55781,4.20923,45.30131,57.95133,0.66090,0.79088,3.86878,0.55029
2026020237,2026-11-03,MTL,WPG,0.59788,0.47884,0.29452,0.11904,0.10760,0.22664,0.59328,0.60541,3.29611,2.68901,25.87265,27.01355,3.29974,2.89714,3.77894,3.39926,47.92180,50.03486,0.86876,0.65499,3.97999,0.45854
2026020238,2026-11-03,TBL,DET,0.65434,0.54963,0.24039,0.10472,0.10527,0.20998,0.62516,0.63481,3.76356,2.41861,29.08906,26.89395,3.68733,2.74116,3.70283,4.10060,53.87882,49.81334,0.91186,0.70391,4.14296,0.70381
2026020239,2026-11-03,NJD,EDM,0.53962,0.42238,0.34576,0.11724,0.11462,0.23186,0.51976,0.55977,3.14096,2.87379,28.52239,29.64689,3.34737,2.96458,3.44235,3.15880,52.82956,54.91262,0.81854,0.73405,3.96590,0.48651
2026020240,2026-11-03,NYR,STL,0.54295,0.43154,0.33369,0.11142,0.12336,0.23478,0.53479,0.53552,3.08352,2.53620,29.35304,28.67438,3.21573,2.86809,4.32919,4.43178,54.36834,53.11113,0.89753,0.62439,3.86981,0.66540
2026020241,2026-11-03,PHI,MIN,0.45909,0.34302,0.42509,0.11608,0.11582,0.23189,0.50972,0.47822,2.78453,3.16719,29.74953,31.57235,3.11863,3.28705,3.99951,4.09834,55.10238,58.47900,0.74217,0.89531,3.95440,0.34833
2026020242,2026-11-03,PIT,VGK,0.48587,0.37434,0.39844,0.11153,0.11570,0.22723,0.51170,0.49765,3.16788,3.23754,28.54348,29.41877,3.28208,3.25172,4.33609,3.25077,52.86832,54.48950,0.77511,0.72059,4.06939,0.56664
2026020243,2026-11-03,WSH,DAL,0.48384,0.36585,0.40370,0.11799,0.11246,0.23045,0.52661,0.50534,2.96514,3.23546,29.38350,28.35018,3.22297,3.40211,4.76916,4.21167,54.42427,52.51018,0.74166,0.86881,4.01847,0.45630
2026020244,2026-11-03,CBJ,COL,0.47366,0.37908,0.38771,0.09459,0.13863,0.23321,0.46147,0.44328,3.34003,2.76959,29.14147,30.02757,3.53803,3.04922,4.31153,3.52570,53.97623,55.61720,0.81940,0.70656,4.01153,0.38197
2026020245,2026-11-03,NSH,CAR,0.36125,0.26797,0.51160,0.09329,0.12715,0.22044,0.42081,0.35624,2.88969,3.49067,27.08239,33.68545,3.07744,3.60711,4.38445,3.80630,50.16246,62.39249,0.76337,0.77065,4.08937,0.37418
2026020246,2026-11-03,VAN,ANA,0.41702,0.31095,0.46360,0.10607,0.11938,0.22545,0.48367,0.42321,2.84883,3.34880,24.66143,30.77029,3.12284,3.47642,3.74641,3.67688,45.67826,56.99320,0.74745,0.84176,4.03113,0.63403
2026020247,2026-11-04,BUF,OTT,0.52259,0.39395,0.37207,0.12864,0.10534,0.23398,0.57270,0.55434,2.85974,3.11787,25.85925,29.20186,3.00200,3.25898,4.00939,4.04616,47.89682,54.08803,0.66937,0.80199,3.95550,0.52996
2026020248,2026-11-04,FLA,CHI,0.70130,0.59950,0.20342,0.10181,0.09527,0.19708,0.65149,0.68646,3.94931,2.30117,28.68244,25.11617,3.80092,2.54860,3.43177,4.18971,53.12607,46.52067,0.89924,0.65297,4.22920,0.71767
2026020249,2026-11-04,LAK,SJS,0.61843,0.50488,0.27434,0.11355,0.10723,0.22077,0.59913,0.61724,3.52066,2.63119,33.11773,29.61786,3.64445,2.93074,4.11988,4.36553,61.34155,54.85902,0.91073,0.75441,4.05814,0.71897
2026020250,2026-11-04,SEA,CGY,0.56088,0.44389,0.32091,0.11699,0.11820,0.23519,0.53907,0.56806,3.02869,2.52321,28.46043,27.92197,3.23636,2.77371,3.74799,3.44021,52.71492,51.71758,0.62902,0.61125,3.84640,0.56154
2026020251,2026-11-05,MTL,UTA,0.55602,0.45210,0.32067,0.10392,0.12331,0.22723,0.57690,0.52208,3.49390,2.66551,26.81947,29.09409,3.51932,3.05647,4.29087,3.65341,49.67504,53.88794,1.01904,0.63902,4.05233,0.53342
2026020252,2026-11-05,DET,VGK,0.45150,0.34666,0.42080,0.10484,0.12770,0.23253,0.49389,0.44105,2.97351,2.99527,26.29839,27.78030,3.04534,3.07163,4.08153,3.21900,48.71027,51.45496,0.81024,0.76045,3.94772,0.52229
2026020253,2026-11-05,TBL,CHI,0.75743,0.68066,0.15333,0.07677,0.08924,0.16601,0.69689,0.70134,4.49167,1.89282,31.32999,23.44127,4.13111,2.31320,3.67184,3.91488,58.02975,43.41835,0.92200,0.51272,4.56549,0.82668
2026020254,2026-11-05,NJD,STL,0.59671,0.48895,0.28775,0.10776,0.11554,0.22329,0.53430,0.59657,3.48511,2.52747,32.20234,26.58073,3.57763,2.70948,3.97158,3.88689,59.64594,49.23333,0.91489,0.53399,4.02939,0.63043
2026020255,2026-11-05,NYI,CAR,0.37740,0.28088,0.49243,0.09651,0.13017,0.22668,0.42801,0.37239,2.80021,3.26299,27.78860,30.30311,2.97185,3.45613,4.44765,3.46377,51.47068,56.12766,0.63389,0.78298,3.99105,0.37180
2026020256,2026-11-05,NYR,PHI,0.53762,0.41947,0.34552,0.11816,0.11686,0.23502,0.54116,0.54788,2.96871,2.69945,29.41515,31.59598,3.13647,3.06834,4.21191,4.42875,54.48350,58.52250,0.80687,0.76545,3.86630,0.73196
2026020257,2026-11-05,PIT,BOS,0.51627,0.39254,0.37979,0.12373,0.10394,0.22767,0.54426,0.55373,3.14864,3.41611,29.95937,29.24107,3.43074,3.42660,4.20254,3.74350,55.49092,54.16027,0.76388,0.81040,4.11735,0.59368
2026020258,2026-11-05,CBJ,DAL,0.51366,0.40058,0.36736,0.11309,0.11898,0.23206,0.50247,0.52705,3.13934,2.93779,32.04528,28.09085,3.52965,3.11082,4.76226,4.36335,59.35451,52.03000,0.72765,0.84514,3.98118,0.41913
2026020259,2026-11-05,WPG,VAN,0.64204,0.53545,0.24643,0.10659,0.11154,0.21813,0.63271,0.61075,3.43807,2.17069,28.14324,25.06801,3.50480,2.44648,3.30258,3.33516,52.12737,46.43139,0.72134,0.58946,3.97008,0.66291
2026020260,2026-11-05,EDM,ANA,0.59688,0.49627,0.28675,0.10061,0.11637,0.21698,0.59573,0.56278,3.85367,2.69915,28.32557,27.71347,3.87072,2.98965,3.50535,3.74196,52.46500,51.33114,1.04244,0.79463,4.20494,0.77481
2026020261,2026-11-05,COL,NSH,0.67696,0.55901,0.23058,0.11795,0.09246,0.21041,0.66207,0.68435,3.70816,2.65268,32.47157,25.42657,3.85402,2.86683,3.55703,3.91524,60.14407,47.09551,0.75484,0.79005,4.13852,0.69201
2026020262,2026-11-06,BUF,CBJ,0.57424,0.45448,0.31643,0.11976,0.10933,0.22909,0.59909,0.57761,3.21459,2.79209,29.01158,29.47664,3.37270,3.11805,4.12822,4.05613,53.73577,54.59737,0.80409,0.66028,3.97167,0.57385
2026020263,2026-11-06,MIN,SJS,0.66643,0.56328,0.23059,0.10315,0.10297,0.20613,0.65463,0.63814,3.85991,2.40974,31.43774,27.57545,3.80545,2.68862,4.12587,3.91525,58.22942,51.07563,1.07831,0.66160,4.18810,0.75207
2026020264,2026-11-06,CGY,ANA,0.47852,0.37144,0.39701,0.10708,0.12447,0.23155,0.53959,0.46014,3.05635,2.94238,25.93700,30.69714,3.29014,3.23553,3.84491,3.93786,48.04076,56.85761,0.70342,0.72821,3.95705,0.58622
2026020265,2026-11-07,WSH,FLA,0.49493,0.37982,0.39225,0.11511,0.11282,0.22793,0.56548,0.49712,3.17887,3.29610,29.63437,29.64193,3.25783,3.50702,4.72265,3.89665,54.88906,54.90299,0.83782,0.94400,4.08892,0.53982
2026020266,2026-11-07,NSH,STL,0.52135,0.40542,0.35920,0.11593,0.11945,0.23538,0.52068,0.53180,2.96417,2.74489,28.40379,27.42079,3.14723,2.97361,4.01443,4.06905,52.61011,50.78922,0.81637,0.58848,3.87639,0.56790
2026020267,2026-11-07,SEA,NYR,0.46441,0.34708,0.41871,0.11734,0.11687,0.23421,0.51199,0.48357,2.67973,3.01140,28.32132,28.03813,2.95261,3.02283,3.90216,3.60037,52.45744,51.93282,0.65267,0.85187,3.87651,0.38174
2026020268,2026-11-07,TOR,MTL,0.41787,0.30176,0.47485,0.11611,0.10728,0.22339,0.48063,0.45967,2.61461,3.52293,25.51312,30.00165,2.90203,3.55635,3.15530,4.23507,47.25589,55.56963,0.56751,1.00759,4.05837,0.55877
2026020269,2026-11-07,OTT,UTA,0.57114,0.46401,0.30921,0.10713,0.11965,0.22678,0.57240,0.54981,3.43399,2.60845,28.88830,26.81096,3.55320,2.85843,4.18043,4.15911,53.50700,49.65944,0.92822,0.70342,4.01974,0.56212
2026020270,2026-11-07,NYI,NJD,0.46461,0.34988,0.41871,0.11474,0.11667,0.23141,0.54396,0.46836,2.85654,3.15168,28.60282,28.71026,2.98553,3.25734,3.75214,3.38473,52.97878,53.17756,0.56352,0.82620,3.96576,0.47025
2026020271,2026-11-07,CAR,CHI,0.77616,0.67526,0.14876,0.10090,0.07508,0.17598,0.73041,0.76994,4.15523,2.18707,32.44122,22.06874,4.05446,2.42434,3.33036,3.92679,60.08802,40.87618,0.78859,0.57425,4.33928,0.82213
2026020272,2026-11-07,DAL,SJS,0.69062,0.60007,0.20678,0.09055,0.10260,0.19315,0.66608,0.64053,4.21106,2.26627,29.37471,26.65901,3.93504,2.66961,4.54896,4.34468,54.40811,49.37842,1.19755,0.58450,4.36568,0.77429
2026020273,2026-11-07,MIN,TBL,0.46126,0.34327,0.42995,0.11799,0.10879,0.22677,0.52508,0.48899,2.80425,3.34272,30.95814,33.79000,3.23921,3.40395,4.26558,4.12249,57.34103,62.58566,0.74373,0.89916,4.02018,0.46754
2026020274,2026-11-07,COL,DET,0.65321,0.52617,0.25478,0.12704,0.09201,0.21905,0.65154,0.67641,3.48734,2.83172,29.95283,25.94224,3.62665,2.96093,3.34262,3.96494,55.47882,48.05055,0.80624,0.84454,4.07678,0.69168
2026020275,2026-11-07,LAK,PIT,0.53164,0.42678,0.34596,0.10486,0.12241,0.22726,0.52537,0.51933,3.49561,2.90388,31.09480,29.89180,3.59832,3.08723,3.65424,3.98014,57.59429,55.36629,0.77448,0.75705,4.09268,0.55746
2026020276,2026-11-07,EDM,VAN,0.70224,0.60296,0.19923,0.09927,0.09853,0.19780,0.65803,0.67473,3.82951,2.10135,31.46162,23.93674,3.90002,2.42050,3.07841,3.18776,58.27381,44.33603,0.93141,0.60591,4.16661,0.69242
2026020277,2026-11-08,BOS,FLA,0.51333,0.41106,0.36494,0.10227,0.12174,0.22400,0.54825,0.48874,3.54067,3.05632,29.93962,29.39930,3.54016,3.28274,4.37193,3.97190,55.45434,54.45378,0.92114,0.90495,4.13712,0.49834
2026020278,2026-11-08,BUF,VGK,0.50118,0.38492,0.38274,0.11626,0.11608,0.23235,0.56074,0.50201,3.01436,3.03334,26.94605,30.03842,3.15092,3.19038,4.20457,3.80886,49.90982,55.63754,0.70458,0.76788,3.97004,0.55248
2026020279,2026-11-08,TOR,NJD,0.41702,0.30376,0.46990,0.11326,0.11308,0.22634,0.52754,0.42866,2.63416,3.37852,24.94535,33.20052,2.80111,3.59121,3.09406,3.84713,46.20439,61.49458,0.53145,0.90252,4.00312,0.50368
2026020280,2026-11-08,WPG,TBL,0.46421,0.36042,0.40484,0.10379,0.13095,0.23474,0.47778,0.45371,3.01267,2.84917,29.14182,29.03018,3.15812,2.98408,4.42197,3.69544,53.97695,53.77012,0.79746,0.69393,3.91901,0.46979
2026020281,2026-11-08,CGY,PHI,0.44268,0.32166,0.44430,0.12102,0.11302,0.23404,0.51409,0.47232,2.47069,3.11463,26.64316,28.88106,2.74219,3.23589,3.81439,4.01205,49.34913,53.49400,0.59204,0.78247,3.86996,0.55799
2026020282,2026-11-08,ANA,PIT,0.52804,0.42141,0.35468,0.10664,0.11728,0.22391,0.51856,0.52889,3.58558,3.14553,29.44559,26.17391,3.65020,3.35149,3.80068,3.94485,54.53934,48.47956,0.85594,0.77694,4.16954,0.36252
2026020283,2026-11-09,EDM,NYR,0.57877,0.46070,0.30716,0.11806,0.11408,0.23214,0.57978,0.57927,3.11125,2.54082,31.70041,24.94979,3.39899,2.73361,3.71103,3.54673,58.71597,46.21237,0.89797,0.76441,3.88130,0.55739
2026020284,2026-11-09,VAN,PHI,0.42561,0.31258,0.45586,0.11304,0.11853,0.23157,0.45819,0.45438,2.56713,3.12145,27.96250,28.67482,2.84437,3.26160,3.85118,3.48823,51.79291,53.11210,0.70127,0.74314,3.89150,0.60557
2026020285,2026-11-09,SJS,NYI,0.46694,0.35053,0.41850,0.11640,0.11456,0.23097,0.49743,0.49305,2.85804,3.20086,26.74087,31.35059,3.10735,3.15354,3.76117,4.24644,49.52978,58.06806,0.69477,0.83636,3.98239,0.41429
2026020286,2026-11-10,TOR,COL,0.33585,0.24354,0.53886,0.09231,0.12528,0.21760,0.42406,0.33058,2.62484,3.46167,23.70835,34.35361,2.81581,3.61828,3.58636,3.81289,43.91296,63.63008,0.65294,0.84581,4.03482,0.41067
2026020287,2026-11-10,MTL,MIN,0.52839,0.41464,0.35597,0.11376,0.11564,0.22940,0.54691,0.53172,3.24324,2.98572,27.34967,30.44931,3.33312,3.26550,3.86530,3.61014,50.65737,56.39837,0.89580,0.78863,4.02534,0.45822
2026020288,2026-11-10,OTT,WSH,0.57268,0.46288,0.31120,0.10981,0.11611,0.22592,0.55321,0.56787,3.44791,2.72074,30.09806,26.36897,3.69041,2.82507,3.91305,4.28395,55.74787,48.84103,0.83658,0.74554,4.04307,0.54753
2026020289,2026-11-10,CBJ,FLA,0.52493,0.41566,0.35646,0.10927,0.11861,0.22788,0.54160,0.51885,3.34340,2.97315,31.24495,28.76503,3.49872,3.14325,4.53066,3.91720,57.87230,53.27893,0.80677,0.91118,4.05458,0.50514
2026020290,2026-11-10,STL,DET,0.50786,0.38348,0.38113,0.12438,0.11101,0.23540,0.56795,0.52629,2.78693,2.98518,25.23726,28.97501,3.01286,3.07966,3.68628,4.12204,46.74481,53.66806,0.60701,0.90964,3.89441,0.51001
2026020291,2026-11-10,WPG,NJD,0.46655,0.35297,0.41389,0.11358,0.11956,0.23313,0.55309,0.46079,2.86470,3.06669,26.99648,29.80437,2.95647,3.15598,3.57992,3.58229,50.00345,55.20423,0.62092,0.80517,3.94033,0.56788
2026020292,2026-11-10,LAK,NSH,0.55974,0.44750,0.32375,0.11225,0.11651,0.22876,0.55467,0.55729,3.31578,2.74402,31.91005,28.71340,3.58662,2.93131,3.78830,3.76452,59.10445,53.18391,0.72382,0.78080,3.99776,0.59908
2026020293,2026-11-11,BUF,TBL,0.48972,0.36607,0.40400,0.12365,0.10628,0.22993,0.53994,0.52455,2.90104,3.34498,29.90971,32.57701,3.23660,3.44575,4.67126,4.43515,55.39899,60.33939,0.69876,0.84563,4.04045,0.40089
2026020294,2026-11-11,CGY,NYR,0.45056,0.32854,0.43520,0.12202,0.11424,0.23626,0.52319,0.47690,2.43017,2.99676,28.02576,28.17194,2.79829,3.09221,3.99858,4.00368,51.90989,52.18060,0.59482,0.80118,3.81550,0.35974
2026020295,2026-11-11,EDM,PHI,0.58628,0.46840,0.30203,0.11787,0.11170,0.22957,0.57087,0.59365,3.18354,2.58525,30.48215,25.73513,3.33963,2.85335,3.59030,3.60210,56.45971,47.66690,0.89723,0.73867,3.91765,0.74972
2026020296,2026-11-11,VGK,UTA,0.57591,0.46402,0.31032,0.11188,0.11378,0.22566,0.58427,0.56686,3.40592,2.73167,28.94246,25.93958,3.42541,2.86698,3.75332,3.96860,53.60739,48.04560,0.89328,0.71445,4.02896,0.53980
2026020297,2026-11-11,ANA,NSH,0.57282,0.45835,0.31656,0.11447,0.11062,0.22509,0.54792,0.58570,3.47371,2.92901,31.23282,25.24276,3.69597,3.14573,4.04766,3.73253,57.84983,46.75498,0.82588,0.79611,4.08965,0.41020
2026020298,2026-11-11,SJS,PIT,0.43985,0.33819,0.43517,0.10165,0.12498,0.22663,0.47532,0.43461,3.21967,3.32395,29.25058,30.89231,3.35147,3.34339,4.26939,4.44143,54.17827,57.21914,0.76333,0.92546,4.10715,0.35981
2026020299,2026-11-12,BOS,MTL,0.49783,0.38068,0.39042,0.11716,0.11175,0.22891,0.52523,0.51974,3.13804,3.28852,28.77085,28.18693,3.43344,3.40096,3.62277,4.21404,53.28942,52.20824,0.72379,0.96925,4.07651,0.52031
2026020300,2026-11-12,TOR,MIN,0.40603,0.29270,0.48234,0.11332,0.11163,0.22495,0.47732,0.43769,2.52656,3.39250,25.93985,33.10275,2.76712,3.56509,3.31613,4.11382,48.04635,61.31356,0.60628,0.95535,3.99210,0.47410
2026020301,2026-11-12,OTT,COL,0.47071,0.37181,0.39670,0.09890,0.13260,0.23150,0.48860,0.44610,3.32844,2.97155,28.28464,29.39905,3.51249,3.09006,4.28004,3.76152,52.38916,54.45321,0.89582,0.75127,4.04935,0.42595
2026020302,2026-11-12,FLA,DET,0.58652,0.46536,0.30921,0.12116,0.10427,0.22543,0.57556,0.60921,3.32616,2.91274,26.51518,28.26890,3.42113,2.99910,3.45618,4.29819,49.11174,52.36018,0.89230,0.88229,4.03578,0.57340
2026020303,2026-11-12,NJD,WSH,0.55376,0.44328,0.32924,0.11048,0.11700,0.22748,0.51108,0.56347,3.38961,2.82221,31.35051,27.75664,3.63813,2.87162,3.69257,3.94087,58.06794,51.41137,0.82344,0.67297,4.03951,0.57035
2026020304,2026-11-12,CBJ,TBL,0.51635,0.41452,0.35454,0.10184,0.12911,0.23094,0.48997,0.50160,3.35172,2.72607,33.71789,30.45436,3.62429,2.99186,4.79034,3.90392,62.45230,56.40772,0.80873,0.70398,4.00764,0.36911
2026020305,2026-11-12,CHI,BUF,0.39824,0.29681,0.47601,0.10143,0.12575,0.22718,0.40416,0.41638,2.81291,3.26734,27.52708,29.39613,3.02395,3.21850,4.38166,3.53415,50.98653,54.44835,0.73840,0.65194,3.99523,0.35231
2026020306,2026-11-12,DAL,WPG,0.61795,0.49645,0.27786,0.12150,0.10420,0.22570,0.60871,0.62877,3.28599,2.61511,26.29922,26.76078,3.32361,2.83149,4.03239,4.07608,48.71160,49.56674,0.84557,0.67452,3.96250,0.56215
2026020307,2026-11-12,UTA,STL,0.54695,0.41628,0.34732,0.13066,0.10573,0.23640,0.55393,0.58769,2.81057,2.88459,28.29296,26.83684,3.15292,2.98791,3.91806,4.41385,52.40470,49.70727,0.69135,0.76737,3.86924,0.58754
2026020308,2026-11-12,LAK,NYI,0.54299,0.42617,0.34011,0.11682,0.11691,0.23372,0.54738,0.54885,3.06108,2.71740,28.70428,29.61045,3.34103,2.88367,3.42275,3.91657,53.16661,54.84546,0.72679,0.67914,3.90193,0.60214
2026020309,2026-11-12,SEA,CAR,0.31277,0.22644,0.56342,0.08633,0.12380,0.21013,0.39740,0.30701,2.71718,3.67881,26.37969,33.45867,2.88138,3.60767,4.17430,3.52248,48.86135,61.97284,0.64227,0.88355,4.13557,0.32211
2026020310,2026-11-13,VAN,NYR,0.41002,0.29405,0.47776,0.11597,0.11222,0.22819,0.46725,0.44932,2.42225,3.27392,28.43000,29.07352,2.80417,3.26761,3.98533,3.65981,52.65870,53.85068,0.67111,0.85476,3.92693,0.40234
2026020311,2026-11-13,VGK,NSH,0.63132,0.51229,0.26560,0.11903,0.10308,0.22212,0.61636,0.63811,3.38062,2.56656,30.01172,24.98592,3.55553,2.70550,3.50148,3.80868,55.58799,46.27929,0.72381,0.71237,3.99176,0.56061
2026020312,2026-11-14,CHI,WPG,0.43191,0.31481,0.45207,0.11710,0.11602,0.23312,0.46526,0.46845,2.48877,3.10329,25.15607,28.55891,2.73388,3.09929,3.88434,3.42868,46.59452,52.89749,0.63592,0.67805,3.86897,0.30325
2026020313,2026-11-14,BOS,MIN,0.48353,0.36890,0.40159,0.11463,0.11489,0.22952,0.52192,0.49753,3.02861,3.19686,29.49892,31.67145,3.27253,3.42098,3.78945,4.13432,54.63811,58.66236,0.76150,0.92687,4.02191,0.43935
2026020314,2026-11-14,TOR,EDM,0.40937,0.29801,0.47369,0.11136,0.11694,0.22830,0.49697,0.42343,2.53902,3.23204,23.69322,33.40543,2.77462,3.44925,3.15748,3.59067,43.88499,61.87421,0.62132,0.93714,3.92903,0.44720
2026020315,2026-11-14,MTL,COL,0.45845,0.36169,0.40892,0.09676,0.13263,0.22939,0.49321,0.42822,3.39375,3.09278,25.41844,31.63262,3.44322,3.33562,4.23831,3.41229,47.08033,58.58995,0.96550,0.72349,4.09729,0.39556
2026020316,2026-11-14,TBL,DET,0.62038,0.50382,0.27409,0.11656,0.10553,0.22210,0.62516,0.61662,3.42946,2.61552,28.27431,27.55008,3.48377,2.86788,3.62391,4.28463,52.36986,51.02867,0.81224,0.78486,4.01900,0.70381
2026020317,2026-11-14,PIT,OTT,0.47187,0.34644,0.42590,0.12543,0.10223,0.22766,0.52385,0.52104,2.78808,3.50668,27.06854,29.71767,3.06094,3.48811,4.05916,3.76424,50.13672,55.04330,0.65852,0.84242,4.07783,0.54412
2026020318,2026-11-14,WSH,NJD,0.50353,0.38416,0.38518,0.11937,0.11129,0.23066,0.58871,0.50643,3.02399,3.17121,27.72259,31.31626,3.10835,3.40573,3.91046,3.68115,51.34829,58.00447,0.66420,0.82742,4.01301,0.50969
2026020319,2026-11-14,CBJ,PHI,0.57596,0.46333,0.30684,0.11263,0.11720,0.22983,0.55565,0.57249,3.21178,2.50960,29.99104,27.08230,3.41014,2.78412,4.06516,3.81454,55.54999,50.16228,0.73634,0.71016,3.91449,0.64194
2026020320,2026-11-14,STL,FLA,0.44717,0.33338,0.43820,0.11379,0.11463,0.22842,0.54249,0.45220,2.85261,3.32354,27.03168,30.02694,3.02025,3.37002,4.47201,4.16624,50.06845,55.61625,0.65455,1.04132,4.02305,0.47751
2026020321,2026-11-14,CAR,SEA,0.73726,0.62276,0.18046,0.11450,0.08229,0.19679,0.69408,0.74564,3.69890,2.25208,31.19907,22.97601,3.79735,2.43986,3.19334,3.43123,57.78716,42.55648,0.79409,0.50225,4.10280,0.74713
2026020322,2026-11-14,DAL,BUF,0.53637,0.43298,0.33953,0.10338,0.12411,0.22749,0.54807,0.51092,3.51054,2.81758,29.01568,29.44264,3.57292,3.10339,4.66385,4.62609,53.74304,54.53400,0.91261,0.70341,4.08294,0.62928
2026020323,2026-11-14,UTA,SJS,0.62759,0.50879,0.26957,0.11880,0.10284,0.22163,0.62658,0.63081,3.42926,2.64470,29.52295,26.53034,3.52770,2.86490,4.16836,4.50760,54.68286,49.13978,0.87882,0.80475,4.02349,0.68806
2026020324,2026-11-14,ANA,NYI,0.53444,0.40759,0.36143,0.12685,0.10413,0.23098,0.54061,0.57739,3.02872,3.18096,27.90161,27.48524,3.34142,3.29709,3.68151,4.14520,51.67963,50.90848,0.77564,0.77417,4.01714,0.41672
2026020325,2026-11-14,LAK,CGY,0.61447,0.50875,0.26884,0.10572,0.11669,0.22241,0.56747,0.59715,3.41906,2.27379,31.42583,27.33532,3.63819,2.58611,3.78059,3.61714,58.20758,50.63139,0.74504,0.57919,3.97055,0.67146
2026020326,2026-11-15,PHI,EDM,0.46734,0.35257,0.41415,0.11477,0.11851,0.23328,0.52936,0.47341,2.81489,3.05239,26.57978,31.71921,3.08833,3.19761,3.61255,3.55513,49.23139,58.75118,0.74447,0.90433,3.92323,0.32098
2026020327,2026-11-15,DAL,FLA,0.52365,0.41194,0.36085,0.11171,0.11550,0.22722,0.58865,0.50883,3.35336,3.09490,28.00016,29.80563,3.36530,3.33351,4.47612,4.28723,51.86187,55.20631,0.88291,0.88893,4.08528,0.62171
2026020328,2026-11-15,ANA,CGY,0.60644,0.49297,0.28437,0.11347,0.10919,0.22266,0.56076,0.61558,3.43120,2.61088,31.50785,25.24308,3.73796,2.92084,4.09014,3.65188,58.35919,46.75551,0.81818,0.62662,4.01899,0.49346
2026020329,2026-11-15,VGK,VAN,0.72784,0.62405,0.18222,0.10379,0.08994,0.19373,0.67921,0.71452,3.78075,2.07561,30.33158,23.03893,3.85309,2.32612,3.21775,3.40301,56.18041,42.67308,0.81405,0.55807,4.14073,0.59540
2026020330,2026-11-15,SJS,NSH,0.44617,0.32738,0.44530,0.11879,0.10853,0.22732,0.50480,0.48216,2.73278,3.41980,28.56018,30.21244,3.10119,3.39949,4.11752,4.29001,52.89976,55.96006,0.60987,1.06115,4.03560,0.40771
2026020331,2026-11-16,NYR,MTL,0.46955,0.34795,0.41846,0.12159,0.11199,0.23359,0.50393,0.50546,2.67629,3.13587,26.71652,27.72336,2.98455,3.22290,3.51005,4.25621,49.48461,51.34951,0.67219,0.94162,3.91962,0.63046
2026020332,2026-11-16,UTA,VAN,0.70437,0.60099,0.19864,0.10338,0.09699,0.20037,0.64824,0.68861,3.70382,2.07798,29.60816,24.33478,3.90116,2.43920,3.56211,3.54705,54.84057,45.07326,0.80459,0.61251,4.10002,0.59545
2026020333,2026-11-17,BOS,LAK,0.54106,0.42683,0.34259,0.11423,0.11635,0.23058,0.58063,0.53182,3.20425,2.83567,28.38441,30.81222,3.36898,3.15070,3.72183,3.69788,52.57396,57.07100,0.79794,0.72111,3.97782,0.47248
2026020334,2026-11-17,TBL,WSH,0.60153,0.49291,0.28649,0.10862,0.11198,0.22060,0.58575,0.59013,3.57714,2.64583,31.97077,29.39647,3.78880,2.93851,4.11445,4.71693,59.21611,54.44832,0.84444,0.72661,4.08321,0.67060
2026020335,2026-11-17,FLA,EDM,0.53455,0.41402,0.35641,0.12052,0.10905,0.22957,0.54346,0.55985,3.15132,3.09275,26.30010,31.09614,3.33431,3.16373,3.57293,3.81172,48.71330,57.59686,0.90480,0.94385,4.02498,0.45593
2026020336,2026-11-17,NYI,CBJ,0.47237,0.35402,0.40987,0.11835,0.11776,0.23611,0.52891,0.48571,2.68600,2.95321,27.93296,27.74978,2.89165,3.19526,3.78198,3.53759,51.73796,51.39838,0.62173,0.70096,3.85820,0.53540
2026020337,2026-11-17,PHI,BUF,0.46055,0.35778,0.40870,0.10277,0.13075,0.23352,0.49481,0.44262,3.10103,2.94949,29.94578,29.58203,3.33781,3.07949,4.42686,4.29283,55.46629,54.79246,0.80235,0.75882,3.97241,0.40632
2026020338,2026-11-17,CHI,TOR,0.48617,0.37261,0.39091,0.11356,0.12292,0.23649,0.49094,0.49816,2.86084,2.83798,29.02748,26.59736,3.17559,2.91304,4.29744,3.08767,53.76520,49.26432,0.74255,0.58453,3.86983,0.35226
2026020339,2026-11-17,STL,ANA,0.53235,0.42179,0.34887,0.11057,0.11877,0.22934,0.58162,0.51340,3.29574,2.88364,24.93948,29.99516,3.46663,3.12773,4.17473,4.20223,46.19308,55.55738,0.72251,0.85487,4.01927,0.63821
2026020340,2026-11-17,MIN,NSH,0.61619,0.50652,0.27271,0.10967,0.11110,0.22077,0.61234,0.59804,3.49952,2.48891,30.85851,27.68566,3.70232,2.74681,3.83569,3.60358,57.15654,51.27984,0.82167,0.70944,4.03067,0.63271
2026020341,2026-11-17,WPG,OTT,0.44919,0.33695,0.43008,0.11223,0.12073,0.23296,0.51096,0.45454,2.76525,3.06963,25.91096,28.83080,2.89628,3.15994,3.94233,3.78544,47.99286,53.40087,0.70233,0.80021,3.91679,0.59135
2026020342,2026-11-17,VGK,DAL,0.54500,0.41849,0.34968,0.12651,0.10532,0.23183,0.54175,0.58523,3.02936,3.06100,29.98820,26.07920,3.34400,3.03200,4.05708,4.34021,55.54429,48.30409,0.73219,0.84140,3.98209,0.44082
2026020343,2026-11-17,SJS,CGY,0.54218,0.43105,0.33563,0.11113,0.12219,0.23332,0.51779,0.54234,3.14581,2.61328,28.77516,28.01871,3.35759,2.79615,4.38096,3.97256,53.29779,51.89687,0.74432,0.69804,3.90909,0.49140
2026020344,2026-11-18,DET,BOS,0.55655,0.44860,0.32522,0.10795,0.11823,0.22617,0.52654,0.55512,3.46823,2.80102,29.95223,26.40545,3.56155,2.98983,4.20953,3.37864,55.47808,48.90854,0.97816,0.70874,4.06437,0.54943
2026020345,2026-11-18,NJD,MTL,0.53571,0.41858,0.35330,0.11713,0.11099,0.22813,0.50343,0.56727,3.30725,3.13656,31.97222,27.28149,3.58688,3.11857,3.55365,3.83126,59.21907,50.53124,0.77211,0.79408,4.08138,0.59348
2026020346,2026-11-18,UTA,COL,0.42308,0.32026,0.45249,0.10282,0.12443,0.22725,0.46611,0.42313,3.00061,3.29291,27.61476,30.97144,3.30199,3.35977,4.37608,3.88286,51.14821,57.36535,0.80438,0.88282,4.04502,0.40530
2026020347,2026-11-19,TOR,LAK,0.45656,0.33797,0.42889,0.11859,0.11455,0.23314,0.53665,0.47172,2.64954,3.11606,25.93964,32.97801,2.88359,3.38688,3.41647,3.89311,48.04619,61.08260,0.64601,0.79938,3.90671,0.50734
2026020348,2026-11-19,OTT,PHI,0.60159,0.48595,0.28778,0.11564,0.11063,0.22627,0.58233,0.60349,3.31840,2.56196,29.77281,26.93199,3.48748,2.81118,4.02426,4.17689,55.14582,49.88392,0.82290,0.73124,3.96601,0.67967
2026020349,2026-11-19,TBL,EDM,0.57156,0.45513,0.31618,0.11644,0.11225,0.22869,0.59416,0.56753,3.27999,2.76371,29.29439,31.63353,3.48286,3.08519,3.86419,3.85002,54.25881,58.59182,0.82782,0.81447,3.98872,0.59042
2026020350,2026-11-19,PIT,STL,0.57328,0.44969,0.32159,0.12358,0.10513,0.22872,0.55002,0.60665,3.23358,2.96729,30.15244,27.43765,3.41100,3.07898,4.28499,3.93448,55.84857,50.82022,0.81293,0.63513,4.01791,0.61389
2026020351,2026-11-19,WSH,BUF,0.49682,0.38851,0.38066,0.10831,0.12251,0.23082,0.52446,0.48949,3.21025,2.99395,28.70993,28.83742,3.31011,3.22213,4.46394,4.04621,53.17717,53.41301,0.79984,0.74353,4.01707,0.54480
2026020352,2026-11-19,CAR,MTL,0.67278,0.55252,0.23629,0.12026,0.09093,0.21119,0.61775,0.70073,3.75724,2.80909,33.01155,23.78397,3.92118,2.94021,3.47987,3.96861,61.14399,44.05312,0.81006,0.76435,4.17695,0.69131
2026020353,2026-11-19,CHI,CBJ,0.37257,0.26211,0.51876,0.11046,0.10868,0.21913,0.45314,0.41199,2.36381,3.51349,25.77416,31.00072,2.69122,3.49841,4.08140,3.65722,47.73945,57.42035,0.65345,0.72041,4.02504,0.38202
2026020354,2026-11-19,WPG,NYI,0.53285,0.41737,0.34632,0.11547,0.12084,0.23631,0.55931,0.52622,2.97728,2.63032,25.64503,27.94285,3.12677,2.76456,3.39888,3.70354,47.50012,51.75626,0.71913,0.61543,3.85223,0.63318
2026020355,2026-11-19,CGY,MIN,0.38469,0.26997,0.50870,0.11471,0.10662,0.22133,0.47347,0.42745,2.29974,3.45514,27.13469,31.14844,2.63939,3.51377,3.57259,3.94568,50.25941,57.69364,0.55218,0.88875,3.99192,0.36836
2026020356,2026-11-19,COL,ANA,0.65430,0.54095,0.24873,0.11335,0.09696,0.21031,0.66413,0.64748,3.88206,2.83405,29.37113,27.80672,4.03595,3.09931,3.58887,4.12266,54.40128,51.50396,0.86049,0.83628,4.23011,0.80148
2026020357,2026-11-19,SEA,VAN,0.59597,0.47878,0.29269,0.11719,0.11134,0.22854,0.59403,0.59460,3.23833,2.54949,28.80019,27.99394,3.39325,2.80477,3.24684,3.36767,53.34429,51.85084,0.63409,0.70152,3.93214,0.51621
2026020358,2026-11-19,VGK,DAL,0.54897,0.42385,0.34443,0.12512,0.10661,0.23173,0.54175,0.58523,3.05919,3.00545,30.26943,26.28496,3.37412,3.03837,4.11675,4.38190,56.06509,48.68511,0.73862,0.82617,3.97494,0.44082
2026020359,2026-11-21,CAR,EDM,0.63108,0.50113,0.27447,0.12995,0.09445,0.22440,0.63306,0.66036,3.34077,2.89010,29.88536,27.96246,3.56844,3.03309,3.46880,3.62672,55.35369,51.79263,0.80323,0.82017,4.03594,0.58888
2026020360,2026-11-21,CGY,CHI,0.55861,0.43550,0.32761,0.12311,0.11379,0.23689,0.60439,0.55762,2.89005,2.58541,27.91902,26.86727,3.08835,2.85229,3.31432,4.00687,51.71207,49.76385,0.54278,0.64815,3.81082,0.61178
2026020361,2026-11-21,FLA,BUF,0.54582,0.43614,0.33876,0.10968,0.11542,0.22510,0.50899,0.55800,3.51805,3.02181,30.22509,30.23965,3.65327,3.12746,4.32786,4.63028,55.98336,56.01023,0.97810,0.79117,4.12277,0.54451
2026020362,2026-11-21,NSH,PIT,0.50818,0.39963,0.37176,0.10856,0.12005,0.22861,0.52086,0.50617,3.30444,3.03960,28.39094,29.61476,3.38809,3.23703,3.78439,3.97345,52.58591,54.85278,0.79642,0.69102,4.05722,0.49485
2026020363,2026-11-21,BOS,WSH,0.52418,0.41310,0.35819,0.11108,0.11763,0.22871,0.53286,0.52558,3.30872,2.99757,28.71855,29.51736,3.55670,3.15985,3.81658,4.41382,53.19281,54.67250,0.79215,0.83312,4.04885,0.49826
2026020364,2026-11-21,TOR,CBJ,0.41944,0.30234,0.46937,0.11710,0.11119,0.22830,0.51243,0.44578,2.45910,3.27198,24.54231,32.45610,2.69794,3.50286,3.31345,4.11409,45.45779,60.11580,0.59409,0.79338,3.93183,0.57265
2026020365,2026-11-21,MTL,PHI,0.59149,0.47853,0.29661,0.11295,0.11190,0.22485,0.58681,0.58597,3.40263,2.65175,26.65976,28.07466,3.42431,2.98991,4.05037,3.66538,49.37981,52.00000,0.91852,0.68983,4.01414,0.65420
2026020366,2026-11-21,OTT,LAK,0.58721,0.47047,0.30182,0.11674,0.11097,0.22771,0.60046,0.58347,3.30295,2.68285,30.35590,28.80568,3.53474,2.90519,3.95689,3.87462,56.22595,53.35461,0.84852,0.70771,3.98139,0.51988
2026020367,2026-11-21,DET,NYI,0.54877,0.43153,0.33598,0.11723,0.11525,0.23248,0.55447,0.55520,3.09366,2.73718,26.39876,27.51065,3.26882,2.84746,3.55189,3.56328,48.89613,50.95566,0.81755,0.64984,3.91771,0.54704
2026020368,2026-11-21,STL,NJD,0.45307,0.33497,0.43553,0.11810,0.11140,0.22950,0.56600,0.46145,2.74534,3.30045,26.91989,32.46208,2.95855,3.38304,3.89840,4.05100,49.86153,60.12697,0.53223,0.94631,3.99341,0.44726
2026020369,2026-11-21,WPG,VGK,0.44158,0.33704,0.42543,0.10454,0.13300,0.23753,0.49879,0.42194,2.80080,2.81397,25.17461,28.20247,2.87904,2.96612,3.85598,3.38466,46.62870,52.23688,0.68318,0.71273,3.84513,0.61186
2026020370,2026-11-21,UTA,ANA,0.58530,0.47483,0.30390,0.11047,0.11080,0.22127,0.58529,0.57846,3.57320,2.83302,27.13988,28.69963,3.79120,3.09498,4.14557,4.25833,50.26850,53.15763,0.86257,0.86447,4.10896,0.68540
2026020371,2026-11-21,VAN,MIN,0.34424,0.23902,0.55070,0.10522,0.10506,0.21028,0.41818,0.39124,2.30691,3.69349,27.28789,31.27901,2.64692,3.66041,3.58864,3.56869,50.54324,57.93571,0.63325,0.93800,4.10543,0.41112
2026020372,2026-11-21,SJS,SEA,0.54247,0.42729,0.34122,0.11518,0.11631,0.23149,0.52898,0.55375,3.16462,2.80339,29.04351,28.72743,3.34701,2.92110,4.08648,3.86058,53.79485,53.20970,0.81976,0.72488,3.95712,0.46834
2026020373,2026-11-22,NYR,CAR,0.42052,0.32575,0.44588,0.09477,0.13361,0.22838,0.43467,0.40553,3.15461,3.13704,29.57706,37.07668,3.25602,3.44337,4.68693,4.11775,54.78316,68.67394,0.85251,0.77137,4.03790,0.47665
2026020374,2026-11-22,TBL,BUF,0.60616,0.51343,0.27349,0.09273,0.12035,0.21308,0.56042,0.56568,3.93961,2.46971,34.34921,29.17875,3.95107,2.85991,4.62512,4.37541,63.62168,54.04526,0.95915,0.60525,4.22860,0.67773
2026020375,2026-11-22,STL,EDM,0.45023,0.32969,0.43981,0.12055,0.10996,0.23051,0.53573,0.47547,2.59969,3.24613,25.24847,32.17728,2.91050,3.32637,3.69458,3.61704,46.76560,59.59954,0.59080,1.00224,3.94549,0.39272
2026020376,2026-11-22,DAL,PIT,0.61019,0.51541,0.27133,0.09479,0.11848,0.21326,0.59634,0.56337,3.97270,2.54279,28.57960,27.96863,3.83587,2.92088,4.05219,4.20610,52.93467,51.80350,0.93771,0.60968,4.24728,0.61674
2026020377,2026-11-22,VAN,CHI,0.52159,0.40474,0.35745,0.11686,0.12096,0.23781,0.54977,0.52040,2.88850,2.66062,27.62779,26.53796,3.08954,2.97976,3.22744,3.44917,51.17262,49.15389,0.63002,0.63903,3.82959,0.65822
2026020378,2026-11-23,NJD,CBJ,0.53215,0.41220,0.35505,0.11995,0.11279,0.23274,0.53518,0.55345,3.05627,2.93583,30.29163,29.44621,3.30803,3.08274,3.72098,3.74144,56.10671,54.54077,0.80175,0.63066,3.95528,0.60674
2026020379,2026-11-23,MTL,LAK,0.57947,0.46615,0.30745,0.11332,0.11307,0.22639,0.60488,0.56570,3.39865,2.73775,27.20402,30.49888,3.48259,3.10213,3.94617,3.43422,50.38809,56.49035,0.93917,0.65975,4.02730,0.49150
2026020380,2026-11-23,OTT,CGY,0.67643,0.57664,0.21772,0.09979,0.10585,0.20564,0.61714,0.65083,3.69149,2.08260,30.82191,24.23310,3.85621,2.34951,4.04822,3.53850,57.08862,44.88501,0.84185,0.50072,4.09361,0.65992
2026020381,2026-11-23,NYI,TOR,0.58050,0.46817,0.30200,0.11233,0.11750,0.22983,0.56648,0.57230,3.22008,2.47035,32.12677,23.60882,3.44782,2.69775,4.18679,3.02505,59.50578,43.72863,0.72111,0.59383,3.91096,0.50579
2026020382,2026-11-23,WPG,UTA,0.48721,0.38087,0.38133,0.10634,0.13146,0.23779,0.53345,0.46032,2.98608,2.67352,26.72451,27.36392,3.09141,2.91540,4.05467,3.76706,49.49930,50.68373,0.80776,0.68037,3.86573,0.61083
2026020383,2026-11-23,SEA,ANA,0.47218,0.36670,0.40473,0.10548,0.12309,0.22856,0.52843,0.45713,3.16165,3.09364,25.40130,30.63941,3.33057,3.28772,3.71957,3.79920,47.04868,56.75070,0.71137,0.85717,4.02816,0.60850
2026020384,2026-11-23,SJS,MIN,0.39699,0.28735,0.49271,0.10964,0.11030,0.21994,0.44115,0.43705,2.70157,3.62383,29.72329,32.59331,3.01770,3.56774,4.40149,4.32812,55.05397,60.37019,0.73891,1.09758,4.11118,0.31776
2026020385,2026-11-24,EDM,VGK,0.49477,0.38697,0.37994,0.10780,0.12529,0.23308,0.52644,0.48139,3.12870,2.87714,28.19372,27.69915,3.21295,3.02124,3.54765,3.33985,52.22092,51.30447,0.86527,0.78183,3.96278,0.64007
2026020386,2026-11-25,BOS,WPG,0.56843,0.44840,0.32133,0.12003,0.11025,0.23028,0.56883,0.58176,3.16876,2.78565,27.00167,27.94214,3.28792,2.97841,3.66979,3.87347,50.01280,51.75490,0.76074,0.75132,3.95450,0.44019
2026020387,2026-11-25,BUF,NYR,0.58085,0.45286,0.31523,0.12799,0.10392,0.23191,0.61306,0.59924,3.06860,2.83873,30.10346,28.20079,3.34274,2.98389,4.31546,4.24850,55.75805,52.23413,0.73968,0.82186,3.93400,0.46769
2026020388,2026-11-25,TBL,CAR,0.47340,0.37749,0.39389,0.09592,0.13271,0.22863,0.50932,0.43598,3.49304,3.03645,31.66076,35.25815,3.60345,3.38035,4.74766,4.36115,58.64201,65.30504,0.84021,0.75470,4.11729,0.54117
2026020389,2026-11-25,FLA,OTT,0.53324,0.41138,0.36012,0.12186,0.10664,0.22850,0.53179,0.56846,3.19194,3.21598,27.31065,30.84034,3.32207,3.30640,4.12509,4.41332,50.58512,57.12276,0.91301,0.88436,4.06972,0.53329
2026020390,2026-11-25,NYI,STL,0.52825,0.41723,0.34662,0.11102,0.12513,0.23615,0.52803,0.52013,3.02669,2.56554,29.95287,24.79313,3.15951,2.83449,4.24345,3.65861,55.47935,45.92217,0.73574,0.59503,3.85492,0.56223
2026020391,2026-11-25,PIT,CGY,0.62993,0.51346,0.26503,0.11647,0.10503,0.22151,0.59181,0.63856,3.41032,2.52576,29.16594,26.12857,3.60338,2.72219,3.97945,3.40572,54.02145,48.39575,0.72963,0.55977,3.99783,0.66525
2026020392,2026-11-25,WSH,PHI,0.55977,0.43971,0.33037,0.12005,0.10987,0.22992,0.57937,0.57023,3.15911,2.85547,29.08054,29.09932,3.27006,3.17134,4.34693,3.97919,53.86349,53.89804,0.80155,0.77155,3.96741,0.67161
2026020393,2026-11-25,CBJ,NJD,0.52434,0.41041,0.35807,0.11393,0.11759,0.23152,0.56513,0.51845,3.16731,2.91632,29.61090,30.47253,3.33872,3.11743,3.75500,3.74737,54.84580,56.44176,0.62886,0.82244,3.98466,0.47390
2026020394,2026-11-25,DET,VAN,0.66130,0.55694,0.23249,0.10436,0.10621,0.21057,0.62813,0.63813,3.63659,2.23062,29.14786,24.65516,3.68806,2.51107,3.48385,3.10633,53.98811,45.66663,0.85825,0.59575,4.07105,0.57803
2026020395,2026-11-25,DAL,NSH,0.60584,0.49645,0.28242,0.10939,0.11174,0.22113,0.62439,0.58175,3.56024,2.61482,28.25833,27.66936,3.62743,2.92214,4.13053,4.32545,52.34021,51.24948,0.81959,0.74258,4.07218,0.65726
2026020396,2026-11-25,MIN,UTA,0.55483,0.44799,0.32224,0.10684,0.12293,0.22977,0.58014,0.52478,3.31785,2.57546,28.77276,28.39181,3.46603,2.88092,4.07335,3.77111,53.29316,52.58750,0.95094,0.68609,3.96805,0.61235
2026020397,2026-11-25,COL,MTL,0.62265,0.48916,0.28685,0.13349,0.09050,0.22399,0.60590,0.67256,3.39685,3.17067,31.18467,24.72467,3.64220,3.18220,3.33866,4.05688,57.76031,45.79531,0.73407,0.95213,4.11618,0.68228
2026020398,2026-11-25,ANA,SJS,0.58643,0.46431,0.31146,0.12212,0.10211,0.22423,0.59256,0.60790,3.43188,3.07991,30.47097,25.72103,3.56850,3.27179,4.28420,4.41291,56.43881,47.64077,0.96146,0.86096,4.10646,0.54297
2026020399,2026-11-25,SEA,CHI,0.56422,0.44713,0.31942,0.11709,0.11637,0.23346,0.59361,0.55462,3.06593,2.56036,27.99932,26.59574,3.20694,2.80382,3.24875,3.72645,51.86098,49.26102,0.56650,0.69741,3.86829,0.63316
2026020400,2026-11-27,BOS,TOR,0.59984,0.49495,0.28402,0.10488,0.11614,0.22102,0.59387,0.57288,3.58304,2.52684,30.67349,25.97319,3.76426,2.79396,4.01162,3.46813,56.81388,48.10813,0.87229,0.63531,4.07115,0.50372
2026020401,2026-11-27,NJD,CGY,0.66030,0.55964,0.23167,0.10067,0.10803,0.20869,0.57643,0.64675,3.71941,2.21537,31.39170,25.92958,3.81032,2.45695,3.76810,3.38976,58.14425,48.02740,0.84547,0.47940,4.11149,0.67940
2026020402,2026-11-27,NSH,UTA,0.47615,0.36629,0.39871,0.10986,0.12514,0.23500,0.51691,0.46987,2.93473,2.88544,27.19772,29.29388,3.13953,3.16965,4.16060,3.92167,50.37590,54.25849,0.84873,0.67191,3.90522,0.51971
2026020403,2026-11-27,STL,DAL,0.45127,0.33372,0.43618,0.11755,0.11255,0.23010,0.50336,0.47971,2.72108,3.25960,27.47772,29.20164,3.08187,3.29579,4.71100,4.60551,50.89469,54.08749,0.60499,0.97376,3.97373,0.39462
2026020404,2026-11-27,TBL,OTT,0.55882,0.44279,0.32827,0.11603,0.11290,0.22893,0.58279,0.55703,3.26938,2.84317,29.78857,30.59404,3.40472,3.17211,4.33614,4.38886,55.17442,56.66640,0.81473,0.75973,4.00158,0.66549
2026020405,2026-11-27,PHI,VAN,0.65142,0.54673,0.23903,0.10468,0.10955,0.21424,0.63890,0.61862,3.54202,2.18330,28.53691,25.36462,3.65067,2.47289,3.54468,3.49564,52.85649,46.98103,0.81612,0.60321,4.02176,0.47434
2026020406,2026-11-27,WSH,FLA,0.49322,0.37998,0.39058,0.11324,0.11620,0.22944,0.56548,0.48741,3.15208,3.18246,29.21645,29.12312,3.23161,3.40205,4.64925,3.81256,54.11510,53.94213,0.82312,0.90390,4.04975,0.53982
2026020407,2026-11-27,CBJ,DET,0.56866,0.45234,0.31826,0.11632,0.11308,0.22940,0.56707,0.57315,3.24884,2.74327,28.41087,27.67066,3.44141,2.87537,3.61283,3.90454,52.62295,51.25209,0.72603,0.83148,3.97339,0.53956
2026020408,2026-11-27,MIN,COL,0.46293,0.36536,0.40275,0.09757,0.13432,0.23189,0.49653,0.43087,3.30735,2.96040,28.31081,31.53600,3.46691,3.15711,4.12845,3.53623,52.43757,58.41114,0.92781,0.76437,4.03999,0.47990
2026020409,2026-11-27,ANA,LAK,0.49190,0.36947,0.40385,0.12243,0.10425,0.22668,0.54344,0.52685,3.03862,3.49529,30.61333,28.51864,3.37331,3.59494,4.19624,3.85444,56.70260,52.82261,0.85686,0.89750,4.11925,0.35532
2026020410,2026-11-27,SJS,VGK,0.37676,0.27794,0.49956,0.09882,0.12367,0.22249,0.43697,0.38073,2.79009,3.42216,27.60181,31.60296,2.99895,3.37745,4.74479,3.88941,51.12458,58.53555,0.76097,0.93320,4.04650,0.38780
2026020411,2026-11-27,CHI,NYR,0.41524,0.30130,0.46714,0.11395,0.11762,0.23157,0.46768,0.44335,2.46536,3.13567,26.87777,28.18811,2.81179,3.07989,4.25545,3.59659,49.78355,52.21076,0.66780,0.77072,3.87734,0.29072
2026020412,2026-11-27,NYI,WPG,0.52693,0.40579,0.35701,0.12114,0.11605,0.23720,0.54106,0.54295,2.85468,2.74367,28.18640,25.54934,3.01206,2.87619,3.86762,3.38139,52.20738,47.32287,0.64207,0.70238,3.84113,0.44296
2026020413,2026-11-27,BUF,PIT,0.57656,0.46433,0.31234,0.11223,0.11110,0.22333,0.59841,0.56716,3.56263,2.92983,28.66033,28.92279,3.57261,3.13254,3.89595,4.21443,53.08484,53.57114,0.75943,0.73438,4.12127,0.52756
2026020414,2026-11-27,EDM,SEA,0.65012,0.53868,0.24495,0.11144,0.10493,0.21637,0.61665,0.64313,3.48271,2.33759,30.95699,24.77886,3.60662,2.58572,3.18185,3.28601,57.33907,45.89584,0.93865,0.59588,4.00633,0.71019
2026020415,2026-11-28,VGK,MTL,0.52853,0.40120,0.36930,0.12733,0.10217,0.22950,0.55767,0.56956,2.98610,3.24284,28.86971,25.40922,3.26096,3.15340,3.12488,4.11334,53.47262,47.06326,0.64521,0.94202,4.02576,0.54783
2026020416,2026-11-28,FLA,TBL,0.50356,0.38945,0.38356,0.11411,0.11288,0.22699,0.49864,0.52917,3.22049,3.23979,31.44897,32.86561,3.48101,3.30587,4.44299,4.48973,58.24996,60.87358,0.89946,0.86064,4.08389,0.40844
2026020417,2026-11-28,DET,NSH,0.55260,0.44055,0.32920,0.11205,0.11821,0.23025,0.56173,0.54442,3.26761,2.72615,29.33182,26.02166,3.47869,2.87926,3.84658,3.31137,54.32882,48.19767,0.78822,0.73703,3.97670,0.54269
2026020418,2026-11-28,NJD,WPG,0.60003,0.48683,0.28828,0.11320,0.11169,0.22489,0.54730,0.60922,3.38432,2.57326,30.02011,26.68715,3.47076,2.72321,3.51629,3.36526,55.60373,49.43047,0.82689,0.58111,3.99429,0.51056
2026020419,2026-11-28,NYR,CGY,0.60849,0.49592,0.27490,0.11257,0.11661,0.22918,0.57691,0.59743,3.14142,2.19931,27.44749,27.48415,3.34184,2.56943,3.81396,3.75656,50.83867,50.90660,0.78138,0.56521,3.83447,0.71275
2026020420,2026-11-28,PIT,TOR,0.60489,0.48450,0.28964,0.12040,0.10547,0.22586,0.58808,0.61976,3.33632,2.73039,30.71205,24.78446,3.66465,2.86323,4.03174,3.10198,56.88524,45.90611,0.77449,0.61570,4.00273,0.55839
2026020421,2026-11-28,CAR,OTT,0.64346,0.51978,0.26174,0.12369,0.09480,0.21849,0.62209,0.66817,3.56042,2.87100,30.91720,26.78400,3.55750,3.04402,3.89479,3.99007,57.26525,49.60978,0.83830,0.71778,4.11041,0.66266
2026020422,2026-11-28,STL,WSH,0.48883,0.37381,0.39418,0.11502,0.11699,0.23201,0.52707,0.49863,2.89735,2.98401,26.69599,29.00663,3.18018,3.06291,3.83222,4.24495,49.44684,53.72669,0.60610,0.84823,3.92335,0.47718
2026020423,2026-11-28,PHI,NYI,0.54700,0.43368,0.33205,0.11332,0.12095,0.23426,0.56589,0.53449,3.07520,2.56789,25.83690,28.80485,3.22952,2.82005,3.46646,3.94900,47.85554,53.35322,0.76767,0.62725,3.87335,0.44530
2026020424,2026-11-28,DAL,UTA,0.56384,0.45962,0.31446,0.10422,0.12170,0.22592,0.59252,0.52736,3.49516,2.62952,28.03988,30.34807,3.51965,3.07977,4.34051,4.37980,51.93498,56.21050,0.94911,0.65857,4.04756,0.63692
2026020425,2026-11-28,COL,SJS,0.72386,0.61374,0.19068,0.11012,0.08546,0.19558,0.70158,0.71987,3.93766,2.43571,32.72462,25.25735,3.95648,2.74386,3.77789,4.07495,60.61265,46.78221,0.97667,0.67850,4.22641,0.80416
2026020426,2026-11-28,LAK,ANA,0.56006,0.46118,0.31674,0.09888,0.12320,0.22208,0.55694,0.52577,3.75940,2.76966,28.48519,29.86594,3.87856,3.08348,3.75643,3.90898,52.76055,55.31826,0.88972,0.80414,4.17304,0.71632
2026020427,2026-11-28,SEA,EDM,0.40406,0.29238,0.48291,0.11169,0.11302,0.22471,0.48191,0.42926,2.56233,3.39019,26.18126,32.03459,2.85989,3.43586,3.42519,3.25496,48.49355,59.33532,0.61443,0.98697,3.99645,0.36352
2026020428,2026-11-29,CHI,MIN,0.36057,0.25394,0.52999,0.10663,0.10943,0.21607,0.41861,0.40407,2.39734,3.58031,26.28263,31.07025,2.70704,3.50287,3.88925,3.58695,48.68121,57.54910,0.64122,0.86110,4.05874,0.29908
2026020429,2026-11-29,BOS,VAN,0.67429,0.57630,0.22094,0.09799,0.10477,0.20276,0.65009,0.63668,3.89420,2.24893,28.53447,26.41267,3.87567,2.61640,3.39196,3.56285,52.85194,48.92209,0.83697,0.62663,4.20071,0.56855
2026020430,2026-11-30,NSH,OTT,0.43728,0.32237,0.44982,0.11491,0.11289,0.22781,0.49438,0.46407,2.74350,3.35066,26.24973,30.69678,2.93859,3.46928,4.01566,3.90036,48.62032,56.85700,0.74277,0.79230,4.01155,0.49786
2026020431,2026-11-30,NYR,CAR,0.37789,0.28481,0.48808,0.09309,0.13403,0.22712,0.43467,0.35968,2.92711,3.24846,27.91498,36.08840,3.07462,3.48475,4.52489,4.21242,51.70478,66.84317,0.78095,0.83173,4.01385,0.47665
2026020432,2026-11-30,PIT,CBJ,0.48658,0.36066,0.41011,0.12592,0.10330,0.22923,0.55090,0.52529,2.85157,3.42262,28.42192,31.09621,3.14271,3.49220,3.96909,3.89608,52.64318,57.59634,0.70241,0.75943,4.05791,0.58834
2026020433,2026-11-30,TOR,PHI,0.46881,0.34856,0.41582,0.12026,0.11537,0.23563,0.51794,0.49244,2.64890,3.02188,25.55280,30.80784,2.84652,3.29050,3.49005,4.23814,47.32967,57.06283,0.61977,0.84647,3.87290,0.67145
2026020434,2026-11-30,WPG,CHI,0.65556,0.55876,0.23217,0.09680,0.11226,0.20907,0.63230,0.60879,3.73269,2.12472,28.92275,24.24457,3.58288,2.44941,3.41350,3.59041,53.57120,44.90611,0.76329,0.55371,4.11585,0.76264
2026020435,2026-11-30,UTA,MTL,0.50220,0.37550,0.39214,0.12670,0.10567,0.23237,0.52320,0.54862,2.84926,3.24658,28.27770,26.42704,3.24406,3.25337,3.61120,4.31105,52.37608,48.94835,0.64106,1.03389,3.99584,0.54816
2026020436,2026-12-01,DET,CGY,0.61250,0.50656,0.27138,0.10594,0.11611,0.22206,0.57449,0.59399,3.43844,2.31868,29.65673,25.63861,3.56158,2.58640,4.03764,3.33000,54.93061,47.48821,0.84681,0.56116,3.98414,0.62240
2026020437,2026-12-01,NJD,SJS,0.64957,0.54373,0.24589,0.10584,0.10454,0.21038,0.60788,0.63933,3.81429,2.53479,32.30294,26.96838,3.78404,2.71875,4.00256,3.82782,59.83194,49.95133,1.02282,0.59027,4.17415,0.72793
2026020438,2026-12-01,NYI,FLA,0.45722,0.34928,0.41989,0.10793,0.12289,0.23083,0.52027,0.44946,3.00872,3.12720,29.53410,26.35089,3.11106,3.25305,4.50054,3.48869,54.70367,48.80742,0.73784,0.89549,3.99591,0.50040
2026020439,2026-12-01,WSH,VAN,0.68241,0.57486,0.21817,0.10755,0.09942,0.20697,0.66581,0.66200,3.65196,2.24540,28.12174,25.51633,3.64916,2.60126,3.57453,3.34762,52.08753,47.26179,0.79119,0.60192,4.07940,0.60978
2026020440,2026-12-01,BOS,COL,0.41451,0.32063,0.45127,0.09388,0.13422,0.22810,0.46814,0.38583,3.20761,3.21116,26.80608,32.20167,3.35980,3.43655,4.14111,3.74035,49.65041,59.64416,0.84967,0.80452,4.07260,0.37799
2026020441,2026-12-01,EDM,BUF,0.51639,0.41066,0.35808,0.10573,0.12553,0.23126,0.51578,0.50386,3.30270,2.81693,31.31103,26.91312,3.47364,2.98138,3.67865,3.76372,57.99500,49.84883,0.89332,0.74013,4.00761,0.63116
2026020442,2026-12-01,SEA,DAL,0.39950,0.28951,0.48753,0.11000,0.11297,0.22297,0.44964,0.43343,2.60677,3.44988,27.13313,28.10457,2.90431,3.34520,4.21277,3.89260,50.25683,52.05581,0.62813,0.93886,4.02739,0.36578
2026020443,2026-12-01,ANA,MIN,0.45395,0.33015,0.44796,0.12380,0.09809,0.22189,0.48415,0.52167,2.85238,3.80945,30.29215,28.77808,3.17343,3.80572,3.97030,4.09368,56.10754,53.30300,0.77288,1.08144,4.20468,0.32053
2026020444,2026-12-01,LAK,VGK,0.46247,0.35738,0.40883,0.10509,0.12870,0.23379,0.48672,0.45391,3.01409,2.92774,30.02664,31.14222,3.23521,3.14664,4.05578,3.67135,55.61596,57.68221,0.73839,0.78245,3.94049,0.58000
2026020445,2026-12-02,MTL,TBL,0.47863,0.36858,0.40028,0.11005,0.12109,0.23114,0.52177,0.47659,3.09482,3.09909,27.25560,30.91680,3.31114,3.32123,4.43332,3.78312,50.48317,57.26398,0.85341,0.75096,4.01090,0.38271
2026020446,2026-12-02,STL,PIT,0.51278,0.40092,0.36832,0.11186,0.11890,0.23076,0.55038,0.50694,3.20108,2.98431,27.09907,29.85981,3.31011,3.14368,3.92764,4.20475,50.19308,55.30664,0.64001,0.80034,4.01186,0.46630
2026020447,2026-12-02,UTA,WPG,0.57460,0.44460,0.31995,0.13001,0.10545,0.23546,0.56683,0.60972,2.91797,2.75016,27.39111,26.35845,3.16532,2.84995,3.79489,3.95528,50.73417,48.82151,0.70090,0.78967,3.86289,0.46676
2026020448,2026-12-03,TOR,FLA,0.40945,0.30027,0.47538,0.10918,0.11517,0.22435,0.50377,0.41956,2.73450,3.43762,26.12247,31.08791,2.88953,3.56427,3.80983,4.05239,48.38465,57.58152,0.67170,1.00193,4.04269,0.53495
2026020449,2026-12-03,OTT,NJD,0.55227,0.43507,0.33554,0.11720,0.11219,0.22940,0.59165,0.55028,3.24646,2.91071,28.99742,28.73718,3.38039,3.05154,3.67331,3.84315,53.70944,53.22748,0.70024,0.79706,4.00887,0.51671
2026020450,2026-12-03,DET,COL,0.40623,0.31175,0.46002,0.09448,0.13374,0.22823,0.44452,0.38731,3.10130,3.20199,27.19468,29.96043,3.24734,3.29028,4.32245,3.29627,50.37034,55.49292,0.91311,0.77618,4.04193,0.38501
2026020451,2026-12-03,NYR,SJS,0.60869,0.49528,0.28126,0.11341,0.11004,0.22346,0.60836,0.59899,3.41660,2.56614,29.34078,29.82568,3.41148,2.91616,4.35657,4.57565,54.34558,55.24362,1.01099,0.72532,4.00633,0.76006
2026020452,2026-12-03,PHI,NYI,0.54027,0.42089,0.34356,0.11938,0.11617,0.23555,0.56589,0.54414,2.96150,2.70337,26.06289,28.85634,3.23267,2.84010,3.59066,4.10003,48.27402,53.44843,0.74734,0.67464,3.86489,0.44530
2026020453,2026-12-03,CAR,CBJ,0.63567,0.50059,0.27351,0.13507,0.09082,0.22590,0.64731,0.67194,3.26514,2.93806,31.34473,27.60042,3.48591,3.11878,3.67205,4.21073,58.05693,51.12194,0.78400,0.69487,4.02121,0.70383
2026020454,2026-12-03,NSH,CHI,0.62069,0.50734,0.26982,0.11335,0.10949,0.22284,0.61675,0.60868,3.39383,2.45420,28.70102,26.27684,3.44941,2.75325,3.48832,3.82781,53.16056,48.67039,0.74129,0.59854,3.98086,0.68992
2026020455,2026-12-03,CGY,BUF,0.38695,0.28084,0.49360,0.10610,0.11945,0.22555,0.45863,0.40208,2.56465,3.31226,27.57584,29.49994,2.84313,3.36306,3.96318,4.09644,51.07677,54.64025,0.59281,0.75617,3.96534,0.42649
2026020456,2026-12-03,EDM,WSH,0.55741,0.44587,0.32560,0.11154,0.11699,0.22853,0.54158,0.55780,3.32787,2.75406,30.92155,25.81837,3.56608,2.87606,3.42575,3.76537,57.27341,47.82111,0.90459,0.76670,4.00411,0.62478
2026020457,2026-12-03,SEA,DAL,0.40320,0.29349,0.48151,0.10971,0.11529,0.22500,0.44964,0.43343,2.61429,3.37236,27.29759,27.86930,2.91793,3.33531,4.23953,3.95482,50.56137,51.61998,0.62378,0.93306,3.99743,0.36578
2026020458,2026-12-03,VGK,UTA,0.60527,0.49842,0.27919,0.10685,0.11554,0.22239,0.58427,0.58583,3.49668,2.45173,29.99256,25.58670,3.57544,2.73595,3.90215,3.77979,55.55209,47.39189,0.93920,0.60594,4.02500,0.53980
2026020459,2026-12-03,LAK,MIN,0.47655,0.36057,0.40741,0.11598,0.11604,0.23202,0.49096,0.50239,2.90032,3.12787,32.17604,31.87308,3.23408,3.31899,3.79374,4.01736,59.59705,59.03630,0.72993,0.91556,3.96863,0.50836
2026020460,2026-12-04,NYI,SJS,0.58337,0.46773,0.30382,0.11564,0.11281,0.22845,0.60186,0.57460,3.24619,2.61046,30.14656,25.88121,3.38307,2.86854,4.14893,3.66979,55.83806,47.93756,0.79258,0.68376,3.94636,0.66281
2026020461,2026-12-04,STL,CHI,0.66293,0.56478,0.22758,0.09816,0.10949,0.20765,0.64439,0.61863,3.70257,2.10674,28.32780,24.66263,3.61171,2.45613,3.72635,3.76770,52.46915,45.68065,0.68684,0.58144,4.09986,0.66173
2026020462,2026-12-04,VAN,BUF,0.36764,0.26877,0.50983,0.09886,0.12253,0.22140,0.40374,0.38487,2.70494,3.43912,28.37232,29.19780,2.93990,3.40170,3.94555,3.47899,52.55204,54.08068,0.71711,0.73134,4.03836,0.47286
2026020463,2026-12-04,ANA,SEA,0.61277,0.49774,0.28179,0.11502,0.10545,0.22047,0.57178,0.62642,3.51722,2.73301,31.21588,24.98246,3.72469,3.00899,3.89204,3.63634,57.81845,46.27286,0.93030,0.65378,4.07180,0.47052
2026020464,2026-12-05,BOS,DET,0.55372,0.43524,0.33568,0.11848,0.11059,0.22908,0.57364,0.56266,3.25161,2.95724,26.88783,29.15595,3.40263,3.17610,3.52610,4.12070,49.80190,54.00317,0.78830,0.88105,4.02127,0.53181
2026020465,2026-12-05,MTL,FLA,0.53415,0.42706,0.34727,0.10709,0.11858,0.22567,0.57299,0.51325,3.48897,2.98808,27.22937,28.47129,3.44665,3.24658,4.32880,3.56586,50.43472,52.73469,0.96833,0.82824,4.10632,0.51840
2026020466,2026-12-05,NSH,CBJ,0.46360,0.34446,0.42346,0.11914,0.11294,0.23208,0.52156,0.48770,2.73418,3.18322,27.73317,31.07081,2.99933,3.41110,3.92437,3.97061,51.36789,57.54985,0.76298,0.69378,3.94895,0.54083
2026020467,2026-12-05,PIT,NJD,0.49359,0.36853,0.40420,0.12506,0.10221,0.22727,0.56582,0.52732,3.00636,3.53573,28.49821,31.54094,3.19097,3.51387,3.76451,3.62694,52.78463,58.42031,0.61719,0.86208,4.12672,0.51951
2026020468,2026-12-05,CGY,WSH,0.41875,0.30412,0.46617,0.11463,0.11507,0.22971,0.48442,0.44550,2.49251,3.19596,26.62999,28.59562,2.87344,3.22287,3.62668,4.15500,49.32460,52.96528,0.57467,0.78298,3.90640,0.42464
2026020469,2026-12-05,OTT,TBL,0.49591,0.38321,0.38585,0.11270,0.11824,0.23093,0.51717,0.50446,3.10354,3.05919,31.39331,30.53516,3.44816,3.17934,4.54407,4.37326,58.14685,56.55742,0.78402,0.80679,4.00233,0.41323
2026020470,2026-12-05,NYR,COL,0.40551,0.30847,0.46101,0.09704,0.13348,0.23052,0.44697,0.39071,2.93567,3.10432,26.49543,32.94642,3.10876,3.31156,4.33384,3.89398,49.07523,61.02357,0.86832,0.79317,3.97014,0.48828
2026020471,2026-12-05,CAR,TOR,0.73636,0.62587,0.18070,0.11049,0.08294,0.19343,0.68113,0.74372,3.88621,2.33925,34.56628,22.28695,4.09819,2.51403,3.86657,3.40446,64.02395,41.28043,0.88507,0.55263,4.19838,0.67832
2026020472,2026-12-05,VGK,WPG,0.61410,0.48662,0.28364,0.12747,0.10226,0.22974,0.60056,0.63874,3.10616,2.61450,28.67612,24.97025,3.27107,2.69176,3.46044,3.75611,53.11421,46.25030,0.74197,0.67327,3.89472,0.46600
2026020473,2026-12-05,MIN,PHI,0.59194,0.47652,0.29608,0.11542,0.11198,0.22740,0.59002,0.58859,3.29569,2.59411,29.92884,28.47637,3.45018,2.86899,3.97589,3.85228,55.43482,52.74421,0.87858,0.73824,3.96253,0.72379
2026020474,2026-12-05,LAK,UTA,0.50367,0.39541,0.37059,0.10826,0.12574,0.23400,0.52142,0.49272,3.11236,2.78485,31.01698,30.15158,3.39712,3.11077,4.18535,4.08609,57.44992,55.84736,0.83241,0.75026,3.93522,0.57913
2026020475,2026-12-05,VAN,DAL,0.32351,0.21987,0.57831,0.10364,0.09818,0.20181,0.40581,0.38148,2.22796,3.91175,26.44805,28.80141,2.66978,3.74796,4.05772,3.85979,48.98778,53.34636,0.58540,0.99172,4.21251,0.38596
2026020476,2026-12-06,PIT,SJS,0.58538,0.45560,0.31679,0.12977,0.09784,0.22761,0.62287,0.61279,3.27022,3.15788,29.31004,28.64451,3.43571,3.23496,4.09072,4.16122,54.28847,53.05543,0.80411,0.80921,4.07597,0.71562
2026020477,2026-12-06,STL,NSH,0.56779,0.45967,0.31264,0.10812,0.11957,0.22768,0.57937,0.54502,3.29799,2.52995,28.31083,27.25146,3.46593,2.78461,4.09213,3.74753,52.43763,50.47573,0.66006,0.72111,3.95251,0.51193
2026020478,2026-12-06,MTL,OTT,0.50740,0.39032,0.37930,0.11708,0.11330,0.23038,0.55476,0.51626,3.11810,3.15078,25.10207,30.01946,3.16388,3.34576,3.92927,3.49747,46.49456,55.60229,0.83136,0.76026,4.03173,0.51140
2026020479,2026-12-06,CHI,EDM,0.36610,0.26100,0.51717,0.10509,0.11673,0.22183,0.43786,0.39015,2.41860,3.37265,24.28731,31.42924,2.72790,3.37064,3.76732,3.13715,44.98531,58.21413,0.66460,0.83524,3.96865,0.27246
2026020480,2026-12-06,ANA,WPG,0.55889,0.43958,0.33169,0.11932,0.10941,0.22873,0.53144,0.58636,3.25273,2.94993,29.81941,25.08509,3.43167,3.13335,4.02105,3.72349,55.23183,46.46285,0.86105,0.75357,4.01994,0.32420
2026020481,2026-12-06,SEA,BUF,0.40334,0.30031,0.47070,0.10303,0.12595,0.22899,0.44751,0.40852,2.76985,3.20378,28.00581,29.34112,2.99405,3.26281,3.93017,3.82564,51.87324,54.34619,0.62832,0.80143,3.96385,0.44964
2026020482,2026-12-07,NYI,COL,0.39795,0.30124,0.46869,0.09671,0.13335,0.23006,0.44026,0.38526,2.91387,3.14290,27.73627,29.39767,3.09752,3.32647,4.31670,3.34475,51.37360,54.45050,0.71946,0.76679,3.97674,0.38155
2026020483,2026-12-07,TBL,CBJ,0.57741,0.45590,0.31367,0.12152,0.10891,0.23043,0.60899,0.58026,3.14890,2.73987,29.80787,30.31306,3.34190,3.08773,3.95697,4.35585,55.21015,56.14597,0.78313,0.67869,3.93738,0.70727
2026020484,2026-12-07,NYR,NJD,0.47937,0.36289,0.40424,0.11649,0.11639,0.23287,0.55069,0.48377,2.88392,3.08943,28.03160,33.51217,3.01685,3.32217,3.83980,4.09568,51.92066,62.07170,0.69239,0.85467,3.95237,0.57683
2026020485,2026-12-07,VAN,WSH,0.37307,0.26637,0.51435,0.10670,0.11258,0.21928,0.42890,0.40886,2.47435,3.48867,27.00461,29.26194,2.86631,3.41688,3.56740,3.79861,50.01857,54.19955,0.63216,0.84400,4.02600,0.46985
2026020486,2026-12-08,MTL,VGK,0.49974,0.39440,0.37283,0.10534,0.12743,0.23277,0.54270,0.47346,3.19921,2.81778,24.24563,29.06186,3.19780,3.07440,3.96492,3.18186,44.90799,53.82842,0.84309,0.66860,3.97209,0.53407
2026020487,2026-12-08,OTT,ANA,0.61341,0.51515,0.27093,0.09825,0.11566,0.21391,0.60699,0.57283,3.90518,2.57232,27.74260,27.08933,4.00467,2.85098,4.07270,4.02603,51.38499,50.17520,0.96608,0.72010,4.21786,0.70689
2026020488,2026-12-08,FLA,BOS,0.57265,0.45355,0.32271,0.11910,0.10463,0.22374,0.55215,0.60040,3.46329,3.12341,30.67469,29.83880,3.68534,3.21354,4.14771,4.35464,56.81593,55.26767,0.97177,0.85807,4.12588,0.58111
2026020489,2026-12-08,PIT,CHI,0.65086,0.53315,0.25003,0.11771,0.09911,0.21682,0.64422,0.65274,3.54103,2.59424,28.79466,24.83913,3.59012,2.75878,3.52324,3.68928,53.33385,46.00731,0.68914,0.65112,4.06153,0.73382
2026020490,2026-12-08,CAR,NYR,0.71427,0.60556,0.19652,0.10872,0.08921,0.19793,0.66055,0.71563,3.87816,2.37095,35.34870,24.72324,4.00307,2.61938,4.11097,3.89283,65.47301,45.79291,0.94028,0.63719,4.19541,0.60331
2026020491,2026-12-08,STL,COL,0.40549,0.30784,0.46235,0.09765,0.13217,0.22982,0.46236,0.38789,2.91701,3.11903,26.91817,32.21660,3.16451,3.27176,4.52754,3.70534,49.85837,59.67203,0.71325,0.78379,3.96999,0.35901
2026020492,2026-12-08,WPG,PHI,0.51615,0.39991,0.36218,0.11624,0.12167,0.23790,0.54357,0.51526,2.87950,2.67347,27.10805,26.97385,3.01436,2.87393,3.80481,3.75657,50.21013,49.96142,0.71602,0.71909,3.82999,0.71977
2026020493,2026-12-08,CGY,NSH,0.47281,0.35201,0.41274,0.12080,0.11445,0.23525,0.53730,0.49180,2.63124,2.99598,27.71372,28.78030,2.97864,3.14044,3.65473,3.86563,51.33187,53.30734,0.54316,0.75994,3.85964,0.45874
2026020494,2026-12-08,MIN,EDM,0.54113,0.42571,0.34334,0.11542,0.11553,0.23095,0.56958,0.53927,3.18994,2.85626,28.21852,31.14692,3.41361,3.05637,3.66759,3.36019,52.26664,57.69085,0.88739,0.86663,3.97775,0.51573
2026020495,2026-12-08,SJS,SEA,0.52597,0.41118,0.35635,0.11479,0.11768,0.23247,0.52898,0.53448,3.09451,2.84158,29.00014,28.50095,3.25768,2.95610,3.90909,3.83239,53.71445,52.79007,0.76208,0.74519,3.94304,0.46834
2026020496,2026-12-09,NJD,DET,0.56895,0.45656,0.31691,0.11239,0.11413,0.22652,0.55216,0.57157,3.41724,2.80626,29.68378,28.03494,3.52726,2.90452,3.45040,3.73959,54.98071,51.92692,0.84687,0.71767,4.04653,0.60408
2026020497,2026-12-09,DAL,TOR,0.65201,0.54589,0.24153,0.10611,0.10646,0.21257,0.63293,0.62934,3.64465,2.34236,29.29540,24.06176,3.75996,2.61027,4.26452,3.59400,54.26123,44.56774,0.93491,0.57239,4.08197,0.63251
2026020498,2026-12-09,LAK,SJS,0.64721,0.54576,0.24405,0.10145,0.10874,0.21019,0.59913,0.62637,3.82713,2.41043,33.60710,28.65108,3.87599,2.77778,4.18354,4.02433,62.24773,53.06835,1.02377,0.64901,4.17249,0.71897
2026020499,2026-12-10,BUF,EDM,0.54693,0.41856,0.34788,0.12838,0.10519,0.23357,0.58414,0.57437,2.95403,3.00176,26.12031,30.31334,3.17870,3.16578,3.65917,3.61182,48.38028,56.14690,0.71736,0.86518,3.94418,0.44990
2026020500,2026-12-10,MTL,ANA,0.60533,0.51075,0.27768,0.09459,0.11699,0.21158,0.61138,0.55495,4.09269,2.69788,25.40681,29.25579,4.01321,3.04654,4.12426,3.60081,47.05869,54.18788,1.09956,0.69542,4.30956,0.68230
2026020501,2026-12-10,OTT,VGK,0.51804,0.41006,0.35691,0.10798,0.12506,0.23304,0.53813,0.50133,3.19592,2.75424,27.74606,27.53173,3.33246,2.89812,4.12321,3.63730,51.39160,50.99464,0.80335,0.71534,3.95695,0.56292
2026020502,2026-12-10,TBL,BOS,0.61456,0.49936,0.27979,0.11520,0.10565,0.22085,0.60259,0.61709,3.53668,2.73542,32.20774,29.35503,3.73891,3.06831,4.28646,4.32982,59.65530,54.37159,0.87189,0.73425,4.07975,0.70949
2026020503,2026-12-10,FLA,PIT,0.58049,0.47537,0.30597,0.10512,0.11354,0.21866,0.55807,0.57170,3.77465,2.90216,29.08605,29.52374,3.73367,3.06140,3.75437,4.41892,53.87328,54.68404,0.94515,0.76490,4.19582,0.53105
2026020504,2026-12-10,NYI,CGY,0.60629,0.49667,0.27587,0.10962,0.11784,0.22746,0.57027,0.59190,3.23505,2.22644,30.42979,24.83700,3.40597,2.57380,4.12431,3.21250,56.36246,46.00342,0.67519,0.52289,3.88057,0.61326
2026020505,2026-12-10,CBJ,MIN,0.52225,0.40664,0.36040,0.11561,0.11734,0.23295,0.51523,0.53730,3.07387,2.87807,30.68248,29.86035,3.35923,3.10533,3.88686,3.94701,56.83038,55.30776,0.71771,0.86361,3.94564,0.44474
2026020506,2026-12-10,WPG,CHI,0.62684,0.51716,0.26116,0.10969,0.11200,0.22168,0.63230,0.59950,3.39260,2.29653,28.26680,24.68530,3.39172,2.53743,3.36666,3.73427,52.35626,45.72248,0.68377,0.61517,3.96080,0.76264
2026020507,2026-12-10,UTA,STL,0.59625,0.47240,0.29662,0.12385,0.10712,0.23097,0.55393,0.62477,3.10670,2.61659,29.46612,26.23147,3.35799,2.84310,4.20503,4.38947,54.57747,48.58621,0.79929,0.69208,3.89536,0.58754
2026020508,2026-12-10,VAN,NSH,0.42625,0.31172,0.45899,0.11453,0.11476,0.22929,0.48137,0.45447,2.58977,3.23977,27.34074,28.80629,2.92496,3.27418,3.58513,3.43527,50.64110,53.35561,0.60965,0.80107,3.94120,0.50519
2026020509,2026-12-10,SEA,WSH,0.42729,0.31791,0.45284,0.10938,0.11988,0.22925,0.47323,0.44251,2.73549,3.19130,27.43274,28.75465,3.05378,3.20672,3.60199,3.95577,50.81160,53.25994,0.61192,0.86306,3.95209,0.44726
2026020510,2026-12-11,DET,NYR,0.52152,0.40674,0.35879,0.11478,0.11969,0.23447,0.54774,0.51990,3.02886,2.77981,29.81036,26.04053,3.26627,2.88795,4.26053,3.62962,55.21526,48.23265,0.85702,0.80348,3.90636,0.43837
2026020511,2026-12-11,PHI,CGY,0.63590,0.53566,0.24660,0.10024,0.11750,0.21774,0.58579,0.60192,3.48427,2.05689,28.90403,25.24046,3.65987,2.38546,4.03815,3.47180,53.53647,46.75097,0.84043,0.49396,3.98547,0.52164
2026020512,2026-12-11,CAR,NYI,0.72224,0.61168,0.19133,0.11055,0.08643,0.19699,0.66662,0.72854,3.86604,2.37773,30.24187,25.32501,3.88325,2.61130,3.40053,3.88647,56.01423,46.90760,0.89081,0.53746,4.18976,0.70199
2026020513,2026-12-11,SJS,LAK,0.44556,0.33005,0.44139,0.11550,0.11305,0.22855,0.50028,0.47107,2.80615,3.35136,29.63047,33.31497,3.12062,3.44218,4.35886,4.24568,54.88247,61.70680,0.74492,0.95761,4.02366,0.35270
2026020514,2026-12-12,BOS,NJD,0.48718,0.37437,0.39675,0.11282,0.11607,0.22888,0.57170,0.47864,3.16017,3.23706,28.19652,32.52935,3.28361,3.45100,3.61201,3.99600,52.22604,60.25135,0.66621,0.89831,4.06725,0.46779
2026020515,2026-12-12,CBJ,MTL,0.51909,0.40519,0.36350,0.11389,0.11741,0.23131,0.51855,0.53041,3.16660,2.96210,30.41669,26.59239,3.51941,3.05889,3.70152,3.97644,56.33794,49.25484,0.66784,0.89133,3.99571,0.52786
2026020516,2026-12-12,TBL,PIT,0.61560,0.51598,0.27029,0.09962,0.11412,0.21373,0.60832,0.57933,3.90191,2.60696,32.02907,29.46055,3.85568,2.97719,3.97739,4.38959,59.32366,54.56669,0.84823,0.65906,4.21866,0.66586
2026020517,2026-12-12,MIN,WPG,0.60041,0.48396,0.28919,0.11645,0.11040,0.22685,0.59648,0.59870,3.28976,2.56395,28.93037,27.50717,3.40452,2.74282,3.71114,3.61660,53.58531,50.94921,0.85160,0.69724,3.95496,0.53824
2026020518,2026-12-12,BUF,ANA,0.60593,0.49815,0.28523,0.10777,0.10885,0.21662,0.62856,0.58297,3.78622,2.83450,26.80407,29.45248,3.84948,3.11401,4.14497,4.25599,49.64666,54.55227,0.88157,0.78696,4.19162,0.69915
2026020519,2026-12-12,TOR,VGK,0.38952,0.28280,0.49057,0.10672,0.11990,0.22663,0.47309,0.39984,2.52677,3.25477,23.45540,32.51869,2.70420,3.43544,3.43414,3.81459,43.44457,60.23149,0.57872,0.84478,3.93594,0.55104
2026020520,2026-12-12,OTT,EDM,0.54677,0.43214,0.33666,0.11463,0.11657,0.23120,0.56179,0.54499,3.19637,2.78255,27.94579,28.60075,3.42779,2.95234,3.71751,3.53657,51.76133,52.97490,0.83794,0.82589,3.96329,0.46183
2026020521,2026-12-12,DET,FLA,0.43963,0.32724,0.44766,0.11239,0.11271,0.22510,0.52457,0.45160,2.90458,3.45945,28.06785,27.47052,3.10116,3.40541,4.22566,3.56670,51.98779,50.88117,0.80959,1.02321,4.08097,0.50691
2026020522,2026-12-12,CHI,UTA,0.38664,0.28257,0.48855,0.10407,0.12481,0.22888,0.44852,0.39479,2.54550,3.15729,24.77844,28.79242,2.79861,3.23036,4.28246,3.55589,45.89499,53.32995,0.73447,0.68993,3.90096,0.36593
2026020523,2026-12-12,DAL,STL,0.61217,0.50251,0.27547,0.10966,0.11236,0.22202,0.59616,0.59783,3.45788,2.46490,28.36506,26.47780,3.49526,2.79814,4.43073,4.49848,52.53799,49.04256,0.94878,0.58462,4.00974,0.68086
2026020524,2026-12-12,COL,WSH,0.64278,0.51880,0.26146,0.12397,0.09577,0.21974,0.61319,0.66915,3.48742,2.79420,31.12242,25.33170,3.72483,2.93754,3.52676,4.19419,57.64507,46.91972,0.78636,0.78860,4.07036,0.65836
2026020525,2026-12-12,LAK,VAN,0.64175,0.52974,0.25232,0.11201,0.10593,0.21794,0.62142,0.63217,3.45874,2.37501,30.60997,27.23001,3.67915,2.66664,3.21335,3.52879,56.69641,50.43623,0.71302,0.69005,3.99944,0.63188
2026020526,2026-12-12,SEA,NSH,0.47727,0.36078,0.40502,0.11650,0.11771,0.23421,0.52613,0.48877,2.78865,2.98414,27.75051,28.53125,3.07731,3.11772,3.55413,3.66103,51.40013,52.84608,0.55983,0.83894,3.89452,0.48161
2026020527,2026-12-13,CAR,BOS,0.69376,0.58145,0.21579,0.11232,0.09045,0.20277,0.64117,0.70481,3.93551,2.64157,33.65860,24.88372,4.00180,2.85044,3.92683,3.73632,62.34261,46.09009,0.94310,0.63423,4.23601,0.70600
2026020528,2026-12-13,NYR,CBJ,0.51985,0.40862,0.35636,0.11123,0.12379,0.23501,0.53568,0.51086,3.05047,2.68218,28.49057,31.18624,3.12754,3.08594,4.05075,4.09828,52.77090,57.76374,0.88209,0.65906,3.88999,0.64355
2026020529,2026-12-13,TOR,ANA,0.47611,0.36845,0.40192,0.10766,0.12198,0.22964,0.54342,0.46086,3.15972,3.12136,23.89595,32.88879,3.33042,3.47315,3.40445,4.19846,44.26034,60.91703,0.72414,0.86763,4.03506,0.69948
2026020530,2026-12-13,STL,TBL,0.42007,0.30717,0.46713,0.11290,0.11280,0.22570,0.49086,0.44475,2.66169,3.38264,28.69766,33.38962,3.00937,3.42472,4.50369,4.27108,53.15435,61.84456,0.58576,0.92610,4.00929,0.34663
2026020531,2026-12-14,OTT,BUF,0.54209,0.43836,0.33322,0.10373,0.12469,0.22842,0.52750,0.52379,3.46429,2.72729,30.90803,27.54310,3.64023,2.90828,4.30832,4.24514,57.24841,51.01581,0.84627,0.69452,4.05044,0.55233
2026020532,2026-12-14,PHI,FLA,0.46424,0.35400,0.41671,0.11025,0.11905,0.22930,0.53612,0.45979,3.04199,3.21528,30.21447,30.57512,3.26264,3.30859,4.54826,4.15827,55.96360,56.63169,0.81321,0.95794,4.03082,0.40598
2026020533,2026-12-14,MTL,EDM,0.53399,0.42097,0.34880,0.11302,0.11721,0.23023,0.56632,0.52691,3.25480,2.90488,25.15478,30.64702,3.34392,3.17097,3.67797,3.17695,46.59200,56.76474,0.90557,0.79848,4.01029,0.43134
2026020534,2026-12-14,COL,UTA,0.62318,0.50403,0.27429,0.11915,0.10253,0.22168,0.63151,0.62587,3.45331,2.71477,30.32369,25.86961,3.58897,2.97656,3.89325,4.00661,56.16555,47.91592,0.89025,0.73877,4.04417,0.67199
2026020535,2026-12-14,SJS,VAN,0.59259,0.48061,0.29409,0.11198,0.11333,0.22530,0.57327,0.58821,3.38974,2.58903,29.00674,27.73744,3.54956,2.80380,3.92015,3.85530,53.72671,51.37589,0.78241,0.77291,3.99895,0.44293
2026020536,2026-12-15,BOS,FLA,0.50769,0.40563,0.36816,0.10205,0.12416,0.22621,0.54825,0.47904,3.48303,3.00533,29.33940,29.21714,3.49723,3.24958,4.24348,3.91778,54.34272,54.11638,0.89358,0.89118,4.10770,0.49834
2026020537,2026-12-15,BUF,CGY,0.63568,0.51625,0.26060,0.11943,0.10372,0.22315,0.63849,0.63360,3.30836,2.46041,29.01573,27.51607,3.49839,2.74363,3.89645,3.88537,53.74336,50.96593,0.67375,0.60514,3.94569,0.65144
2026020538,2026-12-15,DET,LAK,0.52365,0.40752,0.35874,0.11613,0.11761,0.23374,0.55728,0.52369,3.02561,2.82189,27.99793,28.06098,3.19837,3.01977,3.82023,3.24637,51.85828,51.97506,0.83616,0.70100,3.91599,0.48049
2026020539,2026-12-15,NJD,NYR,0.58380,0.46873,0.30413,0.11507,0.11207,0.22714,0.54970,0.59428,3.34018,2.69473,33.78902,28.23652,3.59733,2.81547,4.14167,3.85270,62.58442,52.30022,0.86618,0.69266,3.99758,0.50323
2026020540,2026-12-15,PIT,TBL,0.45103,0.33045,0.44426,0.12059,0.10471,0.22530,0.49068,0.50079,2.82175,3.58637,30.44008,32.78917,3.22236,3.56483,4.59959,4.04722,56.38103,60.73172,0.68109,0.84146,4.11349,0.41400
2026020541,2026-12-15,CBJ,CAR,0.42343,0.33102,0.43698,0.09241,0.13960,0.23201,0.44910,0.39223,3.23646,3.03916,29.36603,32.57400,3.42479,3.24819,4.45152,3.83882,54.39226,60.33376,0.72021,0.78917,4.03621,0.37179
2026020542,2026-12-15,STL,WPG,0.51637,0.39083,0.37122,0.12554,0.11241,0.23795,0.56312,0.53605,2.72911,2.84660,25.74628,28.05365,2.93966,2.93266,3.85406,3.99926,47.68772,51.96149,0.58720,0.80177,3.83475,0.42075
2026020543,2026-12-15,NSH,SEA,0.57615,0.45914,0.30947,0.11701,0.11438,0.23139,0.57403,0.57671,3.11490,2.54263,28.08969,27.53115,3.29142,2.82676,3.47860,3.45866,52.02811,50.99366,0.78257,0.54096,3.88305,0.59742
2026020544,2026-12-15,MIN,TOR,0.65959,0.55701,0.23386,0.10258,0.10655,0.20913,0.62098,0.63596,3.73728,2.29131,33.04275,25.20160,3.95510,2.54023,4.10805,3.14479,61.20228,46.67896,0.98947,0.57430,4.12346,0.60708
2026020545,2026-12-15,UTA,NYI,0.53355,0.40052,0.36263,0.13303,0.10382,0.23685,0.57587,0.57266,2.73716,2.99958,25.73753,28.88009,3.14476,3.03866,3.36008,4.28230,47.67148,53.49205,0.62581,0.82961,3.88652,0.56480
2026020546,2026-12-15,DAL,WSH,0.56755,0.45741,0.31596,0.11014,0.11649,0.22663,0.57357,0.55518,3.43157,2.74790,28.04369,28.40714,3.60526,2.99787,4.21818,4.57471,51.94241,52.61594,0.88007,0.71965,4.04146,0.62299
2026020547,2026-12-16,PHI,NYR,0.55852,0.45452,0.31656,0.10400,0.12491,0.22892,0.55920,0.52814,3.34576,2.48778,32.63080,28.42145,3.52475,2.75548,4.51517,3.93583,60.43922,52.64299,0.91239,0.69573,3.96541,0.33963
2026020548,2026-12-16,COL,NYI,0.69143,0.57804,0.21549,0.11339,0.09308,0.20648,0.65545,0.69368,3.69984,2.42409,30.07947,25.85345,3.78417,2.68852,3.36504,3.77055,55.71336,47.88616,0.86592,0.58689,4.11370,0.69358
2026020549,2026-12-16,ANA,VAN,0.64714,0.53116,0.25456,0.11598,0.09830,0.21428,0.61498,0.65872,3.60010,2.66174,30.76500,24.43861,3.76473,2.93467,3.52169,3.59352,56.98332,45.26552,0.81538,0.73816,4.09470,0.44527
2026020550,2026-12-16,VGK,SJS,0.69011,0.57649,0.21746,0.11362,0.09244,0.20605,0.65846,0.69315,3.73438,2.48390,30.86739,25.32463,3.67988,2.69506,3.74003,4.28828,57.17298,46.90665,0.94727,0.68669,4.13411,0.68849
2026020551,2026-12-17,BOS,STL,0.56421,0.45592,0.31577,0.10829,0.12002,0.22831,0.55594,0.54971,3.34757,2.60345,29.74530,27.62965,3.47922,2.92573,4.06560,4.20630,55.09462,51.17605,0.85733,0.63139,3.98450,0.56102
2026020552,2026-12-17,TBL,CGY,0.70048,0.60257,0.19930,0.09791,0.10022,0.19813,0.64799,0.67129,3.79649,2.03918,30.41577,25.30413,3.82124,2.41670,4.02980,3.87596,56.33641,46.86889,0.84057,0.52084,4.14938,0.77016
2026020553,2026-12-17,NJD,TOR,0.64473,0.54067,0.24679,0.10406,0.10848,0.21253,0.57265,0.63715,3.70320,2.37929,33.64806,24.56276,3.90150,2.54878,3.95596,3.09295,62.32352,45.49582,0.93087,0.51044,4.11208,0.57824
2026020554,2026-12-17,PIT,LAK,0.53283,0.40720,0.36265,0.12562,0.10453,0.23015,0.57478,0.56085,3.07343,3.21415,29.46548,30.64239,3.33381,3.33076,4.05169,3.63423,54.57652,56.75629,0.76712,0.76209,4.03837,0.52265
2026020555,2026-12-17,WSH,DET,0.54973,0.42691,0.34135,0.12282,0.10892,0.23174,0.59063,0.56135,3.06133,2.91452,26.01865,28.16649,3.17625,3.13082,3.64627,3.85698,48.19213,52.17038,0.74149,0.83179,3.95118,0.57402
2026020556,2026-12-17,CBJ,SEA,0.64466,0.54033,0.24464,0.10433,0.11070,0.21503,0.60193,0.62290,3.54236,2.21267,30.12324,25.68272,3.70014,2.49508,3.68073,3.40667,55.79474,47.57014,0.79511,0.55172,4.02387,0.59930
2026020557,2026-12-17,EDM,DAL,0.52697,0.41013,0.35941,0.11685,0.11361,0.23046,0.51793,0.54869,3.16829,3.02105,31.64463,26.71614,3.43412,3.14486,3.98104,4.04788,58.61276,49.48358,0.87263,0.88584,4.01112,0.54137
2026020558,2026-12-17,UTA,CAR,0.40633,0.30451,0.47011,0.10182,0.12356,0.22538,0.45372,0.40984,2.93097,3.36767,28.16029,32.68984,3.20925,3.46550,4.50583,4.17259,52.15878,60.54811,0.70352,0.91816,4.05438,0.39499
2026020559,2026-12-18,BUF,MTL,0.52379,0.39880,0.37152,0.12499,0.10469,0.22968,0.56818,0.55321,3.08277,3.28782,28.97844,27.58397,3.38158,3.31765,3.77254,4.26742,53.67401,51.09156,0.67428,0.93206,4.06278,0.56014
2026020560,2026-12-18,OTT,CHI,0.69390,0.59620,0.20510,0.09769,0.10101,0.19870,0.66813,0.65606,3.87961,2.13833,30.55152,22.77875,3.87540,2.39305,3.52263,3.82434,56.58800,42.19124,0.79267,0.58607,4.19297,0.72766
2026020561,2026-12-18,NYR,NSH,0.55216,0.44003,0.32668,0.11214,0.12116,0.23330,0.56418,0.53832,3.13132,2.55521,28.36482,28.72418,3.29847,2.87682,3.96224,4.01948,52.53778,53.20352,0.76921,0.73532,3.89184,0.64133
2026020562,2026-12-18,PHI,DET,0.54841,0.43842,0.33139,0.10998,0.12021,0.23019,0.56165,0.53390,3.25444,2.67555,27.35642,27.57191,3.38535,2.86886,3.71352,3.91155,50.66982,51.06930,0.85084,0.76613,3.96189,0.43668
2026020563,2026-12-18,PIT,SEA,0.61151,0.49142,0.28384,0.12009,0.10465,0.22474,0.60260,0.62214,3.34963,2.69482,28.86231,26.40443,3.53943,2.89573,3.58670,3.31428,53.45915,48.90672,0.77019,0.59093,4.00116,0.64317
2026020564,2026-12-18,MIN,ANA,0.60899,0.51026,0.27589,0.09873,0.11512,0.21384,0.61453,0.56718,3.94397,2.65790,28.32415,29.65819,4.02596,2.96497,4.02130,3.79302,52.46210,54.93323,1.03393,0.75521,4.24088,0.74935
2026020565,2026-12-18,COL,CAR,0.51952,0.41171,0.36086,0.10781,0.11962,0.22743,0.53783,0.51087,3.42843,3.05314,29.56383,29.48483,3.54720,3.24247,4.02198,3.73806,54.75838,54.61222,0.79424,0.77353,4.09957,0.52882
2026020566,2026-12-18,VGK,NYI,0.62190,0.49717,0.27554,0.12474,0.10256,0.22729,0.60937,0.63920,3.20022,2.58450,27.42691,25.98798,3.39056,2.68860,3.20662,3.92407,50.80033,48.13534,0.75363,0.62400,3.92387,0.56458
2026020567,2026-12-19,NJD,BOS,0.56616,0.45307,0.32173,0.11309,0.11211,0.22520,0.52851,0.58155,3.48447,2.94188,32.75222,28.56137,3.70269,3.06050,3.99652,3.67438,60.66417,52.90176,0.89283,0.67566,4.09585,0.61137
2026020568,2026-12-19,FLA,CGY,0.68094,0.57473,0.21931,0.10622,0.09975,0.20596,0.59948,0.68146,3.73652,2.30035,28.90047,26.55489,3.78731,2.56132,3.87631,3.97166,53.52978,49.18553,0.93736,0.60056,4.12351,0.65057
2026020569,2026-12-19,EDM,UTA,0.54896,0.44014,0.32879,0.10883,0.12225,0.23107,0.56087,0.53000,3.26585,2.62680,30.09494,26.95732,3.43018,2.96085,3.71336,3.74589,55.74211,49.93041,0.97647,0.71715,3.95691,0.63889
2026020570,2026-12-19,TOR,TBL,0.37490,0.26752,0.51195,0.10738,0.11315,0.22053,0.45219,0.40286,2.46993,3.46585,25.82672,33.11522,2.77597,3.56772,3.86182,4.25541,47.83689,61.33651,0.60433,0.90059,4.01558,0.39766
2026020571,2026-12-19,WSH,STL,0.57060,0.45576,0.31432,0.11484,0.11508,0.22992,0.57311,0.56755,3.19908,2.61527,28.71328,26.57865,3.28121,2.93421,4.33882,3.95828,53.18330,49.22933,0.84752,0.60706,3.92940,0.60167
2026020572,2026-12-19,CBJ,LAK,0.56625,0.45186,0.31843,0.11439,0.11531,0.22970,0.57409,0.56166,3.23626,2.67760,31.15916,30.52636,3.52391,2.96384,4.04209,3.76531,57.71389,56.54161,0.76596,0.72158,3.95556,0.47847
2026020573,2026-12-19,MIN,MTL,0.53725,0.42426,0.34690,0.11299,0.11585,0.22883,0.55348,0.53719,3.29833,2.94298,30.47767,27.33034,3.56211,3.07990,3.45696,3.68378,56.45104,50.62160,0.79162,0.85603,4.03315,0.62169
2026020574,2026-12-19,WPG,DAL,0.47709,0.36480,0.40099,0.11229,0.12191,0.23420,0.49027,0.48876,2.91889,2.96551,27.61705,26.54927,3.12258,3.02453,4.40507,3.98384,51.15278,49.17492,0.74442,0.80056,3.92377,0.51696
2026020575,2026-12-19,VAN,SJS,0.46935,0.35165,0.41628,0.11769,0.11437,0.23207,0.52691,0.48712,2.79992,3.15004,28.16039,29.26770,3.02746,3.28799,3.93996,3.92190,52.15924,54.21008,0.79031,0.77939,3.95203,0.63656
2026020576,2026-12-20,BOS,PHI,0.52213,0.39947,0.36844,0.12266,0.10943,0.23209,0.56226,0.54279,2.98789,3.06754,28.64460,30.51193,3.25132,3.27797,3.82412,4.27694,53.05615,56.51465,0.71120,0.88093,3.97273,0.63233
2026020577,2026-12-20,CHI,OTT,0.35173,0.24706,0.53919,0.10467,0.10908,0.21375,0.42634,0.38924,2.40772,3.64149,24.12189,30.67171,2.62834,3.54084,4.14196,3.60075,44.67920,56.81081,0.64159,0.80887,4.08772,0.34397
2026020578,2026-12-20,DET,TBL,0.47294,0.37065,0.39726,0.10229,0.12980,0.23209,0.47289,0.46340,3.15680,2.90186,29.69634,28.11890,3.30577,3.06062,4.60502,3.47813,55.00399,52.08212,0.91975,0.71220,3.97780,0.37227
2026020579,2026-12-20,BUF,LAK,0.60291,0.48400,0.29135,0.11892,0.10574,0.22465,0.62217,0.60288,3.37925,2.75636,30.70871,31.00890,3.54205,3.07937,4.16618,3.85727,56.87949,57.43561,0.83639,0.67736,4.02342,0.50924
2026020580,2026-12-20,WPG,DAL,0.45278,0.33961,0.42802,0.11317,0.11919,0.23237,0.49027,0.46937,2.78858,3.10990,27.57103,26.79860,3.08065,3.09449,4.21231,3.83172,51.06755,49.63672,0.69353,0.82022,3.93585,0.51696
2026020581,2026-12-20,NJD,NSH,0.57428,0.45546,0.31657,0.11881,0.10915,0.22796,0.56368,0.58991,3.29339,2.85325,30.73736,27.99303,3.56134,2.93561,3.54331,3.66140,56.93223,51.84915,0.71448,0.71776,4.01197,0.60517
2026020582,2026-12-20,NYI,NYR,0.51066,0.39153,0.36987,0.11913,0.11946,0.23860,0.54346,0.51775,2.77335,2.70139,29.54908,25.14166,3.02800,2.87737,4.00597,3.52211,54.73142,46.56761,0.63199,0.76946,3.80378,0.43358
2026020583,2026-12-20,EDM,ANA,0.57887,0.47305,0.30534,0.10582,0.11580,0.22161,0.59573,0.55320,3.67311,2.80051,28.04568,27.86716,3.81348,3.04565,3.42992,3.71303,51.94663,51.61588,0.98630,0.82227,4.14254,0.77481
2026020584,2026-12-20,COL,SEA,0.71715,0.60385,0.19581,0.11329,0.08705,0.20034,0.68339,0.72001,3.75191,2.36366,32.46147,24.39487,3.90177,2.61367,3.45512,3.55066,60.12540,45.18464,0.87153,0.58491,4.13420,0.73987
2026020585,2026-12-21,TOR,WSH,0.43864,0.32634,0.44323,0.11230,0.11814,0.23043,0.48828,0.45584,2.72821,3.17183,25.76482,30.80001,3.01355,3.30425,3.35338,4.41232,47.72218,57.04838,0.61549,0.86175,3.94363,0.53528
2026020586,2026-12-21,FLA,STL,0.60621,0.49336,0.28440,0.11285,0.10938,0.22224,0.55789,0.61520,3.47392,2.63682,29.92062,27.31112,3.57640,2.83061,4.12833,4.50973,55.41939,50.58606,1.00981,0.65316,4.04006,0.60075
2026020587,2026-12-21,PHI,CBJ,0.45228,0.33041,0.43777,0.12188,0.10995,0.23183,0.54473,0.47671,2.55311,3.19715,27.48218,31.85414,2.93389,3.37775,3.80603,4.26159,50.90295,59.00094,0.66250,0.80183,3.91788,0.43759
2026020588,2026-12-21,VAN,UTA,0.36723,0.26347,0.51348,0.10376,0.11929,0.22305,0.44810,0.38207,2.45182,3.32605,25.84957,29.20392,2.75043,3.41157,3.91050,3.55980,47.87902,54.09204,0.71313,0.77063,3.95336,0.48454
2026020589,2026-12-21,VGK,CAR,0.44926,0.34323,0.42781,0.10602,0.12293,0.22896,0.48830,0.44967,3.09178,3.24110,28.48333,31.33335,3.26597,3.30962,3.96671,3.96878,52.75717,58.03594,0.72988,0.79894,4.05099,0.39384
2026020590,2026-12-22,TBL,STL,0.66720,0.57245,0.22363,0.09475,0.10916,0.20391,0.60814,0.63165,3.84155,2.13085,32.67227,26.04296,3.81175,2.56653,4.28780,4.29029,60.51586,48.23727,0.98042,0.50645,4.17290,0.72601
2026020591,2026-12-22,NYI,BOS,0.49990,0.38388,0.38351,0.11602,0.11659,0.23261,0.52223,0.51433,2.97910,2.99384,29.80240,26.21050,3.22578,3.17548,4.10580,3.49890,55.20067,48.54738,0.69193,0.77963,3.94887,0.54178
2026020592,2026-12-22,NYR,NJD,0.48041,0.36422,0.40281,0.11619,0.11678,0.23297,0.55069,0.48377,2.89244,3.07652,28.08987,33.58732,3.02525,3.32763,3.84515,4.10243,52.02856,62.21081,0.69230,0.85394,3.95047,0.57683
2026020593,2026-12-22,PIT,BUF,0.49497,0.38034,0.39214,0.11464,0.11289,0.22753,0.50103,0.52012,3.23003,3.33527,30.14354,30.01762,3.44643,3.36301,4.40818,4.03120,55.83215,55.59877,0.76436,0.77022,4.11296,0.55590
2026020594,2026-12-22,CBJ,MTL,0.48111,0.36132,0.40813,0.11979,0.11076,0.23055,0.51855,0.51102,2.88341,3.24360,29.21272,27.24166,3.33128,3.21421,3.49568,3.99982,54.10813,50.45754,0.59043,0.99443,4.00238,0.52786
2026020595,2026-12-22,DET,TOR,0.61366,0.50998,0.27020,0.10368,0.11613,0.21981,0.57071,0.59329,3.55502,2.36876,31.73776,23.71128,3.76205,2.59639,4.21679,2.94422,58.78514,43.91842,0.97342,0.56249,4.04245,0.51277
2026020596,2026-12-22,NSH,WPG,0.52176,0.39974,0.36439,0.12202,0.11386,0.23588,0.53373,0.54493,2.87546,2.86144,26.93124,28.25308,3.03036,3.02345,3.70533,3.67103,49.88251,52.33086,0.74156,0.66309,3.88093,0.44648
2026020597,2026-12-22,DAL,CGY,0.66323,0.56182,0.22909,0.10141,0.10768,0.20909,0.63650,0.63002,3.67363,2.17323,27.65310,25.39548,3.68243,2.52816,4.15942,3.97483,51.21938,47.03813,0.87060,0.54209,4.08690,0.72755
2026020598,2026-12-22,MIN,LAK,0.58712,0.47240,0.30194,0.11472,0.11094,0.22566,0.60804,0.57786,3.38250,2.72038,31.57381,31.58443,3.61342,3.03911,4.04360,3.68878,58.48188,58.50123,0.94374,0.72184,4.01814,0.56975
2026020599,2026-12-22,SEA,SJS,0.52126,0.40383,0.36329,0.11743,0.11545,0.23288,0.57124,0.52153,3.04631,2.92495,28.56436,28.87632,3.18165,3.11973,3.90207,4.09479,52.90758,53.48516,0.74523,0.81118,3.94938,0.61090
2026020600,2026-12-22,ANA,VGK,0.45155,0.34084,0.43291,0.11070,0.11554,0.22624,0.47991,0.47310,3.05777,3.42072,28.06074,27.60466,3.23237,3.48717,4.15342,3.60392,51.97437,51.12947,0.79373,0.86410,4.09872,0.39037
2026020601,2026-12-26,FLA,TBL,0.49586,0.37701,0.39798,0.11885,0.10616,0.22501,0.49864,0.53884,3.13366,3.45184,32.71177,35.09663,3.52771,3.51485,4.70763,4.87044,60.58852,65.00549,0.88558,0.93313,4.12508,0.40844
2026020602,2026-12-26,BOS,NYI,0.55559,0.44014,0.33092,0.11544,0.11349,0.22893,0.57785,0.55366,3.24449,2.82442,26.24398,29.84469,3.44917,3.02594,3.48821,4.17247,48.60935,55.27896,0.78146,0.71984,3.98900,0.53802
2026020603,2026-12-26,BUF,NJD,0.53517,0.40923,0.36127,0.12593,0.10357,0.22950,0.61353,0.55096,3.11108,3.25610,28.61017,31.72942,3.24589,3.38926,3.83583,4.02870,52.99224,58.76988,0.63480,0.86438,4.06024,0.50568
2026020604,2026-12-26,MTL,TOR,0.65034,0.54911,0.24212,0.10123,0.10754,0.20877,0.61786,0.62439,3.82939,2.40165,29.82833,25.01443,3.88415,2.70161,4.18061,3.05122,55.24852,46.33217,1.02107,0.55223,4.17314,0.52485
2026020605,2026-12-26,WSH,CBJ,0.51073,0.38590,0.38199,0.12484,0.10727,0.23211,0.57398,0.53348,2.90641,3.16457,27.90684,30.90810,3.11545,3.45203,4.16758,4.00765,51.68938,57.24828,0.76751,0.76464,3.98184,0.57639
2026020606,2026-12-26,CAR,PIT,0.67464,0.56218,0.23202,0.11247,0.09334,0.20580,0.64667,0.67961,3.94651,2.76823,31.61279,25.78665,3.92415,2.93192,3.43567,4.12071,58.55318,47.76218,0.79742,0.67326,4.25055,0.66303
2026020607,2026-12-26,NSH,DET,0.50747,0.38828,0.37926,0.11919,0.11327,0.23246,0.53861,0.52551,2.99073,3.06139,27.09733,29.66455,3.19723,3.21587,3.63628,3.94522,50.19002,54.94523,0.78545,0.79319,3.97168,0.53880
2026020608,2026-12-26,MIN,WPG,0.59772,0.48051,0.29283,0.11721,0.10945,0.22667,0.59648,0.59870,3.30813,2.63350,29.45933,27.94328,3.43480,2.81289,3.78016,3.64987,54.56499,51.75692,0.86069,0.71004,3.97433,0.53824
2026020609,2026-12-26,CGY,VAN,0.56742,0.44693,0.31697,0.12050,0.11561,0.23610,0.60480,0.55965,2.95356,2.50040,28.15236,27.42796,3.21560,2.80997,3.26950,3.62946,52.14426,50.80246,0.58641,0.63754,3.81331,0.49333
2026020610,2026-12-26,LAK,UTA,0.49869,0.39388,0.37619,0.10482,0.12512,0.22993,0.52142,0.48301,3.27151,2.92111,31.92053,31.65268,3.50618,3.22930,4.34641,4.34403,59.12366,58.62770,0.89493,0.82076,4.01945,0.57913
2026020611,2026-12-26,SJS,VGK,0.38213,0.28223,0.49569,0.09990,0.12218,0.22208,0.43697,0.38994,2.82814,3.46353,27.74492,32.08149,3.03161,3.45306,4.72449,4.00696,51.38968,59.42186,0.76014,0.97322,4.06853,0.38780
2026020612,2026-12-27,CHI,PHI,0.42695,0.31136,0.46007,0.11559,0.11298,0.22857,0.45861,0.46769,2.58374,3.28320,26.53056,29.80927,2.83473,3.27644,4.21274,3.62651,49.14058,55.21349,0.69951,0.75586,3.95707,0.48328
2026020613,2026-12-27,CBJ,EDM,0.46466,0.35166,0.41573,0.11300,0.11961,0.23261,0.53485,0.46460,2.85500,3.06213,27.27811,30.52314,3.21145,3.17105,3.54778,3.44917,50.52483,56.53558,0.66914,0.95768,3.93643,0.41756
2026020614,2026-12-27,STL,NYR,0.51241,0.39176,0.37281,0.12065,0.11477,0.23542,0.56551,0.52051,2.86321,2.88733,29.01927,28.97052,3.16608,3.00310,4.46091,4.21224,53.74992,53.65979,0.66181,0.88706,3.88497,0.41074
2026020615,2026-12-27,MTL,DAL,0.47670,0.36064,0.41082,0.11606,0.11248,0.22854,0.53423,0.49233,3.00200,3.30154,26.34585,28.51718,3.28155,3.38363,4.26424,3.89600,48.79810,52.81945,0.78481,0.85761,4.04809,0.43273
2026020616,2026-12-27,NJD,BOS,0.56393,0.45001,0.32458,0.11391,0.11149,0.22540,0.52851,0.58155,3.46379,2.96906,31.88980,28.31723,3.66124,3.05919,3.82229,3.52372,59.06686,52.44957,0.87817,0.67567,4.09399,0.61137
2026020617,2026-12-27,NYI,OTT,0.38913,0.27968,0.49870,0.10945,0.11217,0.22162,0.50174,0.40491,2.54009,3.47586,26.60192,28.11710,2.78156,3.43979,3.92551,3.60758,49.27265,52.07879,0.57432,0.92022,4.02882,0.49322
2026020618,2026-12-27,ANA,COL,0.37490,0.27648,0.50931,0.09842,0.11579,0.21421,0.43075,0.39032,3.05479,3.87597,28.13740,29.99112,3.32135,3.86140,4.32237,3.83134,52.11636,55.54963,0.85339,0.96203,4.25628,0.26245
2026020619,2026-12-28,MIN,VGK,0.51082,0.40445,0.36218,0.10637,0.12700,0.23337,0.54600,0.48586,3.19947,2.75243,27.93738,29.53209,3.30241,2.97157,3.99285,3.39525,51.74583,54.69950,0.84152,0.72632,3.95780,0.61340
2026020620,2026-12-28,BUF,DET,0.58678,0.46016,0.31059,0.12662,0.10263,0.22924,0.61541,0.60479,3.17476,2.89469,27.10956,28.40159,3.32966,3.04013,3.64929,4.11044,50.21262,52.60596,0.72944,0.81411,3.98182,0.57147
2026020621,2026-12-28,FLA,NSH,0.61084,0.49566,0.28284,0.11517,0.10632,0.22149,0.58694,0.61786,3.48242,2.70231,29.18722,27.93648,3.66012,2.88172,3.76178,4.16825,54.06087,51.74439,0.84187,0.78418,4.05345,0.57475
2026020622,2026-12-28,WSH,EDM,0.52228,0.40717,0.36025,0.11511,0.11747,0.23258,0.55879,0.52050,3.11101,2.90166,27.10819,30.68815,3.25860,3.20725,3.96724,3.27959,50.20998,56.84120,0.82965,0.80573,3.96326,0.45523
2026020623,2026-12-28,CAR,TBL,0.58740,0.45566,0.31645,0.13174,0.09615,0.22789,0.59041,0.63208,3.21329,3.15206,33.64414,29.99493,3.59495,3.25838,4.23949,4.54198,62.31566,55.55667,0.74529,0.80552,4.05830,0.54106
2026020624,2026-12-28,WPG,SJS,0.58932,0.47765,0.29522,0.11167,0.11546,0.22713,0.61067,0.56715,3.31832,2.51093,27.95742,26.07475,3.32029,2.72386,3.96787,3.91687,51.78312,48.29602,0.87456,0.66187,3.95768,0.74756
2026020625,2026-12-28,VAN,LAK,0.39425,0.28204,0.49421,0.11221,0.11154,0.22375,0.47686,0.42438,2.45888,3.40232,27.72041,31.41851,2.79365,3.50959,3.71962,3.40184,51.34460,58.19415,0.68041,0.78277,3.98680,0.44500
2026020626,2026-12-29,MTL,CBJ,0.53962,0.42211,0.34719,0.11750,0.11319,0.23070,0.58145,0.53987,3.17775,2.93786,26.27828,29.89791,3.28115,3.24206,3.93430,3.62557,48.67306,55.37708,0.89529,0.66339,3.99321,0.55518
2026020627,2026-12-29,OTT,DAL,0.53816,0.42356,0.34609,0.11460,0.11576,0.23036,0.52964,0.54920,3.23915,2.91216,30.49097,26.67952,3.54415,3.02748,4.54829,4.43513,56.47568,49.41607,0.80607,0.82288,4.00682,0.46282
2026020628,2026-12-29,TBL,NSH,0.64740,0.54067,0.24667,0.10673,0.10593,0.21267,0.63604,0.62520,3.65184,2.40274,30.82497,26.93749,3.76426,2.74104,3.75632,4.01949,57.09423,49.89406,0.76098,0.69585,4.08990,0.70405
2026020629,2026-12-29,NYR,DET,0.55499,0.44242,0.32542,0.11257,0.11959,0.23217,0.55265,0.54855,3.16505,2.59827,26.14587,28.76012,3.21222,2.89340,3.61232,4.07927,48.42775,53.26999,0.86805,0.77246,3.91323,0.64057
2026020630,2026-12-29,PIT,CAR,0.41527,0.31835,0.45990,0.09692,0.12483,0.22175,0.44980,0.41010,3.27414,3.50586,29.87727,33.29123,3.40602,3.55423,4.65367,3.58246,55.33892,61.66221,0.78085,0.76295,4.17290,0.41589
2026020631,2026-12-29,CHI,VGK,0.36088,0.26291,0.51229,0.09796,0.12684,0.22480,0.41448,0.36723,2.55665,3.24560,24.52980,29.85479,2.76062,3.23083,4.28164,3.07713,45.43448,55.29752,0.69737,0.66775,3.93751,0.36564
2026020632,2026-12-29,CGY,SJS,0.54680,0.42844,0.33731,0.11836,0.11589,0.23425,0.58219,0.54389,3.02510,2.69767,28.70270,28.38937,3.20836,2.97658,3.94877,4.05792,53.16351,52.58316,0.76242,0.63972,3.88493,0.58852
2026020633,2026-12-29,COL,STL,0.66322,0.54007,0.24189,0.12315,0.09489,0.21804,0.63502,0.68191,3.40753,2.54388,31.20835,24.48354,3.57658,2.77358,3.73764,4.15640,57.80433,45.34871,0.83726,0.63972,3.99931,0.71437
2026020634,2026-12-29,UTA,NJD,0.51412,0.38667,0.38125,0.12745,0.10462,0.23207,0.56971,0.54637,2.89697,3.22772,28.12450,30.07796,3.14473,3.29940,3.74170,4.01353,52.09260,55.71076,0.61837,0.95510,4.00017,0.49515
2026020635,2026-12-29,SEA,PHI,0.48909,0.36347,0.40255,0.12562,0.10836,0.23398,0.50288,0.53718,2.70990,3.14044,28.18770,29.75962,2.93504,3.24388,3.94763,3.81489,52.21007,55.12137,0.65384,0.85455,3.92853,0.58041
2026020636,2026-12-29,ANA,TOR,0.58502,0.47085,0.30563,0.11417,0.10935,0.22352,0.55696,0.59633,3.49540,2.86339,33.39904,23.63635,3.81783,3.02246,4.35081,3.35923,61.86211,43.77961,0.91946,0.69108,4.08530,0.37730
2026020637,2026-12-30,NYI,WSH,0.49930,0.38763,0.37907,0.11166,0.12163,0.23330,0.50478,0.50558,3.04364,2.89253,29.48696,26.13541,3.26696,3.01890,3.98106,3.78362,54.61635,48.40838,0.68049,0.76637,3.94000,0.50033
2026020638,2026-12-30,FLA,BUF,0.53391,0.42581,0.34762,0.10810,0.11847,0.22657,0.50899,0.53875,3.46830,2.99007,30.17813,29.80775,3.60940,3.10009,4.29947,4.54766,55.89645,55.21032,0.96173,0.77654,4.09969,0.54451
2026020639,2026-12-30,BOS,EDM,0.49673,0.38187,0.38707,0.11486,0.11620,0.23106,0.54151,0.50242,3.07847,3.10825,26.76952,32.01758,3.31218,3.35043,3.66927,3.62900,49.58267,59.30354,0.80279,0.92880,4.00899,0.41265
2026020640,2026-12-30,VAN,SEA,0.49117,0.37695,0.38457,0.11422,0.12427,0.23848,0.50558,0.49701,2.80826,2.73123,27.75119,27.90245,3.06143,2.97627,3.46814,3.21267,51.40130,51.68153,0.74068,0.57962,3.82319,0.56347
2026020641,2026-12-30,LAK,TOR,0.62451,0.52242,0.26022,0.10210,0.11526,0.21736,0.56368,0.60577,3.60505,2.31022,33.50406,25.38368,3.88013,2.59684,4.00522,3.25220,62.05688,47.01643,0.88456,0.58469,4.06091,0.57283
2026020642,2026-12-31,OTT,PIT,0.58702,0.48612,0.29445,0.10090,0.11853,0.21943,0.57627,0.55693,3.77109,2.67657,29.97484,26.76687,3.78899,2.87902,3.81335,4.07101,55.51945,49.57781,0.85281,0.68738,4.16763,0.53866
2026020643,2026-12-31,DET,CAR,0.37926,0.28842,0.48559,0.09084,0.13514,0.22599,0.43224,0.35640,3.05050,3.29128,27.11856,31.00444,3.14972,3.40394,4.36645,3.50177,50.22959,57.42665,0.81242,0.81080,4.05614,0.37490
2026020644,2026-12-31,TBL,MTL,0.56574,0.44702,0.32463,0.11871,0.10963,0.22835,0.57830,0.57499,3.29596,2.91874,31.08194,27.19132,3.57783,3.11929,3.76059,4.41273,57.56973,50.36400,0.73626,0.85497,4.02699,0.69458
2026020645,2026-12-31,CBJ,WSH,0.58358,0.48655,0.29210,0.09704,0.12432,0.22136,0.52618,0.55549,3.64566,2.42852,30.88457,26.79419,3.81875,2.70523,3.99730,3.95801,57.20489,49.62872,0.81992,0.66804,4.08920,0.50514
2026020646,2026-12-31,VGK,STL,0.62260,0.50358,0.27198,0.11902,0.10542,0.22444,0.58793,0.63551,3.26874,2.49275,29.61022,24.66135,3.36960,2.67338,3.62657,4.18022,54.84439,45.67808,0.81655,0.60480,3.93452,0.58745
2026020647,2026-12-31,UTA,COL,0.43469,0.32879,0.44232,0.10590,0.12299,0.22889,0.46611,0.44220,2.95167,3.22754,27.32049,30.96608,3.25617,3.34006,4.29913,3.95553,50.60312,57.35530,0.77484,0.88269,4.01278,0.40530
2026020648,2026-12-31,CGY,WPG,0.45246,0.32984,0.43483,0.12263,0.11271,0.23533,0.52077,0.48277,2.45737,3.04973,26.37754,28.74653,2.73667,3.14054,3.59773,3.89136,48.85697,53.24476,0.56058,0.73634,3.84177,0.37100
2026020649,2026-12-31,DAL,NYR,0.58923,0.47451,0.29852,0.11471,0.11225,0.22697,0.61102,0.57669,3.33396,2.63349,29.23031,27.58882,3.46651,2.87531,4.47378,4.39277,54.14050,51.10058,0.88825,0.76009,3.98430,0.55647
2026020650,2027-01-01,NSH,FLA,0.45364,0.34313,0.42957,0.11051,0.11679,0.22730,0.51291,0.46107,3.00282,3.31804,28.92231,29.95245,3.16601,3.43676,4.35612,3.85182,53.57043,55.47833,0.83150,0.87056,4.05355,0.50505
2026020651,2027-01-01,CHI,BOS,0.40896,0.29688,0.47922,0.11209,0.11182,0.22390,0.44651,0.44957,2.64980,3.47262,27.12518,28.95907,2.97193,3.39511,4.27960,3.49559,50.24186,53.63867,0.71578,0.76508,4.04293,0.39171
2026020652,2027-01-01,ANA,NJD,0.45864,0.33688,0.44187,0.12176,0.09950,0.22126,0.53435,0.50278,2.93441,3.78541,29.12426,28.89930,3.17561,3.80572,3.87965,3.89314,53.94440,53.52765,0.68781,1.01759,4.20578,0.34722
2026020653,2027-01-01,SJS,PHI,0.46240,0.34779,0.42316,0.11461,0.11444,0.22905,0.48153,0.49178,2.92648,3.28239,30.59689,31.41941,3.16790,3.35365,4.79197,4.49134,56.67233,58.19579,0.79929,0.97760,4.02486,0.50988
2026020654,2027-01-01,PIT,MIN,0.44314,0.31933,0.45790,0.12381,0.09896,0.22277,0.51594,0.49769,2.72989,3.74611,28.85844,31.61088,3.08253,3.68588,3.74808,3.86746,53.45178,58.54961,0.64167,0.98493,4.16474,0.49004
2026020655,2027-01-02,DET,EDM,0.47333,0.36182,0.40556,0.11151,0.12111,0.23262,0.51779,0.47486,2.96848,3.04570,26.87772,29.43965,3.16115,3.18475,3.76266,3.18842,49.78328,54.52859,0.85027,0.88542,3.96105,0.42028
2026020656,2027-01-02,FLA,MTL,0.50439,0.37826,0.39548,0.12612,0.10014,0.22626,0.52720,0.55778,2.97446,3.47220,27.43471,27.61683,3.30471,3.33874,3.36687,4.44637,50.81487,51.15225,0.74168,1.06945,4.09879,0.56249
2026020657,2027-01-02,TBL,BUF,0.56474,0.46242,0.31349,0.10231,0.12177,0.22408,0.56042,0.53686,3.61364,2.69624,32.67841,29.66792,3.72852,3.01550,4.56139,4.57515,60.52709,54.95121,0.88168,0.68574,4.10474,0.67773
2026020658,2027-01-02,WSH,OTT,0.48444,0.36547,0.40321,0.11897,0.11235,0.23132,0.54719,0.50013,2.90948,3.19230,26.22371,29.99153,3.01791,3.41808,4.24444,3.90434,48.57201,55.55057,0.73692,0.83220,3.99150,0.53346
2026020659,2027-01-02,CAR,NSH,0.72886,0.62740,0.18348,0.10146,0.08767,0.18912,0.67314,0.71984,4.09087,2.32120,33.51731,23.77626,4.17816,2.58681,3.74235,3.67277,62.08093,44.03889,0.85095,0.60580,4.30131,0.70064
2026020660,2027-01-02,CBJ,BOS,0.59263,0.49105,0.28795,0.10158,0.11942,0.22100,0.54356,0.57364,3.64471,2.52108,31.58438,26.70748,3.77764,2.81973,4.21900,3.56031,58.50108,49.46803,0.86873,0.66279,4.09740,0.54811
2026020661,2027-01-02,MIN,STL,0.58048,0.46569,0.30633,0.11479,0.11319,0.22798,0.58381,0.57649,3.25045,2.61301,30.33803,27.68580,3.42151,2.83472,3.88997,3.87861,56.19263,51.27994,0.87709,0.63655,3.94847,0.65698
2026020662,2027-01-02,WPG,CGY,0.59690,0.48739,0.28292,0.10952,0.12018,0.22969,0.57928,0.57507,3.18433,2.21907,28.35380,25.74760,3.34109,2.49769,3.80399,3.46077,52.51723,47.69008,0.70725,0.52971,3.85661,0.70088
2026020663,2027-01-02,SJS,TOR,0.48763,0.36886,0.39828,0.11877,0.11409,0.23286,0.51393,0.51258,2.87729,3.09427,30.59613,27.47119,3.27822,3.11768,4.37858,3.78337,56.67071,50.88273,0.71288,0.86332,3.95224,0.37463
2026020664,2027-01-02,DAL,CHI,0.72802,0.64478,0.17540,0.08324,0.09658,0.17982,0.68622,0.67058,4.28186,1.98167,28.21534,23.16450,3.93070,2.39941,3.79040,4.00575,52.26088,42.90573,0.95445,0.52872,4.42695,0.78861
2026020665,2027-01-02,LAK,NJD,0.52202,0.41301,0.35727,0.10901,0.12071,0.22972,0.54113,0.51261,3.31463,2.92553,31.61207,31.80052,3.44095,3.19895,3.66776,3.73723,58.55262,58.90186,0.70979,0.80756,4.03468,0.53592
2026020666,2027-01-02,UTA,VAN,0.67886,0.56626,0.22199,0.11259,0.09915,0.21175,0.64824,0.67171,3.49183,2.22877,29.02374,24.77492,3.69828,2.52807,3.47877,3.64100,53.75817,45.88848,0.74334,0.66507,4.00070,0.59545
2026020667,2027-01-02,VGK,COL,0.48312,0.37496,0.39354,0.10816,0.12333,0.23149,0.50077,0.48261,3.15267,3.03957,27.81641,29.22017,3.32447,3.14231,3.79819,3.82056,51.52185,54.12184,0.81398,0.76959,4.01129,0.40420
2026020668,2027-01-02,SEA,NYI,0.47319,0.35586,0.41011,0.11732,0.11670,0.23402,0.51878,0.48995,2.75742,3.01923,26.02832,30.71181,3.02269,3.10348,3.35639,3.76884,48.21022,56.88494,0.62534,0.72404,3.89807,0.48690
2026020669,2027-01-03,PIT,EDM,0.50921,0.39089,0.38056,0.11833,0.11023,0.22856,0.53555,0.53168,3.12572,3.22485,27.91731,31.11818,3.34427,3.30846,3.81780,3.30646,51.70846,57.63734,0.77758,0.85576,4.05485,0.46358
2026020670,2027-01-03,NYR,CBJ,0.52188,0.40767,0.35642,0.11420,0.12170,0.23591,0.53568,0.52057,2.98195,2.68939,27.70713,30.86229,3.05907,3.09405,3.91744,4.11197,51.31988,57.16368,0.85366,0.67210,3.86824,0.64355
2026020671,2027-01-03,STL,CGY,0.60623,0.49571,0.27603,0.11052,0.11774,0.22825,0.59199,0.58517,3.20964,2.22313,27.52084,26.56471,3.41138,2.54480,3.95898,3.60123,50.97446,49.20364,0.62789,0.56985,3.86861,0.59108
2026020672,2027-01-03,ANA,PHI,0.51762,0.39139,0.37892,0.12623,0.10345,0.22969,0.52477,0.56664,2.96359,3.27016,29.38070,26.49511,3.25564,3.45028,4.21158,4.15759,54.41941,49.07445,0.79219,0.90740,4.02923,0.51187
2026020673,2027-01-03,SEA,VAN,0.58489,0.46839,0.29967,0.11650,0.11544,0.23194,0.59403,0.57574,3.11369,2.44278,28.33977,27.37368,3.40584,2.76944,3.21182,3.31724,52.49137,50.70195,0.61189,0.66849,3.86314,0.51621
2026020674,2027-01-04,BUF,WPG,0.59860,0.46897,0.29960,0.12963,0.10180,0.23143,0.61075,0.62328,3.06959,2.75747,27.16782,27.25794,3.20545,2.89143,3.81554,3.93105,50.32064,50.48772,0.70261,0.71378,3.91436,0.47630
2026020675,2027-01-04,MTL,CHI,0.68905,0.58804,0.21128,0.10100,0.09968,0.20068,0.67221,0.65719,3.88924,2.26683,27.55638,24.75346,3.76005,2.59637,3.54023,3.47099,51.04041,45.84870,0.86590,0.57283,4.19840,0.70463
2026020676,2027-01-04,WSH,TOR,0.62032,0.50784,0.26997,0.11249,0.10971,0.22219,0.61060,0.60914,3.40201,2.44492,30.48041,24.70927,3.58581,2.72713,4.32904,3.12893,56.45623,45.76701,0.85266,0.57217,3.98311,0.54711
2026020677,2027-01-04,DAL,DET,0.58841,0.47205,0.30235,0.11635,0.10925,0.22560,0.61337,0.58233,3.37989,2.76731,25.86948,27.60828,3.42193,2.98306,3.83587,4.29566,47.91552,51.13651,0.87886,0.78993,4.02568,0.65664
2026020678,2027-01-04,COL,VGK,0.57659,0.45351,0.31649,0.12308,0.10692,0.23000,0.59866,0.58874,3.18150,2.84442,28.52563,27.25373,3.33726,3.04314,3.67245,3.70857,52.83538,50.47960,0.72942,0.78095,3.97221,0.67331
2026020679,2027-01-04,LAK,PHI,0.56792,0.45783,0.31314,0.11009,0.11894,0.22903,0.53157,0.56677,3.28311,2.56166,34.20204,29.88227,3.55456,2.93210,4.17800,3.93157,63.35012,55.34896,0.81550,0.70119,3.95194,0.69045
2026020680,2027-01-04,SJS,NJD,0.40346,0.29337,0.48736,0.11009,0.10919,0.21928,0.49114,0.42802,2.77694,3.67960,28.62724,33.39485,3.01103,3.62542,4.23006,4.23209,53.02399,61.85474,0.64345,1.08498,4.14347,0.34452
2026020681,2027-01-05,CAR,STL,0.69505,0.57389,0.21645,0.12117,0.08850,0.20966,0.64650,0.71756,3.58985,2.52213,32.56196,24.28855,3.70913,2.72500,3.89231,4.19134,60.31148,44.98767,0.87670,0.56873,4.07356,0.72229
2026020682,2027-01-05,CBJ,NYR,0.57187,0.45776,0.31109,0.11411,0.11704,0.23115,0.56463,0.56748,3.18304,2.54569,31.74450,26.99904,3.49464,2.75479,4.31617,3.92464,58.79754,50.00814,0.75819,0.76775,3.90984,0.43586
2026020683,2027-01-05,BOS,BUF,0.52282,0.42669,0.34692,0.09613,0.13026,0.22639,0.50702,0.49083,3.61471,2.77478,31.15909,29.44201,3.70753,3.08265,4.34861,4.09559,57.71330,54.53297,0.89588,0.68961,4.11604,0.50191
2026020684,2027-01-05,NSH,EDM,0.45973,0.34291,0.42643,0.11683,0.11384,0.23067,0.50611,0.48439,2.81274,3.24177,26.47282,32.07396,3.06291,3.38332,3.71595,3.45829,49.03331,59.40806,0.79182,0.85143,3.98629,0.41912
2026020685,2027-01-05,CGY,FLA,0.37775,0.27006,0.51008,0.10770,0.11217,0.21987,0.49991,0.39079,2.52168,3.52477,26.90947,29.10811,2.76719,3.50291,4.01443,3.79318,49.84231,53.91442,0.62165,0.93321,4.04727,0.42555
2026020686,2027-01-05,UTA,OTT,0.49040,0.36549,0.40284,0.12491,0.10676,0.23167,0.52780,0.53045,2.80153,3.24991,27.42998,29.49839,3.10701,3.33042,4.23084,4.22995,50.80597,54.63704,0.70931,0.93736,3.98674,0.51873
2026020687,2027-01-05,VAN,NYI,0.40695,0.29318,0.47845,0.11378,0.11460,0.22838,0.47402,0.43644,2.43581,3.23220,24.80798,30.17673,2.77009,3.26056,3.26993,3.56034,45.94974,55.89395,0.62357,0.69438,3.91158,0.51018
2026020688,2027-01-05,SEA,TBL,0.36675,0.26333,0.51803,0.10342,0.11522,0.21864,0.43730,0.38997,2.54111,3.50272,27.71468,31.05286,2.84071,3.43456,4.21533,3.73151,51.33404,57.51678,0.63685,0.88672,4.04029,0.31860
2026020689,2027-01-05,ANA,MIN,0.44424,0.32389,0.45514,0.12034,0.10063,0.22097,0.48415,0.50226,2.87832,3.80466,30.41662,28.67171,3.20644,3.79793,3.99674,4.07475,56.33805,53.10599,0.78271,1.07511,4.20595,0.32053
2026020690,2027-01-06,MTL,BOS,0.60098,0.49924,0.28355,0.10174,0.11547,0.21721,0.57492,0.57766,3.81176,2.66470,28.09158,27.09174,3.76128,2.99762,4.14337,3.31616,52.03169,50.17963,1.05812,0.63188,4.18381,0.56131
2026020691,2027-01-06,COL,OTT,0.60527,0.47871,0.29488,0.12655,0.09985,0.22641,0.61030,0.62950,3.30277,2.91135,29.53692,26.86449,3.41291,3.11161,3.79147,3.86958,54.70857,49.75878,0.78969,0.78873,4.02764,0.65311
2026020692,2027-01-06,LAK,WSH,0.51354,0.40283,0.36568,0.11070,0.12079,0.23149,0.50193,0.52073,3.21120,2.93051,31.76467,29.39750,3.54427,3.02793,3.81866,4.14643,58.83508,54.45095,0.77190,0.80372,4.00207,0.56529
2026020693,2027-01-06,SJS,DAL,0.39414,0.28581,0.49575,0.10832,0.11011,0.21844,0.42860,0.43648,2.78582,3.72210,30.46783,30.33955,3.18703,3.53066,5.33728,4.68542,56.43317,56.19562,0.76958,1.09966,4.16161,0.29334
2026020694,2027-01-07,DET,UTA,0.50706,0.39967,0.36554,0.10738,0.12740,0.23479,0.52856,0.48943,3.10711,2.70971,27.42958,26.81700,3.23838,2.97047,4.17825,3.52668,50.80536,49.67073,0.91671,0.68733,3.91604,0.52171
2026020695,2027-01-07,NJD,CBJ,0.53688,0.41509,0.35174,0.12179,0.11138,0.23317,0.53518,0.56303,3.02914,2.92819,29.52484,28.77661,3.25677,3.07622,3.60099,3.66424,54.68651,53.30055,0.77967,0.62417,3.94509,0.60674
2026020696,2027-01-07,NYR,CHI,0.63401,0.52292,0.25567,0.11109,0.11033,0.22141,0.63005,0.61224,3.37105,2.27528,27.92212,26.11489,3.35198,2.58921,3.54316,4.10554,51.71800,48.37047,0.77185,0.64907,3.94858,0.77509
2026020697,2027-01-07,PHI,TOR,0.58686,0.47405,0.29535,0.11282,0.11779,0.23060,0.58204,0.57298,3.17907,2.38707,29.65339,24.29103,3.48059,2.56224,3.97013,3.27770,54.92443,44.99238,0.79770,0.58148,3.88001,0.40697
2026020698,2027-01-07,CAR,PIT,0.65963,0.55017,0.24303,0.10946,0.09734,0.20680,0.64667,0.65372,3.99322,2.80481,32.87727,26.50940,4.00386,2.98910,3.60466,4.21656,60.89509,49.10087,0.82894,0.68652,4.27340,0.66303
2026020699,2027-01-07,WPG,NSH,0.54327,0.42909,0.33742,0.11418,0.11931,0.23349,0.56656,0.53472,3.11157,2.67655,28.26827,27.06002,3.28625,2.83698,3.68963,3.71360,52.35900,50.12104,0.67146,0.74265,3.91019,0.63069
2026020700,2027-01-07,CGY,NYI,0.45447,0.33044,0.43280,0.12402,0.11273,0.23676,0.52997,0.48327,2.40993,3.00595,24.93757,30.29879,2.77523,3.14076,3.28426,4.08477,46.18969,56.11990,0.53826,0.67434,3.81498,0.46441
2026020701,2027-01-07,EDM,FLA,0.52750,0.41952,0.35232,0.10798,0.12018,0.22816,0.55692,0.51148,3.37159,2.92261,31.47612,26.63723,3.44391,3.11517,3.85175,3.59601,58.30065,49.33772,0.96267,0.90035,4.05320,0.62348
2026020702,2027-01-07,VAN,TBL,0.32011,0.22183,0.57155,0.09828,0.10834,0.20662,0.39382,0.35775,2.30666,3.71065,27.14836,31.05184,2.68212,3.61796,4.22665,3.59002,50.28480,57.51482,0.65215,0.84249,4.11374,0.33734
2026020703,2027-01-07,VGK,MIN,0.55461,0.42604,0.34143,0.12857,0.10396,0.23254,0.55439,0.59518,3.00948,3.01983,29.69656,27.96565,3.21299,3.11261,3.45496,4.02850,55.00421,51.79833,0.74843,0.86433,3.96483,0.46585
2026020704,2027-01-08,CBJ,BUF,0.48050,0.37181,0.39687,0.10870,0.12263,0.23133,0.50032,0.48210,3.10109,3.03492,30.36750,29.51757,3.42124,3.09965,4.13220,4.12540,56.24750,54.67302,0.68236,0.81149,3.99504,0.50905
2026020705,2027-01-08,STL,OTT,0.45138,0.33239,0.43595,0.11899,0.11267,0.23166,0.52404,0.47452,2.64177,3.19654,25.03989,30.16055,2.85913,3.30398,4.25500,4.11407,46.37932,55.86385,0.60412,0.89641,3.93470,0.46984
2026020706,2027-01-08,COL,SEA,0.71153,0.59789,0.19990,0.11365,0.08857,0.20221,0.68339,0.71211,3.69629,2.33872,32.27242,24.37828,3.85920,2.60553,3.42769,3.54843,59.77518,45.15389,0.85073,0.57804,4.10620,0.73987
2026020707,2027-01-08,ANA,DAL,0.45426,0.33195,0.44562,0.12231,0.10012,0.22243,0.47141,0.52110,2.87428,3.75533,29.47163,26.01544,3.27316,3.68469,4.65425,4.41073,54.58760,48.18581,0.76684,1.04743,4.18613,0.29616
2026020708,2027-01-08,SJS,WSH,0.43239,0.32408,0.44893,0.10830,0.11869,0.22699,0.45199,0.45519,2.94666,3.36773,29.03150,29.89633,3.28591,3.27255,4.51049,4.49792,53.77262,55.37475,0.78720,0.96517,4.05767,0.37355
2026020709,2027-01-09,NJD,CHI,0.68634,0.58492,0.21346,0.10142,0.10019,0.20161,0.62958,0.66943,3.87540,2.27779,31.09436,24.61395,3.81114,2.49368,3.30488,3.65358,57.59374,45.59045,0.79400,0.55515,4.19158,0.74469
2026020710,2027-01-09,CGY,TBL,0.35869,0.25094,0.53106,0.10775,0.11025,0.21800,0.44837,0.39286,2.28266,3.46407,26.71831,30.61224,2.67532,3.48039,4.18602,4.07190,49.48817,56.70039,0.56258,0.82783,3.99445,0.29734
2026020711,2027-01-09,EDM,NYI,0.59309,0.47555,0.29567,0.11754,0.11124,0.22878,0.58638,0.59487,3.22027,2.56496,28.23960,26.97897,3.42561,2.76388,3.09818,3.69286,52.30583,49.97083,0.86597,0.66297,3.92790,0.66166
2026020712,2027-01-09,BUF,CAR,0.40233,0.29513,0.48523,0.10719,0.11244,0.21964,0.49898,0.41433,2.88155,3.68235,27.16325,35.58303,3.11202,3.73719,4.26935,4.23488,50.31236,65.90733,0.63258,0.92006,4.15903,0.40301
2026020713,2027-01-09,TOR,PHI,0.47204,0.35277,0.41141,0.11928,0.11654,0.23582,0.51794,0.49244,2.68580,2.99447,25.32856,30.29615,2.84818,3.25101,3.54097,4.12676,46.91422,56.11510,0.64578,0.82163,3.87216,0.67145
2026020714,2027-01-09,MTL,PIT,0.58295,0.48342,0.29827,0.09954,0.11878,0.21832,0.58076,0.54856,3.87274,2.76977,27.31769,28.66679,3.72916,3.09640,3.85591,3.60875,50.59790,53.09661,0.95286,0.64542,4.21968,0.50862
2026020715,2027-01-09,DET,BOS,0.51095,0.39843,0.37122,0.11252,0.11782,0.23034,0.52654,0.51648,3.19965,3.02913,29.33747,26.85487,3.41076,3.14619,4.14844,3.52247,54.33939,49.74088,0.89217,0.78877,4.02258,0.54943
2026020716,2027-01-09,WPG,UTA,0.48605,0.37956,0.38311,0.10650,0.13083,0.23733,0.53345,0.46032,2.98267,2.69256,26.49008,27.07411,3.09026,2.90242,4.07717,3.73765,49.06527,50.14707,0.82257,0.68840,3.86927,0.61083
2026020717,2027-01-09,MIN,NSH,0.60814,0.49803,0.27962,0.11011,0.11224,0.22235,0.61234,0.58867,3.45761,2.50688,30.40126,27.34719,3.67353,2.75048,3.74702,3.60884,56.30968,50.65283,0.80254,0.71744,4.01505,0.63271
2026020718,2027-01-09,LAK,DAL,0.51733,0.41124,0.35884,0.10609,0.12383,0.22992,0.47821,0.52122,3.31681,2.85701,35.89592,29.68081,3.69749,3.11617,4.79480,4.12198,66.48700,54.97546,0.83435,0.76550,4.02081,0.48464
2026020719,2027-01-09,VAN,FLA,0.34457,0.24430,0.54430,0.10027,0.11113,0.21140,0.44414,0.36471,2.52276,3.71187,27.48539,29.66677,2.78281,3.62999,4.09283,3.49744,50.90905,54.94931,0.70142,0.97186,4.12931,0.47025
2026020720,2027-01-09,VGK,SEA,0.69516,0.58939,0.20726,0.10577,0.09758,0.20335,0.63899,0.68497,3.69405,2.17775,30.72072,23.90723,3.78044,2.43427,3.40761,3.45464,56.90130,44.28144,0.90515,0.50774,4.09739,0.61659
2026020721,2027-01-09,SJS,NYR,0.42574,0.30791,0.46720,0.11782,0.10707,0.22489,0.49064,0.46729,2.62868,3.50374,30.13352,30.32032,3.03945,3.34335,4.56074,4.28147,55.81398,56.16022,0.70494,1.09695,4.05245,0.30908
2026020722,2027-01-10,PHI,CHI,0.65092,0.55042,0.23692,0.10050,0.11215,0.21266,0.63850,0.60745,3.59624,2.11569,28.27240,24.17363,3.57822,2.47492,3.41602,3.80616,52.36667,44.77483,0.75832,0.58656,4.04536,0.59580
2026020723,2027-01-10,COL,NSH,0.70262,0.59751,0.20449,0.10512,0.09288,0.19800,0.66207,0.69268,3.95316,2.39994,33.13013,24.32760,4.09488,2.67167,3.67081,3.57391,61.36381,45.05995,0.83343,0.67018,4.23284,0.69201
2026020724,2027-01-10,ANA,WSH,0.48685,0.36709,0.40569,0.11976,0.10746,0.22722,0.49511,0.53029,3.07118,3.45472,29.87342,26.39920,3.43857,3.46769,3.98976,4.31368,55.33194,48.89681,0.78249,0.92998,4.11257,0.37617
2026020725,2027-01-11,TOR,WPG,0.47608,0.35358,0.40995,0.12250,0.11397,0.23647,0.52462,0.50291,2.60280,2.97660,24.38974,30.26664,2.78627,3.16445,3.21506,3.97912,45.17517,56.06034,0.58766,0.78633,3.84610,0.47399
2026020726,2027-01-11,EDM,TBL,0.48615,0.37120,0.39685,0.11495,0.11699,0.23195,0.50544,0.50394,2.98442,3.09230,32.76043,30.07120,3.35251,3.27503,4.02940,3.95348,60.67903,55.69762,0.83251,0.83710,3.97914,0.49218
2026020727,2027-01-11,LAK,NYR,0.53810,0.42216,0.34322,0.11594,0.11868,0.23462,0.54063,0.54252,3.04551,2.69650,33.21050,28.60537,3.41276,2.89593,4.19567,3.93729,61.51311,52.98393,0.77944,0.79347,3.89164,0.50023
2026020728,2027-01-12,BOS,CAR,0.39345,0.30246,0.47233,0.09098,0.13422,0.22521,0.45574,0.36391,3.22976,3.35727,28.19804,34.61712,3.37188,3.60655,4.37184,4.05386,52.22879,64.11804,0.78388,0.85743,4.11916,0.36816
2026020729,2027-01-12,BUF,NJD,0.53510,0.40893,0.36117,0.12617,0.10373,0.22991,0.61353,0.55096,3.09070,3.23678,28.48146,31.66582,3.23965,3.37735,3.83143,4.02045,52.75386,58.65210,0.63178,0.85920,4.04943,0.50568
2026020730,2027-01-12,PIT,COL,0.42008,0.31526,0.46136,0.10482,0.11855,0.22337,0.46217,0.43291,3.05020,3.52208,26.83072,31.10669,3.24936,3.52152,4.21363,3.49194,49.69601,57.61587,0.76901,0.80115,4.13052,0.42695
2026020731,2027-01-12,WSH,VGK,0.46545,0.35356,0.41066,0.11189,0.12389,0.23578,0.53510,0.45741,2.80836,2.91020,24.52454,28.73651,2.89234,3.16212,3.88525,3.40747,45.42466,53.22588,0.66351,0.73640,3.87649,0.55543
2026020732,2027-01-12,CHI,UTA,0.38118,0.27897,0.49357,0.10222,0.12524,0.22746,0.44852,0.38555,2.57855,3.19761,25.15767,29.10120,2.81501,3.27167,4.35171,3.58981,46.59745,53.90189,0.74773,0.69944,3.92282,0.36593
2026020733,2027-01-12,NSH,PHI,0.51204,0.39189,0.37385,0.12015,0.11412,0.23426,0.52707,0.53452,2.90021,2.93077,28.03816,29.17422,3.09878,3.17608,4.02238,4.00392,51.93293,54.03693,0.77823,0.73208,3.90830,0.63931
2026020734,2027-01-12,DAL,OTT,0.51064,0.39309,0.37440,0.11754,0.11497,0.23251,0.57059,0.51184,3.03731,3.01755,25.92257,29.65008,3.19183,3.27544,4.29766,4.41069,48.01396,54.91809,0.79424,0.79367,3.97203,0.61728
2026020735,2027-01-12,CGY,CBJ,0.39507,0.27947,0.49754,0.11560,0.10739,0.22299,0.50858,0.42596,2.35970,3.42564,26.76919,31.24553,2.70725,3.53093,3.81167,4.08633,49.58252,57.87350,0.60031,0.76624,3.98480,0.45746
2026020736,2027-01-12,SEA,FLA,0.39774,0.29132,0.48568,0.10642,0.11658,0.22300,0.48870,0.40650,2.73143,3.45798,27.95677,29.48660,2.93455,3.47888,4.06577,3.69835,51.78225,54.61551,0.65678,1.01726,4.04997,0.44792
2026020737,2027-01-12,ANA,NYR,0.54734,0.43215,0.33918,0.11519,0.11348,0.22867,0.53385,0.56161,3.29679,2.93748,30.96445,24.35345,3.48411,3.10119,4.39790,3.76986,57.35268,45.10778,0.93013,0.82756,4.03142,0.31187
2026020738,2027-01-13,MTL,NJD,0.57337,0.46582,0.31175,0.10755,0.11487,0.22242,0.59610,0.55152,3.63919,2.86767,27.28451,30.26724,3.52511,3.18442,3.80671,3.28995,50.53672,56.06117,0.87438,0.69539,4.13924,0.48737
2026020739,2027-01-13,NYI,PIT,0.54075,0.43954,0.33184,0.10121,0.12741,0.22862,0.52821,0.51388,3.46146,2.64426,29.26784,25.60900,3.44700,2.92594,3.74904,3.40499,54.21010,47.43321,0.71147,0.63635,4.03620,0.49016
2026020740,2027-01-13,UTA,DET,0.51781,0.38550,0.38136,0.13231,0.10083,0.23314,0.57165,0.56255,2.77301,3.22805,26.38962,28.32327,3.10940,3.21990,3.41940,4.21588,48.87921,52.46068,0.64716,1.03562,3.97305,0.55936
2026020741,2027-01-13,EDM,SJS,0.63959,0.53261,0.25325,0.10698,0.10716,0.21414,0.63664,0.61579,3.69542,2.49061,32.16530,25.62636,3.72882,2.77743,3.75680,3.86574,59.57719,47.46545,1.10387,0.70489,4.11706,0.77754
2026020742,2027-01-13,LAK,STL,0.53389,0.42492,0.34222,0.10897,0.12390,0.23286,0.52518,0.52556,3.17662,2.64043,32.50748,28.20305,3.43512,2.89520,4.10452,4.11117,60.21112,52.23849,0.83223,0.64143,3.92606,0.62370
2026020743,2027-01-14,BOS,DAL,0.48953,0.37842,0.39158,0.11110,0.11890,0.23000,0.50917,0.49696,3.14316,3.11321,29.44125,28.79675,3.43154,3.30434,4.52006,4.36649,54.53126,53.33754,0.78636,0.87047,4.02821,0.41429
2026020744,2027-01-14,BUF,COL,0.45729,0.34897,0.42217,0.10832,0.12054,0.22886,0.51144,0.45640,3.08815,3.25733,27.30684,31.88779,3.28602,3.39440,4.34967,3.89467,50.57810,59.06290,0.78073,0.79405,4.05491,0.41375
2026020745,2027-01-14,TOR,CHI,0.57942,0.45824,0.30865,0.12118,0.11193,0.23311,0.60807,0.57739,3.04670,2.56457,26.14436,28.47067,3.16080,2.91143,3.04189,4.14822,48.42511,52.73376,0.57991,0.70304,3.86207,0.72126
2026020746,2027-01-14,OTT,WPG,0.60197,0.48509,0.28803,0.11688,0.11000,0.22688,0.58882,0.60422,3.27344,2.55076,28.35624,25.14028,3.40602,2.66722,3.74315,3.83849,52.52183,46.56528,0.79586,0.68425,3.94622,0.48740
2026020747,2027-01-14,TBL,VGK,0.54593,0.43354,0.33534,0.11239,0.11872,0.23111,0.57091,0.53382,3.20074,2.71586,28.10625,28.94998,3.29377,2.96575,4.07211,3.86510,52.05860,53.62126,0.76612,0.70836,3.95046,0.68550
2026020748,2027-01-14,WSH,CAR,0.39878,0.30173,0.47237,0.09705,0.12885,0.22590,0.47311,0.38082,3.04908,3.35537,26.68367,32.93992,3.12905,3.57581,4.51099,3.79601,49.42404,61.01147,0.74562,0.82653,4.07590,0.40924
2026020749,2027-01-14,NSH,MTL,0.47817,0.36696,0.40250,0.11120,0.11933,0.23054,0.48977,0.49201,3.05561,3.11980,28.70902,27.25359,3.30077,3.24366,3.61060,3.78269,53.17529,50.47963,0.75726,0.78482,4.00612,0.52732
2026020750,2027-01-14,CGY,SJS,0.54280,0.42622,0.33937,0.11659,0.11783,0.23442,0.58219,0.53424,3.02910,2.66951,28.52896,28.12401,3.20909,2.97346,4.02363,4.10935,52.84177,52.09171,0.77494,0.64261,3.87960,0.58852
2026020751,2027-01-14,MIN,FLA,0.54901,0.43904,0.33460,0.10997,0.11638,0.22636,0.57623,0.53532,3.45281,2.92183,31.11107,29.17528,3.57759,3.13737,4.41855,3.69011,57.62422,54.03866,0.96335,0.86480,4.08098,0.59730
2026020752,2027-01-14,VAN,SEA,0.48643,0.36485,0.39806,0.12158,0.11551,0.23709,0.50558,0.51643,2.68043,2.92800,27.45555,28.27848,2.97470,3.07450,3.46117,3.27092,50.85368,52.37805,0.70052,0.63281,3.84832,0.56347
2026020753,2027-01-14,ANA,STL,0.55348,0.43879,0.33358,0.11469,0.11295,0.22763,0.51838,0.57349,3.30666,2.89515,30.79797,24.45292,3.50198,3.12052,4.32074,4.00765,57.04436,45.29197,0.93531,0.66401,4.02543,0.43987
2026020754,2027-01-15,NYI,DAL,0.48615,0.37823,0.38664,0.10792,0.12721,0.23512,0.48106,0.48665,3.02689,2.82253,29.79281,24.51638,3.22183,2.99864,4.60069,3.51000,55.18282,45.40952,0.72110,0.72318,3.91657,0.41743
2026020755,2027-01-15,CAR,PHI,0.66082,0.52854,0.25077,0.13228,0.08842,0.22070,0.65233,0.69567,3.34938,2.79568,32.24015,27.46126,3.55346,2.99768,3.71177,4.30605,59.71577,50.86425,0.74790,0.75081,4.01995,0.78426
2026020756,2027-01-15,EDM,CBJ,0.52952,0.40967,0.35666,0.11985,0.11381,0.23367,0.56546,0.53811,3.01068,2.89247,30.33616,28.11848,3.26120,3.14115,3.51360,3.69255,56.18912,52.08130,0.88034,0.73499,3.92991,0.66199
2026020757,2027-01-15,UTA,LAK,0.55427,0.42665,0.33873,0.12762,0.10700,0.23462,0.57865,0.57963,2.93086,2.86767,28.79858,29.59738,3.25344,3.10405,3.88398,4.03211,53.34135,54.82062,0.72234,0.82127,3.89909,0.49897
2026020758,2027-01-16,NYR,BOS,0.51926,0.39641,0.36920,0.12284,0.11154,0.23438,0.52901,0.54904,2.90098,2.96765,27.96254,30.19562,3.17517,3.19470,3.99354,4.18536,51.79267,55.92851,0.79231,0.81303,3.91945,0.64725
2026020759,2027-01-16,TBL,OTT,0.55303,0.43443,0.33537,0.11860,0.11159,0.23020,0.58279,0.55703,3.19308,2.88939,28.81985,29.76383,3.31124,3.16277,4.19914,4.37025,53.38039,55.12881,0.78949,0.78570,3.98651,0.66549
2026020760,2027-01-16,FLA,VGK,0.50953,0.39736,0.37223,0.11217,0.11824,0.23041,0.51965,0.51635,3.18609,3.01265,26.21578,29.90855,3.26497,3.10907,3.90863,3.99121,48.55719,55.39681,0.86894,0.82070,4.01434,0.55502
2026020761,2027-01-16,BUF,NSH,0.60990,0.48910,0.28590,0.12080,0.10420,0.22500,0.62641,0.61347,3.33923,2.72084,29.35092,27.62369,3.54957,2.92789,3.99187,4.00098,54.36413,51.16513,0.69710,0.74877,4.00202,0.57290
2026020762,2027-01-16,TOR,PIT,0.44708,0.34143,0.42769,0.10566,0.12523,0.23089,0.51173,0.43526,3.01729,3.13562,25.48859,31.08104,3.09715,3.37526,3.29402,4.17839,47.21041,57.56872,0.64630,0.79574,4.00064,0.52577
2026020763,2027-01-16,NJD,NYI,0.62708,0.52379,0.26136,0.10329,0.11156,0.21485,0.55642,0.61890,3.70642,2.45565,29.22989,27.85299,3.71606,2.65317,3.45359,3.54071,54.14010,51.59000,0.93432,0.50835,4.11915,0.60827
2026020764,2027-01-16,PHI,MTL,0.44589,0.32895,0.44238,0.11693,0.11173,0.22867,0.51304,0.47132,2.70874,3.29965,27.29845,27.58404,3.10302,3.31095,3.50338,4.16933,50.56245,51.09184,0.63203,0.97628,3.98610,0.42453
2026020765,2027-01-16,WSH,COL,0.42487,0.32360,0.44823,0.10126,0.12690,0.22817,0.48556,0.41249,3.05837,3.25399,26.43408,31.69764,3.19717,3.47490,4.41871,3.59656,48.96153,58.71052,0.82433,0.78422,4.04659,0.41981
2026020766,2027-01-16,CHI,DET,0.41292,0.30092,0.47138,0.11201,0.11569,0.22770,0.47015,0.43948,2.58705,3.29031,24.62535,29.51495,2.81076,3.26202,3.64663,3.56667,45.61146,54.66829,0.66066,0.79222,3.96044,0.38175
2026020767,2027-01-16,STL,MIN,0.44601,0.32511,0.44483,0.12090,0.10916,0.23006,0.51612,0.48029,2.59477,3.29708,26.81255,31.70677,2.89299,3.37198,3.79934,4.23187,49.66257,58.72766,0.56905,1.00333,3.96444,0.41938
2026020768,2027-01-16,WPG,ANA,0.52900,0.42570,0.34554,0.10330,0.12546,0.22876,0.56882,0.49332,3.44890,2.79996,25.55117,28.80476,3.51557,3.02344,3.86473,3.92170,47.32614,53.35257,0.83673,0.77916,4.05703,0.74487
2026020769,2027-01-16,CGY,LAK,0.45945,0.34168,0.42336,0.11778,0.11718,0.23496,0.53281,0.47100,2.62501,3.00163,28.23396,30.63196,2.91968,3.25358,3.74291,3.66277,52.29578,56.73717,0.64575,0.68885,3.86018,0.40224
2026020770,2027-01-16,VAN,CBJ,0.38867,0.28177,0.49280,0.10690,0.11853,0.22543,0.45272,0.40843,2.51042,3.27294,27.32580,30.46299,2.78185,3.47178,3.71407,3.45989,50.61363,56.42421,0.70845,0.68691,3.94052,0.50483
2026020771,2027-01-16,SEA,SJS,0.52991,0.41224,0.35500,0.11768,0.11508,0.23276,0.57124,0.53122,3.05635,2.87279,28.37335,28.67789,3.18144,3.07202,3.92743,4.02539,52.55375,53.11762,0.75768,0.78186,3.93880,0.61090
2026020772,2027-01-17,DET,MIN,0.46500,0.34936,0.42029,0.11564,0.11471,0.23035,0.49813,0.48939,2.86314,3.20963,28.89725,28.57509,3.11143,3.27117,3.72482,3.44761,53.52385,52.92709,0.78960,0.88794,3.98647,0.44716
2026020773,2027-01-17,NYR,DAL,0.43080,0.30985,0.46480,0.12094,0.10440,0.22534,0.48785,0.48267,2.57109,3.50897,28.25532,31.31548,2.97103,3.46637,4.36394,4.73943,52.33508,58.00274,0.67713,1.03330,4.04679,0.52445
2026020774,2027-01-17,CAR,VGK,0.62788,0.51384,0.26844,0.11404,0.10368,0.21772,0.61058,0.62916,3.61318,2.70559,31.72338,27.00772,3.69009,2.90588,3.98335,3.62319,58.75827,50.02399,0.84163,0.65084,4.10581,0.68235
2026020775,2027-01-17,EDM,WPG,0.62147,0.51254,0.26641,0.10893,0.11212,0.22105,0.57741,0.61298,3.46387,2.38755,30.64921,24.90132,3.52374,2.64138,3.41923,3.28388,56.76905,46.12256,0.96731,0.63042,4.00315,0.56314
2026020776,2027-01-18,BUF,MTL,0.52968,0.40315,0.36654,0.12653,0.10377,0.23031,0.56818,0.56279,3.05917,3.25789,28.71661,27.42454,3.35405,3.28998,3.72826,4.23178,53.18908,50.79633,0.66518,0.91744,4.04797,0.56014
2026020777,2027-01-18,BOS,TBL,0.45056,0.34002,0.43119,0.11054,0.11825,0.22879,0.49667,0.46185,2.97128,3.28387,31.10616,33.43697,3.36159,3.51362,4.58668,4.39726,57.61489,61.93202,0.75638,0.86688,4.03541,0.36541
2026020778,2027-01-18,NYI,NSH,0.53721,0.42259,0.34341,0.11462,0.11938,0.23400,0.55748,0.53262,3.06098,2.68479,29.86774,25.75541,3.29092,2.93252,3.94789,3.47214,55.32160,47.70454,0.61904,0.73853,3.89425,0.53517
2026020779,2027-01-18,COL,VAN,0.76497,0.66448,0.15641,0.10049,0.07862,0.17911,0.72082,0.75474,4.07777,2.14252,32.52199,23.44347,4.12171,2.46620,3.21354,3.49302,60.23744,43.42242,0.82443,0.61592,4.29922,0.72359
2026020780,2027-01-18,PIT,WSH,0.51427,0.39430,0.37719,0.11997,0.10853,0.22850,0.52689,0.54506,3.13421,3.25431,29.15634,29.11274,3.46570,3.23916,3.92010,4.09094,54.00351,53.92267,0.71123,0.80542,4.06555,0.55095
2026020781,2027-01-18,SJS,UTA,0.41263,0.30805,0.46590,0.10458,0.12147,0.22605,0.47137,0.41808,2.86632,3.33416,28.42571,30.92113,3.15250,3.39353,4.85256,4.48964,52.65043,57.27266,0.83418,0.95437,4.02956,0.38796
2026020782,2027-01-18,SEA,CBJ,0.41377,0.29811,0.47432,0.11565,0.11192,0.22757,0.49736,0.44207,2.46051,3.28337,26.48638,30.53424,2.75453,3.41745,3.62350,3.78381,49.05875,56.55615,0.59296,0.80790,3.93679,0.48078
2026020783,2027-01-18,TOR,STL,0.48004,0.36442,0.39828,0.11562,0.12168,0.23730,0.51155,0.48971,2.76244,2.84666,26.11753,28.81318,2.92749,3.08652,3.61822,4.20390,48.37546,53.36827,0.69111,0.66853,3.84408,0.59908
2026020784,2027-01-18,FLA,OTT,0.52020,0.40006,0.37092,0.12014,0.10888,0.22902,0.53179,0.54931,3.14560,3.20790,26.91639,30.39673,3.26460,3.29054,4.02059,4.38039,49.85498,56.30116,0.88413,0.88419,4.05518,0.53329
2026020785,2027-01-18,CHI,CGY,0.50182,0.38783,0.37211,0.11398,0.12607,0.24005,0.49479,0.50860,2.79856,2.60141,27.07406,27.87968,3.07700,2.81151,4.14533,3.34243,50.14693,51.63930,0.66899,0.53082,3.78387,0.46586
2026020786,2027-01-19,DET,ANA,0.53905,0.43845,0.33681,0.10060,0.12413,0.22473,0.56400,0.50308,3.65274,2.86939,26.79598,28.34241,3.73078,3.08945,4.06622,3.67739,49.63179,52.49612,0.97940,0.78910,4.14462,0.67036
2026020787,2027-01-19,NJD,DAL,0.53084,0.41844,0.35382,0.11240,0.11534,0.22774,0.48735,0.55438,3.36311,3.06010,33.75352,29.03434,3.67101,3.13835,4.52230,4.18422,62.51846,53.77740,0.84274,0.75224,4.08030,0.48715
2026020788,2027-01-19,NYR,PHI,0.52941,0.41167,0.35316,0.11774,0.11743,0.23517,0.54116,0.53824,2.94810,2.72906,28.80277,31.08332,3.10887,3.07227,4.14311,4.42971,53.34934,57.57296,0.80129,0.78952,3.86705,0.73196
2026020789,2027-01-19,WSH,MTL,0.49751,0.37797,0.39166,0.11954,0.11083,0.23037,0.54261,0.51841,3.00138,3.21389,27.71355,26.72167,3.24214,3.33393,3.64756,3.74919,51.33145,49.49442,0.68603,0.89299,4.02039,0.56298
2026020790,2027-01-19,WPG,MIN,0.45652,0.34240,0.42419,0.11412,0.11929,0.23341,0.50304,0.46994,2.75367,3.05674,27.76330,29.04574,2.94326,3.13834,3.61730,3.72693,51.42369,53.79905,0.69544,0.85189,3.90969,0.54035
2026020791,2027-01-19,LAK,SEA,0.63657,0.53444,0.25101,0.10213,0.11242,0.21455,0.57845,0.61740,3.65088,2.29965,31.92117,27.75188,3.77502,2.64662,3.62477,3.61184,59.12516,51.40296,0.88914,0.58297,4.08205,0.65088
2026020792,2027-01-20,NSH,VAN,0.63389,0.52262,0.25733,0.11127,0.10878,0.22005,0.61716,0.61984,3.41022,2.33560,28.61344,26.62971,3.55608,2.67947,3.39975,3.39375,52.99828,49.32404,0.78045,0.57135,3.97321,0.57556
2026020793,2027-01-20,NYI,BUF,0.46066,0.35659,0.40910,0.10407,0.13024,0.23431,0.47891,0.45153,3.02602,2.90908,30.06403,26.78016,3.19087,3.09596,4.37152,3.69867,55.68538,49.60258,0.69207,0.71725,3.93902,0.50398
2026020794,2027-01-20,OTT,TOR,0.66002,0.55633,0.23382,0.10368,0.10616,0.20984,0.61349,0.64128,3.70000,2.28526,32.39763,22.91376,3.91469,2.46853,4.08911,3.36000,60.00726,42.44139,0.90430,0.57166,4.10496,0.55475
2026020795,2027-01-20,COL,BOS,0.63909,0.51205,0.26774,0.12704,0.09316,0.22021,0.62962,0.66829,3.49359,2.93924,32.11547,25.66600,3.78684,3.08590,3.74561,3.89908,59.48444,47.53888,0.82610,0.81064,4.09853,0.69754
2026020796,2027-01-20,CHI,DAL,0.38616,0.28255,0.49258,0.10362,0.12126,0.22487,0.40623,0.41290,2.64704,3.33039,26.94254,27.50248,2.97389,3.24005,4.76992,3.60626,49.90355,50.94074,0.72787,0.74311,3.98652,0.27564
2026020797,2027-01-20,VGK,EDM,0.56135,0.43828,0.33064,0.12306,0.10801,0.23107,0.57373,0.58109,3.11094,2.88331,27.61233,28.07735,3.24474,2.99617,3.25561,3.53084,51.14375,52.00535,0.77649,0.85998,3.95864,0.43953
2026020798,2027-01-21,BUF,SEA,0.63564,0.50971,0.26424,0.12594,0.10012,0.22606,0.64878,0.64423,3.19610,2.53244,28.33410,26.99402,3.39280,2.75860,3.49136,3.59103,52.48076,49.99896,0.69762,0.58377,3.91246,0.62928
2026020799,2027-01-21,MTL,STL,0.59557,0.48982,0.28764,0.10575,0.11679,0.22254,0.58058,0.57384,3.53209,2.51966,27.47327,26.46080,3.51454,2.85166,4.16983,3.71185,50.88652,49.01093,1.00241,0.55768,4.04839,0.58208
2026020800,2027-01-21,FLA,CAR,0.43049,0.33355,0.44121,0.09693,0.12830,0.22524,0.45770,0.41883,3.37323,3.39827,29.07494,34.74447,3.49884,3.49583,4.50561,4.31519,53.85290,64.35381,0.93082,0.86520,4.16672,0.41045
2026020801,2027-01-21,NJD,TBL,0.48507,0.37580,0.39451,0.10927,0.12042,0.22968,0.47486,0.49999,3.19625,3.13981,34.47278,32.33179,3.53808,3.24181,4.55985,4.00303,63.85058,59.88506,0.83574,0.70776,4.05025,0.43833
2026020802,2027-01-21,PHI,NSH,0.57524,0.47174,0.30223,0.10350,0.12253,0.22603,0.57312,0.54297,3.41057,2.43910,29.62171,26.50570,3.61077,2.70100,4.02459,3.65491,54.86567,49.09453,0.80500,0.66311,3.98603,0.43924
2026020803,2027-01-21,PIT,ANA,0.56456,0.45464,0.32546,0.10992,0.10998,0.21990,0.58144,0.55967,3.70808,3.13962,26.89149,29.46442,3.84955,3.28801,4.12633,3.85321,49.80845,54.57416,0.87263,0.80531,4.20898,0.71287
2026020804,2027-01-21,CBJ,CGY,0.65493,0.55361,0.23326,0.10133,0.11180,0.21313,0.59113,0.63031,3.52543,2.04976,30.04235,25.20389,3.70583,2.37396,3.79595,3.39385,55.64481,46.68296,0.70015,0.51354,4.00626,0.62194
2026020805,2027-01-21,WPG,NYR,0.51432,0.39827,0.36421,0.11605,0.12147,0.23752,0.55260,0.51015,2.87866,2.68672,28.66201,26.46400,3.10791,2.79069,4.06925,3.78421,53.08827,49.01718,0.74370,0.76730,3.83324,0.53238
2026020806,2027-01-21,MIN,DET,0.58846,0.47472,0.30018,0.11374,0.11136,0.22510,0.60119,0.57981,3.40580,2.70390,28.57759,28.45797,3.54068,2.88489,3.55816,3.76042,52.93179,52.71031,0.89126,0.80363,4.02411,0.63189
2026020807,2027-01-21,LAK,EDM,0.50804,0.39825,0.36902,0.10979,0.12294,0.23273,0.51063,0.50727,3.15629,2.86909,30.15411,31.74658,3.40474,3.12624,3.68535,3.47974,55.85192,58.80212,0.81661,0.86179,3.96973,0.48396
2026020808,2027-01-22,WSH,NYI,0.57176,0.44911,0.31908,0.12265,0.10916,0.23181,0.59479,0.58095,3.08487,2.74171,25.83387,28.95263,3.26516,2.99040,3.72261,3.84714,47.84982,53.62660,0.75894,0.64934,3.91578,0.57906
2026020809,2027-01-22,CHI,VAN,0.54802,0.43244,0.33153,0.11557,0.12046,0.23603,0.55063,0.54545,2.99827,2.53633,26.85315,27.26753,3.21949,2.74868,3.60397,3.20972,49.73780,50.50553,0.68623,0.58727,3.83795,0.41850
2026020810,2027-01-22,DAL,COL,0.46378,0.36452,0.40443,0.09926,0.13179,0.23106,0.50929,0.43341,3.29608,3.01854,25.84338,30.92920,3.37428,3.29631,4.43355,4.14532,47.86726,57.28715,0.90857,0.76314,4.04968,0.50449
2026020811,2027-01-22,VGK,BOS,0.59430,0.47048,0.30326,0.12382,0.10244,0.22626,0.58229,0.62101,3.29508,2.89866,30.45639,25.89178,3.51468,2.98635,3.71949,3.88399,56.41152,47.95704,0.81589,0.75828,4.02230,0.56717
2026020812,2027-01-23,DET,TBL,0.43929,0.32983,0.43993,0.10947,0.12077,0.23024,0.47289,0.45376,2.85302,3.19304,29.24123,29.44394,3.14470,3.27670,4.52106,3.76537,54.16095,54.53614,0.80212,0.81832,3.97863,0.37227
2026020813,2027-01-23,OTT,CBJ,0.55521,0.43371,0.33434,0.12149,0.11046,0.23195,0.57696,0.56743,3.09942,2.85156,28.81104,27.54713,3.32641,3.01391,3.88872,4.02498,53.36414,51.02327,0.81014,0.70482,3.94708,0.58417
2026020814,2027-01-23,NSH,LAK,0.50060,0.38109,0.38446,0.11950,0.11494,0.23444,0.54572,0.51382,2.87280,2.97526,27.72445,30.67453,3.08267,3.23656,3.70373,3.60790,51.35192,56.81602,0.76226,0.67871,3.91403,0.47891
2026020815,2027-01-23,MTL,CGY,0.66660,0.56881,0.22596,0.09779,0.10744,0.20523,0.62149,0.63413,3.81350,2.19770,28.19386,26.31555,3.81255,2.57478,4.06942,3.26888,52.22104,48.74207,0.93949,0.49736,4.15877,0.63423
2026020816,2027-01-23,PIT,VAN,0.68678,0.58258,0.21484,0.10420,0.09837,0.20257,0.64462,0.67195,3.83096,2.31092,29.47326,25.08493,3.95073,2.59293,3.55834,3.19147,54.59064,46.46269,0.81026,0.56948,4.17027,0.62235
2026020817,2027-01-23,CAR,ANA,0.69834,0.59438,0.20995,0.10396,0.09171,0.19568,0.67516,0.68522,4.22106,2.66173,29.87043,26.32673,4.26133,2.92499,3.80934,4.18685,55.32606,48.76273,0.96044,0.72550,4.36696,0.80738
2026020818,2027-01-23,STL,TOR,0.57670,0.46193,0.30683,0.11477,0.11647,0.23124,0.58826,0.56548,3.16347,2.51012,29.17398,25.65970,3.42017,2.69007,4.25289,3.49539,54.03648,47.52754,0.69425,0.65866,3.89550,0.48181
2026020819,2027-01-23,NYI,SEA,0.55969,0.43842,0.32680,0.12126,0.11351,0.23477,0.58122,0.56525,2.96282,2.62401,29.35620,25.66658,3.20847,2.81634,3.58424,3.21667,54.37408,47.54010,0.64327,0.62292,3.84566,0.59133
2026020820,2027-01-23,PHI,NJD,0.46944,0.35416,0.41457,0.11527,0.11599,0.23126,0.55970,0.46906,2.87632,3.15228,28.82291,32.09619,3.13197,3.28995,3.84197,3.95555,53.38626,59.44930,0.65077,0.85222,3.97065,0.37550
2026020821,2027-01-23,MIN,NYR,0.58519,0.47076,0.30103,0.11443,0.11378,0.22821,0.59881,0.57416,3.26553,2.56920,31.70554,27.67698,3.54542,2.77857,4.23475,3.78071,58.72537,51.26374,0.90428,0.75931,3.94633,0.53183
2026020822,2027-01-23,UTA,BOS,0.59780,0.48064,0.29497,0.11715,0.10724,0.22439,0.54819,0.61931,3.38225,2.74260,30.02970,26.63843,3.57945,2.98253,4.18923,3.82060,55.62125,49.34003,0.86311,0.75484,4.02203,0.56738
2026020823,2027-01-23,SJS,EDM,0.42125,0.30823,0.46884,0.11303,0.10991,0.22293,0.46062,0.46110,2.78988,3.57243,27.32731,33.58135,3.08731,3.54116,4.28200,3.87837,50.61600,62.20027,0.78681,1.12753,4.10327,0.29033
2026020824,2027-01-24,WPG,BUF,0.46402,0.36231,0.40321,0.10171,0.13277,0.23448,0.48812,0.44401,3.10083,2.86545,28.39998,27.83607,3.21452,2.97289,4.19537,3.87615,52.60311,51.55852,0.77857,0.70078,3.95099,0.60283
2026020825,2027-01-24,CBJ,ANA,0.58836,0.49003,0.29220,0.09833,0.11944,0.21776,0.58075,0.55089,3.85947,2.67673,27.46880,28.68577,3.99587,2.92046,3.85025,3.83794,50.87799,53.13219,0.84030,0.77846,4.20543,0.67037
2026020826,2027-01-24,COL,DAL,0.59471,0.46494,0.30782,0.12977,0.09747,0.22724,0.59044,0.63434,3.28546,3.09597,30.65551,25.59384,3.57047,3.16825,4.06251,4.39474,56.78033,47.40513,0.76648,0.92398,4.06494,0.57715
2026020827,2027-01-24,FLA,LAK,0.61216,0.49947,0.28097,0.11269,0.10687,0.21956,0.58255,0.61653,3.61116,2.75347,30.72086,30.92848,3.68889,3.02134,3.94666,3.95498,56.90171,57.28639,1.04216,0.70812,4.11160,0.51312
2026020828,2027-01-24,NJD,WSH,0.52682,0.40947,0.36086,0.11735,0.11232,0.22967,0.51108,0.55389,3.20506,3.09080,31.08773,29.14854,3.56243,3.07495,3.61472,4.04484,57.58114,53.98932,0.76084,0.74662,4.03992,0.57035
2026020829,2027-01-24,CHI,VGK,0.34596,0.24751,0.53114,0.09845,0.12290,0.22135,0.41448,0.35825,2.41557,3.30972,23.57138,30.01075,2.62997,3.28776,4.11242,3.21331,43.65927,55.58640,0.63636,0.71433,3.94116,0.36564
2026020830,2027-01-25,DET,PIT,0.51952,0.41639,0.35486,0.10313,0.12562,0.22875,0.53251,0.49662,3.45576,2.88016,28.61926,27.29126,3.46757,3.06579,3.80886,3.64463,53.00884,50.54903,0.85114,0.72242,4.07411,0.49670
2026020831,2027-01-25,NYR,SEA,0.59592,0.48031,0.29004,0.11561,0.11404,0.22965,0.58783,0.58979,3.15431,2.40297,27.63383,27.74275,3.27796,2.68432,3.69648,3.82094,51.18393,51.38573,0.85775,0.61110,3.87244,0.69236
2026020832,2027-01-25,OTT,CAR,0.44093,0.34465,0.42471,0.09627,0.13436,0.23064,0.47615,0.41367,3.29193,3.10905,28.84887,31.61217,3.45255,3.25307,4.43179,3.97978,53.43434,58.55246,0.80460,0.77931,4.07008,0.41515
2026020833,2027-01-25,UTA,MIN,0.50046,0.37425,0.39306,0.12622,0.10648,0.23270,0.51989,0.54586,2.81405,3.20215,30.03478,30.45788,3.17829,3.34507,3.91347,4.32166,55.63049,56.41416,0.69767,1.00221,3.97294,0.46663
2026020834,2027-01-26,BOS,CBJ,0.49723,0.37544,0.39154,0.12178,0.11123,0.23301,0.55682,0.51544,2.86589,3.10820,26.93263,30.72119,3.12599,3.37274,3.64421,4.15228,49.88503,56.90223,0.71295,0.78831,3.95388,0.53375
2026020835,2027-01-26,TOR,CGY,0.54444,0.42730,0.33517,0.11714,0.12039,0.23753,0.55401,0.54299,2.93441,2.53297,26.44629,29.94052,3.15215,2.90018,3.41776,3.91303,48.98421,55.45627,0.61270,0.62862,3.81382,0.65127
2026020836,2027-01-26,MTL,CAR,0.46099,0.37075,0.39964,0.09024,0.13937,0.22960,0.48075,0.41488,3.57248,2.98289,26.41754,32.08504,3.51381,3.30688,4.46537,3.34424,48.93100,59.42805,0.95598,0.66417,4.13420,0.38516
2026020837,2027-01-26,TBL,LAK,0.62275,0.50751,0.27176,0.11523,0.10550,0.22073,0.63185,0.61473,3.47181,2.61070,31.92445,31.32521,3.62509,3.02247,4.12114,4.21530,59.13103,58.02113,0.87447,0.68933,4.03537,0.64028
2026020838,2027-01-26,NJD,SEA,0.66920,0.57269,0.22412,0.09651,0.10668,0.20319,0.58734,0.64840,3.91760,2.25141,31.79305,25.98700,3.93371,2.52168,3.57531,3.29088,58.88776,48.13387,0.99503,0.47107,4.21269,0.65832
2026020839,2027-01-26,PHI,FLA,0.46651,0.35672,0.41334,0.10979,0.12015,0.22994,0.53612,0.45979,3.03886,3.16242,30.46113,30.55765,3.28467,3.28759,4.57639,4.10558,56.42041,56.59936,0.81362,0.92699,4.01419,0.40598
2026020840,2027-01-26,PIT,NYI,0.52440,0.39409,0.37320,0.13031,0.10241,0.23271,0.57199,0.56340,2.88501,3.21690,25.74539,29.66721,3.20102,3.23126,3.43685,3.86772,47.68586,54.94974,0.64486,0.72887,3.99387,0.59073
2026020841,2027-01-26,STL,CHI,0.63571,0.52135,0.25713,0.11436,0.10716,0.22152,0.64439,0.61863,3.34150,2.34003,27.36023,25.45345,3.37368,2.60246,3.62238,4.04639,50.67709,47.14541,0.60224,0.68143,3.94302,0.66173
2026020842,2027-01-26,NSH,VGK,0.43744,0.33014,0.43899,0.10730,0.12357,0.23088,0.48221,0.44088,2.86424,3.12837,26.16625,30.33136,3.02013,3.27568,4.11072,3.52638,48.46544,56.18006,0.77612,0.71932,3.95999,0.52027
2026020843,2027-01-26,DAL,ANA,0.60934,0.51174,0.27500,0.09760,0.11566,0.21325,0.62655,0.56017,3.94441,2.62268,25.37299,28.03865,3.92579,2.98504,4.27299,4.33251,46.99585,51.93347,1.02243,0.72824,4.23874,0.77157
2026020844,2027-01-26,MIN,VAN,0.68677,0.58511,0.21274,0.10165,0.10049,0.20215,0.67550,0.65272,3.77696,2.18604,30.14797,26.13574,3.88062,2.49372,3.26993,3.30027,55.84053,48.40906,0.84606,0.62404,4.13984,0.66571
2026020845,2027-01-26,COL,EDM,0.60038,0.47298,0.29939,0.12740,0.10023,0.22763,0.62140,0.62129,3.24599,2.90641,29.15456,27.77944,3.46954,3.10663,3.39254,3.53409,54.00013,51.45350,0.79501,0.89604,4.00773,0.57775
2026020846,2027-01-27,DET,TOR,0.61388,0.51019,0.26985,0.10368,0.11627,0.21996,0.57071,0.59329,3.54903,2.36052,31.74404,23.73856,3.76462,2.60119,4.21913,2.93957,58.79679,43.96896,0.97597,0.55872,4.03894,0.51277
2026020847,2027-01-27,NYR,FLA,0.49785,0.39440,0.37507,0.10345,0.12708,0.23053,0.52705,0.47447,3.24096,2.84151,29.26900,30.29388,3.26772,3.15452,4.55120,4.07700,54.21246,56.11074,0.93852,0.84418,3.99153,0.60581
2026020848,2027-01-27,UTA,BUF,0.50112,0.38906,0.37879,0.11207,0.12008,0.23215,0.50499,0.51014,3.11799,2.98577,30.00414,28.43096,3.40366,3.11221,4.41612,4.35011,55.57397,52.66002,0.76748,0.81608,3.98696,0.52991
2026020849,2027-01-28,OTT,BOS,0.59184,0.47880,0.29789,0.11304,0.11027,0.22331,0.57040,0.59529,3.50033,2.76981,30.76429,26.10430,3.72512,2.92117,4.17445,3.83419,56.98191,48.35082,0.90078,0.71871,4.07117,0.58948
2026020850,2027-01-28,PHI,LAK,0.51313,0.39552,0.37025,0.11761,0.11662,0.23422,0.56869,0.51253,2.94589,2.87855,30.50706,32.37064,3.29919,3.13746,4.15549,4.00343,56.50607,59.95793,0.79329,0.74630,3.90661,0.38287
2026020851,2027-01-28,CAR,NYI,0.68819,0.56047,0.22424,0.12772,0.08757,0.21529,0.66662,0.71290,3.45607,2.59088,29.27055,25.75498,3.68327,2.73119,3.30440,4.12345,54.21512,47.70395,0.77402,0.61759,4.02608,0.70199
2026020852,2027-01-28,CBJ,WPG,0.57419,0.45922,0.30955,0.11498,0.11626,0.23123,0.56225,0.57324,3.16646,2.53987,28.90356,26.80754,3.35097,2.74668,3.78661,3.75980,53.53562,49.65335,0.69852,0.70381,3.90231,0.44540
2026020853,2027-01-28,STL,COL,0.39027,0.29119,0.48022,0.09908,0.12951,0.22859,0.46236,0.37870,2.77121,3.18049,25.63473,32.16745,3.02923,3.33565,4.38638,3.84114,47.48097,59.58086,0.66338,0.83332,3.95603,0.35901
2026020854,2027-01-28,DAL,VAN,0.71117,0.61516,0.19218,0.09601,0.09665,0.19266,0.68660,0.67240,3.96827,2.11095,27.61094,24.60428,3.86850,2.47402,3.68828,3.73808,51.14127,45.57262,0.91673,0.57556,4.24092,0.68985
2026020855,2027-01-28,CGY,MTL,0.38608,0.27231,0.51011,0.11377,0.10381,0.21758,0.47678,0.43018,2.43953,3.64399,26.63104,28.35873,2.79449,3.54136,3.33884,4.04012,49.32659,52.52651,0.52504,0.95060,4.09152,0.44449
2026020856,2027-01-28,EDM,NJD,0.53129,0.41459,0.35529,0.11670,0.11342,0.23012,0.58026,0.53047,3.20169,3.01633,30.64477,29.01509,3.31652,3.19058,3.32816,3.51906,56.76093,53.74212,0.78085,0.85377,4.01999,0.59434
2026020857,2027-01-28,MIN,SEA,0.65918,0.55695,0.23390,0.10223,0.10692,0.20915,0.63507,0.62929,3.72240,2.27073,30.50188,26.56366,3.79502,2.54438,3.63436,3.38062,56.49612,49.20180,0.97419,0.56667,4.11523,0.68407
2026020858,2027-01-28,VGK,BUF,0.57989,0.47453,0.30163,0.10536,0.11848,0.22385,0.53961,0.56977,3.55333,2.62915,31.23095,26.53915,3.60522,2.81818,3.86920,4.02617,57.84644,49.15625,0.84173,0.64879,4.07122,0.52947
2026020859,2027-01-28,ANA,CHI,0.62904,0.51106,0.27006,0.11798,0.10089,0.21888,0.61457,0.63915,3.57208,2.78403,30.82237,23.56722,3.65535,2.99445,3.58747,3.94256,57.08953,43.65144,0.76700,0.75846,4.10087,0.56871
2026020860,2027-01-28,SJS,NSH,0.49356,0.37703,0.39401,0.11653,0.11243,0.22896,0.50480,0.52099,3.08940,3.25085,29.33357,30.08330,3.35633,3.24154,4.36485,4.20175,54.33219,55.72100,0.73107,0.97730,4.05329,0.40771
2026020861,2027-01-29,DET,FLA,0.47221,0.36567,0.40534,0.10654,0.12245,0.22899,0.52457,0.46124,3.16312,3.12930,28.69469,26.84398,3.24930,3.21539,4.41140,3.48682,53.14879,49.72076,0.90953,0.90463,4.03816,0.50691
2026020862,2027-01-29,PIT,NYR,0.54065,0.41279,0.35527,0.12786,0.10408,0.23194,0.56533,0.57619,3.00331,3.11818,30.68354,28.85647,3.35027,3.14751,4.32965,3.92530,56.83210,53.44800,0.73036,0.83393,3.99181,0.48127
2026020863,2027-01-29,UTA,WSH,0.52205,0.40595,0.36260,0.11610,0.11534,0.23144,0.53083,0.53514,3.09780,2.94799,29.28215,27.50763,3.47571,3.02734,3.98292,4.38845,54.23651,50.94985,0.75221,0.86074,3.97103,0.52564
2026020864,2027-01-30,PHI,WPG,0.53323,0.41181,0.35068,0.12142,0.11609,0.23750,0.55681,0.54364,2.85855,2.69859,27.26335,27.33139,3.10653,2.82340,3.84899,3.84980,50.49766,50.62394,0.73085,0.71424,3.82993,0.35141
2026020865,2027-01-30,STL,VAN,0.64556,0.53523,0.24611,0.11033,0.10833,0.21867,0.64479,0.62057,3.40427,2.22893,27.46425,26.08641,3.51927,2.51988,3.60351,3.53086,50.86966,48.31788,0.65487,0.63339,3.95914,0.54660
2026020866,2027-01-30,CGY,NJD,0.39431,0.27957,0.49847,0.11475,0.10722,0.22196,0.52369,0.41847,2.41341,3.48348,26.05079,31.45700,2.66838,3.54863,3.43462,3.81174,48.25191,58.26524,0.49098,0.86193,4.01669,0.39544
2026020867,2027-01-30,SJS,CHI,0.57167,0.45785,0.31328,0.11381,0.11506,0.22887,0.57285,0.56725,3.27147,2.65582,28.61359,26.66661,3.37453,2.84583,3.92095,4.25304,52.99863,49.39247,0.71022,0.79066,3.96448,0.56708
2026020868,2027-01-30,COL,BUF,0.59984,0.48265,0.29449,0.11720,0.10566,0.22286,0.58836,0.61032,3.49805,2.86109,31.51375,26.61652,3.64529,3.05499,3.88849,4.23302,58.37004,49.29949,0.80161,0.77317,4.08586,0.66529
2026020869,2027-01-30,BOS,TOR,0.60382,0.49721,0.28185,0.10660,0.11434,0.22094,0.59387,0.58236,3.55862,2.53441,30.57480,25.98535,3.75230,2.79275,3.98024,3.44807,56.63110,48.13062,0.86101,0.63602,4.06151,0.50372
2026020870,2027-01-30,OTT,NYR,0.62941,0.52895,0.25564,0.10046,0.11495,0.21541,0.59117,0.59858,3.65960,2.29117,32.38097,25.01599,3.80168,2.55844,4.35947,3.79915,59.97638,46.33518,0.96789,0.64781,4.08572,0.47923
2026020871,2027-01-30,TBL,NYI,0.64641,0.53107,0.25114,0.11534,0.10245,0.21779,0.62919,0.64431,3.46920,2.46736,28.10203,28.77274,3.58771,2.76328,3.64134,4.33005,52.05067,53.29335,0.82269,0.61899,4.01493,0.70544
2026020872,2027-01-30,CAR,LAK,0.67146,0.54315,0.23957,0.12832,0.08897,0.21728,0.66915,0.69455,3.49706,2.76465,32.74640,28.21514,3.71660,3.00072,3.73284,3.98487,60.65346,52.26078,0.83274,0.69123,4.06908,0.63785
2026020873,2027-01-30,CBJ,DET,0.60132,0.49706,0.28212,0.10426,0.11656,0.22082,0.56707,0.58263,3.59553,2.50784,28.85407,27.06283,3.66004,2.75193,3.68249,3.75335,53.44376,50.12621,0.82253,0.74274,4.07448,0.53956
2026020874,2027-01-30,EDM,MTL,0.52424,0.40653,0.36269,0.11771,0.11307,0.23077,0.53397,0.54239,3.14157,3.04402,30.56117,25.11932,3.41469,3.12199,3.18864,3.70698,56.60581,46.52634,0.80513,0.91553,4.00921,0.64880
2026020875,2027-01-30,MIN,DAL,0.53004,0.41717,0.35303,0.11288,0.11692,0.22980,0.53753,0.53384,3.26840,2.95503,31.86365,28.88852,3.59975,3.11627,4.60524,4.13607,59.01793,53.50717,0.87184,0.83130,4.02615,0.51598
2026020876,2027-01-30,VGK,WSH,0.61117,0.50034,0.27844,0.11083,0.11039,0.22122,0.56521,0.61274,3.50653,2.57259,29.70936,24.74786,3.62851,2.69667,3.51149,3.96109,55.02790,45.83840,0.83633,0.67182,4.04432,0.52519
2026020877,2027-01-30,ANA,NSH,0.53671,0.41467,0.35683,0.12203,0.10646,0.22849,0.54792,0.56673,3.19999,3.20154,30.54914,26.01324,3.50357,3.33731,3.99015,3.93710,56.58357,48.18204,0.74764,0.89344,4.06793,0.41020
2026020878,2027-01-31,PIT,PHI,0.56751,0.44657,0.32463,0.12094,0.10786,0.22880,0.55635,0.59060,3.22890,2.91114,30.31607,28.50544,3.44783,3.11025,4.24898,3.72930,56.15180,52.79795,0.78208,0.70929,4.00324,0.68531
2026020879,2027-01-31,SEA,NJD,0.43605,0.32530,0.44723,0.11075,0.11673,0.22747,0.51249,0.44408,2.83957,3.30780,27.70701,31.49589,2.95885,3.42010,3.43784,3.42449,51.31968,58.33731,0.56924,0.85828,4.01489,0.41777
2026020880,2027-01-31,UTA,NSH,0.61536,0.50491,0.27378,0.11045,0.11086,0.22132,0.58305,0.60907,3.44863,2.47088,30.02068,25.60630,3.67597,2.73401,3.97235,3.75493,55.60451,47.42838,0.76295,0.72867,4.00652,0.56085
2026020881,2027-02-01,FLA,NYI,0.60437,0.48162,0.29195,0.12275,0.10367,0.22643,0.57977,0.62809,3.28511,2.75938,26.16930,29.08831,3.48116,2.87111,3.44508,4.38540,48.47104,53.87796,0.87725,0.71722,3.98967,0.57838
2026020882,2027-02-01,CGY,VGK,0.37460,0.26987,0.50366,0.10473,0.12174,0.22647,0.46925,0.38067,2.41601,3.19387,24.90650,30.48280,2.65901,3.33719,3.81393,3.65303,46.13220,56.46054,0.56093,0.75845,3.89240,0.43902
2026020883,2027-02-01,VAN,MTL,0.34243,0.23702,0.55629,0.10540,0.10128,0.20669,0.42142,0.39390,2.38268,3.88226,26.40804,28.31120,2.73770,3.69300,3.27688,3.61976,48.91356,52.43860,0.57878,0.99313,4.20041,0.49137
2026020884,2027-02-02,WSH,WPG,0.55917,0.43192,0.33310,0.12725,0.10773,0.23498,0.58587,0.58046,2.91562,2.78895,26.05326,26.97947,3.03234,2.97909,3.73067,3.65304,48.25633,49.97165,0.69053,0.71964,3.87265,0.48087
2026020885,2027-02-02,PIT,TBL,0.44065,0.32361,0.45260,0.11704,0.10675,0.22379,0.49068,0.48137,2.87571,3.63026,31.46512,33.81487,3.28987,3.62602,4.71651,4.11971,58.27937,62.63120,0.69821,0.84758,4.13844,0.41400
2026020886,2027-02-02,UTA,NSH,0.58269,0.45928,0.30969,0.12342,0.10762,0.23103,0.58305,0.59978,3.11521,2.72122,29.25892,27.04221,3.45230,2.92590,3.87691,4.09373,54.19364,50.08780,0.66978,0.83379,3.92147,0.56085
2026020887,2027-02-03,BUF,NYI,0.60945,0.48016,0.29033,0.12929,0.10021,0.22950,0.61949,0.63283,3.12265,2.73906,26.23835,28.64629,3.33296,2.89650,3.56995,4.13417,48.59894,53.05923,0.71216,0.65718,3.92811,0.57674
2026020888,2027-02-03,FLA,WSH,0.59360,0.48829,0.29212,0.10530,0.11428,0.21959,0.53482,0.59197,3.68509,2.70260,29.22812,27.76428,3.76422,2.85035,3.84139,4.30434,54.13663,51.42557,1.00957,0.72630,4.13468,0.53996
2026020889,2027-02-03,NYR,WPG,0.58548,0.47236,0.29832,0.11312,0.11620,0.22932,0.54780,0.58675,3.21127,2.45802,27.88076,28.16964,3.24290,2.76966,3.95554,3.89215,51.64112,52.17623,0.88996,0.65563,3.90527,0.54648
2026020890,2027-02-03,PHI,TBL,0.46673,0.36159,0.40658,0.10514,0.12669,0.23183,0.48446,0.46195,3.10323,3.01603,34.13553,34.02982,3.45573,3.25300,4.98151,4.25331,63.22606,63.03046,0.83763,0.75625,3.99059,0.27721
2026020891,2027-02-03,CGY,UTA,0.44004,0.33218,0.42948,0.10786,0.13048,0.23834,0.50392,0.42749,2.67526,2.80480,26.82965,28.33371,2.93086,3.10099,4.00175,3.78446,49.69414,52.48019,0.69629,0.64598,3.80649,0.43892
2026020892,2027-02-03,EDM,VGK,0.51223,0.40083,0.36643,0.11141,0.12134,0.23275,0.52644,0.51052,3.11745,2.85575,28.36473,27.80783,3.25609,3.03074,3.62896,3.38167,52.53756,51.50572,0.86965,0.78408,3.95393,0.64007
2026020893,2027-02-03,VAN,NJD,0.34685,0.24218,0.54653,0.10467,0.10662,0.21129,0.46775,0.37338,2.38274,3.70787,26.45911,32.12585,2.64836,3.71210,3.42046,3.43805,49.00828,59.50420,0.54784,0.89461,4.11684,0.43944
2026020894,2027-02-03,SEA,MTL,0.40633,0.29298,0.48482,0.11335,0.10885,0.22220,0.46561,0.44633,2.60186,3.52971,27.05743,27.90796,2.92893,3.44842,3.33249,3.79473,50.11638,51.69166,0.55111,1.01130,4.05948,0.46771
2026020895,2027-02-08,TOR,CBJ,0.41788,0.30184,0.47333,0.11604,0.10879,0.22483,0.51243,0.44578,2.59754,3.46745,25.79421,33.95359,2.86729,3.67305,3.48554,4.29976,47.77655,62.88940,0.64875,0.85567,4.03322,0.57265
2026020896,2027-02-08,DAL,LAK,0.58279,0.46800,0.30731,0.11479,0.10990,0.22469,0.62015,0.57090,3.45746,2.84777,28.50147,30.71554,3.54671,3.15494,4.22174,4.13700,52.79087,56.89202,0.95615,0.72727,4.06874,0.59365
2026020897,2027-02-09,OTT,CBJ,0.61061,0.49691,0.28040,0.11370,0.10899,0.22269,0.57696,0.61435,3.44374,2.59568,29.86696,27.13732,3.56314,2.88092,3.96350,3.83752,55.32001,50.26429,0.91377,0.61959,4.02177,0.58417
2026020898,2027-02-09,CAR,COL,0.56064,0.44684,0.32836,0.11381,0.11100,0.22480,0.56251,0.56661,3.50218,3.04224,29.65527,28.30333,3.63575,3.17130,3.83203,3.77149,54.92781,52.42372,0.84639,0.73044,4.12149,0.55298
2026020899,2027-02-09,STL,LAK,0.56084,0.44057,0.32894,0.12027,0.11022,0.23049,0.57496,0.57237,3.11960,2.80735,29.01254,31.47814,3.28856,3.08598,4.11331,3.79077,53.73763,58.30459,0.72000,0.74594,3.94297,0.45255
2026020900,2027-02-09,ANA,DET,0.52009,0.39921,0.37685,0.12088,0.10306,0.22394,0.53632,0.55775,3.34888,3.55657,29.17953,27.20677,3.52494,3.55625,3.83925,4.11974,54.04666,50.39275,0.88868,1.03192,4.20474,0.40741
2026020901,2027-02-10,TOR,BOS,0.42313,0.31489,0.45794,0.10824,0.11893,0.22717,0.50574,0.42616,2.83454,3.32722,26.63958,30.50469,3.09033,3.47703,3.61828,4.01204,49.34236,56.50126,0.69242,0.87698,4.02067,0.57842
2026020902,2027-02-10,SJS,CHI,0.56914,0.45524,0.31727,0.11389,0.11359,0.22748,0.57285,0.56725,3.35436,2.78308,29.26295,27.52679,3.43650,2.93133,3.78137,4.24034,54.20136,50.98557,0.70153,0.83225,4.01932,0.56708
2026020903,2027-02-11,CBJ,OTT,0.50961,0.39697,0.36974,0.11264,0.12065,0.23329,0.52315,0.51216,3.07763,2.87399,28.57136,29.35711,3.28880,3.12351,4.18561,3.95629,52.92034,54.37557,0.71527,0.80308,3.94578,0.49782
2026020904,2027-02-11,CAR,MIN,0.59878,0.47415,0.30181,0.12463,0.09941,0.22405,0.61461,0.62009,3.41871,3.05704,33.14134,27.66403,3.62929,3.17724,3.67953,4.12925,61.38444,51.23969,0.82430,0.83613,4.09728,0.61098
2026020905,2027-02-11,ANA,CHI,0.65747,0.55153,0.23973,0.10593,0.10281,0.20874,0.61457,0.64806,3.83286,2.51458,31.60128,23.12541,3.85563,2.84782,3.75487,3.83386,58.53228,42.83311,0.85416,0.66875,4.18120,0.56871
2026020906,2027-02-11,LAK,DET,0.53460,0.41746,0.35197,0.11714,0.11343,0.23057,0.54310,0.54827,3.14019,2.93274,28.71528,29.40737,3.34199,3.08301,3.39395,4.04303,53.18700,54.46914,0.74290,0.90293,3.98018,0.59800
2026020907,2027-02-12,TBL,DAL,0.58103,0.46295,0.31231,0.11807,0.10666,0.22474,0.56254,0.59997,3.42910,2.95887,33.35875,30.54403,3.69413,3.22513,4.75816,4.89617,61.78690,56.57358,0.81345,0.84031,4.08015,0.58965
2026020908,2027-02-12,FLA,COL,0.47974,0.37158,0.40343,0.10816,0.11684,0.22499,0.47010,0.49977,3.33590,3.37134,26.52812,32.08399,3.48583,3.39115,4.14538,4.02229,49.13563,59.42608,1.01827,0.88207,4.14988,0.42090
2026020909,2027-02-12,NYR,NYI,0.53980,0.42100,0.34600,0.11879,0.11420,0.23300,0.55692,0.54913,3.04784,2.81683,26.51567,31.69909,3.26838,3.02765,3.68300,4.38384,49.11253,58.71367,0.82189,0.73008,3.92183,0.64377
2026020910,2027-02-12,EDM,STL,0.61285,0.49576,0.27965,0.11709,0.10750,0.22459,0.56458,0.62799,3.33763,2.56942,31.01408,25.11613,3.49981,2.80521,3.68996,3.85822,57.44481,46.52037,0.98903,0.65597,3.97492,0.68334
2026020911,2027-02-12,UTA,CGY,0.64430,0.53106,0.25077,0.11324,0.10493,0.21817,0.59563,0.64723,3.47349,2.40966,29.64398,26.25152,3.66871,2.67595,3.99697,4.00427,54.90697,48.62353,0.76950,0.67957,4.00993,0.63836
2026020912,2027-02-13,MTL,WSH,0.56185,0.45489,0.32134,0.10696,0.11681,0.22377,0.55776,0.54995,3.57834,2.86304,26.95012,27.46558,3.67112,3.04352,3.89551,3.71007,49.91733,50.87199,0.95274,0.71118,4.11572,0.51855
2026020913,2027-02-13,NSH,ANA,0.54489,0.43150,0.34276,0.11339,0.11236,0.22574,0.55248,0.55130,3.42197,3.06900,26.04824,31.06313,3.60865,3.34759,3.98930,4.09525,48.24678,57.53556,0.89288,0.78408,4.10093,0.66728
2026020914,2027-02-13,SJS,DET,0.45937,0.34266,0.42939,0.11671,0.11124,0.22795,0.49312,0.49246,2.87490,3.36028,26.97819,29.98472,3.12719,3.33383,4.06457,4.37472,49.96944,55.53840,0.75001,1.06411,4.04038,0.40489
2026020915,2027-02-13,FLA,DAL,0.53288,0.41547,0.35736,0.11741,0.10976,0.22717,0.51114,0.56403,3.30635,3.18988,31.73615,29.12813,3.61380,3.21484,4.52840,4.52901,58.78182,53.95109,0.90915,0.88088,4.09443,0.45700
2026020916,2027-02-13,LAK,CHI,0.64536,0.53555,0.24720,0.10981,0.10744,0.21725,0.62101,0.63025,3.49256,2.31394,30.87582,25.77326,3.62500,2.61696,3.35247,3.92890,57.18901,47.73796,0.69279,0.66322,4.00855,0.73551
2026020917,2027-02-13,BOS,CBJ,0.50321,0.38434,0.38450,0.11887,0.11229,0.23116,0.55682,0.51544,3.00445,3.12425,27.88621,31.16376,3.23613,3.39717,3.83747,4.19217,51.65120,57.72202,0.76800,0.79029,3.99392,0.53375
2026020918,2027-02-13,OTT,TOR,0.65611,0.55390,0.23603,0.10221,0.10786,0.21007,0.61349,0.63229,3.71400,2.27368,32.49477,22.96266,3.93437,2.47631,4.11418,3.37800,60.18719,42.53198,0.91593,0.57015,4.11123,0.55475
2026020919,2027-02-13,TBL,COL,0.48694,0.38267,0.38729,0.10426,0.12578,0.23004,0.52178,0.46877,3.29166,3.02338,29.42164,32.29533,3.47006,3.28307,4.14607,4.01773,54.49505,59.81743,0.82932,0.76821,4.04942,0.55383
2026020920,2027-02-13,NYI,MIN,0.42347,0.30406,0.47029,0.11942,0.10623,0.22565,0.49381,0.46784,2.52054,3.45230,28.96698,28.64152,2.83803,3.44139,3.73767,3.60983,53.65322,53.05030,0.57968,0.98404,4.01629,0.44217
2026020921,2027-02-13,CAR,BUF,0.60153,0.49059,0.29040,0.11093,0.10808,0.21901,0.60038,0.59518,3.68728,2.85748,32.91465,26.28718,3.80501,2.98001,3.97926,4.26257,60.96492,48.68962,0.83807,0.69567,4.15604,0.67471
2026020922,2027-02-13,EDM,PIT,0.52395,0.42263,0.35181,0.10132,0.12423,0.22555,0.56477,0.48866,3.57185,2.93335,31.02742,27.32515,3.62789,3.11646,3.33534,3.73084,57.46959,50.61200,0.90309,0.78144,4.12520,0.61846
2026020923,2027-02-13,PHI,NJD,0.47874,0.36617,0.40171,0.11256,0.11955,0.23212,0.55970,0.46906,2.96776,3.04681,27.44353,30.26626,3.12586,3.19158,3.63518,3.63898,50.83135,56.05980,0.66624,0.80331,3.96119,0.37550
2026020924,2027-02-13,VAN,WPG,0.41574,0.30124,0.47325,0.11450,0.11101,0.22552,0.46483,0.45514,2.59716,3.41352,28.16143,30.67365,2.86751,3.36637,3.65683,3.42425,52.16104,56.81434,0.68094,0.77746,4.01122,0.41267
2026020925,2027-02-13,VGK,CGY,0.73084,0.62837,0.17900,0.10248,0.09016,0.19263,0.62858,0.73157,3.77234,2.02086,31.09912,23.48089,3.90539,2.32349,3.66582,3.41156,57.60212,43.49169,0.85158,0.47006,4.13648,0.63856
2026020926,2027-02-13,SEA,STL,0.52142,0.40406,0.36006,0.11736,0.11852,0.23588,0.49647,0.54412,2.95065,2.77336,29.28469,27.58662,3.12901,2.95011,3.98783,3.66306,54.24172,51.09645,0.74169,0.61723,3.87948,0.50968
2026020927,2027-02-14,MTL,NYR,0.55203,0.42865,0.33869,0.12338,0.10927,0.23265,0.59562,0.56197,3.05337,2.88909,27.04253,27.95638,3.28785,3.04025,3.98373,3.66228,50.08873,51.78110,0.82114,0.79556,3.94210,0.44940
2026020928,2027-02-14,WSH,UTA,0.49141,0.37286,0.39455,0.11855,0.11404,0.23258,0.56941,0.49624,2.82773,3.00658,25.66767,28.31024,3.01927,3.25112,4.11569,3.79260,47.54199,52.43655,0.75756,0.76463,3.91181,0.55468
2026020929,2027-02-15,BOS,ANA,0.56158,0.46194,0.31758,0.09964,0.12084,0.22048,0.58726,0.52093,3.79610,2.84366,26.51173,30.07261,3.89211,3.19809,3.96953,4.10956,49.10514,55.70092,0.92500,0.80875,4.19667,0.66030
2026020930,2027-02-15,NYI,UTA,0.51373,0.41236,0.35159,0.10137,0.13468,0.23605,0.52426,0.47757,3.18729,2.50315,28.86956,25.26259,3.25101,2.86105,4.34058,3.31696,53.47249,46.79174,0.82488,0.60991,3.90360,0.51475
2026020931,2027-02-15,NYR,BUF,0.43593,0.32346,0.44770,0.11246,0.11637,0.22884,0.48570,0.45722,2.76329,3.27032,28.58836,31.91135,3.05155,3.33116,4.17589,4.55159,52.95215,59.10665,0.72874,0.87916,3.98606,0.61290
2026020932,2027-02-15,COL,CBJ,0.61203,0.47983,0.29295,0.13220,0.09502,0.22723,0.63584,0.64244,3.24599,2.99334,30.68205,27.42883,3.43789,3.19831,3.55725,4.10637,56.82954,50.80411,0.79030,0.78318,4.02803,0.69506
2026020933,2027-02-15,SEA,PIT,0.44736,0.34159,0.42738,0.10577,0.12526,0.23103,0.49666,0.44113,2.99218,3.10936,26.72291,28.87864,3.09986,3.23400,3.52487,3.71702,49.49673,53.48949,0.63760,0.78078,3.98627,0.43556
2026020934,2027-02-15,MIN,OTT,0.52190,0.40812,0.36095,0.11378,0.11715,0.23094,0.55803,0.51896,3.19849,2.96910,28.54257,30.26651,3.33034,3.16119,4.09374,3.82192,52.86706,56.05997,0.87180,0.81110,4.00733,0.59236
2026020935,2027-02-15,SJS,WPG,0.47179,0.35464,0.41339,0.11715,0.11483,0.23197,0.48821,0.50226,2.82177,3.13091,27.59629,29.11463,3.04152,3.12801,4.26317,4.06783,51.11432,53.92686,0.73501,0.88061,3.95069,0.32148
2026020936,2027-02-15,STL,PHI,0.51480,0.39037,0.37276,0.12443,0.11244,0.23687,0.55653,0.53529,2.78716,2.89967,26.94974,29.83183,3.00474,3.09941,4.08689,4.31548,49.91687,55.25491,0.60380,0.86240,3.86740,0.61029
2026020937,2027-02-15,VGK,DET,0.60713,0.48095,0.29111,0.12618,0.10176,0.22795,0.60525,0.62965,3.18960,2.74182,27.89079,25.76197,3.34331,2.83697,3.23409,3.97044,51.65953,47.71667,0.76118,0.78782,3.95205,0.55909
2026020938,2027-02-15,LAK,CGY,0.61880,0.51149,0.26615,0.10731,0.11505,0.22236,0.56747,0.60646,3.39362,2.27070,31.28268,27.03819,3.62901,2.59311,3.85030,3.59217,57.94238,50.08099,0.75338,0.57584,3.95846,0.67146
2026020939,2027-02-16,TOR,CAR,0.31685,0.22846,0.55938,0.08838,0.12378,0.21216,0.41192,0.31022,2.64893,3.61242,24.22972,35.09252,2.81706,3.73545,3.78182,3.94686,44.87896,64.99886,0.61631,0.89025,4.09981,0.39983
2026020940,2027-02-16,TBL,FLA,0.56983,0.46304,0.31495,0.10679,0.11522,0.22201,0.60070,0.54443,3.60104,2.83920,33.14653,30.79312,3.68541,3.19498,4.63680,4.42240,61.39366,57.03491,0.89428,0.84073,4.12044,0.66885
2026020941,2027-02-16,WSH,ANA,0.59788,0.50224,0.28326,0.09564,0.11886,0.21450,0.60408,0.54860,3.97609,2.65255,26.35468,28.28143,3.87301,3.03787,4.24029,3.65792,48.81429,52.38330,0.99726,0.69776,4.25481,0.69877
2026020942,2027-02-16,NSH,NJD,0.45621,0.34010,0.43115,0.11611,0.11264,0.22875,0.53664,0.47034,2.87153,3.34421,27.80458,31.88030,3.03187,3.47690,3.70698,3.68193,51.50020,59.04933,0.67550,0.79328,4.03411,0.47441
2026020943,2027-02-16,DAL,MIN,0.56220,0.45119,0.32217,0.11101,0.11563,0.22664,0.56280,0.55624,3.40533,2.79878,28.86118,29.74684,3.44160,3.14290,4.12313,4.21688,53.45677,55.09761,0.91822,0.77791,4.04081,0.56457
2026020944,2027-02-16,VAN,PIT,0.41575,0.31329,0.45718,0.10246,0.12707,0.22953,0.45202,0.41692,2.87885,3.17720,26.77668,28.82121,3.04535,3.32918,3.53171,3.43771,49.59616,53.38318,0.71285,0.69073,3.97938,0.45858
2026020945,2027-02-17,CHI,STL,0.44297,0.32821,0.43682,0.11476,0.12021,0.23497,0.45226,0.47466,2.59268,2.99956,26.41027,27.24101,2.85742,3.03403,4.25881,3.62132,48.91764,50.45633,0.72591,0.57823,3.85197,0.41380
2026020946,2027-02-17,WPG,LAK,0.51004,0.39303,0.36890,0.11701,0.12107,0.23807,0.56212,0.50423,2.83105,2.70194,26.91079,28.33326,3.00828,2.91442,3.55090,3.41672,49.84477,52.47945,0.69937,0.67138,3.82206,0.56928
2026020947,2027-02-17,UTA,CBJ,0.51831,0.38998,0.37500,0.12833,0.10669,0.23502,0.55481,0.55397,2.80343,3.06412,27.08244,28.64704,3.06117,3.21421,3.76840,4.22888,50.16255,53.06040,0.70418,0.84544,3.92422,0.56158
2026020948,2027-02-17,CGY,BOS,0.42831,0.30969,0.46229,0.11862,0.10941,0.22803,0.50188,0.46381,2.52301,3.32781,27.29038,28.72432,2.90484,3.37573,3.81815,3.86167,50.54787,53.20358,0.60845,0.79846,3.96490,0.46565
2026020949,2027-02-17,EDM,COL,0.46082,0.35768,0.41237,0.10314,0.12681,0.22995,0.47688,0.45521,3.18894,3.10972,28.80251,29.49627,3.38749,3.23750,3.77148,3.40471,53.34845,54.63307,0.95718,0.81033,4.04022,0.50470
2026020950,2027-02-17,SEA,OTT,0.39120,0.28124,0.49671,0.10997,0.11209,0.22206,0.47020,0.41884,2.52236,3.44884,25.55520,30.40787,2.73915,3.47488,3.84243,3.69824,47.33408,56.32197,0.60518,0.90261,4.01507,0.43967
2026020951,2027-02-18,BUF,CAR,0.43256,0.32655,0.44801,0.10601,0.11944,0.22545,0.49898,0.43330,3.07948,3.44516,27.69350,34.17807,3.23692,3.57223,4.47785,4.17906,51.29444,63.30508,0.70424,0.85757,4.11124,0.40301
2026020952,2027-02-18,DET,MTL,0.46432,0.35047,0.41945,0.11385,0.11623,0.23008,0.50145,0.48247,2.94293,3.23500,28.68206,25.67880,3.22130,3.22909,3.58404,3.59937,53.12527,47.56260,0.72821,0.90386,4.01312,0.52943
2026020953,2027-02-18,TBL,ANA,0.64501,0.55167,0.24481,0.09334,0.11019,0.20353,0.63817,0.59501,4.12172,2.48258,28.73101,28.49727,4.12920,2.89383,4.19967,4.27160,53.21544,52.78295,0.99021,0.70107,4.31660,0.81186
2026020954,2027-02-18,FLA,NJD,0.53768,0.41704,0.35532,0.12064,0.10701,0.22765,0.57363,0.55554,3.22519,3.18005,28.32766,31.68135,3.33110,3.28940,3.62141,4.13984,52.46888,58.68070,0.77374,0.88412,4.06904,0.50979
2026020955,2027-02-18,NYI,NYR,0.51059,0.39214,0.37068,0.11845,0.11873,0.23718,0.54346,0.51775,2.82644,2.75617,30.73581,25.81834,3.12767,2.94634,4.33515,3.64261,56.92951,47.82109,0.67550,0.78762,3.83592,0.43358
2026020956,2027-02-18,NSH,TOR,0.57697,0.46425,0.30708,0.11272,0.11595,0.22867,0.55923,0.57424,3.26001,2.56896,30.70888,26.15812,3.52444,2.81918,4.09720,3.27453,56.87945,48.45061,0.86040,0.55933,3.94413,0.51077
2026020957,2027-02-18,DAL,PHI,0.59008,0.47582,0.29853,0.11426,0.11138,0.22564,0.60232,0.58167,3.36445,2.65982,28.80430,29.62480,3.45220,3.04503,4.45223,4.57675,53.35161,54.87141,0.88560,0.72819,4.00066,0.74665
2026020958,2027-02-18,MIN,LAK,0.60882,0.50443,0.27616,0.10438,0.11502,0.21941,0.60804,0.57786,3.62348,2.49684,31.53588,29.97977,3.71084,2.84653,3.91476,3.45352,58.41163,55.52910,1.00330,0.64795,4.08562,0.56975
2026020959,2027-02-18,VAN,OTT,0.35923,0.25666,0.52637,0.10257,0.11439,0.21696,0.42592,0.38575,2.48414,3.51321,25.39373,29.90658,2.65324,3.53755,3.82755,3.34028,47.03489,55.39352,0.68478,0.78690,4.03782,0.46231
2026020960,2027-02-18,VGK,CBJ,0.59747,0.47586,0.29622,0.12161,0.10631,0.22792,0.58879,0.61232,3.22977,2.69625,29.86327,26.67469,3.35926,2.92857,3.62692,3.75627,55.31307,49.40732,0.84569,0.62210,3.95692,0.56132
2026020961,2027-02-19,WSH,SJS,0.62102,0.50814,0.27177,0.11288,0.10721,0.22009,0.64464,0.60210,3.52695,2.60308,29.10815,26.90950,3.48263,2.90702,4.33072,3.81531,53.91438,49.84214,0.93666,0.65243,4.05687,0.70146
2026020962,2027-02-19,CAR,DET,0.68707,0.56576,0.22414,0.12131,0.08878,0.21009,0.66277,0.70440,3.66872,2.65997,30.17525,25.42120,3.73431,2.83344,3.27167,3.94706,55.89087,47.08567,0.82096,0.73278,4.12282,0.70041
2026020963,2027-02-19,WPG,STL,0.53300,0.42153,0.34197,0.11148,0.12503,0.23650,0.53721,0.52223,3.01710,2.52853,28.07718,25.72586,3.12847,2.73510,3.98716,3.90176,52.00513,47.64989,0.78973,0.59434,3.84321,0.65435
2026020964,2027-02-19,CGY,PIT,0.42665,0.31805,0.45109,0.10860,0.12226,0.23086,0.50788,0.42503,2.75201,3.15531,26.72048,29.18145,2.97138,3.32624,3.55040,4.06718,49.49208,54.05020,0.58016,0.74039,3.94303,0.41232
2026020965,2027-02-19,EDM,BOS,0.57056,0.45626,0.31681,0.11430,0.11263,0.22693,0.55886,0.57593,3.37530,2.81543,31.85095,26.11040,3.61561,3.01474,3.69056,3.49461,58.99489,48.36195,0.96468,0.76009,4.03308,0.66535
2026020966,2027-02-19,UTA,SEA,0.62895,0.50737,0.26666,0.12159,0.10439,0.22597,0.60639,0.63997,3.20485,2.44582,28.38736,25.44370,3.43584,2.65653,3.60865,3.75715,52.57948,47.12725,0.76405,0.65495,3.90056,0.61651
2026020967,2027-02-20,PHI,NYR,0.51594,0.39757,0.36637,0.11837,0.11769,0.23606,0.55920,0.51844,2.87022,2.77190,30.20529,28.66325,3.22255,2.91746,4.27220,4.23115,55.94672,53.09077,0.75420,0.82645,3.85384,0.33963
2026020968,2027-02-20,NJD,BUF,0.52736,0.42566,0.34689,0.10170,0.12575,0.22745,0.48520,0.51932,3.53016,2.85149,32.57775,28.81039,3.66524,2.97842,4.17306,3.92955,60.34136,53.36316,0.88405,0.63770,4.09596,0.57558
2026020969,2027-02-20,CHI,MIN,0.36517,0.25699,0.52676,0.10818,0.10807,0.21626,0.41861,0.41346,2.39772,3.59527,26.29263,31.06060,2.71198,3.49522,3.90824,3.55886,48.69975,57.53126,0.64493,0.85733,4.06562,0.29908
2026020970,2027-02-20,FLA,ANA,0.60678,0.50396,0.28205,0.10282,0.11118,0.21400,0.58917,0.58747,3.94427,2.82633,26.47084,29.46385,3.99587,3.05521,3.93856,4.36015,49.02945,54.57338,1.08153,0.82171,4.25487,0.69691
2026020971,2027-02-20,CBJ,NSH,0.59300,0.48153,0.29133,0.11147,0.11567,0.22714,0.57850,0.58206,3.31125,2.46888,29.67047,26.12559,3.57500,2.70687,3.64344,3.63954,54.95607,48.39007,0.63543,0.71443,3.94819,0.54129
2026020972,2027-02-20,MTL,NYI,0.59890,0.48663,0.28959,0.11227,0.11150,0.22377,0.60215,0.58719,3.42998,2.60998,25.01780,28.70412,3.49716,2.88172,3.56250,3.59894,46.33831,53.16617,0.89811,0.58987,4.01836,0.55875
2026020973,2027-02-20,TBL,TOR,0.68329,0.57992,0.21566,0.10337,0.10105,0.20442,0.64446,0.66201,3.74666,2.21698,32.60723,24.40649,3.90645,2.52955,4.19871,3.57271,60.39537,45.20624,0.90892,0.55637,4.12524,0.68138
2026020974,2027-02-20,DAL,VGK,0.51541,0.40867,0.35897,0.10674,0.12561,0.23235,0.55862,0.48845,3.22407,2.76743,25.74367,29.35494,3.26867,3.06579,4.32070,3.96880,47.68243,54.37123,0.82769,0.71046,3.96965,0.63809
2026020975,2027-02-20,VAN,COL,0.28198,0.19812,0.60108,0.08386,0.11694,0.20080,0.36689,0.28964,2.44641,3.76779,25.11822,32.04598,2.74288,3.72032,3.91616,3.20903,46.52451,59.35599,0.70575,0.80926,4.14903,0.34987
2026020976,2027-02-20,LAK,SEA,0.63065,0.52923,0.25561,0.10142,0.11374,0.21516,0.57845,0.60818,3.66212,2.31946,31.86197,27.99829,3.76076,2.66442,3.51964,3.61458,59.01543,51.85929,0.86928,0.59090,4.08869,0.65088
2026020977,2027-02-21,CAR,NYR,0.71246,0.60663,0.19687,0.10582,0.09067,0.19650,0.66055,0.70765,3.93714,2.35552,35.20997,24.68210,3.99560,2.61348,4.11045,3.90870,65.21607,45.71672,0.95710,0.63737,4.22393,0.60331
2026020978,2027-02-21,DET,BUF,0.49640,0.39803,0.37100,0.09837,0.13261,0.23098,0.48322,0.47299,3.37960,2.78967,30.05686,26.60181,3.45447,2.94726,4.29618,3.54906,55.67197,49.27222,0.91099,0.67270,4.02973,0.51083
2026020979,2027-02-21,CHI,NJD,0.35884,0.25073,0.53733,0.10811,0.10383,0.21194,0.46818,0.39525,2.42271,3.77033,25.14251,31.48961,2.69240,3.61393,3.67236,3.30845,46.56944,58.32582,0.55210,0.83806,4.14874,0.32452
2026020980,2027-02-21,FLA,SJS,0.64195,0.52535,0.25928,0.11660,0.09876,0.21537,0.63032,0.64830,3.65724,2.76553,29.31724,27.96303,3.66855,2.91676,3.95061,4.51471,54.30170,51.79355,1.04925,0.78233,4.13151,0.69957
2026020981,2027-02-21,WSH,NSH,0.61064,0.50712,0.27387,0.10352,0.11549,0.21901,0.60187,0.57980,3.61719,2.45323,29.45449,26.47761,3.66950,2.81715,4.14635,3.44775,54.55595,49.04236,0.82354,0.64470,4.07856,0.57538
2026020982,2027-02-21,STL,UTA,0.47554,0.36065,0.40238,0.11489,0.12208,0.23697,0.54646,0.47064,2.77086,2.87372,25.89092,29.49519,3.02337,3.11273,4.35034,4.20094,47.95538,54.63131,0.67654,0.79445,3.85482,0.49162
2026020983,2027-02-21,WPG,PIT,0.50718,0.40418,0.36383,0.10299,0.12900,0.23199,0.53739,0.47716,3.29411,2.77417,27.40037,27.43446,3.29141,2.97134,3.65898,3.79743,50.75117,50.81436,0.74277,0.68820,3.99588,0.59038
2026020984,2027-02-21,CGY,OTT,0.37579,0.26518,0.51366,0.11061,0.11055,0.22116,0.48139,0.40297,2.33901,3.42120,25.09650,30.68585,2.62385,3.53635,3.83759,4.04285,46.48425,56.83670,0.55424,0.83560,3.98047,0.41687
2026020985,2027-02-21,VAN,BOS,0.36069,0.24959,0.53997,0.11110,0.09934,0.21044,0.44609,0.41734,2.33054,3.80555,27.37727,29.80246,2.80119,3.74119,3.76005,3.54147,50.70881,55.20062,0.62421,0.90682,4.16109,0.51207
2026020986,2027-02-22,PHI,MTL,0.46274,0.34746,0.42240,0.11528,0.11486,0.23015,0.51304,0.48101,2.86480,3.22098,28.39509,27.25652,3.23979,3.21792,3.69148,4.18179,52.59357,50.48512,0.68881,0.94845,3.99064,0.42453
2026020987,2027-02-22,CBJ,NYI,0.58541,0.47087,0.30012,0.11455,0.11447,0.22901,0.57130,0.58320,3.23632,2.53535,27.61248,28.07118,3.49404,2.72523,3.56431,3.93049,51.14421,51.99402,0.71951,0.65671,3.92882,0.54572
2026020988,2027-02-22,EDM,OTT,0.53766,0.42374,0.34616,0.11391,0.11618,0.23010,0.53856,0.54353,3.22458,2.88182,29.57197,27.45081,3.31105,3.09260,3.68021,3.55379,54.77382,50.84458,0.90973,0.78069,3.99508,0.61901
2026020989,2027-02-22,COL,VGK,0.57742,0.45510,0.31576,0.12232,0.10682,0.22914,0.59866,0.58874,3.22593,2.86857,28.51751,27.20515,3.38371,3.03246,3.70160,3.68815,52.82035,50.38966,0.74904,0.78591,3.99251,0.67331
2026020990,2027-02-22,SEA,BOS,0.46871,0.35748,0.41049,0.11123,0.12080,0.23203,0.49067,0.48015,2.94388,3.06142,28.54314,28.00375,3.15471,3.19533,3.76610,3.44065,52.86829,51.86904,0.68526,0.77603,3.95918,0.48844
2026020991,2027-02-23,TOR,DET,0.46619,0.34521,0.42266,0.12098,0.11115,0.23213,0.52951,0.49311,2.68120,3.17400,24.12836,31.54934,2.87920,3.37006,3.04866,4.19399,44.69101,58.43623,0.60442,0.92649,3.93444,0.57025
2026020992,2027-02-23,TBL,SJS,0.70003,0.60042,0.20445,0.09961,0.09552,0.19513,0.67711,0.67272,4.06073,2.35929,32.18732,28.17284,3.92830,2.76643,4.42006,4.67477,59.61764,52.18215,1.07176,0.65709,4.28572,0.81452
2026020993,2027-02-23,NJD,CAR,0.42520,0.33107,0.44090,0.09413,0.13390,0.22803,0.43418,0.40933,3.31208,3.22764,30.00353,32.48164,3.43545,3.30650,4.17506,3.63368,55.57324,60.16284,0.81282,0.70757,4.10567,0.43978
2026020994,2027-02-23,WSH,NYR,0.54754,0.42476,0.34087,0.12278,0.11159,0.23436,0.58823,0.55564,2.98326,2.80411,29.93495,28.00494,3.25572,3.03403,4.48018,3.86861,55.44589,51.87118,0.77305,0.77868,3.89794,0.47257
2026020995,2027-02-23,CHI,NYI,0.45642,0.34480,0.41924,0.11162,0.12434,0.23596,0.47445,0.46895,2.74754,2.91244,24.91897,29.92225,2.99165,3.01183,3.73176,3.49072,46.15536,55.42274,0.71456,0.57126,3.86072,0.39145
2026020996,2027-02-23,NSH,WPG,0.52025,0.39778,0.36644,0.12247,0.11330,0.23578,0.53373,0.54493,2.86531,2.88232,26.84429,28.24410,3.03360,3.04165,3.70017,3.70728,49.72149,52.31422,0.73855,0.67806,3.88410,0.44648
2026020997,2027-02-23,DAL,VAN,0.71462,0.61661,0.18993,0.09801,0.09545,0.19346,0.68660,0.68090,3.89607,2.08230,27.55078,24.58047,3.86407,2.45003,3.66843,3.66524,51.02983,45.52846,0.89301,0.55878,4.20256,0.68985
2026020998,2027-02-23,MIN,PIT,0.58561,0.48545,0.29572,0.10016,0.11867,0.21883,0.58399,0.55123,3.79534,2.69241,30.63040,29.21457,3.78636,2.96285,3.79394,3.84583,56.73375,54.11134,0.91830,0.69829,4.17949,0.59133
2026020999,2027-02-24,PHI,BUF,0.46087,0.35815,0.40822,0.10271,0.13091,0.23363,0.49481,0.44262,3.09659,2.93851,30.85709,30.32886,3.38014,3.10431,4.53559,4.29812,57.15423,56.17589,0.81270,0.73942,3.96820,0.40632
2026021000,2027-02-24,UTA,CGY,0.64461,0.53005,0.24948,0.11456,0.10591,0.22047,0.59563,0.64723,3.34707,2.30169,29.00274,25.46786,3.54921,2.57607,3.93993,3.91399,53.71927,47.17203,0.73748,0.64183,3.94074,0.63836
2026021001,2027-02-24,VGK,FLA,0.54359,0.42605,0.34584,0.11754,0.11057,0.22811,0.58037,0.54856,3.27740,3.05409,29.79584,26.24489,3.36326,3.08631,3.88723,3.85386,55.18800,48.61110,0.82154,0.89408,4.05232,0.52497
2026021002,2027-02-24,ANA,SEA,0.59665,0.47486,0.30211,0.12179,0.10124,0.22303,0.57178,0.62642,3.37421,2.94419,30.67361,25.39427,3.55559,3.12938,3.71661,3.67234,56.81401,47.03565,0.85653,0.71326,4.05859,0.47052
2026021003,2027-02-24,LAK,MTL,0.48926,0.37117,0.39940,0.11809,0.11134,0.22943,0.49428,0.52458,3.03111,3.27983,31.14268,27.89966,3.42004,3.27444,3.53680,3.98498,57.68293,51.67663,0.69293,0.96772,4.04800,0.58767
2026021004,2027-02-25,OTT,DET,0.60325,0.48794,0.28817,0.11531,0.10858,0.22389,0.59357,0.60414,3.40768,2.66096,27.85137,25.90298,3.52771,2.77949,3.52767,3.95625,51.58657,47.97785,0.82722,0.77220,4.01763,0.58171
2026021005,2027-02-25,PIT,TOR,0.60811,0.48959,0.28601,0.11852,0.10587,0.22440,0.58808,0.61976,3.38536,2.70735,30.89933,24.85071,3.66522,2.81917,4.13434,3.17493,57.23210,46.02894,0.79403,0.60994,4.01692,0.55839
2026021006,2027-02-25,CAR,SJS,0.74238,0.63221,0.17797,0.11016,0.07965,0.18981,0.71191,0.74551,4.08386,2.51270,33.54459,25.30747,4.03516,2.73936,4.02333,4.43788,62.13170,46.87504,1.01576,0.66600,4.29876,0.81004
2026021007,2027-02-25,BOS,WSH,0.51934,0.40513,0.36314,0.11421,0.11752,0.23173,0.53286,0.52558,3.13852,2.93500,27.62961,29.05877,3.41953,3.13852,3.54091,4.34288,51.17599,53.82302,0.71040,0.81906,3.98023,0.49826
2026021008,2027-02-25,STL,VAN,0.65596,0.54416,0.23896,0.11179,0.10509,0.21688,0.64479,0.63869,3.42482,2.24204,27.61213,26.11343,3.54054,2.53508,3.59805,3.52408,51.14353,48.36790,0.65859,0.63843,3.97008,0.54660
2026021009,2027-02-25,NSH,EDM,0.45043,0.33634,0.43190,0.11409,0.11767,0.23176,0.50611,0.46502,2.78068,3.16463,26.12359,31.49934,3.03444,3.35124,3.68689,3.41224,48.38641,58.34368,0.77937,0.82845,3.95265,0.41912
2026021010,2027-02-25,DAL,TBL,0.49398,0.37970,0.39043,0.11428,0.11559,0.22988,0.53780,0.50129,3.11711,3.16991,31.17253,34.80987,3.44769,3.46988,4.98332,4.90317,57.73721,64.47430,0.81536,0.80844,4.03687,0.49214
2026021011,2027-02-25,COL,WPG,0.67075,0.54087,0.23946,0.12988,0.08979,0.21967,0.64707,0.70146,3.36819,2.65668,30.20095,24.96943,3.51210,2.80233,3.46163,3.79754,55.93847,46.24874,0.76755,0.72608,4.00156,0.59723
2026021012,2027-02-26,BUF,OTT,0.53930,0.41820,0.35160,0.12110,0.10910,0.23020,0.57270,0.55434,3.15875,3.06791,27.84865,29.67468,3.22270,3.24759,4.26142,4.03503,51.58177,54.96403,0.75834,0.78140,4.02050,0.52996
2026021013,2027-02-26,NYI,PHI,0.52804,0.40852,0.35466,0.11951,0.11730,0.23682,0.53440,0.54219,2.88938,2.71827,28.91395,26.14347,3.05576,2.98967,4.05239,3.61093,53.55522,48.42325,0.66109,0.74098,3.84517,0.63260
2026021014,2027-02-26,NYR,WSH,0.54444,0.44044,0.33025,0.10400,0.12531,0.22931,0.51158,0.53070,3.33062,2.58109,29.06001,29.76673,3.45270,2.90076,4.05620,4.34281,53.82547,55.13454,0.89280,0.69809,3.97407,0.60693
2026021015,2027-02-26,CBJ,NJD,0.52916,0.41441,0.35554,0.11475,0.11530,0.23005,0.56513,0.52814,3.22111,2.98410,30.25990,31.04478,3.42135,3.18916,3.87994,3.81798,56.04785,57.50165,0.65026,0.84291,4.01804,0.47390
2026021016,2027-02-26,CHI,LAK,0.41817,0.30323,0.46611,0.11494,0.11572,0.23066,0.47730,0.44710,2.48544,3.18682,26.03995,30.69579,2.79893,3.26906,3.97799,3.30340,48.23189,56.85571,0.66839,0.67669,3.90147,0.33311
2026021017,2027-02-26,UTA,FLA,0.50542,0.38781,0.38115,0.11761,0.11343,0.23104,0.54623,0.51776,3.02725,3.08542,29.27568,27.63797,3.27573,3.22815,4.42859,4.07883,54.22466,51.19121,0.77123,0.98189,3.98855,0.52542
2026021018,2027-02-26,VGK,ANA,0.62454,0.51637,0.26786,0.10817,0.10760,0.21577,0.61854,0.60831,3.73571,2.66282,27.61866,26.69305,3.84705,2.88744,3.69290,3.97619,51.15541,49.44116,0.90740,0.73133,4.15124,0.68582
2026021019,2027-02-27,BOS,DET,0.53858,0.42073,0.34899,0.11785,0.11244,0.23029,0.57364,0.54346,3.17823,2.97064,26.35214,29.05594,3.34909,3.16068,3.39559,4.10970,48.80978,53.81790,0.75114,0.89262,4.00143,0.53181
2026021020,2027-02-27,DAL,EDM,0.53566,0.41911,0.34974,0.11654,0.11461,0.23115,0.58205,0.53218,3.16983,2.92091,26.12575,30.84188,3.34152,3.19144,4.00292,3.86619,48.38994,57.12572,0.86866,0.84701,3.98658,0.54077
2026021021,2027-02-27,STL,MIN,0.43597,0.31844,0.45235,0.11754,0.11168,0.22922,0.51612,0.46093,2.62271,3.30455,27.96393,32.19646,2.96045,3.42171,4.02791,4.24188,51.79512,59.63484,0.59723,0.98951,3.97224,0.41938
2026021022,2027-02-27,BUF,TOR,0.62881,0.50315,0.27088,0.12566,0.10031,0.22597,0.63492,0.64191,3.24334,2.62757,30.43754,25.77554,3.53269,2.80972,3.99440,3.54608,56.37688,47.74211,0.72570,0.64904,3.94850,0.54384
2026021023,2027-02-27,PHI,SJS,0.57345,0.45510,0.31570,0.11836,0.11085,0.22921,0.61701,0.56576,3.21385,2.74615,29.64722,29.48098,3.40597,2.99161,4.17525,4.50772,54.91324,54.60542,0.86670,0.77206,3.96153,0.57138
2026021024,2027-02-27,CAR,TBL,0.59082,0.46025,0.31191,0.13058,0.09727,0.22785,0.59041,0.63208,3.22214,3.08463,33.29511,29.21985,3.57833,3.19413,4.24847,4.35102,61.66908,54.12114,0.75676,0.76385,4.04332,0.54106
2026021025,2027-02-27,CBJ,NYI,0.58564,0.47136,0.29990,0.11428,0.11446,0.22874,0.57130,0.58320,3.24257,2.53323,27.62010,28.45278,3.47034,2.74597,3.45545,3.76020,51.15843,52.70098,0.71139,0.63495,3.93092,0.54572
2026021026,2027-02-27,COL,FLA,0.61910,0.50370,0.27811,0.11541,0.10278,0.21819,0.62778,0.61755,3.62682,2.83759,31.64432,24.75470,3.67849,3.01120,4.04963,3.62998,58.61165,45.85104,0.91104,0.84122,4.12999,0.65673
2026021027,2027-02-27,ANA,MTL,0.42206,0.30043,0.48642,0.12164,0.09152,0.21315,0.48746,0.49534,2.74919,4.12035,28.39856,25.98048,3.15212,3.87062,3.50769,4.16392,52.60029,48.12123,0.64987,1.19473,4.32688,0.39509
2026021028,2027-02-27,SEA,WPG,0.47452,0.35166,0.41255,0.12285,0.11294,0.23579,0.50957,0.50887,2.62011,3.03413,26.50181,28.60932,2.84349,3.08055,3.49848,3.57103,49.08727,52.99069,0.58502,0.78934,3.87065,0.39247
2026021029,2027-02-27,NSH,LAK,0.52581,0.41277,0.35529,0.11304,0.11890,0.23194,0.54572,0.52352,3.14928,2.84451,29.45648,30.62650,3.32482,3.17277,3.97760,3.54134,54.56002,56.72705,0.88644,0.63422,3.96159,0.47891
2026021030,2027-02-27,VAN,CGY,0.47691,0.36279,0.39810,0.11412,0.12499,0.23911,0.49436,0.48550,2.73037,2.75974,27.71169,28.44773,3.01220,2.99508,3.65662,3.34915,51.32806,52.69136,0.64708,0.60747,3.80813,0.58607
2026021031,2027-02-28,PIT,NYR,0.54169,0.41436,0.35404,0.12733,0.10427,0.23160,0.56533,0.57619,3.02482,3.11767,30.47983,28.55396,3.34328,3.13049,4.31552,3.91914,56.45487,52.88777,0.73650,0.83585,3.99731,0.48127
2026021032,2027-02-28,MIN,NJD,0.51182,0.39150,0.37894,0.12032,0.10925,0.22956,0.59929,0.51555,3.05266,3.18538,29.09607,32.29452,3.25451,3.30913,3.51045,3.66722,53.89233,59.81629,0.68924,0.88954,4.02455,0.56829
2026021033,2027-02-28,CHI,COL,0.31850,0.23131,0.55137,0.08719,0.13013,0.21732,0.36729,0.31738,2.61616,3.41833,24.66615,31.74617,2.85694,3.44301,4.33562,3.15237,45.68708,58.80071,0.74334,0.67667,4.01606,0.24348
2026021034,2027-02-28,TBL,UTA,0.55762,0.43834,0.32976,0.11927,0.11263,0.23190,0.60454,0.55319,3.08795,2.74055,28.34604,29.51353,3.30624,3.05976,3.96308,4.41077,52.50256,54.66499,0.77610,0.73987,3.91655,0.68412
2026021035,2027-02-28,STL,DAL,0.45486,0.33875,0.43184,0.11611,0.11329,0.22940,0.50336,0.47971,2.75677,3.23056,29.28777,29.65412,3.17056,3.29253,4.71782,4.32031,54.24738,54.92576,0.60042,0.90767,3.97053,0.39462
2026021036,2027-03-01,TOR,DET,0.46468,0.34634,0.42149,0.11834,0.11383,0.23216,0.52951,0.48340,2.72179,3.13077,24.17035,31.46603,2.90234,3.32924,3.07670,4.16284,44.76877,58.28191,0.61750,0.90690,3.92775,0.57025
2026021037,2027-03-01,NYI,WSH,0.48690,0.37736,0.38906,0.10954,0.12403,0.23357,0.50478,0.48616,3.03269,2.90490,29.36296,26.09635,3.26399,3.03230,3.90356,3.79896,54.38664,48.33601,0.66765,0.77694,3.93993,0.50033
2026021038,2027-03-01,CBJ,CAR,0.42283,0.33027,0.43782,0.09256,0.13934,0.23190,0.44910,0.39223,3.23041,3.04571,29.60634,32.58762,3.43673,3.27739,4.51104,3.83312,54.83731,60.35899,0.72756,0.78703,4.03600,0.37179
2026021039,2027-03-01,WPG,SEA,0.58413,0.47029,0.29724,0.11385,0.11862,0.23247,0.59017,0.56732,3.10242,2.34343,27.65906,25.53624,3.23352,2.56839,3.37511,3.27211,51.23043,47.29864,0.73058,0.53873,3.84054,0.68082
2026021040,2027-03-01,CHI,EDM,0.33827,0.23101,0.56216,0.10726,0.09956,0.20683,0.43786,0.39015,2.21833,3.79605,23.77820,32.14686,2.60429,3.59825,3.65919,3.20906,44.04232,59.54332,0.59643,0.95681,4.15302,0.27246
2026021041,2027-03-01,LAK,ANA,0.55677,0.45641,0.32071,0.10035,0.12252,0.22287,0.55694,0.52577,3.70997,2.79270,27.84400,30.08839,3.84764,3.11114,3.75362,4.10037,51.57303,55.73029,0.87672,0.83328,4.15604,0.71632
2026021042,2027-03-01,SJS,MTL,0.39628,0.28631,0.49611,0.10997,0.10761,0.21759,0.44442,0.43980,2.74335,3.73788,27.71831,28.36187,3.04388,3.54045,3.82034,4.28620,51.34037,52.53246,0.64572,1.16456,4.16289,0.39251
2026021043,2027-03-02,BUF,PIT,0.58039,0.46631,0.31037,0.11407,0.10924,0.22332,0.59841,0.57667,3.54486,2.95019,29.14689,29.06949,3.58546,3.16220,3.91704,4.25419,53.98596,53.84277,0.75437,0.74016,4.11857,0.52756
2026021044,2027-03-02,FLA,UTA,0.55787,0.44281,0.32859,0.11506,0.11355,0.22860,0.55416,0.56464,3.27253,2.82183,27.33490,29.01283,3.42644,3.03534,4.04825,4.36213,50.62988,53.73786,0.97696,0.76575,3.99811,0.55427
2026021045,2027-03-02,NJD,OTT,0.50173,0.39039,0.37959,0.11134,0.11867,0.23002,0.50804,0.51054,3.20210,3.07308,29.14960,29.20917,3.31341,3.16339,3.90734,3.74801,53.99150,54.10167,0.81609,0.72300,4.03449,0.56401
2026021046,2027-03-02,PHI,VGK,0.44000,0.33536,0.42880,0.10464,0.13120,0.23584,0.50548,0.42057,2.83384,2.89122,27.11819,29.73843,3.05356,3.05013,4.12898,3.63741,50.22866,55.08191,0.72723,0.75132,3.87779,0.41930
2026021047,2027-03-02,NSH,COL,0.39054,0.29357,0.48144,0.09697,0.12802,0.22499,0.43301,0.38715,2.93898,3.33466,26.65711,32.43066,3.15591,3.48569,4.25139,3.56812,49.37462,60.06835,0.84724,0.72768,4.04496,0.38418
2026021048,2027-03-03,TOR,SEA,0.53405,0.41503,0.34798,0.11902,0.11796,0.23698,0.56507,0.53513,2.90964,2.66668,26.08938,29.67779,3.08750,2.97281,3.15401,3.70951,48.32317,54.96975,0.65952,0.63497,3.83820,0.62885
2026021049,2027-03-03,NYR,BOS,0.51040,0.39522,0.37245,0.11518,0.11716,0.23233,0.52901,0.52005,3.07723,2.97586,29.68387,31.22041,3.32132,3.26832,4.25302,4.30749,54.98088,57.82667,0.84910,0.81868,3.97221,0.64725
2026021050,2027-03-03,WSH,CAR,0.39824,0.30114,0.47331,0.09710,0.12845,0.22555,0.47311,0.38082,3.05594,3.37613,27.43101,33.26070,3.17108,3.60547,4.66273,3.77492,50.80817,61.60561,0.76004,0.80844,4.08402,0.40924
2026021051,2027-03-03,DAL,MIN,0.52848,0.41056,0.35887,0.11792,0.11265,0.23057,0.56280,0.53699,3.16673,3.04319,28.52275,31.30166,3.33042,3.33610,4.12688,4.52680,52.82982,57.97717,0.84378,0.86990,4.01637,0.56457
2026021052,2027-03-03,CGY,EDM,0.40426,0.28714,0.48743,0.11712,0.10831,0.22543,0.49311,0.44180,2.36744,3.36352,25.41268,31.90509,2.71140,3.43997,3.53518,3.53560,47.06975,59.09517,0.58864,0.90173,3.95804,0.34139
2026021053,2027-03-03,VAN,CHI,0.52223,0.39961,0.36345,0.12262,0.11431,0.23693,0.54977,0.53976,2.83255,2.81567,27.60664,27.01113,3.03624,2.98374,3.26334,3.55257,51.13353,50.03041,0.61741,0.68364,3.85497,0.65822
2026021054,2027-03-03,LAK,TBL,0.43672,0.32718,0.44468,0.10954,0.11860,0.22814,0.46575,0.45702,2.90716,3.31251,33.75196,33.89413,3.33981,3.40964,4.56046,4.22810,62.51624,62.77966,0.75183,0.88499,4.03070,0.43730
2026021055,2027-03-03,SJS,CBJ,0.40472,0.29120,0.48909,0.11352,0.10619,0.21971,0.47602,0.44513,2.67437,3.68325,28.79895,32.76509,3.00263,3.61284,4.44477,4.46445,53.34195,60.68805,0.73799,0.98661,4.13231,0.40547
2026021056,2027-03-04,BUF,STL,0.58906,0.46977,0.30148,0.11930,0.10946,0.22875,0.59823,0.59218,3.22510,2.66576,29.83018,27.16539,3.39489,2.90559,4.26229,4.29657,55.25192,50.31625,0.79795,0.61960,3.94909,0.59989
2026021057,2027-03-04,MTL,SEA,0.67626,0.57868,0.21902,0.09759,0.10472,0.20230,0.63199,0.64475,3.88958,2.22439,27.73106,25.82737,3.83620,2.59353,3.67843,3.06726,51.36389,47.83785,1.03663,0.47958,4.19814,0.61182
2026021058,2027-03-04,OTT,BOS,0.61081,0.50714,0.27567,0.10366,0.11353,0.21719,0.57040,0.59529,3.74435,2.59696,31.29116,25.76355,3.85548,2.81853,4.16372,3.75128,57.95781,47.71971,0.96292,0.67167,4.14833,0.58948
2026021059,2027-03-04,DET,NJD,0.48391,0.36807,0.40085,0.11584,0.11524,0.23108,0.54824,0.48990,2.99406,3.17112,27.89125,29.44936,3.11220,3.29781,3.73779,3.44749,51.66083,54.54660,0.71544,0.84452,4.00542,0.47602
2026021060,2027-03-04,FLA,PIT,0.57589,0.46857,0.31140,0.10732,0.11271,0.22003,0.55807,0.57170,3.70786,2.94028,28.90392,29.48282,3.68348,3.09639,3.70976,4.45889,53.53598,54.60829,0.92720,0.78444,4.17601,0.53105
2026021061,2027-03-04,NYI,VGK,0.44396,0.33684,0.42824,0.10712,0.12781,0.23493,0.48957,0.43892,2.81844,2.94916,27.00917,27.40526,2.94173,3.12679,4.16933,3.22579,50.02683,50.76020,0.65869,0.74431,3.89132,0.51528
2026021062,2027-03-04,NSH,UTA,0.47475,0.36473,0.40095,0.11003,0.12429,0.23432,0.51691,0.46987,2.94283,2.92407,27.63208,29.47667,3.16506,3.20563,4.26085,3.90152,51.18030,54.59701,0.86210,0.67663,3.91856,0.51971
2026021063,2027-03-05,NJD,VGK,0.49586,0.38834,0.38129,0.10752,0.12285,0.23037,0.49587,0.49685,3.23413,3.00464,29.53916,29.57048,3.38106,3.05915,3.88170,3.27438,54.71285,54.77067,0.81577,0.66619,4.02705,0.58552
2026021064,2027-03-05,PHI,DAL,0.46944,0.35536,0.41282,0.11408,0.11774,0.23182,0.49696,0.48735,2.90154,3.12491,31.41470,29.84937,3.32925,3.23858,4.84162,4.49607,58.18660,55.28739,0.75673,0.86287,3.96800,0.32371
2026021065,2027-03-05,CAR,TOR,0.73674,0.62664,0.18038,0.11010,0.08288,0.19298,0.68113,0.74372,3.90067,2.34144,34.56283,22.32195,4.11490,2.51825,3.85874,3.41055,64.01757,41.34527,0.88947,0.55561,4.20557,0.67832
2026021066,2027-03-05,WPG,WSH,0.50583,0.39467,0.37241,0.11116,0.12176,0.23292,0.51400,0.50769,3.06696,2.84870,27.85034,27.37808,3.26798,2.92370,3.79231,3.98888,51.58484,50.71018,0.75098,0.75077,3.93600,0.59716
2026021067,2027-03-05,CGY,CHI,0.55800,0.43418,0.32798,0.12382,0.11402,0.23784,0.60439,0.55762,2.84265,2.55267,27.80105,26.70759,3.06730,2.84917,3.30969,4.04152,51.49354,49.46810,0.53228,0.64823,3.78605,0.61178
2026021068,2027-03-05,ANA,TBL,0.42543,0.30606,0.47690,0.11937,0.09767,0.21704,0.45897,0.49564,2.73678,3.87326,29.43055,29.54335,3.15913,3.86038,4.58956,4.35079,54.51158,54.72019,0.74760,1.01480,4.21868,0.25070
2026021069,2027-03-05,LAK,CBJ,0.49195,0.37350,0.39299,0.11845,0.11506,0.23351,0.52607,0.51058,2.88512,3.03804,30.83055,31.14535,3.20057,3.27862,3.86631,3.99586,57.10499,57.68833,0.74351,0.76332,3.93660,0.60055
2026021070,2027-03-05,SJS,COL,0.33165,0.24356,0.54291,0.08809,0.12544,0.21353,0.38892,0.33000,2.90371,3.70610,27.79082,33.10129,3.18139,3.60353,4.96965,3.89387,51.47482,61.31079,0.87004,0.96928,4.17128,0.25959
2026021071,2027-03-06,BOS,PIT,0.53595,0.43428,0.34003,0.10167,0.12402,0.22569,0.55613,0.50477,3.60430,2.87607,28.47295,29.50425,3.61853,3.19894,3.71252,4.10980,52.73777,54.64814,0.80810,0.74204,4.12749,0.48789
2026021072,2027-03-06,BUF,NYR,0.57553,0.44861,0.31893,0.12692,0.10554,0.23246,0.61306,0.58987,3.04406,2.81038,30.31898,28.24105,3.34963,2.97201,4.35692,4.24611,56.15719,52.30874,0.74050,0.80584,3.91898,0.46769
2026021073,2027-03-06,OTT,SEA,0.66402,0.55941,0.23103,0.10461,0.10495,0.20956,0.62769,0.64360,3.67250,2.26588,30.20917,24.40092,3.78882,2.49014,3.71514,3.55798,55.95383,45.19601,0.91229,0.54673,4.09054,0.63818
2026021074,2027-03-06,MTL,VAN,0.69961,0.60444,0.20068,0.09517,0.09971,0.19487,0.67259,0.65904,3.97224,2.13769,27.30496,25.09188,3.89019,2.49704,3.42797,3.02776,50.57468,46.47557,0.92350,0.53598,4.24236,0.59005
2026021075,2027-03-06,DET,DAL,0.49939,0.39331,0.37552,0.10607,0.12509,0.23116,0.48537,0.49852,3.21124,2.88552,29.72788,25.39214,3.40771,3.01856,4.68674,3.59427,55.06239,47.03156,0.91041,0.74907,3.99154,0.42182
2026021076,2027-03-06,FLA,TOR,0.67572,0.57603,0.22155,0.09969,0.10273,0.20243,0.59577,0.66371,3.91619,2.31776,31.36686,24.91758,4.04234,2.55865,4.04702,3.49559,58.09807,46.15293,1.08641,0.58260,4.21279,0.54679
2026021077,2027-03-06,NSH,MIN,0.44292,0.32834,0.44263,0.11458,0.11445,0.22903,0.48645,0.46983,2.76213,3.28458,28.80336,31.28153,3.03815,3.45922,3.87176,3.88042,53.34995,57.94018,0.76088,0.83114,3.99096,0.44581
2026021078,2027-03-06,EDM,CHI,0.71945,0.62945,0.18341,0.09000,0.09714,0.18714,0.65764,0.68142,4.07520,2.01123,31.82048,22.84142,3.93325,2.38942,3.13443,3.42711,58.93854,42.30716,0.95174,0.56280,4.30498,0.79195
2026021079,2027-03-06,SJS,TBL,0.36767,0.26472,0.52068,0.10295,0.11165,0.21460,0.41640,0.40223,2.72255,3.75824,32.49873,34.78104,3.11322,3.68237,5.20322,4.41304,60.19494,64.42235,0.75576,1.02755,4.16894,0.24783
2026021080,2027-03-07,NYI,PIT,0.53446,0.43420,0.33685,0.10026,0.12869,0.22895,0.52821,0.50417,3.46196,2.65498,29.31263,25.69371,3.45168,2.96031,3.89419,3.42176,54.29315,47.59023,0.74031,0.63708,4.03804,0.49016
2026021081,2027-03-07,PHI,STL,0.52864,0.41583,0.34853,0.11281,0.12283,0.23564,0.54385,0.52083,3.03252,2.63770,30.38762,27.93943,3.31944,2.87555,4.34050,4.28933,56.28453,51.75006,0.83569,0.62839,3.87336,0.46844
2026021082,2027-03-07,CAR,UTA,0.64443,0.52656,0.25641,0.11787,0.09916,0.21703,0.64304,0.64718,3.55924,2.66823,31.29506,26.07939,3.70546,2.91771,4.00184,4.12498,57.96457,48.30445,0.90401,0.66213,4.07894,0.68100
2026021083,2027-03-07,WPG,CGY,0.59881,0.49042,0.28085,0.10839,0.12034,0.22873,0.57928,0.57507,3.22145,2.21513,28.42722,25.79667,3.36463,2.50428,3.89614,3.45938,52.65322,47.78099,0.73046,0.52774,3.87291,0.70088
2026021084,2027-03-07,LAK,COL,0.41275,0.31655,0.45357,0.09620,0.13368,0.22988,0.43745,0.39972,3.07903,3.15781,30.02667,32.17016,3.37373,3.33186,4.24049,3.62414,55.61602,59.58616,0.82939,0.79921,4.02332,0.44943
2026021085,2027-03-07,OTT,BUF,0.54454,0.44243,0.33075,0.10211,0.12470,0.22682,0.52750,0.52379,3.55323,2.75238,31.33671,27.66862,3.70557,2.87231,4.19352,4.07273,58.04253,51.24847,0.85062,0.67765,4.08876,0.55233
2026021086,2027-03-07,NYR,VGK,0.41474,0.30166,0.47051,0.11308,0.11475,0.22783,0.49637,0.43500,2.57029,3.29588,25.74067,32.80862,2.81172,3.36115,3.90906,4.00675,47.67735,60.76838,0.67151,0.90777,3.95977,0.62204
2026021087,2027-03-07,ANA,CBJ,0.46537,0.33973,0.43447,0.12564,0.10017,0.22580,0.51927,0.52016,2.77646,3.60004,29.11788,28.29861,3.13752,3.73833,4.03684,4.16259,53.93247,52.41489,0.76238,0.88451,4.11200,0.40801
2026021088,2027-03-07,MIN,WSH,0.53725,0.42025,0.34861,0.11700,0.11414,0.23114,0.56103,0.54300,3.14373,2.89997,29.52396,29.05917,3.50046,3.00494,3.65470,4.00363,54.68474,53.82372,0.79153,0.80711,3.97317,0.59833
2026021089,2027-03-08,BOS,SEA,0.61052,0.50043,0.27835,0.11009,0.11112,0.22122,0.60833,0.59422,3.49786,2.54475,28.28629,27.34886,3.58170,2.81348,3.53953,3.66008,52.39229,50.65621,0.84416,0.62720,4.03701,0.59054
2026021090,2027-03-08,TOR,DAL,0.40197,0.28948,0.48667,0.11249,0.11136,0.22385,0.46460,0.43712,2.55098,3.44406,25.37533,29.86160,2.85849,3.50096,3.85212,4.41733,47.00088,55.31011,0.60438,0.96120,4.01700,0.44838
2026021091,2027-03-08,CHI,TBL,0.33599,0.23582,0.55026,0.10016,0.11375,0.21392,0.39423,0.37015,2.33896,3.52444,25.49325,30.21258,2.68415,3.42475,4.49239,3.54562,47.21900,55.96033,0.63898,0.75318,4.02773,0.23224
2026021092,2027-03-09,BUF,VAN,0.70226,0.59399,0.20368,0.10826,0.09407,0.20233,0.68844,0.68424,3.72230,2.24517,29.38858,25.54506,3.81950,2.54524,3.58085,3.57625,54.43394,47.31522,0.76700,0.60065,4.11408,0.60812
2026021093,2027-03-09,FLA,NJD,0.52996,0.41098,0.36345,0.11897,0.10659,0.22556,0.57363,0.54593,3.28962,3.29162,29.53037,32.76665,3.41031,3.38821,3.76033,4.29207,54.69644,60.69079,0.79549,0.92348,4.11633,0.50979
2026021094,2027-03-09,NYI,MTL,0.45310,0.34004,0.42993,0.11305,0.11698,0.23003,0.49713,0.47062,2.85315,3.21216,29.46130,25.37075,3.13959,3.26480,3.71543,3.63938,54.56861,46.99205,0.60546,0.90541,3.98506,0.52212
2026021095,2027-03-09,PIT,OTT,0.47195,0.35009,0.42305,0.12185,0.10500,0.22685,0.52385,0.51134,2.91742,3.51800,27.05233,29.85488,3.11680,3.49912,4.14874,3.83839,50.10664,55.29736,0.70005,0.86362,4.10416,0.54412
2026021096,2027-03-09,WSH,CGY,0.63657,0.52706,0.25346,0.10950,0.10998,0.21948,0.61426,0.61903,3.40449,2.26018,28.39691,26.00600,3.49202,2.63085,4.13975,3.42912,52.59712,48.16876,0.77853,0.53298,3.96239,0.65201
2026021097,2027-03-09,STL,NSH,0.52749,0.40896,0.35665,0.11853,0.11586,0.23439,0.57937,0.52570,2.97480,2.81434,27.32442,28.50121,3.24958,2.98717,3.97253,4.09989,50.61072,52.79048,0.57615,0.84447,3.89798,0.51193
2026021098,2027-03-09,MIN,CAR,0.43244,0.33760,0.43232,0.09484,0.13525,0.23008,0.48406,0.39874,3.30027,3.14419,29.48360,33.61298,3.45054,3.33621,4.41839,3.75186,54.61009,62.25814,0.87076,0.80940,4.08122,0.46844
2026021099,2027-03-09,WPG,DET,0.51139,0.39673,0.36846,0.11466,0.12015,0.23481,0.55505,0.50623,2.99093,2.82029,26.26041,27.49650,3.11509,2.93717,3.48118,3.77104,48.63992,50.92954,0.73124,0.79954,3.90461,0.62990
2026021100,2027-03-09,EDM,LAK,0.57852,0.45934,0.31095,0.11917,0.11053,0.22971,0.58915,0.58297,3.19907,2.70967,30.96579,28.32263,3.43467,3.00276,3.46824,3.48570,57.35572,52.45961,0.91293,0.73616,3.94857,0.59506
2026021101,2027-03-09,COL,PHI,0.65203,0.52025,0.25612,0.13178,0.09185,0.22363,0.64094,0.68427,3.28486,2.73347,30.26977,25.75774,3.48297,2.95828,3.67386,4.09403,56.06595,47.70885,0.77624,0.79880,3.98443,0.77778
2026021102,2027-03-09,UTA,NYR,0.55981,0.43344,0.33219,0.12636,0.10800,0.23437,0.56921,0.58538,2.96782,2.81395,29.35791,26.38997,3.27524,2.89190,4.12970,4.14218,54.37710,48.87992,0.74633,0.88975,3.89568,0.45802
2026021103,2027-03-09,VGK,SJS,0.67600,0.56519,0.22716,0.11081,0.09684,0.20765,0.65846,0.66781,3.75013,2.48569,31.15156,25.51713,3.69069,2.71118,3.77578,4.32595,57.69927,47.26321,0.95812,0.69131,4.14141,0.68849
2026021104,2027-03-10,MTL,BOS,0.53830,0.41643,0.35536,0.12188,0.10634,0.22822,0.57492,0.55859,3.18465,3.16854,27.00741,29.23383,3.44268,3.35100,3.90854,3.56963,50.02363,54.14707,0.84674,0.78088,4.05476,0.56131
2026021105,2027-03-10,CHI,WSH,0.41786,0.31368,0.45601,0.10419,0.12612,0.23031,0.42932,0.43137,2.79486,3.12352,26.17140,28.13551,3.06486,3.09189,4.00765,3.58810,48.47520,52.11330,0.72923,0.68317,3.94190,0.35214
2026021106,2027-03-10,DAL,ANA,0.60262,0.50517,0.28015,0.09744,0.11724,0.21468,0.62655,0.55058,3.94697,2.65270,25.26676,28.24709,3.89839,3.02396,4.27838,4.40205,46.79912,52.31954,1.02092,0.74793,4.24186,0.77157
2026021107,2027-03-11,OTT,MIN,0.53810,0.42146,0.34759,0.11664,0.11431,0.23095,0.54234,0.54977,3.18332,2.92196,29.97902,28.40555,3.40510,3.06453,3.83247,4.05150,55.52737,52.61318,0.81616,0.84241,3.99111,0.48783
2026021108,2027-03-11,TBL,NJD,0.57759,0.45862,0.31405,0.11898,0.10836,0.22733,0.62330,0.57277,3.31873,2.86773,29.64681,31.08449,3.40563,3.15656,3.71458,4.17981,54.91218,57.57500,0.68328,0.79490,4.02372,0.64100
2026021109,2027-03-11,PIT,BOS,0.55524,0.43927,0.33507,0.11597,0.10970,0.22567,0.54426,0.57284,3.43591,3.09061,30.29204,28.19322,3.60709,3.21519,4.19176,3.54583,56.10711,52.21962,0.84283,0.71515,4.11008,0.59368
2026021110,2027-03-11,CBJ,VAN,0.70451,0.60523,0.19672,0.09927,0.09877,0.19804,0.64398,0.68117,3.75556,2.01933,29.56266,24.58424,3.87585,2.34967,3.29903,3.28515,54.75642,45.53523,0.71314,0.57032,4.12741,0.57703
2026021111,2027-03-11,STL,SJS,0.58669,0.46813,0.30256,0.11856,0.11075,0.22931,0.62304,0.57730,3.20240,2.62878,27.86037,27.88963,3.30300,2.87309,4.33369,4.30525,51.60331,51.65767,0.75853,0.74619,3.93331,0.64073
2026021112,2027-03-11,WPG,TOR,0.58098,0.47377,0.29755,0.10721,0.12147,0.22868,0.57552,0.55526,3.30091,2.38542,30.45311,24.38369,3.48621,2.59172,4.02492,3.15724,56.40568,45.16399,0.81792,0.56920,3.93144,0.60573
2026021113,2027-03-11,EDM,NSH,0.60190,0.48932,0.28638,0.11258,0.11172,0.22430,0.59351,0.59374,3.41571,2.57694,31.51993,25.61388,3.63110,2.80628,3.40421,3.50966,58.38179,47.44242,0.83764,0.75006,4.00758,0.65947
2026021114,2027-03-11,COL,NYR,0.65303,0.52633,0.25217,0.12670,0.09480,0.22150,0.64928,0.67132,3.33667,2.62512,31.84904,24.48084,3.56101,2.79788,3.80934,3.95420,58.99088,45.34381,0.80610,0.79764,3.98391,0.59267
2026021115,2027-03-11,SEA,LAK,0.45486,0.33688,0.43263,0.11799,0.11251,0.23049,0.52163,0.47767,2.73128,3.24628,29.11337,32.37520,2.99425,3.40885,3.73518,3.62919,53.92491,59.96617,0.64653,0.84125,3.97093,0.42393
2026021116,2027-03-11,VGK,PHI,0.61312,0.48724,0.28457,0.12588,0.10231,0.22819,0.59412,0.63804,3.17185,2.65807,29.35666,26.37384,3.32156,2.84658,3.70955,4.09976,54.37478,48.85005,0.78762,0.74102,3.92794,0.65824
2026021117,2027-03-12,DET,BUF,0.47284,0.36960,0.39890,0.10324,0.12826,0.23150,0.48322,0.46332,3.18862,2.97980,29.39776,27.44635,3.32766,3.09690,4.27719,3.72232,54.45116,50.83648,0.85395,0.74070,4.00691,0.51083
2026021118,2027-03-12,FLA,NYI,0.60037,0.47959,0.29438,0.12078,0.10526,0.22604,0.57977,0.61897,3.31747,2.75949,26.47995,29.28637,3.50326,2.87365,3.47882,4.34145,49.04640,54.24482,0.89264,0.70708,4.00138,0.57838
2026021119,2027-03-12,CAR,CGY,0.74972,0.64409,0.16844,0.10563,0.08184,0.18747,0.68447,0.75159,3.90547,2.17341,32.55736,23.50974,4.02873,2.43633,3.73546,3.71540,60.30303,43.54525,0.81493,0.51565,4.20639,0.76595
2026021120,2027-03-13,PIT,WSH,0.51206,0.39461,0.37703,0.11745,0.11091,0.22836,0.52689,0.53541,3.17304,3.21711,29.15858,28.72418,3.48692,3.21659,3.97808,4.02371,54.00757,53.20298,0.73149,0.78692,4.06501,0.55095
2026021121,2027-03-13,WPG,NSH,0.54001,0.42751,0.33820,0.11251,0.12179,0.23429,0.56656,0.52504,3.09562,2.61692,28.07180,26.41310,3.27428,2.79201,3.74160,3.59954,51.99499,48.92284,0.68349,0.71196,3.89139,0.63069
2026021122,2027-03-13,COL,CHI,0.74637,0.63879,0.17174,0.10758,0.08189,0.18947,0.72048,0.73849,3.91356,2.23689,32.70131,22.80391,3.94993,2.52955,3.27734,3.87223,60.56957,42.23775,0.74734,0.63039,4.21054,0.81685
2026021123,2027-03-13,STL,ANA,0.52315,0.41591,0.35493,0.10724,0.12192,0.22916,0.58162,0.49398,3.31569,2.86014,25.18859,29.87567,3.52720,3.10122,4.23318,4.12699,46.65449,55.33620,0.74174,0.83271,4.02108,0.63821
2026021124,2027-03-13,BOS,CGY,0.65482,0.56203,0.23114,0.09279,0.11404,0.20683,0.59759,0.61110,3.81269,2.09488,29.10344,26.15250,3.87347,2.53105,3.93217,3.54346,53.90574,48.44024,0.87618,0.51759,4.15769,0.61277
2026021125,2027-03-13,TOR,VAN,0.58767,0.46900,0.29887,0.11867,0.11346,0.23214,0.60848,0.57940,3.08555,2.46474,26.05317,28.96165,3.27442,2.83760,2.95511,3.72540,48.25616,53.64321,0.61607,0.68312,3.85619,0.60738
2026021126,2027-03-13,OTT,MTL,0.53844,0.42495,0.34619,0.11349,0.11537,0.22885,0.54563,0.54291,3.31345,2.96479,30.06136,25.31503,3.59124,3.02819,3.65636,4.10457,55.67972,46.88889,0.76377,0.86272,4.04295,0.57065
2026021127,2027-03-13,TBL,NYI,0.66551,0.56570,0.22838,0.09981,0.10610,0.20591,0.62919,0.63536,3.77406,2.22814,28.61197,27.52962,3.73583,2.60410,3.68152,4.09698,52.99530,50.99095,0.91671,0.54563,4.13938,0.70544
2026021128,2027-03-13,CAR,NJD,0.61351,0.47761,0.29626,0.13590,0.09023,0.22613,0.66100,0.64761,3.27207,3.17878,30.99417,29.39449,3.46844,3.26442,3.36423,4.04151,57.40784,54.44507,0.63245,0.83454,4.08185,0.63857
2026021129,2027-03-13,CBJ,SJS,0.64688,0.54306,0.24538,0.10383,0.10773,0.21156,0.62221,0.62274,3.73671,2.39908,30.84344,26.74915,3.77008,2.70485,4.23715,4.14329,57.12869,49.54517,0.91706,0.68490,4.12913,0.67303
2026021130,2027-03-13,UTA,PHI,0.58246,0.45472,0.31291,0.12774,0.10463,0.23237,0.56025,0.61820,3.03762,2.77918,29.33467,28.20739,3.30279,3.04842,4.18176,4.32142,54.33397,52.24581,0.74996,0.84034,3.90907,0.65795
2026021131,2027-03-13,LAK,DAL,0.46907,0.35616,0.41322,0.11291,0.11771,0.23062,0.47821,0.49210,2.99593,3.20094,32.47463,29.81983,3.41206,3.27602,4.52824,4.33221,60.15035,55.23311,0.75455,0.90923,4.01505,0.48464
2026021132,2027-03-13,VGK,NYR,0.60543,0.47969,0.29049,0.12573,0.10409,0.22982,0.60288,0.62423,3.10738,2.62273,31.05284,25.32462,3.38742,2.72392,3.82675,3.97757,57.51624,46.90667,0.77525,0.75233,3.89693,0.45720
2026021133,2027-03-13,SEA,EDM,0.40575,0.29395,0.47980,0.11180,0.11445,0.22625,0.48191,0.42926,2.55252,3.33592,25.62534,31.63269,2.81956,3.40202,3.39046,3.30828,47.46379,58.59075,0.60707,0.98077,3.97288,0.36352
2026021134,2027-03-14,PIT,DET,0.51716,0.38631,0.38304,0.13085,0.09980,0.23065,0.56776,0.56282,2.90945,3.37690,26.48296,28.92522,3.18994,3.35706,3.48532,3.80472,49.05195,53.57546,0.65909,0.90374,4.05312,0.58580
2026021135,2027-03-14,CHI,ANA,0.42459,0.31946,0.45433,0.10513,0.12108,0.22622,0.48410,0.42681,2.96795,3.35344,23.78815,30.78536,3.23105,3.39478,4.00200,3.58879,44.06063,57.02108,0.76264,0.77739,4.05743,0.51136
2026021136,2027-03-14,OTT,VAN,0.71830,0.62512,0.18582,0.09319,0.09587,0.18906,0.66851,0.68365,4.00099,2.03521,30.56693,23.51947,4.12704,2.30763,3.41206,3.40215,56.61647,43.56332,0.86059,0.55611,4.26184,0.61764
2026021137,2027-03-14,MIN,BUF,0.53929,0.43609,0.33653,0.10320,0.12418,0.22738,0.53539,0.51804,3.51516,2.79442,31.54346,29.78375,3.65561,2.99658,4.28201,3.99625,58.42550,55.16589,0.93027,0.72872,4.08083,0.60412
2026021138,2027-03-15,WSH,TBL,0.45742,0.34164,0.43023,0.11578,0.11235,0.22813,0.51413,0.47988,2.86031,3.32187,30.24548,32.52210,3.18564,3.54588,4.85059,4.16099,56.02081,60.23730,0.73766,0.83374,4.02406,0.40721
2026021139,2027-03-15,BOS,NYI,0.55637,0.44070,0.32948,0.11567,0.11416,0.22983,0.57785,0.55366,3.20706,2.77541,25.97982,29.45829,3.39822,2.98418,3.43081,4.00403,48.12009,54.56327,0.77037,0.68472,3.96543,0.53802
2026021140,2027-03-15,BUF,SJS,0.63178,0.50360,0.27262,0.12819,0.09560,0.22379,0.66799,0.64407,3.35409,2.84420,29.19979,28.84233,3.46410,3.05649,4.11668,4.58792,54.08436,53.42234,0.81476,0.78823,4.03118,0.70187
2026021141,2027-03-15,TOR,FLA,0.39815,0.29171,0.48467,0.10643,0.11719,0.22362,0.50377,0.40077,2.72746,3.43938,26.17638,31.14643,2.89438,3.57907,3.78751,4.06201,48.48450,57.68990,0.66735,1.00885,4.04218,0.53495
2026021142,2027-03-15,UTA,DAL,0.50428,0.38099,0.38610,0.12330,0.10961,0.23291,0.50714,0.54528,2.89520,3.13757,30.45842,28.20122,3.33897,3.24835,4.66736,4.58649,56.41476,52.23387,0.70072,0.93178,3.97047,0.44173
2026021143,2027-03-15,COL,EDM,0.60349,0.47361,0.29801,0.12988,0.09849,0.22837,0.62140,0.63039,3.20227,2.91413,29.15326,27.77783,3.44349,3.11235,3.39206,3.51478,53.99772,51.45052,0.78464,0.89490,3.99531,0.57775
2026021144,2027-03-15,CGY,NSH,0.46138,0.34050,0.42530,0.12088,0.11332,0.23420,0.53730,0.48209,2.59342,3.07733,27.53707,28.97976,2.93721,3.21096,3.50717,3.90897,51.00474,53.67677,0.51631,0.79375,3.88050,0.45874
2026021145,2027-03-15,SEA,STL,0.47228,0.35702,0.40541,0.11526,0.12231,0.23758,0.49647,0.48596,2.72283,2.85471,27.65906,27.20663,2.93655,2.98799,3.86201,3.80811,51.23080,50.39261,0.67045,0.67241,3.83559,0.50968
2026021146,2027-03-15,VGK,WPG,0.61978,0.49150,0.27940,0.12828,0.10082,0.22910,0.60056,0.64766,3.12619,2.62623,28.71466,24.84110,3.29496,2.68817,3.46594,3.71711,53.18560,46.01108,0.75388,0.67381,3.90455,0.46600
2026021147,2027-03-16,MTL,FLA,0.56041,0.46151,0.31827,0.09890,0.12132,0.22022,0.57299,0.52295,3.74891,2.78545,27.75775,27.64238,3.62253,3.09902,4.47193,3.33783,51.41319,51.19946,1.08488,0.74053,4.17069,0.51840
2026021148,2027-03-16,NYR,OTT,0.45937,0.33952,0.42628,0.11985,0.11436,0.23420,0.50854,0.48718,2.62509,3.09216,25.37433,30.94166,2.81293,3.29021,3.96414,4.23859,46.99891,57.31043,0.71546,0.85660,3.89275,0.60104
2026021149,2027-03-16,PHI,DET,0.52473,0.40479,0.36088,0.11994,0.11439,0.23432,0.56165,0.53390,2.92908,2.84464,25.87485,27.62768,3.15451,2.93734,3.48084,3.99951,47.92574,51.17251,0.73142,0.83833,3.89212,0.43668
2026021150,2027-03-16,CBJ,PIT,0.57193,0.47183,0.30611,0.10010,0.12196,0.22206,0.54950,0.54448,3.69666,2.66508,31.21997,28.45962,3.78954,2.94651,3.92917,3.98125,57.82553,52.71298,0.76330,0.70364,4.13507,0.49476
2026021151,2027-03-16,CHI,SJS,0.50980,0.39724,0.36923,0.11256,0.12097,0.23353,0.52734,0.51023,3.07061,2.85963,27.38016,28.62634,3.23448,3.01548,4.39748,3.76325,50.71401,53.02226,0.88681,0.64116,3.93992,0.51331
2026021152,2027-03-16,ANA,CAR,0.34565,0.24915,0.54400,0.09650,0.11034,0.20685,0.41856,0.36830,2.92044,4.08617,27.28684,30.66615,3.13251,4.01563,4.32441,3.93635,50.54121,56.80010,0.74881,1.01804,4.32384,0.25504
2026021153,2027-03-16,LAK,WPG,0.58758,0.47788,0.29552,0.10970,0.11690,0.22660,0.53822,0.58648,3.34646,2.48885,30.63264,27.49629,3.47901,2.76107,3.74493,3.62729,56.73845,50.92942,0.82293,0.66531,3.96586,0.50745
2026021154,2027-03-17,WSH,NYI,0.56639,0.44510,0.32307,0.12128,0.11054,0.23182,0.59479,0.57147,3.09802,2.74955,25.75353,28.73777,3.25432,2.97665,3.72797,3.78348,47.70102,53.22864,0.76574,0.64163,3.92209,0.57906
2026021155,2027-03-17,TOR,TBL,0.37674,0.26972,0.50921,0.10701,0.11406,0.22107,0.45219,0.40286,2.49347,3.45063,26.06766,33.25190,2.81359,3.57885,3.92194,4.29050,48.28311,61.58963,0.61171,0.89836,4.01201,0.39766
2026021156,2027-03-17,COL,MIN,0.58655,0.45422,0.31640,0.13233,0.09705,0.22938,0.60273,0.62583,3.17599,3.11289,31.69798,27.89241,3.43087,3.25961,3.52748,4.04470,58.71114,51.66262,0.76657,0.93008,4.03737,0.60055
2026021157,2027-03-17,CGY,DAL,0.38692,0.27401,0.50358,0.11291,0.10949,0.22240,0.46076,0.42688,2.37671,3.42948,26.58949,27.94042,2.76471,3.40510,4.18051,4.28743,49.24975,51.75161,0.56323,0.88797,3.98846,0.34390
2026021158,2027-03-17,VAN,NSH,0.42558,0.31102,0.46005,0.11456,0.11437,0.22893,0.48137,0.45447,2.60843,3.27299,27.51281,29.60557,2.92039,3.36285,3.48678,3.51758,50.95983,54.83592,0.59545,0.81664,3.95746,0.50519
2026021159,2027-03-17,VGK,SEA,0.67227,0.55518,0.22983,0.11709,0.09790,0.21499,0.63899,0.67653,3.42534,2.32493,30.11203,24.12943,3.59285,2.51401,3.36859,3.51363,55.77381,44.69299,0.82989,0.54842,3.97885,0.61659
2026021160,2027-03-18,BUF,WSH,0.59579,0.48345,0.29457,0.11233,0.10965,0.22198,0.57567,0.59687,3.48931,2.72518,29.29804,27.79812,3.63026,2.93295,3.98705,4.22078,54.26625,51.48838,0.80021,0.70896,4.05975,0.53690
2026021161,2027-03-18,MTL,TBL,0.52857,0.42723,0.34511,0.10135,0.12631,0.22766,0.52177,0.50571,3.51439,2.80832,28.85433,30.36535,3.59211,3.13554,4.65420,3.51952,53.44405,56.24258,0.99376,0.64054,4.08283,0.38271
2026021162,2027-03-18,OTT,FLA,0.53830,0.42961,0.34309,0.10869,0.11862,0.22731,0.56847,0.52170,3.42916,2.92875,30.22558,26.56028,3.53294,3.04157,4.37030,3.94343,55.98411,49.19539,0.88988,0.86976,4.07413,0.54706
2026021163,2027-03-18,DET,CBJ,0.48650,0.36956,0.39686,0.11695,0.11664,0.23359,0.53321,0.49758,2.88319,3.02771,27.84929,28.61052,3.09044,3.23356,3.93045,3.67486,51.58297,52.99276,0.81239,0.73795,3.93290,0.54306
2026021164,2027-03-18,NJD,PIT,0.58739,0.48475,0.29773,0.10264,0.11488,0.21752,0.53448,0.58112,3.86662,2.85751,32.27900,29.37655,3.86697,3.03069,3.75906,3.89057,59.78724,54.41143,0.88732,0.64074,4.22644,0.56239
2026021165,2027-03-18,NYR,TOR,0.61148,0.50351,0.27267,0.10797,0.11585,0.22382,0.57314,0.59673,3.36944,2.30824,29.95861,25.63921,3.53753,2.59006,4.13772,3.47097,55.48987,47.48943,0.93039,0.58978,3.95162,0.61596
2026021166,2027-03-18,PHI,BOS,0.49611,0.38060,0.38844,0.11550,0.11546,0.23096,0.53808,0.50531,3.02001,3.08046,30.13279,29.81425,3.39241,3.20052,4.19676,4.14633,55.81235,55.22238,0.78688,0.83914,3.98516,0.44632
2026021167,2027-03-18,WPG,SJS,0.58441,0.47067,0.30131,0.11374,0.11428,0.22802,0.61067,0.56715,3.26767,2.56203,27.99141,26.54779,3.29941,2.78348,3.89917,3.98845,51.84615,49.17215,0.85374,0.68362,3.94591,0.74756
2026021168,2027-03-18,EDM,STL,0.59903,0.48919,0.28546,0.10984,0.11552,0.22536,0.56458,0.59102,3.37178,2.44663,31.37428,24.69854,3.49140,2.71672,3.66318,3.75435,58.11203,45.74690,0.98442,0.61131,3.97041,0.68334
2026021169,2027-03-18,ANA,UTA,0.47109,0.35657,0.41711,0.11452,0.11180,0.22633,0.51461,0.49259,3.03112,3.36650,28.89890,27.30081,3.30222,3.54895,4.33734,4.17603,53.52677,50.56662,0.86916,0.88389,4.07544,0.39052
2026021170,2027-03-18,LAK,CAR,0.38588,0.29385,0.47948,0.09204,0.13464,0.22668,0.42522,0.36841,3.09164,3.30380,31.69130,35.01687,3.36003,3.51429,4.50417,3.91540,58.69945,64.85901,0.76431,0.83826,4.06977,0.43879
2026021171,2027-03-19,MIN,CGY,0.66951,0.57045,0.22260,0.09905,0.10789,0.20695,0.62461,0.63664,3.68901,2.08977,30.83501,26.33080,3.81518,2.42893,3.92370,3.38988,57.11298,48.77030,0.88950,0.52191,4.09246,0.70456
2026021172,2027-03-19,UTA,CHI,0.64090,0.51397,0.25993,0.12692,0.09917,0.22609,0.64785,0.65249,3.17534,2.50211,28.24815,24.59482,3.39924,2.71859,3.30169,4.11930,52.32171,45.55477,0.61073,0.76675,3.89869,0.70700
2026021173,2027-03-19,SEA,COL,0.33825,0.24645,0.53560,0.09180,0.12615,0.21795,0.40940,0.33588,2.66013,3.44969,25.86874,32.11454,2.90796,3.49499,3.90575,3.42614,47.91469,59.48292,0.65320,0.84533,4.03537,0.33079
2026021174,2027-03-20,BUF,FLA,0.52610,0.40636,0.36465,0.11973,0.10925,0.22898,0.59073,0.53207,3.18305,3.18103,29.45179,29.23241,3.32910,3.31709,4.48507,4.10461,54.55098,54.14479,0.77645,0.92063,4.05773,0.53655
2026021175,2027-03-20,DET,MTL,0.47125,0.35665,0.41353,0.11460,0.11522,0.22982,0.50145,0.49218,2.97963,3.24595,28.73427,25.99926,3.24783,3.24809,3.64021,3.65129,53.22197,48.15619,0.74541,0.91565,4.02522,0.52943
2026021176,2027-03-20,NYI,PHI,0.52945,0.41032,0.35270,0.11913,0.11785,0.23698,0.53440,0.54219,2.89649,2.69725,29.26329,26.35899,3.07451,3.00653,4.12426,3.64353,54.20234,48.82251,0.67014,0.73574,3.84186,0.63260
2026021177,2027-03-20,EDM,DAL,0.51518,0.40031,0.36833,0.11486,0.11649,0.23136,0.51793,0.52938,3.13498,2.99946,31.97472,26.57268,3.45448,3.14608,4.01944,4.05359,59.22390,49.21780,0.85918,0.87624,3.99560,0.54137
2026021178,2027-03-20,NSH,BOS,0.49504,0.37510,0.39374,0.11994,0.11122,0.23116,0.51488,0.52601,2.94198,3.17252,28.59675,29.35905,3.23916,3.34566,3.96096,3.83854,52.96747,54.37918,0.78308,0.74774,3.99299,0.54719
2026021179,2027-03-20,OTT,TBL,0.50123,0.38743,0.38224,0.11380,0.11652,0.23033,0.51717,0.51417,3.13317,3.09550,31.34822,30.44055,3.47724,3.17620,4.53856,4.37136,58.06323,56.38208,0.78876,0.81627,4.02060,0.41323
2026021180,2027-03-20,NJD,TOR,0.64081,0.53491,0.25146,0.10590,0.10773,0.21363,0.57265,0.63715,3.68095,2.43844,33.64324,24.72485,3.89393,2.59287,3.93977,3.14139,62.31461,45.79605,0.91832,0.52754,4.10615,0.57824
2026021181,2027-03-20,WPG,CBJ,0.47273,0.35625,0.40845,0.11648,0.11882,0.23530,0.53809,0.47812,2.76219,2.97389,26.98753,29.07257,2.94069,3.14508,3.76899,3.89052,49.98689,53.84868,0.71418,0.72814,3.88439,0.63275
2026021182,2027-03-20,NYR,PIT,0.51967,0.41431,0.35531,0.10536,0.12503,0.23039,0.53498,0.50019,3.33502,2.82193,28.89542,30.70879,3.37382,3.11284,3.96944,4.34466,53.52013,56.87892,0.83555,0.73796,4.02000,0.60018
2026021183,2027-03-20,VAN,STL,0.41724,0.30346,0.46575,0.11378,0.11700,0.23078,0.45183,0.45168,2.49473,3.16004,27.43913,27.72574,2.79392,3.22548,3.82840,3.68106,50.82345,51.35411,0.69584,0.66248,3.89247,0.53343
2026021184,2027-03-20,ANA,VGK,0.42632,0.31466,0.46153,0.11166,0.11215,0.22381,0.47991,0.45378,2.87728,3.54742,27.52218,27.99270,3.12334,3.61434,4.14984,3.75007,50.97681,51.84817,0.74599,0.92357,4.10785,0.39037
2026021185,2027-03-20,SJS,CAR,0.30950,0.22456,0.56843,0.08495,0.12207,0.20701,0.37713,0.30966,2.86671,3.87450,28.72194,35.23479,3.07157,3.77479,4.96162,4.21721,53.19964,65.26251,0.74526,1.05017,4.23236,0.25219
2026021186,2027-03-21,MIN,UTA,0.55829,0.45311,0.31816,0.10517,0.12355,0.22873,0.58014,0.52478,3.38218,2.56533,29.31915,28.72963,3.51531,2.89966,4.20412,3.73668,54.30508,53.21324,0.99402,0.67446,3.99220,0.61235
2026021187,2027-03-21,NYI,BUF,0.45099,0.34439,0.42287,0.10659,0.12614,0.23274,0.47891,0.45153,2.94196,3.02875,30.15688,26.76742,3.17850,3.09747,4.21184,3.56352,55.85743,49.57906,0.65889,0.73053,3.94886,0.50398
2026021188,2027-03-21,COL,CHI,0.75124,0.64333,0.16804,0.10791,0.08071,0.18863,0.72048,0.74592,3.89584,2.21167,32.38241,22.76182,3.93232,2.51706,3.23761,3.91612,59.97889,42.15973,0.74085,0.62946,4.20130,0.81685
2026021189,2027-03-21,NYR,WSH,0.45951,0.33944,0.42965,0.12007,0.11084,0.23091,0.51158,0.49188,2.72311,3.26776,27.90866,31.52321,3.10298,3.26736,3.78432,4.65147,51.69284,58.38767,0.69358,0.93321,3.97711,0.60693
2026021190,2027-03-21,CGY,STL,0.47819,0.36149,0.39882,0.11670,0.12299,0.23969,0.50769,0.48899,2.66708,2.76301,28.12264,26.91216,2.91833,2.97458,3.87098,3.91509,52.08932,49.84715,0.65874,0.57460,3.79084,0.48720
2026021191,2027-03-21,SEA,LAK,0.44741,0.33253,0.43540,0.11488,0.11719,0.23207,0.52163,0.45832,2.69510,3.12649,28.13296,31.45682,2.97889,3.31755,3.70387,3.62743,52.10887,58.26512,0.64364,0.81707,3.92034,0.42393
2026021192,2027-03-21,VAN,EDM,0.35090,0.24532,0.54035,0.10558,0.10874,0.21433,0.43744,0.38665,2.31802,3.57186,25.48017,32.04305,2.68749,3.62646,3.43403,3.08556,47.19483,59.35098,0.64584,0.92643,4.04808,0.38396
2026021193,2027-03-22,PIT,CBJ,0.49276,0.36514,0.40451,0.12762,0.10273,0.23035,0.55090,0.53497,2.81811,3.37419,27.78758,30.14710,3.12011,3.43669,3.93064,3.76995,51.46828,55.83851,0.69681,0.74102,4.03417,0.58834
2026021194,2027-03-22,MTL,TOR,0.64866,0.54601,0.24363,0.10265,0.10771,0.21036,0.61786,0.62439,3.76502,2.38465,29.69915,24.81577,3.85727,2.67236,4.14239,2.99607,55.00925,45.96420,1.00023,0.54197,4.14162,0.52485
2026021195,2027-03-22,ANA,SJS,0.58708,0.46569,0.31096,0.12139,0.10196,0.22335,0.59256,0.60790,3.46960,3.10007,30.54951,25.52100,3.61828,3.28676,4.38833,4.33193,56.58424,47.27028,0.99532,0.85005,4.12283,0.54297
2026021196,2027-03-23,BOS,BUF,0.49098,0.38572,0.38404,0.10526,0.12499,0.23024,0.50702,0.48112,3.27660,3.00720,29.34407,30.12513,3.46512,3.24526,4.14092,4.30525,54.35163,55.79816,0.78934,0.78495,4.04091,0.50191
2026021197,2027-03-23,TBL,FLA,0.56826,0.46059,0.31673,0.10766,0.11501,0.22268,0.60070,0.54443,3.57239,2.84690,32.80828,30.35326,3.64782,3.19553,4.63358,4.43132,60.76738,56.22038,0.89505,0.85379,4.11088,0.66885
2026021198,2027-03-23,NJD,PHI,0.58903,0.47664,0.29903,0.11239,0.11194,0.22432,0.54066,0.59920,3.43296,2.68886,32.80423,29.37694,3.59541,2.94339,4.04738,3.89788,60.76071,54.41244,0.87536,0.65456,4.03204,0.69885
2026021199,2027-03-23,WSH,DET,0.54806,0.42865,0.34110,0.11941,0.11084,0.23025,0.59063,0.55176,3.15527,2.92412,26.44243,28.33922,3.24463,3.13862,3.74321,3.81840,48.97700,52.49034,0.77744,0.81974,3.98276,0.57402
2026021200,2027-03-23,NSH,NYR,0.50522,0.38276,0.38171,0.12245,0.11308,0.23553,0.53614,0.52942,2.80760,2.95494,29.24346,28.62497,3.12964,3.08082,4.13532,3.96100,54.16533,53.01969,0.76251,0.77169,3.89022,0.43709
2026021201,2027-03-23,DAL,CAR,0.43500,0.33866,0.43114,0.09634,0.13386,0.23019,0.49683,0.40123,3.26038,3.13776,26.75883,33.61046,3.33227,3.42763,4.62945,4.27788,49.56293,62.25340,0.82101,0.76689,4.06800,0.49257
2026021202,2027-03-23,MIN,CHI,0.69432,0.59416,0.20583,0.10016,0.09985,0.20000,0.67512,0.65963,3.82597,2.15304,30.58176,25.14070,3.82105,2.48189,3.48079,3.66848,56.64410,46.56600,0.84342,0.60247,4.16477,0.76745
2026021203,2027-03-23,WPG,STL,0.54209,0.43095,0.33358,0.11114,0.12433,0.23547,0.53721,0.53192,3.06654,2.50633,28.19314,25.63842,3.15256,2.71891,4.04280,3.83605,52.21982,47.48793,0.81255,0.57908,3.85718,0.65435
2026021204,2027-03-23,COL,UTA,0.62160,0.50158,0.27615,0.12002,0.10225,0.22227,0.63151,0.62587,3.42721,2.72350,30.40983,26.02344,3.57606,2.99270,3.86567,4.04689,56.32508,48.20081,0.87439,0.74525,4.03562,0.67199
2026021205,2027-03-23,CGY,EDM,0.39637,0.28221,0.49103,0.11416,0.11259,0.22675,0.49311,0.42273,2.35217,3.27685,25.10384,31.59484,2.68078,3.41844,3.43495,3.56162,46.49775,58.52051,0.57221,0.89353,3.91795,0.34139
2026021206,2027-03-23,SEA,VGK,0.38018,0.27915,0.49374,0.10102,0.12608,0.22710,0.45809,0.37781,2.60397,3.19552,25.30279,30.12873,2.78202,3.28598,3.80404,3.38553,46.86637,55.80482,0.60522,0.82425,3.92690,0.46183
2026021207,2027-03-23,VAN,LAK,0.39732,0.28547,0.48936,0.11185,0.11332,0.22517,0.47686,0.42438,2.46589,3.34160,27.68123,31.64813,2.80807,3.50013,3.70589,3.44437,51.27210,58.61951,0.67735,0.77587,3.96198,0.44500
2026021208,2027-03-24,MTL,OTT,0.49992,0.38675,0.38302,0.11317,0.11706,0.23024,0.55476,0.49684,3.15951,3.11137,25.16243,29.81284,3.22240,3.34596,4.06948,3.63289,46.60624,55.21942,0.85516,0.77328,4.03230,0.51140
2026021209,2027-03-24,DET,WSH,0.50338,0.39262,0.37583,0.11075,0.12079,0.23155,0.50910,0.50774,3.13426,2.94302,28.45075,26.44983,3.38321,3.02157,3.81168,3.65921,52.69701,48.99075,0.82698,0.77460,3.98093,0.50692
2026021210,2027-03-24,SJS,ANA,0.47334,0.37062,0.40260,0.10272,0.12406,0.22678,0.50710,0.46021,3.39062,3.23355,26.16041,30.79630,3.59093,3.35698,4.52715,4.43425,48.45462,57.04146,0.89341,0.98715,4.12941,0.53897
2026021211,2027-03-25,BOS,OTT,0.49924,0.39124,0.38019,0.10801,0.12057,0.22857,0.52983,0.49175,3.25044,3.04292,27.76188,30.37123,3.28417,3.32275,4.03665,3.97342,51.42097,56.25397,0.80556,0.80668,4.04139,0.49104
2026021212,2027-03-25,BUF,TOR,0.64513,0.52929,0.25244,0.11584,0.10243,0.21827,0.63492,0.64191,3.48066,2.49882,31.18401,25.11634,3.69897,2.70623,4.20517,3.49097,57.75946,46.52113,0.81277,0.60676,4.02380,0.54384
2026021213,2027-03-25,TBL,PHI,0.63092,0.51814,0.26310,0.11278,0.10598,0.21876,0.61423,0.62512,3.51249,2.52518,32.36522,30.20572,3.61649,2.95497,4.31915,4.55180,59.94712,55.94722,0.85477,0.70475,4.04070,0.78861
2026021214,2027-03-25,FLA,NYR,0.58564,0.46491,0.30714,0.12073,0.10722,0.22795,0.57314,0.60368,3.23126,2.76353,30.53454,28.14880,3.51751,2.89575,4.19187,4.38052,56.55630,52.13769,0.91594,0.83084,3.97135,0.47309
2026021215,2027-03-25,PIT,NJD,0.49602,0.37193,0.40111,0.12409,0.10287,0.22696,0.56582,0.52732,3.06259,3.54107,28.69348,31.93153,3.24933,3.53929,3.80626,3.67512,53.14625,59.14366,0.63082,0.86956,4.13930,0.51951
2026021216,2027-03-25,CAR,DAL,0.62449,0.49440,0.28076,0.13009,0.09475,0.22484,0.60244,0.66416,3.34678,2.95223,31.82486,25.28720,3.62946,3.02192,4.15097,4.42587,58.94617,46.83720,0.76347,0.79410,4.05115,0.58813
2026021217,2027-03-25,CBJ,CHI,0.68839,0.58802,0.21004,0.10038,0.10156,0.20194,0.64358,0.66222,3.79142,2.15159,30.30336,24.49580,3.81611,2.46660,3.55832,3.83955,56.12847,45.37153,0.70935,0.61991,4.14675,0.69337
2026021218,2027-03-25,STL,NYI,0.51324,0.39241,0.37088,0.12083,0.11588,0.23671,0.57218,0.51718,2.82624,2.82518,24.99694,29.76437,3.10658,2.94568,3.69834,4.24291,46.29969,55.13024,0.61278,0.74576,3.85591,0.51671
2026021219,2027-03-25,WPG,COL,0.39654,0.30276,0.46477,0.09378,0.13868,0.23247,0.44937,0.36899,2.93280,3.02289,25.92773,30.11375,3.06306,3.15776,4.06029,3.46924,48.02365,55.77698,0.77602,0.73608,3.94463,0.48183
2026021220,2027-03-25,MIN,EDM,0.53707,0.42340,0.34549,0.11367,0.11744,0.23111,0.56958,0.52960,3.19582,2.83071,28.25917,31.00823,3.41442,3.06490,3.66611,3.32316,52.34183,57.43391,0.89135,0.85262,3.97386,0.51573
2026021221,2027-03-25,CGY,LAK,0.44006,0.31985,0.44675,0.12021,0.11319,0.23340,0.53281,0.46133,2.45824,3.10843,26.95799,31.00659,2.79401,3.32870,3.61857,3.80692,49.93237,57.43106,0.58622,0.74134,3.86514,0.40224
2026021222,2027-03-25,SEA,ANA,0.49844,0.39869,0.37308,0.09975,0.12848,0.22822,0.52843,0.46679,3.40710,2.88988,26.04076,30.08114,3.53264,3.16739,3.83321,3.67701,48.23303,55.71669,0.78877,0.77988,4.05881,0.60850
2026021223,2027-03-25,VAN,VGK,0.33191,0.23519,0.54919,0.09672,0.11891,0.21563,0.41406,0.34603,2.37769,3.43885,24.75241,30.35353,2.61822,3.47606,3.77909,3.22187,45.84689,56.22124,0.63741,0.78799,3.99276,0.48491
2026021224,2027-03-26,WSH,BOS,0.57107,0.46140,0.31338,0.10967,0.11555,0.22522,0.56742,0.56184,3.49065,2.77784,29.68962,27.46427,3.53203,3.10369,4.34934,3.52741,54.99153,50.86975,0.90948,0.68346,4.06884,0.58182
2026021225,2027-03-26,CHI,NSH,0.40164,0.28667,0.48966,0.11498,0.10870,0.22368,0.48180,0.43890,2.47450,3.46079,25.94189,29.61779,2.86316,3.38074,3.78273,3.63734,48.05004,54.85864,0.55369,0.84444,4.01395,0.38469
2026021226,2027-03-26,UTA,SJS,0.63847,0.51799,0.26161,0.12048,0.09993,0.22040,0.62658,0.64871,3.43335,2.63921,29.63944,26.74502,3.55712,2.88269,4.23783,4.52603,54.89858,49.53737,0.89566,0.79614,4.02424,0.68806
2026021227,2027-03-27,EDM,LAK,0.57587,0.45945,0.31176,0.11642,0.11237,0.22879,0.58915,0.57349,3.25900,2.70604,31.58369,28.97976,3.47892,3.03861,3.46650,3.61457,58.50032,53.67668,0.91615,0.75266,3.96956,0.59506
2026021228,2027-03-27,MIN,SEA,0.65640,0.55209,0.23658,0.10431,0.10702,0.21133,0.63507,0.62929,3.63293,2.25225,30.27688,26.44446,3.73100,2.54001,3.58302,3.28589,56.07927,48.98095,0.94881,0.54671,4.07048,0.68407
2026021229,2027-03-27,VAN,ANA,0.41800,0.31465,0.45829,0.10335,0.12370,0.22705,0.48367,0.41376,2.89653,3.25334,24.68839,30.74466,3.16883,3.44332,3.73262,3.62017,45.72818,56.94573,0.76226,0.80347,4.00856,0.63403
2026021230,2027-03-27,FLA,PHI,0.59781,0.47944,0.29618,0.11837,0.10601,0.22438,0.56420,0.61778,3.39453,2.79592,30.16328,29.88297,3.53294,3.02728,4.13665,4.48568,55.86893,55.34964,0.95411,0.79563,4.03634,0.66999
2026021231,2027-03-27,TOR,OTT,0.39419,0.28195,0.49513,0.11224,0.11068,0.22292,0.48524,0.42250,2.49167,3.45649,23.69477,32.55372,2.67979,3.62516,3.49084,4.16200,43.88804,60.29646,0.58981,0.91767,4.01428,0.52823
2026021232,2027-03-27,MTL,NJD,0.53984,0.42461,0.34747,0.11523,0.11268,0.22792,0.59610,0.53223,3.34467,3.06759,26.62325,31.19629,3.35148,3.32878,3.75857,3.42758,49.31204,57.78195,0.78801,0.75675,4.07625,0.48737
2026021233,2027-03-27,TBL,NYR,0.61690,0.50003,0.27578,0.11687,0.10732,0.22420,0.62283,0.61113,3.34988,2.54392,33.58878,29.07366,3.64481,2.86841,4.46635,4.45774,62.21285,53.85036,0.82949,0.73215,3.97575,0.60511
2026021234,2027-03-27,PIT,CAR,0.39036,0.29236,0.48849,0.09800,0.12116,0.21916,0.44980,0.39145,3.12135,3.67741,28.63320,33.98860,3.30868,3.68888,4.59641,3.72925,53.03456,62.95353,0.74298,0.82668,4.19628,0.41589
2026021235,2027-03-27,CBJ,STL,0.59322,0.48682,0.28741,0.10640,0.11936,0.22577,0.54932,0.57932,3.37571,2.37319,31.30918,26.13489,3.56860,2.67223,4.27522,3.98555,57.99138,48.40747,0.82030,0.58279,3.96235,0.56922
2026021236,2027-03-27,COL,WPG,0.66205,0.53084,0.24733,0.13122,0.09061,0.22183,0.64707,0.69326,3.32000,2.69412,30.28321,25.14799,3.47107,2.84243,3.43218,3.87706,56.09083,46.57950,0.75289,0.74975,3.98988,0.59723
2026021237,2027-03-27,NYI,DET,0.50873,0.39208,0.37364,0.11665,0.11763,0.23428,0.54592,0.51383,2.93756,2.87118,27.62445,26.43256,3.09237,3.03397,3.55949,3.54842,51.16645,48.95874,0.64326,0.81415,3.90207,0.53346
2026021238,2027-03-27,DAL,NSH,0.64626,0.55094,0.24153,0.09532,0.11221,0.20753,0.62439,0.60053,3.90670,2.31077,28.42408,25.65372,3.83913,2.68049,4.11838,3.96356,52.64732,47.51633,0.91196,0.63903,4.20791,0.65726
2026021239,2027-03-27,CGY,VGK,0.37204,0.26681,0.50754,0.10523,0.12043,0.22566,0.46925,0.38067,2.38408,3.21542,24.88008,30.52928,2.62725,3.35358,3.77648,3.67731,46.08326,56.54663,0.54791,0.76771,3.89628,0.43902
2026021240,2027-03-28,CHI,SEA,0.50960,0.39751,0.36497,0.11209,0.12543,0.23752,0.50601,0.51040,2.94006,2.65116,27.13350,27.93687,3.15908,2.86904,3.85532,3.22865,50.25710,51.74536,0.76898,0.52555,3.84451,0.44360
2026021241,2027-03-28,TOR,WSH,0.41453,0.29945,0.47441,0.11508,0.11106,0.22614,0.48828,0.44622,2.54624,3.37898,25.22675,31.07744,2.90951,3.46691,3.23693,4.43771,46.72553,57.56218,0.56516,0.93350,3.98944,0.53528
2026021242,2027-03-28,MTL,DET,0.58671,0.47440,0.30199,0.11231,0.11131,0.22361,0.59801,0.57717,3.50583,2.78675,25.64810,28.29724,3.51062,3.03151,3.51588,3.44465,47.50569,52.41255,0.92139,0.73426,4.07604,0.55298
2026021243,2027-03-28,STL,BUF,0.42450,0.31383,0.45793,0.11067,0.11757,0.22825,0.50121,0.43509,2.73195,3.28238,27.25589,30.90468,3.03217,3.30647,4.26700,4.36918,50.48406,57.24220,0.58522,0.88738,3.98420,0.48029
2026021244,2027-03-29,NJD,CAR,0.42977,0.33714,0.43476,0.09263,0.13547,0.22810,0.43418,0.40933,3.39577,3.20723,30.80303,33.15577,3.51377,3.32319,4.32504,3.68364,57.05398,61.41142,0.84762,0.70159,4.12454,0.43978
2026021245,2027-03-29,NYR,MIN,0.47383,0.35767,0.40789,0.11615,0.11828,0.23444,0.50061,0.49296,2.79024,3.00033,28.27651,32.25669,3.00968,3.29152,3.90862,4.27463,52.37414,59.74627,0.78105,0.88896,3.90016,0.54848
2026021246,2027-03-29,LAK,VAN,0.66190,0.55805,0.23230,0.10385,0.10580,0.20965,0.62142,0.64116,3.68353,2.26281,31.34057,26.84777,3.83188,2.59439,3.37439,3.55076,58.04963,49.72826,0.78365,0.65490,4.09578,0.63188
2026021247,2027-03-29,SJS,COL,0.34218,0.25159,0.53420,0.09059,0.12363,0.21422,0.38892,0.34741,2.92580,3.71767,27.74780,33.09842,3.18771,3.61699,4.95186,3.95440,51.39518,61.30540,0.86922,0.98932,4.17887,0.25959
2026021248,2027-03-30,BOS,MTL,0.49688,0.37947,0.39176,0.11741,0.11136,0.22877,0.52523,0.51974,3.12602,3.29734,28.74965,28.23637,3.44523,3.41275,3.58440,4.18375,53.25016,52.29980,0.71449,0.97250,4.07616,0.52031
2026021249,2027-03-30,DET,OTT,0.45472,0.34296,0.42683,0.11176,0.11845,0.23021,0.50606,0.46424,2.89588,3.18942,26.77254,28.36321,3.03244,3.29950,4.09830,3.62552,49.58861,52.53464,0.79472,0.84181,3.98737,0.49970
2026021250,2027-03-30,TBL,TOR,0.68857,0.58520,0.21223,0.10337,0.09920,0.20258,0.64446,0.67065,3.79053,2.24135,32.72841,24.55989,3.94068,2.55120,4.21350,3.58198,60.61985,45.49043,0.91891,0.56370,4.14804,0.68138
2026021251,2027-03-30,FLA,CBJ,0.54176,0.41775,0.35301,0.12402,0.10522,0.22924,0.55876,0.57264,3.12375,3.13946,28.91686,31.35421,3.36479,3.30289,3.94753,4.49495,53.56004,58.07463,0.90233,0.80474,4.03009,0.57575
2026021252,2027-03-30,NYI,CAR,0.39286,0.30235,0.46557,0.09050,0.14157,0.23208,0.42801,0.36336,3.05074,3.05520,28.68885,29.66925,3.14408,3.28484,4.51914,3.32418,53.13826,54.95378,0.70306,0.71746,3.98637,0.37180
2026021253,2027-03-30,PHI,PIT,0.50759,0.40219,0.36784,0.10540,0.12457,0.22998,0.54404,0.48545,3.32858,2.92463,29.59994,29.99146,3.48709,3.13342,3.94057,4.30388,54.82517,55.55048,0.78102,0.77200,4.03914,0.39191
2026021254,2027-03-30,WSH,CHI,0.66199,0.54996,0.23568,0.11203,0.10233,0.21436,0.66543,0.64251,3.51910,2.32769,28.21255,24.99305,3.50254,2.68591,3.65350,3.73720,52.25582,46.29252,0.72483,0.61694,4.02211,0.71971
2026021255,2027-03-30,NSH,BUF,0.45622,0.34938,0.42012,0.10683,0.12366,0.23050,0.47156,0.46315,3.03183,3.12206,28.97913,29.56187,3.23582,3.27288,4.28545,4.03552,53.67583,54.75498,0.80666,0.70126,4.00045,0.50887
2026021256,2027-03-30,DAL,CGY,0.66884,0.56694,0.22500,0.10190,0.10616,0.20806,0.63650,0.63903,3.67041,2.15852,27.72313,25.43757,3.68983,2.52692,4.22197,3.92206,51.34904,47.11601,0.88003,0.52828,4.08475,0.72755
2026021257,2027-03-30,SEA,UTA,0.40679,0.30038,0.47004,0.10641,0.12316,0.22958,0.49270,0.40566,2.66559,3.17996,26.43126,29.39481,2.89328,3.31664,3.87481,3.78104,48.95664,54.44561,0.67064,0.83907,3.93339,0.46160
2026021258,2027-03-30,ANA,COL,0.40801,0.30573,0.47366,0.10227,0.11833,0.22060,0.43075,0.42786,3.11323,3.65293,28.78671,29.42824,3.37752,3.71802,4.37094,3.61878,53.31908,54.50707,0.87469,0.87065,4.18652,0.26245
2026021259,2027-03-31,NJD,MIN,0.52322,0.40861,0.36149,0.11461,0.11529,0.22990,0.50011,0.54534,3.20839,3.01870,32.29178,30.42481,3.44807,3.14777,3.75963,3.77991,59.81125,56.35344,0.83297,0.76056,4.02261,0.51160
2026021260,2027-03-31,EDM,SJS,0.65765,0.54583,0.24167,0.11183,0.10068,0.21251,0.63664,0.65183,3.66027,2.51184,31.62863,25.48357,3.71416,2.78225,3.73422,3.89543,58.58315,47.20096,1.09066,0.71739,4.10334,0.77754
2026021261,2027-03-31,LAK,WPG,0.53392,0.41559,0.35106,0.11833,0.11503,0.23336,0.53822,0.54835,3.03491,2.82948,30.19447,28.79634,3.27994,2.97030,3.72072,3.90419,55.92696,53.33751,0.73038,0.78821,3.92090,0.50745
2026021262,2027-03-31,VGK,VAN,0.73682,0.63220,0.17634,0.10462,0.08684,0.19146,0.67921,0.73010,3.81308,2.09631,30.31804,23.08007,3.86885,2.34507,3.15037,3.40896,56.15535,42.74928,0.80694,0.56828,4.15789,0.59540
2026021263,2027-04-01,MTL,NYR,0.57597,0.46295,0.30895,0.11302,0.11508,0.22810,0.59562,0.56197,3.33154,2.66178,28.26608,27.35367,3.47935,2.91372,4.24116,3.60252,52.35478,50.66466,0.92454,0.71692,3.98836,0.44940
2026021264,2027-04-01,TBL,CBJ,0.57682,0.45562,0.31486,0.12120,0.10832,0.22953,0.60899,0.58026,3.19273,2.79229,30.57975,31.18173,3.41343,3.16875,4.08311,4.46614,56.63973,57.75478,0.80223,0.69076,3.96419,0.70727
2026021265,2027-04-01,FLA,TOR,0.65329,0.54359,0.24376,0.10970,0.10295,0.21265,0.59577,0.65499,3.67061,2.47689,30.96205,25.35211,3.86109,2.65626,4.01175,3.60768,57.34830,46.95780,1.00431,0.63327,4.10472,0.54679
2026021266,2027-04-01,PHI,WSH,0.49325,0.38090,0.38658,0.11235,0.12017,0.23252,0.52068,0.49656,3.00414,2.94431,29.25063,29.51029,3.38358,3.05250,3.99700,4.46779,54.17840,54.65960,0.75015,0.81545,3.94210,0.40486
2026021267,2027-04-01,PIT,NYI,0.55255,0.42591,0.34254,0.12665,0.10490,0.23155,0.57199,0.58241,3.04543,3.01985,26.22038,28.97741,3.32351,3.05938,3.56518,3.82787,48.56558,53.67226,0.70356,0.67684,3.97497,0.59073
2026021268,2027-04-01,BUF,BOS,0.57033,0.44428,0.32704,0.12605,0.10264,0.22869,0.59264,0.59594,3.21023,3.06306,29.44755,28.78260,3.46540,3.21725,4.18694,4.09528,54.54311,53.31158,0.77044,0.79791,4.03432,0.57951
2026021269,2027-04-01,STL,CGY,0.61175,0.49695,0.27484,0.11480,0.11341,0.22821,0.59199,0.60390,3.18806,2.30326,27.65293,26.91397,3.37835,2.58262,4.14889,3.69873,51.21911,49.85067,0.64630,0.58692,3.87050,0.59108
2026021270,2027-04-01,NSH,CHI,0.61782,0.50275,0.27302,0.11507,0.10917,0.22424,0.61675,0.60868,3.34407,2.46905,28.58768,26.23452,3.43518,2.76502,3.48589,3.84663,52.95061,48.59198,0.73085,0.60453,3.96191,0.68992
2026021271,2027-04-01,UTA,ANA,0.57639,0.46448,0.31127,0.11191,0.11234,0.22425,0.58529,0.56895,3.46832,2.81332,26.63302,28.32966,3.72549,3.06692,4.02078,4.25354,49.32978,52.47245,0.82525,0.86284,4.06655,0.68540
2026021272,2027-04-02,DET,CAR,0.37881,0.28809,0.48660,0.09072,0.13459,0.22531,0.43224,0.35640,3.07226,3.32372,27.23090,31.16143,3.17372,3.43497,4.44930,3.49250,50.43763,57.71740,0.83256,0.81455,4.07129,0.37490
2026021273,2027-04-02,NYI,OTT,0.40980,0.29383,0.48220,0.11597,0.10800,0.22397,0.50174,0.44284,2.50832,3.46135,26.73604,28.31773,2.76687,3.47656,3.94509,3.65810,49.52113,52.45045,0.56631,0.92481,4.01850,0.49322
2026021274,2027-04-02,MIN,DAL,0.52378,0.41207,0.35829,0.11171,0.11794,0.22965,0.53753,0.52416,3.28591,2.98495,31.91646,28.98411,3.59656,3.14212,4.58544,4.17215,59.11589,53.68431,0.87957,0.84895,4.03866,0.51598
2026021275,2027-04-02,COL,LAK,0.64989,0.51868,0.25776,0.13121,0.09236,0.22357,0.65802,0.67466,3.29557,2.74334,30.79592,27.48175,3.54454,3.01905,3.47358,3.80068,57.04056,50.90215,0.77853,0.74451,3.99026,0.62830
2026021276,2027-04-02,VGK,EDM,0.55893,0.43435,0.33330,0.12458,0.10776,0.23235,0.57373,0.58109,3.05829,2.88574,27.71818,28.06527,3.26273,2.99327,3.37409,3.53481,51.33966,51.98295,0.78303,0.85109,3.94275,0.43953
2026021277,2027-04-03,NYR,FLA,0.47363,0.36507,0.40383,0.10856,0.12254,0.23110,0.52705,0.46479,3.05319,3.04936,29.22380,31.25442,3.17353,3.29902,4.54042,4.25519,54.12877,57.88973,0.86552,0.92459,3.98541,0.60581
2026021278,2027-04-03,BOS,TBL,0.44980,0.33923,0.43244,0.11057,0.11776,0.22833,0.49667,0.46185,2.97268,3.30316,30.88901,33.37424,3.35480,3.50411,4.53390,4.37899,57.21269,61.81583,0.75372,0.87176,4.04198,0.36541
2026021279,2027-04-03,NSH,CGY,0.59213,0.48048,0.29076,0.11165,0.11711,0.22876,0.56303,0.58442,3.22144,2.37398,28.81056,27.45708,3.41482,2.72609,3.97514,3.56314,53.36333,50.85653,0.77889,0.51594,3.89573,0.61965
2026021280,2027-04-03,WSH,CBJ,0.50729,0.38394,0.38282,0.12335,0.10989,0.23324,0.57398,0.52380,2.87238,3.07977,27.55037,30.27392,3.07819,3.38462,4.12799,3.89451,51.02920,56.07375,0.75365,0.72740,3.94641,0.57639
2026021281,2027-04-03,CAR,NJD,0.60523,0.46928,0.30408,0.13595,0.09068,0.22663,0.66100,0.63870,3.24415,3.21805,31.25355,29.66090,3.45585,3.30658,3.37384,4.08597,57.88825,54.93850,0.62663,0.84931,4.08439,0.63857
2026021282,2027-04-03,DAL,CHI,0.67251,0.55914,0.22859,0.11337,0.09890,0.21227,0.68622,0.65320,3.54169,2.34053,26.89124,24.63901,3.51517,2.66795,3.46277,4.33516,49.80837,45.63678,0.72266,0.66175,4.03374,0.78861
2026021283,2027-04-03,TOR,BUF,0.40498,0.29994,0.47197,0.10503,0.12305,0.22809,0.46246,0.41216,2.74542,3.25663,26.20874,31.29522,2.95065,3.40624,3.66711,4.29486,48.54459,57.96555,0.63672,0.82601,3.97753,0.53991
2026021284,2027-04-03,SEA,WPG,0.47576,0.35339,0.41091,0.12238,0.11332,0.23570,0.50957,0.50887,2.63231,3.02016,26.62209,28.63080,2.85770,3.09374,3.57529,3.60857,49.31003,53.03050,0.59746,0.79255,3.86844,0.39247
2026021285,2027-04-03,PIT,PHI,0.54748,0.42176,0.34716,0.12572,0.10536,0.23108,0.55635,0.58118,3.08397,3.07811,29.53659,29.52757,3.31954,3.23264,4.19789,3.94581,54.70800,54.69103,0.74098,0.77897,4.00204,0.68531
2026021286,2027-04-03,UTA,VGK,0.50520,0.39377,0.37337,0.11143,0.12143,0.23285,0.51566,0.50709,3.05586,2.85253,28.22407,28.77851,3.25234,3.04684,4.23929,3.70441,52.27656,53.30346,0.74676,0.78149,3.93345,0.54083
2026021287,2027-04-03,VAN,SJS,0.47125,0.35436,0.41395,0.11689,0.11480,0.23169,0.52691,0.48712,2.83531,3.14862,28.24681,29.41947,3.05034,3.28551,3.95332,3.88988,52.31929,54.49121,0.80626,0.76885,3.95975,0.63656
2026021288,2027-04-03,ANA,EDM,0.47633,0.35659,0.41654,0.11973,0.10713,0.22687,0.50381,0.51685,3.00447,3.48652,28.38611,28.44598,3.28283,3.59902,3.82608,3.50537,52.57703,52.68810,0.82891,1.00932,4.10954,0.29317
2026021289,2027-04-03,LAK,STL,0.52449,0.40637,0.36138,0.11812,0.11413,0.23225,0.52518,0.54489,3.02422,2.91112,32.06411,29.94216,3.33780,3.08603,3.95500,4.29984,59.38999,55.45967,0.76193,0.73312,3.93902,0.62370
2026021290,2027-04-04,MIN,COL,0.46310,0.36563,0.40258,0.09748,0.13432,0.23180,0.49653,0.43087,3.31634,2.96562,28.43726,31.57750,3.47839,3.17060,4.16699,3.49093,52.67176,58.48801,0.94059,0.75756,4.04408,0.47990
2026021291,2027-04-04,NJD,FLA,0.51734,0.40865,0.36503,0.10869,0.11764,0.22633,0.52655,0.51723,3.42441,3.12050,31.55996,28.73891,3.53348,3.15758,4.12223,3.57656,58.45576,53.23063,0.89871,0.80545,4.11308,0.56963
2026021292,2027-04-04,OTT,DET,0.59993,0.48697,0.28977,0.11297,0.11030,0.22327,0.59357,0.59481,3.45542,2.65891,28.18151,26.17218,3.58170,2.78568,3.59160,4.00102,52.19806,48.47656,0.84612,0.77548,4.03605,0.58171
2026021293,2027-04-04,WSH,PIT,0.53991,0.43121,0.34208,0.10870,0.11801,0.22671,0.57329,0.52285,3.42620,2.92007,28.27915,28.39770,3.47560,3.20448,3.88490,3.75623,52.37872,52.59854,0.77490,0.70692,4.07140,0.53119
2026021294,2027-04-04,NYI,MTL,0.45440,0.34167,0.42807,0.11273,0.11753,0.23026,0.49713,0.47062,2.86573,3.19697,29.30914,25.30296,3.13178,3.25488,3.69910,3.63620,54.28680,46.86650,0.60883,0.90361,3.98285,0.52212
2026021295,2027-04-04,SJS,STL,0.46644,0.35401,0.41526,0.11242,0.11830,0.23072,0.47514,0.48906,2.92962,3.13536,30.49932,29.54592,3.19638,3.19513,4.58492,4.40855,56.49155,54.72559,0.80778,0.78451,3.97825,0.43754
2026021296,2027-04-05,CAR,PHI,0.68480,0.55925,0.22727,0.12554,0.08794,0.21348,0.65233,0.71187,3.54351,2.65684,32.78789,26.84537,3.69577,2.91241,3.89110,4.30021,60.73019,49.72348,0.82486,0.71589,4.07099,0.78426
2026021297,2027-04-05,BUF,TBL,0.48905,0.36522,0.40488,0.12383,0.10607,0.22990,0.53994,0.52455,2.88317,3.34047,29.97178,32.71615,3.24537,3.46001,4.68592,4.49235,55.51399,60.59716,0.69968,0.85678,4.03520,0.40089
2026021298,2027-04-05,TOR,BOS,0.44497,0.32748,0.44348,0.11749,0.11155,0.22904,0.50574,0.47421,2.69840,3.30708,26.38212,30.78930,3.00965,3.47832,3.51196,4.04633,48.86557,57.02844,0.63826,0.87541,3.98693,0.57842
2026021299,2027-04-05,DAL,SEA,0.65598,0.54835,0.23843,0.10763,0.10559,0.21322,0.64682,0.63170,3.57100,2.28721,27.09118,25.17385,3.58000,2.59520,3.79591,3.78484,50.17859,46.62761,0.91079,0.54693,4.04304,0.70744
2026021300,2027-04-05,UTA,WPG,0.57259,0.44134,0.32216,0.13124,0.10525,0.23649,0.56683,0.60972,2.86795,2.74091,27.33690,26.55020,3.14294,2.86571,3.76887,3.95103,50.63365,49.17649,0.68493,0.78302,3.84453,0.46676
2026021301,2027-04-05,EDM,CGY,0.66219,0.55908,0.22975,0.10311,0.10806,0.21117,0.60599,0.64147,3.58431,2.13142,31.48880,24.55701,3.73790,2.45110,3.48157,3.30774,58.32404,45.48491,0.89884,0.54769,4.04000,0.73048
2026021302,2027-04-06,FLA,MTL,0.52801,0.40605,0.36668,0.12197,0.10530,0.22727,0.52720,0.56734,3.18025,3.27996,28.24575,27.38875,3.45613,3.23133,3.50778,4.39780,52.31702,50.72990,0.81105,0.98863,4.08464,0.56249
2026021303,2027-04-06,NJD,TBL,0.52759,0.42732,0.34570,0.10027,0.12671,0.22698,0.47486,0.51941,3.52266,2.79526,34.91511,30.88718,3.72683,3.01317,4.60090,3.72983,64.67001,57.20957,0.94122,0.60801,4.08379,0.43833
2026021304,2027-04-06,CBJ,WSH,0.55864,0.45030,0.32166,0.10834,0.11970,0.22803,0.52618,0.55549,3.37175,2.67894,30.76629,28.03226,3.69865,2.88901,3.98403,4.21892,56.98571,51.92176,0.74617,0.75993,4.00677,0.50514
2026021305,2027-04-06,NYI,DET,0.51521,0.39775,0.36840,0.11747,0.11638,0.23385,0.54592,0.52353,2.96028,2.87593,27.79375,26.51616,3.12368,3.03681,3.63961,3.56272,51.48003,49.11362,0.66178,0.81635,3.91019,0.53346
2026021306,2027-04-06,NYR,PIT,0.52861,0.42321,0.34676,0.10540,0.12463,0.23002,0.53498,0.50990,3.35300,2.77104,28.94498,31.06802,3.37786,3.12788,3.97738,4.36032,53.61191,57.54425,0.83934,0.72462,4.01652,0.60018
2026021307,2027-04-06,NSH,SEA,0.60752,0.49883,0.27773,0.10869,0.11475,0.22344,0.57403,0.59556,3.41884,2.41267,29.22954,27.36300,3.53334,2.77901,3.71776,3.41755,54.13942,50.68235,0.90339,0.50437,3.98624,0.59742
2026021308,2027-04-06,MIN,CHI,0.69160,0.59401,0.20726,0.09759,0.10115,0.19873,0.67512,0.65085,3.89903,2.16334,30.72771,25.16027,3.83095,2.48787,3.47394,3.66027,56.91444,46.60230,0.85756,0.60345,4.20304,0.76745
2026021309,2027-04-06,VAN,COL,0.29100,0.20461,0.59412,0.08639,0.11488,0.20127,0.36689,0.30589,2.45337,3.78678,25.32020,32.10903,2.75625,3.71412,3.93861,3.17970,46.89868,59.47279,0.70999,0.80848,4.15831,0.34987
2026021310,2027-04-06,VGK,STL,0.62613,0.50508,0.27017,0.12105,0.10370,0.22475,0.58793,0.64446,3.25088,2.51416,29.90558,24.70981,3.39843,2.68808,3.77646,4.10952,55.39142,45.76784,0.84271,0.59102,3.93091,0.58745
2026021311,2027-04-06,ANA,LAK,0.50396,0.37848,0.39333,0.12548,0.10271,0.22819,0.54344,0.54617,3.00159,3.43428,30.03319,28.80030,3.34729,3.61861,4.07608,3.96002,55.62813,53.34426,0.81797,0.90125,4.09138,0.35532
2026021312,2027-04-07,BUF,BOS,0.56875,0.44191,0.32891,0.12684,0.10234,0.22918,0.59264,0.59594,3.18507,3.07188,29.71225,28.90338,3.47193,3.23390,4.22700,4.09268,55.03344,53.53535,0.76658,0.79712,4.02919,0.57951
2026021313,2027-04-07,CAR,OTT,0.60975,0.47918,0.29448,0.13057,0.09577,0.22634,0.62209,0.64184,3.30741,3.03038,30.26397,27.37579,3.47356,3.16942,3.87412,4.20478,56.05526,50.70587,0.77558,0.78359,4.05599,0.66266
2026021314,2027-04-07,WPG,EDM,0.46671,0.35389,0.40985,0.11281,0.12345,0.23626,0.52268,0.46514,2.78481,2.90208,25.57772,29.24181,2.96589,3.03929,3.50985,3.28771,47.37537,54.16226,0.71901,0.83749,3.86751,0.51673
2026021315,2027-04-07,UTA,DAL,0.50108,0.37722,0.39090,0.12386,0.10802,0.23188,0.50714,0.54528,2.89960,3.21303,30.82709,28.60920,3.36261,3.29474,4.69530,4.66495,57.09762,52.98951,0.70318,0.96175,3.99594,0.44173
2026021316,2027-04-08,OTT,WSH,0.54973,0.43401,0.33718,0.11573,0.11308,0.22881,0.55321,0.55831,3.27941,2.92036,29.30100,27.06465,3.57601,2.89879,3.67618,4.32376,54.27166,50.12960,0.75556,0.80209,4.02188,0.54753
2026021317,2027-04-08,TBL,MTL,0.56502,0.44619,0.32567,0.11884,0.10931,0.22814,0.57830,0.57499,3.29882,2.93474,30.83678,27.04144,3.56552,3.12494,3.72904,4.41820,57.11570,50.08641,0.73485,0.86487,4.03148,0.69458
2026021318,2027-04-08,NJD,NYI,0.59327,0.47925,0.29514,0.11402,0.11159,0.22561,0.55642,0.60041,3.36798,2.63122,28.69671,28.53249,3.55083,2.76490,3.40170,3.76270,53.15246,52.84853,0.82756,0.56674,3.99717,0.60827
2026021319,2027-04-08,CBJ,PHI,0.57719,0.46581,0.30594,0.11138,0.11687,0.22825,0.55565,0.57249,3.29159,2.55586,31.00686,28.32478,3.51513,2.87469,4.23652,4.00368,57.43152,52.46355,0.76771,0.73265,3.95431,0.64194
2026021320,2027-04-08,CHI,NSH,0.43988,0.32691,0.44017,0.11297,0.11994,0.23291,0.48180,0.45812,2.69079,3.10096,26.62210,28.71463,2.99922,3.15134,3.97058,3.55860,49.30996,53.18588,0.62330,0.73949,3.91035,0.38469
2026021321,2027-04-08,STL,SEA,0.58428,0.46547,0.30184,0.11881,0.11389,0.23269,0.60278,0.57747,3.07689,2.48228,27.02629,27.08345,3.25607,2.69083,3.70926,3.66241,50.05847,50.16456,0.66223,0.62703,3.85629,0.56894
2026021322,2027-04-08,CGY,COL,0.33010,0.23490,0.55038,0.09520,0.11952,0.21472,0.42029,0.33859,2.44183,3.48457,25.51324,32.67527,2.75209,3.58015,3.93095,3.69884,47.25605,60.52140,0.60414,0.78189,4.02039,0.30938
2026021323,2027-04-08,SJS,MIN,0.40378,0.29131,0.49102,0.11246,0.10520,0.21767,0.44115,0.45625,2.77043,3.80302,30.49241,33.93914,3.10887,3.68699,4.52041,4.46875,56.47861,62.86294,0.76730,1.17254,4.19271,0.31776
2026021324,2027-04-08,LAK,VGK,0.46046,0.35485,0.41170,0.10561,0.12784,0.23345,0.48672,0.45391,2.99828,2.95424,29.96315,31.03529,3.23244,3.17661,4.07427,3.68281,55.49836,57.48417,0.73973,0.79358,3.94314,0.58000
2026021325,2027-04-09,DET,PIT,0.51935,0.41632,0.35526,0.10303,0.12539,0.22842,0.53251,0.49662,3.46449,2.89091,28.60958,27.38225,3.45945,3.08949,3.83923,3.65516,52.99100,50.71762,0.86048,0.72589,4.07921,0.49670
2026021326,2027-04-09,FLA,BOS,0.57884,0.45855,0.31745,0.12030,0.10371,0.22401,0.55215,0.60968,3.43574,3.08147,30.58374,29.77564,3.67827,3.19825,4.11234,4.30016,56.64748,55.15072,0.96648,0.84119,4.10803,0.58111
2026021327,2027-04-09,WPG,VAN,0.63633,0.53020,0.25048,0.10614,0.11319,0.21933,0.63271,0.60148,3.41979,2.16487,28.09711,24.97683,3.50082,2.45247,3.29889,3.31203,52.04190,46.26250,0.72384,0.58470,3.96074,0.66291
2026021328,2027-04-09,DAL,UTA,0.55483,0.44552,0.32447,0.10932,0.12070,0.23002,0.59252,0.52736,3.30398,2.64793,26.78343,28.62115,3.40856,3.04044,4.43676,4.43370,49.60808,53.01201,0.92516,0.67896,3.97535,0.63692
2026021329,2027-04-10,PHI,WSH,0.49294,0.38038,0.38689,0.11256,0.12018,0.23273,0.52068,0.49656,2.99574,2.94320,29.32040,29.43704,3.38302,3.03509,4.00743,4.40670,54.30759,54.52391,0.75101,0.80639,3.93933,0.40486
2026021330,2027-04-10,COL,MIN,0.59515,0.46247,0.30793,0.13268,0.09692,0.22960,0.60273,0.63488,3.16310,3.03248,31.09243,27.46660,3.38747,3.20061,3.45970,3.98671,57.58953,50.87399,0.75785,0.90443,4.01252,0.60055
2026021331,2027-04-10,SJS,ANA,0.46175,0.36149,0.41178,0.10026,0.12646,0.22673,0.50710,0.44098,3.40879,3.25800,26.41792,30.75503,3.59819,3.37521,4.58901,4.39256,48.93159,56.96507,0.90866,0.98802,4.14058,0.53897
2026021332,2027-04-10,NYI,CBJ,0.47140,0.35329,0.41175,0.11812,0.11684,0.23496,0.52891,0.48571,2.72091,3.01014,28.47195,27.97922,2.93849,3.25423,3.97437,3.64953,52.73635,51.82351,0.64913,0.72896,3.88604,0.53540
2026021333,2027-04-10,BUF,DET,0.62046,0.50362,0.27555,0.11684,0.10399,0.22083,0.61541,0.62320,3.49301,2.70595,27.93005,27.83536,3.55060,2.92689,3.74904,3.96748,51.73230,51.55719,0.82496,0.75028,4.05816,0.57147
2026021334,2027-04-10,FLA,CAR,0.40467,0.30448,0.47548,0.10018,0.11986,0.22004,0.45770,0.40941,3.13812,3.63060,27.89145,34.81363,3.32102,3.61946,4.26644,4.34125,51.66104,64.48186,0.84659,0.95251,4.18366,0.41045
2026021335,2027-04-10,NJD,PIT,0.59750,0.50589,0.28043,0.09161,0.12207,0.21368,0.53448,0.56209,4.06672,2.59975,32.42728,28.09892,3.99240,2.85449,3.74443,3.65942,60.06177,52.04508,0.94428,0.56284,4.29333,0.56239
2026021336,2027-04-10,CHI,SEA,0.48715,0.37083,0.39177,0.11632,0.12108,0.23740,0.50601,0.50069,2.77122,2.82102,26.81220,28.15476,3.03415,2.93513,3.84547,3.30071,49.66200,52.14897,0.71672,0.57288,3.83869,0.44360
2026021337,2027-04-10,NSH,DAL,0.47725,0.36819,0.40011,0.10906,0.12264,0.23170,0.47370,0.48864,3.04199,3.01181,29.59997,27.36381,3.31979,3.17332,4.64140,3.85122,54.82535,50.68358,0.83581,0.70053,3.97176,0.42068
2026021338,2027-04-10,OTT,MTL,0.54460,0.43008,0.34126,0.11452,0.11414,0.22866,0.54563,0.55253,3.31389,2.95466,29.58307,25.00252,3.56293,2.99345,3.61855,4.06805,54.79392,46.31011,0.76401,0.86118,4.04084,0.57065
2026021339,2027-04-10,NYR,TOR,0.59073,0.48021,0.29224,0.11052,0.11702,0.22755,0.57314,0.57790,3.29078,2.42942,30.47233,26.71391,3.48711,2.71962,4.23261,3.61047,56.44133,49.48011,0.90169,0.62471,3.93360,0.61596
2026021340,2027-04-10,STL,UTA,0.50842,0.40193,0.36255,0.10648,0.12904,0.23552,0.54646,0.48033,3.08984,2.63850,27.22107,28.79012,3.23692,2.96060,4.44380,3.96978,50.41893,53.32550,0.76210,0.69935,3.89400,0.49162
2026021341,2027-04-10,TBL,BOS,0.63917,0.53724,0.25183,0.10194,0.10899,0.21093,0.60259,0.61709,3.82424,2.47354,32.92582,28.10554,3.90785,2.89315,4.30312,4.05773,60.98533,52.05742,0.95475,0.64380,4.17463,0.70949
2026021342,2027-04-10,CGY,VAN,0.59478,0.47950,0.28903,0.11528,0.11619,0.23147,0.60480,0.57870,3.09307,2.30876,28.53334,27.01103,3.36578,2.68450,3.29652,3.49880,52.84980,50.03020,0.62191,0.57265,3.83060,0.49333
2026021343,2027-04-10,EDM,WPG,0.62926,0.52116,0.26017,0.10811,0.11056,0.21867,0.57741,0.62215,3.52721,2.39036,30.66907,24.98559,3.55268,2.65045,3.39989,3.36033,56.80588,46.27862,0.97843,0.64527,4.03189,0.56314
2026021344,2027-04-10,VGK,LAK,0.60073,0.47437,0.29609,0.12636,0.10318,0.22954,0.61208,0.61866,3.13637,2.72190,30.00858,28.45330,3.40424,2.94191,3.57603,3.85579,55.58242,52.70174,0.78417,0.70314,3.92900,0.49839
