game_id,date,home,away,p_home_win,p_home_reg,p_away_reg,p_home_ot,p_away_ot,p_ot,p_home_win_elo,p_home_win_h,goals_home,goals_away,sog_home,sog_away,xgf_home,xgf_away,pp_opps_home,pp_opps_away,attempts_home,attempts_away,pp_goals_home,pp_goals_away,goals_home_reg,ot_goals_home,so_goals_home,goals_away_reg,ot_goals_away,so_goals_away,rate_sensitivity,p_home_win_0925
2026020001,2026-09-29,CAR,FLA,0.59518,0.45888,0.30876,0.13630,0.09607,0.23237,0.63936,0.64712,3.39553,3.30088,32.35013,25.94167,3.30957,2.99730,2.80256,2.76195,60.81883,48.77077,0.59478,0.72780,3.25924,0.08450,0.05179,3.20481,0.05956,0.03651,3.94895,0.66596
2026020002,2026-09-29,TOR,MTL,0.43423,0.32276,0.44800,0.11147,0.11777,0.22924,0.48063,0.44860,3.14086,3.67126,27.06226,31.02234,3.04222,3.43242,2.40091,2.92138,50.87744,58.32253,0.56151,0.81186,3.02940,0.06911,0.04236,3.55349,0.07302,0.04475,3.99796,0.55877
2026020003,2026-09-29,BOS,NYR,0.53121,0.41244,0.35211,0.11877,0.11668,0.23546,0.57121,0.53275,3.33362,3.11173,29.27451,27.59186,3.27221,2.92652,2.91520,2.95105,55.03635,51.87306,0.67350,0.76244,3.21484,0.07364,0.04513,2.99504,0.07234,0.04434,3.88454,0.43065
2026020004,2026-09-29,EDM,VAN,0.72085,0.63087,0.18186,0.08998,0.09729,0.18727,0.65803,0.67424,4.45955,2.21355,32.58359,24.65007,3.91350,2.24773,2.19704,2.20508,61.25783,46.34244,0.88020,0.47118,4.36957,0.05579,0.03419,2.11626,0.06032,0.03697,4.28743,0.69242
2026020005,2026-09-29,VGK,CHI,0.72618,0.62534,0.18166,0.10084,0.09216,0.19300,0.67883,0.70608,4.22366,2.26559,31.23759,23.11235,3.71240,2.24451,2.41711,2.67476,58.72710,43.45151,0.65629,0.45422,4.12282,0.06252,0.03832,2.17343,0.05714,0.03502,4.15722,0.70754
2026020006,2026-09-30,PHI,PIT,0.53396,0.43113,0.33601,0.10283,0.13003,0.23285,0.54404,0.48541,3.66834,2.86676,27.55789,27.21931,3.27116,2.72981,2.80333,2.65807,51.80978,51.17308,0.70606,0.56220,3.56551,0.06375,0.03907,2.73673,0.08062,0.04941,3.95107,0.39191
2026020007,2026-09-30,COL,LAK,0.65421,0.53039,0.24875,0.12382,0.09704,0.22087,0.65802,0.67349,3.77547,2.86388,32.26368,28.44366,3.53964,2.81881,2.68540,2.71878,60.65618,53.47457,0.71983,0.60265,3.65164,0.07677,0.04705,2.76683,0.06017,0.03688,3.98760,0.62830
2026020008,2026-09-30,TOR,NYI,0.43597,0.31982,0.44308,0.11615,0.12094,0.23710,0.53381,0.44081,2.76840,3.29023,24.97740,36.23154,2.85171,3.24051,2.20401,3.26636,46.95786,68.11576,0.47197,0.63354,2.65225,0.07201,0.04414,3.16929,0.07499,0.04596,3.79428,0.57564
2026020009,2026-10-01,NJD,PHI,0.63725,0.51941,0.25730,0.11785,0.10544,0.22329,0.54066,0.65905,3.69025,2.67775,34.73533,28.11471,3.52731,2.61275,3.02481,2.62519,65.30398,52.85689,0.76635,0.48361,3.57240,0.07307,0.04478,2.57231,0.06537,0.04007,3.93054,0.69885
2026020010,2026-10-01,NYR,TBL,0.42146,0.31339,0.45032,0.10807,0.12822,0.23629,0.47536,0.41312,2.89396,3.27621,27.67200,33.05030,2.81705,3.18766,3.25401,3.20141,52.02356,62.13456,0.65757,0.71801,2.78589,0.06701,0.04107,3.14799,0.07949,0.04872,3.81577,0.47590
2026020011,2026-10-01,CBJ,BUF,0.50084,0.39119,0.37409,0.10965,0.12507,0.23472,0.50032,0.48876,3.43924,3.17178,29.99023,27.98582,3.32459,2.93700,2.88221,2.83399,56.38193,52.61357,0.57408,0.66717,3.32959,0.06798,0.04167,3.04670,0.07755,0.04753,3.93078,0.50905
2026020012,2026-10-01,NSH,MIN,0.46206,0.34699,0.41968,0.11507,0.11826,0.23333,0.48645,0.48001,3.15550,3.47927,29.44367,31.99746,2.97003,3.27202,2.64266,2.75697,55.35445,60.15577,0.65285,0.69640,3.04043,0.07134,0.04373,3.36101,0.07332,0.04494,3.93943,0.44581
2026020013,2026-10-01,UTA,CHI,0.68571,0.56159,0.22066,0.12412,0.09363,0.21775,0.64785,0.71080,3.66323,2.54095,30.19053,25.63758,3.50174,2.54874,2.67071,3.09373,56.75866,48.19899,0.57381,0.60196,3.53911,0.07695,0.04717,2.44732,0.05805,0.03558,3.90152,0.70700
2026020014,2026-10-01,CGY,SEA,0.51419,0.39027,0.36781,0.12392,0.11800,0.24192,0.56128,0.52690,2.97516,2.98138,30.11836,30.28606,2.98296,2.98219,2.63379,2.69778,56.62298,56.93841,0.52211,0.50472,2.85124,0.07683,0.04709,2.86338,0.07316,0.04484,3.74529,0.51700
2026020015,2026-10-01,VAN,EDM,0.33480,0.22777,0.56278,0.10703,0.10242,0.20945,0.43744,0.38646,2.38924,4.04814,25.94642,32.95025,2.43420,3.51604,2.37164,2.25903,48.77963,61.94713,0.47873,0.86494,2.28221,0.06636,0.04067,3.94572,0.06350,0.03892,4.07381,0.38396
2026020016,2026-10-01,SJS,FLA,0.43440,0.32051,0.45000,0.11389,0.11560,0.22949,0.46738,0.46156,3.06415,3.68120,31.26582,30.98957,2.92255,3.20562,3.26303,2.61684,58.78090,58.26139,0.59104,0.80087,2.95026,0.07061,0.04328,3.56560,0.07167,0.04393,3.98755,0.37499
2026020017,2026-10-02,DET,NYR,0.57836,0.45938,0.30670,0.11898,0.11495,0.23392,0.54774,0.58613,3.39038,2.77441,31.42420,26.13114,3.26179,2.64501,3.05338,2.39492,59.07799,49.12697,0.77154,0.59562,3.27141,0.07377,0.04521,2.65946,0.07127,0.04368,3.83077,0.43837
2026020018,2026-10-02,CAR,WSH,0.60626,0.47358,0.29527,0.13268,0.09847,0.23115,0.62495,0.65012,3.42713,3.11071,32.79693,25.23008,3.49465,2.84351,2.71700,3.04546,61.65868,47.43267,0.59392,0.62822,3.29445,0.08226,0.05042,3.01224,0.06105,0.03742,3.91237,0.66768
2026020019,2026-10-02,WPG,BOS,0.52051,0.39612,0.36534,0.12439,0.11415,0.23854,0.53143,0.54897,3.11678,3.14224,29.33162,28.31911,3.09560,2.95812,3.05021,2.66925,55.14390,53.24031,0.63860,0.60616,2.99239,0.07712,0.04727,3.02809,0.07077,0.04338,3.83034,0.63651
2026020020,2026-10-02,DAL,STL,0.59739,0.48176,0.29061,0.11562,0.11201,0.22763,0.59616,0.59151,3.67738,2.86558,28.01845,26.97341,3.31896,2.72918,3.06944,3.32084,52.67517,50.71028,0.78414,0.53167,3.56175,0.07169,0.04394,2.75357,0.06944,0.04256,3.95227,0.68086
2026020021,2026-10-02,VGK,ANA,0.61411,0.50677,0.27329,0.10733,0.11260,0.21993,0.61854,0.58488,3.99965,2.83825,29.04861,27.78064,3.74096,2.79848,2.99348,3.01157,54.61172,52.22783,0.81684,0.63533,3.89232,0.06655,0.04079,2.72565,0.06981,0.04279,4.07589,0.68582
2026020022,2026-10-03,BUF,CHI,0.68875,0.57376,0.21391,0.11499,0.09734,0.21233,0.68807,0.68112,3.80531,2.41420,30.41674,25.09673,3.44082,2.48295,2.80930,2.84400,57.18389,47.18198,0.59054,0.47732,3.69033,0.07129,0.04369,2.31686,0.06035,0.03699,3.95447,0.72064
2026020023,2026-10-03,TOR,OTT,0.38117,0.27476,0.50077,0.10641,0.11806,0.22447,0.48524,0.38674,2.79764,3.71398,24.71272,33.97235,2.68993,3.48644,2.54192,3.04206,46.46033,63.86828,0.52039,0.78369,2.69122,0.06597,0.04044,3.59592,0.07320,0.04486,3.95744,0.52823
2026020024,2026-10-03,TBL,WSH,0.61471,0.50287,0.27049,0.11184,0.11480,0.22664,0.58575,0.59695,3.62540,2.55121,33.14429,27.27881,3.59934,2.57778,3.10434,3.18605,62.31160,51.28442,0.69330,0.53503,3.51357,0.06934,0.04250,2.43641,0.07117,0.04362,3.88959,0.67060
2026020025,2026-10-03,PHI,CAR,0.42232,0.33058,0.42557,0.09174,0.15211,0.24385,0.44365,0.34827,3.22606,2.88018,32.54567,35.57979,3.20003,2.99480,3.85698,2.89330,61.18683,66.89090,0.70810,0.52239,3.13432,0.05688,0.03486,2.72807,0.09431,0.05780,3.79767,0.28126
2026020026,2026-10-03,PIT,MTL,0.47878,0.35608,0.41094,0.12270,0.11028,0.23298,0.51925,0.51784,3.10430,3.56942,28.97776,27.11825,3.13430,3.22506,2.68969,2.71842,54.47852,50.98284,0.55755,0.74566,2.98160,0.07607,0.04663,3.45914,0.06838,0.04191,3.95808,0.57456
2026020027,2026-10-03,CBJ,UTA,0.53646,0.42511,0.33435,0.11135,0.12919,0.24054,0.54558,0.50523,3.25746,2.64965,31.41259,28.73144,3.29114,2.80294,3.25482,2.86321,59.05571,54.01528,0.63698,0.55616,3.14611,0.06904,0.04231,2.52046,0.08010,0.04909,3.75864,0.52009
2026020028,2026-10-03,EDM,SEA,0.65549,0.54520,0.23713,0.11029,0.10738,0.21768,0.61665,0.63921,3.78357,2.43469,33.11974,27.30256,3.56142,2.46369,2.36409,2.51463,62.26551,51.32896,0.85480,0.46248,3.67328,0.06838,0.04191,2.32731,0.06658,0.04081,3.94762,0.71019
2026020029,2026-10-03,NYI,NJD,0.48544,0.37006,0.39099,0.11539,0.12357,0.23896,0.54396,0.47770,3.09868,3.11255,31.55291,31.11565,3.01345,3.15033,2.88294,2.55351,59.31976,58.49763,0.46786,0.62446,2.98329,0.07154,0.04385,2.98898,0.07661,0.04696,3.81702,0.47025
2026020030,2026-10-03,NSH,DAL,0.48226,0.37007,0.39041,0.11219,0.12733,0.23953,0.47370,0.47966,3.14587,3.06338,31.18242,28.92161,3.17051,2.92221,3.41404,2.87892,58.62307,54.37306,0.67113,0.56653,3.03368,0.06956,0.04263,2.93604,0.07895,0.04839,3.81687,0.42068
2026020031,2026-10-03,MIN,BOS,0.60212,0.49119,0.28147,0.11093,0.11641,0.22734,0.57816,0.58225,3.66096,2.64730,32.90454,29.27018,3.56079,2.69723,3.17664,2.66229,61.86126,55.02835,0.82779,0.53117,3.55003,0.06878,0.04215,2.53089,0.07217,0.04424,3.91625,0.63868
2026020032,2026-10-03,COL,STL,0.70645,0.60327,0.19804,0.10318,0.09550,0.19869,0.63502,0.69588,4.23298,2.44015,36.14145,25.34128,3.94630,2.46665,3.38078,2.99793,67.94630,47.64177,0.92838,0.46677,4.12980,0.06397,0.03921,2.34465,0.05921,0.03629,4.15967,0.71437
2026020033,2026-10-03,VAN,CGY,0.47440,0.35226,0.40456,0.12214,0.12104,0.24318,0.49436,0.49868,2.76966,3.04377,29.66168,32.11564,2.89118,2.97427,2.66779,2.79195,55.76450,60.37771,0.48422,0.52311,2.64752,0.07573,0.04641,2.92273,0.07505,0.04600,3.70982,0.58607
2026020034,2026-10-03,SJS,LAK,0.46612,0.35167,0.41037,0.11445,0.12352,0.23797,0.50028,0.46923,3.02860,3.20220,33.36399,37.27005,3.06642,3.12472,3.31579,3.04213,62.72571,70.06936,0.61047,0.64535,2.91415,0.07096,0.04349,3.07868,0.07658,0.04694,3.82464,0.35270
2026020035,2026-10-04,DET,WPG,0.53639,0.41081,0.34597,0.12558,0.11764,0.24322,0.54534,0.55502,2.99750,2.83901,28.64883,28.13721,2.91028,2.77137,2.60683,2.53055,53.86006,52.89818,0.57853,0.55830,2.87192,0.07786,0.04772,2.72137,0.07294,0.04470,3.71226,0.44778
2026020036,2026-10-04,NYR,UTA,0.55197,0.44997,0.31408,0.10200,0.13395,0.23596,0.53104,0.49493,3.49755,2.49311,29.61911,29.57274,3.23224,2.72723,3.29723,2.88358,55.68417,55.59713,0.87482,0.49779,3.39554,0.06324,0.03876,2.35916,0.08305,0.05090,3.83071,0.62094
2026020037,2026-10-04,ANA,FLA,0.43044,0.31247,0.45945,0.11797,0.11011,0.22808,0.51061,0.46543,2.93955,3.77524,30.77853,28.05622,2.97127,3.54842,3.00985,2.91929,57.86411,52.74612,0.58811,0.88948,2.82158,0.07314,0.04483,3.66513,0.06827,0.04184,4.00201,0.37758
2026020038,2026-10-04,SEA,CGY,0.54516,0.42720,0.33035,0.11795,0.12449,0.24245,0.53907,0.53668,3.10987,2.62590,31.66672,31.34929,3.18446,2.71731,2.83958,2.73441,59.53423,58.93734,0.48317,0.49666,2.99191,0.07313,0.04482,2.50141,0.07719,0.04731,3.69881,0.56154
2026020039,2026-10-04,VAN,VGK,0.28476,0.18791,0.61849,0.09685,0.09674,0.19359,0.41406,0.33266,2.16367,4.21433,25.85460,32.69236,2.34146,3.61441,2.77856,2.53108,48.60742,61.46239,0.43961,0.77886,2.06682,0.06005,0.03680,4.11758,0.05998,0.03676,4.16105,0.48491
2026020040,2026-10-05,TBL,PHI,0.61809,0.49366,0.27248,0.12443,0.10943,0.23386,0.61423,0.62564,3.31479,2.54759,31.57198,29.00258,3.23764,2.63625,3.04519,3.48804,59.35545,54.52517,0.62317,0.59599,3.19036,0.07715,0.04728,2.43816,0.06785,0.04158,3.76014,0.78861
2026020041,2026-10-05,BOS,OTT,0.46619,0.34980,0.41370,0.11639,0.12011,0.23650,0.52983,0.47203,3.01702,3.28870,27.84854,31.78101,3.04727,3.25325,3.07890,3.36267,52.35542,59.74855,0.60003,0.76806,2.90063,0.07216,0.04423,3.16859,0.07447,0.04564,3.84862,0.49104
2026020042,2026-10-05,PIT,WPG,0.58852,0.46781,0.29834,0.12071,0.11314,0.23385,0.56294,0.59845,3.40073,2.76075,29.14238,26.88648,3.16403,2.71445,2.72386,2.41251,54.78833,50.54719,0.61355,0.48606,3.28002,0.07484,0.04587,2.64762,0.07014,0.04299,3.83162,0.48952
2026020043,2026-10-05,DAL,SJS,0.64825,0.53156,0.24749,0.11669,0.10426,0.22095,0.66608,0.63783,3.72353,2.60992,31.36600,29.10581,3.43016,2.68088,3.27074,3.52810,58.96838,54.71895,0.77443,0.54467,3.60684,0.07235,0.04434,2.50565,0.06464,0.03962,3.93635,0.77429
2026020044,2026-10-06,TOR,NSH,0.48482,0.36320,0.39795,0.12162,0.11723,0.23885,0.54113,0.50209,2.97501,3.22049,27.42878,33.20954,2.88926,3.15043,2.42673,2.89641,51.56635,62.43415,0.47106,0.68111,2.85340,0.07540,0.04622,3.10326,0.07268,0.04455,3.81722,0.57172
2026020045,2026-10-06,MTL,CAR,0.44160,0.34277,0.41935,0.09883,0.13905,0.23788,0.48075,0.39182,3.31611,3.13962,24.87296,33.50207,3.16204,3.20343,3.08632,2.76692,46.76142,62.98412,0.68211,0.60464,3.21728,0.06128,0.03756,3.00058,0.08621,0.05284,3.88658,0.38516
2026020046,2026-10-06,DET,OTT,0.47486,0.35960,0.40164,0.11526,0.12349,0.23875,0.50606,0.47765,3.05267,3.15985,28.61078,28.45578,2.96192,2.98437,2.97854,2.54188,53.78883,53.49719,0.66353,0.64054,2.93741,0.07146,0.04380,3.03635,0.07657,0.04693,3.81818,0.49970
2026020047,2026-10-06,NJD,UTA,0.56258,0.45097,0.31566,0.11161,0.12176,0.23337,0.53054,0.54871,3.51633,2.78546,31.71664,28.39093,3.40736,2.75992,3.08163,2.67060,59.62754,53.37523,0.78290,0.48467,3.40472,0.06920,0.04241,2.66370,0.07549,0.04627,3.87988,0.58461
2026020048,2026-10-06,NYR,NYI,0.52864,0.40506,0.35198,0.12358,0.11938,0.24296,0.55692,0.53795,2.99233,2.84094,27.53621,33.88211,3.00151,2.89048,2.62231,3.29968,51.76810,63.69836,0.61285,0.56487,2.86875,0.07662,0.04696,2.72156,0.07402,0.04536,3.71134,0.64377
2026020049,2026-10-06,BUF,MIN,0.53780,0.41305,0.34996,0.12474,0.11225,0.23699,0.56492,0.56072,3.22909,3.14041,29.48738,29.67090,2.98252,3.03739,2.92158,2.84733,55.43646,55.78164,0.62972,0.67568,3.10435,0.07734,0.04740,3.02816,0.06959,0.04265,3.86099,0.47646
2026020050,2026-10-06,CHI,STL,0.42518,0.30993,0.45458,0.11525,0.12024,0.23549,0.45226,0.45172,2.71507,3.33113,28.99186,30.90789,2.78711,3.03196,3.15291,2.96540,54.50531,58.10709,0.55260,0.50473,2.59983,0.07145,0.04379,3.21088,0.07455,0.04569,3.79873,0.41380
2026020051,2026-10-06,SEA,VGK,0.37352,0.26807,0.50327,0.10546,0.12321,0.22866,0.45809,0.37635,2.64636,3.50570,29.67903,32.97878,2.72329,3.29248,3.19443,2.64331,55.79695,62.00055,0.48607,0.72561,2.54091,0.06538,0.04007,3.38250,0.07639,0.04682,3.85303,0.46183
2026020052,2026-10-06,LAK,FLA,0.46314,0.34483,0.41865,0.11830,0.11822,0.23652,0.51742,0.48001,2.95167,3.31986,34.22655,32.39342,3.02705,3.19514,2.91846,2.81551,64.34722,60.90046,0.51940,0.77570,2.83336,0.07335,0.04496,3.20165,0.07329,0.04492,3.84374,0.56463
2026020053,2026-10-07,WSH,PIT,0.57908,0.47316,0.30082,0.10592,0.12010,0.22602,0.57329,0.54551,3.86130,2.87077,28.37135,28.87782,3.39245,2.91862,2.72625,2.72687,53.33856,54.29070,0.66397,0.53805,3.75538,0.06567,0.04025,2.75067,0.07446,0.04564,4.02485,0.53119
2026020054,2026-10-07,WPG,COL,0.36723,0.26754,0.50412,0.09969,0.12864,0.22834,0.44937,0.35112,2.81388,3.53114,26.44992,32.49013,2.78303,3.23407,2.81151,2.81796,49.72618,61.08172,0.54533,0.70177,2.71419,0.06181,0.03788,3.40250,0.07976,0.04888,3.88901,0.48183
2026020055,2026-10-07,ANA,EDM,0.45290,0.33401,0.43579,0.11888,0.11131,0.23020,0.50381,0.48792,3.07852,3.69921,28.68467,29.28474,3.00390,3.41396,2.64295,2.55440,53.92738,55.05580,0.63381,0.89219,2.95964,0.07371,0.04518,3.58789,0.06902,0.04230,3.99677,0.29317
2026020056,2026-10-08,BOS,UTA,0.52534,0.41535,0.34734,0.10999,0.12732,0.23731,0.55221,0.49442,3.38791,2.87229,29.92730,30.41612,3.34803,3.02242,3.32582,3.28105,56.26333,57.18254,0.74872,0.63234,3.27792,0.06820,0.04180,2.74497,0.07894,0.04838,3.84973,0.51287
2026020057,2026-10-08,BUF,DAL,0.50956,0.38402,0.37908,0.12554,0.11136,0.23690,0.55233,0.54116,3.10497,3.30854,28.46549,28.02111,3.03263,3.06671,3.44671,3.22346,53.51504,52.67973,0.59422,0.71411,2.97943,0.07784,0.04771,3.19718,0.06904,0.04232,3.87594,0.45105
2026020058,2026-10-08,MTL,NSH,0.58347,0.46194,0.30517,0.12153,0.11136,0.23290,0.60919,0.58712,3.45145,2.89930,29.02320,29.34649,3.33816,2.91951,2.85577,2.69972,54.56398,55.17153,0.64469,0.61215,3.32992,0.07535,0.04618,2.78793,0.06905,0.04232,3.87605,0.55458
2026020059,2026-10-08,OTT,PHI,0.59587,0.47401,0.29157,0.12186,0.11256,0.23443,0.58233,0.60331,3.35653,2.68402,30.04405,27.24605,3.22632,2.65275,3.00429,3.11566,56.48317,51.22310,0.66173,0.60865,3.23466,0.07556,0.04631,2.57146,0.06979,0.04277,3.80092,0.67967
2026020060,2026-10-08,TBL,MIN,0.57288,0.45040,0.31260,0.12248,0.11452,0.23699,0.57506,0.58134,3.28337,2.79436,32.21387,29.66989,3.16835,2.82701,2.90917,3.06646,60.56220,55.77974,0.64670,0.64195,3.16089,0.07594,0.04654,2.67984,0.07100,0.04352,3.79620,0.61292
2026020061,2026-10-08,CAR,VAN,0.77932,0.68084,0.14281,0.09848,0.07787,0.17636,0.73075,0.77022,4.30653,2.07507,34.56819,23.14809,4.01408,2.20726,2.56416,2.60105,64.98881,43.51865,0.69147,0.42330,4.20805,0.06106,0.03742,1.99720,0.04828,0.02959,4.20886,0.73149
2026020062,2026-10-08,NYI,CHI,0.63462,0.52193,0.25238,0.11268,0.11300,0.22568,0.62369,0.60972,3.55367,2.36298,33.00459,25.58148,3.38221,2.52418,2.81941,2.61737,62.04898,48.09331,0.50517,0.46872,3.44098,0.06986,0.04282,2.24999,0.07006,0.04294,3.83737,0.68276
2026020063,2026-10-08,STL,SJS,0.56797,0.44427,0.32001,0.12370,0.11201,0.23571,0.62304,0.57139,3.31195,2.93106,33.41144,32.88040,3.17651,2.92509,3.47918,3.45738,62.81357,61.81542,0.58192,0.64442,3.18825,0.07669,0.04701,2.81905,0.06945,0.04256,3.83557,0.64073
2026020064,2026-10-08,CGY,COL,0.33290,0.23295,0.55176,0.09996,0.11534,0.21530,0.42029,0.34934,2.54172,3.83412,30.16848,34.06164,2.70927,3.57516,3.29428,2.65009,56.71730,64.03640,0.51100,0.62497,2.44176,0.06197,0.03798,3.71879,0.07151,0.04383,3.97939,0.30938
2026020065,2026-10-08,VGK,TOR,0.66857,0.55427,0.23000,0.11430,0.10143,0.21573,0.62497,0.66929,3.79957,2.50451,35.02391,24.23163,3.64947,2.41697,2.90984,2.46684,65.84544,45.55565,0.72784,0.46742,3.68527,0.07087,0.04343,2.40308,0.06289,0.03854,3.95920,0.53162
2026020066,2026-10-09,DET,SEA,0.60184,0.48427,0.28362,0.11757,0.11454,0.23211,0.58542,0.59604,3.44636,2.60797,30.64186,28.34896,3.34411,2.61693,2.57597,2.54304,57.60695,53.29629,0.69802,0.48612,3.32879,0.07289,0.04468,2.49343,0.07101,0.04352,3.82314,0.60001
2026020067,2026-10-09,WSH,NYR,0.55553,0.43771,0.32591,0.11782,0.11855,0.23637,0.58823,0.54482,3.31943,2.82786,30.39429,28.85782,3.16727,2.82837,3.13394,2.81211,57.14137,54.25280,0.66008,0.62209,3.20161,0.07305,0.04477,2.70930,0.07350,0.04505,3.81631,0.47257
2026020068,2026-10-09,CBJ,PIT,0.58690,0.47935,0.29363,0.10755,0.11947,0.22702,0.54950,0.56340,3.76090,2.75447,31.61337,28.19843,3.59081,2.73996,2.73628,2.65688,59.43364,53.01356,0.57640,0.54617,3.65335,0.06668,0.04087,2.63500,0.07407,0.04540,3.97062,0.49476
2026020069,2026-10-09,WPG,ANA,0.52588,0.41150,0.35049,0.11438,0.12362,0.23801,0.56882,0.50631,3.30000,2.92558,26.79502,30.59052,3.27898,2.89677,2.90335,2.90286,50.37491,57.51055,0.62646,0.63670,3.18562,0.07092,0.04347,2.80196,0.07665,0.04698,3.83091,0.74487
2026020070,2026-10-10,BOS,PHI,0.54695,0.42600,0.33538,0.12095,0.11767,0.23862,0.56226,0.55186,3.22158,2.88473,31.42765,30.65126,3.21912,2.92466,3.15452,3.32075,59.08413,57.62497,0.62509,0.66425,3.10062,0.07499,0.04596,2.76706,0.07296,0.04471,3.79549,0.63233
2026020071,2026-10-10,NJD,VAN,0.73340,0.64350,0.17322,0.08990,0.09338,0.18328,0.62998,0.70188,4.47271,2.17855,34.14794,26.16521,4.05685,2.25159,2.60652,2.36019,64.19875,49.19106,0.78932,0.40168,4.38281,0.05574,0.03416,2.08517,0.05790,0.03549,4.29670,0.63888
2026020072,2026-10-10,SJS,EDM,0.41845,0.30859,0.45827,0.10986,0.12329,0.23314,0.46062,0.42630,2.91542,3.44878,27.71242,33.99141,2.75840,3.13897,2.67212,2.55301,52.09983,63.90464,0.53140,0.82793,2.80556,0.06811,0.04175,3.32549,0.07644,0.04685,3.87897,0.29033
2026020073,2026-10-10,FLA,MIN,0.56614,0.44658,0.31841,0.11956,0.11546,0.23502,0.52389,0.58130,3.37224,2.87313,30.71428,30.79975,3.20856,2.83940,2.65513,2.75388,57.74296,57.90394,0.73030,0.59926,3.25268,0.07413,0.04543,2.75768,0.07158,0.04387,3.84370,0.48155
2026020074,2026-10-10,BUF,UTA,0.56377,0.44731,0.31815,0.11647,0.11808,0.23455,0.59460,0.54956,3.42319,2.83972,28.77142,28.19825,3.22005,2.88308,3.42473,3.03258,54.09047,53.01287,0.76142,0.57103,3.30673,0.07221,0.04426,2.72164,0.07321,0.04487,3.85515,0.55173
2026020075,2026-10-10,MTL,DET,0.61026,0.50070,0.27493,0.10956,0.11481,0.22437,0.59801,0.58554,3.76723,2.67368,27.72211,28.72053,3.45158,2.78253,2.71250,2.56903,52.11802,53.99489,0.80827,0.56134,3.65768,0.06792,0.04163,2.55887,0.07118,0.04363,3.96327,0.55298
2026020076,2026-10-10,OTT,NSH,0.61528,0.49774,0.27381,0.11754,0.11092,0.22846,0.60479,0.61110,3.55334,2.64885,31.51097,26.62344,3.44824,2.60059,2.99168,2.84113,59.24099,50.05218,0.63844,0.58128,3.43580,0.07288,0.04467,2.53794,0.06877,0.04215,3.87180,0.58302
2026020077,2026-10-10,PIT,DAL,0.42989,0.30346,0.47111,0.12643,0.09900,0.22544,0.50318,0.50696,2.73072,3.94607,27.82292,30.08363,2.86491,3.43936,3.03576,3.03704,52.30734,56.55773,0.48048,0.80835,2.60429,0.07839,0.04804,3.84707,0.06138,0.03762,4.04810,0.46455
2026020078,2026-10-10,CHI,CAR,0.29871,0.21221,0.56940,0.08650,0.13189,0.21839,0.35578,0.27821,2.56590,3.61136,24.89289,33.59018,2.61240,3.30390,3.19555,2.44192,46.79924,63.15007,0.49626,0.53995,2.47940,0.05363,0.03287,3.47947,0.08177,0.05012,3.88284,0.23678
2026020079,2026-10-10,STL,CBJ,0.52189,0.40450,0.35445,0.11739,0.12366,0.24104,0.55108,0.51307,3.12480,2.84593,31.66722,34.03893,3.04175,3.03270,3.36350,3.07252,59.53469,63.99359,0.58760,0.53012,3.00741,0.07278,0.04461,2.72227,0.07667,0.04699,3.75494,0.51170
2026020080,2026-10-10,COL,TOR,0.71896,0.61310,0.18974,0.10585,0.09131,0.19716,0.67020,0.71249,4.20206,2.42654,37.01167,23.45403,3.97566,2.41293,2.99639,2.41685,69.58234,44.09377,0.78132,0.48206,4.09620,0.06563,0.04022,2.33523,0.05661,0.03470,4.14354,0.66884
2026020081,2026-10-10,NYI,TBL,0.44452,0.33136,0.42759,0.11315,0.12789,0.24105,0.46859,0.44730,2.82894,3.09545,31.83789,30.31603,2.90264,3.12005,3.62660,2.72716,59.85532,56.99410,0.54321,0.60418,2.71578,0.07016,0.04300,2.96756,0.07929,0.04860,3.74110,0.36910
2026020082,2026-10-10,CGY,ANA,0.48198,0.36938,0.39207,0.11260,0.12595,0.23855,0.53959,0.46555,3.15559,3.10691,29.95089,32.65636,3.26023,3.14435,3.38652,2.75516,56.30821,61.39463,0.62301,0.55690,3.04299,0.06981,0.04279,2.98096,0.07809,0.04786,3.83138,0.58622
2026020083,2026-10-10,VGK,LAK,0.59208,0.46430,0.29875,0.12778,0.10917,0.23696,0.61208,0.60914,3.23393,2.76052,31.71273,30.95697,3.21575,2.79430,2.66425,3.00461,59.62079,58.19997,0.62068,0.56630,3.10614,0.07923,0.04856,2.65134,0.06769,0.04149,3.77135,0.49839
2026020084,2026-10-11,WSH,SEA,0.64803,0.54072,0.24267,0.10731,0.10931,0.21662,0.62484,0.62074,3.88445,2.49980,31.36759,29.77263,3.54605,2.65957,2.94105,2.73464,58.97122,55.97274,0.77076,0.44688,3.77714,0.06653,0.04078,2.39049,0.06777,0.04154,3.99862,0.63036
2026020085,2026-10-11,NYR,VAN,0.70631,0.61802,0.18939,0.08829,0.10431,0.19259,0.63045,0.64604,4.26603,2.04405,31.14060,27.40393,3.69918,2.28130,2.74253,2.61137,58.54485,51.51985,0.84164,0.44044,4.17775,0.05474,0.03355,1.93974,0.06467,0.03964,4.19615,0.67424
2026020086,2026-10-11,PHI,CAR,0.39225,0.29702,0.46242,0.09523,0.14533,0.24056,0.44365,0.33950,2.95368,3.06651,29.21539,36.50363,2.97444,3.12204,3.38775,2.98296,54.92605,68.62813,0.60568,0.58511,2.85845,0.05904,0.03619,2.92118,0.09011,0.05523,3.76389,0.28126
2026020087,2026-10-12,BUF,FLA,0.51455,0.38928,0.37411,0.12526,0.11135,0.23661,0.59073,0.53494,3.14331,3.29729,29.62152,28.49612,3.00690,3.08155,3.19138,2.77589,55.68860,53.57280,0.59144,0.72296,3.01804,0.07766,0.04760,3.18594,0.06903,0.04231,3.88196,0.53655
2026020088,2026-10-12,NJD,OTT,0.50833,0.38900,0.37353,0.11934,0.11814,0.23747,0.50804,0.52642,3.17817,3.15116,30.62456,30.25861,3.14074,2.98764,2.94570,2.85482,57.57459,56.88653,0.63662,0.59951,3.05883,0.07399,0.04535,3.03302,0.07325,0.04489,3.84968,0.56401
2026020089,2026-10-12,MIN,VGK,0.50206,0.38819,0.37094,0.11388,0.12699,0.24087,0.54600,0.48291,3.14327,2.92017,28.12857,31.43375,3.03615,2.83290,2.77098,2.67586,52.88212,59.09582,0.61837,0.62305,3.02939,0.07060,0.04327,2.79317,0.07874,0.04826,3.77921,0.61340
2026020090,2026-10-13,DET,NJD,0.50670,0.39139,0.36996,0.11531,0.12334,0.23865,0.54824,0.49650,3.20529,3.02821,29.47921,29.90360,3.03121,2.96884,2.61179,2.39594,55.42147,56.21932,0.57719,0.60177,3.08998,0.07149,0.04382,2.90487,0.07647,0.04687,3.82537,0.47602
2026020091,2026-10-13,CBJ,FLA,0.52646,0.41248,0.34812,0.11398,0.12542,0.23940,0.54160,0.50994,3.24840,2.83480,34.16445,28.18167,3.31136,2.80074,3.19956,2.46352,64.22958,52.98193,0.55349,0.62098,3.13442,0.07067,0.04331,2.70938,0.07776,0.04766,3.79359,0.50514
2026020092,2026-10-13,MTL,BUF,0.55268,0.44643,0.32366,0.10625,0.12365,0.22991,0.53209,0.52515,3.73939,2.94094,28.10957,28.55070,3.49064,2.90281,3.17530,2.83734,52.84632,53.67562,0.81513,0.57556,3.63314,0.06588,0.04038,2.81728,0.07667,0.04699,3.98819,0.52275
2026020093,2026-10-13,CAR,WSH,0.62231,0.48146,0.28326,0.14085,0.09443,0.23528,0.62495,0.68459,3.25261,3.00681,33.06652,26.10297,3.41117,2.81233,2.71535,3.16702,62.16537,49.07361,0.54765,0.61144,3.11176,0.08733,0.05352,2.91238,0.05855,0.03588,3.83374,0.66768
2026020094,2026-10-13,PHI,SEA,0.60415,0.49040,0.27834,0.11374,0.11752,0.23126,0.59663,0.58164,3.46119,2.48601,31.93080,30.40134,3.36054,2.56579,3.01307,2.93796,60.03055,57.15505,0.72734,0.46959,3.34745,0.07052,0.04322,2.36849,0.07286,0.04466,3.81197,0.49885
2026020095,2026-10-13,NYR,TBL,0.44484,0.33024,0.42857,0.11460,0.12659,0.24119,0.47536,0.45124,2.78197,3.09602,28.50175,33.64202,2.77655,3.12751,3.30957,3.19056,53.58328,63.24682,0.62739,0.65617,2.66738,0.07105,0.04355,2.96942,0.07849,0.04811,3.72992,0.47590
2026020096,2026-10-13,OTT,STL,0.57533,0.45359,0.31146,0.12174,0.11322,0.23496,0.57609,0.58472,3.35945,2.85565,31.95237,31.43811,3.39006,2.79611,3.11484,3.69525,60.07082,59.10386,0.67819,0.59076,3.23771,0.07548,0.04626,2.74243,0.07019,0.04302,3.83549,0.60937
2026020097,2026-10-13,NYI,VAN,0.67962,0.58188,0.21219,0.09774,0.10819,0.20593,0.62409,0.63342,4.02737,2.19725,34.26266,25.91933,3.73849,2.40533,2.89232,2.37011,64.41424,48.72856,0.63745,0.45297,3.92963,0.06060,0.03714,2.08906,0.06708,0.04111,4.06048,0.56968
2026020098,2026-10-13,CHI,PIT,0.41632,0.30973,0.45754,0.10659,0.12614,0.23272,0.45245,0.41430,3.00975,3.45072,26.61033,29.76815,2.88179,3.10988,2.72073,2.49406,50.02816,55.96488,0.53377,0.53746,2.90316,0.06608,0.04050,3.32459,0.07821,0.04793,3.89853,0.33823
2026020099,2026-10-13,WPG,MIN,0.50530,0.38989,0.36823,0.11540,0.12648,0.24188,0.50304,0.50128,3.10072,2.88731,30.57179,28.85358,2.96139,2.79993,2.79310,2.44316,57.47537,54.24526,0.62337,0.58202,2.98532,0.07155,0.04385,2.76083,0.07842,0.04806,3.75746,0.54035
2026020100,2026-10-13,DAL,COL,0.46073,0.35374,0.41223,0.10699,0.12704,0.23403,0.50929,0.44012,3.32932,3.34496,26.12901,31.87442,3.09052,3.20942,3.13198,3.24220,49.12289,59.92404,0.71751,0.68695,3.22233,0.06633,0.04066,3.21792,0.07877,0.04828,3.94257,0.50449
2026020101,2026-10-13,NSH,VGK,0.46942,0.36176,0.39835,0.10766,0.13223,0.23989,0.48221,0.44737,3.16639,3.03125,28.78323,30.71729,3.02111,2.91903,3.05400,2.51787,54.11290,57.74904,0.65751,0.52073,3.05874,0.06675,0.04091,2.89902,0.08198,0.05025,3.81462,0.52027
2026020102,2026-10-13,UTA,TOR,0.61001,0.48587,0.28335,0.12414,0.10664,0.23078,0.59191,0.63032,3.47940,2.81738,32.52535,26.14075,3.44310,2.69703,2.84774,2.69609,61.14804,49.14490,0.61922,0.62392,3.35526,0.07697,0.04717,2.71075,0.06611,0.04052,3.87024,0.53205
2026020103,2026-10-13,ANA,CGY,0.60391,0.48676,0.28446,0.11714,0.11163,0.22877,0.56076,0.61004,3.57737,2.74980,33.27959,28.11271,3.53602,2.85752,2.87154,3.14712,62.56624,52.85222,0.61794,0.55262,3.46023,0.07263,0.04451,2.63817,0.06921,0.04242,3.89643,0.49346
2026020104,2026-10-13,LAK,EDM,0.47716,0.35810,0.40270,0.11906,0.12014,0.23920,0.51063,0.49283,2.94997,3.16629,30.22388,31.96484,2.91792,3.03799,2.50897,2.38169,56.82154,60.09470,0.54836,0.74955,2.83090,0.07382,0.04524,3.04614,0.07449,0.04565,3.79411,0.48396
2026020105,2026-10-13,SJS,BOS,0.46573,0.35320,0.41300,0.11253,0.12127,0.23380,0.46935,0.47710,3.17080,3.35690,32.04794,32.40858,3.18287,3.11781,3.60759,2.94303,60.25083,60.92868,0.67201,0.66703,3.05828,0.06977,0.04276,3.23563,0.07519,0.04608,3.90618,0.41491
2026020106,2026-10-14,WSH,MTL,0.51840,0.40187,0.36217,0.11653,0.11943,0.23596,0.54261,0.51868,3.31912,3.12419,29.06588,28.07737,3.22252,3.12923,2.83924,2.83144,54.64428,52.78611,0.62315,0.68680,3.20259,0.07225,0.04428,3.00475,0.07405,0.04538,3.88325,0.56298
2026020107,2026-10-14,COL,DAL,0.60490,0.48194,0.29021,0.12296,0.10489,0.22785,0.59044,0.62806,3.62800,3.01820,32.53148,26.40848,3.51385,2.83977,3.21453,3.02174,61.15964,49.64878,0.69573,0.68360,3.50503,0.07624,0.04673,2.91331,0.06503,0.03986,3.95932,0.57715
2026020108,2026-10-15,TOR,BUF,0.42455,0.31674,0.44848,0.10781,0.12698,0.23478,0.46246,0.42049,2.99394,3.36378,26.29582,32.51388,2.88994,3.16093,2.63558,3.13819,49.43624,61.12635,0.52735,0.65973,2.88614,0.06684,0.04097,3.23681,0.07873,0.04825,3.86669,0.53991
2026020109,2026-10-15,OTT,NYI,0.60358,0.48192,0.28488,0.12166,0.11154,0.23320,0.59772,0.60799,3.37202,2.64552,29.36485,28.99975,3.40439,2.62081,2.75677,3.12900,55.20605,54.51979,0.65402,0.51605,3.25036,0.07543,0.04623,2.53398,0.06916,0.04239,3.79994,0.58661
2026020110,2026-10-15,DET,PHI,0.52422,0.39815,0.35870,0.12607,0.11708,0.24315,0.53870,0.54782,2.95512,2.92228,28.76111,28.41564,2.91582,2.81322,2.75913,2.78908,54.07126,53.42190,0.58713,0.64216,2.82905,0.07817,0.04791,2.80521,0.07259,0.04449,3.72250,0.64222
2026020111,2026-10-15,TBL,SEA,0.69126,0.58345,0.20785,0.10781,0.10089,0.20870,0.65815,0.67056,3.86289,2.26019,33.66160,28.66260,3.69536,2.42292,2.90402,3.18919,63.28389,53.88579,0.74990,0.45646,3.75508,0.06684,0.04097,2.15930,0.06255,0.03834,3.97567,0.75115
2026020112,2026-10-15,FLA,VAN,0.74344,0.65925,0.16377,0.08419,0.09280,0.17699,0.65188,0.69576,4.59144,2.08295,32.28171,27.57051,4.03901,2.24567,2.57907,2.64776,60.69018,51.83316,0.87159,0.43277,4.50725,0.05220,0.03199,1.99016,0.05753,0.03526,4.37359,0.60877
2026020113,2026-10-15,NJD,NYR,0.57718,0.45757,0.30822,0.11961,0.11460,0.23421,0.54970,0.58637,3.37843,2.79109,33.79850,28.27196,3.37273,2.62699,2.92226,2.71467,63.54138,53.15147,0.66915,0.56153,3.25882,0.07416,0.04545,2.67649,0.07105,0.04355,3.82959,0.50323
2026020114,2026-10-15,CHI,WPG,0.44028,0.32096,0.43814,0.11932,0.12159,0.24091,0.46526,0.46845,2.63867,3.15794,26.39019,29.73616,2.63039,2.97485,2.82530,2.54527,49.61386,55.90438,0.49888,0.51535,2.51935,0.07398,0.04534,3.03635,0.07538,0.04620,3.71951,0.30325
2026020115,2026-10-15,NSH,SJS,0.56927,0.44661,0.31702,0.12267,0.11370,0.23637,0.59478,0.57485,3.30053,2.85910,30.66038,30.04374,3.14923,2.82188,2.89615,3.11602,57.64167,56.48243,0.67737,0.53670,3.17786,0.07605,0.04661,2.74539,0.07050,0.04321,3.81596,0.66990
2026020116,2026-10-15,MIN,STL,0.59634,0.48236,0.28714,0.11398,0.11653,0.23050,0.58381,0.58091,3.54132,2.64417,32.32027,29.48247,3.46144,2.54124,3.00438,2.92099,60.76237,55.42696,0.76408,0.48123,3.42734,0.07066,0.04331,2.52764,0.07225,0.04428,3.86696,0.65698
2026020117,2026-10-15,EDM,UTA,0.55923,0.44932,0.31517,0.10991,0.12560,0.23551,0.56087,0.52634,3.45028,2.66199,30.11881,26.62653,3.26210,2.65177,2.65159,2.46726,56.62371,50.05808,0.85735,0.52810,3.34037,0.06815,0.04177,2.53640,0.07787,0.04773,3.83455,0.63889
2026020118,2026-10-15,VGK,CGY,0.70414,0.59842,0.19728,0.10573,0.09857,0.20430,0.62858,0.69096,3.91022,2.18863,33.35825,28.10922,3.67168,2.32487,2.64637,2.99983,62.71399,52.84556,0.62114,0.40847,3.80449,0.06555,0.04018,2.09005,0.06112,0.03746,3.99780,0.63856
2026020119,2026-10-16,COL,PIT,0.66230,0.55934,0.23354,0.10296,0.10416,0.20712,0.63519,0.63615,4.29026,2.72079,31.46592,25.58353,3.79978,2.67250,2.68140,2.75600,59.15643,48.09741,0.74365,0.55290,4.18730,0.06383,0.03912,2.61663,0.06458,0.03958,4.19246,0.65326
2026020120,2026-10-16,ANA,BOS,0.50015,0.37716,0.38909,0.12299,0.11076,0.23376,0.51257,0.53917,3.19532,3.45460,31.35231,27.83766,3.26487,3.40292,3.21508,3.13068,58.94279,52.33510,0.69991,0.73643,3.07233,0.07625,0.04674,3.34384,0.06867,0.04209,3.94134,0.41737
2026020121,2026-10-17,WSH,NJD,0.52042,0.40276,0.36128,0.11766,0.11830,0.23596,0.58871,0.51271,3.31480,3.14356,28.59800,32.50324,3.02829,3.18640,2.79465,2.69870,53.76449,61.10645,0.55834,0.61906,3.19714,0.07295,0.04471,3.02526,0.07335,0.04495,3.88667,0.50969
2026020122,2026-10-17,WPG,CAR,0.37098,0.27792,0.48354,0.09306,0.14548,0.23853,0.43706,0.31802,2.89105,3.15497,26.16801,31.72716,2.86213,2.99245,3.01517,2.58107,49.19615,59.64742,0.53333,0.56563,2.79799,0.05770,0.03536,3.00949,0.09020,0.05528,3.77464,0.47066
2026020123,2026-10-17,TBL,VAN,0.75130,0.66326,0.15827,0.08804,0.09043,0.17847,0.69725,0.70395,4.38359,1.97716,33.87410,25.70192,4.00862,2.17691,2.79978,2.84554,63.68360,48.31987,0.74918,0.44271,4.29554,0.05459,0.03346,1.88673,0.05607,0.03436,4.26579,0.73531
2026020124,2026-10-17,FLA,SEA,0.68347,0.58124,0.21355,0.10222,0.10298,0.20521,0.61020,0.66188,4.10218,2.38878,32.62922,31.04132,3.78520,2.51438,2.76547,2.93203,61.34327,58.35815,0.90197,0.43503,3.99995,0.06338,0.03884,2.28580,0.06385,0.03913,4.09680,0.62913
2026020125,2026-10-17,TOR,NYI,0.47365,0.35015,0.40981,0.12350,0.11654,0.24004,0.53381,0.49882,2.82677,3.21547,25.68860,36.38841,2.88242,3.17750,2.30172,3.30620,48.29466,68.41042,0.48793,0.61408,2.70326,0.07657,0.04693,3.09893,0.07225,0.04428,3.78110,0.57564
2026020126,2026-10-17,MTL,BUF,0.51971,0.40597,0.35986,0.11374,0.12043,0.23417,0.53209,0.51545,3.44352,3.16315,26.66047,29.41670,3.25185,3.05471,2.93999,3.04093,50.12195,55.30360,0.69494,0.63876,3.32977,0.07052,0.04322,3.04272,0.07466,0.04576,3.92993,0.52275
2026020127,2026-10-17,DET,SJS,0.56959,0.44265,0.31997,0.12694,0.11044,0.23739,0.60599,0.58647,3.22658,2.91790,31.17159,28.20290,3.12442,2.79495,2.87486,2.81887,58.60291,53.02167,0.67379,0.59148,3.09963,0.07870,0.04824,2.80746,0.06847,0.04197,3.80464,0.67300
2026020128,2026-10-17,PHI,OTT,0.44634,0.32942,0.43098,0.11692,0.12268,0.23961,0.51764,0.45319,2.78643,3.19434,28.69472,31.26576,2.83746,3.09238,3.27323,3.13931,53.94666,58.78000,0.59724,0.68798,2.66950,0.07249,0.04443,3.07166,0.07606,0.04662,3.76441,0.39684
2026020129,2026-10-17,CBJ,NYR,0.56944,0.44802,0.31291,0.12142,0.11765,0.23907,0.56463,0.57225,3.20117,2.67302,34.44091,28.01142,3.38340,2.63490,3.18767,2.74160,64.74884,52.66164,0.56783,0.61844,3.07976,0.07528,0.04614,2.55537,0.07294,0.04471,3.74165,0.43586
2026020130,2026-10-17,CHI,DAL,0.35184,0.24586,0.53457,0.10598,0.11359,0.21957,0.40623,0.38729,2.49845,3.75056,26.64893,30.13551,2.61956,3.27515,3.29545,2.80512,50.10030,56.65507,0.49011,0.66310,2.39247,0.06571,0.04027,3.63697,0.07042,0.04316,3.93950,0.27564
2026020131,2026-10-17,NSH,STL,0.53350,0.41859,0.34253,0.11490,0.12398,0.23888,0.52068,0.52645,3.27644,2.83991,31.53151,29.87574,3.21976,2.79606,3.16214,3.10464,59.27909,56.16639,0.72019,0.46551,3.16154,0.07124,0.04366,2.71593,0.07687,0.04711,3.80413,0.56790
2026020132,2026-10-17,LAK,BOS,0.56497,0.45117,0.31574,0.11380,0.11929,0.23309,0.51939,0.56325,3.47622,2.80691,35.74362,30.89002,3.46392,2.92849,3.32712,2.83867,67.19939,58.07417,0.72920,0.57340,3.36242,0.07056,0.04324,2.68763,0.07396,0.04533,3.86862,0.60512
2026020133,2026-10-17,UTA,EDM,0.49523,0.36502,0.39523,0.13021,0.10954,0.23975,0.53949,0.54396,2.84725,3.28771,26.91481,30.01212,2.85474,3.06763,2.53209,2.62015,50.60003,56.42312,0.53491,0.86755,2.71704,0.08073,0.04948,3.17817,0.06791,0.04163,3.81081,0.44045
2026020134,2026-10-17,VGK,PIT,0.64049,0.53873,0.24713,0.10177,0.11237,0.21414,0.58811,0.60679,4.03929,2.53799,30.95573,26.19887,3.62343,2.57692,2.66073,2.76529,58.19748,49.25433,0.72560,0.47474,3.93752,0.06310,0.03867,2.42562,0.06967,0.04270,4.07260,0.51565
2026020135,2026-10-18,MIN,CBJ,0.59276,0.47962,0.28866,0.11314,0.11859,0.23172,0.58468,0.57128,3.49872,2.58812,32.23419,31.15996,3.40092,2.67869,2.88619,2.58650,60.60112,58.58120,0.76880,0.45041,3.38558,0.07015,0.04299,2.46953,0.07352,0.04506,3.84190,0.63479
2026020136,2026-10-18,CGY,CAR,0.34271,0.25013,0.51790,0.09258,0.13939,0.23197,0.40819,0.30798,2.68129,3.29821,31.11843,33.87600,2.84196,3.24804,3.57954,2.49583,58.50306,63.68766,0.50930,0.48957,2.58872,0.05740,0.03518,3.15882,0.08642,0.05297,3.77776,0.30115
2026020137,2026-10-19,NYR,ANA,0.54283,0.43003,0.33421,0.11280,0.12296,0.23576,0.56644,0.52096,3.41030,2.86393,26.21869,31.82122,3.26362,2.97690,2.97790,3.14785,49.29141,59.82424,0.73693,0.66629,3.29751,0.06993,0.04286,2.74097,0.07623,0.04672,3.85570,0.75733
2026020138,2026-10-19,PHI,COL,0.38359,0.28208,0.48549,0.10151,0.13092,0.23243,0.45600,0.36457,2.84125,3.39990,27.47069,32.63662,2.86002,3.21200,3.21976,2.96910,51.64546,61.35728,0.63282,0.69435,2.73974,0.06294,0.03857,3.26898,0.08117,0.04975,3.84657,0.28923
2026020139,2026-10-19,TOR,SJS,0.52721,0.40260,0.35953,0.12461,0.11326,0.23787,0.58594,0.54290,3.14509,3.12953,29.59629,34.30471,3.00351,3.08797,2.69661,3.40147,55.64145,64.49326,0.58202,0.65842,3.02048,0.07726,0.04735,3.01627,0.07022,0.04304,3.83466,0.70222
2026020140,2026-10-19,UTA,PIT,0.55179,0.43342,0.33143,0.11837,0.11678,0.23515,0.55412,0.55567,3.38040,2.96129,28.42643,27.92210,3.28379,2.89966,2.69933,3.02960,53.44199,52.49382,0.58065,0.65665,3.26203,0.07339,0.04498,2.84451,0.07240,0.04438,3.86504,0.51616
2026020141,2026-10-20,MTL,SJS,0.66430,0.55600,0.23229,0.10830,0.10341,0.21170,0.65162,0.64416,4.00168,2.57183,31.24303,28.12260,3.66187,2.68938,3.19373,2.85924,58.73774,52.87093,0.90956,0.51719,3.89338,0.06714,0.04115,2.46843,0.06411,0.03929,4.05533,0.68499
2026020142,2026-10-20,NJD,COL,0.47749,0.37244,0.39298,0.10505,0.12953,0.23458,0.44647,0.46370,3.45253,3.22682,31.41810,31.22191,3.35303,2.99153,3.02837,2.53777,59.06682,58.69773,0.73613,0.54757,3.34748,0.06513,0.03992,3.09730,0.08031,0.04922,3.94764,0.45082
2026020143,2026-10-20,NYI,ANA,0.58373,0.48146,0.29168,0.10228,0.12459,0.22686,0.55975,0.53636,3.80900,2.64250,31.32629,28.41463,3.70465,2.80948,3.47919,2.49358,58.89401,53.41993,0.73935,0.52873,3.70673,0.06341,0.03887,2.51791,0.07724,0.04734,3.97914,0.66023
2026020144,2026-10-20,WSH,LAK,0.56313,0.44317,0.32048,0.11996,0.11639,0.23635,0.59754,0.55756,3.28713,2.80724,29.06081,32.03138,3.10720,2.95234,2.81114,2.68023,54.63470,60.21955,0.63392,0.53139,3.16718,0.07437,0.04558,2.69085,0.07216,0.04423,3.80068,0.51306
2026020145,2026-10-20,CBJ,TOR,0.64326,0.53842,0.24257,0.10484,0.11418,0.21902,0.58739,0.61025,3.75193,2.30335,36.04494,24.99165,3.78034,2.38363,3.14739,2.29756,67.76481,46.98459,0.65190,0.44690,3.64709,0.06500,0.03984,2.18917,0.07079,0.04339,3.92594,0.51099
2026020146,2026-10-20,STL,WPG,0.53736,0.41291,0.34514,0.12445,0.11750,0.24195,0.56312,0.54933,3.03842,2.85516,28.65557,30.14039,2.90492,2.85051,3.04415,3.00936,53.87260,56.66411,0.50348,0.61147,2.91396,0.07716,0.04729,2.73767,0.07285,0.04465,3.72946,0.42075
2026020147,2026-10-20,DAL,BOS,0.58762,0.47039,0.29881,0.11723,0.11357,0.23080,0.59056,0.58343,3.54519,2.83056,29.42759,29.76866,3.38139,2.93768,3.28285,3.32610,55.32406,55.96487,0.75216,0.58632,3.42796,0.07268,0.04455,2.71699,0.07041,0.04315,3.89745,0.66308
2026020148,2026-10-20,EDM,MIN,0.53473,0.41474,0.34765,0.11999,0.11762,0.23761,0.53067,0.54723,3.25617,3.01119,31.45306,28.53145,3.01194,2.85480,2.29004,2.42298,59.13215,53.63949,0.71632,0.65410,3.13618,0.07439,0.04560,2.89356,0.07293,0.04470,3.83653,0.56560
2026020149,2026-10-20,SEA,DET,0.45444,0.33744,0.42690,0.11700,0.11866,0.23566,0.51447,0.46918,2.96142,3.37683,28.74826,31.14154,2.87518,3.14657,2.54599,2.56446,54.04693,58.54649,0.50951,0.73165,2.84442,0.07254,0.04446,3.25817,0.07357,0.04509,3.86451,0.47944
2026020150,2026-10-20,VAN,CAR,0.26794,0.18338,0.61848,0.08456,0.11358,0.19814,0.35538,0.27226,2.42580,4.08526,24.91003,33.97399,2.47558,3.61443,2.85405,2.41473,46.83138,63.87162,0.48558,0.65968,2.34124,0.05243,0.03213,3.97168,0.07042,0.04316,4.08771,0.34055
2026020151,2026-10-20,VGK,TBL,0.52650,0.40185,0.35881,0.12466,0.11468,0.23934,0.52931,0.55446,3.09604,3.06459,30.27765,28.45032,3.05308,2.88454,3.21681,2.88714,56.92231,53.48685,0.65243,0.59480,2.97138,0.07729,0.04737,2.94991,0.07110,0.04358,3.80298,0.39154
2026020152,2026-10-21,BUF,PHI,0.60682,0.47849,0.28755,0.12833,0.10563,0.23396,0.60437,0.63320,3.33995,2.80436,28.61865,28.21223,3.13306,2.76360,3.12631,3.12349,53.80326,53.03936,0.62931,0.60774,3.21162,0.07956,0.04876,2.69873,0.06549,0.04014,3.81757,0.67141
2026020153,2026-10-21,OTT,FLA,0.53107,0.41235,0.35172,0.11872,0.11721,0.23593,0.56847,0.53243,3.31985,3.09116,31.20627,28.23372,3.23230,2.95254,3.02501,2.89613,58.66823,53.07983,0.62530,0.73457,3.20113,0.07361,0.04511,2.97395,0.07267,0.04454,3.87542,0.54706
2026020154,2026-10-22,BOS,NSH,0.52780,0.40958,0.35369,0.11822,0.11851,0.23674,0.58502,0.52135,3.27558,3.04524,29.73297,29.76498,3.26587,2.98132,2.80595,3.06678,55.89821,55.95829,0.54229,0.70702,3.15735,0.07330,0.04492,2.92672,0.07348,0.04504,3.85094,0.53356
2026020155,2026-10-22,TOR,NYR,0.46438,0.34579,0.41521,0.11858,0.12041,0.23899,0.52704,0.47470,2.86981,3.18493,28.07102,32.12610,2.87362,3.03770,2.66092,2.99532,52.77362,60.39735,0.53927,0.72685,2.75123,0.07352,0.04506,3.06452,0.07466,0.04576,3.78075,0.46523
2026020156,2026-10-22,OTT,SJS,0.62611,0.50107,0.27117,0.12504,0.10272,0.22776,0.64743,0.64033,3.55839,2.83474,33.44738,30.61139,3.43862,2.74504,3.05902,3.48714,62.88183,57.55048,0.69054,0.63798,3.43335,0.07753,0.04752,2.73202,0.06369,0.03903,3.90199,0.70960
2026020157,2026-10-22,NJD,ANA,0.60202,0.49378,0.28294,0.10823,0.11505,0.22328,0.56595,0.58382,3.87906,2.81400,30.23241,29.54951,3.78485,2.76537,2.97923,2.65092,56.83736,55.55354,0.78469,0.52926,3.77083,0.06710,0.04113,2.69895,0.07133,0.04372,4.02469,0.72522
2026020158,2026-10-22,PIT,FLA,0.49268,0.36966,0.39438,0.12302,0.11294,0.23595,0.54230,0.52012,3.09177,3.37792,30.40275,28.29285,3.06599,3.13834,2.97084,2.45268,57.15796,53.19118,0.55340,0.67706,2.96875,0.07627,0.04675,3.26498,0.07002,0.04292,3.89401,0.55044
2026020159,2026-10-22,NYI,LAK,0.52548,0.40525,0.35171,0.12023,0.12282,0.24305,0.55302,0.52277,3.03585,2.79205,32.63615,30.18066,3.06326,2.89929,3.02516,2.49553,61.35652,56.74007,0.54378,0.53203,2.91562,0.07454,0.04569,2.66923,0.07615,0.04667,3.71246,0.47483
2026020160,2026-10-22,STL,VGK,0.43687,0.32349,0.43807,0.11338,0.12506,0.23844,0.51188,0.43431,2.82961,3.22007,30.29076,34.49074,2.87292,3.21321,3.54382,3.17822,56.94616,64.84271,0.49684,0.71837,2.71623,0.07029,0.04308,3.09501,0.07754,0.04752,3.78270,0.49202
2026020161,2026-10-22,DAL,WPG,0.61589,0.49821,0.27188,0.11769,0.11223,0.22991,0.60871,0.60768,3.47934,2.55676,28.51091,27.63709,3.19678,2.63322,3.00968,3.01968,53.60071,51.95778,0.69481,0.50468,3.36165,0.07297,0.04472,2.44453,0.06958,0.04265,3.82864,0.56215
2026020162,2026-10-22,CGY,MIN,0.39510,0.27740,0.49393,0.11771,0.11097,0.22868,0.47347,0.44131,2.46555,3.56297,30.91490,32.72198,2.56181,3.43466,2.86662,2.72523,58.12020,61.51792,0.45075,0.66351,2.34784,0.07298,0.04473,3.45200,0.06880,0.04217,3.85514,0.36836
2026020163,2026-10-22,EDM,CAR,0.45388,0.35660,0.40229,0.09728,0.14383,0.24111,0.46445,0.39578,3.30786,2.91463,27.72276,30.97430,3.13279,2.87503,2.63514,2.50548,52.11906,58.23188,0.71572,0.56219,3.21058,0.06031,0.03697,2.77080,0.08917,0.05465,3.83232,0.49261
2026020164,2026-10-22,SEA,UTA,0.41594,0.30717,0.45652,0.10877,0.12754,0.23631,0.49270,0.40610,2.82760,3.28132,29.48964,31.11804,2.87111,3.21088,3.16210,2.80515,55.44071,58.50223,0.57301,0.67821,2.71883,0.06744,0.04133,3.15378,0.07908,0.04847,3.80294,0.46160
2026020165,2026-10-22,VAN,DET,0.39155,0.27615,0.49625,0.11540,0.11220,0.22759,0.46972,0.43151,2.53806,3.61139,26.29196,31.08830,2.57930,3.29800,2.40374,2.51888,49.42919,58.44639,0.50263,0.69424,2.42267,0.07155,0.04385,3.49920,0.06956,0.04263,3.88391,0.50318
2026020166,2026-10-23,CHI,MTL,0.39488,0.28300,0.49107,0.11188,0.11405,0.22593,0.42184,0.43543,2.76037,3.72623,27.08430,28.31590,2.79755,3.30764,2.85593,2.52529,50.91871,53.23441,0.54396,0.66339,2.64849,0.06937,0.04252,3.61218,0.07071,0.04334,3.95794,0.36969
2026020167,2026-10-23,COL,TBL,0.58300,0.45879,0.30774,0.12420,0.10927,0.23347,0.57830,0.60379,3.40428,2.94421,31.14483,27.71853,3.23989,2.87404,3.10058,2.92948,58.55246,52.11117,0.66384,0.62671,3.28008,0.07701,0.04720,2.83494,0.06775,0.04152,3.86891,0.52910
2026020168,2026-10-24,PHI,ANA,0.55479,0.44513,0.32097,0.10966,0.12424,0.23389,0.57537,0.52093,3.52298,2.78137,27.66863,29.29157,3.46215,2.80437,3.30803,2.93371,52.01768,55.06855,0.77357,0.61040,3.41333,0.06799,0.04167,2.65713,0.07703,0.04721,3.88196,0.56911
2026020169,2026-10-24,NJD,LAK,0.58052,0.46058,0.30574,0.11994,0.11374,0.23368,0.55924,0.58944,3.40346,2.80848,33.78832,32.04694,3.39202,2.79377,2.73961,2.68971,63.52289,60.24914,0.66427,0.50116,3.28352,0.07436,0.04558,2.69474,0.07052,0.04322,3.84183,0.54243
2026020170,2026-10-24,BOS,SJS,0.59210,0.47125,0.29737,0.12085,0.11053,0.23138,0.62848,0.59042,3.47818,2.84737,33.20413,31.25565,3.40268,2.90592,3.17412,3.51685,62.42426,58.76102,0.67784,0.63584,3.35733,0.07493,0.04592,2.73684,0.06853,0.04200,3.87578,0.66290
2026020171,2026-10-24,OTT,NYR,0.59758,0.47880,0.28855,0.11878,0.11387,0.23265,0.59117,0.59415,3.42108,2.65056,32.48125,26.37625,3.40277,2.54870,3.22151,2.91998,61.06481,49.58750,0.71421,0.61133,3.30231,0.07364,0.04514,2.53669,0.07060,0.04327,3.82005,0.47923
2026020172,2026-10-24,PIT,NSH,0.54296,0.41335,0.34977,0.12960,0.10727,0.23688,0.57919,0.58052,3.17586,3.22211,29.51992,28.28525,3.13571,2.99464,2.69412,2.57661,55.49784,53.17657,0.50017,0.62811,3.04625,0.08035,0.04925,3.11484,0.06651,0.04076,3.86876,0.58712
2026020173,2026-10-24,WSH,BUF,0.51169,0.40036,0.36520,0.11133,0.12310,0.23443,0.52446,0.49979,3.43333,3.13253,28.14975,29.24846,3.16019,3.04483,3.06263,2.99179,52.92164,54.98730,0.64668,0.60573,3.32200,0.06903,0.04231,3.00942,0.07632,0.04678,3.92008,0.54480
2026020174,2026-10-24,CBJ,VGK,0.50037,0.38790,0.37046,0.11248,0.12917,0.24165,0.51099,0.48371,3.13997,2.87241,31.49205,30.49425,3.20222,2.84545,3.20561,2.65965,59.20519,57.32957,0.54120,0.60113,3.02749,0.06973,0.04274,2.74324,0.08009,0.04908,3.76642,0.52067
2026020175,2026-10-24,STL,CAR,0.37053,0.27133,0.49765,0.09920,0.13182,0.23101,0.44998,0.34773,2.79897,3.41732,28.22361,37.08007,2.84206,3.41518,3.58020,3.24609,53.06006,69.71060,0.49116,0.71977,2.69977,0.06150,0.03770,3.28550,0.08173,0.05009,3.84455,0.34970
2026020176,2026-10-24,EDM,TOR,0.63908,0.52979,0.25102,0.10929,0.10990,0.21919,0.60230,0.62106,3.82994,2.55449,35.59629,24.46896,3.65853,2.44240,2.64382,2.13092,66.92160,46.00178,0.85971,0.48662,3.72064,0.06776,0.04153,2.44459,0.06814,0.04176,3.97816,0.63442
2026020177,2026-10-24,UTA,TBL,0.50576,0.38502,0.37151,0.12074,0.12274,0.24347,0.49464,0.52153,2.95735,2.89929,30.33761,29.39559,3.09544,2.91656,3.62081,3.02153,57.03500,55.26398,0.64431,0.63897,2.83661,0.07486,0.04588,2.77656,0.07610,0.04664,3.71668,0.39270
2026020178,2026-10-24,CGY,DET,0.45105,0.33083,0.42757,0.12022,0.12139,0.24161,0.52567,0.46483,2.68165,3.12406,29.01416,31.32030,2.75046,3.09306,2.69144,2.72160,54.54676,58.88248,0.46825,0.58567,2.56144,0.07454,0.04568,3.00268,0.07526,0.04613,3.71667,0.45637
2026020179,2026-10-24,SEA,MIN,0.39249,0.27927,0.49387,0.11322,0.11364,0.22686,0.46230,0.42652,2.63946,3.64886,31.13230,33.08910,2.67778,3.42989,2.82381,2.71954,58.52910,62.20803,0.48389,0.80981,2.52624,0.07020,0.04302,3.53523,0.07045,0.04318,3.91150,0.39036
2026020180,2026-10-25,CHI,FLA,0.34568,0.24081,0.54251,0.10487,0.11182,0.21669,0.44457,0.37226,2.51804,3.85002,28.50756,31.24737,2.59947,3.38523,3.04300,2.52886,53.59512,58.74574,0.47530,0.72118,2.41316,0.06502,0.03985,3.73821,0.06933,0.04249,3.98552,0.35380
2026020181,2026-10-25,DAL,NYI,0.59805,0.47741,0.29046,0.12063,0.11149,0.23213,0.61746,0.59609,3.43205,2.73307,28.92206,30.88110,3.37001,2.77303,2.96289,3.30221,54.37352,58.05649,0.69778,0.50223,3.31142,0.07479,0.04584,2.62158,0.06912,0.04237,3.83825,0.65943
2026020182,2026-10-25,WPG,MTL,0.47038,0.35280,0.40850,0.11758,0.12113,0.23871,0.50635,0.48269,2.97147,3.20455,29.00798,27.32261,3.01302,2.99327,2.70907,2.76606,54.53518,51.36685,0.54561,0.69156,2.85389,0.07290,0.04468,3.08342,0.07510,0.04603,3.81121,0.61997
2026020183,2026-10-25,NSH,COL,0.35158,0.24922,0.53245,0.10236,0.11597,0.21833,0.43301,0.36730,2.68520,3.84476,25.37848,33.70810,2.67834,3.47999,2.64627,2.83368,47.71198,63.37177,0.54135,0.70358,2.58284,0.06346,0.03890,3.72878,0.07190,0.04407,3.99700,0.38418
2026020184,2026-10-25,VAN,MIN,0.36933,0.25996,0.51718,0.10937,0.11349,0.22286,0.41818,0.40839,2.55338,3.70808,29.30821,31.63747,2.55823,3.42080,2.69732,2.43000,55.10006,59.47920,0.55233,0.69529,2.44401,0.06781,0.04156,3.59459,0.07036,0.04313,3.92643,0.41112
2026020185,2026-10-26,NYR,LAK,0.53409,0.41219,0.34531,0.12190,0.12060,0.24250,0.55973,0.53641,3.04877,2.79687,29.32544,34.56158,2.97642,2.94666,2.79504,3.07210,55.13235,64.97633,0.65326,0.59454,2.92687,0.07558,0.04632,2.67627,0.07477,0.04583,3.71782,0.57804
2026020186,2026-10-26,CGY,TOR,0.49311,0.36983,0.38740,0.12328,0.11949,0.24277,0.54638,0.50746,2.86479,3.02091,34.32618,28.72208,3.02899,2.94581,3.19435,2.50683,64.53326,53.99777,0.51706,0.50647,2.74151,0.07643,0.04685,2.90142,0.07409,0.04541,3.72690,0.42734
2026020187,2026-10-26,EDM,DET,0.59172,0.47634,0.29195,0.11538,0.11633,0.23171,0.58219,0.58012,3.50411,2.67894,30.34076,27.31529,3.26746,2.60665,2.23608,2.38717,57.04100,51.35288,0.76014,0.57761,3.38874,0.07153,0.04384,2.56261,0.07213,0.04421,3.85733,0.65884
2026020188,2026-10-27,PHI,CBJ,0.48158,0.35888,0.39800,0.12270,0.12042,0.24312,0.54473,0.49424,2.81064,3.04122,29.76105,33.13229,2.89006,3.05894,3.00125,3.05917,55.95135,62.28916,0.59249,0.55147,2.68793,0.07608,0.04663,2.92080,0.07466,0.04576,3.71925,0.43759
2026020189,2026-10-27,CAR,BOS,0.65584,0.52147,0.25127,0.13437,0.09288,0.22725,0.64117,0.70330,3.50036,2.85405,33.60646,26.89069,3.56363,2.83720,3.04294,3.10307,63.18053,50.55440,0.66488,0.57457,3.36599,0.08331,0.05106,2.76117,0.05759,0.03530,3.88336,0.70600
2026020190,2026-10-27,CHI,LAK,0.44709,0.33230,0.42747,0.11479,0.12544,0.24023,0.47730,0.45490,2.82658,3.14360,30.56791,33.19779,2.88497,3.00663,3.07942,2.41325,57.46938,62.41318,0.58858,0.48779,2.71179,0.07117,0.04362,3.01816,0.07778,0.04767,3.75643,0.33311
2026020191,2026-10-27,STL,MTL,0.47326,0.35274,0.41045,0.12051,0.11629,0.23681,0.51944,0.49672,2.97850,3.33026,29.85960,28.45096,3.02886,3.19278,3.19582,3.09244,56.13593,53.48810,0.52706,0.79699,2.85798,0.07472,0.04580,3.21397,0.07210,0.04419,3.85316,0.49846
2026020192,2026-10-27,NSH,NYI,0.51658,0.39365,0.36503,0.12292,0.11840,0.24132,0.54290,0.53118,3.01275,2.97266,28.11365,32.60660,3.06913,2.92405,2.58208,2.97788,52.85374,61.30064,0.58491,0.49055,2.88983,0.07621,0.04671,2.85426,0.07341,0.04499,3.75362,0.54485
2026020193,2026-10-27,DAL,NJD,0.53761,0.42107,0.34459,0.11654,0.11780,0.23434,0.61149,0.52150,3.42547,3.08315,29.24439,31.26270,3.14897,3.04964,3.02269,2.98623,54.97979,58.77408,0.62975,0.62169,3.30893,0.07225,0.04429,2.96535,0.07304,0.04476,3.90626,0.59293
2026020194,2026-10-27,WPG,FLA,0.43609,0.31904,0.44416,0.11705,0.11976,0.23681,0.52946,0.44632,2.76732,3.32521,29.66848,29.60091,2.81337,3.07830,2.85581,2.71549,55.77712,55.65002,0.49392,0.74206,2.65027,0.07257,0.04448,3.20546,0.07425,0.04551,3.80661,0.59614
2026020195,2026-10-27,UTA,MIN,0.50339,0.37275,0.38694,0.13064,0.10967,0.24031,0.51989,0.55701,2.86811,3.23970,29.68252,30.51364,2.89374,3.16326,2.78742,3.11506,55.80329,57.36598,0.55145,0.81018,2.73747,0.08100,0.04964,3.13003,0.06800,0.04168,3.79906,0.46663
2026020196,2026-10-27,VGK,OTT,0.53437,0.40773,0.35560,0.12665,0.11003,0.23668,0.56221,0.56600,3.19019,3.20895,27.69532,27.46488,2.94092,2.92262,2.60704,2.88545,52.06783,51.63458,0.59271,0.65474,3.06354,0.07852,0.04813,3.09893,0.06822,0.04181,3.86887,0.51824
2026020197,2026-10-27,ANA,VAN,0.66440,0.55798,0.23197,0.10642,0.10363,0.21005,0.61498,0.65023,4.11292,2.62922,32.41769,25.74217,3.74034,2.72488,2.57436,2.82220,60.94593,48.39589,0.72127,0.60032,4.00650,0.06598,0.04044,2.52559,0.06425,0.03938,4.10858,0.44527
2026020198,2026-10-27,SJS,BUF,0.40865,0.30393,0.46661,0.10472,0.12474,0.22946,0.42649,0.41209,3.10522,3.61166,29.48263,31.06410,2.88376,3.09345,3.01925,2.94144,55.42825,58.40095,0.54614,0.68917,3.00050,0.06493,0.03979,3.48693,0.07734,0.04740,3.97080,0.37435
2026020199,2026-10-28,WSH,PHI,0.61068,0.49603,0.27540,0.11466,0.11392,0.22857,0.57937,0.60160,3.54759,2.57971,31.19650,29.07070,3.29235,2.73756,3.23976,2.80253,58.65027,54.65377,0.72247,0.51669,3.43293,0.07109,0.04357,2.46579,0.07063,0.04329,3.86036,0.67161
2026020200,2026-10-28,EDM,CGY,0.66646,0.55948,0.22570,0.10699,0.10784,0.21482,0.60599,0.64421,3.78030,2.27382,33.60291,27.99232,3.62476,2.36773,2.47321,2.58143,63.17400,52.62556,0.72819,0.43537,3.67332,0.06633,0.04065,2.16598,0.06686,0.04098,3.93695,0.73048
2026020201,2026-10-28,COL,NJD,0.65414,0.54318,0.24298,0.11095,0.10288,0.21384,0.64974,0.64163,4.00686,2.72670,32.35365,27.18428,3.55525,2.73274,2.70456,2.53559,60.82545,51.10701,0.67744,0.56147,3.89591,0.06879,0.04216,2.62382,0.06379,0.03910,4.06796,0.62867
2026020202,2026-10-28,SEA,TOR,0.51088,0.38831,0.37263,0.12257,0.11649,0.23906,0.53524,0.53122,3.08785,3.12706,33.88014,28.46898,3.16183,2.94843,3.09704,2.43327,63.69495,53.52195,0.56415,0.61747,2.96528,0.07600,0.04658,3.01057,0.07222,0.04427,3.81817,0.45077
2026020203,2026-10-29,DET,CHI,0.62558,0.50292,0.26574,0.12267,0.10867,0.23134,0.62773,0.62748,3.37984,2.52505,30.18651,25.62168,3.25577,2.51664,2.44778,2.58474,56.75103,48.16903,0.54033,0.51431,3.25717,0.07605,0.04661,2.41638,0.06738,0.04130,3.78264,0.69307
2026020204,2026-10-29,TBL,WPG,0.65136,0.52909,0.24355,0.12227,0.10510,0.22737,0.62055,0.65909,3.42375,2.39731,30.27415,26.95424,3.27331,2.47022,2.81583,2.98349,56.91556,50.67413,0.62326,0.49756,3.30148,0.07581,0.04646,2.29221,0.06516,0.03994,3.78228,0.60930
2026020205,2026-10-29,PIT,UTA,0.52480,0.40217,0.36042,0.12263,0.11479,0.23741,0.54628,0.54445,3.19148,3.13630,27.64666,28.27935,3.09516,3.06278,3.00819,2.73831,51.97600,53.16560,0.66273,0.59155,3.06885,0.07603,0.04660,3.02151,0.07117,0.04362,3.84937,0.56581
2026020206,2026-10-29,CAR,CBJ,0.62961,0.48760,0.27543,0.14201,0.09496,0.23697,0.64731,0.68551,3.18999,2.88183,32.60794,28.65338,3.25110,2.91719,2.79880,3.07112,61.30320,53.86840,0.60350,0.50613,3.04798,0.08805,0.05396,2.78687,0.05887,0.03608,3.78347,0.70383
2026020207,2026-10-29,STL,BOS,0.49522,0.37034,0.39124,0.12488,0.11354,0.23842,0.54444,0.52430,2.96440,3.24091,31.15103,33.42821,3.06594,3.22043,3.60843,3.29508,58.56380,62.84488,0.55892,0.71287,2.83952,0.07742,0.04745,3.12737,0.07040,0.04315,3.82146,0.51865
2026020208,2026-10-29,NSH,WSH,0.51309,0.40114,0.36175,0.11195,0.12516,0.23711,0.49742,0.50583,3.31116,2.97889,31.06772,29.06034,3.31364,2.84025,2.96144,2.72252,58.40762,54.63390,0.67662,0.51607,3.19921,0.06941,0.04254,2.85373,0.07760,0.04756,3.84687,0.50504
2026020209,2026-10-29,DAL,MTL,0.54834,0.43111,0.33470,0.11723,0.11696,0.23419,0.56607,0.54677,3.44154,3.02846,29.50632,26.53119,3.34089,2.98424,3.13333,3.16349,55.47195,49.87878,0.72000,0.67519,3.32431,0.07268,0.04455,2.91150,0.07251,0.04444,3.89945,0.64672
2026020210,2026-10-29,MIN,NYI,0.58330,0.45997,0.30284,0.12333,0.11386,0.23719,0.60532,0.58553,3.24797,2.69422,29.50419,31.54790,3.33554,2.63636,2.55799,2.84543,55.46813,59.31024,0.63947,0.50921,3.12464,0.07647,0.04687,2.58036,0.07059,0.04327,3.76281,0.63529
2026020211,2026-10-29,ANA,BUF,0.44961,0.33509,0.43299,0.11452,0.11740,0.23192,0.46927,0.47335,3.10341,3.54987,29.20705,27.12971,3.06558,3.29801,2.96184,3.19511,54.90986,51.00426,0.60690,0.73068,2.98889,0.07100,0.04352,3.43247,0.07279,0.04461,3.95093,0.37700
2026020212,2026-10-29,LAK,OTT,0.46133,0.34473,0.41652,0.11660,0.12215,0.23875,0.49889,0.47233,2.91342,3.19220,29.36009,30.46717,2.86740,3.07560,2.75931,2.82635,55.19778,57.27902,0.54024,0.68599,2.79682,0.07230,0.04431,3.07005,0.07573,0.04642,3.79329,0.55910
2026020213,2026-10-29,SJS,VAN,0.62348,0.52159,0.25858,0.10189,0.11795,0.21983,0.57327,0.58238,3.88478,2.46916,31.90584,30.00158,3.55167,2.52316,2.91441,2.81362,59.98350,56.40358,0.66414,0.54572,3.78289,0.06317,0.03872,2.35121,0.07313,0.04482,3.99855,0.44293
2026020214,2026-10-30,VGK,NJD,0.56280,0.43538,0.32792,0.12742,0.10929,0.23671,0.60336,0.58443,3.24539,3.02997,30.08475,29.28058,3.06115,2.90416,2.54904,2.73869,56.55986,55.04800,0.53965,0.60273,3.11798,0.07900,0.04842,2.92068,0.06776,0.04153,3.83765,0.49453
2026020215,2026-10-30,FLA,WPG,0.66312,0.55936,0.22769,0.10376,0.10919,0.21296,0.57076,0.64138,3.89564,2.31859,30.34844,27.92288,3.52974,2.43508,2.76531,2.65979,57.05555,52.49554,0.82933,0.43373,3.79188,0.06433,0.03943,2.20939,0.06770,0.04149,3.99528,0.48130
2026020216,2026-10-30,CGY,SEA,0.52044,0.39683,0.35895,0.12361,0.12060,0.24422,0.56128,0.52690,2.94080,2.84012,32.02923,31.99404,3.02483,2.92325,2.89580,2.89735,60.21510,60.14914,0.53255,0.47437,2.81719,0.07664,0.04697,2.71952,0.07477,0.04583,3.69516,0.51700
2026020217,2026-10-31,BOS,CHI,0.64815,0.53709,0.24323,0.11105,0.10863,0.21968,0.64970,0.62219,3.73112,2.44398,31.04493,27.26535,3.55833,2.57809,2.74375,3.09667,58.36483,51.25916,0.58988,0.53565,3.62007,0.06885,0.04220,2.33536,0.06735,0.04128,3.92466,0.68317
2026020218,2026-10-31,DET,STL,0.53500,0.41575,0.34371,0.11925,0.12128,0.24054,0.53232,0.53833,3.14685,2.82366,30.21736,28.50782,3.12213,2.75677,2.92470,2.97280,56.80880,53.59475,0.67128,0.53244,3.02760,0.07394,0.04532,2.70237,0.07520,0.04609,3.75669,0.57028
2026020219,2026-10-31,NSH,TBL,0.43152,0.31814,0.44448,0.11338,0.12400,0.23738,0.46126,0.44451,2.80558,3.26423,28.86045,31.35776,2.84244,3.11149,3.29186,2.74946,54.25766,58.95276,0.61790,0.56419,2.69220,0.07030,0.04308,3.14023,0.07688,0.04712,3.79262,0.37153
2026020220,2026-10-31,NYI,EDM,0.47082,0.35479,0.40359,0.11602,0.12559,0.24162,0.51348,0.46967,2.92732,3.04910,29.27901,29.62518,2.84211,3.01682,2.66261,2.21855,55.04470,55.69561,0.50876,0.69339,2.81130,0.07193,0.04409,2.92351,0.07787,0.04773,3.75194,0.41583
2026020221,2026-10-31,LAK,BUF,0.47641,0.36569,0.39501,0.11072,0.12857,0.23930,0.47606,0.46857,3.14086,3.06257,31.29522,29.67245,3.13038,2.93573,2.94552,3.04985,58.83564,55.78468,0.57868,0.63915,3.03013,0.06865,0.04207,2.93400,0.07972,0.04886,3.81531,0.57029
2026020222,2026-10-31,SJS,OTT,0.40709,0.29861,0.46966,0.10847,0.12325,0.23173,0.44898,0.41575,2.87144,3.48244,30.40724,34.00859,2.89475,3.27014,3.58183,3.18402,57.16632,63.93668,0.60324,0.74574,2.76296,0.06725,0.04122,3.35918,0.07642,0.04684,3.88240,0.36528
2026020223,2026-10-31,MTL,PIT,0.58023,0.47497,0.29898,0.10526,0.12079,0.22605,0.58076,0.54178,3.85029,2.82672,26.82466,28.51571,3.51821,2.85081,2.68272,2.65047,50.43083,53.60983,0.73537,0.53939,3.74503,0.06526,0.04000,2.70593,0.07489,0.04590,4.01536,0.50862
2026020224,2026-10-31,VAN,TOR,0.42623,0.30707,0.46060,0.11915,0.11318,0.23233,0.49051,0.46412,2.70757,3.51930,31.11859,28.78372,2.84164,3.16698,2.80883,2.38121,58.50337,54.11378,0.54437,0.62335,2.58841,0.07387,0.04528,3.40612,0.07017,0.04301,3.86954,0.47433
2026020225,2026-10-31,DAL,CBJ,0.55578,0.43213,0.33018,0.12364,0.11404,0.23768,0.59702,0.56293,3.24021,2.93375,29.47013,31.69414,3.13324,3.03346,3.15395,3.22414,55.40400,59.58493,0.69951,0.51768,3.11657,0.07666,0.04698,2.81971,0.07070,0.04333,3.81287,0.65976
2026020226,2026-10-31,COL,CGY,0.77257,0.68532,0.14467,0.08725,0.08276,0.17001,0.67360,0.74742,4.52545,2.00628,36.09041,25.39876,4.19566,2.22044,3.03988,2.66427,67.85047,47.74997,0.79004,0.37920,4.43820,0.05410,0.03316,1.92352,0.05131,0.03145,4.34229,0.75915
2026020227,2026-11-01,CAR,WPG,0.69227,0.56109,0.21781,0.13118,0.08992,0.22110,0.65837,0.73157,3.53126,2.54960,32.79518,24.90466,3.41666,2.54190,2.78997,2.76631,61.65529,46.82090,0.63199,0.48090,3.40008,0.08133,0.04985,2.45968,0.05575,0.03417,3.84627,0.60742
2026020228,2026-11-01,WSH,MIN,0.50186,0.37992,0.38035,0.12193,0.11779,0.23973,0.53932,0.51785,3.02246,3.10997,29.05196,31.11668,2.90524,3.15961,2.80635,2.72267,54.61779,58.49976,0.58813,0.64471,2.90053,0.07560,0.04633,2.99218,0.07303,0.04476,3.79572,0.48112
2026020229,2026-11-01,PHI,UTA,0.50418,0.39224,0.36510,0.11194,0.13071,0.24265,0.54010,0.47549,3.12815,2.79225,29.35982,28.57859,3.07823,2.81544,3.37371,2.85796,55.19693,53.72816,0.73829,0.54883,3.01621,0.06940,0.04254,2.66154,0.08104,0.04967,3.74335,0.41930
2026020230,2026-11-01,NYR,EDM,0.52131,0.39918,0.36090,0.12212,0.11780,0.23992,0.52026,0.54151,3.08555,3.00045,26.82176,31.38953,2.85706,2.93956,2.57693,2.41410,50.42514,59.01285,0.68276,0.69676,2.96343,0.07572,0.04641,2.88266,0.07303,0.04476,3.78249,0.52433
2026020231,2026-11-01,ANA,OTT,0.46311,0.34411,0.42335,0.11900,0.11354,0.23254,0.49207,0.49653,3.07491,3.55276,29.41646,27.78014,3.02757,3.43055,3.17603,3.03212,55.30359,52.22716,0.68062,0.76262,2.95591,0.07378,0.04522,3.43922,0.07040,0.04315,3.94653,0.36794
2026020232,2026-11-02,BOS,VGK,0.45678,0.34748,0.41347,0.10930,0.12975,0.23905,0.51769,0.43442,3.06827,3.12331,28.59218,32.12456,3.06267,3.11605,3.09249,3.04637,53.75327,60.39452,0.57856,0.68495,2.95897,0.06777,0.04153,2.99356,0.08045,0.04931,3.81169,0.51340
2026020233,2026-11-02,FLA,DET,0.62049,0.50746,0.26762,0.11304,0.11188,0.22492,0.57556,0.61346,3.68691,2.62609,28.98576,29.59488,3.41815,2.63664,2.54681,2.71925,54.49356,55.63873,0.76550,0.53719,3.57387,0.07008,0.04295,2.51421,0.06937,0.04251,3.92384,0.57340
2026020234,2026-11-02,CHI,COL,0.30032,0.20906,0.58257,0.09127,0.11710,0.20837,0.36729,0.30905,2.53667,3.94771,25.08513,33.75350,2.60424,3.49281,3.05057,2.61755,47.16049,63.45693,0.52429,0.65155,2.44541,0.05659,0.03468,3.83060,0.07260,0.04450,4.02859,0.24348
2026020235,2026-11-02,SJS,CGY,0.56789,0.45750,0.30806,0.11039,0.12406,0.23444,0.51779,0.54954,3.43225,2.60371,33.67935,33.89726,3.38747,2.67422,3.39078,3.16360,63.31781,63.72741,0.60354,0.49514,3.32186,0.06844,0.04195,2.47966,0.07691,0.04714,3.81824,0.49140
2026020236,2026-11-03,TOR,UTA,0.46068,0.34902,0.41007,0.11166,0.12925,0.24090,0.50777,0.44621,2.98663,3.05819,26.60030,32.66366,2.92051,3.12406,2.79153,3.03187,50.00865,61.40797,0.61629,0.61661,2.87497,0.06923,0.04243,2.92894,0.08013,0.04911,3.77060,0.55029
2026020237,2026-11-03,MTL,WPG,0.60117,0.48083,0.28742,0.12033,0.11141,0.23174,0.59328,0.60497,3.45476,2.72256,27.40234,28.78656,3.25380,2.77833,2.77659,2.67886,51.51674,54.11893,0.69869,0.53832,3.33443,0.07461,0.04573,2.61115,0.06907,0.04234,3.84490,0.45854
2026020238,2026-11-03,TBL,DET,0.66233,0.55623,0.22879,0.10610,0.10888,0.21498,0.62516,0.63176,3.81257,2.30351,31.11597,26.93296,3.55337,2.43656,2.80156,2.87461,58.49842,50.63420,0.74060,0.50985,3.70647,0.06578,0.04032,2.19463,0.06751,0.04137,3.95415,0.70381
2026020239,2026-11-03,NJD,EDM,0.54006,0.41720,0.34519,0.12285,0.11475,0.23760,0.51976,0.56601,3.23076,3.04089,29.67720,29.45671,3.10649,2.79201,2.40198,2.16680,55.79337,55.37902,0.61890,0.60671,3.10790,0.07617,0.04668,2.92614,0.07115,0.04361,3.83600,0.48651
2026020240,2026-11-03,NYR,STL,0.54036,0.42405,0.33639,0.11631,0.12326,0.23956,0.53479,0.53323,3.21157,2.75602,31.65424,32.26728,3.12938,2.82374,3.21093,3.44496,59.50975,60.66201,0.73011,0.53166,3.09527,0.07211,0.04420,2.63276,0.07642,0.04684,3.76359,0.66540
2026020241,2026-11-03,PHI,MIN,0.45862,0.33812,0.42042,0.12050,0.12097,0.24147,0.50972,0.47707,2.74271,3.13266,30.28403,31.09753,2.81308,3.04715,2.96378,2.87844,56.93454,58.46410,0.57677,0.67988,2.62221,0.07471,0.04579,3.01169,0.07500,0.04597,3.73345,0.34833
2026020242,2026-11-03,PIT,VGK,0.48220,0.36563,0.39876,0.11657,0.11905,0.23562,0.51170,0.49390,3.16637,3.31538,28.66326,28.72172,3.05872,3.02490,3.02591,2.34263,53.88776,53.99746,0.59070,0.58107,3.04980,0.07228,0.04430,3.19633,0.07381,0.04524,3.89277,0.56664
2026020243,2026-11-03,WSH,DAL,0.49214,0.37494,0.38755,0.11721,0.12030,0.23751,0.52661,0.49808,3.14298,3.18721,28.51660,29.95161,3.04093,3.14707,3.29727,3.11304,53.61117,56.30908,0.59793,0.67723,3.02578,0.07267,0.04454,3.06691,0.07459,0.04571,3.85003,0.45630
2026020244,2026-11-03,CBJ,COL,0.46502,0.36236,0.39818,0.10266,0.13680,0.23946,0.46147,0.43018,3.27610,3.00531,30.78923,31.46435,3.31277,2.94477,3.14765,2.66603,57.88423,59.15338,0.60399,0.60883,3.17343,0.06365,0.03901,2.86851,0.08482,0.05198,3.84212,0.38197
2026020245,2026-11-03,NSH,CAR,0.38471,0.28879,0.47734,0.09592,0.13795,0.23387,0.42081,0.35094,3.03337,3.34979,26.79941,33.15970,2.94775,3.21789,3.09605,2.71543,50.38301,62.34065,0.61677,0.57078,2.93744,0.05947,0.03645,3.21184,0.08553,0.05242,3.87052,0.37418
2026020246,2026-11-03,VAN,ANA,0.40762,0.29473,0.47777,0.11289,0.11461,0.22750,0.48367,0.43222,2.83673,3.69443,25.81538,32.32007,2.94663,3.42063,2.89246,2.68655,48.53340,60.76232,0.60735,0.72164,2.72383,0.06999,0.04290,3.57982,0.07106,0.04355,3.95600,0.63403
2026020247,2026-11-04,BUF,OTT,0.51926,0.39212,0.36881,0.12714,0.11193,0.23907,0.57270,0.54660,3.05040,3.17755,26.15006,28.67578,2.91018,3.04127,3.10505,2.99366,49.16234,53.91077,0.58856,0.65340,2.92327,0.07882,0.04831,3.06562,0.06940,0.04253,3.82308,0.52996
2026020248,2026-11-04,FLA,CHI,0.70679,0.60545,0.19537,0.10134,0.09784,0.19918,0.65149,0.68249,4.12723,2.27453,31.74625,27.16190,3.72080,2.39424,2.64748,2.87231,59.68361,51.06504,0.72978,0.44519,4.02590,0.06283,0.03851,2.17669,0.06066,0.03718,4.10858,0.71767
2026020249,2026-11-04,LAK,SJS,0.59445,0.47011,0.29640,0.12434,0.10915,0.23349,0.59913,0.60936,3.37654,2.81809,36.81328,31.95551,3.34888,2.84925,3.07057,3.17022,69.21040,60.07752,0.64663,0.59641,3.25220,0.07709,0.04725,2.70894,0.06767,0.04148,3.83366,0.71897
2026020250,2026-11-04,SEA,CGY,0.55321,0.43070,0.32873,0.12251,0.11806,0.24057,0.53907,0.56551,3.13167,2.76044,32.02191,32.14560,3.17698,2.82463,2.91980,2.87690,60.20160,60.43405,0.49198,0.53354,3.00916,0.07596,0.04655,2.64238,0.07320,0.04486,3.73654,0.56154
2026020251,2026-11-05,MTL,UTA,0.55542,0.44561,0.32081,0.10981,0.12377,0.23358,0.57690,0.52221,3.53290,2.79679,27.28406,29.31393,3.36079,2.94779,3.17955,2.86187,51.29428,55.11035,0.84857,0.57284,3.42308,0.06808,0.04173,2.67302,0.07674,0.04703,3.88822,0.53342
2026020252,2026-11-05,DET,VGK,0.44011,0.32694,0.43390,0.11317,0.12600,0.23916,0.49389,0.43996,2.84265,3.18410,26.94639,29.22490,2.79889,2.94393,2.77512,2.38348,50.65958,54.94315,0.55468,0.62571,2.72948,0.07016,0.04300,3.05810,0.07812,0.04788,3.77358,0.52229
2026020253,2026-11-05,TBL,CHI,0.74913,0.66126,0.15950,0.08787,0.09137,0.17924,0.69689,0.69912,4.36170,1.95829,34.45647,24.54059,3.91779,2.18694,2.92222,2.99812,64.77883,46.13675,0.71586,0.41383,4.27383,0.05448,0.03339,1.86691,0.05665,0.03472,4.25548,0.82668
2026020254,2026-11-05,NJD,STL,0.59866,0.48572,0.28560,0.11294,0.11574,0.22868,0.53430,0.59573,3.61375,2.68267,34.48725,29.37635,3.53721,2.62670,3.01857,3.06802,64.83627,55.22754,0.73949,0.44393,3.50081,0.07002,0.04292,2.56693,0.07176,0.04398,3.90149,0.63043
2026020255,2026-11-05,NYI,CAR,0.41092,0.31321,0.44773,0.09771,0.14135,0.23906,0.42801,0.37148,3.07897,3.13085,29.97520,32.07360,3.02829,3.20382,3.42005,2.62444,56.35344,60.29858,0.55237,0.58976,2.98126,0.06058,0.03713,2.98951,0.08764,0.05371,3.81660,0.37180
2026020256,2026-11-05,NYR,PHI,0.53902,0.41514,0.34167,0.12388,0.11930,0.24319,0.54116,0.55236,3.00544,2.76743,29.21620,32.31003,2.91202,2.86246,2.95429,3.32245,54.92667,60.74309,0.62984,0.63387,2.88156,0.07681,0.04708,2.64813,0.07397,0.04534,3.69621,0.73196
2026020257,2026-11-05,PIT,BOS,0.50863,0.38129,0.38460,0.12734,0.10677,0.23411,0.54426,0.55494,3.14969,3.48768,29.54531,29.77737,3.16980,3.26616,2.97912,2.84824,55.54567,55.98185,0.59607,0.67539,3.02236,0.07895,0.04839,3.38091,0.06620,0.04057,3.94164,0.59368
2026020258,2026-11-05,CBJ,DAL,0.50267,0.38617,0.37362,0.11651,0.12370,0.24021,0.50247,0.50647,3.11832,2.99512,32.76661,28.79585,3.27545,2.89911,3.40094,3.04986,61.60108,54.13630,0.52931,0.67482,3.00181,0.07223,0.04427,2.87142,0.07670,0.04701,3.79071,0.41913
2026020259,2026-11-05,WPG,VAN,0.65224,0.54573,0.23583,0.10652,0.11192,0.21844,0.63271,0.61428,3.72728,2.27358,30.02839,26.86900,3.47647,2.35411,2.50063,2.54726,56.45376,50.51403,0.61437,0.47443,3.62077,0.06604,0.04048,2.16165,0.06939,0.04253,3.91189,0.66291
2026020260,2026-11-05,EDM,ANA,0.60642,0.50142,0.27738,0.10500,0.11620,0.22120,0.59573,0.57134,3.97419,2.77786,28.81352,28.36236,3.69189,2.73123,2.52885,2.60314,54.16991,53.32155,0.88124,0.62157,3.86919,0.06510,0.03990,2.66166,0.07204,0.04415,4.06032,0.77481
2026020261,2026-11-05,COL,NSH,0.68284,0.56830,0.22135,0.11454,0.09580,0.21034,0.66207,0.68614,3.99365,2.65108,33.65462,25.89648,3.69219,2.60881,2.75261,2.70742,63.27113,48.68563,0.65758,0.57985,3.87911,0.07102,0.04353,2.55527,0.05940,0.03640,4.05528,0.69201
2026020262,2026-11-06,BUF,CBJ,0.58963,0.46978,0.29653,0.11984,0.11384,0.23368,0.59909,0.58703,3.38921,2.71068,29.19124,29.53828,3.15944,2.83524,3.03908,2.84075,54.87997,55.53231,0.67299,0.46281,3.26936,0.07430,0.04554,2.59683,0.07058,0.04326,3.81834,0.57385
2026020263,2026-11-06,MIN,SJS,0.64688,0.53059,0.24793,0.11628,0.10520,0.22148,0.65463,0.63671,3.67970,2.55586,32.78749,29.42883,3.49069,2.57822,2.87391,2.97293,61.64109,55.32651,0.75517,0.54000,3.56341,0.07210,0.04419,2.45067,0.06522,0.03997,3.91204,0.75207
2026020264,2026-11-06,CGY,ANA,0.48604,0.37412,0.38672,0.11192,0.12724,0.23916,0.53959,0.46555,3.15880,3.03874,29.96394,32.49951,3.30617,3.11294,3.41520,2.80647,56.33275,61.09970,0.62533,0.55410,3.04688,0.06939,0.04253,2.91151,0.07889,0.04835,3.81433,0.58622
2026020265,2026-11-07,WSH,FLA,0.49860,0.38034,0.38411,0.11825,0.11729,0.23554,0.56548,0.50155,3.21570,3.27570,29.96749,30.66816,3.04572,3.24146,3.00578,2.75190,56.33929,57.65653,0.58566,0.70949,3.09745,0.07332,0.04494,3.15841,0.07272,0.04457,3.89410,0.53982
2026020266,2026-11-07,NSH,STL,0.52970,0.41335,0.34667,0.11635,0.12364,0.23999,0.52068,0.52645,3.20682,2.83925,30.92417,29.54758,3.16911,2.77088,3.08746,3.02615,58.13740,55.54952,0.69147,0.45910,3.09047,0.07214,0.04421,2.71562,0.07666,0.04698,3.78037,0.56790
2026020267,2026-11-07,SEA,NYR,0.45573,0.33792,0.42566,0.11781,0.11860,0.23642,0.51199,0.47252,2.92557,3.34382,31.99687,29.15240,2.99022,2.99966,3.26666,2.62548,60.15456,54.80688,0.58592,0.76261,2.80776,0.07304,0.04477,3.22522,0.07353,0.04507,3.84586,0.38174
2026020268,2026-11-07,TOR,MTL,0.44130,0.32543,0.44257,0.11586,0.11613,0.23199,0.48063,0.46789,2.98572,3.55570,27.24945,31.65751,2.96926,3.38438,2.50403,3.01509,51.22911,59.51656,0.54225,0.78814,2.86986,0.07184,0.04403,3.43957,0.07200,0.04413,3.93011,0.55877
2026020269,2026-11-07,OTT,UTA,0.59028,0.48195,0.28806,0.10833,0.12166,0.22999,0.57240,0.55666,3.58708,2.55345,29.44782,26.88628,3.40330,2.63942,3.16572,3.03071,55.36222,50.54652,0.79673,0.54281,3.47874,0.06717,0.04117,2.43179,0.07543,0.04623,3.87459,0.56212
2026020270,2026-11-07,NYI,NJD,0.48043,0.36603,0.39437,0.11440,0.12521,0.23960,0.54396,0.46801,3.06868,3.08109,31.52304,30.97935,2.98982,3.14150,2.91826,2.54105,59.26359,58.24133,0.47538,0.62012,2.95429,0.07093,0.04347,2.95588,0.07763,0.04758,3.79989,0.47025
2026020271,2026-11-07,CAR,CHI,0.76058,0.64784,0.16082,0.11274,0.07860,0.19134,0.73041,0.77300,4.09387,2.31246,34.93415,22.94057,3.82029,2.35157,2.64859,2.90355,65.67677,43.12857,0.61476,0.46498,3.98112,0.06990,0.04284,2.23387,0.04873,0.02987,4.08689,0.82213
2026020272,2026-11-07,DAL,SJS,0.69100,0.59378,0.20670,0.09722,0.10230,0.19952,0.66608,0.64676,4.26375,2.36715,33.37115,28.01782,3.72914,2.52100,3.44847,3.20154,62.73848,52.67402,0.93409,0.46227,4.16653,0.06027,0.03694,2.26485,0.06343,0.03887,4.17767,0.77429
2026020273,2026-11-07,MIN,TBL,0.46584,0.34328,0.41631,0.12256,0.11785,0.24041,0.52508,0.48972,2.77324,3.18912,29.12120,32.36095,2.91659,3.05128,3.04216,2.87943,54.74830,60.83891,0.58853,0.68069,2.65068,0.07599,0.04657,3.07127,0.07307,0.04478,3.76010,0.46754
2026020274,2026-11-07,COL,DET,0.67483,0.56030,0.22705,0.11453,0.09812,0.21264,0.65154,0.67629,3.93630,2.63178,32.06456,25.84863,3.62258,2.60256,2.65279,2.62830,60.28170,48.59567,0.74779,0.57509,3.82177,0.07101,0.04352,2.53367,0.06083,0.03728,4.02912,0.69168
2026020275,2026-11-07,LAK,PIT,0.53542,0.42702,0.34041,0.10840,0.12417,0.23257,0.52537,0.51437,3.54805,2.94963,32.49541,29.38040,3.39421,2.87700,2.79059,2.60823,61.09247,55.23596,0.64068,0.56242,3.43965,0.06721,0.04119,2.82546,0.07699,0.04719,3.92085,0.55746
2026020276,2026-11-07,EDM,VAN,0.72608,0.63806,0.17660,0.08802,0.09732,0.18534,0.65803,0.67424,4.42057,2.10220,33.29855,24.77035,3.89993,2.18133,2.27814,2.23106,62.60199,46.56856,0.87733,0.44871,4.33255,0.05457,0.03345,2.00488,0.06034,0.03698,4.27579,0.69242
2026020277,2026-11-08,BOS,FLA,0.50526,0.39222,0.37069,0.11304,0.12405,0.23709,0.54825,0.48941,3.28756,3.06600,32.75841,30.54029,3.28170,3.13254,3.21601,2.97286,61.58650,57.41638,0.62218,0.71327,3.17452,0.07008,0.04295,2.94196,0.07691,0.04714,3.85977,0.49834
2026020278,2026-11-08,BUF,VGK,0.50507,0.38826,0.37393,0.11681,0.12101,0.23782,0.56074,0.49906,3.19309,3.10009,27.54612,29.78690,3.03848,2.98120,3.25688,2.86021,51.78688,55.99973,0.60623,0.62796,3.07628,0.07242,0.04439,2.97909,0.07502,0.04598,3.84029,0.55248
2026020279,2026-11-08,TOR,NJD,0.43656,0.32372,0.44080,0.11284,0.12264,0.23548,0.52754,0.43314,2.92044,3.35095,26.33988,35.14632,2.79969,3.34901,2.37081,2.80463,49.51960,66.07593,0.47297,0.68642,2.80760,0.06996,0.04288,3.22830,0.07604,0.04660,3.84685,0.50368
2026020280,2026-11-08,WPG,TBL,0.46694,0.35473,0.40092,0.11221,0.13214,0.24435,0.47778,0.45596,2.91707,2.89580,29.45673,29.20289,2.92652,2.81494,3.39249,2.59323,55.37909,54.90180,0.62514,0.53181,2.80486,0.06957,0.04264,2.76366,0.08193,0.05021,3.70379,0.46979
2026020281,2026-11-08,CGY,PHI,0.43369,0.31082,0.45046,0.12287,0.11585,0.23872,0.51409,0.46798,2.53170,3.26835,30.97879,31.36135,2.66625,3.10622,3.07728,2.86285,58.24056,58.96009,0.45193,0.59469,2.40883,0.07618,0.04669,3.15250,0.07183,0.04402,3.74165,0.55799
2026020282,2026-11-08,ANA,PIT,0.53772,0.43028,0.33960,0.10744,0.12269,0.23012,0.51856,0.51916,3.71647,3.09398,30.24325,26.43003,3.47265,3.10637,2.74746,2.83901,56.85786,49.68904,0.69657,0.61362,3.60904,0.06661,0.04083,2.97130,0.07607,0.04662,4.00485,0.36252
2026020283,2026-11-09,EDM,NYR,0.57852,0.45931,0.30450,0.11921,0.11698,0.23619,0.57978,0.57391,3.30804,2.66615,32.22965,25.97952,3.23869,2.54259,2.60269,2.43936,60.59201,48.84159,0.75557,0.59506,3.18883,0.07391,0.04530,2.54917,0.07253,0.04445,3.77988,0.55739
2026020284,2026-11-09,VAN,PHI,0.40938,0.29114,0.47660,0.11824,0.11402,0.23226,0.45819,0.45380,2.55154,3.47264,29.58286,30.32061,2.63150,3.12467,2.88256,2.55068,55.61708,57.00376,0.53982,0.63585,2.43330,0.07331,0.04493,3.35862,0.07069,0.04333,3.82747,0.60557
2026020285,2026-11-09,SJS,NYI,0.47433,0.35685,0.40552,0.11749,0.12015,0.23764,0.49743,0.49017,3.02472,3.24207,28.92465,34.56175,3.01596,3.00157,2.75354,3.09233,54.37872,64.97650,0.53809,0.60586,2.90723,0.07284,0.04465,3.12191,0.07449,0.04566,3.83591,0.41429
2026020286,2026-11-10,TOR,COL,0.34567,0.24926,0.53061,0.09642,0.12371,0.22013,0.42406,0.33773,2.83966,3.79859,24.75988,36.52428,2.76119,3.55032,2.62691,2.97758,46.54882,68.66600,0.54865,0.75874,2.74324,0.05978,0.03664,3.67488,0.07670,0.04701,3.99472,0.41067
2026020287,2026-11-10,MTL,MIN,0.51603,0.39416,0.36851,0.12187,0.11547,0.23734,0.54691,0.53347,3.17406,3.17426,27.98763,31.54149,3.09338,3.19677,2.73310,2.79624,52.61700,59.29836,0.67105,0.69712,3.05219,0.07556,0.04631,3.05879,0.07159,0.04388,3.85485,0.45822
2026020288,2026-11-10,OTT,WSH,0.56721,0.44919,0.31813,0.11803,0.11465,0.23268,0.55321,0.57407,3.46013,2.93028,31.15805,26.81146,3.45600,2.74301,2.94825,3.07165,58.57737,50.40579,0.65846,0.62533,3.34210,0.07318,0.04485,2.81562,0.07109,0.04357,3.88565,0.54753
2026020289,2026-11-10,CBJ,FLA,0.51043,0.39262,0.36799,0.11781,0.12158,0.23939,0.54160,0.50994,3.14534,3.01208,33.84614,29.77002,3.24145,2.96457,3.01384,2.69252,63.63111,55.96797,0.49825,0.69692,3.02753,0.07305,0.04477,2.89051,0.07538,0.04620,3.80323,0.50514
2026020290,2026-11-10,STL,DET,0.52493,0.40311,0.35624,0.12181,0.11883,0.24064,0.56795,0.52930,3.08747,2.94463,28.01082,30.18838,2.96613,2.90562,2.85722,2.92279,52.66048,56.75433,0.52457,0.67665,2.96566,0.07552,0.04629,2.82580,0.07367,0.04516,3.76810,0.51001
2026020291,2026-11-10,WPG,NJD,0.45634,0.33901,0.42284,0.11732,0.12082,0.23815,0.55309,0.45739,2.89050,3.25292,28.46034,30.78874,2.83477,3.05150,2.67016,2.58677,53.50579,57.88318,0.48251,0.64609,2.77318,0.07274,0.04458,3.13210,0.07491,0.04591,3.80773,0.56788
2026020292,2026-11-10,LAK,NSH,0.54522,0.42529,0.33712,0.11993,0.11766,0.23759,0.55467,0.55063,3.25083,2.90953,33.15161,28.85722,3.26341,2.80970,2.84868,2.56648,62.32579,54.25203,0.56157,0.60745,3.13090,0.07435,0.04557,2.79187,0.07295,0.04471,3.81096,0.59908
2026020293,2026-11-11,BUF,TBL,0.49819,0.37383,0.38724,0.12435,0.11458,0.23893,0.53994,0.52528,2.99677,3.21871,28.15532,30.11047,2.92314,3.08783,3.45530,3.05377,52.93208,56.60774,0.60184,0.64473,2.87242,0.07710,0.04725,3.10413,0.07104,0.04354,3.82206,0.40089
2026020294,2026-11-11,CGY,NYR,0.44437,0.32209,0.43674,0.12227,0.11889,0.24116,0.52319,0.46816,2.58250,3.15779,31.91240,30.28366,2.78828,3.02533,3.20445,2.83296,59.99524,56.93357,0.48796,0.62800,2.46023,0.07581,0.04646,3.03890,0.07371,0.04518,3.70820,0.35974
2026020295,2026-11-11,EDM,PHI,0.58719,0.46538,0.29765,0.12181,0.11516,0.23697,0.57087,0.59262,3.27254,2.63553,30.23191,26.84647,3.11043,2.59244,2.49829,2.60978,56.83643,50.47171,0.71850,0.57160,3.15074,0.07552,0.04629,2.52036,0.07140,0.04376,3.76032,0.74972
2026020296,2026-11-11,VGK,UTA,0.59148,0.48084,0.29144,0.11064,0.11708,0.22772,0.58427,0.56893,3.68740,2.74822,29.35500,26.24127,3.29820,2.65372,2.75396,2.74714,55.18785,49.33416,0.76761,0.52668,3.57676,0.06860,0.04204,2.63114,0.07259,0.04449,3.94009,0.53980
2026020297,2026-11-11,ANA,NSH,0.56512,0.44709,0.32078,0.11803,0.11409,0.23212,0.54792,0.57447,3.51099,3.00933,32.71801,26.27233,3.44190,3.01787,2.96816,2.77684,61.51041,49.39238,0.64913,0.64725,3.39296,0.07318,0.04485,2.89524,0.07074,0.04336,3.91845,0.41020
2026020298,2026-11-11,SJS,PIT,0.47238,0.37040,0.39413,0.10198,0.13349,0.23547,0.47532,0.43791,3.46738,3.15910,30.25268,31.70354,3.23177,3.01486,3.08741,2.97317,56.87588,59.60346,0.62817,0.63419,3.36540,0.06323,0.03875,3.02561,0.08276,0.05073,3.93694,0.35981
2026020299,2026-11-12,BOS,MTL,0.50329,0.38558,0.37961,0.11772,0.11710,0.23482,0.52523,0.51626,3.29239,3.30391,30.52055,28.73071,3.36216,3.22527,2.95696,3.09666,57.37862,54.01416,0.64021,0.77396,3.17468,0.07298,0.04473,3.18681,0.07260,0.04450,3.92186,0.52031
2026020300,2026-11-12,TOR,MIN,0.41965,0.30374,0.46359,0.11592,0.11676,0.23268,0.47732,0.44778,2.73421,3.48226,27.27158,35.08925,2.70250,3.39004,2.41776,2.92777,51.27075,65.96830,0.50151,0.74924,2.61829,0.07187,0.04405,3.36550,0.07239,0.04437,3.85902,0.47410
2026020301,2026-11-12,OTT,COL,0.46512,0.35664,0.40766,0.10848,0.12722,0.23570,0.48860,0.45240,3.25646,3.26137,28.00576,30.15364,3.19510,3.05650,3.14018,2.97111,52.65122,56.68932,0.69940,0.68343,3.14798,0.06726,0.04122,3.13414,0.07888,0.04834,3.90081,0.42595
2026020302,2026-11-12,FLA,DET,0.61060,0.49607,0.27620,0.11453,0.11321,0.22774,0.57556,0.60421,3.60739,2.64473,28.84154,29.67235,3.37065,2.65327,2.52944,2.72534,54.22243,55.78436,0.74643,0.54088,3.49286,0.07101,0.04352,2.53152,0.07019,0.04302,3.89343,0.57340
2026020303,2026-11-12,NJD,WSH,0.54599,0.42619,0.33822,0.11980,0.11579,0.23559,0.51108,0.56618,3.34913,3.02806,32.50413,28.47286,3.42620,2.77299,2.70962,2.78757,61.10811,53.52919,0.61313,0.54747,3.22933,0.07428,0.04553,2.91227,0.07179,0.04400,3.86961,0.57035
2026020304,2026-11-12,CBJ,TBL,0.52121,0.41307,0.34485,0.10814,0.13394,0.24208,0.48997,0.49053,3.23360,2.62631,33.85632,29.52658,3.31674,2.70897,3.62474,2.62526,63.65026,55.51037,0.62212,0.51729,3.12546,0.06705,0.04109,2.49237,0.08304,0.05090,3.74556,0.36911
2026020305,2026-11-12,CHI,BUF,0.41270,0.30799,0.45983,0.10471,0.12747,0.23218,0.40416,0.41695,3.03121,3.44821,27.73262,29.03946,2.92897,3.00617,3.21935,2.50407,52.13799,54.59467,0.62596,0.51842,2.92650,0.06492,0.03979,3.32074,0.07903,0.04844,3.90222,0.35231
2026020306,2026-11-12,DAL,WPG,0.63338,0.51490,0.25907,0.11848,0.10755,0.22603,0.60871,0.63509,3.56760,2.57626,28.19179,27.14264,3.25271,2.63018,3.03345,2.97410,53.00092,51.02835,0.72858,0.50954,3.44912,0.07346,0.04502,2.46871,0.06668,0.04087,3.86731,0.56215
2026020307,2026-11-12,UTA,STL,0.52295,0.38694,0.37132,0.13600,0.10573,0.24174,0.55393,0.58352,2.84181,3.19850,30.39381,31.25251,3.06911,3.00243,3.02467,3.60885,57.14054,58.75466,0.55210,0.68387,2.70581,0.08432,0.05168,3.09276,0.06556,0.04018,3.77960,0.58754
2026020308,2026-11-12,LAK,NYI,0.52230,0.39813,0.35931,0.12417,0.11839,0.24256,0.54738,0.53774,2.97326,2.90320,31.33939,32.35611,3.15219,2.88360,2.65191,2.92153,58.91866,60.83009,0.55021,0.54260,2.84909,0.07698,0.04718,2.78481,0.07340,0.04499,3.72261,0.60214
2026020309,2026-11-12,SEA,CAR,0.31254,0.22337,0.56205,0.08917,0.12541,0.21458,0.39740,0.29530,2.78645,3.88771,27.69014,33.53501,2.77755,3.48248,3.23162,2.49638,52.05801,63.04638,0.52292,0.72519,2.69727,0.05529,0.03389,3.76230,0.07775,0.04766,4.02301,0.32211
2026020310,2026-11-13,VAN,NYR,0.38938,0.27131,0.50280,0.11808,0.10781,0.22589,0.46725,0.44437,2.45147,3.67127,28.99080,29.85174,2.64740,3.19595,2.88876,2.59109,54.50318,56.12173,0.52696,0.74754,2.33340,0.07321,0.04487,3.56346,0.06684,0.04097,3.90185,0.40234
2026020311,2026-11-13,VGK,NSH,0.62259,0.49651,0.27212,0.12608,0.10529,0.23137,0.61636,0.64096,3.39890,2.68609,31.53332,26.49507,3.29363,2.62396,2.67148,2.80797,59.28310,49.81090,0.57128,0.56077,3.27282,0.07817,0.04791,2.58080,0.06528,0.04001,3.81671,0.56061
2026020312,2026-11-14,CHI,WPG,0.45064,0.33371,0.42534,0.11693,0.12402,0.24095,0.46526,0.46845,2.77881,3.12602,26.43415,29.62863,2.72204,2.94435,2.88603,2.52204,49.69652,55.70222,0.53806,0.51054,2.66188,0.07250,0.04443,3.00200,0.07689,0.04713,3.73936,0.30325
2026020313,2026-11-14,BOS,MIN,0.48229,0.36338,0.39861,0.11892,0.11910,0.23801,0.52192,0.49600,3.02954,3.21941,30.86089,32.32665,3.07237,3.24460,2.89656,3.09199,58.01864,60.77463,0.59809,0.74416,2.91063,0.07373,0.04519,3.10032,0.07384,0.04526,3.83023,0.43935
2026020314,2026-11-14,TOR,EDM,0.41706,0.30279,0.46513,0.11427,0.11780,0.23208,0.49697,0.43478,2.78009,3.50379,25.01670,35.16911,2.65859,3.33215,2.21744,2.55900,47.03149,66.11840,0.50247,0.81505,2.66582,0.07085,0.04342,3.38599,0.07304,0.04477,3.87466,0.44720
2026020315,2026-11-14,MTL,COL,0.44367,0.33764,0.43014,0.10604,0.12619,0.23223,0.49321,0.42779,3.30667,3.48087,25.43223,33.37796,3.18458,3.34690,2.98454,2.86405,47.81291,62.75083,0.73099,0.71216,3.20064,0.06574,0.04029,3.35468,0.07824,0.04795,3.97424,0.39556
2026020316,2026-11-14,TBL,DET,0.62563,0.50831,0.26311,0.11732,0.11126,0.22858,0.62516,0.61350,3.49539,2.49648,29.83890,27.98550,3.31246,2.56017,2.61350,3.00010,56.09731,52.61286,0.63950,0.56632,3.37806,0.07274,0.04458,2.38522,0.06898,0.04228,3.82691,0.70381
2026020317,2026-11-14,PIT,OTT,0.46453,0.33867,0.42653,0.12585,0.10894,0.23480,0.52385,0.51244,2.83627,3.50168,26.55856,29.25119,2.87575,3.23018,2.87258,2.74405,49.93048,54.99261,0.52782,0.68012,2.71041,0.07803,0.04782,3.39273,0.06755,0.04140,3.88482,0.54412
2026020318,2026-11-14,WSH,NJD,0.51528,0.39862,0.36491,0.11666,0.11981,0.23647,0.58871,0.50300,3.29073,3.12167,28.62306,32.36947,3.01579,3.17332,2.80085,2.66875,53.81160,60.85496,0.55351,0.61108,3.17407,0.07233,0.04433,3.00186,0.07428,0.04553,3.87421,0.50969
2026020319,2026-11-14,CBJ,PHI,0.57001,0.45097,0.30831,0.11904,0.12167,0.24071,0.55565,0.56253,3.17312,2.53802,31.94826,28.54191,3.22477,2.63184,2.96828,2.89804,60.06304,53.65923,0.52649,0.57693,3.05408,0.07380,0.04524,2.41635,0.07544,0.04624,3.70400,0.64194
2026020320,2026-11-14,STL,FLA,0.43743,0.31808,0.44896,0.11935,0.11361,0.23296,0.54249,0.46024,2.79619,3.50655,31.09789,33.56426,2.87074,3.35271,3.29418,3.15592,58.46389,63.10068,0.44879,0.85211,2.67684,0.07400,0.04535,3.39294,0.07044,0.04317,3.87910,0.47751
2026020321,2026-11-14,CAR,SEA,0.73790,0.62058,0.17817,0.11732,0.08393,0.20125,0.69408,0.75616,3.90261,2.33989,33.75736,24.64515,3.79844,2.39794,2.62984,2.79640,63.46416,46.33306,0.71155,0.42697,3.78529,0.07274,0.04458,2.25596,0.05204,0.03189,3.99427,0.74713
2026020322,2026-11-14,DAL,BUF,0.53777,0.42621,0.33905,0.11156,0.12318,0.23474,0.54807,0.51829,3.47873,2.94359,28.82191,28.42260,3.26285,2.87533,3.32092,3.39025,54.18517,53.43447,0.71663,0.59295,3.36718,0.06917,0.04239,2.82040,0.07637,0.04681,3.89508,0.62928
2026020323,2026-11-14,UTA,SJS,0.59837,0.46599,0.29786,0.13238,0.10377,0.23615,0.62658,0.63018,3.24563,2.89330,30.91156,29.33370,3.22773,2.83885,2.93417,3.51217,58.11413,55.14758,0.60893,0.70083,3.11325,0.08208,0.05031,2.78954,0.06434,0.03943,3.80476,0.68806
2026020324,2026-11-14,ANA,NYI,0.51128,0.38152,0.38133,0.12977,0.10738,0.23715,0.54061,0.56173,3.02642,3.36479,29.28203,29.88946,3.16692,3.30799,2.71379,3.35080,55.05043,56.19250,0.60483,0.68796,2.89665,0.08046,0.04931,3.25741,0.06658,0.04081,3.87556,0.41672
2026020325,2026-11-14,LAK,CGY,0.61312,0.50063,0.26986,0.11249,0.11702,0.22951,0.56747,0.59614,3.47445,2.40681,34.77954,31.00870,3.49820,2.55733,2.90308,2.86052,65.38656,58.29699,0.58247,0.46082,3.36196,0.06974,0.04275,2.28979,0.07255,0.04447,3.80766,0.67146
2026020326,2026-11-15,PHI,EDM,0.45895,0.33821,0.42049,0.12074,0.12056,0.24130,0.52936,0.47360,2.75156,3.15005,26.86039,31.72171,2.72044,2.99938,2.54437,2.53345,50.49820,59.63771,0.54517,0.75411,2.63083,0.07486,0.04588,3.02948,0.07475,0.04581,3.74145,0.32098
2026020327,2026-11-15,DAL,FLA,0.52162,0.40161,0.36100,0.12001,0.11738,0.23739,0.58865,0.52004,3.21711,3.09773,31.62200,32.02363,3.16783,3.17934,3.24311,3.26368,59.45038,60.20510,0.61234,0.71179,3.09710,0.07441,0.04560,2.98034,0.07278,0.04460,3.84657,0.62171
2026020328,2026-11-15,ANA,CGY,0.60215,0.48410,0.28627,0.11805,0.11158,0.22963,0.56076,0.61004,3.50729,2.71709,33.37799,28.40630,3.53256,2.91160,2.98401,3.14474,62.75139,53.40451,0.63374,0.55486,3.38924,0.07319,0.04486,2.60551,0.06918,0.04240,3.86442,0.49346
2026020329,2026-11-15,VGK,VAN,0.74351,0.64715,0.16679,0.09636,0.08970,0.18606,0.67921,0.71876,4.24048,2.09469,33.38414,24.76973,3.85620,2.22549,2.63388,2.60295,62.76284,46.56746,0.74905,0.43509,4.14412,0.05974,0.03662,2.00500,0.05561,0.03408,4.17412,0.59540
2026020330,2026-11-15,SJS,NSH,0.44796,0.32694,0.43860,0.12102,0.11343,0.23446,0.50480,0.48373,2.82075,3.46627,29.52777,33.11193,2.87076,3.20892,2.90835,3.18026,55.51293,62.25103,0.46624,0.81518,2.69973,0.07503,0.04599,3.35284,0.07033,0.04311,3.86854,0.40771
2026020331,2026-11-16,NYR,MTL,0.48788,0.36816,0.39268,0.11972,0.11944,0.23916,0.50393,0.50706,2.98941,3.13549,28.47806,28.34241,3.00528,3.03525,2.77824,2.95072,53.53873,53.28391,0.62646,0.71671,2.86969,0.07423,0.04549,3.01605,0.07405,0.04539,3.79474,0.63046
2026020332,2026-11-16,UTA,VAN,0.71900,0.62081,0.18445,0.09819,0.09655,0.19474,0.64824,0.69122,4.13575,2.14398,32.17887,25.52886,3.87040,2.32029,2.82021,2.71145,60.49685,47.99459,0.73487,0.51020,4.03757,0.06088,0.03731,2.04742,0.05986,0.03669,4.11638,0.59545
2026020333,2026-11-17,BOS,LAK,0.53921,0.41938,0.34233,0.11983,0.11846,0.23829,0.58063,0.53591,3.22252,2.92016,30.36294,32.61406,3.23420,2.99600,2.85617,2.96442,57.08264,61.31504,0.62684,0.61076,3.10269,0.07430,0.04554,2.80170,0.07344,0.04501,3.80425,0.47248
2026020334,2026-11-17,TBL,WSH,0.57787,0.45501,0.30939,0.12286,0.11274,0.23560,0.58575,0.58757,3.32657,2.82904,31.76478,28.13305,3.39323,2.72673,2.91065,3.30746,59.71785,52.89024,0.60289,0.61550,3.20371,0.07618,0.04669,2.71631,0.06990,0.04284,3.81849,0.67060
2026020335,2026-11-17,FLA,EDM,0.54089,0.41836,0.34376,0.12252,0.11535,0.23788,0.54346,0.55885,3.22750,3.01391,27.67273,31.06701,3.08359,2.86430,2.48639,2.41351,52.02492,58.40653,0.68534,0.66299,3.10497,0.07596,0.04656,2.89856,0.07152,0.04383,3.82830,0.45593
2026020336,2026-11-17,NYI,CBJ,0.48817,0.36603,0.38960,0.12214,0.12223,0.24437,0.52891,0.50001,2.81700,2.94661,30.88229,30.26503,2.86580,3.08554,2.86317,2.58544,58.05893,56.89841,0.49917,0.50707,2.69486,0.07573,0.04641,2.82438,0.07578,0.04645,3.69085,0.53540
2026020337,2026-11-17,PHI,BUF,0.45831,0.34837,0.41021,0.10994,0.13149,0.24143,0.49481,0.43986,3.00102,3.02417,28.20948,28.70664,2.94845,2.85773,3.10061,3.13511,53.03421,53.96868,0.59831,0.61311,2.89108,0.06816,0.04178,2.89268,0.08152,0.04997,3.76471,0.40632
2026020338,2026-11-17,CHI,TOR,0.48528,0.37028,0.39125,0.11501,0.12347,0.23848,0.49094,0.49095,3.11493,3.12620,30.68436,27.42251,3.09294,2.86509,3.14340,2.26099,57.68706,51.55475,0.62382,0.49617,2.99993,0.07130,0.04370,3.00273,0.07655,0.04692,3.82535,0.35226
2026020339,2026-11-17,STL,ANA,0.54368,0.42837,0.33704,0.11531,0.11928,0.23458,0.58162,0.53002,3.43186,2.98385,27.35032,31.42662,3.36876,3.03488,3.40409,3.22811,51.41879,59.08232,0.62822,0.71654,3.31655,0.07149,0.04382,2.86457,0.07395,0.04532,3.88708,0.63821
2026020340,2026-11-17,MIN,NSH,0.60613,0.48775,0.28113,0.11839,0.11273,0.23112,0.61234,0.59807,3.46252,2.62664,31.50932,29.38684,3.38119,2.64045,2.64304,2.62537,59.23793,55.24742,0.60357,0.56481,3.34413,0.07340,0.04499,2.51391,0.06989,0.04284,3.83236,0.63271
2026020341,2026-11-17,WPG,OTT,0.43418,0.31737,0.44571,0.11681,0.12011,0.23692,0.51096,0.44832,2.74432,3.30714,26.79530,29.78837,2.73893,3.05840,2.90354,2.79312,50.37557,56.00241,0.53075,0.66954,2.62751,0.07242,0.04439,3.18703,0.07447,0.04564,3.79555,0.59135
2026020342,2026-11-17,VGK,DAL,0.53827,0.40986,0.35237,0.12842,0.10936,0.23777,0.54175,0.57965,3.14206,3.16902,31.92390,28.43632,3.18916,2.94172,3.20938,3.23004,60.01696,53.46041,0.61052,0.67730,3.01365,0.07962,0.04880,3.05966,0.06780,0.04156,3.84481,0.44082
2026020343,2026-11-17,SJS,CGY,0.56570,0.45433,0.31028,0.11137,0.12402,0.23539,0.51779,0.54954,3.39874,2.61013,32.97187,34.18385,3.36164,2.70792,3.31236,3.25408,61.98767,64.26608,0.58474,0.50837,3.28737,0.06905,0.04232,2.48611,0.07689,0.04713,3.80585,0.49140
2026020344,2026-11-18,DET,BOS,0.55500,0.43874,0.32681,0.11626,0.11819,0.23445,0.52654,0.55893,3.42187,2.90787,31.15019,28.05929,3.29378,2.90271,3.08344,2.60144,58.56298,52.75189,0.75140,0.57867,3.30561,0.07208,0.04418,2.78968,0.07328,0.04491,3.86813,0.54943
2026020345,2026-11-18,NJD,MTL,0.54612,0.42710,0.33976,0.11902,0.11412,0.23314,0.50343,0.57024,3.46975,3.16028,32.40777,27.26407,3.45169,2.94509,2.72609,2.69282,60.92679,51.25686,0.67122,0.62254,3.35074,0.07379,0.04523,3.04615,0.07075,0.04337,3.93702,0.59348
2026020346,2026-11-18,UTA,COL,0.40093,0.29039,0.48276,0.11054,0.11631,0.22685,0.46611,0.42251,2.83797,3.68063,27.09260,31.57390,2.93903,3.32334,3.06645,3.00557,50.93455,59.35923,0.58408,0.82819,2.72743,0.06854,0.04201,3.56432,0.07211,0.04420,3.95071,0.40530
2026020347,2026-11-19,TOR,LAK,0.47362,0.35286,0.40726,0.12076,0.11912,0.23988,0.53665,0.48756,2.87924,3.17418,27.25288,35.29309,2.84359,3.14687,2.46807,2.82382,51.23587,66.35163,0.53131,0.61716,2.75848,0.07487,0.04589,3.05507,0.07385,0.04526,3.77941,0.50734
2026020348,2026-11-19,OTT,PHI,0.60693,0.48563,0.28072,0.12130,0.11235,0.23365,0.58233,0.61257,3.35029,2.57512,30.23176,27.85184,3.27273,2.61248,3.04812,3.22415,56.83603,52.36190,0.66461,0.59396,3.22899,0.07520,0.04609,2.46277,0.06966,0.04269,3.77934,0.67967
2026020349,2026-11-19,TBL,EDM,0.55678,0.43136,0.32951,0.12541,0.11371,0.23912,0.59416,0.56845,3.17237,2.89567,29.37792,29.84668,3.07865,2.82812,2.66647,2.72803,55.23050,56.11209,0.61239,0.71631,3.04696,0.07776,0.04766,2.78195,0.07050,0.04321,3.78195,0.59042
2026020350,2026-11-19,PIT,STL,0.56280,0.43566,0.32949,0.12714,0.10771,0.23485,0.55002,0.60094,3.30194,3.11068,30.70443,28.92650,3.26125,2.94141,3.06073,3.07829,57.72461,54.38216,0.64866,0.54703,3.17481,0.07883,0.04831,3.00297,0.06678,0.04093,3.87470,0.61389
2026020351,2026-11-19,WSH,BUF,0.50663,0.39568,0.36802,0.11096,0.12534,0.23630,0.52446,0.49008,3.34931,3.05066,28.12369,29.32968,3.11062,3.00066,3.06366,2.99550,52.87272,55.13999,0.62729,0.58900,3.23835,0.06879,0.04216,2.92531,0.07771,0.04763,3.87538,0.54480
2026020352,2026-11-19,CAR,MTL,0.67354,0.55098,0.23223,0.12256,0.09424,0.21679,0.61775,0.70458,3.82776,2.76387,34.64132,23.30158,3.76215,2.73526,2.90566,2.79471,65.12615,43.80734,0.72671,0.57987,3.70520,0.07598,0.04657,2.66963,0.05843,0.03581,3.99534,0.69131
2026020353,2026-11-19,CHI,CBJ,0.38609,0.27237,0.49943,0.11373,0.11447,0.22820,0.45314,0.42291,2.51588,3.56324,26.94870,32.82886,2.59916,3.33987,2.91276,2.58708,50.66398,61.71864,0.52294,0.51259,2.40216,0.07051,0.04322,3.44877,0.07097,0.04350,3.86032,0.38202
2026020354,2026-11-19,WPG,NYI,0.50958,0.38449,0.37143,0.12509,0.11900,0.24409,0.55931,0.52334,2.88146,2.92936,28.08450,30.55959,2.99585,2.79023,2.60485,2.82830,52.79900,57.45221,0.53080,0.51844,2.75637,0.07756,0.04753,2.81037,0.07378,0.04522,3.70345,0.63318
2026020355,2026-11-19,CGY,MIN,0.37950,0.26401,0.50939,0.11549,0.11111,0.22660,0.47347,0.42225,2.36705,3.55863,30.97352,32.87897,2.57955,3.40674,2.88180,2.72581,58.23037,61.81301,0.42709,0.66193,2.25157,0.07160,0.04388,3.44752,0.06889,0.04222,3.84260,0.36836
2026020356,2026-11-19,COL,ANA,0.66513,0.55275,0.23604,0.11238,0.09883,0.21121,0.66413,0.65970,4.12327,2.83156,29.79897,27.61247,3.88807,2.80638,2.87519,2.86723,56.02258,51.91190,0.78686,0.64026,4.01089,0.06968,0.04271,2.73273,0.06127,0.03755,4.12455,0.80148
2026020357,2026-11-19,SEA,VAN,0.61198,0.50250,0.27349,0.10947,0.11453,0.22400,0.59403,0.58866,3.77349,2.66352,31.29255,29.19563,3.44814,2.68346,2.61448,2.53659,58.83054,54.88842,0.60004,0.58802,3.66401,0.06787,0.04160,2.54899,0.07101,0.04352,3.96474,0.51621
2026020358,2026-11-19,VGK,DAL,0.53999,0.41154,0.34986,0.12845,0.11015,0.23860,0.54175,0.57965,3.11674,3.11148,31.54230,28.73807,3.17825,2.95379,3.19479,3.34703,59.29948,54.02761,0.60305,0.68380,2.98829,0.07964,0.04881,3.00133,0.06829,0.04186,3.82179,0.44082
2026020359,2026-11-21,CAR,EDM,0.61367,0.47473,0.28963,0.13894,0.09670,0.23564,0.63306,0.66743,3.25630,3.01289,30.74569,27.19834,3.19368,2.85391,2.53970,2.54326,57.80213,51.13317,0.60027,0.68926,3.11736,0.08614,0.05280,2.91620,0.05995,0.03674,3.83637,0.58888
2026020360,2026-11-21,CGY,CHI,0.54111,0.41415,0.34319,0.12696,0.11570,0.24267,0.60439,0.55015,2.98819,2.84378,31.28047,29.16139,2.99259,2.85215,2.73912,2.97501,58.80777,54.82402,0.43721,0.52724,2.86123,0.07872,0.04825,2.72808,0.07174,0.04397,3.71079,0.61178
2026020361,2026-11-21,FLA,BUF,0.55750,0.44575,0.32261,0.11175,0.11989,0.23164,0.50899,0.55403,3.60534,2.94533,29.85297,29.25371,3.41366,2.79688,3.02333,3.03802,56.12375,54.99735,0.77809,0.55598,3.49359,0.06929,0.04247,2.82544,0.07433,0.04556,3.93963,0.54451
2026020362,2026-11-21,NSH,PIT,0.52849,0.42000,0.34670,0.10849,0.12480,0.23329,0.52086,0.50778,3.55786,3.01326,28.66975,29.45150,3.28512,2.93301,2.67466,2.66852,53.89954,55.36925,0.66805,0.51322,3.44937,0.06726,0.04123,2.88845,0.07738,0.04743,3.93592,0.49485
2026020363,2026-11-21,BOS,WSH,0.50964,0.39058,0.37272,0.11906,0.11763,0.23670,0.53286,0.52183,3.21056,3.17800,30.78729,30.10684,3.34325,3.05249,2.96901,3.23732,57.88015,56.60113,0.59286,0.69121,3.09150,0.07382,0.04524,3.06037,0.07293,0.04470,3.86593,0.49826
2026020364,2026-11-21,TOR,CBJ,0.43403,0.31334,0.45076,0.12068,0.11522,0.23590,0.51243,0.46484,2.65650,3.37626,26.13473,36.15142,2.66912,3.41189,2.41422,3.05556,49.13346,67.96484,0.49109,0.60294,2.53582,0.07482,0.04586,3.26104,0.07143,0.04378,3.80562,0.57265
2026020365,2026-11-21,MTL,PHI,0.57998,0.45725,0.30718,0.12272,0.11284,0.23556,0.58681,0.58861,3.32504,2.80379,26.74464,29.49630,3.18507,2.85679,2.89156,2.99908,50.28032,55.45335,0.69354,0.62597,3.20232,0.07609,0.04663,2.69095,0.06996,0.04288,3.81276,0.65420
2026020366,2026-11-21,OTT,LAK,0.59693,0.47620,0.29042,0.12073,0.11265,0.23338,0.60046,0.59720,3.38815,2.68197,31.07099,30.01820,3.35451,2.72119,2.90954,2.96146,58.41415,56.43506,0.68405,0.56424,3.26742,0.07485,0.04588,2.56932,0.06984,0.04281,3.81264,0.51988
2026020367,2026-11-21,DET,NYI,0.52167,0.39296,0.36452,0.12871,0.11381,0.24252,0.55447,0.55267,2.92118,3.01571,27.98770,30.65998,3.00277,2.89151,2.46369,2.73634,52.61705,57.64099,0.56279,0.55221,2.79247,0.07980,0.04891,2.90190,0.07056,0.04325,3.74048,0.54704
2026020368,2026-11-21,STL,NJD,0.45785,0.34046,0.42475,0.11739,0.11740,0.23479,0.56600,0.46169,2.99302,3.41179,29.32607,35.25955,2.87056,3.30412,2.96475,3.04941,55.13307,66.28818,0.44233,0.75789,2.87563,0.07278,0.04461,3.29440,0.07279,0.04461,3.88295,0.44726
2026020369,2026-11-21,WPG,VGK,0.43673,0.32621,0.43179,0.11052,0.13148,0.24201,0.49879,0.42056,2.81583,3.04537,27.24957,30.31333,2.80946,2.92331,2.95073,2.71083,51.22939,56.98941,0.52766,0.62110,2.70530,0.06853,0.04200,2.91389,0.08152,0.04996,3.72146,0.61186
2026020370,2026-11-21,UTA,ANA,0.57020,0.44601,0.32051,0.12419,0.10929,0.23348,0.58529,0.59042,3.41796,3.07335,27.72272,29.46320,3.51069,3.01857,3.16839,3.19639,52.11904,55.39113,0.69672,0.76941,3.29377,0.07700,0.04719,2.96406,0.06776,0.04153,3.90127,0.68540
2026020371,2026-11-21,VAN,MIN,0.32863,0.22175,0.57095,0.10689,0.10042,0.20731,0.41818,0.38976,2.29310,4.03990,27.81720,32.63102,2.43228,3.59688,2.57034,2.52364,52.29672,61.34691,0.47677,0.77448,2.18622,0.06627,0.04062,3.93949,0.06226,0.03816,4.06906,0.41112
2026020372,2026-11-21,SJS,SEA,0.56793,0.45500,0.31353,0.11294,0.11854,0.23147,0.52898,0.56335,3.55878,2.85656,32.69551,32.86579,3.40629,2.82961,3.23891,3.07932,61.46809,61.78834,0.73044,0.55674,3.44584,0.07002,0.04292,2.73803,0.07349,0.04504,3.90752,0.46834
2026020373,2026-11-22,NYR,CAR,0.44378,0.34470,0.41516,0.09909,0.14105,0.24014,0.43467,0.40289,3.22336,3.00710,28.98346,33.73563,3.05151,3.06479,3.31613,2.82200,54.48927,63.42369,0.71253,0.57548,3.12427,0.06143,0.03765,2.86604,0.08745,0.05360,3.82628,0.47665
2026020374,2026-11-22,TBL,BUF,0.59618,0.49009,0.28331,0.10609,0.12051,0.22660,0.56042,0.56366,3.73550,2.60831,33.06942,27.22442,3.56821,2.61849,3.39378,3.21540,62.17067,51.18221,0.76412,0.52956,3.62941,0.06578,0.04031,2.48780,0.07471,0.04579,3.94371,0.67773
2026020375,2026-11-22,STL,EDM,0.43915,0.31498,0.45181,0.12418,0.10904,0.23321,0.53573,0.48271,2.66939,3.52838,26.72466,34.30558,2.66036,3.31452,2.66577,2.72288,50.24241,64.49507,0.44794,0.91015,2.54521,0.07699,0.04719,3.41935,0.06760,0.04143,3.86804,0.39272
2026020376,2026-11-22,DAL,PIT,0.63629,0.54227,0.24622,0.09402,0.11750,0.21152,0.59634,0.57332,4.17878,2.45658,29.80978,26.22028,3.72602,2.59061,3.14313,2.80935,56.04296,49.29437,0.83830,0.45090,4.08476,0.05829,0.03573,2.33908,0.07285,0.04465,4.13813,0.61674
2026020377,2026-11-22,VAN,CHI,0.48640,0.36067,0.40015,0.12573,0.11345,0.23918,0.54977,0.51663,2.88654,3.25701,29.11716,28.71780,2.82913,3.03526,2.44348,2.66264,54.74150,53.99065,0.48327,0.61312,2.76081,0.07795,0.04778,3.14356,0.07034,0.04311,3.80871,0.65822
2026020378,2026-11-23,NJD,CBJ,0.53879,0.41287,0.34691,0.12592,0.11430,0.24022,0.53518,0.56723,3.09201,2.97534,31.36957,31.35677,3.11499,2.94457,2.63172,2.71683,58.97511,58.95094,0.61070,0.46512,2.96610,0.07807,0.04785,2.86104,0.07087,0.04343,3.77750,0.60674
2026020379,2026-11-23,MTL,LAK,0.57277,0.45165,0.31375,0.12112,0.11348,0.23460,0.60488,0.57296,3.37722,2.87881,27.94672,31.93305,3.30212,2.97624,2.78529,2.77970,52.54042,60.03462,0.71770,0.59074,3.25610,0.07509,0.04603,2.76533,0.07036,0.04312,3.84643,0.49150
2026020380,2026-11-23,OTT,CGY,0.68524,0.58027,0.21078,0.10498,0.10398,0.20895,0.61714,0.66307,3.84152,2.18978,33.14928,27.62732,3.76444,2.35693,3.08649,2.97215,62.32097,51.93956,0.68084,0.42013,3.73654,0.06509,0.03989,2.08581,0.06447,0.03951,3.96411,0.65992
2026020381,2026-11-23,NYI,TOR,0.58395,0.47033,0.29698,0.11362,0.11907,0.23269,0.56648,0.56824,3.48617,2.65274,36.20479,25.79953,3.46168,2.69287,3.22282,2.33480,68.06524,48.50322,0.60062,0.50188,3.37255,0.07045,0.04318,2.53367,0.07382,0.04525,3.84651,0.50579
2026020382,2026-11-23,WPG,UTA,0.48519,0.37213,0.38338,0.11307,0.13142,0.24449,0.53345,0.46092,2.98036,2.82464,28.31839,28.64280,2.95867,2.84832,3.08646,2.85432,53.23871,53.84872,0.64462,0.56799,2.86729,0.07010,0.04297,2.69322,0.08148,0.04994,3.70340,0.61083
2026020383,2026-11-23,SEA,ANA,0.46519,0.35300,0.41339,0.11218,0.12142,0.23360,0.52843,0.46024,3.23448,3.41453,28.02322,32.48239,3.27240,3.28608,3.17350,2.88753,52.68406,61.06730,0.62877,0.77139,3.12229,0.06955,0.04263,3.29311,0.07528,0.04614,3.93812,0.60850
2026020384,2026-11-23,SJS,MIN,0.41988,0.30812,0.45820,0.11176,0.12192,0.23368,0.44115,0.43924,2.83884,3.41831,31.42671,34.25505,2.86675,3.26060,3.20875,3.01554,59.08280,64.40035,0.57799,0.76157,2.72708,0.06929,0.04247,3.29639,0.07559,0.04633,3.85362,0.31776
2026020385,2026-11-24,EDM,VGK,0.49555,0.38408,0.37662,0.11147,0.12783,0.23930,0.52644,0.47571,3.22571,2.99975,28.27473,28.22914,3.01547,2.76481,2.46289,2.33391,53.15713,53.07114,0.68797,0.60155,3.11424,0.06911,0.04236,2.87192,0.07926,0.04858,3.82461,0.64007
2026020386,2026-11-25,BOS,WPG,0.57202,0.45092,0.31269,0.12110,0.11529,0.23639,0.56883,0.57810,3.31162,2.79224,28.96666,29.52836,3.20939,2.83673,2.85990,2.96842,54.45746,55.51360,0.62408,0.58653,3.19052,0.07508,0.04602,2.67694,0.07148,0.04381,3.80580,0.44019
2026020387,2026-11-25,BUF,NYR,0.58252,0.45608,0.30762,0.12644,0.10985,0.23629,0.61306,0.59659,3.27573,2.85046,29.95302,26.97760,3.19059,2.70270,3.16658,2.87876,56.31181,50.71802,0.63373,0.63046,3.14929,0.07839,0.04805,2.74061,0.06811,0.04174,3.80542,0.46769
2026020388,2026-11-25,TBL,CAR,0.47491,0.37107,0.38835,0.10384,0.13674,0.24058,0.50932,0.42940,3.26141,2.92744,29.43726,32.38308,3.20403,2.97743,3.27681,3.19318,55.34205,60.88051,0.62172,0.60061,3.15757,0.06438,0.03946,2.79070,0.08478,0.05196,3.81929,0.54117
2026020389,2026-11-25,FLA,OTT,0.54155,0.42144,0.34295,0.12012,0.11550,0.23561,0.53179,0.55776,3.33392,3.06347,29.02712,30.83955,3.21123,2.97664,3.04747,2.93431,54.57135,57.97888,0.75340,0.59957,3.21380,0.07447,0.04564,2.94797,0.07161,0.04389,3.87308,0.53329
2026020390,2026-11-25,NYI,STL,0.54002,0.42751,0.33284,0.11251,0.12714,0.23965,0.52803,0.51958,3.26305,2.67538,34.23244,28.83905,3.25808,2.79308,3.42506,3.00744,64.35703,54.21719,0.62789,0.48729,3.15054,0.06976,0.04275,2.54825,0.07883,0.04831,3.76569,0.56223
2026020391,2026-11-25,PIT,CGY,0.62706,0.50472,0.26678,0.12233,0.10617,0.22850,0.59181,0.64309,3.47923,2.64136,30.91036,28.98491,3.45702,2.67748,2.84168,2.73350,58.11199,54.49194,0.55718,0.45934,3.35690,0.07585,0.04649,2.53519,0.06582,0.04034,3.84071,0.66525
2026020392,2026-11-25,WSH,PHI,0.56772,0.44624,0.31771,0.12148,0.11457,0.23605,0.57937,0.57336,3.29831,2.83562,28.59682,29.91037,3.06975,2.89743,2.97992,2.94616,53.76243,56.23205,0.62961,0.59507,3.17683,0.07532,0.04616,2.72106,0.07103,0.04353,3.81038,0.67161
2026020393,2026-11-25,CBJ,NJD,0.51989,0.40478,0.35566,0.11511,0.12445,0.23956,0.56513,0.50168,3.21985,2.90197,31.54942,31.39589,3.19283,2.90213,2.72639,2.61115,59.31317,59.02459,0.46549,0.61345,3.10474,0.07137,0.04374,2.77751,0.07716,0.04729,3.79924,0.47390
2026020394,2026-11-25,DET,VAN,0.66282,0.55378,0.23052,0.10904,0.10666,0.21569,0.62813,0.64183,3.79243,2.36723,30.72388,26.26718,3.53599,2.42828,2.47397,2.35265,57.76128,49.38259,0.68039,0.49822,3.68339,0.06760,0.04143,2.26057,0.06613,0.04053,3.94735,0.57803
2026020395,2026-11-25,DAL,NSH,0.60308,0.48660,0.28458,0.11648,0.11235,0.22882,0.62439,0.58987,3.58909,2.74413,29.30762,27.79407,3.36507,2.74600,3.00766,3.04529,55.09862,52.25285,0.65665,0.59070,3.47261,0.07222,0.04426,2.63179,0.06965,0.04269,3.90013,0.65726
2026020396,2026-11-25,MIN,UTA,0.56497,0.45531,0.30848,0.10965,0.12656,0.23621,0.58014,0.52383,3.40902,2.55475,30.26436,28.89843,3.34257,2.66165,3.05762,2.68160,56.89727,54.32918,0.78755,0.51871,3.29937,0.06798,0.04167,2.42819,0.07847,0.04809,3.80127,0.61235
2026020397,2026-11-25,COL,MTL,0.64303,0.52111,0.25959,0.12192,0.09738,0.21930,0.60590,0.67324,3.91131,3.05332,33.28058,24.80601,3.71753,2.90859,2.84186,2.81608,62.56769,46.63560,0.74830,0.70148,3.78939,0.07559,0.04633,2.95594,0.06037,0.03700,4.06508,0.68228
2026020398,2026-11-25,ANA,SJS,0.56807,0.44225,0.32555,0.12581,0.10638,0.23219,0.59256,0.59534,3.46494,3.22578,32.70671,28.00342,3.35285,3.15647,3.09679,3.46281,61.48929,52.64700,0.72483,0.73350,3.33913,0.07800,0.04781,3.11940,0.06596,0.04043,3.95032,0.54297
2026020399,2026-11-25,SEA,CHI,0.54613,0.42507,0.33722,0.12106,0.11665,0.23771,0.59361,0.54486,3.24394,2.93076,30.68696,28.64056,3.15495,2.86444,2.67260,2.91070,57.69202,53.84460,0.48225,0.64627,3.12288,0.07506,0.04600,2.81411,0.07232,0.04433,3.81356,0.63316
2026020400,2026-11-27,BOS,TOR,0.58374,0.47166,0.29910,0.11208,0.11717,0.22924,0.59387,0.56210,3.63761,2.79546,33.78837,27.37215,3.62653,2.77190,3.14143,2.70873,63.52238,51.45990,0.69742,0.57240,3.52554,0.06949,0.04259,2.67829,0.07264,0.04452,3.92725,0.50372
2026020401,2026-11-27,NJD,CGY,0.66502,0.55691,0.22863,0.10811,0.10635,0.21445,0.57643,0.65585,3.80608,2.34742,34.23353,29.52471,3.72442,2.44077,2.78199,2.78863,64.35961,55.50673,0.64448,0.39419,3.69797,0.06703,0.04108,2.24107,0.06593,0.04041,3.95283,0.67940
2026020402,2026-11-27,NSH,UTA,0.49414,0.38376,0.37482,0.11038,0.13103,0.24142,0.51691,0.46874,3.16274,2.87955,28.74687,30.11805,3.07808,2.94542,3.08610,2.84427,54.04419,56.62219,0.71918,0.51892,3.05235,0.06844,0.04195,2.74852,0.08124,0.04979,3.77563,0.51971
2026020403,2026-11-27,STL,DAL,0.44912,0.33047,0.43535,0.11864,0.11554,0.23418,0.50336,0.47614,2.90685,3.46227,31.46386,34.49968,2.99294,3.30632,3.63179,3.65974,59.15135,64.85891,0.48585,0.83104,2.78821,0.07356,0.04508,3.34673,0.07163,0.04390,3.88285,0.39462
2026020404,2026-11-27,TBL,OTT,0.54024,0.41628,0.34336,0.12396,0.11640,0.24036,0.58279,0.54820,3.11101,2.90908,29.46903,29.56973,3.08565,2.90460,3.16067,3.32171,55.40189,55.59127,0.62398,0.65132,2.98705,0.07685,0.04710,2.79268,0.07217,0.04423,3.76604,0.66549
2026020405,2026-11-27,PHI,VAN,0.66843,0.56810,0.22123,0.10033,0.11034,0.21067,0.63890,0.61893,3.89007,2.18880,31.84360,26.53363,3.58741,2.30560,2.87229,2.60473,59.86676,49.88379,0.72858,0.46141,3.78974,0.06221,0.03813,2.07847,0.06841,0.04193,3.99024,0.47434
2026020406,2026-11-27,WSH,FLA,0.49357,0.37600,0.38720,0.11758,0.11922,0.23680,0.56548,0.49183,3.16039,3.21785,30.24411,31.01677,3.02721,3.23436,3.03382,2.81662,56.85933,58.31181,0.57294,0.70417,3.04281,0.07290,0.04468,3.09863,0.07392,0.04530,3.86335,0.53982
2026020407,2026-11-27,CBJ,DET,0.58250,0.46984,0.29596,0.11266,0.12154,0.23420,0.56707,0.55941,3.42157,2.55063,30.93123,28.59151,3.36783,2.60679,2.63925,2.59772,58.15091,53.75223,0.56582,0.56583,3.30891,0.06985,0.04281,2.42909,0.07535,0.04619,3.80522,0.53956
2026020408,2026-11-27,MIN,COL,0.45951,0.35435,0.40829,0.10516,0.13221,0.23737,0.49653,0.42939,3.22932,3.13203,28.19098,33.04773,3.17869,3.03050,2.85929,2.74079,52.99956,62.13007,0.68733,0.64896,3.12416,0.06520,0.03996,2.99982,0.08197,0.05024,3.85930,0.47990
2026020409,2026-11-27,ANA,LAK,0.49091,0.36806,0.39810,0.12286,0.11099,0.23385,0.54344,0.52163,3.13701,3.47586,30.60762,29.19506,3.15658,3.28353,2.82248,2.74414,57.54309,54.88748,0.65222,0.69269,3.01415,0.07617,0.04669,3.36487,0.06881,0.04218,3.93490,0.35532
2026020410,2026-11-27,SJS,VGK,0.39184,0.28989,0.47830,0.10195,0.12986,0.23181,0.43697,0.37940,2.93315,3.44562,31.12360,34.26614,2.93484,3.16024,3.60676,2.83068,58.51327,64.42120,0.59361,0.68746,2.83121,0.06321,0.03874,3.31575,0.08052,0.04935,3.88081,0.38780
2026020411,2026-11-27,CHI,NYR,0.42906,0.31496,0.44697,0.11411,0.12396,0.23807,0.46768,0.44215,2.73700,3.22805,28.70672,28.96157,2.84133,2.90593,3.24665,2.53622,53.96900,54.44816,0.57897,0.59018,2.62290,0.07075,0.04336,3.10409,0.07686,0.04711,3.76539,0.29072
2026020412,2026-11-27,NYI,WPG,0.55033,0.43151,0.32688,0.11882,0.12279,0.24161,0.54106,0.54601,3.14259,2.65585,31.34839,27.57205,3.06204,2.75209,3.00293,2.53303,58.93516,51.83553,0.54305,0.51518,3.02377,0.07367,0.04515,2.53306,0.07613,0.04666,3.71701,0.44296
2026020413,2026-11-27,BUF,PIT,0.58939,0.47818,0.29542,0.11121,0.11519,0.22640,0.59841,0.56893,3.75865,2.87198,28.15800,27.47926,3.37416,2.80591,2.85741,2.79746,52.93743,51.66127,0.64988,0.54072,3.64744,0.06895,0.04226,2.75679,0.07142,0.04377,3.98460,0.52756
2026020414,2026-11-27,EDM,SEA,0.66391,0.55551,0.23069,0.10841,0.10540,0.21380,0.61665,0.64812,3.90001,2.45961,32.88205,27.52552,3.63333,2.48803,2.41314,2.55689,61.81865,51.74816,0.87992,0.48398,3.79161,0.06721,0.04119,2.35421,0.06535,0.04005,4.00267,0.71019
2026020415,2026-11-28,VGK,MTL,0.53595,0.40858,0.35455,0.12737,0.10949,0.23686,0.55767,0.57131,3.18423,3.21135,30.25889,26.25267,3.18366,3.00318,2.53319,3.00537,56.88706,49.35561,0.57468,0.72728,3.05686,0.07897,0.04840,3.10186,0.06789,0.04161,3.86792,0.54783
2026020416,2026-11-28,FLA,TBL,0.53082,0.41646,0.34418,0.11436,0.12500,0.23936,0.49864,0.52686,3.26083,2.81975,31.56175,33.24648,3.28151,2.89557,3.38625,3.01237,59.33701,62.50427,0.75764,0.53725,3.14647,0.07090,0.04346,2.69475,0.07750,0.04750,3.79447,0.40844
2026020417,2026-11-28,DET,NSH,0.53592,0.41293,0.34677,0.12298,0.11731,0.24029,0.56173,0.54629,3.11226,2.91651,30.25588,27.76260,3.14103,2.81130,2.66441,2.41609,56.88151,52.19414,0.55646,0.60009,2.98928,0.07625,0.04673,2.79920,0.07273,0.04458,3.76837,0.54269
2026020418,2026-11-28,NJD,WPG,0.60448,0.48663,0.28255,0.11785,0.11296,0.23082,0.54730,0.61184,3.45410,2.62078,31.02134,27.82019,3.32014,2.59665,2.58620,2.51553,58.32089,52.30270,0.64720,0.46027,3.33624,0.07307,0.04478,2.50781,0.07004,0.04293,3.82833,0.51056
2026020419,2026-11-28,NYR,CGY,0.61393,0.49648,0.27026,0.11745,0.11581,0.23326,0.57691,0.60566,3.31590,2.36327,29.98491,31.04532,3.23595,2.55458,2.78582,3.02699,56.37230,58.36568,0.60981,0.47249,3.19845,0.07282,0.04463,2.24747,0.07180,0.04401,3.73252,0.71275
2026020420,2026-11-28,PIT,TOR,0.58356,0.45679,0.30931,0.12676,0.10713,0.23389,0.58808,0.61071,3.37268,2.99443,32.13976,26.10266,3.40660,2.85759,2.84352,2.38330,60.42345,49.07360,0.59432,0.54944,3.24592,0.07859,0.04817,2.88730,0.06642,0.04071,3.86921,0.55839
2026020421,2026-11-28,CAR,OTT,0.63317,0.50387,0.26722,0.12930,0.09960,0.22890,0.62209,0.66645,3.49172,2.83852,32.55859,25.83042,3.35017,2.80927,3.06136,2.88273,61.21084,48.56157,0.67609,0.55926,3.36242,0.08017,0.04913,2.73892,0.06175,0.03785,3.87796,0.66266
2026020422,2026-11-28,STL,WSH,0.47783,0.35724,0.40722,0.12059,0.11495,0.23554,0.52707,0.50230,2.95597,3.29351,30.16583,32.57585,3.04087,3.10952,3.03451,3.26460,56.71200,61.24327,0.47207,0.73789,2.83538,0.07476,0.04582,3.17856,0.07127,0.04368,3.83676,0.47718
2026020423,2026-11-28,PHI,NYI,0.52930,0.40694,0.34857,0.12236,0.12214,0.24449,0.56589,0.52825,2.95893,2.73209,28.96988,33.41745,3.05975,2.82465,2.78256,3.24621,54.46443,62.82591,0.58587,0.54064,2.83658,0.07586,0.04650,2.60996,0.07572,0.04641,3.67197,0.44530
2026020424,2026-11-28,DAL,UTA,0.58595,0.48114,0.28971,0.10481,0.12434,0.22914,0.59252,0.53472,3.66843,2.55451,29.78344,29.36875,3.40170,2.81336,3.39036,3.18633,55.99353,55.21364,0.84599,0.51536,3.56363,0.06498,0.03983,2.43018,0.07709,0.04725,3.90981,0.63692
2026020425,2026-11-28,COL,SJS,0.72547,0.61772,0.18609,0.10775,0.08843,0.19618,0.70158,0.72027,4.21818,2.46486,35.84821,26.78520,3.82936,2.56474,3.00635,3.10227,67.39549,50.35697,0.83020,0.54479,4.11043,0.06680,0.04094,2.37643,0.05483,0.03360,4.15084,0.80416
2026020426,2026-11-28,LAK,ANA,0.55188,0.44112,0.32632,0.11076,0.12180,0.23256,0.55694,0.53044,3.58083,2.92118,30.95601,31.46078,3.57704,2.97731,2.96901,2.85963,58.19867,59.14743,0.70424,0.65443,3.47007,0.06867,0.04209,2.79938,0.07551,0.04628,3.92680,0.71632
2026020427,2026-11-28,SEA,EDM,0.38544,0.27173,0.50475,0.11371,0.10981,0.22352,0.48191,0.42312,2.60961,3.77097,27.72159,33.25786,2.65859,3.41918,2.56813,2.42308,52.11693,62.52546,0.48035,0.91779,2.49591,0.07050,0.04321,3.66116,0.06808,0.04173,3.95991,0.36352
2026020428,2026-11-29,CHI,MIN,0.37609,0.26718,0.50631,0.10892,0.11760,0.22652,0.41861,0.40622,2.57319,3.57728,27.44476,32.28892,2.62259,3.30936,2.84591,2.60440,51.59656,60.70382,0.51832,0.64748,2.46428,0.06753,0.04139,3.45968,0.07291,0.04469,3.87279,0.29908
2026020429,2026-11-29,BOS,VAN,0.68903,0.59456,0.20592,0.09447,0.10505,0.19952,0.65009,0.63664,4.23339,2.26766,32.33538,27.69752,3.91100,2.46096,2.81739,2.75202,60.79090,52.07170,0.74483,0.50476,4.13892,0.05857,0.03590,2.16261,0.06513,0.03992,4.16560,0.56855
2026020430,2026-11-30,NSH,OTT,0.43841,0.32261,0.44248,0.11581,0.11911,0.23491,0.49438,0.45611,2.86271,3.39376,26.91194,31.21880,2.81104,3.20225,2.90069,2.88414,50.59467,58.69169,0.58600,0.63571,2.74690,0.07180,0.04401,3.27465,0.07385,0.04526,3.84996,0.49786
2026020431,2026-11-30,NYR,CAR,0.39463,0.29655,0.46467,0.09808,0.14070,0.23877,0.43467,0.35717,2.92427,3.15031,26.45188,35.20067,2.82661,3.18480,3.09548,3.03334,49.72947,66.17728,0.60854,0.63575,2.82619,0.06081,0.03727,3.00961,0.08723,0.05347,3.78174,0.47665
2026020432,2026-11-30,PIT,CBJ,0.48071,0.35042,0.41302,0.13030,0.10626,0.23656,0.55090,0.53415,2.82059,3.46497,28.12474,31.73832,2.85913,3.31844,2.62565,2.78687,52.87494,59.66851,0.52141,0.58559,2.69029,0.08079,0.04951,3.35871,0.06588,0.04038,3.86896,0.58834
2026020433,2026-11-30,TOR,PHI,0.48298,0.36096,0.39785,0.12202,0.11917,0.24119,0.51794,0.50363,2.87873,3.10944,26.96370,33.38087,2.81258,3.08668,2.62374,3.23971,50.69210,62.75665,0.51965,0.68421,2.75671,0.07565,0.04637,2.99027,0.07389,0.04529,3.75840,0.67145
2026020434,2026-11-30,WPG,CHI,0.63733,0.52672,0.25079,0.11061,0.11188,0.22249,0.63230,0.60879,3.67384,2.42339,30.48191,25.75375,3.35588,2.45244,2.60226,2.72898,57.30678,48.41756,0.57868,0.48685,3.56323,0.06858,0.04203,2.31151,0.06937,0.04251,3.89741,0.76264
2026020435,2026-11-30,UTA,MTL,0.50527,0.37841,0.38373,0.12686,0.11101,0.23786,0.52320,0.54823,3.01763,3.28625,28.61502,27.24977,3.10982,3.11600,2.68118,3.15213,53.79644,51.22987,0.54472,0.84581,2.89077,0.07865,0.04821,3.17524,0.06882,0.04218,3.84838,0.54816
2026020436,2026-12-01,DET,CGY,0.60558,0.48790,0.27950,0.11767,0.11492,0.23260,0.57449,0.60127,3.38762,2.51515,31.23648,28.96532,3.35937,2.58324,2.76088,2.68339,58.72495,54.45498,0.60226,0.47622,3.26995,0.07296,0.04472,2.40023,0.07125,0.04367,3.78516,0.62240
2026020437,2026-12-01,NJD,SJS,0.63069,0.51084,0.26467,0.11985,0.10464,0.22449,0.60788,0.64187,3.66043,2.75682,34.25005,28.79236,3.50420,2.67116,2.87797,2.90607,64.39072,54.13001,0.72775,0.49655,3.54059,0.07431,0.04554,2.65218,0.06488,0.03976,3.92910,0.72793
2026020438,2026-12-01,NYI,FLA,0.46013,0.34586,0.41565,0.11427,0.12423,0.23849,0.52027,0.45691,2.98619,3.19745,33.31860,29.13000,3.00453,3.17522,3.18391,2.59207,62.63935,54.76460,0.50316,0.70400,2.87192,0.07085,0.04342,3.07322,0.07702,0.04721,3.81251,0.50040
2026020439,2026-12-01,WSH,VAN,0.71096,0.61680,0.18956,0.09417,0.09948,0.19364,0.66581,0.66531,4.27259,2.19874,31.17495,26.78672,3.76048,2.39684,2.76315,2.46906,58.60929,50.35938,0.73950,0.44651,4.17842,0.05838,0.03578,2.09927,0.06168,0.03780,4.18792,0.60978
2026020440,2026-12-01,BOS,COL,0.40212,0.30041,0.46915,0.10171,0.12873,0.23044,0.46814,0.38230,3.08761,3.52152,27.82416,33.82667,3.09779,3.38628,3.11145,3.06372,52.30959,63.59460,0.63876,0.74279,2.98589,0.06306,0.03865,3.39279,0.07981,0.04892,3.93767,0.37799
2026020441,2026-12-01,EDM,BUF,0.51418,0.40320,0.36078,0.11097,0.12504,0.23602,0.51578,0.50017,3.40888,3.04558,29.88669,26.52326,3.20642,2.72533,2.54894,2.49913,56.18754,49.86392,0.73304,0.58572,3.29791,0.06880,0.04217,2.92053,0.07753,0.04752,3.89298,0.63116
2026020442,2026-12-01,SEA,DAL,0.38733,0.27738,0.49858,0.10996,0.11409,0.22405,0.44964,0.41671,2.77553,3.77876,30.84148,30.16379,2.88818,3.33007,3.44559,2.88745,57.98221,56.70823,0.52602,0.82841,2.66557,0.06817,0.04178,3.66467,0.07074,0.04335,3.98070,0.36578
2026020443,2026-12-01,ANA,MIN,0.45564,0.33300,0.43685,0.12264,0.10751,0.23015,0.48415,0.51082,2.97774,3.71784,30.92038,28.75443,2.99311,3.49746,2.81930,2.87117,58.13062,54.05881,0.62190,0.82655,2.85510,0.07604,0.04660,3.61033,0.06666,0.04085,3.98720,0.32053
2026020444,2026-12-01,LAK,VGK,0.45678,0.34644,0.41322,0.11034,0.13000,0.24034,0.48672,0.44429,3.00611,3.07691,32.32215,32.28377,3.07750,3.03093,3.13108,2.72098,60.76670,60.69449,0.57876,0.63952,2.89577,0.06841,0.04193,2.94691,0.08060,0.04940,3.78140,0.58000
2026020445,2026-12-02,MTL,TBL,0.47674,0.36059,0.40050,0.11615,0.12276,0.23891,0.52177,0.47839,3.03918,3.16012,26.80937,30.93120,3.01843,3.13003,3.19305,2.82228,50.40187,58.15077,0.67125,0.62901,2.92303,0.07201,0.04414,3.03735,0.07611,0.04665,3.81474,0.38271
2026020446,2026-12-02,STL,PIT,0.53186,0.42033,0.34578,0.11153,0.12236,0.23389,0.55038,0.51395,3.48052,3.01159,29.42674,30.35275,3.24128,2.96008,3.09566,2.96420,55.32259,57.06348,0.56793,0.61875,3.36898,0.06915,0.04238,2.88923,0.07586,0.04650,3.90934,0.46630
2026020447,2026-12-02,UTA,WPG,0.57444,0.44342,0.31564,0.13103,0.10991,0.24094,0.56683,0.60908,3.06531,2.79573,28.90174,27.76541,3.08068,2.73360,2.82795,2.95440,54.33554,52.19914,0.56866,0.63154,2.93428,0.08124,0.04979,2.68582,0.06815,0.04177,3.72258,0.46676
2026020448,2026-12-03,TOR,FLA,0.41045,0.29655,0.47488,0.11390,0.11468,0.22857,0.50377,0.43171,2.80685,3.65136,27.77818,34.15531,2.77481,3.47833,2.61394,2.97871,52.22334,64.21239,0.48873,0.82262,2.69295,0.07062,0.04328,3.53669,0.07110,0.04358,3.93518,0.53495
2026020449,2026-12-03,OTT,NJD,0.55924,0.44110,0.32448,0.11814,0.11628,0.23442,0.59165,0.55315,3.38967,2.90952,30.04045,29.57738,3.23316,2.87498,2.81238,2.83866,56.47639,55.60584,0.59176,0.61497,3.27153,0.07325,0.04489,2.79324,0.07210,0.04419,3.85739,0.51671
2026020450,2026-12-03,DET,COL,0.38861,0.28454,0.48660,0.10408,0.12478,0.22886,0.44452,0.38764,2.88756,3.56348,27.15065,31.26116,2.86993,3.22709,2.83735,2.50190,51.04353,58.77127,0.61195,0.69286,2.78348,0.06453,0.03955,3.43869,0.07737,0.04742,3.91410,0.38501
2026020451,2026-12-03,NYR,SJS,0.59279,0.46933,0.29642,0.12346,0.11079,0.23425,0.60836,0.60027,3.35897,2.77280,31.57018,31.40641,3.15769,2.82414,3.08879,3.30618,59.35228,59.04434,0.73704,0.58804,3.23551,0.07655,0.04692,2.66201,0.06869,0.04210,3.81852,0.76006
2026020452,2026-12-03,PHI,NYI,0.52644,0.40108,0.35481,0.12536,0.11874,0.24411,0.56589,0.53792,2.93093,2.83866,28.59666,31.87865,3.04457,2.79756,2.80257,3.14913,53.76206,59.93226,0.58140,0.54064,2.80557,0.07772,0.04764,2.71992,0.07362,0.04512,3.69179,0.44530
2026020453,2026-12-03,CAR,CBJ,0.62735,0.48439,0.27796,0.14296,0.09469,0.23765,0.64731,0.68551,3.16418,2.89705,32.56097,28.87175,3.22066,2.93025,2.70395,3.03860,61.21494,54.27896,0.58776,0.50830,3.02122,0.08864,0.05433,2.80236,0.05871,0.03598,3.77896,0.70383
2026020454,2026-12-03,NSH,CHI,0.61475,0.49749,0.27445,0.11726,0.11080,0.22806,0.61675,0.60703,3.56533,2.65838,30.13963,27.44417,3.32166,2.65946,2.58225,2.83538,56.66293,51.59539,0.59120,0.49745,3.44807,0.07270,0.04456,2.54757,0.06870,0.04211,3.87803,0.68992
2026020455,2026-12-03,CGY,BUF,0.38205,0.27377,0.49759,0.10828,0.12036,0.22864,0.45863,0.39540,2.61942,3.50165,29.64904,31.65553,2.70415,3.26788,3.07168,3.10839,55.74027,59.51265,0.45238,0.61670,2.51114,0.06713,0.04115,3.38130,0.07462,0.04574,3.84800,0.42649
2026020456,2026-12-03,EDM,WSH,0.55076,0.43440,0.33209,0.11635,0.11715,0.23350,0.54158,0.55358,3.44030,2.98367,31.65910,26.26329,3.38298,2.67480,2.48991,2.43681,59.51956,49.37520,0.74240,0.59002,3.32395,0.07214,0.04421,2.86652,0.07263,0.04452,3.88992,0.62478
2026020457,2026-12-03,SEA,DAL,0.38985,0.27957,0.49427,0.11028,0.11588,0.22616,0.44964,0.41671,2.74150,3.68551,31.17489,31.08204,2.89205,3.35312,3.49248,3.05124,58.60882,58.43444,0.51798,0.82999,2.63122,0.06838,0.04191,3.56964,0.07184,0.04403,3.93901,0.36578
2026020458,2026-12-03,VGK,UTA,0.62164,0.51509,0.26109,0.10655,0.11727,0.22382,0.58427,0.58788,3.71097,2.43350,32.12819,26.19886,3.49207,2.57862,3.20678,2.77398,60.40161,49.25429,0.85100,0.46237,3.60442,0.06606,0.04049,2.31623,0.07271,0.04456,3.91605,0.53980
2026020459,2026-12-03,LAK,MIN,0.46843,0.34725,0.41263,0.12119,0.11894,0.24012,0.49096,0.49631,2.81361,3.16796,32.54446,31.82267,2.91975,3.12756,2.74767,2.72726,61.18435,59.82741,0.54568,0.69745,2.69242,0.07513,0.04605,3.04903,0.07374,0.04520,3.76204,0.50836
2026020460,2026-12-04,NYI,SJS,0.58604,0.46731,0.29854,0.11873,0.11542,0.23415,0.60186,0.57761,3.38459,2.69105,35.72823,28.81241,3.31749,2.80827,3.33011,2.87157,67.17011,54.16820,0.63775,0.54334,3.26586,0.07361,0.04512,2.57563,0.07156,0.04386,3.81320,0.66281
2026020461,2026-12-04,STL,CHI,0.66365,0.56156,0.22801,0.10209,0.10835,0.21043,0.64439,0.62208,3.98011,2.35915,32.29523,26.70714,3.49942,2.50715,3.11710,2.99055,60.71575,50.21003,0.59292,0.52079,3.87802,0.06329,0.03879,2.25080,0.06717,0.04117,4.03776,0.66173
2026020462,2026-12-04,VAN,BUF,0.35876,0.25597,0.52480,0.10279,0.11644,0.21924,0.40374,0.38184,2.72275,3.81404,28.15707,29.80711,2.70235,3.27241,2.87458,2.51641,52.93594,56.03780,0.56668,0.62545,2.61996,0.06373,0.03906,3.69760,0.07220,0.04425,3.98836,0.47286
2026020463,2026-12-04,ANA,SEA,0.62823,0.51784,0.26272,0.11039,0.10905,0.21944,0.57178,0.62326,3.90846,2.75281,33.08512,26.83307,3.72794,2.89238,3.03481,3.00393,62.20051,50.44664,0.86369,0.55954,3.79807,0.06844,0.04195,2.64376,0.06761,0.04144,4.02958,0.47052
2026020464,2026-12-05,BOS,DET,0.56272,0.44531,0.32033,0.11741,0.11695,0.23435,0.57364,0.55832,3.42190,2.88399,29.08930,30.12931,3.32568,2.90609,2.72395,2.89122,54.68801,56.64338,0.65514,0.64389,3.30450,0.07279,0.04461,2.76704,0.07251,0.04444,3.86324,0.53181
2026020465,2026-12-05,MTL,FLA,0.50936,0.38920,0.37523,0.12016,0.11542,0.23558,0.57299,0.51721,3.23146,3.26087,28.07841,30.33803,3.14465,3.22324,2.84118,2.79898,52.78793,57.03572,0.62997,0.74984,3.11130,0.07450,0.04566,3.14545,0.07156,0.04386,3.89415,0.51840
2026020466,2026-12-05,NSH,CBJ,0.47118,0.34867,0.41196,0.12251,0.11686,0.23938,0.52156,0.49718,2.83314,3.22258,28.86760,32.69498,2.86513,3.20878,2.76151,2.83356,54.27123,61.46676,0.59317,0.51295,2.71063,0.07596,0.04656,3.10571,0.07245,0.04441,3.78501,0.54083
2026020467,2026-12-05,PIT,NJD,0.48624,0.36071,0.40523,0.12553,0.10853,0.23406,0.56582,0.52158,3.04657,3.52595,28.12410,30.91733,2.95773,3.27136,2.58664,2.55694,52.87374,58.12515,0.47948,0.67141,2.92104,0.07783,0.04770,3.41742,0.06729,0.04124,3.93251,0.51951
2026020468,2026-12-05,CGY,WSH,0.40482,0.28799,0.48022,0.11683,0.11496,0.23179,0.48442,0.43805,2.54877,3.46947,31.40099,31.54053,2.83253,3.23856,3.02334,3.01776,59.03391,59.29651,0.43815,0.62591,2.43194,0.07243,0.04440,3.35451,0.07128,0.04368,3.82561,0.42464
2026020469,2026-12-05,OTT,TBL,0.50713,0.38867,0.37053,0.11846,0.12234,0.24079,0.51717,0.51306,3.06993,2.96740,29.82559,29.11980,3.06826,2.89921,3.33241,3.07563,56.07225,54.74543,0.64221,0.62258,2.95148,0.07344,0.04501,2.84506,0.07585,0.04649,3.76898,0.41323
2026020470,2026-12-05,NYR,COL,0.39956,0.29532,0.47234,0.10423,0.12810,0.23234,0.44697,0.39200,2.91731,3.43387,26.47711,34.40002,2.83936,3.28845,3.01740,3.01579,49.77720,64.67217,0.66276,0.71571,2.81308,0.06462,0.03961,3.30577,0.07942,0.04868,3.87380,0.48828
2026020471,2026-12-05,CAR,TOR,0.71573,0.59363,0.19766,0.12210,0.08661,0.20871,0.68113,0.74152,3.84541,2.52569,37.04000,23.04670,3.84229,2.47497,3.00610,2.54873,69.63567,43.32795,0.70118,0.47281,3.72331,0.07570,0.04640,2.43908,0.05370,0.03291,3.97883,0.67832
2026020472,2026-12-05,VGK,WPG,0.62224,0.49680,0.27089,0.12544,0.10687,0.23231,0.60056,0.64014,3.35388,2.60767,30.71967,26.57690,3.20068,2.58324,2.73408,2.82334,57.75338,49.96485,0.63986,0.51263,3.22843,0.07777,0.04767,2.50080,0.06626,0.04061,3.78578,0.46600
2026020473,2026-12-05,MIN,PHI,0.59016,0.46819,0.29450,0.12197,0.11534,0.23731,0.59002,0.59019,3.24879,2.58697,30.55432,28.71474,3.21375,2.58531,2.90418,2.74396,57.44262,53.98417,0.67299,0.56075,3.12682,0.07562,0.04635,2.47163,0.07151,0.04383,3.74208,0.72379
2026020474,2026-12-05,LAK,UTA,0.50491,0.39230,0.36573,0.11261,0.12936,0.24197,0.52142,0.48501,3.13110,2.82344,32.36480,30.38656,3.18331,2.94109,3.21241,2.89139,60.84650,57.12726,0.68781,0.58951,3.01850,0.06982,0.04279,2.69408,0.08021,0.04916,3.75176,0.57913
2026020475,2026-12-05,VAN,DAL,0.29848,0.19678,0.61081,0.10170,0.09071,0.19241,0.40581,0.37112,2.22949,4.39909,26.73143,31.70834,2.46897,3.68843,2.93593,2.96334,50.25565,59.61222,0.44939,0.89911,2.12779,0.06306,0.03865,4.30838,0.05624,0.03447,4.25825,0.38596
2026020476,2026-12-06,PIT,SJS,0.54695,0.40752,0.35599,0.13943,0.09706,0.23649,0.62287,0.61058,3.09094,3.48197,30.95569,31.64827,3.10533,3.21642,2.85479,3.27570,58.19760,59.49987,0.55559,0.71896,2.95151,0.08645,0.05298,3.38491,0.06018,0.03688,3.92804,0.71562
2026020477,2026-12-06,STL,NSH,0.56934,0.45458,0.31005,0.11476,0.12060,0.23536,0.57937,0.55021,3.40097,2.69627,30.91725,28.91553,3.27560,2.75653,3.27826,2.85189,58.12474,54.36139,0.55349,0.60416,3.28621,0.07115,0.04361,2.57567,0.07477,0.04583,3.82076,0.51193
2026020478,2026-12-06,MTL,OTT,0.49429,0.37328,0.39038,0.12100,0.11534,0.23634,0.55476,0.50952,3.11075,3.29731,25.84980,30.79158,3.01749,3.22590,2.93977,2.82628,48.59825,57.88867,0.67142,0.68547,2.98975,0.07502,0.04598,3.18197,0.07151,0.04383,3.87390,0.51140
2026020479,2026-12-06,CHI,EDM,0.37575,0.26837,0.50456,0.10738,0.11968,0.22707,0.43786,0.39356,2.63700,3.58061,25.12444,32.28315,2.58030,3.23354,2.60872,2.27456,47.23426,60.69290,0.52430,0.69350,2.52962,0.06658,0.04081,3.46093,0.07420,0.04548,3.88217,0.27246
2026020480,2026-12-06,ANA,WPG,0.57096,0.45555,0.31227,0.11540,0.11677,0.23218,0.53144,0.57360,3.51190,2.86157,31.09669,26.08444,3.35731,2.92733,3.01309,2.84179,58.46226,49.03921,0.73342,0.59497,3.39650,0.07155,0.04385,2.74480,0.07240,0.04437,3.89108,0.32420
2026020481,2026-12-06,SEA,BUF,0.39929,0.29354,0.47542,0.10575,0.12529,0.23104,0.44751,0.39959,2.88627,3.48100,29.49475,30.93693,2.91353,3.20813,3.12582,3.01245,55.45029,58.16162,0.52163,0.72579,2.78052,0.06556,0.04018,3.35571,0.07768,0.04761,3.88449,0.44964
2026020482,2026-12-07,NYI,COL,0.40936,0.30773,0.45724,0.10164,0.13340,0.23503,0.44026,0.38822,3.03936,3.31830,29.64224,31.45870,3.02434,3.23233,3.25695,2.60777,55.72776,59.14257,0.58562,0.64868,2.93772,0.06301,0.03862,3.18491,0.08271,0.05069,3.86235,0.38155
2026020483,2026-12-07,TBL,CBJ,0.57485,0.44551,0.31196,0.12934,0.11319,0.24253,0.60899,0.58860,3.02916,2.67020,30.25240,31.31761,3.07625,2.82002,2.77598,3.23733,56.87455,58.87708,0.57937,0.50822,2.89981,0.08019,0.04915,2.55701,0.07017,0.04301,3.67959,0.70727
2026020484,2026-12-07,NYR,NJD,0.48426,0.36688,0.39364,0.11737,0.12210,0.23948,0.55069,0.48167,3.01154,3.10055,28.31074,33.90003,2.84606,3.14254,2.72253,2.93053,53.22438,63.73225,0.56163,0.66298,2.89417,0.07277,0.04460,2.97844,0.07570,0.04640,3.79006,0.57683
2026020485,2026-12-07,VAN,WSH,0.34885,0.23976,0.54802,0.10909,0.10313,0.21222,0.42890,0.40520,2.47174,4.03093,28.37788,31.12600,2.68305,3.42910,2.68207,2.72156,53.35087,58.51719,0.48443,0.74001,2.36265,0.06764,0.04146,3.92780,0.06394,0.03919,4.06803,0.46985
2026020486,2026-12-08,MTL,VGK,0.48718,0.37401,0.38746,0.11317,0.12536,0.23852,0.54270,0.47159,3.16919,3.09410,25.23256,31.29403,3.04143,3.09543,2.89281,2.74225,47.43746,58.83305,0.64183,0.64146,3.05602,0.07016,0.04300,2.96874,0.07772,0.04764,3.83183,0.53407
2026020487,2026-12-08,OTT,ANA,0.61494,0.50569,0.27229,0.10925,0.11277,0.22202,0.60699,0.59162,3.84761,2.73026,28.51448,27.55078,3.72420,2.77237,3.15123,3.07990,53.60762,51.79587,0.79204,0.62771,3.73836,0.06773,0.04151,2.61749,0.06992,0.04285,4.00259,0.70689
2026020488,2026-12-08,FLA,BOS,0.59079,0.47351,0.29712,0.11728,0.11209,0.22937,0.55215,0.59940,3.58587,2.86902,31.25154,30.95781,3.50181,2.90161,3.06979,3.02912,58.75330,58.20100,0.79699,0.56139,3.46860,0.07271,0.04457,2.75692,0.06950,0.04260,3.91894,0.58111
2026020489,2026-12-08,PIT,CHI,0.62672,0.49892,0.27271,0.12780,0.10056,0.22836,0.64422,0.65062,3.52822,2.88933,29.76643,25.94932,3.33006,2.74587,2.51172,2.76949,55.96154,48.78522,0.51655,0.57484,3.40042,0.07924,0.04856,2.78876,0.06235,0.03821,3.90049,0.73382
2026020490,2026-12-08,CAR,NYR,0.70594,0.58872,0.20189,0.11721,0.09218,0.20939,0.66055,0.71816,3.81578,2.39741,36.51574,23.83420,3.74075,2.41566,3.21220,2.69833,68.65003,44.80853,0.77277,0.49842,3.69857,0.07267,0.04454,2.30524,0.05715,0.03503,3.95734,0.60331
2026020491,2026-12-08,STL,COL,0.40473,0.30083,0.46690,0.10390,0.12837,0.23227,0.46236,0.39141,2.99353,3.44992,29.97745,34.11904,3.00358,3.30198,3.60886,2.98472,56.35783,64.14432,0.59532,0.72271,2.88963,0.06442,0.03948,3.32155,0.07959,0.04878,3.89472,0.35901
2026020492,2026-12-08,WPG,PHI,0.50773,0.38363,0.37041,0.12410,0.12186,0.24596,0.54357,0.51845,2.83777,2.83488,28.04741,27.96428,2.82340,2.73299,2.80984,2.83219,52.72951,52.57332,0.52763,0.59922,2.71367,0.07694,0.04716,2.71302,0.07555,0.04631,3.66273,0.71977
2026020493,2026-12-08,CGY,NSH,0.46021,0.33697,0.42353,0.12324,0.11626,0.23950,0.53730,0.48582,2.72028,3.22815,30.98014,30.65651,2.86151,3.10682,2.96510,2.75907,58.24281,57.63456,0.44065,0.60166,2.59704,0.07641,0.04683,3.11189,0.07208,0.04418,3.76270,0.45874
2026020494,2026-12-08,MIN,EDM,0.53795,0.41699,0.34423,0.12096,0.11782,0.23878,0.56958,0.54130,3.19997,2.93932,28.69726,31.00024,3.07770,2.83610,2.43900,2.31886,53.95116,58.28079,0.64922,0.69819,3.07901,0.07500,0.04596,2.82150,0.07305,0.04477,3.80155,0.51573
2026020495,2026-12-08,SJS,SEA,0.55186,0.43886,0.32740,0.11300,0.12073,0.23374,0.52898,0.54415,3.50145,2.91022,31.50113,33.67682,3.26115,2.86458,2.88756,3.15744,59.22264,63.31300,0.64979,0.58765,3.38845,0.07006,0.04294,2.78949,0.07486,0.04588,3.89647,0.46834
2026020496,2026-12-09,NJD,DET,0.58168,0.46796,0.30098,0.11372,0.11734,0.23106,0.55216,0.57364,3.56034,2.76922,30.93693,28.70224,3.39209,2.67893,2.49646,2.54120,58.16178,53.96052,0.67688,0.52390,3.44662,0.07051,0.04321,2.65188,0.07275,0.04459,3.89349,0.60408
2026020497,2026-12-09,DAL,TOR,0.65398,0.54637,0.23856,0.10761,0.10746,0.21507,0.63293,0.62895,3.89840,2.49378,32.42788,24.49655,3.69305,2.49393,3.27903,2.60263,60.96475,46.05362,0.80591,0.46861,3.79080,0.06672,0.04089,2.38632,0.06663,0.04084,4.00442,0.63251
2026020498,2026-12-09,LAK,SJS,0.63651,0.52638,0.25255,0.11012,0.11095,0.22107,0.59913,0.61856,3.74666,2.50034,37.42166,29.80478,3.59740,2.62831,3.21789,2.82380,70.35439,56.03425,0.77816,0.49033,3.63653,0.06828,0.04185,2.38940,0.06879,0.04216,3.93678,0.71897
2026020499,2026-12-10,BUF,EDM,0.54676,0.41841,0.34387,0.12835,0.10936,0.23772,0.58414,0.57637,3.16663,3.11420,27.09658,29.26819,2.98026,2.94128,2.69564,2.50715,50.94168,55.02446,0.60166,0.70372,3.03827,0.07958,0.04877,3.00484,0.06780,0.04156,3.83644,0.44990
2026020500,2026-12-10,MTL,ANA,0.58853,0.47753,0.29775,0.11101,0.11372,0.22473,0.61138,0.56728,3.86345,2.99737,26.36949,30.39277,3.70149,3.05046,3.07394,2.81160,49.57500,57.13875,0.84939,0.64243,3.75245,0.06882,0.04218,2.88365,0.07051,0.04321,4.04140,0.68230
2026020501,2026-12-10,OTT,VGK,0.52203,0.40835,0.35264,0.11368,0.12533,0.23901,0.53813,0.50624,3.24113,2.86348,28.97491,28.52655,3.17702,2.79484,3.19477,2.81754,54.47319,53.63043,0.65222,0.59392,3.12745,0.07048,0.04320,2.73816,0.07770,0.04763,3.79765,0.56292
2026020502,2026-12-10,TBL,BOS,0.61215,0.49107,0.27846,0.12108,0.10939,0.23047,0.60259,0.61795,3.46689,2.68266,32.34056,29.19068,3.46187,2.77677,3.22254,3.30426,60.80034,54.87849,0.69173,0.58206,3.34581,0.07507,0.04601,2.57327,0.06782,0.04157,3.84271,0.70949
2026020503,2026-12-10,FLA,PIT,0.60582,0.50329,0.27548,0.10253,0.11870,0.22123,0.55807,0.57048,3.96503,2.68533,29.97654,29.29771,3.61806,2.70749,2.71151,2.77014,56.35649,55.08026,0.78292,0.49252,3.86250,0.06357,0.03896,2.56663,0.07359,0.04511,4.04914,0.53105
2026020504,2026-12-10,NYI,CGY,0.62406,0.51301,0.25877,0.11105,0.11717,0.22822,0.57027,0.60185,3.49189,2.30406,33.84512,28.97166,3.47169,2.56957,3.13090,2.67896,63.62911,54.46674,0.54623,0.41541,3.38084,0.06885,0.04220,2.18689,0.07265,0.04453,3.80393,0.61326
2026020505,2026-12-10,CBJ,MIN,0.51918,0.39966,0.35822,0.11952,0.12260,0.24212,0.51523,0.52622,3.04540,2.85050,32.12902,30.72647,3.12637,2.88588,2.72940,2.75029,60.40270,57.76625,0.51141,0.64865,2.92588,0.07410,0.04542,2.72789,0.07601,0.04659,3.73061,0.44474
2026020506,2026-12-10,WPG,CHI,0.60603,0.48456,0.28198,0.12146,0.11200,0.23346,0.63230,0.59950,3.36115,2.59911,29.90484,26.23119,3.20734,2.54533,2.55905,2.81527,56.22162,49.31498,0.51620,0.53339,3.23968,0.07531,0.04616,2.48711,0.06944,0.04256,3.78766,0.76264
2026020507,2026-12-10,UTA,STL,0.58595,0.45760,0.30527,0.12836,0.10878,0.23713,0.55393,0.62073,3.23049,2.83038,32.10622,28.90330,3.34363,2.77043,3.33214,3.39160,60.35973,54.33816,0.68757,0.58185,3.10213,0.07958,0.04878,2.72161,0.06744,0.04134,3.78557,0.58754
2026020508,2026-12-10,VAN,NSH,0.40423,0.28585,0.48661,0.11839,0.10916,0.22755,0.48137,0.45227,2.59490,3.67098,28.23766,30.46698,2.69553,3.28335,2.65387,2.52423,53.08719,57.27827,0.47583,0.69684,2.47651,0.07340,0.04499,3.56182,0.06768,0.04148,3.91633,0.50519
2026020509,2026-12-10,SEA,WSH,0.41029,0.29765,0.47273,0.11265,0.11698,0.22962,0.47323,0.43280,2.82213,3.59912,30.95690,31.42962,3.00587,3.26603,2.95320,2.97366,58.19920,59.08787,0.49028,0.77499,2.70948,0.06984,0.04281,3.48215,0.07253,0.04445,3.91736,0.44726
2026020510,2026-12-11,DET,NYR,0.50615,0.38350,0.37512,0.12266,0.11873,0.24138,0.54774,0.51900,2.96019,2.99910,30.37243,27.33317,3.00131,2.78268,2.85528,2.56290,57.10035,51.38659,0.61230,0.67162,2.83753,0.07605,0.04661,2.88038,0.07361,0.04512,3.74637,0.43837
2026020511,2026-12-11,PHI,CGY,0.64951,0.54700,0.23408,0.10251,0.11641,0.21891,0.58579,0.60563,3.66578,2.10705,32.67385,28.26297,3.55752,2.29362,3.24099,2.74286,61.42778,53.13500,0.69837,0.37482,3.56328,0.06355,0.03895,1.99064,0.07217,0.04423,3.87497,0.52164
2026020512,2026-12-11,CAR,NYI,0.70395,0.57971,0.20596,0.12424,0.09009,0.21432,0.66662,0.72969,3.67428,2.45287,33.77478,27.04842,3.71580,2.54572,2.79270,2.99035,63.49707,50.85121,0.68461,0.43846,3.55004,0.07703,0.04721,2.36278,0.05585,0.03423,3.89676,0.70199
2026020513,2026-12-11,SJS,LAK,0.47301,0.35713,0.40365,0.11588,0.12334,0.23922,0.50028,0.47892,3.00649,3.14700,31.52612,36.41771,3.03478,3.10940,3.11840,3.13228,59.27011,68.46645,0.58037,0.66822,2.89060,0.07185,0.04404,3.02366,0.07647,0.04687,3.80236,0.35270
2026020514,2026-12-12,BOS,NJD,0.48369,0.36912,0.39510,0.11458,0.12120,0.23578,0.57170,0.47147,3.20313,3.26174,29.40869,33.45638,3.12590,3.24396,2.77620,3.03164,55.28859,62.89839,0.52983,0.71747,3.08856,0.07104,0.04354,3.14054,0.07514,0.04606,3.88687,0.46779
2026020515,2026-12-12,CBJ,MTL,0.52419,0.40994,0.35190,0.11425,0.12391,0.23815,0.51855,0.51736,3.29344,2.92797,32.25624,27.32295,3.41354,2.86977,2.87320,2.75489,60.64173,51.36745,0.55179,0.67537,3.17920,0.07083,0.04341,2.80407,0.07682,0.04708,3.82930,0.52786
2026020516,2026-12-12,TBL,PIT,0.61989,0.51471,0.26384,0.10518,0.11627,0.22145,0.60832,0.58002,3.83616,2.54438,31.31608,27.45259,3.58843,2.62049,2.89035,3.02275,58.87453,51.61114,0.68735,0.51987,3.73099,0.06521,0.03997,2.42811,0.07209,0.04418,3.98122,0.66586
2026020517,2026-12-12,MIN,WPG,0.60934,0.49287,0.27588,0.11648,0.11478,0.23125,0.59648,0.59721,3.44184,2.51418,30.15116,29.03345,3.28304,2.56238,2.66066,2.65270,56.68460,54.58314,0.67520,0.51814,3.32536,0.07222,0.04426,2.39941,0.07116,0.04361,3.80737,0.53824
2026020518,2026-12-12,BUF,ANA,0.60690,0.49290,0.28341,0.11400,0.10969,0.22369,0.62856,0.59406,3.82967,2.92985,27.07746,29.14869,3.58464,2.90686,3.17736,3.04177,50.90604,54.79994,0.74481,0.63547,3.71567,0.07068,0.04332,2.82016,0.06801,0.04168,4.01896,0.69915
2026020519,2026-12-12,TOR,VGK,0.40960,0.30134,0.46405,0.10826,0.12635,0.23461,0.47309,0.40618,2.82939,3.35542,25.48832,34.41391,2.77393,3.24249,2.68498,2.87298,47.91821,64.69855,0.50839,0.67557,2.72113,0.06712,0.04114,3.22908,0.07833,0.04801,3.82908,0.55104
2026020520,2026-12-12,OTT,EDM,0.54569,0.42445,0.33832,0.12123,0.11599,0.23723,0.56179,0.55480,3.25932,2.96705,28.62398,28.40289,3.12117,2.84143,2.65975,2.56751,53.81327,53.39786,0.65558,0.71456,3.13809,0.07516,0.04607,2.85106,0.07192,0.04408,3.82701,0.46183
2026020521,2026-12-12,DET,FLA,0.41097,0.29034,0.48222,0.12062,0.10681,0.22744,0.52457,0.45630,2.61635,3.72045,29.04574,30.02867,2.72626,3.35950,2.66005,2.67205,54.60650,56.45445,0.48761,0.86932,2.49572,0.07479,0.04584,3.61363,0.06623,0.04059,3.94003,0.50691
2026020522,2026-12-12,CHI,UTA,0.40702,0.30104,0.46076,0.10598,0.13223,0.23820,0.44852,0.39536,2.77874,3.18119,26.26357,30.24643,2.77620,3.07987,3.25359,2.65279,49.37578,56.86373,0.63179,0.53017,2.67276,0.06571,0.04027,3.04897,0.08198,0.05025,3.75752,0.36593
2026020523,2026-12-12,DAL,STL,0.61695,0.50424,0.26969,0.11271,0.11336,0.22607,0.59616,0.60086,3.64020,2.58253,31.84485,30.34013,3.47072,2.71512,3.43810,3.60922,59.86808,57.03878,0.79798,0.47599,3.52749,0.06988,0.04283,2.46917,0.07028,0.04308,3.89934,0.68086
2026020524,2026-12-12,COL,WSH,0.64119,0.51713,0.25991,0.12406,0.09890,0.22296,0.61319,0.66959,3.72837,2.90905,32.66204,25.91875,3.59739,2.76651,2.72705,2.98951,61.40491,48.72752,0.66299,0.63347,3.60431,0.07692,0.04714,2.81015,0.06132,0.03758,3.97661,0.65836
2026020525,2026-12-12,LAK,VAN,0.64568,0.53386,0.24526,0.11182,0.10906,0.22088,0.62142,0.62788,3.69432,2.43951,34.20342,29.50681,3.56709,2.54448,2.52392,2.67343,64.30368,55.47413,0.60389,0.55341,3.58251,0.06933,0.04249,2.33045,0.06762,0.04144,3.90768,0.63188
2026020526,2026-12-12,SEA,NSH,0.46260,0.34352,0.42015,0.11907,0.11725,0.23633,0.52613,0.48049,2.92882,3.33138,30.42468,31.12697,2.99592,3.16448,2.88803,2.83025,57.19861,58.51888,0.47450,0.75376,2.80974,0.07383,0.04525,3.21413,0.07270,0.04456,3.84264,0.48161
2026020527,2026-12-13,CAR,BOS,0.68773,0.56640,0.21915,0.12133,0.09312,0.21445,0.64117,0.71134,3.77865,2.58387,35.34541,25.43569,3.74338,2.68844,3.26321,2.91959,66.45003,47.81945,0.76291,0.50093,3.65732,0.07522,0.04611,2.49075,0.05773,0.03539,3.95567,0.70600
2026020528,2026-12-13,NYR,CBJ,0.53104,0.41342,0.34395,0.11762,0.12501,0.24263,0.53568,0.52340,3.07828,2.70437,29.28923,32.93337,2.92555,2.92827,2.84911,2.93049,55.06420,61.91504,0.68659,0.48278,2.96067,0.07292,0.04469,2.57935,0.07751,0.04751,3.70552,0.64355
2026020529,2026-12-13,TOR,ANA,0.49206,0.37967,0.38646,0.11239,0.12148,0.23386,0.54342,0.48177,3.35101,3.28028,25.33294,34.40891,3.29121,3.29769,2.74295,3.06992,47.62643,64.68940,0.65774,0.70792,3.23863,0.06968,0.04271,3.15880,0.07532,0.04616,3.93167,0.69948
2026020530,2026-12-13,STL,TBL,0.42877,0.31231,0.45259,0.11646,0.11863,0.23510,0.49086,0.45062,2.73200,3.36860,29.67994,35.61522,2.78648,3.30801,3.48328,3.26549,55.79850,66.95720,0.48851,0.74999,2.61554,0.07221,0.04426,3.24997,0.07355,0.04508,3.81590,0.34663
2026020531,2026-12-14,OTT,BUF,0.54479,0.43305,0.33210,0.11174,0.12311,0.23485,0.52750,0.53068,3.46600,2.87562,29.65606,27.20982,3.34776,2.76338,3.16489,3.22583,55.75368,51.15472,0.69079,0.60615,3.35427,0.06928,0.04246,2.75251,0.07633,0.04678,3.87764,0.55233
2026020532,2026-12-14,PHI,FLA,0.45481,0.33706,0.42411,0.11775,0.12108,0.23883,0.53612,0.46083,2.84738,3.22471,31.24408,31.52580,2.90786,3.09834,3.11691,2.97380,58.73974,59.26900,0.54242,0.73485,2.72963,0.07300,0.04474,3.10362,0.07507,0.04601,3.78856,0.40598
2026020533,2026-12-14,MTL,EDM,0.52047,0.39978,0.36399,0.12070,0.11554,0.23624,0.56632,0.53001,3.25052,3.18633,25.92092,31.38955,3.06455,3.11903,2.49358,2.44607,48.73158,59.01265,0.67508,0.74993,3.12983,0.07483,0.04586,3.07079,0.07163,0.04391,3.87920,0.43134
2026020534,2026-12-14,COL,UTA,0.63759,0.52358,0.25550,0.11401,0.10692,0.22092,0.63151,0.62690,3.77003,2.65212,31.83203,25.66849,3.52183,2.70308,3.10243,2.77819,59.84455,48.25709,0.82022,0.54745,3.65603,0.07068,0.04332,2.54521,0.06629,0.04063,3.96105,0.67199
2026020535,2026-12-14,SJS,VAN,0.63165,0.53094,0.25229,0.10071,0.11606,0.21677,0.57327,0.59180,3.96438,2.47418,32.77096,30.13901,3.62633,2.54045,3.05296,2.81013,61.61017,56.66216,0.70656,0.54464,3.86367,0.06244,0.03827,2.35812,0.07196,0.04410,4.03563,0.44293
2026020536,2026-12-15,BOS,FLA,0.49608,0.38307,0.37925,0.11301,0.12467,0.23768,0.54825,0.47971,3.22182,3.07319,31.88924,30.38524,3.23305,3.11215,3.15041,2.99098,59.95241,57.12479,0.59989,0.72030,3.10882,0.07007,0.04294,2.94852,0.07730,0.04737,3.84187,0.49834
2026020537,2026-12-15,BUF,CGY,0.63429,0.51268,0.26065,0.12161,0.10506,0.22667,0.63849,0.63890,3.51137,2.61279,30.41569,30.29043,3.40050,2.69395,2.91650,3.21494,57.18193,56.94621,0.55188,0.52949,3.38976,0.07540,0.04621,2.50773,0.06514,0.03992,3.84923,0.65144
2026020538,2026-12-15,DET,LAK,0.51360,0.38846,0.36959,0.12515,0.11681,0.24195,0.55728,0.53185,2.93914,2.99022,29.06752,30.30629,2.94798,2.92600,2.58173,2.49671,54.64733,56.97635,0.59224,0.59340,2.81399,0.07759,0.04756,2.87341,0.07242,0.04439,3.73787,0.48049
2026020539,2026-12-15,NJD,NYR,0.57933,0.45769,0.30794,0.12163,0.11273,0.23437,0.54970,0.59576,3.35148,2.81468,33.94519,28.06004,3.38891,2.64213,2.95362,2.68377,63.81717,52.75313,0.67057,0.55960,3.22984,0.07541,0.04622,2.70194,0.06990,0.04284,3.82452,0.50323
2026020540,2026-12-15,PIT,TBL,0.44476,0.32038,0.44668,0.12437,0.10857,0.23294,0.49068,0.50073,2.74493,3.57032,27.53106,30.90602,2.79620,3.30412,3.03436,2.83191,51.75868,58.10359,0.52247,0.67730,2.62056,0.07711,0.04726,3.46175,0.06731,0.04125,3.89579,0.41400
2026020541,2026-12-15,CBJ,CAR,0.43216,0.33544,0.42192,0.09673,0.14592,0.24264,0.44910,0.37576,3.16713,2.93419,29.90568,33.01210,3.21236,2.96693,3.19778,2.76012,56.22274,62.06304,0.52735,0.58709,3.07040,0.05997,0.03676,2.78827,0.09047,0.05545,3.79085,0.37179
2026020542,2026-12-15,STL,WPG,0.53027,0.40658,0.35133,0.12369,0.11839,0.24208,0.56312,0.53969,3.02514,2.87582,28.53296,30.55782,2.92331,2.87597,3.04199,3.10392,53.64204,57.44882,0.50373,0.63820,2.90145,0.07669,0.04700,2.75743,0.07340,0.04499,3.73082,0.42075
2026020543,2026-12-15,NSH,SEA,0.59409,0.47894,0.28984,0.11515,0.11607,0.23122,0.57403,0.58450,3.49920,2.65481,30.64011,29.67016,3.36746,2.72933,2.72655,2.76924,57.60357,55.78012,0.71758,0.45173,3.38405,0.07140,0.04376,2.53874,0.07196,0.04411,3.85175,0.59742
2026020544,2026-12-15,MIN,TOR,0.64623,0.53569,0.24530,0.11054,0.10847,0.21901,0.62098,0.62781,3.78481,2.49760,35.49796,26.45228,3.75180,2.48718,3.01980,2.33546,66.73667,49.73050,0.77710,0.48308,3.67427,0.06854,0.04201,2.38913,0.06725,0.04122,3.95317,0.60708
2026020545,2026-12-15,UTA,NYI,0.50971,0.37288,0.38544,0.13683,0.10484,0.24167,0.57587,0.56918,2.71940,3.22412,27.19077,32.20572,2.97397,3.04731,2.46036,3.35760,51.11905,60.54709,0.46886,0.70998,2.58257,0.08484,0.05200,3.11928,0.06500,0.03984,3.76235,0.56480
2026020546,2026-12-15,DAL,WSH,0.55786,0.43779,0.32670,0.12007,0.11545,0.23552,0.57357,0.56188,3.35285,2.93630,29.71036,28.31841,3.33247,2.86562,3.08801,3.26956,55.85556,53.23862,0.66433,0.60448,3.23278,0.07445,0.04563,2.82086,0.07158,0.04387,3.85041,0.62299
2026020547,2026-12-16,PHI,NYR,0.56113,0.45136,0.31109,0.10978,0.12778,0.23756,0.55920,0.52355,3.35518,2.52051,33.72098,27.34409,3.28173,2.52890,3.49725,2.70944,63.39629,51.40743,0.75810,0.53622,3.24540,0.06806,0.04171,2.39273,0.07922,0.04856,3.77415,0.33963
2026020548,2026-12-16,COL,NYI,0.68582,0.56913,0.21771,0.11669,0.09647,0.21317,0.65545,0.69166,3.79840,2.47937,32.53391,26.99848,3.70453,2.56120,2.78568,2.82559,61.16417,50.75744,0.73855,0.46783,3.68171,0.07235,0.04434,2.38290,0.05981,0.03666,3.95589,0.69358
2026020549,2026-12-16,ANA,VAN,0.66709,0.56240,0.22957,0.10468,0.10335,0.20803,0.61498,0.65023,4.18175,2.63422,32.45135,25.79641,3.77367,2.72543,2.59262,2.80365,61.00921,48.49788,0.73686,0.60510,4.07706,0.06490,0.03978,2.53087,0.06408,0.03927,4.14010,0.44527
2026020550,2026-12-16,VGK,SJS,0.67951,0.55933,0.22554,0.12018,0.09495,0.21513,0.65846,0.69444,3.81637,2.63993,33.76433,28.54475,3.46402,2.60636,2.76479,3.29722,63.47787,53.66498,0.71258,0.55635,3.69618,0.07451,0.04567,2.54498,0.05887,0.03608,3.97755,0.68849
2026020551,2026-12-17,BOS,STL,0.56220,0.44972,0.31561,0.11247,0.12219,0.23466,0.55594,0.54238,3.43962,2.72667,33.86351,30.99411,3.47942,2.85531,3.41262,3.53699,63.66311,58.26877,0.72434,0.53620,3.32715,0.06973,0.04274,2.60448,0.07576,0.04643,3.84104,0.56102
2026020552,2026-12-17,TBL,CGY,0.69822,0.59165,0.20048,0.10657,0.10130,0.20787,0.64799,0.67535,3.77974,2.10357,33.59955,28.87520,3.71192,2.32876,3.03815,3.23623,63.16731,54.28544,0.63648,0.42199,3.67316,0.06608,0.04050,2.00227,0.06280,0.03849,3.93020,0.77016
2026020553,2026-12-17,NJD,TOR,0.63154,0.51767,0.25998,0.11386,0.10848,0.22234,0.57265,0.63302,3.75307,2.65883,36.12735,26.11213,3.70791,2.56245,2.91550,2.35159,67.91982,49.09105,0.71683,0.44842,3.63921,0.07059,0.04327,2.55035,0.06726,0.04122,3.95476,0.57824
2026020554,2026-12-17,PIT,LAK,0.52513,0.39458,0.36734,0.13055,0.10753,0.23808,0.57478,0.56630,3.03735,3.25664,29.14790,30.98331,3.04985,3.09090,2.69573,2.62612,54.79874,58.24952,0.56010,0.60716,2.90681,0.08094,0.04961,3.14911,0.06667,0.04086,3.84409,0.52265
2026020555,2026-12-17,WSH,DET,0.57697,0.46125,0.30469,0.11572,0.11834,0.23406,0.59063,0.56071,3.43490,2.71631,28.03450,29.31254,3.18349,2.80799,2.67891,2.64651,52.70502,55.10776,0.64632,0.56007,3.31918,0.07175,0.04397,2.59797,0.07337,0.04497,3.83694,0.57402
2026020556,2026-12-17,CBJ,SEA,0.64517,0.53695,0.24298,0.10822,0.11185,0.22007,0.60193,0.61950,3.71362,2.35315,34.17172,28.86711,3.69607,2.48450,2.88240,2.73903,64.24303,54.27036,0.64536,0.46036,3.60541,0.06709,0.04112,2.24130,0.06935,0.04250,3.91030,0.59930
2026020557,2026-12-17,EDM,DAL,0.52649,0.40873,0.35511,0.11776,0.11840,0.23616,0.51793,0.53725,3.32850,3.10141,30.07808,26.81142,3.19467,2.82018,2.70363,2.67770,56.54709,50.40566,0.72255,0.67994,3.21074,0.07301,0.04475,2.98301,0.07341,0.04499,3.88044,0.54137
2026020558,2026-12-17,UTA,CAR,0.40724,0.29981,0.46520,0.10742,0.12756,0.23499,0.45372,0.40527,2.82386,3.33241,26.38539,31.73975,2.90593,3.16612,3.10266,2.95174,49.60476,59.67103,0.53109,0.71207,2.71643,0.06660,0.04082,3.20484,0.07909,0.04847,3.81979,0.39499
2026020559,2026-12-18,BUF,MTL,0.53722,0.41627,0.35025,0.12095,0.11253,0.23348,0.56818,0.55195,3.39508,3.23590,29.39619,26.55398,3.28271,3.05269,2.99111,2.93984,55.26505,49.92173,0.63655,0.71217,3.27412,0.07499,0.04596,3.12337,0.06977,0.04276,3.93270,0.56014
2026020560,2026-12-18,OTT,CHI,0.69152,0.58830,0.20795,0.10323,0.10053,0.20375,0.66813,0.66175,4.08253,2.35520,31.76815,23.50689,3.71995,2.34988,2.70789,2.83223,59.72450,44.19320,0.66315,0.50266,3.97930,0.06400,0.03923,2.25467,0.06233,0.03820,4.08632,0.72766
2026020561,2026-12-18,NYR,NSH,0.54304,0.42267,0.33658,0.12037,0.12038,0.24076,0.56418,0.54120,3.13320,2.77784,29.15653,30.03249,3.02068,2.83353,2.80021,2.90292,54.81449,56.46112,0.59148,0.60822,3.01283,0.07463,0.04574,2.65746,0.07464,0.04575,3.74127,0.64133
2026020562,2026-12-18,PHI,DET,0.56799,0.45902,0.30531,0.10897,0.12670,0.23567,0.56165,0.52989,3.42687,2.53209,29.31144,27.64693,3.21842,2.57482,2.87905,2.65760,55.10628,51.97667,0.72427,0.53394,3.31790,0.06756,0.04141,2.40539,0.07856,0.04815,3.80523,0.43668
2026020563,2026-12-18,PIT,SEA,0.61164,0.48833,0.28244,0.12330,0.10592,0.22922,0.60260,0.62906,3.52966,2.84988,30.52415,29.01955,3.41634,2.85054,2.69263,2.72261,57.38611,54.55747,0.65833,0.51750,3.40636,0.07645,0.04685,2.74396,0.06567,0.04025,3.89443,0.64317
2026020564,2026-12-18,MIN,ANA,0.60276,0.49199,0.28324,0.11076,0.11400,0.22476,0.61453,0.57838,3.77769,2.77977,29.16641,30.64331,3.72366,2.82514,3.01472,2.79261,54.83328,57.60972,0.81456,0.61865,3.66693,0.06867,0.04209,2.66577,0.07068,0.04332,3.97983,0.74935
2026020565,2026-12-18,COL,CAR,0.54637,0.44182,0.32657,0.10454,0.12706,0.23160,0.53783,0.50731,3.68773,2.86179,30.68281,29.12634,3.48330,2.91330,3.24977,2.72785,57.68413,54.75823,0.72790,0.56452,3.58319,0.06482,0.03973,2.73474,0.07877,0.04828,3.95735,0.52882
2026020566,2026-12-18,VGK,NYI,0.61061,0.48011,0.28357,0.13049,0.10582,0.23631,0.60937,0.63794,3.21808,2.68509,29.59186,28.55507,3.23636,2.64129,2.49737,2.99196,55.63293,53.68386,0.59344,0.48655,3.08759,0.08090,0.04959,2.57927,0.06561,0.04021,3.74946,0.56458
2026020567,2026-12-19,NJD,BOS,0.56633,0.44592,0.32099,0.12040,0.11268,0.23308,0.52851,0.58768,3.45621,3.01266,33.78898,30.16491,3.50700,2.93577,3.05690,2.86085,63.52369,56.71023,0.70284,0.54950,3.33581,0.07465,0.04575,2.89998,0.06986,0.04282,3.90074,0.61137
2026020568,2026-12-19,FLA,CGY,0.69586,0.59172,0.20369,0.10414,0.10045,0.20459,0.59948,0.68377,3.96774,2.24704,32.25063,30.86144,3.77573,2.43428,2.88752,2.98791,60.63168,58.01988,0.75644,0.40775,3.86360,0.06457,0.03957,2.14659,0.06228,0.03817,4.02807,0.65057
2026020569,2026-12-19,EDM,UTA,0.56421,0.45596,0.30955,0.10826,0.12623,0.23449,0.56087,0.52634,3.49611,2.62004,30.16848,27.06963,3.29766,2.65537,2.68716,2.54158,56.71708,50.89108,0.86917,0.53595,3.38785,0.06712,0.04114,2.49381,0.07827,0.04797,3.84638,0.63889
2026020570,2026-12-19,TOR,TBL,0.39178,0.28086,0.48855,0.11093,0.11966,0.23059,0.45219,0.41278,2.63247,3.48596,26.25351,35.09980,2.66131,3.37407,2.88937,3.04607,49.35672,65.98769,0.51166,0.68784,2.52154,0.06877,0.04215,3.36629,0.07419,0.04547,3.84371,0.39766
2026020571,2026-12-19,WSH,STL,0.58045,0.46691,0.30095,0.11354,0.11860,0.23214,0.57311,0.56398,3.49871,2.69886,31.68421,30.36491,3.32664,2.83119,3.31635,3.14689,59.56624,57.08575,0.72948,0.47567,3.38518,0.07039,0.04314,2.58026,0.07353,0.04507,3.85878,0.60167
2026020572,2026-12-19,CBJ,LAK,0.56571,0.44717,0.31429,0.11854,0.12000,0.23854,0.57409,0.55626,3.24512,2.66014,33.72373,32.03883,3.37005,2.75213,2.92915,2.74715,63.40123,60.23373,0.55992,0.55394,3.12658,0.07350,0.04505,2.54014,0.07440,0.04560,3.75537,0.47847
2026020573,2026-12-19,MIN,MTL,0.53598,0.41819,0.34523,0.11779,0.11879,0.23658,0.55348,0.53592,3.31548,2.99496,31.23429,27.96667,3.39352,2.92833,2.70923,2.68692,58.72107,52.57787,0.67470,0.68901,3.19769,0.07303,0.04476,2.87617,0.07365,0.04514,3.85149,0.62169
2026020574,2026-12-19,WPG,DAL,0.45521,0.33534,0.42580,0.11986,0.11899,0.23886,0.49027,0.48151,2.79657,3.24367,28.03155,27.84964,2.85329,2.98254,3.12504,2.95814,52.69941,52.35755,0.53489,0.69693,2.67671,0.07432,0.04555,3.12468,0.07378,0.04522,3.78398,0.51696
2026020575,2026-12-19,VAN,SJS,0.43021,0.30602,0.46422,0.12419,0.10557,0.22976,0.52691,0.48334,2.66996,3.68541,30.32720,32.54911,2.72983,3.34555,2.85193,3.00279,57.01599,61.19307,0.55357,0.69868,2.54577,0.07700,0.04719,3.57984,0.06545,0.04012,3.93200,0.63656
2026020576,2026-12-20,BOS,PHI,0.50894,0.37992,0.37854,0.12902,0.11252,0.24154,0.56226,0.54223,2.87905,3.11780,30.33368,32.43701,3.02984,3.09500,3.01452,3.52150,57.02796,60.98274,0.54092,0.75345,2.75003,0.07999,0.04903,3.00528,0.06976,0.04276,3.76149,0.63233
2026020577,2026-12-20,CHI,OTT,0.35946,0.25433,0.52487,0.10513,0.11567,0.22080,0.42634,0.38329,2.60799,3.74435,25.92641,31.78860,2.61656,3.32669,3.13887,2.67495,48.74239,59.76299,0.53412,0.63899,2.50286,0.06518,0.03995,3.62868,0.07171,0.04395,3.94708,0.34397
2026020578,2026-12-20,DET,TBL,0.46668,0.35294,0.40447,0.11374,0.12885,0.24259,0.47289,0.46598,2.92752,2.99019,29.54416,28.61221,2.92238,2.88896,3.20924,2.40433,55.54337,53.79132,0.65519,0.55430,2.81378,0.07052,0.04322,2.86134,0.07988,0.04896,3.73430,0.37227
2026020579,2026-12-20,BUF,LAK,0.61954,0.50363,0.27017,0.11591,0.11029,0.22620,0.62217,0.60893,3.62035,2.65037,30.97199,30.28076,3.39060,2.75448,3.19032,2.79514,58.22812,56.92854,0.74269,0.51572,3.50444,0.07186,0.04405,2.54008,0.06838,0.04191,3.89921,0.50924
2026020580,2026-12-20,WPG,DAL,0.43173,0.31273,0.45137,0.11900,0.11690,0.23590,0.49027,0.46215,2.68136,3.36248,28.69553,28.18438,2.85021,3.01430,3.13518,2.83338,53.94819,52.98731,0.51866,0.69677,2.56236,0.07378,0.04522,3.24558,0.07248,0.04442,3.80452,0.51696
2026020581,2026-12-20,NJD,NSH,0.55798,0.42923,0.33343,0.12875,0.10858,0.23733,0.56368,0.59410,3.20142,3.06481,31.77352,29.42126,3.27050,2.86996,2.58443,2.71938,59.73479,55.31237,0.53172,0.60057,3.07266,0.07983,0.04893,2.95623,0.06732,0.04126,3.83333,0.60517
2026020582,2026-12-20,NYI,NYR,0.51987,0.39917,0.35658,0.12070,0.12356,0.24426,0.54346,0.51961,2.97168,2.77201,32.90342,26.95475,3.05890,2.76303,3.13861,2.55814,61.85849,50.67503,0.52534,0.60698,2.85098,0.07483,0.04587,2.64845,0.07661,0.04695,3.68656,0.43358
2026020583,2026-12-20,EDM,ANA,0.57886,0.46601,0.30545,0.11285,0.11569,0.22854,0.59573,0.56180,3.70337,2.93708,28.90728,28.25312,3.59627,2.80844,2.55725,2.54296,54.34623,53.11623,0.82792,0.64664,3.59052,0.06997,0.04288,2.82139,0.07173,0.04396,3.97338,0.77481
2026020584,2026-12-20,COL,SEA,0.72862,0.62161,0.18373,0.10701,0.08765,0.19466,0.68339,0.72818,4.23241,2.44976,35.51260,26.08872,3.94013,2.51389,2.91282,2.78869,66.76398,49.04698,0.85457,0.48311,4.12539,0.06635,0.04066,2.36211,0.05434,0.03331,4.15774,0.73987
2026020585,2026-12-21,TOR,WSH,0.44038,0.32411,0.44230,0.11627,0.11732,0.23359,0.48828,0.46378,2.91902,3.47875,27.58243,33.23873,2.97421,3.25500,2.53383,3.15706,51.85517,62.48904,0.50629,0.71573,2.80275,0.07209,0.04418,3.36143,0.07274,0.04458,3.89071,0.53528
2026020586,2026-12-21,FLA,STL,0.61850,0.50819,0.26788,0.11031,0.11362,0.22394,0.55789,0.60738,3.73136,2.60217,34.61551,31.33343,3.63857,2.67375,3.26746,3.28059,65.07702,58.90681,0.86495,0.44620,3.62105,0.06839,0.04192,2.48855,0.07045,0.04318,3.94031,0.60075
2026020587,2026-12-21,PHI,CBJ,0.45077,0.32415,0.43428,0.12662,0.11495,0.24157,0.54473,0.48454,2.53102,3.19126,28.44868,35.25700,2.69592,3.21656,2.75715,3.27505,53.48432,66.28410,0.50484,0.62071,2.40440,0.07850,0.04812,3.07632,0.07127,0.04368,3.71137,0.43759
2026020588,2026-12-21,VAN,UTA,0.36863,0.26228,0.50959,0.10634,0.12178,0.22813,0.44810,0.37906,2.54275,3.48529,27.26345,30.87767,2.63762,3.34114,2.97383,2.60331,51.25561,58.05038,0.59473,0.62104,2.43640,0.06593,0.04041,3.36350,0.07551,0.04628,3.82988,0.48454
2026020589,2026-12-21,VGK,CAR,0.45821,0.34832,0.41360,0.10989,0.12820,0.23809,0.48830,0.44716,3.09259,3.16996,28.38297,32.21490,3.05696,3.10965,3.00631,2.99408,53.36032,60.56435,0.59097,0.61208,2.98270,0.06813,0.04176,3.04176,0.07948,0.04872,3.83160,0.39384
2026020590,2026-12-22,TBL,STL,0.66701,0.56635,0.22231,0.10066,0.11068,0.21134,0.60814,0.62579,3.89652,2.20725,35.48089,27.28065,3.74001,2.37716,3.40282,3.23887,66.70414,51.28750,0.83632,0.40598,3.79586,0.06241,0.03825,2.09657,0.06862,0.04206,3.99366,0.72601
2026020591,2026-12-22,NYI,BOS,0.52214,0.40574,0.35519,0.11640,0.12267,0.23907,0.52223,0.52095,3.20761,2.92176,33.01752,29.25633,3.21162,3.04180,3.27242,2.78208,62.07317,55.00190,0.57984,0.59203,3.09122,0.07217,0.04423,2.79908,0.07606,0.04662,3.80001,0.54178
2026020592,2026-12-22,NYR,NJD,0.48728,0.37065,0.38993,0.11663,0.12279,0.23942,0.55069,0.48167,3.04140,3.07737,28.30229,34.12340,2.86380,3.13976,2.71887,2.96023,53.20851,64.15215,0.56731,0.66014,2.92478,0.07231,0.04432,2.95458,0.07613,0.04666,3.79145,0.57683
2026020593,2026-12-22,PIT,BUF,0.48566,0.36545,0.40115,0.12021,0.11319,0.23340,0.50103,0.51837,3.18039,3.47803,28.17893,28.33127,3.10267,3.11252,2.90406,2.89936,52.97671,53.26318,0.57239,0.65556,3.06018,0.07453,0.04568,3.36484,0.07018,0.04301,3.94494,0.55590
2026020594,2026-12-22,CBJ,MTL,0.47821,0.35732,0.40316,0.12089,0.11863,0.23952,0.51855,0.49794,2.92320,3.19007,30.64869,28.22949,3.16337,3.04195,2.65109,2.85573,57.61979,53.07201,0.46388,0.76229,2.80232,0.07495,0.04594,3.07144,0.07355,0.04508,3.79505,0.52786
2026020595,2026-12-22,DET,TOR,0.59453,0.47898,0.28951,0.11555,0.11597,0.23151,0.57071,0.58661,3.48827,2.64858,33.61786,25.17018,3.47060,2.59120,2.93911,2.19767,63.20197,47.32026,0.70851,0.49533,3.37272,0.07164,0.04391,2.53262,0.07190,0.04407,3.84641,0.51277
2026020596,2026-12-22,NSH,WPG,0.53553,0.41527,0.34470,0.12026,0.11977,0.24003,0.53373,0.54320,3.14613,2.86434,28.47381,29.79195,2.99135,2.84138,2.70325,2.72031,53.53096,56.00914,0.61114,0.50896,3.02587,0.07456,0.04570,2.74458,0.07426,0.04551,3.76623,0.44648
2026020597,2026-12-22,DAL,CGY,0.67511,0.57054,0.21853,0.10457,0.10636,0.21093,0.63650,0.64302,3.86631,2.25256,31.35951,29.11469,3.65066,2.45405,3.18013,3.21428,58.95618,54.73553,0.70728,0.42841,3.76175,0.06483,0.03974,2.14620,0.06594,0.04042,3.97840,0.72755
2026020598,2026-12-22,MIN,LAK,0.58823,0.46790,0.29796,0.12032,0.11382,0.23414,0.60804,0.58403,3.36374,2.70593,32.23762,32.02489,3.37617,2.75258,2.84051,2.63757,60.60757,60.20758,0.71691,0.55048,3.24342,0.07460,0.04572,2.59211,0.07057,0.04325,3.80797,0.56975
2026020599,2026-12-22,SEA,SJS,0.49440,0.37171,0.39177,0.12269,0.11383,0.23652,0.57124,0.51169,3.06127,3.30319,33.17637,32.68759,3.04746,3.16363,3.11441,3.24225,62.37216,61.45316,0.56057,0.72355,2.93858,0.07607,0.04662,3.18936,0.07057,0.04325,3.86391,0.61090
2026020600,2026-12-22,ANA,VGK,0.45939,0.34874,0.41608,0.11065,0.12453,0.23518,0.47991,0.45866,3.17924,3.32711,28.75305,28.57016,3.11004,3.23608,3.02656,2.81426,54.05648,53.71248,0.64688,0.69575,3.06860,0.06860,0.04205,3.20258,0.07721,0.04732,3.89920,0.39037
2026020601,2026-12-26,FLA,TBL,0.52261,0.40488,0.35793,0.11774,0.11946,0.23720,0.49864,0.53653,3.26431,3.05512,30.39189,32.87322,3.22244,3.00778,3.26632,3.05801,57.13723,61.80208,0.74859,0.59268,3.14657,0.07300,0.04474,2.93566,0.07407,0.04539,3.84986,0.40844
2026020602,2026-12-26,BOS,NYI,0.53823,0.41555,0.34621,0.12268,0.11556,0.23824,0.57785,0.54709,3.19037,3.00051,29.18117,33.11659,3.31374,3.01463,2.73607,3.27460,54.86060,62.25948,0.59605,0.59217,3.06768,0.07606,0.04662,2.88495,0.07165,0.04391,3.81373,0.53802
2026020603,2026-12-26,BUF,NJD,0.53986,0.41756,0.34825,0.12230,0.11190,0.23419,0.61353,0.54604,3.34988,3.20390,28.17401,30.46241,3.07266,3.07739,2.82285,2.78762,52.96742,57.26957,0.54987,0.64819,3.22759,0.07582,0.04647,3.09200,0.06938,0.04252,3.91185,0.50568
2026020604,2026-12-26,MTL,TOR,0.62757,0.51448,0.26414,0.11308,0.10830,0.22138,0.61786,0.61715,3.82739,2.74931,31.67725,26.67979,3.70206,2.74972,3.01530,2.43977,59.55371,50.15824,0.78968,0.53032,3.71430,0.07011,0.04297,2.64101,0.06714,0.04115,3.99556,0.52485
2026020605,2026-12-26,WSH,CBJ,0.53256,0.40913,0.35216,0.12343,0.11528,0.23871,0.57398,0.54464,3.15228,3.03120,28.39925,32.58843,3.00902,3.15733,2.80700,2.82144,53.39084,61.26650,0.61832,0.52427,3.02885,0.07653,0.04690,2.91592,0.07148,0.04381,3.81021,0.57639
2026020606,2026-12-26,CAR,PIT,0.67793,0.56276,0.22595,0.11517,0.09612,0.21129,0.64667,0.68627,3.97659,2.68258,31.72294,24.65111,3.73379,2.64120,2.67425,2.75251,59.63971,46.34433,0.67491,0.49859,3.86142,0.07141,0.04376,2.58646,0.05960,0.03653,4.05034,0.66303
2026020607,2026-12-26,NSH,DET,0.52826,0.41262,0.35020,0.11563,0.12154,0.23718,0.53861,0.52314,3.30988,2.97342,28.72009,30.32851,3.15502,2.91386,2.61371,2.63660,53.99398,57.01791,0.66511,0.56318,3.19424,0.07169,0.04394,2.85188,0.07536,0.04619,3.84487,0.53880
2026020608,2026-12-26,MIN,WPG,0.60777,0.49140,0.27816,0.11637,0.11408,0.23045,0.59648,0.59721,3.47726,2.56918,30.60424,28.90473,3.34310,2.59555,2.77539,2.62789,57.53649,54.34122,0.70714,0.52637,3.36089,0.07215,0.04422,2.45510,0.07073,0.04335,3.82990,0.53824
2026020609,2026-12-26,CGY,VAN,0.57156,0.45203,0.30870,0.11952,0.11974,0.23926,0.60480,0.55586,3.20318,2.59064,31.03987,29.32802,3.21709,2.68636,2.63573,2.68138,58.35541,55.13724,0.49845,0.50246,3.08366,0.07411,0.04542,2.47090,0.07424,0.04550,3.72583,0.49333
2026020610,2026-12-26,LAK,UTA,0.50613,0.39765,0.36314,0.10848,0.13073,0.23921,0.52142,0.47531,3.30300,2.87704,31.44161,30.24626,3.18949,2.94192,2.97511,2.83946,59.11098,56.86372,0.68804,0.59999,3.19452,0.06726,0.04122,2.74632,0.08105,0.04968,3.82173,0.57913
2026020611,2026-12-26,SJS,VGK,0.40928,0.30790,0.45752,0.10137,0.13320,0.23458,0.43697,0.38859,3.05795,3.33781,31.02363,34.02846,3.01741,3.12625,3.54221,2.88479,58.32537,63.97434,0.61201,0.68327,2.95658,0.06285,0.03852,3.20461,0.08259,0.05062,3.87277,0.38780
2026020612,2026-12-27,CHI,PHI,0.43031,0.31185,0.45463,0.11847,0.11506,0.23353,0.45861,0.47088,2.73884,3.47023,26.16131,29.58452,2.65952,3.06387,2.90021,2.56732,49.18411,55.61979,0.54373,0.60162,2.62037,0.07345,0.04502,3.35517,0.07134,0.04372,3.85551,0.48328
2026020613,2026-12-27,CBJ,EDM,0.44755,0.32969,0.43152,0.11786,0.12093,0.23879,0.53485,0.45490,2.78317,3.22979,28.50662,31.72538,2.88871,3.04870,2.39262,2.45108,53.59282,59.64441,0.44640,0.80417,2.66531,0.07307,0.04479,3.10886,0.07498,0.04595,3.77612,0.41756
2026020614,2026-12-27,STL,NYR,0.51847,0.39752,0.36311,0.12095,0.11842,0.23937,0.56551,0.52296,3.11767,3.02345,30.78029,29.46335,3.05803,2.84553,3.27690,2.97289,57.86699,55.39142,0.55295,0.72119,2.99672,0.07499,0.04596,2.90504,0.07342,0.04500,3.79806,0.41074
2026020615,2026-12-27,MTL,DAL,0.45541,0.33466,0.43250,0.12075,0.11209,0.23284,0.53423,0.48461,2.94810,3.55339,25.31968,30.00939,2.98805,3.30719,2.93375,3.11248,47.60130,56.41802,0.59215,0.80780,2.82736,0.07486,0.04588,3.44130,0.06950,0.04259,3.92288,0.43273
2026020616,2026-12-27,NJD,BOS,0.56292,0.44092,0.32454,0.12200,0.11254,0.23455,0.52851,0.58768,3.38054,3.00189,33.40748,30.47146,3.43662,2.96022,2.98997,2.85542,62.80723,57.28718,0.68735,0.55786,3.25854,0.07564,0.04636,2.88935,0.06978,0.04277,3.87367,0.61137
2026020617,2026-12-27,NYI,OTT,0.39326,0.28245,0.48751,0.11081,0.11923,0.23004,0.50174,0.40183,2.63746,3.48497,28.02878,30.43529,2.70671,3.38572,2.99287,2.86097,52.69468,57.21878,0.46983,0.75289,2.52664,0.06870,0.04211,3.36574,0.07392,0.04531,3.84429,0.49322
2026020618,2026-12-27,ANA,COL,0.36446,0.26406,0.52169,0.10040,0.11384,0.21425,0.43075,0.37796,3.11662,4.19944,28.34941,30.59114,3.10053,3.75948,3.07361,3.00563,53.29722,57.51160,0.68135,0.88813,3.01622,0.06225,0.03815,4.08559,0.07058,0.04326,4.18260,0.26245
2026020619,2026-12-28,MIN,VGK,0.51142,0.39976,0.35937,0.11166,0.12922,0.24087,0.54600,0.48291,3.18858,2.80318,29.01265,31.00040,3.14600,2.81184,2.96242,2.65075,54.54423,58.28117,0.65179,0.59331,3.07692,0.06923,0.04243,2.67396,0.08011,0.04910,3.76644,0.61340
2026020620,2026-12-28,BUF,DET,0.59889,0.47716,0.29112,0.12173,0.10999,0.23172,0.61541,0.60270,3.45272,2.78965,28.22284,28.08954,3.20187,2.74379,2.75799,2.76309,53.05925,52.80844,0.63911,0.57865,3.33099,0.07547,0.04626,2.67965,0.06820,0.04180,3.85587,0.57147
2026020621,2026-12-28,FLA,NSH,0.61576,0.49951,0.27384,0.11624,0.11040,0.22665,0.58694,0.61500,3.62605,2.69491,30.74215,29.59289,3.48688,2.69145,2.77438,2.84017,57.79557,55.63484,0.68925,0.55537,3.50981,0.07207,0.04417,2.58450,0.06845,0.04195,3.90750,0.57475
2026020622,2026-12-28,WSH,EDM,0.53337,0.41731,0.34556,0.11606,0.12107,0.23713,0.55879,0.52407,3.31121,2.94465,27.58886,30.90684,3.04180,2.98008,2.71749,2.32483,51.86725,58.10534,0.66258,0.64263,3.19515,0.07196,0.04410,2.82358,0.07506,0.04601,3.83880,0.45523
2026020623,2026-12-28,CAR,TBL,0.58339,0.44513,0.31409,0.13826,0.10251,0.24078,0.59041,0.63821,3.05235,2.96002,31.76341,28.26514,3.13874,2.91097,3.12096,3.15899,59.71543,53.13843,0.57896,0.59748,2.91409,0.08572,0.05254,2.85750,0.06356,0.03896,3.76147,0.54106
2026020624,2026-12-28,WPG,SJS,0.55803,0.43162,0.32839,0.12641,0.11358,0.23999,0.61067,0.56715,3.11716,2.84753,30.28236,28.77145,3.04775,2.75762,2.89874,3.07568,56.93114,54.09046,0.60283,0.58281,2.99075,0.07837,0.04804,2.73395,0.07042,0.04316,3.75249,0.74756
2026020625,2026-12-28,VAN,LAK,0.38514,0.26899,0.50417,0.11615,0.11069,0.22684,0.47686,0.42838,2.43195,3.59901,28.47690,33.72505,2.58036,3.39032,2.63405,2.56235,53.53745,63.40399,0.50292,0.64444,2.31579,0.07201,0.04414,3.48832,0.06863,0.04206,3.86723,0.44500
2026020626,2026-12-29,MTL,CBJ,0.53318,0.40750,0.35303,0.12569,0.11379,0.23948,0.58145,0.55054,3.10832,3.04809,27.20751,31.92099,3.07257,3.13656,2.74236,2.79587,51.15042,60.01149,0.66976,0.54144,2.98264,0.07793,0.04776,2.93430,0.07055,0.04324,3.80188,0.55518
2026020627,2026-12-29,OTT,DAL,0.53814,0.41888,0.34372,0.11927,0.11813,0.23740,0.52964,0.54828,3.26288,2.96592,30.45741,27.42629,3.27368,2.85628,3.36294,3.26681,57.25985,51.56159,0.64745,0.67377,3.14362,0.07394,0.04532,2.84779,0.07324,0.04489,3.82796,0.46282
2026020628,2026-12-29,TBL,NSH,0.63175,0.51253,0.25922,0.11922,0.10903,0.22825,0.63604,0.62420,3.47181,2.49075,31.60937,27.77921,3.44233,2.58124,2.75692,3.03990,59.42617,52.22531,0.57158,0.57291,3.35260,0.07392,0.04530,2.38172,0.06760,0.04143,3.81594,0.70405
2026020629,2026-12-29,NYR,DET,0.57463,0.46341,0.30178,0.11122,0.12360,0.23481,0.55265,0.54923,3.40444,2.54445,27.90947,29.32992,3.13065,2.64237,2.65396,2.73574,52.47013,55.14052,0.73257,0.55158,3.29322,0.06896,0.04226,2.42085,0.07663,0.04697,3.79768,0.64057
2026020630,2026-12-29,PIT,CAR,0.42577,0.32381,0.44246,0.10196,0.13177,0.23373,0.44980,0.40393,3.21048,3.37014,28.43215,30.78081,3.11233,3.17403,3.17200,2.45017,53.45300,57.86876,0.60649,0.56554,3.10852,0.06321,0.03874,3.23837,0.08170,0.05007,3.91921,0.41589
2026020631,2026-12-29,CHI,VGK,0.37729,0.27677,0.49112,0.10052,0.13159,0.23211,0.41448,0.36592,2.79356,3.38092,27.59676,31.17731,2.79064,3.05664,3.33044,2.28265,51.88290,58.61395,0.59247,0.51885,2.69304,0.06232,0.03820,3.24932,0.08159,0.05001,3.83051,0.36564
2026020632,2026-12-29,CGY,SJS,0.53239,0.40923,0.34946,0.12316,0.11815,0.24131,0.58219,0.53639,3.05999,2.88461,34.55350,31.10523,3.09121,2.89784,3.33568,2.92737,64.96135,58.47870,0.59282,0.49025,2.93683,0.07636,0.04680,2.76647,0.07325,0.04490,3.74394,0.58852
2026020633,2026-12-29,COL,STL,0.66744,0.54889,0.23400,0.11855,0.09856,0.21711,0.63502,0.67919,3.80261,2.64385,34.27545,26.39560,3.63967,2.61456,3.13321,3.12832,64.43802,49.62370,0.78515,0.50919,3.68406,0.07350,0.04505,2.54529,0.06111,0.03745,3.97258,0.71437
2026020634,2026-12-29,UTA,NJD,0.50464,0.37573,0.38586,0.12892,0.10950,0.23841,0.56971,0.54230,2.94336,3.28338,28.72251,30.23616,2.97566,3.08937,2.72459,2.82685,53.99865,56.84424,0.49045,0.74774,2.81445,0.07993,0.04899,3.17389,0.06789,0.04161,3.83056,0.49515
2026020635,2026-12-29,SEA,PHI,0.47655,0.34859,0.41309,0.12797,0.11035,0.23832,0.50288,0.53055,2.79367,3.35014,30.46021,30.17917,2.81310,3.08533,3.06716,2.70389,57.26581,56.73750,0.52706,0.70983,2.66570,0.07934,0.04863,3.23979,0.06842,0.04193,3.82180,0.58041
2026020636,2026-12-29,ANA,TOR,0.56839,0.45177,0.31935,0.11662,0.11226,0.22888,0.55696,0.57663,3.65546,3.12364,35.11529,24.53312,3.63591,3.00214,3.23074,2.61880,66.01726,46.12257,0.76418,0.62927,3.53884,0.07231,0.04432,3.01138,0.06960,0.04266,3.98885,0.37730
2026020637,2026-12-30,NYI,WSH,0.49959,0.38201,0.37847,0.11758,0.12195,0.23953,0.50478,0.50866,3.10414,3.05816,32.81208,28.08764,3.17398,2.98338,3.05661,2.75032,61.68692,52.80486,0.53029,0.61687,2.98655,0.07290,0.04468,2.93622,0.07561,0.04634,3.80350,0.50033
2026020638,2026-12-30,FLA,BUF,0.54663,0.43647,0.33046,0.11016,0.12291,0.23307,0.50899,0.53476,3.56468,2.92282,30.09883,29.48769,3.38794,2.79583,3.05437,3.04215,56.58592,55.43721,0.77013,0.54894,3.45453,0.06830,0.04186,2.79991,0.07620,0.04671,3.92142,0.54451
2026020639,2026-12-30,BOS,EDM,0.48339,0.36209,0.40047,0.12129,0.11615,0.23744,0.54151,0.50224,3.00848,3.28392,28.04508,31.92543,3.02634,3.17902,2.65081,2.62513,52.72480,60.02034,0.58791,0.79487,2.88719,0.07520,0.04609,3.16777,0.07201,0.04414,3.84523,0.41265
2026020640,2026-12-30,VAN,SEA,0.49642,0.37844,0.37996,0.11799,0.12362,0.24160,0.50558,0.50295,3.01670,2.97933,29.83319,31.21618,2.99936,3.01667,2.71751,2.65586,56.08695,58.68701,0.65073,0.51424,2.89872,0.07315,0.04483,2.85571,0.07664,0.04697,3.75657,0.56347
2026020641,2026-12-30,LAK,TOR,0.61429,0.50589,0.26861,0.10840,0.11710,0.22550,0.56368,0.59085,3.64604,2.47260,35.67981,26.13849,3.59782,2.52327,2.98127,2.36167,67.07883,49.14091,0.69199,0.47948,3.53764,0.06721,0.04119,2.35550,0.07260,0.04450,3.89065,0.57283
2026020642,2026-12-31,OTT,PIT,0.60434,0.50073,0.27702,0.10361,0.11864,0.22225,0.57627,0.56645,3.89294,2.65707,29.72851,26.38596,3.56963,2.64350,2.84279,2.82135,55.89005,49.60596,0.72394,0.52783,3.78933,0.06424,0.03937,2.53843,0.07356,0.04508,4.01580,0.53866
2026020643,2026-12-31,DET,CAR,0.38234,0.28447,0.48135,0.09788,0.13631,0.23418,0.43224,0.35297,2.91263,3.31850,26.59002,31.85102,2.86752,3.17266,2.90907,2.56595,49.98941,59.88025,0.57157,0.63529,2.81475,0.06068,0.03719,3.18219,0.08451,0.05180,3.83332,0.37490
2026020644,2026-12-31,TBL,MTL,0.56958,0.44917,0.31533,0.12042,0.11508,0.23550,0.57830,0.57267,3.35406,2.84433,31.40729,26.80284,3.38106,2.82417,2.87943,3.16645,59.04576,50.38955,0.62791,0.67205,3.23364,0.07466,0.04576,2.72924,0.07135,0.04373,3.83139,0.69458
2026020645,2026-12-31,CBJ,WSH,0.56521,0.45542,0.30980,0.10979,0.12499,0.23478,0.52618,0.54227,3.45210,2.61781,33.93654,27.84657,3.55773,2.61202,3.01416,2.71523,63.80110,52.35193,0.58112,0.53060,3.34231,0.06807,0.04172,2.49282,0.07750,0.04750,3.82832,0.50514
2026020646,2026-12-31,VGK,STL,0.62396,0.50454,0.26839,0.11942,0.10765,0.22707,0.58793,0.63355,3.56088,2.66473,32.64348,28.53805,3.38445,2.61286,2.86072,3.26287,61.37003,53.65133,0.69685,0.47923,3.44146,0.07404,0.04538,2.55708,0.06674,0.04091,3.87685,0.58745
2026020647,2026-12-31,UTA,COL,0.41995,0.30709,0.46162,0.11286,0.11843,0.23129,0.46611,0.44157,2.85265,3.51648,26.92545,31.98889,2.96296,3.26420,3.03624,3.11539,50.62023,60.13946,0.58138,0.81329,2.73979,0.06997,0.04289,3.39805,0.07342,0.04500,3.89191,0.40530
2026020648,2026-12-31,CGY,WPG,0.45580,0.33389,0.42354,0.12191,0.12066,0.24257,0.52077,0.47523,2.65190,3.09250,29.72355,30.72965,2.74370,3.04399,2.95017,2.81115,55.88043,57.77210,0.47056,0.55218,2.52999,0.07558,0.04632,2.97183,0.07481,0.04585,3.69888,0.37100
2026020649,2026-12-31,DAL,NYR,0.58930,0.47019,0.29692,0.11912,0.11377,0.23289,0.61102,0.58212,3.42564,2.73305,30.87969,27.47449,3.29753,2.66887,3.26364,3.05270,58.05374,51.65205,0.72179,0.60410,3.30652,0.07385,0.04526,2.61928,0.07054,0.04323,3.83604,0.55647
2026020650,2027-01-01,NSH,FLA,0.44613,0.32958,0.43685,0.11655,0.11702,0.23356,0.51291,0.46375,2.95496,3.47266,29.61903,31.02093,2.89848,3.26919,2.84678,2.78460,55.68416,58.31982,0.56680,0.71130,2.83842,0.07226,0.04429,3.35564,0.07255,0.04447,3.89565,0.50505
2026020651,2027-01-01,CHI,BOS,0.42733,0.31383,0.45335,0.11350,0.11932,0.23282,0.44651,0.45309,2.87512,3.46655,28.34696,30.47149,2.91967,3.21811,3.30854,2.62363,53.29279,57.28681,0.61669,0.57353,2.76161,0.07037,0.04313,3.34724,0.07398,0.04534,3.87797,0.39171
2026020652,2027-01-01,ANA,NJD,0.45498,0.33553,0.43537,0.11945,0.10965,0.22910,0.53435,0.48626,3.10840,3.75864,29.95734,29.63442,3.03564,3.56328,2.80457,2.85382,56.32026,55.71320,0.56725,0.80182,2.98895,0.07406,0.04539,3.64899,0.06798,0.04167,4.02259,0.34722
2026020653,2027-01-01,SJS,PHI,0.48177,0.36491,0.39536,0.11687,0.12286,0.23973,0.48153,0.49498,3.02945,3.11786,32.03896,33.35310,2.96717,2.97954,3.31389,3.20512,60.23432,62.70484,0.57487,0.68100,2.91258,0.07246,0.04441,2.99500,0.07618,0.04669,3.79972,0.50988
2026020654,2027-01-01,PIT,MIN,0.42986,0.30366,0.46834,0.12620,0.10180,0.22800,0.51594,0.49759,2.64935,3.78778,28.20153,32.19395,2.74908,3.52548,2.48531,2.87296,53.01931,60.52540,0.46518,0.81964,2.52316,0.07824,0.04796,3.68598,0.06311,0.03868,3.97310,0.49004
2026020655,2027-01-02,DET,EDM,0.45316,0.33238,0.43033,0.12078,0.11651,0.23729,0.51779,0.47875,2.80054,3.33016,27.66542,30.30375,2.79149,3.08967,2.40236,2.24507,52.01113,56.97139,0.56014,0.77148,2.67975,0.07489,0.04590,3.21365,0.07223,0.04427,3.81538,0.42028
2026020656,2027-01-02,FLA,MTL,0.52594,0.40304,0.36042,0.12291,0.11363,0.23654,0.52720,0.55351,3.20350,3.16485,29.70880,28.86281,3.30170,3.02686,2.69122,2.98377,55.85281,54.26263,0.66114,0.69397,3.08060,0.07620,0.04671,3.05122,0.07045,0.04318,3.86051,0.56249
2026020657,2027-01-02,TBL,BUF,0.55211,0.43817,0.32572,0.11394,0.12217,0.23611,0.56042,0.53481,3.39058,2.79596,30.59351,27.99215,3.29440,2.73000,3.14544,3.35464,57.51580,52.62537,0.64761,0.59409,3.27664,0.07065,0.04330,2.67379,0.07575,0.04642,3.83537,0.67773
2026020658,2027-01-02,WSH,OTT,0.49318,0.37586,0.38658,0.11733,0.12023,0.23756,0.54719,0.49385,3.11985,3.15770,26.85996,31.19676,2.94633,3.16361,3.09028,2.96114,50.49695,58.65011,0.61727,0.65284,3.00253,0.07274,0.04458,3.03747,0.07454,0.04569,3.83566,0.53346
2026020659,2027-01-02,CAR,NSH,0.71611,0.60193,0.19388,0.11418,0.09002,0.20419,0.67314,0.72458,3.92489,2.38758,34.76686,24.16732,3.82414,2.45698,2.87954,2.66123,65.36225,45.43474,0.65953,0.47787,3.81071,0.07079,0.04339,2.29757,0.05581,0.03421,4.00817,0.70064
2026020660,2027-01-02,CBJ,BOS,0.59023,0.48169,0.28787,0.10854,0.12190,0.23044,0.54356,0.56403,3.56494,2.53064,34.48026,28.81742,3.60084,2.71683,3.32807,2.76889,64.82335,54.17713,0.65572,0.52001,3.45641,0.06729,0.04124,2.40874,0.07558,0.04632,3.86244,0.54811
2026020661,2027-01-02,MIN,STL,0.56716,0.44448,0.31712,0.12268,0.11573,0.23841,0.58381,0.57142,3.20669,2.75127,30.76683,30.56637,3.23568,2.76300,2.80541,3.19073,57.84207,57.46493,0.66687,0.55129,3.08400,0.07606,0.04662,2.63555,0.07175,0.04398,3.76032,0.65698
2026020662,2027-01-02,WPG,CGY,0.59618,0.47834,0.28441,0.11785,0.11940,0.23725,0.57928,0.58215,3.24323,2.39610,30.51348,29.21265,3.26397,2.50405,2.81745,2.86039,57.36559,54.91990,0.53511,0.44578,3.12538,0.07306,0.04478,2.27670,0.07403,0.04537,3.70678,0.70088
2026020663,2027-01-02,SJS,TOR,0.48364,0.36387,0.39952,0.11977,0.11684,0.23662,0.51393,0.50537,3.05333,3.28985,33.29270,31.06705,3.14774,3.04530,3.22236,2.92795,62.59106,58.40688,0.56622,0.70818,2.93356,0.07426,0.04551,3.17300,0.07244,0.04440,3.85774,0.37463
2026020664,2027-01-02,DAL,CHI,0.72845,0.63959,0.17634,0.08885,0.09522,0.18407,0.68622,0.67656,4.49961,2.18625,31.75266,24.55448,3.80561,2.36029,3.01340,3.03434,59.69577,46.16286,0.79359,0.45462,4.41075,0.05509,0.03376,2.09103,0.05903,0.03618,4.31123,0.78861
2026020665,2027-01-02,LAK,NJD,0.52483,0.41406,0.34899,0.11077,0.12618,0.23695,0.54113,0.50088,3.34358,2.86653,33.33141,32.66859,3.23185,2.97369,2.78676,2.62126,62.66442,61.41823,0.57336,0.58832,3.23282,0.06868,0.04209,2.74035,0.07823,0.04795,3.83339,0.53592
2026020666,2027-01-02,UTA,VAN,0.67947,0.56441,0.21956,0.11506,0.10097,0.21603,0.64824,0.67439,3.67567,2.32182,31.41015,26.40400,3.66167,2.42995,2.72000,2.82658,59.05149,49.63976,0.62993,0.56562,3.56062,0.07133,0.04372,2.22085,0.06260,0.03837,3.88827,0.59545
2026020667,2027-01-02,VGK,COL,0.47393,0.35850,0.40561,0.11543,0.12046,0.23589,0.50077,0.48416,3.13082,3.30674,28.07628,30.32404,3.05782,3.09991,2.82261,2.96993,52.78395,57.00963,0.63079,0.66916,3.01540,0.07156,0.04386,3.18628,0.07469,0.04578,3.88140,0.40420
2026020668,2027-01-02,SEA,NYI,0.45193,0.33159,0.43195,0.12035,0.11612,0.23646,0.51878,0.47722,2.82799,3.37086,29.77795,33.51737,3.00358,3.15966,2.81256,2.87175,55.98277,63.01294,0.51500,0.63344,2.70764,0.07461,0.04573,3.25475,0.07199,0.04412,3.83528,0.48690
2026020669,2027-01-03,PIT,EDM,0.49171,0.36518,0.39800,0.12653,0.11030,0.23683,0.53555,0.53292,2.98081,3.38521,27.63070,29.77634,2.93545,3.11413,2.49044,2.28028,51.94603,55.98020,0.55122,0.73026,2.85428,0.07845,0.04808,3.27491,0.06838,0.04191,3.87208,0.46358
2026020670,2027-01-03,NYR,CBJ,0.54141,0.42381,0.33372,0.11760,0.12487,0.24247,0.53568,0.53308,3.09104,2.62881,28.73709,32.30940,2.93988,2.86999,2.79723,2.87593,54.02619,60.74198,0.68389,0.46755,2.97344,0.07291,0.04469,2.50394,0.07742,0.04745,3.69279,0.64355
2026020671,2027-01-03,STL,CGY,0.61065,0.49556,0.27390,0.11509,0.11545,0.23055,0.59199,0.59574,3.41484,2.44180,30.89588,32.69414,3.29826,2.65429,3.02427,3.18804,58.08480,61.46563,0.49421,0.50856,3.29975,0.07136,0.04374,2.32635,0.07158,0.04387,3.78631,0.59108
2026020672,2027-01-03,ANA,PHI,0.51414,0.38691,0.37511,0.12723,0.11076,0.23798,0.52477,0.55690,3.05461,3.25563,29.77687,27.69342,3.06223,3.20523,3.06197,3.28551,55.98095,52.06428,0.63782,0.76573,2.92739,0.07888,0.04835,3.14488,0.06867,0.04209,3.84774,0.51187
2026020673,2027-01-03,SEA,VAN,0.58344,0.46588,0.29859,0.11756,0.11797,0.23553,0.59403,0.56972,3.35254,2.62285,31.73326,28.93595,3.40807,2.66715,2.70334,2.55126,59.65936,54.40028,0.54847,0.58437,3.23498,0.07289,0.04467,2.50487,0.07314,0.04483,3.78898,0.51621
2026020674,2027-01-04,BUF,WPG,0.60613,0.48008,0.28586,0.12605,0.10801,0.23407,0.61075,0.62184,3.33028,2.71970,28.36468,27.51396,3.10735,2.68344,2.89983,2.84633,53.32588,51.72637,0.60268,0.53387,3.20423,0.07815,0.04790,2.61169,0.06697,0.04105,3.79753,0.47630
2026020675,2027-01-04,MTL,CHI,0.66534,0.54984,0.23357,0.11550,0.10108,0.21658,0.67221,0.65677,3.80799,2.56604,28.96590,26.40984,3.55131,2.63604,2.62979,2.81687,54.45640,49.65068,0.65441,0.53812,3.69249,0.07161,0.04389,2.46495,0.06267,0.03841,3.96796,0.70463
2026020676,2027-01-04,WSH,TOR,0.62189,0.51016,0.26584,0.11173,0.11227,0.22400,0.61060,0.60224,3.72336,2.61574,32.89372,26.88995,3.52582,2.68757,3.16268,2.43756,61.84038,50.55324,0.71154,0.48104,3.61163,0.06927,0.04246,2.50346,0.06961,0.04266,3.93807,0.54711
2026020677,2027-01-04,DAL,DET,0.61024,0.49783,0.27584,0.11241,0.11392,0.22633,0.61337,0.58830,3.65389,2.63916,28.51408,27.79723,3.35364,2.68755,2.91163,2.92121,53.60675,52.25886,0.76222,0.56189,3.54149,0.06969,0.04271,2.52525,0.07063,0.04329,3.91209,0.65664
2026020678,2027-01-04,COL,VGK,0.58544,0.46531,0.30261,0.12012,0.11196,0.23208,0.59866,0.58786,3.47536,2.86796,30.12678,28.05415,3.32725,2.84747,2.96367,2.86868,56.63870,52.74219,0.65025,0.63214,3.35524,0.07448,0.04565,2.75601,0.06941,0.04254,3.87863,0.67331
2026020679,2027-01-04,LAK,PHI,0.56757,0.45104,0.31045,0.11653,0.12198,0.23851,0.53157,0.56174,3.26150,2.59216,36.85141,30.91706,3.32665,2.73066,3.28683,2.86188,69.28272,58.12574,0.66843,0.54977,3.14497,0.07225,0.04428,2.47018,0.07563,0.04635,3.74862,0.69045
2026020680,2027-01-04,SJS,NJD,0.42671,0.31720,0.44966,0.10952,0.12363,0.23314,0.49114,0.42467,2.99551,3.44245,30.42056,36.00005,2.92328,3.29644,3.10280,3.00682,57.19130,67.68095,0.51473,0.73572,2.88599,0.06790,0.04162,3.31883,0.07665,0.04698,3.89308,0.34452
2026020681,2027-01-05,CAR,STL,0.68535,0.55829,0.22240,0.12706,0.09225,0.21932,0.64650,0.71814,3.63137,2.59023,36.91195,26.61589,3.65191,2.63251,3.19061,3.34202,69.39433,50.03760,0.71230,0.47078,3.50430,0.07878,0.04828,2.49798,0.05720,0.03506,3.89354,0.72229
2026020682,2027-01-05,CBJ,NYR,0.55996,0.44046,0.31897,0.11950,0.12107,0.24057,0.56463,0.55313,3.15895,2.62565,33.96722,27.57192,3.32316,2.59002,3.10710,2.68287,63.85835,51.83534,0.54876,0.60167,3.03945,0.07409,0.04541,2.50458,0.07506,0.04600,3.71654,0.43586
2026020683,2027-01-05,BOS,BUF,0.52113,0.41666,0.34958,0.10447,0.12929,0.23376,0.50702,0.48766,3.56943,2.93601,31.75322,29.10270,3.46648,2.89560,3.36698,3.06286,59.69621,54.71352,0.72670,0.58076,3.46496,0.06477,0.03970,2.80672,0.08016,0.04913,3.92629,0.50191
2026020684,2027-01-05,NSH,EDM,0.46075,0.34110,0.42264,0.11965,0.11661,0.23625,0.50611,0.48624,2.92454,3.36819,27.30933,32.13896,2.84967,3.16746,2.48619,2.41538,51.34166,60.42180,0.59165,0.70334,2.80489,0.07418,0.04547,3.25158,0.07230,0.04431,3.85399,0.41912
2026020685,2027-01-05,CGY,FLA,0.36274,0.25284,0.52644,0.10990,0.11082,0.22072,0.49991,0.38782,2.47931,3.75102,31.40856,32.23363,2.62651,3.47683,3.04473,2.78803,59.04851,60.59982,0.41669,0.73971,2.36941,0.06814,0.04176,3.64020,0.06871,0.04211,3.93883,0.42555
2026020686,2027-01-05,UTA,OTT,0.46837,0.33946,0.42386,0.12891,0.10777,0.23668,0.52780,0.52353,2.74472,3.44080,27.47425,29.26488,2.85949,3.16851,3.07530,3.07723,51.65201,55.01829,0.54842,0.80268,2.61582,0.07992,0.04898,3.33303,0.06682,0.04095,3.84650,0.51873
2026020687,2027-01-05,VAN,NYI,0.38109,0.26447,0.50993,0.11662,0.10898,0.22560,0.47402,0.42989,2.39423,3.63548,26.48573,34.01617,2.60512,3.38848,2.45976,2.79711,49.79345,63.95072,0.47007,0.60467,2.27761,0.07230,0.04432,3.52650,0.06757,0.04141,3.88023,0.51018
2026020688,2027-01-05,SEA,TBL,0.36481,0.25919,0.51723,0.10562,0.11795,0.22357,0.43730,0.38278,2.63869,3.68490,30.10515,32.15252,2.75199,3.34176,3.48079,2.68858,56.59803,60.44692,0.53902,0.73445,2.53307,0.06548,0.04013,3.56694,0.07313,0.04482,3.92521,0.31860
2026020689,2027-01-05,ANA,MIN,0.44341,0.32334,0.44769,0.12007,0.10890,0.22897,0.48415,0.49139,2.96006,3.73926,30.87268,28.75536,2.99754,3.52104,2.84112,2.86699,58.04094,54.06058,0.62313,0.83525,2.83999,0.07444,0.04562,3.63035,0.06752,0.04138,3.99205,0.32053
2026020690,2027-01-06,MTL,BOS,0.59760,0.48702,0.28703,0.11058,0.11537,0.22595,0.57492,0.58067,3.74064,2.76629,29.22190,29.18009,3.56279,2.92882,3.18401,2.78636,54.93782,54.85886,0.84380,0.55138,3.63006,0.06856,0.04202,2.65092,0.07153,0.04384,3.96351,0.56131
2026020691,2027-01-06,COL,OTT,0.61126,0.48942,0.28268,0.12184,0.10606,0.22790,0.61030,0.62410,3.60427,2.89150,31.17045,26.34036,3.36089,2.85076,3.06888,2.80496,58.60105,49.52030,0.72797,0.61523,3.48242,0.07554,0.04630,2.78544,0.06575,0.04030,3.92876,0.65311
2026020692,2027-01-06,LAK,WSH,0.49345,0.37551,0.38867,0.11793,0.11788,0.23581,0.50193,0.51243,3.11630,3.20759,33.37605,29.12825,3.23554,2.93927,2.91260,2.72849,62.74779,54.76183,0.59376,0.64135,2.99837,0.07312,0.04481,3.08971,0.07309,0.04479,3.84929,0.56529
2026020693,2027-01-06,SJS,DAL,0.41142,0.30285,0.46770,0.10858,0.12087,0.22945,0.42860,0.42936,2.97688,3.60331,33.34849,32.83659,3.06896,3.23458,3.98141,3.24484,62.69571,61.73340,0.61955,0.77956,2.86831,0.06732,0.04126,3.48244,0.07494,0.04593,3.94450,0.29334
2026020694,2027-01-07,DET,UTA,0.50277,0.38744,0.36990,0.11533,0.12734,0.24267,0.52856,0.49034,3.05525,2.84956,28.35072,28.34811,2.99403,2.88944,2.91172,2.63657,53.29953,53.29471,0.68679,0.57197,2.93992,0.07150,0.04382,2.72222,0.07895,0.04839,3.73354,0.52171
2026020695,2027-01-07,NJD,CBJ,0.54433,0.41672,0.34209,0.12761,0.11358,0.24119,0.53518,0.57674,3.04661,2.92236,30.98958,30.54476,3.09681,2.88825,2.56743,2.61816,58.26071,57.42436,0.59205,0.44799,2.91899,0.07912,0.04849,2.80878,0.07042,0.04316,3.74972,0.60674
2026020696,2027-01-07,NYR,CHI,0.62603,0.50922,0.26345,0.11681,0.11052,0.22734,0.63005,0.61350,3.53508,2.53064,29.57765,27.75019,3.22282,2.58113,2.62369,3.04625,55.60646,52.17070,0.61776,0.55298,3.41826,0.07242,0.04439,2.42011,0.06852,0.04200,3.84817,0.77509
2026020697,2027-01-07,PHI,TOR,0.57811,0.46147,0.30206,0.11663,0.11983,0.23647,0.58204,0.56257,3.30946,2.58157,32.54495,25.10126,3.33974,2.50249,3.19281,2.43810,61.18488,47.19058,0.67547,0.48362,3.19282,0.07231,0.04432,2.46174,0.07430,0.04554,3.76525,0.40697
2026020698,2027-01-07,CAR,PIT,0.65694,0.54024,0.24288,0.11670,0.10018,0.21688,0.64667,0.66065,3.88170,2.74576,32.26449,25.63057,3.67063,2.71908,2.71544,2.88305,60.65791,48.18568,0.66322,0.52358,3.76500,0.07235,0.04434,2.64557,0.06211,0.03807,4.01641,0.66303
2026020699,2027-01-07,WPG,NSH,0.52802,0.40542,0.35425,0.12260,0.11773,0.24033,0.56656,0.53628,3.08285,2.94400,29.43854,28.67034,3.05173,2.81702,2.68389,2.72755,55.34473,53.90047,0.50444,0.61817,2.96025,0.07601,0.04659,2.82627,0.07299,0.04474,3.76660,0.63069
2026020700,2027-01-07,CGY,NYI,0.43626,0.31160,0.44951,0.12466,0.11423,0.23889,0.52997,0.47286,2.49436,3.26622,28.91316,34.40385,2.75785,3.21236,2.70833,3.16562,54.35677,64.67955,0.42459,0.55506,2.36970,0.07729,0.04737,3.15199,0.07082,0.04341,3.73465,0.46441
2026020701,2027-01-07,EDM,FLA,0.52122,0.40505,0.35667,0.11617,0.12211,0.23828,0.55692,0.51164,3.26654,2.99366,31.40462,27.75171,3.11515,2.89515,2.46756,2.46508,59.04138,52.17353,0.67199,0.68290,3.15038,0.07202,0.04414,2.87155,0.07571,0.04640,3.83565,0.62348
2026020702,2027-01-07,VAN,TBL,0.31194,0.21046,0.58140,0.10148,0.10666,0.20814,0.39382,0.35636,2.22713,3.88554,26.89561,32.82767,2.40287,3.55176,3.06551,2.61662,50.56402,61.71616,0.49177,0.67895,2.12565,0.06292,0.03856,3.77888,0.06613,0.04053,3.98903,0.33734
2026020703,2027-01-07,VGK,MIN,0.55730,0.42628,0.33374,0.13101,0.10897,0.23998,0.55439,0.59879,3.06909,2.97300,30.58071,28.60469,2.99825,2.90271,2.53530,2.86101,57.49212,53.77742,0.58455,0.64084,2.93807,0.08123,0.04979,2.86404,0.06756,0.04141,3.77016,0.46585
2026020704,2027-01-08,CBJ,BUF,0.46629,0.35101,0.40928,0.11528,0.12444,0.23971,0.50032,0.46937,2.95278,3.12456,29.90420,29.37041,3.07979,2.90914,2.85475,2.99855,56.22031,55.21680,0.46949,0.66256,2.83751,0.07147,0.04381,3.00013,0.07715,0.04729,3.78174,0.50905
2026020705,2027-01-08,STL,OTT,0.44934,0.32926,0.43403,0.12009,0.11662,0.23671,0.52404,0.47192,2.80202,3.35226,28.14244,32.46364,2.78545,3.25689,3.29417,3.23998,52.90760,61.03178,0.49163,0.75911,2.68193,0.07445,0.04563,3.23564,0.07231,0.04432,3.82351,0.46984
2026020706,2027-01-08,COL,SEA,0.72290,0.61493,0.18774,0.10797,0.08937,0.19733,0.68339,0.72042,4.16368,2.43020,35.22070,26.40303,3.90892,2.53238,2.86084,2.86650,66.21524,49.63796,0.82806,0.48981,4.05571,0.06694,0.04103,2.34084,0.05541,0.03396,4.12437,0.73987
2026020707,2027-01-08,ANA,DAL,0.44964,0.32910,0.44103,0.12054,0.10933,0.22987,0.47141,0.50076,2.99732,3.71608,29.45899,27.25734,3.08077,3.45764,3.33670,3.32599,55.38305,51.24408,0.63170,0.86905,2.87678,0.07473,0.04580,3.60674,0.06779,0.04155,3.98939,0.29616
2026020708,2027-01-08,SJS,WSH,0.43938,0.32751,0.43892,0.11187,0.12170,0.23358,0.45199,0.45519,2.99348,3.40129,31.94470,32.16902,3.11029,3.10339,3.37236,3.15352,60.05636,60.47823,0.58701,0.70754,2.88161,0.06936,0.04251,3.27959,0.07545,0.04625,3.87942,0.37355
2026020709,2027-01-09,NJD,CHI,0.67728,0.56648,0.22216,0.11081,0.10056,0.21136,0.62958,0.67187,3.92343,2.48594,32.77788,26.11306,3.62938,2.45015,2.42907,2.74482,61.62299,49.09304,0.60239,0.46738,3.81263,0.06870,0.04211,2.38538,0.06235,0.03821,4.01412,0.74469
2026020710,2027-01-09,CGY,TBL,0.35988,0.25048,0.52381,0.10940,0.11631,0.22571,0.44837,0.38784,2.34579,3.50581,30.17309,33.77363,2.57587,3.42355,3.44988,3.04898,56.72547,63.49454,0.45399,0.63633,2.23639,0.06783,0.04157,3.38950,0.07211,0.04420,3.81533,0.29734
2026020711,2027-01-09,EDM,NYI,0.58578,0.46391,0.29927,0.12187,0.11495,0.23682,0.58638,0.58796,3.27361,2.65439,29.71814,29.31225,3.27542,2.65512,2.24027,2.66444,55.87036,55.10721,0.69380,0.50708,3.15174,0.07556,0.04631,2.53944,0.07127,0.04368,3.76440,0.66166
2026020712,2027-01-09,BUF,CAR,0.41063,0.30193,0.46753,0.10870,0.12184,0.23054,0.49898,0.40890,2.92605,3.53946,25.39925,34.69280,2.87834,3.40336,3.07225,3.21765,47.75087,65.22292,0.52120,0.73880,2.81735,0.06739,0.04130,3.41762,0.07554,0.04630,3.91283,0.40301
2026020713,2027-01-09,TOR,PHI,0.48085,0.35823,0.40039,0.12262,0.11876,0.24138,0.51794,0.50363,2.85151,3.11888,26.78104,32.62944,2.77310,3.06115,2.62862,3.08733,50.34866,61.34386,0.51832,0.66081,2.72889,0.07602,0.04659,3.00012,0.07363,0.04513,3.75472,0.67145
2026020714,2027-01-09,MTL,PIT,0.58009,0.47232,0.30142,0.10777,0.11848,0.22626,0.58076,0.55141,3.81341,2.88063,27.17280,28.68837,3.50368,2.92113,2.71424,2.65921,51.08533,53.93445,0.74649,0.55026,3.70564,0.06682,0.04095,2.76215,0.07346,0.04502,4.00730,0.50862
2026020715,2027-01-09,DET,BOS,0.50230,0.38172,0.38058,0.12057,0.11713,0.23770,0.52654,0.52034,3.11208,3.18180,30.27919,28.93514,3.11733,3.06568,2.92135,2.69558,56.92517,54.39823,0.64711,0.64802,2.99151,0.07476,0.04582,3.06468,0.07262,0.04451,3.84039,0.54943
2026020716,2027-01-09,WPG,UTA,0.48209,0.36886,0.38789,0.11322,0.13003,0.24325,0.53345,0.46092,2.99782,2.89484,28.30547,28.21501,2.96542,2.83210,3.07080,2.68003,53.21449,53.04447,0.64980,0.55707,2.88459,0.07020,0.04302,2.76481,0.08062,0.04941,3.72769,0.61083
2026020717,2027-01-09,MIN,NSH,0.60045,0.48270,0.28535,0.11776,0.11420,0.23195,0.61234,0.58870,3.45137,2.63099,32.24833,28.81339,3.44755,2.62197,2.79388,2.60133,60.62723,54.16927,0.62884,0.56647,3.33362,0.07301,0.04475,2.51680,0.07080,0.04339,3.82877,0.63271
2026020718,2027-01-09,LAK,DAL,0.50307,0.38917,0.37195,0.11390,0.12498,0.23888,0.47821,0.50567,3.17889,2.98240,36.51101,29.88532,3.34512,2.94747,3.60590,2.86291,68.64200,56.18558,0.65581,0.62109,3.06499,0.07062,0.04328,2.85742,0.07749,0.04749,3.80604,0.48464
2026020719,2027-01-09,VAN,FLA,0.32083,0.21714,0.57738,0.10369,0.10179,0.20548,0.44414,0.36531,2.35174,4.09839,29.13461,32.66380,2.50285,3.67667,2.78316,2.62398,54.77393,61.40864,0.45826,0.83583,2.24805,0.06429,0.03940,3.99660,0.06311,0.03868,4.09768,0.47025
2026020720,2027-01-09,VGK,SEA,0.70743,0.60248,0.19580,0.10495,0.09677,0.20172,0.63899,0.69460,4.00798,2.25394,33.62604,26.76601,3.72479,2.40087,2.80889,2.81618,63.21762,50.32054,0.82600,0.41477,3.90303,0.06507,0.03988,2.15717,0.06000,0.03677,4.04764,0.61659
2026020721,2027-01-09,SJS,NYR,0.42988,0.31172,0.45752,0.11816,0.11260,0.23077,0.49064,0.46608,2.79668,3.57821,32.19627,31.72724,2.93305,3.10249,3.43343,3.04337,60.53016,59.64827,0.58229,0.84834,2.67852,0.07326,0.04490,3.46561,0.06981,0.04279,3.90627,0.30908
2026020722,2027-01-10,PHI,CHI,0.63967,0.53109,0.24776,0.10858,0.11257,0.22115,0.63850,0.60422,3.70847,2.38387,30.64998,26.96203,3.33264,2.47137,2.63345,3.01317,57.62334,50.68988,0.60055,0.52490,3.59989,0.06732,0.04126,2.27130,0.06979,0.04278,3.91020,0.59580
2026020723,2027-01-10,COL,NSH,0.70707,0.60232,0.19840,0.10475,0.09453,0.19928,0.66207,0.69444,4.19537,2.44554,34.81453,24.65742,3.92425,2.48601,2.96362,2.52073,65.45186,46.35623,0.74136,0.51187,4.09062,0.06494,0.03980,2.35101,0.05861,0.03592,4.14109,0.69201
2026020724,2027-01-10,ANA,WSH,0.47194,0.35007,0.41827,0.12187,0.10980,0.23167,0.49511,0.51722,3.11220,3.63790,30.91447,27.39764,3.21992,3.38153,2.94673,3.23352,58.11958,51.50789,0.62271,0.80692,2.99034,0.07556,0.04631,3.52810,0.06807,0.04172,3.98231,0.37617
2026020725,2027-01-11,TOR,WPG,0.49574,0.37445,0.38444,0.12128,0.11982,0.24110,0.52462,0.51091,2.96495,3.05727,26.08195,32.84857,2.83923,3.05776,2.45581,3.00231,49.03425,61.75555,0.52290,0.61877,2.84366,0.07520,0.04609,2.93745,0.07429,0.04553,3.76466,0.47399
2026020726,2027-01-11,EDM,TBL,0.50048,0.38389,0.37482,0.11659,0.12470,0.24130,0.50544,0.50195,3.07773,2.95843,30.49681,29.65596,3.04516,2.90581,2.84798,2.64533,57.33431,55.75323,0.72328,0.60716,2.96114,0.07229,0.04431,2.83373,0.07732,0.04739,3.76883,0.49218
2026020727,2027-01-11,LAK,NYR,0.52559,0.40397,0.35363,0.12163,0.12077,0.24240,0.54063,0.53305,3.02883,2.84101,34.12178,28.33402,3.14388,2.75701,3.08528,2.70442,64.14956,53.26851,0.60426,0.64276,2.90720,0.07541,0.04622,2.72024,0.07488,0.04589,3.72284,0.50023
2026020728,2027-01-12,BOS,CAR,0.40324,0.30704,0.45689,0.09621,0.13986,0.23607,0.45574,0.35670,3.14580,3.26205,28.23222,34.32534,3.14181,3.29476,3.26128,3.07109,53.07658,64.53209,0.60254,0.66337,3.04960,0.05965,0.03656,3.12219,0.08672,0.05315,3.87168,0.36816
2026020729,2027-01-12,BUF,NJD,0.53995,0.41720,0.34775,0.12275,0.11230,0.23505,0.61353,0.54604,3.31325,3.16771,28.29573,30.69063,3.06449,3.06351,2.84062,2.80520,53.19626,57.69859,0.54402,0.64222,3.19050,0.07610,0.04664,3.05541,0.06963,0.04267,3.89224,0.50568
2026020730,2027-01-12,PIT,COL,0.40580,0.29528,0.47957,0.11053,0.11462,0.22515,0.46217,0.43065,2.96408,3.80624,26.46318,31.53215,2.93483,3.41561,2.80421,2.70490,49.75122,59.28092,0.55802,0.72147,2.85355,0.06853,0.04200,3.69162,0.07107,0.04356,4.01638,0.42695
2026020731,2027-01-12,WSH,VGK,0.48075,0.36889,0.38899,0.11186,0.13026,0.24212,0.53510,0.45600,3.05294,2.93207,26.28767,30.62204,2.93227,2.99783,2.98151,2.66405,49.42089,57.56974,0.56726,0.57882,2.94108,0.06935,0.04251,2.80181,0.08076,0.04950,3.75446,0.55543
2026020732,2027-01-12,CHI,UTA,0.40269,0.29869,0.46449,0.10400,0.13281,0.23682,0.44852,0.38612,2.83628,3.23283,26.58220,30.28533,2.79886,3.10634,3.28137,2.61734,49.97492,56.93694,0.65088,0.53302,2.73227,0.06448,0.03952,3.10002,0.08234,0.05047,3.78797,0.36593
2026020733,2027-01-12,NSH,PHI,0.52030,0.39733,0.35981,0.12297,0.11989,0.24286,0.52707,0.53597,2.99095,2.89178,28.72249,29.45149,2.93245,2.83760,2.88484,2.84613,53.99849,55.36929,0.59994,0.55056,2.86798,0.07624,0.04673,2.77189,0.07433,0.04556,3.72465,0.63931
2026020734,2027-01-12,DAL,OTT,0.51439,0.39535,0.36618,0.11904,0.11943,0.23848,0.57059,0.51236,3.17062,3.06015,27.08831,29.37375,3.07154,3.02980,3.29409,3.24021,50.92628,55.22270,0.68581,0.64675,3.05158,0.07381,0.04524,2.94071,0.07405,0.04539,3.82324,0.61728
2026020735,2027-01-12,CGY,CBJ,0.39108,0.27312,0.49809,0.11796,0.11083,0.22879,0.50858,0.42956,2.40822,3.54207,30.22499,33.79720,2.61573,3.45662,2.89660,2.79754,56.82332,63.53922,0.44305,0.54172,2.29026,0.07314,0.04482,3.43125,0.06871,0.04211,3.83962,0.45746
2026020736,2027-01-12,SEA,FLA,0.37824,0.26842,0.50945,0.10982,0.11231,0.22213,0.48870,0.40128,2.69030,3.80673,31.67339,32.74494,2.80710,3.52505,3.03284,2.85482,59.54658,61.56095,0.46034,0.91122,2.58048,0.06809,0.04173,3.69441,0.06963,0.04268,3.98265,0.44792
2026020737,2027-01-12,ANA,NYR,0.54450,0.42855,0.33765,0.11595,0.11785,0.23381,0.53385,0.54747,3.44962,3.02801,32.45755,25.04921,3.35417,2.94716,3.25354,2.75613,61.02067,47.09305,0.77410,0.67999,3.33367,0.07189,0.04406,2.91016,0.07307,0.04478,3.90218,0.31187
2026020738,2027-01-13,MTL,NJD,0.57011,0.45811,0.31222,0.11200,0.11767,0.22967,0.59610,0.54766,3.65593,2.92291,28.07746,30.84583,3.35821,3.02812,2.78272,2.53487,52.78623,57.99063,0.69955,0.58355,3.54393,0.06944,0.04256,2.80524,0.07295,0.04471,3.95405,0.48737
2026020739,2027-01-13,NYI,PIT,0.57148,0.47111,0.29950,0.10036,0.12903,0.22939,0.52821,0.52031,3.72792,2.56882,32.28936,26.49211,3.47430,2.71022,2.98211,2.34774,60.70462,49.80564,0.62352,0.46104,3.62755,0.06223,0.03814,2.43979,0.08000,0.04903,3.93786,0.49016
2026020740,2027-01-13,UTA,DET,0.52006,0.38875,0.37095,0.13130,0.10899,0.24029,0.57165,0.56126,2.93940,3.18540,27.21184,29.52404,2.98160,2.99644,2.39680,3.00370,51.15874,55.50564,0.51165,0.80328,2.80810,0.08141,0.04989,3.07641,0.06758,0.04142,3.79799,0.55936
2026020741,2027-01-13,EDM,SJS,0.62387,0.50747,0.26672,0.11641,0.10940,0.22581,0.63664,0.61173,3.63924,2.65525,33.39587,27.48047,3.42079,2.65037,2.62266,2.77192,62.78487,51.66354,0.82438,0.55967,3.52284,0.07217,0.04423,2.54585,0.06783,0.04157,3.90731,0.77754
2026020742,2027-01-13,LAK,STL,0.51620,0.40039,0.36110,0.11581,0.12271,0.23852,0.52518,0.51364,3.20431,2.96252,35.75690,30.83683,3.26555,2.85270,3.19386,2.99354,67.22397,57.97374,0.66159,0.53191,3.08850,0.07180,0.04401,2.83982,0.07608,0.04663,3.80893,0.62370
2026020743,2027-01-14,BOS,DAL,0.47639,0.35968,0.40263,0.11671,0.12099,0.23769,0.50917,0.48595,3.05275,3.22077,30.67544,29.99719,3.17008,3.15934,3.41980,3.33080,57.66950,56.39484,0.59480,0.73281,2.93605,0.07236,0.04435,3.09978,0.07501,0.04597,3.83638,0.41429
2026020744,2027-01-14,BUF,COL,0.44996,0.33702,0.43017,0.11295,0.11987,0.23281,0.51144,0.45490,3.12297,3.48953,26.74213,31.30584,3.00578,3.24255,3.17373,2.94446,50.27552,58.85542,0.62750,0.69473,3.01003,0.07003,0.04292,3.36967,0.07432,0.04555,3.93550,0.41375
2026020745,2027-01-14,TOR,CHI,0.57657,0.45271,0.31222,0.12385,0.11121,0.23506,0.60807,0.58518,3.32596,2.88321,27.40000,30.56688,3.11757,2.89896,2.32125,3.15916,51.51241,57.46611,0.49645,0.61787,3.20211,0.07679,0.04706,2.77200,0.06895,0.04226,3.82977,0.72126
2026020746,2027-01-14,OTT,WPG,0.61773,0.50162,0.26940,0.11610,0.11288,0.22898,0.58882,0.61025,3.49584,2.51635,30.03663,26.00116,3.32482,2.50825,2.88951,2.82194,56.46916,48.88244,0.68059,0.51666,3.37973,0.07199,0.04412,2.40347,0.06998,0.04289,3.83011,0.48740
2026020747,2027-01-14,TBL,VGK,0.54600,0.42889,0.33057,0.11711,0.12343,0.24054,0.57091,0.52978,3.18007,2.68884,28.72808,28.95344,3.12114,2.67669,3.01672,2.87217,54.00898,54.43269,0.59253,0.55616,3.06297,0.07261,0.04450,2.56541,0.07653,0.04690,3.73783,0.68550
2026020748,2027-01-14,WSH,CAR,0.42763,0.32971,0.43201,0.09792,0.14036,0.23828,0.47311,0.37700,3.20392,3.11849,26.17363,33.79236,3.00953,3.20821,3.16659,2.83059,49.20651,63.52982,0.60516,0.59154,3.10600,0.06071,0.03721,2.97813,0.08702,0.05334,3.84856,0.40924
2026020749,2027-01-14,NSH,MTL,0.50036,0.39015,0.37351,0.11021,0.12613,0.23634,0.48977,0.49054,3.36436,3.09541,30.64070,27.99906,3.29186,3.01703,2.86884,2.65932,57.60473,52.63873,0.68901,0.59359,3.25415,0.06833,0.04188,2.96928,0.07820,0.04793,3.89030,0.52732
2026020750,2027-01-14,CGY,SJS,0.53162,0.41068,0.34788,0.12094,0.12049,0.24143,0.58219,0.52672,3.08262,2.83500,35.13217,31.30453,3.12252,2.91807,3.44063,3.05813,66.04932,58.85334,0.61027,0.50085,2.96168,0.07498,0.04596,2.71451,0.07471,0.04579,3.73846,0.58852
2026020751,2027-01-14,MIN,FLA,0.53274,0.41190,0.35121,0.12084,0.11604,0.23688,0.57623,0.53820,3.22589,3.03916,31.81896,30.42309,3.21637,2.99429,2.91115,2.71513,59.82014,57.19569,0.64277,0.71183,3.10505,0.07492,0.04592,2.92312,0.07195,0.04410,3.83441,0.59730
2026020752,2027-01-14,VAN,SEA,0.48227,0.35678,0.40333,0.12549,0.11439,0.23989,0.50558,0.52236,2.84096,3.22742,29.25886,31.68178,2.88752,3.15096,2.64864,2.70081,55.00705,59.56225,0.59987,0.56184,2.71547,0.07780,0.04769,3.11303,0.07092,0.04347,3.78853,0.56347
2026020753,2027-01-14,ANA,STL,0.55998,0.44742,0.32104,0.11256,0.11898,0.23154,0.51838,0.55705,3.58181,2.93226,33.63960,26.17014,3.52897,2.94879,3.44570,3.12548,63.24293,49.20015,0.85132,0.54679,3.46925,0.06978,0.04277,2.81327,0.07377,0.04521,3.92896,0.43987
2026020754,2027-01-15,NYI,DAL,0.49309,0.38144,0.37732,0.11165,0.12959,0.24123,0.48106,0.48249,3.11804,2.89200,33.58850,26.94007,3.16562,2.87498,3.61515,2.58847,63.14653,50.64764,0.57880,0.57082,3.00639,0.06922,0.04243,2.76241,0.08034,0.04924,3.76444,0.41743
2026020755,2027-01-15,CAR,PHI,0.63743,0.49183,0.27055,0.14560,0.09202,0.23762,0.65233,0.70202,3.14279,2.87889,32.73821,29.52939,3.21876,2.87173,2.78655,3.54317,61.54843,55.51594,0.54105,0.66935,2.99719,0.09027,0.05533,2.78687,0.05705,0.03497,3.76768,0.78426
2026020756,2027-01-15,EDM,CBJ,0.53909,0.41670,0.34257,0.12239,0.11834,0.24073,0.56546,0.54501,3.11613,2.86421,30.77158,29.67893,3.06209,2.89170,2.41398,2.50571,57.85095,55.79651,0.70746,0.50995,2.99374,0.07588,0.04651,2.74587,0.07337,0.04497,3.75637,0.66199
2026020757,2027-01-15,UTA,LAK,0.55217,0.42005,0.33733,0.13211,0.11051,0.24262,0.57865,0.58663,2.96603,2.90255,29.31551,31.62695,3.08010,2.94346,2.74594,3.15137,55.11359,59.45925,0.55646,0.68132,2.83392,0.08191,0.05020,2.79204,0.06851,0.04199,3.72021,0.49897
2026020758,2027-01-16,NYR,BOS,0.53868,0.41705,0.34350,0.12163,0.11782,0.23945,0.52901,0.55387,3.13804,2.88687,29.11690,30.56616,3.09786,2.95321,3.02219,3.02422,54.73982,57.46432,0.68739,0.60494,3.01641,0.07541,0.04622,2.76904,0.07305,0.04477,3.76921,0.64725
2026020759,2027-01-16,TBL,OTT,0.53751,0.41230,0.34615,0.12521,0.11634,0.24154,0.58279,0.54820,3.04266,2.88750,27.93945,29.12009,2.98744,2.86363,2.95168,3.21894,52.52637,54.74591,0.58130,0.63646,2.91745,0.07763,0.04758,2.77116,0.07213,0.04421,3.73928,0.66549
2026020760,2027-01-16,FLA,VGK,0.52487,0.41217,0.34907,0.11270,0.12606,0.23876,0.51965,0.51034,3.28928,2.85384,29.35765,31.70527,3.22967,2.83210,3.00654,2.79773,55.19252,59.60634,0.69622,0.54855,3.17658,0.06987,0.04283,2.72778,0.07816,0.04790,3.81174,0.55502
2026020761,2027-01-16,BUF,NSH,0.60004,0.47476,0.29302,0.12528,0.10694,0.23222,0.62641,0.61350,3.43532,2.88035,29.97103,28.03619,3.29058,2.80192,2.98771,2.89555,56.34588,52.70807,0.57122,0.60884,3.31003,0.07768,0.04761,2.77342,0.06630,0.04064,3.86639,0.57290
2026020762,2027-01-16,TOR,PIT,0.47158,0.36455,0.39960,0.10703,0.12882,0.23585,0.51173,0.44644,3.33319,3.21805,26.35400,32.26894,3.07479,3.16258,2.42552,2.88681,49.54597,60.66614,0.56685,0.61730,3.22616,0.06636,0.04067,3.08922,0.07987,0.04895,3.91076,0.52577
2026020763,2027-01-16,NJD,NYI,0.61352,0.49683,0.27491,0.11669,0.11157,0.22826,0.55642,0.61879,3.54695,2.62927,32.24493,30.41752,3.54483,2.62894,2.64275,2.67237,60.62098,57.18539,0.68892,0.41100,3.43026,0.07235,0.04434,2.51770,0.06917,0.04240,3.86666,0.60827
2026020764,2027-01-16,PHI,MTL,0.44613,0.32642,0.43562,0.11971,0.11825,0.23796,0.51304,0.46822,2.74963,3.28907,27.94789,28.32414,2.87062,3.13037,2.75205,3.08828,52.54253,53.25009,0.53493,0.78110,2.62992,0.07422,0.04549,3.17081,0.07332,0.04494,3.79028,0.42453
2026020765,2027-01-16,WSH,COL,0.43347,0.32915,0.43805,0.10431,0.12848,0.23280,0.48556,0.41252,3.23647,3.42971,26.73151,33.31961,3.05315,3.32659,3.12099,2.81917,50.25551,62.64117,0.67184,0.67009,3.13216,0.06468,0.03964,3.30123,0.07966,0.04882,3.94279,0.41981
2026020766,2027-01-16,CHI,DET,0.43654,0.32491,0.43709,0.11163,0.12637,0.23800,0.47015,0.43885,2.89060,3.23188,25.88550,30.44793,2.79490,3.01320,2.66238,2.46867,48.66511,57.24260,0.56235,0.56179,2.77897,0.06921,0.04242,3.10551,0.07835,0.04802,3.80043,0.38175
2026020767,2027-01-16,STL,MIN,0.45043,0.32706,0.43514,0.12337,0.11443,0.23780,0.51612,0.48618,2.68242,3.31626,29.38771,33.10596,2.77655,3.24936,2.97819,3.14419,55.24881,62.23952,0.45997,0.79501,2.55906,0.07649,0.04688,3.20183,0.07095,0.04348,3.78770,0.41938
2026020768,2027-01-16,WPG,ANA,0.52035,0.40552,0.35819,0.11482,0.12146,0.23629,0.56882,0.50631,3.33279,3.05154,26.59450,30.72164,3.28452,2.99771,2.92111,2.98443,49.99795,57.75707,0.64753,0.67358,3.21797,0.07119,0.04363,2.93008,0.07531,0.04616,3.87018,0.74487
2026020769,2027-01-16,CGY,LAK,0.46850,0.34970,0.40759,0.11880,0.12391,0.24271,0.53281,0.47132,2.78727,3.00665,33.56517,33.99116,2.92965,3.09382,3.15671,2.72046,63.10372,63.90459,0.53945,0.51108,2.66847,0.07366,0.04514,2.88274,0.07682,0.04708,3.70220,0.40224
2026020770,2027-01-16,VAN,CBJ,0.38957,0.27689,0.49116,0.11268,0.11927,0.23195,0.45272,0.41564,2.50563,3.40764,28.64971,33.04744,2.60200,3.37916,2.72076,2.52472,53.86228,62.12983,0.54415,0.52356,2.39295,0.06986,0.04282,3.28837,0.07395,0.04532,3.79308,0.50483
2026020771,2027-01-16,SEA,SJS,0.50412,0.38077,0.38175,0.12335,0.11413,0.23748,0.57124,0.52139,3.08998,3.24876,34.16330,32.13290,3.10063,3.10303,3.25472,3.10900,64.22757,60.41032,0.58620,0.68622,2.96662,0.07648,0.04687,3.13463,0.07076,0.04337,3.85427,0.61090
2026020772,2027-01-17,DET,MIN,0.46332,0.34161,0.41837,0.12171,0.11830,0.24001,0.49813,0.49193,2.78081,3.19933,29.57544,29.77765,2.84317,3.08122,2.58906,2.47453,55.60225,55.98254,0.57392,0.68346,2.65910,0.07546,0.04625,3.08102,0.07335,0.04496,3.76528,0.44716
2026020773,2027-01-17,NYR,DAL,0.43001,0.30824,0.45833,0.12177,0.11166,0.23343,0.48785,0.47676,2.64798,3.49670,26.73592,32.23501,2.72479,3.23908,2.91775,3.42887,50.26375,60.60195,0.52304,0.82794,2.52622,0.07550,0.04627,3.38504,0.06923,0.04243,3.85176,0.52445
2026020774,2027-01-17,CAR,VGK,0.62407,0.50332,0.26914,0.12075,0.10679,0.22754,0.61058,0.63188,3.54425,2.68986,34.14442,27.01272,3.49580,2.72056,3.20200,2.74708,64.19218,50.78430,0.67649,0.51708,3.42350,0.07486,0.04588,2.58307,0.06621,0.04058,3.87387,0.68235
2026020775,2027-01-17,EDM,WPG,0.64008,0.53506,0.24522,0.10501,0.11470,0.21971,0.57741,0.60892,3.75654,2.33044,31.72320,25.63127,3.46273,2.40809,2.52221,2.26016,59.64020,48.18714,0.84788,0.45044,3.65153,0.06511,0.03990,2.21574,0.07111,0.04359,3.92970,0.56314
2026020776,2027-01-18,BUF,MTL,0.53853,0.41470,0.35050,0.12382,0.11097,0.23479,0.56818,0.56154,3.30912,3.22147,29.56525,26.52398,3.23226,3.04619,3.01886,2.93988,55.58286,49.86532,0.62138,0.70576,3.18530,0.07677,0.04705,3.11050,0.06880,0.04217,3.90474,0.56014
2026020777,2027-01-18,BOS,TBL,0.45126,0.33615,0.42648,0.11512,0.12226,0.23738,0.49667,0.46037,2.91782,3.26199,30.13632,32.83725,3.02148,3.23428,3.44160,3.23112,56.65626,61.73415,0.60160,0.69086,2.80271,0.07137,0.04374,3.13973,0.07580,0.04646,3.81689,0.36541
2026020778,2027-01-18,NYI,NSH,0.54461,0.42714,0.33414,0.11747,0.12125,0.23872,0.55748,0.53725,3.24180,2.80046,32.93879,28.00436,3.22653,2.84794,3.00797,2.57487,61.92512,52.64823,0.50440,0.58569,3.12433,0.07283,0.04464,2.67921,0.07517,0.04607,3.78360,0.53517
2026020779,2027-01-18,COL,VAN,0.78536,0.69932,0.13652,0.08605,0.07812,0.16417,0.72082,0.75785,4.68554,2.06578,34.71157,24.11527,4.19724,2.21331,2.58008,2.52782,65.25816,45.33700,0.78065,0.45355,4.59950,0.05335,0.03270,1.98766,0.04843,0.02969,4.42562,0.72359
2026020780,2027-01-18,PIT,WSH,0.48774,0.35964,0.40598,0.12810,0.10628,0.23439,0.52689,0.54275,2.99921,3.55302,28.96023,28.88343,3.10407,3.15874,2.67319,2.87886,54.44562,54.30123,0.51522,0.69459,2.87110,0.07942,0.04868,3.44674,0.06589,0.04039,3.93279,0.55095
2026020781,2027-01-18,SJS,UTA,0.44582,0.34126,0.42007,0.10456,0.13411,0.23867,0.47137,0.41866,3.13900,3.12782,30.78560,32.48725,3.10232,3.07669,3.67861,3.12676,57.87740,61.07657,0.71542,0.65488,3.03444,0.06483,0.03973,2.99371,0.08315,0.05096,3.83239,0.38796
2026020782,2027-01-18,SEA,CBJ,0.40968,0.29155,0.47622,0.11814,0.11410,0.23224,0.49736,0.44342,2.55830,3.47294,29.60137,34.39566,2.72440,3.42148,2.86127,2.92030,55.65083,64.66405,0.47562,0.65660,2.44016,0.07325,0.04489,3.35884,0.07074,0.04336,3.82854,0.48078
2026020783,2027-01-18,TOR,STL,0.49375,0.37791,0.38237,0.11584,0.12388,0.23972,0.51155,0.49407,3.09737,3.03793,28.80015,32.75653,3.02828,3.02484,2.86650,3.32113,54.14426,61.58217,0.61983,0.54937,2.98153,0.07182,0.04402,2.91405,0.07680,0.04707,3.79611,0.59908
2026020784,2027-01-18,FLA,OTT,0.52616,0.40630,0.35608,0.11985,0.11776,0.23761,0.53179,0.53852,3.23096,3.05675,28.67802,31.10110,3.13953,2.98667,3.00031,2.98265,53.91500,58.47054,0.71564,0.60288,3.11110,0.07431,0.04554,2.93899,0.07301,0.04475,3.84016,0.53329
2026020785,2027-01-18,CHI,CGY,0.52115,0.40589,0.35152,0.11526,0.12733,0.24259,0.49479,0.51585,3.09339,2.72529,29.01231,31.01113,3.10434,2.75493,3.07536,2.75219,54.54364,58.30126,0.55315,0.42970,2.97813,0.07146,0.04380,2.59796,0.07894,0.04838,3.71578,0.46586
2026020786,2027-01-19,DET,ANA,0.52483,0.40942,0.35546,0.11541,0.11971,0.23512,0.56400,0.51638,3.39346,3.11250,27.61782,29.94031,3.35775,3.01159,2.86395,2.64977,51.92178,56.28818,0.69848,0.66227,3.27805,0.07155,0.04386,2.99279,0.07422,0.04549,3.90296,0.67036
2026020787,2027-01-19,NJD,DAL,0.52203,0.40218,0.36202,0.11985,0.11595,0.23580,0.48735,0.54994,3.28347,3.18061,32.90630,29.57860,3.34325,2.95481,3.17381,3.02516,61.86407,55.60808,0.64112,0.62308,3.16362,0.07431,0.04554,3.06466,0.07189,0.04406,3.88699,0.48715
2026020788,2027-01-19,NYR,PHI,0.53290,0.40976,0.34647,0.12314,0.12064,0.24377,0.54116,0.54273,2.98102,2.76179,27.89575,31.90493,2.85982,2.84818,2.84358,3.29444,52.44435,59.98152,0.61367,0.63261,2.85789,0.07635,0.04679,2.64115,0.07479,0.04584,3.68686,0.73196
2026020789,2027-01-19,WSH,MTL,0.51556,0.39805,0.36542,0.11751,0.11902,0.23653,0.54261,0.51868,3.26921,3.12691,29.06373,27.94757,3.19413,3.12864,2.82384,2.78681,54.64023,52.54210,0.61117,0.68341,3.15171,0.07285,0.04465,3.00789,0.07379,0.04523,3.86924,0.56298
2026020790,2027-01-19,WPG,MIN,0.45154,0.33188,0.42824,0.11966,0.12022,0.23988,0.50304,0.47217,2.73215,3.18516,28.93649,29.86730,2.76504,3.01010,2.64744,2.60410,54.40081,56.15091,0.52161,0.66409,2.61249,0.07419,0.04547,3.06494,0.07454,0.04568,3.74955,0.54035
2026020791,2027-01-19,LAK,SEA,0.65073,0.54819,0.23671,0.10254,0.11255,0.21510,0.57845,0.61874,3.88910,2.34088,34.54731,30.10709,3.65760,2.53375,2.76595,2.76090,64.94996,56.60230,0.75631,0.45167,3.78656,0.06358,0.03897,2.22833,0.06978,0.04277,3.99357,0.65088
2026020792,2027-01-20,NSH,VAN,0.65260,0.54651,0.23705,0.10609,0.11035,0.21644,0.61716,0.62170,3.81551,2.36068,30.74300,28.08641,3.56194,2.49029,2.57387,2.56060,57.79714,52.80277,0.68291,0.45119,3.70942,0.06578,0.04031,2.25033,0.06842,0.04193,3.95869,0.57556
2026020793,2027-01-20,NYI,BUF,0.47943,0.37228,0.38762,0.10715,0.13295,0.24010,0.47891,0.45517,3.21099,2.96258,31.39505,27.95375,3.13241,2.91454,3.27637,2.78650,59.02277,52.55315,0.57062,0.57887,3.10384,0.06643,0.04072,2.82963,0.08243,0.05052,3.81123,0.50398
2026020794,2027-01-20,OTT,TOR,0.65559,0.54644,0.23800,0.10915,0.10641,0.21555,0.61349,0.64046,3.86235,2.49466,34.27894,24.22448,3.74080,2.44711,3.10487,2.56015,64.44478,45.54223,0.75068,0.49405,3.75320,0.06767,0.04148,2.38825,0.06597,0.04044,3.98783,0.55475
2026020795,2027-01-20,COL,BOS,0.65483,0.53487,0.24672,0.11996,0.09844,0.21841,0.62962,0.67188,3.83434,2.81304,33.67828,26.24885,3.68054,2.78500,3.07941,2.83707,63.31560,49.34808,0.76509,0.58607,3.71438,0.07438,0.04559,2.71459,0.06104,0.03741,4.00449,0.69754
2026020796,2027-01-20,CHI,DAL,0.39635,0.29095,0.47795,0.10540,0.12570,0.23110,0.40623,0.40589,2.86390,3.47563,29.67822,29.57624,2.94930,3.08103,3.69684,2.61240,55.79605,55.60399,0.62467,0.58170,2.75850,0.06535,0.04005,3.34993,0.07793,0.04777,3.87832,0.27564
2026020797,2027-01-20,VGK,EDM,0.56069,0.43386,0.32859,0.12683,0.11072,0.23754,0.57373,0.58605,3.22304,2.98870,27.95832,28.35244,3.00552,2.81027,2.24451,2.47663,52.56203,53.30329,0.58924,0.68230,3.09621,0.07863,0.04819,2.87799,0.06864,0.04207,3.82059,0.43953
2026020798,2027-01-21,BUF,SEA,0.63456,0.50820,0.26373,0.12636,0.10170,0.22806,0.64878,0.65170,3.49261,2.73714,29.91161,29.27731,3.33711,2.75790,2.77989,3.06267,56.23419,55.04162,0.64285,0.54040,3.36625,0.07834,0.04802,2.63544,0.06306,0.03865,3.86087,0.62928
2026020799,2027-01-21,MTL,STL,0.58025,0.46492,0.30332,0.11533,0.11643,0.23176,0.58058,0.56983,3.52076,2.79068,28.71405,29.54164,3.40563,2.84054,3.10317,3.13881,53.98264,55.53819,0.79151,0.52292,3.40543,0.07151,0.04383,2.67425,0.07218,0.04424,3.88193,0.58208
2026020800,2027-01-21,FLA,CAR,0.45754,0.35938,0.40318,0.09816,0.13928,0.23744,0.45770,0.41043,3.42969,3.08452,29.09747,34.17296,3.29423,3.06633,3.16992,2.84392,54.70353,64.24588,0.74184,0.55528,3.33154,0.06086,0.03730,2.94524,0.08635,0.05293,3.90896,0.41045
2026020801,2027-01-21,NJD,TBL,0.48228,0.36381,0.39734,0.11847,0.12038,0.23885,0.47486,0.50502,3.01828,3.17278,31.97583,31.12620,3.08511,3.00959,3.15158,2.78777,60.11485,58.51743,0.62024,0.55915,2.89981,0.07345,0.04502,3.05240,0.07464,0.04574,3.81322,0.43833
2026020802,2027-01-21,PHI,NSH,0.57273,0.46072,0.30264,0.11200,0.12463,0.23663,0.57312,0.54117,3.35464,2.51222,30.76876,27.14363,3.27410,2.55507,3.07310,2.64157,57.84599,51.03038,0.64033,0.51433,3.24264,0.06944,0.04256,2.38759,0.07727,0.04736,3.77223,0.43924
2026020803,2027-01-21,PIT,ANA,0.55174,0.43008,0.33914,0.12166,0.10911,0.23078,0.58144,0.57015,3.54818,3.33058,27.09960,29.43241,3.49818,3.12954,2.96996,2.75669,50.94766,55.33338,0.67872,0.67804,3.42652,0.07543,0.04623,3.22147,0.06765,0.04146,3.99900,0.71287
2026020804,2027-01-21,CBJ,CGY,0.65479,0.54813,0.23221,0.10666,0.11300,0.21966,0.59113,0.62461,3.61718,2.14659,33.44091,28.47958,3.68037,2.33964,2.83351,2.67342,62.86915,53.54176,0.52229,0.40356,3.51052,0.06613,0.04053,2.03359,0.07006,0.04294,3.85140,0.62194
2026020805,2027-01-21,WPG,NYR,0.50134,0.37891,0.37787,0.12243,0.12078,0.24321,0.55260,0.50893,2.90824,2.95061,30.28936,27.39914,2.95685,2.72176,2.98844,2.70529,56.94418,51.51059,0.57357,0.65310,2.78581,0.07591,0.04652,2.82983,0.07488,0.04590,3.71736,0.53238
2026020806,2027-01-21,MIN,DET,0.60100,0.48800,0.28207,0.11300,0.11693,0.22993,0.60119,0.57768,3.54083,2.57837,30.23955,29.36264,3.40521,2.59459,2.55611,2.53816,56.85075,55.20194,0.71301,0.55975,3.42783,0.07006,0.04294,2.46143,0.07250,0.04443,3.85770,0.63189
2026020807,2027-01-21,LAK,EDM,0.49791,0.38015,0.37836,0.11777,0.12372,0.24149,0.51063,0.50254,3.02661,2.96890,30.81814,31.35457,3.03776,2.93588,2.60415,2.36827,57.93889,58.94748,0.59281,0.69799,2.90884,0.07302,0.04475,2.84518,0.07671,0.04701,3.75659,0.48396
2026020808,2027-01-22,WSH,NYI,0.57165,0.44833,0.31469,0.12332,0.11366,0.23698,0.59479,0.57815,3.27283,2.82487,28.09240,32.31713,3.20863,2.91573,2.74058,2.95934,52.81375,60.75639,0.61422,0.50948,3.14951,0.07646,0.04686,2.71121,0.07047,0.04319,3.79905,0.57906
2026020809,2027-01-22,CHI,VAN,0.57299,0.46168,0.30381,0.11131,0.12320,0.23451,0.55063,0.54913,3.43851,2.59636,28.81844,28.28438,3.27802,2.58582,2.79047,2.40721,54.17920,53.17521,0.62160,0.45987,3.32720,0.06901,0.04230,2.47316,0.07638,0.04682,3.81931,0.41850
2026020810,2027-01-22,DAL,COL,0.46216,0.35479,0.40960,0.10736,0.12824,0.23561,0.50929,0.44012,3.26451,3.25456,26.47584,32.34082,3.11290,3.19418,3.18917,3.27654,49.77484,60.80077,0.71087,0.67881,3.15715,0.06657,0.04080,3.12632,0.07951,0.04873,3.90120,0.50449
2026020811,2027-01-22,VGK,BOS,0.59809,0.47111,0.29500,0.12698,0.10691,0.23389,0.58229,0.62577,3.34487,2.83912,31.85713,28.05933,3.31790,2.81955,2.94710,3.00378,59.89184,52.75171,0.66590,0.56479,3.21789,0.07873,0.04825,2.73221,0.06629,0.04063,3.82663,0.56717
2026020812,2027-01-23,DET,TBL,0.43268,0.31572,0.44665,0.11696,0.12066,0.23763,0.47289,0.45632,2.71081,3.27805,28.70396,30.33928,2.77748,3.10301,3.06314,2.67376,53.96362,57.03800,0.57576,0.65179,2.59385,0.07252,0.04445,3.15738,0.07481,0.04585,3.77826,0.37227
2026020813,2027-01-23,OTT,CBJ,0.56789,0.44215,0.31879,0.12574,0.11332,0.23906,0.57696,0.58457,3.16661,2.80340,29.92958,29.04583,3.13296,2.82473,2.81504,2.91244,56.26783,54.60640,0.63688,0.50776,3.04087,0.07796,0.04778,2.69008,0.07026,0.04306,3.75815,0.58417
2026020814,2027-01-23,NSH,LAK,0.51296,0.39199,0.36695,0.12097,0.12009,0.24106,0.54572,0.51995,3.04014,2.96704,28.73268,32.46940,2.97510,2.99707,2.62918,2.76967,54.01778,61.04309,0.60291,0.53957,2.91917,0.07500,0.04597,2.84695,0.07446,0.04563,3.76006,0.47891
2026020815,2027-01-23,MTL,CGY,0.65995,0.55085,0.23305,0.10910,0.10699,0.21609,0.62149,0.64041,3.79440,2.38938,30.31125,29.97359,3.69688,2.60620,2.97383,2.86765,56.98556,56.35036,0.71106,0.45268,3.68530,0.06764,0.04146,2.28239,0.06634,0.04066,3.94971,0.63423
2026020816,2027-01-23,PIT,VAN,0.68977,0.58310,0.21019,0.10667,0.10004,0.20672,0.64462,0.67317,3.99233,2.37145,31.42633,25.73957,3.79102,2.43911,2.64166,2.36803,59.08230,48.39098,0.66370,0.46630,3.88565,0.06614,0.04054,2.27141,0.06203,0.03802,4.04208,0.62235
2026020817,2027-01-23,CAR,ANA,0.68661,0.56771,0.22064,0.11890,0.09275,0.21165,0.67516,0.69997,3.96381,2.72729,30.66279,26.25432,3.91832,2.74620,3.00971,3.03199,57.64650,49.35840,0.76379,0.59002,3.84491,0.07372,0.04518,2.63454,0.05751,0.03525,4.04780,0.80738
2026020818,2027-01-23,STL,TOR,0.57016,0.45271,0.31323,0.11744,0.11661,0.23406,0.58826,0.56199,3.42237,2.82459,32.85824,28.24830,3.31831,2.76208,3.28217,2.76387,61.77351,53.10688,0.57328,0.59532,3.30493,0.07281,0.04463,2.70797,0.07230,0.04431,3.85189,0.48181
2026020819,2027-01-23,NYI,SEA,0.57672,0.45553,0.30729,0.12120,0.11599,0.23719,0.58122,0.57779,3.26844,2.69931,33.38875,29.38870,3.27320,2.82031,2.91915,2.75990,62.77113,55.25104,0.57934,0.52228,3.14724,0.07514,0.04606,2.58332,0.07191,0.04408,3.77149,0.59133
2026020820,2027-01-23,PHI,NJD,0.47242,0.35592,0.40324,0.11650,0.12434,0.24084,0.55970,0.46227,2.94879,3.08689,29.83299,33.07292,2.92221,3.04747,2.91765,2.86248,56.08672,62.17770,0.53036,0.63872,2.83229,0.07223,0.04427,2.96255,0.07709,0.04725,3.76911,0.37550
2026020821,2027-01-23,MIN,NYR,0.57669,0.45585,0.30695,0.12084,0.11636,0.23721,0.59881,0.57145,3.24326,2.65829,32.22739,28.08267,3.30562,2.59486,3.00354,2.65934,60.58784,52.79561,0.69731,0.60795,3.12241,0.07492,0.04592,2.54193,0.07214,0.04422,3.75422,0.53183
2026020822,2027-01-23,UTA,BOS,0.59736,0.47391,0.29289,0.12345,0.10974,0.23320,0.54819,0.62203,3.38910,2.77634,31.26601,27.86890,3.43446,2.86811,3.37033,3.04436,58.78054,52.39389,0.72305,0.62225,3.26564,0.07654,0.04691,2.66660,0.06804,0.04170,3.83008,0.56738
2026020823,2027-01-23,SJS,EDM,0.43715,0.32168,0.44462,0.11547,0.11823,0.23371,0.46062,0.46467,2.90921,3.46657,28.51569,33.27991,2.86903,3.18576,2.88873,2.56587,53.60989,62.56702,0.58529,0.82210,2.79373,0.07159,0.04388,3.34834,0.07330,0.04493,3.88447,0.29033
2026020824,2027-01-24,WPG,BUF,0.45299,0.34228,0.41900,0.11071,0.12801,0.23872,0.48812,0.44459,3.02282,3.16835,28.34028,28.00124,2.96255,2.88352,2.99511,2.82354,53.28001,52.64258,0.57583,0.60576,2.91212,0.06864,0.04207,3.04034,0.07936,0.04864,3.81280,0.60283
2026020825,2027-01-24,CBJ,ANA,0.58049,0.47107,0.29910,0.10942,0.12041,0.22982,0.58075,0.55053,3.64560,2.72698,29.66023,29.89701,3.72950,2.76846,2.95387,2.74860,55.76193,56.20702,0.62584,0.60519,3.53618,0.06784,0.04158,2.60658,0.07465,0.04576,3.92089,0.67037
2026020826,2027-01-24,COL,DAL,0.60210,0.47782,0.29322,0.12429,0.10467,0.22896,0.59044,0.62806,3.58126,3.02730,31.53552,25.82100,3.44083,2.85223,3.14873,3.07674,59.28686,48.54379,0.68160,0.69709,3.45697,0.07706,0.04723,2.92263,0.06490,0.03978,3.94499,0.57715
2026020827,2027-01-24,FLA,LAK,0.63951,0.53246,0.24949,0.10704,0.11100,0.21805,0.58255,0.61962,3.86024,2.51453,33.85009,32.71420,3.64630,2.67993,3.00313,2.70205,63.63952,61.50410,0.88731,0.45390,3.75320,0.06637,0.04068,2.40353,0.06882,0.04218,3.98899,0.51312
2026020828,2027-01-24,NJD,WSH,0.50155,0.37349,0.39070,0.12806,0.10776,0.23582,0.51108,0.55662,3.02550,3.41777,31.92982,30.16227,3.22428,3.04131,2.59813,2.94855,60.02876,56.70560,0.54219,0.64558,2.89744,0.07940,0.04866,3.31001,0.06681,0.04095,3.89261,0.57035
2026020829,2027-01-24,CHI,VGK,0.36104,0.26040,0.51074,0.10064,0.12821,0.22886,0.41448,0.35695,2.65380,3.45042,25.70293,31.94242,2.66809,3.15317,3.14624,2.50406,48.32189,60.05214,0.53020,0.57396,2.55315,0.06240,0.03824,3.32221,0.07949,0.04872,3.83180,0.36564
2026020830,2027-01-25,DET,PIT,0.51676,0.40468,0.35821,0.11208,0.12503,0.23711,0.53251,0.50028,3.35288,2.99094,28.74559,27.81731,3.18469,2.87591,2.56763,2.49667,54.04211,52.29692,0.62195,0.57202,3.24080,0.06949,0.04259,2.86591,0.07752,0.04751,3.86284,0.49670
2026020831,2027-01-25,NYR,SEA,0.61170,0.49600,0.27355,0.11570,0.11475,0.23045,0.58783,0.60045,3.45795,2.49785,30.47413,31.15746,3.28609,2.65722,2.85400,3.03612,57.29145,58.57600,0.76880,0.49650,3.34225,0.07173,0.04396,2.38309,0.07115,0.04361,3.81189,0.69236
2026020832,2027-01-25,OTT,CAR,0.45777,0.35601,0.40432,0.10176,0.13791,0.23968,0.47615,0.41587,3.25472,3.01483,27.93439,31.46339,3.20235,3.01123,3.27902,3.00827,52.51686,59.15161,0.65228,0.61094,3.15295,0.06309,0.03867,2.87692,0.08550,0.05241,3.83772,0.41515
2026020833,2027-01-25,UTA,MIN,0.49138,0.36030,0.39918,0.13108,0.10944,0.24052,0.51989,0.54740,2.77310,3.26209,29.67578,30.41620,2.91195,3.13815,2.78615,3.06258,55.79067,57.18283,0.53743,0.81390,2.64202,0.08127,0.04981,3.15265,0.06785,0.04159,3.78635,0.46663
2026020834,2027-01-26,BOS,CBJ,0.50253,0.37744,0.38113,0.12509,0.11634,0.24143,0.55682,0.52289,2.92058,3.08117,29.27690,32.56832,3.01129,3.17495,2.82827,3.08410,55.04069,61.22860,0.56517,0.57557,2.79549,0.07756,0.04753,2.96483,0.07213,0.04421,3.76029,0.53375
2026020835,2027-01-26,TOR,CGY,0.56546,0.44843,0.31425,0.11703,0.12029,0.23732,0.55401,0.55809,3.29175,2.67334,28.80166,33.95796,3.22458,2.82792,2.59482,3.14768,54.14742,63.84110,0.52813,0.51103,3.17472,0.07256,0.04447,2.55305,0.07458,0.04571,3.77544,0.65127
2026020836,2027-01-26,MTL,CAR,0.47075,0.37405,0.38830,0.09670,0.14095,0.23765,0.48075,0.41049,3.51878,2.99311,26.59446,32.39683,3.33756,3.09249,3.27321,2.61623,49.99798,60.90648,0.76743,0.55234,3.42208,0.05995,0.03675,2.85216,0.08739,0.05356,3.91982,0.38516
2026020837,2027-01-26,TBL,LAK,0.61555,0.49086,0.27530,0.12469,0.10915,0.23384,0.63185,0.61967,3.31024,2.57401,31.42584,30.42529,3.28460,2.66526,2.85472,3.02296,59.08100,57.20002,0.63720,0.53561,3.18555,0.07731,0.04738,2.46486,0.06767,0.04148,3.76303,0.64028
2026020838,2027-01-26,NJD,SEA,0.68136,0.58072,0.21444,0.10064,0.10420,0.20484,0.58734,0.65969,4.10908,2.36122,34.70428,28.35397,3.86070,2.47219,2.76567,2.62279,65.24471,53.30598,0.84437,0.39152,4.00845,0.06239,0.03824,2.25703,0.06460,0.03960,4.10043,0.65832
2026020839,2027-01-26,PHI,FLA,0.45417,0.33640,0.42504,0.11777,0.12079,0.23856,0.53612,0.46083,2.84077,3.22962,31.87906,31.86863,2.93493,3.11526,3.18561,2.98740,59.93358,59.91358,0.54771,0.73764,2.72300,0.07302,0.04475,3.10884,0.07489,0.04590,3.78880,0.40598
2026020840,2027-01-26,PIT,NYI,0.49264,0.35692,0.40531,0.13572,0.10204,0.23776,0.57199,0.55826,2.75730,3.46539,26.94557,32.71735,2.93974,3.25017,2.41343,3.05484,50.65807,61.50927,0.46301,0.64113,2.62158,0.08415,0.05157,3.36334,0.06327,0.03878,3.85876,0.59073
2026020841,2027-01-26,STL,CHI,0.63108,0.51346,0.26127,0.11762,0.10765,0.22527,0.64439,0.62208,3.60235,2.60852,30.80112,27.82396,3.30577,2.64895,2.93579,3.17259,57.90643,52.30931,0.50591,0.59980,3.48473,0.07292,0.04470,2.50086,0.06675,0.04091,3.88602,0.66173
2026020842,2027-01-26,NSH,VGK,0.44880,0.33936,0.42214,0.10944,0.12906,0.23850,0.48221,0.43778,3.01580,3.15783,27.73633,31.17000,2.93683,3.02915,3.00463,2.60563,52.14447,58.60005,0.61209,0.56114,2.90636,0.06785,0.04159,3.02876,0.08002,0.04904,3.80792,0.52027
2026020843,2027-01-26,DAL,ANA,0.61289,0.50528,0.27351,0.10761,0.11360,0.22121,0.62655,0.57956,3.92079,2.76721,27.33058,28.16731,3.71049,2.81708,3.38746,3.09011,51.38180,52.95475,0.87074,0.59356,3.81317,0.06672,0.04089,2.65361,0.07043,0.04317,4.03672,0.77157
2026020844,2027-01-26,MIN,VAN,0.68575,0.57907,0.21168,0.10668,0.10257,0.20925,0.67550,0.65468,3.84731,2.24085,32.28821,27.45316,3.75739,2.34047,2.45634,2.48628,60.70246,51.61240,0.67532,0.50233,3.74064,0.06614,0.04054,2.13828,0.06359,0.03898,3.96790,0.66571
2026020845,2027-01-26,COL,EDM,0.59892,0.47065,0.29712,0.12827,0.10396,0.23223,0.62140,0.62513,3.43074,2.99489,30.35478,27.94451,3.27265,2.90143,2.51153,2.51341,57.06727,52.53604,0.65189,0.73555,3.30247,0.07953,0.04874,2.89093,0.06446,0.03951,3.88806,0.57775
2026020846,2027-01-27,DET,TOR,0.59480,0.47922,0.28907,0.11558,0.11613,0.23171,0.57071,0.58661,3.48440,2.64144,33.70470,25.14671,3.47052,2.59818,2.96368,2.19578,63.36522,47.27612,0.71448,0.49462,3.36881,0.07166,0.04392,2.52531,0.07200,0.04413,3.84375,0.51277
2026020847,2027-01-27,NYR,FLA,0.49578,0.38218,0.37638,0.11360,0.12783,0.24144,0.52705,0.48022,3.08280,2.90053,30.84972,31.62725,2.98534,3.00799,3.03703,2.89312,57.99821,59.45970,0.62865,0.65989,2.96920,0.07043,0.04317,2.77270,0.07926,0.04858,3.75547,0.60581
2026020848,2027-01-27,UTA,BUF,0.48624,0.36555,0.39586,0.12069,0.11790,0.23859,0.50499,0.51005,2.99675,3.20036,28.67731,28.14462,3.06044,2.95812,3.08717,3.19628,53.91363,52.91210,0.57468,0.71636,2.87606,0.07483,0.04586,3.08246,0.07310,0.04480,3.81633,0.52991
2026020849,2027-01-28,OTT,BOS,0.59700,0.47802,0.29154,0.11898,0.11146,0.23044,0.57040,0.60477,3.50697,2.78115,31.95496,27.69142,3.51462,2.80438,3.31632,3.03805,60.07558,52.06006,0.74407,0.57895,3.38799,0.07377,0.04521,2.66969,0.06910,0.04235,3.87476,0.58948
2026020850,2027-01-28,PHI,LAK,0.51827,0.39666,0.36019,0.12162,0.12154,0.24316,0.56869,0.51701,2.98027,2.84592,31.85384,33.42627,3.06455,2.89268,3.11059,2.96419,59.88637,62.84256,0.63163,0.57367,2.85865,0.07540,0.04621,2.72438,0.07535,0.04619,3.70902,0.38287
2026020851,2027-01-28,CAR,NYI,0.66498,0.52580,0.24352,0.13918,0.09150,0.23068,0.66662,0.71410,3.32060,2.70273,31.68544,28.19155,3.43180,2.68863,2.56012,3.16021,59.56879,53.00015,0.57913,0.49999,3.18142,0.08629,0.05289,2.61123,0.05673,0.03477,3.78928,0.70199
2026020852,2027-01-28,CBJ,WPG,0.57596,0.46009,0.30225,0.11588,0.12179,0.23766,0.56225,0.56013,3.28629,2.53546,30.54561,28.10672,3.25072,2.58412,2.73670,2.68608,57.42599,52.84088,0.52983,0.52850,3.17042,0.07184,0.04403,2.41367,0.07551,0.04628,3.74809,0.44540
2026020853,2027-01-28,STL,COL,0.38380,0.27905,0.49264,0.10475,0.12355,0.22831,0.46236,0.38219,2.82354,3.57761,28.09523,35.04746,2.87852,3.43371,3.43848,3.22390,52.81900,65.88954,0.53878,0.79731,2.71879,0.06495,0.03981,3.45406,0.07660,0.04695,3.90854,0.35901
2026020854,2027-01-28,DAL,VAN,0.72658,0.63344,0.17799,0.09314,0.09543,0.18857,0.68660,0.68159,4.29064,2.12180,31.67040,25.85296,3.89039,2.31375,2.97133,2.79951,59.54076,48.60377,0.80886,0.44946,4.19750,0.05775,0.03539,2.02637,0.05917,0.03626,4.20147,0.68985
2026020855,2027-01-28,CGY,MTL,0.39024,0.27705,0.49733,0.11319,0.11243,0.22562,0.47678,0.42306,2.64118,3.69596,30.36199,30.54735,2.80618,3.45515,2.86717,2.94115,57.08050,57.42953,0.46026,0.73408,2.52799,0.07018,0.04301,3.58353,0.06971,0.04272,3.93134,0.44449
2026020856,2027-01-28,EDM,NJD,0.53622,0.42024,0.34353,0.11598,0.12025,0.23623,0.58026,0.52279,3.35030,2.96880,30.43086,28.88553,3.13065,2.86252,2.31407,2.29381,57.21060,54.30517,0.64559,0.60091,3.23432,0.07191,0.04407,2.84854,0.07456,0.04570,3.85694,0.59434
2026020857,2027-01-28,MIN,SEA,0.66486,0.55861,0.22843,0.10625,0.10671,0.21295,0.63507,0.63689,3.88468,2.37668,32.95933,29.23378,3.71083,2.48092,2.75368,2.70023,61.96401,54.95970,0.81873,0.46452,3.77843,0.06587,0.04037,2.26997,0.06616,0.04055,3.99178,0.68407
2026020858,2027-01-28,VGK,BUF,0.58675,0.47730,0.29503,0.10945,0.11822,0.22768,0.53961,0.57183,3.68388,2.74093,30.94600,26.18659,3.37349,2.63092,2.88934,2.91289,58.17908,49.23129,0.70600,0.52093,3.57443,0.06786,0.04159,2.62270,0.07330,0.04492,3.93803,0.52947
2026020859,2027-01-28,ANA,CHI,0.61363,0.49280,0.28182,0.12083,0.10455,0.22538,0.61457,0.62698,3.73419,3.00173,32.40187,25.30023,3.48850,2.93668,2.62716,3.08786,60.91631,47.56508,0.60144,0.66435,3.61337,0.07491,0.04591,2.89718,0.06482,0.03973,3.99377,0.56871
2026020860,2027-01-28,SJS,NSH,0.51247,0.39636,0.36811,0.11611,0.11942,0.23553,0.50480,0.52256,3.31207,3.16605,31.16286,30.49603,3.20098,2.93325,3.22055,2.82617,58.58669,57.33300,0.60008,0.67907,3.19596,0.07199,0.04412,3.04663,0.07404,0.04538,3.89162,0.40771
2026020861,2027-01-29,DET,FLA,0.44399,0.32492,0.44004,0.11907,0.11597,0.23504,0.52457,0.46596,2.82561,3.42301,30.01583,29.10152,2.84755,3.18305,2.77810,2.56025,56.43008,54.71120,0.54195,0.76873,2.70653,0.07383,0.04525,3.30704,0.07190,0.04407,3.85345,0.50691
2026020862,2027-01-29,PIT,NYR,0.52625,0.39432,0.36645,0.13193,0.10730,0.23923,0.56533,0.57272,2.98510,3.21846,29.75105,27.80826,3.03578,2.92497,2.84804,2.72107,55.93227,52.27990,0.55375,0.69098,2.85316,0.08180,0.05013,3.11117,0.06652,0.04077,3.81961,0.48127
2026020863,2027-01-29,UTA,WSH,0.49372,0.36750,0.39534,0.12622,0.11094,0.23716,0.53083,0.53447,2.95718,3.32308,29.91724,28.01907,3.17364,2.99266,2.90628,3.09953,56.24468,52.67601,0.55452,0.75976,2.83096,0.07825,0.04796,3.21214,0.06879,0.04216,3.84661,0.52564
2026020864,2027-01-30,PHI,WPG,0.54274,0.42143,0.33489,0.12130,0.12238,0.24368,0.55681,0.54028,3.03347,2.66571,28.94616,28.36808,2.97172,2.65101,2.98214,2.83048,54.41929,53.33240,0.61949,0.53424,2.91216,0.07521,0.04610,2.54333,0.07587,0.04650,3.68052,0.35141
2026020865,2027-01-30,STL,VAN,0.65893,0.55120,0.23272,0.10774,0.10835,0.21609,0.64479,0.62749,3.76358,2.32458,31.83541,28.20870,3.55019,2.47172,3.03362,2.78183,59.85086,53.03263,0.58981,0.52745,3.65585,0.06680,0.04094,2.21623,0.06718,0.04117,3.93173,0.54660
2026020866,2027-01-30,CGY,NJD,0.38869,0.27493,0.49703,0.11376,0.11428,0.22804,0.52369,0.40782,2.51997,3.54912,29.65420,34.12427,2.63271,3.43907,2.80780,2.74198,55.75014,64.15422,0.38881,0.64338,2.40621,0.07053,0.04323,3.43484,0.07085,0.04343,3.85504,0.39544
2026020867,2027-01-30,SJS,CHI,0.57813,0.46362,0.30484,0.11451,0.11703,0.23153,0.57285,0.56725,3.53821,2.80023,31.87989,30.01806,3.32807,2.76068,3.06756,3.20730,59.93506,56.43493,0.58434,0.61639,3.42370,0.07100,0.04351,2.68321,0.07256,0.04447,3.89015,0.56708
2026020868,2027-01-30,COL,BUF,0.60778,0.49105,0.28313,0.11673,0.10909,0.22582,0.58836,0.61136,3.71403,2.87734,30.95690,26.07877,3.44670,2.77422,2.88186,3.08223,58.19934,49.02843,0.67642,0.61459,3.59731,0.07237,0.04436,2.76825,0.06764,0.04145,3.96762,0.66529
2026020869,2027-01-30,BOS,TOR,0.58972,0.47683,0.29434,0.11288,0.11594,0.22882,0.59387,0.57164,3.62900,2.77022,33.90413,27.42754,3.63264,2.77025,3.17684,2.72707,63.73998,51.56401,0.69772,0.56629,3.51612,0.06999,0.04289,2.65428,0.07188,0.04406,3.92008,0.50372
2026020870,2027-01-30,OTT,NYR,0.63660,0.53080,0.24863,0.10579,0.11478,0.22057,0.59117,0.60348,3.74012,2.35322,33.66054,24.83429,3.60053,2.39617,3.36049,2.69465,63.28220,46.68889,0.81717,0.51562,3.63432,0.06559,0.04020,2.23845,0.07116,0.04361,3.92332,0.47923
2026020871,2027-01-30,TBL,NYI,0.62337,0.49568,0.27067,0.12769,0.10595,0.23365,0.62919,0.63923,3.29300,2.59547,30.40531,30.53015,3.37376,2.65193,2.78361,3.32329,57.16199,57.39689,0.61865,0.51328,3.16531,0.07917,0.04852,2.48952,0.06569,0.04026,3.75989,0.70544
2026020872,2027-01-30,CAR,LAK,0.66389,0.52829,0.24328,0.13560,0.09283,0.22843,0.66915,0.70481,3.41001,2.71435,33.89092,28.42604,3.44969,2.75636,2.80598,2.94938,63.71566,53.44155,0.63810,0.54108,3.27441,0.08407,0.05153,2.62152,0.05755,0.03528,3.82473,0.63785
2026020873,2027-01-30,CBJ,DET,0.61195,0.50807,0.26646,0.10388,0.12160,0.22547,0.56707,0.56896,3.68159,2.37373,31.32139,27.78505,3.52659,2.49318,2.71115,2.49786,58.88464,52.23622,0.63129,0.51317,3.57771,0.06441,0.03947,2.25214,0.07539,0.04621,3.89861,0.53956
2026020874,2027-01-30,EDM,MTL,0.54146,0.42634,0.33837,0.11512,0.12018,0.23529,0.53397,0.53842,3.40726,2.96148,31.48390,25.85412,3.34166,2.84839,2.44187,2.48911,59.19002,48.60603,0.74171,0.66141,3.29214,0.07137,0.04374,2.84130,0.07451,0.04567,3.87422,0.64880
2026020875,2027-01-30,MIN,DAL,0.52235,0.40424,0.35733,0.11811,0.12032,0.23842,0.53753,0.52507,3.20566,2.98993,30.85223,29.40596,3.27886,2.88428,3.25555,2.99570,58.00251,55.28347,0.67793,0.67763,3.08755,0.07323,0.04488,2.86961,0.07460,0.04572,3.81591,0.51598
2026020876,2027-01-30,VGK,WSH,0.60528,0.48655,0.28366,0.11874,0.11106,0.22979,0.56521,0.61418,3.49899,2.70172,32.20415,25.71722,3.41542,2.60797,2.80700,2.80698,60.54436,48.34890,0.66804,0.51760,3.38026,0.07362,0.04512,2.59066,0.06886,0.04220,3.85861,0.52519
2026020877,2027-01-30,ANA,NSH,0.52747,0.40381,0.36115,0.12365,0.11139,0.23504,0.54792,0.55537,3.28335,3.28806,31.99362,27.35704,3.29043,3.20946,2.89627,2.98393,60.14847,51.43150,0.58777,0.73622,3.15970,0.07667,0.04699,3.17667,0.06906,0.04233,3.91524,0.41020
2026020878,2027-01-31,PIT,PHI,0.56328,0.43671,0.32554,0.12657,0.11119,0.23775,0.55635,0.59144,3.19951,2.93008,31.22637,28.15733,3.16481,2.84029,3.06144,2.73817,58.70668,52.93693,0.61517,0.58247,3.07294,0.07847,0.04810,2.81889,0.06894,0.04225,3.79903,0.68531
2026020879,2027-01-31,SEA,NJD,0.43487,0.32430,0.44255,0.11057,0.12258,0.23315,0.51249,0.43100,3.01257,3.41926,29.90123,32.95567,2.90250,3.28248,2.75177,2.49912,56.21493,61.95743,0.48217,0.69698,2.90200,0.06855,0.04202,3.29668,0.07600,0.04658,3.88928,0.41777
2026020880,2027-01-31,UTA,NSH,0.60031,0.47802,0.28814,0.12229,0.11155,0.23384,0.58305,0.60993,3.34958,2.66231,31.01823,27.09631,3.39556,2.68700,2.96433,2.82098,58.31465,50.94131,0.58948,0.62058,3.22729,0.07582,0.04647,2.55076,0.06916,0.04239,3.79437,0.56085
2026020881,2027-02-01,FLA,NYI,0.60266,0.47866,0.28831,0.12399,0.10904,0.23303,0.57977,0.62108,3.38002,2.74344,29.17597,32.89066,3.38333,2.76069,2.58855,3.08256,54.85105,61.83481,0.69484,0.49075,3.25603,0.07687,0.04712,2.63441,0.06760,0.04143,3.82050,0.57838
2026020882,2027-02-01,CGY,VGK,0.37265,0.26635,0.50240,0.10630,0.12496,0.23126,0.46925,0.37225,2.52154,3.36480,29.86869,33.36974,2.68969,3.28995,3.23489,2.81576,56.15319,62.73554,0.45554,0.60912,2.41524,0.06591,0.04039,3.23985,0.07747,0.04748,3.77710,0.43902
2026020883,2027-02-01,VAN,MTL,0.34717,0.24103,0.54540,0.10614,0.10744,0.21358,0.42142,0.39055,2.54712,3.98606,27.53673,29.61569,2.66748,3.57238,2.58972,2.63017,51.76924,55.67795,0.51124,0.79976,2.44098,0.06581,0.04033,3.87862,0.06661,0.04083,4.04963,0.49137
2026020884,2027-02-02,WSH,WPG,0.58440,0.46489,0.29959,0.11951,0.11601,0.23553,0.58587,0.58046,3.34214,2.67166,28.16706,28.09242,3.12802,2.74112,2.86700,2.65298,52.95422,52.81399,0.62834,0.51767,3.22263,0.07410,0.04542,2.55565,0.07193,0.04408,3.79355,0.48087
2026020885,2027-02-02,PIT,TBL,0.43430,0.31301,0.45539,0.12130,0.11031,0.23160,0.49068,0.48131,2.75940,3.59553,28.14083,31.28916,2.83038,3.32337,3.10742,2.86469,52.90509,58.82400,0.53161,0.68982,2.63811,0.07520,0.04609,3.48523,0.06839,0.04192,3.90742,0.41400
2026020886,2027-02-02,UTA,NSH,0.56272,0.43050,0.32935,0.13222,0.10793,0.24015,0.58305,0.60065,3.08358,2.97600,30.26686,28.61202,3.20477,2.89009,2.88670,3.09718,56.90194,53.79068,0.52506,0.73392,2.95136,0.08198,0.05024,2.86807,0.06691,0.04101,3.77508,0.56085
2026020887,2027-02-03,BUF,NYI,0.59786,0.46633,0.29758,0.13153,0.10456,0.23609,0.61949,0.62871,3.23482,2.85879,28.10023,29.71138,3.21026,2.78683,2.81721,3.01751,52.82855,55.85751,0.59743,0.51652,3.10330,0.08155,0.04998,2.75423,0.06483,0.03973,3.79339,0.57674
2026020888,2027-02-03,FLA,WSH,0.59860,0.48879,0.28457,0.10981,0.11683,0.22664,0.53482,0.58752,3.69551,2.67973,32.23131,28.71128,3.62447,2.64638,2.96579,2.79004,60.59538,53.97787,0.79402,0.48997,3.58570,0.06808,0.04173,2.56289,0.07244,0.04440,3.93465,0.53996
2026020889,2027-02-03,NYR,WPG,0.60382,0.49142,0.27698,0.11240,0.11920,0.23160,0.54780,0.58804,3.44461,2.42428,28.43394,28.67544,3.13246,2.56668,2.84590,2.74071,53.45626,53.91025,0.74900,0.49043,3.33221,0.06969,0.04271,2.30508,0.07391,0.04530,3.79699,0.54648
2026020890,2027-02-03,PHI,TBL,0.47946,0.36856,0.38728,0.11090,0.13326,0.24416,0.48446,0.46085,3.01197,2.83708,32.04310,30.83300,3.03457,2.86366,3.76637,2.87021,60.24194,57.96671,0.69832,0.54673,2.90106,0.06876,0.04214,2.70382,0.08262,0.05064,3.71668,0.27721
2026020891,2027-02-03,CGY,UTA,0.45270,0.34428,0.41077,0.10841,0.13653,0.24494,0.50392,0.42070,2.88322,2.84962,32.35265,30.41102,2.99830,3.00884,3.57007,2.77255,60.82327,57.17324,0.63089,0.48592,2.77480,0.06722,0.04120,2.71309,0.08465,0.05188,3.68070,0.43892
2026020892,2027-02-03,EDM,VGK,0.52315,0.41101,0.35021,0.11214,0.12663,0.23878,0.52644,0.50483,3.29169,2.85137,29.38210,28.87647,3.15633,2.77311,2.63750,2.41177,55.23879,54.28809,0.72375,0.58320,3.17955,0.06953,0.04261,2.72473,0.07851,0.04812,3.81208,0.64007
2026020893,2027-02-03,VAN,NJD,0.33773,0.23272,0.55419,0.10501,0.10808,0.21309,0.46775,0.36666,2.43459,3.91394,26.95345,34.07373,2.50108,3.62286,2.49568,2.52734,50.67297,64.05921,0.42912,0.72487,2.32958,0.06511,0.03990,3.80586,0.06701,0.04107,4.01031,0.43944
2026020894,2027-02-03,SEA,MTL,0.41022,0.29765,0.47413,0.11257,0.11565,0.22822,0.46561,0.43687,2.85447,3.66042,30.07177,29.76682,2.97883,3.40290,2.91448,2.84993,56.53494,55.96201,0.52033,0.85314,2.74189,0.06980,0.04278,3.54477,0.07170,0.04395,3.94563,0.46771
2026020895,2027-02-08,TOR,CBJ,0.43460,0.31574,0.45211,0.11886,0.11329,0.23215,0.51243,0.46484,2.81471,3.54907,25.97004,35.17985,2.76401,3.48533,2.37045,2.96684,48.82414,66.13851,0.52422,0.63725,2.69585,0.07369,0.04517,3.43578,0.07024,0.04305,3.89803,0.57265
2026020896,2027-02-08,DAL,LAK,0.58914,0.47060,0.30004,0.11854,0.11082,0.22936,0.62015,0.58520,3.59047,2.93285,28.31053,29.90286,3.30234,2.87025,2.85091,2.84439,53.22470,56.21815,0.74447,0.57185,3.47193,0.07349,0.04504,2.82203,0.06871,0.04211,3.93145,0.59365
2026020897,2027-02-09,OTT,CBJ,0.63141,0.51636,0.25881,0.11504,0.10978,0.22482,0.57696,0.63084,3.61675,2.53541,31.35927,28.09958,3.44313,2.66766,2.98866,2.79248,58.95608,52.82785,0.77492,0.45298,3.50170,0.07133,0.04372,2.42563,0.06806,0.04172,3.88336,0.58417
2026020898,2027-02-09,CAR,COL,0.54166,0.41811,0.35001,0.12355,0.10833,0.23188,0.56251,0.57090,3.46806,3.39869,30.10300,28.62492,3.35926,3.12789,2.82682,2.88717,56.59407,53.81516,0.66236,0.66226,3.34451,0.07660,0.04695,3.29037,0.06716,0.04116,3.99324,0.55298
2026020899,2027-02-09,STL,LAK,0.58888,0.47253,0.29588,0.11635,0.11525,0.23160,0.57496,0.58363,3.49109,2.72505,31.84428,32.30756,3.28023,2.79774,3.23872,2.76628,59.86831,60.73948,0.65344,0.55400,3.37474,0.07214,0.04421,2.60980,0.07145,0.04379,3.85969,0.45255
2026020900,2027-02-09,ANA,DET,0.53090,0.41499,0.35609,0.11591,0.11301,0.22892,0.53632,0.54415,3.65156,3.44251,30.24593,27.55640,3.42811,3.25176,2.75523,2.87390,56.86267,51.80644,0.75181,0.78141,3.53565,0.07187,0.04405,3.32951,0.07006,0.04294,4.05419,0.40741
2026020901,2027-02-10,TOR,BOS,0.44250,0.33224,0.43421,0.11026,0.12329,0.23355,0.50574,0.43750,3.10190,3.42070,27.34889,32.89013,3.04954,3.35587,2.69560,3.05352,51.41630,61.83367,0.58976,0.70244,2.99163,0.06836,0.04190,3.29741,0.07644,0.04685,3.90913,0.57842
2026020902,2027-02-10,SJS,CHI,0.58431,0.47308,0.29876,0.11123,0.11693,0.22816,0.57285,0.56725,3.70783,2.84109,29.17328,26.86223,3.33144,2.66843,2.66077,2.84255,54.84649,50.50161,0.58094,0.61617,3.59660,0.06896,0.04227,2.72416,0.07250,0.04443,3.96082,0.56708
2026020903,2027-02-11,CBJ,OTT,0.49759,0.38127,0.37697,0.11632,0.12544,0.24176,0.52315,0.49253,3.04751,2.93730,30.21005,30.27645,3.12051,2.91782,3.08551,2.88026,56.79511,56.91995,0.52940,0.64235,2.93119,0.07212,0.04420,2.81186,0.07777,0.04767,3.75416,0.49782
2026020904,2027-02-11,CAR,MIN,0.58019,0.44539,0.31842,0.13480,0.10140,0.23620,0.61461,0.62626,3.23208,3.13846,33.13799,27.78781,3.23499,3.03167,2.69061,2.98059,62.29987,52.24143,0.59824,0.68883,3.09728,0.08358,0.05122,3.03706,0.06287,0.03853,3.86135,0.61098
2026020905,2027-02-11,ANA,CHI,0.64692,0.53747,0.24771,0.10945,0.10537,0.21482,0.61457,0.63602,4.02629,2.73333,32.97576,24.22965,3.65504,2.82725,2.84417,3.03336,61.99521,45.55223,0.70371,0.60818,3.91684,0.06786,0.04159,2.62797,0.06533,0.04004,4.07704,0.56871
2026020906,2027-02-11,LAK,DET,0.55035,0.43518,0.32707,0.11518,0.12257,0.23775,0.54310,0.53938,3.31138,2.75312,29.72472,29.43034,3.12322,2.74768,2.33385,2.59139,55.88295,55.32956,0.57735,0.59919,3.19621,0.07141,0.04377,2.63055,0.07600,0.04658,3.79839,0.59800
2026020907,2027-02-12,TBL,DAL,0.56874,0.44459,0.31992,0.12415,0.11134,0.23549,0.56254,0.59043,3.33038,2.96250,29.99810,28.05942,3.29384,2.86076,3.22695,3.44355,56.39656,52.75203,0.63565,0.69380,3.20623,0.07697,0.04718,2.85116,0.06903,0.04231,3.84852,0.58965
2026020908,2027-02-12,FLA,COL,0.48767,0.37668,0.39134,0.11099,0.12099,0.23198,0.47010,0.49521,3.45111,3.40353,27.48532,31.97298,3.28286,3.11404,2.90742,2.74663,51.67288,60.10966,0.79974,0.64044,3.34012,0.06881,0.04218,3.28253,0.07502,0.04598,3.99012,0.42090
2026020909,2027-02-12,NYR,NYI,0.53099,0.40735,0.35328,0.12364,0.11572,0.23937,0.55692,0.54759,3.12186,3.01335,26.50325,32.32873,3.03969,2.94256,2.54300,3.09511,49.82634,60.77850,0.65758,0.59979,2.99822,0.07666,0.04698,2.89763,0.07175,0.04398,3.79653,0.64377
2026020910,2027-02-12,EDM,STL,0.61283,0.49535,0.27692,0.11747,0.11025,0.22773,0.56458,0.62057,3.60171,2.72309,32.98142,27.27932,3.45481,2.64732,2.73324,2.72085,62.00537,51.28510,0.86065,0.49470,3.48424,0.07283,0.04464,2.61284,0.06836,0.04190,3.90171,0.68334
2026020911,2027-02-12,UTA,CGY,0.64950,0.53334,0.24493,0.11615,0.10558,0.22173,0.59563,0.65322,3.66102,2.51075,30.42584,28.27937,3.63089,2.55735,2.84645,3.04733,57.20110,53.16568,0.61896,0.54672,3.54487,0.07201,0.04414,2.40518,0.06546,0.04012,3.89911,0.63836
2026020912,2027-02-13,MTL,WSH,0.54293,0.42574,0.34281,0.11719,0.11426,0.23145,0.55776,0.54948,3.55016,3.23031,27.56133,27.69946,3.44313,3.00355,2.72045,2.66040,51.81565,52.07519,0.71316,0.63700,3.43297,0.07266,0.04453,3.11605,0.07084,0.04342,3.97718,0.51855
2026020913,2027-02-13,NSH,ANA,0.55757,0.44156,0.32819,0.11602,0.11423,0.23025,0.55248,0.56241,3.63175,3.15172,27.11597,31.76113,3.49772,3.12297,2.98008,2.91577,50.97821,59.71134,0.77126,0.61649,3.51573,0.07193,0.04409,3.03749,0.07082,0.04341,3.98646,0.66728
2026020914,2027-02-13,SJS,DET,0.49937,0.38746,0.37432,0.11191,0.12631,0.23821,0.49312,0.49182,3.25051,3.02503,29.30931,31.72427,3.11539,2.91737,2.99122,2.89302,55.10193,59.64215,0.64021,0.67056,3.13860,0.06938,0.04252,2.89872,0.07831,0.04800,3.83851,0.40489
2026020915,2027-02-13,FLA,DAL,0.54127,0.42398,0.34061,0.11729,0.11812,0.23541,0.51114,0.55235,3.37259,3.00410,35.09738,32.20233,3.51993,2.95780,3.53276,3.14198,65.98419,60.54185,0.75311,0.58797,3.25530,0.07272,0.04457,2.88598,0.07324,0.04489,3.87189,0.45700
2026020916,2027-02-13,LAK,CHI,0.63130,0.51445,0.25896,0.11685,0.10973,0.22658,0.62101,0.62248,3.54890,2.51087,33.10775,27.40370,3.41184,2.57209,2.54749,2.88813,62.24348,51.51969,0.53929,0.54645,3.43205,0.07245,0.04440,2.40114,0.06803,0.04170,3.85136,0.73551
2026020917,2027-02-13,BOS,CBJ,0.50550,0.38125,0.37761,0.12426,0.11688,0.24114,0.55682,0.52289,2.96137,3.07104,29.78032,33.31142,3.05681,3.20798,2.87683,3.15420,55.98709,62.62568,0.58009,0.57860,2.83712,0.07704,0.04722,2.95415,0.07247,0.04442,3.76787,0.53375
2026020918,2027-02-13,OTT,TOR,0.65115,0.54313,0.24109,0.10802,0.10777,0.21579,0.61349,0.63147,3.88105,2.50533,34.31677,24.22738,3.75517,2.46493,3.13118,2.58331,64.51592,45.54769,0.76076,0.50117,3.77303,0.06697,0.04105,2.39756,0.06682,0.04095,3.99730,0.55475
2026020919,2027-02-13,TBL,COL,0.47229,0.35885,0.40356,0.11344,0.12415,0.23759,0.52178,0.46617,3.10264,3.18956,28.90204,32.74582,3.12887,3.08814,2.96603,3.24176,54.33661,61.56270,0.61878,0.69646,2.98920,0.07033,0.04311,3.06541,0.07697,0.04718,3.84000,0.55383
2026020920,2027-02-13,NYI,MIN,0.44012,0.31921,0.44313,0.12092,0.11675,0.23767,0.49381,0.47314,2.64709,3.28659,31.18609,30.73809,2.76008,3.26239,2.79958,2.67188,58.63018,57.78819,0.46239,0.72421,2.52617,0.07497,0.04595,3.16984,0.07238,0.04436,3.76968,0.44217
2026020921,2027-02-13,CAR,BUF,0.58058,0.45640,0.31203,0.12418,0.10739,0.23157,0.60038,0.59991,3.50172,3.09513,31.06347,25.52592,3.35492,2.86878,2.83759,3.12668,58.39973,47.98882,0.62255,0.61728,3.37754,0.07699,0.04719,2.98774,0.06658,0.04081,3.93253,0.67471
2026020922,2027-02-13,EDM,PIT,0.53410,0.42968,0.33825,0.10441,0.12765,0.23206,0.56477,0.48774,3.66423,2.93244,29.84502,27.17239,3.35998,2.80348,2.31045,2.44616,56.10950,51.08447,0.74736,0.58668,3.55982,0.06474,0.03968,2.80479,0.07914,0.04851,3.95968,0.61846
2026020923,2027-02-13,PHI,NJD,0.47857,0.36449,0.39659,0.11408,0.12484,0.23892,0.55970,0.46227,3.09629,3.12543,26.85275,29.32238,2.89780,2.94677,2.56167,2.48239,50.48379,55.12676,0.53350,0.61842,2.98220,0.07073,0.04335,3.00059,0.07740,0.04744,3.81993,0.37550
2026020924,2027-02-13,VAN,WPG,0.41164,0.29497,0.47482,0.11667,0.11354,0.23022,0.46483,0.45139,2.68163,3.57914,26.62346,29.33514,2.65542,3.22042,2.52288,2.38728,50.05284,55.15070,0.54046,0.62950,2.56495,0.07234,0.04434,3.46560,0.07040,0.04315,3.88904,0.41267
2026020925,2027-02-13,VGK,CGY,0.75015,0.65436,0.16161,0.09579,0.08824,0.18403,0.62858,0.73841,4.22848,2.03881,33.63405,25.97903,3.87655,2.20528,2.80864,2.65259,63.23284,48.84124,0.73666,0.35939,4.13270,0.05939,0.03640,1.95057,0.05471,0.03353,4.17097,0.63856
2026020926,2027-02-13,SEA,STL,0.52354,0.40857,0.35595,0.11498,0.12050,0.23548,0.49647,0.53070,3.31365,3.01980,34.97779,28.89490,3.27322,2.85767,3.49403,2.64023,65.75894,54.32282,0.72983,0.50883,3.19868,0.07129,0.04369,2.89930,0.07471,0.04579,3.85710,0.50968
2026020927,2027-02-14,MTL,NYR,0.53971,0.41218,0.34866,0.12753,0.11163,0.23915,0.59562,0.56031,3.09261,3.04284,27.89328,29.39702,3.12618,2.93788,2.80121,2.85388,52.43974,55.26663,0.63381,0.70593,2.96508,0.07907,0.04846,2.93122,0.06921,0.04242,3.79610,0.44940
2026020928,2027-02-14,WSH,UTA,0.50518,0.38654,0.37215,0.11864,0.12267,0.24131,0.56941,0.49684,3.03461,2.94535,26.79210,30.31951,2.93970,3.09517,2.98858,2.99256,50.36940,57.00102,0.62931,0.60744,2.91597,0.07356,0.04508,2.82268,0.07605,0.04661,3.75256,0.55468
2026020929,2027-02-15,BOS,ANA,0.55366,0.44248,0.32717,0.11119,0.11916,0.23035,0.58726,0.53014,3.64676,3.02116,28.08782,31.10506,3.64435,3.07404,3.20696,3.13552,52.80532,58.47795,0.74707,0.68822,3.53557,0.06894,0.04225,2.90200,0.07388,0.04528,3.96766,0.66030
2026020930,2027-02-15,NYI,UTA,0.53967,0.43755,0.32406,0.10212,0.13627,0.23839,0.52426,0.48124,3.42992,2.50239,32.97674,26.73735,3.30674,2.71981,3.54171,2.41665,61.99657,50.26654,0.73350,0.45827,3.32780,0.06331,0.03880,2.36612,0.08449,0.05178,3.80354,0.51475
2026020931,2027-02-15,NYR,BUF,0.43550,0.31839,0.44570,0.11711,0.11880,0.23591,0.48570,0.45911,2.77056,3.35677,26.30700,31.39084,2.74269,3.09503,2.77375,3.30316,49.45754,59.01506,0.55573,0.72440,2.65345,0.07261,0.04450,3.23796,0.07366,0.04514,3.81877,0.61290
2026020932,2027-02-15,COL,CBJ,0.62580,0.49698,0.27342,0.12882,0.10078,0.22960,0.63584,0.65314,3.47769,2.86237,31.68451,27.84231,3.30085,2.84361,2.60415,2.71900,59.56714,52.34386,0.65313,0.51426,3.34887,0.07987,0.04895,2.76159,0.06248,0.03830,3.87748,0.69506
2026020933,2027-02-15,SEA,PIT,0.45134,0.34370,0.42083,0.10764,0.12782,0.23547,0.49666,0.43471,3.19900,3.30225,29.75135,30.24036,3.10675,3.13917,2.87854,2.65863,55.93304,56.85235,0.56006,0.65409,3.09136,0.06674,0.04090,3.17442,0.07925,0.04857,3.89698,0.43556
2026020934,2027-02-15,MIN,OTT,0.51147,0.39275,0.36843,0.11872,0.12009,0.23881,0.55803,0.51115,3.13413,3.03071,28.11562,30.32969,3.04746,2.92993,2.82905,2.75565,52.85794,57.02012,0.64670,0.64606,3.01541,0.07361,0.04511,2.91062,0.07446,0.04564,3.80493,0.59236
2026020935,2027-02-15,SJS,WPG,0.49764,0.38240,0.37827,0.11525,0.12409,0.23933,0.48821,0.50226,3.12286,3.01556,29.86280,31.32797,3.02764,2.90412,3.22322,2.95875,56.14240,58.89705,0.61476,0.62307,3.00761,0.07145,0.04379,2.89147,0.07693,0.04715,3.79765,0.32148
2026020936,2027-02-15,STL,PHI,0.51403,0.38603,0.37119,0.12800,0.11478,0.24278,0.55653,0.54212,2.87948,3.01339,30.62275,33.01118,2.92057,2.99153,3.30858,3.36791,57.57039,62.06113,0.48770,0.70131,2.75149,0.07936,0.04864,2.89861,0.07116,0.04362,3.72865,0.61029
2026020937,2027-02-15,VGK,DET,0.62016,0.49736,0.27187,0.12280,0.10797,0.23077,0.60525,0.63046,3.42418,2.62765,29.65707,26.77342,3.23977,2.60669,2.48209,2.75469,55.75567,50.33428,0.64767,0.55461,3.30138,0.07614,0.04666,2.51968,0.06694,0.04103,3.81683,0.55909
2026020938,2027-02-15,LAK,CGY,0.61827,0.50462,0.26599,0.11365,0.11574,0.22939,0.56747,0.60546,3.45386,2.38486,34.67802,31.24264,3.49954,2.57703,2.95562,2.92945,65.19562,58.73676,0.58917,0.46268,3.34021,0.07046,0.04319,2.26912,0.07176,0.04398,3.79574,0.67146
2026020939,2027-02-16,TOR,CAR,0.34477,0.25298,0.52088,0.09179,0.13435,0.22615,0.41192,0.31359,2.89137,3.56564,24.46693,36.30033,2.79221,3.46391,2.78129,2.92110,45.99807,68.24507,0.52934,0.68106,2.79958,0.05691,0.03488,3.43129,0.08330,0.05105,3.91436,0.39983
2026020940,2027-02-16,TBL,FLA,0.54361,0.42095,0.34095,0.12266,0.11544,0.23810,0.60070,0.54620,3.21873,2.97939,32.89928,30.05225,3.22877,2.97355,3.07234,3.21557,61.85092,56.49854,0.58113,0.72278,3.09607,0.07605,0.04661,2.86395,0.07157,0.04387,3.81712,0.66885
2026020941,2027-02-16,WSH,ANA,0.61149,0.51121,0.27098,0.10028,0.11753,0.21781,0.60408,0.56143,4.10180,2.72831,28.07179,29.52655,3.74643,2.86369,3.26359,2.67050,52.77550,55.51048,0.84880,0.54518,4.00152,0.06217,0.03811,2.61078,0.07287,0.04466,4.11154,0.69877
2026020942,2027-02-16,NSH,NJD,0.46396,0.34886,0.41579,0.11511,0.12025,0.23535,0.53664,0.46520,3.07721,3.34575,28.44317,32.06251,2.93217,3.19107,2.63415,2.52341,53.47345,60.27794,0.53984,0.58908,2.96210,0.07137,0.04374,3.22551,0.07455,0.04569,3.88041,0.47441
2026020943,2027-02-16,DAL,MIN,0.57623,0.46178,0.30545,0.11445,0.11833,0.23278,0.56280,0.56513,3.48694,2.74846,29.57400,28.59827,3.22500,2.84247,2.99228,2.87210,55.59953,53.76515,0.75118,0.57925,3.37249,0.07096,0.04349,2.63014,0.07336,0.04496,3.86228,0.56457
2026020944,2027-02-16,VAN,PIT,0.42034,0.31330,0.45192,0.10704,0.12774,0.23478,0.45202,0.41649,2.94516,3.32595,27.95831,29.71585,2.89349,3.18440,2.66239,2.38651,52.56232,55.86651,0.58793,0.54729,2.83812,0.06636,0.04068,3.19821,0.07920,0.04854,3.84369,0.45858
2026020945,2027-02-17,CHI,STL,0.45562,0.34104,0.42004,0.11457,0.12435,0.23892,0.45226,0.47103,2.91860,3.17450,28.85619,29.43204,2.94703,2.91974,3.38846,2.75930,54.24996,55.33248,0.65253,0.45580,2.80403,0.07104,0.04354,3.05015,0.07709,0.04725,3.78878,0.41380
2026020946,2027-02-17,WPG,LAK,0.51175,0.38945,0.36565,0.12230,0.12260,0.24490,0.56212,0.51210,2.89926,2.81813,28.59967,30.22430,2.92151,2.80303,2.66601,2.63465,53.76775,56.82227,0.54938,0.55293,2.77696,0.07583,0.04647,2.69552,0.07601,0.04659,3.67642,0.56928
2026020947,2027-02-17,UTA,CBJ,0.51935,0.38699,0.37043,0.13236,0.11022,0.24258,0.55481,0.56437,2.83722,3.07790,27.67107,31.00726,2.87636,3.06546,2.54865,3.10099,52.02185,58.29377,0.51528,0.63237,2.70486,0.08206,0.05030,2.96768,0.06833,0.04188,3.73846,0.56158
2026020948,2027-02-17,CGY,BOS,0.42957,0.31017,0.45453,0.11940,0.11590,0.23530,0.50188,0.45984,2.65737,3.38355,31.87262,31.27648,2.87475,3.28894,3.33962,2.87167,59.92078,58.80015,0.50744,0.59253,2.53796,0.07403,0.04537,3.26766,0.07186,0.04404,3.80849,0.46565
2026020949,2027-02-17,EDM,COL,0.46010,0.35156,0.41269,0.10853,0.12721,0.23574,0.47688,0.45100,3.22443,3.27622,28.48501,30.30177,3.11657,3.03732,2.58855,2.44354,53.55223,56.96763,0.75036,0.64929,3.11590,0.06729,0.04124,3.14901,0.07887,0.04834,3.89632,0.50470
2026020950,2027-02-17,SEA,OTT,0.37397,0.26394,0.51399,0.11003,0.11204,0.22207,0.47020,0.40322,2.61925,3.77694,28.81469,32.16894,2.70908,3.43975,3.17902,2.79861,54.17205,60.47793,0.50408,0.79900,2.50922,0.06822,0.04181,3.66489,0.06947,0.04258,3.96285,0.43967
2026020951,2027-02-18,BUF,CAR,0.44922,0.34214,0.42122,0.10709,0.12955,0.23664,0.49898,0.42781,3.16130,3.24439,26.22533,32.05214,3.01239,3.16563,3.25095,2.97600,49.30373,60.25835,0.58898,0.63512,3.05421,0.06639,0.04069,3.11484,0.08032,0.04923,3.87083,0.40301
2026020952,2027-02-18,DET,MTL,0.47100,0.35471,0.40851,0.11629,0.12049,0.23678,0.50145,0.48305,3.06225,3.28075,30.05900,26.65597,3.09673,3.05767,2.66443,2.51730,56.51118,50.11356,0.60079,0.71172,2.94595,0.07210,0.04419,3.16026,0.07470,0.04579,3.85685,0.52943
2026020953,2027-02-18,TBL,ANA,0.63096,0.52065,0.25869,0.11031,0.11035,0.22066,0.63817,0.60494,3.82647,2.63237,29.52096,28.79160,3.76287,2.71500,3.23986,3.15423,55.49964,54.12849,0.78284,0.59514,3.71616,0.06839,0.04192,2.52202,0.06841,0.04193,3.98350,0.81186
2026020954,2027-02-18,FLA,NJD,0.55305,0.43603,0.32947,0.11702,0.11749,0.23450,0.57363,0.54760,3.41924,2.95147,29.92889,32.95843,3.23329,2.96584,2.67818,2.74915,56.26667,61.96249,0.63671,0.56977,3.30223,0.07255,0.04447,2.83398,0.07284,0.04465,3.87602,0.50979
2026020955,2027-02-18,NYI,NYR,0.52394,0.40509,0.35240,0.11885,0.12366,0.24251,0.54346,0.51961,3.05977,2.78836,33.46677,27.28907,3.11103,2.78536,3.21817,2.60334,62.91763,51.30352,0.55976,0.61777,2.94092,0.07369,0.04516,2.66469,0.07667,0.04699,3.71946,0.43358
2026020956,2027-02-18,NSH,TOR,0.57135,0.45621,0.31149,0.11514,0.11716,0.23230,0.55923,0.56547,3.51016,2.84483,33.33157,27.39116,3.44505,2.76868,3.06232,2.44600,62.66358,51.49565,0.71610,0.48715,3.39503,0.07138,0.04375,2.72767,0.07264,0.04452,3.88748,0.51077
2026020957,2027-02-18,DAL,PHI,0.59097,0.46930,0.29564,0.12167,0.11339,0.23505,0.60232,0.59136,3.33670,2.69050,29.79021,29.91177,3.18113,2.78360,3.23386,3.41291,56.00580,56.23434,0.68608,0.59249,3.21503,0.07543,0.04623,2.57712,0.07030,0.04309,3.79478,0.74665
2026020958,2027-02-18,MIN,LAK,0.61996,0.51170,0.26313,0.10827,0.11691,0.22517,0.60804,0.58403,3.64652,2.42503,32.29249,30.83124,3.51482,2.56763,2.78846,2.49410,60.71088,57.96352,0.77773,0.47715,3.53825,0.06713,0.04114,2.30813,0.07248,0.04442,3.88611,0.56975
2026020959,2027-02-18,VAN,OTT,0.34980,0.24497,0.53571,0.10483,0.11448,0.21932,0.42592,0.37626,2.50073,3.73478,27.87589,30.93506,2.55072,3.42277,2.97461,2.46954,52.40756,58.15845,0.54904,0.65005,2.39590,0.06500,0.03984,3.62030,0.07098,0.04350,3.93258,0.46231
2026020960,2027-02-18,VGK,CBJ,0.60836,0.48330,0.28203,0.12506,0.10962,0.23468,0.58879,0.62434,3.30262,2.62717,31.95262,28.30526,3.18929,2.74552,2.78211,2.69923,60.07165,53.21442,0.67747,0.43407,3.17756,0.07754,0.04752,2.51755,0.06796,0.04166,3.76973,0.56132
2026020961,2027-02-19,WSH,SJS,0.61318,0.49549,0.27754,0.11769,0.10928,0.22697,0.64464,0.60210,3.60214,2.74040,30.39040,29.30929,3.30280,2.80707,3.03249,2.95357,57.13423,55.10165,0.70940,0.53292,3.48445,0.07297,0.04472,2.63112,0.06775,0.04153,3.90454,0.70146
2026020962,2027-02-19,CAR,DET,0.68474,0.56035,0.22194,0.12438,0.09332,0.21770,0.66277,0.70747,3.65135,2.54818,32.06741,25.70590,3.51625,2.59356,2.50413,2.78074,60.28748,48.32751,0.64269,0.54079,3.52697,0.07712,0.04726,2.45486,0.05786,0.03546,3.89738,0.70041
2026020963,2027-02-19,WPG,STL,0.52350,0.40557,0.35243,0.11793,0.12408,0.24201,0.53721,0.51861,3.09194,2.80264,30.54207,28.72817,3.09820,2.71523,3.10669,3.08270,57.41922,54.00900,0.63674,0.51042,2.97401,0.07312,0.04481,2.67856,0.07693,0.04715,3.73357,0.65435
2026020964,2027-02-19,CGY,PIT,0.43141,0.32091,0.44148,0.11049,0.12711,0.23760,0.50788,0.42092,2.86828,3.22100,29.62046,30.88925,2.92197,3.18818,2.85886,2.86110,55.68689,58.07233,0.47935,0.56525,2.75778,0.06851,0.04199,3.09390,0.07881,0.04830,3.79178,0.41232
2026020965,2027-02-19,EDM,BOS,0.57824,0.46219,0.30551,0.11604,0.11625,0.23230,0.55886,0.57523,3.49077,2.79668,32.39216,27.71809,3.43209,2.81413,2.77143,2.58582,60.89767,52.11011,0.81986,0.57054,3.37473,0.07195,0.04410,2.68043,0.07208,0.04418,3.87180,0.66535
2026020966,2027-02-19,UTA,SEA,0.63067,0.50604,0.26404,0.12462,0.10529,0.22992,0.60639,0.64827,3.42917,2.61848,30.75292,29.03774,3.42687,2.68220,2.79349,3.18870,57.81571,54.59112,0.66091,0.58451,3.30454,0.07727,0.04736,2.51319,0.06528,0.04001,3.81697,0.61651
2026020967,2027-02-20,PHI,NYR,0.51201,0.38925,0.36531,0.12276,0.12268,0.24544,0.55920,0.51385,2.88004,2.80173,31.26579,28.68699,3.00406,2.69955,3.18395,2.97293,58.77991,53.93170,0.60019,0.64037,2.75728,0.07611,0.04665,2.67905,0.07606,0.04662,3.66590,0.33963
2026020968,2027-02-20,NJD,BUF,0.52707,0.41585,0.34892,0.11122,0.12401,0.23523,0.48520,0.52266,3.44942,2.99065,31.03655,28.45298,3.32986,2.78229,2.84444,2.85963,58.34905,53.49183,0.64908,0.52661,3.33820,0.06896,0.04226,2.86664,0.07689,0.04713,3.89462,0.57558
2026020969,2027-02-20,CHI,MIN,0.38097,0.27081,0.50263,0.11016,0.11640,0.22656,0.41861,0.41562,2.58955,3.59491,27.30937,31.97794,2.62875,3.29294,2.85130,2.53122,51.34200,60.11919,0.52550,0.63518,2.47939,0.06830,0.04186,3.47851,0.07217,0.04423,3.88245,0.29908
2026020970,2027-02-20,FLA,ANA,0.61931,0.51311,0.26825,0.10620,0.11244,0.21864,0.58917,0.59558,4.02333,2.79316,28.48481,30.59189,3.86054,2.82177,3.09041,2.92780,53.55190,57.51331,0.92403,0.57994,3.91713,0.06584,0.04036,2.68072,0.06971,0.04273,4.08170,0.69691
2026020971,2027-02-20,CBJ,NSH,0.58150,0.46396,0.29980,0.11755,0.11870,0.23625,0.57850,0.57055,3.31886,2.59588,32.06283,27.91553,3.38724,2.61719,2.69922,2.61614,60.27826,52.48131,0.47214,0.56563,3.20131,0.07288,0.04467,2.47718,0.07359,0.04511,3.77126,0.54129
2026020972,2027-02-20,MTL,NYI,0.57254,0.44773,0.31582,0.12482,0.11163,0.23645,0.60215,0.58394,3.27950,2.88599,26.73991,31.91991,3.29668,2.94082,2.60439,2.98542,50.27123,60.00954,0.66123,0.54597,3.15468,0.07739,0.04743,2.77436,0.06921,0.04242,3.81469,0.55875
2026020973,2027-02-20,TBL,TOR,0.66570,0.55265,0.23022,0.11305,0.10408,0.21713,0.64446,0.65313,3.73572,2.40673,35.62315,25.47432,3.72266,2.45409,3.20415,2.75677,66.97160,47.89186,0.71605,0.48963,3.62267,0.07009,0.04296,2.30265,0.06453,0.03955,3.92301,0.68138
2026020974,2027-02-20,DAL,VGK,0.51906,0.40657,0.35466,0.11249,0.12628,0.23877,0.55862,0.49382,3.27569,2.88338,28.86964,31.30006,3.15817,2.96237,3.34543,3.19886,54.27482,58.84410,0.66855,0.60720,3.16320,0.06974,0.04275,2.75710,0.07829,0.04799,3.81365,0.63809
2026020975,2027-02-20,VAN,COL,0.26621,0.17958,0.62896,0.08663,0.10483,0.19146,0.36689,0.28656,2.38671,4.29780,25.74577,33.71426,2.51738,3.71922,2.83866,2.49223,48.40251,63.38313,0.52537,0.74585,2.30007,0.05371,0.03292,4.19297,0.06499,0.03983,4.19362,0.34987
2026020976,2027-02-20,LAK,SEA,0.64613,0.54445,0.23986,0.10168,0.11401,0.21569,0.57845,0.60954,3.89846,2.34841,33.75314,29.61188,3.59573,2.51694,2.59694,2.70204,63.45675,55.67124,0.73093,0.45231,3.79678,0.06304,0.03864,2.23440,0.07068,0.04332,3.99867,0.65088
2026020977,2027-02-21,CAR,NYR,0.70206,0.58569,0.20432,0.11637,0.09362,0.21000,0.66055,0.71023,3.80664,2.38388,36.32811,23.90402,3.68967,2.41438,3.15488,2.72060,68.29730,44.93975,0.76231,0.50212,3.69027,0.07215,0.04422,2.29026,0.05805,0.03558,3.95252,0.60331
2026020978,2027-02-21,DET,BUF,0.48979,0.38075,0.38075,0.10905,0.12945,0.23850,0.48322,0.47389,3.26233,3.01255,29.53147,27.32481,3.13626,2.80693,2.92687,2.56248,55.51952,51.37097,0.66336,0.56228,3.15328,0.06761,0.04144,2.88310,0.08026,0.04919,3.83928,0.51083
2026020979,2027-02-21,CHI,NJD,0.37452,0.26701,0.50982,0.10751,0.11566,0.22317,0.46818,0.39197,2.68544,3.73049,26.75248,32.41097,2.68186,3.32651,2.80102,2.34198,50.29573,60.93373,0.48012,0.60909,2.57792,0.06666,0.04086,3.61483,0.07171,0.04395,3.95006,0.32452
2026020980,2027-02-21,FLA,SJS,0.62963,0.50628,0.26724,0.12335,0.10312,0.22647,0.63032,0.64410,3.59450,2.79554,33.45189,32.15109,3.48217,2.79461,2.99888,3.26447,62.89032,60.44520,0.77939,0.54884,3.47115,0.07648,0.04687,2.69242,0.06394,0.03919,3.90915,0.69957
2026020981,2027-02-21,WSH,NSH,0.62065,0.51605,0.26313,0.10460,0.11622,0.22081,0.60187,0.58133,3.84836,2.53700,30.88575,27.89901,3.53452,2.66882,3.05441,2.51527,58.06559,52.45048,0.69071,0.50200,3.74376,0.06485,0.03975,2.42078,0.07205,0.04416,3.98620,0.57538
2026020982,2027-02-21,STL,UTA,0.48513,0.36842,0.38898,0.11672,0.12589,0.24260,0.54646,0.47490,2.95754,2.95928,29.33679,31.83486,2.96949,3.08738,3.51031,3.33001,55.15298,59.84949,0.57755,0.67005,2.84082,0.07236,0.04435,2.83339,0.07805,0.04784,3.73383,0.49162
2026020983,2027-02-21,WPG,PIT,0.50813,0.39793,0.36328,0.11020,0.12859,0.23879,0.53739,0.48050,3.29486,2.91734,28.10712,27.97866,3.13758,2.82777,2.67775,2.67110,52.84178,52.60030,0.58731,0.55822,3.18466,0.06833,0.04188,2.78875,0.07972,0.04886,3.82768,0.59038
2026020984,2027-02-21,CGY,OTT,0.36658,0.25665,0.51898,0.10992,0.11444,0.22436,0.48139,0.38974,2.43286,3.58844,28.74228,33.12269,2.61644,3.47912,3.18922,3.08578,54.03562,62.27095,0.45581,0.68364,2.32294,0.06815,0.04177,3.47400,0.07095,0.04349,3.86178,0.41687
2026020985,2027-02-21,VAN,BOS,0.35568,0.24310,0.54204,0.11257,0.10229,0.21486,0.44609,0.41712,2.38547,3.94282,28.38703,32.59346,2.62092,3.66168,2.89273,2.79443,53.36833,61.27623,0.50899,0.74097,2.27290,0.06979,0.04278,3.84053,0.06342,0.03887,4.02370,0.51207
2026020986,2027-02-22,PHI,MTL,0.47418,0.35782,0.40256,0.11636,0.12326,0.23963,0.51304,0.47790,2.99648,3.13523,29.47930,27.13311,3.05417,2.97269,2.96553,2.93263,55.42134,51.01068,0.61180,0.70961,2.88011,0.07215,0.04422,3.01197,0.07642,0.04684,3.79621,0.42453
2026020987,2027-02-22,CBJ,NYI,0.56685,0.44491,0.31462,0.12194,0.11853,0.24047,0.57130,0.56734,3.14685,2.64002,30.61846,31.15504,3.31916,2.67542,2.62780,2.90985,57.56271,58.57166,0.50371,0.50973,3.02491,0.07560,0.04634,2.52148,0.07349,0.04504,3.71492,0.54572
2026020988,2027-02-22,EDM,OTT,0.54644,0.43307,0.33079,0.11337,0.12278,0.23614,0.53856,0.53304,3.39079,2.82348,30.53920,27.71748,3.20292,2.80669,2.74062,2.48705,57.41441,52.10922,0.79798,0.57619,3.27743,0.07029,0.04308,2.70071,0.07612,0.04665,3.84084,0.61901
2026020989,2027-02-22,COL,VGK,0.58013,0.45856,0.30896,0.12157,0.11091,0.23248,0.59866,0.58786,3.45462,2.94121,29.79832,27.30795,3.28718,2.82757,2.94392,2.70486,56.02131,51.33936,0.65017,0.62293,3.33306,0.07537,0.04620,2.83030,0.06876,0.04215,3.88553,0.67331
2026020990,2027-02-22,SEA,BOS,0.47145,0.35803,0.40451,0.11341,0.12404,0.23746,0.49067,0.47386,3.09331,3.18715,32.23626,31.30010,3.13984,3.18832,3.35020,2.87126,60.60482,58.84467,0.61038,0.66592,2.97990,0.07032,0.04310,3.06311,0.07691,0.04714,3.83692,0.48844
2026020991,2027-02-23,TOR,DET,0.49309,0.37450,0.38628,0.11859,0.12063,0.23922,0.52951,0.50046,3.07032,3.12462,25.97052,33.43054,2.92913,3.10322,2.30505,2.88425,48.82480,62.84973,0.54731,0.66768,2.95173,0.07353,0.04507,3.00399,0.07479,0.04584,3.81269,0.57025
2026020992,2027-02-23,TBL,SJS,0.67104,0.55202,0.22974,0.11902,0.09922,0.21824,0.67711,0.67039,3.70359,2.51859,35.15354,28.79189,3.57455,2.59042,3.29264,3.47677,66.08896,54.12916,0.74433,0.54790,3.58457,0.07379,0.04523,2.41936,0.06152,0.03770,3.91748,0.81452
2026020993,2027-02-23,NJD,CAR,0.44358,0.34386,0.41775,0.09972,0.13867,0.23839,0.43418,0.40807,3.27327,3.10404,29.06086,32.31175,3.20424,2.99939,2.93242,2.65607,54.63474,60.74646,0.61783,0.52614,3.17355,0.06183,0.03789,2.96537,0.08598,0.05269,3.86514,0.43978
2026020994,2027-02-23,WSH,NYR,0.55873,0.43881,0.32410,0.11993,0.11716,0.23709,0.58823,0.55443,3.26688,2.81081,30.65265,28.84161,3.17212,2.81010,3.16469,2.77319,57.62700,54.22235,0.65312,0.60949,3.14695,0.07435,0.04557,2.69365,0.07264,0.04452,3.79439,0.47257
2026020995,2027-02-23,CHI,NYI,0.45966,0.34526,0.41467,0.11440,0.12567,0.24007,0.47445,0.46609,2.92641,3.12003,27.42534,32.26421,2.97745,2.95816,2.94313,2.63533,51.56020,60.65727,0.59992,0.45842,2.81201,0.07093,0.04347,2.99437,0.07791,0.04775,3.77352,0.39145
2026020996,2027-02-23,NSH,WPG,0.53449,0.41417,0.34615,0.12032,0.11936,0.23968,0.53373,0.54320,3.16286,2.89715,28.36987,29.92881,3.00263,2.87415,2.70342,2.77161,53.33555,56.26643,0.61632,0.52511,3.04254,0.07460,0.04572,2.77778,0.07401,0.04536,3.77955,0.44648
2026020997,2027-02-23,DAL,VAN,0.73125,0.63770,0.17466,0.09355,0.09409,0.18764,0.68660,0.68996,4.28661,2.11076,31.10018,25.54737,3.86900,2.30589,2.93138,2.77189,58.46879,48.02924,0.80986,0.44559,4.19307,0.05800,0.03555,2.01667,0.05834,0.03576,4.19964,0.68985
2026020998,2027-02-23,MIN,PIT,0.59624,0.49240,0.28315,0.10384,0.12061,0.22445,0.58399,0.55302,3.83433,2.64695,30.52988,28.73961,3.58473,2.66350,2.69601,2.57660,57.39677,54.03080,0.73801,0.51748,3.73049,0.06438,0.03946,2.52633,0.07478,0.04583,3.98993,0.59133
2026020999,2027-02-24,PHI,BUF,0.45700,0.34691,0.41203,0.11009,0.13097,0.24107,0.49481,0.43986,2.99690,3.04359,29.20204,29.07532,2.99660,2.87787,3.26218,3.12280,54.90021,54.66185,0.62545,0.61385,2.88681,0.06826,0.04184,2.91262,0.08120,0.04977,3.76917,0.40632
2026021000,2027-02-24,UTA,CGY,0.64519,0.52511,0.24824,0.12008,0.10658,0.22666,0.59563,0.65322,3.47308,2.43147,30.97317,29.54615,3.48625,2.56355,2.82682,3.24648,58.22996,55.54688,0.56327,0.53868,3.35300,0.07445,0.04563,2.32490,0.06608,0.04050,3.80838,0.63836
2026021001,2027-02-24,VGK,FLA,0.53860,0.41465,0.34848,0.12394,0.11293,0.23687,0.58037,0.55444,3.25060,3.12818,31.32906,28.17288,3.11719,2.93018,2.76437,2.80386,58.89951,52.96556,0.58722,0.68900,3.12666,0.07684,0.04710,3.01525,0.07002,0.04291,3.86395,0.52497
2026021002,2027-02-24,ANA,SEA,0.60441,0.48481,0.28909,0.11960,0.10650,0.22610,0.57178,0.62326,3.72244,3.01827,32.40366,27.99041,3.53915,3.05113,2.77265,3.13564,60.91936,52.62252,0.75494,0.62886,3.60284,0.07415,0.04545,2.91177,0.06603,0.04047,3.99253,0.47052
2026021003,2027-02-24,LAK,MTL,0.49607,0.37822,0.38603,0.11785,0.11790,0.23576,0.49428,0.51656,3.18755,3.25315,32.59326,27.87041,3.27883,3.07776,2.83968,2.70004,61.27594,52.39710,0.61934,0.72865,3.06969,0.07307,0.04478,3.13524,0.07310,0.04480,3.88052,0.58767
2026021004,2027-02-25,OTT,DET,0.62291,0.50998,0.26481,0.11293,0.11228,0.22521,0.59357,0.60956,3.62406,2.53967,29.63109,26.14773,3.43616,2.51860,2.72457,2.69655,55.70676,49.15792,0.71471,0.54610,3.51112,0.07002,0.04291,2.42739,0.06961,0.04267,3.88750,0.58171
2026021005,2027-02-25,PIT,TOR,0.58457,0.45853,0.30843,0.12604,0.10699,0.23304,0.58808,0.61071,3.41749,3.01878,32.52283,25.85851,3.42338,2.82528,2.92634,2.38291,61.14339,48.61435,0.61252,0.55050,3.29144,0.07815,0.04790,2.91179,0.06633,0.04066,3.88903,0.55839
2026021006,2027-02-25,CAR,SJS,0.71702,0.58922,0.19907,0.12780,0.08391,0.21171,0.71191,0.74879,3.79423,2.62031,36.60615,26.83660,3.68765,2.62483,3.09923,3.33597,68.82023,50.45315,0.72128,0.54107,3.66642,0.07924,0.04856,2.53640,0.05202,0.03188,3.96435,0.81004
2026021007,2027-02-25,BOS,WSH,0.50257,0.38132,0.38098,0.12125,0.11646,0.23770,0.53286,0.52183,3.09271,3.18742,30.26691,29.63393,3.27591,3.06163,2.86630,3.20657,56.90184,55.71194,0.55690,0.69581,2.97146,0.07517,0.04607,3.07096,0.07220,0.04425,3.83697,0.49826
2026021008,2027-02-25,STL,VAN,0.67162,0.56419,0.22311,0.10743,0.10527,0.21270,0.64479,0.64547,3.81569,2.30371,31.79002,27.86942,3.59301,2.44224,3.01375,2.71741,59.76557,52.39483,0.59773,0.51533,3.70826,0.06660,0.04082,2.19843,0.06527,0.04000,3.95520,0.54660
2026021009,2027-02-25,NSH,EDM,0.45187,0.33468,0.42823,0.11718,0.11990,0.23708,0.50611,0.46686,2.89035,3.30776,27.43970,32.18490,2.83921,3.15888,2.51797,2.42766,51.58671,60.50806,0.58608,0.69072,2.77316,0.07265,0.04453,3.18786,0.07434,0.04556,3.82606,0.41912
2026021010,2027-02-25,DAL,TBL,0.50663,0.38787,0.37239,0.11876,0.12098,0.23974,0.53780,0.51036,3.11057,3.03984,29.92940,31.59576,3.08189,3.06121,3.65111,3.32519,56.26722,59.39988,0.68840,0.61594,2.99181,0.07363,0.04513,2.91886,0.07501,0.04597,3.80033,0.49214
2026021011,2027-02-25,COL,WPG,0.68493,0.56514,0.22044,0.11978,0.09463,0.21442,0.64707,0.70188,3.79878,2.57494,32.66744,25.47517,3.52945,2.56894,2.79505,2.70512,61.41507,47.89359,0.70766,0.52786,3.67900,0.07427,0.04552,2.48030,0.05867,0.03596,3.96373,0.59723
2026021012,2027-02-26,BUF,OTT,0.54036,0.41963,0.34390,0.12073,0.11574,0.23647,0.57270,0.54660,3.29688,3.04522,28.24755,27.99947,3.05918,2.95916,3.29731,2.88036,53.10587,52.63951,0.66218,0.61251,3.17615,0.07485,0.04588,2.92948,0.07176,0.04398,3.85728,0.52996
2026021013,2027-02-26,NYI,PHI,0.54568,0.42511,0.33227,0.12057,0.12205,0.24262,0.53440,0.54842,3.07435,2.67257,32.55197,28.71984,3.05497,2.79374,3.17758,2.79880,61.19809,53.99369,0.54239,0.57025,2.95377,0.07476,0.04582,2.55052,0.07567,0.04638,3.69647,0.63260
2026021014,2027-02-26,NYR,WSH,0.54130,0.42842,0.33446,0.11287,0.12424,0.23712,0.51158,0.53202,3.30905,2.75886,30.31975,29.75614,3.21683,2.77545,2.97399,2.94899,57.00157,55.94190,0.70668,0.55638,3.19617,0.06998,0.04289,2.63462,0.07703,0.04721,3.79919,0.60693
2026021015,2027-02-26,CBJ,NJD,0.52503,0.40922,0.35234,0.11581,0.12263,0.23843,0.56513,0.51139,3.26140,2.93979,31.86716,31.49492,3.24237,2.93101,2.76983,2.56491,59.91059,59.21087,0.47799,0.61050,3.14559,0.07180,0.04401,2.81716,0.07603,0.04660,3.82148,0.47390
2026021016,2027-02-26,CHI,LAK,0.43597,0.31963,0.44248,0.11635,0.12155,0.23790,0.47730,0.45490,2.73034,3.24341,27.55079,32.39083,2.78361,3.08227,2.92472,2.52118,51.79621,60.89557,0.55975,0.53381,2.61399,0.07213,0.04421,3.12186,0.07536,0.04619,3.76974,0.33311
2026021017,2027-02-26,UTA,FLA,0.48314,0.35568,0.40513,0.12745,0.11174,0.23919,0.54623,0.52151,2.82403,3.28483,29.81624,29.81553,2.96189,3.17536,2.95005,3.13024,56.05474,56.05326,0.50857,0.85469,2.69657,0.07902,0.04843,3.17310,0.06928,0.04246,3.80477,0.52542
2026021018,2027-02-26,VGK,ANA,0.62516,0.50878,0.26732,0.11638,0.10752,0.22390,0.61854,0.62205,3.72444,2.75243,28.92334,27.15443,3.61880,2.75667,2.95581,2.90305,54.37637,51.05076,0.75827,0.58443,3.60806,0.07215,0.04422,2.64491,0.06666,0.04086,3.95414,0.68582
2026021019,2027-02-27,BOS,DET,0.54900,0.43229,0.33147,0.11671,0.11953,0.23624,0.57364,0.53908,3.34005,2.87190,28.55598,30.27294,3.26698,2.88935,2.64128,2.95677,53.68540,56.91335,0.61936,0.65593,3.22334,0.07236,0.04435,2.75237,0.07411,0.04542,3.83269,0.53181
2026021020,2027-02-27,DAL,EDM,0.53072,0.40686,0.35436,0.12386,0.11492,0.23878,0.58205,0.54250,3.14673,3.05716,27.34544,29.64198,3.02420,2.98637,2.81020,2.69168,51.40955,55.72720,0.66427,0.71289,3.02287,0.07679,0.04707,2.94225,0.07125,0.04367,3.81542,0.54077
2026021021,2027-02-27,STL,MIN,0.43754,0.31721,0.44746,0.12033,0.11500,0.23533,0.51612,0.46680,2.72071,3.41175,30.26911,33.65269,2.79315,3.34512,3.10183,3.19029,56.90600,63.26758,0.48016,0.82574,2.60038,0.07461,0.04573,3.29674,0.07130,0.04370,3.83032,0.41938
2026021022,2027-02-27,BUF,TOR,0.61151,0.48439,0.28572,0.12712,0.10278,0.22989,0.63492,0.63382,3.47222,2.92192,32.01432,26.75982,3.37413,2.79342,3.03240,2.74951,60.18739,50.30866,0.61460,0.59155,3.34511,0.07881,0.04831,2.81915,0.06372,0.03905,3.88736,0.54384
2026021023,2027-02-27,PHI,SJS,0.54407,0.41472,0.34455,0.12935,0.11138,0.24073,0.61701,0.56243,3.05093,2.99885,33.22469,33.90861,3.08498,2.96093,3.17108,3.63768,62.46385,63.74974,0.61429,0.67712,2.92158,0.08020,0.04915,2.88747,0.06906,0.04232,3.77183,0.57138
2026021024,2027-02-27,CAR,TBL,0.58083,0.44186,0.31719,0.13897,0.10198,0.24095,0.59041,0.63821,3.03639,2.99006,31.99192,27.78061,3.12737,2.92639,3.16058,3.10343,60.14496,52.22754,0.58137,0.59564,2.89742,0.08616,0.05281,2.88808,0.06323,0.03875,3.76519,0.54106
2026021025,2027-02-27,CBJ,NYI,0.55802,0.43293,0.32462,0.12509,0.11736,0.24245,0.57130,0.56734,3.03241,2.67921,31.42055,31.79981,3.29667,2.73724,2.69206,2.90380,59.07118,59.78429,0.49788,0.52080,2.90732,0.07755,0.04753,2.56185,0.07277,0.04460,3.68330,0.54572
2026021026,2027-02-27,COL,FLA,0.62069,0.50215,0.27315,0.11854,0.10616,0.22470,0.62778,0.62220,3.70034,2.83573,33.99570,25.91788,3.50974,2.82711,3.08121,2.66569,63.91245,48.72604,0.70473,0.65125,3.58179,0.07350,0.04505,2.72957,0.06582,0.04034,3.95606,0.65673
2026021027,2027-02-27,ANA,MTL,0.42965,0.31023,0.46465,0.11942,0.10571,0.22513,0.48746,0.48252,2.96736,3.93751,29.74433,26.89975,3.07711,3.63506,2.67069,3.13316,55.91979,50.57203,0.56412,0.94922,2.84794,0.07404,0.04538,3.83180,0.06554,0.04017,4.06780,0.39509
2026021028,2027-02-27,SEA,WPG,0.47600,0.35457,0.40520,0.12143,0.11880,0.24023,0.50957,0.49901,2.88553,3.17624,29.31526,30.60639,2.88695,3.03842,2.86448,2.73982,55.11287,57.54028,0.51215,0.66021,2.76410,0.07529,0.04614,3.05743,0.07366,0.04515,3.78150,0.39247
2026021029,2027-02-27,NSH,LAK,0.54778,0.43485,0.32857,0.11292,0.12365,0.23658,0.54572,0.52964,3.36675,2.76815,31.36121,31.61902,3.26037,2.85659,2.97041,2.56972,58.95980,59.44457,0.73764,0.47393,3.25383,0.07001,0.04291,2.64450,0.07666,0.04699,3.82163,0.47891
2026021030,2027-02-27,VAN,CGY,0.47543,0.35607,0.40084,0.11936,0.12373,0.24309,0.49436,0.48897,2.83446,3.00634,29.85353,32.38370,2.90965,3.00434,2.71307,2.79051,56.12526,60.88172,0.50335,0.51852,2.71510,0.07400,0.04536,2.88260,0.07671,0.04702,3.71421,0.58607
2026021031,2027-02-28,PIT,NYR,0.52678,0.39530,0.36607,0.13148,0.10714,0.23863,0.56533,0.57272,3.01261,3.23771,29.65571,27.72652,3.03595,2.93975,2.84169,2.71818,55.75303,52.12622,0.55850,0.69819,2.88113,0.08152,0.04996,3.13056,0.06643,0.04071,3.83228,0.48127
2026021032,2027-02-28,MIN,NJD,0.50211,0.37839,0.38271,0.12371,0.11519,0.23890,0.59929,0.51058,3.02015,3.18345,29.42998,32.61487,3.02391,3.07201,2.48954,2.63884,55.32890,61.31656,0.52050,0.69151,2.89644,0.07670,0.04701,3.06827,0.07142,0.04377,3.81710,0.56829
2026021033,2027-02-28,CHI,COL,0.33285,0.24169,0.53647,0.09115,0.13068,0.22184,0.36729,0.31741,2.83382,3.67948,26.33726,32.79466,2.83421,3.29137,3.28302,2.41830,49.51461,61.65434,0.63375,0.57165,2.74267,0.05651,0.03464,3.54880,0.08102,0.04966,3.94724,0.24348
2026021034,2027-02-28,TBL,UTA,0.55596,0.43232,0.32530,0.12365,0.11874,0.24239,0.60454,0.55116,3.06698,2.68358,28.17611,29.46399,3.05797,2.82763,2.85195,3.43623,52.97139,55.39255,0.61241,0.61454,2.94333,0.07666,0.04699,2.56484,0.07362,0.04512,3.69623,0.68412
2026021035,2027-02-28,STL,DAL,0.44071,0.32059,0.44619,0.12011,0.11310,0.23321,0.50336,0.47614,2.81052,3.51476,33.47436,35.46976,3.03063,3.37183,3.80628,3.61224,62.93180,66.68389,0.49557,0.83536,2.69040,0.07447,0.04564,3.40166,0.07012,0.04298,3.88460,0.39462
2026021036,2027-03-01,TOR,DET,0.49133,0.37483,0.38599,0.11650,0.12268,0.23918,0.52951,0.49075,3.10117,3.09728,26.08459,33.36726,2.94536,3.08284,2.32181,2.86473,49.03927,62.73077,0.55640,0.65841,2.98467,0.07223,0.04427,2.97460,0.07606,0.04662,3.81343,0.57025
2026021037,2027-03-01,NYI,WSH,0.49087,0.37608,0.38413,0.11479,0.12500,0.23979,0.50478,0.48924,3.11381,3.04165,32.32849,28.18479,3.17225,2.96347,2.96822,2.76774,60.77781,52.98749,0.51597,0.61805,2.99902,0.07117,0.04362,2.91666,0.07750,0.04750,3.80180,0.50033
2026021038,2027-03-01,CBJ,CAR,0.43022,0.33315,0.42448,0.09706,0.14530,0.24236,0.44910,0.37576,3.15400,2.95533,30.57243,33.06872,3.22974,3.00488,3.29621,2.76588,57.47619,62.16950,0.53953,0.59070,3.05694,0.06018,0.03688,2.81003,0.09009,0.05521,3.79191,0.37179
2026021039,2027-03-01,WPG,SEA,0.58746,0.46878,0.29480,0.11868,0.11774,0.23642,0.59017,0.57684,3.30374,2.56734,30.15725,28.11505,3.24267,2.59350,2.69416,2.71337,56.69584,52.85650,0.63353,0.47700,3.18506,0.07358,0.04510,2.44960,0.07300,0.04474,3.76012,0.68082
2026021040,2027-03-01,CHI,EDM,0.34291,0.23457,0.55296,0.10833,0.10413,0.21247,0.43786,0.39356,2.39985,3.97114,24.62242,32.61190,2.49078,3.38962,2.57831,2.29175,46.29064,61.31113,0.48196,0.78273,2.29152,0.06717,0.04117,3.86701,0.06456,0.03957,4.03688,0.27246
2026021041,2027-03-01,LAK,ANA,0.55807,0.44986,0.31977,0.10822,0.12216,0.23038,0.55694,0.53044,3.66627,2.88940,28.71084,30.44038,3.52184,2.92741,2.74842,2.85755,53.97702,57.22854,0.68609,0.65574,3.55805,0.06709,0.04112,2.76724,0.07574,0.04642,3.95305,0.71632
2026021042,2027-03-01,SJS,MTL,0.42667,0.31734,0.45178,0.10933,0.12155,0.23088,0.44442,0.44006,3.06852,3.55408,28.94582,30.27488,2.99238,3.24306,2.81580,3.01260,54.41837,56.91734,0.54903,0.82499,2.95919,0.06779,0.04155,3.43254,0.07536,0.04619,3.94501,0.39251
2026021043,2027-03-02,BUF,PIT,0.59636,0.48524,0.28993,0.11112,0.11371,0.22482,0.59841,0.57844,3.79745,2.86729,28.41354,27.53838,3.41522,2.81414,2.91422,2.81062,53.41783,51.77238,0.67551,0.54462,3.68633,0.06889,0.04222,2.75358,0.07050,0.04321,3.99883,0.52756
2026021044,2027-03-02,FLA,UTA,0.57947,0.46743,0.29985,0.11203,0.12068,0.23271,0.55416,0.56071,3.49138,2.64219,29.86837,29.23211,3.39851,2.74040,3.13981,2.85080,56.15258,54.95658,0.85229,0.50141,3.37934,0.06946,0.04257,2.52151,0.07482,0.04586,3.84726,0.55427
2026021045,2027-03-02,NJD,OTT,0.49724,0.38044,0.38252,0.11680,0.12025,0.23704,0.50804,0.50702,3.17703,3.16675,29.88203,29.96549,3.11666,2.98969,2.84470,2.80326,56.17871,56.33544,0.62158,0.59327,3.06024,0.07241,0.04438,3.04651,0.07455,0.04569,3.85370,0.56401
2026021046,2027-03-02,PHI,VGK,0.43783,0.32832,0.42968,0.10952,0.13248,0.24200,0.50548,0.41590,2.84716,3.03151,29.00953,31.31760,2.87962,2.95948,3.20243,2.85822,54.53837,58.87754,0.57566,0.62673,2.73765,0.06790,0.04162,2.89903,0.08214,0.05034,3.72515,0.41930
2026021047,2027-03-02,NSH,COL,0.39576,0.29436,0.47612,0.10140,0.12812,0.22952,0.43301,0.38553,3.05987,3.55875,27.36151,33.25366,2.99540,3.30917,3.01808,2.71474,51.43986,62.51732,0.66630,0.62321,2.95847,0.06287,0.03853,3.43063,0.07943,0.04869,3.94424,0.38418
2026021048,2027-03-03,TOR,SEA,0.55573,0.43788,0.32631,0.11785,0.11796,0.23581,0.56507,0.55272,3.35712,2.87631,28.59500,33.64569,3.19785,2.96491,2.53074,3.06510,53.75877,63.25407,0.63427,0.54939,3.23926,0.07307,0.04478,2.75835,0.07313,0.04482,3.83930,0.62885
2026021049,2027-03-03,NYR,BOS,0.51967,0.40142,0.35992,0.11825,0.12041,0.23866,0.52901,0.52492,3.17758,2.99060,29.34420,31.78088,3.10558,3.03375,3.03604,3.13712,55.16733,59.74799,0.70004,0.64151,3.05933,0.07331,0.04493,2.87019,0.07466,0.04576,3.80753,0.64725
2026021050,2027-03-03,WSH,CAR,0.42725,0.32957,0.43299,0.09768,0.13976,0.23744,0.47311,0.37700,3.23823,3.16017,26.70171,33.89936,3.04561,3.23980,3.25953,2.80681,50.19930,63.73106,0.62628,0.59020,3.14055,0.06056,0.03712,3.02041,0.08665,0.05311,3.86921,0.40924
2026021051,2027-03-03,DAL,MIN,0.53435,0.41180,0.34943,0.12255,0.11622,0.23877,0.56280,0.54595,3.16733,2.99884,29.02208,30.05018,3.04783,3.01930,2.92625,3.08551,54.56177,56.49465,0.65866,0.65651,3.04478,0.07598,0.04657,2.88262,0.07206,0.04416,3.80631,0.56457
2026021052,2027-03-03,CGY,EDM,0.39047,0.27201,0.50074,0.11846,0.10879,0.22725,0.49311,0.43788,2.42050,3.61150,28.65054,33.02072,2.58724,3.39008,2.68161,2.43081,53.86305,62.07951,0.44321,0.73485,2.30204,0.07345,0.04501,3.50271,0.06745,0.04134,3.87210,0.34139
2026021053,2027-03-03,VAN,CHI,0.49762,0.36890,0.39053,0.12871,0.11185,0.24057,0.54977,0.53600,2.85912,3.20768,28.97493,28.71173,2.82916,3.03333,2.47179,2.67486,54.47372,53.97878,0.47898,0.60233,2.73041,0.07980,0.04891,3.09583,0.06935,0.04250,3.78617,0.65822
2026021054,2027-03-03,LAK,TBL,0.43980,0.32624,0.43591,0.11356,0.12429,0.23786,0.46575,0.45103,2.84890,3.23168,31.58488,30.61878,2.92213,3.05408,3.24474,2.68936,59.38037,57.56393,0.58559,0.63926,2.73534,0.07041,0.04315,3.10738,0.07706,0.04723,3.79109,0.43730
2026021055,2027-03-03,SJS,CBJ,0.42994,0.31398,0.45245,0.11596,0.11762,0.23358,0.47602,0.45624,2.80369,3.44394,30.21336,34.97154,2.85454,3.25514,3.08473,2.97314,56.80165,65.74695,0.55352,0.61851,2.68773,0.07190,0.04407,3.32633,0.07292,0.04469,3.85683,0.40547
2026021056,2027-03-04,BUF,STL,0.58573,0.46499,0.30134,0.12074,0.11294,0.23368,0.59823,0.58717,3.40989,2.79662,30.68379,28.88756,3.28036,2.78542,3.33271,3.39389,57.68562,54.30837,0.69449,0.53319,3.28915,0.07486,0.04588,2.68368,0.07002,0.04292,3.84169,0.59989
2026021057,2027-03-04,MTL,SEA,0.68585,0.58587,0.21071,0.09998,0.10344,0.20342,0.63199,0.65319,4.12895,2.34042,29.86310,27.49096,3.82482,2.52428,2.89518,2.52920,56.14309,51.68326,0.92254,0.41869,4.02896,0.06199,0.03799,2.23699,0.06413,0.03931,4.11020,0.61182
2026021058,2027-03-04,OTT,BOS,0.62703,0.52061,0.25944,0.10642,0.11353,0.21995,0.57040,0.60477,3.84361,2.55444,32.73783,27.38460,3.67153,2.68778,3.39158,3.01918,61.54776,51.48346,0.83338,0.53532,3.73719,0.06598,0.04044,2.44092,0.07039,0.04314,3.98500,0.58948
2026021059,2027-03-04,DET,NJD,0.47093,0.35002,0.41222,0.12090,0.11685,0.23775,0.54824,0.48679,2.92767,3.29465,28.72862,30.72409,2.84990,3.14143,2.53000,2.42682,54.01011,57.76161,0.51047,0.66192,2.80677,0.07496,0.04594,3.17780,0.07245,0.04440,3.83013,0.47602
2026021060,2027-03-04,FLA,PIT,0.60460,0.50141,0.27665,0.10319,0.11875,0.22194,0.55807,0.57048,3.93290,2.68005,29.84588,29.19793,3.60335,2.70847,2.71994,2.75687,56.11080,54.89264,0.78635,0.49106,3.82970,0.06398,0.03921,2.56130,0.07363,0.04513,4.03484,0.53105
2026021061,2027-03-04,NYI,VGK,0.46205,0.35273,0.40480,0.10933,0.13314,0.24247,0.48957,0.44057,2.99992,2.95255,30.99465,29.53179,2.98386,2.94179,3.27510,2.44013,58.27024,55.52003,0.53575,0.57088,2.89060,0.06778,0.04154,2.81941,0.08255,0.05060,3.74425,0.51528
2026021062,2027-03-04,NSH,UTA,0.49273,0.38270,0.37733,0.11003,0.12994,0.23996,0.51691,0.46874,3.20215,2.94092,29.16392,29.85461,3.11558,2.97204,3.19456,2.76396,54.82825,56.12694,0.75256,0.51962,3.09213,0.06822,0.04181,2.81098,0.08056,0.04938,3.80312,0.51971
2026021063,2027-03-05,NJD,VGK,0.49432,0.37925,0.38233,0.11507,0.12335,0.23842,0.49587,0.49820,3.15578,3.08606,30.77354,30.89928,3.17379,2.89388,2.81642,2.48808,57.85555,58.09155,0.59812,0.53538,3.04070,0.07134,0.04373,2.96271,0.07648,0.04687,3.82589,0.58552
2026021064,2027-03-05,PHI,DAL,0.46133,0.34299,0.41675,0.11834,0.12192,0.24026,0.49696,0.47673,2.84537,3.15823,31.07395,30.20618,2.98848,3.01586,3.54090,3.26174,58.41919,56.78786,0.59074,0.69429,2.72703,0.07337,0.04497,3.03631,0.07559,0.04633,3.76593,0.32371
2026021065,2027-03-05,CAR,TOR,0.71565,0.59354,0.19777,0.12210,0.08658,0.20868,0.68113,0.74152,3.84774,2.52889,36.98407,23.09830,3.84594,2.47863,3.01313,2.56635,69.53052,43.42495,0.70132,0.47694,3.72563,0.07570,0.04640,2.44231,0.05368,0.03290,3.98011,0.67832
2026021066,2027-03-05,WPG,WSH,0.48262,0.36093,0.40024,0.12169,0.11714,0.23883,0.51400,0.50769,2.95230,3.22129,29.59198,27.99272,3.04486,2.90689,2.83536,2.79613,55.63319,52.62656,0.55393,0.64205,2.83062,0.07545,0.04624,3.10415,0.07263,0.04451,3.81206,0.59716
2026021067,2027-03-05,CGY,CHI,0.53639,0.40777,0.34859,0.12863,0.11502,0.24365,0.60439,0.55015,2.92798,2.86648,30.70404,28.88834,2.96516,2.89197,2.74076,3.07337,57.72399,54.31054,0.42993,0.55152,2.79936,0.07975,0.04888,2.75146,0.07131,0.04371,3.69874,0.61178
2026021068,2027-03-05,ANA,TBL,0.43589,0.31654,0.45270,0.11935,0.11141,0.23076,0.45897,0.48482,2.85959,3.63336,29.55360,29.07985,2.94332,3.49045,3.34028,3.12661,55.56099,54.67037,0.62900,0.77736,2.74023,0.07400,0.04535,3.52196,0.06907,0.04233,3.93695,0.25070
2026021069,2027-03-05,LAK,CBJ,0.48688,0.36182,0.39507,0.12506,0.11805,0.24311,0.52607,0.51349,2.78753,3.05278,31.94405,32.79119,2.93476,3.11649,2.79584,2.80989,60.05550,61.64803,0.54933,0.55186,2.66246,0.07754,0.04752,2.93473,0.07319,0.04486,3.71741,0.60055
2026021070,2027-03-05,SJS,COL,0.33893,0.24570,0.53561,0.09323,0.12546,0.21870,0.38892,0.33003,2.93294,3.86608,29.14362,35.11983,2.94842,3.40362,3.53331,2.88125,54.79077,66.02578,0.64050,0.77133,2.83971,0.05780,0.03543,3.74062,0.07779,0.04768,4.03251,0.25959
2026021071,2027-03-06,BOS,PIT,0.54002,0.43358,0.33480,0.10644,0.12518,0.23162,0.55613,0.50436,3.62831,2.92906,29.63654,29.26994,3.46204,2.95778,2.86278,2.91029,55.71698,55.02793,0.65842,0.58815,3.52186,0.06600,0.04045,2.80388,0.07761,0.04757,3.94593,0.48789
2026021072,2027-03-06,BUF,NYR,0.57288,0.44613,0.31673,0.12675,0.11039,0.23714,0.61306,0.58720,3.23034,2.88744,30.33259,27.05572,3.15368,2.73515,3.20668,2.91699,57.02534,50.86483,0.63329,0.64716,3.10359,0.07859,0.04817,2.77705,0.06844,0.04195,3.79877,0.46769
2026021073,2027-03-06,OTT,SEA,0.67540,0.56830,0.22143,0.10710,0.10317,0.21027,0.62769,0.65819,3.93445,2.40161,33.09210,27.18876,3.74629,2.49130,3.03225,2.96138,62.21343,51.11515,0.82837,0.47172,3.82735,0.06640,0.04070,2.29844,0.06397,0.03921,4.01592,0.63818
2026021074,2027-03-06,MTL,VAN,0.69744,0.59572,0.20185,0.10173,0.10071,0.20243,0.67259,0.66195,4.04769,2.24732,29.21464,27.06765,3.81681,2.44015,2.55252,2.48996,54.92392,50.88738,0.74206,0.47278,3.94597,0.06307,0.03866,2.14661,0.06244,0.03827,4.06878,0.59005
2026021075,2027-03-06,DET,DAL,0.47835,0.36113,0.39885,0.11722,0.12280,0.24001,0.48537,0.49158,2.99272,3.11708,30.23141,26.77047,3.05429,2.89999,3.20542,2.55802,56.83535,50.32888,0.63652,0.63003,2.87551,0.07267,0.04454,2.99429,0.07613,0.04666,3.78979,0.42182
2026021076,2027-03-06,FLA,TOR,0.68182,0.58346,0.21362,0.09836,0.10456,0.20292,0.59577,0.65309,4.17993,2.36506,34.69941,26.20195,3.95598,2.43263,3.12757,2.43198,65.23541,49.26018,0.92756,0.42966,4.08158,0.06098,0.03738,2.26050,0.06483,0.03973,4.13599,0.54679
2026021077,2027-03-06,NSH,MIN,0.45032,0.33330,0.42975,0.11702,0.11992,0.23694,0.48645,0.47032,2.88139,3.31078,29.79188,32.05429,2.87490,3.22033,2.74540,2.72908,56.00884,60.26248,0.59301,0.63880,2.76437,0.07255,0.04447,3.19085,0.07435,0.04557,3.82516,0.44581
2026021078,2027-03-06,EDM,CHI,0.71854,0.62498,0.18384,0.09356,0.09762,0.19118,0.65764,0.67769,4.29654,2.16806,33.61634,23.91540,3.77911,2.28776,2.36463,2.44297,63.19967,44.96143,0.79991,0.45082,4.20298,0.05801,0.03555,2.07044,0.06052,0.03710,4.20206,0.79195
2026021079,2027-03-06,SJS,TBL,0.38912,0.28190,0.48720,0.10722,0.12368,0.23090,0.41640,0.40442,2.72215,3.46440,31.47736,34.44341,2.84345,3.26345,3.84251,3.04913,59.17857,64.75467,0.60436,0.71057,2.61493,0.06648,0.04074,3.34071,0.07668,0.04700,3.84920,0.24783
2026021080,2027-03-07,NYI,PIT,0.56564,0.46642,0.30427,0.09922,0.13010,0.22931,0.52821,0.51060,3.76013,2.60564,32.68185,26.64837,3.51252,2.73833,3.08829,2.36615,61.44237,50.09935,0.65731,0.46653,3.66091,0.06151,0.03770,2.47554,0.08066,0.04944,3.95561,0.49016
2026021081,2027-03-07,PHI,STL,0.52679,0.41068,0.34796,0.11611,0.12525,0.24136,0.54385,0.51382,3.15771,2.78559,34.50461,32.04332,3.24271,2.80658,3.56340,3.46268,64.86900,60.24133,0.70911,0.52140,3.04160,0.07199,0.04412,2.66033,0.07766,0.04760,3.75152,0.46844
2026021082,2027-03-07,CAR,UTA,0.63787,0.51241,0.25916,0.12546,0.10297,0.22843,0.64304,0.65168,3.46868,2.64662,32.36658,25.87320,3.43605,2.74303,3.13061,3.05751,60.84947,48.64172,0.72879,0.53437,3.34322,0.07779,0.04767,2.54365,0.06384,0.03913,3.83682,0.68100
2026021083,2027-03-07,WPG,CGY,0.59560,0.47783,0.28529,0.11778,0.11911,0.23688,0.57928,0.58215,3.25390,2.41407,30.65470,29.35258,3.27809,2.52640,2.87952,2.89423,57.63111,55.18299,0.55178,0.45544,3.13612,0.07302,0.04475,2.29496,0.07385,0.04526,3.71419,0.70088
2026021084,2027-03-07,LAK,COL,0.39823,0.29440,0.47335,0.10383,0.12842,0.23226,0.43745,0.39180,2.91811,3.43196,29.83727,32.85020,3.00690,3.24899,3.04772,2.71796,56.09495,61.75913,0.60574,0.69783,2.81428,0.06438,0.03946,3.30353,0.07962,0.04880,3.87329,0.44943
2026021085,2027-03-07,OTT,BUF,0.54748,0.43734,0.32966,0.11014,0.12286,0.23300,0.52750,0.53068,3.56590,2.91758,30.66880,28.32373,3.43721,2.77487,3.18212,3.18450,57.65790,53.24924,0.71860,0.60772,3.45575,0.06829,0.04185,2.79473,0.07617,0.04669,3.92093,0.55233
2026021086,2027-03-07,NYR,VGK,0.41475,0.29893,0.46666,0.11582,0.11859,0.23441,0.49637,0.43492,2.63359,3.38447,26.14728,34.42633,2.67412,3.20071,2.80510,3.09322,49.15730,64.72208,0.52569,0.75374,2.51777,0.07181,0.04401,3.26587,0.07353,0.04507,3.80433,0.62204
2026021087,2027-03-07,ANA,CBJ,0.46968,0.34381,0.42133,0.12587,0.10899,0.23486,0.51927,0.51829,2.88750,3.50689,29.89614,30.27565,2.98346,3.54061,2.88013,3.21566,56.20504,56.91851,0.61130,0.69064,2.76164,0.07804,0.04783,3.39790,0.06757,0.04142,3.89577,0.40801
2026021088,2027-03-07,MIN,WSH,0.51278,0.38577,0.37428,0.12701,0.11294,0.23995,0.56103,0.54147,2.97560,3.13956,30.13326,30.08357,3.16433,2.93046,2.59738,2.93242,56.65103,56.55744,0.56462,0.68558,2.84859,0.07875,0.04826,3.02662,0.07002,0.04292,3.79255,0.59833
2026021089,2027-03-08,BOS,SEA,0.61523,0.50211,0.27278,0.11311,0.11199,0.22511,0.60833,0.59996,3.70055,2.68452,32.14586,30.96329,3.60076,2.79475,2.98963,3.14935,60.43441,58.21126,0.74491,0.54517,3.58744,0.07013,0.04298,2.57253,0.06943,0.04256,3.93656,0.59054
2026021090,2027-03-08,TOR,DAL,0.41147,0.29799,0.47155,0.11348,0.11699,0.23047,0.46460,0.43786,2.78340,3.56188,26.56544,32.64708,2.81958,3.33412,2.88057,3.24542,49.94298,61.37664,0.50853,0.77205,2.66992,0.07036,0.04312,3.44490,0.07253,0.04446,3.89717,0.44838
2026021091,2027-03-08,CHI,TBL,0.35013,0.24626,0.52922,0.10387,0.12065,0.22452,0.39423,0.37227,2.44815,3.53226,25.91834,31.98722,2.55372,3.27729,3.34694,2.67076,48.72673,60.13617,0.52243,0.57662,2.34428,0.06440,0.03947,3.41161,0.07480,0.04585,3.83752,0.23224
2026021092,2027-03-09,BUF,VAN,0.71639,0.61586,0.18830,0.10053,0.09530,0.19583,0.68844,0.68611,4.15195,2.23621,31.21998,25.64610,3.77969,2.33665,2.86075,2.58286,58.69398,48.21488,0.70811,0.45804,4.05142,0.06233,0.03820,2.14091,0.05909,0.03621,4.12167,0.60812
2026021093,2027-03-09,FLA,NJD,0.54704,0.43181,0.33507,0.11523,0.11788,0.23311,0.57363,0.53796,3.48742,3.02960,30.10286,32.98972,3.26107,3.00150,2.69388,2.71888,56.59395,62.02149,0.65324,0.58211,3.37219,0.07144,0.04379,2.91172,0.07309,0.04480,3.91497,0.50979
2026021094,2027-03-09,NYI,MTL,0.48081,0.36859,0.39272,0.11222,0.12646,0.23868,0.49713,0.47396,3.15488,3.10029,32.41228,26.86838,3.20936,3.07962,3.04916,2.62451,60.93521,50.51275,0.56192,0.67440,3.04266,0.06958,0.04264,2.97383,0.07841,0.04806,3.82939,0.52212
2026021095,2027-03-09,PIT,OTT,0.45567,0.33166,0.43655,0.12401,0.10778,0.23179,0.52385,0.50273,2.87640,3.62151,26.55488,29.73374,2.85800,3.31233,2.84046,2.84949,49.92357,55.89982,0.52615,0.73115,2.75240,0.07688,0.04712,3.51373,0.06683,0.04096,3.93586,0.54412
2026021096,2027-03-09,WSH,CGY,0.65457,0.54715,0.23484,0.10742,0.11059,0.21801,0.61426,0.62585,3.72272,2.28745,31.25433,30.11540,3.55284,2.55481,3.09936,2.84162,58.75837,56.61702,0.64632,0.41027,3.61530,0.06660,0.04082,2.17685,0.06857,0.04203,3.91029,0.65201
2026021097,2027-03-09,STL,NSH,0.52369,0.40119,0.35979,0.12250,0.11652,0.23902,0.57937,0.53092,3.13784,3.05845,29.56161,31.20509,3.06973,2.99501,3.00009,3.14732,55.57590,58.66544,0.46526,0.72543,3.01535,0.07595,0.04655,2.94193,0.07224,0.04428,3.81319,0.51193
2026021098,2027-03-09,MIN,CAR,0.44500,0.34537,0.41442,0.09962,0.14058,0.24020,0.48406,0.39338,3.21604,3.00424,28.00612,32.98306,3.15610,2.97571,3.02816,2.65648,52.65193,62.00854,0.65579,0.58887,3.11642,0.06177,0.03786,2.86366,0.08716,0.05342,3.82329,0.46844
2026021099,2027-03-09,WPG,DET,0.51680,0.39950,0.35870,0.11730,0.12450,0.24180,0.55505,0.50558,3.10270,2.85500,28.31445,28.62081,3.03263,2.75667,2.59919,2.59787,53.23144,53.80741,0.58594,0.59992,2.98540,0.07272,0.04457,2.73050,0.07719,0.04731,3.74994,0.62990
2026021100,2027-03-09,EDM,LAK,0.58935,0.46984,0.29585,0.11951,0.11480,0.23431,0.58915,0.58646,3.36869,2.67248,31.49940,29.68746,3.28163,2.72422,2.44464,2.49761,59.21953,55.81302,0.76289,0.54814,3.24918,0.07410,0.04541,2.55768,0.07118,0.04362,3.80376,0.59506
2026021101,2027-03-09,COL,PHI,0.65495,0.52564,0.24856,0.12931,0.09648,0.22580,0.64094,0.68746,3.52830,2.73252,31.61841,25.74692,3.33994,2.66336,2.90133,2.89064,59.44298,48.40464,0.67920,0.61019,3.39899,0.08017,0.04914,2.63604,0.05982,0.03666,3.87312,0.77778
2026021102,2027-03-09,UTA,NYR,0.54821,0.41798,0.34185,0.13022,0.10995,0.24017,0.56921,0.58355,3.05598,3.00548,29.72702,26.85280,3.09682,2.76181,2.89062,2.94912,55.88717,50.48356,0.58498,0.76271,2.92576,0.08074,0.04949,2.89554,0.06817,0.04178,3.77524,0.45802
2026021103,2027-03-09,VGK,SJS,0.66320,0.54430,0.23791,0.11890,0.09888,0.21779,0.65846,0.66916,3.78735,2.66696,33.66017,28.48059,3.44435,2.62810,2.77434,3.30619,63.28195,53.54423,0.71012,0.56357,3.66845,0.07372,0.04518,2.56807,0.06131,0.03758,3.96871,0.68849
2026021104,2027-03-10,MTL,BOS,0.53049,0.40325,0.36012,0.12724,0.10939,0.23663,0.57492,0.56163,3.17711,3.25371,27.78942,31.63345,3.26839,3.27310,2.93374,3.06569,52.24463,59.47108,0.67204,0.69913,3.04986,0.07889,0.04835,3.14432,0.06782,0.04157,3.87797,0.56131
2026021105,2027-03-10,CHI,WSH,0.42791,0.32002,0.44438,0.10790,0.12770,0.23560,0.42932,0.43137,2.97782,3.30688,28.85407,29.49672,3.01451,2.98268,3.15548,2.52468,54.24643,55.45453,0.60973,0.52030,2.86992,0.06690,0.04100,3.17917,0.07918,0.04853,3.84480,0.35214
2026021106,2027-03-10,DAL,ANA,0.60258,0.49392,0.28295,0.10866,0.11447,0.22313,0.62655,0.57007,3.88622,2.83256,26.37947,29.01159,3.62215,2.90819,3.19115,3.31484,49.59370,54.54198,0.82696,0.64517,3.77756,0.06737,0.04129,2.71809,0.07097,0.04350,4.02955,0.77157
2026021107,2027-03-11,OTT,MIN,0.54332,0.42128,0.34024,0.12204,0.11643,0.23848,0.54234,0.55823,3.18762,2.92553,30.62294,28.76243,3.15600,2.88991,2.84720,2.98463,57.57141,54.07387,0.64602,0.67149,3.06558,0.07567,0.04638,2.80910,0.07219,0.04424,3.79437,0.48783
2026021108,2027-03-11,TBL,NJD,0.57672,0.45623,0.30803,0.12049,0.11525,0.23574,0.62330,0.56681,3.32842,2.75545,30.09756,30.38910,3.18489,2.79777,2.68969,2.93817,56.58358,57.13170,0.53551,0.58795,3.20793,0.07470,0.04579,2.64019,0.07146,0.04380,3.80446,0.64100
2026021109,2027-03-11,PIT,BOS,0.55458,0.43400,0.33317,0.12058,0.11225,0.23283,0.54426,0.57404,3.42874,3.10560,30.73857,28.68486,3.35343,3.05402,3.12957,2.73165,57.78935,53.92822,0.67758,0.58798,3.30816,0.07476,0.04582,2.99335,0.06960,0.04266,3.91226,0.59368
2026021110,2027-03-11,CBJ,VAN,0.71077,0.61315,0.18846,0.09763,0.10076,0.19839,0.64398,0.67274,4.00583,2.03269,33.87754,25.76671,3.93313,2.18813,2.62046,2.34522,63.69012,48.44171,0.58662,0.43078,3.90821,0.06053,0.03710,1.93193,0.06247,0.03829,4.05141,0.57703
2026021111,2027-03-11,STL,SJS,0.57070,0.44426,0.31837,0.12643,0.11094,0.23737,0.62304,0.58088,3.23408,2.89794,32.44891,32.07748,3.15364,2.93986,3.40738,3.54868,61.00405,60.30576,0.57090,0.66409,3.10764,0.07839,0.04804,2.78701,0.06878,0.04216,3.80238,0.64073
2026021112,2027-03-11,WPG,TOR,0.55860,0.44126,0.32169,0.11734,0.11971,0.23705,0.57552,0.54812,3.31977,2.77603,32.98794,25.92019,3.33653,2.64522,3.04839,2.41755,62.01761,48.73016,0.63618,0.52392,3.20243,0.07275,0.04459,2.65632,0.07422,0.04549,3.80575,0.60573
2026021113,2027-03-11,EDM,NSH,0.60130,0.48577,0.28467,0.11553,0.11403,0.22956,0.59351,0.59113,3.56012,2.68736,32.54215,26.83257,3.42655,2.62529,2.49438,2.39861,61.17976,50.44535,0.70701,0.56761,3.44459,0.07163,0.04390,2.57333,0.07070,0.04333,3.88050,0.65947
2026021114,2027-03-11,COL,NYR,0.65584,0.53245,0.24485,0.12339,0.09932,0.22271,0.64928,0.67069,3.61803,2.64695,34.07648,24.71661,3.51554,2.57375,3.01185,2.78520,64.06397,46.46747,0.71239,0.61911,3.49464,0.07650,0.04689,2.54764,0.06158,0.03774,3.89636,0.59267
2026021115,2027-03-11,SEA,LAK,0.45135,0.33152,0.43304,0.11983,0.11561,0.23543,0.52163,0.47568,2.83742,3.38718,30.58038,34.31289,2.87577,3.24536,2.78305,2.71629,57.49188,64.50908,0.50701,0.69758,2.71760,0.07429,0.04553,3.27157,0.07168,0.04393,3.84310,0.42393
2026021116,2027-03-11,VGK,PHI,0.61030,0.47947,0.28400,0.13084,0.10570,0.23653,0.59412,0.64238,3.21815,2.69706,30.65300,27.77261,3.10636,2.65188,2.79358,3.04891,57.62810,52.21304,0.61024,0.57268,3.08731,0.08112,0.04972,2.59136,0.06553,0.04017,3.75193,0.65824
2026021117,2027-03-12,DET,BUF,0.46142,0.34856,0.41398,0.11286,0.12460,0.23745,0.48322,0.46421,3.05879,3.22631,28.47947,28.07272,2.98156,2.95189,2.79440,2.71577,53.54163,52.77699,0.59427,0.63431,2.94593,0.06997,0.04289,3.10171,0.07725,0.04735,3.83942,0.51083
2026021118,2027-03-12,FLA,NYI,0.59865,0.47644,0.29108,0.12221,0.11027,0.23248,0.57977,0.61189,3.41517,2.76034,29.46860,32.75903,3.41305,2.77195,2.63148,3.02734,55.40120,61.58747,0.71211,0.48726,3.29295,0.07577,0.04644,2.65007,0.06837,0.04190,3.83673,0.57838
2026021119,2027-03-12,CAR,CGY,0.74667,0.63339,0.16959,0.11328,0.08374,0.19702,0.68447,0.76015,3.91162,2.20090,35.34898,25.99038,3.89282,2.34929,2.90916,2.95980,66.45654,48.86201,0.63770,0.40457,3.79834,0.07023,0.04304,2.11715,0.05192,0.03182,3.99537,0.76595
2026021120,2027-03-13,PIT,WSH,0.48298,0.35628,0.40948,0.12670,0.10754,0.23424,0.52689,0.53309,3.00077,3.54752,28.70590,28.49678,3.09146,3.15620,2.67313,2.85669,53.96745,53.57431,0.51662,0.69391,2.87407,0.07855,0.04815,3.43998,0.06668,0.04087,3.93104,0.55095
2026021121,2027-03-13,WPG,NSH,0.52304,0.40097,0.35722,0.12206,0.11975,0.24181,0.56656,0.52661,3.04320,2.90543,29.64030,28.43367,3.05673,2.79903,2.76921,2.70113,55.72401,53.45549,0.51264,0.60520,2.92113,0.07568,0.04638,2.78568,0.07424,0.04550,3.74422,0.63069
2026021122,2027-03-13,COL,CHI,0.74378,0.63799,0.17217,0.10579,0.08405,0.18985,0.72048,0.73887,4.29495,2.40121,34.86749,23.55203,3.87973,2.43741,2.69656,2.83403,65.55133,44.27803,0.67965,0.52059,4.18915,0.06559,0.04020,2.31716,0.05211,0.03194,4.18831,0.81685
2026021123,2027-03-13,STL,ANA,0.52697,0.41219,0.35237,0.11478,0.12066,0.23543,0.58162,0.51063,3.38385,3.05483,27.79493,31.08331,3.36767,3.06645,3.49330,3.12026,52.25463,58.43699,0.64076,0.71349,3.26907,0.07116,0.04362,2.93418,0.07481,0.04585,3.88694,0.63821
2026021124,2027-03-13,BOS,CGY,0.66026,0.56081,0.22662,0.09946,0.11311,0.21257,0.59759,0.61442,3.88529,2.19634,32.68642,29.43412,3.78925,2.46415,3.15174,2.95525,61.45102,55.33659,0.69812,0.42316,3.78583,0.06166,0.03779,2.08323,0.07013,0.04298,3.98840,0.61277
2026021125,2027-03-13,TOR,VAN,0.61178,0.49837,0.27344,0.11341,0.11478,0.22819,0.60848,0.59077,3.56212,2.54572,28.68567,31.00462,3.38713,2.68611,2.35826,2.79520,53.92940,58.28900,0.57607,0.54925,3.44871,0.07031,0.04310,2.43094,0.07116,0.04362,3.86211,0.60738
2026021126,2027-03-13,OTT,MTL,0.55416,0.43944,0.32721,0.11472,0.11863,0.23335,0.54563,0.54945,3.48965,2.94471,30.95923,25.37044,3.46989,2.85204,2.96624,2.95282,58.20357,47.69673,0.69672,0.67741,3.37493,0.07112,0.04359,2.82607,0.07355,0.04508,3.89881,0.57065
2026021127,2027-03-13,TBL,NYI,0.64488,0.52938,0.24570,0.11550,0.10942,0.22492,0.62919,0.63022,3.51683,2.34904,31.53340,29.58824,3.52323,2.50113,2.86899,3.18029,59.28304,55.62611,0.67398,0.45200,3.40133,0.07161,0.04389,2.23962,0.06784,0.04158,3.81878,0.70544
2026021128,2027-03-13,CAR,NJD,0.59349,0.45185,0.31067,0.14165,0.09584,0.23748,0.66100,0.64844,3.16046,3.17177,31.99571,30.82866,3.18431,3.09264,2.53829,3.04557,60.15258,57.95835,0.47670,0.67133,3.01881,0.08782,0.05383,3.07593,0.05942,0.03642,3.85071,0.63857
2026021129,2027-03-13,CBJ,SJS,0.62334,0.50701,0.26517,0.11634,0.11149,0.22782,0.62221,0.61012,3.52912,2.52380,34.60882,28.96725,3.50150,2.59997,3.05948,3.03266,65.06494,54.45870,0.60671,0.53442,3.41278,0.07213,0.04421,2.41232,0.06912,0.04236,3.84487,0.67303
2026021130,2027-03-13,UTA,PHI,0.57290,0.43804,0.31951,0.13486,0.10759,0.24245,0.56025,0.62059,2.99676,2.84672,29.51249,29.20329,3.07413,2.86744,3.05985,3.40520,55.48381,54.90268,0.58206,0.72510,2.86190,0.08361,0.05125,2.73913,0.06671,0.04088,3.71396,0.65795
2026021131,2027-03-13,LAK,DAL,0.46023,0.34455,0.41853,0.11569,0.12124,0.23692,0.47821,0.47655,2.97441,3.26781,32.84789,29.42096,3.10052,3.04158,3.26631,2.91539,61.75481,55.31220,0.57476,0.70873,2.85872,0.07172,0.04396,3.14657,0.07517,0.04607,3.83197,0.48464
2026021132,2027-03-13,VGK,NYR,0.60192,0.47385,0.29063,0.12806,0.10745,0.23551,0.60288,0.62451,3.26964,2.73983,33.10580,26.49876,3.25231,2.61901,2.99822,2.90249,62.23913,49.81788,0.66037,0.60602,3.14158,0.07940,0.04866,2.63238,0.06662,0.04083,3.77955,0.45720
2026021133,2027-03-13,SEA,EDM,0.39184,0.27840,0.49550,0.11344,0.11266,0.22609,0.48191,0.42312,2.64723,3.68681,28.08750,33.33933,2.72115,3.39954,2.59309,2.47976,52.80460,62.67835,0.47624,0.90712,2.53379,0.07033,0.04311,3.57415,0.06985,0.04281,3.92822,0.36352
2026021134,2027-03-14,PIT,DET,0.51500,0.38388,0.37731,0.13112,0.10768,0.23880,0.56776,0.55989,2.97093,3.28840,27.14850,29.55145,2.97175,3.10080,2.40673,2.65775,51.03965,55.55730,0.51180,0.68057,2.83981,0.08129,0.04983,3.18072,0.06676,0.04092,3.83845,0.58580
2026021135,2027-03-14,CHI,ANA,0.44449,0.33588,0.43120,0.10861,0.12432,0.23293,0.48410,0.43956,3.20530,3.45811,26.02639,31.91731,3.24772,3.17928,3.29411,2.63581,48.93051,60.00547,0.69953,0.61028,3.09669,0.06734,0.04127,3.33379,0.07708,0.04724,3.94391,0.51136
2026021136,2027-03-14,OTT,VAN,0.73364,0.64280,0.17245,0.09084,0.09391,0.18475,0.66851,0.69227,4.32241,2.05863,32.99575,25.37556,4.05691,2.19821,2.73254,2.63762,62.03283,47.70684,0.75521,0.45243,4.23157,0.05632,0.03452,1.96472,0.05823,0.03569,4.22379,0.61764
2026021137,2027-03-14,MIN,BUF,0.53706,0.42625,0.33852,0.11081,0.12442,0.23523,0.53539,0.51708,3.45127,2.88806,29.78482,28.97106,3.30532,2.74698,2.84878,2.81741,55.99593,54.46585,0.68522,0.58425,3.34046,0.06870,0.04211,2.76363,0.07714,0.04728,3.87496,0.60412
2026021138,2027-03-15,WSH,TBL,0.48077,0.36447,0.39530,0.11630,0.12394,0.24024,0.51413,0.48215,3.00677,3.07307,28.79159,32.36703,2.94572,3.14904,3.38831,2.95616,54.12825,60.85001,0.61485,0.60165,2.89047,0.07211,0.04419,2.94914,0.07684,0.04710,3.78060,0.40721
2026021139,2027-03-15,BOS,NYI,0.53632,0.41230,0.34777,0.12402,0.11591,0.23993,0.57785,0.54709,3.10673,2.95200,29.24772,32.66095,3.25067,2.97474,2.77630,3.19921,54.98570,61.40280,0.58316,0.57031,2.98271,0.07689,0.04713,2.83608,0.07187,0.04405,3.77587,0.53802
2026021140,2027-03-15,BUF,SJS,0.60696,0.47229,0.29478,0.13468,0.09826,0.23293,0.66799,0.64266,3.37769,3.09393,30.96055,30.99317,3.22424,2.98076,3.11386,3.56932,58.20633,58.26760,0.63156,0.68950,3.24302,0.08350,0.05118,2.99567,0.06092,0.03734,3.89307,0.70187
2026021141,2027-03-15,TOR,FLA,0.39815,0.28689,0.48612,0.11125,0.11574,0.22699,0.50377,0.41276,2.78697,3.67763,27.71057,34.41977,2.76865,3.50135,2.58396,3.01754,52.09623,64.70956,0.47920,0.83722,2.67571,0.06898,0.04228,3.56189,0.07176,0.04398,3.94223,0.53495
2026021142,2027-03-15,UTA,DAL,0.48513,0.35659,0.40401,0.12853,0.11086,0.23939,0.50714,0.53742,2.80803,3.28534,29.18789,28.96605,3.02129,3.11095,3.33947,3.48023,54.87313,54.45624,0.54571,0.83098,2.67950,0.07969,0.04884,3.17448,0.06873,0.04213,3.80170,0.44173
2026021143,2027-03-15,COL,EDM,0.59945,0.46816,0.29832,0.13129,0.10223,0.23352,0.62140,0.63419,3.36691,3.01305,30.42076,27.92939,3.24386,2.92626,2.52840,2.51588,57.19131,52.50761,0.64214,0.74093,3.23562,0.08140,0.04989,2.91082,0.06338,0.03885,3.87124,0.57775
2026021144,2027-03-15,CGY,NSH,0.44935,0.32720,0.43560,0.12215,0.11505,0.23720,0.53730,0.47612,2.69675,3.30687,30.35341,31.60743,2.80510,3.18531,2.78295,2.90938,57.06462,59.42230,0.40677,0.64076,2.57460,0.07573,0.04642,3.19182,0.07133,0.04372,3.78697,0.45874
2026021145,2027-03-15,SEA,STL,0.46053,0.34462,0.41817,0.11591,0.12130,0.23721,0.49647,0.47249,2.97712,3.26753,33.73755,31.10786,3.05996,3.02483,3.38928,2.97047,63.42674,58.48279,0.60104,0.59303,2.86120,0.07187,0.04405,3.14623,0.07521,0.04609,3.83245,0.50968
2026021146,2027-03-15,VGK,WPG,0.62662,0.50055,0.26836,0.12607,0.10502,0.23109,0.60056,0.64904,3.39172,2.64674,31.03319,26.49351,3.23588,2.60772,2.77340,2.79900,58.34278,49.80805,0.65787,0.51578,3.26566,0.07816,0.04791,2.54172,0.06511,0.03991,3.80707,0.46600
2026021147,2027-03-16,MTL,FLA,0.53620,0.42034,0.34486,0.11586,0.11894,0.23479,0.57299,0.52690,3.39782,3.03465,29.14668,29.37620,3.27825,3.07786,3.00269,2.64353,54.79646,55.22763,0.69716,0.67159,3.28196,0.07183,0.04403,2.91572,0.07374,0.04520,3.88688,0.51840
2026021148,2027-03-16,NYR,OTT,0.46608,0.34618,0.41247,0.11990,0.12145,0.24135,0.50854,0.48223,2.79521,3.10116,26.08275,31.51886,2.75104,3.06591,2.96077,3.05522,49.03572,59.25550,0.60877,0.66883,2.67532,0.07434,0.04556,2.97971,0.07530,0.04615,3.73519,0.60104
2026021149,2027-03-16,PHI,DET,0.54264,0.42463,0.33344,0.11801,0.12392,0.24193,0.56165,0.52989,3.12598,2.67395,27.87288,27.80751,3.05081,2.62118,2.71520,2.66794,52.40140,52.27842,0.63354,0.56738,3.00797,0.07317,0.04484,2.55003,0.07683,0.04709,3.71516,0.43668
2026021150,2027-03-16,CBJ,PIT,0.57651,0.47255,0.29827,0.10396,0.12522,0.22918,0.54950,0.53454,3.70773,2.63670,31.86079,28.21748,3.59918,2.68186,2.84224,2.63978,59.89877,53.04929,0.59246,0.52087,3.60377,0.06446,0.03951,2.51148,0.07763,0.04758,3.93576,0.49476
2026021151,2027-03-16,CHI,SJS,0.52201,0.40908,0.35402,0.11293,0.12397,0.23690,0.52734,0.51023,3.33240,2.95808,31.91161,30.96610,3.19084,2.85284,3.43920,2.78374,59.99546,58.21758,0.73292,0.48882,3.21947,0.07002,0.04291,2.83411,0.07686,0.04711,3.84899,0.51331
2026021152,2027-03-16,ANA,CAR,0.35800,0.26105,0.51911,0.09695,0.12289,0.21983,0.41856,0.35248,3.03095,3.90777,26.40451,30.09017,2.92766,3.58853,2.93856,2.81007,49.64116,56.57007,0.58587,0.76759,2.93401,0.06011,0.03684,3.78488,0.07619,0.04670,4.06180,0.25504
2026021153,2027-03-16,LAK,WPG,0.59370,0.48169,0.28593,0.11201,0.12036,0.23238,0.53822,0.57840,3.45615,2.49344,32.15078,28.44560,3.31038,2.60344,2.81872,2.59857,60.44449,53.47855,0.66298,0.49903,3.34414,0.06945,0.04256,2.37308,0.07463,0.04574,3.81126,0.50745
2026021154,2027-03-17,WSH,NYI,0.56535,0.44258,0.31968,0.12277,0.11497,0.23774,0.59479,0.56864,3.24271,2.81967,28.12582,31.98088,3.19358,2.89163,2.75886,2.89987,52.87661,60.12425,0.60945,0.50059,3.11994,0.07612,0.04665,2.70470,0.07128,0.04369,3.78771,0.57906
2026021155,2027-03-17,TOR,TBL,0.39380,0.28331,0.48605,0.11049,0.12014,0.23064,0.45219,0.41278,2.66768,3.48846,26.46779,35.43645,2.69017,3.38732,2.90883,3.09158,49.75958,66.62064,0.52005,0.69266,2.55719,0.06851,0.04199,3.36832,0.07449,0.04565,3.85010,0.39766
2026021156,2027-03-17,COL,MIN,0.59214,0.46228,0.30478,0.12986,0.10307,0.23293,0.60273,0.62838,3.37708,3.05155,32.99948,27.76727,3.27787,2.97284,2.73775,2.77216,62.03938,52.20294,0.65405,0.68734,3.24722,0.08051,0.04935,2.94848,0.06391,0.03917,3.88341,0.60055
2026021157,2027-03-17,CGY,DAL,0.37917,0.26669,0.50650,0.11248,0.11433,0.22681,0.46076,0.41246,2.46547,3.55395,31.04590,31.58416,2.72801,3.34092,3.45236,3.20420,58.36621,59.37846,0.44334,0.69848,2.35299,0.06974,0.04274,3.43962,0.07089,0.04345,3.85047,0.34390
2026021158,2027-03-17,VAN,NSH,0.41190,0.29447,0.47622,0.11743,0.11189,0.22932,0.48137,0.45227,2.64963,3.58691,28.07822,31.05998,2.69726,3.32785,2.52580,2.58890,52.78748,58.39314,0.46562,0.68898,2.53220,0.07281,0.04462,3.47502,0.06937,0.04252,3.88814,0.50519
2026021159,2027-03-17,VGK,SEA,0.67738,0.55909,0.22420,0.11829,0.09842,0.21671,0.63899,0.68629,3.71448,2.47402,33.35539,27.84135,3.57248,2.54963,2.79966,2.98064,62.70855,52.34203,0.75924,0.47031,3.59619,0.07334,0.04495,2.37560,0.06102,0.03740,3.91798,0.61659
2026021160,2027-03-18,BUF,WSH,0.59179,0.47465,0.29643,0.11714,0.11178,0.22892,0.57567,0.59539,3.56016,2.83423,30.16762,26.88942,3.39487,2.74323,3.09887,2.89369,56.71549,50.55242,0.67057,0.55254,3.44303,0.07263,0.04451,2.72245,0.06930,0.04248,3.90384,0.53690
2026021161,2027-03-18,MTL,TBL,0.52604,0.41490,0.34778,0.11115,0.12618,0.23732,0.52177,0.50752,3.35284,2.87111,28.31662,29.90514,3.24485,2.95693,3.42446,2.65583,53.23563,56.22197,0.78726,0.54883,3.24169,0.06891,0.04224,2.74493,0.07823,0.04795,3.83736,0.38271
2026021162,2027-03-18,OTT,FLA,0.53296,0.41415,0.34895,0.11881,0.11809,0.23690,0.56847,0.53243,3.28076,3.02233,31.33079,28.40028,3.23633,2.93488,3.03376,2.97038,58.90230,53.39284,0.61219,0.71370,3.16195,0.07366,0.04515,2.90424,0.07322,0.04488,3.84695,0.54706
2026021163,2027-03-18,DET,CBJ,0.47740,0.35154,0.40705,0.12586,0.11555,0.24141,0.53321,0.50911,2.75112,3.15971,28.68522,31.14752,2.80106,3.13602,2.59013,2.68917,53.92841,58.55751,0.55854,0.57261,2.62526,0.07803,0.04783,3.04416,0.07164,0.04391,3.74520,0.54306
2026021164,2027-03-18,NJD,PIT,0.59668,0.48800,0.28789,0.10868,0.11543,0.22411,0.53448,0.58705,3.86469,2.85074,31.36005,28.16163,3.58722,2.74902,2.59547,2.55299,58.95759,52.94440,0.69779,0.47751,3.75601,0.06738,0.04130,2.73531,0.07157,0.04386,4.02320,0.56239
2026021165,2027-03-18,NYR,TOR,0.61148,0.50084,0.27191,0.11064,0.11661,0.22725,0.57314,0.59105,3.57600,2.48281,31.90209,26.93991,3.38593,2.54888,3.02590,2.55090,59.97631,50.64726,0.76974,0.49194,3.46536,0.06860,0.04204,2.36620,0.07230,0.04431,3.86097,0.61596
2026021166,2027-03-18,PHI,BOS,0.50053,0.38078,0.37795,0.11975,0.12152,0.24127,0.53808,0.50549,3.00976,3.00140,30.52765,31.56566,3.12807,2.99054,3.21061,3.18930,57.39256,59.34355,0.62954,0.63570,2.89001,0.07424,0.04550,2.87988,0.07534,0.04618,3.76082,0.44632
2026021167,2027-03-18,WPG,SJS,0.56322,0.43879,0.32262,0.12442,0.11416,0.23859,0.61067,0.56715,3.19441,2.83325,30.90239,28.40714,3.11646,2.73442,2.94981,2.98977,58.09681,53.40572,0.62112,0.57183,3.06999,0.07714,0.04728,2.71909,0.07078,0.04338,3.77444,0.74756
2026021168,2027-03-18,EDM,STL,0.60308,0.49189,0.27884,0.11119,0.11808,0.22927,0.56458,0.58335,3.56383,2.53103,32.23570,27.16875,3.40886,2.56722,2.68242,2.78875,60.60337,51.07708,0.83907,0.47082,3.45264,0.06894,0.04225,2.41295,0.07321,0.04487,3.86140,0.68334
2026021169,2027-03-18,ANA,UTA,0.48457,0.37185,0.39244,0.11272,0.12299,0.23571,0.51461,0.48010,3.25996,3.24144,29.56415,27.48538,3.19627,3.27650,3.19545,3.08673,55.58098,51.67291,0.75929,0.69822,3.14724,0.06989,0.04283,3.11845,0.07625,0.04674,3.89645,0.39052
2026021170,2027-03-18,LAK,CAR,0.38870,0.29084,0.47272,0.09786,0.13857,0.23644,0.42522,0.35698,2.92671,3.23576,29.87155,34.03601,3.00108,3.22215,3.20996,2.75219,56.15927,63.98858,0.57312,0.63234,2.82885,0.06068,0.03719,3.09718,0.08591,0.05266,3.80946,0.43879
2026021171,2027-03-19,MIN,CGY,0.67348,0.56831,0.21870,0.10517,0.10782,0.21299,0.62461,0.64191,3.75284,2.15656,33.09573,29.99889,3.71422,2.36674,2.88303,2.77090,62.22044,56.39802,0.68612,0.41295,3.64767,0.06521,0.03996,2.04874,0.06685,0.04097,3.91909,0.70456
2026021172,2027-03-19,UTA,CHI,0.61177,0.47471,0.28818,0.13706,0.10005,0.23711,0.64785,0.65188,3.17688,2.85135,30.05736,26.94821,3.22252,2.76343,2.55048,3.27389,56.50850,50.66322,0.47214,0.71430,3.03982,0.08498,0.05208,2.75130,0.06203,0.03802,3.77229,0.70700
2026021173,2027-03-19,SEA,COL,0.32708,0.23226,0.55310,0.09483,0.11981,0.21464,0.40940,0.32717,2.72234,3.90129,27.90517,34.70426,2.81027,3.53779,3.11058,2.77032,52.46206,65.24428,0.52940,0.80595,2.62751,0.05879,0.03603,3.78148,0.07428,0.04553,4.02320,0.33079
2026021174,2027-03-20,BUF,FLA,0.51314,0.38766,0.37593,0.12548,0.11092,0.23641,0.59073,0.53494,3.13545,3.31388,29.62386,29.52152,3.02962,3.14305,3.09127,2.97500,55.69315,55.50053,0.56093,0.75836,3.00997,0.07780,0.04768,3.20296,0.06877,0.04215,3.88498,0.53655
2026021175,2027-03-20,DET,MTL,0.47020,0.35134,0.41207,0.11886,0.11773,0.23659,0.50145,0.49276,3.00370,3.32652,29.90768,27.22512,3.06422,3.11195,2.66634,2.59743,56.22663,51.18352,0.59320,0.73354,2.88484,0.07370,0.04517,3.20879,0.07299,0.04474,3.85753,0.52943
2026021176,2027-03-20,NYI,PHI,0.54416,0.42321,0.33411,0.12095,0.12173,0.24268,0.53440,0.54842,3.06301,2.68619,32.81477,29.00476,3.05479,2.81196,3.17752,2.82926,61.69217,54.52933,0.54205,0.57446,2.94206,0.07499,0.04596,2.56446,0.07547,0.04626,3.69570,0.63260
2026021177,2027-03-20,EDM,DAL,0.51887,0.40323,0.35856,0.11565,0.12257,0.23822,0.51793,0.51788,3.25352,2.98490,30.21047,27.20242,3.19333,2.83636,2.77326,2.74697,56.79595,51.14069,0.71978,0.66196,3.13787,0.07170,0.04395,2.86233,0.07599,0.04658,3.82959,0.54137
2026021178,2027-03-20,NSH,BOS,0.51484,0.39613,0.36618,0.11870,0.11898,0.23769,0.51488,0.52782,3.19352,3.08139,30.27024,29.93868,3.19842,3.03875,3.06173,2.79195,56.90824,56.28494,0.67190,0.54957,3.07481,0.07360,0.04511,2.96241,0.07377,0.04521,3.83555,0.54719
2026021179,2027-03-20,OTT,TBL,0.51161,0.39203,0.36781,0.11958,0.12058,0.24016,0.51717,0.52276,3.09099,2.99860,30.04669,29.70906,3.11814,2.91151,3.38485,3.15726,56.48791,55.85320,0.65178,0.63741,2.97141,0.07414,0.04544,2.87802,0.07476,0.04582,3.78356,0.41323
2026021180,2027-03-20,NJD,TOR,0.62991,0.51551,0.26183,0.11440,0.10825,0.22265,0.57265,0.63302,3.74877,2.68383,36.22671,26.16188,3.70961,2.56689,2.88315,2.36029,68.10669,49.18462,0.71420,0.45746,3.63437,0.07093,0.04347,2.57558,0.06712,0.04114,3.95578,0.57824
2026021181,2027-03-20,WPG,CBJ,0.46937,0.34581,0.41161,0.12356,0.11902,0.24258,0.53809,0.48933,2.72308,3.10047,28.33235,31.02210,2.78290,3.03715,2.69775,2.79264,53.26507,58.32174,0.52443,0.54803,2.59952,0.07661,0.04695,2.98145,0.07379,0.04523,3.71796,0.63275
2026021182,2027-03-20,NYR,PIT,0.53910,0.43171,0.33262,0.10739,0.12827,0.23566,0.53498,0.50487,3.47171,2.76399,28.15315,29.85511,3.16915,2.83148,2.76725,2.86398,52.92827,56.12789,0.70070,0.54969,3.36432,0.06658,0.04081,2.63571,0.07953,0.04874,3.86020,0.60018
2026021183,2027-03-20,VAN,STL,0.40620,0.29077,0.47866,0.11543,0.11515,0.23057,0.45183,0.44434,2.62880,3.51593,30.11353,31.17837,2.75508,3.20684,3.02565,2.86034,56.61386,58.61546,0.58214,0.56079,2.51338,0.07156,0.04386,3.40078,0.07139,0.04376,3.85602,0.53343
2026021184,2027-03-20,ANA,VGK,0.42929,0.31805,0.45043,0.11124,0.12028,0.23152,0.47991,0.43944,3.02196,3.54020,28.14389,29.22907,3.03072,3.41429,3.09738,2.99069,52.91092,54.95114,0.62231,0.78058,2.91073,0.06897,0.04227,3.41992,0.07457,0.04571,3.93131,0.39037
2026021185,2027-03-20,SJS,CAR,0.34228,0.25353,0.51861,0.08875,0.13910,0.22785,0.37713,0.30620,2.97855,3.53009,28.90392,37.00721,2.90632,3.35405,3.41129,3.05538,54.34007,69.57408,0.55721,0.70988,2.88980,0.05502,0.03372,3.39099,0.08624,0.05286,3.91761,0.25219
2026021186,2027-03-21,MIN,UTA,0.56272,0.45235,0.31104,0.11037,0.12624,0.23661,0.58014,0.52383,3.39268,2.57697,30.25934,29.18475,3.30493,2.71512,3.07529,2.71975,56.88789,54.86750,0.79903,0.52860,3.28231,0.06843,0.04194,2.45073,0.07827,0.04797,3.79810,0.61235
2026021187,2027-03-21,NYI,BUF,0.47100,0.36191,0.39813,0.10910,0.13087,0.23997,0.47891,0.45517,3.11076,3.01225,32.13418,28.14212,3.12729,2.94534,3.30868,2.74146,60.41263,52.90763,0.57182,0.57697,3.00166,0.06764,0.04146,2.88138,0.08114,0.04973,3.79327,0.50398
2026021188,2027-03-21,COL,CHI,0.74860,0.64195,0.16826,0.10666,0.08314,0.18980,0.72048,0.74630,4.22969,2.33974,34.55678,23.39209,3.84169,2.39580,2.63937,2.83563,64.96721,43.97731,0.65628,0.50586,4.12304,0.06613,0.04053,2.25660,0.05155,0.03159,4.15632,0.81685
2026021189,2027-03-21,NYR,WSH,0.45092,0.32713,0.43697,0.12379,0.11211,0.23590,0.51158,0.49321,2.72083,3.40641,28.01224,31.97540,2.84112,3.16169,2.63330,3.29539,52.66340,60.11415,0.52994,0.76342,2.59704,0.07675,0.04704,3.29430,0.06951,0.04260,3.82883,0.60693
2026021190,2027-03-21,CGY,STL,0.48504,0.37014,0.38701,0.11491,0.12795,0.24286,0.50769,0.47782,2.93335,2.86665,35.44309,30.73683,3.07490,2.89919,3.53391,3.07883,66.63324,57.78537,0.59569,0.44500,2.81845,0.07124,0.04366,2.73869,0.07933,0.04862,3.70082,0.48720
2026021191,2027-03-21,SEA,LAK,0.44400,0.32681,0.43656,0.11719,0.11944,0.23663,0.52163,0.45635,2.81771,3.31345,31.51401,34.62380,2.94751,3.24785,2.95375,2.85522,59.24714,65.09354,0.52242,0.70339,2.70052,0.07266,0.04453,3.19401,0.07405,0.04539,3.81278,0.42393
2026021192,2027-03-21,VAN,EDM,0.33216,0.22413,0.56503,0.10803,0.10281,0.21084,0.43744,0.38646,2.24807,3.91773,26.00834,32.65834,2.39549,3.52292,2.37973,2.19284,48.89619,61.39842,0.46892,0.80738,2.14005,0.06698,0.04105,3.81492,0.06374,0.03907,4.00707,0.38396
2026021193,2027-03-22,PIT,CBJ,0.48532,0.35281,0.40903,0.13251,0.10565,0.23816,0.55090,0.54381,2.76159,3.40748,27.83768,31.06092,2.83247,3.28382,2.60720,2.74285,52.33519,58.39490,0.50308,0.57276,2.62909,0.08215,0.05035,3.30183,0.06551,0.04015,3.83731,0.58834
2026021194,2027-03-22,MTL,TOR,0.62738,0.51369,0.26402,0.11368,0.10860,0.22228,0.61786,0.61715,3.77658,2.71144,31.83142,26.74275,3.66839,2.73461,3.01317,2.44547,59.84351,50.27652,0.77871,0.52184,3.66290,0.07048,0.04320,2.60284,0.06733,0.04127,3.97050,0.52485
2026021195,2027-03-22,ANA,SJS,0.56517,0.43854,0.32902,0.12664,0.10580,0.23244,0.59256,0.59534,3.43947,3.25318,32.98296,27.55702,3.35778,3.19618,3.20989,3.38897,62.00847,51.80769,0.74698,0.72660,3.31283,0.07852,0.04812,3.14737,0.06560,0.04021,3.94944,0.54297
2026021196,2027-03-23,BOS,BUF,0.48751,0.37622,0.38726,0.11128,0.12523,0.23652,0.50702,0.47795,3.25323,3.14216,29.48834,30.00020,3.23939,3.03979,3.13237,3.29067,55.43805,56.40060,0.62154,0.66736,3.14195,0.06900,0.04229,3.01693,0.07764,0.04759,3.86873,0.50191
2026021197,2027-03-23,TBL,FLA,0.54509,0.42239,0.33879,0.12270,0.11612,0.23883,0.60070,0.54620,3.19563,2.93174,32.04217,29.42740,3.18769,2.91914,2.97191,3.15753,60.23951,55.32372,0.56518,0.70454,3.07293,0.07608,0.04663,2.81562,0.07200,0.04413,3.79823,0.66885
2026021198,2027-03-23,NJD,PHI,0.58502,0.46254,0.30230,0.12248,0.11268,0.23516,0.54066,0.60491,3.34108,2.77325,33.00353,29.75642,3.28947,2.72257,2.84885,2.89133,62.04734,55.94284,0.64444,0.53605,3.21860,0.07594,0.04654,2.66057,0.06986,0.04282,3.81229,0.69885
2026021199,2027-03-23,WSH,DET,0.57821,0.46642,0.30184,0.11178,0.11996,0.23174,0.59063,0.55112,3.55296,2.71595,28.13701,29.40150,3.24131,2.79680,2.70457,2.62097,52.89781,55.27506,0.67498,0.55992,3.44118,0.06930,0.04248,2.59600,0.07437,0.04558,3.88264,0.57402
2026021200,2027-03-23,NSH,NYR,0.51313,0.39122,0.36783,0.12190,0.11905,0.24095,0.53614,0.52648,3.02890,2.98767,30.24481,28.88588,3.03927,2.82198,2.93374,2.75506,56.86037,54.30574,0.62345,0.60455,2.90700,0.07558,0.04632,2.86862,0.07381,0.04524,3.76250,0.43709
2026021201,2027-03-23,DAL,CAR,0.45349,0.35253,0.40793,0.10096,0.13858,0.23953,0.49683,0.40385,3.25231,3.02176,26.63204,33.18371,3.10762,3.12358,3.31576,3.20041,50.06811,62.38525,0.65494,0.59414,3.15135,0.06259,0.03836,2.88319,0.08592,0.05266,3.83871,0.49257
2026021202,2027-03-23,MIN,CHI,0.67809,0.56675,0.22010,0.11135,0.10181,0.21316,0.67512,0.65824,3.80148,2.36321,32.36227,26.59166,3.61343,2.43496,2.61197,2.77012,60.84166,49.99259,0.64690,0.51249,3.69013,0.06904,0.04231,2.26140,0.06312,0.03869,3.95050,0.76745
2026021203,2027-03-23,WPG,STL,0.53079,0.41230,0.34616,0.11849,0.12305,0.24154,0.53721,0.52830,3.12062,2.79321,30.81741,28.41833,3.12833,2.72366,3.18063,3.08134,57.93683,53.42653,0.65699,0.51080,3.00213,0.07346,0.04503,2.67016,0.07629,0.04676,3.74073,0.65435
2026021204,2027-03-23,COL,UTA,0.63644,0.52201,0.25680,0.11443,0.10676,0.22119,0.63151,0.62690,3.76444,2.66716,31.78829,25.76110,3.51515,2.72107,3.10321,2.81880,59.76232,48.43120,0.81886,0.55465,3.65001,0.07095,0.04348,2.56040,0.06619,0.04057,3.96032,0.67199
2026021205,2027-03-23,CGY,EDM,0.38280,0.26718,0.50526,0.11562,0.11194,0.22756,0.49311,0.41886,2.39788,3.54529,28.54871,33.87878,2.57198,3.39328,2.65676,2.59567,53.67157,63.69260,0.42797,0.75697,2.28226,0.07169,0.04394,3.43336,0.06940,0.04254,3.83965,0.34139
2026021206,2027-03-23,SEA,VGK,0.37722,0.27432,0.49547,0.10290,0.12731,0.23021,0.45809,0.36727,2.75551,3.46389,29.81716,32.89469,2.83627,3.25572,3.22820,2.68903,56.05669,61.84250,0.50964,0.73163,2.65261,0.06380,0.03910,3.33658,0.07893,0.04838,3.85423,0.46183
2026021207,2027-03-23,VAN,LAK,0.38899,0.27323,0.49894,0.11576,0.11207,0.22782,0.47686,0.42838,2.47356,3.57445,28.63166,34.10795,2.63202,3.38573,2.66826,2.61401,53.82835,64.12395,0.51576,0.64742,2.35781,0.07177,0.04399,3.46238,0.06948,0.04258,3.86072,0.44500
2026021208,2027-03-24,MTL,OTT,0.48465,0.36671,0.39769,0.11794,0.11766,0.23560,0.55476,0.49009,3.14451,3.31990,25.22728,31.05783,3.04275,3.25602,2.94315,2.97233,47.42762,58.38890,0.67168,0.71792,3.02657,0.07312,0.04482,3.20224,0.07295,0.04471,3.88879,0.51140
2026021209,2027-03-24,DET,WSH,0.48004,0.35793,0.40307,0.12211,0.11689,0.23900,0.50910,0.50805,2.91722,3.22015,29.77989,27.94522,3.04136,2.95936,2.69673,2.61506,55.98674,52.53748,0.57413,0.64417,2.79511,0.07571,0.04640,3.10326,0.07247,0.04442,3.80344,0.50692
2026021210,2027-03-24,SJS,ANA,0.49444,0.38758,0.37910,0.10687,0.12646,0.23332,0.50710,0.47314,3.52114,3.22825,28.55739,33.09054,3.47358,3.13343,3.57129,3.20039,53.68850,62.21085,0.75901,0.74349,3.41427,0.06626,0.04061,3.10179,0.07840,0.04805,3.96845,0.53897
2026021211,2027-03-25,BOS,OTT,0.49506,0.38284,0.38023,0.11222,0.12471,0.23693,0.52983,0.48172,3.26159,3.10625,31.05080,31.04113,3.19981,3.13885,3.34199,3.08093,58.37595,58.35782,0.67455,0.66525,3.14937,0.06957,0.04264,2.98154,0.07732,0.04739,3.86199,0.49104
2026021212,2027-03-25,BUF,TOR,0.63360,0.51544,0.26130,0.11815,0.10510,0.22326,0.63492,0.63382,3.69590,2.72580,32.75487,25.34649,3.52138,2.63228,3.21267,2.55902,61.57949,47.65149,0.69245,0.51753,3.57775,0.07325,0.04490,2.62070,0.06516,0.03994,3.93906,0.54384
2026021213,2027-03-25,TBL,PHI,0.62037,0.49640,0.26968,0.12398,0.10995,0.23393,0.61423,0.62564,3.29584,2.49337,31.37334,28.97596,3.23327,2.60134,3.05723,3.40040,58.98200,54.47511,0.62786,0.57811,3.17186,0.07687,0.04711,2.38342,0.06817,0.04178,3.74341,0.78861
2026021214,2027-03-25,FLA,NYR,0.58914,0.46685,0.29739,0.12229,0.11347,0.23576,0.57314,0.59810,3.30537,2.68262,31.67122,29.35058,3.32800,2.66058,2.96326,2.88654,59.54194,55.17932,0.71727,0.57193,3.18308,0.07582,0.04647,2.56915,0.07035,0.04312,3.78161,0.47309
2026021215,2027-03-25,PIT,NJD,0.48715,0.36192,0.40419,0.12523,0.10865,0.23388,0.56582,0.52158,3.06895,3.53273,28.26822,31.38714,2.97985,3.30012,2.59383,2.59874,53.14471,59.00849,0.48195,0.68519,2.94372,0.07764,0.04759,3.42408,0.06736,0.04129,3.93918,0.51951
2026021216,2027-03-25,CAR,DAL,0.60644,0.46872,0.29435,0.13772,0.09920,0.23693,0.60244,0.66156,3.19960,2.95292,32.05268,25.66347,3.30640,2.82868,3.10146,3.22488,60.25891,48.24723,0.57613,0.63496,3.06187,0.08539,0.05233,2.85371,0.06151,0.03770,3.80418,0.58813
2026021217,2027-03-25,CBJ,CHI,0.67127,0.56172,0.22384,0.10955,0.10489,0.21445,0.64358,0.65018,3.78955,2.33103,33.08466,26.05789,3.64689,2.41435,2.65132,2.80637,62.19959,48.98914,0.51291,0.50645,3.68000,0.06792,0.04163,2.22613,0.06503,0.03986,3.94357,0.69337
2026021218,2027-03-25,STL,NYI,0.50444,0.38036,0.37906,0.12407,0.11650,0.24058,0.57218,0.51797,2.94469,3.06881,29.12960,34.78795,3.03894,3.04272,2.96553,3.38664,54.76342,65.40130,0.48687,0.63440,2.82061,0.07693,0.04715,2.95231,0.07223,0.04427,3.76300,0.51671
2026021219,2027-03-25,WPG,COL,0.38668,0.28532,0.48254,0.10136,0.13078,0.23214,0.44937,0.36902,2.88570,3.41708,26.94066,32.11715,2.88938,3.17751,2.98682,2.78366,50.64874,60.38056,0.58854,0.68379,2.78434,0.06284,0.03852,3.28631,0.08108,0.04969,3.86143,0.48183
2026021220,2027-03-25,MIN,EDM,0.52483,0.40250,0.35732,0.12233,0.11786,0.24018,0.56958,0.53163,3.09032,2.97298,29.00386,31.33642,3.07923,2.89714,2.51104,2.37137,54.52758,58.91282,0.64296,0.71645,2.96799,0.07584,0.04648,2.85512,0.07307,0.04479,3.77649,0.51573
2026021221,2027-03-25,CGY,LAK,0.44015,0.31859,0.44168,0.12156,0.11817,0.23973,0.53281,0.46165,2.57523,3.19217,31.32059,34.25600,2.77588,3.22644,2.95538,2.92110,58.88325,64.40215,0.47126,0.58570,2.45367,0.07537,0.04619,3.07400,0.07326,0.04490,3.71998,0.40224
2026021222,2027-03-25,SEA,ANA,0.50115,0.39487,0.37101,0.10628,0.12784,0.23412,0.52843,0.46990,3.51942,3.12725,29.74941,31.93162,3.52253,3.12578,3.40555,2.79558,55.92956,60.03193,0.72769,0.68610,3.41314,0.06590,0.04039,2.99941,0.07926,0.04858,3.94619,0.60850
2026021223,2027-03-25,VAN,VGK,0.32716,0.22738,0.55483,0.09978,0.11801,0.21780,0.41406,0.34134,2.41014,3.68495,26.84450,32.43045,2.52257,3.38694,2.88336,2.46381,50.46822,60.96977,0.49410,0.65902,2.31036,0.06187,0.03792,3.56693,0.07317,0.04485,3.90122,0.48491
2026021224,2027-03-26,WSH,BOS,0.59419,0.48695,0.28682,0.10723,0.11899,0.22622,0.56742,0.56533,3.74368,2.67600,31.08850,29.48958,3.46357,2.89379,3.38610,2.79320,58.44692,55.44084,0.78827,0.51272,3.63645,0.06648,0.04075,2.55701,0.07377,0.04522,3.95441,0.58182
2026021225,2027-03-26,CHI,NSH,0.40406,0.28847,0.48402,0.11559,0.11193,0.22751,0.48180,0.44045,2.68339,3.66711,26.97608,31.17667,2.75327,3.25374,2.77611,2.72421,50.71565,58.61277,0.45810,0.68467,2.56780,0.07167,0.04392,3.55518,0.06939,0.04253,3.92487,0.38469
2026021226,2027-03-26,UTA,SJS,0.61162,0.47827,0.28678,0.13334,0.10161,0.23495,0.62658,0.64810,3.28102,2.86358,31.60897,29.31986,3.29444,2.84091,3.09287,3.54810,59.42525,55.12157,0.64503,0.69495,3.14768,0.08267,0.05067,2.76197,0.06300,0.03861,3.80963,0.68806
2026021227,2027-03-27,EDM,LAK,0.58863,0.47200,0.29486,0.11663,0.11651,0.23314,0.58915,0.57701,3.42955,2.65511,31.21993,29.66876,3.30350,2.70765,2.37664,2.54419,58.69423,55.77791,0.76180,0.55775,3.31293,0.07231,0.04432,2.53860,0.07224,0.04427,3.82442,0.59506
2026021228,2027-03-27,MIN,SEA,0.66052,0.55175,0.23251,0.10878,0.10697,0.21575,0.63507,0.63689,3.80864,2.39091,33.00773,29.47111,3.69291,2.52205,2.79678,2.72024,62.05500,55.40596,0.81800,0.46894,3.69987,0.06744,0.04133,2.28394,0.06632,0.04065,3.95646,0.68407
2026021229,2027-03-27,VAN,ANA,0.40913,0.29814,0.47245,0.11100,0.11842,0.22942,0.48367,0.42271,2.85753,3.59264,25.95893,32.31049,2.97593,3.41264,2.89941,2.68085,48.80323,60.74425,0.62005,0.69375,2.74654,0.06882,0.04218,3.47422,0.07342,0.04500,3.92050,0.63403
2026021230,2027-03-27,FLA,PHI,0.60887,0.48951,0.27924,0.11936,0.11189,0.23125,0.56420,0.61646,3.44077,2.61506,32.22714,31.23047,3.35457,2.69529,3.04565,3.07661,60.58753,58.71427,0.74540,0.53123,3.32141,0.07400,0.04536,2.50317,0.06937,0.04252,3.82184,0.66999
2026021231,2027-03-27,TOR,OTT,0.40389,0.29133,0.47951,0.11256,0.11661,0.22916,0.48524,0.42418,2.74277,3.57979,25.10442,34.18021,2.69544,3.43076,2.67403,3.12407,47.19654,64.25912,0.51310,0.74980,2.63021,0.06979,0.04277,3.46319,0.07230,0.04431,3.89782,0.52823
2026021232,2027-03-27,MTL,NJD,0.52927,0.40975,0.35533,0.11952,0.11541,0.23493,0.59610,0.52835,3.34877,3.18373,27.26229,32.00511,3.15623,3.19052,2.68867,2.64114,51.25350,60.16980,0.61723,0.65069,3.22925,0.07410,0.04542,3.06832,0.07155,0.04385,3.90649,0.48737
2026021233,2027-03-27,TBL,NYR,0.60238,0.47708,0.28671,0.12530,0.11091,0.23621,0.62283,0.60745,3.23969,2.60004,33.49057,27.56287,3.30660,2.59167,3.19255,3.14870,62.96204,51.81823,0.64318,0.61496,3.11440,0.07768,0.04761,2.48913,0.06877,0.04215,3.74082,0.60511
2026021234,2027-03-27,PIT,CAR,0.39103,0.28803,0.48393,0.10300,0.12504,0.22804,0.44980,0.38537,2.98021,3.61106,26.84425,32.21179,2.96287,3.35684,3.03444,2.66578,50.46742,60.55880,0.53983,0.65400,2.87720,0.06386,0.03914,3.48602,0.07753,0.04752,3.94734,0.41589
2026021235,2027-03-27,CBJ,STL,0.58574,0.47435,0.29179,0.11138,0.12247,0.23386,0.54932,0.56268,3.43663,2.49883,35.61849,29.38927,3.54973,2.60672,3.35650,3.11453,66.96269,55.25169,0.63876,0.47383,3.32525,0.06906,0.04233,2.37635,0.07593,0.04654,3.80396,0.56922
2026021236,2027-03-27,COL,WPG,0.67918,0.55955,0.22485,0.11963,0.09597,0.21560,0.64707,0.69368,3.79113,2.59249,32.41122,25.80056,3.49434,2.59616,2.75012,2.77193,60.93342,48.50532,0.70246,0.54304,3.67150,0.07417,0.04546,2.49652,0.05950,0.03647,3.96222,0.59723
2026021237,2027-03-27,NYI,DET,0.53855,0.42502,0.33478,0.11353,0.12667,0.24020,0.54592,0.51626,3.23620,2.68920,30.85591,28.06615,3.13621,2.76304,2.72825,2.44048,58.00934,52.76452,0.54903,0.55346,3.12267,0.07039,0.04314,2.56252,0.07854,0.04814,3.75846,0.53346
2026021238,2027-03-27,DAL,NSH,0.64737,0.54361,0.24112,0.10377,0.11150,0.21527,0.62439,0.60853,3.92360,2.43563,29.87476,26.48817,3.56280,2.55705,3.02940,2.84423,56.16498,49.79793,0.72872,0.50506,3.81984,0.06434,0.03943,2.32413,0.06913,0.04237,4.01378,0.65726
2026021239,2027-03-27,CGY,VGK,0.37380,0.26744,0.50051,0.10636,0.12568,0.23204,0.46925,0.37225,2.51602,3.33619,29.92881,33.44154,2.69215,3.27688,3.22779,2.84812,56.26621,62.87052,0.45191,0.61310,2.40966,0.06594,0.04042,3.21051,0.07792,0.04776,3.76457,0.43902
2026021240,2027-03-28,CHI,SEA,0.53759,0.42705,0.33570,0.11054,0.12671,0.23724,0.50601,0.52012,3.36695,2.76543,29.31117,30.08042,3.22797,2.76986,3.04906,2.59316,55.10559,56.55183,0.72118,0.42840,3.25641,0.06853,0.04200,2.63872,0.07856,0.04815,3.82145,0.44360
2026021241,2027-03-28,TOR,WSH,0.41321,0.29535,0.47591,0.11786,0.11088,0.22874,0.48828,0.45413,2.69780,3.65512,26.64281,33.38921,2.82516,3.37739,2.43858,3.24089,50.08884,62.77203,0.46436,0.77369,2.57994,0.07307,0.04479,3.54424,0.06875,0.04214,3.92212,0.53528
2026021242,2027-03-28,MTL,DET,0.58827,0.47272,0.29685,0.11554,0.11488,0.23043,0.59801,0.57608,3.55505,2.78311,26.97914,29.41248,3.34922,2.85681,2.55804,2.58992,50.72135,55.29590,0.73498,0.59204,3.43951,0.07164,0.04391,2.66823,0.07123,0.04365,3.89349,0.55298
2026021243,2027-03-28,STL,BUF,0.41473,0.29959,0.47070,0.11514,0.11457,0.22971,0.50121,0.43927,2.78654,3.61428,27.43986,32.83907,2.77481,3.28915,3.00639,3.46846,51.58712,61.73768,0.44505,0.81876,2.67139,0.07139,0.04375,3.49971,0.07103,0.04354,3.91797,0.48029
2026021244,2027-03-29,NJD,CAR,0.44233,0.34258,0.41965,0.09975,0.13802,0.23777,0.43418,0.40807,3.28465,3.13763,29.73533,32.75521,3.22463,3.03775,3.01835,2.68453,55.90273,61.58019,0.63222,0.53511,3.18490,0.06185,0.03791,2.99962,0.08557,0.05245,3.87682,0.43978
2026021245,2027-03-29,NYR,MIN,0.47872,0.35856,0.39983,0.12016,0.12145,0.24161,0.50061,0.49651,2.84762,3.04732,28.40644,32.56275,2.78868,3.07748,2.70836,3.00476,53.40423,61.21830,0.61476,0.69912,2.72746,0.07450,0.04566,2.92587,0.07530,0.04615,3.73086,0.54848
2026021246,2027-03-29,LAK,VAN,0.67270,0.57052,0.21939,0.10218,0.10792,0.21009,0.62142,0.63692,3.91609,2.24412,33.99921,27.88506,3.70358,2.40419,2.56205,2.55099,63.91944,52.42464,0.65103,0.49117,3.81391,0.06335,0.03883,2.13621,0.06691,0.04101,4.00348,0.63188
2026021247,2027-03-29,SJS,COL,0.35153,0.25601,0.52337,0.09552,0.12510,0.22062,0.38892,0.34743,2.96658,3.83306,28.77474,35.09583,2.93861,3.39071,3.40415,2.93084,54.09739,65.98062,0.62682,0.77995,2.87106,0.05922,0.03630,3.70796,0.07756,0.04754,4.02489,0.25959
2026021248,2027-03-30,BOS,MTL,0.50295,0.38498,0.37985,0.11797,0.11720,0.23517,0.52523,0.51626,3.26656,3.28463,30.52148,28.76342,3.35088,3.22828,2.94589,3.06932,57.38036,54.07566,0.63181,0.76913,3.14859,0.07314,0.04483,3.16743,0.07266,0.04454,3.90985,0.52031
2026021249,2027-03-30,DET,OTT,0.43656,0.31889,0.44591,0.11768,0.11753,0.23521,0.50606,0.45831,2.77155,3.37752,26.89145,29.56636,2.75927,3.16104,2.78403,2.70096,50.55625,55.58500,0.56103,0.71198,2.65387,0.07296,0.04472,3.25999,0.07287,0.04466,3.82673,0.49970
2026021250,2027-03-30,TBL,TOR,0.67464,0.56397,0.22325,0.11067,0.10211,0.21278,0.64446,0.66188,3.86307,2.42973,36.20912,25.45526,3.73888,2.46348,3.24058,2.73421,68.07324,47.85613,0.74303,0.49030,3.75240,0.06861,0.04205,2.32762,0.06331,0.03880,3.98324,0.68138
2026021251,2027-03-30,FLA,CBJ,0.56033,0.43656,0.32643,0.12377,0.11324,0.23700,0.55876,0.57912,3.25107,2.91941,30.30821,33.52865,3.19436,3.00898,2.75772,2.95250,56.97983,63.03440,0.70848,0.49098,3.12730,0.07674,0.04703,2.80618,0.07021,0.04303,3.81311,0.57575
2026021252,2027-03-30,NYI,CAR,0.42826,0.33538,0.42135,0.09288,0.15039,0.24328,0.42801,0.36245,3.22894,2.87956,32.56359,31.30041,3.17247,3.01417,3.60336,2.45484,61.21991,58.84522,0.60854,0.51056,3.13606,0.05759,0.03530,2.72917,0.09324,0.05715,3.79850,0.37180
2026021253,2027-03-30,PHI,PIT,0.52300,0.41532,0.34733,0.10768,0.12967,0.23735,0.54404,0.48541,3.40298,2.82164,28.83865,28.89041,3.20810,2.79152,2.87306,2.85814,54.21756,54.31459,0.65142,0.55207,3.29530,0.06676,0.04092,2.69196,0.08040,0.04928,3.84545,0.39191
2026021254,2027-03-30,WSH,CHI,0.66014,0.54708,0.23570,0.11305,0.10416,0.21721,0.66543,0.64251,3.78401,2.49583,30.23687,26.73632,3.44669,2.61320,2.72925,2.85686,56.84567,50.26457,0.59271,0.51389,3.67096,0.07009,0.04296,2.39168,0.06458,0.03958,3.95195,0.71971
2026021255,2027-03-30,NSH,BUF,0.46912,0.35943,0.40306,0.10968,0.12782,0.23751,0.47156,0.46201,3.18422,3.16554,28.54359,29.80010,3.06858,2.98883,2.98367,2.93677,53.66208,56.02451,0.63511,0.55575,3.07453,0.06800,0.04168,3.03772,0.07925,0.04857,3.85525,0.50887
2026021256,2027-03-30,DAL,CGY,0.67744,0.57081,0.21754,0.10663,0.10502,0.21165,0.63650,0.65189,3.82052,2.25127,30.83853,29.15284,3.62423,2.48366,3.15657,3.21703,57.97679,54.80740,0.70257,0.42751,3.71389,0.06611,0.04052,2.14625,0.06511,0.03991,3.95534,0.72755
2026021257,2027-03-30,SEA,UTA,0.41129,0.30461,0.46084,0.10668,0.12788,0.23455,0.49270,0.39676,2.88548,3.33869,29.09339,31.21132,2.88538,3.25175,3.12242,2.84983,54.69574,58.67765,0.58298,0.70761,2.77881,0.06614,0.04054,3.21081,0.07928,0.04859,3.83490,0.46160
2026021258,2027-03-30,ANA,COL,0.40526,0.30048,0.47425,0.10478,0.12049,0.22527,0.43075,0.41512,3.16436,3.78950,28.82540,29.72508,3.14262,3.52438,3.10301,2.83165,54.19236,55.88366,0.69594,0.76500,3.05958,0.06496,0.03982,3.66901,0.07471,0.04579,4.04142,0.26245
2026021259,2027-03-31,NJD,MIN,0.52232,0.40017,0.36131,0.12215,0.11636,0.23851,0.50011,0.55028,3.15003,3.08011,32.57022,30.58075,3.16655,2.95606,2.64936,2.64964,61.23238,57.49230,0.62354,0.59435,3.02788,0.07573,0.04642,2.96375,0.07215,0.04422,3.82254,0.51160
2026021260,2027-03-31,EDM,SJS,0.65070,0.53434,0.24532,0.11636,0.10398,0.22034,0.63664,0.64795,3.73921,2.60024,33.73930,27.28347,3.49591,2.61441,2.67003,2.76330,63.43046,51.29315,0.85953,0.54167,3.62284,0.07214,0.04422,2.49626,0.06447,0.03951,3.94190,0.77754
2026021261,2027-03-31,LAK,WPG,0.54010,0.42155,0.33855,0.11855,0.12135,0.23990,0.53822,0.54011,3.18134,2.80028,31.12224,29.53036,3.12138,2.79200,2.74367,2.76725,58.51058,55.51777,0.59409,0.58826,3.06279,0.07350,0.04505,2.67893,0.07524,0.04611,3.76284,0.50745
2026021262,2027-03-31,VGK,VAN,0.74657,0.64573,0.16595,0.10085,0.08748,0.18832,0.67921,0.73420,4.15571,2.11755,32.97045,24.94100,3.81306,2.23289,2.49772,2.59675,61.98508,46.88962,0.70314,0.44138,4.05486,0.06253,0.03832,2.03008,0.05424,0.03324,4.12590,0.59540
2026021263,2027-04-01,MTL,NYR,0.55823,0.43660,0.32706,0.12163,0.11472,0.23635,0.59562,0.56031,3.27730,2.89659,28.89776,28.24376,3.26110,2.83630,2.98009,2.75008,54.32800,53.09839,0.70359,0.65477,3.15567,0.07541,0.04622,2.78187,0.07112,0.04359,3.81669,0.44940
2026021264,2027-04-01,TBL,CBJ,0.57360,0.44447,0.31390,0.12913,0.11250,0.24163,0.60899,0.58860,3.06439,2.72375,31.19630,31.42656,3.12864,2.87482,2.92282,3.25795,58.64910,59.08197,0.60227,0.51558,2.93526,0.08006,0.04907,2.61125,0.06975,0.04275,3.70456,0.70727
2026021265,2027-04-01,FLA,TOR,0.65820,0.55155,0.23588,0.10666,0.10592,0.21257,0.59577,0.64423,4.00622,2.55759,34.89088,27.29098,3.78482,2.55288,3.06548,2.52335,65.59522,51.30751,0.85695,0.46959,3.89957,0.06613,0.04053,2.45167,0.06567,0.04025,4.05703,0.54679
2026021266,2027-04-01,PHI,WSH,0.48088,0.36118,0.39811,0.11970,0.12100,0.24070,0.52068,0.49318,2.91341,3.08952,30.49844,29.70917,3.05770,2.90673,3.00915,3.14805,57.33752,55.85358,0.57052,0.64977,2.79371,0.07421,0.04549,2.96852,0.07502,0.04598,3.76096,0.40486
2026021267,2027-04-01,PIT,NYI,0.52683,0.39344,0.36737,0.13339,0.10580,0.23919,0.57199,0.57733,2.97749,3.26259,27.45771,31.27268,3.07978,3.07563,2.51398,2.90588,51.62076,58.79308,0.51621,0.58089,2.84411,0.08270,0.05069,3.15679,0.06560,0.04021,3.83181,0.59073
2026021268,2027-04-01,BUF,BOS,0.57560,0.45008,0.31623,0.12552,0.10817,0.23368,0.59264,0.59788,3.36806,3.01792,30.09878,29.02493,3.29208,2.98406,3.34201,3.09496,56.58591,54.56680,0.67766,0.61824,3.24254,0.07782,0.04770,2.90976,0.06706,0.04110,3.87316,0.57951
2026021269,2027-04-01,STL,CGY,0.62087,0.50373,0.26652,0.11714,0.11261,0.22975,0.59199,0.61431,3.42169,2.44396,31.44752,31.72605,3.35192,2.61932,3.32276,3.15034,59.12148,59.64505,0.53962,0.48747,3.30455,0.07262,0.04451,2.33134,0.06982,0.04279,3.78901,0.59108
2026021270,2027-04-01,NSH,CHI,0.61199,0.49354,0.27740,0.11845,0.11061,0.22906,0.61675,0.60703,3.53183,2.67652,30.31990,27.50754,3.32320,2.67506,2.61518,2.85169,57.00184,51.71455,0.58540,0.50187,3.41338,0.07344,0.04501,2.56590,0.06858,0.04203,3.86732,0.68992
2026021271,2027-04-01,UTA,ANA,0.56739,0.44443,0.32108,0.12296,0.11153,0.23449,0.58529,0.58100,3.37744,2.99548,27.37237,29.51663,3.50551,2.96758,3.11259,3.21003,51.46037,55.49157,0.67563,0.75081,3.25448,0.07624,0.04673,2.88396,0.06915,0.04238,3.87119,0.68540
2026021272,2027-04-02,DET,CAR,0.38016,0.28221,0.48474,0.09796,0.13510,0.23305,0.43224,0.35297,2.91216,3.36065,26.58816,31.80175,2.86522,3.20285,2.91983,2.54713,49.98597,59.78764,0.57989,0.64309,2.81420,0.06073,0.03722,3.22555,0.08376,0.05134,3.84735,0.37490
2026021273,2027-04-02,NYI,OTT,0.41729,0.30067,0.46528,0.11662,0.11743,0.23406,0.50174,0.43969,2.63759,3.39709,28.57198,30.32212,2.72785,3.31197,3.05424,2.85237,53.71583,57.00599,0.47216,0.72760,2.52096,0.07231,0.04432,3.27966,0.07281,0.04462,3.81015,0.49322
2026021274,2027-04-02,MIN,DAL,0.51642,0.39959,0.36236,0.11683,0.12122,0.23805,0.53753,0.51538,3.22427,3.02202,29.95313,29.24147,3.23223,2.89608,3.07191,2.97822,56.31223,54.97426,0.65882,0.68818,3.10744,0.07244,0.04440,2.90081,0.07515,0.04606,3.82960,0.51598
2026021275,2027-04-02,COL,LAK,0.65868,0.53156,0.24436,0.12712,0.09696,0.22408,0.65802,0.68197,3.57752,2.69679,32.57768,28.46306,3.48131,2.76923,2.74294,2.85575,61.24661,53.51117,0.69067,0.58015,3.45040,0.07881,0.04830,2.59983,0.06012,0.03685,3.88676,0.62830
2026021276,2027-04-02,VGK,EDM,0.54538,0.41322,0.34609,0.13216,0.10853,0.24069,0.57373,0.58605,3.02331,3.06074,28.67114,28.58802,2.96226,2.89486,2.42815,2.55026,53.90209,53.74594,0.58227,0.70947,2.89115,0.08194,0.05022,2.95221,0.06729,0.04124,3.78167,0.43953
2026021277,2027-04-03,NYR,FLA,0.46698,0.34973,0.41034,0.11724,0.12268,0.23992,0.52705,0.47053,2.91567,3.14855,29.80021,32.32579,2.86922,3.14027,2.90553,3.00782,56.02470,60.77264,0.57718,0.73575,2.79843,0.07269,0.04455,3.02587,0.07606,0.04662,3.77983,0.60581
2026021278,2027-04-03,BOS,TBL,0.45222,0.33676,0.42464,0.11546,0.12314,0.23861,0.49667,0.46037,2.88703,3.21180,30.32733,32.90603,3.01689,3.23850,3.43815,3.24326,57.01532,61.86342,0.59199,0.68428,2.77157,0.07159,0.04388,3.08865,0.07635,0.04679,3.79328,0.36541
2026021279,2027-04-03,NSH,CGY,0.60412,0.49088,0.27852,0.11324,0.11736,0.23060,0.56303,0.58977,3.46514,2.48151,31.19032,30.75066,3.39629,2.63601,2.93245,2.88778,58.63806,57.81140,0.63113,0.41994,3.35190,0.07021,0.04303,2.36415,0.07276,0.04460,3.81322,0.61965
2026021280,2027-04-03,WSH,CBJ,0.52506,0.40114,0.35784,0.12392,0.11710,0.24102,0.57398,0.53499,3.04631,2.96913,28.67751,32.75184,2.97094,3.14403,2.88810,2.86045,53.91387,61.57360,0.60360,0.51156,2.92240,0.07683,0.04709,2.85203,0.07260,0.04450,3.76237,0.57639
2026021281,2027-04-03,CAR,NJD,0.58652,0.44571,0.31696,0.14081,0.09652,0.23733,0.66100,0.63954,3.15687,3.20608,31.94789,31.16067,3.18045,3.12460,2.51433,3.07337,60.06272,58.58256,0.47218,0.68412,3.01606,0.08730,0.05351,3.10956,0.05984,0.03668,3.85948,0.63857
2026021282,2027-04-03,DAL,CHI,0.66390,0.54494,0.23590,0.11896,0.10020,0.21916,0.68622,0.65933,3.70907,2.56766,30.05859,27.13304,3.40844,2.64795,2.70095,3.38543,56.51083,51.01073,0.58839,0.57528,3.59010,0.07376,0.04521,2.46746,0.06212,0.03807,3.92508,0.78861
2026021283,2027-04-03,TOR,BUF,0.41866,0.31066,0.45726,0.10800,0.12408,0.23208,0.46246,0.42049,2.99637,3.47903,26.31436,32.81687,2.89139,3.20724,2.68568,3.21685,49.47116,61.69593,0.53844,0.69176,2.88837,0.06696,0.04104,3.35495,0.07693,0.04715,3.90540,0.53991
2026021284,2027-04-03,SEA,WPG,0.47429,0.35273,0.40762,0.12156,0.11809,0.23965,0.50957,0.49901,2.88566,3.20690,29.04485,30.54776,2.88074,3.07751,2.88408,2.75770,54.60461,57.43010,0.52318,0.67376,2.76410,0.07537,0.04619,3.08881,0.07322,0.04488,3.79159,0.39247
2026021285,2027-04-03,PIT,PHI,0.53438,0.40222,0.35783,0.13216,0.10779,0.23996,0.55635,0.58202,2.99782,3.15195,29.07282,29.44358,2.99715,3.00239,2.86410,2.94834,54.65745,55.35480,0.54230,0.65822,2.86566,0.08194,0.05022,3.04416,0.06683,0.04096,3.80215,0.68531
2026021286,2027-04-03,UTA,VGK,0.50750,0.39081,0.36730,0.11669,0.12520,0.24189,0.51566,0.50501,3.07390,2.88577,29.35332,29.66630,3.13521,2.88092,3.22641,2.89086,55.18478,55.77305,0.60538,0.65259,2.95721,0.07235,0.04434,2.76056,0.07763,0.04758,3.74868,0.54083
2026021287,2027-04-03,VAN,SJS,0.44015,0.31679,0.45046,0.12336,0.10939,0.23275,0.52691,0.48334,2.72211,3.55493,30.75524,32.44877,2.76830,3.30809,2.87983,2.91404,57.82073,61.00450,0.56957,0.65033,2.59874,0.07648,0.04688,3.44554,0.06782,0.04157,3.88626,0.63656
2026021288,2027-04-03,ANA,EDM,0.47125,0.35021,0.41633,0.12105,0.11242,0.23346,0.50381,0.50734,3.06903,3.53141,28.69624,28.98484,3.00023,3.38974,2.59438,2.59933,53.94928,54.49213,0.62960,0.85764,2.94798,0.07505,0.04600,3.41900,0.06970,0.04272,3.93836,0.29317
2026021289,2027-04-03,LAK,STL,0.50259,0.37881,0.38322,0.12378,0.11419,0.23797,0.52518,0.53302,3.03701,3.21698,35.56407,32.88642,3.16094,3.00517,3.03365,3.22557,66.86172,61.82724,0.59775,0.61510,2.91323,0.07674,0.04704,3.10279,0.07080,0.04339,3.83162,0.62370
2026021290,2027-04-04,MIN,COL,0.45780,0.35245,0.41067,0.10534,0.13154,0.23688,0.49653,0.42939,3.22703,3.16003,28.30319,32.87520,3.17947,3.04600,2.89049,2.70783,53.21053,61.80575,0.69642,0.65370,3.12168,0.06531,0.04003,3.02849,0.08155,0.04998,3.86594,0.47990
2026021291,2027-04-04,NJD,FLA,0.49932,0.37721,0.38549,0.12211,0.11519,0.23730,0.52655,0.52441,3.07952,3.24163,33.57555,31.24743,3.17924,3.08616,2.77937,2.70319,63.12356,58.74624,0.55555,0.65363,2.95741,0.07571,0.04640,3.12644,0.07142,0.04377,3.84957,0.56963
2026021292,2027-04-04,OTT,DET,0.61927,0.50782,0.26695,0.11145,0.11379,0.22523,0.59357,0.60027,3.65163,2.54527,29.56113,26.56504,3.43843,2.53328,2.72179,2.75139,55.57521,49.94251,0.72092,0.55436,3.54018,0.06910,0.04235,2.43148,0.07055,0.04324,3.90012,0.58171
2026021293,2027-04-04,WSH,PIT,0.56414,0.45740,0.31256,0.10674,0.12330,0.23004,0.57329,0.52619,3.68283,2.80473,29.10924,29.59790,3.39550,2.92797,2.83198,2.73177,54.72611,55.64483,0.65731,0.52996,3.57609,0.06618,0.04056,2.68143,0.07645,0.04685,3.94687,0.53119
2026021294,2027-04-04,NYI,MTL,0.47994,0.36741,0.39370,0.11253,0.12636,0.23890,0.49713,0.47396,3.13423,3.09529,32.24951,26.85941,3.18415,3.08018,3.01425,2.61874,60.62919,50.49591,0.55392,0.67341,3.02169,0.06977,0.04276,2.96893,0.07835,0.04802,3.82219,0.52212
2026021295,2027-04-04,SJS,STL,0.48046,0.36743,0.39553,0.11302,0.12402,0.23704,0.47514,0.48542,3.18199,3.18919,36.58860,33.77783,3.27175,3.00097,3.80487,3.36772,68.78822,63.50311,0.71269,0.59254,3.06897,0.07007,0.04295,3.06517,0.07689,0.04713,3.86111,0.43754
2026021296,2027-04-05,CAR,PHI,0.67296,0.53734,0.23488,0.13562,0.09216,0.22778,0.65233,0.71801,3.38741,2.62257,33.63420,27.14807,3.37854,2.66642,2.96483,3.26771,63.23260,51.03868,0.62416,0.57738,3.25179,0.08409,0.05154,2.53041,0.05714,0.03502,3.79985,0.78426
2026021297,2027-04-05,BUF,TBL,0.49628,0.37115,0.38927,0.12514,0.11445,0.23958,0.53994,0.52528,2.94195,3.19542,28.42767,30.10461,2.90196,3.07040,3.44461,3.04595,53.44406,56.59668,0.59206,0.64079,2.81681,0.07758,0.04755,3.08097,0.07096,0.04349,3.80151,0.40089
2026021298,2027-04-05,TOR,BOS,0.46291,0.34456,0.42051,0.11835,0.11658,0.23494,0.50574,0.48574,3.00428,3.40769,27.99703,34.51173,3.02429,3.33118,2.77806,3.20101,52.63470,64.88219,0.57225,0.70273,2.88593,0.07338,0.04497,3.29111,0.07228,0.04430,3.88406,0.57842
2026021299,2027-04-05,DAL,SEA,0.66814,0.55903,0.22729,0.10911,0.10456,0.21368,0.64682,0.64693,3.86342,2.41920,30.45253,28.63771,3.58509,2.57928,3.01251,3.16512,57.25093,53.83892,0.81903,0.46731,3.75431,0.06765,0.04146,2.31463,0.06483,0.03973,3.98327,0.70744
2026021300,2027-04-05,UTA,WPG,0.56916,0.43621,0.32164,0.13295,0.10920,0.24215,0.56683,0.60908,3.00880,2.83110,28.55818,28.17006,3.04626,2.79389,2.83523,3.06747,53.68963,52.95987,0.56431,0.65749,2.87585,0.08243,0.05052,2.72190,0.06770,0.04149,3.71361,0.46676
2026021301,2027-04-05,EDM,CGY,0.67735,0.57542,0.21478,0.10194,0.10787,0.20980,0.60599,0.64421,3.86469,2.16306,34.11023,27.45405,3.71194,2.31700,2.59797,2.51320,64.12776,51.61370,0.76719,0.40376,3.76275,0.06320,0.03874,2.05519,0.06688,0.04099,3.97632,0.73048
2026021302,2027-04-06,FLA,MTL,0.55294,0.43554,0.33087,0.11740,0.11620,0.23359,0.52720,0.56309,3.45105,3.01253,30.16224,28.20041,3.41858,2.91216,2.75111,2.86498,56.70515,53.01722,0.72822,0.64156,3.33365,0.07279,0.04461,2.89634,0.07204,0.04415,3.89928,0.56249
2026021303,2027-04-06,NJD,TBL,0.52969,0.41770,0.34388,0.11199,0.12644,0.23843,0.47486,0.52443,3.31385,2.81403,33.09164,29.51120,3.29609,2.77360,3.30244,2.54713,62.21286,55.48150,0.71604,0.46619,3.20186,0.06943,0.04256,2.68760,0.07839,0.04805,3.81191,0.43833
2026021304,2027-04-06,CBJ,WSH,0.53858,0.42051,0.34068,0.11807,0.12075,0.23882,0.52618,0.54227,3.23121,2.86336,33.06965,28.81776,3.42773,2.77571,2.89658,2.89320,62.17107,54.17758,0.51808,0.60690,3.11314,0.07320,0.04487,2.74261,0.07486,0.04588,3.79395,0.50514
2026021305,2027-04-06,NYI,DET,0.54564,0.43165,0.32885,0.11399,0.12551,0.23950,0.54592,0.52596,3.26169,2.67889,30.97547,28.10457,3.16658,2.76632,2.79221,2.44922,58.23411,52.83671,0.56851,0.55217,3.14770,0.07067,0.04332,2.55338,0.07782,0.04769,3.76567,0.53346
2026021306,2027-04-06,NYR,PIT,0.54315,0.43494,0.33077,0.10821,0.12608,0.23429,0.53498,0.51458,3.50862,2.81381,27.82794,29.72145,3.17505,2.81661,2.72716,2.83834,52.31691,55.87667,0.70479,0.55853,3.40041,0.06709,0.04112,2.68773,0.07817,0.04791,3.88241,0.60018
2026021307,2027-04-06,NSH,SEA,0.62851,0.52225,0.25725,0.10626,0.11424,0.22050,0.57403,0.60324,3.80760,2.49970,31.57861,29.25234,3.55954,2.64073,2.89205,2.66698,59.36811,54.99472,0.82533,0.41013,3.70134,0.06588,0.04038,2.38546,0.07083,0.04341,3.96473,0.59742
2026021308,2027-04-06,MIN,CHI,0.67610,0.56738,0.22097,0.10872,0.10293,0.21165,0.67512,0.64945,3.87132,2.37387,32.65919,26.50641,3.63393,2.43088,2.62638,2.71755,61.39997,49.83238,0.65940,0.50698,3.76260,0.06740,0.04131,2.27093,0.06382,0.03911,3.98450,0.76745
2026021309,2027-04-06,VAN,COL,0.27358,0.18440,0.62345,0.08918,0.10297,0.19215,0.36689,0.30271,2.39026,4.32206,25.63858,33.49535,2.50679,3.70085,2.80829,2.43259,48.20103,62.97158,0.52082,0.73689,2.30108,0.05529,0.03389,4.21909,0.06384,0.03913,4.20645,0.34987
2026021310,2027-04-06,VGK,STL,0.62189,0.49809,0.27217,0.12380,0.10595,0.22975,0.58793,0.64252,3.46185,2.69885,33.86210,29.17140,3.39016,2.70056,3.04156,3.36936,63.66093,54.84191,0.70470,0.49295,3.33805,0.07675,0.04704,2.59290,0.06569,0.04026,3.84310,0.58745
2026021311,2027-04-06,ANA,LAK,0.50905,0.38487,0.37992,0.12418,0.11103,0.23521,0.54344,0.54098,3.15697,3.34834,30.80772,30.14040,3.20461,3.35301,2.88568,3.08839,57.91913,56.66476,0.65846,0.73325,3.03279,0.07699,0.04719,3.23731,0.06884,0.04219,3.90057,0.35532
2026021312,2027-04-07,BUF,BOS,0.57607,0.45105,0.31595,0.12502,0.10797,0.23299,0.59264,0.59788,3.40345,3.04253,30.15131,29.20792,3.29151,3.00512,3.31699,3.10369,56.68466,54.91084,0.68024,0.62687,3.27843,0.07751,0.04751,2.93455,0.06694,0.04103,3.88993,0.57951
2026021313,2027-04-07,CAR,OTT,0.59005,0.45268,0.31001,0.13736,0.09994,0.23731,0.62209,0.64006,3.19563,3.07972,31.31237,27.30029,3.21004,2.99171,3.03030,3.16281,58.86756,51.32475,0.61088,0.64995,3.05827,0.08517,0.05220,2.97978,0.06196,0.03798,3.83536,0.66266
2026021314,2027-04-07,WPG,EDM,0.45113,0.33080,0.42911,0.12033,0.11976,0.24009,0.52268,0.46870,2.72449,3.19949,26.86108,30.43461,2.74363,3.00056,2.46392,2.38706,50.49897,57.21740,0.51257,0.73780,2.60416,0.07461,0.04573,3.07973,0.07425,0.04551,3.75290,0.51673
2026021315,2027-04-07,UTA,DAL,0.48723,0.35970,0.40191,0.12753,0.11086,0.23839,0.50714,0.53742,2.87279,3.31763,29.79015,28.89015,3.08636,3.09786,3.42451,3.40960,56.00546,54.31358,0.56953,0.82895,2.74526,0.07907,0.04846,3.20677,0.06873,0.04213,3.82645,0.44173
2026021316,2027-04-08,OTT,WSH,0.53815,0.41368,0.34994,0.12448,0.11190,0.23638,0.55321,0.56454,3.22305,3.13330,30.02074,28.90980,3.30197,2.86182,2.74429,3.26193,56.43944,54.35096,0.57751,0.69161,3.09857,0.07718,0.04730,3.02139,0.06938,0.04252,3.85761,0.54753
2026021317,2027-04-08,TBL,MTL,0.56957,0.44909,0.31527,0.12049,0.11515,0.23564,0.57830,0.57267,3.35052,2.84164,31.17727,26.80767,3.37797,2.81516,2.85339,3.14595,58.61335,50.39863,0.62475,0.66982,3.23003,0.07470,0.04579,2.72648,0.07139,0.04376,3.82959,0.69458
2026021318,2027-04-08,NJD,NYI,0.57471,0.44908,0.31416,0.12563,0.11113,0.23676,0.55642,0.60029,3.25434,2.86457,31.06588,31.62653,3.35009,2.79067,2.52033,2.88720,58.40400,59.45813,0.60696,0.47735,3.12871,0.07789,0.04774,2.75344,0.06890,0.04223,3.80149,0.60827
2026021319,2027-04-08,CBJ,PHI,0.56837,0.44954,0.31080,0.11884,0.12083,0.23967,0.55565,0.56253,3.20682,2.59338,32.98108,29.43745,3.27354,2.66863,3.08244,2.94072,62.00485,55.34295,0.54583,0.58238,3.08798,0.07368,0.04516,2.47255,0.07491,0.04591,3.72777,0.64194
2026021320,2027-04-08,CHI,NSH,0.44662,0.33169,0.43122,0.11492,0.12216,0.23708,0.48180,0.45968,2.90041,3.28521,27.81893,30.12812,2.90273,3.05093,2.93425,2.61970,52.29996,56.64122,0.51344,0.58857,2.78549,0.07125,0.04367,3.16305,0.07574,0.04642,3.82059,0.38469
2026021321,2027-04-08,STL,SEA,0.59056,0.46953,0.29637,0.12104,0.11307,0.23410,0.60278,0.59049,3.34581,2.69792,31.41150,31.26331,3.28950,2.78654,3.21706,3.14329,59.05352,58.77502,0.60660,0.55509,3.22477,0.07504,0.04599,2.58485,0.07010,0.04297,3.79980,0.56894
2026021322,2027-04-08,CGY,COL,0.32008,0.22271,0.56451,0.09737,0.11541,0.21278,0.42029,0.33189,2.47084,3.83114,28.24774,35.21432,2.64855,3.57984,3.13009,2.88642,53.10601,66.20332,0.47038,0.67877,2.37347,0.06037,0.03700,3.71573,0.07155,0.04385,3.97251,0.30938
2026021323,2027-04-08,SJS,MIN,0.43250,0.31936,0.44810,0.11315,0.11940,0.23254,0.44115,0.45847,2.94251,3.48246,31.40061,33.31228,2.93226,3.22225,3.18078,2.84323,59.03389,62.62802,0.60561,0.75622,2.82936,0.07015,0.04300,3.36306,0.07403,0.04537,3.89639,0.31776
2026021324,2027-04-08,LAK,VGK,0.46000,0.35012,0.40886,0.10988,0.13113,0.24101,0.48672,0.44429,3.01043,3.02481,32.15123,32.42451,3.09777,3.01682,3.15402,2.75206,60.44532,60.95904,0.58276,0.63740,2.90054,0.06813,0.04175,2.89368,0.08130,0.04983,3.76763,0.58000
2026021325,2027-04-09,DET,PIT,0.51438,0.40190,0.36133,0.11247,0.12430,0.23677,0.53251,0.50028,3.35178,3.03098,28.64303,27.77253,3.17432,2.90655,2.55183,2.49446,53.84934,52.21276,0.62132,0.58040,3.23931,0.06973,0.04274,2.90668,0.07706,0.04723,3.87146,0.49670
2026021326,2027-04-09,FLA,BOS,0.59560,0.47705,0.29361,0.11855,0.11078,0.22933,0.55215,0.60869,3.56003,2.84756,31.50127,31.09790,3.52121,2.89446,3.09137,3.02764,59.22274,58.46441,0.79982,0.55618,3.44148,0.07350,0.04505,2.73677,0.06869,0.04210,3.90573,0.58111
2026021327,2027-04-09,WPG,VAN,0.63741,0.52631,0.24886,0.11110,0.11374,0.22484,0.63271,0.60503,3.56554,2.31014,30.20326,26.70973,3.45121,2.38384,2.53178,2.53461,56.78249,50.21456,0.59434,0.48687,3.45444,0.06888,0.04222,2.19640,0.07052,0.04322,3.83795,0.66291
2026021328,2027-04-09,DAL,UTA,0.56899,0.45704,0.30745,0.11195,0.12356,0.23551,0.59252,0.53472,3.40849,2.60935,28.08960,28.34061,3.25530,2.80100,3.38937,3.26618,52.80849,53.28023,0.80152,0.54226,3.29653,0.06941,0.04254,2.48579,0.07661,0.04695,3.80935,0.63692
2026021329,2027-04-10,PHI,WSH,0.47984,0.35972,0.39926,0.12012,0.12090,0.24102,0.52068,0.49318,2.89191,3.08803,30.72516,29.65626,3.05529,2.89783,3.04053,3.11665,57.76371,55.75411,0.56868,0.64428,2.77179,0.07448,0.04565,2.96713,0.07496,0.04594,3.75496,0.40486
2026021330,2027-04-10,COL,MIN,0.60152,0.47138,0.29551,0.13015,0.10297,0.23311,0.60273,0.63741,3.36372,2.95903,32.60706,27.61472,3.25326,2.92161,2.67016,2.78340,61.30159,51.91611,0.64114,0.67112,3.23357,0.08069,0.04946,2.85607,0.06384,0.03913,3.85836,0.60055
2026021331,2027-04-10,SJS,ANA,0.48383,0.37954,0.38752,0.10429,0.12864,0.23293,0.50710,0.45382,3.56127,3.27317,28.58901,33.03621,3.49162,3.14968,3.59783,3.15168,53.74797,62.10867,0.77541,0.74316,3.45698,0.06466,0.03963,3.14452,0.07976,0.04889,3.99055,0.53897
2026021332,2027-04-10,NYI,CBJ,0.49315,0.37245,0.38369,0.12069,0.12316,0.24386,0.52891,0.50001,2.88260,2.92736,31.48897,30.95390,2.92579,3.09973,2.97187,2.70518,59.19946,58.19332,0.52222,0.51662,2.76190,0.07483,0.04586,2.80420,0.07636,0.04680,3.70318,0.53540
2026021333,2027-04-10,BUF,DET,0.63884,0.52837,0.25204,0.11047,0.10912,0.21959,0.61541,0.62115,3.79979,2.56301,29.02828,27.14810,3.42420,2.60293,2.87916,2.64049,54.57359,51.03863,0.73351,0.52180,3.68932,0.06849,0.04198,2.45390,0.06765,0.04146,3.96556,0.57147
2026021334,2027-04-10,FLA,CAR,0.42612,0.32358,0.44051,0.10254,0.13337,0.23591,0.45770,0.40106,3.11426,3.25297,28.17927,35.93856,3.13377,3.20911,3.07920,2.99660,52.97762,67.56560,0.66308,0.60673,3.01171,0.06358,0.03897,3.11960,0.08269,0.05068,3.86123,0.41045
2026021335,2027-04-10,NJD,PIT,0.60897,0.51039,0.27077,0.09859,0.12026,0.21884,0.53448,0.56809,4.05136,2.62863,32.93704,27.70281,3.77378,2.64377,2.76767,2.48395,61.92242,52.08182,0.76473,0.43009,3.95277,0.06112,0.03746,2.50837,0.07456,0.04570,4.08393,0.56239
2026021336,2027-04-10,CHI,SEA,0.50770,0.39142,0.36896,0.11627,0.12334,0.23961,0.50601,0.51042,3.15115,2.98507,28.98844,30.96809,3.10051,2.89279,3.00153,2.70821,54.49865,58.22050,0.66036,0.48098,3.03487,0.07209,0.04418,2.86172,0.07647,0.04687,3.79804,0.44360
2026021337,2027-04-10,NSH,DAL,0.48187,0.36959,0.39088,0.11229,0.12725,0.23954,0.47370,0.47966,3.13040,3.05533,30.44429,28.31798,3.15750,2.93132,3.39571,2.74557,57.23531,53.23823,0.67241,0.55355,3.01812,0.06962,0.04267,2.92808,0.07890,0.04836,3.81031,0.42068
2026021338,2027-04-10,OTT,MTL,0.55929,0.44340,0.32337,0.11589,0.11734,0.23323,0.54563,0.55905,3.47912,2.93395,30.68211,25.10913,3.43059,2.81678,2.90445,2.91852,57.68256,47.20548,0.68211,0.67241,3.36324,0.07185,0.04404,2.81661,0.07275,0.04459,3.89300,0.57065
2026021339,2027-04-10,NYR,TOR,0.58760,0.47476,0.29505,0.11285,0.11735,0.23019,0.57314,0.57214,3.55407,2.69726,32.00704,27.55173,3.31794,2.67833,2.99200,2.59845,60.17356,51.79754,0.75478,0.54054,3.44123,0.06996,0.04288,2.57992,0.07275,0.04459,3.88020,0.61596
2026021340,2027-04-10,STL,UTA,0.53083,0.42429,0.33705,0.10655,0.13212,0.23866,0.54646,0.48459,3.38023,2.67679,32.05277,30.64117,3.26051,2.88935,3.78915,3.05692,60.25916,57.60561,0.69540,0.55999,3.27369,0.06606,0.04049,2.54467,0.08191,0.05020,3.81062,0.49162
2026021341,2027-04-10,TBL,BOS,0.64133,0.53278,0.24740,0.10855,0.11127,0.21982,0.60259,0.61795,3.75737,2.43580,33.65318,28.13962,3.62888,2.63633,3.36967,3.15790,63.26840,52.90278,0.78088,0.51341,3.64882,0.06730,0.04125,2.32453,0.06899,0.04228,3.93648,0.70949
2026021342,2027-04-10,CGY,VAN,0.59911,0.48316,0.28155,0.11595,0.11934,0.23530,0.60480,0.57495,3.31212,2.40358,32.88108,28.69882,3.37754,2.56504,2.85604,2.57124,61.81698,53.95439,0.54648,0.44683,3.19616,0.07189,0.04406,2.28424,0.07399,0.04535,3.73711,0.49333
2026021343,2027-04-10,EDM,WPG,0.64696,0.54258,0.24015,0.10438,0.11289,0.21727,0.57741,0.61813,3.82718,2.34847,31.36539,25.79458,3.46113,2.41002,2.44283,2.29940,58.96755,48.49422,0.84739,0.46110,3.72280,0.06471,0.03966,2.23558,0.06999,0.04290,3.96403,0.56314
2026021344,2027-04-10,VGK,LAK,0.60015,0.46930,0.29356,0.13085,0.10629,0.23714,0.61208,0.62748,3.20371,2.76062,31.94766,30.94084,3.23283,2.82989,2.73303,3.02834,60.06246,58.16966,0.63065,0.56650,3.07286,0.08113,0.04972,2.65433,0.06590,0.04039,3.76068,0.49839
