game_id,season_end,y,outcome4,p_elo,p_h,p_r4_quick,p_r6,p_r6e,p_r6L,p_r6c,p_r13,p_r9,p_r11
2011020001,2012,0.0,1,0.597016,0.564645,,0.533505,0.533768,0.534712,0.543336,0.54309,0.531631,0.533076
2011020002,2012,1.0,0,0.50405,0.486092,,0.451955,0.449006,0.454426,0.47212,0.472288,0.459315,0.44412
2011020003,2012,0.0,3,0.598924,0.55821,,0.536268,0.534312,0.536407,0.528581,0.528214,0.524224,0.53224
2011020004,2012,0.0,1,0.520373,0.517577,,0.488356,0.485559,0.487484,0.46814,0.468046,0.461315,0.481202
2011020005,2012,1.0,0,0.644998,0.652082,,0.625911,0.625841,0.625858,0.614406,0.614202,0.622608,0.631569
2011020006,2012,0.0,1,0.46481,0.539001,,0.428032,0.428604,0.429053,0.429393,0.429336,0.439995,0.448828
2011020007,2012,1.0,0,0.547942,0.568808,,0.514678,0.514851,0.513729,0.495497,0.495085,0.504509,0.520707
2011020008,2012,1.0,0,0.481601,0.470842,,0.425186,0.427262,0.426373,0.423239,0.422925,0.450482,0.419807
2011020009,2012,1.0,2,0.559171,0.576077,,0.530017,0.527229,0.530671,0.521082,0.520837,0.511485,0.534119
2011020010,2012,1.0,0,0.584563,0.582373,,0.56025,0.557575,0.559834,0.572168,0.571995,0.581179,0.557307
2011020011,2012,1.0,0,0.565547,0.563041,,0.543022,0.54285,0.544003,0.535306,0.535275,0.547352,0.537283
2011020012,2012,0.0,1,0.51705,0.53475,,0.469451,0.467923,0.470254,0.468777,0.468538,0.453957,0.475997
2011020013,2012,1.0,2,0.611376,0.596197,,0.608934,0.597608,0.609077,0.599978,0.599927,0.595642,0.595774
2011020014,2012,0.0,1,0.564976,0.524721,,0.540076,0.534981,0.538144,0.541615,0.541537,0.529505,0.519374
2011020015,2012,0.0,1,0.523319,0.577841,,0.537254,0.526515,0.53748,0.526681,0.526627,0.524322,0.538116
2011020016,2012,1.0,0,0.580802,0.494173,,0.549695,0.544551,0.549463,0.543009,0.543037,0.543415,0.513596
2011020017,2012,1.0,0,0.611023,0.609481,,0.561259,0.560454,0.561124,0.570282,0.569912,0.575768,0.570514
2011020018,2012,0.0,1,0.421378,0.387594,,0.358254,0.359648,0.357814,0.374332,0.374341,0.370054,0.34159
2011020019,2012,0.0,1,0.529212,0.497941,,0.515108,0.512432,0.514487,0.498104,0.497909,0.488658,0.490669
2011020020,2012,1.0,2,0.555664,0.517786,,0.499719,0.504144,0.498348,0.501522,0.50159,0.506148,0.49002
2011020021,2012,1.0,0,0.596683,0.60699,,0.56794,0.563348,0.568823,0.58098,0.580771,0.58346,0.573169
2011020022,2012,0.0,1,0.550548,0.561389,,0.504944,0.508037,0.508148,0.514309,0.51392,0.494162,0.511403
2011020023,2012,0.0,1,0.48749,0.516929,,0.488773,0.472368,0.487393,0.463907,0.463954,0.45616,0.479906
2011020024,2012,1.0,2,0.427023,0.410114,,0.352963,0.356578,0.352809,0.361846,0.361616,0.357861,0.347231
2011020025,2012,0.0,1,0.691656,0.683808,,0.709193,0.706644,0.709199,0.692989,0.692907,0.695528,0.700544
2011020026,2012,1.0,0,0.551931,0.550833,,0.510776,0.511037,0.513184,0.512395,0.512105,0.506409,0.510788
2011020027,2012,1.0,0,0.515925,0.543117,,0.503162,0.489467,0.50066,0.520459,0.52037,0.510614,0.501215
2011020028,2012,1.0,0,0.547289,0.573244,,0.550171,0.546715,0.54886,0.545203,0.544834,0.556667,0.545467
2011020029,2012,1.0,2,0.575245,0.606127,,0.561835,0.554736,0.56174,0.56665,0.566439,0.558834,0.568018
2011020030,2012,0.0,1,0.416591,0.453485,,0.374568,0.38314,0.375454,0.372565,0.372352,0.37785,0.377718
2011020031,2012,1.0,2,0.541807,0.537476,,0.514637,0.513316,0.516059,0.506926,0.506695,0.508725,0.507295
2011020032,2012,1.0,0,0.639764,0.600702,,0.624783,0.617594,0.624364,0.601897,0.601635,0.598982,0.609151
2011020033,2012,1.0,2,0.520505,0.523664,,0.501397,0.494982,0.503964,0.503032,0.503002,0.488316,0.492149
2011020034,2012,0.0,3,0.563683,0.598565,,0.551517,0.55076,0.552818,0.538294,0.538002,0.53842,0.557696
2011020035,2012,1.0,0,0.505324,0.486947,,0.472348,0.476402,0.471084,0.474577,0.474572,0.473009,0.457636
2011020036,2012,1.0,0,0.464027,0.464443,,0.419328,0.419251,0.419569,0.409772,0.40975,0.415434,0.412772
2011020037,2012,1.0,2,0.518358,0.490975,,0.454659,0.454819,0.455063,0.439169,0.438974,0.452296,0.448423
2011020038,2012,1.0,0,0.473834,0.493941,,0.427472,0.422954,0.426315,0.462368,0.462519,0.449298,0.430363
2011020039,2012,0.0,3,0.532916,0.506396,,0.46363,0.465299,0.464343,0.447839,0.447475,0.452922,0.461123
2011020040,2012,0.0,1,0.557492,0.538534,,0.500152,0.50586,0.500691,0.507134,0.506873,0.518618,0.499008
2011020041,2012,0.0,1,0.571539,0.5723,,0.564848,0.560639,0.5681,0.568276,0.568415,0.57467,0.555536
2011020042,2012,1.0,0,0.53525,0.503892,,0.511791,0.512792,0.510678,0.491273,0.491325,0.494787,0.491234
2011020043,2012,0.0,1,0.588563,0.523209,,0.539733,0.538376,0.539771,0.569297,0.569316,0.573599,0.519476
2011020044,2012,1.0,2,0.605146,0.558918,,0.590266,0.592551,0.590815,0.584359,0.584341,0.603298,0.567883
2011020045,2012,1.0,0,0.677376,0.625787,,0.645071,0.637103,0.647171,0.618206,0.61803,0.612082,0.634312
2011020046,2012,1.0,0,0.539791,0.471223,,0.47795,0.484689,0.480874,0.477501,0.477253,0.462541,0.4561
2011020047,2012,0.0,1,0.59821,0.561309,,0.580237,0.575711,0.579613,0.56978,0.569602,0.572614,0.562035
2011020048,2012,1.0,0,0.511452,0.441163,,0.451021,0.449132,0.450979,0.439127,0.439065,0.443006,0.425377
2011020049,2012,1.0,0,0.509826,0.509386,,0.46739,0.471719,0.471272,0.468248,0.468139,0.459124,0.463874
2011020050,2012,0.0,3,0.61238,0.588745,,0.575595,0.573047,0.577518,0.569444,0.569167,0.586257,0.571035
2011020051,2012,1.0,0,0.494277,0.49652,,0.450031,0.4474,0.44798,0.432265,0.431996,0.434911,0.446776
2011020052,2012,0.0,3,0.565387,0.519386,,0.52645,0.526061,0.524964,0.508178,0.508024,0.528582,0.508345
2011020053,2012,0.0,1,0.554898,0.555313,,0.539269,0.536315,0.541082,0.537042,0.536773,0.542707,0.531194
2011020054,2012,1.0,0,0.662598,0.64196,,0.679168,0.667791,0.679259,0.683613,0.683345,0.702173,0.662734
2011020055,2012,1.0,0,0.625969,0.570974,,0.585082,0.58137,0.584338,0.565653,0.565229,0.565736,0.570338
2011020056,2012,1.0,2,0.471033,0.531505,,0.453214,0.453961,0.452104,0.469768,0.469812,0.480879,0.462334
2011020057,2012,0.0,3,0.588922,0.484701,,0.54336,0.543589,0.541411,0.54747,0.547309,0.551609,0.505872
2011020058,2012,0.0,3,0.462555,0.4167,,0.401014,0.405952,0.401357,0.385011,0.385006,0.381158,0.381764
2011020059,2012,1.0,0,0.614692,0.516913,,0.585352,0.582033,0.586964,0.580538,0.58022,0.562592,0.547741
2011020060,2012,0.0,3,0.555175,0.531249,,0.505061,0.503827,0.506337,0.495027,0.494677,0.486968,0.499047
2011020061,2012,0.0,1,0.396711,0.369202,,0.314167,0.328235,0.314587,0.332807,0.332774,0.312131,0.305687
2011020062,2012,0.0,1,0.600946,0.58239,,0.559692,0.560795,0.561922,0.584973,0.584891,0.581286,0.557614
2011020063,2012,1.0,0,0.563036,0.487452,,0.490241,0.492486,0.492492,0.485749,0.485934,0.503355,0.471634
2011020064,2012,0.0,3,0.578475,0.556444,,0.548992,0.545407,0.555405,0.557698,0.557586,0.561208,0.538905
2011020065,2012,0.0,1,0.620905,0.538881,,0.615255,0.606114,0.615602,0.586073,0.585912,0.579527,0.576801
2011020066,2012,1.0,0,0.445706,0.461172,,0.39872,0.40725,0.397567,0.393055,0.393116,0.391047,0.397488
2011020067,2012,1.0,0,0.433852,0.502168,,0.379858,0.386816,0.381509,0.354619,0.354085,0.355539,0.401096
2011020068,2012,0.0,1,0.572977,0.637635,,0.634296,0.626499,0.634633,0.639099,0.63867,0.651205,0.628093
2011020069,2012,0.0,1,0.627119,0.60989,,0.596562,0.596945,0.597241,0.607078,0.606751,0.597332,0.594089
2011020070,2012,1.0,0,0.656325,0.619224,,0.6656,0.652075,0.666639,0.662299,0.6622,0.661159,0.644311
2011020071,2012,0.0,1,0.476935,0.516319,,0.431781,0.433355,0.430726,0.427462,0.427203,0.436732,0.442412
2011020072,2012,0.0,1,0.515382,0.517406,,0.465363,0.470727,0.465649,0.467845,0.467553,0.47955,0.466098
2011020073,2012,0.0,1,0.456305,0.451718,,0.396245,0.400854,0.396624,0.395416,0.395373,0.391084,0.392519
2011020074,2012,0.0,1,0.496149,0.443672,,0.462104,0.466101,0.461988,0.457045,0.457124,0.464039,0.432884
2011020075,2012,1.0,0,0.633768,0.600024,,0.650183,0.632338,0.649855,0.651136,0.650914,0.659366,0.6254
2011020076,2012,0.0,1,0.614286,0.625664,,0.581572,0.571295,0.580421,0.560499,0.559985,0.560598,0.590608
2011020077,2012,0.0,1,0.497711,0.487931,,0.447777,0.45152,0.44666,0.41871,0.418339,0.42655,0.441937
2011020078,2012,1.0,0,0.565546,0.545256,,0.490361,0.500721,0.494973,0.50243,0.502299,0.50851,0.495818
2011020079,2012,1.0,2,0.586859,0.537714,,0.53114,0.531928,0.533643,0.527326,0.527259,0.544465,0.519871
2011020080,2012,1.0,0,0.637142,0.633367,,0.658129,0.651128,0.658064,0.65691,0.65638,0.653225,0.644359
2011020081,2012,0.0,1,0.525384,0.494829,,0.475131,0.480537,0.475487,0.442952,0.442645,0.441656,0.463465
2011020082,2012,1.0,0,0.588634,0.545217,,0.540911,0.539202,0.541534,0.523725,0.523346,0.51015,0.529396
2011020083,2012,1.0,0,0.554062,0.520418,,0.505776,0.505579,0.506931,0.493681,0.493589,0.48796,0.494959
2011020084,2012,1.0,0,0.595268,0.559585,,0.543498,0.545646,0.545606,0.508804,0.508575,0.516568,0.537341
2011020085,2012,0.0,1,0.457414,0.490311,,0.395702,0.404899,0.396051,0.39805,0.397718,0.40111,0.407641
2011020086,2012,0.0,1,0.424462,0.405879,,0.391857,0.397266,0.389568,0.393763,0.393854,0.397866,0.370188
2011020087,2012,0.0,3,0.541939,0.558475,,0.507688,0.502328,0.506713,0.496871,0.49647,0.489813,0.511605
2011020088,2012,0.0,3,0.497951,0.527634,,0.435177,0.431836,0.435326,0.424758,0.424171,0.428082,0.450088
2011020089,2012,1.0,0,0.588894,0.663685,,0.587812,0.577519,0.589043,0.578275,0.577764,0.583425,0.610117
2011020090,2012,0.0,1,0.52725,0.507656,,0.501254,0.499983,0.497939,0.486102,0.485858,0.482987,0.485678
2011020091,2012,0.0,3,0.499073,0.454116,,0.402811,0.407023,0.402898,0.397362,0.397214,0.403741,0.399324
2011020092,2012,1.0,0,0.680201,0.670586,,0.654916,0.653864,0.656381,0.638774,0.638771,0.632848,0.659442
2011020093,2012,1.0,2,0.555929,0.572071,,0.546872,0.536997,0.542088,0.549748,0.549298,0.536808,0.543182
2011020094,2012,0.0,1,0.574965,0.553026,,0.567096,0.560983,0.56717,0.5493,0.549469,0.549998,0.549097
2011020095,2012,0.0,1,0.535479,0.576935,,0.526768,0.517873,0.526287,0.514002,0.513557,0.508921,0.531447
2011020096,2012,1.0,2,0.643864,0.661661,,0.646623,0.636444,0.649056,0.650233,0.649893,0.646264,0.648895
2011020097,2012,0.0,1,0.56269,0.513095,,0.484633,0.488325,0.484907,0.472743,0.472384,0.476899,0.478622
2011020098,2012,0.0,3,0.574669,0.585751,,0.557644,0.555307,0.55506,0.549962,0.549573,0.565542,0.556651
2011020099,2012,1.0,0,0.561459,0.519598,,0.526972,0.524451,0.528997,0.515034,0.515036,0.513009,0.508614
2011020100,2012,0.0,1,0.578355,0.533567,,0.558983,0.556914,0.561665,0.514715,0.514647,0.537835,0.535873
2011020101,2012,1.0,0,0.5909,0.564549,,0.575567,0.569085,0.573383,0.572699,0.572378,0.573202,0.560042
2011020102,2012,1.0,0,0.550229,0.526463,,0.541213,0.533311,0.540982,0.554613,0.554549,0.574932,0.520247
2011020103,2012,1.0,0,0.47912,0.50905,,0.448984,0.451081,0.450446,0.448508,0.448737,0.448065,0.450652
2011020104,2012,1.0,0,0.518027,0.500469,,0.472049,0.476986,0.474346,0.461268,0.461035,0.459849,0.463519
2011020105,2012,1.0,0,0.534267,0.551528,,0.489268,0.492038,0.490172,0.493441,0.49312,0.490748,0.496491
2011020106,2012,0.0,3,0.676754,0.66129,,0.652196,0.645618,0.653517,0.640022,0.639703,0.64799,0.653642
2011020107,2012,1.0,0,0.445057,0.489987,,0.371215,0.377048,0.370233,0.358735,0.358312,0.355389,0.390998
2011020108,2012,1.0,0,0.571986,0.60158,,0.554809,0.551151,0.554126,0.567128,0.567069,0.585431,0.561428
2011020109,2012,0.0,1,0.574853,0.523454,,0.552979,0.548504,0.553437,0.547091,0.547015,0.554411,0.52763
2011020110,2012,1.0,0,0.607804,0.6007,,0.635416,0.626188,0.63355,0.619516,0.619266,0.608267,0.614868
2011020111,2012,0.0,1,0.591297,0.564304,,0.563313,0.558375,0.562261,0.53697,0.536652,0.541652,0.55199
2011020112,2012,0.0,1,0.463768,0.531325,,0.461045,0.461198,0.46023,0.441928,0.441908,0.441222,0.467041
2011020113,2012,0.0,1,0.570752,0.57211,,0.563857,0.555163,0.561457,0.561502,0.561413,0.565029,0.554783
2011020114,2012,0.0,1,0.46071,0.410839,,0.419412,0.417323,0.417719,0.409858,0.409797,0.41438,0.390959
2011020115,2012,0.0,3,0.598381,0.564882,,0.602563,0.599947,0.603041,0.585529,0.585265,0.587237,0.578139
2011020116,2012,1.0,0,0.410672,0.404168,,0.351396,0.354397,0.349887,0.366108,0.365982,0.371738,0.343319
2011020117,2012,0.0,1,0.516983,0.397473,,0.419339,0.42537,0.418622,0.408076,0.40792,0.411007,0.387553
2011020118,2012,1.0,2,0.596844,0.61194,,0.572554,0.570929,0.572029,0.567613,0.567141,0.566312,0.578252
2011020119,2012,1.0,0,0.399047,0.375317,,0.309849,0.318096,0.308457,0.322419,0.32229,0.31324,0.305316
2011020120,2012,0.0,3,0.545213,0.586732,,0.495577,0.498225,0.491956,0.476215,0.475645,0.487546,0.515893
2011020121,2012,0.0,1,0.597098,0.585741,,0.581962,0.57598,0.580113,0.56918,0.568918,0.569178,0.573287
2011020122,2012,1.0,0,0.501791,0.506033,,0.474109,0.473242,0.471911,0.476333,0.476195,0.476128,0.466505
2011020123,2012,1.0,0,0.602121,0.599477,,0.599852,0.585907,0.601029,0.597521,0.597065,0.605327,0.590853
2011020124,2012,0.0,1,0.606633,0.614467,,0.597394,0.595915,0.600563,0.59656,0.59621,0.592775,0.59573
2011020125,2012,0.0,1,0.61807,0.602954,,0.608061,0.605929,0.6099,0.606238,0.606108,0.604043,0.598282
2011020126,2012,1.0,0,0.650157,0.622405,,0.650696,0.642083,0.650476,0.633783,0.633695,0.637921,0.6355
2011020127,2012,0.0,1,0.600813,0.543261,,0.615555,0.610202,0.615564,0.613071,0.612888,0.615411,0.577973
2011020128,2012,0.0,1,0.645752,0.610518,,0.599291,0.60302,0.598674,0.603467,0.60319,0.59946,0.596883
2011020129,2012,1.0,2,0.646574,0.648109,,0.617498,0.61634,0.618847,0.617629,0.617371,0.618834,0.624545
2011020130,2012,1.0,0,0.545284,0.517237,,0.497912,0.495648,0.49885,0.490488,0.490511,0.500057,0.488212
2011020131,2012,1.0,0,0.548962,0.495563,,0.517356,0.51531,0.515764,0.525257,0.525196,0.522088,0.491919
2011020132,2012,0.0,1,0.498728,0.478226,,0.450004,0.45771,0.452886,0.461711,0.461443,0.458256,0.439435
2011020133,2012,0.0,1,0.533875,0.461831,,0.475563,0.474511,0.475893,0.470316,0.470052,0.466476,0.450457
2011020134,2012,1.0,0,0.396429,0.378271,,0.306895,0.312016,0.307267,0.313305,0.313055,0.296183,0.304436
2011020135,2012,1.0,0,0.555271,0.566579,,0.525538,0.524068,0.522417,0.529101,0.52883,0.526168,0.527066
2011020136,2012,1.0,0,0.4612,0.446175,,0.424415,0.425321,0.425943,0.414857,0.414865,0.418001,0.408525
2011020137,2012,0.0,1,0.543717,0.522677,,0.492681,0.494347,0.491528,0.47782,0.477694,0.474165,0.487034
2011020138,2012,0.0,1,0.565802,0.582124,,0.574623,0.570258,0.57237,0.560694,0.560588,0.544411,0.565765
2011020139,2012,1.0,0,0.535493,0.517529,,0.519672,0.518774,0.521524,0.509039,0.508871,0.504394,0.501997
2011020140,2012,0.0,3,0.613495,0.532181,,0.60554,0.602951,0.607733,0.59874,0.598571,0.593895,0.567306
2011020141,2012,0.0,1,0.63907,0.601916,,0.647624,0.634866,0.64679,0.634684,0.634628,0.643082,0.624679
2011020142,2012,1.0,0,0.472325,0.446441,,0.406256,0.412599,0.40838,0.411572,0.411566,0.409272,0.397441
2011020143,2012,1.0,0,0.48809,0.465223,,0.422471,0.421822,0.420443,0.412541,0.412412,0.425954,0.416032
2011020144,2012,0.0,3,0.427122,0.374742,,0.310064,0.315144,0.309146,0.282425,0.282456,0.299849,0.306208
2011020145,2012,1.0,0,0.578503,0.585584,,0.568873,0.566245,0.567047,0.570655,0.570546,0.573483,0.563994
2011020146,2012,1.0,0,0.634828,0.587677,,0.602547,0.602412,0.60083,0.606833,0.606689,0.622728,0.589022
2011020147,2012,1.0,0,0.549125,0.501614,,0.503754,0.506802,0.50569,0.506839,0.506503,0.5016,0.485654
2011020148,2012,1.0,0,0.466637,0.407081,,0.383511,0.391882,0.385577,0.372014,0.372086,0.380658,0.366955
2011020149,2012,1.0,0,0.565794,0.523333,,0.539499,0.536206,0.538337,0.541045,0.540872,0.537423,0.518456
2011020150,2012,1.0,0,0.682355,0.642959,,0.654985,0.653596,0.65461,0.653732,0.653344,0.661195,0.64806
2011020151,2012,1.0,2,0.521287,0.511324,,0.452922,0.453446,0.44927,0.447882,0.447553,0.445876,0.455783
2011020152,2012,1.0,0,0.536356,0.547954,,0.513399,0.50738,0.512344,0.512585,0.512281,0.495764,0.510657
2011020153,2012,1.0,0,0.454321,0.512395,,0.42697,0.427733,0.425779,0.429152,0.428551,0.43235,0.4368
2011020154,2012,1.0,0,0.525898,0.543204,,0.516093,0.513027,0.514651,0.4943,0.493885,0.502355,0.509996
2011020155,2012,1.0,0,0.454267,0.452229,,0.432248,0.433283,0.429653,0.39729,0.397282,0.394236,0.415721
2011020156,2012,1.0,0,0.469097,0.406803,,0.344099,0.357018,0.345778,0.342816,0.34261,0.348851,0.341773
2011020157,2012,1.0,0,0.486957,0.406212,,0.388847,0.395014,0.39202,0.376711,0.376653,0.379374,0.370739
2011020158,2012,0.0,3,0.572615,0.55824,,0.540968,0.545701,0.538008,0.546724,0.546515,0.551363,0.534226
2011020159,2012,1.0,2,0.591562,0.634923,,0.610178,0.604104,0.607369,0.599901,0.599594,0.597452,0.612051
2011020160,2012,1.0,0,0.644618,0.621563,,0.61855,0.616929,0.619326,0.625915,0.625621,0.628243,0.613938
2011020161,2012,1.0,2,0.603755,0.619145,,0.577346,0.575014,0.579162,0.567196,0.566733,0.579336,0.584684
2011020162,2012,1.0,0,0.517507,0.517561,,0.49608,0.496297,0.495811,0.478386,0.478146,0.479764,0.486064
2011020163,2012,0.0,3,0.624992,0.663922,,0.632381,0.624767,0.630353,0.62559,0.625391,0.624759,0.639981
2011020164,2012,0.0,1,0.491536,0.419505,,0.4253,0.42918,0.426185,0.433374,0.433241,0.432464,0.399388
2011020165,2012,0.0,1,0.557894,0.515441,,0.523316,0.515382,0.522554,0.534295,0.534256,0.537807,0.504378
2011020166,2012,0.0,1,0.5683,0.548626,,0.583,0.5753,0.580013,0.564434,0.563906,0.570471,0.557395
2011020167,2012,0.0,1,0.480839,0.476617,,0.442744,0.448946,0.44416,0.424983,0.424808,0.420587,0.433416
2011020168,2012,0.0,1,0.561683,0.53536,,0.525402,0.522288,0.522104,0.502908,0.502956,0.516777,0.514163
2011020169,2012,1.0,2,0.551472,0.531694,,0.527263,0.524062,0.53123,0.511922,0.511594,0.51544,0.513433
2011020170,2012,0.0,3,0.59459,0.586615,,0.585549,0.582433,0.586674,0.593689,0.593469,0.585751,0.575881
2011020171,2012,0.0,1,0.502247,0.520302,,0.499016,0.491052,0.495285,0.490474,0.489954,0.498201,0.488495
2011020172,2012,0.0,3,0.423163,0.422308,,0.384624,0.386829,0.383489,0.408134,0.408082,0.406996,0.372108
2011020173,2012,0.0,1,0.592609,0.618805,,0.545542,0.545546,0.542983,0.5521,0.551737,0.537414,0.563698
2011020174,2012,1.0,0,0.451848,0.38527,,0.351496,0.359414,0.351005,0.353437,0.353323,0.340182,0.337501
2011020175,2012,0.0,1,0.539191,0.568523,,0.487961,0.487092,0.485979,0.476008,0.47541,0.469904,0.502998
2011020176,2012,0.0,1,0.639273,0.674062,,0.663089,0.656697,0.663491,0.673698,0.673571,0.671523,0.664549
2011020177,2012,1.0,2,0.56855,0.552074,,0.551431,0.548127,0.55171,0.545215,0.545108,0.552091,0.538265
2011020178,2012,0.0,1,0.469294,0.433531,,0.402114,0.407539,0.40308,0.396759,0.396684,0.407165,0.389488
2011020179,2012,1.0,0,0.5724,0.576631,,0.577878,0.568342,0.574299,0.567555,0.567363,0.579359,0.565842
2011020180,2012,0.0,1,0.501185,0.503299,,0.468106,0.471071,0.469661,0.455823,0.455603,0.448983,0.461485
2011020181,2012,1.0,2,0.488338,0.460573,,0.472337,0.468396,0.472949,0.466155,0.466103,0.474599,0.446092
2011020182,2012,1.0,0,0.493474,0.451797,,0.476545,0.471709,0.473456,0.46442,0.464405,0.459208,0.445358
2011020183,2012,1.0,2,0.626405,0.532386,,0.596107,0.589784,0.598551,0.601298,0.601139,0.604047,0.561679
2011020184,2012,0.0,1,0.47901,0.4306,,0.410771,0.413932,0.41267,0.428185,0.428217,0.411687,0.394194
2011020185,2012,0.0,3,0.463686,0.457684,,0.409588,0.416529,0.411026,0.398422,0.398202,0.394076,0.403773
2011020186,2012,1.0,2,0.599773,0.588148,,0.600135,0.601377,0.599343,0.571013,0.570716,0.586004,0.586224
2011020187,2012,1.0,0,0.40836,0.386178,,0.311581,0.318565,0.311527,0.319622,0.319682,0.328969,0.310829
2011020188,2012,1.0,0,0.564551,0.517783,,0.548077,0.543496,0.550035,0.540209,0.540091,0.53872,0.521676
2011020189,2012,1.0,0,0.648899,0.59533,,0.609021,0.611248,0.613914,0.587844,0.58751,0.582578,0.597001
2011020190,2012,1.0,0,0.576994,0.62089,,0.540376,0.539516,0.540228,0.533766,0.533225,0.53537,0.560669
2011020191,2012,1.0,0,0.521015,0.484109,,0.420891,0.431438,0.424182,0.417676,0.417714,0.42531,0.423935
2011020192,2012,1.0,0,0.612218,0.632926,,0.599236,0.595122,0.597489,0.587454,0.587231,0.580754,0.60497
2011020193,2012,0.0,3,0.529059,0.519285,,0.497523,0.50196,0.499313,0.495902,0.495671,0.506495,0.488168
2011020194,2012,0.0,3,0.58323,0.635372,,0.605016,0.592237,0.604085,0.607562,0.606973,0.602625,0.608595
2011020195,2012,0.0,1,0.51867,0.542126,,0.489646,0.489036,0.489389,0.489211,0.488926,0.494317,0.492184
2011020196,2012,0.0,3,0.476581,0.504189,,0.467125,0.466029,0.464249,0.480415,0.480096,0.487146,0.460254
2011020197,2012,1.0,0,0.632436,0.583116,,0.613327,0.615398,0.615647,0.608392,0.608411,0.598694,0.594095
2011020198,2012,0.0,1,0.560893,0.540019,,0.540654,0.546314,0.540279,0.541354,0.541289,0.528355,0.525947
2011020199,2012,0.0,1,0.477476,0.501529,,0.431417,0.434953,0.427378,0.441095,0.440966,0.44607,0.436149
2011020200,2012,1.0,0,0.66584,0.658855,,0.670307,0.671359,0.671878,0.647148,0.646719,0.657061,0.663926
2011020201,2012,1.0,0,0.593802,0.585989,,0.583358,0.57733,0.581167,0.57862,0.578454,0.578144,0.574164
2011020202,2012,1.0,2,0.650766,0.640079,,0.661999,0.657021,0.659798,0.647095,0.647095,0.653763,0.650185
2011020203,2012,0.0,1,0.583226,0.517643,,0.512742,0.516261,0.516338,0.512096,0.512144,0.512874,0.499478
2011020204,2012,1.0,0,0.562431,0.539916,,0.507749,0.506786,0.509392,0.518976,0.518515,0.517915,0.504687
2011020205,2012,0.0,1,0.599344,0.653739,,0.61073,0.600482,0.610723,0.609438,0.608757,0.593248,0.620763
2011020206,2012,0.0,1,0.604404,0.615645,,0.606721,0.603525,0.606463,0.607103,0.606882,0.607221,0.602175
2011020207,2012,1.0,0,0.658097,0.657505,,0.641591,0.636991,0.642549,0.644204,0.644295,0.651296,0.644467
2011020208,2012,1.0,0,0.493822,0.473379,,0.469725,0.463811,0.467416,0.462077,0.461688,0.466248,0.449911
2011020209,2012,0.0,1,0.573115,0.551226,,0.538885,0.533473,0.540658,0.550942,0.550703,0.543739,0.529965
2011020210,2012,1.0,0,0.52851,0.584222,,0.521157,0.520139,0.523499,0.543822,0.543152,0.538099,0.530647
2011020211,2012,0.0,1,0.469666,0.513747,,0.420549,0.42184,0.417907,0.428472,0.428253,0.418788,0.433778
2011020212,2012,1.0,2,0.538538,0.499963,,0.468627,0.469117,0.470435,0.480325,0.480369,0.483115,0.461912
2011020213,2012,0.0,1,0.519289,0.506882,,0.48928,0.48379,0.488107,0.496394,0.49613,0.497606,0.477322
2011020214,2012,1.0,0,0.663541,0.68605,,0.673737,0.667832,0.674527,0.664073,0.663781,0.65715,0.677374
2011020215,2012,0.0,1,0.40891,0.413553,,0.379691,0.378624,0.378192,0.389627,0.389527,0.394655,0.364956
2011020216,2012,0.0,3,0.597874,0.597802,,0.602694,0.594471,0.598254,0.595485,0.594867,0.59531,0.591834
2011020217,2012,0.0,1,0.529889,0.478957,,0.467786,0.464304,0.471011,0.447792,0.447722,0.448374,0.452375
2011020218,2012,1.0,2,0.539759,0.568622,,0.490996,0.49676,0.490957,0.463513,0.462985,0.451092,0.505022
2011020219,2012,0.0,3,0.571115,0.531368,,0.535022,0.527231,0.534287,0.533226,0.533032,0.528409,0.519107
2011020220,2012,0.0,1,0.497952,0.480049,,0.469916,0.476004,0.472408,0.473536,0.473259,0.459236,0.452943
2011020221,2012,1.0,0,0.622867,0.662575,,0.618473,0.612549,0.620198,0.632799,0.632607,0.63986,0.630437
2011020222,2012,0.0,1,0.478254,0.448203,,0.395748,0.407652,0.396651,0.421735,0.421529,0.430242,0.391625
2011020223,2012,1.0,0,0.600827,0.541553,,0.560388,0.560054,0.563142,0.57135,0.571162,0.57062,0.541011
2011020224,2012,1.0,0,0.567103,0.618612,,0.552819,0.548616,0.55442,0.553924,0.553726,0.542001,0.567262
2011020225,2012,1.0,0,0.643255,0.614417,,0.637515,0.634811,0.639119,0.625136,0.625048,0.62752,0.623287
2011020226,2012,1.0,0,0.64876,0.701217,,0.648089,0.640162,0.648123,0.669481,0.66926,0.668034,0.667045
2011020227,2012,1.0,0,0.611112,0.609689,,0.552181,0.554309,0.549306,0.552133,0.551877,0.539449,0.564778
2011020228,2012,1.0,0,0.475202,0.414679,,0.437019,0.439359,0.436005,0.417876,0.4179,0.420031,0.404203
2011020229,2012,1.0,0,0.57821,0.568446,,0.553447,0.554525,0.552842,0.545287,0.545148,0.54468,0.546802
2011020230,2012,0.0,1,0.583242,0.511236,,0.523132,0.526064,0.525823,0.519623,0.519622,0.52737,0.503534
2011020231,2012,0.0,3,0.628558,0.60187,,0.616832,0.610125,0.615161,0.61268,0.612468,0.614832,0.603975
2011020232,2012,1.0,0,0.469711,0.44692,,0.435293,0.437661,0.434353,0.4247,0.424779,0.431109,0.416099
2011020233,2012,1.0,0,0.575421,0.664095,,0.564028,0.56213,0.565005,0.582124,0.581737,0.591652,0.594717
2011020234,2012,1.0,0,0.540064,0.569326,,0.539728,0.538046,0.534896,0.550586,0.550317,0.553139,0.536783
2011020235,2012,0.0,3,0.593358,0.495571,,0.56889,0.568203,0.568732,0.571598,0.571584,0.565966,0.527234
2011020236,2012,1.0,0,0.5385,0.573301,,0.535056,0.528088,0.532235,0.534461,0.533715,0.520866,0.535378
2011020237,2012,0.0,1,0.482141,0.5248,,0.471279,0.469135,0.465522,0.447199,0.447003,0.436195,0.471673
2011020238,2012,1.0,0,0.576058,0.628835,,0.586429,0.581675,0.588555,0.596294,0.596083,0.600315,0.593572
2011020239,2012,0.0,1,0.609899,0.639276,,0.627328,0.624217,0.629613,0.619565,0.619273,0.620773,0.625676
2011020240,2012,0.0,1,0.476622,0.493378,,0.392011,0.399533,0.392738,0.406222,0.40607,0.397059,0.407196
2011020241,2012,1.0,0,0.671604,0.693332,,0.687269,0.676612,0.68382,0.67945,0.678867,0.671021,0.689433
2011020242,2012,0.0,1,0.567545,0.558981,,0.559854,0.557273,0.559012,0.560074,0.560059,0.567326,0.546572
2011020243,2012,1.0,0,0.678602,0.691745,,0.676068,0.670083,0.677866,0.666337,0.665768,0.672306,0.681854
2011020244,2012,0.0,1,0.493289,0.479069,,0.453199,0.455911,0.452784,0.435938,0.435874,0.448032,0.441622
2011020245,2012,0.0,3,0.51223,0.520479,,0.48655,0.490508,0.487816,0.47461,0.474335,0.474365,0.48092
2011020246,2012,1.0,0,0.452534,0.469303,,0.381498,0.380218,0.385156,0.386873,0.386618,0.389941,0.389829
2011020247,2012,1.0,0,0.631747,0.617508,,0.620987,0.61697,0.619029,0.609729,0.609746,0.614838,0.613307
2011020248,2012,0.0,3,0.496079,0.503716,,0.469347,0.471314,0.472583,0.457187,0.45727,0.470017,0.462256
2011020249,2012,0.0,1,0.448137,0.467051,,0.385432,0.389065,0.38358,0.386281,0.386126,0.378722,0.391326
2011020250,2012,1.0,0,0.663845,0.62644,,0.646945,0.642049,0.650623,0.640266,0.640132,0.644652,0.635247
2011020251,2012,0.0,1,0.477881,0.554041,,0.475477,0.468097,0.473136,0.4776,0.47723,0.477582,0.486407
2011020252,2012,1.0,0,0.510956,0.489769,,0.50365,0.498735,0.501876,0.486988,0.486809,0.479057,0.479167
2011020253,2012,1.0,0,0.520341,0.446823,,0.463589,0.470554,0.462195,0.47212,0.472017,0.468154,0.43607
2011020254,2012,0.0,1,0.616033,0.506094,,0.572468,0.568377,0.573653,0.559228,0.559103,0.567559,0.534864
2011020255,2012,0.0,1,0.605254,0.549861,,0.576099,0.577207,0.581242,0.570057,0.569787,0.577035,0.554877
2011020256,2012,1.0,0,0.575124,0.587917,,0.525269,0.525701,0.527456,0.533159,0.53269,0.525308,0.53672
2011020257,2012,0.0,1,0.598874,0.559252,,0.572354,0.565404,0.571816,0.568529,0.568293,0.576126,0.55607
2011020258,2012,0.0,1,0.551796,0.550441,,0.555992,0.545717,0.556651,0.558613,0.558291,0.557306,0.539878
2011020259,2012,1.0,2,0.57194,0.601341,,0.533765,0.531959,0.536526,0.529958,0.529544,0.526574,0.547793
2011020260,2012,1.0,2,0.706035,0.660831,,0.694939,0.695772,0.696651,0.680361,0.680287,0.691268,0.682502
2011020261,2012,1.0,0,0.474891,0.415536,,0.456706,0.452151,0.455519,0.450119,0.450173,0.45397,0.41699
2011020262,2012,1.0,0,0.566871,0.563375,,0.578071,0.574537,0.57705,0.547058,0.546883,0.551707,0.560227
2011020263,2012,1.0,0,0.511852,0.447689,,0.455988,0.460557,0.453442,0.443442,0.443371,0.436835,0.431246
2011020264,2012,1.0,0,0.604916,0.586758,,0.594823,0.585005,0.593161,0.607609,0.607337,0.607757,0.582388
2011020265,2012,1.0,0,0.627874,0.558908,,0.608261,0.604805,0.604584,0.612433,0.612196,0.602558,0.580634
2011020266,2012,1.0,0,0.617879,0.493896,,0.562611,0.566047,0.563781,0.583725,0.583745,0.598726,0.523437
2011020267,2012,1.0,0,0.416325,0.40672,,0.322437,0.330568,0.3276,0.321271,0.321235,0.326814,0.325864
2011020268,2012,0.0,1,0.537373,0.463579,,0.467172,0.468076,0.469727,0.451962,0.451781,0.459981,0.445939
2011020269,2012,0.0,1,0.523269,0.455477,,0.470429,0.472384,0.469023,0.457099,0.45699,0.445048,0.444129
2011020270,2012,1.0,0,0.560064,0.521987,,0.597635,0.589245,0.597488,0.587488,0.587658,0.573075,0.555743
2011020271,2012,0.0,1,0.480858,0.454168,,0.432661,0.439685,0.432651,0.432747,0.432718,0.426363,0.417799
2011020272,2012,1.0,0,0.460498,0.558266,,0.419074,0.423281,0.416164,0.423793,0.423113,0.408733,0.450785
2011020273,2012,1.0,0,0.464223,0.434135,,0.459152,0.458643,0.461402,0.474392,0.474456,0.47658,0.425831
2011020274,2012,1.0,0,0.444655,0.443383,,0.356755,0.35762,0.362079,0.358926,0.358825,0.355332,0.363256
2011020275,2012,0.0,1,0.529853,0.473058,,0.492704,0.492829,0.494148,0.49022,0.490132,0.486588,0.465944
2011020276,2012,0.0,1,0.569552,0.580551,,0.55969,0.552938,0.559516,0.54036,0.54024,0.552249,0.555579
2011020277,2012,1.0,0,0.452035,0.444455,,0.380839,0.392621,0.384041,0.377447,0.377381,0.363267,0.379547
2011020278,2012,1.0,0,0.511914,0.563165,,0.501914,0.502029,0.499091,0.504446,0.504005,0.508859,0.508665
2011020279,2012,0.0,1,0.40026,0.364623,,0.277176,0.282218,0.275912,0.270494,0.27036,0.273308,0.280345
2011020280,2012,0.0,1,0.570565,0.531038,,0.522134,0.525974,0.524674,0.518354,0.518192,0.518093,0.510606
2011020281,2012,1.0,0,0.465719,0.437122,,0.404235,0.407804,0.402011,0.415281,0.415034,0.411808,0.392151
2011020282,2012,0.0,3,0.677952,0.567069,,0.626496,0.631587,0.627414,0.623045,0.62304,0.630822,0.598139
2011020283,2012,1.0,2,0.52019,0.401394,,0.416228,0.424861,0.41877,0.409372,0.409264,0.407391,0.387323
2011020284,2012,0.0,1,0.485285,0.393791,,0.374855,0.38812,0.376367,0.367822,0.367856,0.356512,0.35685
2011020285,2012,1.0,0,0.407686,0.381609,,0.356987,0.36364,0.358119,0.350303,0.35033,0.376433,0.337939
2011020286,2012,1.0,0,0.547235,0.5372,,0.561128,0.555336,0.555569,0.551574,0.551337,0.555871,0.537537
2011020287,2012,0.0,1,0.403838,0.424445,,0.340969,0.346988,0.339907,0.332988,0.333036,0.328277,0.34418
2011020288,2012,0.0,1,0.486404,0.393702,,0.487924,0.486544,0.486888,0.469243,0.469356,0.466745,0.427995
2011020289,2012,1.0,2,0.655373,0.665251,,0.694117,0.679409,0.694038,0.685176,0.684744,0.686441,0.681742
2011020290,2012,0.0,1,0.617675,0.567877,,0.591359,0.589115,0.596615,0.57585,0.575776,0.577574,0.572811
2011020291,2012,1.0,0,0.662034,0.693736,,0.691283,0.67983,0.6905,0.662924,0.662403,0.673951,0.691824
2011020292,2012,1.0,0,0.571523,0.606053,,0.583745,0.580237,0.586742,0.576817,0.576555,0.591755,0.581968
2011020293,2012,1.0,0,0.463027,0.512597,,0.429501,0.426125,0.426042,0.434043,0.433631,0.431673,0.438866
2011020294,2012,0.0,1,0.46835,0.469441,,0.405705,0.403767,0.40489,0.404381,0.404206,0.407567,0.406177
2011020295,2012,1.0,0,0.510901,0.52292,,0.474648,0.471608,0.473551,0.487141,0.486991,0.471678,0.474199
2011020296,2012,1.0,0,0.605416,0.564856,,0.629739,0.61663,0.628479,0.609407,0.608931,0.591076,0.596394
2011020297,2012,0.0,1,0.598176,0.560702,,0.575856,0.575964,0.574214,0.565615,0.565196,0.584896,0.558925
2011020298,2012,0.0,1,0.550393,0.530807,,0.531858,0.524742,0.528139,0.532606,0.532353,0.531017,0.515995
2011020299,2012,0.0,1,0.649485,0.59945,,0.634094,0.626627,0.632816,0.645927,0.645729,0.640531,0.615154
2011020300,2012,0.0,3,0.491938,0.485587,,0.448463,0.437907,0.446334,0.433362,0.433366,0.437191,0.441194
2011020301,2012,1.0,2,0.626755,0.56447,,0.592879,0.595243,0.595773,0.591051,0.590747,0.598067,0.57277
2011020302,2012,0.0,3,0.440428,0.415603,,0.321199,0.327664,0.320031,0.304781,0.304435,0.304957,0.329266
2011020303,2012,0.0,3,0.577107,0.57502,,0.556242,0.549583,0.557628,0.552841,0.55265,0.558047,0.551325
2011020304,2012,1.0,2,0.653529,0.651788,,0.666756,0.66534,0.664513,0.655461,0.655233,0.676866,0.658216
2011020305,2012,0.0,3,0.518584,0.489005,,0.481587,0.483388,0.479313,0.453816,0.45364,0.453754,0.464947
2011020306,2012,1.0,0,0.613496,0.668612,,0.592263,0.58583,0.587284,0.596343,0.596187,0.609736,0.616077
2011020307,2012,1.0,0,0.485401,0.527994,,0.419372,0.422372,0.418804,0.417775,0.417299,0.423918,0.439449
2011020308,2012,1.0,0,0.516645,0.470525,,0.461109,0.462909,0.462145,0.446046,0.445554,0.445574,0.444101
2011020309,2012,1.0,2,0.527897,0.44946,,0.478417,0.477343,0.477922,0.468883,0.46876,0.473883,0.44693
2011020310,2012,0.0,1,0.405136,0.404758,,0.35926,0.363694,0.357323,0.344679,0.344592,0.340425,0.348358
2011020311,2012,1.0,0,0.584103,0.554826,,0.529062,0.529497,0.529217,0.508597,0.508103,0.515206,0.525563
2011020312,2012,1.0,0,0.566136,0.549032,,0.577578,0.568964,0.576367,0.577508,0.577144,0.570417,0.553928
2011020313,2012,0.0,3,0.579986,0.499466,,0.576228,0.575542,0.576765,0.573019,0.572849,0.556597,0.533125
2011020314,2012,0.0,1,0.464695,0.462743,,0.428982,0.430407,0.427936,0.444144,0.443995,0.430168,0.418307
2011020315,2012,1.0,0,0.574864,0.532238,,0.541385,0.540626,0.54202,0.532434,0.532312,0.530046,0.523744
2011020316,2012,0.0,1,0.602888,0.557859,,0.565455,0.564496,0.566326,0.565381,0.565178,0.560325,0.551166
2011020317,2012,0.0,1,0.571971,0.623947,,0.572739,0.567717,0.572978,0.547499,0.546801,0.545516,0.582526
2011020318,2012,0.0,1,0.472302,0.427079,,0.43064,0.433353,0.431977,0.437316,0.437259,0.433135,0.405139
2011020319,2012,1.0,0,0.634903,0.639417,,0.610602,0.602135,0.611605,0.61686,0.616573,0.625218,0.615945
2011020320,2012,0.0,1,0.580275,0.577801,,0.583105,0.587702,0.576531,0.580967,0.580883,0.602998,0.570043
2011020321,2012,1.0,0,0.439439,0.47551,,0.406968,0.406792,0.406529,0.414873,0.414643,0.408623,0.40832
2011020322,2012,0.0,3,0.517687,0.549306,,0.510894,0.507974,0.511984,0.517717,0.517301,0.535331,0.508868
2011020323,2012,1.0,0,0.580838,0.620332,,0.597283,0.585336,0.590165,0.591381,0.591107,0.587757,0.597122
2011020324,2012,0.0,3,0.581984,0.533479,,0.55705,0.557584,0.554993,0.551668,0.551341,0.567851,0.534724
2011020325,2012,0.0,1,0.501819,0.435215,,0.422468,0.431984,0.423558,0.405473,0.405348,0.40526,0.404382
2011020326,2012,0.0,1,0.637935,0.607592,,0.625825,0.621416,0.626187,0.595896,0.595471,0.609217,0.612601
2011020327,2012,1.0,0,0.549706,0.48845,,0.511738,0.511393,0.512178,0.511912,0.511746,0.509828,0.48537
2011020328,2012,1.0,0,0.514147,0.565642,,0.520472,0.512142,0.516429,0.52408,0.523642,0.511531,0.521774
2011020329,2012,1.0,0,0.687583,0.674151,,0.6957,0.69597,0.69507,0.704853,0.704579,0.706231,0.687632
2011020330,2012,1.0,0,0.528921,0.501052,,0.468878,0.464534,0.466524,0.480011,0.479861,0.485246,0.462145
2011020331,2012,0.0,3,0.505878,0.479452,,0.451891,0.457094,0.451423,0.448605,0.448458,0.444723,0.441428
2011020332,2012,1.0,0,0.588339,0.522114,,0.508228,0.515034,0.510614,0.492405,0.492011,0.485451,0.498628
2011020333,2012,1.0,0,0.587854,0.651678,,0.555307,0.55454,0.555781,0.558674,0.558369,0.562644,0.584137
2011020334,2012,1.0,0,0.565206,0.550695,,0.531135,0.528656,0.531138,0.531419,0.531174,0.517298,0.524413
2011020335,2012,0.0,1,0.550987,0.501095,,0.506376,0.502234,0.5064,0.495163,0.495095,0.494673,0.487204
2011020336,2012,0.0,1,0.509135,0.487977,,0.490871,0.485499,0.490044,0.493941,0.493812,0.493888,0.470124
2011020337,2012,1.0,0,0.538183,0.52114,,0.484687,0.485027,0.486547,0.488513,0.488317,0.478263,0.481018
2011020338,2012,0.0,1,0.450405,0.441975,,0.398505,0.400681,0.399663,0.406613,0.406451,0.408558,0.389852
2011020339,2012,0.0,1,0.555954,0.515291,,0.521044,0.521737,0.517396,0.501549,0.501455,0.495424,0.502769
2011020340,2012,0.0,1,0.553325,0.513812,,0.545633,0.545204,0.544569,0.541507,0.541349,0.543099,0.517991
2011020341,2012,1.0,0,0.52635,0.491417,,0.486049,0.489253,0.486592,0.485665,0.485672,0.490571,0.469121
2011020342,2012,0.0,1,0.476993,0.523179,,0.462146,0.45693,0.4608,0.469129,0.468591,0.467091,0.4649
2011020343,2012,0.0,1,0.474891,0.48624,,0.43924,0.445456,0.441522,0.410176,0.410011,0.430878,0.43486
2011020344,2012,1.0,0,0.490992,0.474341,,0.448063,0.452555,0.44748,0.440918,0.440727,0.447694,0.436297
2011020345,2012,0.0,1,0.65577,0.630509,,0.638682,0.632841,0.637475,0.623966,0.623749,0.635736,0.631201
2011020346,2012,1.0,0,0.539411,0.438432,,0.495773,0.498457,0.497403,0.499803,0.499716,0.494736,0.453897
2011020347,2012,0.0,1,0.557601,0.534995,,0.512706,0.515659,0.517276,0.496424,0.496117,0.502249,0.505643
2011020348,2012,0.0,1,0.54977,0.528792,,0.527352,0.529701,0.52553,0.510865,0.51066,0.526863,0.512215
2011020349,2012,0.0,1,0.537581,0.515024,,0.488885,0.484019,0.492238,0.477404,0.477318,0.475688,0.481165
2011020350,2012,0.0,1,0.593649,0.599956,,0.5745,0.569852,0.574274,0.538898,0.538606,0.552501,0.574293
2011020351,2012,1.0,0,0.51787,0.510207,,0.470372,0.46846,0.474629,0.463225,0.462709,0.485952,0.466453
2011020352,2012,1.0,0,0.699864,0.652896,,0.692539,0.691643,0.693938,0.681056,0.68086,0.686608,0.677483
2011020353,2012,0.0,1,0.441342,0.42997,,0.333131,0.338118,0.334805,0.322833,0.322734,0.327087,0.342554
2011020354,2012,1.0,0,0.614186,0.641086,,0.578504,0.574894,0.578305,0.586516,0.586434,0.596644,0.595293
2011020355,2012,1.0,0,0.469103,0.505576,,0.432574,0.430822,0.430389,0.435237,0.435119,0.420569,0.438225
2011020356,2012,0.0,3,0.504995,0.512266,,0.452016,0.451574,0.451764,0.441066,0.440858,0.441441,0.454947
2011020357,2012,1.0,0,0.524364,0.486563,,0.506309,0.504482,0.507576,0.508237,0.508024,0.503272,0.480081
2011020358,2012,0.0,1,0.536152,0.480637,,0.494657,0.497879,0.496246,0.475295,0.475021,0.474297,0.470587
2011020359,2012,0.0,1,0.463304,0.5188,,0.468899,0.468321,0.463691,0.476229,0.476051,0.475923,0.466908
2011020360,2012,1.0,0,0.456092,0.456657,,0.43463,0.426644,0.435899,0.412691,0.412723,0.412881,0.419117
2011020361,2012,1.0,0,0.592405,0.539407,,0.53447,0.534877,0.53517,0.533545,0.533217,0.533926,0.522957
2011020362,2012,0.0,3,0.62455,0.556609,,0.57458,0.58292,0.578772,0.562593,0.562319,0.5683,0.557476
2011020363,2012,0.0,1,0.612813,0.619057,,0.606905,0.599078,0.608068,0.605565,0.605315,0.622263,0.604062
2011020364,2012,1.0,0,0.607371,0.591671,,0.601984,0.598172,0.602163,0.604503,0.604322,0.606557,0.589198
2011020365,2012,1.0,2,0.627818,0.61332,,0.622601,0.609294,0.621864,0.634047,0.633732,0.633644,0.612459
2011020366,2012,0.0,1,0.498891,0.440989,,0.459959,0.454025,0.457357,0.457523,0.457309,0.454008,0.430516
2011020367,2012,1.0,0,0.551883,0.500175,,0.491132,0.497588,0.49192,0.478016,0.477994,0.48018,0.477029
2011020368,2012,1.0,2,0.680079,0.675245,,0.670271,0.667241,0.66882,0.638531,0.638138,0.651432,0.671266
2011020369,2012,1.0,2,0.445705,0.42714,,0.379964,0.378156,0.379217,0.376414,0.376187,0.376276,0.371894
2011020370,2012,1.0,0,0.568357,0.482752,,0.53639,0.543123,0.539257,0.523274,0.523335,0.510308,0.499702
2011020371,2012,0.0,3,0.498264,0.460903,,0.434849,0.439842,0.436494,0.441657,0.441351,0.441366,0.422613
2011020372,2012,0.0,1,0.584612,0.579859,,0.551901,0.545452,0.552578,0.54758,0.547024,0.546408,0.550855
2011020373,2012,1.0,0,0.663775,0.636732,,0.672209,0.671811,0.671446,0.679078,0.678849,0.682162,0.656064
2011020374,2012,1.0,2,0.621603,0.589858,,0.593456,0.589455,0.595138,0.580595,0.580249,0.574118,0.583465
2011020375,2012,0.0,1,0.450381,0.426583,,0.421587,0.429436,0.42184,0.429886,0.42966,0.409843,0.398355
2011020376,2012,1.0,0,0.501069,0.479885,,0.441695,0.438027,0.443584,0.442624,0.442724,0.445706,0.434862
2011020377,2012,0.0,1,0.506674,0.534235,,0.438571,0.443565,0.435734,0.435094,0.434435,0.421078,0.45536
2011020378,2012,0.0,1,0.517986,0.521627,,0.549413,0.537138,0.54587,0.556716,0.55651,0.566121,0.522292
2011020379,2012,0.0,1,0.559751,0.492899,,0.488552,0.497935,0.49028,0.476348,0.476248,0.488179,0.472669
2011020380,2012,0.0,1,0.542649,0.489286,,0.485898,0.486184,0.485083,0.494882,0.494602,0.493724,0.468786
2011020381,2012,0.0,1,0.631553,0.58694,,0.643181,0.641683,0.642145,0.659533,0.659518,0.666859,0.615352
2011020382,2012,0.0,1,0.504776,0.466044,,0.443622,0.444305,0.441841,0.429752,0.429679,0.413845,0.430588
2011020383,2012,0.0,1,0.657617,0.62993,,0.655992,0.647285,0.655769,0.660278,0.660065,0.658149,0.64236
2011020384,2012,1.0,0,0.401221,0.381926,,0.394533,0.38739,0.390142,0.408874,0.408625,0.399347,0.361332
2011020385,2012,0.0,1,0.528311,0.554497,,0.51984,0.51326,0.519162,0.529607,0.52953,0.52657,0.51724
2011020386,2012,1.0,0,0.633517,0.65418,,0.635748,0.623919,0.633229,0.626188,0.625932,0.643758,0.638325
2011020387,2012,0.0,1,0.623973,0.592993,,0.626834,0.625095,0.626787,0.624014,0.623762,0.636244,0.606692
2011020388,2012,0.0,1,0.50147,0.549784,,0.468983,0.463384,0.46756,0.459249,0.459387,0.463644,0.481352
2011020389,2012,1.0,0,0.506666,0.488694,,0.464303,0.462774,0.464993,0.473891,0.473684,0.477108,0.453235
2011020390,2012,1.0,0,0.488368,0.507832,,0.463228,0.46395,0.461604,0.456293,0.455988,0.459321,0.459707
2011020391,2012,0.0,3,0.595492,0.585324,,0.588801,0.589093,0.590165,0.558414,0.55831,0.556561,0.577493
2011020392,2012,0.0,3,0.547797,0.508914,,0.496448,0.500292,0.498254,0.49365,0.493698,0.473836,0.483914
2011020393,2012,1.0,0,0.48097,0.454196,,0.461035,0.457363,0.459061,0.474009,0.47406,0.49028,0.435949
2011020394,2012,0.0,3,0.623917,0.566496,,0.58648,0.594329,0.58891,0.565303,0.56523,0.565691,0.569308
2011020395,2012,1.0,0,0.497662,0.478915,,0.479785,0.477101,0.477852,0.486148,0.485853,0.484052,0.458802
2011020396,2012,0.0,1,0.549404,0.508993,,0.566655,0.559751,0.565523,0.54312,0.543093,0.551078,0.529554
2011020397,2012,1.0,0,0.388936,0.384334,,0.311643,0.305833,0.311882,0.311076,0.311101,0.311879,0.309493
2011020398,2012,1.0,0,0.594604,0.521127,,0.529771,0.535842,0.53493,0.522778,0.522421,0.530501,0.512401
2011020399,2012,1.0,0,0.692458,0.681581,,0.676362,0.676529,0.678961,0.667255,0.667029,0.67054,0.678331
2011020400,2012,1.0,0,0.498315,0.47108,,0.441471,0.445924,0.442175,0.434237,0.434262,0.440114,0.431015
2011020401,2012,0.0,1,0.614779,0.66846,,0.673259,0.650233,0.671754,0.681524,0.680885,0.674367,0.667873
2011020402,2012,0.0,1,0.480044,0.456139,,0.42382,0.425234,0.424153,0.442778,0.442678,0.441688,0.412907
2011020403,2012,0.0,3,0.532305,0.504527,,0.484072,0.478438,0.483708,0.484089,0.483981,0.485322,0.473504
2011020404,2012,0.0,1,0.547666,0.478768,,0.501396,0.503578,0.503057,0.510938,0.511025,0.499656,0.474606
2011020405,2012,0.0,1,0.672858,0.622438,,0.677535,0.671343,0.678621,0.676689,0.676437,0.667934,0.654223
2011020406,2012,1.0,2,0.582181,0.575308,,0.580291,0.577192,0.578601,0.579938,0.579582,0.601925,0.567248
2011020407,2012,0.0,3,0.417983,0.392672,,0.408249,0.403197,0.40736,0.422246,0.422202,0.431872,0.37491
2011020408,2012,0.0,3,0.607743,0.583174,,0.607775,0.601003,0.609117,0.616011,0.615925,0.628808,0.589478
2011020409,2012,1.0,0,0.544462,0.501811,,0.490494,0.492799,0.490087,0.492925,0.492619,0.496927,0.477
2011020410,2012,0.0,3,0.452579,0.515266,,0.410952,0.407106,0.41041,0.431614,0.431445,0.442781,0.427477
2011020411,2012,0.0,3,0.447729,0.427403,,0.393054,0.395137,0.392231,0.401968,0.401932,0.396804,0.380439
2011020412,2012,1.0,0,0.593404,0.616113,,0.574998,0.567944,0.576613,0.57137,0.57117,0.580241,0.581466
2011020413,2012,1.0,0,0.600729,0.620735,,0.600381,0.591916,0.598787,0.596391,0.595928,0.5923,0.600073
2011020414,2012,1.0,0,0.611962,0.547523,,0.596286,0.596747,0.599409,0.580494,0.580361,0.604366,0.567418
2011020415,2012,0.0,1,0.563118,0.644478,,0.554538,0.546393,0.55429,0.567469,0.567036,0.56422,0.579488
2011020416,2012,1.0,0,0.614146,0.64171,,0.659898,0.644488,0.660039,0.639508,0.638892,0.640698,0.64806
2011020417,2012,1.0,0,0.604703,0.596824,,0.593404,0.591456,0.593864,0.570164,0.569616,0.586134,0.585657
2011020418,2012,1.0,2,0.58773,0.552011,,0.541965,0.535996,0.541253,0.526387,0.526106,0.541927,0.532876
2011020419,2012,1.0,0,0.546905,0.496688,,0.486794,0.480741,0.487474,0.488256,0.488203,0.456496,0.472593
2011020420,2012,1.0,0,0.55794,0.495572,,0.501727,0.497938,0.504304,0.477591,0.477442,0.493621,0.482193
2011020421,2012,0.0,1,0.550594,0.563195,,0.546889,0.541693,0.547433,0.545397,0.544757,0.550952,0.539256
2011020422,2012,0.0,1,0.529832,0.520646,,0.502833,0.50441,0.498262,0.509238,0.508919,0.506685,0.492191
2011020423,2012,0.0,1,0.406346,0.377926,,0.352422,0.355911,0.353131,0.343176,0.343176,0.340491,0.333572
2011020424,2012,0.0,1,0.433456,0.387747,,0.39511,0.392363,0.394496,0.394484,0.394297,0.4,0.365262
2011020425,2012,1.0,0,0.604599,0.605335,,0.598806,0.594733,0.597633,0.589438,0.589205,0.605047,0.592724
2011020426,2012,1.0,0,0.669133,0.691407,,0.635733,0.636433,0.635712,0.629862,0.629592,0.64433,0.655764
2011020427,2012,0.0,1,0.376961,0.410469,,0.317091,0.31233,0.316222,0.317507,0.317427,0.330329,0.322376
2011020428,2012,1.0,0,0.50953,0.490407,,0.447306,0.449945,0.445845,0.449583,0.449342,0.454593,0.443108
2011020429,2012,1.0,0,0.602069,0.578627,,0.579515,0.573923,0.576953,0.586697,0.586355,0.587866,0.568925
2011020430,2012,0.0,1,0.561227,0.634249,,0.562486,0.555299,0.560135,0.559099,0.558674,0.54977,0.58
2011020431,2012,1.0,0,0.603815,0.5924,,0.580502,0.582076,0.582569,0.573425,0.573172,0.597607,0.5754
2011020432,2012,0.0,1,0.568991,0.58879,,0.529381,0.524714,0.530598,0.520767,0.520158,0.524897,0.539494
2011020433,2012,1.0,0,0.61808,0.571718,,0.596648,0.594101,0.599131,0.588308,0.5881,0.591852,0.577875
2011020434,2012,1.0,2,0.549228,0.506915,,0.446679,0.453591,0.446027,0.419757,0.419644,0.432736,0.451032
2011020435,2012,0.0,1,0.549375,0.486438,,0.492913,0.497357,0.492975,0.495563,0.495426,0.48632,0.47239
2011020436,2012,1.0,0,0.635431,0.576667,,0.579025,0.579362,0.579786,0.576378,0.576159,0.580981,0.569158
2011020437,2012,0.0,3,0.615456,0.593864,,0.591188,0.585139,0.59102,0.581608,0.581361,0.592674,0.583414
2011020438,2012,1.0,2,0.577315,0.54912,,0.510147,0.510789,0.513232,0.514777,0.514783,0.493321,0.510683
2011020439,2012,0.0,1,0.602961,0.582082,,0.567953,0.566944,0.570191,0.559543,0.559505,0.567997,0.562909
2011020440,2012,0.0,1,0.518659,0.507634,,0.491405,0.492958,0.491541,0.480859,0.481001,0.485706,0.478978
2011020441,2012,0.0,1,0.537537,0.514312,,0.513872,0.507241,0.516113,0.497716,0.497525,0.494814,0.496993
2011020442,2012,1.0,2,0.368809,0.411254,,0.361574,0.358183,0.361679,0.353782,0.353576,0.347024,0.350995
2011020443,2012,1.0,0,0.616901,0.597563,,0.574215,0.576286,0.572905,0.583776,0.583548,0.581033,0.574038
2011020444,2012,0.0,3,0.533009,0.506523,,0.501797,0.499177,0.502166,0.50179,0.501645,0.489311,0.485787
2011020445,2012,1.0,0,0.573407,0.540256,,0.530034,0.526399,0.525652,0.538033,0.537753,0.521652,0.519671
2011020446,2012,1.0,0,0.477332,0.554283,,0.464505,0.454635,0.464439,0.456235,0.456316,0.450568,0.479386
2011020447,2012,1.0,2,0.411072,0.389441,,0.347751,0.352264,0.346019,0.340506,0.340412,0.332254,0.33529
2011020448,2012,0.0,1,0.398685,0.417143,,0.341942,0.342417,0.340691,0.345371,0.345276,0.343873,0.341817
2011020449,2012,0.0,3,0.497465,0.387544,,0.449604,0.45196,0.449682,0.466977,0.466848,0.454143,0.401691
2011020450,2012,1.0,0,0.501669,0.451668,,0.477288,0.480447,0.480863,0.471302,0.471349,0.472255,0.446099
2011020451,2012,0.0,1,0.467435,0.48085,,0.417027,0.418792,0.417435,0.389664,0.389571,0.394892,0.418054
2011020452,2012,1.0,0,0.398143,0.396678,,0.344347,0.348951,0.343925,0.325869,0.325868,0.338018,0.335459
2011020453,2012,0.0,1,0.464219,0.449636,,0.411518,0.405864,0.411718,0.413387,0.413132,0.42062,0.401791
2011020454,2012,0.0,1,0.488489,0.48089,,0.416748,0.415013,0.417062,0.417416,0.417333,0.42751,0.4187
2011020455,2012,1.0,2,0.532128,0.513172,,0.454491,0.45403,0.451566,0.456336,0.455922,0.439542,0.457985
2011020456,2012,1.0,0,0.533308,0.549529,,0.506797,0.503268,0.504627,0.503152,0.502979,0.502314,0.506933
2011020457,2012,1.0,0,0.489973,0.436705,,0.453658,0.451178,0.450595,0.44983,0.449568,0.432369,0.424392
2011020458,2012,0.0,1,0.47026,0.44299,,0.406593,0.405453,0.406834,0.407011,0.406923,0.401498,0.396191
2011020459,2012,1.0,0,0.620642,0.636823,,0.557129,0.563031,0.555337,0.557996,0.557347,0.564969,0.58007
2011020460,2012,1.0,0,0.675566,0.658539,,0.692628,0.682688,0.694288,0.68482,0.684542,0.692541,0.678831
2011020461,2012,1.0,0,0.537054,0.558672,,0.527326,0.522934,0.528914,0.506474,0.506124,0.498726,0.524173
2011020462,2012,1.0,0,0.583481,0.531057,,0.555099,0.549584,0.551872,0.55557,0.555434,0.55648,0.53251
2011020463,2012,1.0,0,0.452117,0.429338,,0.408586,0.409171,0.408541,0.389927,0.38965,0.38793,0.391276
2011020464,2012,1.0,2,0.521907,0.50978,,0.475967,0.470989,0.474942,0.483829,0.483741,0.473369,0.470043
2011020465,2012,1.0,0,0.644163,0.645309,,0.595182,0.592839,0.595152,0.584549,0.584096,0.584556,0.608976
2011020466,2012,0.0,1,0.502222,0.512952,,0.45963,0.46116,0.45822,0.44397,0.443795,0.446765,0.46004
2011020467,2012,0.0,1,0.430947,0.424841,,0.358763,0.370452,0.361532,0.357019,0.356938,0.339549,0.356833
2011020468,2012,0.0,1,0.545093,0.519027,,0.492247,0.492876,0.491209,0.492076,0.491965,0.499072,0.485292
2011020469,2012,1.0,0,0.576284,0.623031,,0.552698,0.553746,0.554008,0.550967,0.550587,0.552019,0.569458
2011020470,2012,1.0,0,0.526995,0.511593,,0.510115,0.498704,0.510208,0.509955,0.510009,0.509599,0.49302
2011020471,2012,1.0,0,0.623691,0.58359,,0.564903,0.562309,0.566374,0.544331,0.544151,0.552455,0.562418
2011020472,2012,0.0,1,0.484048,0.520283,,0.500984,0.492684,0.502359,0.510141,0.510081,0.501018,0.489039
2011020473,2012,1.0,2,0.543725,0.479123,,0.467446,0.470073,0.468076,0.459007,0.458741,0.453212,0.452768
2011020474,2012,0.0,3,0.642455,0.521371,,0.574279,0.576337,0.57545,0.572525,0.572186,0.577611,0.543467
2011020475,2012,0.0,1,0.520747,0.545664,,0.488279,0.490224,0.485577,0.471635,0.471029,0.481525,0.492862
2011020476,2012,1.0,0,0.444527,0.433149,,0.37729,0.381322,0.376384,0.363973,0.363727,0.353508,0.372513
2011020477,2012,1.0,0,0.671425,0.693901,,0.711687,0.701801,0.712623,0.695788,0.69529,0.714703,0.705489
2011020478,2012,1.0,2,0.573593,0.568909,,0.512858,0.514833,0.514207,0.529209,0.528891,0.510793,0.520601
2011020479,2012,1.0,0,0.62931,0.620425,,0.571503,0.57017,0.570039,0.566245,0.565772,0.560653,0.582518
2011020480,2012,1.0,0,0.664154,0.65079,,0.654724,0.652946,0.652759,0.646156,0.646012,0.649659,0.650386
2011020481,2012,1.0,0,0.672531,0.618827,,0.646653,0.649541,0.649638,0.641851,0.641553,0.634075,0.632294
2011020482,2012,0.0,3,0.516705,0.481536,,0.47733,0.476472,0.480028,0.452031,0.452049,0.440103,0.459053
2011020483,2012,1.0,0,0.584127,0.541532,,0.545409,0.543709,0.544428,0.555669,0.555499,0.561129,0.530593
2011020484,2012,1.0,2,0.428612,0.429921,,0.362833,0.363278,0.363097,0.375407,0.375172,0.364153,0.361351
2011020485,2012,0.0,1,0.39308,0.344402,,0.341347,0.341573,0.340018,0.338751,0.338653,0.326345,0.312999
2011020486,2012,1.0,0,0.635596,0.691687,,0.674652,0.66162,0.673927,0.663942,0.663472,0.672074,0.679285
2011020487,2012,0.0,1,0.506383,0.529594,,0.473009,0.470051,0.470979,0.461395,0.460938,0.48052,0.475733
2011020488,2012,1.0,0,0.516546,0.550239,,0.524873,0.519528,0.523654,0.52681,0.526928,0.541146,0.518243
2011020489,2012,1.0,0,0.545111,0.564294,,0.524764,0.521569,0.527352,0.528088,0.527819,0.529382,0.525201
2011020490,2012,1.0,0,0.49544,0.523319,,0.486688,0.488211,0.489575,0.47327,0.473034,0.453547,0.481526
2011020491,2012,0.0,1,0.513117,0.495494,,0.483548,0.479897,0.484489,0.499167,0.499174,0.496719,0.468675
2011020492,2012,0.0,3,0.579678,0.549339,,0.552612,0.548109,0.554458,0.548549,0.548299,0.540246,0.538337
2011020493,2012,1.0,0,0.536786,0.582415,,0.528159,0.524609,0.528448,0.54145,0.541157,0.560293,0.534718
2011020494,2012,0.0,1,0.481295,0.468782,,0.505193,0.495185,0.50474,0.496988,0.497063,0.519812,0.470292
2011020495,2012,1.0,0,0.637778,0.618431,,0.651748,0.647924,0.652231,0.645269,0.644634,0.632747,0.634077
2011020496,2012,0.0,1,0.505892,0.458325,,0.439,0.441619,0.439636,0.451175,0.451025,0.457976,0.424515
2011020497,2012,1.0,0,0.44548,0.408158,,0.352689,0.36137,0.354888,0.354081,0.353886,0.348635,0.346966
2011020498,2012,1.0,0,0.558779,0.540072,,0.548011,0.542083,0.545604,0.560466,0.56028,0.548027,0.530657
2011020499,2012,1.0,0,0.625216,0.640031,,0.661018,0.651582,0.663846,0.635148,0.634946,0.635886,0.648528
2011020500,2012,1.0,0,0.516944,0.534408,,0.49977,0.50229,0.503504,0.491164,0.490989,0.469968,0.495431
2011020501,2012,1.0,0,0.671577,0.629041,,0.627094,0.626615,0.630558,0.622542,0.622167,0.633698,0.623716
2011020502,2012,1.0,2,0.536963,0.516166,,0.490282,0.490146,0.491863,0.468156,0.467921,0.476053,0.482515
2011020503,2012,1.0,0,0.661033,0.575884,,0.592595,0.599622,0.590678,0.584839,0.584715,0.588274,0.578747
2011020504,2012,1.0,0,0.517152,0.516699,,0.502465,0.49295,0.503805,0.51255,0.512478,0.50518,0.489813
2011020505,2012,1.0,0,0.454107,0.405788,,0.410382,0.41499,0.411332,0.414169,0.414042,0.435303,0.382955
2011020506,2012,1.0,0,0.479332,0.50404,,0.441593,0.436295,0.441349,0.445373,0.445134,0.44292,0.44383
2011020507,2012,1.0,2,0.594307,0.607065,,0.566903,0.567294,0.56574,0.580131,0.579764,0.582619,0.572438
2011020508,2012,1.0,0,0.69091,0.626145,,0.696987,0.693191,0.698001,0.685601,0.685522,0.690958,0.669504
2011020509,2012,1.0,2,0.513004,0.52328,,0.490269,0.487409,0.491089,0.480135,0.479908,0.488708,0.484513
2011020510,2012,0.0,1,0.502297,0.48334,,0.457531,0.454746,0.454275,0.45211,0.451983,0.449581,0.446509
2011020511,2012,1.0,0,0.551759,0.510897,,0.50991,0.513324,0.513857,0.525502,0.525448,0.519967,0.493583
2011020512,2012,1.0,2,0.532392,0.547577,,0.544765,0.540598,0.542133,0.533186,0.533159,0.550649,0.530631
2011020513,2012,0.0,1,0.456123,0.408743,,0.410316,0.40542,0.410343,0.415671,0.415656,0.392017,0.384191
2011020514,2012,1.0,0,0.51757,0.512098,,0.491188,0.487225,0.491152,0.497457,0.497207,0.51018,0.480645
2011020515,2012,1.0,2,0.50524,0.497108,,0.473217,0.474664,0.476808,0.459901,0.459837,0.463317,0.462382
2011020516,2012,0.0,1,0.532526,0.464555,,0.409901,0.427017,0.410945,0.403173,0.403079,0.400521,0.409368
2011020517,2012,0.0,1,0.655066,0.644589,,0.646432,0.636164,0.644713,0.639064,0.638808,0.649019,0.64206
2011020518,2012,1.0,2,0.609809,0.573477,,0.587257,0.584707,0.59001,0.569231,0.569269,0.57436,0.572134
2011020519,2012,0.0,1,0.604602,0.547052,,0.560153,0.562197,0.559207,0.544801,0.544705,0.548672,0.543296
2011020520,2012,1.0,0,0.516366,0.476292,,0.482974,0.477959,0.480259,0.473139,0.472932,0.48126,0.4605
2011020521,2012,1.0,0,0.684542,0.637312,,0.674646,0.671443,0.675509,0.678531,0.678226,0.684149,0.658749
2011020522,2012,1.0,0,0.495549,0.494932,,0.461195,0.460976,0.458244,0.452285,0.452322,0.467992,0.453366
2011020523,2012,1.0,0,0.584064,0.604239,,0.59041,0.580692,0.589676,0.577131,0.576705,0.572453,0.586007
2011020524,2012,0.0,1,0.488677,0.42429,,0.395257,0.406391,0.393881,0.390356,0.390242,0.397542,0.382129
2011020525,2012,1.0,0,0.708147,0.653959,,0.68355,0.68233,0.680956,0.652681,0.652301,0.650803,0.672322
2011020526,2012,1.0,0,0.701704,0.709883,,0.72795,0.718137,0.727372,0.726963,0.72681,0.739604,0.723701
2011020527,2012,1.0,0,0.543254,0.567973,,0.586499,0.577175,0.586431,0.606569,0.606318,0.608498,0.566712
2011020528,2012,0.0,1,0.658072,0.668926,,0.657979,0.656116,0.660485,0.650262,0.649949,0.658493,0.659825
2011020529,2012,1.0,0,0.649726,0.620285,,0.613972,0.615138,0.615698,0.619821,0.619658,0.629226,0.610646
2011020530,2012,0.0,3,0.454038,0.51053,,0.433785,0.429588,0.433193,0.442745,0.442503,0.434856,0.440445
2011020531,2012,0.0,1,0.533709,0.530535,,0.478542,0.477909,0.479764,0.484939,0.484642,0.476838,0.480776
2011020532,2012,1.0,0,0.478798,0.441908,,0.395354,0.396566,0.394159,0.42024,0.420075,0.420206,0.388875
2011020533,2012,1.0,0,0.538321,0.5325,,0.494831,0.494557,0.494341,0.48783,0.487423,0.482751,0.492294
2011020534,2012,1.0,0,0.599508,0.560647,,0.553446,0.55322,0.555858,0.542194,0.541909,0.544827,0.544398
2011020535,2012,0.0,1,0.546854,0.539969,,0.50044,0.50479,0.500926,0.490427,0.490136,0.487158,0.499369
2011020536,2012,1.0,0,0.543345,0.564404,,0.515819,0.515514,0.519721,0.510129,0.509898,0.498042,0.519404
2011020537,2012,1.0,0,0.513436,0.532808,,0.512431,0.511082,0.511488,0.509949,0.509618,0.504979,0.502801
2011020538,2012,1.0,2,0.579417,0.611672,,0.574625,0.569064,0.572802,0.56716,0.566688,0.578577,0.578779
2011020539,2012,0.0,1,0.622929,0.561842,,0.577778,0.578825,0.577268,0.564099,0.563957,0.562677,0.561664
2011020540,2012,0.0,3,0.43756,0.451291,,0.327043,0.328444,0.325759,0.313004,0.31262,0.309749,0.34651
2011020541,2012,0.0,3,0.515916,0.53159,,0.51,0.511076,0.512481,0.500152,0.500011,0.497189,0.500821
2011020542,2012,1.0,0,0.457764,0.479115,,0.433902,0.428398,0.432144,0.425543,0.425519,0.409498,0.427853
2011020543,2012,0.0,1,0.564116,0.558525,,0.5115,0.50794,0.51135,0.503944,0.503755,0.526477,0.514971
2011020544,2012,1.0,2,0.526814,0.533164,,0.53236,0.524247,0.527384,0.518781,0.51852,0.526206,0.516366
2011020545,2012,1.0,0,0.554602,0.523909,,0.489963,0.48666,0.488991,0.511759,0.51138,0.507206,0.486225
2011020546,2012,1.0,0,0.601694,0.57397,,0.595562,0.595625,0.59418,0.588314,0.588068,0.578457,0.577433
2011020547,2012,1.0,2,0.490104,0.43987,,0.441566,0.435737,0.440742,0.425995,0.426168,0.411107,0.418
2011020548,2012,0.0,1,0.641879,0.54753,,0.567594,0.579877,0.570941,0.559595,0.559574,0.567712,0.549888
2011020549,2012,1.0,0,0.480554,0.487007,,0.526985,0.514792,0.526762,0.523525,0.523387,0.523532,0.491891
2011020550,2012,0.0,1,0.408846,0.389483,,0.345255,0.353294,0.346893,0.336707,0.336646,0.345298,0.333642
2011020551,2012,1.0,0,0.584493,0.572286,,0.561983,0.562918,0.565304,0.560645,0.560501,0.545669,0.554191
2011020552,2012,1.0,2,0.499458,0.50871,,0.443042,0.438701,0.442353,0.415376,0.415219,0.407292,0.447467
2011020553,2012,0.0,1,0.459351,0.466581,,0.404961,0.410335,0.404346,0.399732,0.399461,0.394097,0.404204
2011020554,2012,0.0,3,0.568033,0.586779,,0.57693,0.567561,0.575546,0.588934,0.588635,0.58936,0.569301
2011020555,2012,1.0,0,0.534096,0.506591,,0.49814,0.502081,0.496607,0.498952,0.498869,0.494249,0.483499
2011020556,2012,1.0,0,0.498083,0.466185,,0.453432,0.454557,0.456663,0.4537,0.453561,0.454913,0.436675
2011020557,2012,1.0,0,0.537048,0.543763,,0.51224,0.50703,0.511649,0.505646,0.5055,0.50736,0.508183
2011020558,2012,1.0,0,0.588562,0.514837,,0.497125,0.500801,0.498186,0.530308,0.530092,0.525068,0.488447
2011020559,2012,1.0,0,0.532851,0.523426,,0.47167,0.471383,0.472944,0.478025,0.477654,0.472951,0.473352
2011020560,2012,0.0,1,0.534049,0.487742,,0.491011,0.493142,0.493633,0.492282,0.492326,0.500137,0.471099
2011020561,2012,0.0,3,0.590309,0.557428,,0.572827,0.571981,0.569555,0.552705,0.552438,0.557279,0.555274
2011020562,2012,1.0,0,0.541387,0.507778,,0.530652,0.521322,0.528869,0.527835,0.527735,0.515292,0.505289
2011020563,2012,1.0,0,0.604646,0.574798,,0.549803,0.551326,0.552885,0.53369,0.533345,0.543025,0.548182
2011020564,2012,0.0,1,0.426706,0.469729,,0.3992,0.395294,0.396997,0.399128,0.39886,0.40244,0.400489
2011020565,2012,1.0,0,0.416004,0.409764,,0.338227,0.341228,0.341095,0.340852,0.340832,0.349097,0.337225
2011020566,2012,0.0,1,0.56678,0.541312,,0.541447,0.544509,0.542357,0.538723,0.538631,0.546369,0.527235
2011020567,2012,1.0,0,0.452379,0.479824,,0.422825,0.428698,0.423359,0.428397,0.428267,0.43042,0.420798
2011020568,2012,1.0,0,0.576908,0.57209,,0.547206,0.547924,0.544921,0.546356,0.546164,0.545002,0.544242
2011020569,2012,0.0,1,0.53535,0.5672,,0.515672,0.516289,0.515374,0.501799,0.501577,0.499318,0.52017
2011020570,2012,1.0,2,0.502832,0.494567,,0.470511,0.469597,0.46836,0.449141,0.448966,0.4503,0.459498
2011020571,2012,0.0,1,0.694502,0.673996,,0.678128,0.676407,0.678053,0.670342,0.669898,0.679293,0.676404
2011020572,2012,0.0,3,0.588191,0.541739,,0.543462,0.54471,0.543277,0.531957,0.531764,0.531615,0.529582
2011020573,2012,0.0,3,0.619894,0.616708,,0.594236,0.595916,0.597199,0.591614,0.5914,0.594376,0.595169
2011020574,2012,1.0,0,0.608083,0.582436,,0.622565,0.61062,0.619187,0.61694,0.616679,0.623891,0.598915
2011020575,2012,1.0,0,0.521632,0.54975,,0.509774,0.510989,0.511481,0.488941,0.488771,0.479064,0.508486
2011020576,2012,1.0,0,0.595688,0.583144,,0.577284,0.570699,0.576884,0.581667,0.581402,0.58425,0.569107
2011020577,2012,0.0,3,0.570534,0.567179,,0.552817,0.554198,0.553249,0.527263,0.527017,0.541331,0.545555
2011020578,2012,1.0,0,0.570864,0.590327,,0.605465,0.591592,0.602982,0.621437,0.62136,0.61047,0.589472
2011020579,2012,0.0,1,0.451347,0.414948,,0.388213,0.392533,0.38886,0.384463,0.38443,0.39258,0.372516
2011020580,2012,1.0,0,0.564942,0.579475,,0.541224,0.543795,0.538833,0.529284,0.529323,0.545603,0.543013
2011020581,2012,0.0,1,0.430774,0.436662,,0.369836,0.367924,0.370693,0.384309,0.384228,0.392071,0.368585
2011020582,2012,1.0,0,0.660865,0.671774,,0.688599,0.674209,0.69037,0.681078,0.680604,0.693646,0.680978
2011020583,2012,0.0,1,0.434969,0.41168,,0.374138,0.377315,0.373521,0.372937,0.372933,0.371845,0.361658
2011020584,2012,1.0,0,0.679489,0.664104,,0.69003,0.68597,0.68889,0.674656,0.674324,0.679722,0.679519
2011020585,2012,1.0,0,0.565977,0.581363,,0.542874,0.545909,0.543773,0.535157,0.535034,0.543223,0.544917
2011020586,2012,1.0,2,0.648222,0.570105,,0.603812,0.602307,0.604712,0.57765,0.577392,0.586533,0.583152
2011020587,2012,1.0,0,0.518729,0.521151,,0.520957,0.52076,0.52036,0.524989,0.524916,0.532113,0.50367
2011020588,2012,1.0,0,0.523098,0.575881,,0.513608,0.510221,0.515482,0.5115,0.511228,0.514899,0.522025
2011020589,2012,1.0,0,0.653337,0.650365,,0.668288,0.658962,0.666855,0.665518,0.665174,0.667031,0.658626
2011020590,2012,0.0,1,0.583762,0.562345,,0.566521,0.566612,0.565796,0.555393,0.555196,0.54746,0.552953
2011020591,2012,1.0,2,0.559952,0.577383,,0.581639,0.572818,0.582768,0.593106,0.593112,0.584228,0.568112
2011020592,2012,1.0,0,0.702711,0.652338,,0.678931,0.682231,0.682127,0.66914,0.668956,0.665442,0.668403
2011020593,2012,1.0,0,0.582029,0.550623,,0.576138,0.569957,0.578268,0.543228,0.542899,0.546812,0.55428
2011020594,2012,0.0,1,0.528542,0.561581,,0.498937,0.496687,0.498639,0.493519,0.49338,0.511552,0.506733
2011020595,2012,1.0,0,0.499058,0.513274,,0.484493,0.482479,0.483411,0.469804,0.469625,0.468048,0.476087
2011020596,2012,0.0,1,0.666497,0.633974,,0.640263,0.641153,0.640898,0.619106,0.618833,0.621372,0.634105
2011020597,2012,1.0,0,0.571514,0.565427,,0.540276,0.544115,0.543091,0.532437,0.532142,0.528989,0.536748
2011020598,2012,0.0,1,0.579058,0.541793,,0.524986,0.53571,0.526757,0.514225,0.514074,0.518345,0.517276
2011020599,2012,1.0,2,0.630168,0.605804,,0.619965,0.623531,0.621084,0.59038,0.59035,0.590057,0.607716
2011020600,2012,1.0,0,0.62315,0.593985,,0.611188,0.609693,0.611718,0.618968,0.618713,0.616195,0.596802
2011020601,2012,0.0,1,0.656305,0.620332,,0.632219,0.635268,0.633369,0.642656,0.642442,0.648742,0.622794
2011020602,2012,0.0,3,0.58782,0.580554,,0.539897,0.544159,0.538842,0.545586,0.545493,0.544794,0.543531
2011020603,2012,1.0,0,0.428814,0.424989,,0.371074,0.373481,0.371506,0.373955,0.373778,0.367891,0.364721
2011020604,2012,1.0,0,0.551134,0.546569,,0.540411,0.539208,0.539044,0.546322,0.545899,0.564756,0.528131
2011020605,2012,0.0,1,0.591638,0.613803,,0.584108,0.579205,0.581754,0.597295,0.597018,0.590625,0.586277
2011020606,2012,1.0,0,0.625165,0.616416,,0.642965,0.632093,0.640442,0.63823,0.637982,0.639673,0.626967
2011020607,2012,1.0,0,0.623556,0.585239,,0.581237,0.587475,0.582353,0.572033,0.571839,0.574029,0.57368
2011020608,2012,1.0,0,0.626948,0.590442,,0.570789,0.577149,0.572668,0.556684,0.556302,0.560107,0.569238
2011020609,2012,1.0,0,0.554128,0.578768,,0.507706,0.508216,0.5122,0.500798,0.50046,0.511879,0.520676
2011020610,2012,1.0,0,0.580201,0.612634,,0.601476,0.592357,0.601544,0.58119,0.580954,0.572117,0.59656
2011020611,2012,1.0,0,0.463322,0.44846,,0.414122,0.407932,0.413469,0.425712,0.425569,0.42179,0.40295
2011020612,2012,0.0,3,0.51881,0.480588,,0.503327,0.499408,0.502432,0.488686,0.488442,0.494774,0.475463
2011020613,2012,1.0,0,0.591658,0.58011,,0.553388,0.553354,0.553791,0.548726,0.548559,0.555562,0.552205
2011020614,2012,1.0,0,0.401108,0.403155,,0.347472,0.35033,0.347356,0.373512,0.373621,0.352208,0.340068
2011020615,2012,1.0,0,0.524964,0.585401,,0.519583,0.516013,0.517866,0.522884,0.522658,0.513873,0.529995
2011020616,2012,1.0,0,0.713025,0.685199,,0.703358,0.711129,0.704306,0.699137,0.699122,0.70127,0.698135
2011020617,2012,1.0,0,0.546788,0.523365,,0.486811,0.487065,0.489045,0.500062,0.499909,0.496599,0.483653
2011020618,2012,1.0,0,0.372944,0.367094,,0.348753,0.342556,0.34594,0.366674,0.36672,0.36115,0.325798
2011020619,2012,1.0,2,0.614084,0.569455,,0.636986,0.630237,0.638566,0.653463,0.653607,0.63953,0.60344
2011020620,2012,0.0,1,0.616004,0.631251,,0.587179,0.583074,0.587039,0.571085,0.570749,0.563542,0.596668
2011020621,2012,0.0,1,0.44713,0.428437,,0.397195,0.39252,0.394662,0.380332,0.380148,0.391761,0.38347
2011020622,2012,0.0,1,0.493063,0.464948,,0.430543,0.434203,0.430547,0.42418,0.423981,0.445095,0.421297
2011020623,2012,0.0,3,0.4237,0.411621,,0.359677,0.363122,0.359146,0.342228,0.342277,0.336152,0.351994
2011020624,2012,1.0,2,0.447036,0.360983,,0.340776,0.350974,0.337666,0.346155,0.346183,0.336338,0.321063
2011020625,2012,1.0,0,0.694543,0.663413,,0.693599,0.691706,0.694186,0.682942,0.682603,0.678664,0.682189
2011020626,2012,0.0,1,0.480347,0.456619,,0.435367,0.432989,0.4356,0.446147,0.445986,0.446605,0.420509
2011020627,2012,1.0,0,0.533403,0.531646,,0.485532,0.489988,0.487329,0.467241,0.466948,0.456794,0.48574
2011020628,2012,1.0,0,0.502018,0.527177,,0.46048,0.461548,0.462048,0.459893,0.459501,0.466863,0.466461
2011020629,2012,1.0,0,0.556621,0.447933,,0.478735,0.486412,0.482808,0.459574,0.459725,0.473096,0.447629
2011020630,2012,0.0,3,0.47286,0.448301,,0.407124,0.406896,0.40582,0.396524,0.396621,0.394887,0.398765
2011020631,2012,1.0,0,0.692273,0.650549,,0.685835,0.688861,0.688259,0.667889,0.667684,0.661211,0.671795
2011020632,2012,0.0,1,0.430806,0.410047,,0.357236,0.355103,0.35696,0.346264,0.346061,0.357789,0.350079
2011020633,2012,0.0,1,0.644913,0.586302,,0.617995,0.620571,0.618711,0.61963,0.619426,0.609962,0.598985
2011020634,2012,0.0,1,0.58502,0.549796,,0.515091,0.52073,0.517014,0.501163,0.50083,0.494005,0.51447
2011020635,2012,1.0,2,0.631257,0.643655,,0.683478,0.673372,0.684992,0.666081,0.666099,0.659864,0.665069
2011020636,2012,0.0,3,0.493145,0.520421,,0.460231,0.463831,0.459693,0.475726,0.475734,0.458987,0.463156
2011020637,2012,1.0,2,0.628858,0.602968,,0.613788,0.613937,0.612776,0.607897,0.607577,0.618804,0.602455
2011020638,2012,0.0,1,0.42516,0.373585,,0.354621,0.35639,0.352699,0.34817,0.348352,0.347305,0.333925
2011020639,2012,1.0,0,0.632211,0.650732,,0.627108,0.618889,0.628341,0.606396,0.605977,0.618074,0.631255
2011020640,2012,1.0,2,0.579707,0.51933,,0.536661,0.539674,0.538464,0.533805,0.533658,0.534707,0.515514
2011020641,2012,0.0,3,0.569155,0.599452,,0.575071,0.570791,0.574849,0.585724,0.585655,0.586928,0.573478
2011020642,2012,1.0,0,0.617121,0.551434,,0.574283,0.576399,0.577769,0.585268,0.585176,0.601852,0.55483
2011020643,2012,1.0,0,0.449557,0.471726,,0.42229,0.418509,0.423544,0.429021,0.428921,0.446292,0.417065
2011020644,2012,1.0,0,0.545216,0.549638,,0.53387,0.530915,0.531978,0.511947,0.511737,0.50299,0.524943
2011020645,2012,0.0,1,0.486879,0.414966,,0.418182,0.420287,0.419804,0.423987,0.423974,0.412093,0.392852
2011020646,2012,0.0,1,0.508366,0.474949,,0.441149,0.443547,0.440383,0.426557,0.426435,0.424152,0.432777
2011020647,2012,1.0,2,0.573016,0.577064,,0.566486,0.562128,0.566666,0.562285,0.562284,0.557191,0.558653
2011020648,2012,0.0,1,0.604391,0.581542,,0.594343,0.59249,0.594607,0.569345,0.569049,0.581379,0.579886
2011020649,2012,0.0,1,0.464818,0.469783,,0.417664,0.416761,0.419202,0.436017,0.435933,0.43995,0.41389
2011020650,2012,0.0,3,0.543671,0.534003,,0.508769,0.510788,0.508773,0.49283,0.492628,0.491237,0.502131
2011020651,2012,1.0,0,0.492942,0.485924,,0.450467,0.449901,0.449903,0.435725,0.435489,0.442064,0.442661
2011020652,2012,1.0,0,0.365509,0.382879,,0.33676,0.330965,0.334316,0.326097,0.326067,0.336806,0.324112
2011020653,2012,0.0,1,0.494337,0.474137,,0.449326,0.446729,0.448905,0.457614,0.457754,0.44995,0.437154
2011020654,2012,0.0,1,0.378648,0.356053,,0.27387,0.278115,0.273183,0.273131,0.272902,0.278114,0.274391
2011020655,2012,1.0,2,0.619328,0.667623,,0.670615,0.65533,0.667992,0.673725,0.673404,0.673705,0.665974
2011020656,2012,1.0,0,0.534036,0.514204,,0.489393,0.486071,0.488209,0.489713,0.489485,0.492421,0.481012
2011020657,2012,0.0,1,0.530622,0.457501,,0.465292,0.470217,0.46556,0.463281,0.463042,0.461359,0.441965
2011020658,2012,0.0,1,0.485103,0.426921,,0.4062,0.413299,0.407301,0.381048,0.38094,0.378875,0.390027
2011020659,2012,1.0,0,0.633059,0.545175,,0.567893,0.572716,0.572338,0.56942,0.569209,0.576952,0.548735
2011020660,2012,1.0,0,0.452508,0.485359,,0.389695,0.390994,0.389418,0.374003,0.373813,0.38393,0.401554
2011020661,2012,1.0,0,0.534178,0.491059,,0.438052,0.443432,0.438076,0.428124,0.427846,0.437972,0.438367
2011020662,2012,1.0,2,0.439722,0.409587,,0.38817,0.389724,0.385684,0.369435,0.369412,0.350651,0.369913
2011020663,2012,0.0,1,0.681969,0.642235,,0.668781,0.666912,0.669952,0.655099,0.654695,0.657437,0.656773
2011020664,2012,0.0,1,0.4423,0.466488,,0.435541,0.427801,0.43377,0.428031,0.427913,0.417111,0.423166
2011020665,2012,1.0,0,0.597436,0.567676,,0.541649,0.54216,0.540765,0.510844,0.510519,0.518501,0.539627
2011020666,2012,0.0,1,0.594196,0.595656,,0.572332,0.57403,0.572276,0.585251,0.585378,0.597384,0.571099
2011020667,2012,0.0,3,0.379856,0.375765,,0.305595,0.302673,0.305558,0.319234,0.319139,0.312176,0.302084
2011020668,2012,1.0,0,0.661052,0.655221,,0.65808,0.656537,0.659127,0.649288,0.649263,0.643909,0.654281
2011020669,2012,1.0,0,0.597769,0.627067,,0.61631,0.606279,0.611863,0.622031,0.622044,0.610009,0.612931
2011020670,2012,0.0,1,0.54427,0.517932,,0.521074,0.520555,0.522282,0.503645,0.503634,0.502406,0.50342
2011020671,2012,1.0,0,0.604914,0.591375,,0.587827,0.588587,0.589171,0.582743,0.582551,0.592784,0.579765
2011020672,2012,1.0,0,0.574099,0.563519,,0.5833,0.575275,0.583119,0.597897,0.597613,0.596748,0.563986
2011020673,2012,1.0,0,0.62075,0.663325,,0.662865,0.65437,0.66368,0.640865,0.640723,0.644667,0.659202
2011020674,2012,1.0,2,0.632847,0.642674,,0.613367,0.61041,0.61404,0.611965,0.611619,0.60854,0.619025
2011020675,2012,0.0,1,0.659321,0.534891,,0.598007,0.604209,0.602168,0.605519,0.60528,0.620085,0.565352
2011020676,2012,1.0,0,0.539153,0.511421,,0.491461,0.487243,0.492416,0.491452,0.491085,0.504074,0.481394
2011020677,2012,1.0,0,0.381612,0.381662,,0.307488,0.311346,0.306764,0.296391,0.296385,0.303021,0.305562
2011020678,2012,0.0,3,0.448884,0.406216,,0.405402,0.408684,0.404843,0.431549,0.431402,0.411231,0.379792
2011020679,2012,0.0,3,0.630954,0.578465,,0.603076,0.600238,0.604267,0.584215,0.583957,0.578823,0.585397
2011020680,2012,1.0,2,0.636492,0.648717,,0.64171,0.632864,0.640324,0.629942,0.629703,0.622104,0.639988
2011020681,2012,0.0,1,0.500146,0.551541,,0.498118,0.493697,0.494748,0.494789,0.494713,0.496666,0.500864
2011020682,2012,1.0,0,0.64251,0.632553,,0.623708,0.62542,0.624602,0.59984,0.599589,0.611766,0.621797
2011020683,2012,1.0,2,0.543122,0.530881,,0.517957,0.514668,0.517185,0.500615,0.50055,0.488187,0.506744
2011020684,2012,1.0,0,0.520223,0.53,,0.516164,0.509829,0.51678,0.522169,0.522103,0.524471,0.504311
2011020685,2012,1.0,0,0.555626,0.602909,,0.558684,0.546605,0.558972,0.562974,0.563023,0.56387,0.563844
2011020686,2012,0.0,1,0.437289,0.424184,,0.372519,0.375833,0.373605,0.389989,0.389829,0.397641,0.365646
2011020687,2012,0.0,1,0.583054,0.478436,,0.517097,0.525012,0.519685,0.51946,0.519407,0.512068,0.486012
2011020688,2012,0.0,1,0.661142,0.624239,,0.653865,0.657933,0.657066,0.658143,0.657983,0.658296,0.638779
2011020689,2012,0.0,1,0.4217,0.435749,,0.370775,0.364185,0.369405,0.367628,0.367259,0.375573,0.368491
2011020690,2012,1.0,0,0.682045,0.685017,,0.728617,0.718793,0.726148,0.732315,0.7322,0.746001,0.713516
2011020691,2012,1.0,0,0.526383,0.494264,,0.506487,0.504452,0.505831,0.512442,0.512512,0.516168,0.483468
2011020692,2012,0.0,3,0.448231,0.40792,,0.344347,0.353694,0.343587,0.337623,0.337449,0.341634,0.341618
2011020693,2012,0.0,3,0.584689,0.606627,,0.579155,0.571991,0.578264,0.587157,0.586976,0.584571,0.579765
2011020694,2012,0.0,1,0.64201,0.618628,,0.644227,0.64396,0.646132,0.629534,0.629271,0.626117,0.629373
2011020695,2012,1.0,2,0.617504,0.634817,,0.643135,0.635775,0.642666,0.635382,0.635263,0.64172,0.634373
2011020696,2012,1.0,0,0.460501,0.533581,,0.465982,0.457302,0.461019,0.466634,0.466851,0.470972,0.47104
2011020697,2012,1.0,0,0.667078,0.667603,,0.651219,0.649718,0.652624,0.620854,0.620716,0.62727,0.655279
2011020698,2012,0.0,1,0.579371,0.549599,,0.573856,0.567656,0.573916,0.572892,0.572646,0.560553,0.552258
2011020699,2012,0.0,3,0.613223,0.599397,,0.599255,0.597239,0.598353,0.587512,0.587319,0.590347,0.590875
2011020700,2012,0.0,1,0.5135,0.474725,,0.449444,0.449338,0.450979,0.471623,0.471255,0.480628,0.438215
2011020701,2012,1.0,0,0.574981,0.542622,,0.531147,0.530663,0.531415,0.515146,0.515147,0.518814,0.521442
2011020702,2012,0.0,1,0.554998,0.534839,,0.507975,0.504376,0.510547,0.51133,0.511055,0.509449,0.502418
2011020703,2012,1.0,2,0.538028,0.518309,,0.501478,0.500758,0.50122,0.492316,0.492134,0.48163,0.49067
2011020704,2012,1.0,2,0.732491,0.713628,,0.737475,0.734588,0.73707,0.730695,0.730476,0.730172,0.732602
2011020705,2012,1.0,0,0.53901,0.532886,,0.524136,0.519809,0.524922,0.503608,0.50338,0.508908,0.511411
2011020706,2012,0.0,3,0.552514,0.536376,,0.522318,0.516501,0.522884,0.512298,0.512266,0.52747,0.512226
2011020707,2012,1.0,0,0.637196,0.663922,,0.664049,0.661413,0.661896,0.679703,0.6798,0.684891,0.660844
2011020708,2012,1.0,0,0.516008,0.450631,,0.464939,0.466472,0.465127,0.470679,0.470609,0.469024,0.438336
2011020709,2012,0.0,1,0.57784,0.557446,,0.543358,0.541002,0.543839,0.539362,0.539034,0.553068,0.53565
2011020710,2012,1.0,0,0.521573,0.463679,,0.453196,0.460081,0.453139,0.444424,0.444187,0.444325,0.436408
2011020711,2012,0.0,1,0.467801,0.491362,,0.411965,0.411048,0.411225,0.418468,0.418406,0.398463,0.41904
2011020712,2012,0.0,1,0.61884,0.62654,,0.627879,0.622889,0.628345,0.633659,0.633477,0.642395,0.621042
2011020713,2012,0.0,3,0.473565,0.460879,,0.416904,0.420997,0.417718,0.420742,0.420786,0.424286,0.41014
2011020714,2012,1.0,2,0.565904,0.669302,,0.59439,0.583035,0.589256,0.584663,0.584504,0.593951,0.615891
2011020715,2012,1.0,0,0.580486,0.571208,,0.578997,0.57234,0.578828,0.573646,0.573648,0.586291,0.56463
2011020716,2012,1.0,0,0.577771,0.568375,,0.536511,0.537717,0.539618,0.525155,0.524867,0.533381,0.535806
2011020717,2012,1.0,0,0.555876,0.541551,,0.557846,0.556143,0.555403,0.55366,0.55383,0.574203,0.537548
2011020718,2012,1.0,0,0.59904,0.552502,,0.550613,0.548899,0.551922,0.529318,0.528872,0.528973,0.539144
2011020719,2012,1.0,0,0.687217,0.632509,,0.657469,0.662457,0.658929,0.660421,0.660447,0.66106,0.6456
2011020720,2012,1.0,2,0.383781,0.383973,,0.295627,0.302339,0.296071,0.293444,0.293356,0.29472,0.298827
2011020721,2012,1.0,0,0.571796,0.583057,,0.558692,0.557837,0.560361,0.553819,0.553703,0.556341,0.556078
2011020722,2012,0.0,3,0.589786,0.584464,,0.572775,0.571596,0.575245,0.586829,0.586476,0.591487,0.5665
2011020723,2012,0.0,3,0.512464,0.477066,,0.495064,0.492305,0.491975,0.49216,0.492107,0.480967,0.468436
2011020724,2012,1.0,0,0.668164,0.603824,,0.636458,0.640641,0.637135,0.642406,0.642374,0.644837,0.619274
2011020725,2012,1.0,0,0.451287,0.37644,,0.368153,0.372188,0.369728,0.352835,0.352652,0.361965,0.344482
2011020726,2012,1.0,0,0.622145,0.573293,,0.564868,0.569752,0.566358,0.543043,0.542888,0.545697,0.558015
2011020727,2012,0.0,3,0.455288,0.410265,,0.378458,0.378386,0.377464,0.389584,0.389372,0.377973,0.364597
2011020728,2012,0.0,3,0.552487,0.519586,,0.514361,0.518666,0.51437,0.51416,0.514207,0.502325,0.500095
2011020729,2012,0.0,1,0.569223,0.583783,,0.540812,0.537866,0.540754,0.512241,0.511858,0.517646,0.544741
2011020730,2012,1.0,0,0.548058,0.542518,,0.492959,0.498168,0.494233,0.482361,0.481901,0.470966,0.495651
2011020731,2012,0.0,1,0.534165,0.581853,,0.509835,0.500064,0.508262,0.513848,0.513564,0.510185,0.522567
2011020732,2012,0.0,1,0.480942,0.431345,,0.401846,0.407746,0.402673,0.396414,0.39631,0.412195,0.388877
2011020733,2012,1.0,0,0.557272,0.562968,,0.51833,0.521584,0.52015,0.486002,0.485647,0.500843,0.520973
2011020734,2012,1.0,2,0.727457,0.705254,,0.752939,0.744214,0.753164,0.744691,0.744509,0.752012,0.73935
2011020735,2012,1.0,0,0.420399,0.403946,,0.389613,0.391708,0.389768,0.384024,0.384083,0.383337,0.367843
2011020736,2012,1.0,0,0.681096,0.655025,,0.665631,0.670067,0.667256,0.641044,0.640927,0.63954,0.659915
2011020737,2012,1.0,2,0.474187,0.504129,,0.457575,0.451161,0.457201,0.478321,0.478079,0.485606,0.45398
2011020738,2012,0.0,3,0.653866,0.625967,,0.642063,0.645927,0.64226,0.629189,0.629058,0.63903,0.631451
2011020739,2012,1.0,2,0.620158,0.621255,,0.632314,0.62793,0.629604,0.617457,0.617458,0.618817,0.621786
2011020740,2012,0.0,1,0.567383,0.549827,,0.543373,0.542575,0.543691,0.538274,0.538358,0.547753,0.532057
2011020741,2012,0.0,1,0.575411,0.584037,,0.564146,0.566128,0.564712,0.547046,0.546982,0.54276,0.560161
2011020742,2012,1.0,2,0.491888,0.53687,,0.457575,0.454718,0.457268,0.4667,0.466474,0.459949,0.468204
2011020743,2012,0.0,1,0.464892,0.44518,,0.41042,0.411426,0.410536,0.391358,0.391094,0.384171,0.399318
2011020744,2012,0.0,1,0.444984,0.401193,,0.401763,0.402991,0.402568,0.402475,0.402301,0.401403,0.375318
2011020745,2012,0.0,1,0.560858,0.556454,,0.507165,0.511176,0.50644,0.488465,0.48812,0.491865,0.511172
2011020746,2012,1.0,0,0.506051,0.468526,,0.441064,0.443047,0.444373,0.448926,0.448888,0.44263,0.43001
2011020747,2012,1.0,2,0.58685,0.533285,,0.593491,0.585355,0.593131,0.588208,0.588149,0.586767,0.558709
2011020748,2012,1.0,0,0.711607,0.66733,,0.71339,0.714377,0.714674,0.710226,0.71018,0.704948,0.697547
2011020749,2012,0.0,3,0.449965,0.457017,,0.379136,0.378527,0.378164,0.369291,0.36896,0.377472,0.383336
2011020750,2012,1.0,0,0.47383,0.440776,,0.43111,0.433342,0.432988,0.428562,0.428764,0.418519,0.411085
2011020751,2012,1.0,0,0.467078,0.489741,,0.446043,0.437249,0.443896,0.469316,0.469093,0.456346,0.440368
2011020752,2012,0.0,1,0.553839,0.544539,,0.531566,0.528973,0.531218,0.536041,0.535869,0.536479,0.521666
2011020753,2012,1.0,0,0.671239,0.648904,,0.67775,0.675308,0.678784,0.693002,0.693088,0.707373,0.66495
2011020754,2012,0.0,1,0.713006,0.663142,,0.695737,0.694476,0.696066,0.682485,0.682148,0.679217,0.684244
2011020755,2012,1.0,0,0.566254,0.566903,,0.543998,0.539801,0.545383,0.547505,0.546913,0.553348,0.539564
2011020756,2012,1.0,0,0.534866,0.560616,,0.53395,0.529855,0.534136,0.533092,0.53294,0.533613,0.529183
2011020757,2012,0.0,3,0.584462,0.521863,,0.523667,0.527662,0.526021,0.501386,0.500874,0.522339,0.508344
2011020758,2012,0.0,1,0.527527,0.573436,,0.509098,0.49836,0.507086,0.51172,0.511526,0.503252,0.518256
2011020759,2012,1.0,0,0.396516,0.339858,,0.335519,0.333446,0.335442,0.349566,0.349517,0.344304,0.30773
2011020760,2012,0.0,3,0.550637,0.509026,,0.538218,0.536843,0.538695,0.526177,0.526224,0.530348,0.511082
2011020761,2012,1.0,0,0.625982,0.632349,,0.645522,0.634582,0.645964,0.63648,0.636165,0.636982,0.635238
2011020762,2012,0.0,3,0.587216,0.572435,,0.550152,0.548916,0.549902,0.566572,0.566254,0.562031,0.546706
2011020763,2012,1.0,0,0.555607,0.497517,,0.509375,0.514769,0.508867,0.515367,0.515108,0.520097,0.48784
2011020764,2012,1.0,0,0.57864,0.562853,,0.572478,0.570435,0.570029,0.558496,0.558778,0.551998,0.556835
2011020765,2012,1.0,0,0.486881,0.436684,,0.447437,0.447666,0.449792,0.46008,0.459752,0.469929,0.420306
2011020766,2012,0.0,3,0.642303,0.621665,,0.647514,0.640234,0.647256,0.642682,0.642516,0.652313,0.63279
2011020767,2012,0.0,1,0.611626,0.540669,,0.555592,0.559957,0.556569,0.54559,0.545453,0.545213,0.537969
2011020768,2012,0.0,1,0.596066,0.567366,,0.589787,0.592728,0.589376,0.587191,0.587384,0.588309,0.570697
2011020769,2012,0.0,1,0.502858,0.55618,,0.446935,0.44902,0.445647,0.457286,0.457142,0.461291,0.469781
2011020770,2012,0.0,3,0.393073,0.418002,,0.316721,0.317059,0.314713,0.324859,0.324687,0.316037,0.325543
2011020771,2012,0.0,1,0.546262,0.516029,,0.487787,0.488751,0.485619,0.485895,0.485512,0.483648,0.481217
2011020772,2012,0.0,3,0.532446,0.510214,,0.522196,0.518768,0.521404,0.513995,0.513908,0.503284,0.500471
2011020773,2012,1.0,0,0.489609,0.445162,,0.459685,0.45933,0.457731,0.454822,0.454982,0.457294,0.431703
2011020774,2012,1.0,0,0.569553,0.551722,,0.520949,0.518812,0.523579,0.50612,0.505853,0.510421,0.518435
2011020775,2012,1.0,0,0.553041,0.486654,,0.482994,0.489048,0.485976,0.451736,0.451473,0.452593,0.466242
2011020776,2012,1.0,2,0.569843,0.570974,,0.546081,0.541468,0.545454,0.535372,0.535118,0.529408,0.542763
2011020777,2012,1.0,0,0.460712,0.440414,,0.386412,0.389495,0.385993,0.374451,0.374325,0.383791,0.381858
2011020778,2012,1.0,2,0.362236,0.324931,,0.313414,0.313714,0.313606,0.338714,0.338831,0.335434,0.287094
2011020779,2012,0.0,1,0.470798,0.402621,,0.392395,0.400284,0.394563,0.375204,0.375246,0.402615,0.370945
2011020780,2012,1.0,0,0.502974,0.453337,,0.400987,0.409581,0.404231,0.392163,0.392023,0.403523,0.397985
2011020781,2012,1.0,0,0.577156,0.493636,,0.548109,0.546358,0.547966,0.552042,0.551747,0.547004,0.512193
2011020782,2012,1.0,0,0.577409,0.569573,,0.548921,0.55235,0.548847,0.5377,0.537495,0.544775,0.544314
2011020783,2012,1.0,0,0.618617,0.623104,,0.614146,0.610888,0.614721,0.611479,0.611574,0.612639,0.610683
2011020784,2012,1.0,0,0.440961,0.407399,,0.359384,0.36549,0.359124,0.362298,0.362279,0.367379,0.350788
2011020785,2012,1.0,2,0.534859,0.533721,,0.530573,0.520849,0.528597,0.533158,0.533073,0.526003,0.515759
2011020786,2012,0.0,1,0.610175,0.568324,,0.598312,0.59929,0.597674,0.599388,0.599261,0.590296,0.577242
2011020787,2012,0.0,3,0.641061,0.660985,,0.63255,0.638974,0.634703,0.631017,0.63089,0.639454,0.639462
2011020788,2012,1.0,0,0.623736,0.552723,,0.596545,0.593068,0.598262,0.57155,0.571369,0.568008,0.570209
2011020789,2012,1.0,0,0.473224,0.497095,,0.440449,0.429836,0.438791,0.440021,0.439701,0.443041,0.44001
2011020790,2012,1.0,2,0.477675,0.440427,,0.412957,0.417297,0.413543,0.41486,0.414873,0.411769,0.399508
2011020791,2012,0.0,1,0.472768,0.442258,,0.418741,0.417378,0.419002,0.408968,0.40868,0.402249,0.403757
2011020792,2012,0.0,1,0.516158,0.454468,,0.451451,0.452774,0.451765,0.435194,0.434913,0.434015,0.4313
2011020793,2012,0.0,3,0.504822,0.480398,,0.448751,0.453008,0.449072,0.439036,0.438982,0.434921,0.439756
2011020794,2012,1.0,0,0.495209,0.489648,,0.460115,0.457887,0.458722,0.458512,0.458442,0.457594,0.450485
2011020795,2012,0.0,1,0.54493,0.489204,,0.522673,0.517235,0.522918,0.511948,0.511828,0.507077,0.492558
2011020796,2012,1.0,0,0.441783,0.434422,,0.406914,0.398912,0.403042,0.430371,0.430201,0.431822,0.391867
2011020797,2012,1.0,0,0.40305,0.412944,,0.343709,0.345742,0.34396,0.343899,0.343828,0.354477,0.341504
2011020798,2012,1.0,0,0.717608,0.722598,,0.731665,0.727556,0.731061,0.721587,0.72128,0.722091,0.731857
2011020799,2012,1.0,2,0.572895,0.580818,,0.555961,0.550526,0.556156,0.542792,0.542378,0.538627,0.553413
2011020800,2012,0.0,1,0.628258,0.622929,,0.633674,0.625303,0.631988,0.639484,0.639291,0.633985,0.623688
2011020801,2012,0.0,3,0.517183,0.478056,,0.440077,0.440155,0.443298,0.424257,0.423901,0.42184,0.433699
2011020802,2012,0.0,1,0.518166,0.482864,,0.485397,0.479609,0.483451,0.477411,0.477284,0.470342,0.464844
2011020803,2012,1.0,2,0.643438,0.608421,,0.619873,0.623483,0.620221,0.619076,0.618952,0.616779,0.60928
2011020804,2012,1.0,0,0.592243,0.608667,,0.590985,0.592111,0.590049,0.57418,0.57414,0.568571,0.588569
2011020805,2012,0.0,3,0.635483,0.532095,,0.580147,0.583877,0.581822,0.568882,0.568758,0.571452,0.551439
2011020806,2012,0.0,1,0.45997,0.477503,,0.422323,0.420939,0.422915,0.417784,0.417634,0.435072,0.419828
2011020807,2012,1.0,0,0.460194,0.499743,,0.41942,0.413103,0.4187,0.418969,0.418624,0.399407,0.426977
2011020808,2012,1.0,0,0.476511,0.443906,,0.406274,0.411508,0.405712,0.394401,0.39398,0.407182,0.396591
2011020809,2012,0.0,1,0.408755,0.387683,,0.316578,0.323877,0.317814,0.320685,0.320677,0.315175,0.314627
2011020810,2012,1.0,2,0.559624,0.558351,,0.542852,0.536211,0.539889,0.54287,0.542583,0.553157,0.534973
2011020812,2012,1.0,2,0.537342,0.545821,,0.537367,0.530551,0.535663,0.532854,0.53261,0.547381,0.5253
2011020813,2012,1.0,2,0.660189,0.650518,,0.632537,0.635536,0.63255,0.621168,0.621012,0.631974,0.635776
2011020814,2012,1.0,2,0.540202,0.542919,,0.469581,0.466893,0.468897,0.476422,0.476169,0.467726,0.480399
2011020815,2012,1.0,0,0.576987,0.557108,,0.57141,0.561445,0.570457,0.59001,0.589868,0.591263,0.553684
2011020811,2012,1.0,0,0.646084,0.636243,,0.645077,0.641934,0.644233,0.635563,0.63559,0.643512,0.637353
2011020816,2012,1.0,2,0.603671,0.608538,,0.593808,0.584834,0.591192,0.607256,0.606951,0.593503,0.590794
2011020817,2012,0.0,1,0.613222,0.58346,,0.589007,0.58164,0.58985,0.592546,0.592245,0.578816,0.577564
2011020818,2012,1.0,2,0.479496,0.42704,,0.436082,0.432176,0.433327,0.432051,0.431985,0.421834,0.408851
2011020819,2012,0.0,1,0.513174,0.557253,,0.49805,0.493542,0.497046,0.491254,0.491302,0.494281,0.503732
2011020820,2012,0.0,3,0.603971,0.627733,,0.616171,0.611124,0.61387,0.609022,0.608636,0.602354,0.613363
2011020821,2012,0.0,1,0.558626,0.564154,,0.563415,0.55832,0.56014,0.568168,0.568008,0.578332,0.550689
2011020822,2012,0.0,1,0.554284,0.537339,,0.533243,0.527288,0.534326,0.526965,0.526902,0.525918,0.519766
2011020823,2012,1.0,2,0.65037,0.624155,,0.624502,0.627302,0.62418,0.628009,0.627973,0.641176,0.619118
2011020824,2012,0.0,1,0.614924,0.549059,,0.53974,0.551612,0.541582,0.536406,0.536222,0.541311,0.531319
2011020825,2012,1.0,0,0.520662,0.490901,,0.502831,0.495801,0.500619,0.514634,0.514395,0.542317,0.479491
2011020826,2012,1.0,2,0.433187,0.433945,,0.347809,0.358871,0.350364,0.339812,0.339751,0.339607,0.353358
2011020827,2012,0.0,1,0.540364,0.508638,,0.527903,0.517129,0.524993,0.549726,0.549705,0.539604,0.503825
2011020828,2012,1.0,0,0.60209,0.621197,,0.584157,0.585843,0.583762,0.584635,0.584545,0.585474,0.589871
2011020829,2012,1.0,0,0.619748,0.587457,,0.587649,0.584093,0.586923,0.581891,0.581576,0.594728,0.578613
2011020830,2012,0.0,1,0.465977,0.440742,,0.409841,0.410389,0.410127,0.408252,0.408106,0.406472,0.397201
2011020831,2012,0.0,1,0.528402,0.449712,,0.449751,0.452155,0.450221,0.435557,0.435312,0.432989,0.428736
2011020832,2012,1.0,0,0.622231,0.644504,,0.654261,0.644948,0.652171,0.638788,0.638661,0.638862,0.645833
2011020833,2012,1.0,0,0.533441,0.535909,,0.527483,0.525126,0.52444,0.526344,0.526249,0.523363,0.514614
2011020834,2012,0.0,1,0.507527,0.423119,,0.437956,0.441009,0.436852,0.431194,0.431114,0.437965,0.4095
2011020835,2012,0.0,1,0.589098,0.552028,,0.515287,0.52037,0.51651,0.524403,0.524112,0.525662,0.515697
2011020944,2012,1.0,2,0.640213,0.599791,,0.665114,0.65804,0.666049,0.664663,0.664388,0.676907,0.635537
2011020837,2012,0.0,1,0.575961,0.59457,,0.565156,0.557133,0.56291,0.554251,0.553903,0.555014,0.565279
2011020838,2012,0.0,1,0.519452,0.523818,,0.497351,0.493093,0.49436,0.480518,0.480374,0.489228,0.489561
2011020839,2012,1.0,0,0.384815,0.3647,,0.296032,0.298878,0.298077,0.290019,0.289802,0.295509,0.292016
2011020840,2012,0.0,1,0.558687,0.488053,,0.452854,0.462928,0.456477,0.480554,0.480321,0.485237,0.447644
2011020841,2012,1.0,0,0.664884,0.671924,,0.669781,0.663703,0.668472,0.662707,0.662436,0.664871,0.668962
2011020842,2012,1.0,0,0.56692,0.470528,,0.548679,0.546762,0.548402,0.562785,0.562935,0.576665,0.502553
2011020843,2012,0.0,1,0.516077,0.474931,,0.428528,0.440285,0.430598,0.413873,0.41376,0.407246,0.424946
2011020844,2012,0.0,1,0.552994,0.555359,,0.53353,0.530994,0.534319,0.514024,0.513759,0.515699,0.527426
2011020845,2012,1.0,0,0.566615,0.50028,,0.501114,0.507706,0.502382,0.486663,0.486357,0.496718,0.484096
2011020846,2012,0.0,1,0.612051,0.607359,,0.617733,0.61335,0.616412,0.600099,0.600076,0.608515,0.606179
2011020847,2012,0.0,3,0.437079,0.385693,,0.377796,0.378722,0.378737,0.377041,0.377123,0.385199,0.353713
2011020848,2012,0.0,1,0.540802,0.470148,,0.481803,0.483825,0.482927,0.477288,0.47715,0.483602,0.458169
2011020849,2012,0.0,3,0.492288,0.43529,,0.409772,0.409554,0.408622,0.405718,0.405476,0.411705,0.395953
2011020850,2012,1.0,0,0.700764,0.681107,,0.715203,0.713041,0.717166,0.707734,0.707489,0.720324,0.703776
2011020851,2012,0.0,1,0.608413,0.505838,,0.535572,0.535953,0.537006,0.533585,0.533565,0.555334,0.510383
2011020852,2012,1.0,0,0.605626,0.603442,,0.609038,0.608161,0.610457,0.591622,0.591687,0.589035,0.598625
2011020853,2012,1.0,2,0.443024,0.420674,,0.357105,0.36456,0.357848,0.358516,0.35842,0.356426,0.354585
2011020854,2012,1.0,0,0.657837,0.668755,,0.644226,0.644064,0.64388,0.648386,0.648065,0.646078,0.650915
2011020855,2012,0.0,3,0.562892,0.495448,,0.506262,0.514412,0.506869,0.500196,0.499989,0.503401,0.485265
2011020856,2012,1.0,2,0.528049,0.542017,,0.472281,0.471508,0.472844,0.486223,0.486089,0.486703,0.481289
2011020857,2012,0.0,1,0.553945,0.546098,,0.5331,0.527342,0.533281,0.540916,0.540986,0.540223,0.523313
2011020858,2012,1.0,2,0.57075,0.536802,,0.523009,0.522854,0.523848,0.530385,0.530103,0.531257,0.513581
2011020859,2012,1.0,0,0.441462,0.416145,,0.377419,0.378497,0.374917,0.367689,0.367637,0.380341,0.365756
2011020860,2012,0.0,3,0.530603,0.528296,,0.483649,0.483957,0.482919,0.466351,0.465998,0.468392,0.48302
2011020861,2012,0.0,1,0.485415,0.500431,,0.429774,0.435828,0.430002,0.431912,0.431467,0.432018,0.434946
2011020862,2012,1.0,0,0.60462,0.646094,,0.596986,0.589403,0.59631,0.588614,0.5884,0.59334,0.608882
2011020863,2012,1.0,0,0.388537,0.380402,,0.31856,0.317814,0.319733,0.31375,0.313821,0.32022,0.312433
2011020864,2012,0.0,1,0.51911,0.498958,,0.504317,0.503568,0.505395,0.490035,0.489907,0.495287,0.483727
2011020865,2012,0.0,1,0.534509,0.519552,,0.483256,0.490456,0.485015,0.477907,0.47791,0.47706,0.47929
2011020866,2012,0.0,1,0.413391,0.38691,,0.369704,0.363463,0.36896,0.384216,0.384166,0.397025,0.348243
2011020867,2012,1.0,0,0.660485,0.681085,,0.702114,0.690096,0.698285,0.706241,0.706206,0.70831,0.69361
2011020868,2012,1.0,0,0.527463,0.510711,,0.482713,0.482259,0.481904,0.489513,0.489483,0.484886,0.474997
2011020869,2012,1.0,0,0.495772,0.482741,,0.428844,0.428731,0.430453,0.416702,0.416402,0.419528,0.427542
2011020870,2012,1.0,0,0.677296,0.623954,,0.645144,0.644821,0.644769,0.639663,0.639245,0.650382,0.633604
2011020871,2012,1.0,2,0.58149,0.568034,,0.56609,0.563726,0.564137,0.57002,0.569946,0.559925,0.554956
2011020872,2012,0.0,1,0.562248,0.615536,,0.562055,0.554682,0.560015,0.579054,0.578987,0.56859,0.571672
2011020873,2012,1.0,0,0.457658,0.43548,,0.373197,0.380394,0.37379,0.366113,0.365987,0.38845,0.371288
2011020874,2012,1.0,0,0.593587,0.566438,,0.52009,0.524782,0.519384,0.528036,0.527868,0.534034,0.525034
2011020875,2012,1.0,0,0.525414,0.499321,,0.443281,0.448802,0.446493,0.419143,0.418752,0.42586,0.444784
2011020876,2012,1.0,0,0.395702,0.339318,,0.294457,0.302986,0.296628,0.298571,0.298542,0.30278,0.281936
2011020877,2012,0.0,1,0.521456,0.511622,,0.475103,0.480019,0.474694,0.455048,0.454934,0.4648,0.47023
2011020878,2012,0.0,1,0.510752,0.458553,,0.439951,0.447211,0.44113,0.436671,0.436454,0.427754,0.425405
2011020879,2012,1.0,2,0.724949,0.650613,,0.719443,0.722327,0.721311,0.710401,0.71048,0.706951,0.695638
2011020880,2012,0.0,1,0.481897,0.534928,,0.440412,0.437749,0.441798,0.438744,0.438399,0.437782,0.455874
2011020881,2012,0.0,1,0.347278,0.352527,,0.271327,0.274237,0.270216,0.260851,0.260946,0.261872,0.270421
2011020882,2012,1.0,0,0.546985,0.546432,,0.521294,0.517885,0.522876,0.505558,0.505313,0.507039,0.515543
2011020883,2012,0.0,1,0.513872,0.46635,,0.471969,0.472514,0.472129,0.470857,0.470811,0.469301,0.449236
2011020884,2012,1.0,0,0.491024,0.494322,,0.471755,0.468366,0.469418,0.462367,0.462236,0.468381,0.459734
2011020885,2012,1.0,0,0.585197,0.607826,,0.555572,0.556803,0.555681,0.523083,0.522603,0.544444,0.565112
2011020886,2012,0.0,3,0.501082,0.525859,,0.481926,0.48208,0.482341,0.460195,0.460184,0.444092,0.479731
2011020887,2012,1.0,0,0.512919,0.560839,,0.495449,0.484601,0.492789,0.485388,0.48515,0.498918,0.503552
2011020888,2012,1.0,0,0.379698,0.355244,,0.281427,0.286297,0.280877,0.293193,0.292995,0.301934,0.279002
2011020889,2012,0.0,1,0.555626,0.526248,,0.538467,0.534261,0.536391,0.546848,0.546745,0.551705,0.518591
2011020890,2012,1.0,0,0.525037,0.456571,,0.430064,0.43686,0.431978,0.41563,0.415152,0.414034,0.418812
2011020891,2012,1.0,0,0.482122,0.423933,,0.406957,0.41599,0.406909,0.413448,0.413597,0.414162,0.389191
2011020892,2012,0.0,3,0.473811,0.442207,,0.391696,0.389327,0.392851,0.393256,0.393022,0.376,0.386458
2011020893,2012,1.0,0,0.484541,0.49288,,0.442682,0.443992,0.442957,0.428905,0.428671,0.42566,0.440167
2011020894,2012,0.0,1,0.645087,0.576149,,0.601175,0.606259,0.602381,0.589731,0.589475,0.602444,0.583783
2011020895,2012,1.0,2,0.558928,0.487492,,0.48396,0.490803,0.483126,0.486052,0.485723,0.478578,0.467444
2011020896,2012,1.0,0,0.526789,0.551981,,0.512734,0.507096,0.511687,0.506693,0.506415,0.511143,0.511536
2011020897,2012,0.0,1,0.520563,0.489731,,0.482473,0.480558,0.481749,0.500121,0.50023,0.505565,0.465895
2011020898,2012,1.0,0,0.487531,0.439227,,0.426176,0.428136,0.424554,0.418528,0.418387,0.413965,0.407833
2011020899,2012,0.0,1,0.465163,0.442198,,0.41337,0.416008,0.412175,0.416429,0.416614,0.413034,0.400012
2011020900,2012,0.0,3,0.524962,0.490414,,0.479291,0.478208,0.477224,0.46697,0.466752,0.472802,0.464303
2011020901,2012,0.0,3,0.549502,0.571982,,0.518592,0.517052,0.519192,0.514982,0.514816,0.5208,0.524634
2011020902,2012,0.0,3,0.543736,0.534871,,0.490538,0.491963,0.490244,0.482568,0.482345,0.484633,0.490725
2011020903,2012,0.0,3,0.550051,0.426402,,0.44594,0.455126,0.448777,0.42768,0.427394,0.437762,0.417554
2011020904,2012,1.0,0,0.526177,0.557418,,0.528049,0.518785,0.525605,0.539361,0.539395,0.532445,0.523684
2011020905,2012,0.0,1,0.61299,0.597311,,0.581405,0.579785,0.581001,0.570537,0.570258,0.577403,0.57842
2011020906,2012,0.0,3,0.523115,0.46788,,0.498373,0.495757,0.499354,0.483922,0.483724,0.485152,0.467176
2011020907,2012,1.0,0,0.433765,0.388984,,0.369821,0.364718,0.370129,0.364612,0.36433,0.355023,0.349888
2011020908,2012,0.0,1,0.456995,0.430377,,0.397013,0.395928,0.397102,0.414263,0.414409,0.422895,0.384503
2011020909,2012,1.0,2,0.403144,0.407772,,0.393724,0.384522,0.390717,0.399209,0.399325,0.391359,0.371318
2011020910,2012,1.0,0,0.579057,0.554084,,0.546429,0.548643,0.546085,0.53162,0.531291,0.519353,0.536282
2011020911,2012,0.0,1,0.498568,0.484785,,0.458989,0.454777,0.458652,0.457697,0.457392,0.469431,0.447894
2011020912,2012,1.0,2,0.426253,0.423826,,0.367507,0.366652,0.367137,0.355598,0.355447,0.373768,0.361882
2011020913,2012,1.0,0,0.589157,0.64402,,0.588882,0.579443,0.58786,0.575907,0.575652,0.579963,0.602201
2011020914,2012,1.0,0,0.628483,0.669379,,0.666034,0.654279,0.662566,0.660361,0.660377,0.678609,0.664077
2011020915,2012,0.0,3,0.442475,0.405916,,0.355362,0.35571,0.358782,0.327109,0.326998,0.32736,0.347694
2011020916,2012,0.0,1,0.447598,0.44417,,0.435759,0.426534,0.435703,0.427807,0.427766,0.424292,0.414421
2011020917,2012,1.0,0,0.507048,0.524441,,0.523574,0.514651,0.523022,0.526457,0.526413,0.524055,0.506269
2011020918,2012,0.0,1,0.506687,0.518227,,0.494453,0.483177,0.49508,0.485313,0.485333,0.483974,0.484865
2011020919,2012,0.0,1,0.450759,0.427887,,0.362861,0.359749,0.363069,0.344489,0.344466,0.356652,0.361393
2011020920,2012,1.0,2,0.646689,0.601418,,0.619442,0.624447,0.622464,0.632434,0.632275,0.615873,0.606234
2011020921,2012,0.0,3,0.571189,0.542892,,0.55714,0.549873,0.554623,0.538268,0.538257,0.564721,0.538257
2011020922,2012,0.0,1,0.689006,0.663064,,0.697276,0.694124,0.698112,0.699561,0.69936,0.706256,0.684252
2011020923,2012,1.0,0,0.545971,0.455265,,0.488198,0.496918,0.486993,0.478646,0.478621,0.488505,0.456311
2011020924,2012,0.0,3,0.513762,0.399821,,0.438913,0.442069,0.440954,0.430566,0.430243,0.432347,0.40072
2011020925,2012,0.0,1,0.606715,0.607707,,0.6513,0.634201,0.648949,0.67798,0.677922,0.68789,0.628199
2011020926,2012,1.0,0,0.705901,0.678978,,0.701319,0.698659,0.700582,0.703838,0.703681,0.705896,0.693996
2011020927,2012,1.0,2,0.424998,0.436764,,0.345501,0.352474,0.3467,0.339089,0.339094,0.337419,0.352641
2011020928,2012,1.0,0,0.602855,0.618067,,0.569967,0.564665,0.569167,0.553329,0.553092,0.559503,0.579448
2011020929,2012,1.0,0,0.525707,0.522614,,0.530812,0.528367,0.529801,0.527347,0.526856,0.517576,0.510932
2011020930,2012,1.0,0,0.445004,0.360541,,0.353828,0.362347,0.35184,0.359066,0.35909,0.367673,0.328973
2011020931,2012,1.0,0,0.510554,0.514536,,0.532745,0.519624,0.530865,0.545524,0.54554,0.561606,0.508231
2011020932,2012,1.0,0,0.608409,0.574352,,0.5829,0.585274,0.583132,0.560626,0.560433,0.552444,0.569602
2011020933,2012,1.0,0,0.602087,0.494629,,0.534817,0.541774,0.53516,0.530031,0.529782,0.530452,0.504983
2011020934,2012,0.0,1,0.583276,0.56904,,0.578891,0.576105,0.579521,0.564742,0.564614,0.560078,0.56377
2011020935,2012,1.0,0,0.510655,0.466214,,0.456566,0.460106,0.455468,0.448933,0.448782,0.454595,0.439183
2011020936,2012,0.0,1,0.473858,0.389229,,0.416926,0.418384,0.419894,0.38935,0.38898,0.402561,0.381034
2011020836,2012,1.0,2,0.45998,0.464902,,0.37971,0.382789,0.379548,0.377489,0.377436,0.372842,0.387205
2011020937,2012,0.0,1,0.64927,0.632308,,0.665867,0.66362,0.664726,0.650932,0.650822,0.647633,0.649503
2011020938,2012,0.0,1,0.56093,0.551052,,0.541031,0.53324,0.542595,0.550321,0.550413,0.557538,0.530794
2011020939,2012,1.0,2,0.632007,0.622474,,0.617646,0.618817,0.617573,0.602536,0.602324,0.610355,0.613222
2011020940,2012,1.0,0,0.449679,0.477553,,0.460131,0.448073,0.457873,0.446739,0.446731,0.453729,0.443744
2011020941,2012,0.0,1,0.342034,0.365997,,0.280927,0.280119,0.281414,0.285785,0.285585,0.28603,0.281282
2011020942,2012,1.0,0,0.551247,0.514827,,0.461201,0.467699,0.462957,0.447164,0.446634,0.447144,0.463758
2011020943,2012,0.0,1,0.495471,0.390534,,0.408183,0.416095,0.40728,0.40632,0.406131,0.414452,0.376892
2011020945,2012,1.0,0,0.56891,0.530963,,0.530372,0.529922,0.533324,0.512394,0.512011,0.504063,0.515838
2011020946,2012,0.0,3,0.488366,0.454899,,0.397361,0.402948,0.399943,0.398724,0.398558,0.401098,0.395722
2011020947,2012,1.0,0,0.62263,0.570343,,0.561938,0.566425,0.562762,0.532107,0.531725,0.547986,0.554903
2011020948,2012,0.0,1,0.405695,0.391503,,0.342565,0.342146,0.344945,0.326418,0.32634,0.333182,0.3326
2011020949,2012,0.0,1,0.571477,0.575625,,0.548553,0.545437,0.550326,0.552555,0.552208,0.537171,0.546382
2011020950,2012,1.0,2,0.625949,0.604038,,0.610527,0.609454,0.60901,0.590634,0.590368,0.574205,0.600657
2011020951,2012,1.0,2,0.57179,0.59683,,0.565211,0.560572,0.565364,0.549588,0.549586,0.537558,0.566106
2011020952,2012,1.0,0,0.64427,0.687978,,0.658377,0.654835,0.657374,0.640119,0.640004,0.647859,0.667634
2011020953,2012,0.0,1,0.433322,0.442727,,0.454984,0.440526,0.451596,0.454604,0.454616,0.464191,0.425515
2011020954,2012,1.0,0,0.537462,0.525407,,0.532974,0.518455,0.534039,0.526604,0.526559,0.521811,0.513958
2011020955,2012,0.0,1,0.631189,0.591544,,0.612479,0.612231,0.610994,0.613342,0.613342,0.619325,0.596964
2011020956,2012,0.0,1,0.597641,0.624118,,0.571299,0.568467,0.569673,0.576653,0.576511,0.566929,0.582691
2011020957,2012,1.0,0,0.591627,0.546013,,0.562091,0.556806,0.564366,0.544602,0.544201,0.556359,0.543597
2011020958,2012,0.0,1,0.619582,0.625168,,0.611198,0.606836,0.614702,0.606352,0.605986,0.604667,0.609682
2011020959,2012,0.0,1,0.554916,0.526122,,0.524825,0.527161,0.524581,0.513069,0.513009,0.521255,0.509674
2011020960,2012,0.0,1,0.514544,0.508478,,0.522263,0.508325,0.519734,0.536491,0.536421,0.540878,0.499086
2011020961,2012,1.0,2,0.43694,0.413924,,0.358045,0.358442,0.3598,0.345439,0.34511,0.355813,0.352335
2011020962,2012,1.0,0,0.70291,0.697462,,0.741762,0.723576,0.739594,0.726652,0.726329,0.727616,0.727937
2011020963,2012,0.0,1,0.47138,0.445465,,0.430379,0.425009,0.429407,0.435092,0.435084,0.418656,0.412435
2011020964,2012,1.0,0,0.552005,0.627741,,0.565525,0.551727,0.564432,0.569072,0.569085,0.555943,0.578759
2011020965,2012,0.0,1,0.707968,0.724424,,0.726436,0.723212,0.7249,0.710366,0.710247,0.710434,0.728871
2011020966,2012,0.0,1,0.562353,0.510349,,0.499597,0.505212,0.497638,0.488966,0.488728,0.512924,0.487122
2011020967,2012,0.0,3,0.538098,0.542001,,0.585029,0.570451,0.581008,0.577426,0.577567,0.575505,0.554798
2011020968,2012,0.0,1,0.440508,0.492352,,0.381247,0.383689,0.379282,0.384873,0.384554,0.381683,0.398356
2011020969,2012,0.0,1,0.677503,0.647488,,0.654399,0.656234,0.653355,0.656824,0.656676,0.661656,0.649349
2011020970,2012,0.0,1,0.447725,0.435748,,0.364759,0.367047,0.366298,0.363627,0.363691,0.360788,0.365581
2011020971,2012,0.0,1,0.677499,0.643348,,0.657159,0.654587,0.658313,0.65986,0.659503,0.659739,0.649437
2011020972,2012,1.0,0,0.568783,0.545476,,0.55107,0.552293,0.551162,0.537432,0.537409,0.541961,0.535291
2011020973,2012,0.0,1,0.528824,0.532203,,0.479442,0.47773,0.483045,0.473006,0.472808,0.475079,0.481858
2011020974,2012,1.0,0,0.457925,0.4065,,0.400717,0.4057,0.400229,0.414816,0.414726,0.402372,0.377288
2011020975,2012,1.0,0,0.540404,0.465147,,0.492059,0.49607,0.49343,0.48007,0.480046,0.485018,0.462668
2011020976,2012,0.0,1,0.62067,0.608273,,0.642567,0.637953,0.640183,0.64009,0.640001,0.646403,0.623192
2011020977,2012,1.0,0,0.499976,0.505349,,0.467371,0.473345,0.467083,0.451023,0.450828,0.439935,0.461809
2011020978,2012,0.0,3,0.535152,0.468245,,0.501035,0.501693,0.501355,0.484412,0.484128,0.482311,0.469514
2011020979,2012,0.0,1,0.528481,0.484484,,0.459371,0.460782,0.460719,0.464049,0.463959,0.453684,0.449185
2011020980,2012,0.0,1,0.530854,0.466443,,0.468694,0.476525,0.471625,0.46464,0.464441,0.47487,0.447839
2011020981,2012,1.0,0,0.602703,0.582189,,0.606456,0.599936,0.604582,0.591179,0.591067,0.593272,0.588006
2011020982,2012,1.0,0,0.512677,0.533313,,0.476654,0.469978,0.478185,0.48289,0.48284,0.469861,0.479882
2011020983,2012,1.0,0,0.623578,0.648761,,0.647611,0.64396,0.648174,0.643407,0.642847,0.642128,0.643327
2011020984,2012,0.0,1,0.422797,0.410435,,0.378006,0.372833,0.380584,0.381259,0.38113,0.365623,0.363172
2011020985,2012,1.0,0,0.484887,0.518844,,0.454709,0.444689,0.453959,0.451357,0.450995,0.449391,0.458612
2011020986,2012,1.0,0,0.478603,0.477771,,0.450958,0.449015,0.451705,0.448721,0.448592,0.457069,0.439078
2011020987,2012,0.0,3,0.596125,0.599363,,0.550964,0.552365,0.551252,0.545829,0.545645,0.543043,0.558976
2011020988,2012,1.0,0,0.435059,0.417248,,0.389338,0.386824,0.390286,0.376242,0.376106,0.372706,0.373541
2011020989,2012,0.0,1,0.537644,0.478087,,0.447331,0.459287,0.449538,0.45528,0.454914,0.459773,0.439175
2011020990,2012,1.0,0,0.582325,0.582196,,0.630124,0.620886,0.626647,0.641034,0.641103,0.636964,0.602805
2011020991,2012,0.0,1,0.596793,0.49365,,0.537084,0.543701,0.538274,0.530718,0.530447,0.533229,0.50583
2011020992,2012,1.0,0,0.579339,0.602943,,0.569078,0.563396,0.56776,0.567033,0.566905,0.566329,0.571491
2011020993,2012,1.0,0,0.570372,0.514939,,0.539198,0.538435,0.54201,0.519819,0.519437,0.522788,0.514961
2011020994,2012,0.0,1,0.653091,0.616845,,0.64152,0.63732,0.640713,0.628193,0.627979,0.639375,0.627311
2011020995,2012,0.0,3,0.675366,0.660375,,0.651911,0.652281,0.653923,0.655704,0.655381,0.672066,0.653018
2011020996,2012,1.0,2,0.572656,0.54363,,0.526668,0.527286,0.525343,0.51376,0.513738,0.518198,0.518872
2011020997,2012,1.0,0,0.65922,0.602378,,0.665627,0.659703,0.662262,0.650061,0.649837,0.671454,0.63768
2011020998,2012,1.0,0,0.648725,0.669347,,0.642268,0.642185,0.644025,0.638306,0.63793,0.648253,0.649553
2011020999,2012,1.0,0,0.638793,0.657915,,0.610067,0.607463,0.610782,0.616233,0.616081,0.622923,0.623696
2011021000,2012,1.0,0,0.634836,0.597883,,0.61677,0.614887,0.616901,0.619042,0.618926,0.630464,0.602539
2011021001,2012,1.0,2,0.581759,0.613725,,0.592988,0.582654,0.592335,0.560963,0.560929,0.56923,0.591587
2011021002,2012,1.0,0,0.433456,0.398823,,0.359163,0.361237,0.360305,0.358965,0.358745,0.361026,0.347015
2011021003,2012,1.0,0,0.470469,0.52087,,0.481829,0.464852,0.480434,0.473096,0.472858,0.479726,0.47639
2011021004,2012,1.0,0,0.634362,0.583009,,0.603134,0.607005,0.601249,0.611171,0.611139,0.611043,0.587454
2011021005,2012,1.0,0,0.638968,0.541749,,0.584136,0.592237,0.587109,0.571661,0.571382,0.58758,0.558181
2011021006,2012,1.0,2,0.524654,0.489525,,0.480684,0.48122,0.479092,0.456671,0.456565,0.459234,0.46482
2011021007,2012,0.0,3,0.633978,0.663872,,0.651047,0.639832,0.648894,0.639596,0.639377,0.64936,0.652293
2011021008,2012,0.0,1,0.504728,0.490436,,0.497033,0.492367,0.498994,0.479475,0.479302,0.462183,0.474935
2011021009,2012,1.0,0,0.68721,0.641311,,0.681021,0.680762,0.681718,0.675989,0.675656,0.679069,0.664688
2011021010,2012,1.0,2,0.673211,0.644934,,0.689311,0.678142,0.68763,0.677482,0.677295,0.689621,0.671081
2011021011,2012,1.0,0,0.636093,0.595305,,0.579215,0.57966,0.577303,0.567309,0.567112,0.566794,0.577108
2011021012,2012,1.0,0,0.514228,0.536027,,0.43782,0.435341,0.438032,0.421577,0.421371,0.430522,0.455909
2011021013,2012,1.0,0,0.57918,0.507185,,0.53349,0.538105,0.535326,0.509799,0.509514,0.524864,0.508397
2011021014,2012,0.0,1,0.636266,0.624679,,0.616305,0.617671,0.614819,0.611615,0.611219,0.623114,0.613449
2011021015,2012,1.0,2,0.603803,0.585509,,0.602732,0.598592,0.599651,0.602988,0.60287,0.614399,0.586986
2011021016,2012,0.0,3,0.463575,0.467301,,0.408702,0.402153,0.41111,0.402732,0.402641,0.400717,0.407068
2011021017,2012,0.0,3,0.569441,0.578438,,0.530326,0.525784,0.530166,0.534958,0.534651,0.546004,0.535727
2011021018,2012,0.0,1,0.448779,0.415626,,0.41085,0.413551,0.409856,0.422254,0.422136,0.411544,0.387043
2011021019,2012,0.0,1,0.557646,0.513699,,0.458431,0.466615,0.461014,0.465173,0.46494,0.461203,0.461757
2011021020,2012,1.0,0,0.711587,0.691563,,0.720249,0.71806,0.718018,0.720955,0.720832,0.715469,0.711696
2011021021,2012,1.0,0,0.508096,0.436871,,0.480657,0.478787,0.481766,0.456941,0.456681,0.467883,0.442361
2011021022,2012,1.0,0,0.576017,0.519294,,0.537494,0.537596,0.537313,0.517977,0.517677,0.522361,0.51589
2011021023,2012,1.0,0,0.521996,0.503097,,0.481564,0.481235,0.479146,0.465861,0.46566,0.458643,0.47089
2011021024,2012,0.0,1,0.682679,0.645844,,0.67879,0.672362,0.680057,0.665876,0.665494,0.664248,0.664856
2011021025,2012,1.0,0,0.604361,0.572858,,0.593293,0.593332,0.591811,0.575767,0.575663,0.570957,0.575597
2011021026,2012,1.0,0,0.526974,0.526824,,0.449641,0.457615,0.452892,0.456411,0.456258,0.445057,0.460278
2011021027,2012,0.0,1,0.371466,0.353598,,0.280862,0.282311,0.28283,0.268222,0.267966,0.272917,0.277761
2011021028,2012,0.0,1,0.489312,0.479426,,0.425011,0.426845,0.423312,0.438161,0.438098,0.427917,0.423474
2011021029,2012,1.0,0,0.537013,0.548165,,0.491536,0.484425,0.491315,0.491212,0.491221,0.494896,0.496656
2011021030,2012,1.0,2,0.684628,0.636953,,0.668517,0.671255,0.66897,0.650592,0.650419,0.66083,0.654563
2011021031,2012,0.0,3,0.576474,0.512173,,0.449674,0.46303,0.45105,0.432467,0.432268,0.439957,0.456216
2011021032,2012,1.0,0,0.536352,0.486798,,0.511728,0.504092,0.511327,0.515777,0.515823,0.517853,0.484148
2011021033,2012,1.0,2,0.565566,0.534888,,0.587518,0.58232,0.586632,0.577131,0.576927,0.583023,0.554584
2011021034,2012,1.0,2,0.531643,0.498419,,0.501064,0.498673,0.499091,0.493973,0.493862,0.501798,0.481901
2011021035,2012,0.0,1,0.428096,0.379856,,0.37217,0.373519,0.37168,0.360757,0.360916,0.351514,0.347522
2011021036,2012,0.0,3,0.497046,0.530492,,0.479546,0.469621,0.477468,0.478806,0.478679,0.46454,0.47996
2011021037,2012,0.0,3,0.461487,0.400044,,0.407294,0.406214,0.406019,0.395243,0.394977,0.394168,0.37895
2011021038,2012,1.0,0,0.654393,0.609903,,0.568524,0.581421,0.571521,0.555412,0.555078,0.553693,0.577163
2011021039,2012,1.0,0,0.552507,0.50535,,0.535403,0.538655,0.535089,0.5264,0.5262,0.521239,0.507805
2011021040,2012,1.0,0,0.428505,0.362085,,0.34868,0.353744,0.350447,0.376442,0.376586,0.387368,0.325789
2011021041,2012,1.0,0,0.547347,0.505468,,0.489582,0.492549,0.48892,0.493714,0.493381,0.493019,0.478041
2011021042,2012,0.0,1,0.456297,0.406454,,0.396647,0.401482,0.395601,0.402479,0.402258,0.402803,0.374638
2011021043,2012,1.0,2,0.497021,0.471194,,0.395993,0.399547,0.39837,0.366036,0.365693,0.3794,0.401685
2011021044,2012,1.0,2,0.510135,0.402088,,0.447068,0.450643,0.446521,0.42005,0.419906,0.441304,0.406661
2011021045,2012,1.0,0,0.463492,0.456685,,0.443166,0.434935,0.443067,0.44415,0.44414,0.440263,0.424873
2011021046,2012,0.0,3,0.571885,0.558137,,0.532955,0.535702,0.533774,0.513569,0.513481,0.514167,0.528973
2011021047,2012,1.0,2,0.519682,0.500727,,0.497673,0.498592,0.496099,0.484506,0.484369,0.477021,0.480199
2011021048,2012,1.0,0,0.480208,0.491156,,0.456864,0.447273,0.455629,0.455687,0.455791,0.453666,0.448426
2011021049,2012,1.0,0,0.552249,0.509264,,0.531493,0.529066,0.529885,0.53938,0.539295,0.519575,0.506883
2011021050,2012,0.0,1,0.634179,0.608906,,0.644351,0.637043,0.646166,0.622526,0.622262,0.621888,0.625164
2011021051,2012,1.0,0,0.437161,0.415182,,0.394038,0.386444,0.393717,0.396866,0.396873,0.407144,0.375777
2011021052,2012,1.0,2,0.608708,0.593342,,0.57724,0.575983,0.579624,0.593619,0.593619,0.598334,0.573882
2011021053,2012,0.0,1,0.426268,0.408086,,0.368776,0.367205,0.367455,0.355592,0.355456,0.358049,0.356505
2011021054,2012,0.0,1,0.542039,0.47982,,0.421083,0.434096,0.423418,0.400333,0.400026,0.40423,0.423132
2011021055,2012,1.0,0,0.423939,0.422986,,0.406283,0.401016,0.405698,0.398255,0.398131,0.405969,0.386179
2011021056,2012,0.0,1,0.576936,0.484259,,0.517407,0.516658,0.515705,0.520688,0.520358,0.537476,0.488383
2011021057,2012,1.0,0,0.427241,0.375296,,0.363113,0.361784,0.362689,0.367189,0.367143,0.368786,0.340001
2011021058,2012,1.0,0,0.53152,0.466108,,0.499499,0.499272,0.499594,0.484675,0.484428,0.504436,0.467496
2011021059,2012,1.0,2,0.510649,0.58475,,0.509349,0.498637,0.510141,0.514946,0.514806,0.51125,0.522559
2011021060,2012,1.0,2,0.574767,0.577823,,0.540072,0.537096,0.542259,0.540069,0.539883,0.544097,0.541965
2011021061,2012,1.0,0,0.492909,0.483365,,0.459917,0.448853,0.457393,0.461032,0.460903,0.455195,0.447686
2011021062,2012,0.0,1,0.527896,0.499064,,0.479481,0.47619,0.481412,0.481042,0.480849,0.489104,0.468114
2011021063,2012,1.0,0,0.459702,0.506229,,0.441987,0.433903,0.442404,0.446723,0.446846,0.426793,0.444213
2011021064,2012,0.0,1,0.518747,0.51089,,0.482119,0.480598,0.482431,0.487622,0.487696,0.480949,0.474344
2011021065,2012,1.0,2,0.569613,0.591531,,0.535808,0.536447,0.535089,0.5274,0.527037,0.529933,0.544823
2011021066,2012,0.0,1,0.496778,0.487281,,0.441496,0.439765,0.442445,0.442443,0.4424,0.43869,0.437589
2011021067,2012,0.0,1,0.508718,0.47585,,0.443133,0.444932,0.443917,0.446947,0.446822,0.447826,0.434435
2011021068,2012,0.0,3,0.601325,0.565303,,0.53108,0.531132,0.53023,0.529689,0.529445,0.535526,0.531963
2011021069,2012,0.0,1,0.599689,0.582384,,0.576655,0.569101,0.573153,0.571939,0.571727,0.583756,0.568542
2011021070,2012,0.0,1,0.643094,0.603233,,0.594707,0.602803,0.59839,0.580783,0.580612,0.590073,0.590751
2011021071,2012,0.0,1,0.437046,0.409307,,0.358768,0.361216,0.360247,0.356978,0.356778,0.349015,0.350998
2011021072,2012,1.0,2,0.523153,0.51724,,0.468564,0.466984,0.469495,0.476273,0.475836,0.47697,0.468402
2011021073,2012,1.0,0,0.728088,0.69544,,0.753795,0.747183,0.75365,0.738311,0.737986,0.736379,0.736196
2011021074,2012,1.0,0,0.511219,0.585225,,0.505036,0.494166,0.504551,0.511324,0.511123,0.502327,0.520004
2011021075,2012,1.0,2,0.49462,0.502809,,0.477473,0.469106,0.476847,0.489493,0.489226,0.497602,0.467059
2011021076,2012,1.0,2,0.501417,0.453252,,0.441478,0.444851,0.443793,0.436601,0.436433,0.433776,0.423856
2011021077,2012,1.0,0,0.58168,0.557849,,0.554588,0.54832,0.551448,0.534429,0.534053,0.534855,0.543248
2011021078,2012,0.0,3,0.645709,0.558796,,0.625818,0.622516,0.62481,0.616103,0.615764,0.630553,0.592958
2011021079,2012,0.0,3,0.457209,0.428953,,0.409188,0.404575,0.408382,0.405061,0.404893,0.403193,0.391697
2011021080,2012,0.0,1,0.474349,0.541687,,0.474827,0.461411,0.47468,0.485314,0.485437,0.479234,0.480679
2011021081,2012,0.0,1,0.54248,0.570139,,0.503466,0.497785,0.50334,0.496378,0.49635,0.495279,0.51382
2011021082,2012,1.0,0,0.65899,0.655871,,0.662657,0.659979,0.659991,0.644224,0.643788,0.64899,0.657442
2011021083,2012,1.0,0,0.581389,0.553048,,0.546069,0.550731,0.546922,0.522624,0.522267,0.518678,0.535711
2011021084,2012,0.0,1,0.527538,0.5043,,0.468906,0.46924,0.469974,0.471877,0.47152,0.467198,0.463449
2011021085,2012,0.0,1,0.625001,0.620295,,0.600169,0.593184,0.597457,0.576233,0.575899,0.581432,0.60072
2011021086,2012,1.0,0,0.376093,0.331841,,0.274204,0.28158,0.274423,0.275164,0.274985,0.273352,0.265742
2011021087,2012,0.0,1,0.603143,0.613859,,0.610399,0.606076,0.611488,0.606618,0.606444,0.611299,0.603763
2011021088,2012,0.0,1,0.577389,0.564953,,0.516004,0.523619,0.520545,0.534295,0.534138,0.533707,0.521115
2011021089,2012,0.0,1,0.632418,0.580596,,0.610255,0.608273,0.609926,0.615366,0.615264,0.614531,0.591041
2011021090,2012,1.0,0,0.676337,0.658302,,0.682392,0.683504,0.681713,0.683325,0.683406,0.686798,0.672022
2011021091,2012,0.0,1,0.40189,0.376254,,0.328591,0.325942,0.330131,0.352868,0.352883,0.346796,0.317715
2011021092,2012,0.0,1,0.520078,0.534206,,0.504167,0.500506,0.502251,0.490802,0.490505,0.498269,0.498309
2011021093,2012,0.0,1,0.69348,0.633775,,0.678016,0.684164,0.678488,0.656563,0.656302,0.6623,0.659928
2011021094,2012,1.0,2,0.548682,0.509847,,0.507777,0.503528,0.508756,0.499483,0.499411,0.500054,0.491647
2011021095,2012,1.0,2,0.536002,0.536864,,0.506204,0.503803,0.504756,0.513649,0.513691,0.506579,0.501363
2011021096,2012,1.0,0,0.552416,0.525548,,0.542378,0.538343,0.541291,0.522312,0.522191,0.518741,0.52071
2011021097,2012,1.0,0,0.57488,0.603024,,0.542579,0.543793,0.543838,0.525661,0.525356,0.537183,0.554296
2011021098,2012,1.0,0,0.554951,0.527411,,0.576631,0.567943,0.574007,0.55839,0.558251,0.560499,0.543926
2011021099,2012,1.0,2,0.536367,0.476646,,0.531666,0.528412,0.531465,0.542885,0.542974,0.545094,0.492824
2011021100,2012,1.0,2,0.516881,0.496552,,0.437905,0.446739,0.438473,0.44441,0.444337,0.445195,0.439843
2011021101,2012,1.0,0,0.453455,0.471492,,0.432045,0.42559,0.434597,0.415226,0.41509,0.412357,0.423392
2011021102,2012,1.0,2,0.580631,0.569471,,0.566156,0.558794,0.563997,0.566281,0.566062,0.560114,0.555564
2011021103,2012,1.0,0,0.588304,0.622462,,0.588009,0.579538,0.586532,0.59059,0.590637,0.596101,0.592342
2011021104,2012,1.0,2,0.583267,0.565469,,0.539059,0.539506,0.539016,0.544014,0.543736,0.542938,0.536451
2011021105,2012,1.0,2,0.485629,0.47954,,0.432355,0.435676,0.432836,0.43427,0.434179,0.42513,0.428111
2011021106,2012,0.0,1,0.47695,0.461973,,0.421908,0.418243,0.422335,0.405636,0.40557,0.413007,0.413926
2011021107,2012,1.0,0,0.57827,0.580619,,0.553011,0.553977,0.552649,0.54643,0.546347,0.550812,0.551638
2011021108,2012,1.0,2,0.506591,0.516262,,0.497429,0.48976,0.499119,0.48193,0.481715,0.48627,0.485965
2011021109,2012,1.0,0,0.49782,0.494489,,0.453501,0.448064,0.458462,0.458484,0.458247,0.445732,0.448317
2011021110,2012,0.0,3,0.632685,0.612742,,0.661693,0.648744,0.659403,0.637757,0.637539,0.639283,0.638159
2011021111,2012,0.0,1,0.618327,0.581535,,0.579473,0.584436,0.58242,0.579879,0.579666,0.574825,0.570773
2011021112,2012,0.0,3,0.606483,0.561246,,0.56271,0.571783,0.565405,0.561106,0.560906,0.557211,0.550941
2011021113,2012,1.0,0,0.468307,0.462674,,0.372067,0.374075,0.373629,0.375035,0.374898,0.37464,0.38166
2011021114,2012,1.0,0,0.520741,0.450685,,0.474415,0.474585,0.473469,0.458438,0.458233,0.462343,0.444599
2011021115,2012,0.0,3,0.593825,0.593027,,0.556265,0.558247,0.557484,0.553536,0.553306,0.554573,0.559605
2011021116,2012,1.0,0,0.573613,0.566268,,0.540745,0.538009,0.542091,0.54068,0.540524,0.53795,0.537488
2011021117,2012,0.0,1,0.516549,0.510122,,0.512346,0.499802,0.511728,0.515988,0.515811,0.503568,0.493437
2011021118,2012,1.0,0,0.625805,0.62886,,0.637207,0.629513,0.634559,0.635646,0.635601,0.641893,0.628357
2011021119,2012,0.0,3,0.437674,0.411912,,0.374242,0.375738,0.375448,0.358941,0.358748,0.352094,0.361916
2011021120,2012,1.0,0,0.434542,0.454246,,0.375044,0.372588,0.374749,0.398821,0.398592,0.380103,0.379008
2011021121,2012,1.0,0,0.625882,0.618692,,0.644258,0.640908,0.644979,0.642962,0.642813,0.644554,0.62878
2011021122,2012,1.0,0,0.577506,0.525405,,0.494217,0.500306,0.496471,0.489612,0.489323,0.495418,0.490512
2011021123,2012,1.0,0,0.652506,0.657231,,0.571338,0.577371,0.574246,0.559288,0.558823,0.559671,0.599382
2011021124,2012,1.0,0,0.640657,0.575176,,0.610715,0.617955,0.611248,0.59325,0.592987,0.600187,0.589453
2011021125,2012,0.0,3,0.439596,0.436662,,0.396106,0.390458,0.393669,0.40319,0.403265,0.397762,0.385781
2011021126,2012,1.0,2,0.566375,0.592749,,0.556831,0.55162,0.562081,0.54658,0.546363,0.55103,0.558756
2011021127,2012,0.0,1,0.529715,0.532936,,0.484919,0.481245,0.484773,0.478646,0.478468,0.488229,0.485735
2011021128,2012,1.0,0,0.631379,0.616876,,0.613754,0.610455,0.615352,0.601634,0.60164,0.601635,0.608329
2011021129,2012,0.0,3,0.582227,0.54506,,0.533243,0.537572,0.536376,0.538909,0.538737,0.546378,0.524107
2011021130,2012,1.0,0,0.617127,0.57951,,0.62197,0.618781,0.619703,0.614295,0.614096,0.596552,0.597684
2011021131,2012,0.0,1,0.553104,0.560491,,0.510832,0.503751,0.510099,0.506523,0.506467,0.506132,0.514926
2011021132,2012,0.0,1,0.462124,0.440138,,0.462098,0.449675,0.462128,0.468056,0.46822,0.47129,0.430101
2011021133,2012,0.0,1,0.480834,0.430073,,0.371968,0.381102,0.373797,0.352637,0.352215,0.356351,0.369222
2011021134,2012,0.0,1,0.638501,0.64902,,0.666925,0.660865,0.66571,0.664487,0.664279,0.667307,0.656604
2011021135,2012,1.0,0,0.717544,0.724287,,0.715542,0.710131,0.716168,0.682879,0.682345,0.67826,0.72222
2011021136,2012,0.0,1,0.511102,0.487694,,0.482749,0.477392,0.481498,0.462635,0.462439,0.461757,0.464859
2011021137,2012,1.0,0,0.516606,0.501739,,0.494283,0.492647,0.493302,0.489149,0.488813,0.488409,0.478311
2011021138,2012,1.0,0,0.604777,0.531774,,0.533148,0.54093,0.534665,0.513489,0.513264,0.51556,0.519431
2011021139,2012,1.0,0,0.603834,0.634801,,0.596493,0.597269,0.601529,0.582347,0.582008,0.590476,0.603678
2011021140,2012,1.0,0,0.659831,0.68935,,0.70771,0.697952,0.705866,0.672681,0.672287,0.67239,0.70061
2011021141,2012,0.0,1,0.527737,0.518231,,0.440371,0.447781,0.444513,0.443527,0.443354,0.43126,0.450754
2011021142,2012,1.0,2,0.521448,0.526028,,0.513621,0.502577,0.515734,0.526106,0.526006,0.529365,0.501063
2011021143,2012,0.0,1,0.704942,0.666062,,0.706278,0.705109,0.707586,0.705954,0.705789,0.707864,0.692048
2011021144,2012,0.0,1,0.553541,0.504886,,0.50457,0.508067,0.508348,0.510507,0.510319,0.502666,0.487712
2011021145,2012,0.0,3,0.558727,0.500117,,0.532672,0.528285,0.528047,0.520733,0.520653,0.527088,0.504111
2011021146,2012,1.0,0,0.570737,0.588912,,0.55957,0.550939,0.558726,0.573737,0.57383,0.561811,0.559073
2011021147,2012,0.0,1,0.408159,0.398521,,0.338533,0.339378,0.338048,0.332219,0.332051,0.322353,0.332821
2011021148,2012,0.0,1,0.435119,0.463687,,0.42352,0.408603,0.419623,0.408933,0.40914,0.39727,0.41404
2011021149,2012,1.0,0,0.363103,0.310206,,0.322903,0.323267,0.324021,0.339328,0.339413,0.336143,0.287133
2011021150,2012,0.0,1,0.501064,0.439725,,0.42742,0.433804,0.428592,0.417194,0.41685,0.424483,0.409345
2011021151,2012,0.0,1,0.467854,0.44618,,0.42961,0.426924,0.428584,0.434611,0.434537,0.43217,0.412099
2011021152,2012,1.0,0,0.667495,0.61886,,0.643455,0.647104,0.645386,0.63271,0.632436,0.639788,0.629999
2011021153,2012,1.0,0,0.502908,0.449202,,0.456127,0.452319,0.455113,0.457544,0.457523,0.445929,0.431611
2011021154,2012,0.0,3,0.628569,0.622303,,0.61334,0.612609,0.60976,0.59704,0.596621,0.602507,0.610223
2011021155,2012,0.0,1,0.443364,0.416062,,0.388827,0.386949,0.391879,0.391576,0.391517,0.394105,0.373053
2011021156,2012,1.0,0,0.609382,0.652793,,0.63055,0.618732,0.63057,0.630512,0.630434,0.637368,0.633454
2011021157,2012,1.0,0,0.398782,0.369954,,0.332419,0.333115,0.33095,0.341228,0.341042,0.340667,0.317602
2011021158,2012,1.0,2,0.507779,0.464054,,0.450491,0.451366,0.448922,0.451593,0.451416,0.449019,0.434293
2011021159,2012,1.0,2,0.507181,0.50306,,0.427051,0.43065,0.428017,0.414842,0.414669,0.418285,0.435098
2011021160,2012,1.0,0,0.521614,0.451486,,0.47295,0.47419,0.470115,0.462152,0.462069,0.452317,0.444028
2011021161,2012,1.0,0,0.65296,0.639671,,0.625206,0.630494,0.628672,0.613913,0.613551,0.622446,0.626182
2011021162,2012,0.0,3,0.577839,0.502808,,0.547569,0.548121,0.548897,0.552233,0.552082,0.571221,0.515672
2011021163,2012,1.0,0,0.491458,0.446219,,0.458576,0.453304,0.456456,0.450989,0.450972,0.464138,0.431503
2011021164,2012,0.0,1,0.481808,0.437459,,0.436922,0.435744,0.435968,0.435868,0.435784,0.454387,0.413738
2011021165,2012,0.0,1,0.567261,0.619118,,0.553792,0.54056,0.552834,0.531876,0.531388,0.530584,0.56811
2011021166,2012,0.0,1,0.55995,0.518358,,0.522864,0.523472,0.524659,0.523781,0.523563,0.527444,0.50538
2011021167,2012,0.0,1,0.436457,0.379938,,0.340403,0.344855,0.342308,0.322887,0.322762,0.317797,0.327849
2011021168,2012,1.0,0,0.626892,0.580569,,0.616218,0.616798,0.614291,0.611299,0.611093,0.608466,0.594722
2011021169,2012,0.0,1,0.413643,0.37026,,0.367514,0.365374,0.365648,0.382269,0.382341,0.39069,0.340251
2011021170,2012,0.0,3,0.603152,0.595836,,0.570484,0.574695,0.570866,0.5651,0.564851,0.561669,0.570342
2011021171,2012,1.0,0,0.469291,0.452518,,0.407479,0.411325,0.412866,0.425843,0.425701,0.412774,0.400553
2011021172,2012,1.0,2,0.599671,0.599405,,0.61316,0.610548,0.616581,0.596227,0.596008,0.598598,0.5994
2011021173,2012,0.0,1,0.493567,0.419447,,0.44142,0.44246,0.439765,0.430053,0.429831,0.414923,0.409651
2011021174,2012,1.0,2,0.559929,0.439924,,0.46168,0.46899,0.463725,0.448628,0.448251,0.468882,0.433548
2011021175,2012,0.0,1,0.717579,0.693713,,0.748109,0.741918,0.745884,0.742736,0.742566,0.739126,0.731297
2011021176,2012,0.0,1,0.566264,0.494955,,0.526286,0.529802,0.528445,0.530083,0.529873,0.531604,0.498134
2011021177,2012,1.0,2,0.426941,0.349768,,0.331647,0.340162,0.333569,0.317181,0.316829,0.318563,0.310275
2011021178,2012,1.0,0,0.563823,0.528154,,0.533994,0.53673,0.532503,0.538137,0.537818,0.526533,0.516812
2011021179,2012,1.0,2,0.671941,0.618476,,0.643208,0.642113,0.643864,0.619799,0.619548,0.632726,0.629864
2011021180,2012,1.0,0,0.564357,0.59727,,0.552267,0.552621,0.554494,0.554784,0.554481,0.552102,0.557654
2011021181,2012,0.0,1,0.487234,0.4631,,0.437287,0.437264,0.435291,0.442607,0.442443,0.441921,0.424647
2011021182,2012,0.0,1,0.53709,0.487208,,0.48422,0.487563,0.486558,0.490043,0.489999,0.501402,0.466628
2011021183,2012,1.0,2,0.662691,0.654724,,0.661873,0.649272,0.657825,0.6388,0.638392,0.644844,0.656605
2011021184,2012,0.0,3,0.67232,0.6816,,0.686665,0.678098,0.682602,0.670826,0.670581,0.662511,0.684197
2011021185,2012,0.0,1,0.590001,0.567707,,0.584433,0.577282,0.583075,0.566952,0.566899,0.571998,0.567098
2011021186,2012,0.0,1,0.615309,0.638619,,0.619559,0.61465,0.620658,0.623691,0.62355,0.623716,0.620592
2011021187,2012,1.0,0,0.501273,0.433896,,0.440266,0.440854,0.437563,0.430868,0.430618,0.424502,0.415152
2011021188,2012,1.0,0,0.661532,0.707782,,0.719341,0.710113,0.717725,0.713566,0.71352,0.717539,0.715768
2011021189,2012,0.0,1,0.55581,0.519393,,0.493154,0.496545,0.494593,0.481529,0.481095,0.486047,0.486456
2011021190,2012,1.0,2,0.622526,0.612855,,0.650461,0.637493,0.64436,0.624373,0.624311,0.637494,0.630352
2011021191,2012,1.0,0,0.647906,0.650057,,0.640057,0.636474,0.644836,0.637482,0.637117,0.631619,0.639933
2011021192,2012,0.0,1,0.535255,0.535726,,0.511316,0.503706,0.50711,0.506536,0.506417,0.513624,0.50416
2011021193,2012,0.0,1,0.595749,0.604773,,0.561259,0.560067,0.5609,0.553788,0.553719,0.558628,0.567888
2011021194,2012,0.0,3,0.552495,0.530815,,0.491946,0.499388,0.494617,0.487072,0.486685,0.494575,0.490293
2011021195,2012,1.0,2,0.676796,0.655988,,0.686992,0.679176,0.685118,0.673121,0.672806,0.675678,0.674129
2011021196,2012,0.0,1,0.525778,0.446322,,0.447112,0.450586,0.446601,0.444487,0.444246,0.443753,0.425557
2011021197,2012,1.0,2,0.662948,0.577098,,0.620185,0.626159,0.620264,0.613175,0.612827,0.622717,0.597409
2011021198,2012,1.0,0,0.645094,0.605802,,0.614825,0.61614,0.615982,0.620133,0.619792,0.602662,0.60497
2011021199,2012,1.0,0,0.539356,0.551115,,0.487032,0.48582,0.485873,0.49124,0.491199,0.491568,0.495076
2011021200,2012,0.0,3,0.556527,0.506082,,0.541442,0.541102,0.541759,0.549188,0.549142,0.538484,0.512189
2011021201,2012,1.0,2,0.521567,0.52654,,0.470368,0.472948,0.474124,0.483318,0.483161,0.489209,0.473357
2011021202,2012,1.0,0,0.529715,0.488098,,0.461065,0.466968,0.459995,0.473654,0.473501,0.480891,0.451809
2011021203,2012,1.0,0,0.588136,0.581328,,0.552407,0.554371,0.553267,0.559219,0.558942,0.550595,0.551943
2011021204,2012,1.0,0,0.564286,0.583042,,0.619294,0.604119,0.614575,0.613865,0.613759,0.600794,0.59529
2011021205,2012,1.0,0,0.609018,0.574244,,0.589333,0.588007,0.590431,0.58915,0.589007,0.595765,0.573774
2011021206,2012,1.0,2,0.555534,0.51066,,0.590617,0.582622,0.590576,0.588722,0.588597,0.577766,0.546259
2011021207,2012,0.0,1,0.47148,0.469169,,0.431073,0.423045,0.429706,0.434503,0.434495,0.440799,0.422522
2011021208,2012,0.0,1,0.58629,0.587889,,0.555333,0.556587,0.552877,0.551073,0.550827,0.5515,0.556526
2011021209,2012,1.0,0,0.612254,0.580251,,0.592684,0.594641,0.590202,0.575235,0.574995,0.580039,0.578585
2011021210,2012,1.0,2,0.428266,0.380299,,0.323334,0.335051,0.328551,0.334543,0.334366,0.339462,0.316844
2011021211,2012,0.0,1,0.612918,0.580934,,0.58366,0.584226,0.583978,0.583806,0.583665,0.583672,0.573021
2011021212,2012,1.0,0,0.416648,0.39763,,0.358914,0.353887,0.358459,0.36883,0.368719,0.350946,0.345774
2011021213,2012,0.0,3,0.489833,0.421891,,0.414117,0.416841,0.413183,0.420801,0.420632,0.418574,0.393203
2011021214,2012,0.0,3,0.556188,0.565775,,0.565246,0.559867,0.563573,0.559954,0.560093,0.550804,0.552458
2011021215,2012,0.0,1,0.60726,0.626458,,0.606815,0.602585,0.607639,0.598403,0.59845,0.61016,0.606906
2011021216,2012,1.0,2,0.627555,0.595154,,0.59004,0.592192,0.591682,0.577466,0.57707,0.57701,0.583701
2011021217,2012,1.0,0,0.589758,0.547664,,0.523046,0.52698,0.525851,0.518957,0.518674,0.523209,0.518908
2011021218,2012,0.0,1,0.60909,0.562642,,0.584407,0.583717,0.584553,0.571804,0.571426,0.571164,0.565751
2011021219,2012,1.0,0,0.591636,0.555005,,0.577328,0.573951,0.5783,0.566479,0.566479,0.56625,0.557258
2011021220,2012,0.0,3,0.575505,0.579444,,0.554615,0.549885,0.555712,0.564986,0.56498,0.56758,0.552068
2011021221,2012,1.0,0,0.539024,0.501065,,0.481557,0.483539,0.480504,0.487429,0.487069,0.48344,0.470718
2011021222,2012,1.0,0,0.573133,0.578983,,0.532608,0.532194,0.52773,0.511143,0.511174,0.518552,0.537576
2011021223,2012,0.0,3,0.539404,0.580501,,0.554349,0.544915,0.554766,0.542501,0.542647,0.540349,0.550913
2011021224,2012,1.0,0,0.535978,0.536776,,0.516824,0.516019,0.517964,0.515609,0.515579,0.507764,0.508185
2011021225,2012,1.0,0,0.523454,0.567526,,0.48807,0.489529,0.490478,0.484917,0.484592,0.480608,0.502024
2011021226,2012,0.0,1,0.45699,0.44389,,0.394832,0.396602,0.396562,0.385396,0.385304,0.386483,0.388511
2011021227,2012,0.0,1,0.480541,0.474056,,0.384381,0.390372,0.387133,0.370849,0.370527,0.36706,0.394652
2011021228,2012,0.0,1,0.449858,0.468509,,0.410412,0.404602,0.410831,0.413511,0.413345,0.398251,0.40813
2011021229,2012,1.0,0,0.717333,0.708099,,0.734316,0.732518,0.734198,0.717889,0.717437,0.720852,0.727745
2011021230,2012,1.0,2,0.550914,0.483883,,0.462165,0.466342,0.465289,0.442709,0.442143,0.450336,0.451617
2013020001,2014,0.0,1,0.562468,0.677505,,0.588344,0.583699,0.588921,0.589343,0.589604,0.585658,0.625485
2013020002,2014,1.0,0,0.612847,0.654643,,0.626256,0.628588,0.625374,0.630204,0.630103,0.62922,0.639443
2013020003,2014,0.0,1,0.539943,0.501174,,0.504379,0.506676,0.505301,0.498514,0.49858,0.507071,0.498088
2013020004,2014,0.0,1,0.563983,0.659646,,0.571803,0.563801,0.571719,0.56979,0.569867,0.569768,0.606578
2013020005,2014,1.0,0,0.592479,0.699334,,0.607994,0.599674,0.605382,0.582942,0.582962,0.5898,0.646178
2013020006,2014,1.0,0,0.471846,0.500358,,0.500815,0.49985,0.501714,0.515664,0.515388,0.503276,0.499777
2013020007,2014,1.0,0,0.644431,0.655429,,0.650611,0.652536,0.649624,0.649115,0.6491,0.644492,0.654888
2013020008,2014,1.0,0,0.632605,0.53814,,0.582982,0.579306,0.581846,0.585557,0.585459,0.582917,0.562305
2013020009,2014,1.0,2,0.604446,0.567682,,0.623274,0.61464,0.621909,0.615391,0.615353,0.632259,0.604625
2013020010,2014,1.0,0,0.602379,0.628256,,0.606809,0.603149,0.606413,0.607955,0.60778,0.614186,0.616077
2013020011,2014,0.0,3,0.470742,0.485624,,0.437458,0.442841,0.43696,0.433041,0.432985,0.445902,0.448893
2013020012,2014,0.0,1,0.609281,0.587082,,0.598267,0.594836,0.597788,0.618027,0.618142,0.624765,0.593621
2013020013,2014,1.0,0,0.523378,0.509843,,0.523876,0.522852,0.524571,0.527884,0.527564,0.517026,0.516461
2013020014,2014,1.0,0,0.557486,0.544357,,0.518922,0.524979,0.516737,0.519916,0.519818,0.522663,0.523959
2013020015,2014,0.0,1,0.5206,0.363377,,0.501182,0.50765,0.50202,0.501672,0.501531,0.507462,0.442886
2013020016,2014,0.0,3,0.55708,0.574919,,0.554373,0.562093,0.552534,0.565544,0.56568,0.561772,0.5611
2013020017,2014,0.0,3,0.469616,0.43104,,0.42125,0.425146,0.423363,0.429337,0.429201,0.419938,0.416571
2013020018,2014,0.0,1,0.572477,0.660069,,0.572194,0.565029,0.572373,0.576856,0.576827,0.573623,0.606473
2013020019,2014,1.0,0,0.472174,0.487115,,0.432502,0.437409,0.432157,0.430575,0.43059,0.438323,0.445808
2013020020,2014,1.0,0,0.522629,0.544201,,0.522941,0.519919,0.52306,0.507145,0.507149,0.508553,0.529098
2013020021,2014,1.0,0,0.584492,0.535321,,0.550262,0.553841,0.550963,0.548045,0.547786,0.550788,0.541029
2013020022,2014,1.0,2,0.531444,0.431151,,0.48334,0.489112,0.484557,0.472869,0.473015,0.480592,0.456596
2013020023,2014,1.0,0,0.54728,0.616057,,0.577188,0.571828,0.575847,0.592288,0.592248,0.587244,0.593973
2013020024,2014,0.0,3,0.552628,0.562285,,0.573449,0.56743,0.573835,0.563223,0.563154,0.564176,0.570124
2013020025,2014,1.0,0,0.64663,0.668731,,0.652999,0.644804,0.650933,0.649744,0.649752,0.64873,0.661587
2013020026,2014,0.0,3,0.670343,0.686597,,0.666065,0.665157,0.666169,0.658757,0.658723,0.666044,0.676209
2013020027,2014,1.0,0,0.649869,0.6381,,0.661258,0.653898,0.661129,0.663283,0.663127,0.664987,0.655534
2013020028,2014,1.0,0,0.512266,0.534158,,0.531495,0.541199,0.533935,0.553195,0.552927,0.545777,0.532009
2013020029,2014,0.0,3,0.503756,0.540683,,0.490438,0.490753,0.489854,0.496678,0.496646,0.496434,0.505812
2013020030,2014,1.0,0,0.607165,0.619764,,0.615593,0.607442,0.616791,0.619829,0.619608,0.604593,0.618701
2013020031,2014,1.0,0,0.572996,0.606521,,0.568281,0.567146,0.568216,0.570966,0.570823,0.573115,0.582249
2013020032,2014,1.0,0,0.503003,0.515996,,0.507399,0.505653,0.506209,0.51574,0.515765,0.523379,0.508424
2013020033,2014,0.0,1,0.512806,0.539765,,0.525321,0.526381,0.527822,0.530857,0.530679,0.525986,0.529733
2013020034,2014,0.0,3,0.495396,0.447725,,0.453453,0.465374,0.454072,0.448671,0.448973,0.456364,0.444183
2013020035,2014,1.0,2,0.518064,0.409305,,0.457654,0.457198,0.458246,0.434354,0.434075,0.44916,0.430787
2013020036,2014,0.0,1,0.571187,0.578092,,0.584315,0.58206,0.584542,0.58521,0.585056,0.579221,0.582733
2013020037,2014,0.0,1,0.593889,0.538824,,0.54663,0.550528,0.548921,0.56171,0.561799,0.559755,0.539135
2013020038,2014,1.0,0,0.52572,0.557635,,0.541166,0.535177,0.540768,0.546963,0.54714,0.542048,0.547078
2013020039,2014,1.0,0,0.611309,0.568956,,0.599503,0.594575,0.599231,0.597411,0.597484,0.591939,0.587447
2013020040,2014,1.0,0,0.676685,0.66666,,0.64488,0.641711,0.643084,0.640984,0.640853,0.638242,0.65303
2013020041,2014,0.0,3,0.557772,0.508256,,0.525883,0.532498,0.525103,0.532105,0.531859,0.534211,0.514979
2013020042,2014,1.0,0,0.560862,0.532747,,0.540719,0.543457,0.540865,0.546696,0.546607,0.545311,0.53481
2013020043,2014,1.0,2,0.591884,0.552445,,0.572307,0.56477,0.573896,0.56918,0.568783,0.566201,0.562906
2013020044,2014,1.0,0,0.557076,0.613534,,0.559266,0.557221,0.560207,0.552336,0.552098,0.556924,0.579695
2013020045,2014,1.0,0,0.508783,0.49402,,0.531598,0.526903,0.531437,0.532316,0.532054,0.525858,0.516867
2013020046,2014,1.0,0,0.509976,0.426243,,0.436689,0.442547,0.434999,0.422439,0.422379,0.432302,0.423068
2013020047,2014,1.0,2,0.577368,0.537183,,0.579672,0.57197,0.578853,0.574532,0.574502,0.572441,0.563348
2013020048,2014,0.0,1,0.659313,0.698312,,0.662498,0.661982,0.662714,0.664133,0.663956,0.661258,0.679066
2013020049,2014,0.0,1,0.53873,0.447276,,0.510325,0.513098,0.510188,0.509812,0.509606,0.514825,0.481581
2013020050,2014,0.0,1,0.620129,0.644415,,0.586551,0.581556,0.586189,0.58152,0.581687,0.584127,0.607011
2013020051,2014,0.0,1,0.581441,0.683028,,0.598234,0.594335,0.596008,0.601254,0.601464,0.598554,0.633387
2013020052,2014,1.0,0,0.594135,0.588585,,0.587795,0.583981,0.58686,0.58861,0.588629,0.587114,0.587729
2013020053,2014,0.0,1,0.530658,0.559241,,0.544117,0.543327,0.542508,0.545745,0.545625,0.549423,0.549475
2013020054,2014,1.0,0,0.535721,0.585645,,0.532078,0.529114,0.532047,0.534388,0.534461,0.530221,0.550872
2013020055,2014,0.0,1,0.504664,0.455804,,0.492534,0.49846,0.491341,0.489349,0.489369,0.505805,0.474487
2013020056,2014,0.0,1,0.53036,0.521499,,0.530713,0.520446,0.531839,0.533048,0.533023,0.52843,0.52537
2013020057,2014,1.0,0,0.546329,0.587903,,0.552392,0.555025,0.552717,0.546467,0.546431,0.550611,0.565462
2013020058,2014,0.0,1,0.54154,0.552391,,0.536932,0.537222,0.537413,0.538895,0.53885,0.534126,0.540981
2013020059,2014,0.0,3,0.457784,0.425669,,0.440343,0.443653,0.440972,0.451698,0.451768,0.451055,0.428846
2013020060,2014,1.0,0,0.384789,0.425982,,0.358893,0.367001,0.360387,0.360209,0.36025,0.35717,0.375417
2013020061,2014,1.0,0,0.643066,0.657752,,0.614373,0.617088,0.613505,0.618845,0.618954,0.616157,0.630327
2013020062,2014,0.0,1,0.536108,0.494311,,0.503655,0.499048,0.501802,0.499835,0.499734,0.497866,0.495184
2013020063,2014,1.0,0,0.537272,0.445296,,0.480109,0.482605,0.481053,0.463272,0.46312,0.473709,0.459411
2013020064,2014,1.0,2,0.604603,0.588184,,0.591728,0.593304,0.593719,0.601438,0.601439,0.591024,0.58968
2013020065,2014,1.0,0,0.582116,0.675359,,0.624083,0.614075,0.621306,0.632046,0.631943,0.624139,0.648097
2013020066,2014,0.0,1,0.447617,0.505165,,0.435986,0.440421,0.437079,0.441736,0.441853,0.444661,0.456837
2013020067,2014,0.0,1,0.598616,0.596271,,0.584875,0.58136,0.58627,0.59282,0.592821,0.588912,0.588318
2013020068,2014,0.0,1,0.474013,0.47333,,0.452795,0.452255,0.453513,0.459313,0.459327,0.461767,0.454955
2013020069,2014,1.0,0,0.664016,0.71714,,0.665382,0.65884,0.664426,0.654977,0.654949,0.656312,0.688344
2013020070,2014,1.0,0,0.582482,0.595962,,0.612525,0.60703,0.612373,0.620071,0.61985,0.62177,0.609007
2013020071,2014,1.0,0,0.534367,0.561931,,0.539995,0.542445,0.540431,0.539121,0.538994,0.536943,0.547336
2013020072,2014,1.0,0,0.520576,0.61494,,0.550355,0.540232,0.549465,0.540931,0.540726,0.541754,0.576361
2013020073,2014,0.0,1,0.563366,0.537163,,0.541155,0.535391,0.541115,0.537803,0.537646,0.524804,0.536654
2013020074,2014,1.0,0,0.590419,0.599606,,0.588063,0.588885,0.588989,0.580432,0.580383,0.581855,0.592428
2013020075,2014,0.0,1,0.492183,0.508989,,0.488722,0.488203,0.488541,0.488684,0.488751,0.490907,0.493113
2013020076,2014,0.0,1,0.433073,0.429937,,0.375817,0.386801,0.375734,0.366905,0.367048,0.376828,0.385999
2013020077,2014,1.0,0,0.540854,0.50497,,0.511932,0.512914,0.514005,0.517261,0.51695,0.518438,0.504882
2013020078,2014,1.0,0,0.567999,0.569485,,0.568627,0.570078,0.568632,0.56284,0.562841,0.570025,0.568429
2013020079,2014,0.0,1,0.592567,0.5752,,0.585312,0.589682,0.58666,0.587967,0.587776,0.587093,0.58091
2013020080,2014,1.0,0,0.609458,0.633957,,0.632998,0.624699,0.632591,0.654168,0.653946,0.644485,0.636395
2013020081,2014,0.0,1,0.544377,0.448862,,0.498782,0.504705,0.499698,0.513196,0.513014,0.518139,0.473595
2013020082,2014,1.0,0,0.582304,0.5293,,0.532925,0.536916,0.535017,0.536016,0.536071,0.542809,0.526455
2013020083,2014,0.0,3,0.571388,0.62603,,0.592237,0.581741,0.591551,0.580143,0.580307,0.582253,0.606939
2013020084,2014,0.0,1,0.524151,0.499606,,0.49577,0.502887,0.496018,0.501923,0.501879,0.50317,0.492397
2013020085,2014,1.0,0,0.682838,0.676631,,0.709467,0.702118,0.709401,0.719236,0.718857,0.713089,0.702523
2013020086,2014,0.0,3,0.406886,0.377205,,0.414115,0.413124,0.414862,0.421756,0.421464,0.418743,0.394835
2013020087,2014,1.0,0,0.594882,0.599721,,0.581704,0.577526,0.579948,0.573204,0.573214,0.574951,0.587652
2013020088,2014,1.0,0,0.474426,0.475678,,0.418346,0.423004,0.41798,0.406759,0.406894,0.40691,0.431137
2013020089,2014,0.0,1,0.548068,0.489955,,0.538013,0.531539,0.537562,0.541124,0.540909,0.53871,0.517272
2013020090,2014,1.0,0,0.597717,0.623035,,0.631753,0.623467,0.632159,0.629651,0.629481,0.628441,0.632086
2013020091,2014,0.0,1,0.509184,0.47091,,0.488344,0.492214,0.489659,0.496596,0.496311,0.490824,0.47704
2013020092,2014,1.0,0,0.537882,0.5514,,0.546531,0.540835,0.54446,0.554472,0.554304,0.548694,0.547687
2013020093,2014,0.0,3,0.557574,0.535369,,0.54186,0.54498,0.541101,0.539048,0.538907,0.542442,0.536856
2013020094,2014,0.0,1,0.548817,0.551809,,0.542033,0.536358,0.54171,0.543824,0.543783,0.541506,0.543908
2013020095,2014,1.0,0,0.612098,0.636581,,0.621887,0.62034,0.62192,0.623497,0.623528,0.627907,0.629354
2013020096,2014,0.0,1,0.499361,0.454038,,0.47459,0.483751,0.475113,0.486972,0.486756,0.486997,0.461386
2013020097,2014,0.0,1,0.618032,0.568705,,0.558048,0.562052,0.558878,0.558213,0.558514,0.556867,0.55717
2013020098,2014,1.0,0,0.588028,0.582102,,0.597499,0.58962,0.597495,0.592262,0.591989,0.588763,0.592587
2013020099,2014,0.0,1,0.448194,0.473805,,0.441219,0.445955,0.444222,0.444544,0.444663,0.438589,0.448573
2013020100,2014,1.0,0,0.584418,0.620225,,0.593141,0.589996,0.592573,0.593268,0.593341,0.595252,0.604452
2013020101,2014,1.0,0,0.586258,0.530763,,0.558246,0.556351,0.560086,0.552227,0.552099,0.557862,0.544882
2013020102,2014,1.0,0,0.564107,0.508835,,0.521758,0.521567,0.522857,0.522055,0.522086,0.524694,0.511824
2013020103,2014,0.0,1,0.404654,0.378263,,0.376965,0.379106,0.377575,0.374951,0.374929,0.378613,0.369199
2013020104,2014,0.0,3,0.595108,0.623703,,0.573105,0.579542,0.573174,0.573059,0.57319,0.584187,0.590967
2013020105,2014,0.0,3,0.480845,0.466171,,0.456333,0.45792,0.455738,0.447193,0.447151,0.44789,0.454282
2013020106,2014,1.0,2,0.47225,0.434979,,0.428981,0.433857,0.430813,0.424847,0.425197,0.434372,0.423405
2013020107,2014,0.0,1,0.493009,0.459713,,0.477558,0.481125,0.478391,0.478311,0.478329,0.476511,0.466111
2013020108,2014,1.0,2,0.467698,0.509087,,0.47869,0.479239,0.479936,0.494812,0.494614,0.498677,0.487619
2013020109,2014,1.0,2,0.576129,0.595882,,0.575514,0.577374,0.575001,0.570437,0.570558,0.570166,0.583011
2013020110,2014,1.0,2,0.617286,0.571786,,0.571896,0.575693,0.569217,0.570181,0.570012,0.577186,0.56831
2013020111,2014,0.0,1,0.621595,0.607115,,0.609252,0.605542,0.610035,0.620806,0.620583,0.612152,0.608343
2013020112,2014,0.0,1,0.536453,0.52349,,0.526076,0.531981,0.526982,0.531391,0.531249,0.537023,0.522416
2013020113,2014,0.0,1,0.600168,0.612965,,0.582841,0.578815,0.582814,0.591612,0.591746,0.594076,0.593275
2013020114,2014,0.0,1,0.466809,0.446136,,0.425303,0.423206,0.425555,0.424689,0.424775,0.419111,0.425402
2013020115,2014,1.0,2,0.504579,0.44577,,0.47378,0.47917,0.473255,0.483289,0.483198,0.487203,0.457268
2013020116,2014,1.0,0,0.498761,0.561185,,0.524411,0.524258,0.524083,0.539161,0.539147,0.532277,0.538317
2013020117,2014,0.0,1,0.585955,0.580023,,0.564763,0.559151,0.563785,0.563528,0.563381,0.564807,0.568545
2013020118,2014,1.0,0,0.574604,0.582249,,0.560044,0.553298,0.559819,0.552651,0.55272,0.556262,0.566813
2013020119,2014,1.0,0,0.627074,0.68988,,0.645802,0.642837,0.643595,0.647953,0.647712,0.651208,0.666159
2013020120,2014,1.0,0,0.516401,0.485681,,0.489762,0.489884,0.490669,0.487796,0.487511,0.48287,0.483264
2013020121,2014,1.0,0,0.639712,0.693187,,0.678851,0.675954,0.679414,0.675938,0.675659,0.672427,0.689708
2013020122,2014,1.0,0,0.608257,0.654358,,0.651813,0.640891,0.650374,0.675732,0.675282,0.660122,0.657654
2013020123,2014,1.0,0,0.506297,0.50874,,0.47534,0.4825,0.473864,0.494062,0.49416,0.489956,0.482518
2013020124,2014,0.0,1,0.543689,0.586779,,0.551107,0.548496,0.551401,0.566364,0.56624,0.561648,0.564286
2013020125,2014,1.0,0,0.60266,0.641171,,0.635167,0.628507,0.634202,0.62556,0.625357,0.624245,0.641148
2013020126,2014,0.0,3,0.52059,0.495956,,0.489332,0.482683,0.48893,0.493621,0.493683,0.49717,0.486634
2013020127,2014,0.0,1,0.65987,0.652781,,0.65106,0.646895,0.649052,0.659426,0.659263,0.663691,0.65316
2013020128,2014,0.0,1,0.63649,0.691016,,0.689515,0.679723,0.68913,0.700508,0.700106,0.697019,0.696564
2013020129,2014,1.0,0,0.51315,0.467488,,0.477469,0.476351,0.478315,0.491114,0.491121,0.481504,0.467709
2013020130,2014,0.0,3,0.513566,0.502842,,0.479325,0.484566,0.477777,0.478534,0.478372,0.481652,0.482611
2013020131,2014,1.0,0,0.557683,0.518341,,0.511102,0.511407,0.510999,0.505817,0.505881,0.516112,0.508311
2013020132,2014,0.0,1,0.622663,0.660642,,0.626542,0.617307,0.624784,0.639538,0.63938,0.634839,0.64137
2013020133,2014,0.0,3,0.384093,0.356686,,0.373367,0.377812,0.374451,0.372427,0.37223,0.367362,0.359705
2013020134,2014,1.0,0,0.531436,0.615503,,0.520879,0.519171,0.521024,0.526683,0.526759,0.518954,0.555088
2013020135,2014,0.0,3,0.503883,0.546682,,0.516799,0.52166,0.517623,0.521022,0.520819,0.51592,0.526928
2013020136,2014,1.0,0,0.594435,0.610581,,0.617346,0.608173,0.617005,0.617532,0.617108,0.616028,0.617257
2013020137,2014,0.0,1,0.574384,0.567435,,0.554374,0.551381,0.552036,0.545916,0.546144,0.556887,0.557041
2013020138,2014,0.0,1,0.426761,0.387133,,0.40353,0.406241,0.405517,0.412798,0.412744,0.406115,0.389944
2013020139,2014,1.0,0,0.566271,0.558904,,0.551752,0.550072,0.552034,0.547259,0.547302,0.545427,0.552416
2013020140,2014,0.0,3,0.499787,0.550268,,0.500667,0.503281,0.498611,0.519684,0.52003,0.517784,0.517096
2013020141,2014,1.0,0,0.518091,0.54643,,0.522711,0.521888,0.524075,0.522815,0.52279,0.518556,0.530098
2013020142,2014,1.0,0,0.529047,0.538108,,0.529638,0.522202,0.529254,0.546765,0.546467,0.528608,0.531091
2013020143,2014,1.0,2,0.437933,0.450854,,0.403257,0.400509,0.40418,0.398575,0.398491,0.399032,0.41329
2013020144,2014,1.0,2,0.565635,0.500601,,0.532658,0.534806,0.531777,0.534142,0.534124,0.524039,0.516348
2013020145,2014,1.0,0,0.56739,0.605563,,0.548573,0.547603,0.547904,0.546766,0.546866,0.543189,0.568304
2013020146,2014,1.0,0,0.566103,0.604026,,0.575906,0.574218,0.576546,0.566167,0.566112,0.573415,0.587125
2013020147,2014,0.0,1,0.485449,0.467089,,0.462412,0.469495,0.461961,0.463386,0.463288,0.467433,0.458664
2013020148,2014,1.0,0,0.582363,0.637358,,0.605255,0.601787,0.604899,0.611064,0.610953,0.609616,0.619848
2013020149,2014,0.0,1,0.658648,0.679134,,0.641257,0.64246,0.639951,0.64336,0.643606,0.648653,0.656645
2013020150,2014,1.0,0,0.527018,0.599182,,0.534492,0.531645,0.533224,0.545424,0.545531,0.547396,0.558494
2013020151,2014,0.0,1,0.534185,0.553905,,0.551218,0.546173,0.551953,0.567839,0.567348,0.563414,0.552243
2013020152,2014,0.0,1,0.521487,0.550838,,0.511896,0.512751,0.512024,0.511825,0.511984,0.512011,0.523876
2013020153,2014,0.0,3,0.57411,0.610602,,0.577626,0.577193,0.577525,0.587188,0.586994,0.585315,0.590389
2013020154,2014,1.0,0,0.586628,0.583497,,0.577759,0.578191,0.578583,0.58031,0.580044,0.576742,0.579108
2013020155,2014,0.0,1,0.664899,0.616599,,0.63514,0.635559,0.635778,0.621382,0.621254,0.631611,0.627565
2013020156,2014,1.0,0,0.468692,0.404758,,0.436909,0.442783,0.439044,0.4385,0.438545,0.435898,0.417602
2013020157,2014,0.0,1,0.507416,0.481488,,0.483611,0.480529,0.484131,0.482398,0.482556,0.474919,0.47786
2013020158,2014,0.0,3,0.563977,0.596019,,0.57168,0.564363,0.570884,0.576474,0.576501,0.575629,0.581146
2013020159,2014,1.0,0,0.579371,0.625905,,0.559682,0.556297,0.559748,0.555748,0.555809,0.55095,0.583436
2013020160,2014,0.0,1,0.548514,0.535886,,0.548854,0.542438,0.546866,0.543086,0.543088,0.54942,0.542664
2013020161,2014,0.0,3,0.575828,0.522542,,0.539269,0.547724,0.540795,0.53102,0.531226,0.533652,0.528831
2013020162,2014,0.0,1,0.663103,0.643662,,0.639657,0.640343,0.639368,0.636256,0.636079,0.639211,0.641303
2013020163,2014,0.0,1,0.487556,0.474335,,0.465816,0.470226,0.466251,0.467761,0.467897,0.467539,0.463737
2013020164,2014,1.0,0,0.615702,0.627514,,0.636618,0.629382,0.637034,0.645266,0.64487,0.639808,0.636102
2013020165,2014,1.0,0,0.487629,0.492372,,0.450358,0.462976,0.45126,0.455388,0.455352,0.450838,0.459602
2013020166,2014,0.0,1,0.493347,0.480315,,0.474387,0.469289,0.476259,0.48752,0.487334,0.478104,0.471765
2013020167,2014,0.0,3,0.479417,0.501271,,0.480866,0.485624,0.480902,0.483756,0.483375,0.489277,0.485381
2013020168,2014,0.0,1,0.506994,0.528827,,0.505142,0.503126,0.50401,0.515041,0.514906,0.51577,0.5115
2013020169,2014,1.0,0,0.573902,0.516749,,0.537923,0.542512,0.538662,0.52646,0.526349,0.537499,0.52577
2013020170,2014,1.0,2,0.657054,0.714985,,0.701146,0.693074,0.702723,0.70199,0.701693,0.70081,0.712678
2013020171,2014,0.0,1,0.520852,0.494568,,0.491034,0.49248,0.491871,0.495089,0.494936,0.500392,0.487297
2013020172,2014,0.0,1,0.413885,0.413976,,0.408123,0.410237,0.40883,0.399758,0.399756,0.403998,0.404358
2013020173,2014,0.0,1,0.544911,0.568568,,0.537112,0.543915,0.536879,0.548544,0.548452,0.553645,0.547162
2013020174,2014,0.0,1,0.444965,0.446053,,0.460238,0.458055,0.459572,0.471553,0.471608,0.464449,0.451704
2013020175,2014,1.0,0,0.561658,0.598426,,0.56244,0.568894,0.567026,0.569548,0.569288,0.567053,0.575689
2013020176,2014,0.0,1,0.517256,0.510746,,0.535624,0.527596,0.53512,0.539261,0.539048,0.536172,0.525617
2013020177,2014,0.0,1,0.500505,0.505008,,0.491772,0.488232,0.491692,0.494542,0.494405,0.486942,0.493202
2013020178,2014,1.0,0,0.587058,0.574877,,0.589181,0.580623,0.586913,0.606595,0.606485,0.599088,0.583926
2013020179,2014,1.0,0,0.530307,0.619925,,0.559581,0.559436,0.559131,0.584048,0.583965,0.567394,0.584202
2013020180,2014,1.0,0,0.630098,0.639854,,0.592204,0.595265,0.591694,0.57814,0.57858,0.583167,0.608486
2013020181,2014,1.0,0,0.636821,0.613245,,0.622996,0.619309,0.623155,0.619781,0.619539,0.615861,0.619497
2013020182,2014,0.0,1,0.479258,0.497794,,0.469323,0.463076,0.467764,0.458866,0.458876,0.458136,0.475806
2013020183,2014,1.0,0,0.508139,0.467817,,0.449838,0.453139,0.449729,0.456693,0.456527,0.451767,0.448477
2013020184,2014,1.0,0,0.551253,0.544617,,0.53487,0.530862,0.534427,0.538268,0.53805,0.54121,0.535855
2013020185,2014,0.0,1,0.496707,0.568405,,0.49996,0.500417,0.501505,0.498562,0.498528,0.491884,0.523874
2013020186,2014,0.0,1,0.559237,0.560745,,0.558232,0.554904,0.560205,0.553558,0.553306,0.556056,0.558222
2013020187,2014,1.0,2,0.525479,0.533312,,0.534791,0.528323,0.535617,0.536533,0.536578,0.531363,0.533157
2013020188,2014,1.0,2,0.587552,0.570976,,0.573181,0.568039,0.572039,0.573327,0.573321,0.564185,0.570946
2013020189,2014,1.0,0,0.609234,0.652045,,0.611126,0.608197,0.610596,0.616966,0.61686,0.616241,0.628026
2013020190,2014,1.0,2,0.594688,0.5622,,0.56732,0.563601,0.567288,0.576659,0.576585,0.577808,0.562891
2013020191,2014,0.0,1,0.524575,0.559453,,0.536,0.539976,0.538988,0.543246,0.54292,0.529561,0.54418
2013020192,2014,1.0,0,0.64315,0.628851,,0.631759,0.628149,0.63045,0.630052,0.629632,0.626238,0.631321
2013020193,2014,0.0,1,0.501717,0.516115,,0.51482,0.510474,0.512927,0.517307,0.517259,0.519227,0.513853
2013020194,2014,0.0,3,0.583929,0.60733,,0.560732,0.563881,0.562051,0.564036,0.564206,0.563078,0.576497
2013020195,2014,0.0,1,0.411933,0.454676,,0.385788,0.398378,0.387302,0.384485,0.384555,0.392672,0.403826
2013020196,2014,1.0,0,0.497414,0.583996,,0.497663,0.496171,0.498103,0.496682,0.49644,0.489976,0.528326
2013020197,2014,0.0,3,0.543408,0.56716,,0.545499,0.548427,0.545926,0.545761,0.54569,0.547706,0.552682
2013020198,2014,0.0,1,0.486797,0.458403,,0.461865,0.47006,0.462737,0.460423,0.460431,0.457882,0.454845
2013020199,2014,0.0,1,0.417492,0.427368,,0.421627,0.420067,0.422487,0.430439,0.430421,0.435947,0.418862
2013020200,2014,0.0,1,0.630824,0.692937,,0.643831,0.637279,0.644461,0.654942,0.654808,0.653487,0.665783
2013020201,2014,0.0,1,0.456962,0.413528,,0.438791,0.43896,0.440232,0.448628,0.448615,0.450229,0.423104
2013020202,2014,1.0,0,0.485331,0.488405,,0.43579,0.44069,0.43629,0.43608,0.436355,0.433677,0.447792
2013020203,2014,0.0,1,0.546587,0.625847,,0.574075,0.576738,0.576267,0.601359,0.60147,0.592948,0.595689
2013020204,2014,1.0,0,0.442706,0.448748,,0.44922,0.444157,0.448939,0.457776,0.457623,0.45738,0.445049
2013020205,2014,1.0,0,0.628524,0.657334,,0.63075,0.632401,0.631291,0.628014,0.627784,0.63045,0.64264
2013020206,2014,1.0,2,0.658154,0.618044,,0.600811,0.599382,0.601569,0.601115,0.601365,0.602598,0.604034
2013020207,2014,0.0,1,0.4472,0.464529,,0.439593,0.444622,0.440817,0.455328,0.455468,0.446204,0.443929
2013020208,2014,1.0,0,0.552994,0.64701,,0.571358,0.559783,0.572398,0.567512,0.56749,0.562898,0.601838
2013020209,2014,1.0,0,0.521122,0.482389,,0.487077,0.493847,0.488456,0.491012,0.491001,0.491117,0.479766
2013020210,2014,0.0,1,0.458003,0.446243,,0.455331,0.451224,0.45521,0.459641,0.459486,0.459141,0.447418
2013020211,2014,0.0,3,0.601554,0.670064,,0.594334,0.597237,0.593723,0.589934,0.589988,0.591882,0.624063
2013020212,2014,0.0,3,0.571882,0.583483,,0.56262,0.558165,0.563908,0.582474,0.58219,0.570416,0.569308
2013020213,2014,0.0,3,0.68305,0.699361,,0.681856,0.674635,0.68265,0.679501,0.679296,0.67139,0.691459
2013020214,2014,1.0,0,0.555942,0.549491,,0.532182,0.526863,0.532612,0.51678,0.516693,0.520366,0.535508
2013020215,2014,0.0,1,0.524214,0.562582,,0.543744,0.54303,0.544785,0.555838,0.555737,0.555762,0.55093
2013020216,2014,1.0,0,0.470674,0.497792,,0.469115,0.466184,0.469804,0.473542,0.473557,0.467817,0.476229
2013020217,2014,0.0,3,0.640361,0.651849,,0.635865,0.629276,0.633442,0.64203,0.641751,0.632666,0.643322
2013020218,2014,1.0,0,0.592678,0.561087,,0.552247,0.552977,0.553551,0.546004,0.546298,0.549222,0.551826
2013020219,2014,0.0,1,0.533112,0.546962,,0.514324,0.517136,0.513236,0.515282,0.51542,0.510114,0.523326
2013020220,2014,0.0,3,0.513492,0.520288,,0.498,0.49931,0.497333,0.50038,0.50048,0.501066,0.502672
2013020221,2014,0.0,3,0.530022,0.599383,,0.518947,0.529292,0.519796,0.529882,0.529968,0.531393,0.547371
2013020222,2014,1.0,2,0.49824,0.49918,,0.489456,0.487767,0.487738,0.487836,0.488037,0.496411,0.489454
2013020223,2014,1.0,0,0.570642,0.62098,,0.584872,0.578006,0.585114,0.589806,0.589389,0.573834,0.599808
2013020224,2014,1.0,2,0.543463,0.480851,,0.512521,0.513775,0.511354,0.521783,0.521636,0.526349,0.495832
2013020225,2014,0.0,3,0.672101,0.735635,,0.690262,0.686834,0.688341,0.682022,0.681742,0.678664,0.712422
2013020226,2014,1.0,0,0.471154,0.501604,,0.47068,0.478126,0.474168,0.47778,0.477727,0.47353,0.478782
2013020227,2014,1.0,0,0.677777,0.679057,,0.672349,0.671589,0.674022,0.669698,0.669566,0.669371,0.677213
2013020228,2014,0.0,1,0.574099,0.558332,,0.562989,0.561929,0.564304,0.568256,0.568368,0.573858,0.559695
2013020229,2014,1.0,0,0.570781,0.606281,,0.564316,0.571544,0.566785,0.565914,0.565932,0.571183,0.579496
2013020230,2014,1.0,0,0.707321,0.695502,,0.696509,0.691935,0.696521,0.69197,0.691879,0.68766,0.698697
2013020231,2014,1.0,0,0.541334,0.556864,,0.514686,0.516911,0.516435,0.524537,0.524495,0.524786,0.526881
2013020232,2014,0.0,1,0.563373,0.494055,,0.523634,0.520487,0.523695,0.504113,0.504117,0.517496,0.507522
2013020233,2014,1.0,2,0.590813,0.544918,,0.562692,0.561668,0.562912,0.549408,0.549692,0.568569,0.553194
2013020234,2014,1.0,0,0.506749,0.511705,,0.484424,0.487897,0.486094,0.489521,0.489743,0.49653,0.490119
2013020235,2014,0.0,1,0.501854,0.501907,,0.504643,0.500553,0.504703,0.518655,0.518725,0.51629,0.501104
2013020236,2014,0.0,3,0.589877,0.616591,,0.572744,0.566486,0.570111,0.578558,0.578272,0.581175,0.588247
2013020237,2014,1.0,0,0.616958,0.637536,,0.590159,0.591066,0.590623,0.590466,0.590629,0.580606,0.607013
2013020238,2014,1.0,0,0.647566,0.688475,,0.694803,0.682503,0.693914,0.70813,0.707746,0.697713,0.698658
2013020239,2014,1.0,0,0.650862,0.773081,,0.695694,0.690785,0.695256,0.695945,0.695713,0.69031,0.732962
2013020240,2014,0.0,1,0.586305,0.618483,,0.581753,0.586431,0.581349,0.581922,0.581805,0.585495,0.595594
2013020241,2014,1.0,2,0.59502,0.509839,,0.532463,0.532021,0.53298,0.529406,0.529015,0.536537,0.517755
2013020242,2014,1.0,0,0.524688,0.596278,,0.551258,0.544929,0.551356,0.578156,0.578256,0.562442,0.569362
2013020243,2014,1.0,0,0.589736,0.589197,,0.61265,0.603592,0.613685,0.598101,0.597896,0.601759,0.606048
2013020244,2014,1.0,0,0.656338,0.707221,,0.657696,0.657241,0.657824,0.655337,0.655287,0.654231,0.67951
2013020245,2014,1.0,0,0.593272,0.586612,,0.575931,0.577315,0.577409,0.584514,0.584464,0.573477,0.578563
2013020246,2014,1.0,0,0.655573,0.630902,,0.627771,0.621616,0.627306,0.637634,0.637742,0.638241,0.628418
2013020247,2014,1.0,0,0.606413,0.703655,,0.635623,0.629645,0.6332,0.632331,0.632386,0.628976,0.666023
2013020248,2014,0.0,3,0.572111,0.596998,,0.568112,0.562606,0.567156,0.569598,0.569342,0.579612,0.578458
2013020249,2014,0.0,3,0.49915,0.4841,,0.489869,0.490434,0.490503,0.495143,0.495314,0.508816,0.48388
2013020250,2014,1.0,0,0.54853,0.560653,,0.537528,0.538473,0.538921,0.539907,0.539897,0.544095,0.54414
2013020251,2014,1.0,0,0.521534,0.5123,,0.53024,0.531951,0.532813,0.527311,0.527263,0.530747,0.522079
2013020252,2014,0.0,1,0.444167,0.408266,,0.437643,0.442318,0.438802,0.435614,0.435608,0.444777,0.421089
2013020253,2014,1.0,2,0.541282,0.541107,,0.519194,0.520203,0.519969,0.531298,0.531006,0.536085,0.523984
2013020254,2014,1.0,0,0.568983,0.62439,,0.559926,0.563268,0.559192,0.568478,0.568445,0.568533,0.583691
2013020255,2014,1.0,0,0.59136,0.609289,,0.59233,0.591699,0.593123,0.597336,0.597333,0.596185,0.599156
2013020256,2014,1.0,0,0.545506,0.628769,,0.558839,0.557828,0.560614,0.590079,0.590372,0.571696,0.586217
2013020257,2014,1.0,0,0.673154,0.691846,,0.664314,0.66059,0.663989,0.667497,0.66769,0.67607,0.676861
2013020258,2014,1.0,0,0.715528,0.730979,,0.702736,0.7032,0.702801,0.701569,0.701832,0.7003,0.716361
2013020259,2014,1.0,2,0.45257,0.431047,,0.446757,0.446578,0.446913,0.455338,0.455415,0.450771,0.435819
2013020260,2014,1.0,0,0.518928,0.520231,,0.520031,0.526427,0.522496,0.5094,0.50926,0.522231,0.518013
2013020261,2014,1.0,0,0.5789,0.57036,,0.531317,0.545477,0.532684,0.535231,0.535182,0.546092,0.541453
2013020262,2014,1.0,0,0.622431,0.637512,,0.619053,0.620995,0.618808,0.608691,0.608342,0.608577,0.627028
2013020263,2014,1.0,2,0.428799,0.340699,,0.391283,0.395624,0.393182,0.401807,0.401577,0.40866,0.363091
2013020264,2014,1.0,0,0.546708,0.583891,,0.542221,0.536339,0.541781,0.541026,0.541166,0.542011,0.556652
2013020265,2014,0.0,1,0.603498,0.578674,,0.585304,0.583294,0.585162,0.577396,0.577246,0.588219,0.581501
2013020266,2014,1.0,2,0.596775,0.547147,,0.556875,0.555324,0.555536,0.54674,0.546834,0.548453,0.549476
2013020267,2014,1.0,0,0.478372,0.528877,,0.493058,0.486921,0.493117,0.507668,0.507761,0.503172,0.504805
2013020268,2014,0.0,3,0.561024,0.576242,,0.591448,0.584298,0.592033,0.591164,0.590961,0.594597,0.587795
2013020269,2014,0.0,1,0.587708,0.578547,,0.566249,0.564086,0.566434,0.579233,0.579338,0.582355,0.568914
2013020270,2014,0.0,3,0.604289,0.5967,,0.582169,0.580843,0.582096,0.581237,0.581256,0.584922,0.586176
2013020271,2014,1.0,0,0.386533,0.43827,,0.420552,0.418776,0.421743,0.428691,0.428292,0.424841,0.424361
2013020272,2014,0.0,3,0.5861,0.640097,,0.613974,0.608756,0.61306,0.619357,0.61916,0.614427,0.626821
2013020273,2014,0.0,3,0.443354,0.423466,,0.3911,0.403485,0.392296,0.383814,0.383921,0.385764,0.393889
2013020274,2014,1.0,2,0.523285,0.619089,,0.567928,0.561451,0.566923,0.58782,0.587674,0.572094,0.590198
2013020275,2014,0.0,1,0.647362,0.658323,,0.635236,0.627747,0.632139,0.64381,0.643746,0.641917,0.644942
2013020276,2014,0.0,1,0.485443,0.474369,,0.474977,0.469659,0.474359,0.470739,0.47061,0.480084,0.470424
2013020277,2014,1.0,2,0.656453,0.644597,,0.634388,0.635937,0.633579,0.621304,0.621038,0.622069,0.638372
2013020278,2014,0.0,1,0.461304,0.405471,,0.445882,0.443985,0.446196,0.441336,0.440907,0.450125,0.424695
2013020279,2014,1.0,0,0.497014,0.535078,,0.484933,0.479548,0.484342,0.494492,0.494367,0.489045,0.500157
2013020280,2014,1.0,2,0.623357,0.709438,,0.611698,0.611633,0.610443,0.613334,0.6135,0.605793,0.651003
2013020281,2014,1.0,0,0.606961,0.652572,,0.642854,0.634915,0.643404,0.650162,0.649948,0.64921,0.650711
2013020282,2014,0.0,1,0.50548,0.48741,,0.483504,0.480928,0.480255,0.473748,0.473773,0.482074,0.480193
2013020283,2014,0.0,3,0.515955,0.517,,0.501346,0.498091,0.502398,0.501201,0.501415,0.495276,0.503628
2013020284,2014,1.0,0,0.478899,0.526869,,0.481218,0.48164,0.482052,0.491633,0.491802,0.493717,0.495536
2013020285,2014,0.0,1,0.470682,0.483447,,0.489805,0.492564,0.491351,0.499779,0.499806,0.500772,0.48548
2013020286,2014,1.0,0,0.663081,0.686759,,0.656195,0.650455,0.655904,0.662513,0.662375,0.659013,0.669832
2013020287,2014,1.0,2,0.433893,0.474794,,0.462152,0.453868,0.463871,0.478784,0.47866,0.466014,0.464882
2013020288,2014,0.0,3,0.512658,0.522206,,0.506149,0.510654,0.506389,0.516468,0.516499,0.516963,0.509285
2013020289,2014,1.0,0,0.466864,0.477202,,0.455872,0.451787,0.458194,0.475616,0.475771,0.475646,0.459112
2013020290,2014,0.0,3,0.542006,0.600039,,0.56286,0.558734,0.564756,0.568306,0.567907,0.5639,0.577911
2013020291,2014,1.0,0,0.637945,0.634304,,0.61791,0.609187,0.616358,0.612567,0.612608,0.603051,0.623928
2013020292,2014,1.0,2,0.531958,0.565268,,0.544219,0.540771,0.543119,0.549082,0.548994,0.54424,0.551796
2013020293,2014,0.0,1,0.404375,0.375422,,0.389605,0.391196,0.390861,0.387276,0.387093,0.386365,0.377055
2013020294,2014,1.0,0,0.610067,0.613088,,0.608422,0.60985,0.608936,0.612905,0.612907,0.61026,0.610827
2013020295,2014,0.0,1,0.535964,0.499665,,0.534984,0.532302,0.534281,0.535974,0.535811,0.534033,0.51965
2013020296,2014,1.0,0,0.440604,0.48135,,0.447496,0.452859,0.449443,0.466246,0.466501,0.458783,0.456463
2013020297,2014,1.0,2,0.500721,0.511605,,0.4959,0.496123,0.493828,0.507047,0.506913,0.50721,0.498676
2013020298,2014,1.0,0,0.669235,0.703559,,0.68615,0.680399,0.684856,0.685685,0.685524,0.686028,0.697002
2013020299,2014,1.0,0,0.403184,0.350596,,0.38291,0.382579,0.382432,0.380932,0.380411,0.377575,0.36279
2013020300,2014,1.0,0,0.564938,0.525867,,0.563664,0.560885,0.565026,0.56773,0.567537,0.565786,0.54834
2013020301,2014,0.0,1,0.643135,0.594047,,0.616973,0.613791,0.616325,0.602388,0.602539,0.611505,0.607405
2013020302,2014,0.0,1,0.578021,0.578526,,0.534794,0.541343,0.534824,0.532763,0.53305,0.53969,0.547178
2013020303,2014,0.0,1,0.589459,0.571437,,0.575365,0.56933,0.576262,0.587765,0.587585,0.580562,0.572556
2013020304,2014,1.0,0,0.512599,0.465654,,0.469331,0.464335,0.467339,0.471616,0.471857,0.476422,0.461244
2013020305,2014,0.0,1,0.516637,0.481933,,0.492282,0.499648,0.494314,0.501239,0.50115,0.508351,0.483601
2013020306,2014,1.0,0,0.580577,0.584726,,0.555383,0.559035,0.556541,0.552308,0.55252,0.534421,0.564063
2013020307,2014,1.0,0,0.571127,0.566827,,0.540984,0.541057,0.54094,0.543371,0.543171,0.53262,0.547484
2013020308,2014,0.0,1,0.57288,0.595173,,0.599796,0.584803,0.597893,0.603062,0.602924,0.605164,0.600234
2013020309,2014,0.0,1,0.404809,0.385006,,0.397347,0.39692,0.398145,0.409348,0.40935,0.40804,0.386189
2013020310,2014,1.0,0,0.57994,0.611491,,0.585366,0.579923,0.58621,0.602769,0.602551,0.587691,0.595831
2013020311,2014,0.0,3,0.584784,0.62311,,0.605892,0.596456,0.604689,0.615591,0.615547,0.602582,0.614575
2013020312,2014,0.0,1,0.432552,0.363509,,0.400072,0.403397,0.400002,0.404261,0.404244,0.401242,0.377959
2013020313,2014,1.0,0,0.593168,0.51202,,0.556561,0.563134,0.558642,0.55914,0.559275,0.561945,0.536011
2013020314,2014,1.0,0,0.534218,0.562636,,0.523053,0.525564,0.52325,0.513462,0.51355,0.512577,0.535561
2013020315,2014,1.0,0,0.563022,0.560977,,0.569258,0.566867,0.570021,0.579141,0.579207,0.585805,0.565936
2013020316,2014,0.0,1,0.592476,0.645642,,0.604489,0.595516,0.60548,0.612749,0.61261,0.615825,0.621922
2013020317,2014,0.0,1,0.490622,0.527313,,0.490093,0.490384,0.491959,0.510535,0.51081,0.511751,0.501265
2013020318,2014,1.0,0,0.434597,0.403203,,0.405766,0.410508,0.405519,0.387503,0.38734,0.398035,0.397201
2013020319,2014,1.0,0,0.492186,0.49663,,0.498262,0.492817,0.497493,0.49056,0.49022,0.488159,0.495161
2013020320,2014,0.0,3,0.657283,0.652477,,0.664753,0.652254,0.665373,0.663547,0.663606,0.664886,0.662989
2013020321,2014,1.0,0,0.608345,0.635776,,0.626395,0.621171,0.626069,0.642013,0.64196,0.62801,0.63248
2013020322,2014,0.0,1,0.555739,0.528677,,0.542046,0.543561,0.544683,0.56113,0.561054,0.567212,0.534537
2013020323,2014,0.0,1,0.503106,0.45084,,0.463129,0.465885,0.463198,0.459109,0.459533,0.471976,0.451754
2013020324,2014,0.0,3,0.521959,0.52595,,0.507174,0.506536,0.506438,0.497873,0.49781,0.501146,0.510841
2013020325,2014,0.0,3,0.610752,0.530352,,0.577534,0.579966,0.57616,0.562668,0.562434,0.571292,0.556926
2013020326,2014,0.0,3,0.573191,0.529896,,0.545357,0.546125,0.544769,0.535775,0.535733,0.53751,0.536198
2013020327,2014,0.0,1,0.591669,0.578894,,0.56496,0.565542,0.56534,0.567054,0.567081,0.578746,0.567862
2013020328,2014,1.0,0,0.601838,0.655063,,0.607948,0.60572,0.607964,0.614353,0.614245,0.611895,0.627482
2013020329,2014,1.0,0,0.622877,0.654473,,0.610898,0.604489,0.610903,0.613012,0.612907,0.606321,0.627933
2013020330,2014,0.0,1,0.422119,0.432365,,0.436061,0.431555,0.436274,0.438861,0.438686,0.435911,0.43075
2013020331,2014,0.0,1,0.529141,0.501779,,0.478336,0.483214,0.479816,0.463287,0.463408,0.461493,0.480456
2013020332,2014,0.0,3,0.586637,0.613858,,0.584903,0.579183,0.58702,0.599871,0.599795,0.599197,0.595986
2013020333,2014,1.0,0,0.566245,0.530123,,0.55772,0.552189,0.557622,0.552935,0.552748,0.556044,0.545614
2013020334,2014,0.0,3,0.632707,0.652447,,0.602371,0.598999,0.601265,0.597503,0.597471,0.602125,0.620484
2013020335,2014,1.0,0,0.607052,0.653446,,0.629506,0.625405,0.628426,0.640491,0.640011,0.642031,0.641634
2013020336,2014,1.0,0,0.669667,0.656888,,0.667692,0.664637,0.667385,0.676428,0.676381,0.662297,0.665944
2013020337,2014,0.0,1,0.562917,0.533109,,0.552104,0.549711,0.549307,0.564543,0.564621,0.559569,0.542958
2013020338,2014,1.0,2,0.579404,0.534821,,0.540762,0.539873,0.540306,0.53497,0.535108,0.546539,0.534384
2013020339,2014,1.0,0,0.594059,0.653706,,0.63146,0.61544,0.63186,0.621632,0.621453,0.612166,0.643939
2013020340,2014,1.0,2,0.592432,0.581377,,0.592752,0.594364,0.592715,0.596159,0.595904,0.594007,0.588616
2013020341,2014,1.0,2,0.69686,0.708555,,0.676028,0.677415,0.675098,0.668047,0.667928,0.661994,0.690095
2013020342,2014,0.0,3,0.518137,0.536651,,0.502827,0.504109,0.503804,0.496516,0.496454,0.504371,0.512132
2013020343,2014,1.0,2,0.536278,0.527915,,0.530488,0.53757,0.532146,0.536555,0.536296,0.54175,0.527285
2013020344,2014,1.0,0,0.477806,0.446499,,0.455523,0.456768,0.456235,0.452655,0.452809,0.45604,0.446342
2013020345,2014,0.0,1,0.565298,0.582094,,0.566392,0.562319,0.565436,0.559646,0.559633,0.559966,0.57189
2013020346,2014,1.0,0,0.583856,0.585346,,0.581172,0.580387,0.583251,0.585479,0.585388,0.580789,0.582441
2013020347,2014,1.0,0,0.618245,0.640311,,0.645191,0.633807,0.642779,0.651424,0.651068,0.65157,0.646938
2013020348,2014,0.0,1,0.502964,0.443512,,0.473562,0.476566,0.47317,0.462727,0.462656,0.458684,0.456346
2013020349,2014,0.0,1,0.536141,0.53538,,0.529354,0.521634,0.530635,0.541588,0.541376,0.539861,0.529363
2013020350,2014,0.0,1,0.470379,0.466511,,0.507417,0.493524,0.507996,0.502175,0.501895,0.495931,0.491528
2013020351,2014,0.0,3,0.616861,0.727928,,0.634499,0.625994,0.635614,0.657297,0.657338,0.644642,0.674773
2013020352,2014,1.0,0,0.624213,0.641738,,0.620315,0.614189,0.618094,0.596503,0.596304,0.611333,0.629453
2013020353,2014,0.0,1,0.481341,0.439067,,0.467758,0.472023,0.468424,0.487772,0.487827,0.48398,0.451931
2013020354,2014,1.0,0,0.47909,0.463822,,0.490125,0.486397,0.485932,0.492233,0.492201,0.500039,0.477575
2013020355,2014,1.0,2,0.549971,0.537992,,0.529753,0.534769,0.530032,0.5216,0.521511,0.526376,0.52973
2013020356,2014,0.0,1,0.598031,0.541815,,0.585997,0.584329,0.58628,0.583883,0.583979,0.581235,0.568278
2013020357,2014,0.0,1,0.579001,0.571309,,0.543912,0.548099,0.544901,0.5578,0.55776,0.553232,0.550781
2013020358,2014,1.0,0,0.513364,0.498119,,0.463407,0.464405,0.462072,0.444998,0.445217,0.445036,0.469435
2013020359,2014,1.0,0,0.453233,0.510809,,0.451527,0.454455,0.450148,0.459159,0.459046,0.461604,0.469799
2013020360,2014,1.0,0,0.626266,0.639734,,0.607367,0.60766,0.60773,0.604669,0.604606,0.613804,0.619386
2013020361,2014,1.0,0,0.501848,0.473621,,0.482384,0.484539,0.479962,0.479828,0.47975,0.479537,0.474325
2013020362,2014,0.0,1,0.381583,0.378007,,0.39033,0.386186,0.390855,0.383639,0.383295,0.3827,0.380063
2013020363,2014,0.0,3,0.504119,0.481435,,0.511537,0.505258,0.511854,0.507612,0.507321,0.508927,0.497984
2013020364,2014,1.0,0,0.496296,0.537652,,0.471834,0.47214,0.472315,0.489499,0.489219,0.492143,0.491835
2013020365,2014,0.0,1,0.457459,0.43578,,0.42612,0.431956,0.426458,0.431896,0.431733,0.426986,0.422642
2013020366,2014,0.0,1,0.59811,0.626823,,0.571163,0.571581,0.571756,0.57989,0.580072,0.573703,0.590637
2013020367,2014,0.0,1,0.542603,0.583873,,0.520359,0.522252,0.52106,0.522938,0.522583,0.525278,0.541401
2013020368,2014,0.0,1,0.579862,0.580876,,0.563472,0.559159,0.560444,0.558661,0.558845,0.566542,0.568367
2013020369,2014,0.0,1,0.545251,0.591704,,0.532921,0.539308,0.534351,0.539065,0.539369,0.547452,0.553222
2013020370,2014,1.0,0,0.466817,0.528383,,0.45452,0.450858,0.456061,0.455245,0.455236,0.452836,0.477803
2013020371,2014,1.0,0,0.55758,0.518521,,0.536643,0.540059,0.533541,0.532632,0.532946,0.540933,0.526639
2013020372,2014,0.0,1,0.434529,0.440697,,0.412337,0.417513,0.412396,0.405677,0.4055,0.405548,0.416184
2013020373,2014,1.0,2,0.62976,0.706003,,0.641498,0.636002,0.641722,0.648099,0.647819,0.639945,0.669556
2013020374,2014,0.0,1,0.524004,0.529918,,0.521422,0.520874,0.519776,0.523433,0.523565,0.516337,0.522404
2013020375,2014,0.0,1,0.47323,0.439409,,0.424822,0.429112,0.423509,0.412908,0.412924,0.417831,0.422073
2013020376,2014,0.0,1,0.382171,0.365034,,0.340378,0.34281,0.34141,0.323462,0.323381,0.33658,0.339661
2013020377,2014,1.0,2,0.551977,0.545718,,0.537269,0.539223,0.535412,0.530924,0.530664,0.536956,0.537944
2013020378,2014,0.0,1,0.533303,0.470536,,0.48565,0.492735,0.486754,0.494,0.493886,0.491447,0.473369
2013020379,2014,0.0,1,0.609229,0.544951,,0.567507,0.569786,0.566455,0.566707,0.566513,0.565815,0.555398
2013020380,2014,1.0,0,0.601479,0.567783,,0.565959,0.567279,0.564689,0.55306,0.552935,0.556305,0.563607
2013020381,2014,0.0,1,0.469495,0.443938,,0.437761,0.441968,0.437925,0.432394,0.432746,0.437104,0.433266
2013020382,2014,0.0,1,0.488174,0.484571,,0.459963,0.461496,0.459028,0.456496,0.456451,0.462291,0.463447
2013020383,2014,1.0,0,0.573481,0.584377,,0.53899,0.54241,0.541559,0.543211,0.543104,0.543674,0.552759
2013020384,2014,1.0,0,0.651956,0.690432,,0.676716,0.675095,0.676969,0.687476,0.68712,0.680453,0.686375
2013020385,2014,1.0,0,0.536,0.554964,,0.52644,0.525046,0.525776,0.52393,0.523686,0.527545,0.534871
2013020386,2014,1.0,2,0.54047,0.548742,,0.53442,0.534323,0.533936,0.537968,0.537982,0.538108,0.537849
2013020387,2014,0.0,1,0.540766,0.590494,,0.566116,0.556176,0.567085,0.571245,0.570965,0.562811,0.576574
2013020388,2014,1.0,2,0.474021,0.522714,,0.47573,0.472676,0.476645,0.482141,0.481991,0.473814,0.490333
2013020389,2014,0.0,1,0.50873,0.455699,,0.46891,0.471472,0.467906,0.462008,0.461954,0.465783,0.457366
2013020390,2014,1.0,0,0.582336,0.579606,,0.558387,0.56264,0.558638,0.564751,0.564872,0.570806,0.564087
2013020391,2014,0.0,3,0.440336,0.434727,,0.419603,0.424377,0.422026,0.4243,0.424249,0.421214,0.418719
2013020392,2014,1.0,0,0.556596,0.542147,,0.514918,0.524363,0.515235,0.525082,0.525126,0.52239,0.520308
2013020393,2014,1.0,0,0.658244,0.665147,,0.657147,0.653639,0.65522,0.646894,0.646552,0.651045,0.662364
2013020394,2014,1.0,0,0.575453,0.648184,,0.614263,0.606607,0.614022,0.622356,0.622326,0.613701,0.630878
2013020395,2014,0.0,1,0.363976,0.417428,,0.369999,0.375974,0.371201,0.376461,0.376412,0.366832,0.381684
2013020396,2014,1.0,2,0.605517,0.676913,,0.632537,0.629048,0.632118,0.633074,0.633146,0.628157,0.653122
2013020397,2014,0.0,3,0.476914,0.523961,,0.499307,0.494789,0.499665,0.503043,0.502693,0.499366,0.507463
2013020398,2014,0.0,3,0.536798,0.500618,,0.505564,0.50839,0.503726,0.506141,0.506174,0.50986,0.498931
2013020399,2014,0.0,1,0.461408,0.427677,,0.445474,0.441867,0.446571,0.454555,0.454247,0.457162,0.433023
2013020400,2014,1.0,2,0.569816,0.511463,,0.543754,0.552313,0.54278,0.541301,0.54138,0.549054,0.528193
2013020401,2014,0.0,1,0.675172,0.764685,,0.732565,0.72446,0.733737,0.740149,0.739815,0.73171,0.752743
2013020402,2014,1.0,2,0.580299,0.606361,,0.585569,0.584291,0.586565,0.590747,0.590629,0.587805,0.59395
2013020403,2014,0.0,1,0.465377,0.409965,,0.425668,0.434711,0.423551,0.43473,0.43464,0.435352,0.411893
2013020404,2014,0.0,1,0.518524,0.527917,,0.51298,0.516843,0.514354,0.516669,0.516536,0.518705,0.515972
2013020405,2014,0.0,3,0.61516,0.620801,,0.584021,0.588743,0.585953,0.578274,0.578576,0.580394,0.596179
2013020406,2014,0.0,1,0.615959,0.627283,,0.589959,0.594117,0.591276,0.600668,0.60076,0.606748,0.602878
2013020407,2014,1.0,0,0.589958,0.531531,,0.579859,0.575487,0.580773,0.557392,0.557213,0.568411,0.560478
2013020408,2014,1.0,0,0.533439,0.563416,,0.531955,0.527596,0.530705,0.528611,0.528411,0.530821,0.542251
2013020409,2014,1.0,0,0.530156,0.558882,,0.512923,0.512085,0.514048,0.523716,0.523809,0.52563,0.527158
2013020410,2014,0.0,1,0.465133,0.37405,,0.419726,0.420786,0.419325,0.425728,0.425766,0.430857,0.393757
2013020411,2014,0.0,3,0.396596,0.438892,,0.400075,0.398851,0.399814,0.394031,0.394065,0.39996,0.409229
2013020412,2014,0.0,1,0.640478,0.665299,,0.626412,0.625439,0.626684,0.619621,0.619754,0.617624,0.641952
2013020413,2014,1.0,0,0.517175,0.517317,,0.523551,0.519085,0.524649,0.533456,0.533439,0.534487,0.519521
2013020414,2014,0.0,1,0.462833,0.495331,,0.442204,0.442956,0.441719,0.433832,0.43385,0.434319,0.456532
2013020415,2014,0.0,1,0.668313,0.697132,,0.674124,0.670316,0.675047,0.677276,0.676941,0.680245,0.686127
2013020416,2014,0.0,1,0.508656,0.473164,,0.466496,0.473653,0.464826,0.47165,0.471618,0.469205,0.462372
2013020417,2014,0.0,1,0.466351,0.486806,,0.473447,0.472842,0.471637,0.476773,0.476769,0.463144,0.475389
2013020418,2014,0.0,3,0.531315,0.501481,,0.509195,0.51482,0.507121,0.490871,0.490799,0.501288,0.502223
2013020419,2014,0.0,3,0.505018,0.595661,,0.54206,0.54326,0.54098,0.560157,0.56019,0.557223,0.563903
2013020420,2014,0.0,1,0.584947,0.582644,,0.572639,0.573848,0.572619,0.567427,0.567534,0.57842,0.57524
2013020421,2014,1.0,0,0.461398,0.467173,,0.445365,0.444253,0.442523,0.454424,0.454439,0.447779,0.448124
2013020422,2014,0.0,1,0.451049,0.423236,,0.417971,0.42282,0.418883,0.41017,0.409934,0.415406,0.412466
2013020423,2014,1.0,2,0.54184,0.477048,,0.51163,0.511183,0.511696,0.516269,0.515783,0.521141,0.493837
2013020424,2014,1.0,0,0.566807,0.530308,,0.542842,0.539357,0.541974,0.54925,0.549272,0.543648,0.534988
2013020425,2014,1.0,0,0.495523,0.432302,,0.487132,0.482669,0.488165,0.486007,0.486006,0.481769,0.462118
2013020426,2014,1.0,0,0.557995,0.524687,,0.518956,0.523193,0.519089,0.508879,0.509256,0.512545,0.516346
2013020427,2014,1.0,0,0.471981,0.528668,,0.460479,0.462301,0.461134,0.46962,0.469541,0.470045,0.481846
2013020428,2014,1.0,0,0.678861,0.676347,,0.674005,0.673039,0.674395,0.673635,0.673388,0.669488,0.677271
2013020429,2014,0.0,1,0.585495,0.57252,,0.561478,0.558421,0.561318,0.562777,0.562663,0.559367,0.563327
2013020430,2014,1.0,0,0.421074,0.413661,,0.420788,0.412314,0.418682,0.416321,0.41613,0.410629,0.412762
2013020431,2014,1.0,0,0.473591,0.507115,,0.470216,0.465809,0.470174,0.473523,0.473553,0.469892,0.480408
2013020432,2014,0.0,1,0.511161,0.587239,,0.55862,0.55335,0.558254,0.573386,0.573597,0.571938,0.571928
2013020433,2014,1.0,0,0.41669,0.368808,,0.402797,0.400854,0.402206,0.412078,0.412018,0.405589,0.38296
2013020434,2014,1.0,0,0.533353,0.536495,,0.500932,0.502454,0.501761,0.50252,0.502757,0.508725,0.509702
2013020435,2014,0.0,3,0.618347,0.6747,,0.614913,0.613721,0.618794,0.627793,0.627658,0.620499,0.639153
2013020436,2014,0.0,1,0.496859,0.472362,,0.469653,0.46704,0.471639,0.482725,0.482888,0.475133,0.465098
2013020437,2014,1.0,2,0.555062,0.601193,,0.571248,0.561238,0.570375,0.573713,0.573598,0.566933,0.583445
2013020438,2014,1.0,0,0.528712,0.567999,,0.526696,0.527625,0.525063,0.522571,0.522422,0.530747,0.540609
2013020439,2014,1.0,0,0.659192,0.646214,,0.652386,0.648795,0.65193,0.647906,0.648154,0.648965,0.651631
2013020440,2014,0.0,3,0.544342,0.652268,,0.582091,0.577456,0.582527,0.596254,0.595876,0.588524,0.612004
2013020441,2014,0.0,1,0.668487,0.629705,,0.615868,0.617737,0.615626,0.612213,0.61212,0.611358,0.618569
2013020442,2014,0.0,3,0.585761,0.576732,,0.53487,0.544034,0.53542,0.538819,0.53894,0.542493,0.546005
2013020443,2014,1.0,0,0.598232,0.661152,,0.592457,0.590901,0.592906,0.601359,0.601583,0.599026,0.619346
2013020444,2014,0.0,3,0.601581,0.571349,,0.591786,0.589759,0.591772,0.589203,0.589106,0.599811,0.583469
2013020445,2014,0.0,1,0.586682,0.647497,,0.634493,0.624844,0.637677,0.642586,0.642228,0.631304,0.644129
2013020446,2014,1.0,0,0.545872,0.553766,,0.52003,0.528795,0.51929,0.52132,0.521724,0.527425,0.52918
2013020447,2014,0.0,3,0.54774,0.627126,,0.57636,0.571626,0.578199,0.586118,0.585783,0.573868,0.597726
2013020448,2014,1.0,0,0.672568,0.71605,,0.680763,0.679504,0.681504,0.68913,0.689087,0.682123,0.69797
2013020449,2014,1.0,0,0.459925,0.421465,,0.432117,0.428215,0.432343,0.429807,0.429733,0.423053,0.42125
2013020450,2014,0.0,1,0.45855,0.376047,,0.428906,0.427951,0.43058,0.433467,0.43339,0.439651,0.401391
2013020451,2014,0.0,1,0.557034,0.603936,,0.556379,0.560569,0.557461,0.574391,0.574194,0.568267,0.573869
2013020452,2014,1.0,0,0.73299,0.74418,,0.72934,0.727513,0.730962,0.726448,0.726372,0.729589,0.738924
2013020453,2014,1.0,0,0.576804,0.610815,,0.59507,0.582232,0.596142,0.606751,0.606673,0.601854,0.602651
2013020454,2014,1.0,2,0.539903,0.58076,,0.557593,0.557454,0.557316,0.571727,0.57165,0.566764,0.566795
2013020455,2014,1.0,0,0.669561,0.667473,,0.647935,0.648498,0.650309,0.643359,0.643297,0.648558,0.655995
2013020456,2014,1.0,0,0.628437,0.627906,,0.616982,0.612065,0.617107,0.620025,0.62008,0.617824,0.621422
2013020457,2014,1.0,0,0.663111,0.601739,,0.640774,0.649572,0.640238,0.641398,0.641263,0.638873,0.626137
2013020458,2014,1.0,2,0.484002,0.440768,,0.460775,0.466146,0.460864,0.463127,0.463047,0.468282,0.447455
2013020459,2014,1.0,2,0.576291,0.579665,,0.573228,0.564165,0.572612,0.58043,0.580328,0.58541,0.575087
2013020460,2014,1.0,0,0.545392,0.479169,,0.509517,0.511384,0.51047,0.501713,0.501677,0.506566,0.492909
2013020461,2014,0.0,1,0.518569,0.42476,,0.493686,0.493616,0.493201,0.487802,0.487773,0.491382,0.462293
2013020462,2014,1.0,2,0.43088,0.483287,,0.437876,0.44118,0.438524,0.447441,0.44726,0.448376,0.450958
2013020463,2014,0.0,1,0.607281,0.667832,,0.598981,0.600139,0.599602,0.596318,0.596614,0.598819,0.626009
2013020464,2014,0.0,1,0.446116,0.429028,,0.437322,0.437606,0.435697,0.433167,0.433177,0.445043,0.428766
2013020465,2014,0.0,1,0.44181,0.455373,,0.427444,0.43304,0.428282,0.436501,0.436581,0.431533,0.432099
2013020466,2014,0.0,1,0.52952,0.525433,,0.540447,0.544818,0.540503,0.538646,0.538575,0.541495,0.533898
2013020467,2014,0.0,1,0.401594,0.360149,,0.384778,0.3833,0.386041,0.37806,0.378175,0.379402,0.367925
2013020468,2014,1.0,2,0.538458,0.581419,,0.524195,0.525952,0.52496,0.519915,0.519822,0.515532,0.543436
2013020469,2014,0.0,3,0.679956,0.716692,,0.686658,0.68956,0.687279,0.700563,0.700313,0.694215,0.70184
2013020470,2014,0.0,1,0.462209,0.375403,,0.412226,0.423473,0.412792,0.403959,0.403897,0.410956,0.389223
2013020471,2014,1.0,0,0.669087,0.672145,,0.651648,0.657569,0.652681,0.660408,0.660545,0.659156,0.660478
2013020472,2014,1.0,0,0.61688,0.585591,,0.603096,0.607039,0.602455,0.596333,0.596209,0.606523,0.595999
2013020473,2014,0.0,1,0.582655,0.627455,,0.586721,0.584202,0.587066,0.596595,0.596405,0.592909,0.602876
2013020474,2014,1.0,0,0.507166,0.552035,,0.490886,0.492308,0.491229,0.480585,0.480543,0.474606,0.510315
2013020475,2014,1.0,0,0.608768,0.688934,,0.622917,0.61777,0.623196,0.631196,0.631206,0.622059,0.651103
2013020476,2014,1.0,2,0.528918,0.512092,,0.51723,0.525167,0.517666,0.516373,0.516457,0.527719,0.51221
2013020477,2014,1.0,0,0.637813,0.70745,,0.660424,0.650535,0.65962,0.660856,0.660648,0.651788,0.68266
2013020478,2014,1.0,0,0.522529,0.471777,,0.506951,0.498883,0.504848,0.507485,0.507085,0.510882,0.489753
2013020479,2014,0.0,3,0.527588,0.528544,,0.52055,0.51503,0.519719,0.516225,0.516183,0.515183,0.521012
2013020480,2014,1.0,2,0.547925,0.483115,,0.495533,0.495528,0.495244,0.5021,0.502121,0.492237,0.484282
2013020481,2014,1.0,0,0.634757,0.618357,,0.617773,0.620154,0.618113,0.625103,0.625046,0.626914,0.617867
2013020482,2014,0.0,1,0.393221,0.419325,,0.391317,0.390232,0.392623,0.400768,0.400828,0.394142,0.395767
2013020483,2014,1.0,0,0.625654,0.706696,,0.619481,0.62379,0.619928,0.615414,0.615417,0.625229,0.655017
2013020484,2014,1.0,0,0.670956,0.607623,,0.607386,0.611489,0.608536,0.607062,0.607065,0.60226,0.603764
2013020485,2014,1.0,2,0.427852,0.500849,,0.433918,0.441074,0.434365,0.454894,0.454565,0.449354,0.455025
2013020486,2014,1.0,0,0.646443,0.649464,,0.663983,0.655864,0.666029,0.662617,0.662545,0.661205,0.662007
2013020487,2014,0.0,3,0.527418,0.570004,,0.530326,0.530716,0.531237,0.52654,0.52633,0.5394,0.544058
2013020488,2014,0.0,1,0.452722,0.467925,,0.461853,0.461729,0.462429,0.468869,0.468702,0.458762,0.460763
2013020489,2014,0.0,1,0.523395,0.496655,,0.518044,0.50969,0.517091,0.510992,0.510798,0.510324,0.507214
2013020490,2014,1.0,0,0.411764,0.359594,,0.383157,0.384332,0.382596,0.386496,0.386163,0.389641,0.36592
2013020491,2014,0.0,1,0.458231,0.529121,,0.480811,0.475748,0.480491,0.485252,0.48491,0.475267,0.497499
2013020492,2014,1.0,0,0.526922,0.614236,,0.528465,0.523594,0.530168,0.533471,0.533455,0.528823,0.560234
2013020493,2014,0.0,3,0.45331,0.507222,,0.445217,0.445236,0.445102,0.445803,0.44571,0.446117,0.463885
2013020494,2014,0.0,3,0.453259,0.411518,,0.413706,0.415981,0.41292,0.411122,0.411521,0.417826,0.404807
2013020495,2014,1.0,0,0.456729,0.360623,,0.42386,0.419413,0.422578,0.417915,0.417819,0.422144,0.39187
2013020496,2014,0.0,1,0.632135,0.617504,,0.602883,0.605598,0.603963,0.602334,0.602277,0.603156,0.607108
2013020497,2014,0.0,3,0.562155,0.566707,,0.571474,0.579492,0.571887,0.572163,0.572183,0.581798,0.569781
2013020498,2014,1.0,0,0.489522,0.523501,,0.498548,0.490649,0.500009,0.502818,0.502784,0.497623,0.505902
2013020499,2014,1.0,2,0.585094,0.52692,,0.563949,0.561653,0.563611,0.561744,0.562011,0.573227,0.547586
2013020500,2014,0.0,1,0.566014,0.579804,,0.557322,0.551038,0.557823,0.558446,0.558255,0.550836,0.564501
2013020501,2014,0.0,1,0.664463,0.572088,,0.622779,0.621804,0.622067,0.612825,0.61285,0.61771,0.601787
2013020502,2014,1.0,2,0.607826,0.71977,,0.644798,0.642746,0.645454,0.652592,0.65265,0.655159,0.678865
2013020503,2014,1.0,0,0.574549,0.576176,,0.5532,0.557657,0.554698,0.548328,0.548376,0.546704,0.559586
2013020504,2014,1.0,0,0.672459,0.647203,,0.643354,0.644108,0.643072,0.628639,0.6285,0.62575,0.64466
2013020505,2014,1.0,0,0.666376,0.641728,,0.636901,0.636268,0.636366,0.637688,0.637684,0.640878,0.638366
2013020506,2014,0.0,1,0.571996,0.544515,,0.53419,0.535417,0.532838,0.541618,0.54184,0.543645,0.533933
2013020507,2014,1.0,2,0.44642,0.492459,,0.453083,0.450935,0.453576,0.456186,0.456135,0.452433,0.464331
2013020508,2014,1.0,0,0.543988,0.502822,,0.536941,0.53275,0.536211,0.536968,0.536656,0.535481,0.521728
2013020509,2014,1.0,0,0.688272,0.75339,,0.681876,0.684275,0.681346,0.68457,0.684447,0.684681,0.713083
2013020510,2014,1.0,0,0.504899,0.506353,,0.49522,0.494816,0.49536,0.507826,0.507653,0.508012,0.495888
2013020511,2014,0.0,1,0.622359,0.522181,,0.583934,0.587782,0.584396,0.59356,0.593517,0.5986,0.557631
2013020512,2014,0.0,3,0.476144,0.50256,,0.491307,0.484328,0.491508,0.496296,0.496032,0.493048,0.493551
2013020513,2014,1.0,0,0.555884,0.532721,,0.554924,0.554372,0.555243,0.558008,0.557885,0.558546,0.545301
2013020514,2014,0.0,1,0.49362,0.545075,,0.459679,0.457422,0.459381,0.468978,0.468982,0.467134,0.486179
2013020515,2014,1.0,0,0.509971,0.571212,,0.510123,0.511911,0.510403,0.520191,0.519759,0.504376,0.531325
2013020516,2014,0.0,1,0.567723,0.491326,,0.560931,0.557338,0.560516,0.560896,0.560769,0.557103,0.532955
2013020517,2014,0.0,1,0.410065,0.356068,,0.386624,0.387154,0.385494,0.392033,0.391773,0.38172,0.367083
2013020518,2014,1.0,2,0.489732,0.485075,,0.451548,0.454663,0.451445,0.451463,0.451362,0.454071,0.45752
2013020519,2014,1.0,0,0.544022,0.58615,,0.523864,0.527776,0.524414,0.544879,0.54493,0.541846,0.544691
2013020520,2014,1.0,0,0.696963,0.701082,,0.678709,0.680218,0.679713,0.681241,0.681155,0.678861,0.688999
2013020521,2014,1.0,0,0.54864,0.583319,,0.538731,0.540858,0.537706,0.541537,0.541839,0.538676,0.553823
2013020522,2014,0.0,3,0.442741,0.587204,,0.490561,0.486073,0.490771,0.51799,0.517924,0.505733,0.52819
2013020523,2014,1.0,0,0.379995,0.382647,,0.398582,0.39281,0.400013,0.418316,0.418184,0.405758,0.387797
2013020524,2014,1.0,2,0.516595,0.489326,,0.502416,0.505926,0.50222,0.51082,0.510632,0.51094,0.493683
2013020525,2014,1.0,0,0.564593,0.59082,,0.55942,0.558493,0.561125,0.560763,0.560356,0.561604,0.570378
2013020526,2014,1.0,0,0.673584,0.616965,,0.600092,0.607401,0.598729,0.588953,0.589144,0.60048,0.601993
2013020527,2014,0.0,1,0.607598,0.595882,,0.613506,0.60763,0.614549,0.627027,0.62686,0.623816,0.608025
2013020528,2014,1.0,2,0.604311,0.66658,,0.587957,0.584784,0.586127,0.592637,0.592577,0.594622,0.618025
2013020529,2014,1.0,0,0.581301,0.640252,,0.593388,0.59379,0.593563,0.599283,0.599288,0.60598,0.612718
2013020530,2014,1.0,0,0.595328,0.646024,,0.595948,0.593682,0.59617,0.606048,0.605864,0.602494,0.615895
2013020531,2014,1.0,0,0.500747,0.544518,,0.472387,0.486434,0.474217,0.477507,0.477718,0.475914,0.494598
2013020532,2014,1.0,0,0.618485,0.603419,,0.58818,0.597783,0.590187,0.571995,0.571976,0.576675,0.592101
2013020533,2014,1.0,0,0.569332,0.533235,,0.564835,0.557125,0.565994,0.56711,0.56716,0.571266,0.551706
2013020534,2014,0.0,3,0.471771,0.566326,,0.503477,0.497109,0.504641,0.512582,0.512798,0.515767,0.527224
2013020535,2014,0.0,1,0.629141,0.676783,,0.617204,0.61936,0.617548,0.620114,0.620255,0.618871,0.640884
2013020536,2014,0.0,1,0.475843,0.541344,,0.48598,0.484644,0.485448,0.507923,0.507836,0.49622,0.504746
2013020537,2014,0.0,3,0.631644,0.674073,,0.616037,0.621093,0.617882,0.61907,0.619022,0.628456,0.638809
2013020538,2014,1.0,0,0.582764,0.577019,,0.591695,0.587183,0.593072,0.592594,0.592347,0.592578,0.586834
2013020539,2014,0.0,3,0.510213,0.533801,,0.521385,0.517633,0.522379,0.523557,0.523658,0.522631,0.524794
2013020540,2014,1.0,2,0.642146,0.649721,,0.654091,0.644399,0.654655,0.669945,0.669711,0.664781,0.655321
2013020541,2014,1.0,0,0.699218,0.719694,,0.689604,0.692959,0.688839,0.684439,0.684333,0.687505,0.703827
2013020542,2014,0.0,3,0.535041,0.485083,,0.549359,0.553858,0.550794,0.548957,0.548758,0.552308,0.524417
2013020543,2014,1.0,2,0.613634,0.637098,,0.606942,0.608362,0.608451,0.603321,0.603337,0.607929,0.61889
2013020544,2014,0.0,1,0.41279,0.44915,,0.432933,0.426991,0.43315,0.434844,0.434757,0.42831,0.43559
2013020545,2014,1.0,0,0.717754,0.732347,,0.718049,0.723463,0.718892,0.71717,0.71696,0.731194,0.72742
2013020546,2014,0.0,3,0.590858,0.488595,,0.538736,0.536937,0.536137,0.521062,0.52111,0.539797,0.51436
2013020547,2014,1.0,0,0.530636,0.500547,,0.521915,0.523793,0.520998,0.522077,0.522405,0.522114,0.510996
2013020548,2014,0.0,3,0.494888,0.490011,,0.483045,0.484221,0.482652,0.486368,0.486047,0.483912,0.481572
2013020549,2014,0.0,1,0.391185,0.372564,,0.389687,0.385541,0.388227,0.407323,0.407225,0.399187,0.37687
2013020550,2014,1.0,2,0.613045,0.629319,,0.608437,0.602878,0.605675,0.608658,0.608344,0.61355,0.61694
2013020551,2014,1.0,0,0.56512,0.624165,,0.542668,0.545144,0.542292,0.546352,0.546478,0.551055,0.571707
2013020552,2014,1.0,0,0.624981,0.603826,,0.605977,0.60394,0.605663,0.616217,0.616186,0.610912,0.604507
2013020553,2014,1.0,2,0.460053,0.456632,,0.448527,0.450622,0.450069,0.452475,0.452455,0.456329,0.44643
2013020554,2014,1.0,2,0.573324,0.672517,,0.574422,0.574532,0.575581,0.578519,0.578744,0.571873,0.613098
2013020555,2014,0.0,1,0.500201,0.467145,,0.476447,0.469712,0.476451,0.474617,0.474811,0.481773,0.467709
2013020556,2014,0.0,1,0.509391,0.546105,,0.517261,0.515083,0.516389,0.527897,0.527525,0.525702,0.526668
2013020557,2014,1.0,0,0.396929,0.486115,,0.444984,0.433302,0.44605,0.456256,0.45598,0.44554,0.459457
2013020558,2014,0.0,1,0.624194,0.671631,,0.615373,0.614024,0.614614,0.616413,0.616446,0.618582,0.63785
2013020559,2014,0.0,1,0.460828,0.493453,,0.46785,0.468112,0.466678,0.470414,0.470147,0.465432,0.474315
2013020560,2014,1.0,0,0.560557,0.622554,,0.55094,0.548177,0.550208,0.568393,0.568351,0.569886,0.577188
2013020561,2014,1.0,0,0.67207,0.629503,,0.627832,0.632057,0.628089,0.616869,0.616749,0.618136,0.626768
2013020562,2014,0.0,1,0.424035,0.396879,,0.404723,0.402682,0.404389,0.407498,0.407377,0.404486,0.394721
2013020563,2014,1.0,2,0.402389,0.333191,,0.375213,0.374306,0.375058,0.368783,0.368551,0.373204,0.350645
2013020564,2014,1.0,0,0.502849,0.492756,,0.507469,0.50518,0.506791,0.535151,0.534785,0.524222,0.499529
2013020565,2014,0.0,1,0.644572,0.634,,0.644331,0.638133,0.644567,0.646438,0.646082,0.652221,0.642185
2013020566,2014,1.0,2,0.618648,0.661984,,0.62166,0.618918,0.621196,0.636967,0.636706,0.633733,0.638742
2013020567,2014,1.0,0,0.663409,0.628533,,0.62889,0.637277,0.628765,0.624124,0.624161,0.628505,0.627759
2013020568,2014,1.0,2,0.599349,0.555554,,0.575257,0.577509,0.574635,0.578924,0.578718,0.582162,0.565707
2013020569,2014,0.0,3,0.550316,0.623768,,0.558257,0.555698,0.556851,0.576664,0.57655,0.563571,0.583495
2013020570,2014,1.0,0,0.562268,0.444293,,0.518423,0.516159,0.518043,0.511676,0.511695,0.516878,0.484614
2013020571,2014,0.0,3,0.375754,0.467392,,0.403914,0.394221,0.403364,0.411016,0.410752,0.410462,0.424197
2013020572,2014,1.0,0,0.670969,0.712167,,0.683963,0.681057,0.683428,0.685183,0.684964,0.684799,0.698748
2013020573,2014,1.0,0,0.530396,0.57707,,0.517862,0.513987,0.518129,0.503707,0.503813,0.508439,0.537767
2013020574,2014,1.0,0,0.5944,0.610174,,0.582781,0.588825,0.58656,0.581319,0.581569,0.581574,0.592526
2013020575,2014,0.0,1,0.57108,0.513362,,0.51507,0.515382,0.513602,0.507842,0.507668,0.50834,0.508317
2013020576,2014,0.0,3,0.494489,0.469096,,0.478528,0.475044,0.478198,0.482907,0.482896,0.479071,0.470322
2013020577,2014,1.0,0,0.421867,0.474275,,0.451885,0.4451,0.452622,0.455194,0.455064,0.448545,0.458157
2013020578,2014,0.0,3,0.540519,0.593245,,0.522335,0.523281,0.522941,0.521624,0.521583,0.524711,0.546641
2013020579,2014,0.0,1,0.468637,0.455232,,0.46597,0.470033,0.466015,0.464686,0.464515,0.455992,0.45775
2013020580,2014,0.0,1,0.503508,0.473776,,0.472458,0.472715,0.473114,0.469011,0.468807,0.472967,0.467199
2013020581,2014,1.0,2,0.508249,0.528845,,0.504667,0.500022,0.504004,0.515635,0.515435,0.511499,0.511085
2013020582,2014,1.0,0,0.418946,0.374248,,0.386928,0.388404,0.383957,0.382195,0.381979,0.380125,0.373775
2013020583,2014,1.0,2,0.614575,0.636795,,0.598067,0.604844,0.598816,0.594241,0.594045,0.599931,0.612449
2013020584,2014,0.0,3,0.481462,0.419971,,0.468601,0.470366,0.468427,0.472637,0.472725,0.469257,0.445093
2013020585,2014,1.0,2,0.45458,0.506648,,0.457575,0.459707,0.45933,0.470568,0.470324,0.458881,0.472449
2013020586,2014,1.0,0,0.431285,0.520278,,0.431659,0.433795,0.432065,0.441629,0.441441,0.43519,0.460599
2013020587,2014,0.0,1,0.422017,0.486575,,0.436665,0.432364,0.437148,0.456262,0.456177,0.441286,0.451942
2013020588,2014,0.0,3,0.473444,0.472709,,0.464956,0.470855,0.46757,0.474758,0.474793,0.478336,0.463435
2013020589,2014,0.0,1,0.444008,0.368922,,0.41218,0.415823,0.411447,0.406321,0.405971,0.412652,0.387815
2013020590,2014,1.0,0,0.595136,0.537801,,0.557255,0.564713,0.557882,0.549253,0.549033,0.554342,0.546266
2013020591,2014,0.0,1,0.559294,0.521271,,0.517958,0.519165,0.517982,0.504747,0.504716,0.508811,0.514228
2013020592,2014,0.0,1,0.587998,0.58765,,0.556259,0.555923,0.557095,0.551003,0.550942,0.548883,0.565327
2013020593,2014,0.0,3,0.579334,0.535097,,0.542277,0.550331,0.542323,0.547607,0.547774,0.553503,0.535579
2013020594,2014,1.0,0,0.543546,0.608548,,0.566005,0.561067,0.567229,0.578287,0.578182,0.571809,0.583372
2013020595,2014,1.0,0,0.509191,0.599542,,0.529307,0.533619,0.531186,0.533544,0.533279,0.52899,0.556144
2013020596,2014,1.0,0,0.588649,0.604527,,0.560306,0.56511,0.559488,0.560874,0.56099,0.55658,0.574774
2013020597,2014,1.0,0,0.510992,0.479598,,0.46737,0.473443,0.466079,0.461017,0.460956,0.46433,0.465312
2013020598,2014,0.0,3,0.598143,0.536252,,0.588185,0.586334,0.588494,0.577993,0.578076,0.582008,0.567734
2013020599,2014,1.0,0,0.41475,0.553069,,0.447609,0.442484,0.447511,0.469229,0.469234,0.454928,0.485912
2013020600,2014,0.0,3,0.460001,0.471438,,0.449903,0.453521,0.449986,0.454109,0.453982,0.448817,0.453093
2013020601,2014,0.0,1,0.427691,0.430599,,0.411211,0.409748,0.410874,0.413197,0.412911,0.409706,0.41199
2013020602,2014,0.0,1,0.702702,0.711821,,0.680224,0.683745,0.681012,0.680607,0.68068,0.68133,0.693927
2013020603,2014,1.0,2,0.45768,0.544778,,0.465692,0.461071,0.465793,0.469709,0.469527,0.469779,0.492779
2013020604,2014,1.0,0,0.582472,0.628682,,0.598738,0.593732,0.598155,0.594237,0.59411,0.593944,0.611844
2013020605,2014,1.0,0,0.476,0.481624,,0.445631,0.454244,0.444594,0.450422,0.450405,0.441835,0.452875
2013020606,2014,1.0,0,0.551169,0.510915,,0.543859,0.546145,0.543969,0.538349,0.538281,0.537071,0.529315
2013020607,2014,1.0,0,0.548388,0.529216,,0.535166,0.537563,0.53526,0.528147,0.528156,0.533656,0.530318
2013020608,2014,0.0,1,0.480873,0.415516,,0.473619,0.4715,0.472974,0.477174,0.476856,0.474506,0.44694
2013020609,2014,1.0,2,0.631068,0.642393,,0.608802,0.607533,0.608386,0.611014,0.611027,0.609023,0.621123
2013020610,2014,0.0,3,0.557697,0.618956,,0.564489,0.557743,0.563979,0.557846,0.558018,0.556643,0.585485
2013020611,2014,0.0,1,0.582447,0.53914,,0.573177,0.567849,0.572832,0.569954,0.569816,0.568519,0.559077
2013020612,2014,1.0,2,0.672225,0.675395,,0.664822,0.667186,0.665831,0.663356,0.663266,0.665879,0.670838
2013020613,2014,1.0,2,0.370225,0.349873,,0.362194,0.361932,0.361875,0.362297,0.362103,0.356891,0.350122
2013020614,2014,0.0,3,0.627818,0.554434,,0.597546,0.596518,0.597507,0.596274,0.596267,0.595665,0.579376
2013020615,2014,1.0,0,0.565021,0.580397,,0.549293,0.554765,0.550198,0.559686,0.559718,0.558858,0.55909
2013020616,2014,1.0,0,0.563864,0.539236,,0.526756,0.528365,0.524774,0.537518,0.537426,0.526947,0.527136
2013020617,2014,1.0,0,0.588588,0.602516,,0.584699,0.584497,0.583492,0.58123,0.581216,0.577386,0.591288
2013020618,2014,0.0,1,0.540345,0.612156,,0.509637,0.514839,0.510943,0.511442,0.511209,0.501329,0.5452
2013020619,2014,1.0,0,0.531984,0.465448,,0.504363,0.510111,0.503976,0.495997,0.496151,0.500457,0.484828
2013020620,2014,0.0,1,0.57928,0.573007,,0.577284,0.575481,0.576751,0.582084,0.581948,0.573473,0.575215
2013020621,2014,1.0,0,0.689357,0.724438,,0.655202,0.663902,0.654917,0.653619,0.653648,0.657865,0.682707
2013020622,2014,0.0,1,0.417602,0.474843,,0.408113,0.409929,0.407258,0.429545,0.429604,0.413978,0.4272
2013020623,2014,1.0,0,0.651686,0.529777,,0.577056,0.585884,0.576321,0.567995,0.567996,0.573427,0.553464
2013020624,2014,0.0,1,0.460714,0.419298,,0.442447,0.440034,0.44197,0.453187,0.45286,0.435429,0.427682
2013020625,2014,1.0,0,0.700281,0.740367,,0.691592,0.697116,0.691682,0.681945,0.68188,0.686326,0.713475
2013020626,2014,1.0,0,0.672655,0.662369,,0.626127,0.636533,0.626754,0.627425,0.6274,0.626785,0.638394
2013020627,2014,1.0,0,0.468055,0.41275,,0.444274,0.445045,0.444501,0.440233,0.440444,0.439883,0.425953
2013020628,2014,1.0,0,0.486216,0.443449,,0.455667,0.459012,0.456827,0.459338,0.459087,0.458476,0.444715
2013020629,2014,0.0,1,0.532683,0.4397,,0.494059,0.498998,0.494958,0.493158,0.492874,0.498372,0.467455
2013020630,2014,0.0,3,0.589782,0.528107,,0.554914,0.557009,0.553467,0.546383,0.546304,0.559596,0.541231
2013020631,2014,1.0,2,0.503891,0.586319,,0.54413,0.539391,0.544984,0.556473,0.556434,0.540676,0.561778
2013020632,2014,0.0,1,0.55845,0.511512,,0.538062,0.539109,0.537844,0.537009,0.536808,0.536192,0.524901
2013020633,2014,1.0,0,0.658012,0.61956,,0.644109,0.643699,0.6441,0.647098,0.646974,0.63867,0.635628
2013020634,2014,0.0,1,0.56484,0.536744,,0.528513,0.536504,0.528739,0.530976,0.531161,0.526166,0.527362
2013020635,2014,1.0,0,0.508723,0.529291,,0.480421,0.48475,0.47877,0.486501,0.486395,0.471292,0.493914
2013020636,2014,0.0,1,0.54923,0.549446,,0.534023,0.533605,0.533961,0.539867,0.539838,0.537849,0.537254
2013020637,2014,1.0,0,0.583414,0.592259,,0.570772,0.575947,0.572332,0.573708,0.573536,0.574176,0.577747
2013020638,2014,1.0,0,0.698872,0.620704,,0.661792,0.669473,0.661627,0.66388,0.663868,0.672432,0.646005
2013020639,2014,1.0,0,0.532955,0.579888,,0.528542,0.529766,0.530337,0.538469,0.538492,0.533704,0.546288
2013020640,2014,0.0,3,0.603118,0.581645,,0.609608,0.603235,0.610918,0.609254,0.609201,0.610988,0.600103
2013020641,2014,1.0,0,0.443897,0.372483,,0.453336,0.446745,0.453747,0.449741,0.449365,0.448639,0.418034
2013020642,2014,1.0,2,0.597584,0.608426,,0.581469,0.591052,0.581549,0.580002,0.579908,0.590696,0.590699
2013020643,2014,1.0,0,0.496165,0.466501,,0.479385,0.474008,0.479357,0.488681,0.488352,0.482886,0.469822
2013020644,2014,0.0,3,0.584649,0.638734,,0.591738,0.589568,0.591312,0.592475,0.592353,0.593547,0.61074
2013020645,2014,1.0,0,0.649302,0.555929,,0.606312,0.608174,0.606599,0.596139,0.595958,0.600923,0.584786
2013020646,2014,0.0,1,0.620843,0.590869,,0.591064,0.597718,0.591048,0.569517,0.569777,0.585573,0.589137
2013020648,2014,0.0,1,0.580211,0.537847,,0.562267,0.563848,0.563147,0.561167,0.561028,0.566038,0.550896
2013020649,2014,0.0,3,0.521325,0.568886,,0.511408,0.513417,0.51107,0.532635,0.532724,0.519272,0.530573
2013020650,2014,1.0,0,0.431796,0.409333,,0.413232,0.407496,0.411243,0.402434,0.402513,0.40831,0.405029
2013020651,2014,0.0,1,0.4945,0.501036,,0.526592,0.520906,0.527471,0.53405,0.533693,0.528017,0.516937
2013020652,2014,1.0,0,0.620317,0.667577,,0.627625,0.622321,0.627645,0.631189,0.631054,0.627134,0.64503
2013020653,2014,0.0,1,0.369524,0.344427,,0.384105,0.381092,0.384521,0.379784,0.379612,0.381132,0.36339
2013020654,2014,0.0,3,0.459193,0.50252,,0.462845,0.453024,0.462863,0.457197,0.457214,0.450874,0.474329
2013020655,2014,1.0,0,0.536892,0.562625,,0.532005,0.530728,0.530224,0.535676,0.535539,0.530332,0.54175
2013020656,2014,0.0,3,0.647955,0.711173,,0.681697,0.676304,0.683781,0.673843,0.673384,0.678064,0.698221
2013020657,2014,1.0,0,0.539795,0.603768,,0.548506,0.543704,0.546351,0.570561,0.570399,0.550045,0.569373
2013020658,2014,0.0,1,0.654332,0.60497,,0.621891,0.620268,0.621933,0.611862,0.611841,0.613657,0.614333
2013020659,2014,1.0,2,0.552932,0.476454,,0.49757,0.502201,0.494964,0.489269,0.489321,0.499477,0.48283
2013020660,2014,0.0,3,0.557104,0.507155,,0.496038,0.501922,0.497392,0.48793,0.4878,0.49374,0.493285
2013020661,2014,1.0,0,0.538204,0.560399,,0.54056,0.532772,0.539497,0.544693,0.544389,0.537889,0.546889
2013020662,2014,1.0,0,0.519685,0.617222,,0.520199,0.515984,0.518438,0.521246,0.52147,0.519437,0.556075
2013020663,2014,0.0,1,0.564267,0.58173,,0.527652,0.536032,0.527491,0.525811,0.525987,0.522987,0.544288
2013020664,2014,0.0,1,0.420116,0.410053,,0.413422,0.408129,0.412442,0.420648,0.420579,0.421086,0.406209
2013020665,2014,0.0,1,0.366222,0.370706,,0.335332,0.336277,0.335112,0.33115,0.331149,0.332555,0.339176
2013020666,2014,0.0,1,0.576965,0.645381,,0.602763,0.591582,0.602083,0.601397,0.601134,0.600366,0.62161
2013020667,2014,1.0,0,0.529044,0.568948,,0.543392,0.537577,0.544864,0.549562,0.549488,0.541186,0.552829
2013020668,2014,1.0,0,0.621105,0.617284,,0.595108,0.599862,0.594211,0.599569,0.599266,0.604959,0.60225
2013020669,2014,1.0,0,0.579043,0.616326,,0.604285,0.595248,0.60317,0.606722,0.606429,0.606813,0.611178
2013020670,2014,1.0,0,0.591185,0.622855,,0.608544,0.600395,0.606892,0.594313,0.594509,0.595993,0.615938
2013020671,2014,1.0,0,0.582758,0.602131,,0.594654,0.593038,0.594145,0.597714,0.5978,0.60007,0.598601
2013020672,2014,0.0,3,0.587956,0.525434,,0.559296,0.563638,0.558067,0.554242,0.554514,0.555191,0.543477
2013020673,2014,1.0,2,0.345083,0.369272,,0.370425,0.365191,0.370995,0.37712,0.377005,0.369341,0.365069
2013020674,2014,1.0,0,0.466423,0.486556,,0.471886,0.462039,0.472275,0.467613,0.467488,0.469546,0.474173
2013020675,2014,0.0,1,0.551192,0.537356,,0.566977,0.558888,0.566336,0.5729,0.572598,0.556347,0.556034
2013020676,2014,1.0,2,0.452387,0.410268,,0.440565,0.443419,0.441359,0.446196,0.446139,0.448351,0.423393
2013020677,2014,1.0,2,0.609714,0.598465,,0.583232,0.582748,0.582965,0.575322,0.575218,0.581645,0.587251
2013020678,2014,0.0,3,0.521297,0.472498,,0.471593,0.470601,0.469133,0.468467,0.468377,0.477053,0.46491
2013020679,2014,0.0,1,0.515665,0.557336,,0.530472,0.524185,0.530329,0.534886,0.53453,0.529853,0.540014
2013020680,2014,0.0,1,0.544424,0.531937,,0.527669,0.53325,0.528735,0.54111,0.540949,0.536372,0.526277
2013020681,2014,0.0,1,0.455329,0.484639,,0.461332,0.445365,0.459725,0.471091,0.470925,0.458379,0.466637
2013020682,2014,0.0,1,0.348377,0.422966,,0.353937,0.351438,0.352411,0.359402,0.359281,0.362095,0.373142
2013020683,2014,0.0,1,0.629395,0.67005,,0.631979,0.631587,0.634725,0.642621,0.642426,0.64041,0.648469
2013020684,2014,0.0,1,0.537744,0.560107,,0.530493,0.529473,0.528727,0.53391,0.533801,0.531397,0.539638
2013020685,2014,0.0,3,0.638525,0.640395,,0.640189,0.633501,0.63953,0.631852,0.631737,0.640641,0.64208
2013020686,2014,0.0,1,0.575513,0.595972,,0.548935,0.557405,0.550217,0.549573,0.549864,0.545794,0.564233
2013020687,2014,1.0,2,0.532372,0.469771,,0.497185,0.502645,0.498763,0.492295,0.491967,0.50407,0.481356
2013020688,2014,1.0,0,0.558343,0.587092,,0.582762,0.581386,0.582847,0.587629,0.587549,0.597394,0.585935
2013020689,2014,1.0,0,0.727391,0.735845,,0.722963,0.719979,0.723484,0.724181,0.724141,0.721446,0.731587
2013020690,2014,0.0,1,0.524811,0.570347,,0.530899,0.523043,0.529907,0.512534,0.51248,0.524245,0.544772
2013020691,2014,1.0,0,0.643182,0.646417,,0.628503,0.644788,0.633545,0.63175,0.631353,0.644399,0.635806
2013020692,2014,0.0,1,0.583528,0.642035,,0.619909,0.619585,0.622212,0.628474,0.628537,0.626144,0.631925
2013020693,2014,1.0,0,0.522762,0.508562,,0.557728,0.553122,0.558685,0.562876,0.562799,0.558665,0.540262
2013020694,2014,1.0,0,0.505589,0.486762,,0.493919,0.493916,0.494853,0.493839,0.493842,0.490953,0.487366
2013020695,2014,1.0,0,0.586949,0.655547,,0.586792,0.591188,0.58784,0.592449,0.592535,0.590366,0.613862
2013020696,2014,0.0,1,0.667497,0.70545,,0.667636,0.667175,0.666337,0.663681,0.663717,0.661623,0.684957
2013020697,2014,0.0,1,0.554015,0.588923,,0.58494,0.580808,0.5855,0.588874,0.588731,0.59446,0.588475
2013020698,2014,0.0,3,0.48542,0.447598,,0.479461,0.470615,0.481136,0.479453,0.479483,0.480834,0.463283
2013020699,2014,0.0,1,0.468451,0.444884,,0.439045,0.446803,0.438953,0.443253,0.443081,0.446594,0.434612
2013020700,2014,0.0,1,0.591915,0.494852,,0.578426,0.577546,0.579671,0.568123,0.567939,0.57667,0.545318
2013020701,2014,1.0,0,0.502916,0.55046,,0.532726,0.530154,0.532408,0.550228,0.550309,0.537939,0.539801
2013020702,2014,0.0,3,0.664966,0.699008,,0.681145,0.672676,0.680324,0.687009,0.686834,0.689413,0.691993
2013020703,2014,1.0,0,0.666959,0.644769,,0.651479,0.652757,0.651541,0.663613,0.663497,0.66319,0.649903
2013020704,2014,1.0,0,0.577839,0.611393,,0.609744,0.602641,0.608994,0.600847,0.600718,0.606429,0.613231
2013020705,2014,0.0,1,0.547771,0.469628,,0.490314,0.497297,0.489498,0.492854,0.492843,0.491032,0.475373
2013020706,2014,1.0,0,0.6109,0.670348,,0.597683,0.604458,0.598259,0.599804,0.599922,0.600024,0.625895
2013020707,2014,1.0,2,0.600044,0.576337,,0.579806,0.585827,0.580604,0.577168,0.577204,0.583879,0.576904
2013020708,2014,1.0,0,0.66303,0.625341,,0.622734,0.630459,0.62124,0.62697,0.62669,0.631031,0.622155
2013020709,2014,1.0,0,0.617412,0.632375,,0.570954,0.581939,0.569996,0.564972,0.564885,0.574185,0.591402
2013020710,2014,1.0,0,0.57271,0.597507,,0.584561,0.58152,0.585116,0.592381,0.592451,0.591958,0.590296
2013020711,2014,0.0,3,0.606804,0.620856,,0.601558,0.600022,0.603206,0.615103,0.615093,0.60993,0.609179
2013020712,2014,0.0,3,0.530651,0.578334,,0.53459,0.5345,0.535801,0.539743,0.539873,0.537611,0.550125
2013020713,2014,0.0,3,0.612233,0.612817,,0.601724,0.603849,0.602586,0.608906,0.60898,0.603698,0.60581
2013020714,2014,0.0,1,0.398349,0.417815,,0.424174,0.418788,0.42552,0.434726,0.434906,0.423098,0.41829
2013020715,2014,0.0,1,0.588964,0.508302,,0.567048,0.567535,0.56575,0.567242,0.567116,0.567437,0.542429
2013020716,2014,1.0,0,0.615891,0.600402,,0.575238,0.582054,0.57589,0.58123,0.581273,0.57038,0.581898
2013020717,2014,0.0,1,0.446944,0.455635,,0.438852,0.439306,0.440225,0.451279,0.451304,0.442919,0.440014
2013020718,2014,1.0,2,0.562416,0.45187,,0.502831,0.512139,0.504209,0.487742,0.487815,0.492316,0.476432
2013020719,2014,0.0,1,0.509352,0.461246,,0.461271,0.461806,0.459227,0.463056,0.463148,0.46811,0.454024
2013020720,2014,1.0,0,0.51217,0.57205,,0.528977,0.525907,0.527762,0.543617,0.543565,0.53612,0.544907
2013020721,2014,1.0,0,0.545981,0.575925,,0.532311,0.537059,0.531801,0.546931,0.546866,0.543778,0.546546
2013020722,2014,1.0,0,0.556486,0.605175,,0.572024,0.558992,0.570653,0.57616,0.576102,0.586237,0.585458
2013020723,2014,0.0,1,0.519516,0.501771,,0.506162,0.507719,0.507166,0.502388,0.502238,0.495126,0.500958
2013020724,2014,0.0,1,0.490334,0.482525,,0.471781,0.46679,0.472159,0.472641,0.47286,0.468885,0.470956
2013020725,2014,1.0,2,0.602527,0.662641,,0.589015,0.591488,0.589082,0.574559,0.574652,0.578701,0.617271
2013020726,2014,0.0,3,0.46431,0.460484,,0.461199,0.460715,0.46132,0.462414,0.462169,0.465074,0.456662
2013020727,2014,1.0,0,0.505996,0.509378,,0.484766,0.489367,0.486727,0.485678,0.485628,0.492772,0.489517
2013020728,2014,1.0,2,0.466643,0.413294,,0.444757,0.444659,0.44372,0.44519,0.445088,0.445226,0.426597
2013020729,2014,1.0,0,0.590253,0.611328,,0.593117,0.592179,0.594381,0.604088,0.604013,0.592302,0.600581
2013020730,2014,1.0,0,0.573383,0.602962,,0.550667,0.548169,0.550319,0.54775,0.547792,0.551907,0.568357
2013020731,2014,0.0,1,0.552616,0.593244,,0.607527,0.591618,0.606432,0.613968,0.613741,0.611828,0.606331
2013020732,2014,0.0,1,0.502069,0.565805,,0.524067,0.517707,0.523336,0.52506,0.524882,0.524025,0.539652
2013020733,2014,1.0,0,0.552794,0.541581,,0.549005,0.545191,0.549544,0.529184,0.529006,0.534533,0.544677
2013020734,2014,1.0,2,0.555015,0.516248,,0.51854,0.519304,0.518637,0.51546,0.515244,0.514871,0.512996
2013020735,2014,1.0,2,0.656524,0.666683,,0.684851,0.681247,0.687615,0.684577,0.684169,0.676753,0.682793
2013020736,2014,1.0,2,0.574818,0.583243,,0.573653,0.567298,0.572635,0.578594,0.578659,0.570005,0.576871
2013020737,2014,0.0,1,0.476699,0.505888,,0.513153,0.50286,0.512101,0.518322,0.518096,0.515977,0.510391
2013020738,2014,1.0,0,0.582723,0.620366,,0.592749,0.593568,0.592313,0.60897,0.608799,0.606944,0.604341
2013020739,2014,1.0,0,0.562981,0.538936,,0.529301,0.534256,0.52817,0.516464,0.51648,0.521028,0.528897
2013020740,2014,1.0,2,0.501929,0.485439,,0.488527,0.490533,0.488349,0.481455,0.481436,0.49931,0.483253
2013020741,2014,0.0,1,0.739584,0.705297,,0.714369,0.715729,0.714455,0.716183,0.715819,0.722731,0.712937
2013020742,2014,0.0,1,0.448328,0.466949,,0.432294,0.435729,0.432818,0.429352,0.429374,0.436084,0.439553
2013020743,2014,1.0,0,0.524483,0.529189,,0.512654,0.506594,0.511476,0.506852,0.506638,0.50602,0.515833
2013020744,2014,0.0,1,0.561233,0.613525,,0.569027,0.558876,0.56663,0.576715,0.576718,0.565714,0.586307
2013020745,2014,1.0,0,0.712584,0.729613,,0.718823,0.723319,0.719981,0.723792,0.723455,0.723446,0.727235
2013020746,2014,0.0,1,0.540092,0.518516,,0.512598,0.512182,0.512639,0.50249,0.502288,0.507831,0.510631
2013020747,2014,1.0,0,0.426864,0.514243,,0.444015,0.443133,0.442847,0.447387,0.447477,0.456653,0.467495
2013020748,2014,0.0,1,0.619549,0.641313,,0.634103,0.633115,0.636719,0.647304,0.647263,0.646685,0.639357
2013020750,2014,0.0,1,0.555509,0.519672,,0.525006,0.524837,0.524225,0.526734,0.526731,0.527912,0.518901
2013020751,2014,1.0,0,0.484311,0.478717,,0.47264,0.470442,0.472035,0.477323,0.477324,0.480172,0.470505
2013020752,2014,1.0,0,0.534561,0.599063,,0.548199,0.54632,0.547886,0.555824,0.555767,0.560965,0.567645
2013020753,2014,0.0,1,0.570894,0.599838,,0.567162,0.567519,0.566788,0.571934,0.571904,0.570976,0.578976
2013020754,2014,0.0,1,0.434511,0.411507,,0.411845,0.410168,0.41033,0.410884,0.410765,0.415638,0.404702
2013020755,2014,0.0,1,0.682927,0.593246,,0.631078,0.64136,0.63194,0.630426,0.630541,0.638519,0.614477
2013020749,2014,0.0,1,0.614861,0.567149,,0.592233,0.594284,0.594099,0.594024,0.593883,0.588796,0.581282
2013020756,2014,1.0,0,0.646219,0.621791,,0.623693,0.624644,0.623663,0.626338,0.626234,0.626166,0.622636
2013020757,2014,1.0,2,0.425392,0.404747,,0.386311,0.386505,0.387518,0.379925,0.37984,0.383127,0.384561
2013020758,2014,1.0,0,0.470427,0.444915,,0.424353,0.424141,0.422744,0.418223,0.418358,0.425122,0.424021
2013020759,2014,0.0,1,0.520224,0.458806,,0.480019,0.484316,0.482723,0.478223,0.478069,0.480139,0.465706
2013020760,2014,0.0,1,0.482374,0.518186,,0.471565,0.476795,0.472588,0.486195,0.486271,0.488753,0.48505
2013020761,2014,1.0,0,0.560802,0.58282,,0.55566,0.562983,0.557977,0.562253,0.562192,0.572819,0.56484
2013020762,2014,1.0,2,0.579575,0.549261,,0.5367,0.539555,0.536158,0.540006,0.540039,0.544674,0.537046
2013020763,2014,0.0,1,0.401844,0.463543,,0.401066,0.395692,0.398628,0.405258,0.405135,0.409179,0.418897
2013020764,2014,1.0,0,0.41631,0.384416,,0.385785,0.389346,0.386978,0.387743,0.387638,0.381697,0.37704
2013020765,2014,1.0,0,0.536619,0.625761,,0.555062,0.551106,0.553078,0.566815,0.566826,0.562711,0.58294
2013020766,2014,0.0,1,0.615878,0.57649,,0.608365,0.605434,0.609885,0.619645,0.619357,0.614169,0.59639
2013020767,2014,1.0,0,0.58194,0.533472,,0.517896,0.523641,0.51605,0.501405,0.501241,0.505012,0.517355
2013020768,2014,1.0,0,0.660823,0.673777,,0.625941,0.632214,0.624914,0.633086,0.632838,0.639033,0.643642
2013020769,2014,1.0,0,0.555928,0.606378,,0.565734,0.564543,0.56453,0.57301,0.57291,0.57475,0.581517
2013020771,2014,1.0,0,0.538025,0.574429,,0.507938,0.50902,0.509272,0.501718,0.501769,0.505646,0.529164
2013020772,2014,0.0,1,0.481292,0.526531,,0.506348,0.499462,0.505428,0.523461,0.523445,0.509425,0.513186
2013020773,2014,1.0,2,0.497738,0.498424,,0.453979,0.454502,0.453441,0.453942,0.453883,0.458281,0.463843
2013020774,2014,0.0,1,0.471946,0.42565,,0.456424,0.459643,0.457436,0.459984,0.45995,0.458403,0.439307
2013020770,2014,1.0,0,0.508833,0.53534,,0.49316,0.491282,0.491481,0.490767,0.490847,0.493069,0.505346
2013020775,2014,0.0,3,0.417253,0.455529,,0.375154,0.381549,0.374745,0.366611,0.366563,0.381607,0.396065
2013020776,2014,0.0,1,0.455372,0.424431,,0.451069,0.445919,0.450661,0.456376,0.456383,0.451712,0.436132
2013020777,2014,0.0,1,0.570028,0.540211,,0.550569,0.552996,0.550566,0.548748,0.548446,0.553351,0.544111
2013020778,2014,1.0,0,0.572596,0.589165,,0.565972,0.561891,0.566106,0.576452,0.576457,0.575213,0.573853
2013020779,2014,0.0,1,0.655024,0.684043,,0.642306,0.645015,0.642992,0.647876,0.647809,0.644169,0.65958
2013020780,2014,1.0,2,0.532897,0.589042,,0.551844,0.542457,0.550524,0.551891,0.552017,0.540873,0.566404
2013020781,2014,1.0,0,0.414012,0.489538,,0.419577,0.419139,0.420053,0.41863,0.418769,0.42087,0.4413
2013020782,2014,0.0,1,0.513172,0.589867,,0.533366,0.528298,0.534654,0.549981,0.549901,0.549534,0.554935
2013020783,2014,1.0,2,0.648046,0.706134,,0.660892,0.661818,0.660644,0.662902,0.662784,0.669963,0.681808
2013020784,2014,0.0,1,0.51953,0.525793,,0.486913,0.487119,0.485403,0.490357,0.490354,0.481081,0.49648
2013020785,2014,0.0,3,0.623769,0.599097,,0.569328,0.57256,0.571002,0.558938,0.558827,0.567647,0.576644
2013020786,2014,0.0,1,0.684179,0.706251,,0.689746,0.68965,0.689096,0.695311,0.69501,0.700535,0.699612
2013020787,2014,1.0,0,0.493071,0.471742,,0.483961,0.481373,0.484898,0.487218,0.486905,0.493404,0.475309
2013020788,2014,1.0,2,0.585763,0.567,,0.563583,0.568272,0.565455,0.570661,0.570465,0.564508,0.562676
2013020789,2014,0.0,1,0.415602,0.438592,,0.403172,0.396073,0.40115,0.400938,0.400978,0.405375,0.410069
2013020790,2014,1.0,0,0.494628,0.481432,,0.483834,0.479688,0.482349,0.475548,0.475642,0.480362,0.478848
2013020791,2014,1.0,0,0.73098,0.733473,,0.710849,0.711247,0.709463,0.714152,0.713996,0.714476,0.721955
2013020792,2014,0.0,1,0.546573,0.624971,,0.552686,0.547958,0.552905,0.561373,0.561382,0.553201,0.580303
2013020793,2014,0.0,1,0.660181,0.675374,,0.654863,0.651302,0.655938,0.649563,0.649299,0.644508,0.664604
2013020794,2014,0.0,1,0.578212,0.550365,,0.555496,0.560624,0.553915,0.546572,0.546366,0.549556,0.550992
2013020795,2014,1.0,0,0.709654,0.672391,,0.669357,0.675768,0.670715,0.663786,0.663613,0.666721,0.670312
2013020796,2014,1.0,0,0.502275,0.495363,,0.492332,0.493646,0.493801,0.487281,0.487046,0.487912,0.489768
2013020797,2014,1.0,0,0.541229,0.551746,,0.55164,0.547831,0.551988,0.572731,0.572623,0.562249,0.551244
2013020798,2014,0.0,1,0.572751,0.569734,,0.539474,0.540607,0.539341,0.548518,0.548582,0.548299,0.54743
2013020799,2014,0.0,3,0.470571,0.406148,,0.438113,0.439192,0.438911,0.439828,0.43962,0.446184,0.418869
2013020800,2014,1.0,0,0.587682,0.537269,,0.573193,0.576384,0.574359,0.565107,0.564787,0.570389,0.558019
2013020801,2014,1.0,0,0.658938,0.626025,,0.645636,0.642595,0.646291,0.652633,0.652429,0.651916,0.639116
2013020802,2014,0.0,1,0.575243,0.546178,,0.586596,0.58346,0.58843,0.589634,0.589575,0.592368,0.571906
2013020803,2014,1.0,2,0.360128,0.3429,,0.334054,0.33552,0.334086,0.336809,0.33676,0.33237,0.328272
2013020804,2014,1.0,0,0.468743,0.459252,,0.453443,0.447094,0.45055,0.444747,0.444601,0.449966,0.450366
2013020805,2014,0.0,1,0.670555,0.684784,,0.665162,0.668002,0.665789,0.668912,0.668764,0.666983,0.67485
2013020806,2014,0.0,1,0.475707,0.486444,,0.474344,0.473698,0.474921,0.471071,0.470933,0.471327,0.475266
2013020807,2014,1.0,0,0.381629,0.356049,,0.366441,0.364029,0.365973,0.359775,0.35982,0.360132,0.354748
2013020808,2014,0.0,1,0.465786,0.464729,,0.453708,0.452377,0.455413,0.466573,0.466161,0.457028,0.452854
2013020809,2014,0.0,1,0.652884,0.680269,,0.656946,0.664195,0.658249,0.659012,0.658843,0.66088,0.668468
2013020810,2014,1.0,0,0.606054,0.551647,,0.56275,0.569231,0.564041,0.549965,0.549875,0.560803,0.554777
2013020811,2014,1.0,0,0.557351,0.596564,,0.559958,0.561701,0.560969,0.573718,0.573451,0.576243,0.573486
2013020812,2014,1.0,0,0.511193,0.572623,,0.541946,0.53947,0.542188,0.545619,0.545361,0.535809,0.554408
2013020813,2014,0.0,3,0.55585,0.573128,,0.530077,0.52884,0.53037,0.52819,0.528219,0.526957,0.543206
2013020814,2014,1.0,0,0.560683,0.559861,,0.5608,0.563199,0.561762,0.557589,0.557587,0.567665,0.559618
2013020815,2014,1.0,0,0.389895,0.339186,,0.345491,0.341704,0.343387,0.337513,0.33761,0.340361,0.333043
2013020816,2014,0.0,1,0.625824,0.670803,,0.628937,0.622709,0.626834,0.631742,0.631661,0.63207,0.646874
2013020817,2014,1.0,0,0.651688,0.630504,,0.604992,0.611926,0.60405,0.597836,0.597607,0.603311,0.612336
2013020818,2014,0.0,1,0.489119,0.558843,,0.514849,0.510484,0.516432,0.535671,0.535736,0.523568,0.531243
2013020819,2014,1.0,0,0.627804,0.610172,,0.609666,0.609984,0.608985,0.608159,0.608063,0.610527,0.609396
2013020820,2014,1.0,0,0.397988,0.456662,,0.401953,0.398632,0.4014,0.404378,0.404364,0.41617,0.417202
2013020821,2014,1.0,2,0.551465,0.589758,,0.565989,0.5646,0.566362,0.576591,0.576263,0.572988,0.575495
2013020822,2014,1.0,2,0.517421,0.508778,,0.482352,0.485385,0.481843,0.475277,0.475107,0.479224,0.4868
2013020823,2014,1.0,0,0.511936,0.510801,,0.501757,0.500477,0.500906,0.499999,0.500153,0.500439,0.501799
2013020824,2014,1.0,0,0.713161,0.739007,,0.707485,0.715459,0.708039,0.705934,0.705716,0.702805,0.72301
2013020825,2014,0.0,3,0.536717,0.528039,,0.547986,0.547857,0.54781,0.54346,0.543329,0.542839,0.539814
2013020826,2014,1.0,0,0.635096,0.619771,,0.607287,0.615143,0.606112,0.599041,0.599012,0.605683,0.610919
2013020827,2014,0.0,1,0.606605,0.660984,,0.613357,0.612354,0.614584,0.628916,0.628933,0.624838,0.633318
2013020828,2014,1.0,0,0.547201,0.476837,,0.500178,0.504142,0.501714,0.500618,0.500314,0.505201,0.485223
2013020829,2014,1.0,0,0.633025,0.636174,,0.599614,0.602422,0.599688,0.592324,0.592181,0.596957,0.612051
2013020830,2014,1.0,2,0.684109,0.651988,,0.688681,0.681172,0.68831,0.70174,0.701454,0.701578,0.678264
2013020831,2014,1.0,0,0.411499,0.483127,,0.446673,0.437978,0.445914,0.453278,0.453148,0.448901,0.458523
2013020832,2014,1.0,2,0.486497,0.514683,,0.48417,0.477909,0.48197,0.489654,0.489785,0.481398,0.492435
2013020833,2014,0.0,1,0.664112,0.568192,,0.646588,0.650933,0.647293,0.64251,0.64222,0.640223,0.617798
2013020834,2014,1.0,2,0.513539,0.525726,,0.502956,0.50625,0.503062,0.506492,0.506177,0.508675,0.508306
2013020835,2014,1.0,2,0.543695,0.512429,,0.505878,0.507973,0.504986,0.495803,0.496052,0.497823,0.503244
2013020836,2014,0.0,1,0.578959,0.539817,,0.553318,0.556454,0.553333,0.554258,0.554168,0.553442,0.545323
2013020837,2014,0.0,1,0.540509,0.560615,,0.515952,0.517988,0.515646,0.503277,0.503199,0.514701,0.529299
2013020838,2014,1.0,2,0.674984,0.608297,,0.621947,0.627496,0.621979,0.620301,0.620299,0.627354,0.614183
2013020839,2014,1.0,0,0.533917,0.529515,,0.491964,0.497196,0.49197,0.489269,0.48949,0.491608,0.500563
2013020840,2014,0.0,3,0.526388,0.631135,,0.559656,0.550678,0.559321,0.570309,0.570294,0.573812,0.58898
2013020841,2014,0.0,1,0.634134,0.579594,,0.585184,0.588152,0.584224,0.576865,0.576574,0.574875,0.579661
2013020842,2014,0.0,1,0.4921,0.527869,,0.491527,0.492027,0.493124,0.506225,0.506301,0.501158,0.502406
2013020843,2014,0.0,1,0.621134,0.681505,,0.624121,0.628949,0.623779,0.619041,0.618754,0.62889,0.648123
2013020844,2014,1.0,0,0.645175,0.650157,,0.639855,0.643555,0.638937,0.630997,0.630903,0.637206,0.645171
2013020845,2014,1.0,0,0.578413,0.666472,,0.603898,0.594669,0.604874,0.620609,0.620338,0.618257,0.630739
2013020846,2014,0.0,1,0.529135,0.596131,,0.532546,0.526479,0.531906,0.540365,0.540247,0.535809,0.555771
2013020847,2014,1.0,0,0.6232,0.595338,,0.613905,0.615979,0.615546,0.616521,0.616344,0.615436,0.607056
2013020848,2014,1.0,0,0.474399,0.571807,,0.514657,0.509017,0.513732,0.533006,0.532988,0.525787,0.537143
2013020849,2014,0.0,1,0.588752,0.532185,,0.528585,0.533226,0.527429,0.511894,0.51197,0.513728,0.524024
2013020850,2014,0.0,3,0.661547,0.645942,,0.650472,0.649238,0.649266,0.656566,0.656272,0.652253,0.650001
2013020851,2014,1.0,0,0.50901,0.495657,,0.485441,0.486013,0.485404,0.469518,0.469485,0.473083,0.484514
2013020852,2014,0.0,1,0.547819,0.533013,,0.553717,0.548886,0.553948,0.563125,0.562859,0.556141,0.545088
2013020853,2014,0.0,1,0.340652,0.363882,,0.356397,0.353784,0.357482,0.360422,0.360284,0.355965,0.35335
2013020854,2014,0.0,1,0.535044,0.490242,,0.518273,0.523768,0.517674,0.518841,0.518678,0.519706,0.504127
2013020855,2014,1.0,2,0.615271,0.609689,,0.599981,0.600843,0.598581,0.593583,0.593253,0.593205,0.603153
2013020856,2014,0.0,1,0.582104,0.615387,,0.590497,0.589993,0.592367,0.594495,0.594305,0.591028,0.600843
2013020857,2014,0.0,1,0.668033,0.731052,,0.666553,0.671866,0.66696,0.672736,0.672786,0.672558,0.694613
2013020858,2014,1.0,0,0.551779,0.591349,,0.546851,0.539776,0.547838,0.550222,0.550085,0.540732,0.562521
2013020859,2014,1.0,0,0.554806,0.563759,,0.512693,0.514523,0.512712,0.513489,0.513561,0.50986,0.527246
2013020860,2014,1.0,0,0.554272,0.529261,,0.538107,0.535307,0.536895,0.532751,0.532758,0.539661,0.532043
2013020861,2014,1.0,0,0.635065,0.664435,,0.658321,0.654905,0.658324,0.662416,0.662544,0.651659,0.664432
2013020862,2014,0.0,1,0.583851,0.633875,,0.579082,0.576263,0.576143,0.589465,0.589474,0.586379,0.599967
2013020863,2014,0.0,1,0.478621,0.487643,,0.473041,0.471928,0.471997,0.495916,0.495652,0.489179,0.474603
2013020864,2014,1.0,2,0.541697,0.524438,,0.531448,0.523934,0.531122,0.536228,0.536226,0.525681,0.526269
2013020865,2014,1.0,2,0.580784,0.515985,,0.555485,0.55697,0.556117,0.560466,0.560376,0.559679,0.537604
2013020866,2014,1.0,2,0.572099,0.626669,,0.579288,0.577982,0.578979,0.587536,0.587315,0.583295,0.598021
2013020867,2014,1.0,2,0.604317,0.718381,,0.60857,0.610235,0.608918,0.601896,0.602076,0.606125,0.653915
2013020868,2014,0.0,3,0.630682,0.5879,,0.586819,0.592857,0.586159,0.576767,0.576774,0.578629,0.584276
2013020869,2014,1.0,0,0.584397,0.60655,,0.586217,0.580219,0.584693,0.589054,0.58902,0.595074,0.594213
2013020870,2014,1.0,0,0.422476,0.457474,,0.442441,0.436743,0.442247,0.451623,0.451519,0.44798,0.444921
2013020871,2014,1.0,0,0.600118,0.620341,,0.606189,0.607773,0.603889,0.602107,0.601813,0.617006,0.612707
2013020872,2014,1.0,0,0.630708,0.621072,,0.614884,0.612771,0.614399,0.621372,0.62116,0.617229,0.617129
2013020873,2014,1.0,2,0.665928,0.651457,,0.645713,0.647994,0.644901,0.656068,0.65594,0.652808,0.648434
2013020874,2014,1.0,0,0.657428,0.663151,,0.626922,0.635573,0.62515,0.623964,0.623945,0.635928,0.640315
2013020875,2014,1.0,0,0.549739,0.483901,,0.507107,0.509319,0.507145,0.495782,0.495705,0.502867,0.492721
2013020876,2014,0.0,1,0.500766,0.56123,,0.512175,0.503627,0.510711,0.51834,0.518291,0.511827,0.529496
2013020877,2014,1.0,0,0.56415,0.523783,,0.529352,0.529788,0.527268,0.535768,0.535596,0.541979,0.523008
2013020878,2014,0.0,1,0.498031,0.56991,,0.522064,0.514576,0.523252,0.525244,0.525014,0.52827,0.540097
2013020879,2014,1.0,0,0.557792,0.526034,,0.516739,0.514762,0.514041,0.506514,0.506594,0.511421,0.515297
2013020880,2014,0.0,1,0.415967,0.441666,,0.406196,0.399908,0.405584,0.398605,0.398671,0.397492,0.413379
2013020881,2014,1.0,0,0.555262,0.58169,,0.533932,0.539186,0.534297,0.530724,0.530784,0.539831,0.549336
2013020647,2014,1.0,0,0.494519,0.452883,,0.473293,0.475938,0.476101,0.471934,0.471697,0.472304,0.460338
2013020882,2014,1.0,2,0.34837,0.267088,,0.33466,0.326842,0.335166,0.340197,0.3398,0.336476,0.299646
2013020883,2014,0.0,3,0.569259,0.474348,,0.508761,0.511973,0.508761,0.514263,0.514197,0.51749,0.488895
2013020884,2014,0.0,1,0.514453,0.414746,,0.449242,0.453274,0.447609,0.45922,0.458869,0.452222,0.427208
2013020885,2014,1.0,0,0.439653,0.478696,,0.439994,0.432644,0.441242,0.445298,0.445147,0.438468,0.450135
2013020886,2014,1.0,0,0.51474,0.567206,,0.532144,0.529557,0.531885,0.527729,0.527624,0.528054,0.5451
2013020887,2014,1.0,2,0.494554,0.587018,,0.510744,0.505838,0.51017,0.513525,0.513693,0.506278,0.539004
2013020888,2014,1.0,0,0.487928,0.50874,,0.480013,0.47884,0.480315,0.489561,0.48933,0.494355,0.48708
2013020889,2014,0.0,1,0.494387,0.419271,,0.465839,0.462581,0.466915,0.476621,0.47662,0.472091,0.442014
2013020890,2014,0.0,3,0.653871,0.705215,,0.65586,0.660448,0.656547,0.664953,0.664862,0.66367,0.677588
2013020891,2014,0.0,1,0.535993,0.545312,,0.536678,0.534032,0.537525,0.541546,0.541474,0.532665,0.538433
2013020892,2014,0.0,1,0.468342,0.514769,,0.475924,0.477601,0.477236,0.49396,0.493657,0.489285,0.487788
2013020893,2014,1.0,0,0.479587,0.508856,,0.473921,0.470517,0.473556,0.460298,0.460251,0.458484,0.483327
2013020894,2014,1.0,2,0.53844,0.52798,,0.537462,0.538745,0.538034,0.527596,0.527597,0.539969,0.532149
2013020895,2014,1.0,0,0.596304,0.612217,,0.556738,0.56156,0.559029,0.550934,0.551103,0.550742,0.574772
2013020896,2014,0.0,1,0.428487,0.436154,,0.418863,0.414964,0.418149,0.417148,0.417325,0.422915,0.419519
2013020897,2014,0.0,1,0.484806,0.45087,,0.492836,0.486217,0.493847,0.493667,0.49344,0.496021,0.47411
2013020898,2014,1.0,0,0.381795,0.321907,,0.346096,0.342118,0.346184,0.339302,0.339211,0.347551,0.327315
2013020899,2014,1.0,0,0.567185,0.533136,,0.541112,0.552095,0.540951,0.534871,0.534755,0.545702,0.534814
2013020900,2014,0.0,3,0.550055,0.599189,,0.584588,0.57779,0.586188,0.591401,0.591177,0.585843,0.59245
2013020901,2014,1.0,0,0.544483,0.587693,,0.523889,0.528912,0.523783,0.525324,0.525167,0.520534,0.545286
2013020902,2014,0.0,1,0.650783,0.693371,,0.670853,0.675422,0.672437,0.67952,0.679201,0.679106,0.683487
2013020903,2014,0.0,1,0.512636,0.509292,,0.512438,0.512701,0.513922,0.508293,0.508165,0.510722,0.508795
2013020904,2014,1.0,0,0.508496,0.468743,,0.489588,0.485603,0.4877,0.475475,0.475399,0.474766,0.477136
2013020905,2014,1.0,0,0.642886,0.595551,,0.623385,0.624491,0.623013,0.62111,0.621157,0.624624,0.612617
2013020906,2014,0.0,1,0.522546,0.553987,,0.472859,0.473864,0.471024,0.47349,0.473315,0.47129,0.497165
2013020907,2014,0.0,1,0.537744,0.584759,,0.540188,0.539459,0.541043,0.53977,0.539852,0.534026,0.556144
2013020908,2014,1.0,0,0.651169,0.641188,,0.643517,0.646829,0.646394,0.646397,0.646164,0.643452,0.643912
2013020909,2014,1.0,2,0.570429,0.573237,,0.53708,0.537316,0.536314,0.533431,0.533641,0.541726,0.54725
2013020910,2014,1.0,0,0.538248,0.588607,,0.55763,0.551607,0.558671,0.555062,0.554931,0.559254,0.569985
2013020911,2014,0.0,3,0.545837,0.46982,,0.541952,0.539219,0.544343,0.54781,0.547329,0.544161,0.512484
2013020912,2014,0.0,3,0.544406,0.555776,,0.52111,0.523612,0.522503,0.515321,0.515284,0.518137,0.530829
2013020913,2014,0.0,1,0.471998,0.47075,,0.46514,0.458902,0.465027,0.470659,0.470876,0.466427,0.462909
2013020914,2014,0.0,1,0.5806,0.573075,,0.567844,0.565377,0.567792,0.562337,0.562394,0.565254,0.568412
2013020915,2014,0.0,1,0.563839,0.56873,,0.56077,0.554309,0.559939,0.56903,0.568776,0.558773,0.562809
2013020916,2014,0.0,1,0.496521,0.483397,,0.488322,0.486908,0.488875,0.498104,0.498253,0.500904,0.482681
2013020917,2014,1.0,0,0.536067,0.54825,,0.543328,0.544195,0.543333,0.543709,0.543567,0.548486,0.544307
2013020918,2014,0.0,1,0.436053,0.464209,,0.429406,0.42568,0.429732,0.419678,0.419779,0.42699,0.437256
2013020919,2014,1.0,0,0.692144,0.613943,,0.620708,0.631014,0.621237,0.608536,0.608307,0.61885,0.614208
2013020920,2014,0.0,1,0.53169,0.484906,,0.511945,0.513396,0.512513,0.50093,0.500555,0.505139,0.497774
2013020921,2014,1.0,0,0.633334,0.700609,,0.63653,0.637332,0.636851,0.642272,0.642443,0.637367,0.663698
2013020922,2014,1.0,0,0.620686,0.600548,,0.599875,0.600149,0.600491,0.605399,0.605205,0.60433,0.599177
2013020923,2014,1.0,0,0.585875,0.671527,,0.634249,0.627973,0.635555,0.650094,0.649677,0.63918,0.653406
2013020924,2014,1.0,0,0.724015,0.69391,,0.687434,0.687387,0.686722,0.679635,0.679467,0.690495,0.690476
2013020925,2014,1.0,0,0.529407,0.545625,,0.510083,0.509147,0.506436,0.527068,0.527196,0.510931,0.520032
2013020926,2014,1.0,0,0.56528,0.516319,,0.560486,0.5591,0.559417,0.564889,0.564616,0.564846,0.542376
2013020927,2014,0.0,1,0.645227,0.68531,,0.646069,0.643979,0.646923,0.647484,0.647253,0.647026,0.663353
2013020928,2014,1.0,0,0.631885,0.649892,,0.644547,0.643077,0.644089,0.653843,0.653781,0.645451,0.649272
2013020929,2014,0.0,1,0.38785,0.464116,,0.419662,0.413159,0.420743,0.431065,0.430659,0.424775,0.433485
2013020930,2014,0.0,3,0.6003,0.56378,,0.601492,0.600242,0.601762,0.601939,0.601769,0.59652,0.587659
2013020931,2014,1.0,0,0.541838,0.534519,,0.518017,0.519775,0.516877,0.512952,0.513256,0.51555,0.520558
2013020932,2014,1.0,0,0.481795,0.442369,,0.467111,0.460825,0.466548,0.473757,0.473459,0.473333,0.452721
2013020933,2014,0.0,3,0.676526,0.661965,,0.653865,0.660904,0.654306,0.650441,0.650169,0.645179,0.657572
2013020934,2014,0.0,3,0.596879,0.662836,,0.610463,0.607543,0.609486,0.621031,0.621044,0.620008,0.632666
2013020935,2014,1.0,0,0.562496,0.569205,,0.572817,0.572131,0.572326,0.585473,0.585265,0.584704,0.571678
2013020936,2014,1.0,0,0.493754,0.488218,,0.457475,0.454965,0.454143,0.45862,0.458668,0.46006,0.462697
2013020937,2014,0.0,3,0.62909,0.624768,,0.625304,0.627436,0.625371,0.627845,0.62774,0.617892,0.626091
2013020938,2014,1.0,0,0.653864,0.693575,,0.690167,0.687889,0.690235,0.69543,0.695106,0.702347,0.696931
2013020939,2014,0.0,1,0.472799,0.405652,,0.464822,0.463072,0.462762,0.45873,0.458711,0.462058,0.43738
2013020940,2014,0.0,3,0.537436,0.601077,,0.564422,0.558682,0.568178,0.579325,0.578768,0.580374,0.579722
2013020941,2014,0.0,1,0.648195,0.659913,,0.632208,0.635068,0.630703,0.634216,0.634405,0.633425,0.643377
2013020942,2014,1.0,0,0.632564,0.667995,,0.617089,0.618875,0.616881,0.612495,0.612231,0.615913,0.637031
2013020943,2014,0.0,1,0.391333,0.43367,,0.393195,0.390148,0.393602,0.393702,0.393458,0.391324,0.402661
2013020944,2014,1.0,0,0.563048,0.616269,,0.545111,0.551752,0.545068,0.543762,0.544152,0.547511,0.570403
2013020945,2014,1.0,0,0.509779,0.557863,,0.548021,0.539855,0.548178,0.569872,0.569672,0.555784,0.553103
2013020946,2014,1.0,2,0.531322,0.45613,,0.508931,0.50804,0.509735,0.508944,0.50852,0.515035,0.484522
2013020947,2014,1.0,0,0.50669,0.569855,,0.538878,0.532731,0.538954,0.544267,0.543938,0.541777,0.551448
2013020948,2014,0.0,1,0.461095,0.48982,,0.454662,0.450262,0.453202,0.440103,0.440197,0.446055,0.463468
2013020949,2014,1.0,0,0.562138,0.523835,,0.525573,0.528291,0.527349,0.535715,0.535403,0.527006,0.520464
2013020950,2014,1.0,0,0.544144,0.668096,,0.564628,0.565936,0.564609,0.573826,0.574005,0.565844,0.606356
2013020951,2014,1.0,0,0.545811,0.505852,,0.517018,0.515532,0.514915,0.522522,0.522376,0.516343,0.508522
2013020952,2014,0.0,3,0.535238,0.538306,,0.531843,0.532886,0.531556,0.526954,0.52652,0.524623,0.532329
2013020953,2014,0.0,1,0.55235,0.506959,,0.538516,0.53603,0.538038,0.534255,0.534257,0.53446,0.523887
2013020954,2014,0.0,1,0.466519,0.432789,,0.44575,0.448763,0.446009,0.441374,0.441341,0.451464,0.434856
2013020955,2014,1.0,2,0.525544,0.496968,,0.507696,0.508286,0.507689,0.508349,0.50811,0.511722,0.4998
2013020956,2014,0.0,3,0.445354,0.41571,,0.424518,0.422561,0.425154,0.427949,0.427785,0.430307,0.414598
2013020957,2014,1.0,0,0.593737,0.62078,,0.57097,0.57463,0.57079,0.582081,0.58206,0.566119,0.588393
2013020958,2014,1.0,0,0.558497,0.536199,,0.556235,0.556412,0.557464,0.557324,0.557208,0.560185,0.5474
2013020959,2014,0.0,1,0.476793,0.544648,,0.495285,0.492096,0.495594,0.50022,0.499859,0.492642,0.512607
2013020960,2014,1.0,0,0.552631,0.602635,,0.551939,0.553553,0.552813,0.553924,0.553998,0.551243,0.570506
2013020961,2014,1.0,0,0.593796,0.646767,,0.609751,0.606813,0.611679,0.61976,0.619528,0.614458,0.625976
2013020962,2014,1.0,0,0.609025,0.669964,,0.654924,0.651666,0.654371,0.661268,0.660993,0.65174,0.665818
2013020963,2014,0.0,1,0.355425,0.395203,,0.355994,0.359326,0.357989,0.372561,0.372351,0.355989,0.363854
2013020964,2014,0.0,1,0.356061,0.287335,,0.336039,0.33221,0.337111,0.329409,0.329222,0.330439,0.308346
2013020965,2014,1.0,0,0.580788,0.596265,,0.582879,0.582557,0.583158,0.588631,0.588565,0.581928,0.588085
2013020966,2014,0.0,3,0.439791,0.44908,,0.43046,0.430219,0.429796,0.439305,0.439442,0.436512,0.431988
2013020967,2014,0.0,1,0.409229,0.31704,,0.380982,0.377361,0.380302,0.377623,0.377415,0.380513,0.347748
2013020968,2014,0.0,1,0.434831,0.454186,,0.450112,0.441369,0.450837,0.453863,0.453752,0.443738,0.448303
2013020969,2014,0.0,3,0.590787,0.569765,,0.565009,0.569837,0.566187,0.55307,0.553117,0.563585,0.564422
2013020970,2014,0.0,3,0.56959,0.553626,,0.548972,0.551317,0.548046,0.555688,0.555435,0.557548,0.548169
2013020972,2014,1.0,2,0.59764,0.550019,,0.552376,0.561899,0.551038,0.551652,0.551835,0.557787,0.547303
2013020973,2014,0.0,1,0.414625,0.358048,,0.376003,0.374519,0.373463,0.374589,0.374485,0.371676,0.360126
2013020974,2014,0.0,1,0.596967,0.5777,,0.573999,0.571287,0.573738,0.566882,0.566527,0.569756,0.573488
2013020975,2014,0.0,1,0.640855,0.662123,,0.631055,0.633124,0.628791,0.632983,0.63294,0.634542,0.643928
2013020976,2014,0.0,1,0.518954,0.440733,,0.48547,0.486502,0.486327,0.488724,0.488306,0.485316,0.462667
2013020977,2014,0.0,1,0.578155,0.532623,,0.558138,0.559127,0.558656,0.547966,0.547836,0.558295,0.546069
2013020978,2014,1.0,0,0.445341,0.448121,,0.4444,0.439702,0.442842,0.440064,0.439917,0.433736,0.441198
2013020979,2014,1.0,0,0.564142,0.527406,,0.540089,0.541806,0.540722,0.544607,0.544629,0.538451,0.532082
2013020980,2014,0.0,1,0.473805,0.536554,,0.477778,0.482063,0.478974,0.491531,0.4913,0.479275,0.497163
2013020981,2014,1.0,0,0.664969,0.61957,,0.637352,0.645897,0.636626,0.642169,0.642234,0.64314,0.630283
2013020982,2014,0.0,3,0.651218,0.575211,,0.635544,0.6357,0.633107,0.640226,0.640064,0.636798,0.613207
2013020983,2014,0.0,3,0.626205,0.652831,,0.616594,0.619983,0.615474,0.616505,0.616677,0.612711,0.631061
2013020984,2014,1.0,0,0.62492,0.739628,,0.662736,0.659494,0.662564,0.669446,0.669463,0.661779,0.69828
2013020985,2014,0.0,1,0.442643,0.394704,,0.386077,0.385643,0.387416,0.372912,0.372775,0.383192,0.379482
2013020986,2014,0.0,3,0.546995,0.540367,,0.564059,0.561071,0.563606,0.573634,0.573805,0.577578,0.555373
2013020987,2014,1.0,0,0.459485,0.368851,,0.422247,0.424529,0.421662,0.423734,0.423815,0.419362,0.393832
2013020988,2014,1.0,0,0.394225,0.400906,,0.38558,0.376539,0.384873,0.388141,0.388135,0.385093,0.384617
2013020989,2014,1.0,0,0.674227,0.696907,,0.661263,0.66584,0.660428,0.662289,0.662104,0.664125,0.676669
2013020990,2014,1.0,0,0.589561,0.665117,,0.616861,0.612534,0.615069,0.622147,0.622401,0.61545,0.638508
2013020991,2014,0.0,3,0.486836,0.414445,,0.458449,0.453832,0.459508,0.465859,0.465641,0.46157,0.435401
2013020992,2014,1.0,0,0.640255,0.602206,,0.643638,0.64162,0.643632,0.638527,0.638486,0.645934,0.629959
2013020993,2014,1.0,0,0.720732,0.744578,,0.719881,0.719325,0.718603,0.725925,0.725892,0.719296,0.733307
2013020994,2014,1.0,0,0.503233,0.468698,,0.46154,0.461549,0.460108,0.447628,0.447581,0.444814,0.457483
2013020995,2014,0.0,1,0.618403,0.746729,,0.658212,0.655031,0.658364,0.672516,0.67272,0.665146,0.698655
2013020996,2014,0.0,1,0.401619,0.429135,,0.371422,0.368625,0.371848,0.375067,0.375157,0.37653,0.384569
2013020997,2014,1.0,0,0.566547,0.567158,,0.560933,0.556257,0.561733,0.573009,0.572941,0.565976,0.562137
2013020998,2014,1.0,2,0.628316,0.710484,,0.641659,0.639675,0.640773,0.654446,0.654453,0.647196,0.671603
2013020999,2014,1.0,0,0.462986,0.467736,,0.440922,0.447118,0.442057,0.445031,0.444867,0.431957,0.445057
2013021000,2014,0.0,1,0.70015,0.695294,,0.662834,0.664557,0.662405,0.660764,0.660737,0.666634,0.675361
2013021001,2014,0.0,1,0.479951,0.469945,,0.474673,0.47046,0.474026,0.4616,0.461434,0.465753,0.468868
2013021002,2014,0.0,3,0.620578,0.689858,,0.612222,0.615761,0.614615,0.613213,0.613103,0.616553,0.643343
2013021003,2014,0.0,1,0.499872,0.458527,,0.472499,0.472249,0.472957,0.473317,0.473559,0.472813,0.461597
2013021004,2014,1.0,0,0.712934,0.690588,,0.673949,0.678387,0.674454,0.661284,0.661312,0.665402,0.680419
2013021005,2014,1.0,0,0.4447,0.539034,,0.464694,0.457924,0.465354,0.465354,0.465159,0.46281,0.490708
2013021006,2014,1.0,2,0.578675,0.545165,,0.553724,0.558322,0.55328,0.552585,0.552432,0.558072,0.54769
2013021007,2014,1.0,0,0.565561,0.527855,,0.544192,0.544506,0.544024,0.532482,0.532395,0.557179,0.535095
2013021008,2014,1.0,0,0.585742,0.668768,,0.596044,0.59485,0.595662,0.595739,0.596163,0.59808,0.625746
2013021009,2014,0.0,1,0.393399,0.425056,,0.393658,0.392811,0.394206,0.389039,0.389054,0.392932,0.399601
2013021010,2014,0.0,3,0.525405,0.52871,,0.501535,0.500632,0.501358,0.492435,0.492478,0.493229,0.507653
2013021011,2014,1.0,0,0.597817,0.595379,,0.589092,0.589869,0.590686,0.588025,0.587996,0.583576,0.59103
2013021012,2014,0.0,1,0.535078,0.635655,,0.574515,0.567331,0.576638,0.588703,0.588579,0.583668,0.60064
2013021013,2014,0.0,3,0.487002,0.493197,,0.487919,0.48792,0.488222,0.500326,0.500404,0.482109,0.486802
2013021014,2014,1.0,0,0.542078,0.623437,,0.540983,0.532963,0.539161,0.544797,0.544901,0.527111,0.57175
2013021015,2014,0.0,1,0.578921,0.65986,,0.592277,0.590995,0.589389,0.599726,0.599939,0.592716,0.61995
2013021016,2014,0.0,1,0.499477,0.501664,,0.494266,0.489177,0.495003,0.507787,0.507756,0.504048,0.493762
2013021017,2014,0.0,1,0.503339,0.545745,,0.524996,0.515507,0.527765,0.530148,0.530045,0.51953,0.532442
2013021018,2014,0.0,1,0.438832,0.388164,,0.399549,0.397316,0.398889,0.397616,0.397205,0.400371,0.386755
2013021019,2014,0.0,1,0.636967,0.533022,,0.581971,0.588516,0.580652,0.582947,0.583066,0.585175,0.559313
2013021020,2014,1.0,0,0.650445,0.658616,,0.64192,0.638929,0.641194,0.637455,0.637383,0.637736,0.64957
2013021021,2014,1.0,0,0.505132,0.499352,,0.508257,0.499777,0.506815,0.500325,0.500134,0.499101,0.502481
2013021022,2014,1.0,0,0.679374,0.689752,,0.669537,0.674312,0.669128,0.66713,0.667122,0.667465,0.679287
2013021023,2014,1.0,0,0.581179,0.555552,,0.566232,0.562029,0.564272,0.572627,0.572717,0.572008,0.560469
2013021024,2014,1.0,0,0.68785,0.64984,,0.664704,0.669085,0.663861,0.671855,0.671766,0.674747,0.659879
2013021025,2014,0.0,1,0.617822,0.680969,,0.619346,0.621536,0.618975,0.623515,0.62349,0.630953,0.644807
2013021026,2014,0.0,1,0.400684,0.461553,,0.408601,0.403849,0.408487,0.424529,0.424496,0.414501,0.423666
2013021027,2014,0.0,1,0.50389,0.57032,,0.481611,0.478621,0.481114,0.460663,0.460681,0.477003,0.511061
2013021028,2014,1.0,0,0.653806,0.569537,,0.614127,0.618734,0.612905,0.608092,0.60811,0.61052,0.595293
2013021029,2014,0.0,1,0.629338,0.595855,,0.597377,0.601314,0.599011,0.600264,0.60011,0.596748,0.59499
2013021030,2014,1.0,0,0.536463,0.600981,,0.572548,0.566167,0.574037,0.583091,0.582686,0.582045,0.585497
2013021031,2014,0.0,1,0.481673,0.470584,,0.457102,0.454845,0.457673,0.43851,0.438414,0.444232,0.456469
2013021032,2014,1.0,0,0.548188,0.660231,,0.547373,0.545203,0.546112,0.564758,0.564999,0.553349,0.590843
2013021033,2014,1.0,2,0.466138,0.465192,,0.443536,0.446614,0.443976,0.4575,0.457583,0.442685,0.445745
2013021034,2014,1.0,0,0.596618,0.640826,,0.59389,0.593145,0.592953,0.579607,0.580024,0.584214,0.612298
2013021035,2014,1.0,0,0.521083,0.436487,,0.494135,0.493542,0.495025,0.482681,0.482369,0.489142,0.467029
2013021036,2014,0.0,1,0.632161,0.60444,,0.607669,0.614048,0.606775,0.612737,0.612609,0.61737,0.605464
2013021037,2014,0.0,1,0.721626,0.712275,,0.720366,0.719226,0.719688,0.721209,0.720997,0.726056,0.721098
2013021038,2014,0.0,1,0.536321,0.461108,,0.514539,0.516837,0.516418,0.501709,0.501284,0.506632,0.49012
2013021039,2014,1.0,0,0.537736,0.549155,,0.52766,0.523398,0.528289,0.521079,0.521066,0.525681,0.533373
2013021040,2014,1.0,2,0.496337,0.587515,,0.541808,0.526355,0.543455,0.55471,0.554429,0.548904,0.561098
2013021041,2014,1.0,0,0.581513,0.605306,,0.563991,0.56593,0.564805,0.56778,0.567413,0.564518,0.578168
2013021042,2014,1.0,2,0.531743,0.585077,,0.528431,0.524804,0.527569,0.523979,0.523899,0.53049,0.548326
2013021043,2014,1.0,0,0.583759,0.582391,,0.564365,0.565791,0.564107,0.563218,0.563132,0.559803,0.569329
2013021044,2014,0.0,1,0.550574,0.537907,,0.536448,0.537734,0.536483,0.531294,0.531507,0.530854,0.534437
2013021045,2014,0.0,1,0.497605,0.538546,,0.514309,0.506553,0.516217,0.516688,0.516662,0.51694,0.522421
2013021046,2014,1.0,2,0.43799,0.5353,,0.441629,0.437458,0.44183,0.438957,0.43871,0.442039,0.473128
2013021047,2014,0.0,1,0.587061,0.584194,,0.58081,0.58027,0.581046,0.567023,0.567378,0.568854,0.581524
2013021048,2014,1.0,0,0.632132,0.629378,,0.625772,0.6199,0.624623,0.620291,0.620063,0.618423,0.627996
2013021049,2014,1.0,2,0.604314,0.693391,,0.631425,0.632147,0.633317,0.644394,0.644219,0.652862,0.65907
2013021050,2014,1.0,0,0.559908,0.620518,,0.597579,0.593264,0.598083,0.609196,0.60901,0.603991,0.609296
2013021051,2014,0.0,1,0.52619,0.520071,,0.492977,0.497584,0.493699,0.491166,0.49101,0.492825,0.498155
2013021052,2014,1.0,0,0.703175,0.677627,,0.65727,0.664332,0.658293,0.649354,0.64923,0.65265,0.664238
2013021053,2014,0.0,1,0.431426,0.370914,,0.409463,0.409548,0.409642,0.414589,0.414439,0.416234,0.387504
2013021054,2014,0.0,1,0.555277,0.552542,,0.534225,0.530147,0.532613,0.511397,0.511556,0.52277,0.538191
2013021055,2014,1.0,0,0.470214,0.487273,,0.459054,0.459773,0.459728,0.45294,0.453023,0.459344,0.465027
2013021056,2014,1.0,2,0.637218,0.607854,,0.617475,0.618838,0.617674,0.622687,0.622463,0.62143,0.613449
2013021057,2014,0.0,1,0.541451,0.530956,,0.523783,0.521349,0.523866,0.530299,0.530329,0.531178,0.523323
2013021058,2014,1.0,0,0.580672,0.575783,,0.570004,0.573657,0.569818,0.574342,0.574359,0.573181,0.570995
2013021059,2014,1.0,0,0.691487,0.749632,,0.699927,0.698408,0.70018,0.695223,0.695001,0.703033,0.723521
2013021060,2014,0.0,1,0.527288,0.483732,,0.500824,0.500577,0.500905,0.492111,0.491697,0.501151,0.489677
2013021061,2014,0.0,1,0.481833,0.519009,,0.458482,0.457036,0.457861,0.461258,0.461266,0.455083,0.476033
2013021062,2014,0.0,1,0.573251,0.587625,,0.545506,0.543959,0.546395,0.531981,0.531769,0.5457,0.558674
2013021063,2014,0.0,1,0.409472,0.420022,,0.409629,0.402063,0.411107,0.416365,0.41618,0.410615,0.408034
2013021064,2014,0.0,1,0.53067,0.492887,,0.546286,0.549146,0.547373,0.545131,0.544747,0.548782,0.525501
2013021065,2014,0.0,3,0.638462,0.684478,,0.657272,0.659164,0.656391,0.659666,0.659481,0.659369,0.67128
2013021066,2014,1.0,0,0.468465,0.524779,,0.444055,0.442372,0.443693,0.443045,0.443185,0.436145,0.468778
2013021067,2014,0.0,1,0.554721,0.527095,,0.508333,0.514436,0.510308,0.511061,0.511155,0.51712,0.509913
2013021068,2014,1.0,0,0.538946,0.64871,,0.567429,0.562194,0.566028,0.581055,0.581327,0.565675,0.60069
2013021069,2014,0.0,1,0.709668,0.710854,,0.692035,0.69123,0.692025,0.683564,0.683383,0.687702,0.701331
2013021070,2014,0.0,3,0.565383,0.552442,,0.533548,0.53545,0.532918,0.521498,0.521365,0.526833,0.53699
2013021071,2014,1.0,0,0.630905,0.714447,,0.647322,0.642076,0.647519,0.640571,0.640657,0.634699,0.676952
2013021072,2014,1.0,0,0.70891,0.696504,,0.710748,0.71453,0.710262,0.706641,0.706449,0.711704,0.709129
2013021073,2014,1.0,2,0.607799,0.628061,,0.61013,0.613111,0.610967,0.627031,0.626964,0.626149,0.617995
2013021074,2014,0.0,1,0.524215,0.456625,,0.472061,0.469774,0.469593,0.473298,0.47336,0.475334,0.458938
2013021075,2014,0.0,3,0.670442,0.677186,,0.674906,0.675861,0.674129,0.677172,0.677119,0.670646,0.678791
2013021076,2014,0.0,3,0.609101,0.568594,,0.582036,0.587254,0.581084,0.582277,0.582121,0.582174,0.574906
2013021077,2014,1.0,0,0.5784,0.588121,,0.578073,0.581933,0.578336,0.585081,0.585036,0.581721,0.581669
2013021078,2014,1.0,2,0.411975,0.402232,,0.374673,0.36576,0.37402,0.373203,0.37315,0.363203,0.376172
2013021079,2014,0.0,1,0.426402,0.405694,,0.408947,0.409241,0.411236,0.396991,0.396694,0.406386,0.400946
2013021080,2014,0.0,1,0.659342,0.644917,,0.629031,0.637826,0.629806,0.644092,0.643828,0.640377,0.634496
2013021081,2014,0.0,3,0.487098,0.428119,,0.449936,0.446662,0.448575,0.443592,0.44363,0.44473,0.434671
2013021082,2014,0.0,1,0.560937,0.561004,,0.598527,0.595068,0.597992,0.61732,0.617016,0.609741,0.587081
2013021083,2014,1.0,0,0.673746,0.684592,,0.666613,0.67088,0.666909,0.6665,0.666795,0.666402,0.675583
2013021084,2014,1.0,2,0.492658,0.47434,,0.498405,0.496353,0.500133,0.511856,0.511784,0.502745,0.486637
2013021085,2014,1.0,0,0.557656,0.57954,,0.564728,0.562596,0.564326,0.579058,0.578829,0.572378,0.570223
2013021086,2014,1.0,0,0.655344,0.669174,,0.644867,0.644297,0.645254,0.642548,0.642428,0.641938,0.655456
2013021087,2014,0.0,3,0.485711,0.507086,,0.500541,0.495257,0.502731,0.503433,0.503376,0.498879,0.501248
2013021088,2014,0.0,1,0.37826,0.338948,,0.358596,0.354513,0.359495,0.357531,0.357298,0.361819,0.342861
2013021089,2014,0.0,1,0.563313,0.533606,,0.534153,0.536318,0.53422,0.541976,0.542072,0.541269,0.530282
2013021090,2014,1.0,0,0.5706,0.58474,,0.567563,0.567545,0.567887,0.571807,0.571751,0.567612,0.573397
2013021091,2014,0.0,1,0.422515,0.428524,,0.418284,0.402269,0.416826,0.429352,0.42915,0.417861,0.416588
2013021092,2014,1.0,0,0.579563,0.574885,,0.573693,0.577598,0.572832,0.57178,0.57183,0.571136,0.573355
2013021093,2014,0.0,3,0.532669,0.642286,,0.539783,0.541823,0.539509,0.566437,0.566444,0.545369,0.579162
2013021094,2014,0.0,1,0.581843,0.459338,,0.513009,0.513851,0.511055,0.515948,0.515936,0.513955,0.485264
2013021095,2014,0.0,1,0.524515,0.54605,,0.514393,0.511405,0.512947,0.510456,0.510151,0.510024,0.523595
2013021096,2014,1.0,2,0.618556,0.596836,,0.59588,0.597459,0.594812,0.580463,0.580168,0.592611,0.595036
2013021097,2014,0.0,1,0.509201,0.492426,,0.479351,0.482143,0.483373,0.487826,0.487736,0.479041,0.478912
2013021098,2014,1.0,0,0.669584,0.663444,,0.662376,0.661833,0.660892,0.672398,0.672079,0.66674,0.664663
2013021099,2014,1.0,0,0.60676,0.652636,,0.612169,0.607776,0.612142,0.606423,0.606727,0.605729,0.629154
2013021100,2014,1.0,2,0.578051,0.514745,,0.523988,0.532705,0.522521,0.527462,0.52756,0.534483,0.514747
2013021101,2014,0.0,1,0.669497,0.676226,,0.672964,0.678454,0.672707,0.675461,0.675357,0.676768,0.677107
2013021102,2014,1.0,0,0.599568,0.652894,,0.60735,0.604673,0.60714,0.61569,0.615951,0.60741,0.626346
2013021103,2014,0.0,1,0.465121,0.545087,,0.50795,0.501074,0.508265,0.515593,0.515317,0.509,0.522586
2013021104,2014,1.0,0,0.402643,0.436318,,0.42293,0.420168,0.423594,0.432362,0.432213,0.42468,0.424216
2013021105,2014,1.0,0,0.591528,0.619711,,0.573697,0.577273,0.572758,0.571825,0.571834,0.579078,0.590042
2013021106,2014,1.0,0,0.440778,0.442455,,0.411619,0.402822,0.409991,0.397357,0.397282,0.395182,0.415925
2013021107,2014,1.0,2,0.375227,0.386599,,0.376843,0.370097,0.37762,0.38235,0.382034,0.385224,0.374215
2013021108,2014,0.0,1,0.408298,0.405769,,0.398651,0.392226,0.399123,0.392382,0.392312,0.392855,0.39485
2013021109,2014,1.0,0,0.483834,0.415332,,0.445241,0.44764,0.445076,0.442953,0.442966,0.447329,0.426608
2013021110,2014,0.0,3,0.418266,0.407147,,0.402592,0.401507,0.403808,0.405369,0.404894,0.411379,0.397523
2013021111,2014,0.0,1,0.532363,0.453751,,0.488245,0.489772,0.48855,0.489644,0.489569,0.495031,0.468796
2013021112,2014,0.0,1,0.422086,0.45296,,0.427743,0.421523,0.427731,0.435697,0.435385,0.42391,0.432708
2013021113,2014,1.0,2,0.514099,0.45781,,0.459168,0.462078,0.458098,0.444253,0.444246,0.454521,0.450892
2013021114,2014,0.0,3,0.490804,0.492157,,0.511888,0.504633,0.510707,0.505901,0.505586,0.511196,0.503257
2013021115,2014,0.0,1,0.662821,0.658639,,0.651218,0.650641,0.649834,0.66291,0.662649,0.663206,0.655336
2013021116,2014,0.0,1,0.567044,0.530697,,0.538784,0.534665,0.536711,0.538004,0.537733,0.543487,0.532219
2013021117,2014,0.0,1,0.455827,0.511811,,0.491206,0.478866,0.492086,0.494097,0.493668,0.486206,0.498404
2013021118,2014,1.0,0,0.652442,0.680045,,0.651897,0.656273,0.652847,0.6585,0.658392,0.658029,0.664867
2013021119,2014,1.0,0,0.558443,0.577047,,0.575218,0.578396,0.577038,0.572342,0.572221,0.573533,0.57668
2013021120,2014,1.0,0,0.533802,0.563842,,0.534336,0.53156,0.535322,0.525397,0.525141,0.53131,0.544087
2013021121,2014,0.0,3,0.437234,0.478148,,0.435505,0.428918,0.436441,0.44748,0.447487,0.44546,0.446867
2013021122,2014,1.0,0,0.553064,0.495573,,0.52017,0.524854,0.518941,0.533229,0.533275,0.526295,0.506327
2013021123,2014,1.0,2,0.498242,0.543657,,0.488148,0.487794,0.488856,0.488537,0.48838,0.485884,0.505698
2013021124,2014,0.0,1,0.404576,0.359392,,0.377104,0.378268,0.377629,0.366753,0.366542,0.372446,0.362057
2013021125,2014,1.0,2,0.568253,0.559222,,0.526951,0.530915,0.528991,0.525598,0.525641,0.523065,0.534726
2013021126,2014,1.0,0,0.626891,0.668842,,0.620488,0.619774,0.61994,0.632415,0.632419,0.622105,0.640119
2013021127,2014,1.0,2,0.665736,0.634434,,0.621646,0.633523,0.620299,0.620668,0.620677,0.622281,0.624717
2013021128,2014,0.0,1,0.636108,0.675313,,0.628591,0.630536,0.628822,0.619175,0.618838,0.627029,0.647763
2013021129,2014,1.0,2,0.452454,0.381855,,0.420522,0.419585,0.420435,0.41784,0.417406,0.423883,0.398188
2013021130,2014,1.0,0,0.573477,0.525088,,0.56367,0.568552,0.565886,0.575943,0.575544,0.580993,0.547471
2013021131,2014,1.0,0,0.602085,0.597726,,0.586784,0.587658,0.584576,0.586779,0.586889,0.585756,0.590008
2013021132,2014,0.0,1,0.699699,0.663708,,0.650114,0.660662,0.652538,0.655035,0.654949,0.656723,0.653961
2013021133,2014,0.0,1,0.539533,0.502416,,0.528224,0.523272,0.528136,0.519542,0.519455,0.523734,0.515631
2013021134,2014,0.0,3,0.543092,0.639513,,0.56732,0.56008,0.568134,0.589521,0.589518,0.58826,0.596632
2013021135,2014,1.0,0,0.53209,0.543078,,0.519867,0.517393,0.518615,0.52199,0.521859,0.521735,0.525841
2013021136,2014,1.0,2,0.626047,0.630821,,0.614196,0.611888,0.611845,0.621694,0.621384,0.610255,0.620739
2013021137,2014,0.0,1,0.466505,0.488157,,0.464975,0.460589,0.464297,0.448931,0.448748,0.456669,0.469846
2013021138,2014,0.0,3,0.581717,0.552938,,0.557236,0.556099,0.55664,0.566496,0.566386,0.561369,0.55299
2013021139,2014,1.0,0,0.713831,0.78746,,0.738204,0.737935,0.737575,0.743026,0.74307,0.73608,0.763569
2013021140,2014,0.0,1,0.573531,0.58954,,0.597012,0.592578,0.599235,0.604279,0.604056,0.593863,0.596043
2013021141,2014,1.0,0,0.403476,0.440057,,0.414855,0.409261,0.415057,0.419156,0.418886,0.417508,0.419812
2013021142,2014,1.0,0,0.720089,0.74922,,0.712132,0.719882,0.710815,0.713783,0.713827,0.714836,0.729865
2013021143,2014,1.0,0,0.630072,0.689688,,0.638995,0.642838,0.640645,0.633721,0.633481,0.643715,0.66117
2013021144,2014,1.0,2,0.379896,0.35157,,0.359049,0.354563,0.360501,0.363644,0.363337,0.369802,0.347938
2013021145,2014,0.0,1,0.569322,0.568755,,0.552356,0.552271,0.552509,0.548838,0.548778,0.54659,0.556454
2013021146,2014,1.0,0,0.491545,0.484291,,0.501695,0.494333,0.499314,0.506631,0.506488,0.51119,0.492898
2013021147,2014,0.0,1,0.620409,0.612892,,0.627283,0.631133,0.629476,0.646956,0.646729,0.63859,0.623536
2013021148,2014,1.0,2,0.647636,0.685538,,0.618079,0.621458,0.6179,0.613086,0.612946,0.623116,0.643833
2013021149,2014,1.0,0,0.75483,0.780143,,0.762213,0.758465,0.760337,0.764872,0.764745,0.760927,0.774376
2013021150,2014,0.0,1,0.418456,0.476415,,0.44619,0.434495,0.446042,0.425361,0.425213,0.431485,0.455132
2013021151,2014,1.0,2,0.507976,0.413821,,0.472752,0.479662,0.471756,0.459906,0.45973,0.462698,0.443876
2013021152,2014,1.0,0,0.555087,0.558143,,0.546154,0.546382,0.545326,0.550895,0.55088,0.550655,0.548877
2013021153,2014,0.0,1,0.488702,0.553218,,0.528417,0.520609,0.529243,0.52897,0.528716,0.523404,0.538742
2013021154,2014,0.0,1,0.470891,0.464336,,0.477143,0.471506,0.476497,0.495675,0.495612,0.484919,0.46907
2013021155,2014,1.0,0,0.669111,0.718185,,0.708246,0.702277,0.707773,0.702654,0.702625,0.694407,0.71814
2013021156,2014,0.0,1,0.482214,0.549056,,0.508167,0.510813,0.511522,0.517505,0.517311,0.510571,0.52314
2013021157,2014,1.0,0,0.537613,0.614454,,0.551961,0.55171,0.551102,0.556109,0.556155,0.553655,0.576186
2013021158,2014,0.0,3,0.632462,0.648049,,0.629845,0.625174,0.628182,0.636033,0.636099,0.622533,0.638108
2013021159,2014,0.0,1,0.682237,0.626858,,0.654886,0.66147,0.653116,0.643817,0.643629,0.648143,0.644489
2013021160,2014,1.0,0,0.662931,0.655646,,0.648919,0.654726,0.64853,0.64275,0.642488,0.646107,0.652538
2013021161,2014,0.0,1,0.633836,0.690108,,0.629592,0.625838,0.628607,0.64574,0.645562,0.644862,0.654585
2013021162,2014,0.0,3,0.516144,0.550944,,0.512502,0.515491,0.51232,0.518653,0.518511,0.513733,0.524705
2013021163,2014,0.0,1,0.566487,0.492169,,0.53164,0.537056,0.532695,0.540395,0.540185,0.540037,0.512315
2013021164,2014,1.0,0,0.574905,0.511827,,0.541259,0.545992,0.541259,0.548356,0.548348,0.544709,0.526198
2013021165,2014,0.0,1,0.552826,0.553057,,0.535973,0.533441,0.534424,0.545297,0.545208,0.541568,0.539801
2013021166,2014,0.0,1,0.649505,0.620092,,0.62027,0.623303,0.619798,0.627042,0.627076,0.631291,0.61931
2013021167,2014,0.0,1,0.535199,0.477591,,0.533107,0.527729,0.532501,0.530747,0.530277,0.533231,0.509853
2013021168,2014,1.0,0,0.438559,0.498133,,0.472822,0.46523,0.473971,0.478031,0.477962,0.467262,0.481166
2013021169,2014,1.0,0,0.449192,0.455678,,0.454353,0.446731,0.452861,0.444218,0.444046,0.445441,0.45094
2013021170,2014,0.0,1,0.671611,0.701176,,0.679912,0.68225,0.680449,0.685321,0.685126,0.685233,0.691552
2013021171,2014,1.0,0,0.418982,0.468127,,0.432064,0.429438,0.432666,0.434598,0.434478,0.43284,0.441801
2013021172,2014,1.0,0,0.61555,0.62914,,0.627033,0.624893,0.627373,0.651329,0.65125,0.641569,0.629902
2013021173,2014,1.0,0,0.683305,0.702109,,0.693611,0.689422,0.692293,0.693481,0.693845,0.684887,0.700776
2013021174,2014,1.0,0,0.543783,0.562514,,0.527656,0.528981,0.528744,0.525523,0.525515,0.537384,0.538152
2013021175,2014,0.0,3,0.492899,0.491936,,0.50118,0.499185,0.501891,0.495316,0.495182,0.488111,0.495387
2013021176,2014,1.0,0,0.376639,0.364814,,0.380047,0.37247,0.382093,0.376077,0.375798,0.378387,0.368036
2013021177,2014,0.0,1,0.574903,0.655154,,0.609767,0.610442,0.610775,0.616334,0.616287,0.621876,0.630521
2013021178,2014,0.0,1,0.519627,0.556038,,0.504737,0.504332,0.503792,0.494068,0.493849,0.511159,0.520921
2013021179,2014,0.0,1,0.453715,0.518086,,0.485989,0.471313,0.488114,0.491215,0.490822,0.48374,0.497241
2013021180,2014,0.0,1,0.421953,0.345359,,0.358402,0.361039,0.358948,0.361091,0.361022,0.366178,0.342462
2013021181,2014,0.0,1,0.527159,0.495786,,0.468867,0.475401,0.466272,0.445351,0.445306,0.462739,0.471523
2013021182,2014,1.0,0,0.649502,0.674993,,0.615292,0.617969,0.61595,0.610936,0.611164,0.616939,0.637469
2013021183,2014,1.0,2,0.586504,0.605294,,0.580501,0.585859,0.58069,0.587814,0.587836,0.588476,0.589528
2013021184,2014,1.0,0,0.580651,0.647441,,0.591893,0.588367,0.590854,0.609605,0.609894,0.600343,0.614577
2013021185,2014,0.0,1,0.412875,0.434582,,0.402377,0.401136,0.404535,0.405729,0.405653,0.400163,0.408161
2013021186,2014,0.0,1,0.658853,0.667151,,0.657239,0.658472,0.656848,0.670515,0.670266,0.663491,0.663165
2013021187,2014,1.0,2,0.405384,0.380698,,0.413817,0.404647,0.41395,0.418989,0.419028,0.404884,0.396092
2013021188,2014,1.0,2,0.594393,0.601867,,0.564276,0.569707,0.566032,0.570645,0.570368,0.569663,0.576153
2013021189,2014,0.0,1,0.427527,0.449953,,0.437686,0.429562,0.439578,0.435885,0.435603,0.439267,0.438301
2013020971,2014,0.0,1,0.542533,0.549447,,0.540725,0.541517,0.54299,0.55084,0.550495,0.544996,0.542481
2013021190,2014,1.0,2,0.6138,0.664282,,0.637836,0.634004,0.638128,0.63647,0.636355,0.640941,0.6513
2013021191,2014,1.0,2,0.635645,0.596264,,0.618728,0.622947,0.618158,0.636835,0.636733,0.627925,0.610029
2013021192,2014,1.0,2,0.438292,0.359334,,0.38317,0.383154,0.381301,0.379454,0.379534,0.379854,0.364151
2013021193,2014,1.0,0,0.552654,0.498406,,0.520696,0.525364,0.518516,0.512421,0.512349,0.515272,0.507822
2013021194,2014,1.0,0,0.725367,0.781726,,0.737926,0.740217,0.737997,0.743948,0.744201,0.742253,0.760321
2013021195,2014,0.0,1,0.507482,0.547298,,0.542757,0.535496,0.541096,0.555767,0.555328,0.554963,0.545427
2013021196,2014,0.0,1,0.646449,0.554607,,0.623192,0.624768,0.624372,0.616612,0.616405,0.620662,0.596789
2013021197,2014,1.0,2,0.542942,0.506062,,0.518008,0.517314,0.518553,0.507658,0.507534,0.505076,0.509503
2013021198,2014,1.0,0,0.52976,0.541977,,0.527989,0.525175,0.526445,0.537395,0.537217,0.526401,0.531362
2013021199,2014,1.0,0,0.463778,0.565236,,0.498164,0.494068,0.500881,0.504972,0.505088,0.492158,0.523549
2013021200,2014,1.0,0,0.534529,0.548052,,0.547558,0.548684,0.548415,0.550812,0.550642,0.547997,0.547352
2013021201,2014,1.0,0,0.462695,0.442556,,0.447427,0.442285,0.447941,0.430091,0.430285,0.44072,0.440063
2013021202,2014,1.0,2,0.373703,0.408098,,0.389056,0.374818,0.389244,0.389781,0.389672,0.388233,0.391205
2013021203,2014,0.0,1,0.388808,0.335981,,0.364904,0.36309,0.364155,0.366047,0.365817,0.364402,0.345436
2013021204,2014,0.0,1,0.483889,0.599051,,0.516181,0.502936,0.517195,0.517626,0.517466,0.51323,0.548331
2013021205,2014,1.0,0,0.446511,0.37855,,0.434914,0.432464,0.434117,0.437295,0.43737,0.431602,0.407369
2013021206,2014,0.0,1,0.608873,0.652395,,0.607494,0.607877,0.608281,0.598766,0.598697,0.609085,0.625642
2013021207,2014,1.0,0,0.537072,0.520408,,0.547245,0.538061,0.545325,0.527305,0.527119,0.532116,0.53633
2013021208,2014,0.0,3,0.583671,0.612307,,0.592367,0.585943,0.591762,0.623942,0.62383,0.606688,0.600864
2013021209,2014,1.0,0,0.471187,0.475787,,0.450496,0.452167,0.454892,0.453921,0.453845,0.452826,0.45444
2013021210,2014,0.0,1,0.545545,0.473191,,0.486224,0.489736,0.485878,0.481826,0.481863,0.481982,0.473983
2013021211,2014,1.0,0,0.578408,0.663426,,0.623875,0.615501,0.625068,0.631757,0.631615,0.626548,0.643432
2013021212,2014,1.0,0,0.782495,0.82244,,0.792792,0.799964,0.793558,0.79145,0.791693,0.792461,0.810276
2013021213,2014,0.0,3,0.622237,0.591061,,0.592473,0.596674,0.590701,0.5989,0.598922,0.596468,0.590122
2013021214,2014,1.0,2,0.513675,0.41315,,0.499792,0.499979,0.500347,0.49021,0.489952,0.489864,0.462384
2013021215,2014,1.0,0,0.560655,0.638207,,0.599751,0.593815,0.599469,0.613244,0.6135,0.603968,0.617707
2013021216,2014,0.0,1,0.414033,0.459129,,0.447318,0.437424,0.448681,0.436934,0.436438,0.421988,0.449612
2013021217,2014,1.0,0,0.421564,0.403332,,0.440336,0.432471,0.441914,0.438925,0.438735,0.436915,0.422566
2013021218,2014,0.0,1,0.447712,0.416217,,0.425472,0.419087,0.425017,0.428551,0.428471,0.431618,0.415316
2013021219,2014,1.0,0,0.483573,0.392252,,0.434342,0.437739,0.435244,0.433548,0.433501,0.438001,0.409953
2013021220,2014,0.0,3,0.538602,0.60768,,0.569094,0.565023,0.572214,0.588455,0.588365,0.584087,0.585535
2013021221,2014,1.0,0,0.38225,0.470429,,0.437937,0.42098,0.437358,0.466319,0.466214,0.451411,0.449415
2013021222,2014,0.0,3,0.626481,0.625899,,0.59607,0.599185,0.5981,0.585172,0.585288,0.586044,0.605942
2013021223,2014,0.0,3,0.543329,0.515681,,0.522519,0.521454,0.522331,0.513981,0.513863,0.518585,0.516406
2013021224,2014,0.0,1,0.626062,0.596931,,0.59849,0.606407,0.598197,0.604061,0.604088,0.593512,0.596425
2013021225,2014,0.0,3,0.473257,0.381448,,0.439318,0.435752,0.440124,0.458378,0.457885,0.446306,0.409867
2013021226,2014,0.0,3,0.663561,0.601516,,0.603614,0.611833,0.600568,0.606206,0.605926,0.611102,0.599235
2013021227,2014,0.0,1,0.585964,0.59081,,0.595504,0.588708,0.594502,0.60669,0.606501,0.599823,0.594634
2013021228,2014,1.0,0,0.553592,0.666305,,0.598384,0.597137,0.600853,0.607105,0.606931,0.605492,0.628415
2013021229,2014,1.0,2,0.599701,0.611721,,0.57308,0.574857,0.571846,0.566986,0.5669,0.575243,0.585906
2013021230,2014,1.0,0,0.508095,0.493656,,0.528669,0.513484,0.525643,0.506437,0.506321,0.516216,0.514676
2014020001,2015,0.0,1,0.486539,0.495593,,0.467445,0.464784,0.467909,0.459753,0.459385,0.46193,0.467445
2014020002,2015,1.0,0,0.625576,0.638902,,0.601013,0.601618,0.600167,0.598373,0.598239,0.602749,0.601013
2014020003,2015,0.0,1,0.539347,0.482134,,0.542535,0.539166,0.543577,0.535191,0.535311,0.537191,0.542535
2014020004,2015,0.0,1,0.578247,0.599109,,0.554076,0.560156,0.554984,0.556215,0.55614,0.557279,0.554076
2014020005,2015,0.0,1,0.44105,0.38954,,0.441261,0.43971,0.440377,0.439021,0.439184,0.451244,0.441261
2014020006,2015,0.0,1,0.58035,0.480328,,0.544462,0.547637,0.547368,0.540431,0.540298,0.538131,0.544462
2014020007,2015,1.0,0,0.554975,0.543174,,0.556789,0.55667,0.556577,0.556269,0.556041,0.555179,0.556789
2014020008,2015,0.0,3,0.515436,0.565712,,0.489887,0.484247,0.489239,0.496658,0.496844,0.492459,0.489887
2014020009,2015,1.0,0,0.455076,0.515616,,0.425054,0.425375,0.422878,0.420203,0.420252,0.422283,0.425054
2014020010,2015,1.0,2,0.631632,0.619199,,0.622711,0.615963,0.621322,0.626905,0.626844,0.620532,0.622711
2014020011,2015,0.0,1,0.54622,0.550608,,0.571512,0.567338,0.57199,0.565048,0.565108,0.560694,0.571512
2014020012,2015,1.0,0,0.551409,0.54031,,0.561958,0.558309,0.561821,0.558695,0.558371,0.551995,0.561958
2014020013,2015,0.0,3,0.493261,0.457549,,0.416521,0.421247,0.416458,0.433166,0.432917,0.430207,0.416521
2014020014,2015,1.0,0,0.536041,0.560785,,0.530749,0.52638,0.529741,0.529561,0.529368,0.534441,0.530749
2014020015,2015,0.0,1,0.524141,0.548293,,0.499011,0.498284,0.500198,0.493301,0.493047,0.504473,0.499011
2014020016,2015,0.0,1,0.551532,0.547521,,0.465551,0.46249,0.466656,0.488424,0.48831,0.482792,0.465551
2014020017,2015,0.0,1,0.554448,0.532538,,0.51886,0.520986,0.519704,0.523176,0.522913,0.529546,0.51886
2014020018,2015,0.0,1,0.638338,0.645179,,0.628447,0.63281,0.63221,0.621763,0.621534,0.622806,0.628447
2014020019,2015,0.0,1,0.45246,0.446869,,0.424093,0.431126,0.428565,0.428555,0.42857,0.431742,0.424093
2014020020,2015,0.0,1,0.499921,0.554761,,0.51807,0.520365,0.518983,0.52214,0.522152,0.517632,0.51807
2014020021,2015,0.0,3,0.571767,0.593125,,0.57529,0.576291,0.577404,0.583513,0.583268,0.57199,0.57529
2014020022,2015,0.0,1,0.47854,0.480557,,0.441469,0.442174,0.443298,0.432331,0.432431,0.441004,0.441469
2014020023,2015,1.0,0,0.556534,0.559971,,0.567585,0.562393,0.564855,0.556618,0.556774,0.552052,0.567585
2014020024,2015,0.0,3,0.516304,0.557415,,0.49816,0.495058,0.499111,0.503247,0.50295,0.495095,0.498159
2014020025,2015,1.0,0,0.517938,0.570443,,0.513249,0.515888,0.513175,0.51569,0.515616,0.511728,0.513249
2014020026,2015,1.0,0,0.621213,0.673376,,0.62163,0.621542,0.622428,0.618589,0.618594,0.615972,0.62163
2014020027,2015,1.0,0,0.535608,0.557335,,0.552259,0.545967,0.551059,0.548283,0.5483,0.541632,0.552259
2014020028,2015,1.0,0,0.704126,0.76948,,0.760722,0.755634,0.759034,0.748732,0.748763,0.748153,0.760722
2014020029,2015,0.0,1,0.55027,0.50307,,0.515524,0.518926,0.519067,0.511506,0.511402,0.521295,0.515524
2014020030,2015,1.0,2,0.456799,0.421464,,0.431208,0.437176,0.427948,0.430054,0.430298,0.437635,0.431208
2014020031,2015,1.0,2,0.602721,0.653965,,0.631287,0.630748,0.627502,0.626385,0.626305,0.616236,0.631287
2014020032,2015,1.0,0,0.615637,0.639658,,0.608483,0.605527,0.607953,0.610476,0.610225,0.602541,0.608483
2014020033,2015,0.0,1,0.629237,0.669789,,0.629156,0.630917,0.627738,0.636262,0.636142,0.626341,0.629156
2014020034,2015,1.0,0,0.628036,0.666717,,0.631151,0.636602,0.635067,0.638179,0.63786,0.631419,0.631151
2014020035,2015,0.0,1,0.624593,0.68193,,0.630119,0.630641,0.62854,0.62545,0.625549,0.628618,0.630119
2014020036,2015,0.0,1,0.392352,0.366688,,0.353853,0.352031,0.355967,0.365554,0.36521,0.364429,0.353853
2014020037,2015,0.0,1,0.473516,0.507585,,0.469534,0.468549,0.470969,0.471307,0.470864,0.461385,0.469534
2014021194,2015,1.0,0,0.507143,0.562833,,0.511487,0.508626,0.511383,0.507979,0.507951,0.509864,0.511487
2014020038,2015,0.0,1,0.614917,0.616311,,0.574551,0.569204,0.569785,0.589522,0.589392,0.591615,0.574551
2014020039,2015,0.0,3,0.492749,0.491504,,0.453288,0.452695,0.455364,0.46576,0.46564,0.465519,0.453288
2014020040,2015,0.0,3,0.499556,0.471228,,0.459338,0.460143,0.460145,0.468568,0.468827,0.467466,0.459338
2014020041,2015,0.0,3,0.615725,0.67603,,0.630488,0.643059,0.635691,0.623723,0.623678,0.619922,0.630488
2014020042,2015,0.0,1,0.575446,0.615062,,0.571856,0.570017,0.571897,0.571075,0.571,0.565052,0.571856
2014020043,2015,1.0,2,0.511913,0.526667,,0.474814,0.477122,0.474761,0.483399,0.483253,0.486237,0.474814
2014020044,2015,0.0,1,0.564979,0.553281,,0.542363,0.545184,0.544373,0.53551,0.535494,0.547763,0.542363
2014020045,2015,0.0,3,0.581898,0.643609,,0.605333,0.60336,0.604959,0.599957,0.599803,0.594379,0.605333
2014020046,2015,1.0,0,0.684391,0.729953,,0.720911,0.72037,0.719246,0.700908,0.700615,0.693929,0.720911
2014020047,2015,0.0,3,0.471792,0.509444,,0.459985,0.461865,0.459947,0.458495,0.458477,0.458975,0.459985
2014020048,2015,0.0,3,0.650326,0.728916,,0.67146,0.664937,0.670203,0.666339,0.666577,0.66331,0.67146
2014020049,2015,1.0,0,0.605154,0.656285,,0.605706,0.609896,0.600991,0.598263,0.598533,0.594526,0.605706
2014020050,2015,1.0,2,0.465406,0.466281,,0.460395,0.469668,0.467293,0.457374,0.4576,0.448532,0.460395
2014020051,2015,0.0,1,0.616082,0.627185,,0.603855,0.598594,0.60148,0.595677,0.59556,0.601124,0.603855
2014020052,2015,1.0,0,0.558652,0.526069,,0.528184,0.525357,0.527744,0.526517,0.526537,0.529888,0.528184
2014020053,2015,1.0,0,0.505054,0.471506,,0.459628,0.46541,0.460383,0.468881,0.468715,0.472677,0.459628
2014020054,2015,1.0,0,0.532784,0.581253,,0.516185,0.519593,0.514269,0.507576,0.507708,0.508772,0.516185
2014020055,2015,1.0,2,0.578624,0.557183,,0.540077,0.537491,0.539756,0.535229,0.535052,0.539673,0.540077
2014020057,2015,1.0,2,0.622285,0.647131,,0.623105,0.61516,0.619789,0.62883,0.628713,0.621427,0.623105
2014020056,2015,0.0,1,0.539005,0.424501,,0.472725,0.466508,0.472568,0.478244,0.478174,0.487992,0.472725
2014020058,2015,1.0,0,0.59748,0.674065,,0.58893,0.594583,0.589657,0.587609,0.587267,0.582918,0.58893
2014020059,2015,0.0,1,0.527091,0.492972,,0.487087,0.490345,0.485471,0.497368,0.497197,0.498895,0.487087
2014020060,2015,0.0,1,0.538806,0.542287,,0.527026,0.527808,0.526531,0.526831,0.526729,0.528554,0.527026
2014020061,2015,0.0,1,0.482763,0.419086,,0.425159,0.424549,0.424187,0.429604,0.429524,0.437901,0.425159
2014020062,2015,1.0,0,0.594934,0.549684,,0.594202,0.590376,0.591302,0.587755,0.587846,0.594878,0.594202
2014020063,2015,0.0,1,0.368789,0.292232,,0.290155,0.288827,0.291,0.304503,0.304393,0.308379,0.290155
2014020064,2015,1.0,0,0.588025,0.59929,,0.553223,0.556903,0.553101,0.558538,0.558464,0.560597,0.553223
2014020065,2015,1.0,0,0.522942,0.529381,,0.514677,0.513823,0.51108,0.49842,0.498574,0.508638,0.514677
2014020066,2015,1.0,2,0.5855,0.626906,,0.584463,0.58192,0.585672,0.58884,0.58887,0.594069,0.584463
2014020067,2015,0.0,1,0.482244,0.529001,,0.465011,0.468488,0.465092,0.478132,0.478126,0.471714,0.465011
2014020068,2015,1.0,0,0.633687,0.627009,,0.592291,0.593961,0.589821,0.600822,0.600724,0.605208,0.592291
2014020069,2015,1.0,2,0.648392,0.593963,,0.633768,0.628802,0.632894,0.635055,0.635174,0.638698,0.633769
2014020070,2015,0.0,3,0.556847,0.554034,,0.556028,0.560906,0.556159,0.553264,0.553375,0.552001,0.556028
2014020071,2015,1.0,2,0.618437,0.689355,,0.64397,0.639349,0.641406,0.651174,0.651324,0.63837,0.64397
2014020072,2015,0.0,1,0.490353,0.482796,,0.430608,0.428671,0.426371,0.427611,0.427969,0.424,0.430608
2014020073,2015,0.0,1,0.533047,0.533485,,0.535901,0.535019,0.536397,0.533292,0.533163,0.536892,0.535901
2014020074,2015,1.0,0,0.607951,0.618567,,0.577009,0.57703,0.576335,0.57317,0.573079,0.569978,0.577009
2014020075,2015,1.0,0,0.517556,0.562497,,0.517576,0.518397,0.516753,0.522135,0.522063,0.513419,0.517576
2014020076,2015,0.0,1,0.556827,0.599548,,0.536389,0.539995,0.535931,0.53329,0.533119,0.539838,0.536389
2014020077,2015,1.0,0,0.567357,0.530574,,0.536221,0.534145,0.534941,0.529585,0.529718,0.538027,0.536221
2014020078,2015,1.0,0,0.451417,0.452555,,0.447533,0.445892,0.44652,0.454581,0.454428,0.454801,0.447533
2014020079,2015,1.0,0,0.573609,0.606025,,0.581521,0.584348,0.581461,0.580802,0.580862,0.577998,0.581521
2014020080,2015,0.0,3,0.499276,0.529432,,0.498457,0.495526,0.497649,0.507779,0.507713,0.502458,0.498457
2014020081,2015,0.0,1,0.562958,0.589775,,0.577354,0.576997,0.581042,0.566104,0.565996,0.561868,0.577354
2014020082,2015,1.0,2,0.586681,0.531503,,0.548323,0.551205,0.546508,0.558673,0.558637,0.556885,0.548323
2014020083,2015,1.0,2,0.569594,0.588375,,0.575921,0.572741,0.577885,0.579101,0.578915,0.578,0.575921
2014020084,2015,1.0,0,0.564792,0.567305,,0.550596,0.546797,0.549796,0.555235,0.555257,0.552706,0.550596
2014020085,2015,1.0,0,0.612758,0.675826,,0.651595,0.650737,0.650301,0.651453,0.651553,0.645435,0.651595
2014020086,2015,1.0,0,0.570808,0.522585,,0.516271,0.518079,0.51731,0.524955,0.525156,0.524011,0.516271
2014020087,2015,0.0,3,0.638635,0.55467,,0.603536,0.601853,0.602554,0.610164,0.610104,0.613815,0.603536
2014020088,2015,0.0,3,0.517232,0.488445,,0.506583,0.499885,0.504865,0.511174,0.511335,0.504825,0.506583
2014020090,2015,0.0,1,0.620043,0.63467,,0.627653,0.628728,0.627046,0.620713,0.620963,0.614179,0.627653
2014020091,2015,1.0,0,0.451353,0.457583,,0.4355,0.439059,0.435705,0.434549,0.434268,0.439781,0.4355
2014020092,2015,1.0,0,0.719389,0.735616,,0.723167,0.723345,0.72205,0.723455,0.723486,0.7145,0.723167
2014020093,2015,0.0,1,0.659024,0.646344,,0.657596,0.649118,0.654092,0.654984,0.654893,0.657691,0.657596
2014020094,2015,1.0,2,0.488659,0.538164,,0.49499,0.495388,0.49671,0.498046,0.49808,0.488037,0.49499
2014020095,2015,0.0,1,0.614312,0.617194,,0.593735,0.594113,0.593593,0.599422,0.599305,0.597862,0.593735
2014020096,2015,1.0,0,0.472962,0.433651,,0.437756,0.435487,0.438102,0.435625,0.435444,0.436376,0.437756
2014020097,2015,1.0,0,0.591679,0.631712,,0.608572,0.605906,0.612294,0.613607,0.613129,0.616033,0.608572
2014020098,2015,1.0,0,0.572449,0.52994,,0.560113,0.551202,0.557965,0.558362,0.558563,0.557025,0.560113
2014020099,2015,1.0,0,0.726754,0.774277,,0.727714,0.731948,0.727744,0.726158,0.726324,0.722655,0.727714
2014020100,2015,0.0,1,0.58542,0.539231,,0.562227,0.555269,0.561852,0.560236,0.560098,0.571233,0.562227
2014020101,2015,0.0,3,0.525157,0.58347,,0.545055,0.540084,0.542017,0.536615,0.536303,0.534232,0.545055
2014020102,2015,0.0,1,0.511299,0.528062,,0.519615,0.519365,0.517567,0.517726,0.517731,0.516839,0.519615
2014020103,2015,1.0,0,0.559715,0.511251,,0.51706,0.515715,0.516389,0.527663,0.527512,0.526298,0.51706
2014020104,2015,1.0,0,0.526544,0.553302,,0.506701,0.504858,0.507781,0.515448,0.515543,0.507907,0.506701
2014020105,2015,1.0,0,0.602482,0.578116,,0.604648,0.596856,0.601547,0.590238,0.590309,0.596501,0.604648
2014020106,2015,0.0,1,0.706096,0.740567,,0.715905,0.716152,0.715316,0.712414,0.712342,0.716814,0.715905
2014020107,2015,0.0,1,0.441263,0.41266,,0.397545,0.399766,0.395045,0.406705,0.406688,0.410936,0.397545
2014020108,2015,1.0,0,0.554365,0.52221,,0.526092,0.531863,0.527635,0.529662,0.529812,0.536505,0.526092
2014020109,2015,0.0,3,0.565127,0.590921,,0.521428,0.527099,0.521622,0.508269,0.508443,0.52285,0.521428
2014020110,2015,1.0,0,0.513082,0.565517,,0.555101,0.557157,0.557854,0.524644,0.524716,0.520126,0.555101
2014020111,2015,1.0,0,0.549026,0.538835,,0.505089,0.502463,0.50155,0.524817,0.524715,0.51053,0.505089
2014020112,2015,1.0,0,0.516351,0.507118,,0.505558,0.505495,0.505361,0.504043,0.503997,0.505315,0.505558
2014020113,2015,0.0,1,0.487993,0.516822,,0.471601,0.471157,0.472232,0.481524,0.481438,0.471932,0.471601
2014020114,2015,1.0,0,0.552538,0.599817,,0.558422,0.559476,0.558911,0.56409,0.564015,0.551961,0.558422
2014020115,2015,1.0,2,0.60514,0.5609,,0.559166,0.557455,0.556986,0.556005,0.556301,0.557535,0.559166
2014020116,2015,0.0,1,0.517187,0.467473,,0.488041,0.484086,0.486951,0.485132,0.485037,0.498064,0.488041
2014020117,2015,1.0,2,0.515453,0.568001,,0.514788,0.514891,0.514725,0.505814,0.505769,0.509883,0.514788
2014020118,2015,1.0,0,0.611979,0.622485,,0.598935,0.597747,0.597933,0.589816,0.589821,0.588092,0.598935
2014020119,2015,1.0,0,0.623008,0.679761,,0.648357,0.643276,0.651571,0.664848,0.664461,0.64979,0.648357
2014020120,2015,0.0,1,0.583617,0.578035,,0.559282,0.560335,0.55865,0.552652,0.552827,0.543813,0.559282
2014020121,2015,1.0,0,0.514479,0.549221,,0.507085,0.511531,0.508404,0.517209,0.517173,0.519107,0.507085
2014020122,2015,1.0,0,0.562394,0.573643,,0.551562,0.548684,0.55009,0.543645,0.543598,0.54754,0.551562
2014020123,2015,1.0,0,0.425421,0.470389,,0.413075,0.411024,0.413099,0.419562,0.419468,0.416068,0.413075
2014020124,2015,0.0,1,0.612713,0.635663,,0.620946,0.616387,0.621601,0.605804,0.605889,0.606101,0.620946
2014020125,2015,0.0,1,0.560279,0.554193,,0.557657,0.557675,0.560138,0.545655,0.545694,0.546388,0.557657
2014020126,2015,1.0,2,0.475035,0.468769,,0.455295,0.447794,0.45269,0.463902,0.464076,0.465353,0.455295
2014020127,2015,1.0,0,0.630706,0.601193,,0.606859,0.609104,0.607772,0.599465,0.599509,0.60875,0.606859
2014020128,2015,0.0,1,0.571747,0.580689,,0.547062,0.548848,0.548879,0.554707,0.554283,0.553568,0.547062
2014020129,2015,1.0,0,0.628217,0.662805,,0.627172,0.634141,0.627064,0.623046,0.623149,0.620936,0.627172
2014020130,2015,1.0,0,0.587874,0.584623,,0.604444,0.598609,0.605302,0.594247,0.594067,0.59863,0.604444
2014020131,2015,0.0,1,0.547795,0.624633,,0.584728,0.584222,0.586492,0.597816,0.59761,0.585394,0.584728
2014020132,2015,0.0,3,0.51865,0.479339,,0.465183,0.465827,0.464657,0.477134,0.477094,0.483648,0.465183
2014020133,2015,0.0,3,0.496344,0.4597,,0.476951,0.475391,0.47103,0.485048,0.485158,0.482742,0.476951
2014020134,2015,0.0,3,0.480687,0.490004,,0.493192,0.481155,0.491839,0.49224,0.492176,0.484732,0.493192
2014020135,2015,1.0,0,0.597073,0.607034,,0.572851,0.573996,0.573352,0.577747,0.577782,0.581114,0.572851
2014020136,2015,0.0,1,0.559118,0.513171,,0.518943,0.518337,0.518689,0.532167,0.532146,0.523864,0.518943
2014020137,2015,0.0,1,0.487631,0.455733,,0.450043,0.454755,0.451763,0.4551,0.45506,0.451247,0.450043
2014020138,2015,0.0,3,0.353144,0.287212,,0.294046,0.292697,0.294242,0.30525,0.304945,0.312757,0.294046
2014020139,2015,1.0,2,0.556047,0.54768,,0.522315,0.518407,0.519636,0.536551,0.536372,0.531939,0.522315
2014020140,2015,1.0,0,0.541926,0.529155,,0.531577,0.530259,0.532631,0.534454,0.534501,0.533474,0.531577
2014020141,2015,0.0,3,0.481156,0.434183,,0.437269,0.440207,0.434002,0.426526,0.426552,0.446431,0.437269
2014020142,2015,1.0,0,0.551798,0.582897,,0.589648,0.592779,0.589886,0.569517,0.569334,0.577152,0.589648
2014020143,2015,1.0,0,0.495005,0.540758,,0.507087,0.50686,0.508989,0.509282,0.508889,0.509452,0.507088
2014020144,2015,1.0,0,0.517305,0.556599,,0.507516,0.51056,0.508269,0.522486,0.522282,0.523045,0.507516
2014020145,2015,1.0,2,0.520554,0.527683,,0.501068,0.498372,0.498267,0.512965,0.512817,0.504654,0.501068
2014020146,2015,1.0,0,0.569306,0.502838,,0.530501,0.526184,0.527622,0.54432,0.54428,0.541191,0.530501
2014020147,2015,1.0,2,0.494236,0.557269,,0.500292,0.493536,0.497819,0.50211,0.501848,0.504553,0.500292
2014020148,2015,0.0,1,0.583278,0.60383,,0.541403,0.543841,0.54246,0.551145,0.55081,0.552609,0.541403
2014020149,2015,1.0,0,0.481766,0.510719,,0.494263,0.486664,0.490671,0.491744,0.491631,0.496247,0.494263
2014020150,2015,0.0,3,0.483916,0.506505,,0.471209,0.464085,0.466724,0.488041,0.487938,0.476263,0.471209
2014020151,2015,1.0,0,0.52067,0.505395,,0.477162,0.475358,0.478954,0.483592,0.483524,0.483681,0.477162
2014020152,2015,1.0,0,0.630306,0.608048,,0.608804,0.611954,0.612399,0.611145,0.611106,0.612818,0.608804
2014020153,2015,1.0,0,0.636831,0.649257,,0.663896,0.65771,0.664828,0.655858,0.655777,0.650526,0.663896
2014020154,2015,1.0,0,0.459721,0.388127,,0.410881,0.415412,0.410968,0.403252,0.403258,0.421118,0.410881
2014020155,2015,1.0,0,0.561102,0.569705,,0.571533,0.575262,0.573812,0.562437,0.562478,0.557938,0.571533
2014020156,2015,1.0,0,0.452859,0.496426,,0.442702,0.446356,0.444314,0.439853,0.439615,0.440703,0.442702
2014020157,2015,1.0,0,0.533695,0.557874,,0.563639,0.559278,0.561204,0.561771,0.561916,0.547356,0.563639
2014020158,2015,0.0,3,0.617343,0.61826,,0.582586,0.5774,0.581504,0.58881,0.588847,0.585786,0.582586
2014020159,2015,1.0,0,0.731206,0.775812,,0.744431,0.751859,0.746704,0.737909,0.738093,0.739603,0.744431
2014020160,2015,1.0,0,0.520612,0.512164,,0.536205,0.530434,0.535912,0.539099,0.538617,0.537262,0.536205
2014020161,2015,1.0,2,0.594213,0.672143,,0.601593,0.604249,0.601243,0.598696,0.598569,0.597184,0.601593
2014020162,2015,1.0,0,0.576654,0.615653,,0.61572,0.611884,0.616759,0.605638,0.605491,0.601907,0.61572
2014020163,2015,0.0,1,0.483384,0.472044,,0.456649,0.459698,0.458314,0.45264,0.452688,0.455824,0.456649
2014020164,2015,1.0,2,0.412458,0.31449,,0.334247,0.330001,0.337284,0.343865,0.343429,0.351366,0.334247
2014020165,2015,1.0,0,0.418703,0.387698,,0.406047,0.401641,0.403739,0.405183,0.405015,0.414314,0.406047
2014020166,2015,0.0,1,0.617651,0.613274,,0.61946,0.624566,0.619487,0.609756,0.609687,0.608035,0.61946
2014020167,2015,0.0,1,0.596464,0.603198,,0.602711,0.596087,0.602287,0.602191,0.601882,0.600369,0.602711
2014020168,2015,0.0,1,0.476215,0.433162,,0.47429,0.471515,0.473182,0.466924,0.466888,0.463594,0.47429
2014020169,2015,0.0,1,0.638672,0.686838,,0.627874,0.625752,0.628569,0.655282,0.655094,0.645502,0.627874
2014020170,2015,0.0,1,0.548566,0.539173,,0.517844,0.519649,0.517334,0.523264,0.523189,0.526912,0.517844
2014020171,2015,0.0,3,0.536442,0.543122,,0.495552,0.493397,0.493662,0.499737,0.49958,0.504357,0.495552
2014020172,2015,1.0,2,0.708988,0.710815,,0.71382,0.710035,0.71367,0.706233,0.706046,0.709741,0.71382
2014020173,2015,0.0,1,0.481802,0.525268,,0.454513,0.454311,0.4541,0.461315,0.461164,0.457379,0.454513
2014020174,2015,1.0,0,0.631496,0.643796,,0.638368,0.634764,0.637226,0.631438,0.631334,0.625041,0.638368
2014020175,2015,0.0,3,0.567826,0.604393,,0.565548,0.560988,0.560842,0.570081,0.569912,0.562949,0.565548
2014020176,2015,0.0,1,0.603066,0.615938,,0.524765,0.526165,0.523749,0.535577,0.53522,0.547305,0.524765
2014020177,2015,0.0,1,0.521504,0.424031,,0.471773,0.477335,0.473016,0.467291,0.467207,0.478044,0.471773
2014020178,2015,1.0,0,0.531353,0.493992,,0.487232,0.491946,0.487485,0.490626,0.490601,0.497018,0.487232
2014020179,2015,0.0,1,0.501488,0.543671,,0.516742,0.514565,0.513878,0.518175,0.517879,0.508926,0.516742
2014020180,2015,1.0,0,0.526504,0.514902,,0.522199,0.52856,0.522992,0.516847,0.516932,0.518502,0.522199
2014020181,2015,0.0,1,0.480854,0.474989,,0.450943,0.451345,0.449618,0.462665,0.462585,0.46515,0.450943
2014020182,2015,0.0,1,0.55735,0.478351,,0.533562,0.532462,0.534171,0.531283,0.531221,0.53287,0.533562
2014020183,2015,1.0,0,0.52791,0.571919,,0.492781,0.491811,0.490882,0.507288,0.50739,0.502509,0.492781
2014020184,2015,0.0,3,0.404935,0.363478,,0.365909,0.35405,0.364617,0.37167,0.37129,0.366301,0.365909
2014020185,2015,1.0,2,0.576406,0.549622,,0.557271,0.562935,0.557341,0.555876,0.555788,0.550887,0.557271
2014020186,2015,0.0,3,0.655479,0.602576,,0.557102,0.560475,0.55826,0.574093,0.57417,0.582023,0.557102
2014020187,2015,1.0,0,0.708284,0.724971,,0.747216,0.73906,0.74662,0.734188,0.734004,0.730589,0.747216
2014020188,2015,1.0,0,0.643117,0.617294,,0.628653,0.626321,0.627777,0.622273,0.622341,0.62024,0.628653
2014020189,2015,1.0,0,0.518353,0.517425,,0.485067,0.486426,0.486246,0.475836,0.475724,0.482026,0.485067
2014020190,2015,1.0,0,0.583852,0.631644,,0.591776,0.591677,0.588986,0.587414,0.587227,0.590904,0.591776
2014020191,2015,1.0,0,0.622157,0.599513,,0.634309,0.635964,0.63423,0.632561,0.632446,0.627703,0.634309
2014020192,2015,0.0,3,0.44469,0.483738,,0.462361,0.464897,0.462418,0.457257,0.456968,0.458321,0.462361
2014020193,2015,0.0,1,0.545014,0.532256,,0.50305,0.506127,0.503556,0.511539,0.511453,0.509173,0.50305
2014020194,2015,1.0,2,0.561078,0.539506,,0.546263,0.539548,0.545013,0.556044,0.555939,0.556028,0.546263
2014020195,2015,0.0,3,0.646325,0.630747,,0.62706,0.629911,0.628461,0.629157,0.629165,0.621079,0.62706
2014020196,2015,0.0,1,0.60821,0.611456,,0.583524,0.584904,0.585653,0.57885,0.578624,0.582381,0.583524
2014020197,2015,0.0,1,0.511797,0.440716,,0.494387,0.486062,0.493332,0.498683,0.498278,0.488602,0.494387
2014020198,2015,1.0,2,0.508006,0.524301,,0.545105,0.546364,0.544724,0.544006,0.544091,0.5362,0.545105
2014020199,2015,1.0,0,0.573966,0.599307,,0.583042,0.576701,0.57749,0.584894,0.584801,0.58546,0.583042
2014020200,2015,0.0,1,0.622107,0.668399,,0.625887,0.631513,0.626699,0.626553,0.626566,0.62383,0.625887
2014020201,2015,0.0,3,0.65539,0.616129,,0.624703,0.62528,0.62774,0.621938,0.621638,0.634676,0.624703
2014020202,2015,0.0,1,0.480007,0.547817,,0.523681,0.525404,0.522275,0.500848,0.500577,0.505685,0.523681
2014020203,2015,0.0,1,0.338418,0.288653,,0.301049,0.300743,0.303767,0.307695,0.307266,0.314507,0.301049
2014020204,2015,1.0,0,0.49209,0.460776,,0.454024,0.461447,0.458138,0.45676,0.456655,0.462595,0.454024
2014020205,2015,1.0,0,0.555802,0.514759,,0.540236,0.542093,0.541897,0.540071,0.540155,0.541738,0.540236
2014020206,2015,0.0,3,0.571235,0.565544,,0.529415,0.530596,0.531252,0.52881,0.528835,0.529692,0.529415
2014020207,2015,1.0,0,0.571992,0.609076,,0.563471,0.560468,0.563036,0.554443,0.554456,0.545863,0.563471
2014020208,2015,0.0,1,0.512572,0.511533,,0.454767,0.460496,0.45444,0.449037,0.448798,0.468035,0.454767
2014020209,2015,1.0,2,0.599,0.585656,,0.559535,0.557271,0.558905,0.572495,0.572396,0.564529,0.559535
2014020210,2015,0.0,1,0.605728,0.584356,,0.578542,0.58096,0.57787,0.582096,0.582171,0.583232,0.578542
2014020211,2015,0.0,1,0.486993,0.46568,,0.434455,0.435526,0.434337,0.44993,0.449975,0.448695,0.434455
2014020212,2015,0.0,1,0.542172,0.522707,,0.482574,0.482347,0.480619,0.484927,0.485082,0.488474,0.482574
2014020213,2015,1.0,0,0.614783,0.633892,,0.589281,0.594718,0.591696,0.587558,0.587341,0.592508,0.589281
2014020089,2015,0.0,1,0.568123,0.592075,,0.540792,0.535992,0.538521,0.538602,0.538729,0.543765,0.540792
2014020214,2015,0.0,3,0.52719,0.569877,,0.531431,0.528096,0.52979,0.520001,0.519769,0.529238,0.531431
2014020215,2015,0.0,1,0.658658,0.641884,,0.66209,0.657759,0.658926,0.652351,0.651989,0.652507,0.66209
2014020216,2015,1.0,0,0.559536,0.62257,,0.549443,0.546343,0.546743,0.5665,0.566681,0.550621,0.549443
2014020217,2015,0.0,3,0.621297,0.627773,,0.58156,0.585371,0.582666,0.586545,0.586576,0.590983,0.58156
2014020218,2015,1.0,0,0.661855,0.656184,,0.642351,0.64303,0.645181,0.637659,0.637713,0.63939,0.642351
2014020219,2015,1.0,0,0.513218,0.568951,,0.542646,0.549647,0.542249,0.533477,0.533196,0.533026,0.542646
2014020220,2015,1.0,0,0.505874,0.520236,,0.483776,0.480558,0.483084,0.483032,0.48291,0.489573,0.483776
2014020221,2015,1.0,0,0.537898,0.61324,,0.538391,0.540557,0.537111,0.528659,0.528422,0.528583,0.538391
2014020222,2015,1.0,0,0.479541,0.498876,,0.489466,0.487171,0.489068,0.497333,0.497025,0.485516,0.489466
2014020223,2015,1.0,0,0.571823,0.588175,,0.596337,0.590846,0.595749,0.59463,0.594705,0.589981,0.596337
2014020224,2015,1.0,0,0.598361,0.572666,,0.579742,0.582442,0.580806,0.591019,0.591086,0.585913,0.579742
2014020225,2015,1.0,0,0.405098,0.43054,,0.380486,0.381699,0.378514,0.38384,0.383888,0.384342,0.380486
2014020226,2015,1.0,0,0.720103,0.78065,,0.750818,0.755837,0.751065,0.743261,0.74359,0.733954,0.750818
2014020227,2015,1.0,0,0.627604,0.625636,,0.642627,0.633612,0.641029,0.628997,0.628899,0.629671,0.642627
2014020228,2015,1.0,2,0.58747,0.649441,,0.591546,0.592167,0.591697,0.580863,0.580761,0.582684,0.591546
2014020229,2015,0.0,1,0.529152,0.515711,,0.499557,0.498412,0.498529,0.494433,0.494584,0.498249,0.499557
2014020230,2015,1.0,2,0.55683,0.54813,,0.542595,0.539391,0.54285,0.548194,0.548092,0.537657,0.542595
2014020231,2015,1.0,0,0.440049,0.412327,,0.401896,0.402171,0.398575,0.403299,0.403197,0.414886,0.401896
2014020232,2015,1.0,2,0.542966,0.514611,,0.497933,0.501563,0.498167,0.505723,0.505573,0.508604,0.497933
2014020233,2015,0.0,3,0.599767,0.654069,,0.582867,0.582646,0.579804,0.580304,0.58016,0.576139,0.582867
2014020234,2015,0.0,1,0.524962,0.535485,,0.505042,0.505419,0.503897,0.513598,0.513516,0.50471,0.505042
2014020235,2015,1.0,0,0.500856,0.468412,,0.487718,0.490048,0.485742,0.498235,0.498427,0.494225,0.487718
2014020236,2015,0.0,1,0.537033,0.509048,,0.515566,0.515649,0.513898,0.525084,0.525348,0.523425,0.515566
2014020237,2015,1.0,0,0.60035,0.591071,,0.595332,0.601307,0.598876,0.600401,0.600278,0.597343,0.595332
2014020238,2015,1.0,0,0.68842,0.774338,,0.711836,0.719115,0.710723,0.711153,0.711319,0.705288,0.711836
2014020239,2015,1.0,0,0.568898,0.523997,,0.564022,0.561307,0.567217,0.569227,0.569209,0.567998,0.564022
2014020240,2015,0.0,3,0.482983,0.508523,,0.470774,0.47335,0.471208,0.466161,0.466099,0.467556,0.470774
2014020241,2015,0.0,1,0.629089,0.623589,,0.619246,0.617849,0.620564,0.612368,0.612251,0.621173,0.619246
2014020242,2015,0.0,1,0.590458,0.589774,,0.582942,0.582454,0.585996,0.574807,0.574974,0.572517,0.582942
2014020243,2015,0.0,1,0.579071,0.562491,,0.553091,0.551264,0.551781,0.553464,0.553515,0.555185,0.553091
2014020244,2015,0.0,1,0.456489,0.425756,,0.430319,0.436453,0.431705,0.433096,0.432882,0.434749,0.430319
2014020245,2015,1.0,0,0.48045,0.475545,,0.472466,0.465459,0.469349,0.461448,0.461148,0.476273,0.472466
2014020246,2015,0.0,3,0.477535,0.474695,,0.427524,0.435631,0.42946,0.433617,0.433461,0.441246,0.427524
2014020247,2015,0.0,1,0.594844,0.618919,,0.629064,0.624454,0.628605,0.622486,0.62205,0.624794,0.629064
2014020248,2015,1.0,0,0.674336,0.678926,,0.663794,0.661088,0.665441,0.657023,0.656915,0.6641,0.663794
2014020249,2015,0.0,1,0.528662,0.489266,,0.483275,0.482377,0.481349,0.486787,0.486845,0.489628,0.483275
2014020250,2015,1.0,2,0.545912,0.526475,,0.547157,0.541475,0.546876,0.54013,0.540129,0.539313,0.547157
2014020251,2015,1.0,0,0.4204,0.396429,,0.386102,0.37858,0.386365,0.392584,0.392172,0.39017,0.386102
2014020252,2015,1.0,0,0.580265,0.580825,,0.610208,0.614101,0.607717,0.600761,0.600869,0.599643,0.610208
2014020253,2015,1.0,0,0.588953,0.548245,,0.559509,0.558806,0.561475,0.563367,0.563472,0.558606,0.559509
2014020254,2015,0.0,1,0.544336,0.622165,,0.524297,0.52436,0.522201,0.523789,0.523548,0.5261,0.524297
2014020255,2015,1.0,2,0.609595,0.590543,,0.574858,0.578127,0.574988,0.577117,0.577165,0.588616,0.574858
2014020256,2015,1.0,0,0.482628,0.477922,,0.431196,0.433275,0.430293,0.444147,0.443876,0.448813,0.431196
2014020257,2015,1.0,0,0.570472,0.593226,,0.544521,0.539073,0.543689,0.552216,0.55227,0.547681,0.544521
2014020258,2015,1.0,0,0.606471,0.598279,,0.612831,0.617983,0.616901,0.608727,0.608781,0.601392,0.612831
2014020259,2015,1.0,0,0.540658,0.517579,,0.497335,0.49497,0.498615,0.50547,0.505515,0.505942,0.497335
2014020260,2015,0.0,1,0.452496,0.424089,,0.431127,0.433311,0.432592,0.431538,0.4317,0.429355,0.431127
2014020261,2015,1.0,2,0.586835,0.616587,,0.597684,0.594103,0.596532,0.609034,0.608807,0.600938,0.597684
2014020262,2015,0.0,1,0.511424,0.58717,,0.537077,0.528599,0.534445,0.538028,0.537993,0.529706,0.537077
2014020263,2015,1.0,0,0.624796,0.681918,,0.629462,0.626028,0.631678,0.633066,0.633031,0.62772,0.629462
2014020264,2015,0.0,1,0.694422,0.678332,,0.66965,0.672263,0.67114,0.675373,0.675045,0.676154,0.66965
2014020265,2015,0.0,1,0.50433,0.55708,,0.50401,0.507176,0.505341,0.507414,0.507097,0.505041,0.50401
2014020266,2015,0.0,1,0.544926,0.561508,,0.5227,0.520619,0.519999,0.513506,0.513213,0.520866,0.5227
2014020267,2015,1.0,0,0.566854,0.576993,,0.539374,0.535586,0.538925,0.538827,0.538686,0.549624,0.539374
2014020268,2015,1.0,0,0.373289,0.294133,,0.304649,0.302545,0.304336,0.317445,0.317189,0.323422,0.304649
2014020269,2015,1.0,0,0.493578,0.553861,,0.519547,0.517697,0.518637,0.504988,0.504875,0.505377,0.519546
2014020270,2015,0.0,1,0.529223,0.519583,,0.503069,0.506314,0.501972,0.51297,0.512818,0.506567,0.503069
2014020271,2015,0.0,1,0.526454,0.473823,,0.493685,0.495312,0.494254,0.493445,0.493275,0.499222,0.493685
2014020272,2015,0.0,1,0.512837,0.47217,,0.481459,0.488191,0.483586,0.480662,0.480538,0.490049,0.481459
2014020273,2015,1.0,0,0.552008,0.533843,,0.543579,0.547295,0.545727,0.535436,0.535424,0.537897,0.543579
2014020274,2015,0.0,1,0.592553,0.555936,,0.531966,0.536643,0.531908,0.542107,0.541954,0.54402,0.531966
2014020275,2015,1.0,2,0.483262,0.449059,,0.47216,0.464103,0.470873,0.474519,0.474712,0.467247,0.47216
2014020276,2015,0.0,3,0.520775,0.494253,,0.490126,0.493638,0.489119,0.481939,0.482027,0.493199,0.490126
2014020277,2015,1.0,0,0.686481,0.681036,,0.675698,0.67122,0.675784,0.670868,0.670698,0.671543,0.675698
2014020278,2015,1.0,0,0.560902,0.563118,,0.561277,0.557177,0.557073,0.559303,0.559241,0.565929,0.561277
2014020279,2015,0.0,1,0.474672,0.483939,,0.455647,0.461089,0.456333,0.461897,0.461866,0.464377,0.455647
2014020280,2015,0.0,1,0.534017,0.467864,,0.450759,0.451854,0.451442,0.462469,0.462456,0.474764,0.450759
2014020281,2015,1.0,0,0.489556,0.47485,,0.464781,0.467336,0.465886,0.46257,0.46228,0.474929,0.464781
2014020282,2015,1.0,0,0.537609,0.505854,,0.496577,0.499378,0.496135,0.491291,0.491308,0.501234,0.496577
2014020283,2015,1.0,0,0.522191,0.516385,,0.487316,0.492986,0.489306,0.481197,0.480994,0.490873,0.487316
2014020284,2015,0.0,1,0.521012,0.52503,,0.517939,0.522155,0.516409,0.521407,0.521347,0.521399,0.517939
2014020285,2015,1.0,0,0.564441,0.577638,,0.558693,0.559697,0.559979,0.565182,0.564965,0.555153,0.558693
2014020286,2015,0.0,1,0.538669,0.497235,,0.525796,0.525815,0.529722,0.512179,0.512239,0.528832,0.525796
2014020287,2015,0.0,1,0.468053,0.368244,,0.45785,0.456453,0.457749,0.452425,0.452328,0.45127,0.45785
2014020288,2015,0.0,3,0.494056,0.48207,,0.484052,0.477005,0.480017,0.47466,0.474531,0.485685,0.484052
2014020289,2015,1.0,0,0.665087,0.650352,,0.629441,0.62699,0.630048,0.628221,0.628072,0.63004,0.629441
2014020290,2015,0.0,3,0.667936,0.68046,,0.689896,0.683992,0.689546,0.683091,0.682807,0.682377,0.689896
2014020292,2015,0.0,3,0.655465,0.611529,,0.622443,0.626955,0.622013,0.626211,0.626291,0.627802,0.622443
2014020293,2015,0.0,3,0.439591,0.468487,,0.421024,0.419213,0.419016,0.424783,0.424489,0.424006,0.421024
2014020294,2015,0.0,1,0.491075,0.499498,,0.47875,0.481332,0.479244,0.478318,0.478137,0.484901,0.47875
2014020295,2015,0.0,1,0.486037,0.500534,,0.443353,0.448768,0.443112,0.438751,0.438618,0.457543,0.443353
2014020296,2015,0.0,1,0.584291,0.601722,,0.58106,0.576874,0.580393,0.577881,0.577454,0.58953,0.58106
2014020297,2015,1.0,0,0.514419,0.470568,,0.478808,0.484153,0.479263,0.481444,0.481344,0.481916,0.478808
2014020298,2015,1.0,0,0.554031,0.550748,,0.543404,0.544597,0.545727,0.551214,0.551248,0.551539,0.543404
2014020299,2015,1.0,0,0.448401,0.50357,,0.476641,0.477345,0.476796,0.472813,0.47277,0.462509,0.476641
2014020300,2015,1.0,0,0.579034,0.585042,,0.575471,0.576099,0.576973,0.573354,0.573438,0.566765,0.575471
2014020301,2015,0.0,1,0.670962,0.73323,,0.683262,0.682484,0.680887,0.690985,0.69099,0.681125,0.683262
2014020302,2015,1.0,2,0.639327,0.656453,,0.660345,0.653195,0.659417,0.655384,0.65519,0.653582,0.660345
2014020303,2015,1.0,0,0.463119,0.472185,,0.454874,0.457476,0.454418,0.458634,0.458578,0.45409,0.454874
2014020304,2015,1.0,0,0.589512,0.517943,,0.526418,0.523682,0.528107,0.530943,0.530885,0.536735,0.526418
2014020305,2015,1.0,2,0.560138,0.540681,,0.535171,0.533784,0.535338,0.552398,0.552491,0.550776,0.535171
2014020306,2015,0.0,1,0.385863,0.383511,,0.372408,0.375784,0.373727,0.368124,0.367895,0.378296,0.372408
2014020307,2015,0.0,3,0.623212,0.663691,,0.61806,0.616238,0.619242,0.622439,0.622102,0.61721,0.61806
2014020308,2015,0.0,1,0.471989,0.529308,,0.479802,0.479762,0.479883,0.473646,0.473618,0.470749,0.479802
2014020309,2015,1.0,0,0.514741,0.588997,,0.520136,0.510367,0.518728,0.522361,0.522232,0.513965,0.520136
2014020310,2015,1.0,0,0.635886,0.686269,,0.657091,0.657548,0.659908,0.65705,0.656747,0.656438,0.657091
2014020311,2015,1.0,0,0.460693,0.457098,,0.464469,0.464568,0.463279,0.4528,0.452703,0.457974,0.464469
2014020312,2015,0.0,3,0.54377,0.574548,,0.546514,0.54654,0.547339,0.545031,0.544889,0.549882,0.546514
2014020313,2015,1.0,2,0.545317,0.58855,,0.580223,0.578344,0.575795,0.565698,0.565634,0.560493,0.580223
2014020314,2015,1.0,0,0.571432,0.590762,,0.564865,0.560864,0.565771,0.567983,0.567851,0.564025,0.564865
2014020315,2015,0.0,1,0.447682,0.454106,,0.418476,0.422147,0.418723,0.415769,0.415731,0.416851,0.418476
2014020316,2015,0.0,1,0.543066,0.526446,,0.493437,0.493989,0.493656,0.50278,0.502393,0.507575,0.493437
2014020317,2015,0.0,3,0.624754,0.618183,,0.650377,0.645364,0.651075,0.653354,0.653142,0.642402,0.650377
2014020318,2015,1.0,2,0.498128,0.531303,,0.505638,0.502955,0.506193,0.50923,0.509301,0.497832,0.505638
2014020319,2015,1.0,0,0.631595,0.596258,,0.600743,0.601992,0.601691,0.604938,0.605006,0.602452,0.600743
2014020320,2015,0.0,3,0.524738,0.548282,,0.519719,0.520721,0.518406,0.508119,0.508048,0.515693,0.519719
2014020321,2015,1.0,0,0.573418,0.578134,,0.582305,0.58246,0.581289,0.571134,0.571048,0.575326,0.582305
2014020322,2015,1.0,0,0.614429,0.644808,,0.603158,0.608642,0.603691,0.596237,0.595938,0.600627,0.603158
2014020323,2015,0.0,1,0.450776,0.377036,,0.384039,0.379449,0.385466,0.392017,0.391801,0.394057,0.384039
2014020324,2015,1.0,2,0.553127,0.579955,,0.578566,0.581788,0.5783,0.568862,0.568835,0.564817,0.578566
2014020325,2015,1.0,0,0.559621,0.614689,,0.582433,0.579815,0.580513,0.576597,0.576333,0.577242,0.582433
2014020326,2015,1.0,0,0.54975,0.551027,,0.547065,0.549773,0.546336,0.552317,0.552455,0.550471,0.547065
2014020327,2015,1.0,0,0.520056,0.488596,,0.475544,0.480103,0.476185,0.473008,0.472915,0.484232,0.475544
2014020328,2015,1.0,2,0.652487,0.638075,,0.639147,0.638007,0.640188,0.639962,0.640022,0.633499,0.639147
2014020329,2015,0.0,1,0.512409,0.52591,,0.517635,0.515868,0.515569,0.519865,0.519936,0.515281,0.517635
2014020330,2015,0.0,1,0.467082,0.385384,,0.434129,0.440558,0.436028,0.423979,0.423934,0.440065,0.434129
2014020331,2015,0.0,1,0.594138,0.666587,,0.631618,0.630731,0.630953,0.623045,0.622987,0.611988,0.631618
2014020332,2015,1.0,2,0.662363,0.672956,,0.67613,0.671022,0.67586,0.667128,0.667106,0.670802,0.67613
2014020333,2015,0.0,1,0.519338,0.504377,,0.470403,0.47558,0.473837,0.476119,0.476131,0.472375,0.470402
2014020334,2015,0.0,1,0.530872,0.514856,,0.522379,0.529044,0.523701,0.513798,0.513721,0.513861,0.522379
2014020335,2015,1.0,0,0.54205,0.493678,,0.475961,0.476854,0.476903,0.492398,0.492211,0.49126,0.475961
2014020336,2015,1.0,2,0.642383,0.638258,,0.61204,0.611568,0.614776,0.617006,0.616872,0.622342,0.61204
2014020337,2015,1.0,0,0.379194,0.33165,,0.348954,0.341357,0.349111,0.346949,0.346503,0.349855,0.348954
2014020338,2015,0.0,3,0.503908,0.484907,,0.460677,0.462535,0.462727,0.470579,0.470526,0.460179,0.460677
2014020339,2015,0.0,1,0.693311,0.65734,,0.657434,0.655961,0.659417,0.652132,0.652175,0.660794,0.657434
2014020340,2015,0.0,1,0.510961,0.50151,,0.460152,0.461596,0.459477,0.465729,0.465354,0.468415,0.460152
2014020341,2015,1.0,0,0.477152,0.473115,,0.466126,0.467218,0.467761,0.464616,0.464672,0.466947,0.466126
2014020342,2015,1.0,2,0.698969,0.657569,,0.681481,0.680493,0.683002,0.676164,0.676051,0.675694,0.681481
2014020343,2015,0.0,3,0.519772,0.507984,,0.471535,0.473097,0.471993,0.477182,0.477194,0.477232,0.471535
2014020344,2015,1.0,0,0.530745,0.525214,,0.502158,0.505691,0.503369,0.498767,0.498844,0.498349,0.502158
2014020345,2015,0.0,3,0.703703,0.742745,,0.714191,0.720781,0.713801,0.713406,0.713605,0.713906,0.714191
2014020346,2015,1.0,0,0.596148,0.617283,,0.623782,0.621013,0.622578,0.627572,0.627563,0.615769,0.623782
2014020347,2015,1.0,0,0.582049,0.609052,,0.624589,0.625383,0.623905,0.612861,0.612721,0.618712,0.624589
2014020348,2015,1.0,0,0.592812,0.602352,,0.597691,0.596435,0.596315,0.596967,0.59679,0.596387,0.597691
2014020349,2015,0.0,1,0.411818,0.475198,,0.464414,0.463254,0.461756,0.464464,0.464274,0.453379,0.464414
2014020350,2015,1.0,0,0.613782,0.642462,,0.636998,0.632546,0.635378,0.644765,0.644928,0.626932,0.636998
2014020351,2015,0.0,3,0.512711,0.530672,,0.52724,0.526042,0.525864,0.530306,0.52999,0.532447,0.52724
2014020352,2015,1.0,0,0.553208,0.523889,,0.567354,0.559704,0.56701,0.558693,0.558837,0.554375,0.567354
2014020353,2015,0.0,1,0.516541,0.519434,,0.517405,0.521937,0.518306,0.512241,0.512131,0.518004,0.517405
2014020354,2015,0.0,1,0.537943,0.501381,,0.543954,0.544507,0.543152,0.534765,0.534556,0.541722,0.543954
2014020355,2015,1.0,0,0.525284,0.593833,,0.540861,0.532866,0.538642,0.534882,0.534756,0.535329,0.540861
2014020356,2015,1.0,0,0.560132,0.589743,,0.550901,0.54998,0.551186,0.550589,0.55047,0.549911,0.550901
2014020357,2015,0.0,1,0.551631,0.553084,,0.528795,0.527227,0.528265,0.52042,0.520197,0.52778,0.528795
2014020358,2015,1.0,0,0.582986,0.547469,,0.52505,0.522629,0.525257,0.529016,0.528574,0.534522,0.52505
2014020359,2015,0.0,1,0.501207,0.496587,,0.467911,0.458387,0.465797,0.465903,0.465777,0.465383,0.467911
2014020360,2015,0.0,1,0.493615,0.54189,,0.494849,0.494325,0.495629,0.4925,0.4921,0.495678,0.494849
2014020361,2015,1.0,0,0.516518,0.495561,,0.481251,0.478347,0.480859,0.486034,0.486065,0.47893,0.481251
2014020362,2015,1.0,2,0.393859,0.313223,,0.339696,0.334128,0.33885,0.348199,0.348033,0.345403,0.339696
2014020363,2015,1.0,2,0.572361,0.605375,,0.601665,0.603622,0.601325,0.592556,0.59231,0.581512,0.601665
2014020364,2015,1.0,0,0.669193,0.599788,,0.635238,0.63282,0.633821,0.629811,0.62995,0.639758,0.635238
2014020365,2015,0.0,1,0.540499,0.542417,,0.508476,0.508461,0.507449,0.512166,0.512001,0.509168,0.508476
2014020366,2015,1.0,0,0.473176,0.472291,,0.457673,0.459371,0.456387,0.457823,0.457691,0.462082,0.457673
2014020367,2015,1.0,0,0.559153,0.538661,,0.525146,0.521258,0.522565,0.514032,0.513878,0.526584,0.525146
2014020368,2015,0.0,1,0.652802,0.663089,,0.65648,0.654024,0.656364,0.653189,0.652905,0.654072,0.65648
2014020369,2015,1.0,0,0.589742,0.585039,,0.567975,0.565776,0.570429,0.567919,0.567795,0.57599,0.567975
2014020370,2015,1.0,0,0.594162,0.65394,,0.608431,0.605322,0.606241,0.604245,0.603832,0.598624,0.608431
2014020371,2015,1.0,0,0.537223,0.53771,,0.524466,0.518602,0.523221,0.524238,0.52429,0.516728,0.524466
2014020372,2015,1.0,0,0.523654,0.559889,,0.521267,0.51907,0.522651,0.515449,0.51524,0.513582,0.521267
2014020373,2015,1.0,0,0.577011,0.639517,,0.565229,0.565095,0.564846,0.570852,0.570786,0.568738,0.565229
2014020374,2015,1.0,2,0.637034,0.654936,,0.637505,0.640396,0.637699,0.635794,0.635788,0.634832,0.637505
2014020375,2015,1.0,2,0.614592,0.622377,,0.603213,0.605736,0.604478,0.600642,0.600475,0.598491,0.603213
2014020376,2015,0.0,1,0.629501,0.57191,,0.561371,0.563117,0.560377,0.56919,0.569259,0.575434,0.561371
2014020377,2015,0.0,1,0.50588,0.526873,,0.509172,0.509143,0.506531,0.4999,0.49981,0.508029,0.509172
2014020378,2015,0.0,1,0.581385,0.525953,,0.5524,0.55215,0.550284,0.546384,0.54631,0.554711,0.5524
2014020379,2015,0.0,1,0.522846,0.492648,,0.477315,0.475298,0.477739,0.481704,0.481734,0.497745,0.477315
2014020380,2015,1.0,0,0.59302,0.623414,,0.584608,0.578629,0.585384,0.570133,0.5699,0.577889,0.584609
2014020381,2015,1.0,0,0.690835,0.776372,,0.734268,0.732361,0.73507,0.719551,0.719661,0.72229,0.734268
2014020382,2015,0.0,3,0.51622,0.532621,,0.511736,0.512312,0.512045,0.507717,0.507887,0.508444,0.511736
2014020383,2015,1.0,0,0.511288,0.594376,,0.533375,0.531588,0.533737,0.533584,0.533625,0.520274,0.533375
2014020384,2015,1.0,2,0.563403,0.539189,,0.506699,0.50744,0.508171,0.513725,0.513732,0.515728,0.506699
2014020385,2015,0.0,1,0.435705,0.43346,,0.426355,0.425788,0.423216,0.436724,0.436917,0.430072,0.426355
2014020386,2015,1.0,0,0.50997,0.548048,,0.508261,0.499938,0.504716,0.509895,0.50992,0.503312,0.508261
2014020387,2015,0.0,1,0.520285,0.552737,,0.524019,0.523328,0.524665,0.520874,0.520865,0.517965,0.524019
2014020388,2015,1.0,0,0.544848,0.598631,,0.552413,0.552746,0.551062,0.545417,0.545581,0.541638,0.552413
2014020389,2015,1.0,0,0.601108,0.646396,,0.586889,0.585546,0.586441,0.58729,0.587106,0.588491,0.586889
2014020390,2015,1.0,0,0.653076,0.602023,,0.618369,0.620723,0.617587,0.620033,0.62003,0.616027,0.618369
2014020391,2015,0.0,1,0.640305,0.653647,,0.631539,0.631319,0.630835,0.623528,0.623173,0.626743,0.631539
2014020392,2015,1.0,0,0.521209,0.501135,,0.473439,0.477331,0.47386,0.476019,0.475902,0.478679,0.473439
2014020393,2015,1.0,0,0.542586,0.539267,,0.536967,0.533059,0.536123,0.531326,0.531371,0.530326,0.536967
2014020394,2015,0.0,1,0.634139,0.682387,,0.635168,0.634291,0.637131,0.635739,0.63567,0.634325,0.635168
2014020395,2015,1.0,0,0.581772,0.705809,,0.613582,0.618043,0.612338,0.614309,0.614459,0.60665,0.613582
2014020396,2015,0.0,1,0.521952,0.546756,,0.489837,0.494194,0.491366,0.488483,0.488358,0.488306,0.489838
2014020397,2015,0.0,1,0.504488,0.545172,,0.520836,0.525381,0.52061,0.513685,0.51368,0.502234,0.520836
2014020398,2015,0.0,1,0.47477,0.497329,,0.494889,0.489355,0.49338,0.487761,0.487734,0.476902,0.494889
2014020399,2015,1.0,0,0.480961,0.497149,,0.471753,0.471754,0.471589,0.474193,0.474049,0.465317,0.471753
2014020400,2015,0.0,1,0.431299,0.434814,,0.416495,0.412765,0.411966,0.407077,0.407382,0.403593,0.416495
2014020401,2015,0.0,1,0.517956,0.450094,,0.455148,0.452893,0.457021,0.455695,0.455956,0.455641,0.455148
2014020402,2015,0.0,3,0.484145,0.536442,,0.50028,0.496624,0.497052,0.497861,0.497918,0.497539,0.50028
2014020403,2015,0.0,1,0.468268,0.481655,,0.46581,0.465492,0.462715,0.471608,0.471626,0.464336,0.46581
2014020404,2015,1.0,2,0.512725,0.477179,,0.461095,0.464856,0.462124,0.459178,0.459296,0.467063,0.461095
2014020405,2015,1.0,0,0.397979,0.415564,,0.378362,0.375149,0.376148,0.387518,0.387559,0.378966,0.378362
2014020406,2015,1.0,2,0.494671,0.574406,,0.516908,0.518934,0.520275,0.520736,0.520493,0.516517,0.516908
2014020407,2015,0.0,1,0.530075,0.527957,,0.528889,0.52756,0.527845,0.525456,0.525382,0.531228,0.528889
2014020408,2015,1.0,0,0.681721,0.631413,,0.641315,0.640471,0.64278,0.648637,0.648215,0.655599,0.641315
2014020409,2015,1.0,0,0.365492,0.261822,,0.316959,0.314027,0.31816,0.317546,0.317343,0.324675,0.316959
2014020410,2015,0.0,3,0.413418,0.385699,,0.373891,0.373399,0.374811,0.373225,0.373071,0.379481,0.373891
2014020411,2015,1.0,2,0.529065,0.527509,,0.523833,0.526551,0.52392,0.516671,0.516615,0.521236,0.523833
2014020412,2015,1.0,0,0.5401,0.529271,,0.501806,0.507049,0.499694,0.493013,0.49265,0.50229,0.501806
2014020413,2015,1.0,0,0.576051,0.562133,,0.549213,0.557262,0.552852,0.555505,0.555507,0.563801,0.549213
2014020414,2015,0.0,1,0.586208,0.621801,,0.574771,0.57783,0.575953,0.57716,0.577169,0.577275,0.574771
2014020415,2015,1.0,0,0.564418,0.580129,,0.557945,0.560319,0.560186,0.55765,0.55762,0.567244,0.557945
2014020416,2015,0.0,1,0.541735,0.519882,,0.519399,0.529365,0.522656,0.527363,0.527219,0.519965,0.519399
2014020417,2015,0.0,1,0.514857,0.474858,,0.468688,0.470171,0.472404,0.474659,0.474487,0.476095,0.468688
2014020418,2015,1.0,0,0.687197,0.70181,,0.701714,0.702703,0.703733,0.69504,0.69493,0.697859,0.701714
2014020419,2015,0.0,3,0.582448,0.656114,,0.611006,0.60805,0.614828,0.610492,0.610367,0.607672,0.611006
2014020420,2015,1.0,0,0.706771,0.67062,,0.659996,0.669966,0.662329,0.670185,0.670181,0.674408,0.659996
2014020421,2015,0.0,1,0.518785,0.498697,,0.49322,0.490523,0.492696,0.487116,0.486778,0.494443,0.49322
2014020422,2015,1.0,0,0.439397,0.344803,,0.389243,0.386279,0.38886,0.387822,0.38718,0.391617,0.389243
2014020423,2015,1.0,0,0.570712,0.536806,,0.545302,0.543598,0.54333,0.54789,0.547801,0.549417,0.545302
2014020424,2015,0.0,3,0.590147,0.621723,,0.591049,0.590364,0.594111,0.588796,0.588593,0.586362,0.591049
2014020425,2015,0.0,1,0.459677,0.438138,,0.401301,0.402623,0.402808,0.402396,0.402445,0.41112,0.401301
2014020426,2015,1.0,0,0.64181,0.613162,,0.617896,0.621668,0.623039,0.616314,0.616262,0.625395,0.617896
2014020427,2015,1.0,0,0.609438,0.605897,,0.599944,0.597219,0.60135,0.598977,0.598862,0.60967,0.599944
2014020428,2015,1.0,2,0.533366,0.499522,,0.507019,0.503455,0.509271,0.508256,0.508229,0.500407,0.507019
2014020429,2015,0.0,1,0.46999,0.454449,,0.437924,0.435884,0.435547,0.43122,0.43122,0.435351,0.437924
2014020430,2015,1.0,0,0.570442,0.570077,,0.557797,0.555703,0.557164,0.552079,0.551861,0.554106,0.557797
2014020431,2015,1.0,0,0.634476,0.606425,,0.578433,0.575923,0.575704,0.573914,0.573988,0.576314,0.578433
2014020432,2015,1.0,0,0.517312,0.501353,,0.493472,0.496281,0.493293,0.503762,0.503937,0.503333,0.493472
2014020433,2015,0.0,3,0.656004,0.641554,,0.648497,0.646189,0.649745,0.645384,0.645132,0.652492,0.648497
2014020434,2015,0.0,1,0.379911,0.424979,,0.411224,0.403239,0.410289,0.403077,0.402965,0.406891,0.411224
2014020435,2015,0.0,3,0.643812,0.61405,,0.647206,0.644406,0.649404,0.645683,0.645569,0.635611,0.647206
2014020436,2015,1.0,0,0.601108,0.534605,,0.549415,0.552228,0.549344,0.554259,0.554215,0.550743,0.549415
2014020437,2015,1.0,2,0.519439,0.392871,,0.444473,0.439891,0.444785,0.454028,0.453653,0.451649,0.444473
2014020438,2015,1.0,0,0.528796,0.450281,,0.478833,0.481243,0.477876,0.481982,0.482152,0.479609,0.478833
2014020439,2015,1.0,0,0.440537,0.431257,,0.432435,0.430565,0.429854,0.426608,0.426326,0.428164,0.432435
2014020440,2015,1.0,0,0.519401,0.509825,,0.49711,0.497862,0.497034,0.502857,0.502733,0.497309,0.49711
2014020441,2015,1.0,2,0.435741,0.441386,,0.440446,0.440574,0.441366,0.444622,0.444746,0.430719,0.440446
2014020442,2015,0.0,1,0.477087,0.56154,,0.51257,0.50237,0.508082,0.515038,0.515152,0.509742,0.51257
2014020443,2015,1.0,0,0.564294,0.582115,,0.545429,0.550785,0.544119,0.541785,0.541705,0.541139,0.545429
2014020444,2015,0.0,3,0.468226,0.442715,,0.429672,0.426961,0.426727,0.419158,0.419295,0.412516,0.429672
2014020445,2015,0.0,3,0.461633,0.445667,,0.431591,0.429972,0.430381,0.440205,0.440226,0.429752,0.431591
2014020446,2015,0.0,1,0.5221,0.496614,,0.507854,0.506119,0.507945,0.513175,0.513185,0.511685,0.507854
2014020447,2015,1.0,0,0.564414,0.56635,,0.550377,0.549034,0.549652,0.552118,0.551949,0.555179,0.550377
2014020448,2015,1.0,2,0.493537,0.389764,,0.44324,0.443778,0.445148,0.442796,0.442737,0.455192,0.44324
2014020449,2015,1.0,0,0.657563,0.661633,,0.641613,0.644898,0.642876,0.643109,0.642717,0.647322,0.641613
2014020450,2015,0.0,1,0.39551,0.442433,,0.409168,0.401944,0.407472,0.402308,0.402345,0.399503,0.409168
2014020451,2015,1.0,2,0.59582,0.610671,,0.608007,0.606689,0.605621,0.605337,0.605259,0.598891,0.608007
2014020452,2015,1.0,0,0.600588,0.539106,,0.581737,0.580163,0.577322,0.56575,0.565759,0.577,0.581737
2014020866,2015,1.0,2,0.467409,0.356917,,0.435673,0.432546,0.435589,0.440434,0.440229,0.435947,0.435673
2014020453,2015,0.0,1,0.51655,0.459779,,0.487354,0.481164,0.482631,0.494381,0.494517,0.487612,0.487354
2014020454,2015,1.0,0,0.492484,0.46683,,0.478765,0.475152,0.47779,0.476719,0.476562,0.482041,0.478765
2014020455,2015,1.0,0,0.659608,0.615206,,0.646981,0.648402,0.64605,0.645188,0.645269,0.652348,0.646981
2014020456,2015,0.0,3,0.593612,0.647351,,0.606795,0.60166,0.606655,0.601976,0.601798,0.604346,0.606795
2014020457,2015,1.0,2,0.460219,0.495646,,0.468495,0.471213,0.465622,0.462044,0.462058,0.467786,0.468495
2014020458,2015,1.0,0,0.558377,0.49922,,0.511257,0.510033,0.512644,0.518929,0.519039,0.525341,0.511257
2014020459,2015,1.0,2,0.510757,0.539284,,0.503472,0.498822,0.501407,0.499591,0.499614,0.500173,0.503472
2014020460,2015,1.0,0,0.634864,0.754315,,0.66511,0.663924,0.662713,0.663775,0.663824,0.6617,0.66511
2014020461,2015,1.0,0,0.631557,0.641741,,0.602372,0.602928,0.603863,0.612325,0.61226,0.607711,0.602372
2014020462,2015,0.0,1,0.496302,0.496623,,0.455311,0.453312,0.456365,0.472984,0.473121,0.477806,0.455311
2014020463,2015,1.0,2,0.603037,0.58616,,0.582396,0.584475,0.580391,0.568466,0.568676,0.571478,0.582396
2014020464,2015,0.0,1,0.529256,0.515424,,0.510618,0.507614,0.511743,0.511631,0.511359,0.506374,0.510618
2014020465,2015,0.0,3,0.505979,0.5191,,0.492354,0.490726,0.488272,0.494914,0.49484,0.4973,0.492354
2014020466,2015,0.0,1,0.57326,0.561927,,0.574406,0.567394,0.574678,0.570161,0.570247,0.567755,0.574406
2014020467,2015,0.0,3,0.614738,0.567604,,0.566399,0.56392,0.566574,0.568835,0.568631,0.564032,0.566399
2014020468,2015,1.0,2,0.655054,0.662421,,0.65268,0.65277,0.653831,0.636671,0.636641,0.64564,0.65268
2014020469,2015,1.0,0,0.458592,0.551278,,0.481168,0.480081,0.479528,0.480937,0.480917,0.479155,0.481168
2014020470,2015,0.0,3,0.522703,0.49367,,0.501476,0.505566,0.500527,0.49563,0.495526,0.500681,0.501476
2014020471,2015,0.0,1,0.537442,0.531002,,0.547774,0.545321,0.544206,0.544493,0.544479,0.542387,0.547774
2014020472,2015,1.0,0,0.531671,0.59792,,0.533569,0.5331,0.530683,0.523153,0.522952,0.52291,0.533568
2014020473,2015,1.0,0,0.707996,0.718156,,0.684938,0.688418,0.684607,0.6866,0.686423,0.686237,0.684938
2014020474,2015,1.0,2,0.465473,0.455242,,0.440752,0.437871,0.439499,0.427898,0.427815,0.432164,0.440752
2014020475,2015,1.0,0,0.463328,0.495907,,0.479783,0.474991,0.477289,0.477466,0.477489,0.477569,0.479783
2014020476,2015,0.0,1,0.561556,0.560403,,0.542612,0.541396,0.545789,0.545387,0.545252,0.550829,0.542612
2014020477,2015,1.0,0,0.473736,0.554906,,0.46121,0.458378,0.454168,0.448798,0.448957,0.45451,0.46121
2014020478,2015,0.0,1,0.554502,0.548939,,0.556408,0.552499,0.558025,0.558073,0.55802,0.559002,0.556408
2014020479,2015,1.0,0,0.668254,0.698692,,0.662833,0.659302,0.662472,0.667635,0.667043,0.672669,0.662833
2014020480,2015,0.0,1,0.468086,0.44013,,0.408414,0.413245,0.409409,0.415061,0.414838,0.422993,0.408414
2014020481,2015,0.0,1,0.577038,0.53702,,0.547945,0.550844,0.548281,0.536093,0.535915,0.542282,0.547945
2014020482,2015,1.0,0,0.608796,0.604221,,0.605704,0.606958,0.605269,0.614516,0.614627,0.604333,0.605704
2014020483,2015,0.0,1,0.491925,0.478211,,0.45411,0.452579,0.452871,0.450845,0.450565,0.456347,0.45411
2014020484,2015,1.0,0,0.528462,0.508503,,0.529524,0.52616,0.524278,0.520431,0.52044,0.514127,0.529524
2014020485,2015,1.0,0,0.700696,0.676915,,0.664572,0.664039,0.6652,0.663429,0.663124,0.665509,0.664572
2014020486,2015,0.0,3,0.434108,0.48462,,0.427699,0.424564,0.425821,0.433579,0.433604,0.438296,0.427699
2014020487,2015,1.0,2,0.416237,0.348468,,0.3755,0.376435,0.376019,0.375415,0.375307,0.383536,0.3755
2014020488,2015,0.0,3,0.536653,0.537602,,0.546324,0.550747,0.546951,0.542182,0.542081,0.547824,0.546324
2014020489,2015,1.0,2,0.561371,0.579515,,0.544447,0.54089,0.541707,0.542256,0.542136,0.540005,0.544447
2014020490,2015,1.0,2,0.529687,0.563556,,0.523866,0.520867,0.520168,0.523877,0.523658,0.514772,0.523866
2014020491,2015,0.0,3,0.580656,0.663485,,0.612703,0.609623,0.612894,0.602314,0.602237,0.609805,0.612703
2014020492,2015,0.0,3,0.443965,0.452721,,0.442609,0.434315,0.442294,0.437525,0.437414,0.441811,0.442609
2014020493,2015,1.0,2,0.713352,0.761764,,0.754755,0.75325,0.757141,0.750844,0.750816,0.744221,0.754755
2014020494,2015,1.0,0,0.665616,0.629026,,0.659304,0.657832,0.659921,0.655437,0.655145,0.655959,0.659304
2014020495,2015,1.0,0,0.647268,0.723959,,0.670385,0.669987,0.670847,0.669485,0.669517,0.669445,0.670385
2014020496,2015,0.0,3,0.551179,0.627514,,0.554593,0.558075,0.552817,0.55455,0.554515,0.5538,0.554593
2014020497,2015,1.0,0,0.583832,0.573727,,0.576738,0.571737,0.579797,0.579023,0.578908,0.569574,0.576738
2014020498,2015,0.0,1,0.496226,0.432919,,0.436566,0.440434,0.436962,0.440706,0.440574,0.447706,0.436566
2014020499,2015,1.0,2,0.384866,0.458265,,0.417079,0.423555,0.417257,0.427005,0.427117,0.424316,0.417079
2014020500,2015,1.0,0,0.609286,0.616423,,0.588092,0.588581,0.588679,0.596047,0.595952,0.595241,0.588092
2014020501,2015,1.0,2,0.554709,0.534642,,0.497672,0.504355,0.499739,0.509879,0.510128,0.518103,0.497672
2014020502,2015,0.0,3,0.633479,0.686858,,0.61746,0.615686,0.616665,0.608801,0.608478,0.60795,0.61746
2014020503,2015,1.0,0,0.574896,0.566649,,0.568081,0.572092,0.573463,0.567972,0.567926,0.555167,0.568081
2014020504,2015,0.0,3,0.564845,0.548598,,0.536361,0.536062,0.537659,0.540424,0.540059,0.536243,0.536361
2014020505,2015,0.0,1,0.51116,0.560362,,0.537867,0.535386,0.537621,0.526441,0.526236,0.525088,0.537867
2014020506,2015,1.0,0,0.585696,0.592552,,0.590461,0.588774,0.587227,0.596736,0.596565,0.596479,0.590461
2014020507,2015,0.0,1,0.567367,0.598106,,0.57189,0.579063,0.571827,0.564837,0.564637,0.567994,0.57189
2014020508,2015,1.0,0,0.667839,0.776976,,0.734288,0.728053,0.732964,0.725247,0.725224,0.716838,0.734288
2014020509,2015,1.0,0,0.487876,0.564818,,0.512903,0.516837,0.514135,0.523711,0.523642,0.518208,0.512903
2014020510,2015,0.0,1,0.496685,0.507263,,0.493855,0.494015,0.495206,0.515314,0.515135,0.507421,0.493855
2014020511,2015,0.0,1,0.665459,0.649903,,0.649256,0.64941,0.650452,0.657032,0.656896,0.657582,0.649256
2014020512,2015,0.0,1,0.535678,0.620207,,0.551754,0.555227,0.551532,0.545933,0.545937,0.536965,0.551754
2014020513,2015,1.0,0,0.466189,0.426198,,0.449986,0.443855,0.446841,0.447636,0.447626,0.451458,0.449986
2014020514,2015,1.0,2,0.424457,0.304711,,0.335131,0.335285,0.337154,0.352487,0.352022,0.353896,0.335131
2014020515,2015,0.0,3,0.517486,0.469216,,0.462345,0.46706,0.460184,0.468022,0.467997,0.473015,0.462345
2014020516,2015,1.0,0,0.641716,0.633753,,0.609652,0.613335,0.611859,0.619752,0.61962,0.61728,0.609652
2014020517,2015,1.0,0,0.662252,0.666831,,0.646449,0.650909,0.647584,0.642794,0.642877,0.643958,0.646449
2014020518,2015,0.0,1,0.617722,0.584187,,0.595992,0.599318,0.596544,0.587739,0.587762,0.593532,0.595992
2014020519,2015,1.0,0,0.453551,0.430245,,0.417102,0.420656,0.414899,0.415732,0.415576,0.421685,0.417102
2014020520,2015,0.0,3,0.556534,0.540376,,0.555116,0.557968,0.55622,0.55039,0.550146,0.553708,0.555116
2014020521,2015,0.0,1,0.629458,0.573435,,0.592101,0.589091,0.593148,0.591812,0.591625,0.601425,0.592101
2014020522,2015,1.0,0,0.583158,0.609903,,0.613986,0.611464,0.611271,0.606309,0.606169,0.608919,0.613986
2014020523,2015,1.0,2,0.424634,0.43619,,0.435128,0.432492,0.434173,0.429151,0.429261,0.425995,0.435128
2014020524,2015,0.0,1,0.442068,0.374344,,0.410447,0.407302,0.409454,0.406871,0.406871,0.411664,0.410447
2014020525,2015,1.0,0,0.659709,0.631496,,0.642729,0.640239,0.643149,0.649149,0.649128,0.64352,0.642729
2014020526,2015,1.0,0,0.559722,0.595746,,0.537798,0.539712,0.538202,0.533343,0.533352,0.535587,0.537798
2014020527,2015,1.0,0,0.469702,0.593293,,0.489432,0.494411,0.490276,0.494719,0.494762,0.485659,0.489433
2014020528,2015,1.0,2,0.605068,0.567146,,0.561845,0.568351,0.563114,0.570604,0.570315,0.565505,0.561845
2014020529,2015,1.0,0,0.595071,0.54024,,0.561606,0.568167,0.564611,0.553952,0.553777,0.553723,0.561606
2014020530,2015,1.0,0,0.412194,0.445382,,0.415336,0.411134,0.417052,0.415271,0.414881,0.415971,0.415336
2014020531,2015,1.0,2,0.531421,0.562033,,0.551339,0.552864,0.549905,0.544176,0.544151,0.542486,0.551339
2014020532,2015,0.0,1,0.425554,0.444038,,0.445004,0.439602,0.444687,0.436004,0.435827,0.437132,0.445004
2014020533,2015,1.0,0,0.638876,0.733862,,0.667716,0.669382,0.665871,0.655826,0.655962,0.656548,0.667716
2014020534,2015,1.0,0,0.576723,0.676078,,0.599862,0.603211,0.605041,0.60268,0.602817,0.591993,0.599862
2014020535,2015,1.0,0,0.616963,0.653231,,0.599789,0.602121,0.598503,0.602479,0.60225,0.607494,0.599789
2014020536,2015,0.0,1,0.550571,0.557874,,0.546431,0.543078,0.546634,0.540194,0.540356,0.536505,0.546431
2014020537,2015,1.0,2,0.61421,0.632667,,0.591114,0.59534,0.591655,0.596798,0.596715,0.597088,0.591114
2014020538,2015,1.0,0,0.471195,0.490485,,0.460754,0.463738,0.460352,0.467046,0.467113,0.462266,0.460754
2014020539,2015,1.0,0,0.471673,0.411441,,0.483172,0.481132,0.482987,0.487237,0.48763,0.484555,0.483172
2014020540,2015,1.0,0,0.491001,0.517492,,0.474618,0.473606,0.471655,0.467902,0.467921,0.475642,0.474618
2014020541,2015,0.0,3,0.423582,0.518068,,0.461239,0.460708,0.459377,0.461274,0.461253,0.446891,0.461239
2014020542,2015,1.0,0,0.527957,0.540784,,0.512758,0.50995,0.513322,0.515332,0.51534,0.524247,0.512758
2014020543,2015,1.0,2,0.35614,0.344172,,0.342297,0.339621,0.342651,0.338197,0.338196,0.339967,0.342297
2014020544,2015,0.0,1,0.597316,0.638315,,0.602314,0.599597,0.601516,0.596651,0.596329,0.59119,0.602314
2014020545,2015,0.0,1,0.543609,0.517017,,0.50371,0.502798,0.50215,0.500871,0.5008,0.510448,0.50371
2014020546,2015,0.0,1,0.399192,0.276296,,0.338686,0.332844,0.337066,0.342184,0.341748,0.348328,0.338686
2014020547,2015,0.0,3,0.613749,0.684679,,0.661148,0.660484,0.664379,0.640373,0.64026,0.637769,0.661148
2014020548,2015,1.0,0,0.685351,0.64913,,0.640782,0.64422,0.641334,0.64431,0.644188,0.647296,0.640782
2014020549,2015,1.0,0,0.524159,0.491154,,0.495858,0.495533,0.494516,0.499659,0.499578,0.501156,0.495858
2014020550,2015,1.0,0,0.615674,0.666622,,0.633538,0.630864,0.632509,0.625556,0.625555,0.634237,0.633538
2014020551,2015,0.0,1,0.422641,0.468646,,0.442589,0.445114,0.442255,0.434407,0.434451,0.4467,0.442589
2014020552,2015,0.0,1,0.568441,0.577785,,0.534916,0.538471,0.536273,0.544194,0.54436,0.548386,0.534916
2014020553,2015,1.0,0,0.591824,0.622136,,0.600057,0.60761,0.601456,0.605467,0.605257,0.593175,0.600057
2014020554,2015,1.0,2,0.540928,0.48402,,0.533406,0.527093,0.533089,0.529526,0.529583,0.531793,0.533406
2014020555,2015,1.0,2,0.665869,0.624209,,0.660899,0.659242,0.660525,0.665991,0.666084,0.658258,0.660899
2014020556,2015,1.0,0,0.461067,0.435954,,0.424207,0.420371,0.424918,0.423054,0.42292,0.42102,0.424207
2014020557,2015,0.0,1,0.497409,0.422272,,0.455289,0.45421,0.454593,0.456445,0.456621,0.46953,0.455289
2014020558,2015,0.0,1,0.499814,0.354983,,0.41315,0.409702,0.412941,0.423728,0.423316,0.430612,0.41315
2014020559,2015,0.0,1,0.428247,0.454532,,0.423117,0.418025,0.425383,0.417458,0.416999,0.418061,0.423117
2014020560,2015,1.0,0,0.584352,0.533857,,0.560549,0.558342,0.558163,0.552045,0.551947,0.56329,0.560549
2014020561,2015,1.0,0,0.485205,0.490532,,0.489195,0.486975,0.489253,0.487693,0.487575,0.489672,0.489195
2014020562,2015,1.0,0,0.54729,0.629438,,0.573268,0.575356,0.573186,0.566329,0.566104,0.564017,0.573268
2014020563,2015,1.0,2,0.664619,0.614738,,0.659661,0.65652,0.660332,0.656135,0.655984,0.654362,0.659661
2014020564,2015,0.0,1,0.52878,0.46094,,0.495288,0.492524,0.493689,0.502713,0.502641,0.506133,0.495288
2014020565,2015,1.0,0,0.544823,0.565449,,0.526656,0.532876,0.529097,0.526276,0.526228,0.5165,0.526656
2014020566,2015,0.0,3,0.629112,0.590132,,0.63071,0.629402,0.634311,0.625002,0.624806,0.621152,0.63071
2014020567,2015,0.0,3,0.569157,0.616167,,0.563764,0.567761,0.565267,0.568563,0.568405,0.559018,0.563764
2014020568,2015,1.0,0,0.499212,0.508865,,0.509328,0.506523,0.510465,0.505293,0.505085,0.496722,0.509328
2014020569,2015,1.0,0,0.72623,0.797802,,0.766156,0.763752,0.765698,0.765219,0.765227,0.757724,0.766156
2014020570,2015,0.0,1,0.561223,0.595467,,0.554802,0.550856,0.552294,0.560569,0.560329,0.56185,0.554802
2014020571,2015,1.0,0,0.543115,0.630586,,0.55527,0.549489,0.552487,0.546097,0.546315,0.53949,0.55527
2014020572,2015,1.0,0,0.536847,0.578778,,0.536352,0.532861,0.535705,0.538254,0.538353,0.529708,0.536352
2014020573,2015,1.0,0,0.502543,0.538524,,0.487074,0.484022,0.485351,0.472757,0.472736,0.481047,0.487074
2014020574,2015,1.0,0,0.537852,0.450962,,0.466041,0.46779,0.466645,0.474118,0.474181,0.47555,0.466041
2014020575,2015,0.0,1,0.54293,0.562137,,0.523253,0.524979,0.524621,0.525148,0.524888,0.519028,0.523253
2014020576,2015,1.0,2,0.420759,0.427582,,0.414253,0.411124,0.41152,0.41516,0.41519,0.416948,0.414253
2014020577,2015,1.0,0,0.639606,0.606587,,0.596651,0.595215,0.597244,0.599994,0.59976,0.599196,0.596651
2014020578,2015,0.0,1,0.501718,0.488298,,0.479023,0.484222,0.479014,0.474039,0.474036,0.483494,0.479023
2014020579,2015,1.0,2,0.651287,0.647186,,0.633977,0.632197,0.634252,0.637356,0.637158,0.649934,0.633977
2014020580,2015,0.0,1,0.55982,0.565224,,0.597483,0.587927,0.596974,0.597937,0.597887,0.576502,0.597483
2014020581,2015,1.0,2,0.560628,0.579016,,0.54683,0.556089,0.549317,0.54408,0.544151,0.538282,0.54683
2014020582,2015,1.0,0,0.399296,0.371462,,0.360572,0.354242,0.359932,0.361005,0.360825,0.371114,0.360572
2014020583,2015,0.0,1,0.509949,0.529839,,0.493877,0.487508,0.4907,0.500496,0.501052,0.495068,0.493877
2014020584,2015,1.0,0,0.623661,0.696996,,0.649783,0.654055,0.65065,0.647819,0.647698,0.64361,0.649783
2014020585,2015,1.0,2,0.551519,0.540544,,0.533704,0.531182,0.533412,0.531211,0.531158,0.526803,0.533704
2014020586,2015,0.0,1,0.584951,0.50242,,0.556328,0.55416,0.55565,0.549184,0.549263,0.561033,0.556328
2014020587,2015,1.0,0,0.655843,0.632849,,0.617523,0.616676,0.618181,0.616825,0.616705,0.627229,0.617523
2014020588,2015,0.0,3,0.505603,0.499888,,0.467877,0.472133,0.466456,0.490815,0.491056,0.484675,0.467877
2014020589,2015,0.0,1,0.666848,0.722572,,0.655018,0.658642,0.655378,0.655918,0.655645,0.657467,0.655018
2014020590,2015,0.0,1,0.566223,0.606221,,0.575859,0.577018,0.575814,0.577174,0.577014,0.568827,0.575859
2014020591,2015,0.0,1,0.429135,0.432073,,0.394836,0.400173,0.393427,0.38802,0.387917,0.395398,0.394836
2014020592,2015,0.0,1,0.41351,0.372271,,0.379375,0.376953,0.377244,0.378779,0.378942,0.379493,0.379374
2014020593,2015,1.0,0,0.54883,0.485575,,0.500923,0.495964,0.500861,0.49688,0.496711,0.517983,0.500923
2014020594,2015,0.0,1,0.519313,0.451204,,0.480612,0.482559,0.478478,0.483685,0.483616,0.495666,0.480612
2014020595,2015,0.0,3,0.565951,0.559693,,0.534886,0.538372,0.532418,0.530651,0.530698,0.533031,0.534886
2014020596,2015,0.0,1,0.525885,0.475252,,0.463409,0.462611,0.460428,0.474099,0.474277,0.475441,0.463409
2014020597,2015,0.0,1,0.541092,0.52188,,0.527336,0.530034,0.52692,0.515788,0.515708,0.523301,0.527336
2014020598,2015,1.0,0,0.656927,0.648587,,0.636086,0.635343,0.636814,0.630321,0.630317,0.639376,0.636086
2014020599,2015,1.0,2,0.501746,0.502727,,0.481927,0.482947,0.478409,0.483287,0.483425,0.487094,0.481927
2014020600,2015,1.0,0,0.616228,0.724408,,0.675228,0.676824,0.673709,0.673406,0.673623,0.664732,0.675228
2014020601,2015,1.0,0,0.575119,0.567002,,0.56032,0.554109,0.556047,0.573218,0.573609,0.563668,0.56032
2014020602,2015,1.0,2,0.600833,0.577919,,0.580597,0.570294,0.577243,0.573179,0.573014,0.585406,0.580597
2014020603,2015,0.0,1,0.444534,0.403512,,0.403801,0.409678,0.405692,0.397735,0.397431,0.401288,0.403801
2014020604,2015,1.0,0,0.564334,0.478076,,0.535676,0.528097,0.534901,0.537147,0.537034,0.534874,0.535676
2014020605,2015,1.0,0,0.489449,0.46448,,0.442787,0.445087,0.442358,0.433712,0.43364,0.43809,0.442787
2014020606,2015,0.0,1,0.629481,0.549185,,0.593376,0.589865,0.592658,0.598578,0.598407,0.59349,0.593376
2014020607,2015,0.0,1,0.5337,0.618353,,0.530048,0.530243,0.52858,0.523316,0.523359,0.524254,0.530048
2014020608,2015,0.0,3,0.486609,0.431829,,0.439629,0.440377,0.444989,0.434061,0.433709,0.446607,0.439629
2014020609,2015,1.0,0,0.549665,0.509847,,0.517331,0.516003,0.516282,0.519721,0.519406,0.521396,0.517331
2014020610,2015,1.0,0,0.720511,0.82272,,0.74549,0.751176,0.746595,0.751329,0.751439,0.744232,0.74549
2014020611,2015,0.0,1,0.599937,0.555879,,0.599052,0.595436,0.597072,0.608421,0.608367,0.603473,0.599052
2014020612,2015,1.0,0,0.320732,0.31759,,0.289834,0.285402,0.290693,0.293432,0.293614,0.288203,0.289834
2014020613,2015,0.0,1,0.474899,0.462234,,0.435322,0.434705,0.428996,0.430616,0.430682,0.438242,0.435322
2014020614,2015,0.0,1,0.49456,0.520153,,0.480977,0.490782,0.484674,0.48751,0.487111,0.487623,0.480977
2014020615,2015,1.0,0,0.556394,0.469449,,0.522164,0.515126,0.519927,0.517008,0.516912,0.525533,0.522164
2014020616,2015,0.0,3,0.550492,0.507898,,0.506559,0.507867,0.506558,0.507762,0.507746,0.513203,0.506559
2014020617,2015,1.0,0,0.563506,0.496346,,0.517585,0.514771,0.515364,0.521064,0.521108,0.521701,0.517585
2014020618,2015,0.0,1,0.523355,0.469418,,0.461113,0.464086,0.462236,0.456229,0.456265,0.470136,0.461113
2014020619,2015,0.0,1,0.519931,0.467965,,0.454542,0.454774,0.456148,0.450392,0.450398,0.458107,0.454542
2014020620,2015,1.0,2,0.684747,0.662775,,0.653228,0.652734,0.654436,0.656922,0.656916,0.655301,0.653228
2014020621,2015,0.0,1,0.5723,0.575633,,0.555897,0.555537,0.559719,0.550292,0.550273,0.552754,0.555897
2014020622,2015,0.0,3,0.612308,0.63969,,0.593607,0.59253,0.59181,0.592501,0.592312,0.589896,0.593607
2014020623,2015,0.0,1,0.512689,0.521661,,0.500793,0.503203,0.503053,0.49171,0.491334,0.499316,0.500793
2014020624,2015,0.0,1,0.488499,0.464385,,0.448231,0.44619,0.450067,0.451956,0.451733,0.452181,0.448231
2014020625,2015,1.0,0,0.655441,0.659321,,0.654159,0.648451,0.651412,0.654585,0.654501,0.655445,0.654159
2014020626,2015,1.0,2,0.606344,0.615453,,0.575946,0.581121,0.576042,0.57968,0.579693,0.58247,0.575946
2014020627,2015,1.0,0,0.487423,0.439027,,0.456726,0.45542,0.456165,0.448835,0.448869,0.453743,0.456726
2014020628,2015,1.0,0,0.583845,0.635281,,0.565801,0.566252,0.566954,0.564285,0.563997,0.564857,0.565801
2014020629,2015,1.0,0,0.60692,0.704089,,0.640535,0.639597,0.639839,0.622871,0.622861,0.620411,0.640535
2014020630,2015,1.0,0,0.578351,0.547213,,0.592749,0.58812,0.591806,0.58936,0.589242,0.588868,0.592749
2014020631,2015,0.0,1,0.395783,0.266845,,0.300874,0.295165,0.300244,0.30966,0.309586,0.311857,0.300874
2014020632,2015,0.0,1,0.615027,0.593294,,0.559648,0.56078,0.558414,0.561916,0.561756,0.563402,0.559648
2014020633,2015,1.0,0,0.635251,0.629703,,0.610573,0.609465,0.61039,0.617643,0.617683,0.616531,0.610573
2014020634,2015,1.0,2,0.485997,0.624645,,0.558544,0.555184,0.557103,0.549303,0.549073,0.546871,0.558544
2014020635,2015,1.0,0,0.737657,0.740651,,0.766419,0.762143,0.767505,0.755103,0.754892,0.761435,0.766419
2014020636,2015,1.0,0,0.600146,0.60112,,0.603955,0.602774,0.602858,0.593169,0.593228,0.594424,0.603955
2014020637,2015,1.0,0,0.598348,0.593801,,0.582788,0.583911,0.584067,0.578346,0.578092,0.584955,0.582788
2014020638,2015,1.0,0,0.558499,0.565465,,0.55344,0.555018,0.557373,0.566083,0.565995,0.552494,0.55344
2014020639,2015,0.0,1,0.450203,0.419432,,0.42036,0.417932,0.416587,0.421532,0.421959,0.432351,0.42036
2014020640,2015,0.0,1,0.461857,0.491864,,0.468375,0.466925,0.470296,0.462904,0.46263,0.465788,0.468375
2014020641,2015,1.0,0,0.595641,0.564411,,0.575212,0.568994,0.57354,0.574003,0.574039,0.568878,0.575212
2014020642,2015,1.0,0,0.613792,0.673703,,0.623343,0.627088,0.624885,0.614344,0.614408,0.61368,0.623343
2014020643,2015,0.0,1,0.65912,0.709224,,0.672828,0.669835,0.66918,0.663641,0.663677,0.659726,0.672828
2014020644,2015,1.0,0,0.544946,0.565745,,0.548096,0.548035,0.549506,0.559139,0.559146,0.552802,0.548096
2014020645,2015,0.0,1,0.426028,0.329191,,0.375233,0.362579,0.376039,0.376736,0.376459,0.379144,0.375233
2014020646,2015,0.0,1,0.542385,0.558404,,0.515073,0.513678,0.513595,0.502294,0.502138,0.508126,0.515073
2014020647,2015,1.0,0,0.460112,0.568629,,0.495838,0.496001,0.495178,0.509623,0.509337,0.486465,0.495838
2014020648,2015,1.0,0,0.704224,0.729339,,0.700322,0.708003,0.7028,0.696555,0.696356,0.703206,0.700322
2014020649,2015,0.0,1,0.492665,0.587377,,0.49695,0.501666,0.497017,0.492411,0.492406,0.495242,0.49695
2014020650,2015,0.0,3,0.614592,0.545471,,0.58478,0.575588,0.579023,0.586181,0.586165,0.587835,0.58478
2014020651,2015,0.0,1,0.542236,0.548866,,0.52361,0.527238,0.524772,0.52815,0.528,0.518857,0.52361
2014020652,2015,0.0,1,0.49714,0.498153,,0.446103,0.450502,0.448157,0.448287,0.448086,0.458492,0.446103
2014020653,2015,1.0,0,0.60286,0.668596,,0.611356,0.60638,0.608821,0.616927,0.616943,0.607032,0.611356
2014020654,2015,1.0,0,0.49724,0.520038,,0.518744,0.516736,0.5188,0.516473,0.516401,0.505549,0.518744
2014020655,2015,0.0,1,0.483254,0.55446,,0.514588,0.512051,0.514072,0.513876,0.513815,0.506497,0.514588
2014020656,2015,0.0,1,0.454407,0.436434,,0.437043,0.436251,0.43733,0.437821,0.437792,0.437807,0.437043
2014020657,2015,1.0,0,0.568572,0.587804,,0.564628,0.566231,0.565042,0.550465,0.550334,0.561844,0.564628
2014020658,2015,0.0,1,0.645089,0.685283,,0.652833,0.64911,0.649892,0.652591,0.652462,0.655874,0.652833
2014020659,2015,1.0,0,0.657856,0.691078,,0.664109,0.667591,0.663789,0.657755,0.657632,0.66106,0.664109
2014020660,2015,0.0,1,0.649836,0.680967,,0.652363,0.649561,0.653017,0.665657,0.665538,0.651855,0.652363
2014020661,2015,0.0,1,0.416349,0.327025,,0.374541,0.369409,0.377896,0.375435,0.375172,0.378865,0.374541
2014020662,2015,1.0,0,0.58113,0.515713,,0.491023,0.489323,0.489316,0.503261,0.503396,0.518545,0.491023
2014020663,2015,0.0,1,0.602434,0.620865,,0.559742,0.560702,0.557001,0.568363,0.568497,0.575421,0.559742
2014020664,2015,1.0,0,0.510282,0.588288,,0.527526,0.533784,0.533923,0.538524,0.538657,0.533032,0.527526
2014020665,2015,1.0,2,0.588361,0.705919,,0.593812,0.603036,0.595972,0.590299,0.590092,0.59384,0.593812
2014020666,2015,0.0,3,0.612281,0.627197,,0.600073,0.606031,0.601031,0.594634,0.594545,0.594905,0.600073
2014020667,2015,1.0,0,0.644419,0.678691,,0.675911,0.666535,0.675965,0.670578,0.670792,0.662658,0.675911
2014020668,2015,1.0,0,0.501669,0.565382,,0.498934,0.507202,0.501227,0.505707,0.505753,0.493419,0.498934
2014020669,2015,1.0,0,0.60739,0.630062,,0.642134,0.642221,0.641483,0.632986,0.632726,0.629874,0.642134
2014020670,2015,0.0,3,0.534008,0.588625,,0.539671,0.533856,0.537507,0.535465,0.535581,0.527928,0.539671
2014020671,2015,0.0,3,0.599148,0.651577,,0.580554,0.581145,0.581416,0.575546,0.574964,0.58012,0.580554
2014020672,2015,0.0,1,0.548546,0.55372,,0.532068,0.536929,0.531558,0.530357,0.53027,0.531315,0.532068
2014020673,2015,0.0,1,0.649843,0.650148,,0.665553,0.656693,0.664379,0.661164,0.661178,0.656332,0.665553
2014020674,2015,1.0,2,0.632998,0.625716,,0.645126,0.642129,0.647351,0.649729,0.649542,0.656163,0.645126
2014020675,2015,1.0,0,0.717752,0.809687,,0.767277,0.774417,0.77069,0.761618,0.761695,0.76237,0.767277
2014020676,2015,1.0,0,0.592577,0.599573,,0.628399,0.627168,0.631189,0.610446,0.610608,0.610157,0.628399
2014020677,2015,0.0,1,0.591504,0.523845,,0.521303,0.524516,0.522165,0.523378,0.523233,0.534365,0.521303
2014020678,2015,0.0,1,0.469558,0.511571,,0.483666,0.488209,0.484792,0.47473,0.474756,0.472504,0.483666
2014020679,2015,1.0,0,0.633178,0.693176,,0.626214,0.625357,0.626479,0.632477,0.632295,0.624591,0.626214
2014020680,2015,0.0,1,0.561311,0.606589,,0.579728,0.579248,0.578873,0.57711,0.576726,0.568662,0.579728
2014020681,2015,0.0,3,0.598626,0.676403,,0.592239,0.59338,0.594063,0.586142,0.585944,0.586502,0.592239
2014020682,2015,0.0,1,0.642058,0.673507,,0.648233,0.645554,0.644987,0.634343,0.634144,0.634964,0.648233
2014020683,2015,1.0,2,0.645001,0.58204,,0.596342,0.596469,0.598405,0.599435,0.599465,0.602994,0.596342
2014020684,2015,1.0,2,0.464119,0.485614,,0.420244,0.417765,0.41679,0.417921,0.417553,0.427671,0.420244
2014020685,2015,0.0,3,0.700022,0.685352,,0.683742,0.680503,0.682487,0.676979,0.676619,0.679208,0.683742
2014020686,2015,1.0,2,0.560889,0.524851,,0.522159,0.523922,0.520962,0.535616,0.535667,0.530791,0.522159
2014020687,2015,1.0,2,0.594255,0.634796,,0.5967,0.589085,0.59885,0.590826,0.590898,0.598202,0.5967
2014020688,2015,1.0,0,0.578245,0.626727,,0.571258,0.576567,0.573924,0.575338,0.575325,0.574721,0.571258
2014020689,2015,1.0,0,0.703804,0.726196,,0.730155,0.722976,0.731154,0.735468,0.735074,0.74105,0.730155
2014020690,2015,0.0,1,0.480494,0.478784,,0.442726,0.445115,0.441974,0.434869,0.434815,0.436156,0.442726
2014020691,2015,1.0,0,0.559256,0.625034,,0.562393,0.561307,0.560888,0.561252,0.561178,0.558743,0.562394
2014020692,2015,0.0,3,0.520231,0.465731,,0.479811,0.482559,0.478448,0.48487,0.484431,0.478392,0.479811
2014020693,2015,1.0,0,0.577648,0.604762,,0.574475,0.573521,0.57496,0.57198,0.571863,0.571645,0.574475
2014020694,2015,1.0,2,0.470422,0.40363,,0.443742,0.435871,0.441926,0.43742,0.437499,0.44439,0.443742
2014020695,2015,1.0,0,0.616809,0.670738,,0.599697,0.605459,0.603463,0.59625,0.595836,0.602627,0.599697
2014020696,2015,1.0,0,0.539067,0.514201,,0.507675,0.509908,0.509312,0.509589,0.509175,0.51821,0.507675
2014020697,2015,1.0,0,0.499783,0.548014,,0.524809,0.523351,0.524613,0.511128,0.510999,0.508548,0.524809
2014020698,2015,1.0,2,0.613011,0.627722,,0.616425,0.613986,0.616587,0.621315,0.621067,0.626732,0.616425
2014020699,2015,1.0,0,0.590543,0.57182,,0.573675,0.576974,0.572973,0.565084,0.564847,0.575357,0.573675
2014020700,2015,1.0,0,0.44673,0.450649,,0.457234,0.449515,0.455942,0.448642,0.448409,0.444589,0.457234
2014020701,2015,1.0,0,0.498638,0.468453,,0.483558,0.490578,0.484428,0.468189,0.468183,0.484097,0.483558
2014020702,2015,1.0,0,0.621228,0.546143,,0.57298,0.575357,0.573698,0.576326,0.576404,0.58701,0.57298
2014020703,2015,0.0,1,0.445298,0.438712,,0.423043,0.427011,0.422296,0.420898,0.420924,0.41836,0.423043
2014020704,2015,1.0,2,0.604007,0.659384,,0.590704,0.594667,0.591305,0.587501,0.587394,0.594403,0.590704
2014020705,2015,1.0,0,0.693819,0.729923,,0.74448,0.746878,0.743264,0.733848,0.733992,0.728372,0.74448
2014020706,2015,0.0,1,0.446049,0.41657,,0.401256,0.39565,0.402237,0.403645,0.403761,0.411766,0.401256
2014020707,2015,0.0,1,0.485264,0.479671,,0.466601,0.464902,0.465916,0.473257,0.473175,0.47461,0.466601
2014020708,2015,1.0,2,0.534184,0.551814,,0.530121,0.528522,0.533242,0.519815,0.519565,0.520245,0.530121
2014020709,2015,1.0,0,0.514767,0.517135,,0.486702,0.485135,0.488912,0.483944,0.483974,0.479663,0.486702
2014020710,2015,1.0,0,0.493025,0.512297,,0.482632,0.479642,0.483469,0.473192,0.47314,0.469219,0.482632
2014020711,2015,0.0,1,0.516854,0.495825,,0.507953,0.507069,0.505281,0.496306,0.496316,0.497781,0.507954
2014020712,2015,0.0,1,0.555483,0.601607,,0.561341,0.55704,0.561932,0.56095,0.560737,0.554584,0.561341
2014020713,2015,1.0,0,0.52086,0.552938,,0.499341,0.497623,0.497643,0.498784,0.498507,0.509528,0.499341
2014020714,2015,0.0,1,0.598542,0.572073,,0.59488,0.599946,0.595758,0.597749,0.597343,0.599135,0.59488
2014020715,2015,0.0,1,0.538922,0.56168,,0.521426,0.518681,0.520354,0.511779,0.511838,0.52977,0.521426
2014020716,2015,1.0,0,0.55674,0.541685,,0.514145,0.516926,0.511821,0.510951,0.510905,0.509017,0.514145
2014020717,2015,1.0,0,0.492959,0.555438,,0.49325,0.486859,0.492974,0.495593,0.495308,0.490989,0.49325
2014020718,2015,1.0,2,0.581729,0.617141,,0.571403,0.5703,0.571046,0.577931,0.57796,0.57014,0.571403
2014020719,2015,0.0,1,0.564398,0.526902,,0.556229,0.552983,0.55593,0.554533,0.554572,0.558529,0.556229
2014020720,2015,1.0,0,0.58635,0.665596,,0.611237,0.616035,0.610916,0.608693,0.608975,0.605544,0.611237
2014020721,2015,1.0,0,0.505863,0.558162,,0.485156,0.482983,0.483813,0.480502,0.480109,0.47893,0.485156
2014020722,2015,0.0,3,0.448797,0.428899,,0.421507,0.418032,0.423742,0.420049,0.41993,0.42279,0.421507
2014020723,2015,0.0,3,0.409641,0.436944,,0.410137,0.408839,0.409958,0.405639,0.405612,0.395099,0.410137
2014020724,2015,1.0,0,0.493044,0.437391,,0.458207,0.455025,0.458953,0.462933,0.462966,0.457329,0.458207
2014020725,2015,1.0,0,0.70351,0.769457,,0.71066,0.71579,0.710641,0.715947,0.716089,0.712121,0.71066
2014020726,2015,0.0,1,0.532039,0.502402,,0.512887,0.521702,0.51713,0.498765,0.498741,0.496005,0.512887
2014020727,2015,1.0,2,0.589957,0.53974,,0.55724,0.56517,0.557828,0.55362,0.553661,0.558353,0.55724
2014020728,2015,1.0,0,0.547152,0.548339,,0.514307,0.511609,0.514601,0.515271,0.515497,0.525476,0.514307
2014020729,2015,1.0,0,0.603059,0.63177,,0.62035,0.618384,0.620391,0.617518,0.617237,0.619979,0.62035
2014020730,2015,1.0,0,0.58596,0.527063,,0.57076,0.573742,0.574166,0.58372,0.583592,0.582598,0.57076
2014020731,2015,1.0,0,0.574399,0.494836,,0.534094,0.532374,0.536025,0.521672,0.521606,0.532024,0.534094
2014020732,2015,1.0,0,0.670641,0.643319,,0.616136,0.618944,0.617087,0.622742,0.622772,0.626446,0.616136
2014020733,2015,1.0,0,0.580833,0.620038,,0.578225,0.570461,0.575943,0.576784,0.576775,0.569063,0.578225
2014020734,2015,0.0,1,0.558515,0.52509,,0.542024,0.540082,0.543647,0.537474,0.537589,0.543112,0.542024
2014020735,2015,1.0,0,0.616991,0.657142,,0.625924,0.61938,0.626264,0.633499,0.633236,0.626661,0.625924
2014020736,2015,1.0,0,0.66256,0.63796,,0.674872,0.671769,0.672331,0.661822,0.661702,0.663664,0.674872
2014020737,2015,1.0,0,0.492952,0.489309,,0.467464,0.469604,0.469724,0.459054,0.458853,0.456223,0.467464
2014020738,2015,0.0,1,0.700027,0.662468,,0.670702,0.671869,0.672696,0.684444,0.684322,0.689215,0.670702
2014020739,2015,0.0,1,0.489737,0.480614,,0.449712,0.452452,0.451882,0.464477,0.464352,0.469012,0.449712
2014020740,2015,0.0,1,0.562061,0.573457,,0.556567,0.561713,0.556703,0.556285,0.556078,0.55457,0.556567
2014020741,2015,0.0,1,0.566451,0.564411,,0.520147,0.516578,0.520242,0.522062,0.521996,0.52649,0.520147
2014020742,2015,1.0,0,0.693392,0.644833,,0.662613,0.663244,0.663129,0.668222,0.668069,0.668319,0.662613
2014020743,2015,1.0,0,0.547507,0.529693,,0.541782,0.536747,0.539846,0.541909,0.541941,0.538776,0.541782
2014020744,2015,0.0,3,0.708589,0.70638,,0.685378,0.688369,0.685431,0.679755,0.679223,0.68333,0.685378
2014020745,2015,1.0,0,0.524518,0.438592,,0.486115,0.486888,0.489682,0.494987,0.494913,0.495748,0.486115
2014020746,2015,0.0,1,0.651976,0.652568,,0.63943,0.640403,0.641344,0.645997,0.645921,0.646135,0.63943
2014020747,2015,1.0,0,0.541586,0.500714,,0.50228,0.500634,0.504637,0.514182,0.514098,0.512137,0.50228
2014020748,2015,0.0,1,0.603886,0.59719,,0.603485,0.605399,0.605366,0.604726,0.604508,0.614191,0.603485
2014020749,2015,0.0,1,0.761525,0.79122,,0.763482,0.772481,0.764032,0.761347,0.761564,0.757275,0.763482
2014020750,2015,1.0,2,0.593572,0.550187,,0.559999,0.558236,0.560105,0.555531,0.555396,0.557265,0.559999
2014020751,2015,1.0,0,0.644202,0.650992,,0.643194,0.638662,0.640813,0.638587,0.63856,0.636638,0.643194
2014020752,2015,1.0,0,0.450339,0.436359,,0.457603,0.460101,0.458256,0.446491,0.446319,0.440564,0.457603
2014020753,2015,0.0,3,0.555351,0.637467,,0.556935,0.560827,0.558225,0.555747,0.555385,0.548895,0.556935
2014020754,2015,1.0,2,0.553241,0.577968,,0.527037,0.525579,0.525522,0.531806,0.531774,0.539672,0.527037
2014020755,2015,1.0,2,0.669159,0.649264,,0.623199,0.628115,0.625402,0.621733,0.62168,0.627279,0.623199
2014020756,2015,1.0,0,0.549066,0.540229,,0.526392,0.525113,0.523953,0.512275,0.512106,0.521527,0.526392
2014020757,2015,0.0,1,0.380945,0.36213,,0.344924,0.337563,0.34552,0.355334,0.355471,0.353943,0.344924
2014020758,2015,1.0,0,0.512887,0.496017,,0.523156,0.520395,0.524039,0.526139,0.526326,0.512837,0.523156
2014020759,2015,0.0,1,0.3019,0.237753,,0.25776,0.254024,0.258235,0.261749,0.261419,0.265749,0.25776
2014020760,2015,0.0,3,0.523293,0.511667,,0.483606,0.481681,0.484846,0.489892,0.489924,0.49608,0.483606
2014020761,2015,0.0,1,0.494119,0.518179,,0.499023,0.501071,0.496135,0.483747,0.483586,0.488666,0.499023
2014020762,2015,1.0,0,0.445799,0.452643,,0.428826,0.43024,0.427551,0.435607,0.435513,0.434289,0.428826
2014020763,2015,0.0,1,0.537484,0.555055,,0.546805,0.537404,0.542557,0.543991,0.54398,0.54089,0.546805
2014020764,2015,0.0,1,0.505348,0.514335,,0.49813,0.49831,0.498895,0.505394,0.505122,0.495574,0.49813
2014020765,2015,0.0,1,0.521409,0.410369,,0.465443,0.46926,0.465037,0.464247,0.464474,0.455325,0.465443
2014020766,2015,0.0,3,0.5376,0.512332,,0.470605,0.476659,0.46791,0.468867,0.46888,0.472318,0.470605
2014020767,2015,0.0,1,0.515237,0.532081,,0.489439,0.485226,0.487208,0.501992,0.502212,0.497786,0.489439
2014020768,2015,1.0,0,0.554009,0.508932,,0.528558,0.526121,0.530126,0.528094,0.527966,0.528159,0.528558
2014020769,2015,1.0,2,0.512168,0.524843,,0.515795,0.505211,0.514128,0.526318,0.526357,0.504841,0.515795
2014020770,2015,1.0,0,0.417743,0.442379,,0.396287,0.400886,0.395915,0.398485,0.398433,0.40962,0.396287
2014020771,2015,0.0,3,0.456761,0.45263,,0.442982,0.444651,0.442991,0.440544,0.440614,0.443539,0.442982
2014020772,2015,0.0,1,0.504902,0.471983,,0.497448,0.491237,0.49778,0.498328,0.498362,0.488903,0.497448
2014020773,2015,1.0,0,0.517666,0.540909,,0.528844,0.526781,0.52874,0.523411,0.52345,0.519694,0.528844
2014020774,2015,0.0,1,0.575365,0.561594,,0.540449,0.543744,0.54058,0.547366,0.547368,0.553415,0.540449
2014020775,2015,1.0,0,0.604608,0.566853,,0.578179,0.579128,0.580143,0.583546,0.583448,0.579309,0.578179
2014020776,2015,1.0,0,0.387848,0.283886,,0.330934,0.323941,0.33306,0.32828,0.327961,0.334735,0.330934
2014020777,2015,1.0,0,0.621707,0.602801,,0.613243,0.618659,0.613297,0.601459,0.601112,0.60136,0.613243
2014020778,2015,1.0,0,0.649335,0.713352,,0.639829,0.641622,0.638754,0.646954,0.647116,0.647045,0.639829
2014020779,2015,0.0,1,0.548408,0.60719,,0.568081,0.566185,0.56767,0.568851,0.568822,0.563047,0.568081
2014020780,2015,1.0,0,0.552007,0.646397,,0.578709,0.58182,0.580032,0.570526,0.570255,0.565099,0.578709
2014020781,2015,0.0,1,0.434677,0.415247,,0.380429,0.394322,0.382908,0.37268,0.372594,0.377951,0.380429
2014020782,2015,1.0,0,0.483834,0.495593,,0.448638,0.444221,0.447394,0.451649,0.451646,0.45016,0.448638
2014020783,2015,0.0,1,0.646849,0.652231,,0.605861,0.611331,0.60643,0.607678,0.607404,0.610791,0.605861
2014020784,2015,0.0,1,0.550976,0.530892,,0.538008,0.537615,0.539586,0.531855,0.531819,0.538268,0.538008
2014020785,2015,0.0,3,0.427403,0.468677,,0.432402,0.432532,0.432001,0.434625,0.43464,0.423213,0.432402
2014020786,2015,0.0,1,0.600191,0.61256,,0.586128,0.582578,0.58652,0.590456,0.590336,0.584979,0.586128
2014020787,2015,0.0,1,0.370658,0.256354,,0.299533,0.292921,0.301151,0.303746,0.303485,0.309463,0.299533
2014020788,2015,1.0,0,0.524824,0.573282,,0.514125,0.511421,0.512166,0.51954,0.519369,0.517936,0.514125
2014020789,2015,0.0,3,0.632392,0.581061,,0.590863,0.587434,0.588821,0.584623,0.584635,0.591845,0.590863
2014020790,2015,1.0,0,0.545123,0.623448,,0.579147,0.579366,0.579822,0.578169,0.578073,0.573483,0.579147
2014020791,2015,0.0,1,0.5591,0.535951,,0.560779,0.558007,0.560585,0.562925,0.562665,0.557212,0.560779
2014020792,2015,0.0,1,0.63549,0.55871,,0.603956,0.607243,0.605596,0.601206,0.600898,0.607248,0.603956
2014020793,2015,0.0,1,0.501315,0.447008,,0.447196,0.45206,0.450451,0.454297,0.454396,0.46207,0.447196
2014020794,2015,1.0,0,0.550558,0.574299,,0.571219,0.576602,0.574156,0.568698,0.568538,0.559708,0.571219
2014020795,2015,0.0,3,0.711462,0.722502,,0.728539,0.722248,0.7282,0.734493,0.734002,0.737103,0.728539
2014020796,2015,0.0,1,0.587879,0.598085,,0.570343,0.571549,0.57025,0.559549,0.559234,0.566478,0.570343
2014020797,2015,0.0,1,0.624576,0.573846,,0.595911,0.593254,0.597979,0.603277,0.603185,0.611329,0.595911
2014020798,2015,0.0,1,0.417886,0.285327,,0.370843,0.362713,0.370479,0.374601,0.37421,0.378291,0.370843
2014020799,2015,1.0,0,0.688851,0.720051,,0.721961,0.721993,0.721096,0.718825,0.718693,0.707811,0.721961
2014020800,2015,0.0,1,0.429187,0.430552,,0.413196,0.416842,0.414688,0.417074,0.417064,0.414924,0.413196
2014020801,2015,1.0,2,0.629343,0.622775,,0.603756,0.611358,0.606857,0.612015,0.612062,0.611562,0.603756
2014020802,2015,1.0,0,0.409799,0.464129,,0.409513,0.405135,0.405348,0.409638,0.40948,0.401026,0.409513
2014020803,2015,1.0,0,0.699474,0.705037,,0.720877,0.711268,0.720404,0.72368,0.723429,0.727365,0.720877
2014020804,2015,1.0,2,0.553656,0.538284,,0.55401,0.55143,0.552528,0.549224,0.549124,0.562471,0.55401
2014020805,2015,1.0,2,0.538127,0.5312,,0.517436,0.512648,0.516299,0.517481,0.517673,0.51851,0.517436
2014020806,2015,1.0,0,0.559127,0.575146,,0.541225,0.551492,0.543813,0.541683,0.541572,0.541457,0.541225
2014020807,2015,0.0,3,0.6388,0.640204,,0.618381,0.617969,0.617914,0.6252,0.625109,0.62276,0.618381
2014020808,2015,0.0,3,0.548286,0.553895,,0.527008,0.530468,0.525982,0.512511,0.51218,0.525774,0.527008
2014020809,2015,1.0,0,0.620561,0.662009,,0.638699,0.633114,0.635992,0.622603,0.622394,0.617687,0.638699
2014020810,2015,0.0,1,0.437851,0.481055,,0.445407,0.433286,0.440722,0.444637,0.444326,0.443514,0.445407
2014020811,2015,0.0,3,0.736701,0.729145,,0.72902,0.732783,0.72951,0.723819,0.723701,0.726867,0.72902
2014020812,2015,0.0,3,0.463472,0.490407,,0.445271,0.443131,0.446637,0.453824,0.453934,0.445119,0.445271
2014020813,2015,0.0,1,0.512663,0.534079,,0.484453,0.487854,0.486238,0.495459,0.49538,0.492135,0.484453
2014020814,2015,1.0,0,0.608922,0.585628,,0.569938,0.571002,0.571756,0.560806,0.560843,0.573722,0.569938
2014020815,2015,1.0,0,0.617192,0.612887,,0.617514,0.614067,0.614682,0.617409,0.617255,0.61334,0.617514
2014020816,2015,0.0,1,0.463604,0.427556,,0.4394,0.435976,0.438307,0.439163,0.439177,0.438041,0.4394
2014020817,2015,1.0,0,0.576987,0.615614,,0.567618,0.569504,0.566591,0.567185,0.566942,0.572345,0.567618
2014020818,2015,1.0,2,0.53815,0.54718,,0.5141,0.518057,0.515385,0.503918,0.5039,0.508706,0.5141
2014020819,2015,1.0,0,0.674377,0.727006,,0.689222,0.686497,0.686316,0.683379,0.683296,0.677464,0.689222
2014020820,2015,1.0,0,0.619581,0.624743,,0.605555,0.605275,0.604319,0.619088,0.619046,0.611494,0.605555
2014020821,2015,0.0,1,0.443957,0.433145,,0.411471,0.411706,0.410364,0.405102,0.405018,0.408239,0.411471
2014020822,2015,1.0,0,0.483493,0.494229,,0.456024,0.44873,0.452309,0.460442,0.460444,0.468432,0.456024
2014020823,2015,1.0,0,0.637926,0.642714,,0.627198,0.631921,0.628358,0.618066,0.617924,0.618725,0.627198
2014020824,2015,1.0,2,0.668543,0.663132,,0.6495,0.647505,0.649976,0.653104,0.65302,0.648633,0.6495
2014020825,2015,0.0,3,0.593972,0.604846,,0.588202,0.58312,0.58709,0.592781,0.592735,0.602056,0.588202
2014020826,2015,1.0,0,0.592114,0.648924,,0.624061,0.621653,0.623254,0.609279,0.609086,0.598724,0.624061
2014020827,2015,1.0,0,0.654751,0.685583,,0.670804,0.669746,0.668775,0.654503,0.654522,0.655864,0.670804
2014020828,2015,1.0,0,0.6105,0.571761,,0.565572,0.569811,0.56623,0.564836,0.564839,0.564557,0.565572
2014020829,2015,0.0,1,0.387093,0.402221,,0.359451,0.361495,0.358699,0.351928,0.351841,0.353813,0.359451
2014020830,2015,1.0,0,0.528234,0.47146,,0.521255,0.514394,0.519938,0.51745,0.517617,0.518616,0.521255
2014020831,2015,1.0,0,0.546527,0.528074,,0.538581,0.541194,0.538816,0.537021,0.537293,0.529527,0.538581
2014020832,2015,1.0,0,0.552115,0.596507,,0.556335,0.560763,0.553965,0.550739,0.550697,0.553376,0.556335
2014020833,2015,1.0,2,0.578204,0.5774,,0.53848,0.534097,0.537309,0.551891,0.551832,0.543375,0.53848
2014020834,2015,0.0,3,0.388795,0.421521,,0.369796,0.370103,0.371985,0.372947,0.372823,0.372464,0.369796
2014020835,2015,0.0,1,0.394741,0.38062,,0.362958,0.360125,0.36421,0.345593,0.345369,0.358646,0.362958
2014020836,2015,0.0,1,0.578478,0.577497,,0.580465,0.587344,0.581408,0.557394,0.557545,0.573249,0.580465
2014020837,2015,0.0,1,0.540728,0.529887,,0.539198,0.533806,0.539072,0.532154,0.531951,0.530263,0.539198
2014020838,2015,0.0,1,0.492549,0.537883,,0.491697,0.490686,0.490502,0.481427,0.48136,0.484747,0.491697
2014020839,2015,0.0,1,0.583361,0.604569,,0.560153,0.56033,0.559129,0.55132,0.551273,0.554253,0.560153
2014020840,2015,0.0,1,0.5091,0.535916,,0.51612,0.506153,0.514378,0.504349,0.503947,0.508259,0.51612
2014020841,2015,1.0,2,0.669247,0.668433,,0.696762,0.693754,0.694899,0.679463,0.679341,0.675231,0.696762
2014020842,2015,1.0,0,0.625848,0.569578,,0.615351,0.609771,0.614036,0.619119,0.619006,0.611139,0.615351
2014020843,2015,1.0,2,0.494885,0.460613,,0.463709,0.457284,0.462112,0.463272,0.463521,0.465884,0.463709
2014020844,2015,1.0,0,0.545056,0.559627,,0.521338,0.516713,0.518832,0.524325,0.524219,0.545021,0.521338
2014020845,2015,1.0,0,0.544715,0.59501,,0.55892,0.553183,0.556621,0.559582,0.559648,0.552937,0.55892
2014020846,2015,1.0,2,0.662261,0.669981,,0.657498,0.659047,0.658764,0.661565,0.661581,0.662982,0.657498
2014020847,2015,0.0,1,0.563731,0.549756,,0.5584,0.555053,0.555937,0.568958,0.568956,0.562629,0.5584
2014020848,2015,0.0,1,0.568976,0.594504,,0.581761,0.588334,0.582866,0.56583,0.565738,0.574398,0.581761
2014020849,2015,0.0,1,0.469378,0.475471,,0.469758,0.465808,0.470407,0.473525,0.473273,0.464178,0.469758
2014020850,2015,0.0,1,0.570132,0.521266,,0.539069,0.539884,0.538831,0.54397,0.544168,0.541853,0.539069
2014020851,2015,0.0,1,0.639367,0.619762,,0.643571,0.642709,0.642826,0.632304,0.63205,0.641295,0.643571
2014020852,2015,1.0,0,0.587188,0.569417,,0.575959,0.574462,0.575181,0.573039,0.573209,0.567143,0.575959
2014020853,2015,1.0,0,0.436153,0.481524,,0.479935,0.470688,0.477759,0.465592,0.465454,0.45586,0.479935
2014020854,2015,0.0,3,0.610126,0.610781,,0.576856,0.582395,0.57623,0.584077,0.583982,0.579093,0.576856
2014020855,2015,0.0,3,0.552341,0.530788,,0.537814,0.533077,0.53648,0.540277,0.540475,0.53737,0.537814
2014020856,2015,0.0,1,0.499539,0.4136,,0.46097,0.458997,0.460906,0.463461,0.463369,0.464096,0.46097
2014020857,2015,1.0,2,0.36394,0.377251,,0.336865,0.329545,0.334886,0.341344,0.341205,0.34663,0.336865
2014020858,2015,0.0,1,0.560071,0.552526,,0.519951,0.526321,0.521918,0.516722,0.516468,0.516523,0.51995
2014020859,2015,1.0,0,0.513948,0.548104,,0.505372,0.50306,0.504884,0.503309,0.503116,0.506516,0.505372
2014020860,2015,0.0,3,0.630686,0.633109,,0.610108,0.617671,0.612879,0.60471,0.60442,0.608351,0.610108
2014020861,2015,0.0,3,0.696099,0.747152,,0.706119,0.709004,0.70498,0.714353,0.714166,0.704217,0.706119
2014020862,2015,0.0,1,0.615395,0.658544,,0.645876,0.648139,0.645437,0.637616,0.637355,0.63782,0.645876
2014020863,2015,1.0,0,0.594554,0.559929,,0.554983,0.550251,0.555927,0.557217,0.557234,0.550576,0.554983
2014020864,2015,0.0,3,0.685923,0.642976,,0.651235,0.655476,0.652275,0.6574,0.657285,0.662467,0.651235
2014020865,2015,0.0,1,0.539479,0.521536,,0.5144,0.516635,0.512884,0.520798,0.520917,0.508105,0.5144
2014020291,2015,0.0,1,0.306364,0.260511,,0.262771,0.258319,0.263904,0.257838,0.257768,0.254718,0.262771
2014020867,2015,1.0,0,0.488606,0.468304,,0.474619,0.475793,0.476775,0.484537,0.484463,0.475938,0.474619
2014020868,2015,1.0,0,0.547786,0.610375,,0.574059,0.56861,0.571378,0.571158,0.570727,0.567658,0.574059
2014020869,2015,1.0,0,0.580983,0.576814,,0.58239,0.576909,0.580467,0.573035,0.572942,0.572281,0.58239
2014020870,2015,0.0,1,0.644279,0.694755,,0.651648,0.651295,0.651146,0.646902,0.646714,0.642579,0.651648
2014020871,2015,0.0,1,0.507456,0.498627,,0.532208,0.521497,0.530129,0.534059,0.534251,0.522955,0.532208
2014020872,2015,0.0,1,0.413516,0.427741,,0.37518,0.366758,0.373171,0.375854,0.375685,0.391306,0.37518
2014020873,2015,1.0,2,0.560842,0.537487,,0.541325,0.539028,0.544846,0.541744,0.541724,0.529908,0.541325
2014020874,2015,1.0,2,0.467238,0.498476,,0.442578,0.4355,0.441524,0.452037,0.45181,0.457086,0.442578
2014020875,2015,1.0,2,0.497687,0.462006,,0.450206,0.451462,0.452626,0.454358,0.454418,0.458668,0.450206
2014020876,2015,1.0,0,0.629149,0.644763,,0.62243,0.625909,0.622457,0.626354,0.626255,0.625161,0.62243
2014020877,2015,1.0,0,0.586384,0.620992,,0.592134,0.591028,0.592099,0.586159,0.586102,0.58472,0.592134
2014020878,2015,1.0,0,0.561312,0.48127,,0.498581,0.502303,0.501026,0.502081,0.501984,0.505279,0.498581
2014020879,2015,0.0,1,0.36596,0.382359,,0.334994,0.322252,0.332627,0.339552,0.339505,0.344628,0.334994
2014020880,2015,0.0,1,0.59314,0.563206,,0.567536,0.564602,0.5666,0.56181,0.561683,0.562248,0.567536
2014020881,2015,0.0,3,0.520313,0.499903,,0.478104,0.486964,0.478104,0.477676,0.477593,0.467564,0.478104
2014020882,2015,0.0,1,0.406797,0.441334,,0.397122,0.396109,0.397324,0.383778,0.383468,0.392553,0.397122
2014020883,2015,0.0,1,0.525508,0.493819,,0.496434,0.497997,0.499185,0.494739,0.494474,0.500262,0.496434
2014020884,2015,1.0,0,0.481899,0.52959,,0.495845,0.491502,0.489825,0.49536,0.495128,0.499121,0.495845
2014020885,2015,0.0,1,0.579382,0.609784,,0.567788,0.564112,0.565727,0.575803,0.575655,0.571962,0.567788
2014020886,2015,0.0,3,0.327191,0.302966,,0.279815,0.276015,0.280235,0.283786,0.283773,0.280483,0.279815
2014020887,2015,0.0,1,0.579123,0.606958,,0.595292,0.597844,0.596296,0.577803,0.577543,0.587751,0.595292
2014020888,2015,1.0,0,0.668072,0.675604,,0.65957,0.661303,0.658995,0.666543,0.666433,0.66424,0.65957
2014020889,2015,1.0,0,0.490911,0.473572,,0.483147,0.479514,0.4835,0.483364,0.483371,0.480255,0.483147
2014020890,2015,1.0,2,0.650107,0.67566,,0.680201,0.675304,0.681459,0.678559,0.678421,0.675454,0.680201
2014020891,2015,1.0,0,0.566412,0.551281,,0.568343,0.564712,0.56952,0.565107,0.565161,0.556464,0.568343
2014020892,2015,1.0,0,0.6032,0.55055,,0.593167,0.589218,0.593484,0.594272,0.59408,0.593999,0.593167
2014020893,2015,1.0,2,0.570961,0.542654,,0.521668,0.532265,0.522974,0.531865,0.531809,0.51802,0.521668
2014020894,2015,0.0,1,0.591996,0.626782,,0.599095,0.603845,0.602259,0.591677,0.59128,0.593512,0.599095
2014020895,2015,1.0,0,0.671211,0.687295,,0.683431,0.678745,0.682274,0.681785,0.681598,0.690849,0.683431
2014020896,2015,1.0,0,0.638338,0.628518,,0.6217,0.623232,0.620585,0.617202,0.617187,0.614982,0.6217
2014020897,2015,1.0,0,0.503006,0.533928,,0.525802,0.522113,0.522893,0.520106,0.519972,0.522164,0.525802
2014020898,2015,0.0,1,0.694948,0.737694,,0.710242,0.717287,0.709729,0.703247,0.70328,0.718202,0.710242
2014020899,2015,0.0,1,0.562456,0.558115,,0.584081,0.577093,0.58311,0.576174,0.576038,0.577081,0.584081
2014020900,2015,1.0,0,0.610498,0.649818,,0.618288,0.618903,0.617748,0.616722,0.616633,0.616559,0.618288
2014020901,2015,0.0,1,0.696173,0.683014,,0.718128,0.726684,0.719488,0.718438,0.718319,0.706515,0.718128
2014020902,2015,1.0,0,0.546368,0.547911,,0.552543,0.551235,0.551626,0.540246,0.540248,0.545792,0.552543
2014020903,2015,1.0,2,0.686589,0.696414,,0.681011,0.682611,0.681173,0.682793,0.682664,0.679815,0.681011
2014020904,2015,1.0,0,0.571112,0.59634,,0.559643,0.562777,0.557737,0.565702,0.565778,0.548881,0.559643
2014020905,2015,0.0,1,0.515624,0.497576,,0.513988,0.509807,0.513897,0.517509,0.517327,0.508316,0.513988
2014020906,2015,0.0,1,0.540849,0.511116,,0.497888,0.493991,0.497873,0.505323,0.505374,0.504845,0.497888
2014020907,2015,0.0,1,0.631075,0.567107,,0.602266,0.609168,0.603591,0.591566,0.591401,0.588006,0.602266
2014020908,2015,1.0,0,0.369748,0.330546,,0.328558,0.323916,0.330533,0.328293,0.327969,0.333902,0.328558
2014020909,2015,1.0,0,0.730097,0.723282,,0.731333,0.728745,0.732245,0.738135,0.737976,0.736806,0.731333
2014020910,2015,0.0,1,0.446136,0.477454,,0.451416,0.450646,0.45201,0.447069,0.446827,0.454713,0.451416
2014020911,2015,1.0,0,0.513142,0.519669,,0.510082,0.509247,0.510043,0.501065,0.501162,0.505204,0.510082
2014020912,2015,0.0,1,0.402418,0.398193,,0.392808,0.388472,0.391353,0.386379,0.386146,0.394027,0.392808
2014020913,2015,0.0,1,0.597912,0.593413,,0.592912,0.592422,0.591622,0.587232,0.587317,0.590066,0.592912
2014020914,2015,0.0,3,0.46546,0.483852,,0.440302,0.444203,0.439734,0.441895,0.441507,0.431038,0.440302
2014020915,2015,0.0,1,0.621483,0.610909,,0.608359,0.612021,0.609182,0.60896,0.608929,0.606947,0.608359
2014020916,2015,0.0,1,0.542822,0.561522,,0.515747,0.520433,0.51694,0.51696,0.51674,0.511853,0.515747
2014020917,2015,0.0,3,0.454935,0.374856,,0.419726,0.41579,0.420922,0.428769,0.42857,0.422076,0.419726
2014020918,2015,1.0,0,0.578891,0.633994,,0.62066,0.618448,0.620025,0.609102,0.608867,0.607496,0.62066
2014020919,2015,1.0,0,0.450155,0.513502,,0.476624,0.474817,0.473296,0.471091,0.470717,0.476913,0.476624
2014020920,2015,1.0,0,0.526626,0.54574,,0.506188,0.50566,0.505475,0.508762,0.508825,0.512451,0.506188
2014020921,2015,0.0,3,0.544393,0.614184,,0.533692,0.540336,0.534954,0.532781,0.53238,0.528787,0.533692
2014020922,2015,1.0,0,0.548557,0.521078,,0.516513,0.519733,0.516816,0.514618,0.514683,0.514001,0.516513
2014020923,2015,1.0,0,0.623651,0.726668,,0.678132,0.681865,0.677353,0.666134,0.666038,0.672399,0.678133
2014020924,2015,0.0,1,0.576038,0.567327,,0.580321,0.575579,0.577574,0.577182,0.577045,0.55926,0.580321
2014020925,2015,0.0,1,0.63,0.601937,,0.588141,0.592412,0.588984,0.584124,0.584187,0.586944,0.588141
2014020926,2015,0.0,1,0.565274,0.617944,,0.564989,0.566922,0.562647,0.551342,0.551349,0.560541,0.564989
2014020927,2015,1.0,0,0.701027,0.706975,,0.704314,0.704646,0.704517,0.714197,0.713978,0.710667,0.704314
2014020928,2015,1.0,0,0.681276,0.680515,,0.662019,0.664988,0.661888,0.661395,0.661332,0.664853,0.662019
2014020929,2015,1.0,0,0.433221,0.46188,,0.425482,0.41971,0.422861,0.423832,0.423721,0.425852,0.425482
2014020930,2015,0.0,1,0.525633,0.454925,,0.469497,0.469198,0.466855,0.464911,0.464968,0.47893,0.469497
2014020931,2015,0.0,1,0.343493,0.38017,,0.306079,0.299931,0.306032,0.311968,0.311906,0.314565,0.306079
2014020932,2015,0.0,1,0.582349,0.550668,,0.557616,0.562815,0.560831,0.556778,0.556453,0.559223,0.557616
2014020933,2015,1.0,0,0.492634,0.490099,,0.486823,0.487093,0.484999,0.487265,0.4871,0.488828,0.486823
2014020934,2015,1.0,0,0.41332,0.449635,,0.443739,0.437636,0.442541,0.438265,0.438031,0.440791,0.443739
2014020935,2015,1.0,0,0.642412,0.665029,,0.669838,0.667366,0.669575,0.661238,0.661204,0.660437,0.669838
2014020936,2015,1.0,0,0.642986,0.650351,,0.618817,0.615479,0.618104,0.623785,0.623723,0.619567,0.618817
2014020937,2015,0.0,1,0.480704,0.525438,,0.477923,0.477227,0.478118,0.480747,0.480403,0.474547,0.477923
2014020938,2015,1.0,2,0.477004,0.477801,,0.43351,0.430757,0.432631,0.440127,0.440527,0.436928,0.43351
2014020939,2015,1.0,0,0.582244,0.584056,,0.540216,0.54474,0.542979,0.551201,0.551193,0.549776,0.540216
2014020940,2015,1.0,0,0.657362,0.642768,,0.626742,0.633695,0.627613,0.629672,0.629825,0.630709,0.626742
2014020941,2015,1.0,0,0.475084,0.508543,,0.474484,0.470475,0.476158,0.471735,0.471345,0.479227,0.474484
2014020942,2015,1.0,0,0.459279,0.424083,,0.420657,0.421776,0.422111,0.426495,0.42657,0.419926,0.420657
2014020943,2015,0.0,3,0.533119,0.578898,,0.56382,0.558058,0.563956,0.557079,0.556753,0.552632,0.56382
2014020944,2015,0.0,1,0.469008,0.480307,,0.459252,0.468732,0.461575,0.450934,0.450722,0.460411,0.459252
2014020945,2015,1.0,0,0.744564,0.803052,,0.769758,0.772709,0.768598,0.759749,0.759807,0.768366,0.769758
2014020946,2015,0.0,1,0.538512,0.591135,,0.547346,0.550563,0.546385,0.54976,0.549517,0.546189,0.547346
2014020947,2015,1.0,2,0.584811,0.556025,,0.590328,0.593289,0.591941,0.589823,0.589481,0.585761,0.590328
2014020948,2015,1.0,2,0.503941,0.516869,,0.476128,0.476418,0.473621,0.478134,0.477955,0.475356,0.476128
2014020949,2015,0.0,1,0.382525,0.428019,,0.358597,0.356009,0.35945,0.349546,0.349289,0.355577,0.358597
2014020950,2015,0.0,1,0.377475,0.36011,,0.345443,0.335832,0.345331,0.343552,0.343405,0.355942,0.345443
2014020951,2015,0.0,1,0.541953,0.519895,,0.491032,0.487071,0.488504,0.497545,0.49791,0.504583,0.491032
2014020952,2015,0.0,1,0.556853,0.564533,,0.576253,0.577528,0.576896,0.5642,0.564042,0.562251,0.576253
2014020953,2015,1.0,2,0.49367,0.502664,,0.50581,0.503188,0.505335,0.492826,0.492575,0.507723,0.50581
2014020954,2015,1.0,0,0.47945,0.428973,,0.438111,0.434398,0.436121,0.437818,0.437967,0.444993,0.438111
2014020955,2015,1.0,0,0.532659,0.553828,,0.520461,0.521386,0.520097,0.514959,0.514692,0.523318,0.520461
2014020956,2015,0.0,3,0.605039,0.671366,,0.644723,0.64265,0.645359,0.633887,0.633517,0.630327,0.644723
2014020957,2015,1.0,0,0.449703,0.489721,,0.427497,0.426278,0.428479,0.439947,0.439778,0.437615,0.427497
2014020958,2015,0.0,1,0.566938,0.549074,,0.526236,0.520275,0.524522,0.524515,0.52441,0.525138,0.526236
2014020959,2015,1.0,0,0.662717,0.67412,,0.640829,0.645236,0.641297,0.642082,0.642024,0.646408,0.640829
2014020960,2015,0.0,3,0.48789,0.499531,,0.459663,0.459656,0.461398,0.456541,0.456333,0.465588,0.459663
2014020961,2015,0.0,1,0.571635,0.585664,,0.575994,0.572035,0.574079,0.566592,0.566295,0.56834,0.575994
2014020962,2015,1.0,2,0.430798,0.446704,,0.385179,0.388068,0.384552,0.380806,0.380532,0.38836,0.385179
2014020963,2015,1.0,2,0.519622,0.599321,,0.543582,0.536274,0.543278,0.545864,0.545698,0.533244,0.543582
2014020964,2015,0.0,1,0.558615,0.502209,,0.5217,0.51765,0.520738,0.526618,0.526542,0.52419,0.5217
2014020965,2015,0.0,1,0.470096,0.542644,,0.480852,0.471979,0.480662,0.473322,0.473221,0.470792,0.480852
2014020966,2015,1.0,0,0.698676,0.760701,,0.731357,0.731855,0.729231,0.721232,0.721356,0.721397,0.731357
2014020967,2015,0.0,1,0.583188,0.630701,,0.606501,0.598021,0.606751,0.595762,0.595396,0.603119,0.606501
2014020968,2015,1.0,2,0.73997,0.756645,,0.760904,0.766015,0.761466,0.755495,0.755421,0.750316,0.760904
2014020969,2015,0.0,1,0.559688,0.524061,,0.502884,0.506276,0.502207,0.502538,0.502753,0.502933,0.502884
2014020970,2015,1.0,2,0.618904,0.616975,,0.605895,0.612438,0.606168,0.604515,0.604509,0.603398,0.605895
2014020971,2015,0.0,1,0.413337,0.423653,,0.376961,0.373459,0.375771,0.379558,0.379699,0.377097,0.376961
2014020972,2015,1.0,0,0.622281,0.574378,,0.581456,0.584872,0.584238,0.583981,0.584075,0.591138,0.581456
2014020973,2015,1.0,2,0.441253,0.478474,,0.423177,0.423099,0.422622,0.428497,0.428204,0.432676,0.423177
2014020974,2015,1.0,0,0.738986,0.787898,,0.779975,0.779799,0.77894,0.776945,0.776978,0.76584,0.779975
2014020975,2015,0.0,1,0.51275,0.566325,,0.50013,0.505812,0.502251,0.488324,0.488087,0.498586,0.50013
2014020976,2015,0.0,1,0.600311,0.611609,,0.605121,0.60278,0.604409,0.595473,0.595545,0.599554,0.605121
2014020977,2015,0.0,1,0.36775,0.420769,,0.362721,0.359719,0.36216,0.355115,0.354831,0.359259,0.362721
2014020978,2015,0.0,3,0.5341,0.556478,,0.511052,0.507219,0.510024,0.518282,0.51836,0.509199,0.511052
2014020979,2015,0.0,1,0.576822,0.589257,,0.583042,0.585318,0.584408,0.584799,0.584486,0.579675,0.583042
2014020980,2015,1.0,0,0.634739,0.697079,,0.672237,0.672987,0.670717,0.67267,0.672332,0.665818,0.672237
2014020981,2015,1.0,0,0.530119,0.478452,,0.496592,0.497764,0.496232,0.49422,0.494369,0.502802,0.496592
2014020982,2015,0.0,1,0.582554,0.645256,,0.620569,0.617339,0.618211,0.620886,0.620677,0.613986,0.620569
2014020983,2015,1.0,2,0.533735,0.607208,,0.565238,0.559709,0.564687,0.561357,0.561038,0.564009,0.565238
2014020984,2015,1.0,0,0.574344,0.589132,,0.546095,0.556385,0.549057,0.546718,0.546642,0.543719,0.546095
2014020985,2015,0.0,3,0.534632,0.527242,,0.545276,0.544917,0.545085,0.532355,0.532208,0.537348,0.545276
2014020986,2015,0.0,3,0.456453,0.444925,,0.419838,0.419695,0.419648,0.417139,0.417125,0.415555,0.419838
2014020987,2015,1.0,0,0.708855,0.732283,,0.740823,0.740095,0.737506,0.728627,0.728312,0.739046,0.740823
2014020988,2015,1.0,0,0.493979,0.496464,,0.485074,0.480755,0.486634,0.483412,0.483221,0.482922,0.485074
2014020989,2015,0.0,3,0.400268,0.398066,,0.363745,0.362888,0.364335,0.35621,0.356195,0.363598,0.363745
2014020990,2015,1.0,2,0.506683,0.497137,,0.487692,0.48751,0.488008,0.485266,0.485093,0.49067,0.487692
2014020991,2015,0.0,1,0.48363,0.494811,,0.513229,0.507803,0.510467,0.498766,0.498625,0.50929,0.513229
2014020992,2015,0.0,1,0.542242,0.51953,,0.519737,0.515619,0.522096,0.516817,0.516609,0.516047,0.519737
2014020993,2015,0.0,3,0.550118,0.592431,,0.573364,0.565032,0.570066,0.569915,0.569851,0.56082,0.573364
2014020994,2015,0.0,3,0.564434,0.527547,,0.539932,0.540571,0.540426,0.537406,0.53741,0.537189,0.539932
2014020995,2015,0.0,1,0.488817,0.491145,,0.46441,0.46379,0.463075,0.460074,0.46007,0.470412,0.46441
2014020996,2015,1.0,0,0.630857,0.631369,,0.626699,0.625853,0.626915,0.619304,0.619338,0.62776,0.626699
2014020997,2015,1.0,0,0.615129,0.652069,,0.631701,0.626437,0.628665,0.622683,0.622516,0.623335,0.631701
2014020998,2015,0.0,1,0.51273,0.396193,,0.46469,0.46577,0.463477,0.452019,0.452007,0.470382,0.46469
2014020999,2015,1.0,2,0.643894,0.690975,,0.674458,0.679023,0.673631,0.666807,0.666872,0.663763,0.674458
2014021000,2015,0.0,1,0.500892,0.519693,,0.500719,0.494261,0.498314,0.493956,0.493961,0.492509,0.500719
2014021001,2015,1.0,0,0.502638,0.459782,,0.442048,0.444179,0.443027,0.454241,0.454336,0.455499,0.442048
2014021002,2015,1.0,2,0.549328,0.534964,,0.554697,0.548819,0.553176,0.553333,0.553271,0.54676,0.554697
2014021003,2015,1.0,0,0.740961,0.769651,,0.764892,0.770067,0.765157,0.754748,0.754625,0.75247,0.764892
2014021004,2015,0.0,1,0.512123,0.524786,,0.530704,0.522174,0.532284,0.509314,0.509122,0.508511,0.530704
2014021005,2015,0.0,1,0.626748,0.548817,,0.580421,0.587931,0.582411,0.583283,0.583373,0.586347,0.580421
2014021006,2015,0.0,1,0.623516,0.636626,,0.638886,0.626979,0.63403,0.63454,0.634342,0.637174,0.638886
2014021007,2015,1.0,0,0.4772,0.527643,,0.460568,0.458761,0.460527,0.468124,0.468073,0.478159,0.460568
2014021008,2015,1.0,2,0.65475,0.63551,,0.655953,0.657321,0.654186,0.639784,0.639733,0.645625,0.655953
2014021009,2015,1.0,2,0.589467,0.555588,,0.563466,0.562191,0.56271,0.557742,0.557607,0.558156,0.563466
2014021010,2015,0.0,1,0.506245,0.461573,,0.476193,0.472295,0.475945,0.474667,0.47471,0.48395,0.476193
2014021011,2015,0.0,1,0.365019,0.353714,,0.335248,0.331309,0.333851,0.331035,0.330854,0.338386,0.335248
2014021012,2015,1.0,0,0.53938,0.501865,,0.504995,0.503393,0.506609,0.516031,0.515952,0.513516,0.504995
2014021013,2015,0.0,1,0.571168,0.57132,,0.572097,0.572765,0.57127,0.568877,0.568878,0.570557,0.572097
2014021014,2015,0.0,1,0.598831,0.577542,,0.576369,0.568438,0.576714,0.582869,0.582926,0.57607,0.576369
2014021015,2015,1.0,2,0.656237,0.66689,,0.653386,0.661639,0.653142,0.639164,0.638969,0.640113,0.653386
2014021016,2015,0.0,1,0.537195,0.545909,,0.539424,0.536093,0.539299,0.533944,0.533773,0.526666,0.539424
2014021017,2015,1.0,0,0.634034,0.588525,,0.615765,0.616253,0.616235,0.62624,0.626196,0.625704,0.615765
2014021018,2015,1.0,0,0.495671,0.478695,,0.461446,0.461414,0.462739,0.466004,0.465985,0.460604,0.461446
2014021019,2015,0.0,1,0.549806,0.55291,,0.528268,0.530711,0.527699,0.522905,0.522689,0.543953,0.528268
2014021020,2015,0.0,1,0.509002,0.467229,,0.474119,0.468987,0.471636,0.472731,0.472631,0.476244,0.474119
2014021021,2015,0.0,1,0.290559,0.237393,,0.242159,0.233815,0.24192,0.244294,0.243978,0.250303,0.242159
2014021022,2015,0.0,1,0.621971,0.631626,,0.580751,0.583713,0.582126,0.581354,0.58123,0.588782,0.580751
2014021023,2015,0.0,1,0.504599,0.553113,,0.515819,0.508604,0.513194,0.508677,0.50842,0.509534,0.515819
2014021024,2015,0.0,1,0.567838,0.604202,,0.582137,0.57988,0.584001,0.574332,0.574192,0.569795,0.582137
2014021025,2015,1.0,0,0.623401,0.604344,,0.605511,0.600836,0.605117,0.611831,0.611865,0.607642,0.605511
2014021026,2015,0.0,1,0.597705,0.590579,,0.568381,0.569594,0.568398,0.574064,0.574102,0.570029,0.568381
2014021027,2015,0.0,1,0.471314,0.50707,,0.464001,0.461149,0.463009,0.45774,0.457309,0.462068,0.464001
2014021028,2015,1.0,0,0.53413,0.530003,,0.531451,0.528618,0.529845,0.528848,0.528874,0.52624,0.531451
2014021029,2015,0.0,1,0.574491,0.594614,,0.553897,0.55608,0.555067,0.558545,0.558506,0.555868,0.553897
2014021030,2015,1.0,0,0.708551,0.714275,,0.686748,0.691019,0.689241,0.693367,0.693399,0.686945,0.686748
2014021031,2015,0.0,1,0.57507,0.552165,,0.544761,0.554132,0.547931,0.541566,0.54154,0.546939,0.544761
2014021032,2015,0.0,1,0.470012,0.51365,,0.448289,0.451984,0.44889,0.452519,0.452659,0.436174,0.448289
2014021033,2015,1.0,2,0.577102,0.595425,,0.568274,0.570452,0.568867,0.557109,0.557394,0.55581,0.568274
2014021034,2015,0.0,1,0.593956,0.566076,,0.573883,0.57897,0.573838,0.579104,0.579153,0.565298,0.573883
2014021035,2015,1.0,0,0.513132,0.524317,,0.501359,0.493148,0.498774,0.503897,0.503965,0.496884,0.501359
2014021036,2015,1.0,0,0.567566,0.569848,,0.550505,0.550427,0.549952,0.555452,0.55539,0.559871,0.550505
2014021037,2015,0.0,3,0.340297,0.285538,,0.278294,0.272384,0.279889,0.273031,0.272794,0.28249,0.278294
2014021038,2015,1.0,0,0.539259,0.610896,,0.55423,0.551015,0.553986,0.547367,0.547154,0.548858,0.55423
2014021039,2015,1.0,0,0.478493,0.476326,,0.463181,0.458362,0.463884,0.464358,0.464273,0.466282,0.463181
2014021040,2015,1.0,0,0.715853,0.742324,,0.720542,0.719509,0.719419,0.725708,0.725637,0.720462,0.720542
2014021041,2015,0.0,3,0.765811,0.819307,,0.804209,0.807078,0.803437,0.803612,0.803485,0.806495,0.804209
2014021042,2015,1.0,0,0.461584,0.430713,,0.420425,0.418589,0.421674,0.430861,0.431026,0.427856,0.420425
2014021043,2015,0.0,3,0.48421,0.509228,,0.495658,0.493027,0.496896,0.486224,0.485962,0.483139,0.495658
2014021044,2015,0.0,1,0.414937,0.521275,,0.449045,0.43738,0.44478,0.459335,0.458952,0.449701,0.449045
2014021045,2015,0.0,3,0.542398,0.553454,,0.531183,0.534454,0.531666,0.525006,0.524954,0.528682,0.531183
2014021046,2015,1.0,0,0.51893,0.551228,,0.534496,0.535916,0.534933,0.530821,0.530746,0.530104,0.534496
2014021047,2015,1.0,0,0.613317,0.617642,,0.612478,0.616573,0.615548,0.613214,0.613045,0.607597,0.612479
2014021048,2015,0.0,1,0.484009,0.440013,,0.469673,0.470241,0.470318,0.469411,0.469698,0.478663,0.469673
2014021049,2015,1.0,0,0.578594,0.552903,,0.547684,0.548799,0.547382,0.555304,0.555512,0.5504,0.547684
2014021050,2015,0.0,1,0.570238,0.562275,,0.523657,0.524497,0.523339,0.531452,0.531564,0.522286,0.523657
2014021051,2015,0.0,3,0.445213,0.441285,,0.434038,0.424805,0.432454,0.43945,0.439383,0.432799,0.434038
2014021052,2015,1.0,2,0.55258,0.526427,,0.535649,0.536741,0.5347,0.532377,0.532268,0.541983,0.535649
2014021053,2015,0.0,1,0.445881,0.453225,,0.397517,0.395356,0.397677,0.391352,0.391524,0.397311,0.397517
2014021054,2015,1.0,0,0.67252,0.578135,,0.612704,0.62206,0.613444,0.62048,0.620499,0.624255,0.612704
2014021055,2015,1.0,0,0.497949,0.50482,,0.471223,0.46959,0.47186,0.467705,0.467755,0.47413,0.471223
2014021056,2015,1.0,0,0.452141,0.48129,,0.460051,0.458221,0.459918,0.464637,0.464592,0.450703,0.460051
2014021057,2015,0.0,1,0.552374,0.532217,,0.541526,0.546341,0.542764,0.532524,0.532292,0.536781,0.541526
2014021058,2015,1.0,2,0.458843,0.459849,,0.464451,0.468187,0.465932,0.456563,0.456519,0.468401,0.464451
2014021059,2015,1.0,0,0.49419,0.555304,,0.482206,0.480534,0.481182,0.486027,0.485978,0.480237,0.482206
2014021060,2015,1.0,0,0.589206,0.521372,,0.539627,0.542597,0.539378,0.540723,0.540909,0.552357,0.539627
2014021061,2015,0.0,1,0.595996,0.59168,,0.601066,0.594454,0.599266,0.607821,0.608064,0.609148,0.601066
2014021062,2015,0.0,1,0.417266,0.479435,,0.416727,0.412376,0.416894,0.401212,0.401044,0.409874,0.416727
2014021063,2015,0.0,1,0.409208,0.38369,,0.374729,0.366491,0.373844,0.368126,0.367814,0.368073,0.374729
2014021064,2015,1.0,0,0.592483,0.617106,,0.560824,0.564752,0.561989,0.569676,0.569813,0.562569,0.560824
2014021065,2015,1.0,2,0.599138,0.681731,,0.62099,0.617016,0.617969,0.628242,0.628191,0.628157,0.62099
2014021066,2015,1.0,0,0.50441,0.510142,,0.497478,0.499648,0.499033,0.48774,0.487594,0.490726,0.497478
2014021067,2015,0.0,3,0.593406,0.55912,,0.54954,0.549746,0.549725,0.556789,0.556862,0.559084,0.54954
2014021068,2015,0.0,1,0.601863,0.655118,,0.588029,0.59062,0.587321,0.581349,0.581178,0.577084,0.588029
2014021069,2015,1.0,0,0.597932,0.517847,,0.537645,0.544223,0.538608,0.543157,0.543375,0.544652,0.537645
2014021070,2015,1.0,0,0.652278,0.683298,,0.65256,0.655123,0.654242,0.657355,0.657199,0.64981,0.65256
2014021071,2015,1.0,2,0.425059,0.468018,,0.435766,0.428442,0.43293,0.434301,0.434148,0.435623,0.435766
2014021072,2015,0.0,1,0.513342,0.423774,,0.44795,0.446921,0.449084,0.455399,0.455323,0.454951,0.44795
2014021073,2015,0.0,3,0.385778,0.441879,,0.436509,0.425649,0.43532,0.432418,0.432139,0.427426,0.436509
2014021074,2015,1.0,0,0.506745,0.513579,,0.511799,0.518073,0.512627,0.500649,0.500521,0.510286,0.511799
2014021075,2015,1.0,0,0.736191,0.806203,,0.778119,0.782618,0.777996,0.773398,0.773388,0.772256,0.778119
2014021076,2015,1.0,0,0.457674,0.485324,,0.457161,0.455966,0.456191,0.458762,0.45878,0.451848,0.457161
2014021077,2015,0.0,1,0.375654,0.375645,,0.343223,0.33665,0.342795,0.340088,0.340117,0.34647,0.343223
2014021078,2015,1.0,2,0.436766,0.473194,,0.451974,0.446717,0.450809,0.444578,0.444622,0.441139,0.451974
2014021079,2015,1.0,2,0.485967,0.51168,,0.478688,0.479401,0.479758,0.480431,0.480219,0.479617,0.478688
2014021080,2015,1.0,0,0.562454,0.579444,,0.553712,0.552692,0.552911,0.550707,0.550748,0.557325,0.553712
2014021081,2015,1.0,0,0.589023,0.553492,,0.52924,0.534862,0.531662,0.534938,0.534893,0.530062,0.52924
2014021082,2015,0.0,1,0.407484,0.427852,,0.391267,0.388904,0.390797,0.377063,0.376977,0.371819,0.391267
2014021083,2015,0.0,1,0.471311,0.412456,,0.444689,0.444874,0.445049,0.453602,0.453521,0.451808,0.444689
2014021084,2015,0.0,1,0.40371,0.437909,,0.416415,0.409022,0.416262,0.418411,0.418343,0.415052,0.416415
2014021085,2015,0.0,1,0.40995,0.419347,,0.375171,0.374451,0.375541,0.366669,0.366632,0.37344,0.375171
2014021086,2015,1.0,0,0.548757,0.552789,,0.506635,0.509549,0.507605,0.503842,0.503948,0.504767,0.506635
2014021087,2015,1.0,0,0.716876,0.795251,,0.772515,0.776443,0.7703,0.770503,0.770492,0.760957,0.772515
2014021088,2015,1.0,0,0.552728,0.58931,,0.515009,0.51638,0.517735,0.523161,0.523106,0.525596,0.515009
2014021089,2015,0.0,1,0.399371,0.459019,,0.389641,0.385303,0.390719,0.384077,0.383939,0.390378,0.389641
2014021090,2015,0.0,3,0.517687,0.560995,,0.534445,0.532458,0.532556,0.530355,0.530338,0.529822,0.534445
2014021091,2015,0.0,1,0.607478,0.558136,,0.555405,0.56096,0.556811,0.561508,0.561367,0.562553,0.555405
2014021092,2015,0.0,3,0.520993,0.563707,,0.511917,0.517867,0.51506,0.513193,0.512955,0.513122,0.511917
2014021093,2015,1.0,0,0.467576,0.438101,,0.434164,0.432904,0.436998,0.436893,0.436829,0.430973,0.434164
2014021094,2015,0.0,3,0.698037,0.712906,,0.693011,0.694875,0.693408,0.697904,0.697587,0.698619,0.693012
2014021095,2015,1.0,0,0.677591,0.64408,,0.650034,0.656268,0.651697,0.65375,0.653614,0.665198,0.650034
2014021096,2015,1.0,2,0.506809,0.608997,,0.532165,0.52741,0.532564,0.524038,0.523764,0.522239,0.532165
2014021097,2015,1.0,0,0.549846,0.574947,,0.533571,0.533431,0.535068,0.530214,0.530286,0.538067,0.533571
2014021098,2015,1.0,0,0.429397,0.461644,,0.421539,0.417477,0.421998,0.422768,0.422634,0.423755,0.421539
2014021099,2015,1.0,0,0.396248,0.517881,,0.412765,0.408143,0.412973,0.409568,0.409286,0.40838,0.412765
2014021100,2015,0.0,3,0.560062,0.474487,,0.494797,0.492981,0.497832,0.499461,0.499622,0.510414,0.494797
2014021101,2015,0.0,3,0.548542,0.553037,,0.52951,0.529184,0.530949,0.531357,0.531211,0.521226,0.52951
2014021102,2015,0.0,3,0.504514,0.4408,,0.460602,0.457271,0.462507,0.461745,0.461548,0.466663,0.460602
2014021103,2015,0.0,1,0.507129,0.499564,,0.503205,0.501941,0.503313,0.497594,0.497401,0.495756,0.503205
2014021104,2015,1.0,2,0.624492,0.669716,,0.624366,0.620744,0.621825,0.621352,0.621203,0.619037,0.624366
2014021105,2015,1.0,0,0.433923,0.503094,,0.466202,0.454311,0.465083,0.466748,0.466669,0.467682,0.466202
2014021106,2015,0.0,1,0.519222,0.480521,,0.474779,0.47615,0.476147,0.469865,0.469896,0.470596,0.474779
2014021107,2015,0.0,1,0.470783,0.523016,,0.479845,0.479458,0.479588,0.473584,0.473588,0.472912,0.479845
2014021108,2015,0.0,1,0.550608,0.551088,,0.518094,0.519498,0.51889,0.517003,0.516887,0.521804,0.518094
2014021109,2015,0.0,1,0.586921,0.562117,,0.55887,0.560632,0.559003,0.5658,0.565754,0.572978,0.558869
2014021110,2015,1.0,0,0.484048,0.554051,,0.517889,0.512999,0.517194,0.512964,0.51267,0.506643,0.517889
2014021111,2015,0.0,1,0.564694,0.62482,,0.576375,0.570376,0.57502,0.57749,0.577448,0.563825,0.576375
2014021112,2015,1.0,0,0.590944,0.619204,,0.608848,0.606006,0.607739,0.600263,0.600006,0.597165,0.608848
2014021113,2015,0.0,1,0.64328,0.66708,,0.646072,0.642777,0.643628,0.644513,0.644234,0.643699,0.646072
2014021114,2015,1.0,0,0.398628,0.390675,,0.387713,0.379674,0.388705,0.384427,0.384523,0.39435,0.387713
2014021115,2015,0.0,1,0.552577,0.544426,,0.553233,0.542021,0.55033,0.562374,0.562319,0.550177,0.553233
2014021116,2015,1.0,0,0.487768,0.532887,,0.500888,0.494264,0.499217,0.489637,0.489417,0.489283,0.500888
2014021117,2015,0.0,1,0.504991,0.497283,,0.475968,0.471811,0.476668,0.484985,0.484972,0.481622,0.475968
2014021118,2015,0.0,3,0.499682,0.503563,,0.443858,0.443338,0.444276,0.455939,0.455993,0.448479,0.443858
2014021119,2015,1.0,0,0.707481,0.722525,,0.718865,0.721613,0.719205,0.717052,0.716782,0.722345,0.718865
2014021120,2015,1.0,0,0.490698,0.53151,,0.497043,0.496184,0.496612,0.481351,0.481119,0.486648,0.497043
2014021121,2015,1.0,2,0.430171,0.42695,,0.417787,0.412933,0.416554,0.404688,0.404616,0.415175,0.417787
2014021122,2015,1.0,2,0.670039,0.585333,,0.621211,0.629538,0.623695,0.62877,0.62879,0.63162,0.621211
2014021123,2015,1.0,0,0.525198,0.60419,,0.569669,0.562287,0.567702,0.568893,0.568625,0.558367,0.569669
2014021124,2015,0.0,1,0.639675,0.681665,,0.639504,0.632584,0.635722,0.652192,0.652279,0.653302,0.639504
2014021125,2015,1.0,0,0.546629,0.505526,,0.53183,0.531514,0.532683,0.528037,0.527805,0.524052,0.53183
2014021126,2015,1.0,0,0.726125,0.750687,,0.741898,0.744921,0.741429,0.738007,0.738123,0.738,0.741898
2014021127,2015,0.0,3,0.56149,0.523786,,0.525336,0.516557,0.526216,0.52478,0.524903,0.531694,0.525336
2014021128,2015,0.0,1,0.615076,0.584397,,0.563815,0.571742,0.566626,0.574622,0.5745,0.579334,0.563815
2014021129,2015,0.0,1,0.623178,0.599506,,0.599234,0.604149,0.602876,0.590904,0.590863,0.598595,0.599234
2014021130,2015,1.0,0,0.540693,0.527531,,0.534347,0.533083,0.533745,0.538591,0.538636,0.531962,0.534348
2014021131,2015,0.0,3,0.438291,0.492515,,0.459282,0.446593,0.456336,0.450583,0.450523,0.455279,0.459282
2014021132,2015,0.0,1,0.585228,0.62437,,0.562787,0.563877,0.561531,0.5536,0.553055,0.565986,0.562787
2014021133,2015,0.0,1,0.447886,0.413984,,0.405369,0.402451,0.406044,0.418228,0.418385,0.41108,0.405369
2014021134,2015,1.0,2,0.56699,0.593649,,0.548668,0.553536,0.548522,0.543967,0.544056,0.540361,0.548668
2014021135,2015,0.0,1,0.494848,0.503515,,0.495659,0.498791,0.496791,0.498915,0.499124,0.495019,0.495659
2014021136,2015,0.0,1,0.556723,0.504002,,0.54022,0.538301,0.538589,0.539453,0.539507,0.538341,0.54022
2014021137,2015,0.0,1,0.615906,0.615349,,0.61466,0.612722,0.610901,0.607942,0.607884,0.607377,0.61466
2014021138,2015,1.0,0,0.567313,0.526607,,0.548962,0.547958,0.547374,0.542026,0.541655,0.551443,0.548962
2014021139,2015,0.0,1,0.538502,0.631377,,0.536997,0.534896,0.535301,0.544594,0.544479,0.533042,0.536997
2014021140,2015,0.0,1,0.689306,0.617467,,0.649604,0.652895,0.64927,0.64445,0.644401,0.644772,0.649604
2014021141,2015,0.0,1,0.601613,0.650263,,0.621127,0.622233,0.619835,0.611211,0.611133,0.616689,0.621127
2014021142,2015,1.0,0,0.655231,0.618065,,0.630208,0.633628,0.632659,0.636042,0.635837,0.633979,0.630208
2014021143,2015,1.0,0,0.653869,0.597591,,0.601105,0.602639,0.603358,0.605433,0.605422,0.603654,0.601105
2014021144,2015,1.0,2,0.590122,0.579869,,0.580544,0.583483,0.581219,0.569219,0.569037,0.571114,0.580544
2014021145,2015,1.0,0,0.38494,0.417128,,0.394549,0.38681,0.39284,0.387046,0.386995,0.387685,0.394549
2014021146,2015,0.0,3,0.55656,0.569075,,0.553718,0.55839,0.554138,0.53868,0.538379,0.545332,0.553718
2014021147,2015,0.0,3,0.570742,0.592044,,0.58861,0.591606,0.588007,0.576037,0.575873,0.583328,0.58861
2014021148,2015,0.0,1,0.463215,0.505068,,0.492313,0.486999,0.490289,0.484274,0.484282,0.480617,0.492313
2014021149,2015,1.0,0,0.465228,0.423012,,0.411725,0.410316,0.412662,0.422181,0.421988,0.419403,0.411725
2014021150,2015,0.0,1,0.623962,0.637094,,0.617927,0.626244,0.619024,0.606169,0.605975,0.607117,0.617927
2014021151,2015,1.0,0,0.72307,0.729241,,0.709572,0.717624,0.710637,0.694549,0.694141,0.705672,0.709572
2014021152,2015,1.0,0,0.567358,0.641332,,0.58854,0.58973,0.589836,0.581417,0.581126,0.582663,0.58854
2014021153,2015,1.0,2,0.536843,0.469196,,0.48865,0.493929,0.49139,0.49244,0.492494,0.492347,0.48865
2014021154,2015,0.0,3,0.564536,0.526759,,0.523065,0.533263,0.522962,0.515464,0.515431,0.52865,0.523065
2014021155,2015,1.0,2,0.499819,0.514993,,0.505471,0.497787,0.503423,0.500813,0.500766,0.497196,0.505471
2014021156,2015,0.0,1,0.504371,0.508757,,0.481875,0.484718,0.481794,0.472659,0.47259,0.481203,0.481875
2014021157,2015,1.0,0,0.558641,0.528021,,0.510028,0.514426,0.511136,0.511645,0.511694,0.513886,0.510028
2014021158,2015,1.0,0,0.596774,0.659811,,0.581942,0.576923,0.579112,0.582348,0.582063,0.583852,0.581942
2014021159,2015,0.0,1,0.511578,0.535189,,0.524057,0.520479,0.523867,0.516846,0.516737,0.514953,0.524057
2014021160,2015,1.0,0,0.607353,0.636394,,0.613548,0.613025,0.613015,0.60253,0.602165,0.609415,0.613548
2014021161,2015,1.0,0,0.716161,0.73976,,0.720091,0.724733,0.721237,0.714571,0.714346,0.711656,0.720091
2014021162,2015,0.0,1,0.305212,0.27884,,0.252204,0.251999,0.253062,0.259819,0.259672,0.255295,0.252204
2014021163,2015,1.0,2,0.441542,0.480691,,0.425245,0.421252,0.427776,0.429383,0.429348,0.42886,0.425245
2014021164,2015,0.0,1,0.475931,0.541716,,0.473889,0.476086,0.475267,0.477644,0.477797,0.468626,0.473889
2014021165,2015,0.0,1,0.616008,0.680185,,0.633213,0.633525,0.634848,0.616551,0.616257,0.62093,0.633213
2014021166,2015,1.0,0,0.705024,0.716815,,0.733873,0.732624,0.733651,0.740582,0.740294,0.736823,0.733873
2014021167,2015,1.0,2,0.503719,0.555445,,0.544442,0.540341,0.542072,0.52785,0.527706,0.523152,0.544442
2014021168,2015,1.0,0,0.514895,0.485496,,0.502889,0.498757,0.503762,0.50065,0.500845,0.505359,0.502889
2014021169,2015,1.0,0,0.543295,0.590457,,0.560517,0.562973,0.560805,0.551837,0.551631,0.554491,0.560517
2014021170,2015,1.0,2,0.696046,0.680854,,0.681748,0.682938,0.680938,0.691339,0.691061,0.683457,0.681748
2014021171,2015,1.0,2,0.511987,0.549832,,0.489544,0.490205,0.488304,0.489851,0.489578,0.49675,0.489544
2014021172,2015,0.0,1,0.441348,0.461517,,0.46076,0.450847,0.457287,0.456066,0.456066,0.452712,0.46076
2014021173,2015,1.0,0,0.719139,0.755107,,0.759143,0.758804,0.758706,0.740217,0.740153,0.740291,0.759143
2014021174,2015,1.0,0,0.689274,0.686652,,0.68123,0.68248,0.680946,0.672176,0.672101,0.673114,0.68123
2014021175,2015,0.0,3,0.599584,0.529828,,0.545308,0.549775,0.550691,0.554637,0.554836,0.547605,0.545308
2014021176,2015,0.0,3,0.588667,0.586889,,0.582002,0.581001,0.580377,0.581309,0.581258,0.575651,0.582002
2014021177,2015,1.0,0,0.380051,0.348687,,0.321515,0.317991,0.321718,0.318968,0.319009,0.322942,0.321515
2014021178,2015,0.0,1,0.400884,0.483031,,0.420067,0.408002,0.418694,0.409875,0.409606,0.408267,0.420067
2014021179,2015,1.0,0,0.599474,0.696434,,0.623533,0.619505,0.623743,0.625145,0.624947,0.62415,0.623533
2014021180,2015,0.0,1,0.512237,0.549959,,0.494414,0.498643,0.491372,0.48866,0.48848,0.495848,0.494414
2014021181,2015,0.0,1,0.437346,0.498867,,0.44092,0.432869,0.439437,0.445607,0.445363,0.441985,0.44092
2014021182,2015,1.0,2,0.435032,0.419433,,0.418564,0.415464,0.416318,0.415511,0.415404,0.418812,0.418564
2014021183,2015,1.0,0,0.491312,0.485498,,0.467791,0.46585,0.470535,0.47666,0.47665,0.468346,0.467791
2014021184,2015,0.0,1,0.556094,0.561763,,0.551945,0.547574,0.551265,0.553492,0.55329,0.555859,0.551945
2014021185,2015,1.0,0,0.439718,0.375836,,0.353835,0.357131,0.355661,0.356117,0.356053,0.358111,0.353835
2014021186,2015,1.0,2,0.649556,0.622928,,0.61739,0.618953,0.617671,0.622462,0.622294,0.619469,0.61739
2014021187,2015,0.0,1,0.593685,0.540451,,0.569416,0.569838,0.571574,0.56499,0.56491,0.565635,0.569416
2014021188,2015,1.0,2,0.504761,0.456023,,0.454368,0.457964,0.455634,0.458544,0.45852,0.464894,0.454368
2014021189,2015,0.0,1,0.576309,0.573246,,0.553205,0.552403,0.553143,0.557752,0.557612,0.562187,0.553205
2014021190,2015,0.0,1,0.392228,0.446634,,0.3985,0.394187,0.39866,0.400793,0.400748,0.397344,0.3985
2014021191,2015,1.0,0,0.517192,0.473324,,0.454854,0.453998,0.456602,0.46589,0.465765,0.464514,0.454854
2014021192,2015,1.0,2,0.539787,0.539371,,0.506745,0.498969,0.506742,0.512362,0.512465,0.508117,0.506745
2014021193,2015,1.0,0,0.628795,0.614707,,0.59058,0.600499,0.59287,0.604461,0.604503,0.596715,0.59058
2014021195,2015,0.0,1,0.611928,0.60374,,0.588073,0.588588,0.589598,0.584107,0.584103,0.592432,0.588073
2014021196,2015,0.0,1,0.579535,0.61647,,0.564701,0.564108,0.563892,0.564923,0.564818,0.572909,0.564701
2014021197,2015,1.0,0,0.521616,0.416022,,0.451398,0.449863,0.451542,0.458735,0.458649,0.457882,0.451398
2014021198,2015,1.0,0,0.696779,0.640749,,0.701589,0.703519,0.702218,0.703194,0.703331,0.703018,0.701589
2014021199,2015,1.0,0,0.358337,0.36699,,0.316161,0.317489,0.317277,0.318367,0.31837,0.316184,0.316161
2014021200,2015,1.0,0,0.643333,0.63874,,0.619828,0.625827,0.621772,0.617221,0.617249,0.621828,0.619828
2014021201,2015,1.0,0,0.541437,0.511576,,0.52081,0.51992,0.52239,0.514909,0.514949,0.515671,0.52081
2014021202,2015,0.0,1,0.603241,0.591453,,0.570379,0.56987,0.56914,0.565482,0.565478,0.579748,0.570379
2014021203,2015,0.0,1,0.643313,0.582162,,0.596533,0.605215,0.598568,0.596871,0.596705,0.601109,0.596533
2014021204,2015,0.0,1,0.604074,0.519051,,0.507287,0.518363,0.510175,0.526399,0.526286,0.527783,0.507287
2014021205,2015,1.0,2,0.60033,0.543099,,0.536953,0.543627,0.538693,0.537337,0.53743,0.545307,0.536953
2014021206,2015,1.0,2,0.662624,0.702786,,0.67801,0.681703,0.678315,0.67785,0.677742,0.679043,0.67801
2014021207,2015,1.0,0,0.432926,0.488698,,0.434136,0.428633,0.433292,0.427317,0.4275,0.427458,0.434136
2014021208,2015,1.0,0,0.550768,0.531391,,0.514162,0.51647,0.513971,0.510767,0.510628,0.513129,0.514162
2014021209,2015,0.0,1,0.523424,0.608136,,0.554407,0.554198,0.554018,0.544212,0.544124,0.542399,0.554407
2014021210,2015,1.0,2,0.532927,0.451409,,0.480883,0.480613,0.481392,0.473957,0.473923,0.489937,0.480883
2014021211,2015,1.0,0,0.524032,0.435691,,0.482246,0.48725,0.48167,0.480891,0.4811,0.48864,0.482246
2014021212,2015,0.0,1,0.401802,0.379474,,0.387531,0.38191,0.386118,0.379154,0.379193,0.385185,0.387531
2014021213,2015,1.0,0,0.693742,0.698464,,0.708933,0.706217,0.708265,0.705728,0.70562,0.708745,0.708933
2014021214,2015,0.0,1,0.563848,0.562086,,0.534972,0.540269,0.534489,0.538151,0.537905,0.535567,0.534972
2014021215,2015,1.0,0,0.718804,0.720282,,0.7441,0.747164,0.744562,0.737291,0.737289,0.738791,0.7441
2014021216,2015,0.0,1,0.50017,0.462899,,0.474764,0.475731,0.477012,0.474531,0.474418,0.478053,0.474764
2014021217,2015,0.0,1,0.50316,0.516617,,0.514375,0.505903,0.514054,0.519678,0.519898,0.51796,0.514375
2014021218,2015,1.0,0,0.541112,0.631412,,0.605904,0.605165,0.60496,0.59624,0.595917,0.598882,0.605904
2014021219,2015,1.0,0,0.575018,0.55709,,0.570213,0.563893,0.569884,0.567685,0.567681,0.557806,0.570213
2014021220,2015,0.0,1,0.358813,0.300545,,0.294391,0.284605,0.295428,0.291487,0.291498,0.296116,0.294391
2014021221,2015,0.0,3,0.387649,0.440019,,0.40361,0.392475,0.400484,0.388452,0.388214,0.389404,0.40361
2014021222,2015,1.0,0,0.549535,0.601682,,0.580767,0.578148,0.57983,0.566818,0.56672,0.57035,0.580767
2014021223,2015,0.0,3,0.553521,0.565524,,0.556611,0.558025,0.555865,0.54942,0.549339,0.544616,0.556611
2014021224,2015,0.0,1,0.472981,0.51638,,0.517129,0.50261,0.514258,0.51332,0.513257,0.506447,0.517129
2014021225,2015,1.0,2,0.566013,0.556725,,0.529132,0.531704,0.529294,0.524456,0.524382,0.526542,0.529132
2014021226,2015,1.0,0,0.570837,0.591468,,0.550603,0.551656,0.549723,0.544554,0.544386,0.550102,0.550603
2014021227,2015,1.0,0,0.542993,0.549162,,0.527038,0.527825,0.528387,0.538068,0.537935,0.511159,0.527038
2014021228,2015,1.0,0,0.48308,0.400716,,0.475467,0.473658,0.474939,0.468317,0.468213,0.464232,0.475467
2014021229,2015,0.0,1,0.360197,0.343373,,0.319119,0.315212,0.318535,0.324802,0.324618,0.321864,0.319119
2014021230,2015,1.0,2,0.697169,0.687088,,0.686938,0.686404,0.686743,0.686504,0.686468,0.68271,0.686938
2015020001,2016,0.0,1,0.436859,0.446087,0.415734,0.394485,0.395815,0.394462,0.402211,0.401756,0.391061,0.404696
2015020002,2016,0.0,1,0.539498,0.561987,0.527867,0.520023,0.52305,0.521219,0.52094,0.521138,0.516129,0.532102
2015020003,2016,0.0,1,0.551639,0.540671,0.558847,0.516767,0.522039,0.51893,0.498799,0.498746,0.532353,0.520426
2015020004,2016,0.0,1,0.574421,0.593627,0.565578,0.572957,0.573925,0.570672,0.56439,0.564546,0.570193,0.57918
2015020005,2016,0.0,1,0.577818,0.58108,0.581721,0.563114,0.570693,0.565286,0.548602,0.548255,0.548558,0.567141
2015020006,2016,0.0,1,0.40404,0.356804,0.348846,0.33248,0.328708,0.334769,0.336708,0.336492,0.332401,0.328704
2015020007,2016,1.0,2,0.621787,0.619863,0.634235,0.628703,0.632313,0.626642,0.639043,0.639028,0.627371,0.625279
2015020008,2016,1.0,0,0.689117,0.693778,0.696672,0.717987,0.71303,0.716261,0.710517,0.710256,0.718909,0.71258
2015020009,2016,1.0,0,0.611834,0.583821,0.609703,0.626107,0.628991,0.625459,0.634199,0.634112,0.630271,0.609423
2015020010,2016,1.0,0,0.553624,0.556728,0.555192,0.53044,0.531258,0.530642,0.53483,0.53458,0.536789,0.536222
2015020011,2016,0.0,1,0.521278,0.482573,0.462532,0.472445,0.468957,0.46828,0.481583,0.481447,0.489363,0.468102
2015020012,2016,0.0,1,0.495814,0.532657,0.473658,0.423891,0.431354,0.424858,0.429103,0.429294,0.434321,0.456794
2015020013,2016,0.0,1,0.479208,0.527558,0.479242,0.492637,0.495587,0.492228,0.482347,0.482441,0.487494,0.502489
2015020014,2016,1.0,0,0.632139,0.700539,0.662282,0.607523,0.605651,0.608505,0.624677,0.624504,0.624188,0.644988
2015020015,2016,0.0,3,0.495025,0.541708,0.551148,0.458448,0.46022,0.457691,0.450849,0.450573,0.468823,0.484248
2015020016,2016,0.0,1,0.671058,0.68086,0.724147,0.755758,0.754377,0.758104,0.749622,0.749746,0.742861,0.734959
2015020017,2016,0.0,1,0.367215,0.351673,0.331709,0.335876,0.338406,0.338731,0.316559,0.316625,0.327011,0.33077
2015020018,2016,0.0,1,0.529735,0.570921,0.569319,0.514367,0.510619,0.511553,0.508511,0.508172,0.517501,0.532514
2015020019,2016,0.0,3,0.446443,0.427411,0.389396,0.418819,0.419678,0.42144,0.403292,0.402865,0.409098,0.413196
2015020020,2016,1.0,0,0.536353,0.611608,0.541154,0.519325,0.519432,0.514395,0.526839,0.526852,0.520141,0.552682
2015020021,2016,1.0,0,0.627684,0.61128,0.607811,0.568108,0.570054,0.569699,0.587369,0.587161,0.592389,0.580427
2015020022,2016,1.0,0,0.629296,0.683263,0.641143,0.670901,0.657782,0.667657,0.691527,0.691852,0.673363,0.679434
2015020023,2016,0.0,1,0.482661,0.522009,0.475501,0.497044,0.494845,0.495446,0.488811,0.489004,0.496432,0.503011
2015020024,2016,1.0,0,0.659848,0.688042,0.68092,0.695958,0.699195,0.694413,0.689553,0.689594,0.69123,0.696738
2015020025,2016,1.0,0,0.535354,0.544713,0.531276,0.525663,0.53374,0.535696,0.531632,0.531749,0.524498,0.528988
2015020026,2016,1.0,0,0.609811,0.587654,0.548323,0.546389,0.546002,0.545977,0.579817,0.579711,0.557369,0.556849
2015020027,2016,1.0,0,0.534708,0.434505,0.462425,0.474943,0.471993,0.4736,0.472708,0.473083,0.484224,0.44932
2015020028,2016,0.0,3,0.564147,0.578812,0.522066,0.523175,0.51998,0.520504,0.541409,0.541292,0.523225,0.539939
2015020029,2016,1.0,0,0.452646,0.391439,0.371962,0.347469,0.342868,0.348193,0.341717,0.341339,0.343223,0.350136
2015020030,2016,1.0,0,0.51421,0.501794,0.544124,0.562901,0.556234,0.56447,0.554424,0.554929,0.550109,0.537853
2015020031,2016,0.0,1,0.525158,0.545094,0.551834,0.490022,0.4834,0.484672,0.477851,0.477854,0.492653,0.50553
2015020032,2016,0.0,1,0.511782,0.527548,0.509177,0.483429,0.479186,0.485588,0.482372,0.482326,0.488192,0.494516
2015020033,2016,1.0,0,0.531977,0.533141,0.552753,0.511249,0.513793,0.515979,0.476053,0.475845,0.495376,0.514622
2015020034,2016,1.0,0,0.414967,0.397758,0.391212,0.347092,0.351843,0.348388,0.355708,0.355784,0.353339,0.354208
2015020035,2016,1.0,0,0.548762,0.54343,0.538314,0.537422,0.531542,0.533981,0.524318,0.52422,0.531214,0.535722
2015020036,2016,0.0,3,0.585864,0.601013,0.616558,0.582151,0.594807,0.58403,0.570581,0.570599,0.567718,0.587854
2015020037,2016,0.0,1,0.484395,0.46802,0.423613,0.41016,0.408343,0.412005,0.381218,0.381326,0.403582,0.421769
2015020038,2016,0.0,1,0.622793,0.599088,0.598894,0.596024,0.596204,0.598583,0.607479,0.607606,0.600592,0.59448
2015020039,2016,0.0,1,0.49523,0.540015,0.521564,0.498025,0.49365,0.497154,0.4897,0.489466,0.498549,0.510437
2015020040,2016,0.0,1,0.567678,0.523905,0.521119,0.483248,0.48907,0.487687,0.4809,0.48108,0.49205,0.489921
2015020041,2016,0.0,1,0.526151,0.599538,0.560743,0.564183,0.562674,0.560823,0.577278,0.577491,0.559632,0.578238
2015020042,2016,1.0,0,0.50209,0.515437,0.487797,0.516167,0.50259,0.513982,0.537249,0.537358,0.528188,0.512252
2015020043,2016,1.0,0,0.661408,0.697955,0.691819,0.710297,0.709271,0.709111,0.732104,0.732061,0.715924,0.71037
2015020044,2016,0.0,1,0.505653,0.491844,0.487482,0.470862,0.474373,0.473107,0.452391,0.452461,0.479611,0.471649
2015020045,2016,0.0,1,0.551116,0.65722,0.617,0.635821,0.639951,0.637063,0.624787,0.625197,0.611067,0.64902
2015020046,2016,0.0,1,0.52409,0.511695,0.49387,0.550465,0.550186,0.549206,0.543741,0.544122,0.53218,0.532879
2015020047,2016,1.0,0,0.451491,0.443727,0.461887,0.472377,0.469122,0.469201,0.465885,0.465915,0.469988,0.455768
2015020048,2016,0.0,1,0.544228,0.497169,0.510948,0.55804,0.553742,0.557431,0.559099,0.559529,0.556915,0.531049
2015020049,2016,0.0,1,0.677967,0.667783,0.70867,0.680222,0.68611,0.681543,0.668079,0.668116,0.678125,0.676915
2015020050,2016,1.0,0,0.533141,0.558075,0.533367,0.494322,0.488095,0.495988,0.4714,0.471239,0.496912,0.513412
2015020051,2016,1.0,0,0.520153,0.56965,0.529377,0.570592,0.577741,0.572382,0.572819,0.572666,0.564553,0.570513
2015020052,2016,1.0,0,0.517475,0.527629,0.523721,0.549832,0.549356,0.54827,0.545605,0.54582,0.550912,0.539319
2015020053,2016,1.0,0,0.528085,0.548096,0.5115,0.540176,0.547073,0.542669,0.55342,0.553365,0.543404,0.540604
2015020054,2016,0.0,1,0.593795,0.53572,0.562767,0.552024,0.552521,0.551494,0.560657,0.560856,0.5595,0.540065
2015020055,2016,1.0,0,0.649729,0.668626,0.651798,0.651517,0.645798,0.651897,0.679491,0.679127,0.669019,0.659336
2015020056,2016,0.0,1,0.391542,0.384682,0.365689,0.334793,0.333915,0.335573,0.344471,0.343985,0.337921,0.341833
2015020057,2016,0.0,1,0.429831,0.401464,0.364991,0.319562,0.326841,0.323342,0.319003,0.318169,0.328606,0.335922
2015020058,2016,0.0,3,0.465919,0.448513,0.40294,0.413397,0.419552,0.414608,0.398992,0.399067,0.414042,0.417067
2015020059,2016,0.0,1,0.61882,0.586592,0.639797,0.6256,0.621927,0.624784,0.620704,0.620496,0.620406,0.609819
2015020060,2016,0.0,1,0.63172,0.557583,0.605353,0.620561,0.617915,0.620945,0.626251,0.626281,0.625199,0.593968
2015020061,2016,1.0,0,0.569304,0.581074,0.582035,0.616208,0.614059,0.612562,0.643374,0.643676,0.612404,0.603725
2015020062,2016,0.0,1,0.516576,0.503586,0.447406,0.471295,0.462926,0.471309,0.495323,0.495221,0.486756,0.476178
2015020063,2016,0.0,1,0.584539,0.629705,0.615342,0.601286,0.606439,0.601893,0.600226,0.600363,0.592745,0.612761
2015020064,2016,1.0,2,0.51765,0.618007,0.532337,0.545492,0.547867,0.553959,0.548432,0.548836,0.541106,0.573924
2015020065,2016,1.0,0,0.598475,0.596811,0.56399,0.624018,0.623981,0.621722,0.625988,0.626406,0.609489,0.61393
2015020066,2016,0.0,3,0.554883,0.521736,0.517086,0.491128,0.483298,0.488875,0.502346,0.502414,0.515518,0.49506
2015020067,2016,1.0,0,0.720817,0.732738,0.733916,0.74579,0.738503,0.74354,0.752857,0.752432,0.745766,0.745433
2015020068,2016,0.0,1,0.504636,0.489084,0.474296,0.449261,0.449302,0.45439,0.435187,0.435595,0.450473,0.455906
2015020069,2016,1.0,0,0.625922,0.653078,0.652666,0.653942,0.651914,0.656405,0.659737,0.65973,0.654268,0.655777
2015020070,2016,1.0,0,0.63991,0.573146,0.59684,0.619081,0.615592,0.62207,0.608071,0.608211,0.606135,0.598757
2015020071,2016,1.0,0,0.5238,0.540708,0.525993,0.55169,0.561254,0.553681,0.542917,0.54273,0.558437,0.54561
2015020072,2016,1.0,0,0.626036,0.639054,0.613298,0.592853,0.59849,0.599627,0.611924,0.612132,0.601244,0.608864
2015020073,2016,0.0,1,0.654535,0.635561,0.649929,0.643578,0.64981,0.645955,0.642091,0.642114,0.659433,0.640081
2015020074,2016,0.0,1,0.445966,0.423687,0.377512,0.396749,0.402896,0.396621,0.395858,0.395671,0.390009,0.396776
2015020075,2016,0.0,3,0.67459,0.661966,0.653796,0.658027,0.652083,0.656674,0.674573,0.674344,0.66253,0.659645
2015020076,2016,0.0,1,0.516268,0.531446,0.473791,0.520914,0.514128,0.516839,0.546327,0.546248,0.531694,0.521308
2015020077,2016,1.0,0,0.538176,0.583631,0.526905,0.505511,0.521142,0.508489,0.514809,0.514647,0.509882,0.531412
2015020078,2016,0.0,3,0.666393,0.664241,0.632449,0.687815,0.680276,0.68898,0.699521,0.699704,0.688179,0.681286
2015020079,2016,1.0,0,0.555891,0.69116,0.627283,0.611843,0.608468,0.609943,0.617903,0.617894,0.603781,0.647466
2015020080,2016,1.0,0,0.592529,0.568896,0.541703,0.536006,0.540278,0.536283,0.537397,0.536906,0.550274,0.54295
2015020081,2016,1.0,2,0.58458,0.565937,0.594515,0.566429,0.567782,0.566364,0.560345,0.560728,0.575355,0.562777
2015020082,2016,0.0,1,0.502029,0.503656,0.458672,0.46351,0.461206,0.46874,0.44604,0.446289,0.451988,0.471685
2015020083,2016,1.0,2,0.583187,0.592594,0.593288,0.596565,0.599705,0.597548,0.595454,0.595095,0.59372,0.594284
2015020084,2016,0.0,1,0.512675,0.486696,0.451271,0.464545,0.458183,0.457867,0.458024,0.457715,0.460649,0.464887
2015020085,2016,1.0,0,0.5546,0.571205,0.512261,0.5627,0.565758,0.563567,0.577618,0.577589,0.563113,0.564005
2015020086,2016,1.0,2,0.516595,0.527505,0.520051,0.498726,0.501381,0.500452,0.50791,0.507585,0.49943,0.504622
2015020087,2016,0.0,1,0.499856,0.482581,0.454529,0.422036,0.420665,0.418805,0.419356,0.419133,0.445635,0.43496
2015020088,2016,1.0,2,0.494543,0.482353,0.483508,0.48104,0.481301,0.482093,0.472422,0.472518,0.478767,0.475243
2015020089,2016,0.0,3,0.599967,0.640467,0.603372,0.609209,0.612608,0.607186,0.619609,0.61957,0.612227,0.621784
2015020090,2016,1.0,0,0.441599,0.439034,0.434504,0.384337,0.381523,0.380795,0.378163,0.378245,0.386248,0.394689
2015020091,2016,0.0,3,0.614271,0.474276,0.541997,0.56499,0.560334,0.565911,0.565429,0.565678,0.577873,0.522645
2015020092,2016,1.0,0,0.704029,0.690913,0.714316,0.703014,0.697595,0.70119,0.718786,0.718878,0.717054,0.700424
2015020093,2016,0.0,1,0.52804,0.525736,0.515628,0.515925,0.514807,0.518406,0.51588,0.515854,0.511069,0.514952
2015020094,2016,0.0,3,0.617878,0.657182,0.625853,0.61296,0.605935,0.611753,0.629316,0.629292,0.619432,0.630416
2015020095,2016,1.0,0,0.541726,0.531851,0.558677,0.540512,0.539964,0.541226,0.536652,0.536771,0.532502,0.533432
2015020096,2016,1.0,0,0.615103,0.614037,0.610033,0.611625,0.607666,0.611894,0.615164,0.615358,0.617392,0.61164
2015020097,2016,1.0,0,0.640176,0.66158,0.61976,0.595323,0.597977,0.596516,0.59157,0.59122,0.594293,0.619393
2015020098,2016,0.0,1,0.518406,0.525886,0.458791,0.483786,0.477112,0.482774,0.490383,0.490497,0.50039,0.493724
2015020099,2016,0.0,1,0.556766,0.465613,0.543866,0.49369,0.501337,0.496676,0.510763,0.510782,0.496857,0.473637
2015020100,2016,0.0,1,0.349842,0.350886,0.337724,0.349881,0.345081,0.349594,0.352959,0.352954,0.360897,0.340745
2015020101,2016,0.0,1,0.548024,0.553741,0.587037,0.558053,0.555678,0.559257,0.550651,0.550706,0.541464,0.554011
2015020102,2016,0.0,3,0.518072,0.540087,0.479866,0.477467,0.470892,0.478687,0.481483,0.481482,0.486751,0.495309
2015020103,2016,1.0,2,0.528419,0.517939,0.516361,0.488916,0.487535,0.485009,0.472367,0.472393,0.478862,0.493405
2015020104,2016,0.0,1,0.407592,0.401672,0.383503,0.382503,0.379761,0.380942,0.383929,0.384152,0.387503,0.380228
2015020105,2016,1.0,0,0.627405,0.633309,0.632795,0.629761,0.624605,0.629587,0.632202,0.632308,0.631504,0.631217
2015020106,2016,1.0,0,0.559783,0.541427,0.565257,0.571961,0.558473,0.571127,0.586807,0.587327,0.581629,0.557824
2015020107,2016,0.0,1,0.460172,0.489184,0.443598,0.461889,0.458287,0.462185,0.483301,0.482944,0.469217,0.466867
2015020108,2016,1.0,0,0.699363,0.674195,0.689428,0.688562,0.69279,0.68999,0.693059,0.693007,0.686916,0.684057
2015020109,2016,0.0,1,0.654286,0.659352,0.679267,0.69617,0.682985,0.692609,0.702464,0.70276,0.700059,0.685713
2015020110,2016,1.0,2,0.449061,0.479939,0.449333,0.435204,0.429551,0.43676,0.415464,0.415525,0.429268,0.445528
2015020111,2016,0.0,3,0.594034,0.623416,0.58584,0.618884,0.616277,0.612578,0.626283,0.626635,0.623697,0.621518
2015020112,2016,0.0,3,0.580427,0.557812,0.57065,0.550192,0.551643,0.547348,0.543485,0.543294,0.546434,0.548626
2015020113,2016,0.0,1,0.617336,0.636413,0.618092,0.62017,0.617971,0.61531,0.6622,0.662322,0.631071,0.626551
2015020114,2016,1.0,2,0.558139,0.589244,0.528554,0.496759,0.49672,0.500461,0.511554,0.511717,0.506783,0.526804
2015020115,2016,0.0,1,0.584902,0.524774,0.529543,0.549388,0.552638,0.551753,0.570821,0.570964,0.570022,0.534262
2015020116,2016,0.0,3,0.560282,0.574561,0.517269,0.560661,0.552341,0.558026,0.559128,0.559773,0.555223,0.563711
2015020117,2016,1.0,0,0.624927,0.581295,0.61853,0.604705,0.607032,0.605137,0.613459,0.613705,0.601864,0.592993
2015020118,2016,1.0,0,0.525817,0.549628,0.50685,0.540341,0.529928,0.539681,0.533229,0.533502,0.516268,0.541467
2015020119,2016,1.0,0,0.637556,0.638859,0.632445,0.604483,0.606525,0.60746,0.593465,0.592894,0.587404,0.615953
2015020120,2016,0.0,1,0.426007,0.365593,0.387811,0.362042,0.364768,0.361606,0.362283,0.362115,0.376143,0.350989
2015020121,2016,1.0,0,0.586081,0.600099,0.630874,0.622995,0.618953,0.625453,0.615194,0.615001,0.621178,0.615203
2015020122,2016,0.0,1,0.550947,0.582294,0.568259,0.574174,0.569272,0.57226,0.586242,0.586381,0.578511,0.576543
2015020123,2016,1.0,2,0.593913,0.616785,0.578836,0.559881,0.555725,0.560976,0.56505,0.564865,0.567957,0.579052
2015020124,2016,1.0,0,0.653857,0.714675,0.687562,0.747026,0.731159,0.742955,0.73384,0.733909,0.726436,0.742349
2015020125,2016,0.0,1,0.537907,0.521133,0.51638,0.5045,0.511091,0.506494,0.489262,0.489764,0.508798,0.504786
2015020126,2016,0.0,3,0.664725,0.666288,0.671656,0.666902,0.661905,0.66758,0.656977,0.656924,0.657296,0.667954
2015020127,2016,0.0,1,0.619497,0.552588,0.578172,0.567323,0.56964,0.568834,0.565804,0.565526,0.573418,0.556004
2015020128,2016,1.0,0,0.528188,0.578756,0.551362,0.509101,0.503914,0.506786,0.508277,0.50834,0.508474,0.532316
2015020129,2016,1.0,0,0.5524,0.572789,0.558318,0.515312,0.513629,0.514807,0.511918,0.511906,0.519147,0.532733
2015020130,2016,1.0,0,0.681504,0.681284,0.682959,0.737297,0.722899,0.731494,0.738787,0.738916,0.731098,0.721522
2015020131,2016,0.0,1,0.541288,0.493559,0.485743,0.513201,0.510429,0.513332,0.50801,0.508203,0.514945,0.499175
2015020132,2016,1.0,0,0.557052,0.601808,0.577925,0.570828,0.555651,0.567233,0.582994,0.583223,0.578261,0.582056
2015020133,2016,1.0,0,0.477177,0.51619,0.456164,0.436819,0.426228,0.437,0.42349,0.423554,0.435234,0.459917
2015020134,2016,1.0,2,0.581527,0.634685,0.600828,0.566043,0.563631,0.56708,0.553783,0.554168,0.558146,0.591453
2015020135,2016,0.0,1,0.600238,0.588622,0.58569,0.536426,0.536378,0.535988,0.53752,0.537682,0.54009,0.551052
2015020136,2016,0.0,1,0.542561,0.526098,0.547467,0.495874,0.490252,0.499555,0.492139,0.492331,0.496475,0.500732
2015020137,2016,0.0,3,0.630901,0.566372,0.605462,0.588061,0.580706,0.585233,0.577982,0.578078,0.594099,0.575182
2015020138,2016,0.0,1,0.575755,0.582012,0.565132,0.551647,0.544352,0.552318,0.560477,0.56011,0.554943,0.559884
2015020139,2016,1.0,0,0.685649,0.683445,0.69804,0.691017,0.687911,0.693211,0.698168,0.697783,0.68963,0.690208
2015020140,2016,0.0,1,0.606232,0.641189,0.632699,0.612287,0.611024,0.609881,0.613906,0.613738,0.611634,0.623825
2015020141,2016,1.0,0,0.592114,0.604641,0.615866,0.578903,0.572187,0.578575,0.589474,0.589636,0.583994,0.586839
2015020142,2016,1.0,0,0.495102,0.48751,0.498589,0.552762,0.54041,0.549705,0.544348,0.544878,0.532029,0.526072
2015020143,2016,1.0,2,0.563,0.588196,0.629609,0.575234,0.578525,0.574486,0.552447,0.552421,0.561759,0.579069
2015020144,2016,1.0,0,0.375865,0.412727,0.387153,0.332467,0.333326,0.329078,0.328506,0.328464,0.331172,0.35191
2015020145,2016,1.0,0,0.443576,0.457837,0.417966,0.442551,0.450061,0.441784,0.459207,0.459,0.446497,0.441811
2015020146,2016,1.0,0,0.705512,0.678849,0.689621,0.679182,0.678646,0.679402,0.684207,0.684123,0.680223,0.67923
2015020147,2016,1.0,0,0.62281,0.608716,0.622805,0.597463,0.593473,0.601716,0.603566,0.603694,0.603794,0.599433
2015020148,2016,1.0,0,0.498942,0.603294,0.542454,0.522319,0.518946,0.521722,0.528943,0.528377,0.522607,0.553109
2015020149,2016,0.0,1,0.539337,0.540419,0.500973,0.534943,0.54558,0.5383,0.554874,0.554878,0.555637,0.5333
2015020150,2016,0.0,1,0.498348,0.474191,0.458956,0.437228,0.439252,0.438431,0.43279,0.432959,0.442758,0.441991
2015020151,2016,1.0,0,0.527134,0.52617,0.543096,0.600843,0.590549,0.594561,0.59424,0.595041,0.59563,0.573193
2015020152,2016,0.0,1,0.453202,0.486911,0.457024,0.441642,0.448919,0.44131,0.447585,0.447542,0.444583,0.452535
2015020153,2016,0.0,1,0.450004,0.459659,0.426889,0.428885,0.437465,0.429874,0.419993,0.419884,0.421545,0.432939
2015020154,2016,1.0,2,0.489215,0.503071,0.45715,0.471792,0.479636,0.474679,0.459261,0.459355,0.459444,0.477747
2015020155,2016,1.0,0,0.565103,0.581621,0.548919,0.585852,0.586117,0.583914,0.573859,0.57388,0.57896,0.583449
2015020156,2016,1.0,2,0.555103,0.596044,0.551278,0.545814,0.543384,0.547789,0.546976,0.546994,0.545965,0.562908
2015020157,2016,0.0,1,0.448981,0.462913,0.432494,0.418992,0.417954,0.41716,0.414417,0.414168,0.418698,0.427576
2015020158,2016,0.0,1,0.571194,0.57625,0.564357,0.569749,0.557154,0.561961,0.55679,0.556852,0.563418,0.569991
2015020159,2016,0.0,1,0.558065,0.574115,0.55231,0.589281,0.595939,0.585947,0.616776,0.616668,0.598329,0.583076
2015020160,2016,0.0,3,0.474938,0.47575,0.445285,0.422268,0.428851,0.431087,0.407533,0.407741,0.42749,0.43365
2015020161,2016,0.0,1,0.503994,0.514061,0.512123,0.490429,0.50354,0.492409,0.485273,0.484953,0.483415,0.494127
2015020162,2016,1.0,2,0.568323,0.570816,0.56105,0.520229,0.525898,0.524002,0.529027,0.529241,0.524466,0.534383
2015020163,2016,0.0,1,0.484514,0.51296,0.50525,0.471957,0.46882,0.467803,0.472449,0.472795,0.464229,0.482164
2015020164,2016,0.0,1,0.530257,0.484986,0.454131,0.526861,0.528651,0.527558,0.531856,0.531735,0.524682,0.505517
2015020165,2016,0.0,1,0.457445,0.527416,0.466896,0.476616,0.470876,0.474676,0.474057,0.474174,0.466189,0.492709
2015020166,2016,1.0,0,0.604327,0.579624,0.569844,0.618456,0.621277,0.621601,0.63797,0.638105,0.63253,0.602858
2015020167,2016,0.0,1,0.688491,0.640315,0.691447,0.634082,0.628254,0.632234,0.623349,0.623301,0.646906,0.633699
2015020168,2016,1.0,0,0.536662,0.525179,0.495745,0.512948,0.521817,0.513236,0.514549,0.514402,0.51331,0.512246
2015020169,2016,1.0,0,0.419249,0.416579,0.379583,0.394182,0.39273,0.39495,0.394605,0.394346,0.382338,0.393545
2015020170,2016,1.0,0,0.572779,0.537537,0.517697,0.503376,0.507926,0.503765,0.503208,0.503065,0.520456,0.50892
2015020171,2016,1.0,0,0.600118,0.587688,0.567598,0.579152,0.573432,0.576046,0.592912,0.592787,0.584813,0.579548
2015020172,2016,0.0,1,0.56431,0.549188,0.570575,0.556271,0.556228,0.560445,0.557679,0.558032,0.555642,0.550068
2015020173,2016,1.0,0,0.599642,0.591642,0.610314,0.587879,0.582688,0.585618,0.592887,0.592813,0.593924,0.587125
2015020174,2016,1.0,0,0.578722,0.562379,0.543138,0.526282,0.528989,0.527594,0.521687,0.521363,0.530056,0.534408
2015020175,2016,0.0,3,0.620379,0.56856,0.585265,0.587134,0.585728,0.585678,0.585035,0.585181,0.587559,0.576023
2015020176,2016,1.0,0,0.50732,0.504751,0.485305,0.482493,0.481618,0.483654,0.488213,0.488325,0.49143,0.484744
2015020177,2016,0.0,1,0.579886,0.543996,0.567191,0.540355,0.538756,0.540209,0.53898,0.539474,0.546465,0.536283
2015020178,2016,1.0,0,0.568977,0.521653,0.564049,0.532736,0.539965,0.535606,0.551618,0.55191,0.541461,0.522506
2015020179,2016,1.0,0,0.488466,0.503712,0.467583,0.460837,0.455256,0.453848,0.463192,0.463003,0.469888,0.470605
2015020180,2016,0.0,1,0.595802,0.577884,0.618879,0.568853,0.562642,0.569397,0.578119,0.578498,0.57473,0.568746
2015020181,2016,0.0,1,0.44541,0.455505,0.452136,0.399201,0.411655,0.39995,0.409302,0.408753,0.410974,0.411256
2015020182,2016,0.0,3,0.557876,0.568423,0.516015,0.519069,0.51919,0.519401,0.521906,0.521776,0.51842,0.533159
2015020183,2016,0.0,1,0.553305,0.533387,0.504599,0.501049,0.494839,0.500557,0.506412,0.506532,0.511058,0.506674
2015020184,2016,1.0,2,0.59495,0.542277,0.57661,0.556457,0.559201,0.556609,0.5475,0.547313,0.544971,0.545712
2015020185,2016,0.0,1,0.385826,0.420543,0.385458,0.369345,0.370295,0.368829,0.367728,0.3678,0.368354,0.379943
2015020186,2016,1.0,0,0.562002,0.563109,0.533611,0.550442,0.545591,0.546513,0.576864,0.576985,0.558064,0.551965
2015020187,2016,1.0,0,0.612261,0.596626,0.556287,0.569889,0.567493,0.569167,0.570287,0.570144,0.570774,0.576333
2015020188,2016,1.0,2,0.543701,0.55166,0.54589,0.540114,0.542817,0.542373,0.554756,0.554846,0.549436,0.541208
2015020189,2016,0.0,1,0.567301,0.552718,0.546134,0.544183,0.539006,0.543832,0.539126,0.539172,0.542157,0.543151
2015020190,2016,1.0,2,0.559631,0.559994,0.524127,0.577182,0.575856,0.572048,0.565143,0.564542,0.57517,0.568979
2015020191,2016,1.0,0,0.466517,0.537926,0.442547,0.442917,0.448158,0.44341,0.436911,0.436461,0.436532,0.473574
2015020192,2016,0.0,1,0.613494,0.657033,0.626853,0.616225,0.610274,0.614751,0.623722,0.623479,0.621556,0.632756
2015020193,2016,1.0,0,0.587006,0.60455,0.604183,0.615906,0.615303,0.616146,0.624175,0.624575,0.609302,0.61213
2015020194,2016,0.0,3,0.454711,0.474336,0.444851,0.444292,0.446394,0.441815,0.428538,0.428497,0.432981,0.449135
2015020195,2016,1.0,0,0.448016,0.441312,0.464373,0.45921,0.459689,0.460125,0.454808,0.455116,0.458884,0.44607
2015020196,2016,0.0,1,0.460728,0.520681,0.481201,0.458492,0.461647,0.46198,0.441531,0.441541,0.44046,0.47743
2015020197,2016,0.0,1,0.451483,0.440801,0.433581,0.444867,0.444043,0.445925,0.440607,0.440447,0.446084,0.435996
2015020198,2016,0.0,1,0.433112,0.476026,0.412616,0.397486,0.396628,0.395934,0.395137,0.395154,0.404114,0.418945
2015020199,2016,1.0,0,0.590393,0.595653,0.571216,0.573751,0.575484,0.575588,0.580585,0.580956,0.575082,0.579713
2015020200,2016,1.0,0,0.402885,0.428915,0.432034,0.399598,0.409671,0.401882,0.377575,0.37742,0.379852,0.403055
2015020201,2016,1.0,0,0.619748,0.649285,0.641501,0.630017,0.625486,0.629961,0.614605,0.614649,0.610261,0.638403
2015020202,2016,1.0,0,0.599708,0.565808,0.568084,0.570344,0.567692,0.567218,0.595306,0.595618,0.575755,0.564572
2015020203,2016,1.0,2,0.690571,0.68564,0.690565,0.708639,0.698403,0.704523,0.713595,0.713953,0.706457,0.702862
2015020204,2016,1.0,2,0.472786,0.503959,0.469229,0.463363,0.466113,0.462263,0.462747,0.462556,0.462201,0.473251
2015020205,2016,0.0,1,0.613023,0.61569,0.598905,0.645843,0.647738,0.643166,0.655053,0.65528,0.651612,0.635761
2015020206,2016,0.0,1,0.51677,0.537472,0.520864,0.520196,0.525454,0.517139,0.539448,0.539154,0.522524,0.523277
2015020207,2016,1.0,0,0.543759,0.559814,0.55721,0.541053,0.535876,0.53961,0.54278,0.5428,0.541475,0.545208
2015020208,2016,0.0,1,0.377537,0.416762,0.351894,0.37227,0.377002,0.37431,0.369678,0.369671,0.373418,0.38088
2015020209,2016,1.0,0,0.494469,0.501857,0.444846,0.483773,0.478757,0.480124,0.459462,0.4592,0.465325,0.485102
2015020210,2016,0.0,1,0.538404,0.567003,0.581936,0.568337,0.566994,0.570032,0.567531,0.567854,0.555475,0.566947
2015020211,2016,0.0,1,0.516201,0.479046,0.487339,0.496374,0.498044,0.499875,0.484222,0.484373,0.496808,0.48313
2015020212,2016,1.0,2,0.501263,0.479391,0.512108,0.471803,0.48027,0.476634,0.441486,0.441552,0.459036,0.467416
2015020213,2016,0.0,1,0.531902,0.539383,0.526317,0.536444,0.533936,0.534588,0.531854,0.531807,0.526326,0.534285
2015020214,2016,1.0,0,0.695144,0.693663,0.661018,0.699534,0.697743,0.700436,0.680469,0.680051,0.678882,0.699641
2015020215,2016,0.0,3,0.661541,0.635834,0.649821,0.653322,0.651267,0.652309,0.660842,0.660897,0.65725,0.646467
2015020216,2016,0.0,1,0.450047,0.440732,0.444244,0.405497,0.411815,0.406525,0.404804,0.40476,0.420245,0.409375
2015020217,2016,1.0,0,0.692995,0.605944,0.647846,0.628922,0.628119,0.629211,0.644064,0.643626,0.645385,0.615812
2015020218,2016,0.0,1,0.524458,0.545119,0.530811,0.514711,0.511662,0.515458,0.502502,0.502413,0.50327,0.522311
2015020219,2016,0.0,1,0.516028,0.506445,0.528514,0.496317,0.504071,0.501439,0.48932,0.489114,0.490185,0.494356
2015020220,2016,1.0,0,0.493237,0.470218,0.469639,0.462618,0.467338,0.465994,0.462409,0.462296,0.474513,0.45786
2015020221,2016,0.0,1,0.706398,0.678458,0.681163,0.693608,0.692068,0.692658,0.711932,0.711701,0.708756,0.688847
2015020222,2016,1.0,0,0.538147,0.54688,0.533019,0.520279,0.518598,0.52098,0.512467,0.512506,0.523864,0.526087
2015020223,2016,1.0,0,0.556962,0.611287,0.588935,0.584983,0.591615,0.587324,0.589707,0.589645,0.577933,0.595541
2015020224,2016,1.0,0,0.580095,0.571085,0.601119,0.517482,0.522727,0.519713,0.531607,0.531588,0.529144,0.532006
2015020225,2016,0.0,1,0.6845,0.670874,0.687302,0.69156,0.688901,0.692457,0.711355,0.711224,0.709398,0.685567
2015020226,2016,0.0,1,0.670129,0.716675,0.702004,0.720247,0.708639,0.717853,0.711689,0.711896,0.703762,0.724203
2015020227,2016,0.0,1,0.553136,0.578161,0.579039,0.553452,0.547998,0.550142,0.562775,0.562843,0.558963,0.560701
2015020228,2016,1.0,2,0.481305,0.485287,0.493872,0.49139,0.488901,0.492252,0.483893,0.483547,0.494647,0.484159
2015020229,2016,0.0,3,0.669375,0.639679,0.63292,0.668615,0.676699,0.669685,0.665409,0.665448,0.660734,0.658095
2015020230,2016,0.0,1,0.587406,0.631595,0.614529,0.604634,0.600819,0.60791,0.59459,0.594605,0.604942,0.61565
2015020231,2016,1.0,0,0.576076,0.547335,0.533609,0.524171,0.528381,0.525515,0.548168,0.547919,0.543144,0.526888
2015020232,2016,0.0,1,0.450603,0.437514,0.408662,0.438073,0.437908,0.441057,0.429493,0.429209,0.438856,0.430108
2015020233,2016,0.0,3,0.444854,0.524018,0.435477,0.471577,0.47234,0.473348,0.476459,0.476581,0.464771,0.488555
2015020234,2016,1.0,0,0.543685,0.522104,0.571728,0.496574,0.505746,0.5003,0.485387,0.485437,0.49099,0.499502
2015020235,2016,1.0,0,0.609964,0.628132,0.622352,0.601152,0.611142,0.602778,0.621257,0.621212,0.6231,0.610687
2015020236,2016,0.0,1,0.630146,0.62074,0.605052,0.610111,0.603936,0.608285,0.623387,0.623509,0.624366,0.61258
2015020237,2016,0.0,3,0.661806,0.696623,0.678849,0.692101,0.696525,0.696225,0.693745,0.693771,0.690175,0.697534
2015020238,2016,0.0,1,0.642168,0.691985,0.596114,0.638877,0.628511,0.634508,0.631222,0.630753,0.628062,0.661227
2015020239,2016,1.0,0,0.584728,0.58782,0.59906,0.5425,0.545172,0.541176,0.562032,0.561786,0.563713,0.555653
2015020240,2016,1.0,0,0.567127,0.565418,0.529621,0.568111,0.581685,0.570291,0.571626,0.571244,0.557605,0.564635
2015020241,2016,1.0,0,0.575416,0.630714,0.566822,0.574205,0.572009,0.573257,0.569429,0.569318,0.574287,0.595528
2015020242,2016,0.0,1,0.598202,0.58148,0.585991,0.59309,0.589924,0.593493,0.585263,0.585198,0.597369,0.586571
2015020243,2016,0.0,3,0.637747,0.663483,0.670781,0.626591,0.62471,0.627356,0.648661,0.648668,0.640735,0.641133
2015020244,2016,0.0,1,0.547797,0.533088,0.484507,0.550854,0.552905,0.553667,0.555233,0.555238,0.563939,0.540653
2015020245,2016,0.0,1,0.560178,0.568507,0.526158,0.574565,0.581225,0.57328,0.574494,0.574422,0.578106,0.570655
2015020246,2016,0.0,3,0.458695,0.498217,0.46514,0.474578,0.465394,0.472988,0.471626,0.471681,0.47427,0.479261
2015020247,2016,1.0,0,0.579063,0.567499,0.591177,0.563034,0.562088,0.563673,0.55363,0.553977,0.56718,0.56141
2015020248,2016,0.0,3,0.428426,0.425675,0.381985,0.406828,0.412334,0.408662,0.394971,0.394956,0.409353,0.405315
2015020249,2016,1.0,0,0.448485,0.431279,0.482651,0.42136,0.434035,0.424365,0.403042,0.402952,0.407994,0.416382
2015020250,2016,0.0,1,0.633124,0.674332,0.619419,0.665456,0.659939,0.667141,0.681982,0.681988,0.667849,0.671905
2015020251,2016,0.0,3,0.623386,0.607591,0.619435,0.632091,0.637414,0.631059,0.641388,0.641336,0.631313,0.622518
2015020252,2016,1.0,0,0.500884,0.483421,0.484714,0.464151,0.467218,0.464213,0.464044,0.464113,0.470441,0.4639
2015020253,2016,0.0,3,0.538309,0.630693,0.59531,0.568386,0.573309,0.565665,0.575597,0.575632,0.563375,0.593549
2015020254,2016,1.0,0,0.599622,0.591133,0.61389,0.602388,0.59346,0.600837,0.597526,0.597413,0.595485,0.596783
2015020255,2016,1.0,0,0.568706,0.608391,0.607689,0.564297,0.571199,0.562583,0.57813,0.578029,0.58009,0.579809
2015020256,2016,0.0,1,0.562187,0.520112,0.588747,0.576177,0.574111,0.575824,0.557037,0.557191,0.56042,0.5519
2015020257,2016,1.0,2,0.549425,0.582785,0.543428,0.536124,0.538282,0.53778,0.527144,0.526956,0.540073,0.551123
2015020258,2016,1.0,0,0.684313,0.708208,0.683392,0.715126,0.71136,0.719666,0.713742,0.713784,0.709505,0.716641
2015020259,2016,1.0,0,0.723451,0.676476,0.687043,0.683094,0.685069,0.684127,0.690606,0.69073,0.68438,0.679907
2015020260,2016,1.0,0,0.636088,0.669936,0.623121,0.559576,0.567952,0.562547,0.58808,0.587718,0.600396,0.599632
2015020261,2016,1.0,0,0.642901,0.651424,0.669393,0.657836,0.647362,0.655616,0.655859,0.65603,0.648774,0.656869
2015020262,2016,0.0,1,0.470057,0.523566,0.528649,0.477307,0.474273,0.477671,0.483195,0.483175,0.475725,0.490923
2015020263,2016,1.0,2,0.613888,0.614711,0.623312,0.626946,0.630882,0.626337,0.613512,0.613891,0.615807,0.622395
2015020264,2016,0.0,3,0.564236,0.520224,0.545122,0.518684,0.513257,0.515314,0.504874,0.505013,0.514889,0.512629
2015020265,2016,1.0,0,0.48253,0.504474,0.461012,0.461115,0.465411,0.468575,0.458481,0.458615,0.467703,0.471419
2015020266,2016,1.0,0,0.616441,0.598222,0.628354,0.595305,0.591888,0.594845,0.583682,0.58345,0.598091,0.593978
2015020267,2016,0.0,1,0.571542,0.550693,0.545315,0.5392,0.542209,0.541945,0.546447,0.546559,0.55146,0.538709
2015020268,2016,0.0,1,0.386514,0.371453,0.360405,0.3602,0.361704,0.360492,0.34649,0.346305,0.344727,0.35409
2015020269,2016,0.0,3,0.459513,0.418172,0.394704,0.43505,0.437156,0.435889,0.434914,0.434889,0.440773,0.419675
2015020270,2016,1.0,0,0.516122,0.522231,0.506904,0.503155,0.509734,0.505937,0.498494,0.498313,0.506651,0.505479
2015020271,2016,1.0,0,0.466135,0.478544,0.461873,0.492675,0.494743,0.49147,0.477135,0.477595,0.467346,0.483061
2015020272,2016,1.0,0,0.45752,0.504492,0.483182,0.491203,0.496329,0.493398,0.500715,0.500443,0.493567,0.49318
2015020273,2016,1.0,0,0.55911,0.628496,0.606531,0.614864,0.613313,0.616848,0.607178,0.607285,0.594936,0.622678
2015020274,2016,1.0,0,0.543128,0.532487,0.490714,0.542479,0.535092,0.543378,0.542296,0.542098,0.527853,0.534956
2015020275,2016,1.0,0,0.536324,0.552587,0.544835,0.542641,0.545626,0.539311,0.530608,0.530615,0.542425,0.543693
2015020276,2016,0.0,3,0.494224,0.476324,0.47228,0.489358,0.489697,0.490826,0.497897,0.497621,0.500209,0.478418
2015020277,2016,0.0,3,0.383239,0.382774,0.414427,0.359087,0.361556,0.35905,0.341634,0.3417,0.348072,0.358045
2015020278,2016,1.0,0,0.53746,0.545866,0.520513,0.504294,0.505977,0.501634,0.487652,0.487593,0.505848,0.514874
2015020279,2016,0.0,3,0.484972,0.478511,0.406773,0.453351,0.455301,0.454671,0.466685,0.466632,0.477405,0.455401
2015020280,2016,1.0,0,0.562904,0.575771,0.579639,0.558891,0.565123,0.564197,0.570065,0.569955,0.571476,0.562875
2015020281,2016,0.0,1,0.55525,0.553592,0.54534,0.493274,0.490034,0.495135,0.490698,0.490502,0.494907,0.509661
2015020282,2016,0.0,1,0.698424,0.710066,0.685201,0.733018,0.710863,0.724061,0.714516,0.714685,0.709691,0.728855
2015020283,2016,1.0,0,0.570575,0.564936,0.533968,0.559391,0.557465,0.560426,0.571975,0.572365,0.565346,0.558332
2015020284,2016,1.0,0,0.471576,0.519645,0.489311,0.474986,0.478191,0.474796,0.464007,0.463646,0.462174,0.487653
2015020285,2016,0.0,1,0.501754,0.505176,0.493115,0.476328,0.472822,0.476487,0.462719,0.462935,0.474312,0.481029
2015020286,2016,1.0,2,0.715055,0.691512,0.699141,0.705769,0.697615,0.706805,0.710974,0.710767,0.716805,0.701953
2015020287,2016,0.0,3,0.554892,0.622929,0.563775,0.548837,0.545224,0.54779,0.560396,0.560543,0.549368,0.576326
2015020288,2016,1.0,0,0.500114,0.461461,0.471129,0.460271,0.452679,0.454144,0.445683,0.44541,0.457466,0.452326
2015020289,2016,1.0,0,0.500904,0.476097,0.487799,0.482798,0.482796,0.481928,0.48678,0.486461,0.49016,0.473531
2015020290,2016,0.0,1,0.50006,0.50394,0.535521,0.478875,0.480758,0.483947,0.475667,0.475839,0.468114,0.482339
2015020291,2016,1.0,2,0.45341,0.438465,0.450454,0.462764,0.467155,0.461087,0.454069,0.454461,0.453077,0.447009
2015020292,2016,1.0,0,0.472007,0.496698,0.482544,0.466399,0.463702,0.462495,0.477909,0.477833,0.464517,0.472381
2015020293,2016,1.0,0,0.652494,0.652379,0.643761,0.647001,0.646056,0.649954,0.641617,0.642056,0.649014,0.649416
2015020294,2016,1.0,0,0.613467,0.580028,0.606486,0.595398,0.587256,0.589705,0.586014,0.586183,0.587838,0.586733
2015020295,2016,1.0,0,0.561487,0.551226,0.559229,0.549943,0.553963,0.548561,0.551915,0.551864,0.551215,0.546756
2015020296,2016,0.0,3,0.409369,0.467863,0.404149,0.422054,0.419236,0.422708,0.394386,0.394218,0.406742,0.433764
2015020297,2016,0.0,1,0.548914,0.543476,0.508203,0.529966,0.532735,0.532065,0.533305,0.533163,0.538764,0.530676
2015020298,2016,1.0,0,0.605353,0.654035,0.634868,0.611858,0.609524,0.614533,0.617508,0.617275,0.612756,0.628995
2015020299,2016,1.0,0,0.624308,0.644634,0.598527,0.688023,0.675064,0.684532,0.702304,0.70263,0.692091,0.675779
2015020300,2016,0.0,3,0.610755,0.589436,0.592607,0.616271,0.609035,0.614867,0.59807,0.598146,0.600369,0.604987
2015020301,2016,1.0,0,0.71364,0.714295,0.714441,0.726105,0.723181,0.724336,0.758479,0.75858,0.741336,0.725052
2015020302,2016,1.0,0,0.563797,0.524553,0.507936,0.531318,0.526974,0.533274,0.547242,0.547335,0.539514,0.523011
2015020303,2016,1.0,0,0.486604,0.496113,0.470861,0.522407,0.521105,0.519643,0.525656,0.525999,0.517908,0.509368
2015020304,2016,1.0,0,0.432646,0.444592,0.436375,0.407701,0.410766,0.408165,0.416803,0.416666,0.412034,0.413333
2015020305,2016,0.0,1,0.515216,0.508951,0.487269,0.505626,0.508152,0.501924,0.515939,0.516288,0.508725,0.501742
2015020306,2016,1.0,0,0.608417,0.625506,0.562976,0.640097,0.631801,0.631614,0.650762,0.650977,0.648222,0.636033
2015020307,2016,0.0,1,0.591179,0.584416,0.524313,0.555617,0.549232,0.553425,0.563789,0.563304,0.552638,0.562742
2015020308,2016,0.0,1,0.37111,0.390676,0.374226,0.344565,0.350697,0.343927,0.362835,0.362908,0.355653,0.351914
2015020309,2016,1.0,0,0.636521,0.549995,0.561639,0.57691,0.57052,0.577855,0.586134,0.586308,0.587895,0.560544
2015020310,2016,1.0,2,0.563233,0.553394,0.505102,0.552418,0.552529,0.552169,0.552897,0.55272,0.560555,0.549235
2015020311,2016,1.0,0,0.697629,0.696685,0.695269,0.700846,0.701179,0.708294,0.69932,0.699039,0.695722,0.701628
2015020312,2016,0.0,3,0.437285,0.446696,0.421202,0.42867,0.428571,0.425616,0.427149,0.426424,0.421686,0.428191
2015020313,2016,0.0,1,0.472259,0.451058,0.439739,0.42436,0.424099,0.424826,0.421042,0.420884,0.425918,0.425216
2015020314,2016,0.0,1,0.557086,0.593295,0.545777,0.579542,0.575786,0.578384,0.568767,0.56858,0.563818,0.584399
2015020315,2016,0.0,1,0.592329,0.637681,0.633739,0.593257,0.601559,0.596707,0.593113,0.592761,0.60256,0.610333
2015020316,2016,1.0,0,0.590204,0.610507,0.599604,0.597644,0.604183,0.600426,0.59825,0.598189,0.609699,0.602029
2015020317,2016,0.0,1,0.410647,0.376271,0.375279,0.371071,0.371389,0.372479,0.364236,0.364378,0.361143,0.362117
2015020318,2016,0.0,1,0.536259,0.547755,0.53095,0.493919,0.490935,0.492631,0.493721,0.493231,0.501466,0.508688
2015020319,2016,1.0,0,0.617516,0.607769,0.657518,0.618947,0.613296,0.614407,0.612769,0.612876,0.615879,0.613919
2015020320,2016,0.0,1,0.581504,0.493158,0.554571,0.519397,0.530706,0.528323,0.537114,0.537004,0.52996,0.50106
2015020321,2016,1.0,2,0.501581,0.541492,0.510805,0.470134,0.47975,0.473421,0.485601,0.485549,0.493941,0.491775
2015020322,2016,1.0,0,0.616886,0.61758,0.638802,0.577365,0.57719,0.580182,0.584512,0.584355,0.580483,0.589896
2015020323,2016,1.0,0,0.575404,0.586542,0.579903,0.571326,0.569199,0.574095,0.582626,0.582335,0.579407,0.575088
2015020324,2016,0.0,1,0.589868,0.570716,0.622688,0.573902,0.576353,0.573395,0.565858,0.566009,0.563028,0.569539
2015020325,2016,0.0,3,0.513942,0.554863,0.525104,0.526194,0.525604,0.525022,0.53343,0.533323,0.524796,0.534671
2015020326,2016,1.0,2,0.546264,0.526224,0.515454,0.516876,0.523317,0.514364,0.512237,0.512034,0.517238,0.51483
2015020327,2016,1.0,0,0.450833,0.433249,0.447732,0.404388,0.408621,0.405149,0.39877,0.398653,0.404228,0.405564
2015020328,2016,0.0,1,0.526116,0.53902,0.52171,0.551736,0.558128,0.552882,0.553733,0.553788,0.55333,0.544828
2015020329,2016,0.0,1,0.519754,0.501645,0.575341,0.519576,0.525849,0.520717,0.525416,0.525741,0.5102,0.507967
2015020330,2016,1.0,0,0.489146,0.526177,0.514148,0.503243,0.501128,0.50293,0.503159,0.503182,0.504496,0.508588
2015020331,2016,1.0,2,0.474313,0.462725,0.419636,0.408593,0.407749,0.411962,0.388601,0.388552,0.403316,0.419088
2015020332,2016,0.0,1,0.599539,0.582026,0.611317,0.573443,0.576128,0.577979,0.578774,0.579177,0.589204,0.573369
2015020333,2016,0.0,3,0.499147,0.506318,0.506289,0.502001,0.515161,0.505993,0.497373,0.497485,0.49222,0.49905
2015020334,2016,1.0,0,0.572866,0.58234,0.587043,0.557062,0.555265,0.558124,0.56683,0.566976,0.559306,0.563833
2015020335,2016,1.0,0,0.490848,0.461714,0.460757,0.483749,0.486892,0.484459,0.469314,0.469282,0.470023,0.468791
2015020336,2016,0.0,3,0.427951,0.427201,0.452183,0.420921,0.423911,0.424579,0.423773,0.423776,0.42212,0.415494
2015020337,2016,1.0,2,0.522436,0.483801,0.508622,0.514801,0.512247,0.509606,0.506238,0.506669,0.506126,0.497251
2015020338,2016,1.0,2,0.650567,0.647975,0.634454,0.651787,0.651973,0.656038,0.666497,0.666325,0.666687,0.650951
2015020339,2016,1.0,2,0.490337,0.517646,0.433888,0.460351,0.461684,0.464065,0.459288,0.459274,0.459989,0.475886
2015020340,2016,1.0,2,0.594679,0.624203,0.661006,0.599573,0.604873,0.601027,0.567604,0.567814,0.574038,0.608786
2015020341,2016,1.0,2,0.504356,0.509316,0.519669,0.442249,0.457061,0.445192,0.454454,0.454064,0.465311,0.459396
2015020342,2016,0.0,1,0.696405,0.622674,0.677398,0.671392,0.666949,0.667846,0.657797,0.657634,0.658532,0.651747
2015020343,2016,0.0,1,0.403128,0.438069,0.397343,0.413514,0.410416,0.41027,0.41404,0.413857,0.413236,0.416205
2015020344,2016,0.0,3,0.671108,0.6821,0.618768,0.647491,0.640665,0.643012,0.655246,0.655077,0.646104,0.661179
2015020345,2016,0.0,1,0.574599,0.553591,0.541891,0.533839,0.545236,0.537353,0.549115,0.548745,0.538908,0.536106
2015020346,2016,0.0,3,0.662511,0.64213,0.655755,0.658642,0.660364,0.662626,0.664411,0.664037,0.663597,0.652607
2015020347,2016,1.0,0,0.616116,0.632477,0.584712,0.628377,0.623214,0.630884,0.625727,0.625923,0.623739,0.630527
2015020348,2016,0.0,1,0.678355,0.704223,0.693494,0.680803,0.682279,0.680353,0.690764,0.690502,0.699033,0.692303
2015020349,2016,0.0,3,0.529854,0.519536,0.483445,0.501931,0.502273,0.503883,0.514857,0.514656,0.517336,0.502813
2015020350,2016,1.0,0,0.549419,0.540232,0.544408,0.554198,0.551319,0.558476,0.544542,0.544864,0.549186,0.545772
2015020351,2016,1.0,0,0.448794,0.473716,0.466732,0.392287,0.402611,0.392844,0.387809,0.387091,0.40624,0.413618
2015020352,2016,1.0,0,0.60303,0.630652,0.613527,0.565568,0.559116,0.562833,0.582107,0.582166,0.560153,0.588273
2015020353,2016,1.0,2,0.523692,0.570213,0.564999,0.575606,0.582166,0.579294,0.581756,0.582205,0.569822,0.573963
2015020354,2016,0.0,3,0.591517,0.59893,0.611417,0.577487,0.575663,0.574793,0.578545,0.578321,0.577507,0.583539
2015020355,2016,1.0,0,0.568124,0.58506,0.580137,0.582611,0.575422,0.580292,0.561055,0.56099,0.567232,0.582504
2015020356,2016,1.0,0,0.70499,0.60019,0.640333,0.671274,0.660057,0.668422,0.664845,0.66475,0.678099,0.642289
2015020357,2016,1.0,0,0.569982,0.562172,0.587942,0.546075,0.547321,0.547274,0.549933,0.549418,0.550853,0.548194
2015020358,2016,1.0,0,0.555975,0.564407,0.578993,0.555838,0.552855,0.551322,0.523961,0.524098,0.531237,0.556477
2015020359,2016,0.0,1,0.522688,0.55657,0.54955,0.541945,0.540707,0.541438,0.550008,0.550288,0.540885,0.545581
2015020360,2016,1.0,0,0.647185,0.674331,0.614823,0.621131,0.617465,0.620726,0.622388,0.622568,0.630712,0.641633
2015020361,2016,0.0,1,0.621206,0.570316,0.599657,0.615247,0.607489,0.611108,0.613405,0.613636,0.611893,0.595988
2015020362,2016,1.0,2,0.657433,0.672637,0.664204,0.667755,0.660924,0.665692,0.67593,0.675848,0.667004,0.671517
2015020363,2016,0.0,1,0.643221,0.631325,0.643038,0.647234,0.642515,0.647086,0.641198,0.641079,0.64017,0.641453
2015020364,2016,1.0,0,0.621805,0.678209,0.641051,0.663947,0.661721,0.662404,0.67159,0.671582,0.660751,0.67306
2015020365,2016,0.0,1,0.583298,0.604444,0.547879,0.519755,0.519573,0.51755,0.516882,0.516533,0.523391,0.547423
2015020366,2016,1.0,2,0.455279,0.42542,0.399164,0.456565,0.448301,0.453618,0.458896,0.458854,0.448173,0.437349
2015020367,2016,1.0,2,0.59449,0.64095,0.653656,0.662984,0.661881,0.661089,0.666152,0.666441,0.644651,0.658578
2015020368,2016,0.0,1,0.569096,0.540655,0.579267,0.51819,0.509938,0.518861,0.501139,0.501326,0.504919,0.520449
2015020369,2016,1.0,0,0.617282,0.644271,0.560106,0.645331,0.638184,0.642869,0.634724,0.634713,0.636428,0.646785
2015020370,2016,1.0,2,0.47814,0.548662,0.534517,0.530347,0.527859,0.525797,0.516594,0.51676,0.518263,0.536803
2015020371,2016,1.0,2,0.398282,0.40459,0.390024,0.371468,0.369599,0.369597,0.367024,0.366544,0.368474,0.374392
2015020372,2016,0.0,1,0.531955,0.512592,0.516544,0.514511,0.506011,0.513865,0.495492,0.495769,0.50371,0.50838
2015020373,2016,0.0,1,0.638779,0.595634,0.607148,0.565972,0.563162,0.563506,0.558588,0.558343,0.563758,0.57181
2015020374,2016,0.0,1,0.5089,0.583606,0.533302,0.543765,0.543885,0.543816,0.543903,0.543926,0.531727,0.55874
2015020375,2016,0.0,1,0.565648,0.533005,0.52152,0.554309,0.552175,0.551881,0.544752,0.544831,0.549429,0.542024
2015020376,2016,1.0,2,0.508695,0.478553,0.506684,0.495431,0.491637,0.494804,0.497038,0.497421,0.486707,0.482685
2015020377,2016,1.0,0,0.621783,0.672702,0.627986,0.664833,0.656075,0.663746,0.671765,0.671726,0.656431,0.671381
2015020378,2016,0.0,1,0.588607,0.637959,0.627428,0.612853,0.619244,0.612348,0.619132,0.619043,0.614516,0.623761
2015020379,2016,1.0,0,0.662464,0.64234,0.629981,0.67655,0.67362,0.677228,0.670864,0.67129,0.680124,0.664997
2015020380,2016,0.0,1,0.491881,0.472006,0.417782,0.449603,0.449969,0.452297,0.468177,0.467947,0.468037,0.449841
2015020381,2016,1.0,0,0.512836,0.554801,0.513229,0.537444,0.540884,0.53684,0.533597,0.533992,0.51976,0.542319
2015020382,2016,0.0,3,0.562737,0.526631,0.576799,0.557248,0.561157,0.557249,0.558301,0.558005,0.558239,0.541573
2015020383,2016,0.0,3,0.560085,0.56432,0.563757,0.593601,0.595951,0.591964,0.592828,0.593089,0.576947,0.581928
2015020384,2016,1.0,2,0.520728,0.512208,0.529821,0.470565,0.467282,0.46915,0.46136,0.461641,0.475167,0.478999
2015020385,2016,1.0,2,0.474625,0.493516,0.471789,0.492184,0.492387,0.488534,0.499982,0.499857,0.487941,0.48843
2015020386,2016,1.0,2,0.388699,0.39469,0.37002,0.382264,0.380808,0.379771,0.370428,0.370572,0.368827,0.378229
2015020387,2016,1.0,0,0.545493,0.545506,0.49858,0.529182,0.529776,0.525589,0.524365,0.524294,0.530165,0.531164
2015020388,2016,1.0,2,0.470924,0.507997,0.43077,0.499932,0.502252,0.495747,0.484605,0.484726,0.481509,0.499829
2015020389,2016,1.0,0,0.580779,0.634609,0.593229,0.582839,0.584342,0.583157,0.586675,0.586973,0.586181,0.602671
2015020390,2016,1.0,2,0.545588,0.508098,0.489686,0.502536,0.492772,0.49864,0.51362,0.51413,0.500946,0.497685
2015020391,2016,1.0,2,0.550147,0.529427,0.52555,0.497465,0.490547,0.498722,0.490424,0.490001,0.497966,0.502779
2015020392,2016,1.0,0,0.382897,0.432516,0.412344,0.385909,0.38395,0.385805,0.394869,0.394731,0.389238,0.396224
2015020393,2016,0.0,1,0.678634,0.652655,0.639452,0.659715,0.664336,0.661983,0.660766,0.660958,0.665106,0.65675
2015020394,2016,0.0,1,0.532319,0.580294,0.515394,0.483167,0.483319,0.48633,0.503954,0.503969,0.506456,0.515192
2015020395,2016,1.0,0,0.584069,0.601073,0.581492,0.58417,0.579492,0.582777,0.585268,0.585189,0.584313,0.589337
2015020396,2016,0.0,1,0.503226,0.528434,0.433867,0.460538,0.459002,0.459438,0.468464,0.46801,0.473591,0.479767
2015020397,2016,0.0,1,0.527606,0.509009,0.540572,0.487662,0.482793,0.488744,0.473738,0.474067,0.482731,0.488927
2015020398,2016,1.0,0,0.554146,0.629636,0.587105,0.571601,0.562072,0.570181,0.601215,0.601335,0.583735,0.594431
2015020399,2016,1.0,0,0.606767,0.627689,0.586134,0.619931,0.619501,0.622139,0.622784,0.622548,0.624949,0.623328
2015020400,2016,1.0,0,0.54127,0.560672,0.564216,0.531822,0.53892,0.53591,0.525696,0.52572,0.530516,0.539445
2015020401,2016,1.0,0,0.609632,0.623131,0.587876,0.609772,0.61898,0.614111,0.634246,0.634238,0.638523,0.614431
2015020402,2016,1.0,0,0.560134,0.565386,0.548132,0.536119,0.527834,0.53408,0.539085,0.538795,0.542717,0.543308
2015020403,2016,1.0,0,0.554954,0.593758,0.539134,0.572199,0.575144,0.570552,0.571675,0.572127,0.574396,0.579741
2015020404,2016,1.0,0,0.558858,0.625565,0.600381,0.582786,0.573499,0.579325,0.600385,0.600631,0.581893,0.599945
2015020405,2016,0.0,1,0.59232,0.524926,0.539873,0.53007,0.524331,0.532801,0.530616,0.530714,0.54047,0.520775
2015020406,2016,1.0,2,0.506165,0.46328,0.478622,0.46404,0.462273,0.46321,0.4812,0.481128,0.475999,0.455303
2015020407,2016,1.0,0,0.645193,0.647578,0.58386,0.642325,0.635285,0.641732,0.665958,0.665749,0.665083,0.644661
2015020408,2016,0.0,3,0.481437,0.492793,0.444922,0.418024,0.422073,0.419756,0.416406,0.416135,0.418943,0.4373
2015020409,2016,1.0,2,0.613756,0.569372,0.589435,0.560331,0.56253,0.56215,0.563365,0.563619,0.560401,0.558471
2015020410,2016,0.0,3,0.482622,0.411778,0.447424,0.486533,0.487446,0.484478,0.483644,0.48333,0.483727,0.450372
2015020411,2016,1.0,2,0.501487,0.547966,0.499459,0.4893,0.484298,0.487963,0.499368,0.498791,0.488156,0.507481
2015020412,2016,0.0,1,0.502208,0.526321,0.508058,0.48998,0.497406,0.489878,0.488296,0.488063,0.496549,0.498962
2015020413,2016,1.0,0,0.672619,0.709241,0.665949,0.711608,0.700737,0.710036,0.710198,0.710107,0.694899,0.715261
2015020414,2016,1.0,0,0.604405,0.585988,0.525498,0.542051,0.529094,0.541878,0.531005,0.530798,0.543574,0.553518
2015020415,2016,1.0,0,0.676011,0.671018,0.657585,0.66329,0.659767,0.661849,0.660321,0.660513,0.662913,0.66686
2015020416,2016,1.0,0,0.507442,0.492804,0.454145,0.500732,0.503637,0.499284,0.498103,0.497959,0.494035,0.4922
2015020417,2016,0.0,1,0.58881,0.646007,0.567183,0.578499,0.576856,0.574325,0.579157,0.579245,0.584358,0.604225
2015020418,2016,0.0,1,0.541921,0.477363,0.495153,0.507401,0.504162,0.503895,0.505517,0.505544,0.51533,0.488549
2015020419,2016,1.0,2,0.446711,0.445385,0.41077,0.434549,0.437487,0.433618,0.431189,0.431019,0.432908,0.431144
2015020420,2016,1.0,0,0.448388,0.475774,0.420848,0.444168,0.441819,0.44757,0.434711,0.434613,0.436584,0.44997
2015020421,2016,1.0,0,0.480382,0.501978,0.499972,0.484241,0.488006,0.486801,0.495828,0.495707,0.488131,0.486213
2015020422,2016,1.0,0,0.561805,0.608464,0.559947,0.582505,0.590054,0.585001,0.563763,0.563291,0.573392,0.592446
2015020423,2016,1.0,0,0.442802,0.443159,0.419773,0.45448,0.450055,0.450367,0.445575,0.445553,0.447489,0.443912
2015020424,2016,0.0,1,0.640018,0.608412,0.602535,0.661203,0.648258,0.657153,0.662051,0.661874,0.661715,0.642065
2015020425,2016,1.0,0,0.485614,0.52767,0.544417,0.541775,0.553574,0.540828,0.549184,0.549357,0.5366,0.535529
2015020426,2016,1.0,0,0.563124,0.617265,0.540127,0.57698,0.58008,0.57704,0.578236,0.578514,0.576527,0.592344
2015020427,2016,1.0,0,0.639159,0.62406,0.642664,0.652388,0.641624,0.648255,0.651977,0.651671,0.644363,0.642263
2015020428,2016,1.0,2,0.510664,0.471262,0.493638,0.464186,0.466593,0.463742,0.455598,0.455965,0.457499,0.458435
2015020429,2016,0.0,3,0.507101,0.420631,0.471765,0.458148,0.457369,0.457999,0.447425,0.446474,0.455615,0.433733
2015020430,2016,1.0,0,0.607294,0.609333,0.583033,0.594588,0.590453,0.59549,0.594286,0.593767,0.601314,0.598575
2015020431,2016,1.0,0,0.644487,0.646261,0.642188,0.64676,0.643531,0.64532,0.649822,0.649709,0.647636,0.647158
2015020432,2016,1.0,0,0.372847,0.393936,0.400186,0.37756,0.373759,0.377244,0.359226,0.359358,0.367564,0.375578
2015020433,2016,1.0,2,0.421602,0.378024,0.404294,0.350194,0.351929,0.352943,0.33489,0.334677,0.347184,0.348209
2015020434,2016,0.0,1,0.644526,0.615721,0.585567,0.625749,0.625041,0.624273,0.634484,0.63469,0.633119,0.620359
2015020435,2016,1.0,0,0.621163,0.596279,0.616138,0.622936,0.620309,0.624809,0.617745,0.617722,0.614764,0.611778
2015020436,2016,1.0,2,0.372465,0.324947,0.338883,0.33614,0.337641,0.332857,0.344782,0.344621,0.344398,0.319916
2015020437,2016,1.0,0,0.601214,0.639538,0.601073,0.614157,0.618582,0.618941,0.604901,0.60465,0.613433,0.624648
2015020438,2016,0.0,1,0.523919,0.498208,0.481315,0.527101,0.525729,0.523052,0.528722,0.528616,0.517235,0.511448
2015020439,2016,0.0,3,0.502509,0.478983,0.470948,0.454559,0.452991,0.451967,0.438569,0.43799,0.448315,0.455495
2015020440,2016,1.0,0,0.52953,0.515184,0.491453,0.539035,0.531699,0.538896,0.541981,0.541774,0.536565,0.526235
2015020441,2016,0.0,1,0.563933,0.638023,0.611592,0.59449,0.597551,0.594748,0.58428,0.584217,0.569179,0.612761
2015020442,2016,0.0,3,0.533359,0.469028,0.466726,0.470117,0.47516,0.470997,0.456347,0.45632,0.465701,0.46034
2015020443,2016,1.0,2,0.445372,0.476061,0.474259,0.498986,0.49255,0.494312,0.510973,0.511504,0.498892,0.487421
2015020444,2016,0.0,1,0.519552,0.556871,0.536401,0.499193,0.49902,0.499951,0.509308,0.509392,0.503342,0.51693
2015020445,2016,1.0,0,0.607007,0.586149,0.583371,0.566842,0.561856,0.566436,0.56262,0.562241,0.57004,0.5702
2015020446,2016,0.0,1,0.596089,0.640654,0.603541,0.586798,0.580304,0.586707,0.579294,0.579026,0.57351,0.607085
2015020447,2016,1.0,0,0.619002,0.613289,0.63719,0.607015,0.600674,0.604524,0.59291,0.592566,0.596702,0.607999
2015020448,2016,0.0,3,0.679939,0.641227,0.638896,0.662,0.665082,0.665856,0.671943,0.672306,0.665306,0.653597
2015020449,2016,0.0,1,0.489178,0.512727,0.472938,0.499206,0.500852,0.497899,0.482827,0.482497,0.483343,0.500315
2015020450,2016,0.0,1,0.487666,0.477015,0.489896,0.479084,0.479227,0.47923,0.477911,0.477933,0.472915,0.472089
2015020451,2016,1.0,0,0.510828,0.438348,0.455872,0.47779,0.479387,0.477251,0.486534,0.486514,0.481831,0.454079
2015020452,2016,0.0,1,0.666455,0.69198,0.667433,0.679377,0.672811,0.680839,0.677158,0.676893,0.679256,0.686853
2015020453,2016,0.0,1,0.471087,0.477698,0.45163,0.417618,0.418878,0.417313,0.429356,0.429215,0.419575,0.43146
2015020454,2016,0.0,1,0.612942,0.59127,0.63077,0.601301,0.596982,0.60311,0.606534,0.606444,0.603199,0.595388
2015020455,2016,1.0,0,0.698996,0.724996,0.656949,0.718625,0.718871,0.722456,0.740645,0.740491,0.732821,0.725096
2015020456,2016,1.0,2,0.572819,0.551698,0.516038,0.539255,0.545455,0.542172,0.528141,0.528211,0.526071,0.539093
2015020457,2016,0.0,3,0.434854,0.51856,0.486471,0.468606,0.463707,0.46989,0.475273,0.475165,0.470726,0.484825
2015020458,2016,0.0,1,0.624698,0.623136,0.576577,0.60586,0.60806,0.60629,0.59266,0.592567,0.609734,0.610993
2015020459,2016,0.0,3,0.575883,0.622245,0.624754,0.602549,0.603826,0.604044,0.598705,0.598882,0.588342,0.610946
2015020460,2016,1.0,0,0.601986,0.623527,0.651367,0.634921,0.634753,0.632536,0.623665,0.623591,0.618808,0.632033
2015020461,2016,0.0,1,0.50792,0.529098,0.480347,0.497509,0.500886,0.49713,0.496408,0.496457,0.501705,0.504912
2015020462,2016,0.0,1,0.612162,0.668845,0.622246,0.563571,0.56326,0.565133,0.560259,0.559738,0.56951,0.603076
2015020463,2016,1.0,0,0.62886,0.68178,0.623416,0.636072,0.634511,0.636783,0.643257,0.643821,0.650393,0.655674
2015020464,2016,1.0,0,0.60528,0.610963,0.612164,0.584408,0.586684,0.586074,0.583097,0.582786,0.585976,0.592488
2015020465,2016,1.0,0,0.591353,0.55939,0.57525,0.600266,0.594094,0.598369,0.610915,0.611525,0.608436,0.582852
2015020466,2016,1.0,0,0.424744,0.370801,0.41743,0.392027,0.385941,0.390748,0.391026,0.391032,0.391101,0.373178
2015020467,2016,0.0,1,0.541538,0.530617,0.543453,0.538814,0.542516,0.539207,0.541779,0.541808,0.531723,0.531781
2015020468,2016,1.0,0,0.527146,0.552615,0.568837,0.535673,0.53823,0.537574,0.531987,0.532186,0.536726,0.539466
2015020469,2016,0.0,3,0.468678,0.492706,0.472423,0.460266,0.45829,0.460395,0.458723,0.458212,0.468446,0.466756
2015020470,2016,0.0,1,0.568438,0.53145,0.529422,0.544374,0.544604,0.543446,0.542921,0.542663,0.556839,0.534472
2015020471,2016,1.0,0,0.590027,0.542326,0.536498,0.53385,0.527658,0.532236,0.528315,0.52808,0.536477,0.53063
2015020472,2016,1.0,0,0.515141,0.538086,0.550967,0.532715,0.528098,0.531025,0.541841,0.542226,0.533931,0.532104
2015020473,2016,1.0,0,0.68645,0.697434,0.660391,0.677018,0.673851,0.677602,0.683925,0.683749,0.677914,0.686511
2015020474,2016,0.0,1,0.624753,0.652056,0.649834,0.634637,0.628629,0.637051,0.634993,0.635252,0.639845,0.642402
2015020475,2016,1.0,0,0.535405,0.465819,0.478297,0.509274,0.509061,0.508894,0.511043,0.510856,0.513255,0.48541
2015020476,2016,0.0,1,0.491184,0.505845,0.463356,0.470159,0.474929,0.471023,0.461246,0.461441,0.469839,0.477671
2015020477,2016,0.0,1,0.498842,0.541856,0.500163,0.488303,0.494293,0.489084,0.472419,0.472006,0.474855,0.504414
2015020478,2016,1.0,0,0.584952,0.568809,0.601747,0.545154,0.544547,0.547623,0.545644,0.54575,0.557145,0.549515
2015020479,2016,0.0,1,0.493167,0.55644,0.535809,0.499892,0.490535,0.495034,0.500981,0.501013,0.493529,0.518617
2015020480,2016,1.0,0,0.560878,0.551977,0.511087,0.533635,0.53426,0.532738,0.56859,0.568785,0.566216,0.536035
2015020481,2016,0.0,3,0.574433,0.644292,0.643149,0.648518,0.64527,0.647852,0.638487,0.638529,0.624802,0.651091
2015020482,2016,1.0,0,0.469725,0.520521,0.489715,0.497227,0.489278,0.493675,0.508777,0.509249,0.487595,0.503207
2015020483,2016,0.0,3,0.378399,0.375252,0.384508,0.398649,0.401921,0.398251,0.392991,0.39321,0.382107,0.381825
2015020484,2016,1.0,0,0.604698,0.630768,0.60996,0.622377,0.617889,0.624536,0.619956,0.619779,0.61839,0.626359
2015020485,2016,1.0,0,0.413614,0.418947,0.436472,0.423613,0.423927,0.422142,0.423004,0.422395,0.425628,0.414693
2015020486,2016,0.0,1,0.511765,0.462979,0.480613,0.48318,0.481924,0.486701,0.459419,0.459363,0.482535,0.467827
2015020487,2016,0.0,1,0.615775,0.602682,0.574823,0.590483,0.597154,0.589725,0.574671,0.574226,0.5684,0.592587
2015020488,2016,1.0,2,0.560572,0.536046,0.565829,0.523422,0.525543,0.519753,0.516281,0.515709,0.515829,0.522553
2015020489,2016,1.0,0,0.540991,0.543967,0.553231,0.539598,0.531542,0.536631,0.537695,0.53762,0.542296,0.537832
2015020490,2016,1.0,0,0.498867,0.542257,0.504676,0.526208,0.529818,0.525536,0.520226,0.520006,0.509423,0.530268
2015020491,2016,1.0,0,0.431539,0.434527,0.404292,0.390432,0.39848,0.389131,0.379826,0.379586,0.39272,0.397572
2015020492,2016,1.0,0,0.649506,0.59842,0.595402,0.65481,0.653045,0.65446,0.660354,0.660371,0.656165,0.633145
2015020493,2016,1.0,2,0.561684,0.563946,0.594985,0.564375,0.562085,0.565107,0.560188,0.559963,0.562575,0.561779
2015020494,2016,1.0,2,0.644275,0.633508,0.607084,0.620408,0.613545,0.61764,0.632528,0.632876,0.62502,0.624074
2015020495,2016,1.0,0,0.567696,0.574268,0.542764,0.583725,0.583287,0.580759,0.563693,0.56323,0.572992,0.578853
2015020496,2016,1.0,0,0.561424,0.614585,0.582269,0.608072,0.601594,0.609151,0.599014,0.599085,0.61163,0.612242
2015020497,2016,0.0,1,0.534755,0.544854,0.471264,0.542841,0.540584,0.542938,0.55071,0.550459,0.544532,0.540727
2015020498,2016,1.0,2,0.611115,0.600427,0.565806,0.557299,0.559102,0.557914,0.554914,0.554392,0.5573,0.569491
2015020499,2016,1.0,0,0.565327,0.514971,0.563231,0.547786,0.544177,0.549089,0.547221,0.546949,0.550874,0.530206
2015020500,2016,1.0,0,0.463342,0.473439,0.447583,0.462333,0.46577,0.464535,0.455895,0.456161,0.46137,0.460557
2015020501,2016,1.0,0,0.563572,0.615489,0.553825,0.576789,0.576787,0.576748,0.576469,0.576403,0.583105,0.591448
2015020502,2016,0.0,1,0.390286,0.466271,0.413378,0.412089,0.404361,0.411261,0.42724,0.427197,0.409941,0.427334
2015020503,2016,1.0,0,0.496137,0.533803,0.532081,0.523264,0.524631,0.525546,0.528692,0.52878,0.513648,0.524933
2015020504,2016,0.0,1,0.538255,0.510075,0.537544,0.526769,0.524927,0.527995,0.523166,0.523479,0.517897,0.515335
2015020505,2016,0.0,1,0.635946,0.544308,0.549736,0.602565,0.598755,0.603121,0.603702,0.603825,0.601271,0.575909
2015020506,2016,1.0,0,0.456166,0.429799,0.464374,0.448531,0.443953,0.449642,0.441064,0.440664,0.435782,0.433703
2015020507,2016,0.0,1,0.566588,0.563835,0.566129,0.580745,0.581136,0.580633,0.583456,0.584067,0.586851,0.572612
2015020508,2016,1.0,2,0.609255,0.580366,0.543459,0.620094,0.609237,0.618544,0.628513,0.628263,0.618636,0.604024
2015020509,2016,0.0,1,0.593063,0.635973,0.593665,0.600281,0.593974,0.599458,0.602018,0.601837,0.604689,0.614274
2015020510,2016,0.0,1,0.616073,0.62527,0.642934,0.626186,0.625928,0.625355,0.625916,0.62591,0.626784,0.626083
2015020511,2016,1.0,2,0.527136,0.552842,0.527183,0.538128,0.538728,0.539807,0.533795,0.533726,0.530116,0.541223
2015020512,2016,1.0,0,0.542027,0.513416,0.535338,0.550446,0.545497,0.552797,0.528899,0.528677,0.525746,0.532624
2015020513,2016,1.0,0,0.547896,0.56309,0.564739,0.568494,0.571086,0.568247,0.565235,0.565112,0.564662,0.56495
2015020514,2016,1.0,0,0.537778,0.491362,0.50813,0.52266,0.52283,0.518835,0.531961,0.531608,0.513803,0.504883
2015020515,2016,1.0,0,0.520454,0.509271,0.481893,0.491779,0.500484,0.491989,0.490728,0.490905,0.493835,0.492205
2015020516,2016,0.0,1,0.596492,0.628167,0.581243,0.583148,0.587434,0.5867,0.581903,0.581761,0.587277,0.599328
2015020517,2016,0.0,1,0.704853,0.656925,0.679869,0.670499,0.665663,0.670289,0.667169,0.667138,0.678014,0.664396
2015020518,2016,1.0,0,0.61934,0.657923,0.591484,0.63352,0.631051,0.62956,0.636063,0.636128,0.653349,0.644379
2015020519,2016,1.0,0,0.595748,0.523649,0.58076,0.542841,0.537551,0.542679,0.546401,0.546235,0.547059,0.52875
2015020520,2016,1.0,0,0.515502,0.588179,0.540592,0.504239,0.50008,0.504226,0.519117,0.518938,0.505539,0.533665
2015020521,2016,1.0,2,0.527042,0.489555,0.496827,0.498794,0.494278,0.499009,0.499449,0.499329,0.495973,0.488515
2015020522,2016,0.0,1,0.561054,0.564915,0.562833,0.539134,0.550528,0.543512,0.540556,0.540424,0.533393,0.545104
2015020523,2016,0.0,1,0.598788,0.547179,0.591307,0.58413,0.579861,0.585298,0.58315,0.583565,0.591258,0.566416
2015020524,2016,0.0,3,0.41887,0.360825,0.403258,0.384185,0.391831,0.384,0.374406,0.373941,0.382175,0.36415
2015020525,2016,1.0,2,0.618531,0.604544,0.541989,0.57353,0.575067,0.570981,0.587214,0.586807,0.58717,0.581755
2015020526,2016,1.0,0,0.519457,0.544225,0.463492,0.491796,0.495743,0.493217,0.503862,0.503569,0.499813,0.506676
2015020527,2016,1.0,0,0.58091,0.645081,0.568885,0.615108,0.606524,0.611498,0.64509,0.645515,0.631601,0.628642
2015020528,2016,0.0,1,0.63712,0.600343,0.600373,0.604311,0.605527,0.604688,0.599938,0.60036,0.600078,0.59985
2015020529,2016,1.0,0,0.567639,0.571203,0.569917,0.532931,0.532962,0.533494,0.534042,0.53422,0.544,0.543169
2015020530,2016,0.0,1,0.673761,0.659555,0.603119,0.651268,0.650644,0.64859,0.648583,0.64857,0.645376,0.654124
2015020531,2016,1.0,0,0.539672,0.556756,0.512316,0.52697,0.53207,0.526315,0.518833,0.519041,0.523373,0.534624
2015020532,2016,0.0,3,0.648418,0.637067,0.601076,0.747303,0.723269,0.742582,0.718982,0.718843,0.707351,0.713901
2015020533,2016,1.0,0,0.584014,0.593506,0.588425,0.587053,0.590238,0.58656,0.572648,0.572351,0.58522,0.588162
2015020534,2016,1.0,0,0.626558,0.658432,0.602709,0.65569,0.652456,0.650692,0.658569,0.658686,0.63974,0.65912
2015020535,2016,0.0,1,0.35429,0.410884,0.336076,0.375346,0.375076,0.373444,0.370048,0.370038,0.36581,0.381882
2015020536,2016,0.0,3,0.553234,0.524551,0.527037,0.523434,0.522676,0.526213,0.527231,0.526897,0.540124,0.518221
2015020537,2016,1.0,0,0.493447,0.522364,0.550013,0.500516,0.511979,0.511432,0.506253,0.506189,0.491755,0.504942
2015020538,2016,1.0,0,0.585884,0.532898,0.565869,0.552067,0.555272,0.554817,0.558636,0.558929,0.55705,0.539366
2015020539,2016,0.0,1,0.488632,0.438288,0.402214,0.432058,0.434913,0.430472,0.436437,0.436174,0.435952,0.424389
2015020540,2016,0.0,1,0.550615,0.626623,0.594101,0.561359,0.556836,0.56041,0.558818,0.558838,0.540619,0.586493
2015020541,2016,1.0,0,0.571712,0.601269,0.612552,0.596779,0.596163,0.595549,0.580006,0.580221,0.58597,0.598592
2015020542,2016,0.0,1,0.472694,0.499526,0.507458,0.47266,0.477358,0.472295,0.48158,0.481172,0.46825,0.477754
2015020543,2016,1.0,0,0.571317,0.521251,0.513245,0.538091,0.541506,0.537828,0.506228,0.506164,0.528691,0.525857
2015020544,2016,1.0,0,0.439481,0.401604,0.403715,0.409679,0.405805,0.40976,0.389866,0.389455,0.393458,0.396871
2015020545,2016,1.0,0,0.503679,0.509608,0.501597,0.50381,0.49707,0.502134,0.504883,0.505181,0.507065,0.501389
2015020546,2016,1.0,2,0.585801,0.537177,0.538645,0.571555,0.563837,0.568559,0.577176,0.577127,0.578601,0.554425
2015020547,2016,1.0,0,0.544552,0.534059,0.527331,0.519552,0.524899,0.518647,0.517475,0.517654,0.515205,0.519964
2015020548,2016,0.0,1,0.540145,0.495321,0.504018,0.508831,0.499068,0.505699,0.52344,0.523374,0.507943,0.496995
2015020549,2016,0.0,1,0.40404,0.360058,0.380447,0.407006,0.407249,0.406113,0.397161,0.397066,0.398445,0.379708
2015020550,2016,0.0,1,0.405771,0.372255,0.401462,0.375653,0.378902,0.376957,0.363816,0.363779,0.368158,0.363806
2015020551,2016,0.0,3,0.610162,0.61757,0.574205,0.58636,0.589385,0.584914,0.581918,0.582154,0.583166,0.596304
2015020552,2016,1.0,0,0.736694,0.683406,0.731277,0.704928,0.707864,0.706008,0.703501,0.703447,0.705507,0.696911
2015020553,2016,0.0,1,0.60274,0.61411,0.567003,0.579076,0.578256,0.579357,0.58691,0.586759,0.581225,0.590349
2015020554,2016,0.0,1,0.535113,0.57869,0.560699,0.519787,0.534254,0.529092,0.513514,0.513378,0.518237,0.53914
2015020555,2016,1.0,0,0.590733,0.597384,0.61696,0.621898,0.617904,0.62114,0.612332,0.612233,0.605845,0.613113
2015020556,2016,0.0,1,0.417019,0.422835,0.404786,0.384305,0.391287,0.3836,0.375567,0.375244,0.371021,0.389461
2015020557,2016,0.0,1,0.549147,0.555007,0.538106,0.566065,0.568234,0.566437,0.561295,0.561453,0.565461,0.559918
2015020558,2016,1.0,0,0.382684,0.467333,0.419288,0.411268,0.403549,0.412072,0.412736,0.412351,0.404747,0.427614
2015020559,2016,0.0,1,0.557574,0.549946,0.510099,0.529834,0.526385,0.52879,0.520477,0.520174,0.527097,0.532796
2015020560,2016,0.0,3,0.50209,0.445753,0.459323,0.520073,0.518182,0.51861,0.51605,0.516332,0.506084,0.486192
2015020561,2016,1.0,0,0.608307,0.589216,0.601467,0.562491,0.567168,0.560888,0.548834,0.548686,0.565885,0.568461
2015020562,2016,0.0,1,0.480685,0.430369,0.431682,0.454108,0.449126,0.453699,0.457773,0.457745,0.4508,0.436414
2015020563,2016,0.0,1,0.446662,0.409955,0.43611,0.423764,0.418311,0.422887,0.417353,0.417037,0.416307,0.409381
2015020564,2016,1.0,0,0.461593,0.45094,0.463872,0.416107,0.426286,0.421635,0.409116,0.408991,0.420772,0.420114
2015020565,2016,0.0,1,0.555493,0.514994,0.570596,0.519989,0.515741,0.519114,0.513348,0.513517,0.51862,0.511833
2015020566,2016,1.0,2,0.519242,0.474233,0.418227,0.452855,0.452377,0.44991,0.448264,0.448216,0.448388,0.451524
2015020567,2016,0.0,1,0.452773,0.428424,0.43285,0.391959,0.399414,0.393212,0.399055,0.398998,0.395168,0.395079
2015020568,2016,1.0,2,0.534589,0.536477,0.532728,0.543434,0.535402,0.541759,0.540455,0.540329,0.533506,0.537695
2015020569,2016,1.0,0,0.653196,0.653267,0.659916,0.656162,0.658341,0.659342,0.661516,0.661516,0.649522,0.655947
2015020570,2016,1.0,0,0.446113,0.495784,0.502205,0.454568,0.4553,0.455184,0.455164,0.454987,0.45627,0.465334
2015020571,2016,1.0,2,0.539276,0.591191,0.505981,0.526822,0.532732,0.528955,0.530193,0.530036,0.535464,0.548912
2015020572,2016,1.0,0,0.490376,0.549709,0.528355,0.472406,0.481871,0.478344,0.465464,0.465494,0.472191,0.497316
2015020573,2016,1.0,2,0.444607,0.37993,0.405435,0.394031,0.389778,0.394813,0.39854,0.398382,0.391243,0.377263
2015020574,2016,1.0,0,0.523518,0.574529,0.543736,0.527273,0.529097,0.527309,0.51988,0.519597,0.524789,0.543065
2015020575,2016,0.0,3,0.486755,0.496834,0.505458,0.445152,0.442014,0.44541,0.441025,0.440913,0.448168,0.457207
2015020576,2016,1.0,2,0.424271,0.454183,0.401937,0.433591,0.432524,0.432222,0.422502,0.422036,0.427111,0.435265
2015020577,2016,0.0,1,0.57807,0.525838,0.552412,0.586026,0.583324,0.585587,0.573722,0.573527,0.584168,0.560157
2015020578,2016,0.0,1,0.562094,0.569458,0.578391,0.555001,0.548039,0.55516,0.546143,0.546033,0.547039,0.557673
2015020579,2016,1.0,0,0.501979,0.478155,0.466977,0.479707,0.469966,0.480331,0.481515,0.481708,0.476005,0.472225
2015020580,2016,1.0,0,0.516353,0.551271,0.503721,0.500034,0.501249,0.501542,0.501726,0.501426,0.49912,0.515344
2015020581,2016,1.0,0,0.607458,0.609372,0.615415,0.574315,0.572428,0.574639,0.561316,0.560816,0.568926,0.584905
2015020582,2016,1.0,0,0.55535,0.585641,0.576938,0.543135,0.548559,0.54422,0.558497,0.558609,0.563292,0.556732
2015020583,2016,0.0,1,0.532411,0.449075,0.514262,0.451937,0.463419,0.45385,0.454756,0.454781,0.46215,0.439938
2015020584,2016,0.0,3,0.58517,0.588797,0.566424,0.6223,0.616803,0.620341,0.614821,0.614676,0.611628,0.610204
2015020585,2016,1.0,0,0.48737,0.410079,0.429757,0.523004,0.515895,0.520532,0.518969,0.519336,0.507568,0.474008
2015020586,2016,1.0,2,0.514802,0.468152,0.481987,0.481265,0.481859,0.480756,0.465486,0.465328,0.47798,0.468498
2015020587,2016,0.0,1,0.616151,0.600472,0.530728,0.580256,0.576485,0.578607,0.581255,0.580866,0.585207,0.58473
2015020588,2016,0.0,1,0.496005,0.502171,0.496074,0.500344,0.495257,0.498556,0.489627,0.489701,0.494698,0.496388
2015020589,2016,0.0,1,0.422972,0.435187,0.416097,0.395341,0.395956,0.394848,0.393977,0.394148,0.39448,0.401629
2015020590,2016,1.0,0,0.541756,0.519416,0.469528,0.50133,0.491539,0.494148,0.524684,0.524727,0.521551,0.501724
2015020591,2016,1.0,0,0.454449,0.433357,0.448853,0.416053,0.410015,0.416727,0.411145,0.411131,0.410824,0.413328
2015020592,2016,0.0,3,0.486811,0.521632,0.506106,0.498516,0.49286,0.498057,0.492597,0.492422,0.486494,0.503635
2015020593,2016,0.0,1,0.482646,0.479746,0.451445,0.447739,0.45341,0.44951,0.44002,0.439906,0.444769,0.452216
2015020594,2016,0.0,1,0.561918,0.591047,0.578864,0.574239,0.577055,0.577046,0.576494,0.576338,0.570607,0.579632
2015020595,2016,1.0,0,0.501892,0.477306,0.478515,0.453504,0.445463,0.454953,0.452454,0.4527,0.437078,0.454126
2015020596,2016,1.0,0,0.626465,0.681694,0.606592,0.634973,0.636957,0.633618,0.632883,0.632507,0.632084,0.655032
2015020597,2016,1.0,0,0.617496,0.584712,0.582143,0.555542,0.56189,0.556183,0.550624,0.5504,0.56647,0.561384
2015020598,2016,1.0,2,0.525272,0.464651,0.488542,0.50842,0.502989,0.506738,0.496759,0.496913,0.502523,0.484886
2015020599,2016,1.0,0,0.590997,0.528289,0.464588,0.513196,0.519281,0.511394,0.513672,0.513425,0.52895,0.510777
2015020600,2016,0.0,1,0.61188,0.616801,0.598145,0.573458,0.578804,0.574152,0.565254,0.565309,0.582327,0.587211
2015020601,2016,0.0,1,0.478233,0.508677,0.467463,0.495066,0.493964,0.498307,0.496617,0.49647,0.497247,0.496421
2015020602,2016,0.0,1,0.536324,0.53412,0.503626,0.517486,0.520663,0.519459,0.524598,0.52473,0.530344,0.519024
2015020603,2016,0.0,3,0.636234,0.597925,0.647756,0.636957,0.635081,0.637559,0.626062,0.625992,0.622067,0.621281
2015020604,2016,1.0,2,0.608288,0.632551,0.614791,0.612183,0.614701,0.614944,0.609838,0.60964,0.619426,0.620039
2015020605,2016,0.0,1,0.627769,0.62422,0.602672,0.627938,0.620966,0.63062,0.633492,0.633368,0.619497,0.626226
2015020606,2016,1.0,0,0.649789,0.64565,0.621409,0.632855,0.636323,0.631771,0.644725,0.644706,0.636495,0.637221
2015020607,2016,0.0,1,0.555988,0.580982,0.570518,0.519679,0.520567,0.52042,0.508938,0.508868,0.509167,0.538922
2015020608,2016,0.0,1,0.479346,0.458603,0.482212,0.474462,0.475562,0.476532,0.478104,0.477794,0.468901,0.461837
2015020609,2016,1.0,0,0.512164,0.563867,0.548444,0.503413,0.502328,0.504442,0.519777,0.519483,0.518445,0.52309
2015020610,2016,1.0,0,0.728338,0.710548,0.713207,0.713215,0.710799,0.713416,0.716428,0.716074,0.714726,0.714012
2015020611,2016,1.0,0,0.562387,0.45676,0.47614,0.521727,0.516116,0.521563,0.509054,0.509183,0.51347,0.488679
2015020612,2016,0.0,1,0.420566,0.404978,0.431905,0.385787,0.381263,0.389268,0.374431,0.374727,0.378576,0.383115
2015020613,2016,1.0,2,0.520417,0.554675,0.550861,0.506352,0.509384,0.507379,0.499852,0.499899,0.510693,0.520821
2015020614,2016,0.0,3,0.512733,0.552666,0.466469,0.51131,0.503105,0.504535,0.519054,0.51921,0.514431,0.52375
2015020615,2016,1.0,0,0.492489,0.504044,0.459935,0.476319,0.474798,0.474558,0.468542,0.468397,0.474498,0.481046
2015020616,2016,0.0,1,0.59799,0.602447,0.56649,0.59497,0.598869,0.592608,0.588376,0.588604,0.596774,0.596478
2015020617,2016,1.0,2,0.51036,0.545931,0.469716,0.504244,0.508536,0.505567,0.509346,0.50889,0.498221,0.5163
2015020618,2016,0.0,3,0.576336,0.515101,0.534914,0.524432,0.527382,0.525125,0.508403,0.507887,0.519548,0.513775
2015020619,2016,1.0,0,0.590468,0.593954,0.583292,0.577558,0.579793,0.576119,0.566869,0.566978,0.568209,0.581577
2015020620,2016,0.0,1,0.57045,0.598152,0.555176,0.564074,0.56759,0.563728,0.555906,0.555889,0.565121,0.575279
2015020621,2016,1.0,0,0.474305,0.432533,0.454824,0.43296,0.438836,0.431383,0.444859,0.444937,0.43858,0.423389
2015020622,2016,0.0,3,0.491246,0.471696,0.433569,0.440869,0.442339,0.441547,0.437212,0.437428,0.44375,0.44382
2015020623,2016,0.0,3,0.582871,0.607785,0.615677,0.579939,0.579533,0.579939,0.589282,0.589401,0.592842,0.589336
2015020624,2016,0.0,1,0.665249,0.657379,0.654874,0.661539,0.661906,0.658336,0.666688,0.666624,0.671714,0.660642
2015020625,2016,1.0,0,0.646402,0.59896,0.639485,0.61797,0.615337,0.617285,0.608877,0.608747,0.619076,0.608098
2015020626,2016,1.0,0,0.611287,0.664309,0.639757,0.570498,0.57657,0.571176,0.589895,0.589382,0.589346,0.605693
2015020627,2016,0.0,1,0.633302,0.620762,0.632347,0.616971,0.613586,0.616082,0.621207,0.620587,0.6171,0.617065
2015020628,2016,0.0,1,0.558716,0.589328,0.575831,0.526866,0.533966,0.529767,0.521923,0.522147,0.529286,0.547131
2015020629,2016,0.0,1,0.429759,0.423357,0.437313,0.420357,0.416066,0.419773,0.41065,0.410987,0.413155,0.41345
2015020630,2016,1.0,0,0.572343,0.583609,0.522094,0.561439,0.557928,0.556244,0.555528,0.555434,0.554199,0.567347
2015020631,2016,0.0,1,0.54028,0.51522,0.489196,0.484885,0.48855,0.488332,0.486142,0.486378,0.487396,0.488923
2015020632,2016,1.0,2,0.500112,0.52489,0.440949,0.473883,0.475901,0.471815,0.463669,0.463812,0.474016,0.487553
2015020633,2016,1.0,0,0.607789,0.6364,0.630371,0.607216,0.611408,0.60678,0.606571,0.606794,0.601152,0.618336
2015020634,2016,1.0,0,0.600569,0.605831,0.58767,0.576081,0.575621,0.577937,0.575083,0.575238,0.585808,0.584983
2015020635,2016,1.0,2,0.485561,0.503835,0.488374,0.47494,0.472043,0.474623,0.47401,0.474186,0.478141,0.48039
2015020636,2016,1.0,0,0.616268,0.639296,0.598328,0.634684,0.629788,0.631757,0.651831,0.651557,0.626831,0.637592
2015020637,2016,0.0,1,0.69694,0.667578,0.704399,0.708978,0.707071,0.710959,0.712676,0.712621,0.721752,0.69563
2015020638,2016,0.0,1,0.537636,0.535331,0.517503,0.503233,0.505242,0.498135,0.506162,0.506263,0.498831,0.509791
2015020639,2016,1.0,0,0.641551,0.591963,0.610452,0.567985,0.562765,0.569766,0.565578,0.565399,0.572343,0.571485
2015020640,2016,0.0,1,0.521641,0.454678,0.471929,0.501258,0.498235,0.504949,0.503817,0.504085,0.492226,0.47611
2015020641,2016,1.0,2,0.577157,0.54817,0.570468,0.539293,0.542821,0.539049,0.559946,0.559845,0.551431,0.53743
2015020642,2016,0.0,1,0.54079,0.599358,0.579856,0.581416,0.574376,0.580896,0.592704,0.592561,0.584809,0.589016
2015020643,2016,1.0,0,0.481747,0.522525,0.451002,0.45985,0.458931,0.458651,0.449309,0.44915,0.458893,0.478002
2015020644,2016,1.0,0,0.516472,0.558629,0.523316,0.529403,0.533039,0.537662,0.531411,0.531741,0.521495,0.538268
2015020645,2016,1.0,0,0.551309,0.586063,0.585698,0.541128,0.53728,0.541413,0.513281,0.513281,0.52805,0.555769
2015020646,2016,1.0,0,0.502623,0.490729,0.537398,0.478297,0.482556,0.485118,0.470529,0.470343,0.480281,0.476393
2015020647,2016,1.0,0,0.675841,0.671702,0.72662,0.660382,0.658999,0.659618,0.654719,0.654658,0.652305,0.665193
2015020648,2016,0.0,1,0.508127,0.570414,0.488234,0.55042,0.554532,0.550201,0.531356,0.531465,0.538263,0.557797
2015020649,2016,0.0,1,0.638942,0.604842,0.57876,0.620834,0.623909,0.619102,0.627167,0.626942,0.622676,0.612864
2015020650,2016,1.0,2,0.55009,0.511624,0.508434,0.511872,0.509046,0.509638,0.491811,0.491965,0.49692,0.505228
2015020651,2016,1.0,0,0.593846,0.563894,0.5429,0.613601,0.602691,0.613044,0.606159,0.605961,0.600085,0.593723
2015020652,2016,0.0,3,0.484165,0.447996,0.498348,0.426443,0.43079,0.427821,0.441133,0.441119,0.437607,0.42477
2015020653,2016,1.0,2,0.659378,0.652155,0.665012,0.664291,0.662601,0.669603,0.67782,0.677349,0.673789,0.660697
2015020654,2016,0.0,1,0.406503,0.420583,0.403018,0.398387,0.395924,0.395654,0.397886,0.397747,0.390356,0.398677
2015020655,2016,0.0,1,0.404444,0.466098,0.440541,0.441857,0.437617,0.441207,0.432888,0.432635,0.432687,0.446802
2015020656,2016,0.0,3,0.527992,0.588438,0.60142,0.591835,0.581569,0.592352,0.593429,0.593536,0.587041,0.592221
2015020657,2016,1.0,2,0.593934,0.585226,0.557815,0.566354,0.571086,0.562473,0.564452,0.564165,0.577976,0.570193
2015020658,2016,0.0,1,0.598313,0.593574,0.605101,0.607893,0.600927,0.609725,0.606081,0.606108,0.605605,0.601601
2015020659,2016,1.0,0,0.496653,0.481038,0.531596,0.482749,0.483005,0.482958,0.469813,0.469747,0.464476,0.47575
2015020660,2016,0.0,3,0.462156,0.496269,0.472833,0.446192,0.451483,0.448778,0.434496,0.434589,0.440879,0.458979
2015020661,2016,0.0,1,0.615579,0.659465,0.648658,0.596786,0.591746,0.59477,0.586757,0.586636,0.59228,0.620761
2015020662,2016,1.0,0,0.647911,0.591531,0.612314,0.618895,0.622662,0.620284,0.618581,0.619017,0.620119,0.605627
2015020663,2016,1.0,0,0.326885,0.345349,0.323123,0.319506,0.309458,0.318831,0.318327,0.317921,0.308831,0.319267
2015020664,2016,1.0,0,0.502612,0.509943,0.528119,0.443605,0.456606,0.44527,0.44526,0.445125,0.438802,0.46067
2015020665,2016,1.0,2,0.538744,0.5031,0.510918,0.499346,0.49159,0.498731,0.486784,0.48649,0.490889,0.493832
2015020666,2016,1.0,0,0.499634,0.580043,0.501333,0.522248,0.520566,0.520033,0.513973,0.513845,0.517228,0.54323
2015020667,2016,0.0,1,0.521849,0.528301,0.520406,0.487702,0.484922,0.483971,0.498469,0.498227,0.494564,0.497194
2015020668,2016,1.0,2,0.448832,0.44864,0.438964,0.414136,0.412694,0.410612,0.40289,0.402901,0.406439,0.418506
2015020669,2016,1.0,2,0.508888,0.508926,0.547156,0.49228,0.488758,0.492677,0.505706,0.505521,0.493455,0.493014
2015020670,2016,1.0,0,0.60043,0.584786,0.576164,0.56487,0.57018,0.567045,0.561171,0.560767,0.559613,0.568656
2015020671,2016,0.0,3,0.593067,0.617783,0.657076,0.606426,0.599601,0.60677,0.600123,0.600261,0.599712,0.610823
2015020672,2016,1.0,0,0.584999,0.615114,0.579467,0.571148,0.577132,0.574791,0.578407,0.57821,0.573228,0.586382
2015020673,2016,1.0,0,0.59333,0.587208,0.610306,0.59199,0.603743,0.596378,0.59741,0.597555,0.590361,0.58843
2015020674,2016,1.0,0,0.604568,0.568719,0.590284,0.564826,0.561339,0.562738,0.573738,0.573616,0.566198,0.561756
2015020675,2016,0.0,3,0.57921,0.578151,0.563254,0.59077,0.591193,0.587838,0.592134,0.592187,0.59022,0.584633
2015020676,2016,0.0,1,0.505568,0.515806,0.511692,0.50246,0.506216,0.504033,0.50134,0.501479,0.505249,0.502922
2015020677,2016,0.0,1,0.657124,0.6036,0.637767,0.617737,0.62477,0.61862,0.603521,0.602891,0.616357,0.609239
2015020678,2016,1.0,0,0.574595,0.515669,0.500803,0.573086,0.568807,0.570945,0.564118,0.564028,0.566997,0.547306
2015020679,2016,0.0,1,0.536683,0.571715,0.566368,0.532252,0.534131,0.53261,0.521406,0.521522,0.517128,0.544564
2015020680,2016,0.0,1,0.578308,0.594786,0.589968,0.554207,0.55433,0.554015,0.575102,0.574969,0.576316,0.566806
2015020681,2016,0.0,3,0.565995,0.581263,0.598556,0.582197,0.568723,0.581827,0.559728,0.559482,0.564226,0.580773
2015020682,2016,1.0,0,0.516894,0.464261,0.482591,0.457816,0.458327,0.459037,0.442639,0.442599,0.449775,0.450932
2015020683,2016,1.0,2,0.624178,0.658842,0.650615,0.650689,0.64222,0.649873,0.656176,0.656077,0.656133,0.656038
2015020684,2016,0.0,1,0.587282,0.574655,0.529068,0.557391,0.559468,0.557847,0.566225,0.566656,0.567924,0.5601
2015020685,2016,0.0,1,0.404321,0.392795,0.387176,0.387639,0.392641,0.387099,0.39152,0.391296,0.385578,0.380274
2015020686,2016,0.0,1,0.542325,0.573378,0.530294,0.522443,0.526937,0.522287,0.517884,0.517663,0.520831,0.538332
2015020687,2016,1.0,0,0.689276,0.698142,0.679538,0.674687,0.680756,0.67803,0.685728,0.685245,0.680021,0.685103
2015020688,2016,0.0,1,0.442381,0.519407,0.474419,0.48899,0.488146,0.488568,0.485255,0.484954,0.478977,0.498617
2015020689,2016,1.0,0,0.556731,0.54408,0.596161,0.525643,0.527068,0.523665,0.513013,0.512915,0.511437,0.527578
2015020690,2016,0.0,1,0.508948,0.570099,0.536322,0.498077,0.504096,0.497015,0.512351,0.512513,0.5109,0.52225
2015020691,2016,1.0,0,0.657657,0.614764,0.605048,0.655819,0.653081,0.654289,0.664435,0.664279,0.66393,0.639915
2015020692,2016,1.0,0,0.530047,0.576998,0.542186,0.513356,0.511913,0.513618,0.502784,0.502604,0.510073,0.534356
2015020693,2016,0.0,1,0.616241,0.666468,0.677272,0.688062,0.678502,0.688129,0.686947,0.687107,0.678873,0.68484
2015020694,2016,1.0,0,0.510806,0.500294,0.516494,0.512718,0.510666,0.511948,0.494299,0.493988,0.499622,0.50323
2015020695,2016,1.0,0,0.582314,0.614967,0.613261,0.582536,0.584629,0.584343,0.573964,0.573689,0.57442,0.594114
2015020696,2016,0.0,1,0.521027,0.500508,0.527957,0.503953,0.512963,0.504825,0.498598,0.498433,0.503246,0.496831
2015020697,2016,0.0,3,0.545407,0.501942,0.52897,0.510773,0.508034,0.507809,0.504813,0.503992,0.51417,0.500753
2015020698,2016,1.0,0,0.503974,0.54918,0.509506,0.533729,0.531171,0.530555,0.531054,0.531039,0.520891,0.537949
2015020699,2016,0.0,1,0.554994,0.53195,0.517613,0.516252,0.514426,0.515337,0.5023,0.502427,0.512368,0.516301
2015020700,2016,1.0,0,0.688087,0.704052,0.668783,0.70388,0.700102,0.704028,0.706158,0.706003,0.704896,0.707174
2015020701,2016,0.0,1,0.45525,0.436516,0.430698,0.407884,0.407872,0.407094,0.420879,0.420986,0.415837,0.409028
2015020702,2016,0.0,1,0.587072,0.626272,0.594128,0.58137,0.573112,0.578761,0.578012,0.578267,0.573221,0.597832
2015020703,2016,0.0,1,0.453169,0.427224,0.443202,0.409048,0.406425,0.410352,0.405192,0.404904,0.402514,0.406168
2015020705,2016,0.0,1,0.437022,0.467664,0.495229,0.433805,0.425568,0.436271,0.430282,0.430104,0.432645,0.44022
2015020706,2016,0.0,1,0.530601,0.471364,0.488605,0.46303,0.4743,0.463858,0.456095,0.455898,0.458367,0.456647
2015020707,2016,1.0,0,0.454591,0.501233,0.453293,0.500723,0.50129,0.501118,0.514284,0.514426,0.504246,0.498453
2015020708,2016,1.0,2,0.522234,0.528531,0.509824,0.502654,0.50537,0.502882,0.511756,0.511804,0.516715,0.507411
2015020709,2016,1.0,0,0.568538,0.677283,0.672969,0.613055,0.608863,0.614581,0.605526,0.605244,0.605855,0.641592
2015020710,2016,1.0,0,0.536642,0.581415,0.563708,0.553755,0.550652,0.553773,0.558396,0.558477,0.55255,0.563121
2015020711,2016,1.0,2,0.633766,0.629094,0.606292,0.637879,0.626186,0.638789,0.649437,0.649658,0.65161,0.634665
2015020712,2016,0.0,3,0.459168,0.410396,0.468972,0.435168,0.426302,0.435304,0.430812,0.43005,0.434058,0.416568
2015020713,2016,0.0,1,0.535079,0.530029,0.487061,0.514272,0.50836,0.514949,0.522524,0.522113,0.523425,0.515226
2015020714,2016,1.0,0,0.502621,0.472321,0.483616,0.473974,0.475498,0.476902,0.474932,0.474688,0.478348,0.465916
2015020715,2016,0.0,1,0.562106,0.609936,0.556023,0.576525,0.570754,0.573471,0.57311,0.572713,0.568175,0.589021
2015020717,2016,0.0,1,0.586801,0.646219,0.614732,0.606671,0.607981,0.605915,0.599594,0.59971,0.60448,0.623184
2015020718,2016,1.0,0,0.410775,0.407679,0.408584,0.378433,0.381363,0.38047,0.393758,0.393636,0.39133,0.379718
2015020719,2016,0.0,1,0.459828,0.435112,0.431781,0.407864,0.403481,0.406341,0.402217,0.402236,0.410523,0.408213
2015020721,2016,1.0,0,0.476969,0.447256,0.461843,0.440688,0.446211,0.441932,0.446854,0.446931,0.447986,0.434482
2015020722,2016,1.0,0,0.497831,0.536682,0.544803,0.494514,0.494914,0.49511,0.498258,0.498372,0.494813,0.506542
2015020723,2016,1.0,0,0.604595,0.616803,0.607794,0.573988,0.576284,0.573116,0.579759,0.579691,0.587531,0.58796
2015020724,2016,0.0,3,0.519925,0.525162,0.543329,0.543552,0.547236,0.545992,0.547139,0.546877,0.545626,0.533906
2015020725,2016,0.0,1,0.58012,0.560692,0.578791,0.569969,0.569249,0.56993,0.564562,0.56455,0.567632,0.563267
2015020726,2016,1.0,0,0.706954,0.688169,0.680451,0.680818,0.682606,0.679772,0.690158,0.689914,0.692102,0.684097
2015020727,2016,0.0,1,0.473432,0.503183,0.453242,0.44024,0.44466,0.441736,0.428297,0.428033,0.435069,0.457145
2015020728,2016,1.0,0,0.473876,0.426961,0.455482,0.445004,0.443656,0.443299,0.432927,0.432461,0.43065,0.429238
2015020729,2016,1.0,0,0.606557,0.667582,0.621909,0.638962,0.643582,0.640021,0.636847,0.636968,0.646172,0.652709
2015020730,2016,0.0,3,0.656031,0.614727,0.631547,0.663487,0.659943,0.662737,0.656425,0.656077,0.65818,0.645308
2015020731,2016,0.0,1,0.580228,0.520804,0.507056,0.516324,0.504966,0.51434,0.516205,0.515858,0.518867,0.510404
2015020732,2016,1.0,0,0.580408,0.661899,0.613939,0.576795,0.574644,0.577718,0.58114,0.580653,0.574023,0.610412
2015020733,2016,1.0,0,0.402991,0.479021,0.449585,0.42514,0.417465,0.426691,0.419517,0.419595,0.406552,0.440741
2015020734,2016,0.0,1,0.612241,0.656319,0.602497,0.61782,0.619769,0.617939,0.619287,0.619426,0.628833,0.633582
2015020735,2016,0.0,1,0.657132,0.650909,0.629816,0.679209,0.682502,0.680027,0.685049,0.685166,0.683304,0.670525
2015020736,2016,1.0,0,0.632603,0.618531,0.594142,0.616425,0.617715,0.615646,0.615143,0.615192,0.613533,0.615813
2015020737,2016,1.0,0,0.604344,0.614147,0.566465,0.628624,0.624749,0.624813,0.618358,0.618336,0.621445,0.623806
2015020738,2016,0.0,1,0.536659,0.450291,0.432442,0.431397,0.440161,0.434006,0.438622,0.43839,0.447407,0.426341
2015020739,2016,1.0,0,0.54746,0.624766,0.625479,0.5664,0.567631,0.568537,0.563335,0.5629,0.560075,0.589235
2015020740,2016,1.0,0,0.669602,0.709128,0.640676,0.687357,0.687897,0.683792,0.677368,0.677538,0.675192,0.69916
2015020741,2016,0.0,3,0.692465,0.686742,0.671991,0.693559,0.70182,0.695859,0.681546,0.681834,0.689284,0.692915
2015020742,2016,0.0,1,0.536087,0.506116,0.493644,0.507288,0.505561,0.507003,0.510033,0.510249,0.498763,0.500599
2015020743,2016,0.0,1,0.5902,0.68574,0.64929,0.623558,0.623082,0.623715,0.619987,0.62013,0.610936,0.651077
2015020744,2016,0.0,3,0.657289,0.652625,0.629899,0.67001,0.669699,0.668693,0.660439,0.660974,0.665857,0.6649
2015020745,2016,1.0,0,0.460146,0.429329,0.448372,0.471214,0.471124,0.473855,0.454957,0.454822,0.459544,0.44857
2015020746,2016,1.0,0,0.544775,0.576536,0.529206,0.530792,0.528225,0.530511,0.521149,0.521253,0.53258,0.545159
2015020747,2016,1.0,0,0.503396,0.467471,0.479894,0.472571,0.46986,0.472134,0.473529,0.473386,0.469822,0.462937
2015020748,2016,1.0,0,0.5664,0.622129,0.619768,0.575486,0.566656,0.576972,0.552908,0.552126,0.559205,0.59322
2015020749,2016,0.0,1,0.635968,0.59329,0.603499,0.624695,0.628913,0.627359,0.621019,0.621058,0.619063,0.610979
2015020750,2016,0.0,1,0.520481,0.560771,0.559543,0.533041,0.532034,0.532641,0.528394,0.528113,0.52922,0.541406
2015020751,2016,0.0,1,0.483977,0.43252,0.467865,0.473583,0.46632,0.471424,0.461536,0.461566,0.461711,0.450238
2015020752,2016,0.0,1,0.480512,0.453823,0.450724,0.482932,0.475708,0.481792,0.47837,0.478442,0.48228,0.465532
2015020753,2016,1.0,0,0.478989,0.518192,0.463826,0.483093,0.474494,0.481766,0.483797,0.483836,0.47862,0.492169
2015020754,2016,0.0,1,0.41788,0.393269,0.402739,0.395236,0.398721,0.394662,0.398974,0.398552,0.393165,0.384877
2015020755,2016,1.0,0,0.550185,0.547896,0.532887,0.538304,0.543796,0.53803,0.531224,0.531596,0.541201,0.538085
2015020756,2016,0.0,1,0.664339,0.656394,0.668973,0.658861,0.664026,0.659978,0.654595,0.654455,0.662249,0.65847
2015020757,2016,1.0,0,0.604677,0.583662,0.584621,0.583697,0.585304,0.581562,0.574966,0.574769,0.58005,0.580729
2015020758,2016,1.0,0,0.575246,0.532973,0.51312,0.542827,0.543917,0.542406,0.530085,0.529658,0.528688,0.53368
2015020759,2016,0.0,3,0.414122,0.409404,0.400551,0.360716,0.365346,0.360093,0.360195,0.359535,0.357045,0.36816
2015020760,2016,1.0,0,0.588422,0.608521,0.556914,0.547894,0.549811,0.544731,0.551376,0.551504,0.553287,0.567798
2015020761,2016,1.0,0,0.628226,0.599472,0.586954,0.581816,0.582096,0.582258,0.584823,0.585003,0.585486,0.584711
2015020762,2016,1.0,2,0.504824,0.552357,0.556407,0.525294,0.519227,0.524777,0.539089,0.538632,0.520946,0.533505
2015020763,2016,0.0,1,0.635996,0.592508,0.593532,0.595689,0.605993,0.598753,0.60025,0.600456,0.598877,0.590821
2015020764,2016,1.0,0,0.584202,0.542022,0.570113,0.567697,0.567526,0.567714,0.577121,0.577298,0.564761,0.553854
2015020765,2016,0.0,1,0.564744,0.498837,0.476283,0.519894,0.519393,0.518166,0.523895,0.524161,0.522685,0.504636
2015020766,2016,0.0,1,0.576877,0.569397,0.588207,0.595728,0.606078,0.600767,0.595889,0.595597,0.590145,0.584569
2015020767,2016,0.0,3,0.511533,0.394543,0.436712,0.457466,0.449437,0.457006,0.45756,0.457659,0.465328,0.42218
2015020768,2016,0.0,3,0.375005,0.414122,0.406467,0.368619,0.368394,0.369153,0.370799,0.370659,0.355296,0.377464
2015020769,2016,0.0,3,0.5704,0.570446,0.486394,0.522165,0.526586,0.522687,0.528688,0.528592,0.532468,0.535427
2015020770,2016,0.0,1,0.57889,0.608691,0.560424,0.568885,0.565402,0.567718,0.571912,0.571965,0.557863,0.582485
2015020771,2016,1.0,0,0.595324,0.535537,0.547155,0.57202,0.570504,0.56818,0.569595,0.569641,0.574762,0.553561
2015020772,2016,0.0,1,0.574901,0.542614,0.547152,0.552584,0.556717,0.549293,0.54228,0.542295,0.542372,0.544295
2015020773,2016,0.0,1,0.574465,0.594723,0.551802,0.54688,0.541432,0.54923,0.556665,0.55662,0.547982,0.562047
2015020774,2016,1.0,0,0.666885,0.665785,0.68294,0.690019,0.688598,0.689579,0.689014,0.689167,0.689438,0.683389
2015020775,2016,0.0,3,0.417439,0.397764,0.403019,0.407296,0.411467,0.409702,0.395801,0.395711,0.394313,0.394836
2015020776,2016,0.0,3,0.467508,0.46969,0.462073,0.455389,0.448785,0.456095,0.442096,0.441885,0.446227,0.454097
2015020777,2016,1.0,0,0.637769,0.669098,0.630326,0.63389,0.644989,0.636362,0.619862,0.619526,0.626348,0.648373
2015020778,2016,1.0,0,0.520608,0.531532,0.496535,0.492054,0.492941,0.489244,0.496467,0.496048,0.491006,0.501545
2015020779,2016,1.0,2,0.683349,0.678395,0.68032,0.708864,0.702259,0.708332,0.698525,0.698781,0.703594,0.700515
2015020780,2016,1.0,0,0.597656,0.562456,0.535736,0.564253,0.570568,0.561888,0.56923,0.569475,0.561171,0.559162
2015020781,2016,0.0,3,0.576944,0.52009,0.513658,0.550887,0.543904,0.545151,0.572418,0.572726,0.558116,0.533795
2015020782,2016,1.0,0,0.56441,0.571637,0.518515,0.564766,0.564573,0.564886,0.561861,0.561711,0.556853,0.565067
2015020783,2016,1.0,0,0.516408,0.524834,0.485286,0.487407,0.498379,0.492148,0.495799,0.495791,0.496139,0.495854
2015020784,2016,0.0,1,0.51453,0.582903,0.544824,0.526172,0.528558,0.525816,0.530928,0.531003,0.516245,0.546294
2015020785,2016,0.0,1,0.588636,0.497753,0.514145,0.546464,0.540704,0.545826,0.55016,0.550017,0.561646,0.52099
2015020786,2016,0.0,1,0.542651,0.504609,0.464851,0.491832,0.499144,0.490665,0.489964,0.48992,0.494759,0.48915
2015020787,2016,1.0,0,0.674062,0.641842,0.650293,0.658699,0.663317,0.659698,0.648559,0.648538,0.66121,0.651905
2015020788,2016,1.0,2,0.600006,0.588619,0.585765,0.576647,0.586092,0.576147,0.559843,0.559667,0.570204,0.578242
2015020789,2016,1.0,0,0.651876,0.658836,0.666395,0.656144,0.65451,0.655414,0.657856,0.657843,0.662882,0.658289
2015020790,2016,1.0,0,0.642072,0.679302,0.628608,0.631754,0.622788,0.626604,0.63537,0.635165,0.630662,0.651074
2015020791,2016,1.0,0,0.526155,0.541333,0.518106,0.513216,0.514896,0.515822,0.50789,0.507646,0.496983,0.519644
2015020792,2016,1.0,0,0.473791,0.453019,0.446881,0.471181,0.475066,0.474738,0.479546,0.479952,0.466312,0.457614
2015020793,2016,1.0,0,0.516186,0.557783,0.515638,0.504794,0.513519,0.507769,0.513811,0.513716,0.505768,0.52128
2015020794,2016,0.0,1,0.538153,0.476132,0.501263,0.532936,0.530012,0.533218,0.539164,0.539293,0.54252,0.50559
2015020795,2016,0.0,1,0.417463,0.449125,0.418339,0.425597,0.426896,0.425503,0.425614,0.425616,0.416162,0.42814
2015020796,2016,1.0,0,0.614229,0.540313,0.586649,0.541929,0.553769,0.547296,0.552353,0.552208,0.552358,0.533961
2015020797,2016,0.0,1,0.496136,0.496126,0.455082,0.451911,0.447437,0.453262,0.452886,0.452795,0.446941,0.461028
2015020798,2016,0.0,3,0.496312,0.465959,0.472782,0.448097,0.456541,0.448447,0.439194,0.439082,0.438611,0.446122
2015020799,2016,1.0,0,0.504746,0.527781,0.499533,0.517253,0.518709,0.519324,0.493298,0.493418,0.503369,0.517924
2015020800,2016,0.0,3,0.607201,0.561273,0.548179,0.571737,0.567415,0.569575,0.568694,0.568407,0.572069,0.563252
2015020801,2016,0.0,1,0.439951,0.497112,0.464667,0.448691,0.44991,0.448502,0.451581,0.451331,0.451081,0.462203
2015020802,2016,0.0,3,0.513004,0.444956,0.502412,0.471606,0.469864,0.472347,0.462552,0.462372,0.464178,0.452526
2015020803,2016,0.0,1,0.626127,0.567588,0.544975,0.553218,0.558689,0.552872,0.550578,0.550659,0.571521,0.552221
2015020804,2016,0.0,1,0.584856,0.524501,0.56093,0.585157,0.57855,0.58572,0.585083,0.584856,0.584112,0.558653
2015020805,2016,1.0,0,0.612199,0.58706,0.599674,0.603281,0.595404,0.600593,0.622762,0.622677,0.611777,0.595057
2015020806,2016,1.0,0,0.559019,0.585572,0.585275,0.540666,0.535422,0.544226,0.533419,0.533061,0.548572,0.554845
2015020807,2016,0.0,1,0.501135,0.539497,0.545492,0.507675,0.514407,0.514846,0.49415,0.494023,0.497205,0.516452
2015020808,2016,0.0,1,0.480388,0.549111,0.528275,0.50122,0.496113,0.500894,0.489832,0.489321,0.488134,0.51715
2015020809,2016,1.0,0,0.513623,0.493576,0.49278,0.511904,0.507137,0.510805,0.509381,0.509333,0.512273,0.499768
2015020810,2016,1.0,0,0.629064,0.63995,0.621099,0.617975,0.621419,0.622545,0.611994,0.611908,0.620886,0.625929
2015020811,2016,1.0,2,0.478169,0.432617,0.440723,0.43257,0.431855,0.430505,0.437613,0.437615,0.428932,0.422961
2015020812,2016,0.0,1,0.541567,0.592011,0.57557,0.518456,0.526156,0.518446,0.522813,0.522721,0.516337,0.5435
2015020813,2016,0.0,1,0.444274,0.465899,0.467425,0.425041,0.41984,0.422896,0.427174,0.426857,0.427292,0.433154
2015020814,2016,0.0,1,0.503077,0.537988,0.519078,0.47696,0.480958,0.475447,0.467304,0.46685,0.469771,0.494889
2015020815,2016,0.0,1,0.590295,0.507788,0.551664,0.555716,0.552933,0.558317,0.549971,0.549871,0.555538,0.531335
2015020816,2016,1.0,0,0.525628,0.502236,0.497258,0.524595,0.515788,0.518772,0.524638,0.524567,0.513565,0.511308
2015020817,2016,0.0,3,0.583275,0.607629,0.627192,0.610628,0.612576,0.608945,0.602407,0.602031,0.607387,0.609995
2015020818,2016,1.0,0,0.418281,0.434975,0.414005,0.406283,0.397573,0.406857,0.419042,0.418697,0.408942,0.409237
2015020819,2016,0.0,3,0.569372,0.522294,0.547026,0.5352,0.530782,0.530852,0.544021,0.544005,0.554168,0.524423
2015020820,2016,0.0,3,0.493197,0.495228,0.457632,0.480642,0.475848,0.479238,0.476791,0.476905,0.477187,0.480326
2015020821,2016,0.0,3,0.555291,0.652096,0.614604,0.586208,0.583317,0.584272,0.589231,0.589146,0.584223,0.613682
2015020822,2016,1.0,2,0.605114,0.591637,0.576834,0.587769,0.581832,0.581087,0.570042,0.569962,0.572226,0.586756
2015020823,2016,0.0,1,0.549318,0.564425,0.557609,0.53398,0.531556,0.53419,0.538615,0.538631,0.543766,0.542036
2015020824,2016,1.0,0,0.456722,0.493779,0.460832,0.426997,0.432188,0.427352,0.419104,0.418975,0.412479,0.445141
2015020825,2016,0.0,3,0.554422,0.582316,0.55463,0.535284,0.52699,0.535694,0.529362,0.529079,0.527811,0.550096
2015020826,2016,0.0,1,0.520509,0.548771,0.548399,0.517877,0.518998,0.517046,0.50621,0.50606,0.510293,0.526174
2015020827,2016,0.0,1,0.58223,0.54657,0.537119,0.55644,0.546761,0.556,0.548459,0.54852,0.553198,0.54815
2015020828,2016,1.0,0,0.473642,0.489446,0.466091,0.446546,0.448704,0.450283,0.438261,0.43804,0.432752,0.455832
2015020829,2016,1.0,0,0.529478,0.502866,0.544695,0.519503,0.513153,0.51692,0.492991,0.492725,0.50574,0.507904
2015020830,2016,0.0,1,0.60806,0.55391,0.520272,0.578307,0.582874,0.576193,0.587425,0.587496,0.577019,0.564674
2015020831,2016,1.0,0,0.490724,0.559459,0.497282,0.485685,0.489816,0.484697,0.472818,0.472491,0.481874,0.510372
2015020832,2016,0.0,3,0.603273,0.583716,0.539042,0.577919,0.579699,0.575787,0.577205,0.576967,0.567005,0.576903
2015020833,2016,0.0,3,0.481701,0.44985,0.467275,0.42812,0.425432,0.426096,0.428272,0.428246,0.42871,0.426787
2015020834,2016,1.0,0,0.658404,0.681452,0.674132,0.697649,0.699959,0.699426,0.679928,0.679554,0.684312,0.695304
2015020835,2016,1.0,0,0.433264,0.540038,0.487478,0.44694,0.451951,0.448399,0.445062,0.444614,0.440427,0.478971
2015020836,2016,1.0,0,0.466173,0.374085,0.41263,0.389019,0.393391,0.391492,0.383065,0.382809,0.397071,0.370455
2015020837,2016,1.0,0,0.51441,0.60062,0.536705,0.54392,0.540195,0.541801,0.537523,0.537266,0.53765,0.565682
2015020838,2016,0.0,1,0.566785,0.627332,0.592097,0.583255,0.583692,0.581071,0.588836,0.588604,0.585266,0.600596
2015020839,2016,1.0,0,0.645275,0.62207,0.624964,0.664513,0.657536,0.655993,0.660535,0.660233,0.662,0.649509
2015020840,2016,1.0,0,0.56549,0.53144,0.543686,0.568149,0.56824,0.571154,0.549977,0.550097,0.546927,0.55084
2015020841,2016,0.0,1,0.50396,0.483111,0.450876,0.468437,0.460242,0.465896,0.502156,0.501875,0.477156,0.466517
2015020842,2016,1.0,2,0.551386,0.482007,0.493172,0.507477,0.507852,0.509078,0.495753,0.495626,0.511698,0.490006
2015020843,2016,0.0,3,0.49241,0.479332,0.479045,0.509193,0.507492,0.511411,0.515465,0.51525,0.505061,0.493193
2015020844,2016,1.0,0,0.695982,0.620509,0.619138,0.665631,0.66603,0.664558,0.655767,0.655392,0.654567,0.646895
2015020845,2016,1.0,0,0.445871,0.441178,0.434131,0.396841,0.394078,0.396475,0.408081,0.407679,0.404189,0.403873
2015020846,2016,0.0,1,0.520546,0.468265,0.442927,0.46118,0.460939,0.459247,0.444961,0.444811,0.452441,0.454655
2015020847,2016,0.0,1,0.559019,0.498862,0.546652,0.540965,0.545806,0.538709,0.543336,0.543124,0.5421,0.519289
2015020848,2016,1.0,0,0.608119,0.531006,0.557692,0.580584,0.5807,0.580175,0.577608,0.577531,0.586016,0.556891
2015020849,2016,1.0,0,0.532109,0.529531,0.548678,0.503997,0.496876,0.505675,0.48945,0.489274,0.503698,0.508211
2015020850,2016,0.0,3,0.483837,0.499891,0.499011,0.485587,0.490637,0.484358,0.472453,0.472023,0.474126,0.486087
2015020851,2016,1.0,2,0.634474,0.641576,0.609234,0.664503,0.662528,0.663429,0.66746,0.667562,0.666992,0.657862
2015020852,2016,0.0,1,0.573811,0.559418,0.511477,0.552925,0.552452,0.550575,0.542774,0.542945,0.549599,0.551498
2015020853,2016,1.0,2,0.527749,0.442287,0.471478,0.510533,0.504014,0.512221,0.510322,0.510417,0.499826,0.47693
2015020854,2016,0.0,1,0.412874,0.411709,0.375802,0.385045,0.379954,0.382531,0.390241,0.390292,0.383904,0.385717
2015020855,2016,0.0,1,0.536262,0.560129,0.54567,0.550866,0.544851,0.546743,0.559324,0.559385,0.551965,0.552381
2015020856,2016,1.0,0,0.547143,0.473017,0.4721,0.510095,0.50876,0.510462,0.513637,0.513648,0.507318,0.488309
2015020857,2016,0.0,1,0.528465,0.509355,0.484577,0.50831,0.497874,0.505278,0.519879,0.519902,0.508894,0.503027
2015020858,2016,0.0,3,0.460712,0.522651,0.476001,0.4781,0.471126,0.477393,0.456992,0.456761,0.463134,0.491581
2015020859,2016,1.0,0,0.560685,0.541489,0.560689,0.545236,0.548449,0.548647,0.538525,0.53832,0.533641,0.539596
2015020860,2016,0.0,1,0.4052,0.499417,0.441017,0.435043,0.439661,0.440813,0.419107,0.419131,0.420264,0.455691
2015020861,2016,1.0,0,0.57335,0.553854,0.515592,0.566933,0.573222,0.567072,0.586361,0.586147,0.574592,0.558757
2015020862,2016,1.0,2,0.619011,0.616695,0.597595,0.595478,0.595112,0.596289,0.571069,0.570719,0.594325,0.60161
2015020863,2016,0.0,3,0.537274,0.488132,0.463225,0.473166,0.473413,0.475533,0.458449,0.458561,0.476554,0.470023
2015020864,2016,1.0,2,0.542958,0.43322,0.467571,0.482047,0.482236,0.48142,0.485501,0.485325,0.489883,0.453135
2015020865,2016,1.0,0,0.509626,0.560708,0.518314,0.527681,0.532369,0.528387,0.53041,0.529947,0.523432,0.538324
2015020866,2016,0.0,1,0.437543,0.45384,0.418928,0.429105,0.423555,0.424129,0.429297,0.429399,0.429463,0.431378
2015020867,2016,1.0,0,0.404065,0.386533,0.394089,0.354654,0.357106,0.358253,0.362407,0.362042,0.359262,0.355478
2015020868,2016,0.0,1,0.47013,0.434755,0.375975,0.424296,0.428707,0.423618,0.417045,0.417004,0.41731,0.418661
2015020869,2016,0.0,1,0.495146,0.459776,0.470777,0.474781,0.488327,0.478613,0.465913,0.466022,0.465135,0.461704
2015020870,2016,1.0,0,0.472384,0.478008,0.437648,0.436098,0.433649,0.438717,0.430678,0.430625,0.437413,0.444128
2015020871,2016,0.0,1,0.622522,0.59463,0.620086,0.626894,0.622059,0.624516,0.609623,0.609531,0.620621,0.613755
2015020872,2016,1.0,2,0.574654,0.568184,0.570179,0.585984,0.587561,0.58048,0.570913,0.57069,0.574462,0.577537
2015020873,2016,1.0,0,0.570886,0.611211,0.611559,0.651405,0.629618,0.64774,0.660599,0.66042,0.633635,0.639921
2015020874,2016,0.0,1,0.520975,0.522262,0.553948,0.476618,0.474682,0.477147,0.462088,0.461948,0.47036,0.487229
2015020875,2016,0.0,3,0.49647,0.57786,0.534681,0.508856,0.514236,0.507576,0.500071,0.499803,0.507727,0.533444
2015020876,2016,1.0,2,0.542218,0.479379,0.480031,0.519932,0.524821,0.523435,0.530774,0.531061,0.525648,0.497866
2015020877,2016,1.0,0,0.593311,0.543778,0.547468,0.535258,0.527429,0.536567,0.537591,0.537764,0.559086,0.532006
2015020878,2016,1.0,0,0.693162,0.692644,0.664167,0.690786,0.681656,0.689629,0.686899,0.686864,0.685397,0.693411
2015020879,2016,0.0,3,0.50635,0.473756,0.483345,0.511425,0.513994,0.513233,0.524597,0.524328,0.517534,0.491676
2015020880,2016,0.0,1,0.567528,0.63746,0.576561,0.566986,0.577789,0.567944,0.552231,0.55174,0.555411,0.594001
2015020881,2016,0.0,1,0.425078,0.486169,0.466122,0.410248,0.408962,0.410223,0.412268,0.411816,0.420927,0.432237
2015020882,2016,0.0,1,0.442476,0.527618,0.495586,0.459575,0.456361,0.456133,0.459549,0.459398,0.452887,0.481992
2015020883,2016,0.0,1,0.440013,0.406055,0.39624,0.401751,0.404741,0.40156,0.402218,0.40235,0.403482,0.393329
2015020884,2016,1.0,0,0.474758,0.500134,0.520129,0.49625,0.494133,0.49617,0.494051,0.493893,0.493462,0.493898
2015020885,2016,1.0,2,0.625364,0.546157,0.558644,0.579041,0.580055,0.582964,0.586971,0.587279,0.585269,0.561058
2015020886,2016,0.0,1,0.462047,0.510558,0.481085,0.479436,0.465188,0.474553,0.474644,0.474876,0.477303,0.487446
2015020887,2016,1.0,0,0.613747,0.631634,0.630737,0.592803,0.602592,0.594212,0.577064,0.577089,0.599796,0.60635
2015020888,2016,1.0,0,0.499897,0.550536,0.484307,0.520446,0.517503,0.517834,0.5245,0.524431,0.515388,0.529729
2015020889,2016,0.0,1,0.631904,0.619765,0.585538,0.594783,0.590588,0.594795,0.60906,0.608878,0.614488,0.601725
2015020890,2016,1.0,0,0.735667,0.699665,0.702437,0.735479,0.732107,0.739596,0.732125,0.732264,0.731958,0.724547
2015020891,2016,0.0,3,0.550977,0.559766,0.528364,0.522361,0.524943,0.518872,0.487774,0.487869,0.502627,0.532153
2015020892,2016,0.0,1,0.570968,0.500606,0.490945,0.490618,0.495351,0.491882,0.487262,0.4871,0.493422,0.485169
2015020893,2016,1.0,0,0.441677,0.451557,0.456202,0.451011,0.454802,0.453297,0.433436,0.433389,0.437732,0.445073
2015020894,2016,1.0,0,0.534782,0.57403,0.542046,0.543092,0.539995,0.541523,0.544732,0.54443,0.54435,0.55295
2015020895,2016,0.0,1,0.461193,0.556909,0.478542,0.454379,0.455276,0.455896,0.444643,0.444639,0.457164,0.489561
2015020896,2016,1.0,2,0.576642,0.637555,0.60575,0.603401,0.604106,0.604543,0.608028,0.607959,0.600849,0.617872
2015020897,2016,1.0,0,0.683039,0.68398,0.648865,0.721411,0.711797,0.722244,0.717453,0.716583,0.721057,0.711395
2015020898,2016,0.0,1,0.547329,0.502225,0.549407,0.505229,0.508369,0.504534,0.499873,0.499455,0.500082,0.497006
2015020899,2016,0.0,1,0.473424,0.463296,0.454861,0.478469,0.477616,0.47662,0.477053,0.477111,0.470137,0.466788
2015020900,2016,0.0,1,0.449853,0.487177,0.477768,0.441364,0.435499,0.436671,0.426193,0.42597,0.428114,0.452631
2015020901,2016,1.0,0,0.618874,0.670519,0.647541,0.634888,0.645814,0.638189,0.641914,0.642273,0.628441,0.650612
2015020902,2016,0.0,1,0.668428,0.636322,0.646041,0.631798,0.632857,0.634663,0.638833,0.638909,0.641389,0.631628
2015020903,2016,1.0,0,0.57179,0.513286,0.508439,0.556371,0.54702,0.552531,0.560595,0.560478,0.561379,0.535031
2015020904,2016,1.0,2,0.511576,0.462898,0.418742,0.454405,0.456966,0.45237,0.452772,0.452726,0.465361,0.448346
2015020905,2016,1.0,0,0.694571,0.709941,0.706156,0.718364,0.713492,0.71777,0.699044,0.698831,0.718122,0.719018
2015020906,2016,1.0,0,0.502566,0.532408,0.481953,0.511346,0.516855,0.514822,0.50686,0.507242,0.503973,0.51594
2015020907,2016,1.0,0,0.541035,0.557931,0.535561,0.533916,0.529125,0.530655,0.53519,0.535107,0.52899,0.53974
2015020908,2016,1.0,0,0.498972,0.5596,0.501537,0.478454,0.485313,0.480778,0.471501,0.471329,0.478747,0.505086
2015020909,2016,1.0,0,0.651908,0.658887,0.612824,0.658331,0.652561,0.65745,0.671484,0.671456,0.669716,0.659788
2015020910,2016,0.0,1,0.526235,0.531042,0.513151,0.503639,0.504388,0.50405,0.484749,0.484859,0.49459,0.508902
2015020911,2016,0.0,1,0.624865,0.613443,0.551329,0.591808,0.583956,0.589284,0.566837,0.566923,0.584055,0.597463
2015020912,2016,0.0,1,0.632972,0.637955,0.633236,0.617407,0.614906,0.618134,0.618525,0.618367,0.618022,0.624507
2015020913,2016,0.0,3,0.493868,0.488979,0.454952,0.478728,0.474964,0.478081,0.467917,0.467783,0.471497,0.47643
2015020914,2016,1.0,0,0.514208,0.506019,0.469875,0.488641,0.492212,0.486441,0.463994,0.463883,0.473686,0.489071
2015020915,2016,1.0,0,0.705289,0.723298,0.708509,0.714918,0.714495,0.717573,0.709151,0.709112,0.710087,0.721602
2015020916,2016,0.0,1,0.45708,0.411974,0.459457,0.425767,0.428242,0.428556,0.40689,0.406871,0.416881,0.411018
2015020917,2016,1.0,0,0.649376,0.649215,0.614511,0.659579,0.660181,0.661031,0.669449,0.669676,0.65469,0.656817
2015020918,2016,0.0,1,0.466314,0.505559,0.488388,0.453337,0.457159,0.455149,0.430912,0.430399,0.432807,0.467424
2015020919,2016,1.0,2,0.709157,0.718334,0.717955,0.73264,0.73356,0.73554,0.725739,0.725731,0.733764,0.73134
2015020920,2016,0.0,1,0.677524,0.686634,0.691534,0.712259,0.710231,0.712869,0.716676,0.716375,0.711136,0.706404
2015020921,2016,1.0,0,0.610924,0.617739,0.615261,0.653896,0.644958,0.654294,0.636973,0.637043,0.639566,0.642227
2015020922,2016,1.0,0,0.587511,0.635766,0.619021,0.613628,0.608484,0.616756,0.613105,0.612973,0.608493,0.623423
2015020923,2016,1.0,2,0.498429,0.509848,0.521044,0.493461,0.491638,0.492274,0.489959,0.489882,0.49799,0.494747
2015020924,2016,1.0,0,0.523689,0.520797,0.554254,0.527004,0.528535,0.524879,0.538612,0.538074,0.522195,0.520669
2015020925,2016,0.0,1,0.52153,0.576564,0.554782,0.508137,0.510629,0.505081,0.48675,0.48664,0.495346,0.531097
2015020926,2016,1.0,0,0.632661,0.573287,0.594951,0.608862,0.608578,0.605685,0.608788,0.608737,0.601213,0.592168
2015020927,2016,0.0,1,0.555802,0.466311,0.468394,0.493785,0.496382,0.495442,0.481879,0.481766,0.492313,0.47404
2015020928,2016,0.0,1,0.533237,0.526731,0.536186,0.50841,0.503298,0.506048,0.495826,0.49539,0.493944,0.509989
2015020929,2016,1.0,0,0.690514,0.742109,0.695799,0.720195,0.714194,0.719456,0.708073,0.708011,0.705404,0.733656
2015020930,2016,1.0,0,0.507361,0.526739,0.458995,0.510184,0.50898,0.511827,0.493503,0.493133,0.493788,0.512564
2015020931,2016,0.0,1,0.471288,0.518756,0.510754,0.487281,0.482097,0.486273,0.474685,0.474581,0.478144,0.495651
2015020932,2016,1.0,0,0.545072,0.549772,0.549003,0.566103,0.562728,0.564254,0.578496,0.578715,0.565586,0.558014
2015020933,2016,0.0,1,0.534442,0.483148,0.510599,0.525373,0.513623,0.525539,0.52936,0.529833,0.524604,0.503528
2015020934,2016,0.0,1,0.489335,0.447754,0.391187,0.414559,0.423492,0.41268,0.416608,0.416842,0.420098,0.416346
2015020935,2016,1.0,0,0.550432,0.547581,0.547465,0.540332,0.54349,0.538951,0.531487,0.531332,0.544114,0.539319
2015020936,2016,1.0,0,0.396588,0.403773,0.388025,0.384853,0.384392,0.386416,0.378861,0.378829,0.363972,0.383236
2015020937,2016,1.0,0,0.646805,0.624498,0.598689,0.613166,0.615715,0.615103,0.621696,0.621318,0.625463,0.615301
2015020938,2016,1.0,0,0.557216,0.56717,0.573875,0.549962,0.552838,0.551238,0.534386,0.534735,0.536857,0.553572
2015020939,2016,1.0,0,0.652206,0.683402,0.68143,0.705252,0.697245,0.705784,0.689623,0.689487,0.693993,0.701575
2015020940,2016,0.0,1,0.39393,0.452305,0.428698,0.370367,0.364955,0.370794,0.363173,0.363617,0.367379,0.392803
2015020941,2016,0.0,3,0.588034,0.575782,0.570559,0.528676,0.530988,0.527438,0.514412,0.514558,0.516481,0.541105
2015020942,2016,1.0,0,0.575008,0.576308,0.597563,0.595987,0.58962,0.596636,0.585788,0.585338,0.586627,0.587659
2015020720,2016,1.0,0,0.64437,0.57641,0.58454,0.600685,0.604667,0.599698,0.611036,0.611079,0.613699,0.587176
2015020943,2016,1.0,0,0.62402,0.6174,0.610385,0.66474,0.652703,0.665713,0.668786,0.668841,0.669208,0.648914
2015020944,2016,0.0,3,0.563787,0.571936,0.556685,0.5346,0.539405,0.535973,0.532386,0.532033,0.542789,0.544808
2015020945,2016,0.0,1,0.560755,0.532162,0.523348,0.545298,0.552339,0.546636,0.544152,0.544093,0.542256,0.535804
2015020946,2016,0.0,3,0.509489,0.51801,0.494266,0.492524,0.493149,0.493569,0.498527,0.498668,0.497762,0.496882
2015020947,2016,1.0,0,0.536086,0.507237,0.521908,0.540091,0.540116,0.543115,0.558657,0.558327,0.544216,0.523348
2015020948,2016,1.0,0,0.572749,0.59567,0.619148,0.571386,0.570661,0.572414,0.580541,0.58017,0.574568,0.579056
2015020949,2016,0.0,1,0.502762,0.531551,0.502131,0.494237,0.498889,0.491773,0.499377,0.499309,0.498049,0.503976
2015020950,2016,0.0,1,0.478164,0.447602,0.428293,0.435828,0.447226,0.434879,0.437201,0.437308,0.437255,0.431275
2015020951,2016,1.0,0,0.738799,0.651776,0.703069,0.721658,0.722572,0.722712,0.717151,0.71694,0.720861,0.696135
2015020952,2016,0.0,1,0.472799,0.510095,0.539961,0.487639,0.482024,0.486117,0.496866,0.496578,0.497504,0.492253
2015020953,2016,1.0,2,0.609578,0.643773,0.627094,0.60897,0.60858,0.610783,0.606231,0.606317,0.614307,0.622514
2015020954,2016,1.0,0,0.508059,0.523333,0.534704,0.519084,0.512375,0.519285,0.535162,0.53547,0.527809,0.517161
2015020955,2016,1.0,0,0.485126,0.471217,0.480545,0.451013,0.45421,0.453636,0.440691,0.4405,0.434833,0.450829
2015020956,2016,0.0,1,0.636461,0.638832,0.633875,0.622021,0.619099,0.623233,0.616012,0.616134,0.631038,0.627794
2015020957,2016,1.0,0,0.492731,0.552632,0.555228,0.52138,0.513476,0.521568,0.497791,0.497772,0.504938,0.531606
2015020958,2016,0.0,1,0.437238,0.482044,0.444255,0.40081,0.406954,0.404676,0.405197,0.405381,0.399791,0.423435
2015020959,2016,0.0,1,0.471393,0.465006,0.447839,0.469961,0.471186,0.471701,0.463381,0.463569,0.463743,0.461841
2015020960,2016,0.0,3,0.619754,0.602599,0.630165,0.622507,0.614063,0.620335,0.659404,0.659179,0.635595,0.614124
2015020961,2016,0.0,3,0.479632,0.512807,0.484049,0.477793,0.490286,0.476525,0.4808,0.480753,0.463994,0.486323
2015020962,2016,1.0,0,0.522779,0.503897,0.49834,0.511678,0.513045,0.511162,0.493923,0.493578,0.511476,0.503371
2015020963,2016,0.0,1,0.389799,0.408702,0.347473,0.370204,0.36862,0.369441,0.381989,0.381751,0.365682,0.375611
2015020964,2016,0.0,1,0.469087,0.4196,0.381051,0.391527,0.403025,0.389733,0.398383,0.398697,0.398469,0.390419
2015020965,2016,1.0,0,0.603494,0.656382,0.623042,0.622634,0.617597,0.622961,0.623732,0.624149,0.615994,0.637268
2015020966,2016,0.0,1,0.601139,0.598552,0.616381,0.58977,0.584561,0.586511,0.590373,0.590444,0.591711,0.591179
2015020967,2016,1.0,0,0.617881,0.636755,0.623714,0.631376,0.634624,0.630436,0.621577,0.621505,0.629545,0.634226
2015020968,2016,1.0,0,0.621318,0.671647,0.611396,0.65286,0.646037,0.652117,0.651197,0.651197,0.641146,0.662944
2015020969,2016,0.0,3,0.430276,0.421269,0.404567,0.396637,0.401768,0.401068,0.395795,0.395855,0.394728,0.396531
2015020970,2016,0.0,1,0.614749,0.648922,0.64699,0.630444,0.625623,0.631342,0.633675,0.633492,0.627528,0.638797
2015020971,2016,0.0,1,0.52188,0.484457,0.456895,0.472566,0.472657,0.471634,0.448633,0.448616,0.466382,0.468924
2015020972,2016,0.0,1,0.536482,0.558101,0.514451,0.52173,0.516927,0.522811,0.518534,0.518711,0.517431,0.531804
2015020973,2016,0.0,3,0.481451,0.499993,0.456299,0.485108,0.478126,0.486663,0.498206,0.498374,0.48773,0.48593
2015020974,2016,0.0,1,0.468366,0.509768,0.503895,0.442857,0.439903,0.446566,0.436133,0.435917,0.445049,0.461887
2015020975,2016,1.0,2,0.668986,0.62852,0.628635,0.642449,0.644544,0.641369,0.673501,0.673481,0.656867,0.635649
2015020976,2016,1.0,0,0.547181,0.584764,0.548754,0.559587,0.559668,0.562087,0.566484,0.566896,0.561359,0.567899
2015020977,2016,1.0,0,0.514646,0.545149,0.515517,0.526102,0.525641,0.522001,0.529766,0.529721,0.516768,0.530558
2015020978,2016,1.0,0,0.433033,0.429637,0.425796,0.403583,0.402178,0.406768,0.399767,0.399583,0.39308,0.404478
2015020979,2016,0.0,1,0.633905,0.664866,0.682599,0.692757,0.6817,0.692909,0.697556,0.697132,0.692557,0.686555
2015020980,2016,0.0,1,0.507913,0.475118,0.472427,0.442608,0.439481,0.441665,0.439857,0.439715,0.432838,0.445524
2015020981,2016,0.0,1,0.486005,0.435055,0.424269,0.435091,0.443381,0.431847,0.432446,0.432515,0.440554,0.425252
2015020982,2016,0.0,1,0.5854,0.550044,0.54016,0.54405,0.553091,0.546394,0.542364,0.542307,0.53889,0.540986
2015020983,2016,1.0,0,0.631378,0.571727,0.541506,0.596087,0.591266,0.593761,0.593834,0.593776,0.592926,0.582836
2015020984,2016,0.0,1,0.617139,0.626,0.592126,0.603982,0.607824,0.601443,0.598442,0.597844,0.603437,0.611322
2015020985,2016,0.0,1,0.536784,0.514964,0.557553,0.519686,0.520925,0.522246,0.527152,0.52668,0.525232,0.512611
2015020986,2016,1.0,0,0.449286,0.466574,0.469247,0.445872,0.434193,0.446951,0.449165,0.44943,0.444703,0.447328
2015020987,2016,0.0,3,0.55188,0.620207,0.569118,0.540092,0.536694,0.535529,0.535276,0.535089,0.532836,0.569469
2015020988,2016,0.0,3,0.510678,0.544858,0.500557,0.516989,0.521281,0.514722,0.499937,0.499598,0.500008,0.524473
2015020989,2016,1.0,0,0.628892,0.583474,0.585886,0.627625,0.619415,0.624631,0.624436,0.624238,0.622591,0.60942
2015020990,2016,0.0,3,0.479605,0.438991,0.418517,0.406293,0.418174,0.411646,0.408297,0.408346,0.407553,0.407698
2015020991,2016,0.0,3,0.502454,0.529509,0.517288,0.485381,0.481781,0.486876,0.470794,0.470753,0.483388,0.497142
2015020992,2016,1.0,0,0.639108,0.706651,0.692808,0.662601,0.652647,0.66414,0.666879,0.667206,0.658375,0.683292
2015020993,2016,0.0,1,0.390225,0.3965,0.411579,0.35458,0.360862,0.358841,0.35476,0.354835,0.350831,0.360079
2015020994,2016,1.0,0,0.567541,0.512625,0.530636,0.521371,0.518062,0.517374,0.522298,0.522289,0.530981,0.511152
2015020995,2016,1.0,2,0.51342,0.520926,0.532246,0.504224,0.500459,0.506733,0.491895,0.49155,0.503379,0.50581
2015020996,2016,1.0,0,0.524282,0.467421,0.49973,0.458757,0.457831,0.45991,0.453662,0.453686,0.458155,0.452475
2015020997,2016,1.0,2,0.505406,0.485504,0.486199,0.432003,0.433689,0.436141,0.426613,0.42635,0.425094,0.442659
2015020998,2016,0.0,3,0.576003,0.561274,0.598787,0.565546,0.57966,0.566741,0.577663,0.577445,0.557371,0.560718
2015020999,2016,0.0,1,0.484609,0.516013,0.45866,0.47671,0.477111,0.471814,0.464121,0.463993,0.464794,0.486642
2015021000,2016,0.0,1,0.414292,0.419138,0.397827,0.369838,0.377399,0.371175,0.380728,0.380988,0.374268,0.378249
2015021001,2016,1.0,2,0.406431,0.511062,0.448098,0.42144,0.424085,0.422911,0.42473,0.424639,0.412428,0.451029
2015021002,2016,1.0,2,0.510546,0.506051,0.538752,0.503822,0.504966,0.505642,0.490416,0.49031,0.490472,0.499573
2015021003,2016,1.0,2,0.479183,0.512032,0.464133,0.474939,0.479268,0.474996,0.477743,0.47756,0.464053,0.484091
2015021004,2016,1.0,0,0.470221,0.427898,0.411556,0.462015,0.459817,0.46185,0.462315,0.462302,0.455679,0.441258
2015021005,2016,1.0,2,0.602714,0.578503,0.55834,0.542319,0.547941,0.539345,0.532172,0.531847,0.548773,0.550665
2015021006,2016,1.0,2,0.48393,0.555542,0.495697,0.50028,0.492739,0.501771,0.487561,0.48796,0.486523,0.518994
2015021007,2016,0.0,3,0.644512,0.607054,0.601117,0.621746,0.619109,0.621817,0.637499,0.637422,0.635724,0.614086
2015021008,2016,1.0,0,0.639572,0.637564,0.627485,0.613009,0.610719,0.611365,0.602939,0.602631,0.607652,0.621029
2015021009,2016,1.0,0,0.581734,0.596544,0.594369,0.593865,0.594767,0.597919,0.600927,0.600789,0.604042,0.594151
2015021010,2016,1.0,0,0.567829,0.60938,0.57817,0.584217,0.582725,0.584284,0.564614,0.564133,0.575133,0.593669
2015021011,2016,0.0,1,0.670401,0.665359,0.646649,0.693472,0.691198,0.693574,0.676398,0.676066,0.691923,0.685411
2015021012,2016,0.0,1,0.642288,0.630868,0.662864,0.680154,0.667722,0.676556,0.701156,0.701204,0.682675,0.664001
2015021013,2016,0.0,1,0.499492,0.418861,0.46346,0.440809,0.44412,0.439866,0.430216,0.43013,0.442287,0.421763
2015021014,2016,0.0,1,0.634113,0.577844,0.600503,0.615427,0.624092,0.613452,0.616269,0.615785,0.617059,0.598452
2015021015,2016,1.0,0,0.536172,0.503816,0.477198,0.514687,0.517671,0.516346,0.511158,0.511173,0.509792,0.50467
2015021016,2016,1.0,0,0.501051,0.544004,0.541386,0.510637,0.518533,0.51164,0.499139,0.498986,0.505381,0.520325
2015021017,2016,0.0,1,0.613127,0.611943,0.606625,0.592469,0.591356,0.591188,0.595924,0.595711,0.598193,0.597916
2015021018,2016,1.0,0,0.556925,0.538766,0.53055,0.558854,0.556497,0.5595,0.574837,0.574813,0.563032,0.547944
2015021019,2016,1.0,2,0.47092,0.548274,0.52057,0.497041,0.494771,0.496306,0.486978,0.486577,0.48359,0.514472
2015021020,2016,1.0,2,0.491839,0.471225,0.474044,0.490194,0.492826,0.490774,0.481178,0.481388,0.477898,0.477013
2015021021,2016,0.0,1,0.529004,0.521304,0.510338,0.433947,0.445158,0.431986,0.429556,0.429444,0.435027,0.457319
2015021022,2016,1.0,0,0.623244,0.542721,0.557717,0.60219,0.602133,0.599531,0.610166,0.610218,0.604108,0.57571
2015021023,2016,1.0,2,0.568123,0.57235,0.547071,0.566869,0.56658,0.563927,0.551506,0.551112,0.556948,0.566592
2015021024,2016,1.0,0,0.508863,0.566586,0.533905,0.526718,0.525525,0.524313,0.52804,0.527646,0.514806,0.540153
2015021025,2016,0.0,3,0.535454,0.555234,0.565924,0.51048,0.513117,0.508809,0.514123,0.513989,0.522099,0.523053
2015021026,2016,0.0,1,0.543228,0.56863,0.551241,0.551177,0.545822,0.548563,0.563258,0.563265,0.547728,0.555735
2015021027,2016,1.0,0,0.479141,0.473003,0.42779,0.422453,0.43666,0.424546,0.417185,0.417053,0.419237,0.432447
2015021028,2016,0.0,3,0.651749,0.709631,0.66748,0.683811,0.671839,0.680993,0.691622,0.691786,0.681728,0.697907
2015021029,2016,1.0,0,0.463719,0.487768,0.475921,0.488961,0.477495,0.487058,0.500446,0.500603,0.484373,0.484462
2015021030,2016,0.0,1,0.591303,0.505129,0.510389,0.530585,0.536751,0.529845,0.535529,0.535467,0.53874,0.513049
2015021031,2016,0.0,1,0.453916,0.432747,0.461516,0.437188,0.432703,0.438062,0.418821,0.418787,0.425192,0.427386
2015021032,2016,0.0,1,0.641998,0.619753,0.621918,0.625659,0.627243,0.625697,0.634688,0.634604,0.637083,0.622085
2015021033,2016,1.0,0,0.575748,0.523814,0.553054,0.539463,0.53434,0.541882,0.539068,0.539246,0.545925,0.527604
2015021034,2016,0.0,1,0.570874,0.522395,0.496542,0.549131,0.55219,0.548042,0.546608,0.546388,0.545259,0.533868
2015021035,2016,1.0,0,0.448747,0.469851,0.462415,0.42211,0.418598,0.420114,0.422714,0.422581,0.410455,0.432522
2015021036,2016,0.0,1,0.419312,0.447609,0.426715,0.377247,0.37912,0.376531,0.372156,0.372058,0.367532,0.394374
2015021037,2016,0.0,1,0.555162,0.533775,0.50752,0.507582,0.516589,0.511106,0.502463,0.502337,0.512566,0.511165
2015021038,2016,1.0,0,0.645743,0.695705,0.668825,0.671039,0.668078,0.667513,0.679751,0.67954,0.673016,0.683891
2015021039,2016,1.0,0,0.548037,0.511747,0.51746,0.531418,0.529004,0.532697,0.529103,0.529287,0.52499,0.518662
2015021040,2016,1.0,2,0.541695,0.595337,0.574175,0.582625,0.583445,0.582907,0.582873,0.582928,0.565774,0.588123
2015021041,2016,1.0,2,0.697808,0.648026,0.655117,0.676072,0.678192,0.674016,0.675384,0.675049,0.678036,0.665028
2015021042,2016,1.0,0,0.383849,0.468679,0.434525,0.399976,0.396518,0.403269,0.38395,0.384074,0.38387,0.420335
2015021043,2016,0.0,1,0.531632,0.516751,0.516611,0.464131,0.469094,0.46631,0.455608,0.455943,0.455899,0.475914
2015021044,2016,1.0,2,0.510295,0.517206,0.484193,0.463763,0.469091,0.460761,0.472878,0.472779,0.465375,0.476976
2015021045,2016,0.0,1,0.521687,0.507906,0.51597,0.516592,0.522186,0.51491,0.518359,0.51824,0.523772,0.50841
2015021046,2016,1.0,0,0.537956,0.572023,0.569251,0.542032,0.53502,0.538148,0.526595,0.526315,0.529423,0.551233
2015021047,2016,0.0,3,0.469141,0.494173,0.460102,0.513171,0.510512,0.511373,0.516072,0.516341,0.515548,0.503224
2015021048,2016,0.0,1,0.624771,0.605351,0.54493,0.598526,0.602633,0.595449,0.587515,0.586975,0.596475,0.598656
2015021049,2016,1.0,0,0.390429,0.41428,0.424332,0.387611,0.378189,0.386799,0.395327,0.395031,0.3849,0.389664
2015021050,2016,1.0,0,0.548903,0.529322,0.532748,0.507342,0.509346,0.507991,0.493375,0.493557,0.501469,0.5095
2015021051,2016,0.0,1,0.512979,0.525118,0.504223,0.493958,0.498298,0.495162,0.499763,0.499184,0.494772,0.500596
2015021052,2016,0.0,1,0.551769,0.589518,0.607028,0.559567,0.555318,0.556981,0.540513,0.540428,0.553637,0.569621
2015021053,2016,1.0,0,0.481138,0.485904,0.462103,0.414835,0.422596,0.414198,0.401704,0.401296,0.409179,0.432346
2015021054,2016,1.0,0,0.628156,0.638606,0.629202,0.644462,0.638141,0.642788,0.646973,0.646896,0.639453,0.643318
2015021055,2016,0.0,1,0.525088,0.460197,0.505984,0.481156,0.481874,0.483157,0.47103,0.471068,0.467181,0.464613
2015021056,2016,0.0,1,0.445655,0.476858,0.473725,0.391333,0.391255,0.394465,0.374912,0.374956,0.385586,0.414378
2015021057,2016,1.0,0,0.539032,0.560785,0.542269,0.571007,0.566832,0.571751,0.588891,0.588627,0.5725,0.566178
2015021058,2016,1.0,0,0.516635,0.530883,0.524765,0.497753,0.495518,0.49767,0.478215,0.478158,0.494391,0.505352
2015021059,2016,1.0,0,0.422192,0.425526,0.366018,0.395866,0.403297,0.398312,0.382223,0.382356,0.380798,0.398141
2015021060,2016,1.0,2,0.556379,0.616526,0.597638,0.579394,0.571497,0.577939,0.577201,0.577578,0.571688,0.594003
2015021061,2016,1.0,0,0.462998,0.457784,0.482057,0.474423,0.471301,0.474962,0.45921,0.459036,0.468539,0.462335
2015021062,2016,1.0,0,0.632444,0.620831,0.619695,0.61172,0.621444,0.611208,0.607817,0.607855,0.608353,0.613582
2015021063,2016,0.0,1,0.445138,0.471476,0.487433,0.44212,0.438572,0.440803,0.451237,0.451091,0.443374,0.446998
2015021064,2016,0.0,3,0.5206,0.556893,0.545752,0.524697,0.524086,0.527303,0.520026,0.519744,0.512356,0.534148
2015021065,2016,1.0,0,0.49509,0.517443,0.540092,0.521307,0.517619,0.523577,0.51956,0.519631,0.506822,0.516933
2015021066,2016,1.0,0,0.560292,0.59629,0.629664,0.552483,0.558456,0.552184,0.532242,0.53236,0.542028,0.567228
2015021067,2016,0.0,1,0.507726,0.504648,0.468496,0.497909,0.49226,0.497556,0.503134,0.503273,0.506466,0.495136
2015021068,2016,1.0,2,0.61364,0.593494,0.592855,0.62252,0.619217,0.621592,0.61685,0.616849,0.622266,0.610764
2015021069,2016,1.0,0,0.525115,0.595199,0.593354,0.544172,0.544388,0.543573,0.532484,0.532246,0.532674,0.563017
2015021070,2016,1.0,0,0.550467,0.606566,0.559987,0.519537,0.526118,0.518314,0.50065,0.500545,0.513131,0.549929
2015021071,2016,1.0,0,0.545697,0.541072,0.531119,0.542026,0.537765,0.53823,0.548698,0.548524,0.543689,0.53804
2015021072,2016,0.0,1,0.57763,0.537877,0.561597,0.542606,0.54635,0.543404,0.533732,0.533361,0.535831,0.535416
2015021073,2016,1.0,0,0.549181,0.563989,0.557972,0.587182,0.577368,0.587837,0.593559,0.593559,0.582169,0.577976
2015021074,2016,1.0,0,0.550304,0.595262,0.563769,0.551173,0.5573,0.550421,0.538608,0.538261,0.534485,0.566439
2015021075,2016,0.0,1,0.451247,0.453106,0.419574,0.383015,0.387601,0.383227,0.402243,0.401621,0.394804,0.398889
2015021076,2016,0.0,1,0.410086,0.406916,0.404963,0.369185,0.364411,0.369911,0.36312,0.363,0.364248,0.373159
2015021077,2016,1.0,0,0.57988,0.631912,0.607941,0.582839,0.58423,0.581191,0.571141,0.571191,0.569315,0.601574
2015021078,2016,0.0,3,0.437282,0.454214,0.414454,0.423924,0.424475,0.422383,0.422389,0.422099,0.398196,0.428023
2015021079,2016,1.0,0,0.54068,0.524909,0.514544,0.477392,0.485696,0.477144,0.446786,0.446475,0.469911,0.487799
2015021080,2016,1.0,0,0.474118,0.527558,0.500123,0.485586,0.477695,0.484874,0.475854,0.47535,0.470863,0.497975
2015021081,2016,0.0,1,0.564893,0.529231,0.573244,0.471203,0.482853,0.473989,0.45377,0.453501,0.463987,0.484082
2015021082,2016,0.0,3,0.601634,0.625715,0.55278,0.589749,0.587525,0.58778,0.579856,0.579729,0.584064,0.602452
2015021083,2016,0.0,1,0.449761,0.510037,0.489014,0.465553,0.459371,0.467845,0.465816,0.465572,0.452203,0.478452
2015021084,2016,1.0,0,0.670281,0.700511,0.704623,0.697577,0.688183,0.692338,0.70651,0.705932,0.703508,0.702383
2015021085,2016,0.0,1,0.588325,0.537188,0.56757,0.542753,0.548569,0.541879,0.53674,0.536353,0.536453,0.534655
2015021086,2016,1.0,0,0.591157,0.512498,0.515019,0.536645,0.53776,0.541354,0.552145,0.55228,0.548987,0.520206
2015021087,2016,1.0,0,0.48918,0.536797,0.50665,0.46566,0.469056,0.466016,0.442916,0.442966,0.451784,0.487444
2015021088,2016,1.0,0,0.499998,0.499114,0.487529,0.527208,0.528164,0.528699,0.534889,0.534647,0.52327,0.513156
2015021089,2016,0.0,1,0.597158,0.594536,0.579665,0.565728,0.565521,0.566429,0.563691,0.563203,0.569326,0.573467
2015021090,2016,1.0,2,0.514487,0.504559,0.521936,0.518275,0.526297,0.518412,0.506085,0.505785,0.51075,0.508559
2015021091,2016,1.0,0,0.454764,0.429847,0.408144,0.377612,0.377688,0.378794,0.373203,0.372907,0.368645,0.385763
2015021092,2016,0.0,1,0.427485,0.457328,0.399107,0.416739,0.414498,0.415329,0.418367,0.418502,0.411033,0.424908
2015021093,2016,1.0,0,0.614655,0.557291,0.588259,0.557142,0.568621,0.559835,0.557394,0.557424,0.554385,0.551272
2015021094,2016,1.0,0,0.501125,0.483269,0.48973,0.516887,0.518433,0.519438,0.512628,0.512496,0.507676,0.499574
2015021095,2016,1.0,0,0.559632,0.566952,0.590661,0.60314,0.599342,0.601415,0.615597,0.615542,0.594696,0.589552
2015021096,2016,0.0,1,0.577886,0.553124,0.524472,0.566245,0.563926,0.567887,0.551649,0.551536,0.565268,0.557748
2015021097,2016,1.0,0,0.564751,0.572385,0.510053,0.557012,0.558091,0.556966,0.544868,0.544451,0.546702,0.560104
2015021098,2016,0.0,1,0.54652,0.557831,0.594287,0.524587,0.518511,0.524347,0.533741,0.533119,0.537322,0.533093
2015021099,2016,1.0,0,0.584817,0.563422,0.575974,0.593261,0.585684,0.591097,0.582605,0.582072,0.592363,0.580031
2015021100,2016,1.0,0,0.569236,0.51307,0.532098,0.549451,0.547854,0.549904,0.557466,0.55699,0.549055,0.530354
2015021101,2016,0.0,1,0.574799,0.536891,0.545573,0.532281,0.534665,0.532907,0.530064,0.530092,0.537531,0.528149
2015021102,2016,0.0,1,0.641405,0.692788,0.668274,0.6751,0.663708,0.673402,0.68736,0.687253,0.6754,0.68559
2015021103,2016,0.0,1,0.568858,0.573651,0.551522,0.58341,0.578658,0.579629,0.583831,0.583564,0.573459,0.578325
2015021104,2016,1.0,2,0.403055,0.464532,0.394496,0.356598,0.358371,0.357474,0.354231,0.354114,0.361424,0.387534
2015021105,2016,1.0,0,0.567059,0.630191,0.585267,0.62256,0.614405,0.620521,0.627787,0.627804,0.616888,0.628161
2015021106,2016,1.0,2,0.642043,0.655742,0.681215,0.677531,0.672003,0.678189,0.680137,0.680071,0.67945,0.672081
2015021107,2016,1.0,0,0.607258,0.586949,0.611721,0.60383,0.602478,0.605428,0.606418,0.606332,0.606081,0.595651
2015021108,2016,1.0,0,0.43734,0.427622,0.428589,0.40837,0.410464,0.408353,0.401575,0.401015,0.401305,0.406686
2015021109,2016,0.0,1,0.560526,0.519211,0.528969,0.508919,0.521003,0.511276,0.500419,0.500251,0.509955,0.505786
2015021110,2016,1.0,0,0.420737,0.424994,0.385351,0.395052,0.389376,0.397665,0.391922,0.391764,0.389501,0.39745
2015021111,2016,0.0,1,0.690242,0.716214,0.692553,0.719307,0.713789,0.718657,0.722366,0.721726,0.724599,0.722407
2015021112,2016,0.0,3,0.399313,0.359095,0.386097,0.344977,0.348561,0.346759,0.331498,0.331323,0.330818,0.338255
2015021113,2016,1.0,0,0.594938,0.611927,0.598482,0.570969,0.580671,0.574097,0.571655,0.571372,0.567037,0.584395
2015021114,2016,1.0,0,0.663518,0.695788,0.678299,0.722455,0.719882,0.722606,0.725352,0.725364,0.724031,0.717695
2015021115,2016,0.0,1,0.503282,0.497054,0.465716,0.501577,0.501911,0.500774,0.489401,0.489205,0.493874,0.494738
2015021116,2016,1.0,0,0.492772,0.505924,0.490805,0.506487,0.507814,0.510508,0.504019,0.504024,0.500275,0.502268
2015021117,2016,0.0,1,0.518992,0.481833,0.490102,0.464856,0.470605,0.462003,0.458592,0.458674,0.467599,0.462776
2015021118,2016,0.0,1,0.543871,0.582211,0.56843,0.546757,0.538406,0.547599,0.542889,0.542526,0.542368,0.55835
2015021119,2016,0.0,1,0.441775,0.497753,0.47206,0.421897,0.422646,0.422771,0.402905,0.402717,0.415344,0.444045
2015021120,2016,0.0,1,0.458378,0.476332,0.479647,0.416195,0.41682,0.415601,0.413021,0.412913,0.408732,0.430597
2015021121,2016,0.0,3,0.470092,0.465885,0.409721,0.444455,0.44083,0.443082,0.454852,0.454852,0.43906,0.444993
2015021122,2016,0.0,1,0.605075,0.570274,0.593559,0.503737,0.51124,0.507092,0.488256,0.487897,0.512443,0.521004
2015021123,2016,0.0,1,0.609174,0.560729,0.611967,0.597781,0.606449,0.596633,0.60137,0.601425,0.604234,0.580734
2015021124,2016,0.0,3,0.47842,0.49539,0.495621,0.470153,0.468648,0.472898,0.463914,0.463781,0.456178,0.474055
2015021125,2016,1.0,0,0.622436,0.595766,0.606779,0.642151,0.642188,0.644209,0.639896,0.639789,0.626914,0.624737
2015021126,2016,0.0,1,0.452617,0.444553,0.488125,0.416305,0.414551,0.418222,0.41415,0.414065,0.404816,0.41813
2015021127,2016,1.0,0,0.47378,0.478057,0.436914,0.450948,0.460754,0.454785,0.452969,0.452543,0.438682,0.454171
2015021128,2016,1.0,0,0.697407,0.729899,0.692767,0.737414,0.733574,0.736693,0.731097,0.731079,0.721105,0.739778
2015021129,2016,1.0,0,0.533358,0.558709,0.529574,0.52631,0.516158,0.524092,0.546067,0.546107,0.536748,0.53532
2015021130,2016,0.0,3,0.57035,0.448542,0.461926,0.507017,0.514314,0.50691,0.518527,0.518214,0.517736,0.474878
2015021131,2016,0.0,1,0.417438,0.403242,0.400522,0.385372,0.385842,0.384977,0.389252,0.389284,0.378327,0.382295
2015021132,2016,1.0,2,0.586856,0.593939,0.578835,0.591587,0.584212,0.592807,0.577203,0.577251,0.591168,0.591265
2015021133,2016,1.0,0,0.694979,0.676797,0.679851,0.682388,0.687325,0.682253,0.680753,0.680719,0.68662,0.681143
2015021134,2016,1.0,0,0.628947,0.628729,0.604442,0.62016,0.616567,0.617843,0.60379,0.603324,0.608224,0.622747
2015021135,2016,1.0,0,0.691038,0.637804,0.674116,0.663988,0.667658,0.667654,0.661949,0.661632,0.670358,0.652966
2015021136,2016,0.0,1,0.59741,0.652315,0.634277,0.620843,0.620558,0.623916,0.629364,0.629039,0.623403,0.634672
2015021137,2016,0.0,1,0.387505,0.365944,0.372516,0.335033,0.33122,0.332648,0.326955,0.326771,0.329633,0.334846
2015021138,2016,0.0,1,0.520412,0.497348,0.48746,0.493173,0.492633,0.490636,0.497441,0.49729,0.484342,0.488256
2015021139,2016,1.0,0,0.516364,0.529267,0.541673,0.509849,0.504782,0.509126,0.521328,0.520648,0.52344,0.512902
2015021140,2016,1.0,0,0.475915,0.435298,0.465312,0.429701,0.435582,0.431445,0.411638,0.411415,0.418973,0.422235
2015021141,2016,1.0,2,0.622699,0.609338,0.599096,0.629005,0.626061,0.6253,0.614565,0.614234,0.628552,0.621151
2015021142,2016,1.0,2,0.690167,0.723476,0.717362,0.702006,0.698033,0.700553,0.699042,0.698889,0.700268,0.713852
2015021143,2016,1.0,0,0.528414,0.487097,0.482948,0.491184,0.491338,0.49247,0.482672,0.482557,0.484287,0.482276
2015021144,2016,0.0,1,0.657836,0.620948,0.623407,0.678359,0.6726,0.674876,0.687675,0.687529,0.672842,0.658039
2015021145,2016,1.0,0,0.620333,0.682369,0.626794,0.648878,0.645056,0.651182,0.661276,0.661183,0.659833,0.664837
2015021146,2016,1.0,0,0.52108,0.511886,0.548611,0.531219,0.523179,0.531189,0.535221,0.534842,0.518907,0.520012
2015021147,2016,1.0,0,0.560749,0.527683,0.53826,0.508096,0.515638,0.504892,0.497004,0.496883,0.511395,0.508703
2015021148,2016,0.0,1,0.443008,0.394694,0.353368,0.361629,0.370479,0.36368,0.362544,0.362679,0.35665,0.361513
2015021149,2016,0.0,1,0.52741,0.510646,0.534285,0.503562,0.501919,0.501918,0.501263,0.500773,0.501045,0.500393
2015021150,2016,1.0,2,0.435076,0.455353,0.420852,0.44514,0.433415,0.443622,0.438963,0.439158,0.437686,0.443
2015021151,2016,1.0,0,0.650845,0.654991,0.653898,0.660351,0.661355,0.658215,0.646808,0.646612,0.656073,0.659618
2015021152,2016,1.0,0,0.531785,0.469852,0.513682,0.533058,0.53255,0.532511,0.525451,0.525624,0.524072,0.503424
2015021153,2016,1.0,0,0.621383,0.584872,0.587152,0.597305,0.596024,0.594877,0.594597,0.594729,0.60269,0.589588
2015021154,2016,1.0,0,0.575384,0.618508,0.591884,0.555925,0.557839,0.556381,0.551212,0.551153,0.558701,0.578113
2015021155,2016,1.0,0,0.42852,0.444865,0.469626,0.406512,0.400858,0.406761,0.393329,0.393306,0.391953,0.412849
2015021156,2016,0.0,1,0.645656,0.680759,0.662815,0.664433,0.662607,0.664935,0.660036,0.659898,0.656973,0.673249
2015021157,2016,1.0,0,0.604306,0.656537,0.623025,0.653915,0.638412,0.650091,0.660857,0.66055,0.6464,0.658262
2015021158,2016,0.0,1,0.609348,0.592186,0.615368,0.621679,0.619135,0.622288,0.6164,0.61604,0.617673,0.609884
2015021159,2016,1.0,0,0.675143,0.64177,0.686112,0.693074,0.690637,0.687829,0.688475,0.688327,0.691291,0.67558
2015021160,2016,1.0,0,0.647283,0.689725,0.653322,0.690611,0.684948,0.688412,0.675938,0.676013,0.676246,0.694431
2015021161,2016,0.0,1,0.662305,0.707285,0.738021,0.676081,0.670657,0.6764,0.671397,0.670881,0.675999,0.691282
2015021162,2016,1.0,0,0.499044,0.583309,0.490953,0.519095,0.520819,0.523615,0.515765,0.515676,0.514396,0.542503
2015021163,2016,0.0,1,0.589574,0.578339,0.582875,0.548933,0.549031,0.5493,0.54733,0.547012,0.553576,0.555781
2015021164,2016,0.0,3,0.442662,0.43135,0.473952,0.416838,0.415011,0.416289,0.431098,0.430789,0.417809,0.413655
2015021165,2016,0.0,1,0.431935,0.40642,0.392047,0.432958,0.427763,0.43288,0.412411,0.412483,0.408203,0.414859
2015021166,2016,0.0,1,0.684159,0.699548,0.729072,0.72525,0.724827,0.728849,0.73051,0.730348,0.728816,0.720089
2015021167,2016,0.0,1,0.516192,0.432493,0.442749,0.459909,0.457241,0.45549,0.465496,0.465429,0.466082,0.439345
2015021168,2016,1.0,0,0.565732,0.589291,0.569576,0.590142,0.57732,0.589617,0.584726,0.584808,0.586889,0.589478
2015021169,2016,0.0,1,0.556709,0.622704,0.572328,0.552902,0.54831,0.553516,0.537099,0.537111,0.547818,0.578854
2015021170,2016,0.0,1,0.475615,0.489335,0.471166,0.430144,0.433757,0.433147,0.419534,0.419285,0.420295,0.444499
2015021171,2016,1.0,0,0.64851,0.677576,0.643839,0.642737,0.634315,0.640342,0.647441,0.647409,0.64186,0.657292
2015021172,2016,1.0,0,0.590098,0.632004,0.605609,0.625648,0.62398,0.624109,0.620208,0.619683,0.617205,0.629826
2015021173,2016,0.0,1,0.695413,0.650617,0.633513,0.677948,0.67737,0.677859,0.691584,0.691222,0.689128,0.667495
2015021174,2016,0.0,1,0.550136,0.516128,0.548824,0.500617,0.502992,0.503632,0.496499,0.496717,0.507439,0.499442
2015021175,2016,0.0,3,0.541983,0.523231,0.496419,0.537157,0.541844,0.540143,0.53049,0.530708,0.535187,0.527599
2015021176,2016,0.0,1,0.495567,0.528344,0.516274,0.511155,0.515201,0.511314,0.503089,0.503107,0.509188,0.514506
2015021177,2016,1.0,0,0.35575,0.35386,0.321974,0.346004,0.340399,0.347526,0.353131,0.353209,0.328745,0.33904
2015021178,2016,1.0,0,0.578791,0.559849,0.533997,0.539071,0.540071,0.53878,0.524424,0.52404,0.53317,0.542015
2015021179,2016,1.0,0,0.613522,0.645259,0.650519,0.63774,0.648747,0.638775,0.629111,0.628705,0.626466,0.642253
2015021180,2016,1.0,0,0.464532,0.511896,0.465068,0.433919,0.43795,0.434655,0.435605,0.435197,0.429601,0.456844
2015021181,2016,0.0,1,0.470719,0.402943,0.440746,0.443154,0.441536,0.44127,0.44379,0.443792,0.438585,0.418234
2015021182,2016,1.0,0,0.5591,0.583857,0.576534,0.543666,0.542856,0.546627,0.540468,0.54049,0.542436,0.556148
2015021183,2016,1.0,0,0.503343,0.490753,0.469675,0.49573,0.491121,0.494022,0.500368,0.500364,0.497781,0.488183
2015021184,2016,0.0,1,0.447506,0.473263,0.509415,0.431221,0.430245,0.428169,0.407574,0.407279,0.412699,0.440183
2015021185,2016,0.0,1,0.441151,0.475042,0.432486,0.407532,0.407735,0.411245,0.404867,0.404609,0.402653,0.425039
2015021186,2016,1.0,0,0.690313,0.691403,0.690568,0.673831,0.673647,0.674097,0.665008,0.664729,0.676018,0.681651
2015021187,2016,1.0,0,0.42598,0.376153,0.360697,0.376312,0.383449,0.375514,0.38814,0.387895,0.376185,0.364814
2015021188,2016,0.0,3,0.635797,0.645208,0.633258,0.634375,0.635345,0.633401,0.636056,0.635792,0.625655,0.638807
2015021189,2016,0.0,1,0.593282,0.548818,0.56012,0.551538,0.559166,0.55356,0.54578,0.545542,0.544841,0.545143
2015021190,2016,1.0,0,0.554248,0.509982,0.503947,0.545992,0.545587,0.544973,0.574234,0.574086,0.552413,0.527531
2015021191,2016,0.0,3,0.628662,0.662127,0.645626,0.622495,0.628169,0.622974,0.618009,0.617727,0.613637,0.638304
2015021192,2016,0.0,1,0.502284,0.455567,0.452919,0.459375,0.457187,0.462652,0.455888,0.456393,0.456713,0.449192
2015021193,2016,0.0,1,0.459274,0.406204,0.382847,0.383655,0.387184,0.381793,0.394461,0.394537,0.383076,0.380208
2015021194,2016,1.0,0,0.590821,0.648441,0.622782,0.610455,0.607723,0.61232,0.616705,0.616612,0.610363,0.626441
2015021195,2016,0.0,1,0.541479,0.441597,0.475515,0.505276,0.502571,0.50691,0.513208,0.513581,0.512213,0.47236
2015021196,2016,1.0,0,0.687802,0.690331,0.652254,0.712964,0.711203,0.714143,0.698521,0.698405,0.696684,0.707835
2015021197,2016,0.0,3,0.455586,0.424863,0.431437,0.432684,0.43625,0.43398,0.438888,0.438674,0.421002,0.421033
2015021198,2016,0.0,3,0.658882,0.642768,0.672741,0.666493,0.667456,0.667617,0.655415,0.655448,0.660358,0.658435
2015021199,2016,0.0,1,0.508063,0.546686,0.500965,0.46653,0.470984,0.470695,0.453683,0.453184,0.456676,0.491129
2015021200,2016,1.0,0,0.544852,0.568241,0.54407,0.551081,0.560678,0.55283,0.539816,0.539402,0.543709,0.555425
2015021201,2016,1.0,0,0.503255,0.55933,0.558506,0.552085,0.545689,0.552843,0.552414,0.552309,0.542774,0.554604
2015021202,2016,1.0,0,0.577182,0.582047,0.558583,0.570224,0.57222,0.570571,0.568931,0.56918,0.567541,0.572389
2015021203,2016,0.0,1,0.444247,0.392648,0.404954,0.42867,0.433775,0.434363,0.418287,0.418328,0.413593,0.405644
2015021204,2016,0.0,1,0.587402,0.565736,0.546497,0.574969,0.577072,0.578261,0.58295,0.582653,0.565003,0.568353
2015021205,2016,0.0,3,0.636903,0.603446,0.61647,0.646024,0.640422,0.641715,0.647293,0.647561,0.640549,0.629724
2015021206,2016,0.0,3,0.57339,0.547043,0.531811,0.538598,0.54436,0.534508,0.527539,0.527227,0.535399,0.536695
2015021207,2016,0.0,1,0.524636,0.519225,0.520807,0.514271,0.508902,0.513438,0.511081,0.511087,0.509522,0.511331
2015021208,2016,1.0,0,0.498131,0.463359,0.452962,0.472932,0.476859,0.47298,0.486992,0.487341,0.472683,0.46177
2015021209,2016,1.0,2,0.654003,0.666762,0.668953,0.693302,0.68373,0.694788,0.689329,0.689354,0.686946,0.686686
2015021210,2016,0.0,3,0.544433,0.514719,0.509678,0.498058,0.511461,0.506379,0.490686,0.4905,0.496313,0.497431
2015021211,2016,1.0,0,0.623806,0.655672,0.642703,0.605385,0.604451,0.602282,0.617582,0.617427,0.617807,0.624417
2015021212,2016,1.0,0,0.57696,0.611889,0.614446,0.591255,0.583911,0.587697,0.574712,0.574158,0.575443,0.59898
2015021213,2016,1.0,0,0.540296,0.592657,0.506718,0.561677,0.558413,0.559757,0.549861,0.549858,0.544761,0.572949
2015021214,2016,0.0,1,0.629405,0.669163,0.666583,0.659746,0.657095,0.660078,0.648101,0.647791,0.655766,0.666124
2015021215,2016,0.0,1,0.50921,0.49166,0.492802,0.48288,0.485192,0.486794,0.477769,0.477907,0.483034,0.479535
2015021216,2016,0.0,1,0.596681,0.623379,0.591993,0.618084,0.615781,0.618256,0.600661,0.600547,0.61088,0.620825
2015021217,2016,1.0,0,0.613987,0.581457,0.563021,0.572561,0.571061,0.570806,0.57624,0.575959,0.575818,0.571753
2015021218,2016,1.0,0,0.457764,0.473207,0.418356,0.461033,0.449778,0.460031,0.454641,0.45471,0.45158,0.459875
2015021219,2016,0.0,1,0.460612,0.421746,0.384514,0.450997,0.447117,0.451925,0.443502,0.443365,0.438158,0.431808
2015021220,2016,1.0,0,0.464877,0.452174,0.438117,0.460697,0.464189,0.465349,0.484453,0.48462,0.463029,0.450652
2015021221,2016,1.0,0,0.633163,0.670801,0.62043,0.662524,0.661477,0.661088,0.670208,0.669864,0.662161,0.668478
2015021222,2016,1.0,0,0.589003,0.534122,0.5804,0.573511,0.581275,0.578019,0.581625,0.581686,0.584559,0.554346
2015021223,2016,1.0,2,0.448587,0.448394,0.482282,0.475684,0.465134,0.473128,0.485495,0.485303,0.473748,0.460081
2015021224,2016,0.0,1,0.607421,0.571625,0.611737,0.609613,0.611913,0.610839,0.613192,0.613775,0.612004,0.593377
2015021225,2016,0.0,3,0.6672,0.643151,0.627091,0.680878,0.677758,0.673625,0.683558,0.68345,0.680426,0.668062
2015021226,2016,0.0,1,0.531932,0.53449,0.503619,0.517812,0.512128,0.519811,0.515652,0.515504,0.519872,0.51963
2015021227,2016,1.0,0,0.580944,0.585581,0.563545,0.579223,0.583514,0.579221,0.576615,0.576741,0.576085,0.579747
2015021228,2016,1.0,2,0.577327,0.533869,0.496187,0.492956,0.497632,0.492691,0.486288,0.485946,0.497122,0.500094
2015021229,2016,0.0,3,0.641122,0.686177,0.64502,0.668797,0.663933,0.667903,0.659205,0.65951,0.657055,0.678649
2015021230,2016,1.0,0,0.669305,0.723946,0.720311,0.699966,0.693813,0.699349,0.699095,0.698825,0.706518,0.713736
2015020704,2016,0.0,1,0.586448,0.58292,0.563407,0.541922,0.54262,0.537738,0.541534,0.541242,0.540491,0.553121
2015020716,2016,0.0,1,0.586628,0.5152,0.540497,0.516045,0.524789,0.515695,0.517585,0.517076,0.51953,0.507563
2016020001,2017,1.0,2,0.612388,0.549362,,0.618998,0.614814,0.617895,0.610127,0.6105,0.623881,0.590946
2016020002,2017,0.0,1,0.546503,0.530845,,0.489387,0.484185,0.497094,0.513328,0.513433,0.518896,0.49533
2016020003,2017,1.0,0,0.499618,0.525353,,0.450202,0.449051,0.446228,0.46999,0.470012,0.46945,0.469252
2016020004,2017,1.0,0,0.570473,0.560956,,0.582698,0.590893,0.588127,0.568511,0.567594,0.572955,0.572952
2016020005,2017,0.0,1,0.504359,0.49818,,0.449165,0.449294,0.445131,0.458776,0.458653,0.474363,0.457195
2016020006,2017,1.0,0,0.568112,0.565863,,0.555722,0.559261,0.557587,0.555001,0.555283,0.555419,0.555478
2016020007,2017,1.0,2,0.555921,0.551597,,0.553179,0.560789,0.556752,0.552286,0.551894,0.562794,0.549125
2016020008,2017,0.0,1,0.513697,0.484119,,0.521629,0.530078,0.522535,0.487724,0.487826,0.49898,0.503363
2016020009,2017,1.0,0,0.607046,0.605257,,0.632608,0.623127,0.627778,0.598297,0.598222,0.628551,0.623445
2016020010,2017,1.0,2,0.600408,0.619542,,0.615111,0.624481,0.616857,0.601792,0.601814,0.611637,0.617
2016020011,2017,1.0,0,0.596168,0.534428,,0.499485,0.50912,0.49487,0.505612,0.506182,0.510184,0.499036
2016020012,2017,1.0,2,0.573372,0.583912,,0.562437,0.558004,0.558749,0.546894,0.546541,0.556116,0.567108
2016020013,2017,1.0,0,0.532854,0.555171,,0.528997,0.533297,0.533255,0.530538,0.530286,0.540809,0.53529
2016020014,2017,1.0,0,0.522624,0.61943,,0.543711,0.559539,0.549818,0.532832,0.533368,0.530071,0.57318
2016020015,2017,0.0,1,0.588207,0.581603,,0.595916,0.591407,0.59769,0.600237,0.600581,0.600441,0.589064
2016020016,2017,0.0,1,0.580587,0.552211,,0.562893,0.578643,0.569579,0.578322,0.578544,0.559696,0.553967
2016020017,2017,1.0,0,0.458137,0.520337,,0.474595,0.484839,0.477405,0.487051,0.486691,0.478726,0.489209
2016020018,2017,1.0,2,0.553827,0.539897,,0.554913,0.54756,0.551534,0.573453,0.573602,0.567813,0.545919
2016020019,2017,1.0,0,0.634016,0.67832,,0.612775,0.613118,0.612988,0.593312,0.593293,0.612212,0.636194
2016020020,2017,1.0,0,0.584181,0.612216,,0.654355,0.652662,0.65448,0.640935,0.641656,0.640217,0.644364
2016020021,2017,1.0,0,0.580892,0.592613,,0.610166,0.61484,0.610569,0.624547,0.624484,0.615897,0.604582
2016020022,2017,1.0,0,0.608641,0.660991,,0.628041,0.636756,0.625248,0.631225,0.631922,0.62772,0.642324
2016020023,2017,0.0,1,0.469258,0.42681,,0.425785,0.418027,0.422445,0.415541,0.416355,0.416055,0.415371
2016020024,2017,1.0,0,0.575139,0.585228,,0.594324,0.59877,0.598441,0.61435,0.61479,0.613496,0.590647
2016020025,2017,1.0,0,0.573251,0.59177,,0.526087,0.530195,0.529009,0.545827,0.546159,0.531196,0.544002
2016020026,2017,1.0,0,0.571923,0.535242,,0.485669,0.478955,0.488015,0.514341,0.513723,0.520157,0.491811
2016020027,2017,1.0,0,0.490074,0.518639,,0.486593,0.477865,0.48977,0.499495,0.499481,0.500638,0.494059
2016020028,2017,1.0,2,0.48624,0.530124,,0.422422,0.423376,0.427339,0.428915,0.428493,0.424735,0.452073
2016020029,2017,1.0,2,0.534062,0.551837,,0.540009,0.524412,0.539106,0.534075,0.533801,0.553155,0.541827
2016020030,2017,1.0,2,0.510748,0.491348,,0.525725,0.519783,0.522522,0.549305,0.548868,0.547808,0.509538
2016020031,2017,0.0,1,0.552272,0.552266,,0.577212,0.561627,0.574479,0.567044,0.566925,0.577883,0.567298
2016020032,2017,1.0,2,0.54904,0.513454,,0.534223,0.532614,0.533311,0.508374,0.507541,0.519275,0.520733
2016020033,2017,1.0,0,0.526504,0.481152,,0.466428,0.459793,0.466153,0.456135,0.456548,0.458663,0.460778
2016020034,2017,0.0,3,0.645643,0.664603,,0.680844,0.687733,0.682483,0.67509,0.674773,0.686873,0.678338
2016020035,2017,1.0,0,0.531253,0.546764,,0.487607,0.494643,0.485114,0.511267,0.511304,0.513256,0.501982
2016020036,2017,0.0,1,0.51439,0.498059,,0.472157,0.469613,0.468482,0.471393,0.47091,0.471752,0.472893
2016020037,2017,1.0,0,0.469573,0.478677,,0.509243,0.520523,0.51531,0.511608,0.511728,0.504907,0.496585
2016020038,2017,0.0,1,0.50911,0.447587,,0.511619,0.495379,0.506734,0.528582,0.528571,0.520382,0.481843
2016020039,2017,1.0,0,0.631568,0.677107,,0.706827,0.695272,0.699201,0.687064,0.687508,0.674573,0.703478
2016020040,2017,1.0,0,0.463452,0.461782,,0.485889,0.478131,0.490045,0.483591,0.483804,0.456773,0.473449
2016020041,2017,1.0,0,0.601046,0.582091,,0.627723,0.615104,0.622769,0.636018,0.636297,0.640719,0.611355
2016020042,2017,1.0,2,0.577926,0.57655,,0.520538,0.510407,0.519594,0.527969,0.528235,0.536041,0.533272
2016020043,2017,0.0,1,0.523692,0.545855,,0.54831,0.557247,0.553637,0.561938,0.562778,0.559611,0.546498
2016020044,2017,1.0,0,0.53719,0.504755,,0.59468,0.60261,0.598121,0.580297,0.580745,0.581526,0.562892
2016020045,2017,1.0,0,0.589974,0.553473,,0.567553,0.580972,0.578102,0.577663,0.577679,0.574375,0.556921
2016020046,2017,1.0,2,0.56875,0.595564,,0.665128,0.646076,0.663808,0.647379,0.647925,0.631193,0.647419
2016020047,2017,1.0,0,0.530222,0.528922,,0.529002,0.519052,0.526042,0.513465,0.51277,0.502353,0.525011
2016020048,2017,1.0,2,0.444024,0.437774,,0.485755,0.487969,0.488367,0.474385,0.474121,0.476671,0.465632
2016020049,2017,0.0,1,0.599592,0.589557,,0.616896,0.60041,0.619204,0.607626,0.608628,0.603822,0.606455
2016020050,2017,1.0,2,0.586513,0.532317,,0.505499,0.498645,0.501884,0.484223,0.484242,0.510758,0.503561
2016020051,2017,1.0,0,0.604243,0.641524,,0.586626,0.578524,0.584906,0.588866,0.588934,0.594978,0.605062
2016020052,2017,0.0,1,0.50515,0.532981,,0.542505,0.537444,0.539244,0.549522,0.54966,0.5405,0.538968
2016020053,2017,1.0,0,0.566884,0.522997,,0.511205,0.516464,0.50823,0.514591,0.514439,0.517914,0.505981
2016020054,2017,1.0,0,0.610314,0.576388,,0.669233,0.671619,0.680133,0.679117,0.67959,0.684866,0.639296
2016020055,2017,0.0,1,0.621465,0.660075,,0.622725,0.612745,0.62023,0.614685,0.615259,0.619504,0.636894
2016020056,2017,0.0,1,0.497985,0.501547,,0.509179,0.512448,0.51181,0.504562,0.504591,0.507963,0.502851
2016020057,2017,1.0,0,0.628803,0.60292,,0.643708,0.633644,0.643952,0.648508,0.648983,0.653031,0.628554
2016020058,2017,0.0,3,0.573026,0.521505,,0.550393,0.555605,0.547708,0.549553,0.550179,0.551817,0.53333
2016020059,2017,0.0,1,0.567489,0.571082,,0.600574,0.59949,0.602207,0.598119,0.597629,0.599012,0.590358
2016020060,2017,1.0,0,0.426249,0.445355,,0.478875,0.480336,0.478826,0.468891,0.469157,0.469319,0.465509
2016020061,2017,1.0,0,0.566624,0.589021,,0.597085,0.585284,0.588741,0.600639,0.600789,0.599558,0.595011
2016020062,2017,1.0,0,0.621774,0.604494,,0.691376,0.686483,0.696774,0.713789,0.713726,0.726549,0.665537
2016020063,2017,1.0,0,0.475059,0.532774,,0.49702,0.500877,0.498467,0.504994,0.505469,0.491491,0.508822
2016020064,2017,1.0,0,0.534536,0.499893,,0.437767,0.442487,0.43995,0.449335,0.449447,0.453457,0.446558
2016020065,2017,0.0,1,0.569937,0.602601,,0.533896,0.529308,0.533554,0.533128,0.53354,0.537042,0.554444
2016020066,2017,0.0,1,0.50163,0.482255,,0.501956,0.503019,0.499612,0.511481,0.511822,0.503274,0.489508
2016020067,2017,1.0,0,0.494755,0.434643,,0.406125,0.422162,0.410927,0.40268,0.402431,0.417526,0.401768
2016020068,2017,1.0,0,0.5765,0.637959,,0.602297,0.595255,0.602433,0.594413,0.594851,0.603147,0.617553
2016020069,2017,1.0,2,0.496894,0.484171,,0.479595,0.491355,0.483262,0.490838,0.491278,0.480342,0.4745
2016020070,2017,1.0,0,0.588329,0.590055,,0.610648,0.605104,0.606516,0.608293,0.60745,0.609595,0.603187
2016020071,2017,0.0,1,0.594846,0.60999,,0.564626,0.565319,0.559724,0.585602,0.585748,0.570524,0.577149
2016020072,2017,1.0,2,0.655683,0.607255,,0.613105,0.611202,0.621046,0.579419,0.578814,0.594094,0.60497
2016020073,2017,1.0,0,0.479813,0.482623,,0.43057,0.429413,0.43576,0.429062,0.429023,0.423332,0.439886
2016020074,2017,0.0,1,0.612133,0.604387,,0.645155,0.642911,0.648795,0.627493,0.627701,0.635854,0.631849
2016020075,2017,0.0,1,0.457953,0.466757,,0.468871,0.473343,0.474065,0.454418,0.454228,0.457479,0.46364
2016020076,2017,1.0,2,0.608691,0.664692,,0.621775,0.602561,0.626819,0.607122,0.607431,0.611926,0.63937
2016020077,2017,0.0,1,0.586175,0.608386,,0.524831,0.52939,0.524251,0.536428,0.536378,0.537494,0.548648
2016020078,2017,1.0,0,0.545046,0.530948,,0.572042,0.564139,0.571382,0.599202,0.599445,0.59034,0.555765
2016020079,2017,1.0,0,0.655003,0.621523,,0.690346,0.689544,0.69908,0.667631,0.66797,0.69922,0.667941
2016020080,2017,1.0,0,0.632229,0.652825,,0.595041,0.583485,0.589564,0.587619,0.587652,0.598714,0.612981
2016020081,2017,1.0,0,0.562292,0.541817,,0.54569,0.567402,0.565924,0.546261,0.547435,0.538754,0.539107
2016020082,2017,0.0,3,0.635509,0.638345,,0.590471,0.586331,0.596083,0.58007,0.580193,0.5948,0.603325
2016020083,2017,0.0,1,0.559474,0.585837,,0.492199,0.497887,0.49633,0.487145,0.487737,0.497698,0.518396
2016020084,2017,1.0,0,0.587439,0.567964,,0.563787,0.571524,0.567892,0.582983,0.583245,0.589026,0.560238
2016020085,2017,1.0,2,0.602874,0.597506,,0.555926,0.54642,0.546924,0.578412,0.578405,0.585728,0.564922
2016020086,2017,1.0,0,0.592086,0.573143,,0.562723,0.563419,0.56308,0.565799,0.565549,0.570167,0.561073
2016020087,2017,0.0,1,0.426969,0.42951,,0.392428,0.387949,0.394426,0.396619,0.396657,0.387868,0.396358
2016020088,2017,1.0,0,0.602474,0.577309,,0.537756,0.538779,0.542917,0.52879,0.527843,0.536578,0.543549
2016020089,2017,0.0,1,0.643348,0.662034,,0.6399,0.632119,0.636644,0.620441,0.620949,0.618469,0.647862
2016020090,2017,1.0,0,0.60957,0.578101,,0.594176,0.58866,0.595748,0.56378,0.564502,0.585921,0.584237
2016020091,2017,0.0,1,0.512669,0.496709,,0.435711,0.445566,0.438072,0.452727,0.45241,0.455367,0.445964
2016020092,2017,1.0,2,0.59153,0.650384,,0.571612,0.565763,0.574791,0.569849,0.569947,0.579071,0.599313
2016020093,2017,1.0,2,0.548978,0.584695,,0.549357,0.545454,0.548949,0.581218,0.580999,0.561606,0.560387
2016020094,2017,0.0,1,0.551237,0.553756,,0.585515,0.570582,0.579544,0.597301,0.597472,0.594328,0.57407
2016020095,2017,1.0,0,0.582816,0.540817,,0.602799,0.596588,0.600625,0.600005,0.599807,0.610523,0.578551
2016020096,2017,1.0,0,0.42241,0.399953,,0.401878,0.397987,0.400014,0.394782,0.394703,0.395889,0.392014
2016020097,2017,1.0,0,0.583397,0.548912,,0.478115,0.479915,0.475015,0.478505,0.478014,0.494083,0.490645
2016020098,2017,0.0,1,0.469386,0.457163,,0.382741,0.392743,0.382286,0.36887,0.368735,0.365515,0.395881
2016020099,2017,0.0,1,0.618342,0.637027,,0.679922,0.675484,0.681564,0.674883,0.675784,0.684674,0.669565
2016020100,2017,1.0,0,0.606444,0.647343,,0.621395,0.625575,0.620376,0.607018,0.607616,0.599992,0.632189
2016020101,2017,1.0,0,0.453074,0.462853,,0.399195,0.383558,0.398558,0.420348,0.419698,0.404911,0.41177
2016020102,2017,1.0,0,0.507732,0.486461,,0.520214,0.525192,0.521144,0.517641,0.517706,0.510893,0.503867
2016020103,2017,0.0,3,0.592126,0.626726,,0.585665,0.578769,0.584871,0.593594,0.594287,0.584778,0.599464
2016020104,2017,1.0,0,0.484852,0.533249,,0.479962,0.485743,0.478678,0.501127,0.500802,0.486073,0.495619
2016020105,2017,1.0,2,0.571195,0.630402,,0.555955,0.536677,0.556718,0.556038,0.556164,0.556102,0.58174
2016020106,2017,1.0,0,0.617924,0.668206,,0.642446,0.644215,0.646253,0.656398,0.65596,0.653082,0.654691
2016020107,2017,0.0,3,0.480751,0.457334,,0.47694,0.479656,0.474936,0.455617,0.4553,0.45485,0.463443
2016020108,2017,1.0,0,0.447947,0.503006,,0.435822,0.436308,0.434421,0.474452,0.475084,0.461036,0.454975
2016020109,2017,0.0,1,0.564719,0.562955,,0.591984,0.593423,0.590201,0.601895,0.601739,0.610064,0.581119
2016020110,2017,1.0,0,0.519053,0.522549,,0.509418,0.513168,0.507474,0.524222,0.52426,0.513337,0.509327
2016020111,2017,0.0,1,0.545988,0.547377,,0.503067,0.512765,0.506693,0.53333,0.532803,0.539625,0.511988
2016020112,2017,0.0,1,0.623281,0.636,,0.62649,0.624511,0.627039,0.633148,0.632979,0.622735,0.62961
2016020113,2017,1.0,0,0.462712,0.438989,,0.412188,0.407456,0.410792,0.403386,0.403124,0.401198,0.410974
2016020114,2017,1.0,0,0.640692,0.590753,,0.651052,0.656429,0.652017,0.642211,0.642474,0.647877,0.628093
2016020115,2017,0.0,1,0.555012,0.508663,,0.531985,0.532646,0.527927,0.539374,0.539517,0.529834,0.51658
2016020116,2017,1.0,0,0.463484,0.447483,,0.444789,0.439762,0.444213,0.441614,0.44172,0.441351,0.437918
2016020117,2017,0.0,1,0.469435,0.49412,,0.459535,0.442355,0.453701,0.454462,0.454803,0.453983,0.466619
2016020118,2017,1.0,0,0.566981,0.518605,,0.568576,0.567674,0.565674,0.577101,0.576958,0.55784,0.546118
2016020119,2017,1.0,0,0.548953,0.533469,,0.567546,0.559849,0.564898,0.54937,0.549553,0.56606,0.553082
2016020120,2017,0.0,1,0.495678,0.525814,,0.479623,0.477327,0.47174,0.498763,0.498701,0.484883,0.491302
2016020121,2017,0.0,1,0.426976,0.389357,,0.33043,0.331306,0.329477,0.325285,0.324619,0.338718,0.335612
2016020122,2017,1.0,0,0.599212,0.636981,,0.565602,0.570175,0.569526,0.580832,0.580331,0.584979,0.588604
2016020123,2017,0.0,1,0.588442,0.608118,,0.5835,0.584242,0.581334,0.594861,0.594158,0.581424,0.590669
2016020124,2017,0.0,1,0.544876,0.476498,,0.466958,0.463235,0.464337,0.476636,0.475992,0.486615,0.457473
2016020125,2017,0.0,1,0.509996,0.490957,,0.51368,0.522647,0.52029,0.528594,0.528386,0.53592,0.500685
2016020126,2017,1.0,0,0.62969,0.573459,,0.595241,0.585986,0.59089,0.618283,0.618432,0.631868,0.58109
2016020127,2017,1.0,0,0.544865,0.515184,,0.55071,0.542402,0.549307,0.538321,0.538319,0.527941,0.533886
2016020128,2017,1.0,0,0.567639,0.529303,,0.576577,0.585287,0.583973,0.59591,0.595849,0.578348,0.556181
2016020129,2017,0.0,1,0.515573,0.507066,,0.480293,0.478999,0.47868,0.487325,0.487225,0.477213,0.482291
2016020130,2017,0.0,1,0.451302,0.425857,,0.462947,0.453733,0.456691,0.459245,0.458916,0.45465,0.443587
2016020131,2017,0.0,1,0.520143,0.463789,,0.476156,0.473213,0.474251,0.464274,0.464631,0.479776,0.461538
2016020132,2017,1.0,0,0.553768,0.525763,,0.563851,0.572728,0.568242,0.547021,0.546898,0.562013,0.546828
2016020133,2017,1.0,2,0.515128,0.505625,,0.474977,0.474857,0.474424,0.471678,0.471545,0.472053,0.477892
2016020134,2017,1.0,2,0.516987,0.559597,,0.477975,0.482084,0.478461,0.479475,0.479556,0.485375,0.501596
2016020135,2017,1.0,2,0.601868,0.563529,,0.594059,0.592043,0.593846,0.572261,0.571845,0.574118,0.579142
2016020136,2017,0.0,1,0.560169,0.555239,,0.534164,0.539627,0.538592,0.537534,0.537983,0.549279,0.536327
2016020137,2017,0.0,1,0.634814,0.622059,,0.676059,0.679093,0.677478,0.672404,0.672038,0.669177,0.659397
2016020138,2017,0.0,1,0.443786,0.438908,,0.397362,0.395066,0.396509,0.395711,0.394799,0.393779,0.40199
2016020139,2017,1.0,0,0.626556,0.651878,,0.565493,0.572578,0.573786,0.580399,0.580203,0.583614,0.59203
2016020140,2017,0.0,1,0.539836,0.523354,,0.495783,0.49941,0.492906,0.501985,0.501907,0.510058,0.497647
2016020141,2017,1.0,0,0.420508,0.393342,,0.344627,0.343682,0.33945,0.350222,0.350279,0.339243,0.348105
2016020142,2017,0.0,1,0.529203,0.563424,,0.509304,0.50671,0.508807,0.5042,0.504396,0.519368,0.524701
2016020143,2017,1.0,0,0.631916,0.626198,,0.645003,0.644053,0.645652,0.630935,0.630907,0.625431,0.638334
2016020144,2017,1.0,2,0.542526,0.596033,,0.537448,0.522579,0.528852,0.536051,0.536358,0.529645,0.55705
2016020145,2017,0.0,1,0.524065,0.470999,,0.448387,0.454467,0.450532,0.437721,0.437645,0.446692,0.443888
2016020146,2017,0.0,1,0.573246,0.522552,,0.504706,0.499187,0.503922,0.512134,0.512138,0.515613,0.500426
2016020147,2017,0.0,3,0.559962,0.484427,,0.554175,0.561923,0.565052,0.558198,0.557982,0.573141,0.522627
2016020148,2017,1.0,0,0.652586,0.625549,,0.614369,0.616746,0.615965,0.594425,0.594182,0.617175,0.613594
2016020149,2017,1.0,2,0.65693,0.642351,,0.663533,0.665419,0.664518,0.661856,0.662139,0.667499,0.65581
2016020150,2017,1.0,0,0.61431,0.600713,,0.639567,0.63282,0.63846,0.642915,0.642724,0.648228,0.626073
2016020151,2017,0.0,3,0.588747,0.593984,,0.524431,0.521899,0.525367,0.517409,0.51744,0.53501,0.542133
2016020152,2017,1.0,2,0.591078,0.621193,,0.582684,0.584179,0.582656,0.584459,0.584781,0.592451,0.595151
2016020153,2017,1.0,0,0.622082,0.635362,,0.593718,0.59582,0.603126,0.573198,0.57338,0.57986,0.605805
2016020154,2017,1.0,0,0.525991,0.515778,,0.475957,0.481817,0.479435,0.46638,0.466647,0.483946,0.481577
2016020155,2017,1.0,2,0.475285,0.455253,,0.4088,0.412873,0.407482,0.401422,0.400776,0.398961,0.413665
2016020156,2017,1.0,2,0.480776,0.54856,,0.427724,0.417008,0.429512,0.442679,0.442889,0.437722,0.463907
2016020157,2017,0.0,1,0.635595,0.670906,,0.634918,0.637112,0.634373,0.66049,0.660206,0.657501,0.648698
2016020158,2017,1.0,0,0.509606,0.537909,,0.50002,0.511151,0.499677,0.498869,0.498793,0.499527,0.50961
2016020159,2017,0.0,1,0.580963,0.555794,,0.618167,0.607086,0.617478,0.62075,0.621002,0.618245,0.595995
2016020160,2017,1.0,0,0.654124,0.656886,,0.654972,0.646747,0.657725,0.657951,0.657932,0.666775,0.655605
2016020161,2017,1.0,0,0.497874,0.496465,,0.453226,0.451973,0.453333,0.463001,0.463286,0.462427,0.460119
2016020162,2017,0.0,1,0.504336,0.515775,,0.525407,0.524166,0.525849,0.540923,0.541346,0.532276,0.51972
2016020163,2017,1.0,0,0.544558,0.559527,,0.536852,0.531854,0.539587,0.512503,0.511778,0.512555,0.541578
2016020164,2017,1.0,0,0.569626,0.478078,,0.548313,0.563143,0.558103,0.541427,0.541178,0.541418,0.5148
2016020165,2017,0.0,1,0.608382,0.577858,,0.633154,0.634713,0.633574,0.622384,0.622216,0.627573,0.612999
2016020166,2017,1.0,0,0.624271,0.644226,,0.589156,0.588545,0.588931,0.596941,0.597015,0.604785,0.60598
2016020167,2017,0.0,3,0.602261,0.547708,,0.566563,0.563337,0.569053,0.555546,0.555611,0.584114,0.552631
2016020168,2017,1.0,0,0.612765,0.58908,,0.552769,0.548673,0.548976,0.5502,0.549963,0.553969,0.55817
2016020169,2017,1.0,2,0.586644,0.628023,,0.674055,0.665308,0.670221,0.709663,0.709797,0.687562,0.664731
2016020170,2017,0.0,3,0.607174,0.575183,,0.591229,0.590301,0.590367,0.578255,0.578258,0.581811,0.581159
2016020171,2017,0.0,1,0.515055,0.524864,,0.459368,0.462643,0.454483,0.477056,0.477636,0.484991,0.474215
2016020172,2017,1.0,0,0.597012,0.659318,,0.53356,0.529087,0.532851,0.536086,0.536312,0.541938,0.575459
2016020173,2017,0.0,1,0.519867,0.564799,,0.556093,0.560784,0.558645,0.558392,0.558197,0.555238,0.560126
2016020174,2017,0.0,1,0.589245,0.573309,,0.648992,0.642897,0.649028,0.661159,0.661666,0.65152,0.624928
2016020175,2017,1.0,0,0.608339,0.637383,,0.594454,0.591823,0.592097,0.587645,0.58761,0.592795,0.608554
2016020176,2017,0.0,1,0.530803,0.570836,,0.561711,0.564245,0.562436,0.592168,0.592222,0.579657,0.565546
2016020177,2017,1.0,0,0.642319,0.612515,,0.656615,0.659003,0.666775,0.628796,0.629207,0.651244,0.640507
2016020178,2017,1.0,2,0.590853,0.569384,,0.534392,0.526427,0.538942,0.549933,0.549525,0.539849,0.539085
2016020179,2017,1.0,0,0.631249,0.638971,,0.65466,0.648361,0.652564,0.656616,0.656866,0.656281,0.650513
2016020180,2017,1.0,0,0.610757,0.621183,,0.635131,0.639917,0.636128,0.646737,0.647246,0.648044,0.631213
2016020181,2017,1.0,0,0.618365,0.569732,,0.599688,0.596704,0.59979,0.599646,0.599523,0.611758,0.584054
2016020182,2017,1.0,0,0.512431,0.526474,,0.547436,0.553585,0.548819,0.540813,0.541105,0.537781,0.539238
2016020183,2017,1.0,2,0.581982,0.521454,,0.504053,0.501983,0.504363,0.500658,0.500007,0.50673,0.498615
2016020184,2017,0.0,1,0.688403,0.663886,,0.724345,0.716093,0.727073,0.710641,0.71049,0.720452,0.706237
2016020185,2017,0.0,3,0.557954,0.622477,,0.587298,0.582446,0.587735,0.586434,0.587221,0.583082,0.602257
2016020186,2017,1.0,0,0.675227,0.662821,,0.625552,0.623345,0.62474,0.623633,0.623519,0.631364,0.634586
2016020187,2017,0.0,1,0.593376,0.549587,,0.533888,0.539498,0.53405,0.517171,0.51696,0.524994,0.530458
2016020188,2017,0.0,1,0.460284,0.440942,,0.457468,0.461993,0.45994,0.4629,0.461694,0.444786,0.444804
2016020189,2017,1.0,0,0.55601,0.517304,,0.602993,0.60002,0.604593,0.626478,0.626124,0.60934,0.572137
2016020190,2017,1.0,0,0.548927,0.586948,,0.54714,0.549854,0.544508,0.548348,0.549056,0.548196,0.559703
2016020191,2017,1.0,0,0.499952,0.522983,,0.505897,0.502922,0.500079,0.53602,0.535824,0.50792,0.508853
2016020192,2017,0.0,1,0.592845,0.593242,,0.615891,0.612883,0.61572,0.622065,0.621947,0.620923,0.607843
2016020193,2017,1.0,2,0.494614,0.49032,,0.488491,0.496652,0.49073,0.472583,0.472589,0.474556,0.483651
2016020194,2017,0.0,3,0.497144,0.538657,,0.453168,0.456701,0.454608,0.45932,0.459212,0.447319,0.477002
2016020195,2017,0.0,3,0.528507,0.563166,,0.515181,0.507551,0.510596,0.521425,0.521917,0.52165,0.528931
2016020196,2017,1.0,0,0.563943,0.62049,,0.641776,0.639391,0.641822,0.658132,0.658668,0.64458,0.640269
2016020197,2017,0.0,1,0.614288,0.586953,,0.586681,0.590319,0.585229,0.600327,0.60094,0.603342,0.581816
2016020198,2017,0.0,1,0.441117,0.474261,,0.442622,0.450492,0.445595,0.474889,0.475406,0.446066,0.449224
2016020199,2017,1.0,0,0.542679,0.44491,,0.567445,0.569723,0.572252,0.569727,0.569054,0.546855,0.518272
2016020200,2017,1.0,0,0.609104,0.608851,,0.627842,0.627922,0.625839,0.625628,0.625995,0.628639,0.621163
2016020201,2017,1.0,0,0.595347,0.639771,,0.573813,0.572128,0.575713,0.571041,0.571421,0.570551,0.596043
2016020202,2017,0.0,1,0.520301,0.510538,,0.497442,0.501247,0.500953,0.492955,0.492992,0.494871,0.495679
2016020203,2017,1.0,0,0.513558,0.518443,,0.554538,0.560284,0.55243,0.561417,0.561936,0.54037,0.541112
2016020204,2017,0.0,1,0.499232,0.493385,,0.544216,0.536457,0.541842,0.544883,0.544765,0.537234,0.525002
2016020205,2017,0.0,1,0.508811,0.477289,,0.480701,0.489313,0.478992,0.487009,0.487026,0.477005,0.471362
2016020206,2017,0.0,3,0.513824,0.52625,,0.53606,0.53067,0.534777,0.530452,0.530486,0.526265,0.530719
2016020207,2017,1.0,0,0.482235,0.456915,,0.379348,0.382358,0.381172,0.378339,0.377391,0.383774,0.392056
2016020208,2017,1.0,0,0.523176,0.448172,,0.525901,0.529357,0.522503,0.543521,0.54308,0.534184,0.491065
2016020209,2017,0.0,3,0.539552,0.494126,,0.492767,0.482219,0.492766,0.493533,0.493366,0.492997,0.48378
2016020210,2017,1.0,2,0.537661,0.528407,,0.551869,0.546268,0.547868,0.563311,0.563266,0.572055,0.540729
2016020211,2017,0.0,1,0.489663,0.51081,,0.548325,0.546426,0.54211,0.587829,0.588215,0.548237,0.53591
2016020212,2017,1.0,0,0.583214,0.554106,,0.585637,0.588403,0.595972,0.587721,0.588201,0.586789,0.571107
2016020213,2017,0.0,1,0.548613,0.513059,,0.488246,0.484047,0.48701,0.492049,0.4918,0.503021,0.487154
2016020214,2017,1.0,2,0.567133,0.62033,,0.59374,0.595138,0.595368,0.601347,0.60193,0.582565,0.605125
2016020215,2017,1.0,0,0.592028,0.595911,,0.593822,0.590445,0.595331,0.598966,0.598521,0.602211,0.592873
2016020216,2017,1.0,0,0.506637,0.551624,,0.475006,0.469674,0.469682,0.49061,0.491082,0.476236,0.497236
2016020217,2017,1.0,0,0.69309,0.661773,,0.712924,0.710276,0.712187,0.710082,0.710545,0.70482,0.696379
2016020218,2017,1.0,0,0.404391,0.429607,,0.418945,0.415929,0.419382,0.449959,0.450572,0.435742,0.41795
2016020219,2017,1.0,0,0.508836,0.459823,,0.45483,0.455955,0.45529,0.463429,0.463581,0.466414,0.445626
2016020220,2017,1.0,0,0.505363,0.521192,,0.544304,0.554706,0.5493,0.541933,0.542191,0.522948,0.535551
2016020221,2017,0.0,1,0.464531,0.420504,,0.369589,0.376303,0.368279,0.368656,0.368194,0.358235,0.372598
2016020222,2017,0.0,1,0.439599,0.450066,,0.386542,0.390719,0.385959,0.401827,0.401959,0.41561,0.398814
2016020223,2017,1.0,2,0.504068,0.482651,,0.476033,0.48878,0.474124,0.513171,0.513399,0.497264,0.470589
2016020224,2017,1.0,2,0.460544,0.488694,,0.496814,0.49091,0.496802,0.520717,0.520746,0.515944,0.492468
2016020225,2017,0.0,3,0.524404,0.517556,,0.549548,0.557689,0.549454,0.570989,0.571065,0.547129,0.536031
2016020226,2017,1.0,0,0.578951,0.593083,,0.596623,0.596999,0.595362,0.605378,0.604997,0.599479,0.59508
2016020227,2017,0.0,1,0.499485,0.487361,,0.454893,0.456878,0.4539,0.463959,0.463797,0.457525,0.457553
2016020228,2017,0.0,1,0.431549,0.499907,,0.457179,0.469157,0.456658,0.483266,0.484076,0.457831,0.471025
2016020229,2017,0.0,1,0.497557,0.433538,,0.5031,0.504412,0.505469,0.497458,0.497507,0.495253,0.471121
2016020230,2017,0.0,3,0.541543,0.596279,,0.566911,0.55344,0.564233,0.562232,0.56257,0.555279,0.578516
2016020231,2017,1.0,0,0.434605,0.447674,,0.424539,0.42055,0.422771,0.442557,0.442896,0.438358,0.426155
2016020232,2017,1.0,2,0.477383,0.449182,,0.453297,0.452024,0.453495,0.46573,0.466417,0.460144,0.443384
2016020233,2017,1.0,0,0.462899,0.465469,,0.433115,0.430735,0.430134,0.455607,0.455027,0.446864,0.436635
2016020234,2017,0.0,3,0.566228,0.492565,,0.523775,0.517314,0.523155,0.514584,0.514609,0.522277,0.503013
2016020235,2017,0.0,1,0.485416,0.49606,,0.507992,0.510985,0.508103,0.508687,0.508612,0.494204,0.501049
2016020236,2017,1.0,0,0.641954,0.663061,,0.661398,0.657865,0.65939,0.660544,0.660738,0.669543,0.66394
2016020237,2017,0.0,1,0.629026,0.605047,,0.619921,0.620749,0.621416,0.624402,0.624131,0.612655,0.611851
2016020238,2017,1.0,0,0.463062,0.481877,,0.434138,0.446426,0.441165,0.458413,0.458523,0.448475,0.443858
2016020239,2017,0.0,3,0.581147,0.561968,,0.54459,0.547201,0.544108,0.533135,0.533212,0.540739,0.544491
2016020240,2017,1.0,0,0.495127,0.448644,,0.503071,0.509258,0.500744,0.527848,0.527962,0.514968,0.477459
2016020241,2017,0.0,1,0.408079,0.474627,,0.367613,0.368917,0.36622,0.366762,0.366786,0.360852,0.397344
2016020242,2017,1.0,0,0.643883,0.621932,,0.592229,0.58351,0.592682,0.570199,0.57017,0.600201,0.596956
2016020243,2017,1.0,0,0.532779,0.517182,,0.52886,0.527004,0.526586,0.509196,0.50881,0.521095,0.519951
2016020244,2017,1.0,2,0.573695,0.561009,,0.524637,0.525235,0.527358,0.504711,0.504992,0.529462,0.530363
2016020245,2017,0.0,1,0.422547,0.425425,,0.414088,0.418126,0.416115,0.408827,0.409146,0.407124,0.410944
2016020246,2017,1.0,0,0.549308,0.575461,,0.637056,0.621313,0.631099,0.608272,0.608931,0.609055,0.620704
2016020247,2017,1.0,0,0.465415,0.452177,,0.440951,0.442534,0.439992,0.448471,0.448174,0.445651,0.436812
2016020248,2017,0.0,1,0.544355,0.509053,,0.480656,0.476905,0.47838,0.49696,0.496788,0.491917,0.480462
2016020249,2017,1.0,0,0.526766,0.538362,,0.49757,0.486457,0.491654,0.495656,0.496056,0.494522,0.506291
2016020250,2017,1.0,0,0.551701,0.524032,,0.536965,0.538836,0.542892,0.534719,0.534453,0.525366,0.526695
2016020251,2017,1.0,0,0.589361,0.584215,,0.538747,0.543922,0.54028,0.528952,0.529033,0.54684,0.548433
2016020252,2017,1.0,2,0.548566,0.597264,,0.618617,0.613792,0.617822,0.626305,0.62607,0.611221,0.615721
2016020253,2017,1.0,0,0.610907,0.60242,,0.609497,0.606902,0.608759,0.595253,0.595513,0.602344,0.605012
2016020254,2017,1.0,0,0.619006,0.611135,,0.528549,0.515532,0.527747,0.499112,0.498694,0.526175,0.54908
2016020255,2017,0.0,3,0.457999,0.454573,,0.494881,0.49147,0.496797,0.494297,0.494269,0.496766,0.477624
2016020256,2017,1.0,0,0.638352,0.640086,,0.639742,0.640086,0.640708,0.633634,0.633697,0.630902,0.639373
2016020257,2017,1.0,0,0.473369,0.507771,,0.423578,0.414278,0.420349,0.435434,0.43551,0.431143,0.445334
2016020258,2017,1.0,0,0.467681,0.527678,,0.485712,0.493216,0.48597,0.501778,0.502279,0.486757,0.49929
2016020259,2017,0.0,1,0.446466,0.464585,,0.44261,0.449098,0.444549,0.430482,0.430534,0.441892,0.444834
2016020260,2017,0.0,1,0.480077,0.509399,,0.57937,0.56628,0.571999,0.563975,0.564608,0.555537,0.559051
2016020261,2017,1.0,0,0.582863,0.612255,,0.541694,0.532316,0.538978,0.526973,0.527034,0.537752,0.562759
2016020262,2017,1.0,0,0.58999,0.593081,,0.60117,0.594509,0.59728,0.598832,0.598558,0.601846,0.597298
2016020263,2017,1.0,2,0.39301,0.408349,,0.382587,0.379264,0.384765,0.372373,0.372168,0.374812,0.384245
2016020264,2017,1.0,0,0.630065,0.608288,,0.635059,0.631028,0.637931,0.647578,0.64809,0.65198,0.624149
2016020265,2017,0.0,1,0.532539,0.466767,,0.478764,0.475908,0.479258,0.471215,0.470896,0.472689,0.463381
2016020266,2017,0.0,1,0.621546,0.542057,,0.557618,0.564906,0.560403,0.532564,0.531933,0.549466,0.541808
2016020267,2017,1.0,0,0.569866,0.583925,,0.491522,0.483097,0.491655,0.510776,0.510838,0.517644,0.51606
2016020268,2017,0.0,1,0.609423,0.606636,,0.640367,0.643779,0.645024,0.622357,0.622112,0.617744,0.62946
2016020269,2017,1.0,2,0.421782,0.388243,,0.396319,0.395767,0.391052,0.393207,0.39324,0.385112,0.383413
2016020270,2017,0.0,3,0.416579,0.468075,,0.42822,0.42831,0.424357,0.457237,0.457383,0.431864,0.438728
2016020271,2017,0.0,1,0.619515,0.64037,,0.599946,0.605946,0.601422,0.601685,0.60126,0.597212,0.612612
2016020272,2017,0.0,3,0.606024,0.543564,,0.657536,0.656738,0.658835,0.671535,0.672229,0.678444,0.618377
2016020273,2017,1.0,0,0.52312,0.567567,,0.581153,0.576078,0.578432,0.576975,0.577377,0.570555,0.579128
2016020274,2017,0.0,1,0.581074,0.565068,,0.559839,0.56084,0.557777,0.565594,0.565515,0.567304,0.556845
2016020275,2017,0.0,1,0.579479,0.554314,,0.580365,0.579331,0.579402,0.579431,0.579255,0.581235,0.567699
2016020276,2017,1.0,0,0.521401,0.491629,,0.48474,0.477539,0.484673,0.507028,0.506862,0.485366,0.47877
2016020277,2017,0.0,1,0.5573,0.61679,,0.58328,0.588804,0.581748,0.620295,0.620429,0.605563,0.597112
2016020278,2017,0.0,3,0.589516,0.557859,,0.560474,0.561652,0.56132,0.542694,0.543282,0.54319,0.553553
2016020279,2017,1.0,0,0.493921,0.525618,,0.569558,0.570637,0.570526,0.553771,0.554555,0.54277,0.556896
2016020280,2017,1.0,2,0.530257,0.497075,,0.442299,0.451316,0.441198,0.436162,0.43665,0.448756,0.449175
2016020281,2017,1.0,0,0.433503,0.478347,,0.436631,0.445851,0.437111,0.439486,0.440295,0.426686,0.447238
2016020282,2017,1.0,0,0.617347,0.646152,,0.657664,0.65859,0.656264,0.659646,0.660139,0.662055,0.656881
2016020283,2017,0.0,1,0.538446,0.54823,,0.569516,0.572985,0.569954,0.563499,0.563125,0.562123,0.561439
2016020284,2017,0.0,1,0.537224,0.52362,,0.50506,0.500162,0.501925,0.506934,0.506144,0.50672,0.504763
2016020285,2017,0.0,1,0.590191,0.574025,,0.575448,0.570893,0.576558,0.584,0.584461,0.590729,0.570891
2016020286,2017,0.0,1,0.585525,0.558864,,0.550335,0.556765,0.554559,0.562838,0.563128,0.556763,0.546975
2016020287,2017,0.0,3,0.611262,0.631249,,0.594997,0.591988,0.593901,0.603866,0.604103,0.598844,0.606127
2016020288,2017,0.0,3,0.501637,0.476455,,0.480703,0.48351,0.486273,0.483799,0.48382,0.47155,0.471746
2016020289,2017,1.0,2,0.586646,0.575063,,0.563353,0.567698,0.563617,0.582489,0.582368,0.578387,0.562859
2016020290,2017,0.0,1,0.556531,0.493072,,0.593283,0.593821,0.596742,0.597929,0.598098,0.590524,0.555316
2016020291,2017,1.0,0,0.581485,0.590616,,0.598906,0.606876,0.600505,0.613616,0.613618,0.60028,0.595508
2016020292,2017,0.0,1,0.605668,0.578583,,0.596235,0.592217,0.594846,0.612188,0.612951,0.606004,0.586335
2016020293,2017,1.0,0,0.599143,0.604883,,0.644331,0.637437,0.64689,0.632536,0.632389,0.634545,0.632699
2016020294,2017,1.0,0,0.619233,0.583384,,0.540908,0.540204,0.543513,0.569018,0.569119,0.554526,0.546562
2016020295,2017,1.0,0,0.557869,0.556887,,0.596031,0.590997,0.596784,0.599611,0.600115,0.588451,0.582368
2016020296,2017,0.0,1,0.569549,0.530146,,0.514615,0.512806,0.513859,0.521254,0.520938,0.520292,0.51106
2016020297,2017,0.0,1,0.55248,0.492738,,0.500053,0.498801,0.499053,0.476925,0.475971,0.474457,0.487215
2016020298,2017,1.0,0,0.58583,0.660879,,0.549166,0.544391,0.549479,0.542184,0.542132,0.546436,0.588385
2016020299,2017,1.0,0,0.549293,0.588584,,0.53061,0.535797,0.531679,0.525114,0.525164,0.523997,0.548381
2016020300,2017,1.0,0,0.615296,0.586584,,0.601741,0.59396,0.599789,0.594682,0.595011,0.615592,0.592576
2016020301,2017,1.0,0,0.519381,0.465557,,0.473421,0.46824,0.471196,0.476303,0.475928,0.466462,0.460338
2016020302,2017,0.0,1,0.468831,0.555839,,0.443044,0.448477,0.438537,0.462833,0.462803,0.452419,0.479333
2016020303,2017,1.0,0,0.495945,0.493454,,0.473216,0.46748,0.477524,0.458013,0.457811,0.450248,0.473666
2016020304,2017,0.0,1,0.541098,0.554451,,0.491408,0.484247,0.491104,0.476492,0.476597,0.48724,0.506865
2016020305,2017,1.0,0,0.620545,0.687316,,0.634495,0.637366,0.634648,0.621628,0.621649,0.61896,0.656694
2016020306,2017,1.0,0,0.69005,0.681356,,0.642127,0.637486,0.637145,0.636639,0.636708,0.64196,0.652651
2016020307,2017,1.0,0,0.601195,0.60962,,0.63435,0.63231,0.634058,0.607191,0.60778,0.609226,0.627013
2016020308,2017,0.0,1,0.608442,0.619104,,0.623234,0.622077,0.623851,0.610499,0.610413,0.617656,0.621937
2016020309,2017,0.0,1,0.611966,0.583521,,0.535331,0.529612,0.532869,0.541449,0.541,0.545726,0.543334
2016020310,2017,0.0,3,0.544267,0.549523,,0.539193,0.549813,0.54303,0.547565,0.547808,0.538155,0.539283
2016020311,2017,1.0,0,0.619236,0.612256,,0.590944,0.590633,0.589086,0.591775,0.591627,0.577045,0.594631
2016020312,2017,1.0,2,0.50785,0.455498,,0.474841,0.485009,0.474947,0.458174,0.457272,0.465736,0.458489
2016020313,2017,1.0,0,0.405802,0.436144,,0.436815,0.434988,0.438322,0.431655,0.431359,0.428996,0.433392
2016020314,2017,1.0,0,0.589634,0.527036,,0.563049,0.556306,0.560446,0.547351,0.546615,0.556261,0.543109
2016020315,2017,0.0,3,0.510383,0.515676,,0.421014,0.429457,0.420567,0.419181,0.419072,0.42713,0.442913
2016020316,2017,1.0,2,0.557519,0.598469,,0.609712,0.61335,0.610117,0.60959,0.609649,0.598224,0.608849
2016020317,2017,1.0,2,0.645553,0.647371,,0.686895,0.675655,0.683424,0.711688,0.71169,0.704396,0.676113
2016020318,2017,1.0,2,0.558515,0.571781,,0.501239,0.501194,0.498656,0.517551,0.517984,0.516935,0.519296
2016020319,2017,0.0,3,0.588679,0.56927,,0.58524,0.583316,0.588282,0.584181,0.583897,0.573805,0.576295
2016020320,2017,1.0,2,0.522839,0.588579,,0.521122,0.515517,0.521724,0.533461,0.533639,0.524551,0.544158
2016020321,2017,0.0,1,0.568969,0.590061,,0.537475,0.539311,0.536845,0.559081,0.558593,0.54827,0.551973
2016020322,2017,1.0,0,0.503893,0.571921,,0.577813,0.581793,0.575727,0.574939,0.575444,0.576306,0.580309
2016020323,2017,0.0,1,0.586143,0.627316,,0.592808,0.576655,0.589582,0.605029,0.60571,0.596832,0.605439
2016020324,2017,1.0,0,0.484599,0.50878,,0.517927,0.520734,0.521315,0.532587,0.532874,0.497785,0.513451
2016020325,2017,1.0,0,0.487392,0.468773,,0.453706,0.45797,0.451992,0.492759,0.492663,0.481908,0.450497
2016020326,2017,0.0,1,0.622288,0.56929,,0.613481,0.608078,0.617218,0.615912,0.615629,0.609506,0.593653
2016020327,2017,1.0,0,0.573664,0.608123,,0.597201,0.586826,0.59529,0.586594,0.587229,0.590544,0.602052
2016020328,2017,1.0,2,0.574772,0.545092,,0.557023,0.553906,0.555067,0.571985,0.572032,0.55935,0.547423
2016020329,2017,1.0,2,0.58864,0.587781,,0.542568,0.523881,0.543332,0.543108,0.543731,0.546427,0.552731
2016020330,2017,1.0,0,0.655289,0.562419,,0.655879,0.644403,0.654134,0.642917,0.64272,0.653215,0.619321
2016020331,2017,1.0,2,0.519937,0.524788,,0.514968,0.505913,0.513394,0.510991,0.511533,0.515071,0.514173
2016020332,2017,1.0,0,0.502217,0.535596,,0.507268,0.511043,0.505854,0.520283,0.520818,0.519168,0.514687
2016020333,2017,0.0,1,0.625708,0.569633,,0.612319,0.607366,0.61013,0.60481,0.604572,0.604865,0.592576
2016020334,2017,1.0,0,0.531337,0.574279,,0.576292,0.56528,0.573831,0.576408,0.576568,0.56229,0.577462
2016020335,2017,1.0,0,0.547673,0.539272,,0.528685,0.527441,0.528776,0.535925,0.536058,0.523819,0.527179
2016020336,2017,1.0,2,0.587141,0.541661,,0.534356,0.523089,0.531174,0.522438,0.522698,0.527277,0.528254
2016020337,2017,0.0,1,0.495236,0.47063,,0.446426,0.446277,0.444469,0.458736,0.458507,0.452911,0.445169
2016020338,2017,0.0,1,0.565194,0.584559,,0.595392,0.593772,0.593989,0.594409,0.595152,0.588939,0.59214
2016020339,2017,1.0,0,0.452925,0.461402,,0.42367,0.44297,0.42583,0.453789,0.454366,0.4452,0.429128
2016020340,2017,1.0,0,0.564007,0.585089,,0.512334,0.511035,0.512593,0.497616,0.497019,0.511393,0.532236
2016020341,2017,1.0,2,0.671875,0.721859,,0.672819,0.666503,0.67145,0.688958,0.688699,0.689483,0.693343
2016020342,2017,1.0,0,0.459625,0.384971,,0.418854,0.414295,0.418987,0.424673,0.424512,0.426752,0.394581
2016020343,2017,1.0,0,0.558259,0.55606,,0.549235,0.550598,0.549203,0.558562,0.558574,0.557699,0.547809
2016020344,2017,0.0,1,0.523994,0.536676,,0.478254,0.471242,0.481109,0.476987,0.47717,0.481736,0.491834
2016020345,2017,1.0,2,0.611194,0.622792,,0.608509,0.608264,0.607534,0.59502,0.594611,0.602485,0.61245
2016020346,2017,1.0,0,0.412954,0.474748,,0.364594,0.374626,0.367592,0.356993,0.35701,0.35147,0.394645
2016020347,2017,1.0,0,0.620203,0.627092,,0.629208,0.624707,0.629317,0.652888,0.653052,0.64924,0.628314
2016020348,2017,0.0,1,0.632453,0.695167,,0.613993,0.612262,0.613144,0.621943,0.621817,0.610647,0.644431
2016020349,2017,0.0,3,0.558226,0.515642,,0.474751,0.477129,0.477062,0.465898,0.466464,0.470802,0.4774
2016020350,2017,0.0,3,0.525296,0.484168,,0.464191,0.454241,0.461451,0.457736,0.457222,0.460409,0.460475
2016020351,2017,1.0,0,0.549613,0.573116,,0.547331,0.542359,0.544515,0.559199,0.559447,0.568455,0.554164
2016020352,2017,0.0,1,0.57111,0.507785,,0.508405,0.508467,0.507409,0.502868,0.50246,0.506225,0.497418
2016020353,2017,1.0,2,0.633228,0.611642,,0.633773,0.629278,0.629222,0.630291,0.630539,0.630327,0.624208
2016020354,2017,0.0,1,0.497835,0.47932,,0.482252,0.485352,0.482979,0.480645,0.480017,0.483262,0.474396
2016020355,2017,0.0,1,0.450689,0.390073,,0.437533,0.446668,0.435466,0.425349,0.424792,0.419196,0.410864
2016020356,2017,0.0,1,0.440725,0.447619,,0.438633,0.449896,0.436887,0.445596,0.446178,0.438707,0.435769
2016020357,2017,1.0,2,0.483136,0.455212,,0.403387,0.413428,0.40575,0.404765,0.404561,0.41027,0.408934
2016020358,2017,1.0,0,0.586303,0.604282,,0.531683,0.533061,0.529099,0.53118,0.530651,0.524852,0.55188
2016020359,2017,0.0,1,0.46492,0.435482,,0.387929,0.389131,0.390037,0.387566,0.387292,0.382233,0.391727
2016020360,2017,1.0,0,0.657599,0.57035,,0.66943,0.658906,0.667289,0.665081,0.664991,0.677089,0.632431
2016020361,2017,1.0,0,0.488061,0.53685,,0.521243,0.517941,0.519706,0.528738,0.528881,0.530598,0.52676
2016020362,2017,0.0,3,0.606292,0.641085,,0.648284,0.643563,0.645971,0.639282,0.639652,0.653555,0.649112
2016020363,2017,1.0,0,0.530748,0.460112,,0.465586,0.456082,0.4667,0.455599,0.455347,0.461378,0.451358
2016020364,2017,1.0,2,0.527492,0.504952,,0.53464,0.5314,0.537757,0.509499,0.509713,0.525505,0.519804
2016020365,2017,1.0,0,0.637414,0.667873,,0.668136,0.677841,0.671829,0.674476,0.674423,0.679419,0.671177
2016020366,2017,0.0,3,0.631303,0.648027,,0.597137,0.57095,0.583211,0.581272,0.581579,0.605715,0.612573
2016020367,2017,1.0,2,0.541016,0.534362,,0.524325,0.528424,0.523618,0.52245,0.523155,0.532349,0.522705
2016020368,2017,0.0,3,0.457103,0.419,,0.431106,0.441982,0.434192,0.441151,0.440092,0.434535,0.417287
2016020369,2017,0.0,1,0.514609,0.518205,,0.523513,0.520701,0.52469,0.528794,0.528676,0.523538,0.518287
2016020370,2017,1.0,2,0.458032,0.502999,,0.46361,0.461603,0.461247,0.480357,0.480722,0.461864,0.474276
2016020371,2017,1.0,2,0.451764,0.496145,,0.473045,0.474277,0.47303,0.490506,0.490648,0.470749,0.479043
2016020372,2017,0.0,3,0.56632,0.541746,,0.607886,0.608369,0.60901,0.616902,0.616677,0.605028,0.584328
2016020373,2017,0.0,1,0.570776,0.573973,,0.529942,0.533592,0.534534,0.545425,0.545805,0.532687,0.539771
2016020374,2017,0.0,1,0.630898,0.624176,,0.629158,0.625108,0.628758,0.616195,0.616266,0.618923,0.626044
2016020375,2017,1.0,0,0.466485,0.477808,,0.473565,0.479429,0.471774,0.50043,0.500713,0.467727,0.470614
2016020376,2017,0.0,3,0.487424,0.524239,,0.426998,0.433208,0.426621,0.43318,0.433277,0.438774,0.452988
2016020377,2017,0.0,3,0.553043,0.6007,,0.463839,0.45654,0.461895,0.475452,0.47562,0.479606,0.50455
2016020378,2017,1.0,2,0.559898,0.557902,,0.557706,0.55134,0.555994,0.556507,0.556187,0.550438,0.55455
2016020379,2017,1.0,0,0.625384,0.676624,,0.643053,0.645651,0.64146,0.63772,0.637349,0.652419,0.657859
2016020380,2017,1.0,2,0.676409,0.667561,,0.655546,0.647544,0.648741,0.664688,0.66465,0.664019,0.65807
2016020381,2017,1.0,0,0.644868,0.692647,,0.69537,0.693083,0.692004,0.710982,0.711,0.699388,0.699983
2016020382,2017,1.0,2,0.520836,0.491301,,0.47072,0.477926,0.474953,0.45549,0.45466,0.462205,0.468507
2016020383,2017,1.0,0,0.585603,0.572195,,0.568187,0.572445,0.568087,0.580676,0.579752,0.569965,0.56533
2016020384,2017,1.0,0,0.477262,0.481986,,0.473238,0.472207,0.470938,0.477418,0.477753,0.466574,0.470968
2016020385,2017,1.0,2,0.546743,0.545363,,0.577168,0.573456,0.578735,0.582224,0.58187,0.569447,0.565074
2016020386,2017,1.0,2,0.567152,0.587214,,0.539375,0.535037,0.532279,0.556388,0.556328,0.554691,0.552368
2016020387,2017,1.0,0,0.61278,0.650556,,0.65634,0.651786,0.658242,0.638417,0.639244,0.645237,0.658095
2016020388,2017,0.0,3,0.538347,0.537614,,0.512537,0.51575,0.512304,0.530613,0.531579,0.520241,0.515708
2016020389,2017,1.0,0,0.675664,0.69317,,0.69878,0.695497,0.697355,0.716781,0.716781,0.706418,0.699768
2016020390,2017,0.0,1,0.577547,0.591295,,0.556214,0.566519,0.558589,0.564288,0.564435,0.561453,0.565173
2016020391,2017,0.0,1,0.462155,0.498239,,0.413301,0.412551,0.412759,0.420387,0.419431,0.425482,0.435115
2016020392,2017,1.0,2,0.59152,0.581595,,0.547381,0.549461,0.544517,0.557515,0.556949,0.554177,0.553404
2016020393,2017,1.0,2,0.633847,0.608587,,0.584039,0.573676,0.581734,0.564187,0.564031,0.585729,0.586616
2016020394,2017,0.0,1,0.617749,0.672218,,0.615328,0.618688,0.615808,0.623037,0.622117,0.615356,0.637038
2016020395,2017,0.0,1,0.620845,0.663142,,0.654787,0.654872,0.656141,0.650873,0.651172,0.655693,0.661225
2016020396,2017,1.0,0,0.501944,0.441559,,0.468422,0.471893,0.474479,0.471177,0.471427,0.464125,0.448841
2016020397,2017,1.0,0,0.601874,0.556353,,0.585278,0.585343,0.58784,0.57629,0.575928,0.577008,0.56984
2016020398,2017,1.0,0,0.601088,0.599504,,0.635404,0.629649,0.63601,0.630501,0.631102,0.633234,0.62383
2016020399,2017,0.0,1,0.656419,0.654055,,0.646906,0.642566,0.64496,0.649912,0.649247,0.639872,0.648378
2016020400,2017,0.0,1,0.473843,0.483444,,0.507924,0.513963,0.507354,0.535612,0.535841,0.516047,0.497107
2016020401,2017,0.0,1,0.457715,0.508814,,0.476326,0.482316,0.469468,0.494949,0.495778,0.495886,0.485898
2016020402,2017,1.0,0,0.528306,0.492657,,0.460857,0.466442,0.45831,0.467218,0.467095,0.465845,0.46113
2016020403,2017,0.0,3,0.48679,0.470387,,0.447756,0.453642,0.452711,0.437155,0.436803,0.435889,0.446875
2016020404,2017,0.0,1,0.622279,0.65251,,0.643325,0.632349,0.643774,0.638221,0.638092,0.633242,0.648542
2016020405,2017,0.0,1,0.414083,0.430558,,0.430729,0.439074,0.437354,0.435394,0.435384,0.427365,0.425905
2016020406,2017,0.0,1,0.516028,0.470417,,0.485311,0.483901,0.484155,0.496358,0.496025,0.493037,0.471239
2016020407,2017,0.0,1,0.47435,0.440838,,0.400675,0.404452,0.401216,0.380401,0.380238,0.38646,0.402196
2016020408,2017,1.0,2,0.624354,0.567114,,0.640962,0.636414,0.644911,0.634603,0.633923,0.626072,0.613053
2016020409,2017,0.0,3,0.538121,0.572946,,0.537046,0.532221,0.533353,0.554226,0.554136,0.531506,0.547787
2016020410,2017,1.0,0,0.530885,0.510783,,0.539282,0.529784,0.54136,0.519874,0.519908,0.527381,0.525182
2016020411,2017,1.0,0,0.559459,0.559088,,0.554496,0.536597,0.55405,0.561247,0.561502,0.550089,0.552733
2016020412,2017,1.0,0,0.565273,0.639659,,0.569881,0.55599,0.571344,0.583849,0.584345,0.592984,0.59616
2016020413,2017,0.0,1,0.627178,0.629678,,0.638391,0.642303,0.639094,0.621223,0.621399,0.631694,0.635347
2016020414,2017,1.0,0,0.622945,0.639548,,0.649926,0.647157,0.649448,0.648672,0.649373,0.654624,0.648094
2016020415,2017,0.0,1,0.495125,0.4731,,0.464585,0.462284,0.464883,0.483172,0.483311,0.476685,0.459353
2016020416,2017,1.0,0,0.606589,0.651209,,0.652156,0.657788,0.652599,0.65578,0.655443,0.65555,0.65591
2016020417,2017,1.0,0,0.576183,0.629152,,0.535511,0.539015,0.536385,0.530118,0.530729,0.528901,0.566049
2016020418,2017,1.0,0,0.44693,0.379244,,0.338408,0.343514,0.339448,0.339757,0.339283,0.331158,0.335799
2016020419,2017,1.0,0,0.560907,0.546136,,0.539003,0.540384,0.539725,0.54037,0.540454,0.540238,0.536109
2016020420,2017,1.0,0,0.647402,0.653614,,0.618586,0.620103,0.620287,0.606969,0.60678,0.612005,0.628655
2016020421,2017,1.0,0,0.595082,0.638198,,0.640045,0.636903,0.639233,0.614509,0.614232,0.623505,0.643058
2016020422,2017,0.0,3,0.517595,0.543939,,0.582608,0.579641,0.57861,0.594319,0.594681,0.5891,0.571369
2016020423,2017,1.0,0,0.677383,0.694909,,0.706758,0.705455,0.706111,0.72429,0.72376,0.717175,0.706089
2016020424,2017,1.0,0,0.531797,0.499565,,0.548867,0.5449,0.553195,0.537965,0.538167,0.528664,0.527618
2016020425,2017,0.0,1,0.546271,0.59305,,0.536141,0.536007,0.537546,0.516586,0.51623,0.526589,0.55451
2016020426,2017,1.0,0,0.65085,0.637088,,0.648266,0.643324,0.647364,0.652546,0.652666,0.65214,0.643141
2016020427,2017,1.0,0,0.601512,0.580498,,0.581234,0.572466,0.580289,0.594182,0.593729,0.577692,0.576557
2016020428,2017,1.0,0,0.540171,0.588769,,0.562208,0.557542,0.561002,0.552563,0.553005,0.547492,0.572209
2016020429,2017,1.0,0,0.71315,0.7561,,0.709052,0.70371,0.707005,0.707137,0.706417,0.722128,0.729288
2016020430,2017,0.0,3,0.579224,0.535011,,0.530494,0.534387,0.529596,0.523643,0.523448,0.526479,0.523582
2016020431,2017,1.0,0,0.454107,0.436836,,0.457371,0.468644,0.457104,0.450352,0.44994,0.441702,0.443701
2016020432,2017,0.0,1,0.469792,0.41074,,0.485723,0.48292,0.488944,0.490891,0.490693,0.485005,0.452024
2016020433,2017,0.0,1,0.570086,0.555935,,0.533184,0.536053,0.534927,0.517298,0.517076,0.537124,0.534891
2016020434,2017,1.0,0,0.568984,0.618453,,0.560185,0.556602,0.559171,0.562525,0.561904,0.571612,0.580031
2016020435,2017,0.0,3,0.429938,0.45098,,0.464433,0.459849,0.466694,0.457492,0.456445,0.459294,0.456922
2016020436,2017,0.0,1,0.616645,0.643644,,0.641951,0.64456,0.641542,0.653188,0.652922,0.652687,0.644538
2016020437,2017,1.0,0,0.509725,0.554192,,0.575158,0.584401,0.581082,0.559161,0.55961,0.556842,0.570758
2016020438,2017,1.0,0,0.582341,0.50528,,0.563236,0.554613,0.562985,0.555303,0.554627,0.557745,0.535329
2016020439,2017,1.0,0,0.494876,0.486398,,0.525022,0.52819,0.52091,0.504515,0.504693,0.513449,0.508632
2016020440,2017,0.0,1,0.46956,0.483934,,0.467507,0.462791,0.465329,0.473786,0.47385,0.475472,0.468349
2016020441,2017,0.0,3,0.480618,0.448118,,0.452869,0.443939,0.453312,0.466898,0.466295,0.462635,0.44233
2016020442,2017,1.0,2,0.633048,0.603588,,0.584156,0.5869,0.582152,0.575862,0.574761,0.5877,0.584751
2016020443,2017,0.0,1,0.502854,0.507717,,0.504854,0.504866,0.50648,0.496686,0.496609,0.498796,0.501687
2016020444,2017,0.0,1,0.485538,0.447766,,0.418288,0.420338,0.418409,0.415389,0.415446,0.421898,0.416636
2016020445,2017,0.0,1,0.51765,0.541601,,0.488699,0.483958,0.487153,0.496168,0.495784,0.493885,0.502058
2016020446,2017,0.0,1,0.485633,0.44316,,0.476785,0.47603,0.476362,0.473333,0.47337,0.485298,0.45715
2016020447,2017,0.0,3,0.567904,0.628692,,0.594233,0.593053,0.595647,0.593536,0.592583,0.593269,0.60881
2016020448,2017,0.0,1,0.505064,0.484034,,0.475658,0.482375,0.472244,0.477854,0.477862,0.477515,0.470769
2016020449,2017,1.0,0,0.629554,0.6433,,0.641127,0.634622,0.637251,0.653742,0.653855,0.656707,0.642541
2016020450,2017,0.0,1,0.519646,0.599886,,0.568243,0.57789,0.572541,0.564011,0.564402,0.562682,0.583082
2016020451,2017,1.0,2,0.510776,0.484264,,0.495453,0.484261,0.491776,0.507697,0.507542,0.49939,0.484671
2016020452,2017,0.0,1,0.480823,0.496925,,0.441111,0.451759,0.441649,0.416189,0.416509,0.420288,0.453153
2016020453,2017,1.0,2,0.494478,0.556544,,0.487463,0.491878,0.48765,0.489484,0.489492,0.481931,0.509518
2016020454,2017,0.0,3,0.624566,0.597713,,0.595097,0.599764,0.589178,0.584069,0.583286,0.585596,0.591224
2016020455,2017,0.0,1,0.519325,0.53228,,0.536358,0.545185,0.541251,0.533162,0.533105,0.524518,0.5328
2016020456,2017,0.0,3,0.427165,0.439688,,0.445866,0.43886,0.447792,0.44757,0.448001,0.444835,0.439212
2016020457,2017,0.0,1,0.505519,0.436225,,0.437745,0.428815,0.433381,0.460049,0.45904,0.457248,0.424208
2016020458,2017,0.0,1,0.489295,0.449708,,0.459913,0.450922,0.455982,0.472034,0.47167,0.471626,0.447205
2016020459,2017,1.0,0,0.444033,0.458301,,0.483056,0.484783,0.487103,0.511915,0.511776,0.493112,0.47195
2016020460,2017,1.0,0,0.525599,0.526681,,0.499967,0.506761,0.49939,0.490487,0.490916,0.500842,0.503456
2016020461,2017,1.0,0,0.669982,0.667019,,0.650728,0.635166,0.647291,0.646107,0.645924,0.650222,0.655021
2016020462,2017,1.0,2,0.389252,0.431439,,0.409901,0.406043,0.412251,0.412408,0.411596,0.385023,0.413631
2016020463,2017,1.0,0,0.58516,0.584731,,0.583353,0.582095,0.583857,0.599225,0.598741,0.591575,0.581454
2016020464,2017,1.0,0,0.470457,0.478811,,0.448264,0.444355,0.443262,0.448737,0.448304,0.451935,0.452212
2016020465,2017,0.0,1,0.604097,0.573391,,0.544027,0.547968,0.544937,0.540251,0.540007,0.542723,0.546342
2016020466,2017,1.0,2,0.5689,0.592463,,0.566238,0.564776,0.570349,0.589966,0.590417,0.576456,0.573773
2016020467,2017,0.0,1,0.53495,0.539959,,0.543745,0.534022,0.538748,0.547566,0.548241,0.549214,0.539692
2016020468,2017,0.0,3,0.480719,0.565495,,0.490029,0.488189,0.492318,0.473561,0.474137,0.472111,0.516396
2016020469,2017,1.0,2,0.467624,0.536252,,0.541811,0.536113,0.544604,0.533109,0.533096,0.51461,0.543505
2016020470,2017,1.0,0,0.530026,0.552028,,0.523191,0.523324,0.520859,0.526281,0.526316,0.525214,0.53009
2016020471,2017,1.0,0,0.565883,0.585359,,0.573169,0.573311,0.575515,0.561589,0.561385,0.570611,0.576228
2016020472,2017,0.0,3,0.44208,0.424316,,0.401826,0.399766,0.401743,0.419289,0.41913,0.420742,0.399687
2016020473,2017,0.0,1,0.543323,0.54056,,0.577724,0.575458,0.579317,0.586587,0.58659,0.583996,0.563915
2016020474,2017,1.0,0,0.545392,0.519193,,0.491648,0.491183,0.497986,0.490582,0.49022,0.499602,0.492411
2016020475,2017,1.0,2,0.670828,0.650904,,0.686014,0.684593,0.685556,0.687428,0.687054,0.690848,0.674355
2016020476,2017,0.0,3,0.564193,0.496812,,0.510955,0.5051,0.507187,0.520252,0.519622,0.515989,0.495585
2016020478,2017,0.0,1,0.446897,0.504577,,0.465844,0.468291,0.46765,0.463013,0.462306,0.452842,0.477656
2016020479,2017,0.0,3,0.633878,0.600381,,0.650319,0.639214,0.655322,0.624324,0.624547,0.61835,0.631964
2016020480,2017,0.0,1,0.496191,0.446528,,0.389446,0.390513,0.388848,0.398768,0.399254,0.398444,0.394122
2016020481,2017,0.0,1,0.58003,0.649466,,0.574034,0.579567,0.575498,0.571019,0.571107,0.574989,0.60179
2016020482,2017,0.0,1,0.492823,0.438861,,0.464832,0.463553,0.45859,0.470233,0.470113,0.467619,0.446067
2016020483,2017,1.0,0,0.562432,0.592998,,0.533618,0.539451,0.533514,0.540646,0.540199,0.547036,0.551046
2016020484,2017,1.0,2,0.573498,0.544581,,0.552007,0.559423,0.54847,0.54341,0.543468,0.541092,0.543686
2016020485,2017,1.0,0,0.5402,0.582227,,0.554577,0.557468,0.553522,0.5745,0.574472,0.55463,0.564037
2016020486,2017,1.0,0,0.607261,0.591204,,0.553372,0.545032,0.548602,0.55369,0.553723,0.554353,0.560045
2016020487,2017,1.0,2,0.614229,0.645705,,0.607152,0.609912,0.606967,0.611686,0.611888,0.613454,0.620519
2016020488,2017,1.0,0,0.656624,0.649983,,0.616349,0.608383,0.616627,0.606411,0.606024,0.619886,0.624593
2016020489,2017,0.0,1,0.617588,0.626854,,0.587824,0.585439,0.589863,0.58667,0.587089,0.586115,0.59851
2016020490,2017,0.0,3,0.515505,0.534507,,0.543992,0.555211,0.546841,0.543359,0.54378,0.529665,0.539631
2016020491,2017,1.0,0,0.517625,0.511411,,0.470706,0.465135,0.470706,0.448118,0.44825,0.457575,0.476845
2016020492,2017,1.0,0,0.634686,0.654096,,0.660297,0.658934,0.658377,0.66629,0.666383,0.654211,0.660275
2016020493,2017,1.0,2,0.482864,0.447285,,0.492306,0.490392,0.493751,0.492234,0.492084,0.490352,0.470328
2016020494,2017,0.0,1,0.507062,0.44,,0.415056,0.414266,0.416379,0.402498,0.402851,0.407596,0.409151
2016020495,2017,0.0,1,0.524102,0.472621,,0.500561,0.510477,0.501377,0.49893,0.49887,0.495072,0.482384
2016020496,2017,1.0,0,0.47561,0.483185,,0.460236,0.468696,0.460697,0.473601,0.473465,0.470311,0.462156
2016020497,2017,1.0,0,0.501809,0.491838,,0.518313,0.517924,0.515838,0.519757,0.520212,0.506785,0.505229
2016020498,2017,0.0,1,0.534148,0.578294,,0.521479,0.524459,0.521436,0.533911,0.534568,0.529926,0.539083
2016020499,2017,1.0,2,0.518688,0.503682,,0.496131,0.495129,0.492594,0.513313,0.513323,0.493379,0.492143
2016020500,2017,1.0,0,0.545155,0.552534,,0.47595,0.479641,0.470919,0.475456,0.476024,0.474092,0.494426
2016020501,2017,0.0,1,0.548943,0.519965,,0.512646,0.518198,0.512564,0.501606,0.501141,0.503225,0.507634
2016020502,2017,0.0,1,0.541494,0.548514,,0.606319,0.607569,0.605366,0.609899,0.61,0.598957,0.588259
2016020503,2017,0.0,1,0.553592,0.476536,,0.54097,0.53502,0.53833,0.545094,0.545381,0.542134,0.510431
2016020504,2017,0.0,1,0.529084,0.503596,,0.494554,0.493675,0.497808,0.516647,0.516657,0.507987,0.489919
2016020505,2017,1.0,0,0.606304,0.568558,,0.589497,0.58034,0.585707,0.611675,0.611428,0.602634,0.577338
2016020506,2017,0.0,1,0.562592,0.568096,,0.596407,0.598864,0.601204,0.630876,0.630671,0.606986,0.586606
2016020507,2017,1.0,0,0.682972,0.687789,,0.71128,0.714969,0.715336,0.713743,0.713395,0.700422,0.706091
2016020508,2017,1.0,0,0.58798,0.614925,,0.648765,0.647233,0.647068,0.652961,0.652922,0.634993,0.640942
2016020509,2017,1.0,0,0.574254,0.531895,,0.540908,0.545421,0.543411,0.523872,0.523725,0.537383,0.530432
2016020510,2017,0.0,3,0.580717,0.598425,,0.567,0.570324,0.568272,0.576582,0.576511,0.576931,0.575564
2016020511,2017,1.0,2,0.504703,0.463661,,0.454462,0.450324,0.456137,0.462908,0.462484,0.466367,0.447297
2016020512,2017,0.0,3,0.6806,0.685496,,0.685219,0.685116,0.686161,0.676408,0.675933,0.69061,0.686392
2016020513,2017,1.0,2,0.518935,0.509442,,0.520939,0.533071,0.519845,0.541592,0.541134,0.527539,0.512473
2016020514,2017,1.0,0,0.588971,0.604105,,0.658408,0.659558,0.662287,0.653713,0.65381,0.649495,0.643782
2016020515,2017,0.0,1,0.517247,0.478257,,0.487858,0.488222,0.479743,0.496411,0.496645,0.487476,0.476103
2016020516,2017,1.0,2,0.654316,0.66259,,0.585644,0.587811,0.588782,0.596742,0.596723,0.602278,0.608099
2016020517,2017,0.0,1,0.402963,0.375303,,0.376307,0.374383,0.376222,0.383205,0.382912,0.377888,0.365711
2016020518,2017,1.0,0,0.457173,0.398574,,0.451944,0.445452,0.45046,0.440022,0.440084,0.454488,0.424013
2016020519,2017,1.0,0,0.607006,0.609482,,0.613183,0.60013,0.615017,0.59176,0.591688,0.589988,0.610913
2016020520,2017,1.0,0,0.603899,0.518069,,0.53536,0.532525,0.534233,0.514507,0.514111,0.526528,0.517789
2016020521,2017,0.0,1,0.597008,0.605699,,0.6111,0.612704,0.609988,0.605834,0.606156,0.608075,0.608878
2016020522,2017,0.0,3,0.488102,0.574271,,0.512163,0.515071,0.512948,0.519856,0.519793,0.515708,0.535287
2016020523,2017,0.0,1,0.641537,0.602061,,0.645608,0.649,0.648048,0.630229,0.630332,0.62459,0.628344
2016020524,2017,0.0,1,0.505104,0.480442,,0.480369,0.475683,0.476004,0.485182,0.484936,0.471442,0.472752
2016020525,2017,0.0,1,0.454101,0.455948,,0.443284,0.437623,0.444389,0.4304,0.43074,0.43733,0.441128
2016020526,2017,0.0,3,0.513272,0.482605,,0.494507,0.494408,0.496236,0.486879,0.486551,0.495065,0.48307
2016020527,2017,0.0,3,0.59303,0.593375,,0.576045,0.583739,0.575356,0.570073,0.570153,0.580256,0.57883
2016020528,2017,1.0,0,0.675047,0.639167,,0.615924,0.622413,0.616753,0.607976,0.607465,0.620613,0.617888
2016020529,2017,1.0,2,0.552056,0.517464,,0.468702,0.463624,0.467345,0.471206,0.47064,0.472927,0.474349
2016020530,2017,1.0,0,0.574266,0.556614,,0.549139,0.549828,0.554891,0.54254,0.542041,0.546601,0.546345
2016020531,2017,1.0,0,0.452727,0.412888,,0.459329,0.452873,0.459113,0.454305,0.454032,0.459448,0.435584
2016020532,2017,0.0,1,0.472115,0.390466,,0.386035,0.388148,0.387239,0.370865,0.370104,0.373827,0.372117
2016020533,2017,0.0,3,0.681027,0.697574,,0.702013,0.698216,0.696875,0.709598,0.70985,0.700958,0.703342
2016020534,2017,0.0,3,0.589116,0.538702,,0.54097,0.53274,0.536566,0.55126,0.551144,0.54923,0.531683
2016020535,2017,0.0,3,0.630029,0.614292,,0.573915,0.575159,0.569198,0.592396,0.592279,0.59588,0.582014
2016020536,2017,0.0,3,0.511243,0.507892,,0.478758,0.480648,0.476337,0.481926,0.481623,0.480715,0.481938
2016020537,2017,0.0,1,0.496492,0.534522,,0.517033,0.517962,0.519509,0.516691,0.516985,0.508145,0.521925
2016020538,2017,1.0,0,0.624814,0.628403,,0.607993,0.604671,0.612679,0.610172,0.610522,0.598913,0.612982
2016020539,2017,0.0,1,0.460824,0.497122,,0.444228,0.438693,0.441153,0.469591,0.469552,0.462926,0.457503
2016020540,2017,1.0,0,0.624642,0.632364,,0.610634,0.618268,0.614553,0.608233,0.60796,0.623444,0.616522
2016020541,2017,0.0,1,0.503314,0.509224,,0.472086,0.465686,0.471607,0.467789,0.468026,0.46443,0.478406
2016020542,2017,1.0,0,0.485246,0.49158,,0.537802,0.543169,0.536421,0.530233,0.529419,0.512564,0.520992
2016020543,2017,0.0,1,0.385473,0.421278,,0.402494,0.415658,0.401677,0.39703,0.397656,0.3986,0.404596
2016020544,2017,1.0,0,0.455814,0.515649,,0.501098,0.50645,0.505459,0.52533,0.525596,0.504653,0.506852
2016020545,2017,0.0,1,0.588579,0.528352,,0.569651,0.557497,0.565579,0.583509,0.583551,0.583494,0.548588
2016020546,2017,1.0,2,0.446877,0.43551,,0.464087,0.452744,0.463634,0.457032,0.456704,0.458046,0.448747
2016020547,2017,1.0,0,0.618114,0.632869,,0.544551,0.548845,0.544941,0.532692,0.532555,0.542818,0.569828
2016020548,2017,1.0,0,0.634164,0.704605,,0.682869,0.680759,0.682963,0.695728,0.695888,0.685077,0.696811
2016020549,2017,0.0,1,0.420467,0.372629,,0.377671,0.381127,0.381218,0.375469,0.374549,0.387891,0.363953
2016020550,2017,0.0,1,0.556205,0.548914,,0.558513,0.558999,0.562045,0.567706,0.567587,0.555626,0.551911
2016020551,2017,1.0,0,0.612896,0.612253,,0.600003,0.599873,0.599554,0.598074,0.598053,0.591064,0.601848
2016020552,2017,1.0,2,0.616601,0.583307,,0.584178,0.584521,0.585189,0.569601,0.568885,0.56863,0.578286
2016020553,2017,0.0,1,0.529979,0.581277,,0.512964,0.513078,0.512561,0.512036,0.51277,0.505602,0.534552
2016020554,2017,0.0,1,0.569815,0.534405,,0.537465,0.530227,0.539381,0.529017,0.528966,0.535321,0.529379
2016020555,2017,0.0,1,0.401631,0.398721,,0.361768,0.364667,0.359165,0.35702,0.357093,0.346487,0.364474
2016020556,2017,1.0,0,0.629219,0.625079,,0.629153,0.630824,0.631461,0.655652,0.656242,0.663476,0.626569
2016020557,2017,0.0,3,0.577289,0.611191,,0.631332,0.635253,0.629379,0.668443,0.668128,0.640432,0.627735
2016020558,2017,1.0,0,0.49093,0.51716,,0.510247,0.505663,0.512164,0.515331,0.515574,0.502333,0.510585
2016020559,2017,1.0,2,0.538115,0.531942,,0.530772,0.523141,0.532123,0.520619,0.520148,0.521085,0.526717
2016020560,2017,1.0,0,0.626798,0.637526,,0.618613,0.62054,0.6162,0.601211,0.601776,0.600017,0.624174
2016020561,2017,1.0,2,0.581298,0.574286,,0.521905,0.527805,0.522816,0.527785,0.527726,0.537899,0.532996
2016020562,2017,1.0,0,0.524576,0.513417,,0.51156,0.507019,0.514285,0.517276,0.517549,0.519561,0.506673
2016020563,2017,1.0,0,0.4782,0.402087,,0.418987,0.425165,0.421761,0.403493,0.402799,0.425865,0.399763
2016020564,2017,1.0,0,0.571145,0.579084,,0.587522,0.588762,0.590742,0.584179,0.583516,0.595268,0.583632
2016020565,2017,0.0,1,0.699374,0.675431,,0.714256,0.713105,0.713004,0.721377,0.721395,0.725308,0.701941
2016020566,2017,1.0,2,0.667008,0.648316,,0.6371,0.636614,0.634001,0.635372,0.635176,0.636669,0.637848
2016020567,2017,0.0,1,0.568532,0.609371,,0.58559,0.578277,0.581834,0.59732,0.597698,0.583403,0.594662
2016020568,2017,1.0,0,0.658531,0.602625,,0.602399,0.602724,0.603146,0.584241,0.584321,0.59156,0.594966
2016020569,2017,0.0,1,0.621666,0.597169,,0.561752,0.562744,0.565689,0.553436,0.553528,0.556363,0.56706
2016020570,2017,0.0,3,0.52816,0.549444,,0.527135,0.520887,0.525241,0.509662,0.509096,0.511352,0.532099
2016020571,2017,0.0,3,0.602236,0.564851,,0.573076,0.578732,0.570216,0.576976,0.576474,0.580074,0.564254
2016020572,2017,0.0,1,0.574045,0.594567,,0.609229,0.618706,0.612531,0.609069,0.609148,0.608266,0.605343
2016020573,2017,0.0,1,0.47907,0.506215,,0.501623,0.499231,0.498867,0.506623,0.507022,0.489437,0.501118
2016020574,2017,0.0,3,0.518494,0.536072,,0.533537,0.536362,0.533863,0.526998,0.526602,0.518665,0.532348
2016020575,2017,1.0,0,0.615561,0.651777,,0.639578,0.643907,0.645328,0.623276,0.623396,0.642385,0.646193
2016020576,2017,1.0,0,0.5967,0.557293,,0.567403,0.562891,0.567976,0.567144,0.566911,0.568446,0.55765
2016020577,2017,1.0,0,0.616017,0.57836,,0.554283,0.558727,0.557908,0.554976,0.554806,0.563679,0.554572
2016020578,2017,0.0,1,0.598111,0.627438,,0.569543,0.570952,0.572117,0.573264,0.573521,0.572369,0.587564
2016020579,2017,1.0,0,0.559264,0.582625,,0.527402,0.536323,0.531601,0.537833,0.537754,0.533584,0.54262
2016020580,2017,0.0,1,0.57493,0.546473,,0.475279,0.474866,0.476685,0.486461,0.486673,0.492557,0.488463
2016020581,2017,0.0,1,0.624679,0.584599,,0.600643,0.598184,0.598088,0.603337,0.603313,0.610521,0.590016
2016020582,2017,1.0,2,0.667192,0.663376,,0.648501,0.643946,0.646592,0.662597,0.662532,0.658137,0.652213
2016020583,2017,0.0,1,0.610088,0.635722,,0.628886,0.616302,0.630805,0.628971,0.629189,0.622032,0.632535
2016020584,2017,0.0,1,0.55254,0.534004,,0.445849,0.453649,0.444022,0.443341,0.442792,0.450221,0.464233
2016020585,2017,1.0,0,0.522048,0.547352,,0.542498,0.553461,0.541643,0.554131,0.554061,0.53748,0.543033
2016020586,2017,0.0,1,0.543129,0.503666,,0.504817,0.512854,0.503587,0.493279,0.492451,0.505785,0.495997
2016020587,2017,1.0,0,0.634189,0.603858,,0.588584,0.580966,0.583059,0.57905,0.57882,0.579591,0.587962
2016020588,2017,1.0,2,0.463787,0.469258,,0.414703,0.411779,0.413541,0.414275,0.414083,0.409168,0.424596
2016020589,2017,1.0,0,0.509578,0.487761,,0.508862,0.513552,0.50451,0.508376,0.508147,0.504535,0.49594
2016020590,2017,1.0,2,0.689527,0.668268,,0.634515,0.637548,0.637123,0.641326,0.641068,0.649073,0.64178
2016020591,2017,1.0,0,0.499951,0.459214,,0.446748,0.455376,0.451589,0.435259,0.435363,0.438338,0.440404
2016020592,2017,1.0,0,0.522226,0.517671,,0.556706,0.555076,0.556287,0.546638,0.546878,0.551238,0.541527
2016020593,2017,1.0,2,0.494707,0.550728,,0.467068,0.471088,0.468661,0.477411,0.477366,0.470165,0.492276
2016020594,2017,0.0,1,0.47765,0.458151,,0.455238,0.449236,0.454632,0.43984,0.438998,0.454748,0.448344
2016020595,2017,0.0,1,0.458335,0.456853,,0.437626,0.440483,0.441481,0.458874,0.458511,0.458262,0.436955
2016020596,2017,0.0,1,0.536963,0.472834,,0.463327,0.469353,0.461377,0.459476,0.458824,0.473621,0.454172
2016020597,2017,0.0,3,0.536326,0.516687,,0.439106,0.448061,0.43785,0.454807,0.454396,0.474467,0.454017
2016020598,2017,0.0,1,0.544592,0.526153,,0.503392,0.501202,0.500767,0.525305,0.525862,0.525421,0.503824
2016020599,2017,1.0,0,0.581059,0.537029,,0.561229,0.5579,0.563632,0.562176,0.562068,0.55934,0.546637
2016020600,2017,1.0,2,0.44393,0.469044,,0.382428,0.379588,0.379575,0.375192,0.375421,0.371469,0.402702
2016020601,2017,1.0,0,0.581158,0.647966,,0.639582,0.638817,0.646009,0.652589,0.652062,0.646607,0.647938
2016020602,2017,1.0,0,0.64166,0.641764,,0.620035,0.618779,0.62015,0.629924,0.630087,0.626717,0.625425
2016020603,2017,1.0,0,0.633729,0.661854,,0.709199,0.713984,0.714499,0.706135,0.7056,0.715721,0.699251
2016020604,2017,1.0,2,0.504071,0.490584,,0.488227,0.491161,0.488427,0.505237,0.504782,0.497846,0.48262
2016020605,2017,1.0,2,0.617378,0.580228,,0.553099,0.552512,0.550952,0.551827,0.551377,0.562048,0.554326
2016020606,2017,1.0,0,0.583641,0.557501,,0.543439,0.544605,0.544934,0.566812,0.567159,0.558826,0.541598
2016020607,2017,1.0,0,0.592637,0.592772,,0.547177,0.544004,0.546039,0.554995,0.555238,0.55618,0.557701
2016020608,2017,0.0,1,0.52153,0.557491,,0.471475,0.478507,0.468541,0.47865,0.478512,0.48242,0.495546
2016020609,2017,0.0,1,0.51239,0.4737,,0.470934,0.47182,0.470128,0.470004,0.469291,0.476953,0.462484
2016020610,2017,0.0,1,0.496344,0.507758,,0.505729,0.505975,0.508518,0.526408,0.526632,0.516206,0.502992
2016020611,2017,1.0,0,0.53648,0.522591,,0.526114,0.523903,0.519774,0.528478,0.528511,0.528562,0.519744
2016020612,2017,0.0,1,0.57332,0.589665,,0.499198,0.492556,0.502758,0.516866,0.517209,0.514385,0.523647
2016020613,2017,1.0,0,0.483423,0.468952,,0.40114,0.408893,0.403512,0.386706,0.386151,0.392652,0.412618
2016020614,2017,1.0,0,0.447924,0.504712,,0.466459,0.472429,0.471616,0.483103,0.483211,0.476593,0.478056
2016020615,2017,0.0,1,0.575639,0.50894,,0.51671,0.520376,0.516713,0.514069,0.513562,0.517162,0.503461
2016020616,2017,1.0,2,0.607951,0.621112,,0.638186,0.638849,0.637001,0.625328,0.625209,0.626933,0.633692
2016020617,2017,1.0,2,0.637582,0.607184,,0.604936,0.596241,0.605098,0.615296,0.615515,0.620967,0.600867
2016020618,2017,0.0,1,0.438446,0.460224,,0.503795,0.498094,0.501188,0.491203,0.491475,0.49011,0.488351
2016020619,2017,1.0,0,0.585084,0.565581,,0.544948,0.544366,0.546376,0.557865,0.558103,0.555205,0.545808
2016020620,2017,0.0,1,0.553975,0.525844,,0.509413,0.498953,0.50591,0.497873,0.497432,0.507249,0.507131
2016020621,2017,0.0,1,0.492134,0.50039,,0.47316,0.4677,0.469233,0.49725,0.497593,0.50236,0.476775
2016020622,2017,1.0,0,0.54331,0.529927,,0.485839,0.479516,0.480437,0.491802,0.491971,0.490241,0.492701
2016020623,2017,1.0,0,0.456557,0.508798,,0.499997,0.497703,0.49919,0.517598,0.517853,0.508856,0.503233
2016020624,2017,1.0,2,0.593272,0.635425,,0.633627,0.629342,0.632874,0.625793,0.625858,0.6222,0.637477
2016020625,2017,1.0,0,0.449352,0.439855,,0.436661,0.430233,0.433479,0.456374,0.456748,0.45422,0.430389
2016020626,2017,1.0,0,0.624863,0.661696,,0.63956,0.636638,0.635368,0.639265,0.639016,0.641178,0.649297
2016020627,2017,1.0,0,0.546868,0.478131,,0.489505,0.491309,0.48998,0.489754,0.489039,0.489815,0.474278
2016020628,2017,1.0,0,0.580887,0.579856,,0.584938,0.581267,0.587837,0.582635,0.58241,0.590335,0.581084
2016020629,2017,1.0,0,0.58108,0.596522,,0.601257,0.597837,0.601887,0.604368,0.604492,0.596964,0.599618
2016020630,2017,0.0,1,0.424187,0.424652,,0.416238,0.410384,0.412632,0.411847,0.411385,0.415353,0.412035
2016020631,2017,1.0,2,0.568637,0.620831,,0.598772,0.592595,0.598194,0.593925,0.594007,0.606994,0.608809
2016020632,2017,1.0,0,0.537509,0.603938,,0.496302,0.48837,0.500352,0.501313,0.501593,0.50379,0.531086
2016020633,2017,0.0,1,0.66358,0.628253,,0.680009,0.679305,0.678534,0.657722,0.65786,0.659515,0.661884
2016020634,2017,1.0,0,0.594323,0.572134,,0.549135,0.550228,0.549065,0.537917,0.538329,0.539959,0.550554
2016020635,2017,0.0,1,0.501917,0.508888,,0.422817,0.431315,0.426774,0.414433,0.414035,0.425303,0.442393
2016020636,2017,0.0,1,0.553098,0.578293,,0.543605,0.551944,0.546048,0.542193,0.542139,0.533211,0.553212
2016020637,2017,1.0,0,0.589882,0.644829,,0.649985,0.645165,0.649487,0.647937,0.648238,0.640589,0.65338
2016020638,2017,0.0,1,0.600005,0.649886,,0.62875,0.624342,0.62777,0.652537,0.652765,0.652479,0.639133
2016020639,2017,1.0,0,0.470443,0.486179,,0.449614,0.456861,0.449276,0.446109,0.446028,0.451318,0.456126
2016020640,2017,1.0,0,0.568106,0.610607,,0.543209,0.545142,0.544,0.557747,0.557409,0.559248,0.564655
2016020641,2017,0.0,1,0.448426,0.469385,,0.430404,0.428081,0.430269,0.42752,0.427593,0.431525,0.437644
2016020642,2017,1.0,0,0.512374,0.542635,,0.556857,0.568181,0.564703,0.577405,0.578021,0.564839,0.552558
2016020643,2017,0.0,1,0.591434,0.561184,,0.578482,0.57645,0.574705,0.596174,0.596174,0.594931,0.567846
2016020644,2017,1.0,0,0.416696,0.426769,,0.35401,0.355415,0.349857,0.344488,0.344293,0.345915,0.368083
2016020645,2017,1.0,0,0.466039,0.483174,,0.453155,0.45653,0.456867,0.456439,0.456365,0.455414,0.457951
2016020646,2017,1.0,0,0.532192,0.573636,,0.557257,0.559378,0.558389,0.559829,0.559649,0.545178,0.563304
2016020647,2017,0.0,1,0.400069,0.382784,,0.339958,0.338453,0.335864,0.340552,0.339975,0.335912,0.342583
2016020648,2017,0.0,1,0.473922,0.503156,,0.49366,0.506249,0.490037,0.494851,0.495125,0.474341,0.494618
2016020649,2017,1.0,2,0.526808,0.557543,,0.537588,0.539294,0.533447,0.545842,0.545914,0.531257,0.543086
2016020650,2017,1.0,2,0.601403,0.634563,,0.537432,0.532846,0.540483,0.545497,0.545607,0.556443,0.567154
2016020651,2017,0.0,1,0.601236,0.586777,,0.55329,0.548782,0.550176,0.553338,0.553512,0.559928,0.558803
2016020652,2017,1.0,0,0.670177,0.637604,,0.6067,0.605074,0.604808,0.585405,0.585712,0.593722,0.611082
2016020653,2017,0.0,1,0.523135,0.55387,,0.533797,0.539555,0.531178,0.544044,0.544022,0.525477,0.539221
2016020654,2017,0.0,3,0.554601,0.560367,,0.509969,0.502832,0.507826,0.493013,0.493064,0.496983,0.521389
2016020655,2017,0.0,3,0.571438,0.561663,,0.561493,0.558254,0.558196,0.54972,0.549905,0.555458,0.557656
2016020656,2017,0.0,1,0.575454,0.65547,,0.624252,0.627941,0.626985,0.610227,0.609856,0.614778,0.640521
2016020657,2017,1.0,0,0.476702,0.472068,,0.433171,0.438901,0.437225,0.442356,0.442124,0.431923,0.437921
2016020658,2017,1.0,0,0.481927,0.488734,,0.395355,0.399475,0.392375,0.381213,0.380526,0.394599,0.416205
2016020659,2017,0.0,1,0.56245,0.580348,,0.524792,0.517474,0.528259,0.53954,0.539429,0.53703,0.539478
2016020660,2017,1.0,0,0.644626,0.620695,,0.578986,0.581658,0.579831,0.584477,0.584603,0.586217,0.586783
2016020661,2017,1.0,2,0.521201,0.54897,,0.504405,0.499006,0.508221,0.514271,0.513266,0.513475,0.516095
2016020662,2017,1.0,0,0.619295,0.644518,,0.615545,0.612632,0.614628,0.615726,0.615317,0.618187,0.625561
2016020663,2017,0.0,1,0.623477,0.620771,,0.677072,0.664531,0.673748,0.690728,0.691066,0.691063,0.660752
2016020664,2017,1.0,0,0.630483,0.585613,,0.61454,0.605013,0.609464,0.611208,0.610629,0.614517,0.600035
2016020665,2017,1.0,0,0.588733,0.600594,,0.603398,0.601628,0.602216,0.607999,0.607738,0.603379,0.602048
2016020666,2017,0.0,1,0.579868,0.579684,,0.561996,0.571591,0.567615,0.567658,0.567698,0.555548,0.564424
2016020667,2017,0.0,1,0.684847,0.654717,,0.682617,0.672923,0.68299,0.68525,0.68552,0.692998,0.671907
2016020668,2017,0.0,1,0.406526,0.407477,,0.393518,0.392801,0.392901,0.382881,0.382976,0.382196,0.390509
2016020669,2017,1.0,0,0.542066,0.570477,,0.51925,0.511734,0.520354,0.504695,0.504634,0.516502,0.533491
2016020670,2017,1.0,0,0.47549,0.4901,,0.453761,0.449424,0.454965,0.467964,0.46811,0.473375,0.460205
2016020671,2017,1.0,2,0.583039,0.565106,,0.601589,0.599378,0.606546,0.614248,0.614243,0.601006,0.5872
2016020672,2017,0.0,1,0.492743,0.493374,,0.553917,0.551482,0.555714,0.572489,0.572911,0.559645,0.532745
2016020673,2017,1.0,0,0.623095,0.6199,,0.616165,0.611198,0.615244,0.626165,0.626148,0.637342,0.615648
2016020674,2017,1.0,2,0.515836,0.469035,,0.424371,0.432856,0.424331,0.430022,0.4292,0.433203,0.426466
2016020675,2017,1.0,2,0.533086,0.584217,,0.594375,0.585076,0.591859,0.59873,0.598132,0.577345,0.594397
2016020676,2017,0.0,1,0.501446,0.558176,,0.480832,0.481079,0.48322,0.486408,0.486683,0.492206,0.504656
2016020677,2017,1.0,0,0.549772,0.516316,,0.47747,0.476153,0.473131,0.484718,0.484083,0.499446,0.480503
2016020678,2017,0.0,1,0.609773,0.603353,,0.624347,0.619624,0.620235,0.614136,0.614417,0.613788,0.616361
2016020679,2017,0.0,1,0.459276,0.455926,,0.364777,0.371503,0.363786,0.373171,0.372704,0.386164,0.3831
2016020680,2017,0.0,1,0.462277,0.479557,,0.474935,0.474985,0.475905,0.488905,0.488313,0.47277,0.472731
2016020681,2017,1.0,0,0.73049,0.711178,,0.761093,0.754189,0.762762,0.781114,0.780864,0.78638,0.747441
2016020682,2017,0.0,1,0.523728,0.564222,,0.498698,0.493433,0.498526,0.486812,0.487181,0.497486,0.517874
2016020683,2017,1.0,0,0.687413,0.676257,,0.656062,0.658359,0.662049,0.652734,0.652607,0.660765,0.660849
2016020684,2017,1.0,0,0.608512,0.579865,,0.641242,0.640207,0.64546,0.630981,0.631082,0.63292,0.619782
2016020685,2017,0.0,1,0.498438,0.54712,,0.528585,0.52875,0.532833,0.546828,0.547137,0.539305,0.535182
2016020686,2017,1.0,2,0.505824,0.496786,,0.474155,0.475123,0.475763,0.483681,0.484198,0.477713,0.474693
2016020687,2017,0.0,1,0.430856,0.463634,,0.463483,0.457595,0.464631,0.449919,0.450587,0.450356,0.461208
2016020688,2017,0.0,1,0.468142,0.461249,,0.383957,0.390717,0.382981,0.382256,0.381472,0.386365,0.398473
2016020689,2017,0.0,3,0.503503,0.562297,,0.513522,0.505715,0.510847,0.520211,0.520419,0.512917,0.529872
2016020690,2017,1.0,0,0.513799,0.521935,,0.516328,0.507629,0.516453,0.515115,0.51515,0.509898,0.514633
2016020691,2017,1.0,0,0.495648,0.5091,,0.481605,0.480709,0.484401,0.466196,0.466502,0.485715,0.486052
2016020692,2017,1.0,0,0.639361,0.621695,,0.625224,0.626306,0.621429,0.63994,0.639268,0.640597,0.621321
2016020693,2017,0.0,3,0.505148,0.531827,,0.498289,0.496709,0.498588,0.507802,0.507938,0.507258,0.506351
2016020694,2017,0.0,3,0.645476,0.648731,,0.702885,0.707122,0.702408,0.720066,0.720541,0.714423,0.688528
2016020695,2017,1.0,0,0.536426,0.453553,,0.528498,0.533708,0.527859,0.509461,0.509124,0.516711,0.493803
2016020696,2017,0.0,1,0.589345,0.669449,,0.685259,0.682067,0.682341,0.671219,0.671499,0.6537,0.688603
2016020697,2017,0.0,3,0.421743,0.469119,,0.432049,0.445489,0.437326,0.439492,0.43905,0.425122,0.441417
2016020698,2017,1.0,0,0.422386,0.393367,,0.420544,0.416103,0.419976,0.423619,0.423778,0.416708,0.402807
2016020699,2017,1.0,0,0.580608,0.556843,,0.597281,0.591682,0.597507,0.599266,0.599017,0.587774,0.581011
2016020700,2017,0.0,1,0.566909,0.586345,,0.542712,0.537688,0.543144,0.563666,0.56408,0.555879,0.554453
2016020701,2017,1.0,2,0.708994,0.719779,,0.696717,0.697152,0.698134,0.696159,0.695939,0.697528,0.705743
2016020702,2017,1.0,0,0.649776,0.573821,,0.518513,0.52838,0.520102,0.521294,0.519814,0.523939,0.523111
2016020703,2017,0.0,3,0.451403,0.456559,,0.378276,0.383118,0.381183,0.380635,0.380076,0.383356,0.394088
2016020704,2017,0.0,3,0.502104,0.488304,,0.495097,0.498777,0.498024,0.512317,0.512425,0.50369,0.486897
2016020705,2017,0.0,3,0.582176,0.525859,,0.479988,0.48096,0.478716,0.471661,0.470716,0.495535,0.482859
2016020706,2017,1.0,0,0.657893,0.657309,,0.649182,0.653422,0.649042,0.65329,0.652671,0.65577,0.651194
2016020707,2017,0.0,1,0.617216,0.589778,,0.547085,0.536163,0.546945,0.537802,0.537658,0.54974,0.553867
2016020708,2017,1.0,0,0.610158,0.555637,,0.608998,0.61431,0.609379,0.600188,0.600276,0.605641,0.586202
2016020709,2017,1.0,0,0.69497,0.619051,,0.639542,0.636228,0.637481,0.635325,0.634952,0.649782,0.624889
2016020710,2017,1.0,0,0.542957,0.497737,,0.461024,0.468479,0.459773,0.477359,0.476701,0.478771,0.461809
2016020711,2017,0.0,1,0.473594,0.487726,,0.472556,0.474007,0.473413,0.486717,0.486619,0.471981,0.473131
2016020712,2017,0.0,1,0.377407,0.362624,,0.356487,0.355468,0.354915,0.360019,0.360281,0.356454,0.348915
2016020713,2017,1.0,2,0.460438,0.422888,,0.425997,0.422671,0.426049,0.415943,0.415878,0.420015,0.414826
2016020714,2017,1.0,2,0.576515,0.641045,,0.633614,0.627435,0.633154,0.632683,0.632897,0.622754,0.641307
2016020715,2017,0.0,1,0.48946,0.403171,,0.478214,0.490858,0.478065,0.460001,0.45927,0.463212,0.441566
2016020716,2017,1.0,0,0.485165,0.472766,,0.424206,0.427238,0.426064,0.418408,0.418168,0.432318,0.430822
2016020717,2017,0.0,1,0.63998,0.5955,,0.577603,0.587967,0.578572,0.562691,0.562263,0.588753,0.575969
2016020718,2017,1.0,0,0.610178,0.576877,,0.646708,0.643816,0.645656,0.640863,0.641356,0.643981,0.622543
2016020719,2017,1.0,0,0.436425,0.4624,,0.442303,0.441331,0.44478,0.457117,0.457365,0.444436,0.444749
2016020720,2017,0.0,3,0.633117,0.618646,,0.659898,0.657611,0.661786,0.644973,0.644881,0.637596,0.646237
2016020721,2017,0.0,1,0.43912,0.465009,,0.470959,0.466828,0.47108,0.471108,0.471208,0.472173,0.466354
2016020722,2017,0.0,1,0.60676,0.548007,,0.603638,0.598166,0.603318,0.624375,0.624664,0.624902,0.579577
2016020723,2017,0.0,3,0.460088,0.501879,,0.414685,0.427998,0.418359,0.39273,0.39277,0.397573,0.437774
2016020724,2017,0.0,1,0.544795,0.538279,,0.513567,0.512479,0.513083,0.485481,0.484987,0.503635,0.516075
2016020725,2017,0.0,1,0.644201,0.567807,,0.606755,0.597442,0.604744,0.604805,0.604411,0.61386,0.585807
2016020726,2017,0.0,1,0.503405,0.488406,,0.502504,0.509223,0.500228,0.496463,0.496373,0.494701,0.492192
2016020727,2017,0.0,1,0.625643,0.595708,,0.570427,0.57121,0.571139,0.557056,0.557204,0.560096,0.572345
2016020728,2017,1.0,0,0.447636,0.559136,,0.543072,0.53495,0.544297,0.533904,0.53385,0.517224,0.55557
2016020729,2017,0.0,1,0.375667,0.388814,,0.351334,0.367807,0.357978,0.356066,0.355593,0.336339,0.355546
2016020730,2017,1.0,0,0.524679,0.500669,,0.421547,0.421376,0.419829,0.410239,0.40969,0.430843,0.435972
2016020731,2017,1.0,0,0.554555,0.57572,,0.579568,0.579594,0.579563,0.583526,0.583567,0.580117,0.578136
2016020732,2017,0.0,1,0.500094,0.488804,,0.533186,0.532318,0.531192,0.518277,0.518013,0.514559,0.515028
2016020733,2017,0.0,3,0.607989,0.546553,,0.541164,0.543299,0.538222,0.548116,0.54811,0.542513,0.533019
2016020734,2017,1.0,2,0.512211,0.501111,,0.483977,0.480568,0.483329,0.490316,0.490282,0.489187,0.482925
2016020735,2017,1.0,0,0.506163,0.507243,,0.49915,0.515059,0.503006,0.504996,0.504979,0.495508,0.497018
2016020736,2017,1.0,0,0.607634,0.564312,,0.614721,0.599255,0.612318,0.617957,0.618636,0.639377,0.594107
2016020737,2017,0.0,1,0.635547,0.607611,,0.628457,0.636646,0.629839,0.635113,0.634994,0.619874,0.618469
2016020738,2017,1.0,0,0.595085,0.608745,,0.586019,0.58079,0.582009,0.574623,0.574676,0.576505,0.592082
2016020739,2017,1.0,0,0.494467,0.498695,,0.511514,0.517644,0.512229,0.493978,0.494069,0.496054,0.50376
2016020740,2017,0.0,1,0.646607,0.649147,,0.610482,0.612388,0.610605,0.642459,0.642589,0.627018,0.621058
2016020741,2017,1.0,0,0.437422,0.460733,,0.433849,0.433096,0.430334,0.444177,0.443588,0.435822,0.437829
2016020742,2017,0.0,1,0.55897,0.555122,,0.598117,0.600952,0.601288,0.601144,0.600983,0.592874,0.583096
2016020743,2017,1.0,0,0.623455,0.601821,,0.534398,0.527068,0.536788,0.532036,0.531399,0.549215,0.548973
2016020744,2017,1.0,0,0.5216,0.529072,,0.481605,0.476627,0.48071,0.472241,0.471721,0.483962,0.491458
2016020745,2017,1.0,0,0.637232,0.634027,,0.686973,0.679773,0.685757,0.679155,0.678965,0.675112,0.671868
2016020746,2017,0.0,1,0.569069,0.617321,,0.538317,0.530589,0.537008,0.523207,0.52269,0.543191,0.563823
2016020747,2017,0.0,1,0.556465,0.495151,,0.484976,0.493294,0.485362,0.476953,0.475697,0.493934,0.476824
2016020748,2017,1.0,0,0.508856,0.523191,,0.513548,0.518777,0.512541,0.504183,0.504121,0.500529,0.51361
2016020749,2017,0.0,1,0.596135,0.585631,,0.592519,0.596377,0.595014,0.593201,0.593004,0.579028,0.587393
2016020750,2017,1.0,0,0.562281,0.58365,,0.580715,0.581499,0.579125,0.559678,0.559832,0.567212,0.58138
2016020751,2017,0.0,1,0.451884,0.44619,,0.473642,0.477781,0.473933,0.463242,0.463325,0.452638,0.459462
2016020752,2017,0.0,1,0.426006,0.369332,,0.442479,0.451725,0.439254,0.425179,0.425206,0.42876,0.408295
2016020753,2017,1.0,0,0.689457,0.678566,,0.662216,0.661447,0.66554,0.642012,0.641374,0.664003,0.666029
2016020754,2017,1.0,0,0.576009,0.57397,,0.529809,0.524474,0.529897,0.520221,0.520097,0.520008,0.539141
2016020755,2017,1.0,0,0.661652,0.542434,,0.571441,0.568441,0.571641,0.561042,0.560573,0.581449,0.547769
2016020756,2017,1.0,0,0.42295,0.53622,,0.452436,0.45298,0.454935,0.447665,0.447515,0.442472,0.482962
2016020757,2017,1.0,0,0.676984,0.706738,,0.6527,0.643085,0.654039,0.649212,0.648808,0.658261,0.672237
2016020758,2017,0.0,3,0.421666,0.432501,,0.317906,0.326462,0.319039,0.324316,0.324485,0.330821,0.342784
2016020759,2017,1.0,0,0.497136,0.492821,,0.429388,0.437977,0.429274,0.431849,0.431675,0.435807,0.441339
2016020760,2017,0.0,1,0.540646,0.571623,,0.491621,0.50238,0.492857,0.471196,0.470733,0.469387,0.514049
2016020761,2017,1.0,0,0.590121,0.5745,,0.597353,0.596984,0.599067,0.5826,0.582226,0.57342,0.587101
2016020762,2017,1.0,0,0.584188,0.589745,,0.582942,0.592765,0.58475,0.581498,0.581662,0.57122,0.583267
2016020763,2017,0.0,1,0.567037,0.550355,,0.565238,0.568725,0.563881,0.552084,0.552432,0.556372,0.556307
2016020764,2017,0.0,1,0.400856,0.40018,,0.410746,0.407853,0.409371,0.389717,0.389826,0.386338,0.400633
2016020765,2017,0.0,1,0.412613,0.431215,,0.418061,0.414168,0.416709,0.42618,0.42576,0.417616,0.417118
2016020766,2017,1.0,2,0.584954,0.579969,,0.530399,0.535079,0.534664,0.533947,0.533157,0.537609,0.5411
2016020767,2017,1.0,0,0.489863,0.527506,,0.510899,0.507461,0.511957,0.484693,0.484646,0.493713,0.515313
2016020768,2017,1.0,0,0.483696,0.509629,,0.499343,0.502769,0.499648,0.480629,0.480553,0.480147,0.500363
2016020769,2017,0.0,3,0.520031,0.458521,,0.474924,0.486885,0.478107,0.476559,0.476272,0.472338,0.458548
2016020770,2017,1.0,0,0.53465,0.602224,,0.539828,0.538024,0.538564,0.533886,0.53342,0.530773,0.562091
2016020771,2017,0.0,1,0.453717,0.478094,,0.516418,0.517151,0.519361,0.507896,0.507619,0.482082,0.503169
2016020772,2017,0.0,3,0.507834,0.451506,,0.505758,0.508799,0.505956,0.503424,0.503035,0.509757,0.479296
2016020773,2017,1.0,0,0.45303,0.463286,,0.425069,0.431037,0.42318,0.441502,0.441641,0.415963,0.430882
2016020774,2017,0.0,1,0.5851,0.649486,,0.62586,0.626364,0.626739,0.614962,0.614778,0.607648,0.638322
2016020775,2017,1.0,0,0.461784,0.456643,,0.418418,0.424665,0.419673,0.407371,0.407283,0.415378,0.422548
2016020776,2017,1.0,2,0.506257,0.532549,,0.494441,0.495245,0.49125,0.510624,0.51039,0.499771,0.503732
2016020777,2017,0.0,3,0.594731,0.538829,,0.542592,0.543119,0.547432,0.539278,0.538842,0.545854,0.532337
2016020778,2017,0.0,1,0.667042,0.665196,,0.661601,0.646792,0.658076,0.682508,0.682579,0.679683,0.662461
2016020779,2017,0.0,1,0.464966,0.497929,,0.48782,0.482797,0.485251,0.4853,0.485256,0.4564,0.489179
2016020780,2017,0.0,1,0.612491,0.599082,,0.679575,0.67622,0.68182,0.695936,0.69598,0.684909,0.655465
2016020781,2017,0.0,1,0.49537,0.512865,,0.489212,0.4803,0.488503,0.456859,0.457503,0.458497,0.493122
2016020782,2017,0.0,1,0.400834,0.424678,,0.395453,0.396909,0.39712,0.396814,0.396597,0.385423,0.399255
2016020783,2017,0.0,3,0.725064,0.717195,,0.665657,0.666009,0.667552,0.676235,0.676056,0.686579,0.68085
2016020784,2017,1.0,0,0.643763,0.546214,,0.586263,0.582824,0.584354,0.598723,0.598294,0.604938,0.562148
2016020785,2017,0.0,3,0.597527,0.586948,,0.586512,0.578552,0.588901,0.58061,0.580689,0.581504,0.583399
2016020786,2017,1.0,0,0.636515,0.592001,,0.649229,0.650578,0.64765,0.639915,0.640172,0.642406,0.627637
2016020787,2017,1.0,0,0.560299,0.544881,,0.557599,0.562846,0.559499,0.552565,0.552831,0.552531,0.54922
2016020788,2017,1.0,2,0.588598,0.580057,,0.557228,0.557799,0.554466,0.554578,0.554223,0.554055,0.560227
2016020789,2017,0.0,1,0.519488,0.515225,,0.508987,0.519384,0.512525,0.53028,0.530059,0.511969,0.506035
2016020790,2017,1.0,2,0.410581,0.365056,,0.385731,0.381956,0.386524,0.353015,0.35246,0.372865,0.36764
2016020791,2017,1.0,0,0.578986,0.571897,,0.626559,0.619433,0.622525,0.629551,0.630043,0.625907,0.608688
2016020792,2017,0.0,3,0.67696,0.602347,,0.552848,0.557199,0.549246,0.564152,0.563873,0.573795,0.556732
2016020793,2017,1.0,0,0.700716,0.604146,,0.643447,0.640614,0.64378,0.665152,0.664939,0.684468,0.621249
2016020794,2017,1.0,0,0.531642,0.498969,,0.496607,0.494359,0.496924,0.492161,0.49204,0.481225,0.489303
2016020795,2017,0.0,1,0.545755,0.581921,,0.661117,0.653464,0.659122,0.675452,0.675761,0.6553,0.641395
2016020796,2017,0.0,3,0.459107,0.477549,,0.421642,0.427311,0.421654,0.407208,0.406668,0.409905,0.4334
2016020797,2017,1.0,0,0.526102,0.493683,,0.485998,0.491777,0.481761,0.479494,0.478317,0.494358,0.480035
2016020798,2017,1.0,0,0.635974,0.644361,,0.661951,0.67233,0.663363,0.663692,0.663386,0.656211,0.65751
2016020799,2017,0.0,1,0.43514,0.45737,,0.421883,0.41676,0.421074,0.398199,0.397828,0.400046,0.427999
2016020800,2017,1.0,0,0.418895,0.426431,,0.351052,0.351907,0.34816,0.348204,0.348184,0.355811,0.365555
2016020801,2017,0.0,3,0.592457,0.539112,,0.536529,0.522553,0.532617,0.516249,0.51619,0.522398,0.528264
2016020802,2017,1.0,0,0.474542,0.57297,,0.532501,0.52676,0.53107,0.52551,0.524751,0.52255,0.550819
2016020803,2017,0.0,1,0.456935,0.432776,,0.411042,0.412619,0.410796,0.401849,0.40164,0.402091,0.408259
2016020804,2017,1.0,0,0.60032,0.558214,,0.601021,0.597719,0.600022,0.597222,0.59714,0.599622,0.582323
2016020805,2017,0.0,1,0.515683,0.523469,,0.546175,0.552411,0.55178,0.528533,0.528374,0.53982,0.536796
2016020806,2017,1.0,0,0.713783,0.656209,,0.700151,0.697901,0.701134,0.695929,0.696145,0.705449,0.682538
2016020807,2017,0.0,1,0.672945,0.656258,,0.662228,0.66246,0.660753,0.65153,0.651255,0.657292,0.658741
2016020808,2017,0.0,3,0.495394,0.516047,,0.506463,0.507211,0.509541,0.506291,0.506831,0.51177,0.506941
2016020809,2017,1.0,0,0.571861,0.55933,,0.538016,0.527997,0.535208,0.560234,0.560204,0.561809,0.539592
2016020810,2017,0.0,1,0.51409,0.49222,,0.506103,0.509115,0.50252,0.499941,0.498206,0.505839,0.495267
2016020811,2017,0.0,1,0.348679,0.370445,,0.358188,0.359897,0.355648,0.351269,0.351553,0.340689,0.356061
2016020812,2017,0.0,3,0.432059,0.44597,,0.388676,0.392978,0.385359,0.380493,0.380307,0.378685,0.399527
2016020813,2017,1.0,2,0.629312,0.561421,,0.656833,0.652504,0.659311,0.663578,0.663584,0.672061,0.622328
2016020814,2017,0.0,1,0.466245,0.503081,,0.482436,0.472019,0.482257,0.456635,0.457003,0.459784,0.487195
2016020815,2017,1.0,0,0.617954,0.690714,,0.630244,0.627451,0.632408,0.613824,0.613381,0.617794,0.655373
2016020816,2017,1.0,0,0.540187,0.548923,,0.572905,0.573343,0.575518,0.575254,0.5757,0.582774,0.564019
2016020817,2017,1.0,2,0.454588,0.472737,,0.455009,0.454925,0.455997,0.461238,0.46086,0.472505,0.456289
2016020818,2017,0.0,1,0.593506,0.576974,,0.582208,0.582991,0.584041,0.58809,0.588117,0.586738,0.576669
2016020819,2017,1.0,0,0.562766,0.537135,,0.553642,0.5547,0.557548,0.54996,0.549665,0.545675,0.542988
2016020820,2017,1.0,0,0.638118,0.619536,,0.664409,0.662196,0.665794,0.66099,0.66082,0.659632,0.649434
2016020821,2017,0.0,1,0.583304,0.606059,,0.616658,0.611664,0.614025,0.609939,0.610374,0.610869,0.614419
2016020822,2017,0.0,1,0.536812,0.555359,,0.575904,0.5725,0.578324,0.58262,0.582978,0.569928,0.569102
2016020823,2017,1.0,0,0.716458,0.673715,,0.739624,0.736322,0.743896,0.718824,0.718518,0.724614,0.718727
2016020824,2017,1.0,0,0.647072,0.592295,,0.584177,0.585668,0.581196,0.589487,0.589609,0.587774,0.578708
2016020825,2017,0.0,1,0.508892,0.504878,,0.506052,0.496587,0.505186,0.473768,0.473659,0.48856,0.500818
2016020826,2017,1.0,2,0.339988,0.369441,,0.351754,0.354906,0.353034,0.33625,0.336281,0.329765,0.351874
2016020827,2017,0.0,1,0.471718,0.518968,,0.505638,0.517617,0.506135,0.527366,0.52645,0.51465,0.509884
2016020828,2017,0.0,1,0.438594,0.448228,,0.444981,0.444894,0.443948,0.439899,0.439671,0.440029,0.440834
2016020829,2017,1.0,0,0.67996,0.647009,,0.723431,0.714468,0.723693,0.744246,0.744043,0.745348,0.700114
2016020830,2017,1.0,0,0.663382,0.643596,,0.645519,0.644979,0.649615,0.629641,0.629568,0.638482,0.642452
2016020831,2017,1.0,0,0.577625,0.571828,,0.588564,0.588559,0.591952,0.603204,0.603574,0.600436,0.580855
2016020832,2017,1.0,0,0.545854,0.590541,,0.515804,0.512423,0.514145,0.509506,0.508938,0.51355,0.538819
2016020833,2017,0.0,1,0.558452,0.519629,,0.516717,0.51586,0.521435,0.509143,0.508076,0.518845,0.509499
2016020834,2017,0.0,1,0.522017,0.553376,,0.505685,0.518848,0.505681,0.519821,0.519909,0.509642,0.518723
2016020835,2017,0.0,1,0.629432,0.696209,,0.628593,0.624385,0.630049,0.625863,0.625559,0.634726,0.655442
2016020836,2017,1.0,0,0.608564,0.562304,,0.559677,0.572917,0.563342,0.555472,0.555253,0.557723,0.552795
2016020837,2017,1.0,0,0.704334,0.695981,,0.659872,0.659998,0.662734,0.645393,0.644881,0.654511,0.669973
2016020838,2017,1.0,0,0.498239,0.529197,,0.518104,0.516226,0.518206,0.513614,0.51397,0.512458,0.520392
2016020839,2017,0.0,1,0.623946,0.65429,,0.674815,0.677275,0.675295,0.667186,0.667787,0.670943,0.671957
2016020840,2017,0.0,1,0.608103,0.56289,,0.5727,0.565662,0.567844,0.557536,0.557381,0.566525,0.562589
2016020841,2017,1.0,0,0.528253,0.54263,,0.525028,0.51727,0.522114,0.529088,0.528515,0.5209,0.527818
2016020842,2017,1.0,0,0.615908,0.653326,,0.671219,0.673174,0.671616,0.692744,0.691982,0.676524,0.669711
2016020843,2017,1.0,0,0.622733,0.600084,,0.616718,0.61987,0.612403,0.636319,0.635668,0.625071,0.608169
2016020844,2017,0.0,1,0.465998,0.487108,,0.451112,0.452056,0.449571,0.440289,0.440889,0.439282,0.45803
2016020845,2017,1.0,0,0.543711,0.543327,,0.553208,0.54687,0.554807,0.538333,0.538128,0.54675,0.547059
2016020846,2017,0.0,3,0.633932,0.607253,,0.546234,0.54341,0.546827,0.552531,0.552332,0.54806,0.558675
2016020847,2017,1.0,0,0.60325,0.53632,,0.535136,0.543006,0.537501,0.517557,0.516938,0.535371,0.525009
2016020848,2017,0.0,1,0.492028,0.458304,,0.479302,0.481586,0.479509,0.478722,0.478431,0.464573,0.46442
2016020849,2017,1.0,0,0.476093,0.500495,,0.429909,0.427806,0.433784,0.433386,0.433332,0.438035,0.446835
2016020850,2017,1.0,2,0.685497,0.657478,,0.662717,0.673767,0.666085,0.687366,0.687367,0.686,0.658289
2016020851,2017,1.0,0,0.650788,0.626632,,0.58439,0.586412,0.587305,0.589004,0.588792,0.600231,0.592487
2016020852,2017,1.0,0,0.661519,0.61242,,0.617439,0.611177,0.617822,0.610274,0.609761,0.626766,0.609598
2016020853,2017,1.0,0,0.558194,0.534749,,0.534463,0.532528,0.529579,0.535205,0.534879,0.529949,0.528508
2016020854,2017,0.0,1,0.665462,0.759172,,0.656755,0.650998,0.657507,0.670136,0.669553,0.669487,0.699326
2016020855,2017,1.0,2,0.491121,0.507534,,0.527095,0.515814,0.518311,0.534458,0.534745,0.519282,0.518974
2016020856,2017,0.0,3,0.627543,0.667871,,0.627763,0.629842,0.627128,0.603183,0.602702,0.619082,0.643121
2016020857,2017,0.0,1,0.602366,0.581282,,0.557448,0.559186,0.56099,0.560323,0.559781,0.554063,0.559473
2016020858,2017,1.0,0,0.452201,0.447596,,0.474454,0.469328,0.471461,0.460802,0.460561,0.445335,0.460584
2016020859,2017,0.0,1,0.592039,0.629111,,0.65545,0.653724,0.657987,0.640656,0.640369,0.642233,0.650982
2016020860,2017,1.0,2,0.356756,0.363675,,0.365276,0.36213,0.363684,0.340184,0.339839,0.345545,0.357695
2016020861,2017,0.0,1,0.50401,0.512875,,0.442909,0.435678,0.440152,0.428077,0.427964,0.430061,0.458501
2016020862,2017,1.0,0,0.482032,0.467879,,0.461658,0.468699,0.464274,0.464757,0.465072,0.450815,0.456448
2016020863,2017,0.0,1,0.629408,0.643154,,0.597271,0.59166,0.598301,0.587593,0.587319,0.591498,0.610838
2016020864,2017,1.0,2,0.510113,0.486857,,0.551577,0.548143,0.552172,0.530798,0.531143,0.527857,0.526697
2016020865,2017,1.0,0,0.626457,0.538414,,0.59204,0.581208,0.585652,0.585487,0.584755,0.591316,0.56516
2016020866,2017,0.0,1,0.395417,0.339228,,0.375154,0.375674,0.37286,0.365967,0.366085,0.369513,0.351143
2016020867,2017,1.0,2,0.50958,0.478521,,0.479436,0.472808,0.472949,0.49852,0.498937,0.49453,0.470861
2016020868,2017,0.0,1,0.573061,0.640488,,0.528541,0.527969,0.53173,0.547909,0.548252,0.539975,0.56617
2016020869,2017,1.0,0,0.486718,0.499525,,0.538335,0.535114,0.538828,0.551292,0.551212,0.540427,0.524408
2016020870,2017,0.0,1,0.696179,0.671269,,0.673514,0.675819,0.677558,0.690957,0.690214,0.688089,0.670588
2016020871,2017,0.0,1,0.600692,0.590288,,0.587323,0.582862,0.591743,0.590498,0.590546,0.574423,0.585011
2016020872,2017,0.0,1,0.437062,0.397051,,0.389694,0.392827,0.390372,0.389212,0.3882,0.398848,0.380661
2016020873,2017,1.0,0,0.610618,0.639263,,0.656721,0.655119,0.657011,0.66313,0.663166,0.651791,0.654124
2016020874,2017,0.0,1,0.591425,0.558946,,0.60728,0.604841,0.598301,0.60712,0.606956,0.616199,0.588128
2016020875,2017,0.0,1,0.546432,0.552466,,0.566857,0.573311,0.566369,0.573062,0.57259,0.566218,0.560393
2016020876,2017,0.0,3,0.42699,0.429883,,0.445032,0.440297,0.443781,0.451231,0.451135,0.436693,0.434696
2016020877,2017,0.0,3,0.605935,0.494702,,0.544216,0.539347,0.544106,0.533869,0.533323,0.540121,0.514704
2016020878,2017,1.0,0,0.568778,0.485919,,0.566996,0.569754,0.567759,0.543158,0.542277,0.554605,0.531764
2016020879,2017,0.0,1,0.519682,0.450047,,0.459545,0.45102,0.45577,0.453691,0.453763,0.463554,0.444068
2016020880,2017,0.0,1,0.589779,0.549237,,0.528201,0.529844,0.530911,0.547763,0.548104,0.550343,0.52655
2016020881,2017,1.0,0,0.420398,0.410221,,0.437636,0.436276,0.43728,0.435038,0.434493,0.41723,0.422103
2016020882,2017,0.0,1,0.477517,0.452342,,0.476028,0.484004,0.478666,0.469202,0.469143,0.458968,0.461101
2016020883,2017,0.0,3,0.627619,0.555714,,0.579973,0.582064,0.577867,0.582151,0.58196,0.581732,0.563016
2016020884,2017,0.0,1,0.403168,0.461249,,0.448682,0.444707,0.449114,0.432049,0.431814,0.429754,0.452317
2016020885,2017,1.0,2,0.547496,0.556763,,0.527282,0.527742,0.528799,0.518624,0.518596,0.523005,0.533219
2016020886,2017,0.0,1,0.497109,0.487233,,0.4789,0.484141,0.476252,0.450561,0.45036,0.45173,0.475197
2016020887,2017,1.0,0,0.571146,0.601505,,0.549341,0.549198,0.54909,0.574457,0.574283,0.564536,0.565021
2016020888,2017,0.0,3,0.594795,0.568304,,0.588139,0.587978,0.592457,0.585722,0.586026,0.581813,0.577414
2016020889,2017,0.0,1,0.583027,0.551689,,0.561958,0.562602,0.561251,0.542674,0.541688,0.544046,0.552827
2016020890,2017,0.0,1,0.422484,0.377078,,0.420555,0.417582,0.418405,0.423693,0.422812,0.422646,0.396199
2016020891,2017,0.0,1,0.565846,0.603602,,0.587023,0.589059,0.588264,0.602706,0.602899,0.589729,0.593629
2016020892,2017,0.0,1,0.384531,0.454381,,0.377131,0.375064,0.378971,0.380557,0.380348,0.368341,0.398994
2016020893,2017,1.0,0,0.564859,0.499084,,0.511047,0.512759,0.511292,0.488915,0.488924,0.503927,0.496494
2016020894,2017,0.0,3,0.446849,0.508246,,0.381331,0.376247,0.378423,0.382087,0.381454,0.377184,0.416795
2016020895,2017,0.0,1,0.536291,0.540809,,0.593481,0.590784,0.597195,0.586405,0.586383,0.584257,0.576282
2016020896,2017,0.0,1,0.592356,0.57753,,0.518741,0.515521,0.518117,0.507175,0.506989,0.518419,0.530888
2016020897,2017,1.0,0,0.674315,0.669739,,0.679321,0.678243,0.682559,0.670858,0.67093,0.6819,0.676453
2016020898,2017,1.0,0,0.70175,0.71186,,0.677937,0.677636,0.680917,0.693795,0.693609,0.695032,0.68979
2016020899,2017,0.0,1,0.551219,0.553265,,0.531331,0.527421,0.531903,0.537032,0.537528,0.52665,0.534375
2016020900,2017,1.0,0,0.692323,0.664164,,0.616246,0.623963,0.618148,0.628498,0.628377,0.629377,0.626606
2016020901,2017,0.0,1,0.570405,0.557295,,0.619894,0.617774,0.616686,0.637431,0.637958,0.628534,0.598902
2016020902,2017,1.0,0,0.477601,0.553848,,0.486608,0.490438,0.486654,0.462509,0.462529,0.464298,0.509494
2016020903,2017,1.0,0,0.618114,0.684813,,0.72013,0.718925,0.722315,0.716074,0.715964,0.716825,0.717317
2016020904,2017,1.0,0,0.521732,0.572033,,0.558733,0.558048,0.562362,0.579808,0.579962,0.562411,0.564762
2016020905,2017,0.0,3,0.41354,0.432182,,0.398014,0.397606,0.398655,0.400999,0.400659,0.393812,0.402806
2016020906,2017,1.0,0,0.422829,0.503379,,0.505345,0.498022,0.510478,0.511073,0.511292,0.492419,0.508379
2016020907,2017,0.0,3,0.522794,0.495268,,0.414309,0.417614,0.413335,0.411557,0.410724,0.416754,0.428724
2016020908,2017,1.0,0,0.679532,0.611004,,0.604651,0.606653,0.603265,0.607268,0.606184,0.617023,0.597713
2016020909,2017,1.0,0,0.576516,0.611812,,0.579597,0.579366,0.579555,0.563408,0.563289,0.567666,0.590539
2016020910,2017,1.0,0,0.487354,0.509215,,0.521627,0.50538,0.518997,0.512182,0.512178,0.513428,0.516041
2016020911,2017,0.0,1,0.416596,0.404506,,0.382586,0.376051,0.379504,0.372153,0.372311,0.387856,0.380424
2016020912,2017,0.0,1,0.510105,0.484333,,0.497564,0.500412,0.496343,0.463924,0.463729,0.466938,0.4863
2016020913,2017,0.0,1,0.519908,0.554472,,0.519368,0.522446,0.520838,0.507691,0.507258,0.499765,0.529311
2016020914,2017,0.0,1,0.572508,0.535167,,0.580829,0.587836,0.588466,0.583588,0.583302,0.583772,0.561142
2016020915,2017,1.0,0,0.58432,0.597864,,0.567483,0.564606,0.570832,0.571457,0.571936,0.561849,0.575322
2016020916,2017,0.0,1,0.530033,0.562668,,0.516459,0.523387,0.513745,0.501956,0.50218,0.512599,0.529503
2016020917,2017,1.0,0,0.589979,0.59288,,0.573628,0.566935,0.5704,0.549284,0.549579,0.561544,0.577184
2016020918,2017,1.0,0,0.51519,0.51468,,0.486602,0.480259,0.481923,0.504338,0.504584,0.487691,0.489966
2016020919,2017,0.0,3,0.488527,0.442001,,0.422846,0.423194,0.422084,0.431132,0.430624,0.422713,0.417381
2016020920,2017,1.0,0,0.547504,0.614019,,0.542514,0.548259,0.543746,0.546497,0.546511,0.541735,0.567621
2016020921,2017,1.0,2,0.628401,0.549719,,0.562967,0.566714,0.559337,0.562139,0.560558,0.56799,0.548067
2016020922,2017,1.0,0,0.666141,0.710681,,0.679742,0.676861,0.683163,0.691111,0.690203,0.692352,0.694101
2016020923,2017,0.0,3,0.458788,0.443212,,0.399518,0.404535,0.398513,0.40274,0.402274,0.423608,0.403786
2016020924,2017,0.0,1,0.487907,0.499625,,0.547239,0.540299,0.546469,0.527611,0.527607,0.519632,0.530833
2016020925,2017,1.0,0,0.6268,0.646519,,0.658044,0.669537,0.657801,0.650396,0.650618,0.646397,0.656396
2016020926,2017,1.0,2,0.488243,0.482473,,0.502119,0.503303,0.508167,0.510227,0.509668,0.493225,0.491053
2016020927,2017,1.0,2,0.590992,0.581781,,0.617963,0.6197,0.618674,0.605524,0.605272,0.610016,0.605029
2016020928,2017,0.0,1,0.595098,0.571428,,0.559551,0.565636,0.563476,0.552094,0.551903,0.54722,0.557765
2016020929,2017,0.0,1,0.424178,0.517523,,0.399601,0.390181,0.395809,0.403351,0.403059,0.402531,0.436344
2016020930,2017,1.0,0,0.419324,0.476101,,0.469329,0.462892,0.472699,0.437266,0.437349,0.447121,0.471621
2016020931,2017,1.0,2,0.527527,0.486685,,0.519065,0.516858,0.515675,0.514085,0.513511,0.514796,0.501136
2016020932,2017,0.0,3,0.52297,0.496222,,0.514847,0.516267,0.513716,0.525986,0.52584,0.52949,0.502342
2016020933,2017,1.0,0,0.650943,0.616743,,0.639762,0.639977,0.642545,0.647729,0.647672,0.632923,0.628825
2016020934,2017,1.0,2,0.62206,0.605369,,0.578245,0.57688,0.57821,0.578074,0.578118,0.584063,0.582327
2016020935,2017,1.0,0,0.527866,0.565784,,0.50734,0.501646,0.510055,0.504495,0.504819,0.487162,0.524368
2016020936,2017,0.0,1,0.512119,0.538174,,0.478114,0.474777,0.477337,0.498609,0.498743,0.499432,0.493525
2016020937,2017,1.0,0,0.58015,0.583651,,0.574889,0.577647,0.576872,0.573789,0.573219,0.570523,0.575364
2016020938,2017,1.0,2,0.525421,0.509513,,0.492805,0.488154,0.49322,0.479423,0.479061,0.479017,0.491384
2016020939,2017,1.0,0,0.736586,0.711736,,0.719607,0.725832,0.720071,0.722996,0.722718,0.727727,0.716215
2016020940,2017,1.0,0,0.513761,0.55818,,0.483384,0.47802,0.480871,0.485566,0.486029,0.471389,0.505283
2016020941,2017,1.0,0,0.529057,0.533418,,0.522018,0.525703,0.521878,0.510037,0.510074,0.512214,0.521849
2016020942,2017,1.0,0,0.674938,0.638429,,0.659791,0.667708,0.659964,0.667841,0.667384,0.669463,0.649673
2016020943,2017,0.0,1,0.510803,0.52959,,0.525215,0.523192,0.525636,0.506262,0.506619,0.519284,0.524465
2016020944,2017,1.0,2,0.594292,0.633908,,0.627936,0.627155,0.630364,0.628933,0.629307,0.618091,0.632653
2016020945,2017,1.0,0,0.690789,0.675858,,0.644273,0.639762,0.648287,0.634571,0.634393,0.640792,0.651826
2016020946,2017,1.0,0,0.622073,0.588867,,0.616011,0.614586,0.614085,0.605691,0.605163,0.608997,0.603268
2016020947,2017,0.0,1,0.597418,0.667767,,0.657502,0.661515,0.658516,0.66837,0.667039,0.675418,0.667228
2016020948,2017,1.0,0,0.490029,0.526637,,0.470707,0.457016,0.463954,0.465684,0.466159,0.478384,0.485701
2016020949,2017,1.0,2,0.613476,0.623319,,0.617803,0.618265,0.621226,0.620436,0.620458,0.612486,0.619177
2016020950,2017,1.0,2,0.582617,0.577661,,0.610239,0.599821,0.613706,0.60456,0.604606,0.612367,0.598555
2016020951,2017,1.0,0,0.617731,0.645944,,0.621334,0.622768,0.622195,0.628763,0.628591,0.623612,0.630467
2016020952,2017,1.0,0,0.639323,0.678148,,0.671738,0.669209,0.674685,0.671051,0.670607,0.677493,0.6777
2016020953,2017,0.0,3,0.468174,0.454492,,0.511254,0.504397,0.509325,0.508961,0.508641,0.501535,0.488464
2016020954,2017,1.0,0,0.497161,0.483667,,0.510977,0.517061,0.514429,0.515743,0.515129,0.502527,0.497082
2016020955,2017,0.0,1,0.56507,0.554398,,0.564491,0.580878,0.56715,0.581211,0.581037,0.58143,0.557575
2016020956,2017,0.0,1,0.610651,0.593945,,0.599105,0.599161,0.599221,0.592784,0.592154,0.596678,0.594061
2016020957,2017,1.0,2,0.71029,0.656867,,0.629487,0.633769,0.627367,0.63351,0.633312,0.64584,0.63113
2016020958,2017,1.0,0,0.643485,0.610922,,0.585916,0.589524,0.585072,0.588907,0.589065,0.606292,0.587918
2016020959,2017,0.0,1,0.488,0.500379,,0.497958,0.492444,0.499045,0.484899,0.485149,0.475203,0.495222
2016020960,2017,1.0,0,0.582827,0.587587,,0.58739,0.582643,0.589452,0.582058,0.581581,0.582641,0.585772
2016020961,2017,0.0,1,0.635891,0.68354,,0.624789,0.621955,0.629221,0.629834,0.6297,0.636231,0.646738
2016020962,2017,1.0,0,0.526354,0.543509,,0.547672,0.53892,0.55129,0.531655,0.531282,0.532214,0.54483
2016020963,2017,0.0,1,0.420906,0.391645,,0.35553,0.359224,0.360644,0.352708,0.352112,0.354305,0.355365
2016020964,2017,1.0,0,0.705417,0.696522,,0.686755,0.696421,0.68637,0.69892,0.699058,0.684498,0.689436
2016020965,2017,1.0,0,0.568137,0.518152,,0.615501,0.614203,0.61473,0.600349,0.599739,0.607704,0.580595
2016020966,2017,0.0,1,0.401066,0.450765,,0.409286,0.398533,0.407968,0.399979,0.399727,0.384348,0.419607
2016020967,2017,0.0,1,0.654441,0.678089,,0.684708,0.691183,0.692583,0.688243,0.688198,0.692308,0.685619
2016020968,2017,0.0,1,0.513754,0.424602,,0.475497,0.470051,0.47452,0.478137,0.478453,0.467337,0.44594
2016020969,2017,0.0,1,0.705283,0.662684,,0.663006,0.671017,0.663691,0.663591,0.663967,0.671401,0.658486
2016020970,2017,1.0,0,0.536385,0.469517,,0.488442,0.486698,0.484368,0.481731,0.481633,0.479748,0.471112
2016020971,2017,0.0,3,0.507108,0.542216,,0.45799,0.458797,0.456824,0.475796,0.476808,0.473623,0.480967
2016020972,2017,0.0,1,0.455247,0.471877,,0.439832,0.436552,0.438202,0.439584,0.439451,0.442065,0.444829
2016020973,2017,0.0,1,0.513057,0.464402,,0.406683,0.398719,0.402241,0.415997,0.415253,0.423365,0.412026
2016020974,2017,1.0,0,0.681642,0.695279,,0.71643,0.708212,0.713979,0.71725,0.717404,0.715989,0.712894
2016020975,2017,1.0,0,0.55342,0.575007,,0.54807,0.542233,0.547004,0.528626,0.527792,0.543988,0.555084
2016020976,2017,0.0,1,0.469434,0.541233,,0.500148,0.505561,0.502943,0.502412,0.502506,0.490387,0.515063
2016020977,2017,0.0,1,0.621847,0.624389,,0.660889,0.658787,0.658898,0.647336,0.646993,0.650213,0.650298
2016020978,2017,1.0,0,0.475818,0.468998,,0.486595,0.474264,0.488239,0.489175,0.488067,0.476383,0.475617
2016020979,2017,0.0,1,0.529746,0.556209,,0.541893,0.54333,0.54392,0.533942,0.533539,0.522669,0.545383
2016020980,2017,0.0,3,0.46356,0.418052,,0.400206,0.395867,0.398851,0.402343,0.401981,0.408749,0.393974
2016020981,2017,1.0,2,0.560726,0.550227,,0.484609,0.494499,0.485957,0.468074,0.467968,0.486764,0.498223
2016020982,2017,1.0,0,0.62178,0.657931,,0.676003,0.669092,0.678338,0.69931,0.699146,0.688586,0.674449
2016020983,2017,0.0,1,0.515782,0.533332,,0.488232,0.487155,0.489956,0.449982,0.449613,0.455981,0.498577
2016020984,2017,0.0,1,0.424604,0.45544,,0.470055,0.460709,0.472607,0.458138,0.457497,0.451549,0.463334
2016020985,2017,1.0,0,0.414594,0.492151,,0.450782,0.448528,0.451586,0.464814,0.464636,0.465038,0.464991
2016020986,2017,1.0,0,0.535031,0.520625,,0.48481,0.484805,0.483436,0.490289,0.489855,0.494827,0.489054
2016020987,2017,1.0,0,0.471631,0.514565,,0.379847,0.383353,0.378644,0.391212,0.391391,0.392798,0.415715
2016020988,2017,0.0,1,0.607044,0.591092,,0.59382,0.591385,0.591936,0.598636,0.598105,0.593641,0.589426
2016020989,2017,1.0,0,0.497196,0.550303,,0.51691,0.502472,0.515682,0.515331,0.514179,0.508672,0.528112
2016020990,2017,1.0,0,0.530126,0.542001,,0.527875,0.521932,0.526545,0.528671,0.528196,0.527122,0.529448
2016020991,2017,0.0,3,0.423312,0.456578,,0.486359,0.490081,0.488657,0.520568,0.520402,0.494784,0.47576
2016020992,2017,0.0,3,0.459161,0.458782,,0.446626,0.446195,0.445474,0.447481,0.44741,0.432744,0.444181
2016020993,2017,1.0,2,0.539427,0.629489,,0.561044,0.565715,0.561935,0.57493,0.574827,0.565222,0.588131
2016020994,2017,1.0,0,0.488688,0.491844,,0.459413,0.455165,0.459524,0.44639,0.446123,0.439699,0.463702
2016020995,2017,1.0,0,0.686114,0.678381,,0.689481,0.691647,0.687861,0.667827,0.668144,0.662986,0.686121
2016020996,2017,1.0,0,0.408421,0.41138,,0.397288,0.395622,0.396394,0.39807,0.397751,0.39321,0.394598
2016020997,2017,0.0,1,0.441065,0.498136,,0.433817,0.441117,0.4357,0.442303,0.442284,0.438058,0.452263
2016020998,2017,1.0,0,0.542979,0.51544,,0.50187,0.505866,0.503719,0.516266,0.515476,0.505247,0.498584
2016020999,2017,0.0,3,0.428662,0.454972,,0.45307,0.448269,0.456497,0.445876,0.445316,0.441313,0.450401
2016021000,2017,1.0,0,0.608714,0.620588,,0.565971,0.562631,0.567057,0.572849,0.572482,0.578042,0.581076
2016021001,2017,0.0,1,0.614752,0.607229,,0.575613,0.576512,0.57229,0.587262,0.5873,0.5806,0.581932
2016021002,2017,1.0,0,0.402944,0.393055,,0.401195,0.395917,0.399287,0.392821,0.392156,0.397411,0.390688
2016021003,2017,1.0,0,0.597848,0.583033,,0.507494,0.504707,0.503627,0.503346,0.503132,0.5031,0.524413
2016021004,2017,0.0,3,0.526072,0.544053,,0.523817,0.52834,0.525982,0.522518,0.521852,0.506354,0.527729
2016021005,2017,0.0,1,0.514845,0.529382,,0.464398,0.46061,0.463649,0.468914,0.468364,0.469385,0.479718
2016021006,2017,0.0,1,0.397924,0.477478,,0.435413,0.430957,0.438463,0.444852,0.443968,0.433057,0.44963
2016021007,2017,1.0,0,0.561577,0.539671,,0.498409,0.4949,0.500208,0.481225,0.480537,0.478746,0.503916
2016021008,2017,1.0,0,0.524486,0.521735,,0.530006,0.523769,0.527202,0.515218,0.514905,0.517972,0.523438
2016021009,2017,0.0,1,0.368226,0.391522,,0.417422,0.412299,0.418805,0.432722,0.432196,0.419126,0.405282
2016021010,2017,1.0,0,0.427067,0.50566,,0.448304,0.451594,0.451563,0.457573,0.457515,0.444993,0.467287
2016021011,2017,0.0,1,0.432908,0.466314,,0.453028,0.45403,0.451101,0.460832,0.460612,0.458572,0.454468
2016021012,2017,1.0,0,0.5376,0.528994,,0.482231,0.477242,0.48191,0.484209,0.484265,0.496728,0.490276
2016021013,2017,0.0,1,0.520599,0.52135,,0.484609,0.478248,0.479751,0.49331,0.49268,0.487799,0.490647
2016021014,2017,1.0,0,0.45723,0.495188,,0.479985,0.475355,0.479975,0.436183,0.435642,0.450816,0.48316
2016021015,2017,1.0,0,0.643006,0.595402,,0.562854,0.558926,0.562716,0.57885,0.579149,0.58289,0.564881
2016021016,2017,0.0,1,0.629755,0.565864,,0.6115,0.606159,0.611177,0.594323,0.594394,0.592202,0.590065
2016021017,2017,0.0,1,0.596798,0.540746,,0.554855,0.549402,0.554511,0.531799,0.53177,0.538427,0.541846
2016021018,2017,0.0,1,0.452472,0.486192,,0.478594,0.477789,0.480064,0.4783,0.477509,0.469782,0.479031
2016021019,2017,1.0,2,0.605013,0.57508,,0.625037,0.622964,0.628144,0.617167,0.617628,0.614059,0.606231
2016021020,2017,1.0,2,0.449248,0.473508,,0.477342,0.466207,0.481441,0.471335,0.471163,0.457634,0.473371
2016021021,2017,0.0,1,0.438353,0.382178,,0.379251,0.38602,0.380772,0.371938,0.371738,0.372904,0.367165
2016021022,2017,1.0,0,0.577504,0.537375,,0.552457,0.555743,0.548126,0.538627,0.539059,0.537904,0.540724
2016021023,2017,0.0,1,0.530191,0.630778,,0.567323,0.564424,0.567318,0.569379,0.569681,0.567201,0.594053
2016021025,2017,1.0,0,0.580215,0.563003,,0.476514,0.47483,0.47392,0.490792,0.490875,0.490124,0.495517
2016021026,2017,0.0,3,0.48622,0.552834,,0.502804,0.49984,0.500579,0.499132,0.498147,0.508246,0.519991
2016021027,2017,0.0,1,0.482302,0.510883,,0.47531,0.491152,0.479908,0.470143,0.470195,0.463652,0.483518
2016021028,2017,0.0,3,0.552085,0.545699,,0.576031,0.569274,0.573273,0.584401,0.584425,0.578896,0.563843
2016021029,2017,1.0,0,0.556083,0.568662,,0.557851,0.564719,0.560086,0.562292,0.562061,0.559582,0.559359
2016021030,2017,1.0,0,0.552556,0.524555,,0.545892,0.54558,0.544941,0.564273,0.563671,0.55671,0.533332
2016021031,2017,0.0,3,0.654417,0.72063,,0.69238,0.68718,0.696867,0.69366,0.693133,0.694741,0.708238
2016021032,2017,1.0,0,0.691275,0.673357,,0.644488,0.64082,0.645588,0.644834,0.644631,0.645755,0.650893
2016021033,2017,1.0,0,0.404589,0.460127,,0.500025,0.495434,0.505986,0.485474,0.484893,0.476305,0.489046
2016021034,2017,0.0,1,0.528697,0.489914,,0.48515,0.486199,0.484611,0.471526,0.47114,0.476388,0.477652
2016021035,2017,1.0,0,0.47266,0.47666,,0.45636,0.447566,0.460312,0.474464,0.473368,0.457025,0.45703
2016021036,2017,1.0,0,0.551012,0.616739,,0.580474,0.57363,0.576856,0.574785,0.574865,0.580126,0.595685
2016021037,2017,1.0,0,0.496683,0.492242,,0.453918,0.451935,0.451146,0.456215,0.456151,0.45926,0.459063
2016021038,2017,0.0,1,0.598894,0.551588,,0.600677,0.598653,0.600858,0.594813,0.59477,0.595486,0.579599
2016021039,2017,0.0,3,0.647641,0.63677,,0.581971,0.581971,0.580439,0.590987,0.590602,0.587493,0.595282
2016021040,2017,1.0,0,0.407065,0.454122,,0.365149,0.368985,0.364543,0.350751,0.35074,0.357036,0.387734
2016021041,2017,1.0,0,0.63743,0.609631,,0.605626,0.604612,0.606353,0.599,0.599324,0.59126,0.602371
2016021042,2017,0.0,1,0.487564,0.493194,,0.47475,0.477226,0.471403,0.482014,0.482332,0.466079,0.475514
2016021043,2017,0.0,1,0.621085,0.606976,,0.551599,0.5592,0.551122,0.550904,0.550817,0.547231,0.563795
2016021044,2017,1.0,0,0.489969,0.457019,,0.457583,0.460407,0.454008,0.445606,0.44488,0.448716,0.448371
2016021045,2017,0.0,1,0.498931,0.443707,,0.44677,0.445552,0.447215,0.46887,0.468725,0.465545,0.434351
2016021046,2017,0.0,3,0.5145,0.479912,,0.51451,0.517886,0.517722,0.527809,0.527796,0.518021,0.496412
2016021047,2017,1.0,0,0.627889,0.690285,,0.650919,0.651765,0.651887,0.645316,0.645469,0.64447,0.668858
2016021048,2017,0.0,1,0.595097,0.645544,,0.609285,0.607705,0.606459,0.624966,0.624763,0.602174,0.623866
2016021049,2017,0.0,3,0.639321,0.608934,,0.586578,0.580323,0.586069,0.571982,0.571714,0.578293,0.588028
2016021050,2017,1.0,0,0.712548,0.695168,,0.677665,0.676972,0.675174,0.6858,0.685395,0.693805,0.681565
2016021051,2017,1.0,0,0.587875,0.565981,,0.598074,0.587947,0.599457,0.617851,0.618184,0.604946,0.584478
2016021052,2017,0.0,3,0.665585,0.67058,,0.676345,0.678959,0.675726,0.672174,0.671882,0.674646,0.675482
2016021053,2017,1.0,0,0.618793,0.597122,,0.601561,0.61005,0.59841,0.58812,0.588335,0.595356,0.596298
2016021054,2017,0.0,3,0.484605,0.482863,,0.508249,0.510046,0.509643,0.522937,0.522751,0.507297,0.496032
2016021055,2017,0.0,3,0.426826,0.456574,,0.445787,0.445462,0.445482,0.430372,0.430516,0.431518,0.445932
2016021056,2017,0.0,3,0.561515,0.496345,,0.526327,0.516155,0.523828,0.533044,0.532768,0.530485,0.506867
2016021057,2017,0.0,1,0.452683,0.463399,,0.370985,0.375646,0.369512,0.370827,0.370762,0.376443,0.391195
2016021058,2017,1.0,0,0.47122,0.519447,,0.421001,0.429876,0.42156,0.411889,0.411941,0.41106,0.448273
2016021059,2017,0.0,1,0.564867,0.589584,,0.627624,0.625749,0.632168,0.637174,0.636843,0.634532,0.61774
2016021060,2017,0.0,1,0.408195,0.427715,,0.432343,0.435263,0.43042,0.436986,0.437102,0.419497,0.426534
2016021061,2017,1.0,0,0.626993,0.646102,,0.658175,0.657202,0.657113,0.649628,0.648785,0.65096,0.656308
2016021062,2017,0.0,1,0.586156,0.580339,,0.568734,0.561165,0.567561,0.582933,0.582896,0.565085,0.56895
2016021063,2017,0.0,1,0.399597,0.430741,,0.416559,0.424196,0.41963,0.411162,0.41089,0.403625,0.417151
2016021064,2017,1.0,0,0.666948,0.628447,,0.606792,0.609546,0.603626,0.615273,0.615227,0.61155,0.60774
2016021065,2017,1.0,0,0.44146,0.463337,,0.376462,0.370274,0.372726,0.386155,0.385982,0.382026,0.39632
2016021066,2017,1.0,2,0.561997,0.554877,,0.559842,0.559621,0.560695,0.547073,0.54648,0.54799,0.554684
2016021067,2017,1.0,0,0.753212,0.69585,,0.685491,0.69019,0.686108,0.706738,0.707024,0.720501,0.683015
2016021068,2017,1.0,0,0.545638,0.574632,,0.553705,0.560874,0.555652,0.563772,0.563794,0.557093,0.559795
2016021069,2017,1.0,0,0.554312,0.458832,,0.500259,0.498039,0.497929,0.503136,0.502829,0.500625,0.473592
2016021070,2017,1.0,0,0.479974,0.417636,,0.445619,0.448674,0.44141,0.42997,0.429179,0.447256,0.42495
2016021071,2017,0.0,1,0.572506,0.589013,,0.568755,0.575296,0.562814,0.560044,0.560065,0.543346,0.573839
2016021072,2017,1.0,0,0.668741,0.681182,,0.691905,0.686311,0.691034,0.701369,0.701099,0.69817,0.690704
2016021073,2017,1.0,0,0.44538,0.465864,,0.494024,0.49893,0.492271,0.486622,0.486523,0.472073,0.482816
2016021074,2017,1.0,0,0.539424,0.461187,,0.502876,0.505983,0.499529,0.495293,0.494424,0.492057,0.477937
2016021075,2017,0.0,1,0.56626,0.613216,,0.542664,0.537758,0.545209,0.553507,0.553848,0.549098,0.565528
2016021076,2017,0.0,1,0.373929,0.371473,,0.39931,0.388732,0.404835,0.379482,0.37895,0.392785,0.383553
2016021077,2017,1.0,2,0.400476,0.43249,,0.411427,0.420835,0.413975,0.394237,0.394463,0.39384,0.414019
2016021078,2017,1.0,0,0.651975,0.675607,,0.651074,0.651988,0.651658,0.649024,0.649096,0.651382,0.660588
2016021079,2017,0.0,3,0.625024,0.616217,,0.626724,0.622248,0.627893,0.614547,0.614426,0.618658,0.621682
2016021080,2017,0.0,1,0.668421,0.705746,,0.642092,0.646022,0.641348,0.654587,0.654154,0.666499,0.665187
2016021081,2017,0.0,1,0.576111,0.569519,,0.584107,0.585657,0.584787,0.583828,0.583697,0.582881,0.576829
2016021082,2017,1.0,0,0.555031,0.54923,,0.628928,0.630937,0.632512,0.638766,0.638053,0.63071,0.603985
2016021083,2017,1.0,0,0.554153,0.514614,,0.506222,0.502732,0.504406,0.493146,0.493135,0.488721,0.50029
2016021084,2017,0.0,3,0.725327,0.690072,,0.70835,0.706073,0.707659,0.703109,0.703054,0.711474,0.700571
2016021085,2017,0.0,1,0.369018,0.421557,,0.378824,0.367913,0.378493,0.392289,0.391565,0.383063,0.389073
2016021086,2017,0.0,1,0.652612,0.629461,,0.60371,0.601081,0.601369,0.600587,0.60053,0.600497,0.607442
2016021087,2017,0.0,1,0.610787,0.572917,,0.543263,0.542566,0.54024,0.544285,0.544196,0.550364,0.544899
2016021088,2017,1.0,0,0.59489,0.610943,,0.564746,0.565201,0.567627,0.561569,0.561209,0.567433,0.577623
2016021089,2017,0.0,1,0.567214,0.584166,,0.569846,0.558774,0.571951,0.582586,0.58246,0.569301,0.573202
2016021090,2017,1.0,2,0.605618,0.627877,,0.594343,0.587732,0.595293,0.60076,0.600777,0.594924,0.60484
2016021091,2017,1.0,0,0.607345,0.592109,,0.568597,0.565394,0.572078,0.557135,0.557394,0.568273,0.571451
2016021092,2017,0.0,1,0.613077,0.606443,,0.655685,0.662868,0.659183,0.671471,0.671286,0.660298,0.64035
2016021093,2017,1.0,2,0.458183,0.451168,,0.501762,0.488536,0.504615,0.487605,0.487284,0.473529,0.481229
2016021094,2017,1.0,0,0.620639,0.670618,,0.620262,0.622183,0.622898,0.618359,0.618051,0.629417,0.639593
2016021095,2017,1.0,0,0.682983,0.667218,,0.64406,0.652754,0.648873,0.632355,0.631525,0.641267,0.648933
2016021096,2017,1.0,0,0.559816,0.573555,,0.566079,0.57495,0.567277,0.586718,0.58737,0.574817,0.566934
2016021097,2017,0.0,1,0.656536,0.652945,,0.658567,0.651702,0.657456,0.650498,0.649969,0.654278,0.656406
2016021098,2017,1.0,2,0.667463,0.630145,,0.633878,0.628322,0.634769,0.657095,0.657397,0.658898,0.628122
2016021099,2017,0.0,1,0.41791,0.469552,,0.40777,0.398333,0.408164,0.413164,0.412234,0.409665,0.424178
2016021100,2017,1.0,0,0.575137,0.646248,,0.658579,0.654875,0.661324,0.627911,0.627829,0.632249,0.661529
2016021101,2017,0.0,3,0.647614,0.634354,,0.58557,0.590802,0.587007,0.584739,0.584609,0.581717,0.596873
2016021102,2017,0.0,3,0.480528,0.487046,,0.517075,0.516498,0.518404,0.498362,0.497691,0.505714,0.504539
2016021103,2017,1.0,0,0.452789,0.442425,,0.446998,0.452278,0.444,0.439446,0.439103,0.439135,0.438563
2016021104,2017,1.0,0,0.623853,0.631101,,0.616315,0.613683,0.615558,0.595326,0.594483,0.605511,0.6202
2016021105,2017,1.0,0,0.643747,0.59022,,0.569718,0.573723,0.568211,0.581084,0.581067,0.581884,0.567683
2016021106,2017,0.0,1,0.700577,0.730783,,0.783729,0.781734,0.784658,0.763528,0.762727,0.771816,0.774249
2016021107,2017,1.0,0,0.492452,0.504512,,0.479091,0.480738,0.47954,0.472925,0.472151,0.478427,0.482707
2016021108,2017,1.0,0,0.538152,0.571647,,0.556678,0.559263,0.560134,0.549525,0.549448,0.553495,0.561493
2016021109,2017,1.0,0,0.431259,0.486581,,0.414756,0.425026,0.417573,0.419432,0.419363,0.419115,0.434673
2016021110,2017,0.0,1,0.506984,0.483229,,0.509134,0.509184,0.506648,0.500225,0.499728,0.500108,0.494582
2016021111,2017,0.0,1,0.539164,0.461498,,0.45746,0.465526,0.453184,0.469744,0.469616,0.46952,0.445191
2016021112,2017,1.0,0,0.756748,0.794209,,0.75897,0.76238,0.758949,0.757164,0.756756,0.765471,0.776023
2016021113,2017,0.0,3,0.594478,0.565968,,0.534763,0.545297,0.537205,0.522273,0.521647,0.51994,0.537596
2016021114,2017,1.0,0,0.521703,0.491247,,0.583114,0.578736,0.580602,0.595303,0.595479,0.578727,0.550515
2016021115,2017,1.0,0,0.684236,0.63699,,0.690414,0.694388,0.69098,0.673579,0.673769,0.674575,0.670937
2016021116,2017,0.0,1,0.492987,0.567372,,0.517715,0.513994,0.523446,0.494912,0.494372,0.508795,0.536017
2016021117,2017,0.0,1,0.677672,0.642569,,0.557654,0.56709,0.553774,0.562054,0.561139,0.569933,0.576959
2016021118,2017,0.0,3,0.486493,0.474429,,0.409352,0.408511,0.412439,0.403355,0.403057,0.399706,0.420479
2016021119,2017,1.0,2,0.434176,0.437327,,0.382226,0.386715,0.383865,0.380443,0.380521,0.384561,0.391233
2016021120,2017,1.0,0,0.599834,0.611037,,0.586172,0.587657,0.592101,0.559707,0.559294,0.560553,0.592647
2016021121,2017,1.0,0,0.531328,0.56481,,0.483248,0.48329,0.486088,0.472713,0.472328,0.468724,0.506117
2016020477,2017,0.0,3,0.566674,0.583621,,0.565003,0.565464,0.567171,0.588967,0.589224,0.573506,0.569523
2016021122,2017,1.0,0,0.495471,0.451316,,0.449522,0.453045,0.450828,0.439837,0.439552,0.443536,0.439715
2016021123,2017,0.0,1,0.521804,0.500843,,0.515533,0.517515,0.513394,0.520498,0.520198,0.520458,0.504808
2016021124,2017,1.0,2,0.486369,0.529189,,0.42445,0.430429,0.422927,0.4249,0.425261,0.424736,0.453185
2016021125,2017,1.0,0,0.697419,0.70807,,0.654406,0.659519,0.655808,0.659333,0.658248,0.665337,0.671914
2016021126,2017,1.0,0,0.700138,0.651127,,0.687002,0.687861,0.686254,0.68459,0.685204,0.692108,0.672182
2016021024,2017,0.0,3,0.492781,0.507981,,0.49197,0.49266,0.49074,0.482468,0.481897,0.486887,0.493431
2016021127,2017,1.0,0,0.534438,0.59388,,0.564261,0.556859,0.564085,0.567818,0.567644,0.560626,0.576327
2016021128,2017,1.0,2,0.510936,0.536914,,0.499286,0.500282,0.499538,0.496457,0.496185,0.499489,0.508543
2016021129,2017,1.0,0,0.559855,0.58719,,0.589908,0.590589,0.593245,0.599748,0.599995,0.581361,0.589722
2016021130,2017,1.0,0,0.676454,0.656842,,0.710803,0.714058,0.709115,0.716836,0.716422,0.708978,0.694559
2016021131,2017,1.0,0,0.545872,0.523566,,0.504651,0.50401,0.506833,0.477267,0.477278,0.485827,0.503573
2016021132,2017,1.0,0,0.584764,0.578728,,0.592296,0.593157,0.598327,0.59604,0.595954,0.586363,0.585617
2016021133,2017,0.0,3,0.476631,0.474493,,0.51959,0.51132,0.517271,0.517727,0.517342,0.512659,0.50173
2016021134,2017,1.0,0,0.554919,0.44286,,0.500595,0.502619,0.494646,0.503244,0.502844,0.503179,0.46734
2016021135,2017,0.0,1,0.409694,0.382091,,0.409362,0.406975,0.407943,0.440227,0.440172,0.415751,0.391486
2016021136,2017,1.0,2,0.538564,0.576327,,0.482197,0.487114,0.48324,0.458235,0.458502,0.455275,0.509327
2016021137,2017,0.0,1,0.56215,0.571573,,0.507151,0.512049,0.502848,0.512138,0.51178,0.511832,0.523135
2016021138,2017,0.0,1,0.57147,0.495386,,0.537237,0.536592,0.534953,0.567088,0.567163,0.556539,0.513432
2016021139,2017,0.0,1,0.28091,0.318987,,0.284825,0.275633,0.285432,0.29987,0.298971,0.293592,0.289529
2016021140,2017,0.0,1,0.38716,0.36358,,0.382149,0.378225,0.380449,0.372138,0.373106,0.368786,0.36676
2016021141,2017,1.0,0,0.604592,0.615316,,0.623001,0.613945,0.625745,0.63782,0.637882,0.611192,0.620637
2016021142,2017,1.0,0,0.529732,0.561281,,0.545355,0.545584,0.546176,0.546268,0.545853,0.540988,0.549939
2016021143,2017,1.0,2,0.444755,0.517658,,0.486737,0.487264,0.488993,0.499771,0.499414,0.488628,0.498329
2016021144,2017,1.0,0,0.589928,0.575207,,0.612213,0.614276,0.613527,0.609741,0.609451,0.605246,0.598315
2016021145,2017,1.0,0,0.624591,0.648223,,0.575589,0.575243,0.57298,0.599024,0.599676,0.589869,0.597903
2016021146,2017,0.0,1,0.60412,0.598335,,0.630154,0.627155,0.628348,0.641441,0.641557,0.62126,0.619208
2016021147,2017,1.0,0,0.58996,0.638173,,0.632369,0.627284,0.632821,0.610711,0.610361,0.614331,0.637983
2016021148,2017,1.0,2,0.462405,0.443604,,0.468755,0.465597,0.465395,0.478698,0.479038,0.453897,0.45383
2016021149,2017,1.0,0,0.503156,0.468189,,0.504538,0.501712,0.500534,0.501241,0.500247,0.508647,0.485591
2016021150,2017,0.0,3,0.522935,0.512815,,0.564985,0.55957,0.565133,0.562773,0.562547,0.555083,0.545591
2016021151,2017,1.0,0,0.636644,0.6175,,0.677403,0.681139,0.680422,0.690253,0.690534,0.68079,0.658483
2016021152,2017,1.0,0,0.570031,0.593918,,0.598072,0.59256,0.598914,0.617542,0.617295,0.609494,0.597348
2016021153,2017,1.0,2,0.344108,0.390048,,0.392468,0.380443,0.391907,0.393075,0.392718,0.389761,0.389174
2016021154,2017,1.0,0,0.510711,0.494421,,0.529315,0.520388,0.529215,0.531354,0.531218,0.529836,0.513389
2016021155,2017,0.0,1,0.455377,0.367689,,0.410706,0.411693,0.409878,0.424621,0.424489,0.420325,0.382187
2016021156,2017,1.0,0,0.309518,0.280689,,0.267934,0.265161,0.269112,0.244105,0.244547,0.243992,0.259997
2016021157,2017,1.0,0,0.609188,0.608423,,0.621248,0.619685,0.622636,0.629641,0.629534,0.621912,0.616161
2016021158,2017,1.0,0,0.518324,0.485859,,0.43437,0.438788,0.435541,0.436178,0.43698,0.435421,0.440138
2016021159,2017,0.0,1,0.508348,0.518076,,0.49817,0.501754,0.498059,0.502901,0.502611,0.500584,0.500426
2016021160,2017,0.0,3,0.552733,0.550355,,0.464354,0.462331,0.460455,0.473989,0.473878,0.477139,0.484319
2016021161,2017,1.0,0,0.629802,0.631886,,0.6737,0.673224,0.675056,0.689853,0.689962,0.675083,0.661899
2016021162,2017,0.0,1,0.550004,0.568396,,0.542017,0.538867,0.544778,0.546185,0.545913,0.537478,0.548362
2016021163,2017,1.0,0,0.514224,0.545482,,0.505385,0.5037,0.506037,0.518266,0.517989,0.519422,0.516098
2016021164,2017,1.0,2,0.503507,0.474834,,0.513638,0.514383,0.511014,0.512619,0.512553,0.503425,0.494841
2016021165,2017,0.0,1,0.604244,0.551798,,0.613877,0.61371,0.608776,0.621934,0.621803,0.617363,0.588916
2016021166,2017,0.0,1,0.485054,0.497569,,0.437259,0.430065,0.43592,0.437858,0.437547,0.439083,0.450172
2016021167,2017,1.0,0,0.668701,0.619383,,0.634156,0.634793,0.628752,0.646034,0.645279,0.638983,0.623893
2016021168,2017,1.0,0,0.595748,0.609762,,0.601496,0.594961,0.602291,0.631576,0.632165,0.606467,0.603647
2016021169,2017,0.0,1,0.487347,0.435677,,0.45738,0.456063,0.457464,0.44288,0.442374,0.444647,0.439948
2016021170,2017,1.0,0,0.569751,0.554394,,0.54265,0.545656,0.541688,0.547702,0.546584,0.53588,0.541187
2016021171,2017,1.0,0,0.73455,0.704139,,0.759392,0.759489,0.761448,0.755262,0.755198,0.756514,0.743173
2016021172,2017,0.0,1,0.410556,0.372091,,0.403996,0.401072,0.403773,0.416388,0.416155,0.412316,0.383518
2016021173,2017,1.0,0,0.612519,0.588039,,0.625682,0.627749,0.624028,0.63946,0.63907,0.644758,0.611035
2016021174,2017,0.0,1,0.513923,0.526405,,0.563011,0.55492,0.565189,0.573525,0.57421,0.556636,0.550438
2016021175,2017,0.0,1,0.655917,0.73884,,0.679143,0.67494,0.681999,0.668841,0.667336,0.675834,0.706506
2016021176,2017,0.0,1,0.490287,0.486903,,0.476924,0.47679,0.473802,0.487732,0.487315,0.490359,0.47431
2016021177,2017,1.0,2,0.486072,0.516843,,0.460898,0.4607,0.461203,0.449515,0.449042,0.45192,0.475018
2016021178,2017,0.0,1,0.490859,0.496093,,0.488,0.484916,0.48656,0.475613,0.475438,0.458113,0.485979
2016021179,2017,1.0,0,0.563375,0.544438,,0.574453,0.568679,0.577112,0.581796,0.581496,0.578011,0.561059
2016021180,2017,1.0,2,0.461704,0.467172,,0.39329,0.393019,0.396319,0.38434,0.384116,0.392908,0.408266
2016021181,2017,1.0,0,0.577946,0.562325,,0.519535,0.515789,0.51635,0.517455,0.516943,0.515408,0.526756
2016021182,2017,0.0,1,0.413032,0.39677,,0.341111,0.340768,0.345607,0.330227,0.330245,0.344475,0.347531
2016021183,2017,1.0,0,0.606819,0.593226,,0.589489,0.591593,0.591779,0.593903,0.594388,0.588024,0.587148
2016021184,2017,0.0,1,0.629161,0.589609,,0.580405,0.58585,0.583754,0.582244,0.581476,0.566341,0.576765
2016021185,2017,0.0,3,0.576452,0.603713,,0.553764,0.54937,0.553353,0.570995,0.571238,0.568138,0.568587
2016021186,2017,1.0,0,0.64265,0.614648,,0.678372,0.664011,0.676001,0.666241,0.66568,0.665373,0.657536
2016021187,2017,1.0,2,0.621168,0.681898,,0.652581,0.656303,0.652477,0.644574,0.64389,0.651817,0.667218
2016021188,2017,1.0,2,0.317546,0.379409,,0.351547,0.34628,0.353593,0.359075,0.35893,0.33823,0.357955
2016021189,2017,1.0,0,0.591933,0.583767,,0.516579,0.52989,0.515388,0.510145,0.510607,0.51377,0.531916
2016021190,2017,1.0,0,0.541448,0.606385,,0.554341,0.551352,0.559887,0.541879,0.541687,0.539811,0.573582
2016021191,2017,1.0,0,0.688884,0.690081,,0.663237,0.667098,0.66384,0.657856,0.657606,0.661635,0.671551
2016021192,2017,1.0,0,0.440591,0.418241,,0.417424,0.40977,0.41624,0.414792,0.414103,0.413895,0.408727
2016021193,2017,1.0,0,0.626363,0.626463,,0.563385,0.564095,0.56094,0.579624,0.580535,0.581443,0.579831
2016021194,2017,0.0,3,0.591921,0.613461,,0.585146,0.577305,0.585638,0.59016,0.589875,0.587851,0.593684
2016021195,2017,0.0,1,0.361709,0.401842,,0.397288,0.389998,0.400929,0.385835,0.385283,0.383823,0.395539
2016021196,2017,0.0,1,0.502479,0.524678,,0.450975,0.447453,0.454377,0.447467,0.447221,0.450445,0.469262
2016021197,2017,0.0,1,0.62001,0.598622,,0.571794,0.580159,0.572258,0.561774,0.561396,0.568029,0.575111
2016021198,2017,0.0,1,0.516129,0.495249,,0.517444,0.508425,0.518398,0.503054,0.502765,0.517966,0.504528
2016021199,2017,0.0,1,0.461418,0.505839,,0.45288,0.445662,0.449172,0.451851,0.452201,0.451584,0.467236
2016021200,2017,0.0,1,0.499047,0.501029,,0.516653,0.520714,0.516479,0.51565,0.515718,0.513206,0.507976
2016021201,2017,0.0,1,0.346609,0.396151,,0.306392,0.305345,0.306481,0.314665,0.314051,0.307204,0.327815
2016021202,2017,1.0,0,0.551416,0.478846,,0.433071,0.424783,0.430221,0.403608,0.403707,0.409676,0.433149
2016021203,2017,1.0,0,0.523429,0.542132,,0.49781,0.492832,0.503396,0.479617,0.479725,0.489291,0.508319
2016021204,2017,0.0,1,0.548055,0.602975,,0.565263,0.566177,0.565179,0.573402,0.573363,0.560499,0.579407
2016021205,2017,0.0,1,0.59261,0.589661,,0.527647,0.535096,0.528694,0.531162,0.531306,0.528922,0.542287
2016021206,2017,0.0,1,0.55184,0.574108,,0.623263,0.623361,0.627282,0.628969,0.628705,0.609858,0.609748
2016021207,2017,1.0,0,0.505235,0.49741,,0.505412,0.504111,0.506552,0.509249,0.509952,0.49971,0.497729
2016021208,2017,1.0,0,0.482174,0.503062,,0.510684,0.501564,0.508367,0.495174,0.494144,0.492292,0.506135
2016021209,2017,0.0,1,0.455063,0.452754,,0.436065,0.43446,0.440627,0.445562,0.445597,0.441115,0.434519
2016021210,2017,0.0,1,0.437425,0.461952,,0.409718,0.409902,0.412614,0.406503,0.405973,0.409797,0.420678
2016021211,2017,1.0,0,0.433067,0.473155,,0.471163,0.466883,0.4769,0.476215,0.475976,0.475828,0.470376
2016021212,2017,0.0,3,0.465182,0.493367,,0.494693,0.487536,0.494116,0.479301,0.479036,0.491496,0.49233
2016021213,2017,1.0,0,0.579647,0.600335,,0.567157,0.567862,0.564564,0.568327,0.568479,0.560216,0.576562
2016021214,2017,0.0,3,0.446007,0.511584,,0.462442,0.466012,0.463149,0.475865,0.475933,0.476738,0.478065
2016021215,2017,1.0,0,0.506822,0.507955,,0.487397,0.483854,0.489719,0.470638,0.470603,0.477101,0.48869
2016021216,2017,1.0,2,0.661616,0.59907,,0.600564,0.602809,0.599311,0.58872,0.589477,0.593633,0.591859
2016021217,2017,0.0,1,0.38866,0.312104,,0.296025,0.29945,0.294836,0.2992,0.299799,0.286649,0.285031
2016021218,2017,0.0,1,0.431773,0.453155,,0.426843,0.427736,0.428777,0.430137,0.429775,0.4308,0.430286
2016021219,2017,1.0,0,0.578652,0.592459,,0.537556,0.547796,0.534168,0.523639,0.523738,0.519257,0.552034
2016021220,2017,1.0,2,0.471084,0.553072,,0.475567,0.468255,0.478848,0.464829,0.464769,0.453461,0.501793
2016021221,2017,1.0,0,0.591332,0.561537,,0.547292,0.543395,0.546613,0.555693,0.555607,0.572022,0.545241
2016021222,2017,1.0,0,0.656719,0.648983,,0.617067,0.625517,0.618657,0.642153,0.642523,0.636152,0.624689
2016021223,2017,1.0,0,0.553156,0.569018,,0.596278,0.599535,0.599072,0.586504,0.586682,0.580171,0.587804
2016021224,2017,0.0,1,0.489181,0.511076,,0.503128,0.500072,0.508229,0.499709,0.499462,0.492703,0.503146
2016021225,2017,1.0,0,0.73999,0.683253,,0.651986,0.651508,0.653074,0.643872,0.643735,0.662511,0.654988
2016021226,2017,1.0,0,0.505335,0.535999,,0.601919,0.592533,0.603142,0.613996,0.613687,0.601398,0.583637
2016021227,2017,0.0,3,0.58996,0.562875,,0.592499,0.586263,0.592266,0.582312,0.58154,0.582694,0.578943
2016021228,2017,0.0,1,0.716788,0.668162,,0.650796,0.653985,0.650417,0.66232,0.662016,0.671428,0.650536
2016021229,2017,1.0,2,0.610846,0.54511,,0.531028,0.529758,0.526791,0.527455,0.526906,0.543317,0.524753
2016021230,2017,1.0,0,0.667702,0.632015,,0.675024,0.677541,0.676811,0.670994,0.670672,0.662754,0.659197
2017020001,2018,0.0,1,0.555614,0.517141,0.546468,0.554734,0.557068,0.551602,0.568172,0.568291,0.569265,0.535138
2017020002,2018,0.0,3,0.589018,0.56208,0.568514,0.599586,0.602253,0.598197,0.607555,0.607434,0.593446,0.583305
2017020003,2018,1.0,0,0.570572,0.575604,0.610992,0.532242,0.541148,0.530821,0.546614,0.546486,0.546785,0.544849
2017020004,2018,0.0,1,0.58803,0.568954,0.560708,0.572235,0.56961,0.571928,0.569763,0.570277,0.566467,0.567446
2017020005,2018,1.0,0,0.528938,0.517013,0.570718,0.50923,0.501788,0.510449,0.526862,0.526588,0.516731,0.506489
2017020006,2018,0.0,3,0.478612,0.468682,0.443588,0.421308,0.41937,0.418839,0.412666,0.41271,0.415731,0.428929
2017020007,2018,0.0,1,0.685483,0.631522,0.650341,0.632568,0.639177,0.633514,0.646182,0.646541,0.651715,0.626764
2017020008,2018,0.0,3,0.475,0.463576,0.450204,0.455048,0.453972,0.453087,0.464716,0.465019,0.462888,0.450462
2017020009,2018,1.0,0,0.468947,0.428081,0.411175,0.391811,0.38762,0.389956,0.395821,0.395692,0.412563,0.391134
2017020010,2018,1.0,0,0.510322,0.57331,0.523264,0.515303,0.509525,0.514537,0.510998,0.510948,0.527444,0.539034
2017020011,2018,1.0,0,0.662675,0.672578,0.736236,0.662967,0.665403,0.659342,0.665377,0.665231,0.663697,0.669648
2017020012,2018,1.0,0,0.553983,0.619451,0.54654,0.565888,0.557983,0.564043,0.569469,0.56955,0.572549,0.590582
2017020013,2018,1.0,0,0.562713,0.586098,0.567866,0.573387,0.576224,0.57444,0.58136,0.581612,0.572618,0.579117
2017020014,2018,1.0,0,0.596593,0.583951,0.617787,0.611612,0.604128,0.611293,0.607531,0.607435,0.611807,0.600847
2017020015,2018,0.0,1,0.576954,0.587857,0.58164,0.645892,0.657998,0.648029,0.651596,0.652593,0.660067,0.628979
2017020016,2018,1.0,0,0.517805,0.544016,0.562936,0.533222,0.529383,0.53386,0.523913,0.52397,0.518471,0.536931
2017020017,2018,0.0,3,0.597697,0.607086,0.595796,0.628068,0.629397,0.626443,0.627041,0.627363,0.619937,0.622776
2017020018,2018,1.0,0,0.495492,0.521872,0.487554,0.445593,0.455013,0.450671,0.46509,0.464689,0.465867,0.468304
2017020019,2018,1.0,0,0.573139,0.59565,0.585991,0.546924,0.54929,0.5511,0.571849,0.571857,0.561182,0.564115
2017020020,2018,1.0,0,0.615508,0.577708,0.620592,0.616711,0.625126,0.618548,0.615172,0.614758,0.612577,0.599393
2017020021,2018,1.0,0,0.576634,0.549487,0.559318,0.620202,0.609962,0.614945,0.616934,0.616957,0.593495,0.5936
2017020022,2018,1.0,0,0.623722,0.605289,0.622725,0.58318,0.585504,0.581205,0.584537,0.584722,0.579842,0.587729
2017020023,2018,1.0,2,0.482172,0.54257,0.457178,0.476357,0.471394,0.477686,0.461291,0.461349,0.471532,0.500906
2017020024,2018,1.0,0,0.618574,0.585777,0.60144,0.550304,0.550035,0.5542,0.562998,0.562975,0.560096,0.556426
2017020025,2018,1.0,0,0.564001,0.59255,0.565995,0.560379,0.557819,0.557298,0.56524,0.565374,0.573981,0.57299
2017020026,2018,0.0,3,0.52063,0.492358,0.480204,0.514439,0.522402,0.514171,0.496934,0.496968,0.517585,0.49968
2017020027,2018,1.0,0,0.558595,0.544897,0.532925,0.516754,0.516329,0.51934,0.515007,0.514878,0.518363,0.521184
2017020028,2018,1.0,0,0.446286,0.478112,0.35619,0.434989,0.430617,0.440553,0.40313,0.402741,0.412806,0.44648
2017020029,2018,0.0,3,0.604138,0.551918,0.573758,0.563193,0.562695,0.562863,0.563623,0.563884,0.567021,0.55136
2017020030,2018,0.0,1,0.569049,0.550061,0.539678,0.571794,0.576469,0.572203,0.568365,0.568971,0.568414,0.560642
2017020031,2018,1.0,0,0.562349,0.532156,0.50378,0.472766,0.47759,0.470202,0.483337,0.483029,0.48083,0.484269
2017020032,2018,0.0,1,0.67361,0.683604,0.70162,0.691756,0.688355,0.694929,0.699879,0.700045,0.692294,0.693336
2017020033,2018,0.0,3,0.513401,0.522723,0.504465,0.528383,0.526849,0.529367,0.523102,0.523184,0.527648,0.524233
2017020034,2018,0.0,1,0.558013,0.549808,0.525525,0.540633,0.537045,0.540929,0.533136,0.533297,0.547164,0.540109
2017020035,2018,1.0,2,0.500334,0.526248,0.520806,0.532792,0.543891,0.540182,0.524995,0.524535,0.51248,0.530431
2017020036,2018,1.0,2,0.477485,0.481403,0.462937,0.482394,0.475137,0.482112,0.481783,0.482196,0.46292,0.477358
2017020037,2018,0.0,1,0.590408,0.613435,0.623929,0.568253,0.574966,0.568554,0.565857,0.565845,0.578367,0.585187
2017020038,2018,0.0,1,0.593599,0.566072,0.607211,0.574825,0.574789,0.574917,0.570868,0.571214,0.573829,0.567266
2017020039,2018,0.0,1,0.526832,0.54994,0.491917,0.550583,0.547703,0.546966,0.573801,0.573817,0.572627,0.550682
2017020040,2018,0.0,3,0.493107,0.538106,0.513568,0.468667,0.466439,0.468889,0.47743,0.477409,0.472807,0.49221
2017020041,2018,0.0,1,0.508023,0.565529,0.532581,0.570171,0.579562,0.575466,0.567461,0.567828,0.570883,0.573601
2017020042,2018,1.0,0,0.589093,0.563234,0.534105,0.560027,0.565551,0.562295,0.572829,0.573157,0.574689,0.556176
2017020043,2018,1.0,0,0.553851,0.599495,0.596031,0.586126,0.585389,0.581059,0.580683,0.581225,0.580589,0.59514
2017020044,2018,0.0,3,0.465349,0.483437,0.416298,0.416493,0.407574,0.417192,0.416122,0.415686,0.423356,0.433771
2017020045,2018,1.0,0,0.58552,0.628999,0.61921,0.60175,0.596853,0.602209,0.604278,0.603635,0.584621,0.616058
2017020046,2018,0.0,1,0.618593,0.627924,0.617889,0.628004,0.63233,0.629292,0.619719,0.619481,0.62249,0.629899
2017020047,2018,0.0,1,0.572176,0.54456,0.581225,0.519612,0.52029,0.517768,0.524441,0.524323,0.53241,0.521417
2017020048,2018,1.0,0,0.439751,0.438546,0.385811,0.398373,0.401707,0.394115,0.393981,0.393788,0.401065,0.403674
2017020049,2018,1.0,0,0.57865,0.568007,0.580544,0.552431,0.548254,0.552868,0.558171,0.558308,0.556023,0.55434
2017020050,2018,0.0,3,0.556207,0.599241,0.594305,0.554751,0.55312,0.554722,0.570907,0.57055,0.569092,0.573149
2017020051,2018,1.0,0,0.502579,0.534231,0.52437,0.531114,0.522161,0.531815,0.539022,0.5396,0.526859,0.532694
2017020052,2018,1.0,0,0.470916,0.555233,0.484527,0.499885,0.500508,0.497994,0.505549,0.505345,0.502418,0.52445
2017020053,2018,1.0,0,0.610754,0.586085,0.560724,0.546788,0.55469,0.554275,0.567621,0.567327,0.56836,0.555079
2017020054,2018,0.0,1,0.572841,0.511524,0.502393,0.54844,0.544165,0.548162,0.541276,0.541206,0.540776,0.526133
2017020055,2018,0.0,1,0.483838,0.48292,0.430539,0.420042,0.422317,0.424577,0.398837,0.39862,0.426533,0.43392
2017020056,2018,0.0,1,0.503892,0.482844,0.464731,0.494755,0.488392,0.494428,0.487784,0.488088,0.486539,0.483551
2017020057,2018,1.0,0,0.635336,0.651514,0.656197,0.656586,0.660257,0.654744,0.638046,0.638174,0.649942,0.658638
2017020058,2018,0.0,1,0.402509,0.43354,0.419669,0.376243,0.383325,0.378268,0.375413,0.375646,0.374141,0.390147
2017020059,2018,1.0,0,0.55713,0.556443,0.586519,0.584233,0.590276,0.588193,0.580617,0.581174,0.579136,0.573639
2017020060,2018,1.0,0,0.422131,0.470187,0.38972,0.416222,0.417606,0.415001,0.408429,0.408134,0.406301,0.432529
2017020061,2018,0.0,1,0.546968,0.549941,0.522892,0.505585,0.495134,0.503655,0.509255,0.508892,0.511203,0.51714
2017020062,2018,0.0,1,0.544647,0.581334,0.541366,0.543913,0.525811,0.542592,0.56199,0.561855,0.533289,0.558604
2017020063,2018,0.0,3,0.554725,0.563539,0.533735,0.589235,0.592257,0.588758,0.587357,0.587595,0.597146,0.580657
2017020064,2018,1.0,0,0.532185,0.561034,0.534791,0.569968,0.566805,0.566217,0.571555,0.57172,0.555215,0.568651
2017020065,2018,0.0,1,0.627952,0.614472,0.589845,0.623672,0.623649,0.62362,0.626275,0.625822,0.622545,0.619616
2017020066,2018,1.0,0,0.446654,0.502305,0.47698,0.488076,0.489299,0.484936,0.497117,0.497004,0.490885,0.494537
2017020067,2018,1.0,0,0.637167,0.603916,0.618442,0.648981,0.64629,0.647514,0.648486,0.648318,0.645806,0.63154
2017020068,2018,1.0,0,0.57473,0.506648,0.540512,0.589014,0.584651,0.585461,0.58052,0.580324,0.56107,0.552227
2017020069,2018,1.0,0,0.602968,0.600564,0.640916,0.62446,0.624372,0.621855,0.609089,0.609294,0.622235,0.616687
2017020070,2018,0.0,3,0.554805,0.546175,0.589863,0.535395,0.532217,0.535949,0.538916,0.538561,0.541501,0.53516
2017020071,2018,1.0,2,0.555982,0.5276,0.539203,0.573792,0.5598,0.56994,0.572541,0.572532,0.570677,0.553252
2017020072,2018,0.0,1,0.454196,0.418184,0.365626,0.39603,0.393899,0.395048,0.393372,0.393783,0.410748,0.39123
2017020073,2018,0.0,1,0.543371,0.601078,0.582302,0.579359,0.580378,0.578193,0.587919,0.587482,0.581769,0.592392
2017020074,2018,0.0,1,0.467852,0.487203,0.440072,0.447993,0.452251,0.450319,0.440344,0.440488,0.455528,0.457229
2017020075,2018,1.0,0,0.629298,0.677805,0.685915,0.646106,0.645921,0.644861,0.645459,0.645241,0.651115,0.66434
2017020076,2018,0.0,1,0.562072,0.576634,0.563915,0.575571,0.573848,0.57516,0.575414,0.575965,0.577341,0.576322
2017020077,2018,1.0,0,0.491678,0.49631,0.42743,0.363851,0.365229,0.362531,0.392713,0.392552,0.393991,0.399222
2017020078,2018,0.0,1,0.65707,0.624257,0.676814,0.6609,0.661867,0.659668,0.664116,0.664451,0.661366,0.646809
2017020079,2018,1.0,0,0.549492,0.607643,0.57415,0.522034,0.514828,0.516986,0.535841,0.53576,0.540261,0.555424
2017020080,2018,0.0,1,0.490074,0.473633,0.458623,0.416163,0.42511,0.419087,0.414839,0.415001,0.441563,0.426285
2017020081,2018,1.0,2,0.455038,0.472637,0.470647,0.477251,0.487758,0.479522,0.474882,0.475204,0.473458,0.472341
2017020082,2018,0.0,3,0.489344,0.509005,0.451464,0.475305,0.473094,0.478451,0.476277,0.476253,0.488816,0.483799
2017020083,2018,1.0,0,0.570861,0.560475,0.59217,0.580584,0.579059,0.577868,0.572123,0.571946,0.573401,0.571358
2017020084,2018,0.0,1,0.632929,0.564723,0.579406,0.59938,0.592753,0.598661,0.612872,0.612995,0.601171,0.579167
2017020085,2018,0.0,1,0.662772,0.619459,0.668479,0.668742,0.668822,0.664237,0.675518,0.675363,0.664348,0.649563
2017020086,2018,1.0,0,0.669735,0.645476,0.660857,0.635516,0.636884,0.637785,0.655568,0.655699,0.661189,0.63725
2017020087,2018,0.0,1,0.507122,0.483618,0.508171,0.518632,0.507177,0.516083,0.52444,0.524381,0.49976,0.500117
2017020088,2018,1.0,0,0.616816,0.666788,0.6961,0.645293,0.646143,0.640092,0.646732,0.646421,0.640279,0.659993
2017020089,2018,0.0,1,0.590183,0.578659,0.619654,0.574722,0.574895,0.571404,0.571899,0.571879,0.577885,0.573416
2017020090,2018,1.0,2,0.581607,0.589679,0.590229,0.521032,0.52069,0.522921,0.529161,0.529072,0.516977,0.54244
2017020091,2018,1.0,0,0.563187,0.552126,0.554899,0.517805,0.513433,0.516914,0.51406,0.513923,0.518854,0.52474
2017020092,2018,1.0,0,0.585739,0.625061,0.630375,0.572976,0.573543,0.572305,0.568755,0.568489,0.574488,0.594475
2017020093,2018,1.0,0,0.547295,0.528839,0.552406,0.504429,0.508136,0.509814,0.51099,0.51117,0.509569,0.506495
2017020094,2018,1.0,0,0.569004,0.587807,0.588965,0.542062,0.535023,0.538167,0.557249,0.557071,0.551312,0.557549
2017020095,2018,1.0,0,0.637359,0.644766,0.678917,0.673901,0.660355,0.670779,0.675889,0.675829,0.669345,0.667424
2017020096,2018,0.0,3,0.55346,0.544427,0.509015,0.51375,0.520409,0.515853,0.514368,0.514543,0.521344,0.519481
2017020097,2018,0.0,1,0.515553,0.512273,0.543662,0.499778,0.501373,0.498604,0.494175,0.493919,0.500727,0.499283
2017020098,2018,0.0,1,0.559244,0.570714,0.556991,0.550482,0.566797,0.556752,0.545616,0.54564,0.559087,0.556507
2017020099,2018,0.0,3,0.622926,0.605421,0.602488,0.621593,0.614708,0.623303,0.635038,0.634642,0.631553,0.614598
2017020100,2018,0.0,3,0.594809,0.531711,0.507208,0.509905,0.503503,0.506526,0.500432,0.499777,0.515736,0.50602
2017020101,2018,0.0,1,0.407836,0.465185,0.388391,0.427674,0.427573,0.423095,0.439241,0.439002,0.433861,0.439939
2017020102,2018,0.0,1,0.583658,0.589031,0.545608,0.571164,0.562528,0.567806,0.563836,0.563802,0.558702,0.576528
2017020103,2018,0.0,1,0.474739,0.424669,0.376041,0.424755,0.421914,0.426849,0.431495,0.431361,0.434353,0.411702
2017020104,2018,0.0,1,0.561387,0.581711,0.569287,0.570658,0.562164,0.570175,0.574841,0.574651,0.582638,0.575344
2017020105,2018,0.0,1,0.482205,0.444178,0.450374,0.459212,0.462097,0.459489,0.460151,0.460123,0.475492,0.44358
2017020106,2018,0.0,3,0.436379,0.45669,0.429707,0.401933,0.408101,0.403145,0.40004,0.400677,0.417647,0.414743
2017020107,2018,0.0,1,0.447253,0.508802,0.457124,0.424062,0.425762,0.42553,0.423096,0.422752,0.434288,0.452744
2017020108,2018,1.0,0,0.503141,0.474708,0.454623,0.534895,0.529716,0.536447,0.529449,0.529365,0.523363,0.507782
2017020109,2018,1.0,0,0.58865,0.546986,0.580545,0.521391,0.51437,0.518086,0.53112,0.531061,0.530621,0.52183
2017020110,2018,1.0,0,0.512896,0.506994,0.47664,0.533678,0.536072,0.536568,0.541812,0.541916,0.545445,0.520718
2017020111,2018,1.0,0,0.552209,0.529506,0.520638,0.50593,0.504683,0.505308,0.489359,0.488822,0.496524,0.507273
2017020112,2018,0.0,3,0.639587,0.64831,0.693059,0.658535,0.660778,0.666135,0.65954,0.659844,0.658878,0.658049
2017020113,2018,1.0,0,0.554348,0.501004,0.505274,0.546675,0.544047,0.546127,0.556056,0.556046,0.557681,0.522218
2017020114,2018,1.0,0,0.50869,0.525834,0.516822,0.508481,0.496597,0.506589,0.517524,0.517985,0.517607,0.512393
2017020115,2018,1.0,0,0.538993,0.51087,0.512827,0.547005,0.547462,0.54709,0.550762,0.550595,0.54768,0.52878
2017020116,2018,0.0,1,0.655744,0.611581,0.62938,0.629349,0.624377,0.627838,0.633111,0.632843,0.629446,0.618966
2017020117,2018,0.0,1,0.568927,0.550745,0.535626,0.587287,0.592416,0.588467,0.57626,0.576302,0.586282,0.571816
2017020118,2018,1.0,0,0.557012,0.574512,0.582873,0.570069,0.576339,0.568525,0.557093,0.557159,0.550526,0.572102
2017020119,2018,0.0,1,0.409362,0.404037,0.381063,0.374559,0.372208,0.376458,0.367449,0.36782,0.37115,0.374965
2017020120,2018,0.0,1,0.518548,0.55125,0.462988,0.529712,0.523781,0.527259,0.518558,0.518743,0.530039,0.537765
2017020121,2018,1.0,2,0.458309,0.513908,0.455869,0.38659,0.379986,0.383851,0.406432,0.405939,0.397942,0.427187
2017020122,2018,0.0,1,0.593261,0.580673,0.598854,0.607641,0.60199,0.607204,0.607959,0.608164,0.616543,0.596952
2017020123,2018,1.0,0,0.533028,0.531077,0.52612,0.563545,0.565093,0.565586,0.555355,0.555204,0.54608,0.550316
2017020124,2018,0.0,1,0.544433,0.510755,0.484472,0.515392,0.51316,0.513782,0.50906,0.509372,0.516553,0.506078
2017020125,2018,1.0,0,0.518161,0.545593,0.507272,0.488064,0.4856,0.484294,0.493098,0.493264,0.491616,0.506294
2017020126,2018,1.0,0,0.664846,0.650722,0.704532,0.678335,0.681375,0.678354,0.676813,0.676833,0.677328,0.670111
2017020127,2018,0.0,1,0.524926,0.545433,0.546745,0.531809,0.532941,0.529781,0.515661,0.515218,0.519916,0.535787
2017020128,2018,1.0,2,0.620779,0.572831,0.549972,0.592485,0.596519,0.593164,0.590482,0.590472,0.586337,0.579505
2017020129,2018,0.0,1,0.473431,0.515649,0.480295,0.487182,0.491295,0.489991,0.501165,0.500877,0.499463,0.496966
2017020130,2018,1.0,0,0.551795,0.579326,0.561453,0.613503,0.614634,0.61658,0.596018,0.595621,0.599649,0.605143
2017020131,2018,0.0,3,0.550353,0.519097,0.530329,0.534513,0.536797,0.538944,0.538482,0.538463,0.536554,0.522543
2017020132,2018,0.0,3,0.595048,0.616384,0.593247,0.583358,0.589833,0.583808,0.597013,0.597416,0.590441,0.596423
2017020133,2018,0.0,1,0.654947,0.632097,0.689505,0.662688,0.664296,0.666291,0.668864,0.668909,0.667232,0.65185
2017020134,2018,1.0,0,0.473966,0.48537,0.40582,0.438295,0.433301,0.43709,0.423139,0.422522,0.429817,0.448923
2017020135,2018,1.0,0,0.471542,0.480263,0.474105,0.373818,0.375193,0.378659,0.370022,0.370167,0.383187,0.401476
2017020136,2018,1.0,0,0.65065,0.677805,0.674097,0.707597,0.712681,0.709356,0.70206,0.702463,0.703382,0.704259
2017020137,2018,1.0,0,0.601438,0.611701,0.601286,0.587652,0.592114,0.592483,0.595092,0.595509,0.593747,0.596444
2017020138,2018,1.0,0,0.534328,0.541449,0.551209,0.522158,0.514393,0.523104,0.526644,0.526627,0.53559,0.526157
2017020139,2018,0.0,1,0.594795,0.574862,0.602588,0.568965,0.566364,0.566795,0.555333,0.554938,0.553059,0.567113
2017020140,2018,1.0,0,0.658798,0.657904,0.657742,0.661958,0.662108,0.661785,0.649884,0.649797,0.651648,0.662626
2017020141,2018,1.0,2,0.631529,0.616502,0.625912,0.582169,0.592916,0.581843,0.57764,0.577467,0.601969,0.59137
2017020142,2018,0.0,1,0.514035,0.528267,0.504573,0.521712,0.525757,0.525075,0.525443,0.52533,0.515868,0.522087
2017020143,2018,1.0,0,0.568288,0.51964,0.528028,0.561455,0.559016,0.561688,0.571512,0.571557,0.565179,0.539514
2017020144,2018,1.0,0,0.646518,0.617323,0.660015,0.640712,0.641719,0.639904,0.632177,0.632601,0.616442,0.630672
2017020145,2018,1.0,0,0.484935,0.506539,0.473926,0.456006,0.459913,0.454614,0.463511,0.463379,0.471429,0.469733
2017020146,2018,1.0,0,0.563838,0.568309,0.590444,0.569102,0.568166,0.570166,0.584414,0.58465,0.575529,0.567778
2017020147,2018,1.0,0,0.569985,0.576835,0.57012,0.581358,0.58051,0.580224,0.584075,0.583802,0.585555,0.579526
2017020148,2018,1.0,0,0.407705,0.408917,0.400182,0.393288,0.40147,0.398876,0.376091,0.376241,0.389113,0.39035
2017020149,2018,1.0,0,0.608131,0.5939,0.610231,0.51382,0.50048,0.512908,0.538507,0.538779,0.553494,0.5363
2017020150,2018,1.0,2,0.472866,0.558102,0.475871,0.483576,0.49228,0.483716,0.503757,0.504231,0.502661,0.514251
2017020151,2018,1.0,2,0.597371,0.648048,0.611282,0.616386,0.627419,0.620919,0.618444,0.619131,0.632374,0.633673
2017020152,2018,0.0,1,0.465889,0.502436,0.466438,0.502329,0.504841,0.502279,0.513357,0.513066,0.507936,0.502256
2017020153,2018,0.0,1,0.552382,0.528872,0.532089,0.560408,0.557023,0.560049,0.557161,0.557177,0.560531,0.544877
2017020154,2018,0.0,1,0.568988,0.559122,0.510463,0.542116,0.533067,0.538832,0.553989,0.553732,0.556338,0.544182
2017020155,2018,0.0,1,0.450537,0.446542,0.410419,0.450032,0.445949,0.447923,0.449455,0.44957,0.457186,0.441957
2017020156,2018,0.0,3,0.530328,0.528844,0.545903,0.51613,0.510723,0.518533,0.513296,0.513406,0.511419,0.516594
2017020157,2018,0.0,1,0.55511,0.543971,0.542327,0.53637,0.535923,0.5383,0.545973,0.545546,0.534937,0.534781
2017020158,2018,1.0,0,0.521605,0.560337,0.561642,0.534583,0.536024,0.533986,0.545552,0.545744,0.537408,0.545008
2017020159,2018,0.0,1,0.573926,0.570236,0.563409,0.530014,0.530468,0.527026,0.520126,0.519979,0.524038,0.540399
2017020160,2018,0.0,3,0.580741,0.578349,0.594935,0.531571,0.535935,0.528136,0.545588,0.545913,0.531997,0.54448
2017020161,2018,1.0,0,0.60697,0.600621,0.651231,0.548207,0.558518,0.54455,0.565046,0.565127,0.560045,0.563372
2017020162,2018,1.0,0,0.569507,0.542098,0.563288,0.541253,0.54076,0.543528,0.531858,0.531891,0.534597,0.535626
2017020163,2018,0.0,1,0.575617,0.570524,0.553513,0.480536,0.479777,0.474725,0.482907,0.483096,0.496905,0.50603
2017020164,2018,1.0,0,0.510088,0.495652,0.542678,0.491778,0.485531,0.493685,0.500891,0.500932,0.497417,0.486683
2017020165,2018,1.0,0,0.419403,0.433302,0.428608,0.434816,0.438286,0.439988,0.417223,0.417219,0.41603,0.428924
2017020166,2018,0.0,1,0.484233,0.526153,0.539537,0.508128,0.516015,0.509827,0.517639,0.517879,0.511015,0.51512
2017020167,2018,0.0,3,0.479999,0.555066,0.510808,0.52537,0.532609,0.529632,0.56228,0.562568,0.553779,0.540961
2017020168,2018,1.0,0,0.462469,0.434686,0.455468,0.477214,0.468713,0.477957,0.489539,0.489815,0.486545,0.453863
2017020169,2018,1.0,0,0.468966,0.503278,0.458621,0.504896,0.501074,0.50281,0.507624,0.507626,0.509589,0.504071
2017020170,2018,1.0,0,0.594673,0.577526,0.594896,0.638509,0.65372,0.645336,0.64247,0.642169,0.633814,0.617147
2017020171,2018,0.0,3,0.661255,0.658599,0.704979,0.652081,0.65184,0.65026,0.651141,0.651201,0.643804,0.655825
2017020172,2018,1.0,2,0.575134,0.579368,0.549816,0.569138,0.576899,0.565356,0.570758,0.570787,0.574071,0.571619
2017020173,2018,0.0,1,0.583061,0.503445,0.528441,0.577834,0.57246,0.577146,0.572168,0.571875,0.570001,0.541866
2017020174,2018,0.0,1,0.48032,0.483616,0.456751,0.430039,0.431902,0.427412,0.444893,0.444402,0.448259,0.44163
2017020175,2018,1.0,0,0.578318,0.566628,0.569306,0.559857,0.563849,0.561098,0.551745,0.552009,0.549707,0.558895
2017020176,2018,0.0,3,0.511368,0.501641,0.437383,0.454429,0.45711,0.456474,0.453975,0.453538,0.460261,0.463339
2017020177,2018,1.0,0,0.577841,0.575023,0.546994,0.547618,0.547874,0.545351,0.552463,0.55256,0.552637,0.554369
2017020178,2018,1.0,0,0.583849,0.60543,0.550855,0.6546,0.67037,0.66012,0.662367,0.662737,0.670254,0.642193
2017020179,2018,1.0,0,0.613387,0.612128,0.608366,0.629063,0.624711,0.627714,0.632087,0.632117,0.636854,0.623986
2017020180,2018,0.0,1,0.593646,0.630119,0.619518,0.544426,0.546172,0.546811,0.557843,0.558278,0.571685,0.576464
2017020181,2018,1.0,0,0.580184,0.608456,0.521579,0.589108,0.586599,0.586651,0.599637,0.599317,0.597036,0.598377
2017020182,2018,0.0,1,0.479864,0.520269,0.531774,0.502514,0.50051,0.504043,0.510819,0.51076,0.51093,0.509007
2017020183,2018,0.0,1,0.538169,0.550446,0.505423,0.519159,0.51668,0.520777,0.513084,0.513018,0.519669,0.527811
2017020184,2018,0.0,1,0.596542,0.535556,0.537161,0.563466,0.563865,0.563495,0.574573,0.574848,0.577821,0.544911
2017020185,2018,1.0,0,0.545278,0.547614,0.562601,0.531823,0.530463,0.534962,0.538348,0.538551,0.532387,0.534455
2017020186,2018,1.0,0,0.586691,0.591795,0.617059,0.621594,0.627274,0.626291,0.615274,0.615237,0.60678,0.612543
2017020187,2018,1.0,0,0.590551,0.589604,0.567205,0.566099,0.563659,0.566315,0.575001,0.575403,0.585304,0.572486
2017020188,2018,1.0,0,0.598765,0.580408,0.594846,0.641473,0.638128,0.643347,0.633554,0.633665,0.620209,0.62008
2017020189,2018,0.0,3,0.593041,0.588437,0.627125,0.588842,0.58044,0.583669,0.566167,0.566663,0.575621,0.587425
2017020190,2018,0.0,1,0.48711,0.480386,0.478918,0.410524,0.406238,0.40811,0.407912,0.407599,0.409903,0.425728
2017020191,2018,0.0,1,0.621884,0.619228,0.599608,0.61091,0.613608,0.615476,0.620038,0.620567,0.619397,0.613651
2017020192,2018,1.0,0,0.59199,0.551387,0.579822,0.566261,0.564296,0.566962,0.563098,0.562978,0.573128,0.554702
2017020193,2018,1.0,0,0.56724,0.50313,0.506396,0.562904,0.558381,0.561691,0.559542,0.559391,0.551878,0.533062
2017020194,2018,1.0,0,0.496203,0.461639,0.465073,0.469154,0.466405,0.466782,0.45285,0.452655,0.444156,0.456906
2017020195,2018,1.0,2,0.476461,0.516212,0.468763,0.509602,0.496142,0.506955,0.519371,0.51961,0.520151,0.512446
2017020196,2018,0.0,1,0.517096,0.48843,0.50699,0.505501,0.507763,0.505963,0.50787,0.508001,0.50413,0.492064
2017020197,2018,1.0,0,0.580575,0.579675,0.561878,0.580531,0.581021,0.581949,0.606233,0.606336,0.605202,0.579041
2017020198,2018,1.0,0,0.587254,0.651452,0.618005,0.667283,0.667916,0.669462,0.666875,0.666863,0.660112,0.671221
2017020199,2018,0.0,1,0.559013,0.509945,0.553343,0.528279,0.524316,0.530199,0.537616,0.538173,0.542422,0.512965
2017020200,2018,0.0,1,0.594577,0.569578,0.588389,0.668665,0.677273,0.675407,0.6412,0.641176,0.641565,0.635303
2017020201,2018,0.0,1,0.487688,0.520214,0.541797,0.481277,0.476781,0.481317,0.483315,0.483344,0.486033,0.493322
2017020202,2018,1.0,2,0.557933,0.547561,0.557421,0.543365,0.536967,0.542259,0.530829,0.53122,0.528273,0.540975
2017020203,2018,0.0,3,0.50225,0.490327,0.511231,0.47148,0.464006,0.4671,0.464738,0.464874,0.465992,0.471041
2017020204,2018,0.0,3,0.630622,0.652059,0.655642,0.619599,0.623235,0.61863,0.621989,0.622177,0.628563,0.633992
2017020205,2018,1.0,0,0.613419,0.579196,0.588358,0.585018,0.589212,0.589291,0.585772,0.586407,0.582381,0.578096
2017020206,2018,0.0,3,0.565418,0.478342,0.51414,0.535741,0.527942,0.532224,0.532395,0.532089,0.516718,0.502814
2017020207,2018,1.0,0,0.602645,0.588896,0.643404,0.650922,0.651601,0.65081,0.63854,0.639103,0.639042,0.630152
2017020208,2018,0.0,1,0.556973,0.537204,0.593033,0.541844,0.539788,0.542722,0.550868,0.551144,0.54221,0.535238
2017020209,2018,1.0,2,0.472765,0.424549,0.41653,0.416544,0.413847,0.414865,0.416618,0.416185,0.413353,0.406212
2017020210,2018,1.0,0,0.417807,0.462978,0.409706,0.421675,0.418526,0.425623,0.419725,0.419804,0.423363,0.433567
2017020211,2018,0.0,3,0.55276,0.54562,0.555535,0.553671,0.54665,0.556214,0.555689,0.555939,0.564572,0.547848
2017020212,2018,1.0,2,0.552426,0.612423,0.58701,0.537007,0.536168,0.536949,0.555781,0.55581,0.547231,0.567649
2017020213,2018,0.0,1,0.590886,0.618001,0.650319,0.618712,0.627535,0.621325,0.632874,0.633268,0.613003,0.622032
2017020214,2018,1.0,0,0.650578,0.676522,0.669499,0.698634,0.70126,0.70238,0.687459,0.687507,0.684649,0.697447
2017020215,2018,0.0,1,0.59639,0.570771,0.527837,0.550709,0.549367,0.546969,0.568027,0.567303,0.564999,0.552341
2017020216,2018,1.0,2,0.597167,0.64909,0.600404,0.640736,0.63441,0.639161,0.637524,0.637552,0.63193,0.650825
2017020217,2018,1.0,0,0.520692,0.536838,0.523048,0.484404,0.487187,0.487015,0.483008,0.483022,0.493035,0.499386
2017020218,2018,1.0,2,0.572461,0.596377,0.59899,0.649137,0.661145,0.655401,0.617914,0.617472,0.611911,0.635558
2017020219,2018,1.0,0,0.527321,0.522878,0.484997,0.495707,0.495908,0.496822,0.510773,0.510447,0.504669,0.499998
2017020220,2018,1.0,2,0.721559,0.685718,0.716613,0.71619,0.716928,0.71661,0.716361,0.716648,0.708249,0.705876
2017020221,2018,0.0,1,0.531704,0.588573,0.576594,0.541463,0.547306,0.542304,0.532571,0.532594,0.543719,0.561791
2017020222,2018,0.0,1,0.524048,0.561909,0.525007,0.538749,0.541507,0.538482,0.529184,0.529706,0.522594,0.548342
2017020223,2018,1.0,0,0.393742,0.449601,0.388741,0.391072,0.39482,0.391031,0.396022,0.396389,0.397727,0.408827
2017020224,2018,0.0,1,0.432444,0.381255,0.407418,0.37979,0.379469,0.379187,0.391761,0.391186,0.401428,0.365727
2017020225,2018,0.0,3,0.589937,0.542675,0.544561,0.532577,0.525143,0.530921,0.508937,0.508545,0.517233,0.527446
2017020226,2018,1.0,0,0.710445,0.731902,0.728201,0.727418,0.737378,0.725205,0.714202,0.713741,0.711093,0.735774
2017020227,2018,1.0,0,0.544539,0.614041,0.595486,0.588628,0.594632,0.59351,0.578633,0.578519,0.588073,0.604663
2017020228,2018,0.0,1,0.55055,0.55076,0.56265,0.535627,0.5387,0.540048,0.528268,0.528539,0.540076,0.537943
2017020229,2018,1.0,0,0.579796,0.6283,0.612602,0.670076,0.678121,0.673507,0.665958,0.665855,0.659058,0.663648
2017020230,2018,0.0,1,0.613867,0.627847,0.607769,0.656577,0.654327,0.653148,0.664627,0.664478,0.656365,0.650297
2017020231,2018,0.0,3,0.546488,0.508478,0.509436,0.524936,0.528915,0.525669,0.529628,0.529797,0.531519,0.511423
2017020232,2018,1.0,0,0.51488,0.55256,0.503201,0.512431,0.51798,0.515288,0.495872,0.495323,0.513233,0.526823
2017020233,2018,1.0,0,0.561907,0.554097,0.490705,0.533767,0.539121,0.534974,0.552657,0.552329,0.548031,0.53688
2017020234,2018,0.0,1,0.532136,0.538056,0.538998,0.487814,0.487147,0.486513,0.489381,0.488934,0.498416,0.500995
2017020235,2018,0.0,3,0.501435,0.437085,0.452917,0.419623,0.422746,0.419296,0.413171,0.412742,0.42774,0.410837
2017020236,2018,1.0,0,0.51271,0.518443,0.549457,0.471879,0.472136,0.473387,0.477423,0.477595,0.478045,0.483075
2017020237,2018,0.0,1,0.524404,0.552502,0.524596,0.500266,0.504071,0.50157,0.50774,0.507747,0.506213,0.517262
2017020238,2018,1.0,2,0.720697,0.731617,0.75082,0.716312,0.724127,0.716824,0.697458,0.697666,0.70829,0.726951
2017020239,2018,1.0,0,0.576623,0.621835,0.583337,0.611032,0.607068,0.610002,0.605674,0.605932,0.588211,0.620096
2017020240,2018,1.0,0,0.63192,0.58772,0.609604,0.636149,0.62831,0.636074,0.639137,0.63948,0.647461,0.615755
2017020241,2018,0.0,1,0.524236,0.536545,0.536558,0.517672,0.514649,0.51672,0.539293,0.538974,0.536513,0.521937
2017020242,2018,0.0,1,0.514563,0.549685,0.508915,0.512884,0.519184,0.517889,0.502086,0.501968,0.505112,0.525836
2017020243,2018,1.0,2,0.544057,0.529814,0.507813,0.564171,0.567935,0.565916,0.544675,0.544048,0.545075,0.548904
2017020244,2018,1.0,0,0.558348,0.523724,0.520237,0.562951,0.553153,0.56496,0.567506,0.567955,0.558314,0.543598
2017020245,2018,0.0,1,0.617014,0.561836,0.602233,0.591876,0.589156,0.588668,0.596913,0.597047,0.594416,0.574478
2017020246,2018,1.0,0,0.501004,0.514334,0.512718,0.479526,0.476696,0.477591,0.484664,0.484562,0.47928,0.487848
2017020247,2018,0.0,3,0.459331,0.465059,0.442234,0.403934,0.40792,0.40343,0.396202,0.396295,0.394418,0.41732
2017020248,2018,1.0,0,0.508694,0.555538,0.519134,0.434169,0.433692,0.431007,0.440031,0.439737,0.466469,0.474358
2017020249,2018,1.0,0,0.581217,0.556985,0.513439,0.519146,0.517426,0.518854,0.528311,0.528208,0.53396,0.525812
2017020250,2018,0.0,1,0.551006,0.548723,0.586915,0.545363,0.542332,0.545203,0.560831,0.56122,0.557637,0.543706
2017020251,2018,1.0,2,0.624452,0.648789,0.671898,0.669201,0.671495,0.668568,0.672994,0.672976,0.664614,0.667367
2017020252,2018,1.0,0,0.642838,0.64049,0.650274,0.687171,0.686616,0.687998,0.695965,0.695986,0.681228,0.674279
2017020253,2018,0.0,3,0.487085,0.488321,0.454424,0.461167,0.46082,0.461643,0.467353,0.466946,0.466465,0.464698
2017020254,2018,1.0,0,0.524566,0.511609,0.522309,0.539179,0.546789,0.54198,0.54231,0.54266,0.544046,0.52533
2017020255,2018,0.0,1,0.518152,0.52571,0.501013,0.481941,0.486215,0.482954,0.486743,0.486747,0.488414,0.492806
2017020256,2018,0.0,3,0.489662,0.522278,0.541376,0.4852,0.481963,0.489728,0.499174,0.499367,0.504844,0.496777
2017020257,2018,0.0,1,0.602329,0.631734,0.609224,0.599299,0.598695,0.598348,0.616109,0.616485,0.607766,0.613755
2017020258,2018,1.0,2,0.53511,0.54359,0.500314,0.559057,0.550679,0.556585,0.56929,0.569427,0.563069,0.552697
2017020259,2018,0.0,1,0.430556,0.481289,0.422383,0.417944,0.416661,0.419911,0.42289,0.422914,0.424498,0.437814
2017020260,2018,1.0,0,0.638957,0.662254,0.675874,0.664538,0.660826,0.660781,0.672008,0.672199,0.67413,0.668646
2017020261,2018,1.0,2,0.631487,0.588968,0.579426,0.614742,0.611067,0.615481,0.62321,0.623422,0.623285,0.601254
2017020262,2018,0.0,1,0.63614,0.673013,0.633955,0.677877,0.67707,0.676003,0.699089,0.698973,0.688261,0.683056
2017020263,2018,0.0,1,0.511769,0.50145,0.478196,0.470043,0.465427,0.471815,0.466554,0.466513,0.478964,0.474068
2017020264,2018,0.0,1,0.54559,0.539745,0.519212,0.545037,0.540457,0.544562,0.554413,0.554467,0.552137,0.539956
2017020265,2018,1.0,0,0.532314,0.554015,0.52603,0.520204,0.522543,0.522728,0.530175,0.530237,0.540652,0.530874
2017020266,2018,1.0,0,0.485544,0.505155,0.451738,0.479205,0.474752,0.477693,0.4886,0.488166,0.47806,0.485172
2017020267,2018,1.0,2,0.680392,0.679835,0.685246,0.683581,0.691988,0.681849,0.692163,0.691713,0.686151,0.685188
2017020268,2018,0.0,3,0.5188,0.530355,0.539511,0.511526,0.511208,0.510673,0.506954,0.506921,0.50862,0.515432
2017020269,2018,1.0,2,0.536124,0.543515,0.501324,0.473498,0.467675,0.47101,0.49909,0.499118,0.497864,0.493113
2017020270,2018,1.0,0,0.517171,0.542317,0.517544,0.504426,0.508177,0.500949,0.509038,0.509456,0.517139,0.516242
2017020271,2018,1.0,0,0.587894,0.565356,0.586668,0.580524,0.576718,0.579008,0.578144,0.578052,0.578416,0.571582
2017020272,2018,1.0,0,0.67324,0.614523,0.671697,0.667579,0.664372,0.663407,0.661641,0.661838,0.654572,0.645284
2017020273,2018,1.0,0,0.567378,0.583138,0.603177,0.647395,0.65466,0.653149,0.642314,0.642497,0.625318,0.629004
2017020274,2018,0.0,1,0.641468,0.623946,0.656047,0.619379,0.612286,0.616275,0.630841,0.630835,0.625058,0.619416
2017020275,2018,1.0,0,0.504522,0.489514,0.469774,0.463245,0.466629,0.464038,0.479361,0.479403,0.488273,0.464685
2017020276,2018,1.0,0,0.54566,0.573201,0.556238,0.568796,0.572677,0.567703,0.556795,0.556779,0.556446,0.571912
2017020277,2018,1.0,0,0.578756,0.532938,0.516655,0.525188,0.524296,0.527375,0.523032,0.523196,0.531264,0.519121
2017020278,2018,1.0,2,0.609149,0.642784,0.620258,0.609577,0.612427,0.60869,0.59092,0.590479,0.603015,0.625219
2017020279,2018,1.0,0,0.601883,0.551353,0.567373,0.572073,0.566562,0.569847,0.561579,0.561188,0.564906,0.557576
2017020280,2018,0.0,1,0.664897,0.662687,0.714199,0.658086,0.663719,0.656302,0.658262,0.658323,0.658884,0.661444
2017020281,2018,0.0,1,0.507991,0.511464,0.499244,0.529951,0.517705,0.527235,0.52663,0.526832,0.523663,0.520751
2017020282,2018,1.0,0,0.642791,0.638552,0.618493,0.603771,0.604026,0.601526,0.607252,0.607215,0.606716,0.615326
2017020283,2018,1.0,0,0.541129,0.531137,0.576112,0.527516,0.522734,0.528145,0.528086,0.528405,0.523386,0.524312
2017020284,2018,1.0,2,0.567344,0.502296,0.518998,0.546596,0.53986,0.545364,0.543573,0.54371,0.541559,0.521236
2017020285,2018,1.0,0,0.393085,0.425852,0.390002,0.330984,0.339094,0.330608,0.338855,0.339698,0.336473,0.355651
2017020286,2018,0.0,1,0.489148,0.504248,0.507893,0.501855,0.501934,0.499178,0.489598,0.489621,0.486464,0.50007
2017020287,2018,0.0,1,0.520656,0.508503,0.496577,0.531528,0.535058,0.533487,0.522387,0.52209,0.507285,0.51902
2017020288,2018,0.0,1,0.57824,0.578013,0.546838,0.581856,0.572155,0.57912,0.57472,0.574889,0.579499,0.579465
2017020289,2018,0.0,1,0.619349,0.636143,0.634108,0.634914,0.632222,0.631991,0.634323,0.634155,0.637463,0.638384
2017020290,2018,1.0,0,0.556309,0.575698,0.591415,0.561488,0.567835,0.560547,0.552965,0.553243,0.566514,0.566786
2017020291,2018,1.0,0,0.602554,0.588866,0.581717,0.601037,0.603528,0.603182,0.597201,0.596837,0.608675,0.595011
2017020292,2018,0.0,3,0.544029,0.531906,0.558133,0.504696,0.508872,0.504337,0.508853,0.508819,0.514608,0.508483
2017020293,2018,0.0,3,0.674596,0.658701,0.686929,0.69509,0.691589,0.693617,0.669907,0.670137,0.668013,0.684384
2017020294,2018,1.0,0,0.529219,0.515935,0.510016,0.518215,0.517933,0.516306,0.512137,0.511994,0.525394,0.512201
2017020295,2018,1.0,0,0.614194,0.598204,0.598977,0.614239,0.606195,0.613187,0.596577,0.596731,0.596705,0.607166
2017020296,2018,1.0,0,0.595546,0.609762,0.586775,0.59366,0.587414,0.590169,0.591499,0.59159,0.600311,0.600367
2017020297,2018,0.0,1,0.492017,0.422008,0.444096,0.411429,0.407783,0.406329,0.411757,0.411664,0.416337,0.39939
2017020298,2018,0.0,1,0.527568,0.549323,0.554414,0.530008,0.531453,0.530561,0.533311,0.53362,0.540992,0.536036
2017020299,2018,0.0,1,0.596703,0.602746,0.605195,0.58998,0.586829,0.585064,0.594887,0.595332,0.593765,0.594423
2017020300,2018,0.0,1,0.579139,0.559158,0.584069,0.559026,0.564632,0.561307,0.559831,0.559613,0.55241,0.55476
2017020301,2018,1.0,0,0.56776,0.550449,0.506659,0.570029,0.567656,0.569175,0.57137,0.571174,0.563256,0.559737
2017020302,2018,1.0,0,0.667836,0.662649,0.659493,0.710386,0.707564,0.707112,0.70907,0.708853,0.710313,0.697734
2017020303,2018,0.0,3,0.416473,0.41018,0.383969,0.388478,0.390564,0.386849,0.367357,0.367074,0.380231,0.386597
2017020304,2018,0.0,1,0.583735,0.591429,0.566758,0.586182,0.585633,0.584162,0.58,0.580088,0.582435,0.588038
2017020305,2018,1.0,0,0.488911,0.545466,0.502815,0.482819,0.486799,0.487245,0.512372,0.512473,0.509939,0.505971
2017020306,2018,0.0,3,0.602141,0.605355,0.605153,0.637583,0.63839,0.640137,0.635782,0.635356,0.644541,0.628152
2017020307,2018,1.0,0,0.566578,0.561056,0.51876,0.559458,0.559271,0.562203,0.587154,0.587236,0.595685,0.557404
2017020308,2018,1.0,0,0.497421,0.51462,0.475617,0.436409,0.441962,0.437649,0.450936,0.450796,0.457971,0.458313
2017020309,2018,1.0,0,0.612124,0.599834,0.592492,0.608284,0.607228,0.606558,0.618664,0.619048,0.618776,0.603998
2017020310,2018,0.0,1,0.42103,0.401159,0.386711,0.380515,0.373121,0.380504,0.367191,0.367062,0.371755,0.376494
2017020311,2018,0.0,1,0.681628,0.667321,0.699616,0.667019,0.670131,0.666164,0.658397,0.658045,0.658056,0.667811
2017020312,2018,0.0,1,0.615424,0.555794,0.573048,0.593429,0.585549,0.591535,0.594892,0.594611,0.593329,0.572991
2017020313,2018,1.0,0,0.58191,0.603308,0.569035,0.559159,0.565205,0.556024,0.556925,0.556999,0.561215,0.575135
2017020314,2018,0.0,3,0.644836,0.650672,0.661715,0.649751,0.646259,0.649154,0.642732,0.64317,0.634444,0.652444
2017020315,2018,0.0,3,0.543199,0.613021,0.588153,0.615005,0.614056,0.615008,0.626824,0.626905,0.618102,0.622468
2017020316,2018,0.0,1,0.609545,0.624057,0.640116,0.624359,0.624824,0.623274,0.636044,0.636232,0.629452,0.626622
2017020317,2018,1.0,0,0.628338,0.589638,0.60035,0.558954,0.556302,0.558473,0.553504,0.553346,0.564493,0.563048
2017020318,2018,1.0,0,0.544702,0.53024,0.551266,0.524996,0.524353,0.523145,0.52054,0.520616,0.514472,0.52173
2017020319,2018,0.0,1,0.416915,0.403039,0.381776,0.360061,0.363124,0.361416,0.359618,0.359545,0.37562,0.363589
2017020320,2018,0.0,1,0.53839,0.509721,0.493632,0.473087,0.471968,0.475116,0.462226,0.462345,0.486302,0.476918
2017020321,2018,1.0,2,0.502266,0.520299,0.484293,0.463143,0.46413,0.46645,0.473224,0.472841,0.478097,0.479055
2017020322,2018,0.0,3,0.494392,0.447545,0.4593,0.454575,0.45724,0.454193,0.443338,0.443301,0.448193,0.440542
2017020323,2018,1.0,2,0.599199,0.551908,0.557034,0.585239,0.578877,0.581942,0.589387,0.589187,0.586478,0.567379
2017020324,2018,0.0,1,0.667163,0.686358,0.665366,0.694459,0.697456,0.691953,0.717131,0.717028,0.696294,0.697169
2017020325,2018,1.0,0,0.608747,0.569236,0.580863,0.549249,0.546891,0.549596,0.549778,0.549858,0.55848,0.549137
2017020326,2018,0.0,1,0.502262,0.546721,0.563347,0.515166,0.514378,0.516695,0.506361,0.506783,0.507848,0.527457
2017020327,2018,1.0,2,0.58,0.541123,0.587623,0.559011,0.564057,0.556684,0.558187,0.558189,0.568536,0.546319
2017020328,2018,1.0,2,0.585154,0.555193,0.593665,0.583269,0.579404,0.585347,0.583342,0.583638,0.574376,0.569153
2017020329,2018,1.0,2,0.62503,0.592695,0.582795,0.630005,0.632914,0.629783,0.629513,0.629595,0.611852,0.614464
2017020330,2018,1.0,0,0.492858,0.488279,0.427963,0.437263,0.436818,0.440426,0.46013,0.460045,0.460499,0.447371
2017020331,2018,0.0,1,0.418796,0.382125,0.372623,0.400823,0.393437,0.400261,0.395479,0.395501,0.39381,0.382005
2017020332,2018,0.0,1,0.608738,0.540311,0.581567,0.591873,0.596458,0.596161,0.579785,0.579708,0.586567,0.565612
2017020333,2018,0.0,1,0.555659,0.595368,0.576851,0.516254,0.513033,0.515794,0.515609,0.515534,0.521109,0.544876
2017020334,2018,1.0,0,0.507172,0.495458,0.523873,0.503835,0.498006,0.50588,0.516378,0.516384,0.516051,0.495301
2017020335,2018,0.0,3,0.495556,0.532227,0.53198,0.47923,0.482688,0.480873,0.490498,0.491249,0.490089,0.496554
2017020336,2018,1.0,2,0.656898,0.639158,0.682417,0.695399,0.681328,0.691356,0.680057,0.680005,0.688485,0.677993
2017020337,2018,0.0,1,0.562915,0.542725,0.548332,0.498332,0.503058,0.498019,0.506,0.506252,0.517761,0.50688
2017020338,2018,1.0,0,0.541384,0.503637,0.490895,0.498292,0.493373,0.499897,0.49257,0.492589,0.508073,0.491265
2017020339,2018,1.0,0,0.464174,0.451568,0.426397,0.410821,0.410028,0.409338,0.407318,0.407158,0.41889,0.415487
2017020340,2018,1.0,0,0.551679,0.526378,0.574058,0.557367,0.555491,0.558333,0.571678,0.571708,0.56579,0.541686
2017020341,2018,1.0,2,0.621956,0.606957,0.598333,0.559176,0.559629,0.555144,0.577331,0.577563,0.574336,0.572145
2017020342,2018,1.0,0,0.594781,0.587958,0.6024,0.568551,0.570599,0.564231,0.579433,0.579564,0.587586,0.572919
2017020343,2018,0.0,1,0.511208,0.536326,0.50705,0.520257,0.517349,0.519584,0.52248,0.522902,0.520705,0.525134
2017020344,2018,0.0,1,0.56555,0.60172,0.59952,0.537286,0.544793,0.544002,0.54206,0.542512,0.559901,0.561232
2017020345,2018,1.0,0,0.518213,0.517564,0.543555,0.506091,0.508515,0.505462,0.494997,0.494818,0.495282,0.505806
2017020346,2018,1.0,2,0.421317,0.417256,0.414304,0.455636,0.456792,0.455742,0.450583,0.450629,0.441669,0.435626
2017020347,2018,1.0,2,0.506001,0.509492,0.484592,0.44796,0.444684,0.445686,0.455292,0.455154,0.46043,0.463052
2017020348,2018,0.0,1,0.494522,0.510594,0.501075,0.496911,0.499507,0.49575,0.494701,0.4945,0.501419,0.498947
2017020349,2018,1.0,0,0.616438,0.638981,0.638855,0.633901,0.634917,0.632229,0.633264,0.63333,0.634021,0.639323
2017020350,2018,0.0,1,0.505458,0.513744,0.498271,0.508658,0.51386,0.512972,0.525697,0.525755,0.525092,0.507298
2017020351,2018,0.0,3,0.561373,0.582522,0.5432,0.570658,0.574117,0.573687,0.562321,0.562167,0.576378,0.575722
2017020352,2018,0.0,1,0.485167,0.471224,0.475702,0.461653,0.462688,0.465701,0.46438,0.464129,0.47144,0.457392
2017020353,2018,1.0,0,0.527532,0.520323,0.517353,0.473806,0.478458,0.469516,0.478719,0.478296,0.48746,0.483571
2017020354,2018,1.0,0,0.573927,0.603325,0.56034,0.53623,0.541427,0.538094,0.541338,0.541645,0.546678,0.560295
2017020355,2018,0.0,1,0.455414,0.43624,0.413571,0.46233,0.464661,0.467366,0.464769,0.464348,0.461176,0.445129
2017020356,2018,0.0,1,0.475489,0.476319,0.447595,0.445097,0.452314,0.44483,0.456112,0.456132,0.44425,0.449344
2017020357,2018,1.0,0,0.549463,0.622781,0.573385,0.562088,0.566267,0.563198,0.568484,0.568405,0.568396,0.590078
2017020358,2018,1.0,2,0.539479,0.591085,0.569449,0.580027,0.575044,0.579433,0.572908,0.57266,0.573486,0.588655
2017020359,2018,1.0,2,0.456503,0.539082,0.518277,0.494491,0.497338,0.497221,0.498921,0.499204,0.493993,0.514865
2017020360,2018,1.0,2,0.642823,0.609527,0.629294,0.619504,0.616558,0.619695,0.635425,0.635435,0.634629,0.612676
2017020361,2018,0.0,1,0.576548,0.548418,0.563132,0.53239,0.529967,0.533353,0.536679,0.536367,0.544188,0.531567
2017020362,2018,0.0,1,0.538561,0.510061,0.54724,0.519767,0.516332,0.518515,0.517082,0.516989,0.511839,0.509481
2017020363,2018,1.0,2,0.624797,0.589586,0.603089,0.57197,0.576955,0.572314,0.555781,0.555371,0.562749,0.572482
2017020364,2018,1.0,0,0.483675,0.471916,0.489839,0.45192,0.44398,0.450451,0.447577,0.447356,0.444383,0.451128
2017020365,2018,1.0,0,0.531258,0.5337,0.495255,0.52812,0.532251,0.529978,0.523583,0.523642,0.52969,0.527061
2017020366,2018,1.0,0,0.568018,0.636488,0.574719,0.614871,0.617194,0.611814,0.622441,0.622105,0.608851,0.630479
2017020367,2018,0.0,1,0.390474,0.400633,0.36448,0.367037,0.366538,0.365389,0.358178,0.358154,0.367256,0.370329
2017020368,2018,1.0,0,0.646515,0.625917,0.649163,0.634868,0.624813,0.633055,0.641195,0.641259,0.63265,0.630512
2017020369,2018,0.0,1,0.621289,0.585063,0.576148,0.588564,0.593465,0.58703,0.602665,0.602688,0.601559,0.582346
2017020370,2018,0.0,1,0.493331,0.470789,0.492154,0.481124,0.484466,0.482109,0.473637,0.473674,0.472702,0.469749
2017020371,2018,1.0,2,0.61783,0.572734,0.588077,0.582651,0.588813,0.58178,0.577424,0.577095,0.588191,0.572931
2017020372,2018,0.0,1,0.48977,0.471569,0.473795,0.480125,0.478821,0.478388,0.481194,0.481475,0.485143,0.469827
2017020373,2018,1.0,0,0.563755,0.521896,0.53281,0.599445,0.59442,0.599937,0.589867,0.590034,0.585482,0.567851
2017020374,2018,0.0,1,0.545907,0.559837,0.531222,0.519944,0.51753,0.519862,0.522987,0.523028,0.521448,0.531833
2017020375,2018,1.0,2,0.647919,0.648466,0.670287,0.684979,0.683639,0.68402,0.686663,0.68702,0.672912,0.675693
2017020376,2018,0.0,1,0.561294,0.545297,0.550006,0.466282,0.460113,0.46208,0.459574,0.459607,0.480283,0.485979
2017020377,2018,1.0,0,0.486675,0.509994,0.485903,0.499378,0.491745,0.49736,0.51028,0.510259,0.517579,0.501291
2017020378,2018,1.0,0,0.546476,0.525339,0.564786,0.497839,0.495952,0.494059,0.498287,0.498204,0.503977,0.500392
2017020379,2018,0.0,1,0.605218,0.684787,0.637511,0.635722,0.631767,0.634647,0.634363,0.634258,0.621729,0.66329
2017020380,2018,1.0,2,0.448686,0.472998,0.43294,0.416326,0.421204,0.415311,0.426543,0.426618,0.404447,0.430817
2017020381,2018,0.0,1,0.601304,0.575601,0.575381,0.577602,0.580925,0.577834,0.588568,0.588989,0.582004,0.572698
2017020382,2018,0.0,1,0.512714,0.522576,0.460506,0.543119,0.539722,0.544387,0.538343,0.538436,0.543158,0.534496
2017020383,2018,0.0,1,0.670243,0.637108,0.649922,0.66289,0.66167,0.662406,0.661778,0.662117,0.659687,0.652463
2017020384,2018,1.0,0,0.596664,0.573975,0.580495,0.653141,0.65454,0.656985,0.637944,0.637649,0.627705,0.625795
2017020385,2018,0.0,3,0.605873,0.621437,0.573695,0.584779,0.586886,0.580364,0.58899,0.589071,0.595166,0.598526
2017020386,2018,1.0,0,0.658354,0.659512,0.641304,0.68614,0.683007,0.684702,0.678665,0.678867,0.675681,0.680271
2017020387,2018,0.0,1,0.525259,0.552909,0.51979,0.503889,0.505869,0.504377,0.507433,0.507624,0.507163,0.519866
2017020388,2018,0.0,1,0.396066,0.40379,0.37376,0.408414,0.401691,0.410235,0.394678,0.394552,0.401817,0.399795
2017020389,2018,0.0,1,0.606404,0.598419,0.592521,0.555002,0.54533,0.547769,0.542626,0.542497,0.546415,0.567087
2017020390,2018,1.0,0,0.614298,0.543269,0.541331,0.553004,0.553298,0.552797,0.551845,0.551823,0.554003,0.539024
2017020391,2018,1.0,0,0.574172,0.636669,0.601334,0.6114,0.618537,0.611253,0.622669,0.622648,0.61884,0.627514
2017020392,2018,0.0,1,0.48513,0.466846,0.467236,0.466214,0.471523,0.466958,0.47469,0.474644,0.470804,0.458543
2017020393,2018,0.0,1,0.588332,0.60149,0.611237,0.638003,0.636699,0.638599,0.649063,0.649459,0.636735,0.628252
2017020394,2018,1.0,0,0.592468,0.580767,0.565128,0.649876,0.642511,0.64906,0.662992,0.662587,0.648445,0.626937
2017020395,2018,0.0,1,0.530119,0.514379,0.488709,0.506562,0.514686,0.508108,0.496575,0.496595,0.484801,0.503281
2017020396,2018,0.0,1,0.511856,0.50494,0.491122,0.501091,0.508077,0.500165,0.496555,0.496932,0.496872,0.497234
2017020397,2018,1.0,2,0.523807,0.481498,0.513869,0.527192,0.529671,0.528183,0.519775,0.520008,0.525713,0.503164
2017020398,2018,1.0,0,0.599019,0.580494,0.629053,0.584781,0.585982,0.582547,0.596517,0.59687,0.581387,0.58023
2017020399,2018,1.0,0,0.576533,0.580826,0.568812,0.623339,0.622984,0.625272,0.629917,0.630102,0.610279,0.60995
2017020400,2018,1.0,0,0.704215,0.683832,0.706293,0.672636,0.675244,0.666675,0.679803,0.679919,0.682365,0.676662
2017020401,2018,1.0,0,0.569148,0.544265,0.532052,0.552381,0.548215,0.555211,0.556033,0.556041,0.544104,0.544417
2017020402,2018,1.0,0,0.47115,0.483253,0.427207,0.423528,0.418827,0.418916,0.408655,0.408593,0.414319,0.437958
2017020403,2018,1.0,2,0.547606,0.601194,0.569389,0.620149,0.61726,0.620356,0.615221,0.61538,0.613727,0.620154
2017020404,2018,1.0,2,0.588993,0.621668,0.593326,0.667666,0.664839,0.667048,0.664448,0.664793,0.65633,0.658044
2017020405,2018,1.0,0,0.480015,0.513672,0.475583,0.523585,0.519995,0.520543,0.521834,0.521972,0.51218,0.520573
2017020406,2018,1.0,2,0.500746,0.48884,0.542092,0.507597,0.50726,0.511001,0.495916,0.495812,0.489955,0.495599
2017020407,2018,0.0,1,0.56638,0.553412,0.558917,0.552118,0.548918,0.551699,0.549618,0.549255,0.55476,0.548786
2017020408,2018,0.0,1,0.549687,0.56611,0.533788,0.53588,0.543647,0.5323,0.548597,0.54859,0.54814,0.545357
2017020409,2018,1.0,0,0.587443,0.568178,0.5779,0.556079,0.546952,0.552501,0.544039,0.544419,0.547893,0.55592
2017020410,2018,0.0,1,0.48227,0.466813,0.432359,0.439763,0.445404,0.442797,0.439834,0.439859,0.431948,0.440508
2017020411,2018,1.0,2,0.633173,0.640202,0.637254,0.614308,0.610994,0.613295,0.612476,0.612556,0.620158,0.62448
2017020412,2018,1.0,0,0.585809,0.550354,0.55159,0.561474,0.561604,0.562173,0.56783,0.567822,0.564193,0.551613
2017020413,2018,0.0,3,0.475091,0.468164,0.453071,0.421961,0.424897,0.423994,0.433923,0.43409,0.441376,0.429549
2017020414,2018,1.0,0,0.593202,0.558951,0.538813,0.587047,0.594373,0.586009,0.576749,0.576928,0.573198,0.572583
2017020415,2018,0.0,1,0.583486,0.599284,0.567659,0.598944,0.595324,0.599771,0.59152,0.591605,0.588109,0.600549
2017020416,2018,0.0,1,0.573169,0.581787,0.599807,0.567613,0.567105,0.564381,0.570678,0.57081,0.562463,0.571913
2017020417,2018,0.0,1,0.648032,0.659439,0.634961,0.655341,0.654422,0.65302,0.651691,0.652114,0.659789,0.659985
2017020418,2018,0.0,1,0.49336,0.45214,0.495351,0.470829,0.475627,0.472051,0.46475,0.46445,0.463178,0.454005
2017020419,2018,1.0,0,0.452613,0.466927,0.41842,0.449635,0.441645,0.449603,0.457903,0.457693,0.459595,0.450821
2017020420,2018,1.0,0,0.577039,0.608724,0.596179,0.59744,0.597931,0.600205,0.615346,0.61582,0.609015,0.604607
2017020421,2018,0.0,1,0.489144,0.538512,0.539392,0.526789,0.52288,0.526477,0.543306,0.543492,0.531391,0.533219
2017020422,2018,0.0,1,0.576832,0.553557,0.558801,0.583541,0.589243,0.581882,0.577174,0.577267,0.564271,0.569562
2017020423,2018,1.0,0,0.527962,0.474958,0.455213,0.435519,0.439268,0.435786,0.441002,0.440916,0.439984,0.436073
2017020424,2018,1.0,2,0.514276,0.571233,0.54702,0.515977,0.510662,0.512513,0.522629,0.5226,0.518394,0.538071
2017020425,2018,1.0,0,0.554756,0.569082,0.532749,0.520983,0.519764,0.522389,0.510204,0.510056,0.516196,0.535847
2017020426,2018,1.0,2,0.577927,0.565101,0.593978,0.528422,0.529619,0.52734,0.525132,0.524957,0.53047,0.536424
2017020427,2018,1.0,0,0.592681,0.527577,0.572444,0.543998,0.548374,0.55167,0.540136,0.54008,0.542117,0.528086
2017020428,2018,0.0,1,0.571185,0.612212,0.564624,0.580963,0.583607,0.581277,0.575416,0.575756,0.585648,0.595551
2017020429,2018,1.0,0,0.576601,0.505647,0.537715,0.450107,0.452495,0.447657,0.436821,0.436831,0.462651,0.45461
2017020430,2018,1.0,0,0.666808,0.673148,0.681856,0.688102,0.686193,0.68808,0.683925,0.683644,0.68087,0.686825
2017020431,2018,1.0,2,0.573638,0.598821,0.586615,0.517803,0.523319,0.517435,0.523906,0.524066,0.52846,0.545492
2017020432,2018,0.0,3,0.561425,0.541452,0.577919,0.562189,0.564265,0.566024,0.560521,0.560811,0.559193,0.55086
2017020433,2018,1.0,0,0.702269,0.698237,0.711575,0.671549,0.670411,0.669814,0.676833,0.676919,0.686227,0.682936
2017020434,2018,1.0,0,0.485954,0.491601,0.477675,0.427697,0.429752,0.425348,0.434567,0.434992,0.447736,0.44299
2017020435,2018,1.0,0,0.615359,0.626064,0.594537,0.591035,0.582294,0.59019,0.603017,0.603211,0.594684,0.603903
2017020436,2018,0.0,1,0.525296,0.521494,0.483693,0.492433,0.491775,0.488531,0.487575,0.487668,0.497745,0.497319
2017020437,2018,1.0,2,0.61701,0.609999,0.607821,0.56729,0.557397,0.562905,0.55993,0.560127,0.575436,0.579772
2017020438,2018,1.0,2,0.615071,0.570879,0.581951,0.566598,0.569763,0.568573,0.578384,0.578616,0.573353,0.561205
2017020439,2018,0.0,1,0.464498,0.437416,0.47376,0.408547,0.406014,0.408208,0.416997,0.416583,0.406045,0.407457
2017020440,2018,1.0,0,0.585012,0.569777,0.580161,0.564643,0.566181,0.566228,0.555618,0.555799,0.555137,0.562899
2017020441,2018,0.0,3,0.634147,0.563802,0.574718,0.658693,0.660673,0.659698,0.643398,0.643136,0.639214,0.621007
2017020442,2018,1.0,2,0.672797,0.663183,0.664687,0.687155,0.690188,0.681568,0.68556,0.685618,0.684845,0.680998
2017020443,2018,0.0,3,0.533289,0.493061,0.486841,0.447546,0.453119,0.44979,0.440645,0.440873,0.463699,0.452091
2017020444,2018,1.0,0,0.530664,0.576298,0.570983,0.519593,0.521367,0.52161,0.519313,0.519345,0.524899,0.54106
2017020445,2018,0.0,1,0.55936,0.524858,0.571958,0.561954,0.560222,0.566584,0.564904,0.564923,0.560056,0.543303
2017020446,2018,0.0,1,0.428754,0.426292,0.387882,0.41642,0.415391,0.416896,0.419883,0.419938,0.43008,0.411892
2017020447,2018,1.0,2,0.606498,0.622751,0.622108,0.592641,0.597216,0.59012,0.596561,0.596558,0.600653,0.604478
2017020448,2018,0.0,1,0.607114,0.583982,0.607514,0.520036,0.518965,0.521302,0.524179,0.524479,0.542137,0.536016
2017020449,2018,1.0,0,0.640233,0.61714,0.59843,0.638502,0.638517,0.636878,0.642114,0.642225,0.643572,0.629775
2017020450,2018,0.0,1,0.592317,0.593214,0.585176,0.543597,0.549115,0.544928,0.548003,0.548125,0.545319,0.558426
2017020451,2018,1.0,0,0.698442,0.704861,0.711116,0.701678,0.705779,0.699938,0.688403,0.688402,0.699254,0.707095
2017020452,2018,0.0,1,0.555972,0.569819,0.568872,0.624648,0.632625,0.628044,0.634738,0.634633,0.619334,0.608222
2017020453,2018,1.0,0,0.595543,0.613222,0.603858,0.655948,0.654115,0.657048,0.658219,0.658117,0.654876,0.64533
2017020454,2018,1.0,0,0.603239,0.60645,0.605939,0.565618,0.558119,0.563648,0.566687,0.56719,0.577027,0.578574
2017020455,2018,1.0,2,0.63692,0.578965,0.587932,0.576672,0.57396,0.579278,0.573146,0.572961,0.572435,0.569332
2017020456,2018,1.0,0,0.579869,0.548722,0.573801,0.554605,0.549286,0.555144,0.538227,0.537633,0.559841,0.546769
2017020457,2018,1.0,0,0.687844,0.726622,0.68968,0.721048,0.72483,0.719451,0.721047,0.720908,0.711083,0.731459
2017020458,2018,1.0,2,0.714088,0.712255,0.724475,0.679756,0.683001,0.678616,0.673232,0.67333,0.67019,0.69378
2017020459,2018,0.0,3,0.551305,0.602569,0.547795,0.514856,0.517991,0.514769,0.518109,0.51819,0.517976,0.54785
2017020460,2018,1.0,0,0.496654,0.498993,0.498917,0.537068,0.532509,0.53521,0.549853,0.54987,0.540628,0.521264
2017020461,2018,0.0,3,0.608876,0.544116,0.550582,0.541542,0.537862,0.544437,0.535935,0.536321,0.5458,0.532081
2017020462,2018,0.0,1,0.683969,0.696853,0.701747,0.673102,0.678973,0.676874,0.688095,0.688297,0.693033,0.685488
2017020463,2018,0.0,3,0.529653,0.539392,0.512668,0.535618,0.534988,0.537117,0.532168,0.532068,0.537774,0.535088
2017020464,2018,1.0,0,0.62613,0.631875,0.636722,0.692561,0.688858,0.696814,0.694582,0.694883,0.685467,0.676171
2017020465,2018,1.0,0,0.603518,0.516044,0.518464,0.52357,0.524049,0.526335,0.526488,0.526529,0.536227,0.50722
2017020466,2018,1.0,0,0.472254,0.458556,0.467836,0.433688,0.428365,0.432169,0.441918,0.441897,0.441471,0.433655
2017020467,2018,1.0,0,0.441734,0.448767,0.456897,0.459614,0.465684,0.459523,0.459132,0.459049,0.459325,0.450633
2017020468,2018,1.0,0,0.505928,0.530813,0.493689,0.504895,0.50157,0.503681,0.51713,0.51741,0.508342,0.512529
2017020469,2018,1.0,0,0.696813,0.68517,0.675311,0.673981,0.676533,0.679247,0.672407,0.672187,0.682303,0.679105
2017020470,2018,0.0,1,0.600954,0.579755,0.596079,0.588671,0.591265,0.587367,0.585823,0.585469,0.592151,0.582374
2017020471,2018,0.0,1,0.542833,0.531982,0.5309,0.473436,0.470111,0.471667,0.467594,0.467532,0.471056,0.486933
2017020472,2018,1.0,2,0.593871,0.507189,0.58786,0.533682,0.532113,0.531977,0.529556,0.529719,0.53037,0.511332
2017020473,2018,1.0,2,0.61722,0.635577,0.617982,0.664644,0.668253,0.662547,0.672332,0.672204,0.658628,0.659045
2017020474,2018,0.0,3,0.583848,0.551301,0.559991,0.542644,0.538172,0.538495,0.551113,0.55105,0.553343,0.53917
2017020475,2018,1.0,0,0.476623,0.512624,0.4842,0.492079,0.495033,0.492603,0.489379,0.489536,0.483518,0.4986
2017020476,2018,0.0,1,0.595761,0.535424,0.555265,0.549208,0.543253,0.549785,0.543297,0.543675,0.538787,0.534978
2017020477,2018,0.0,3,0.46525,0.451526,0.420872,0.429419,0.432343,0.430992,0.42684,0.426931,0.444657,0.428277
2017020478,2018,0.0,1,0.423233,0.416548,0.430911,0.360206,0.357929,0.359413,0.361508,0.361602,0.367142,0.368983
2017020479,2018,0.0,1,0.489936,0.526622,0.542452,0.499468,0.493766,0.497584,0.494442,0.494247,0.501268,0.508667
2017020480,2018,1.0,0,0.637853,0.639486,0.655971,0.646702,0.64565,0.643862,0.650761,0.650819,0.643836,0.645988
2017020481,2018,1.0,0,0.556286,0.579569,0.562666,0.594754,0.600517,0.596756,0.597055,0.597384,0.60417,0.591664
2017020482,2018,1.0,2,0.585948,0.616741,0.578636,0.639631,0.632196,0.642917,0.644633,0.644876,0.633952,0.636534
2017020483,2018,0.0,1,0.601889,0.648266,0.643985,0.59199,0.589288,0.59184,0.587648,0.587755,0.583568,0.616663
2017020484,2018,1.0,0,0.569499,0.538298,0.55209,0.554524,0.551156,0.55289,0.56591,0.566346,0.560348,0.543116
2017020485,2018,0.0,1,0.541865,0.511622,0.534901,0.525233,0.513213,0.524943,0.514133,0.514009,0.514761,0.51362
2017020486,2018,1.0,0,0.509374,0.480239,0.48972,0.522088,0.526514,0.521549,0.516775,0.516584,0.50352,0.500698
2017020487,2018,0.0,1,0.50897,0.481382,0.499347,0.537448,0.538543,0.535773,0.530187,0.530013,0.524437,0.511977
2017020488,2018,0.0,1,0.481088,0.528185,0.516003,0.502188,0.504432,0.506197,0.508169,0.508621,0.506454,0.512302
2017020489,2018,0.0,1,0.345168,0.337537,0.319618,0.331517,0.326356,0.332076,0.338441,0.338381,0.334472,0.322508
2017020490,2018,1.0,0,0.48091,0.455176,0.476068,0.436681,0.426916,0.432736,0.424587,0.424558,0.438075,0.433202
2017020491,2018,0.0,3,0.485055,0.416137,0.420781,0.414409,0.414332,0.415563,0.417122,0.416819,0.421368,0.399538
2017020492,2018,1.0,0,0.503044,0.440887,0.492182,0.420724,0.424149,0.422795,0.409101,0.408953,0.415484,0.413144
2017020493,2018,1.0,0,0.544287,0.52212,0.512899,0.526276,0.532205,0.529116,0.534138,0.534247,0.539604,0.518914
2017020494,2018,1.0,0,0.464037,0.499551,0.446485,0.491181,0.492448,0.491324,0.500695,0.50105,0.50202,0.493397
2017020495,2018,1.0,2,0.442785,0.406226,0.406344,0.395002,0.397731,0.390305,0.388466,0.388415,0.391752,0.38637
2017020496,2018,0.0,1,0.600034,0.500967,0.563437,0.531305,0.525392,0.53231,0.533338,0.532783,0.542953,0.506061
2017020497,2018,0.0,3,0.525596,0.606563,0.586816,0.597754,0.597032,0.598018,0.596988,0.597257,0.591928,0.609562
2017020498,2018,1.0,0,0.53115,0.528764,0.492953,0.520052,0.531657,0.521886,0.514491,0.514713,0.516578,0.519186
2017020499,2018,1.0,2,0.53414,0.5429,0.532955,0.551816,0.555561,0.550622,0.565025,0.565432,0.563871,0.54745
2017020500,2018,1.0,2,0.549207,0.505774,0.5182,0.509282,0.504009,0.507539,0.519196,0.51953,0.514341,0.498973
2017020501,2018,1.0,0,0.594285,0.614532,0.603381,0.49635,0.498104,0.49007,0.50834,0.508502,0.522977,0.535802
2017020502,2018,1.0,2,0.615047,0.620057,0.60676,0.602554,0.605673,0.605264,0.598426,0.598305,0.599446,0.609055
2017020503,2018,1.0,0,0.474193,0.504633,0.507514,0.470561,0.458758,0.469727,0.465715,0.465169,0.46637,0.480232
2017020504,2018,0.0,1,0.37452,0.347039,0.3505,0.35579,0.346664,0.355622,0.343151,0.343011,0.353442,0.340123
2017020505,2018,0.0,1,0.381641,0.362447,0.351554,0.382113,0.383172,0.383127,0.388842,0.388753,0.381259,0.364334
2017020506,2018,0.0,1,0.462492,0.529181,0.495801,0.503274,0.505441,0.508843,0.514636,0.514558,0.516441,0.515672
2017020507,2018,1.0,0,0.497839,0.505453,0.483778,0.542898,0.540095,0.542998,0.544997,0.544951,0.538892,0.528169
2017020508,2018,1.0,0,0.548704,0.634036,0.545608,0.57175,0.578786,0.569265,0.590526,0.590739,0.572488,0.602104
2017020509,2018,0.0,1,0.497773,0.452155,0.454675,0.411082,0.409791,0.403997,0.415169,0.414986,0.421911,0.412159
2017020510,2018,1.0,0,0.582533,0.575567,0.59528,0.559419,0.55568,0.55827,0.549793,0.549738,0.562251,0.562251
2017020511,2018,1.0,0,0.529894,0.549225,0.556217,0.514779,0.507066,0.514736,0.510305,0.509854,0.514812,0.525164
2017020512,2018,1.0,0,0.486561,0.526419,0.544733,0.501831,0.507916,0.502116,0.509795,0.509805,0.48674,0.510604
2017020513,2018,0.0,1,0.504923,0.511041,0.52234,0.5066,0.50759,0.504898,0.505745,0.505994,0.500646,0.504681
2017020514,2018,1.0,0,0.414326,0.409418,0.379576,0.404381,0.408735,0.406773,0.406459,0.406388,0.399231,0.397496
2017020515,2018,1.0,0,0.51533,0.500359,0.540343,0.544024,0.542874,0.541418,0.533202,0.533369,0.524734,0.524592
2017020516,2018,1.0,0,0.596913,0.570184,0.562729,0.558763,0.558583,0.55886,0.533593,0.533202,0.550127,0.557599
2017020517,2018,0.0,1,0.420169,0.401483,0.355099,0.425885,0.427868,0.430068,0.434556,0.434804,0.423358,0.407967
2017020518,2018,0.0,1,0.636498,0.611224,0.632863,0.631025,0.625174,0.629419,0.63552,0.635959,0.624618,0.622269
2017020519,2018,1.0,0,0.581739,0.594907,0.577355,0.570473,0.570162,0.570224,0.570771,0.571089,0.573291,0.579014
2017020520,2018,0.0,1,0.490076,0.548915,0.473807,0.51907,0.532776,0.526466,0.518445,0.518694,0.503331,0.532584
2017020521,2018,0.0,1,0.610065,0.560522,0.55825,0.561347,0.570952,0.560665,0.553611,0.553655,0.556923,0.553344
2017020522,2018,0.0,3,0.448307,0.50228,0.494297,0.482987,0.482851,0.482063,0.483469,0.483324,0.47659,0.490795
2017020523,2018,0.0,1,0.469417,0.454675,0.454908,0.46941,0.467434,0.472113,0.468926,0.468688,0.468906,0.456945
2017020524,2018,0.0,1,0.490605,0.472231,0.455801,0.418651,0.4225,0.414477,0.403754,0.403707,0.411551,0.427327
2017020525,2018,1.0,0,0.450252,0.455312,0.434827,0.417129,0.410962,0.416686,0.412707,0.412483,0.419792,0.423161
2017020526,2018,1.0,0,0.55795,0.564623,0.535814,0.62361,0.622135,0.62051,0.624792,0.625293,0.62148,0.604934
2017020527,2018,1.0,0,0.590238,0.584248,0.611751,0.60673,0.601897,0.605118,0.611482,0.611904,0.599242,0.598294
2017020528,2018,1.0,0,0.484413,0.530208,0.493165,0.51585,0.520457,0.518368,0.512553,0.512548,0.50022,0.522335
2017020529,2018,1.0,2,0.550856,0.572293,0.568891,0.554856,0.556093,0.554074,0.552789,0.552344,0.554093,0.561238
2017020530,2018,1.0,2,0.45944,0.504914,0.502374,0.498947,0.503117,0.499276,0.501084,0.501329,0.482862,0.501802
2017020531,2018,0.0,3,0.559948,0.585642,0.607938,0.550893,0.551742,0.54774,0.548143,0.548045,0.540599,0.563677
2017020532,2018,1.0,2,0.568255,0.62401,0.579126,0.590157,0.591444,0.591666,0.596582,0.596606,0.588497,0.607721
2017020533,2018,1.0,2,0.663555,0.655896,0.692152,0.643632,0.63984,0.641698,0.639065,0.639003,0.638307,0.648463
2017020534,2018,0.0,1,0.661752,0.589565,0.601089,0.623526,0.625285,0.621743,0.623648,0.623717,0.625903,0.604054
2017020535,2018,1.0,0,0.489388,0.484113,0.51372,0.493942,0.491501,0.494558,0.47884,0.478683,0.488268,0.485247
2017020536,2018,1.0,0,0.497801,0.542063,0.522372,0.544487,0.543933,0.54217,0.557377,0.557913,0.548896,0.546141
2017020537,2018,1.0,2,0.662694,0.629437,0.653871,0.630208,0.622697,0.628772,0.631921,0.632215,0.641333,0.626955
2017020538,2018,1.0,2,0.654005,0.684256,0.664261,0.685079,0.684727,0.68792,0.696938,0.697278,0.695053,0.69119
2017020539,2018,1.0,0,0.448477,0.448433,0.413128,0.444491,0.440769,0.447983,0.439372,0.439121,0.441365,0.439228
2017020540,2018,1.0,0,0.463476,0.505268,0.441733,0.463479,0.460213,0.462252,0.455196,0.454923,0.457671,0.476836
2017020541,2018,0.0,1,0.556806,0.600211,0.565821,0.550808,0.550676,0.549722,0.544817,0.544579,0.545031,0.570825
2017020542,2018,1.0,2,0.332536,0.349532,0.360309,0.324152,0.320496,0.323076,0.324101,0.32404,0.320663,0.324232
2017020543,2018,1.0,0,0.633925,0.653157,0.682243,0.655182,0.650877,0.652686,0.647709,0.647501,0.645902,0.658577
2017020544,2018,1.0,0,0.542025,0.515011,0.530842,0.502215,0.50856,0.504516,0.514741,0.514706,0.510061,0.499171
2017020545,2018,1.0,0,0.605674,0.674581,0.623159,0.635903,0.645035,0.642531,0.639423,0.639515,0.632419,0.65851
2017020546,2018,1.0,0,0.539949,0.541428,0.553845,0.497224,0.497951,0.492862,0.505051,0.505039,0.502269,0.50819
2017020547,2018,1.0,0,0.474554,0.440146,0.488457,0.438073,0.442029,0.442373,0.440961,0.440974,0.438646,0.428002
2017020548,2018,0.0,1,0.581068,0.515307,0.527263,0.536227,0.537447,0.534757,0.551701,0.551763,0.554344,0.51838
2017020549,2018,0.0,1,0.590052,0.638145,0.631094,0.585339,0.590517,0.583015,0.585793,0.58556,0.574455,0.60865
2017020550,2018,1.0,0,0.622995,0.654382,0.646125,0.644957,0.643344,0.637878,0.637595,0.63764,0.647518,0.653317
2017020551,2018,1.0,2,0.595824,0.566689,0.564452,0.578264,0.576562,0.573943,0.573932,0.57401,0.583782,0.569689
2017020552,2018,1.0,0,0.563512,0.60258,0.574069,0.587192,0.58866,0.586742,0.593449,0.593873,0.591618,0.596216
2017020553,2018,1.0,2,0.475105,0.521492,0.530174,0.464762,0.466008,0.465688,0.476364,0.476168,0.472428,0.483871
2017020554,2018,0.0,1,0.499498,0.467191,0.511195,0.437604,0.424391,0.434111,0.440241,0.440047,0.450859,0.437219
2017020555,2018,1.0,0,0.459909,0.519535,0.510016,0.44122,0.436876,0.436754,0.4487,0.448993,0.46052,0.468268
2017020556,2018,0.0,1,0.416702,0.432316,0.394734,0.392831,0.395732,0.391143,0.395419,0.395365,0.389705,0.399608
2017020557,2018,1.0,0,0.535931,0.573389,0.530087,0.534931,0.538079,0.536489,0.542388,0.542437,0.542587,0.549686
2017020558,2018,1.0,0,0.613918,0.654258,0.672778,0.600811,0.601438,0.600307,0.596925,0.596572,0.59706,0.624153
2017020559,2018,1.0,0,0.579732,0.551352,0.598997,0.585763,0.594054,0.588367,0.589972,0.590352,0.577771,0.569773
2017020560,2018,1.0,2,0.675283,0.645045,0.680107,0.650676,0.652934,0.649032,0.651881,0.652029,0.657843,0.646923
2017020561,2018,1.0,2,0.512534,0.475461,0.512071,0.479387,0.482288,0.480964,0.481529,0.481632,0.483008,0.46849
2017020562,2018,1.0,2,0.562622,0.608143,0.587831,0.575336,0.57647,0.575233,0.5758,0.5756,0.567218,0.59075
2017020563,2018,1.0,0,0.532952,0.578499,0.561041,0.521854,0.520621,0.517617,0.51277,0.512706,0.513997,0.543392
2017020564,2018,0.0,1,0.542574,0.535497,0.569882,0.475062,0.478847,0.480741,0.484296,0.484197,0.491725,0.489725
2017020565,2018,1.0,0,0.585993,0.498286,0.548211,0.540084,0.536177,0.537844,0.529598,0.529836,0.544235,0.512629
2017020566,2018,1.0,0,0.557039,0.557678,0.534712,0.55975,0.55677,0.559005,0.561933,0.56133,0.573448,0.55715
2017020567,2018,0.0,1,0.613129,0.597993,0.591326,0.614248,0.629301,0.619119,0.621939,0.621998,0.602765,0.607199
2017020568,2018,0.0,1,0.566429,0.526612,0.503296,0.569139,0.578176,0.575128,0.595323,0.595217,0.570001,0.54832
2017020569,2018,1.0,2,0.590164,0.537689,0.499975,0.573265,0.574115,0.574272,0.570821,0.570782,0.563251,0.553516
2017020570,2018,1.0,0,0.659302,0.719965,0.683106,0.665492,0.669377,0.663553,0.668566,0.668799,0.657088,0.694207
2017020571,2018,1.0,0,0.532106,0.51971,0.4937,0.49819,0.49485,0.495297,0.489616,0.489526,0.489439,0.499702
2017020572,2018,0.0,1,0.403262,0.37385,0.386719,0.383695,0.377596,0.384448,0.388098,0.387647,0.38668,0.368236
2017020573,2018,1.0,0,0.432653,0.396259,0.417721,0.352041,0.34829,0.351989,0.346848,0.346824,0.35789,0.353289
2017020574,2018,0.0,3,0.579476,0.595977,0.544947,0.566277,0.565112,0.568406,0.580536,0.580167,0.578667,0.576879
2017020575,2018,1.0,2,0.592098,0.556768,0.563238,0.541056,0.538552,0.538654,0.548736,0.548752,0.542328,0.539628
2017020576,2018,0.0,3,0.634021,0.617053,0.643751,0.629505,0.636814,0.629331,0.63083,0.631154,0.637031,0.624164
2017020577,2018,1.0,0,0.483096,0.490803,0.455542,0.491075,0.482568,0.489785,0.485076,0.485104,0.4837,0.487074
2017020578,2018,1.0,2,0.439274,0.492696,0.456585,0.45626,0.457386,0.455279,0.449025,0.448953,0.457057,0.46883
2017020579,2018,0.0,1,0.666789,0.685293,0.653058,0.652731,0.656133,0.654109,0.655857,0.655837,0.65299,0.668149
2017020580,2018,1.0,0,0.477819,0.503857,0.498437,0.489205,0.479104,0.48675,0.475811,0.475719,0.471509,0.492415
2017020581,2018,1.0,0,0.518426,0.476218,0.549641,0.473033,0.470302,0.471283,0.468483,0.468479,0.477139,0.463758
2017020582,2018,1.0,0,0.548409,0.594353,0.556602,0.567722,0.56983,0.568178,0.562672,0.562475,0.5656,0.580677
2017020583,2018,1.0,0,0.48858,0.534212,0.505166,0.523898,0.523865,0.520146,0.528028,0.528105,0.517706,0.529289
2017020584,2018,1.0,2,0.45019,0.456804,0.422118,0.468686,0.471101,0.469029,0.484099,0.48419,0.473475,0.45965
2017020585,2018,0.0,3,0.533398,0.504306,0.561206,0.561511,0.564119,0.563713,0.557361,0.557997,0.555805,0.536558
2017020586,2018,1.0,0,0.573483,0.51922,0.524017,0.541918,0.543568,0.544281,0.545682,0.546145,0.544566,0.525052
2017020587,2018,0.0,1,0.479939,0.437503,0.403043,0.42103,0.424426,0.422551,0.430633,0.430683,0.429981,0.414409
2017020588,2018,1.0,0,0.535402,0.545351,0.522515,0.50716,0.504477,0.502221,0.505623,0.505556,0.504347,0.517439
2017020589,2018,1.0,0,0.65684,0.640524,0.59176,0.625683,0.625318,0.625652,0.622512,0.622442,0.632321,0.629678
2017020590,2018,1.0,0,0.618746,0.541349,0.560593,0.579653,0.582441,0.5818,0.586601,0.586446,0.593584,0.556271
2017020591,2018,1.0,0,0.572701,0.615579,0.535154,0.580604,0.591396,0.583297,0.579466,0.579656,0.581024,0.596712
2017020592,2018,0.0,1,0.434624,0.439861,0.423231,0.401403,0.404067,0.397233,0.392193,0.392221,0.394296,0.406964
2017020593,2018,1.0,0,0.544063,0.557806,0.549824,0.480931,0.472762,0.47613,0.479141,0.479516,0.4966,0.504032
2017020594,2018,0.0,1,0.482457,0.436532,0.43801,0.435599,0.439169,0.435779,0.442137,0.442002,0.455745,0.423741
2017020595,2018,1.0,0,0.445471,0.437847,0.416676,0.436505,0.430394,0.437646,0.425912,0.425798,0.441223,0.429177
2017020596,2018,1.0,0,0.508985,0.506648,0.525453,0.525556,0.527763,0.525341,0.515926,0.515837,0.507053,0.515356
2017020597,2018,1.0,0,0.4594,0.461068,0.437177,0.458383,0.462374,0.460729,0.455789,0.455766,0.457125,0.453414
2017020598,2018,1.0,0,0.690043,0.642887,0.653769,0.669376,0.664749,0.666582,0.655346,0.655768,0.666426,0.657282
2017020599,2018,1.0,2,0.509245,0.50515,0.524541,0.510133,0.505532,0.511922,0.51865,0.518442,0.516574,0.503914
2017020600,2018,0.0,1,0.530757,0.529186,0.533096,0.538178,0.54473,0.543039,0.544764,0.544903,0.538201,0.532025
2017020601,2018,0.0,3,0.398605,0.437125,0.397483,0.453094,0.451296,0.457583,0.446822,0.446744,0.436825,0.445793
2017020602,2018,0.0,1,0.464395,0.439047,0.453966,0.446434,0.448533,0.449058,0.42899,0.42861,0.443221,0.434426
2017020603,2018,0.0,1,0.51722,0.468624,0.457094,0.473189,0.473891,0.472424,0.489653,0.48959,0.484353,0.460506
2017020604,2018,0.0,1,0.497692,0.482363,0.503225,0.487384,0.481269,0.486486,0.478102,0.47816,0.479697,0.47893
2017020605,2018,0.0,3,0.441007,0.52038,0.511879,0.468775,0.4699,0.468456,0.459236,0.458955,0.454331,0.490122
2017020606,2018,0.0,1,0.496599,0.472259,0.488813,0.46824,0.469288,0.471091,0.471083,0.470828,0.456965,0.461123
2017020607,2018,1.0,2,0.632345,0.613245,0.627405,0.583544,0.580942,0.58569,0.567646,0.567826,0.584496,0.590686
2017020608,2018,1.0,0,0.613943,0.566178,0.622067,0.616737,0.614032,0.617216,0.606403,0.606322,0.6085,0.594361
2017020609,2018,0.0,1,0.536002,0.592246,0.575178,0.554533,0.547233,0.55106,0.555398,0.555529,0.538442,0.57202
2017020610,2018,1.0,2,0.453,0.429455,0.429483,0.447489,0.448251,0.450092,0.451758,0.451547,0.438892,0.432028
2017020611,2018,0.0,1,0.507507,0.510008,0.523317,0.549076,0.554081,0.550101,0.551509,0.551692,0.545495,0.533463
2017020612,2018,0.0,1,0.449513,0.471711,0.463046,0.435352,0.433644,0.427606,0.435608,0.435652,0.432433,0.443432
2017020613,2018,1.0,0,0.502551,0.493887,0.545508,0.449672,0.448772,0.450767,0.436695,0.436869,0.447555,0.457479
2017020614,2018,1.0,2,0.538051,0.533085,0.553157,0.482465,0.488438,0.483191,0.484276,0.484108,0.510263,0.494282
2017020615,2018,0.0,1,0.569745,0.483704,0.558195,0.51392,0.508666,0.51426,0.517275,0.516979,0.522294,0.489592
2017020617,2018,1.0,2,0.526157,0.505602,0.532677,0.521595,0.527623,0.526878,0.511099,0.510909,0.505946,0.510132
2017020618,2018,1.0,0,0.525293,0.547164,0.545745,0.545055,0.549891,0.546149,0.54621,0.545967,0.543323,0.545738
2017020619,2018,0.0,1,0.619243,0.583863,0.580687,0.572006,0.5787,0.573621,0.591078,0.590949,0.585028,0.570505
2017020620,2018,1.0,2,0.414998,0.378857,0.382252,0.391964,0.389855,0.395119,0.389897,0.3898,0.402392,0.374875
2017020621,2018,1.0,0,0.576342,0.54718,0.549647,0.577322,0.569061,0.578312,0.580687,0.580258,0.572622,0.562338
2017020622,2018,1.0,0,0.692347,0.649751,0.699182,0.686618,0.685222,0.685206,0.676409,0.676374,0.680192,0.672317
2017020623,2018,1.0,0,0.587503,0.623679,0.593231,0.573853,0.569757,0.569829,0.56214,0.562356,0.569061,0.594216
2017020624,2018,1.0,0,0.467422,0.469967,0.472779,0.448057,0.442239,0.445394,0.436467,0.436595,0.430219,0.449415
2017020625,2018,1.0,0,0.493109,0.546808,0.502813,0.524842,0.524585,0.524274,0.541207,0.541065,0.54015,0.535255
2017020626,2018,1.0,2,0.512979,0.558621,0.5468,0.560568,0.564874,0.559422,0.570954,0.570964,0.561842,0.5632
2017020627,2018,1.0,2,0.355677,0.391869,0.385851,0.353236,0.355149,0.361758,0.34517,0.344852,0.351257,0.360747
2017020628,2018,0.0,1,0.513402,0.468592,0.499251,0.502515,0.492341,0.497325,0.490693,0.490949,0.495619,0.481243
2017020629,2018,1.0,2,0.472899,0.444884,0.416094,0.509476,0.512104,0.512318,0.51358,0.51378,0.498764,0.479729
2017020630,2018,1.0,0,0.534301,0.526231,0.542104,0.508501,0.50904,0.509544,0.500865,0.500397,0.513593,0.509626
2017020631,2018,1.0,0,0.686938,0.718686,0.695896,0.691854,0.692947,0.687736,0.700567,0.700358,0.69446,0.708147
2017020632,2018,0.0,1,0.5593,0.605706,0.536728,0.579167,0.584878,0.577637,0.607798,0.607705,0.575175,0.592621
2017020633,2018,1.0,0,0.477306,0.512997,0.488589,0.494759,0.496657,0.49398,0.509908,0.509703,0.496799,0.500555
2017020634,2018,1.0,0,0.561596,0.565021,0.564229,0.547337,0.540697,0.546069,0.53058,0.530317,0.532819,0.551407
2017020635,2018,1.0,0,0.450421,0.459926,0.422357,0.411729,0.40829,0.406624,0.4066,0.406152,0.402513,0.421467
2017020636,2018,1.0,0,0.616601,0.599543,0.601738,0.59373,0.594881,0.594045,0.597309,0.597072,0.601686,0.593211
2017020637,2018,1.0,2,0.647922,0.630548,0.67044,0.670638,0.673964,0.674431,0.65714,0.657057,0.653682,0.65758
2017020638,2018,1.0,0,0.407364,0.381337,0.345657,0.386342,0.386663,0.388008,0.381721,0.381662,0.385592,0.373021
2017020639,2018,0.0,3,0.381119,0.420064,0.401441,0.42208,0.417054,0.427117,0.410756,0.410631,0.411355,0.418503
2017020640,2018,1.0,0,0.520256,0.587953,0.559174,0.51614,0.514244,0.511554,0.521213,0.520908,0.526062,0.545366
2017020641,2018,0.0,1,0.537144,0.505108,0.535292,0.470018,0.477233,0.477348,0.465729,0.465704,0.47446,0.472804
2017020642,2018,1.0,2,0.579857,0.553204,0.553977,0.515445,0.51451,0.511927,0.512839,0.512973,0.526714,0.521642
2017020643,2018,1.0,0,0.65171,0.645752,0.66153,0.640368,0.642604,0.641205,0.629525,0.629529,0.638573,0.64288
2017020644,2018,1.0,2,0.588295,0.615258,0.54135,0.611828,0.615004,0.612029,0.626766,0.626656,0.619077,0.616298
2017020645,2018,1.0,0,0.592534,0.604373,0.55987,0.556463,0.558388,0.556354,0.551577,0.551655,0.557479,0.572543
2017020646,2018,1.0,0,0.552484,0.546092,0.557523,0.527165,0.524668,0.525146,0.528901,0.528741,0.516991,0.529678
2017020647,2018,1.0,2,0.60577,0.592228,0.603331,0.608317,0.615882,0.61187,0.600176,0.600199,0.605661,0.601265
2017020648,2018,1.0,0,0.611893,0.612361,0.613116,0.629503,0.629539,0.631049,0.635967,0.635975,0.634635,0.62457
2017020649,2018,0.0,1,0.409025,0.379115,0.378262,0.357468,0.359136,0.361397,0.348736,0.348595,0.37004,0.35199
2017020650,2018,1.0,2,0.536161,0.547206,0.494303,0.498669,0.505655,0.501065,0.517963,0.518153,0.511728,0.512322
2017020651,2018,1.0,0,0.536423,0.589322,0.564994,0.548676,0.544521,0.547715,0.545989,0.546,0.554979,0.566571
2017020652,2018,0.0,3,0.547005,0.571484,0.554421,0.582495,0.577727,0.584302,0.579975,0.579547,0.575732,0.580478
2017020653,2018,0.0,1,0.393178,0.403319,0.375636,0.389797,0.393205,0.392074,0.397527,0.397616,0.403286,0.387047
2017020654,2018,1.0,0,0.719139,0.695698,0.688548,0.738764,0.741455,0.743761,0.73815,0.738316,0.739241,0.726615
2017020655,2018,0.0,1,0.481807,0.450692,0.441921,0.5073,0.503807,0.508893,0.50369,0.503534,0.495113,0.479898
2017020656,2018,1.0,0,0.667793,0.638834,0.635673,0.653645,0.653857,0.652699,0.659928,0.659809,0.654609,0.647044
2017020657,2018,0.0,1,0.635656,0.594397,0.650189,0.610254,0.609199,0.611247,0.587359,0.587452,0.599968,0.600096
2017020658,2018,1.0,0,0.627289,0.620126,0.587597,0.616369,0.61059,0.61015,0.612872,0.612708,0.612374,0.617222
2017020659,2018,0.0,3,0.588609,0.514404,0.565919,0.584261,0.582046,0.586362,0.581764,0.582045,0.576799,0.550776
2017020660,2018,0.0,1,0.604006,0.618555,0.646196,0.618775,0.620227,0.622416,0.6206,0.620506,0.61998,0.620848
2017020661,2018,0.0,1,0.560237,0.608704,0.543583,0.490979,0.496391,0.486693,0.508288,0.50827,0.516502,0.533283
2017020662,2018,1.0,0,0.402618,0.423468,0.40026,0.396163,0.387359,0.397713,0.395491,0.395205,0.388804,0.399541
2017020663,2018,0.0,1,0.663033,0.589776,0.565707,0.617165,0.615465,0.619205,0.617024,0.617062,0.625348,0.599497
2017020664,2018,0.0,1,0.647443,0.627899,0.648977,0.637806,0.639402,0.638921,0.633982,0.634366,0.634601,0.633364
2017020665,2018,0.0,1,0.658509,0.64333,0.669469,0.656787,0.663934,0.659025,0.646012,0.645998,0.647461,0.652389
2017020666,2018,0.0,1,0.506443,0.512106,0.464107,0.498981,0.498495,0.497651,0.508929,0.509103,0.493556,0.499706
2017020667,2018,0.0,1,0.445041,0.512671,0.520726,0.459861,0.461436,0.457166,0.460619,0.460669,0.449845,0.479872
2017020668,2018,1.0,0,0.547476,0.572797,0.533287,0.536604,0.541924,0.53588,0.519033,0.518916,0.525898,0.549236
2017020669,2018,0.0,1,0.43637,0.451991,0.438822,0.409883,0.404194,0.41137,0.39612,0.395749,0.412477,0.418181
2017020670,2018,0.0,1,0.593935,0.565436,0.580077,0.56249,0.563093,0.56294,0.562126,0.561908,0.568659,0.558339
2017020671,2018,1.0,0,0.643368,0.659986,0.643868,0.633502,0.63913,0.633494,0.635784,0.635816,0.624757,0.645772
2017020672,2018,0.0,3,0.474516,0.460957,0.435994,0.429763,0.427814,0.427735,0.427337,0.427208,0.427232,0.431766
2017020673,2018,0.0,1,0.516414,0.510693,0.50119,0.5227,0.524204,0.523062,0.534459,0.534314,0.523892,0.514379
2017020674,2018,1.0,0,0.546825,0.510828,0.526457,0.559021,0.558859,0.559348,0.556903,0.557385,0.563965,0.536257
2017020675,2018,0.0,1,0.605589,0.638579,0.622465,0.618655,0.624609,0.619786,0.628715,0.628549,0.618311,0.629868
2017020676,2018,0.0,3,0.595599,0.617757,0.597035,0.562965,0.555721,0.559275,0.560459,0.560475,0.572799,0.583002
2017020677,2018,0.0,1,0.570572,0.580074,0.571956,0.539504,0.54265,0.539397,0.533625,0.533701,0.53628,0.551968
2017020678,2018,1.0,2,0.701503,0.73272,0.683402,0.706189,0.711031,0.7055,0.714189,0.714526,0.711611,0.722796
2017020679,2018,1.0,0,0.570342,0.622149,0.595117,0.575862,0.577372,0.57944,0.565242,0.565326,0.561478,0.596826
2017020680,2018,0.0,1,0.513758,0.547086,0.555371,0.518853,0.517309,0.519644,0.508149,0.50797,0.520458,0.528857
2017020681,2018,0.0,1,0.643803,0.676463,0.655827,0.678576,0.675604,0.672402,0.688973,0.689183,0.670781,0.684276
2017020682,2018,0.0,3,0.672538,0.652516,0.682032,0.687471,0.682887,0.690439,0.678472,0.678234,0.673826,0.676477
2017020683,2018,0.0,3,0.603231,0.585503,0.598029,0.610862,0.610276,0.61521,0.620891,0.620756,0.616176,0.600263
2017020684,2018,1.0,0,0.484296,0.479991,0.503505,0.455703,0.453615,0.447292,0.452463,0.452554,0.444905,0.457392
2017020685,2018,0.0,1,0.560282,0.515114,0.512411,0.509773,0.509863,0.51254,0.500821,0.50089,0.505896,0.502336
2017020686,2018,0.0,3,0.52243,0.534249,0.546235,0.547743,0.542841,0.547499,0.542812,0.542749,0.537477,0.541976
2017020687,2018,0.0,3,0.520843,0.550024,0.527247,0.538419,0.537891,0.536505,0.531874,0.531078,0.524836,0.542968
2017020688,2018,0.0,1,0.601565,0.530661,0.574064,0.547781,0.548604,0.544175,0.546604,0.546394,0.539944,0.531086
2017020689,2018,1.0,0,0.576171,0.527803,0.52622,0.523046,0.529369,0.522781,0.544271,0.543771,0.550643,0.51556
2017020690,2018,0.0,1,0.497703,0.468276,0.446945,0.45011,0.453141,0.454902,0.458541,0.45852,0.467708,0.446598
2017020691,2018,1.0,0,0.586749,0.585703,0.548448,0.595577,0.593793,0.594287,0.602144,0.602251,0.596372,0.591578
2017020692,2018,0.0,3,0.379364,0.373402,0.364253,0.384716,0.377492,0.38529,0.391601,0.391409,0.390608,0.371431
2017020693,2018,1.0,0,0.628357,0.618995,0.635998,0.656283,0.656557,0.658539,0.65392,0.653958,0.642575,0.644489
2017020694,2018,1.0,0,0.517692,0.447119,0.471277,0.51529,0.508911,0.520542,0.508259,0.508488,0.506046,0.479634
2017020695,2018,1.0,2,0.423335,0.441,0.466132,0.412627,0.4129,0.414704,0.426532,0.426308,0.423752,0.416594
2017020696,2018,0.0,1,0.491953,0.454917,0.441605,0.447959,0.450078,0.446571,0.458335,0.45846,0.46205,0.439636
2017020697,2018,1.0,0,0.690284,0.62111,0.660085,0.663915,0.673059,0.660829,0.679073,0.678871,0.679652,0.643536
2017020698,2018,1.0,2,0.535986,0.521803,0.532609,0.54222,0.532737,0.536855,0.534819,0.53517,0.542166,0.530828
2017020699,2018,1.0,2,0.548027,0.55632,0.487366,0.531674,0.533737,0.532977,0.533674,0.533814,0.538154,0.538077
2017020700,2018,0.0,1,0.470056,0.501855,0.424715,0.469351,0.46437,0.465623,0.474616,0.4747,0.462792,0.478588
2017020701,2018,0.0,1,0.61673,0.643217,0.612388,0.628563,0.632788,0.631926,0.635707,0.63542,0.630399,0.637577
2017020702,2018,1.0,2,0.738159,0.707774,0.701658,0.722479,0.728018,0.718925,0.705552,0.70578,0.705085,0.718205
2017020703,2018,1.0,0,0.480797,0.452608,0.451009,0.458725,0.452368,0.453009,0.457005,0.456827,0.442695,0.447294
2017020704,2018,0.0,1,0.529896,0.508056,0.490189,0.535817,0.526602,0.537638,0.530796,0.531238,0.53358,0.520732
2017020705,2018,1.0,2,0.47984,0.516395,0.434889,0.498391,0.49686,0.49915,0.512339,0.512234,0.492486,0.504355
2017020706,2018,0.0,1,0.661757,0.620452,0.60634,0.64549,0.643016,0.64593,0.652946,0.652998,0.64987,0.633648
2017020707,2018,1.0,0,0.552121,0.52092,0.533227,0.548451,0.553169,0.553273,0.552055,0.552661,0.555595,0.532895
2017020708,2018,0.0,1,0.42077,0.391917,0.383296,0.389846,0.390996,0.39295,0.384519,0.384579,0.386252,0.378761
2017020709,2018,1.0,0,0.579501,0.562004,0.575645,0.600057,0.588229,0.588995,0.587281,0.587374,0.589855,0.584702
2017020710,2018,1.0,0,0.489421,0.490287,0.495997,0.505874,0.496407,0.503614,0.480166,0.480289,0.473637,0.49638
2017020711,2018,0.0,3,0.537327,0.520065,0.523153,0.491509,0.498379,0.489187,0.471336,0.471017,0.484587,0.494619
2017020712,2018,0.0,1,0.4593,0.435213,0.441669,0.396138,0.399315,0.395224,0.385835,0.385438,0.396779,0.398421
2017020713,2018,0.0,1,0.502981,0.466676,0.438048,0.489123,0.482307,0.487532,0.480941,0.481202,0.479423,0.472278
2017020714,2018,0.0,1,0.527266,0.465362,0.466748,0.493582,0.495155,0.494173,0.495358,0.495412,0.500643,0.471957
2017020715,2018,0.0,1,0.724709,0.704442,0.720584,0.707185,0.711538,0.708644,0.694244,0.694597,0.698556,0.707641
2017020716,2018,1.0,0,0.648974,0.63663,0.633072,0.662588,0.665106,0.663185,0.661907,0.662311,0.653813,0.654514
2017020717,2018,1.0,0,0.525533,0.525087,0.522079,0.530523,0.519277,0.526581,0.526904,0.527229,0.538263,0.525412
2017020718,2018,0.0,1,0.588711,0.677539,0.611079,0.595332,0.599231,0.593812,0.57767,0.577792,0.584858,0.634575
2017020719,2018,1.0,0,0.502336,0.490312,0.484007,0.485567,0.482458,0.485924,0.485223,0.485254,0.482016,0.480802
2017020720,2018,1.0,0,0.619518,0.615207,0.628321,0.635489,0.632858,0.635821,0.629349,0.629255,0.618037,0.62918
2017020721,2018,0.0,3,0.629997,0.592599,0.551523,0.633937,0.63843,0.639152,0.631657,0.631746,0.631517,0.616617
2017020722,2018,0.0,1,0.498778,0.495293,0.527927,0.475547,0.476589,0.478774,0.454133,0.453487,0.466202,0.476553
2017020723,2018,1.0,0,0.669083,0.656529,0.67219,0.685661,0.676788,0.68303,0.692397,0.692184,0.681634,0.677388
2017020724,2018,0.0,1,0.546226,0.504258,0.50302,0.552247,0.557564,0.558708,0.55532,0.555586,0.550686,0.528561
2017020725,2018,1.0,0,0.545415,0.590174,0.549616,0.602596,0.595839,0.60631,0.591394,0.591661,0.588834,0.60319
2017020726,2018,0.0,1,0.580692,0.609105,0.604614,0.568037,0.575531,0.572411,0.572626,0.572119,0.581663,0.584118
2017020727,2018,0.0,1,0.567051,0.585363,0.594624,0.603139,0.608434,0.600868,0.608871,0.609095,0.593287,0.598939
2017020728,2018,1.0,0,0.636612,0.620351,0.680519,0.668837,0.661981,0.672234,0.655667,0.655742,0.67114,0.653046
2017020729,2018,0.0,1,0.495399,0.541485,0.46304,0.492937,0.498019,0.492196,0.49129,0.491291,0.482662,0.510397
2017020730,2018,0.0,3,0.6873,0.666481,0.676925,0.699932,0.70115,0.697158,0.688782,0.688603,0.689477,0.689814
2017020731,2018,1.0,2,0.414981,0.458862,0.4311,0.448034,0.437742,0.448271,0.438142,0.437923,0.438397,0.450385
2017020732,2018,1.0,0,0.659366,0.663008,0.657082,0.683026,0.676536,0.682621,0.68527,0.685365,0.68606,0.679547
2017020733,2018,1.0,0,0.62952,0.613822,0.594363,0.602196,0.606152,0.60441,0.61201,0.611685,0.611919,0.6042
2017020734,2018,1.0,0,0.53594,0.573785,0.55613,0.551843,0.549951,0.552225,0.54263,0.542398,0.547171,0.561558
2017020735,2018,0.0,3,0.498687,0.478368,0.454496,0.426176,0.439379,0.433623,0.426334,0.426315,0.442528,0.434451
2017020736,2018,1.0,0,0.63533,0.645424,0.666043,0.672154,0.668335,0.675142,0.666188,0.666566,0.663633,0.66672
2017020737,2018,0.0,3,0.536214,0.543908,0.49686,0.549498,0.55259,0.548138,0.557152,0.557447,0.561225,0.546064
2017020738,2018,1.0,0,0.601823,0.60996,0.645081,0.606497,0.605318,0.604435,0.59008,0.589999,0.595209,0.608619
2017020739,2018,0.0,1,0.66071,0.655372,0.657355,0.669695,0.67499,0.669522,0.671461,0.671539,0.667861,0.666634
2017020740,2018,1.0,0,0.43429,0.426795,0.419756,0.407225,0.40982,0.402991,0.418159,0.418257,0.427806,0.405121
2017020741,2018,1.0,0,0.573893,0.589809,0.601834,0.543563,0.539742,0.54209,0.529933,0.529763,0.535501,0.558958
2017020742,2018,1.0,0,0.549145,0.567531,0.551767,0.601276,0.595628,0.605762,0.580681,0.581155,0.578919,0.59153
2017020743,2018,0.0,3,0.551928,0.547169,0.551862,0.512159,0.510161,0.510327,0.508003,0.508241,0.517859,0.519831
2017020744,2018,0.0,3,0.568444,0.602173,0.536416,0.570502,0.573394,0.568583,0.566997,0.567121,0.559784,0.583963
2017020745,2018,0.0,3,0.545461,0.535145,0.561153,0.569175,0.566263,0.564198,0.586148,0.586346,0.57507,0.554689
2017020746,2018,0.0,1,0.436425,0.464042,0.47073,0.417464,0.423541,0.421479,0.418794,0.418419,0.424252,0.428949
2017020747,2018,0.0,1,0.468921,0.476866,0.464107,0.482312,0.476439,0.478676,0.469365,0.469268,0.476704,0.476197
2017020748,2018,1.0,0,0.559542,0.586373,0.548607,0.539548,0.550259,0.539435,0.541419,0.541318,0.538574,0.556237
2017020749,2018,0.0,1,0.554527,0.508371,0.528359,0.522449,0.519912,0.521747,0.519924,0.519838,0.520463,0.508705
2017020750,2018,0.0,1,0.425818,0.396182,0.362914,0.368126,0.36686,0.366213,0.359912,0.359983,0.377574,0.365157
2017020751,2018,0.0,1,0.482318,0.431052,0.462015,0.47717,0.473218,0.479409,0.470566,0.470681,0.47989,0.449859
2017020752,2018,0.0,1,0.42992,0.455469,0.45111,0.395612,0.40004,0.396048,0.398734,0.398533,0.407923,0.410491
2017020753,2018,1.0,0,0.613951,0.640684,0.623092,0.631819,0.632202,0.635879,0.625053,0.625201,0.624929,0.638955
2017020754,2018,0.0,1,0.566852,0.571365,0.602521,0.574828,0.572187,0.571986,0.564218,0.564418,0.557083,0.572823
2017020755,2018,1.0,2,0.521384,0.535003,0.521604,0.53371,0.535402,0.534864,0.529111,0.529594,0.523119,0.532687
2017020756,2018,0.0,1,0.413713,0.441113,0.432987,0.402873,0.396431,0.403385,0.400529,0.400331,0.390373,0.410949
2017020757,2018,0.0,1,0.58098,0.576652,0.557916,0.564976,0.565701,0.563618,0.562569,0.562554,0.572379,0.566791
2017020758,2018,0.0,1,0.591854,0.645532,0.618514,0.582877,0.583714,0.580935,0.561819,0.561435,0.578765,0.610303
2017020759,2018,1.0,2,0.534598,0.512027,0.517349,0.498174,0.504547,0.499903,0.491948,0.492602,0.5022,0.495849
2017020760,2018,0.0,1,0.57021,0.597214,0.597548,0.580117,0.57105,0.577499,0.569888,0.570083,0.577101,0.588077
2017020761,2018,0.0,1,0.59302,0.611503,0.611819,0.583007,0.582805,0.584211,0.565587,0.565346,0.580319,0.594124
2017020762,2018,0.0,1,0.498052,0.465289,0.486211,0.461473,0.45311,0.461101,0.448964,0.449204,0.440942,0.453059
2017020763,2018,0.0,1,0.598326,0.522012,0.602749,0.568548,0.569486,0.566292,0.569979,0.569739,0.557763,0.542033
2017020764,2018,1.0,0,0.576634,0.585511,0.569154,0.563759,0.569505,0.564333,0.582172,0.581773,0.57271,0.570577
2017020765,2018,1.0,0,0.576752,0.646385,0.654984,0.609801,0.612852,0.608721,0.599775,0.599226,0.595214,0.630694
2017020766,2018,0.0,3,0.518256,0.528715,0.487515,0.486206,0.494998,0.48635,0.469688,0.46967,0.482907,0.497151
2017020767,2018,1.0,0,0.625799,0.611851,0.599655,0.613651,0.613124,0.617653,0.613185,0.613119,0.612074,0.61168
2017020768,2018,0.0,1,0.598034,0.538274,0.571559,0.59657,0.598465,0.594792,0.591328,0.591664,0.595413,0.569271
2017020769,2018,1.0,0,0.496614,0.502523,0.476704,0.518894,0.512236,0.520514,0.505608,0.505567,0.515496,0.510248
2017020770,2018,0.0,1,0.543137,0.558623,0.597747,0.591737,0.589221,0.587299,0.596189,0.595908,0.575752,0.581478
2017020771,2018,0.0,1,0.52062,0.494038,0.493981,0.544851,0.538854,0.543499,0.548414,0.547993,0.545981,0.521644
2017020772,2018,1.0,2,0.486537,0.507907,0.490349,0.45042,0.45385,0.452413,0.446583,0.446381,0.455991,0.46628
2017020773,2018,1.0,0,0.56697,0.650742,0.598354,0.589078,0.593305,0.589732,0.586968,0.586391,0.589848,0.619799
2017020774,2018,1.0,2,0.462591,0.478039,0.423559,0.43204,0.425902,0.433276,0.441923,0.441868,0.446361,0.44251
2017020775,2018,1.0,0,0.629612,0.5948,0.570665,0.597532,0.596228,0.596664,0.599399,0.59949,0.598251,0.592113
2017020776,2018,1.0,0,0.568014,0.586162,0.586472,0.569484,0.569697,0.568524,0.567476,0.567509,0.575437,0.575837
2017020777,2018,0.0,1,0.480515,0.468072,0.495062,0.474074,0.477744,0.474883,0.478134,0.478019,0.470026,0.465085
2017020778,2018,1.0,0,0.506409,0.524767,0.496498,0.445453,0.449797,0.448574,0.470707,0.470743,0.472552,0.468284
2017020779,2018,0.0,1,0.552974,0.532083,0.518998,0.557287,0.561434,0.557491,0.562948,0.563098,0.553892,0.544105
2017020780,2018,1.0,0,0.558365,0.601804,0.584021,0.56072,0.561445,0.558974,0.55526,0.554783,0.55053,0.578212
2017020781,2018,1.0,2,0.455878,0.433342,0.423176,0.413344,0.405451,0.411217,0.414139,0.414138,0.420435,0.409902
2017020782,2018,1.0,0,0.589208,0.573801,0.573203,0.603834,0.605532,0.59962,0.608349,0.608589,0.604835,0.591613
2017020783,2018,0.0,3,0.552748,0.525342,0.530185,0.557066,0.553923,0.560518,0.571886,0.571737,0.556093,0.540875
2017020784,2018,0.0,1,0.463981,0.485213,0.454926,0.473895,0.464545,0.468765,0.471424,0.470979,0.486803,0.474778
2017020785,2018,0.0,3,0.56374,0.626295,0.569024,0.567201,0.576233,0.569874,0.578526,0.578562,0.588978,0.593624
2017020786,2018,0.0,1,0.41023,0.465243,0.398629,0.402302,0.401204,0.403705,0.38982,0.389827,0.39056,0.421885
2017020787,2018,1.0,0,0.436955,0.412113,0.422331,0.403906,0.402101,0.405987,0.408818,0.408836,0.41044,0.395839
2017020788,2018,1.0,0,0.53144,0.556982,0.56423,0.511017,0.521999,0.513249,0.502494,0.502358,0.503743,0.525992
2017020789,2018,0.0,1,0.58191,0.630684,0.639972,0.597313,0.594136,0.592317,0.587338,0.587128,0.579438,0.614217
2017020790,2018,0.0,1,0.530376,0.51138,0.497003,0.519837,0.517991,0.517919,0.515199,0.515112,0.520187,0.51109
2017020791,2018,1.0,0,0.549123,0.53254,0.531636,0.606213,0.604508,0.6095,0.62268,0.622559,0.605333,0.579154
2017020792,2018,1.0,0,0.478642,0.481557,0.512554,0.452145,0.454312,0.449834,0.456491,0.456435,0.461328,0.456287
2017020793,2018,0.0,3,0.597841,0.646087,0.636815,0.66215,0.663293,0.663389,0.653624,0.653554,0.648921,0.664134
2017020794,2018,1.0,0,0.594978,0.594315,0.599576,0.584499,0.584136,0.585582,0.573182,0.573112,0.577646,0.586908
2017020795,2018,0.0,1,0.392163,0.423301,0.397114,0.396373,0.395727,0.397247,0.384568,0.384588,0.385289,0.400823
2017020796,2018,1.0,0,0.562792,0.588088,0.547941,0.546723,0.544424,0.545833,0.547807,0.54793,0.548425,0.561617
2017020797,2018,1.0,0,0.434064,0.458554,0.428923,0.420973,0.416791,0.423041,0.425319,0.425479,0.429932,0.429173
2017020798,2018,1.0,0,0.537281,0.506966,0.52864,0.537434,0.53285,0.537628,0.551853,0.551731,0.536337,0.520501
2017020799,2018,1.0,0,0.615712,0.628328,0.623803,0.602965,0.603641,0.607485,0.616262,0.616449,0.615248,0.613132
2017020800,2018,1.0,0,0.609726,0.652319,0.620742,0.633453,0.635273,0.630795,0.603501,0.603707,0.61346,0.645951
2017020801,2018,1.0,0,0.513376,0.532227,0.512068,0.498117,0.49291,0.493588,0.518656,0.518828,0.509524,0.507618
2017020802,2018,1.0,2,0.526245,0.523723,0.531087,0.538497,0.535009,0.5374,0.538945,0.538857,0.534292,0.530248
2017020803,2018,0.0,1,0.376774,0.382138,0.367671,0.327634,0.32234,0.324894,0.317092,0.316995,0.333838,0.336085
2017020804,2018,1.0,0,0.698797,0.662307,0.652714,0.631847,0.635469,0.633472,0.630708,0.630795,0.633294,0.639057
2017020805,2018,0.0,1,0.588618,0.555164,0.530605,0.601818,0.602326,0.604483,0.61269,0.612585,0.607442,0.581772
2017020806,2018,1.0,0,0.56878,0.608378,0.617637,0.606511,0.609095,0.606914,0.601365,0.601086,0.593417,0.611642
2017020807,2018,0.0,1,0.489086,0.537819,0.523604,0.499719,0.499348,0.497543,0.498076,0.497396,0.486539,0.514131
2017020808,2018,1.0,0,0.545509,0.538061,0.577599,0.534352,0.534285,0.533169,0.536885,0.536383,0.53408,0.531758
2017020809,2018,0.0,3,0.462379,0.418074,0.440831,0.432374,0.424514,0.435309,0.450506,0.449992,0.453362,0.415303
2017020810,2018,1.0,0,0.561716,0.615198,0.610834,0.604188,0.592653,0.60153,0.582849,0.582881,0.579787,0.613976
2017020811,2018,1.0,0,0.433629,0.481196,0.447077,0.412666,0.413807,0.411629,0.411538,0.411576,0.425581,0.433704
2017020812,2018,0.0,3,0.414057,0.424336,0.435436,0.412582,0.412141,0.415564,0.411284,0.411149,0.403636,0.410025
2017020813,2018,1.0,0,0.572167,0.53829,0.552331,0.566676,0.572786,0.56931,0.566553,0.566254,0.561964,0.551289
2017020814,2018,0.0,3,0.526262,0.548826,0.534965,0.49693,0.498126,0.49601,0.490891,0.490174,0.494037,0.513018
2017020815,2018,0.0,1,0.472892,0.504971,0.499206,0.473979,0.484259,0.474008,0.466476,0.466546,0.479649,0.482917
2017020816,2018,1.0,0,0.532793,0.425986,0.466377,0.47854,0.479991,0.476636,0.469138,0.469312,0.472215,0.442668
2017020817,2018,0.0,1,0.423846,0.379591,0.387803,0.403049,0.400694,0.403052,0.399696,0.399585,0.402839,0.381786
2017020818,2018,1.0,0,0.601331,0.607966,0.580254,0.572752,0.57514,0.572445,0.577864,0.577686,0.581608,0.584429
2017020819,2018,0.0,1,0.55577,0.546864,0.524781,0.498946,0.501787,0.498712,0.493076,0.493213,0.495405,0.510071
2017020820,2018,1.0,0,0.722184,0.695136,0.714753,0.681012,0.686294,0.679409,0.681078,0.681346,0.676649,0.68553
2017020821,2018,0.0,1,0.568413,0.568366,0.551201,0.537693,0.540053,0.536914,0.532768,0.532602,0.539939,0.545489
2017020822,2018,1.0,0,0.484082,0.453938,0.44952,0.458451,0.45142,0.454078,0.459302,0.459191,0.450486,0.447342
2017020823,2018,1.0,2,0.495435,0.481673,0.505237,0.483186,0.475832,0.486479,0.48791,0.486877,0.485557,0.47596
2017020824,2018,0.0,1,0.477513,0.400502,0.418692,0.411864,0.415422,0.408149,0.429239,0.429223,0.422891,0.391482
2017020825,2018,1.0,0,0.587552,0.588535,0.546102,0.539113,0.535505,0.541667,0.521497,0.521563,0.531334,0.553685
2017020826,2018,1.0,0,0.443627,0.500805,0.462139,0.450505,0.450675,0.452361,0.4341,0.43399,0.432089,0.468038
2017020827,2018,0.0,1,0.50312,0.52166,0.511347,0.462592,0.466107,0.465722,0.456583,0.456338,0.457388,0.479201
2017020828,2018,1.0,0,0.570533,0.57009,0.563088,0.574708,0.575164,0.575941,0.57559,0.57572,0.579069,0.571726
2017020829,2018,1.0,2,0.419839,0.356615,0.36041,0.368222,0.364086,0.370205,0.386311,0.38564,0.37718,0.347997
2017020830,2018,1.0,0,0.714268,0.697826,0.699356,0.728226,0.727769,0.728403,0.724419,0.724281,0.712364,0.720612
2017020831,2018,1.0,0,0.613979,0.646471,0.620436,0.62068,0.618724,0.624024,0.621122,0.62119,0.619386,0.634001
2017020832,2018,0.0,3,0.72686,0.68017,0.726111,0.727686,0.727341,0.728011,0.723558,0.724007,0.722049,0.711012
2017020833,2018,0.0,1,0.542236,0.54153,0.490512,0.526645,0.527267,0.526722,0.521064,0.521079,0.52468,0.528391
2017020834,2018,0.0,1,0.539785,0.535069,0.529808,0.536567,0.540791,0.539495,0.53682,0.536607,0.533505,0.532578
2017020835,2018,1.0,2,0.587252,0.550396,0.559581,0.550982,0.548057,0.548264,0.558101,0.558024,0.547308,0.544149
2017020836,2018,1.0,0,0.542659,0.478908,0.506557,0.471055,0.476702,0.470566,0.478175,0.478224,0.489208,0.46083
2017020837,2018,1.0,0,0.630402,0.57503,0.583058,0.603003,0.59764,0.603753,0.606644,0.606543,0.595338,0.586746
2017020838,2018,0.0,1,0.489553,0.505888,0.487469,0.453197,0.451496,0.449837,0.476098,0.47582,0.479064,0.466942
2017020839,2018,1.0,0,0.602971,0.667961,0.654914,0.646532,0.647151,0.646236,0.634288,0.63375,0.634727,0.662889
2017020840,2018,0.0,1,0.551748,0.57916,0.558124,0.558136,0.562129,0.55895,0.559657,0.559773,0.559632,0.566599
2017020841,2018,1.0,2,0.509768,0.498954,0.526842,0.475661,0.469523,0.473694,0.472226,0.472227,0.479877,0.477053
2017020842,2018,1.0,0,0.588476,0.607859,0.562191,0.612135,0.609492,0.613368,0.601695,0.601749,0.602985,0.613082
2017020843,2018,0.0,1,0.73278,0.748887,0.738877,0.752472,0.755373,0.753977,0.756408,0.756526,0.75943,0.758151
2017020844,2018,1.0,0,0.626351,0.663765,0.664767,0.647817,0.646892,0.647531,0.637833,0.637258,0.633569,0.659256
2017020845,2018,0.0,3,0.443528,0.416223,0.448369,0.406988,0.404365,0.408838,0.404135,0.403538,0.403882,0.3991
2017020846,2018,1.0,0,0.605477,0.592448,0.616933,0.639322,0.63505,0.636898,0.656797,0.656913,0.641629,0.623187
2017020847,2018,1.0,0,0.548246,0.629708,0.610086,0.537673,0.538087,0.535865,0.534763,0.534013,0.542967,0.576887
2017020848,2018,1.0,0,0.588516,0.55029,0.56115,0.599866,0.598885,0.595063,0.585235,0.585323,0.595261,0.578188
2017020849,2018,1.0,0,0.585342,0.516584,0.591271,0.608684,0.606367,0.612444,0.609925,0.610237,0.606911,0.569517
2017020850,2018,0.0,3,0.415246,0.449467,0.406291,0.421053,0.417027,0.423344,0.41987,0.419891,0.417967,0.427263
2017020851,2018,1.0,0,0.59334,0.595653,0.588466,0.597026,0.595347,0.602782,0.590775,0.590883,0.596512,0.596412
2017020852,2018,0.0,3,0.679529,0.646016,0.63967,0.65158,0.65468,0.64861,0.655285,0.655437,0.647518,0.647488
2017020853,2018,0.0,1,0.537084,0.534522,0.528543,0.502411,0.496411,0.502814,0.487499,0.487739,0.496982,0.508917
2017020854,2018,0.0,1,0.588672,0.635259,0.619025,0.659314,0.64964,0.661399,0.638324,0.638464,0.637605,0.658283
2017020855,2018,0.0,1,0.670836,0.675447,0.704005,0.702142,0.703751,0.704082,0.695577,0.695584,0.687096,0.697214
2017020856,2018,0.0,1,0.477945,0.491438,0.504207,0.450235,0.448826,0.45151,0.456487,0.456581,0.465097,0.459573
2017020857,2018,0.0,1,0.419231,0.42503,0.411813,0.390192,0.389858,0.388068,0.382202,0.381914,0.377205,0.39419
2017020858,2018,0.0,1,0.533734,0.474162,0.514038,0.476178,0.478169,0.476494,0.494133,0.493864,0.492248,0.463225
2017020859,2018,0.0,1,0.596768,0.60688,0.579237,0.54935,0.552131,0.55054,0.561213,0.561524,0.560139,0.568337
2017020860,2018,0.0,3,0.546251,0.56114,0.529129,0.564958,0.564821,0.565286,0.566025,0.56629,0.562197,0.56361
2017020861,2018,1.0,0,0.488992,0.502741,0.507653,0.488713,0.486689,0.486996,0.47392,0.473396,0.480139,0.490265
2017020862,2018,0.0,1,0.561657,0.530809,0.584187,0.543754,0.546698,0.541557,0.543251,0.543258,0.541254,0.533068
2017020863,2018,1.0,0,0.404883,0.396305,0.406545,0.430876,0.423862,0.431438,0.426131,0.426216,0.423505,0.410741
2017020864,2018,1.0,0,0.623494,0.606613,0.631124,0.637728,0.642883,0.640212,0.633879,0.63376,0.631131,0.626391
2017020865,2018,1.0,0,0.351842,0.36886,0.365737,0.342543,0.34347,0.340493,0.335837,0.335956,0.338202,0.343435
2017020866,2018,0.0,1,0.535791,0.458175,0.500663,0.49434,0.485379,0.493965,0.496442,0.496232,0.491178,0.468168
2017020867,2018,0.0,3,0.611757,0.564629,0.595713,0.626263,0.626254,0.626449,0.613451,0.613672,0.623905,0.60068
2017020868,2018,1.0,0,0.669121,0.689703,0.699443,0.703277,0.707624,0.703011,0.706388,0.706181,0.690749,0.704566
2017020869,2018,1.0,0,0.487228,0.546983,0.55012,0.488911,0.484454,0.484641,0.480387,0.479555,0.485263,0.511105
2017020870,2018,1.0,0,0.477036,0.464282,0.467302,0.455355,0.452931,0.459247,0.442886,0.442659,0.450749,0.450766
2017020871,2018,1.0,2,0.581194,0.58725,0.561294,0.612643,0.620119,0.610044,0.6134,0.613399,0.614641,0.604833
2017020872,2018,1.0,0,0.592396,0.593179,0.616183,0.660605,0.648281,0.663882,0.649277,0.649523,0.647056,0.640094
2017020873,2018,1.0,2,0.507634,0.560451,0.558151,0.50403,0.503225,0.504384,0.495711,0.49578,0.498379,0.525521
2017020874,2018,1.0,0,0.593157,0.565046,0.595483,0.592068,0.587196,0.591835,0.586071,0.586652,0.581363,0.578902
2017020875,2018,0.0,1,0.70307,0.693244,0.697763,0.702,0.705311,0.705267,0.697535,0.697902,0.696464,0.701474
2017020876,2018,1.0,0,0.581827,0.542514,0.58454,0.587935,0.585997,0.589512,0.576313,0.576007,0.571956,0.567013
2017020877,2018,1.0,0,0.552167,0.499858,0.490412,0.533616,0.538475,0.533801,0.524674,0.524617,0.507748,0.512826
2017020878,2018,0.0,1,0.494006,0.464298,0.476853,0.467344,0.464672,0.463556,0.471836,0.471995,0.467497,0.457132
2017020879,2018,1.0,0,0.519085,0.484574,0.4789,0.460236,0.46239,0.461808,0.473986,0.473935,0.466716,0.458651
2017020880,2018,1.0,0,0.522881,0.50137,0.514141,0.570349,0.555604,0.569088,0.560711,0.560398,0.562055,0.54263
2017020881,2018,1.0,0,0.598199,0.595936,0.59464,0.597009,0.602119,0.596326,0.609928,0.609786,0.603927,0.595969
2017020882,2018,1.0,2,0.596361,0.560089,0.55476,0.579102,0.579035,0.581897,0.583111,0.583252,0.596537,0.567171
2017020883,2018,1.0,0,0.67633,0.670541,0.672763,0.653073,0.654431,0.649887,0.660938,0.661013,0.6546,0.660306
2017020884,2018,0.0,1,0.625156,0.617366,0.606455,0.622543,0.635363,0.623704,0.624726,0.624794,0.619144,0.620486
2017020885,2018,0.0,1,0.528257,0.524884,0.573769,0.526247,0.52339,0.528352,0.519335,0.519576,0.513333,0.522031
2017020886,2018,0.0,1,0.521947,0.548552,0.516886,0.494124,0.492797,0.488578,0.469024,0.46805,0.475416,0.511443
2017020887,2018,1.0,0,0.461482,0.440055,0.419685,0.453743,0.451037,0.455629,0.445205,0.444773,0.436959,0.440271
2017020888,2018,1.0,0,0.6195,0.611146,0.610474,0.585087,0.57967,0.583689,0.578852,0.579158,0.586978,0.592297
2017020889,2018,1.0,0,0.660361,0.68062,0.672705,0.645175,0.644844,0.64518,0.653251,0.653323,0.647062,0.661537
2017020890,2018,0.0,3,0.547672,0.581909,0.547553,0.551648,0.558594,0.55095,0.549801,0.549848,0.541993,0.563865
2017020891,2018,0.0,1,0.539621,0.652609,0.6195,0.602846,0.607146,0.603018,0.596481,0.59627,0.58864,0.632975
2017020892,2018,1.0,0,0.614706,0.681509,0.65486,0.632442,0.634191,0.634344,0.638178,0.638025,0.639672,0.65849
2017020893,2018,1.0,0,0.52582,0.530063,0.54398,0.523882,0.525015,0.522431,0.527852,0.5277,0.52862,0.523064
2017020894,2018,0.0,1,0.421108,0.429192,0.425576,0.396144,0.397324,0.394814,0.388064,0.387839,0.398488,0.400006
2017020895,2018,1.0,0,0.496407,0.48819,0.482397,0.524554,0.518098,0.52688,0.516918,0.516932,0.521157,0.507589
2017020896,2018,0.0,3,0.573964,0.515137,0.5755,0.553833,0.547753,0.552487,0.554718,0.55477,0.55258,0.531438
2017020897,2018,1.0,0,0.461077,0.443155,0.424398,0.460369,0.456366,0.464367,0.444015,0.443799,0.444929,0.446327
2017020898,2018,0.0,1,0.679028,0.641887,0.641639,0.666601,0.667849,0.668198,0.669302,0.669453,0.669826,0.656198
2017020899,2018,1.0,0,0.587276,0.58384,0.574218,0.563105,0.563565,0.562736,0.560744,0.56055,0.561274,0.568105
2017020900,2018,1.0,0,0.640227,0.599685,0.603007,0.567655,0.564834,0.567154,0.568807,0.568975,0.560914,0.572349
2017020901,2018,0.0,1,0.671045,0.69875,0.670143,0.695257,0.703661,0.691911,0.69049,0.691002,0.690519,0.702939
2017020902,2018,1.0,0,0.456793,0.570171,0.508383,0.440422,0.440318,0.434899,0.445408,0.44471,0.448213,0.491629
2017020903,2018,0.0,1,0.58142,0.557504,0.59326,0.583382,0.580051,0.581004,0.568755,0.568827,0.573057,0.570727
2017020904,2018,1.0,0,0.374685,0.344016,0.350899,0.324473,0.31919,0.320398,0.315577,0.31561,0.322588,0.317355
2017020905,2018,0.0,1,0.537573,0.533688,0.49691,0.482645,0.492402,0.481407,0.480567,0.480804,0.47415,0.494743
2017020906,2018,0.0,1,0.55112,0.504542,0.498236,0.561326,0.565591,0.566233,0.55297,0.553157,0.548454,0.534484
2017020907,2018,0.0,3,0.559062,0.644331,0.59356,0.632229,0.631523,0.632357,0.622061,0.621876,0.620941,0.646931
2017020908,2018,0.0,1,0.463529,0.522653,0.490775,0.506335,0.512169,0.506919,0.508564,0.508759,0.507937,0.514655
2017020909,2018,0.0,1,0.46734,0.451251,0.470789,0.427717,0.425158,0.42921,0.429563,0.429585,0.441232,0.426733
2017020910,2018,1.0,0,0.610354,0.61268,0.628058,0.614857,0.620352,0.617854,0.619703,0.619822,0.614125,0.614695
2017020911,2018,1.0,0,0.560291,0.58096,0.531972,0.526019,0.528662,0.526019,0.531177,0.531425,0.534388,0.544263
2017020912,2018,0.0,1,0.497168,0.469749,0.448848,0.448253,0.44609,0.445701,0.456498,0.456216,0.457571,0.446046
2017020913,2018,0.0,1,0.370883,0.417266,0.419152,0.358607,0.35657,0.357737,0.364126,0.363946,0.356561,0.374084
2017020914,2018,0.0,3,0.472831,0.459002,0.448121,0.429914,0.421988,0.427882,0.428261,0.42822,0.429749,0.431171
2017020915,2018,1.0,0,0.662441,0.703184,0.664412,0.722333,0.724252,0.720601,0.711163,0.711128,0.713832,0.724467
2017020916,2018,0.0,1,0.519939,0.60289,0.540285,0.490479,0.490497,0.485025,0.490277,0.489512,0.49359,0.534807
2017020917,2018,0.0,1,0.576543,0.563933,0.578835,0.499477,0.496783,0.495501,0.490583,0.490421,0.49495,0.515975
2017020918,2018,1.0,0,0.613264,0.578469,0.631092,0.604279,0.611554,0.605047,0.598417,0.598111,0.606163,0.591257
2017020919,2018,0.0,1,0.519465,0.469042,0.493482,0.43386,0.428259,0.433232,0.437457,0.436889,0.433595,0.433194
2017020920,2018,1.0,2,0.610394,0.545266,0.568595,0.579185,0.584312,0.583471,0.605282,0.605106,0.594506,0.558746
2017020921,2018,0.0,1,0.539127,0.455661,0.478162,0.517453,0.520661,0.51784,0.490159,0.490198,0.506284,0.482631
2017020922,2018,0.0,1,0.429861,0.381202,0.424672,0.420223,0.417876,0.427112,0.407663,0.407683,0.414038,0.393552
2017020923,2018,0.0,1,0.553677,0.581978,0.555492,0.55535,0.553698,0.556808,0.543585,0.543535,0.554261,0.565765
2017020924,2018,0.0,1,0.56734,0.619742,0.60989,0.58295,0.588242,0.582806,0.591795,0.591861,0.585298,0.600883
2017020925,2018,0.0,1,0.441083,0.435067,0.441856,0.41617,0.41445,0.41452,0.431411,0.431384,0.424704,0.414322
2017020926,2018,0.0,3,0.508574,0.510529,0.522229,0.477087,0.471886,0.4731,0.474437,0.47447,0.489417,0.483521
2017020927,2018,1.0,2,0.593595,0.677259,0.629525,0.595993,0.600624,0.590047,0.593669,0.593188,0.583045,0.634339
2017020928,2018,1.0,0,0.564536,0.554259,0.508428,0.526654,0.529304,0.527331,0.509225,0.509346,0.52552,0.531713
2017020929,2018,1.0,0,0.599369,0.586598,0.593102,0.558304,0.557291,0.558084,0.557417,0.55739,0.550108,0.564648
2017020930,2018,1.0,2,0.606954,0.629384,0.643481,0.596605,0.607375,0.599371,0.579594,0.579197,0.590269,0.61027
2017020931,2018,0.0,1,0.460105,0.489649,0.449441,0.474128,0.475044,0.473319,0.469195,0.469283,0.463359,0.477435
2017020932,2018,1.0,0,0.570231,0.545601,0.559445,0.55177,0.543351,0.552331,0.552987,0.55264,0.546853,0.544482
2017020933,2018,1.0,0,0.511992,0.529978,0.556565,0.575661,0.560393,0.572945,0.549936,0.549715,0.554953,0.560694
2017020934,2018,0.0,1,0.406179,0.389465,0.397344,0.390962,0.391852,0.391966,0.383446,0.383272,0.381952,0.380046
2017020935,2018,0.0,3,0.610977,0.582733,0.60421,0.58625,0.589759,0.591301,0.581191,0.581477,0.593053,0.580881
2017020936,2018,1.0,0,0.455416,0.502105,0.483177,0.437081,0.433417,0.435385,0.442319,0.442075,0.435747,0.457876
2017020937,2018,1.0,0,0.58465,0.606693,0.564659,0.619046,0.62374,0.617952,0.610185,0.610243,0.60261,0.617779
2017020938,2018,1.0,2,0.554209,0.571076,0.59058,0.549319,0.542219,0.547139,0.554045,0.55416,0.554326,0.556453
2017020939,2018,0.0,1,0.441496,0.436948,0.42398,0.441178,0.436448,0.441523,0.443147,0.443067,0.438854,0.43245
2017020940,2018,0.0,1,0.572709,0.539735,0.529718,0.561393,0.561925,0.561159,0.563668,0.564071,0.562185,0.548197
2017020941,2018,0.0,1,0.480586,0.51945,0.441152,0.420887,0.43011,0.415446,0.443869,0.443854,0.437152,0.451543
2017020942,2018,0.0,1,0.424335,0.513254,0.486976,0.447478,0.440696,0.447025,0.431407,0.430706,0.436049,0.473914
2017020943,2018,0.0,1,0.541707,0.533306,0.519812,0.542228,0.535748,0.540633,0.534281,0.534438,0.543567,0.535478
2017020944,2018,1.0,0,0.510603,0.585163,0.513043,0.534901,0.540693,0.533609,0.534354,0.534011,0.528673,0.55808
2017020945,2018,1.0,0,0.678772,0.665863,0.675383,0.658297,0.656319,0.660206,0.655733,0.65595,0.651825,0.661435
2017020946,2018,0.0,1,0.475931,0.464672,0.445626,0.477608,0.480028,0.479736,0.470263,0.470295,0.470097,0.466492
2017020947,2018,1.0,0,0.584982,0.628166,0.613761,0.59636,0.587076,0.593177,0.585298,0.58522,0.592156,0.612035
2017020948,2018,1.0,0,0.513492,0.438639,0.483072,0.475025,0.474322,0.475427,0.471886,0.471652,0.470662,0.448343
2017020949,2018,0.0,3,0.411453,0.456512,0.457876,0.411209,0.408105,0.409406,0.404434,0.403891,0.402838,0.424037
2017020950,2018,1.0,0,0.540246,0.462709,0.471859,0.518577,0.521927,0.52438,0.526451,0.526837,0.531902,0.486556
2017020951,2018,1.0,0,0.432408,0.457304,0.419486,0.445172,0.430283,0.438527,0.443911,0.443673,0.445007,0.445639
2017020952,2018,1.0,0,0.520598,0.573443,0.558741,0.494448,0.499988,0.497447,0.49033,0.490339,0.494081,0.523483
2017020953,2018,1.0,0,0.710811,0.689071,0.665529,0.719865,0.718431,0.720381,0.713953,0.714425,0.721305,0.71123
2017020954,2018,1.0,0,0.543302,0.51959,0.5437,0.583254,0.585841,0.583369,0.574349,0.575008,0.569056,0.557705
2017020955,2018,0.0,1,0.514995,0.521361,0.513196,0.514056,0.514279,0.511369,0.526236,0.52617,0.513976,0.513466
2017020956,2018,1.0,0,0.39348,0.393981,0.401251,0.431933,0.423916,0.428565,0.422185,0.422213,0.423682,0.411708
2017020957,2018,0.0,1,0.608463,0.57156,0.560841,0.611957,0.612314,0.614731,0.599689,0.599864,0.594438,0.594069
2017020958,2018,1.0,0,0.361985,0.330056,0.342625,0.315369,0.313432,0.312922,0.3103,0.310439,0.309775,0.30628
2017020959,2018,1.0,0,0.601687,0.59802,0.57695,0.589201,0.594394,0.58752,0.592269,0.592424,0.584457,0.591108
2017020960,2018,0.0,3,0.575792,0.5925,0.544438,0.552293,0.56131,0.549088,0.562368,0.562685,0.550742,0.566026
2017020961,2018,1.0,2,0.578001,0.524553,0.592256,0.556174,0.558603,0.557722,0.552049,0.552073,0.551844,0.536936
2017020962,2018,0.0,3,0.604259,0.57122,0.561436,0.598087,0.597354,0.600585,0.597139,0.596933,0.593015,0.584651
2017020963,2018,0.0,1,0.521147,0.514475,0.517939,0.493567,0.487783,0.492948,0.484995,0.484657,0.494444,0.495341
2017020964,2018,1.0,0,0.475577,0.517576,0.521143,0.496738,0.50403,0.498565,0.502137,0.502049,0.488277,0.504247
2017020965,2018,0.0,3,0.479224,0.506251,0.497362,0.479825,0.47972,0.478429,0.471679,0.471453,0.464227,0.48684
2017020966,2018,1.0,2,0.595974,0.579494,0.586086,0.576918,0.574211,0.576804,0.579593,0.579842,0.572423,0.574652
2017020967,2018,1.0,0,0.587765,0.580916,0.563034,0.601636,0.606488,0.604508,0.605951,0.605905,0.59442,0.593493
2017020968,2018,1.0,2,0.52071,0.51234,0.505858,0.52834,0.532109,0.531496,0.522977,0.523029,0.518014,0.518566
2017020969,2018,1.0,2,0.663781,0.60499,0.628026,0.647658,0.647292,0.648901,0.646736,0.646716,0.643084,0.627928
2017020970,2018,0.0,1,0.678451,0.658036,0.666625,0.693278,0.700088,0.694986,0.690388,0.690364,0.685997,0.682366
2017020971,2018,1.0,0,0.667396,0.629034,0.648173,0.645391,0.642477,0.64145,0.640398,0.640383,0.642637,0.63682
2017020972,2018,1.0,2,0.484963,0.507815,0.468447,0.497586,0.491224,0.494714,0.530521,0.530949,0.511021,0.499238
2017020973,2018,1.0,0,0.585066,0.549678,0.592098,0.586716,0.587887,0.588727,0.585827,0.58591,0.582094,0.569054
2017020974,2018,0.0,1,0.520971,0.499079,0.537013,0.509058,0.500719,0.509866,0.50345,0.503129,0.507203,0.499006
2017020975,2018,1.0,0,0.561496,0.555948,0.585965,0.548154,0.552486,0.549258,0.545204,0.545347,0.550802,0.547774
2017020976,2018,0.0,1,0.573774,0.568786,0.588107,0.532068,0.52724,0.526573,0.5243,0.524583,0.537356,0.541161
2017020977,2018,1.0,0,0.598188,0.574593,0.569388,0.594058,0.592779,0.596287,0.588309,0.588416,0.590503,0.584086
2017020978,2018,1.0,0,0.518233,0.566781,0.583401,0.509818,0.514525,0.510544,0.496442,0.496226,0.502656,0.53127
2017020979,2018,0.0,3,0.733031,0.732218,0.72437,0.725104,0.725395,0.724412,0.730479,0.730467,0.719579,0.7318
2017020980,2018,1.0,0,0.612785,0.624192,0.609806,0.598601,0.599482,0.595787,0.593016,0.593293,0.57483,0.608526
2017020981,2018,1.0,0,0.511575,0.464848,0.472198,0.480329,0.491759,0.482647,0.486779,0.487067,0.479045,0.464355
2017020982,2018,0.0,3,0.490732,0.465635,0.491758,0.489249,0.480386,0.49028,0.470128,0.469837,0.463855,0.473295
2017020983,2018,1.0,0,0.535935,0.540823,0.55567,0.534112,0.523259,0.532725,0.507973,0.507936,0.519199,0.533979
2017020984,2018,0.0,1,0.622501,0.544241,0.593477,0.55962,0.561377,0.559078,0.563768,0.563755,0.566915,0.543099
2017020985,2018,1.0,0,0.573478,0.553066,0.521481,0.545085,0.543438,0.543435,0.551012,0.551097,0.553051,0.542906
2017020986,2018,0.0,3,0.475135,0.509487,0.503616,0.503039,0.4981,0.503388,0.500913,0.500858,0.492235,0.504934
2017020987,2018,0.0,1,0.432719,0.414157,0.450489,0.392594,0.389455,0.393811,0.386581,0.386358,0.388829,0.389425
2017020988,2018,1.0,0,0.365305,0.421682,0.334861,0.383727,0.367481,0.377131,0.375616,0.375358,0.36418,0.394407
2017020989,2018,1.0,0,0.583862,0.530817,0.561564,0.549095,0.546506,0.551879,0.541615,0.541494,0.540023,0.534186
2017020990,2018,1.0,0,0.584943,0.490951,0.562733,0.578438,0.573497,0.579885,0.580499,0.580887,0.571859,0.536334
2017020991,2018,0.0,1,0.572886,0.530182,0.496074,0.55859,0.553498,0.557657,0.558936,0.558924,0.556529,0.541819
2017020992,2018,1.0,0,0.633137,0.632732,0.610515,0.612462,0.611733,0.613087,0.616198,0.616136,0.621278,0.619707
2017020993,2018,1.0,0,0.550247,0.609079,0.581644,0.608017,0.608442,0.607715,0.590518,0.590397,0.586829,0.615066
2017020994,2018,1.0,0,0.649489,0.638572,0.66563,0.652316,0.647602,0.647315,0.643877,0.644112,0.635739,0.648142
2017020995,2018,1.0,0,0.455419,0.444904,0.390161,0.407357,0.404099,0.402167,0.403992,0.403915,0.394508,0.411043
2017020996,2018,0.0,1,0.566299,0.621577,0.600842,0.639948,0.625477,0.638944,0.612102,0.611671,0.613049,0.641087
2017020997,2018,0.0,3,0.368631,0.369441,0.357592,0.354985,0.345147,0.357692,0.34476,0.344745,0.341227,0.350407
2017020998,2018,0.0,1,0.654795,0.675492,0.66077,0.642446,0.637333,0.637999,0.635349,0.635332,0.643744,0.657887
2017020999,2018,1.0,0,0.57838,0.551767,0.557713,0.530916,0.532944,0.53611,0.527369,0.527468,0.537812,0.531885
2017021000,2018,1.0,2,0.626372,0.619348,0.600596,0.632504,0.632071,0.631781,0.622086,0.621975,0.624041,0.628197
2017021001,2018,1.0,2,0.544428,0.551867,0.575499,0.549552,0.553813,0.549507,0.537536,0.537997,0.538114,0.548832
2017021002,2018,0.0,1,0.600172,0.521447,0.573451,0.584168,0.577882,0.584796,0.572297,0.572768,0.574564,0.552562
2017021003,2018,1.0,2,0.664506,0.688816,0.65412,0.684448,0.685514,0.687886,0.685989,0.686038,0.693209,0.691694
2017021004,2018,1.0,2,0.657893,0.669461,0.680672,0.677631,0.686026,0.681829,0.658108,0.658055,0.671185,0.678879
2017021005,2018,1.0,0,0.570858,0.535642,0.517486,0.570559,0.572394,0.573614,0.559169,0.559629,0.561092,0.552944
2017021006,2018,1.0,0,0.493985,0.518268,0.500887,0.533591,0.529278,0.529975,0.523369,0.523202,0.520593,0.528037
2017021007,2018,0.0,1,0.538107,0.567704,0.565654,0.61831,0.604184,0.618288,0.614446,0.614059,0.60299,0.604795
2017021008,2018,1.0,0,0.526129,0.520958,0.480591,0.509925,0.505104,0.50669,0.513711,0.513834,0.513904,0.509122
2017021009,2018,0.0,3,0.427825,0.364888,0.407751,0.358143,0.351425,0.358954,0.351783,0.351814,0.342789,0.344043
2017021010,2018,1.0,0,0.583443,0.518381,0.568888,0.592266,0.588311,0.596054,0.580436,0.580991,0.588521,0.55887
2017021011,2018,0.0,1,0.461883,0.457227,0.483023,0.449354,0.450155,0.453215,0.45312,0.452964,0.456358,0.445101
2017021012,2018,0.0,1,0.454839,0.526001,0.484224,0.438895,0.442257,0.43923,0.430845,0.430363,0.438291,0.470207
2017021013,2018,1.0,0,0.646984,0.644254,0.680263,0.670719,0.671683,0.666977,0.658764,0.658779,0.653824,0.663885
2017021014,2018,0.0,1,0.593874,0.557375,0.58398,0.531348,0.535562,0.535034,0.524777,0.524901,0.529108,0.532958
2017021015,2018,1.0,0,0.409416,0.399248,0.401809,0.380043,0.381391,0.382933,0.388465,0.388763,0.394844,0.376602
2017021016,2018,1.0,2,0.64298,0.589114,0.619352,0.6179,0.630183,0.624223,0.61477,0.614746,0.61774,0.602166
2017021017,2018,0.0,3,0.627395,0.63834,0.658291,0.634254,0.636426,0.635891,0.628835,0.629099,0.631185,0.638027
2017021018,2018,1.0,2,0.626217,0.613485,0.630718,0.626312,0.629969,0.627958,0.643067,0.643144,0.629429,0.621207
2017021019,2018,1.0,2,0.492217,0.520253,0.520595,0.438585,0.440114,0.438926,0.417785,0.417707,0.433856,0.463025
2017021020,2018,1.0,2,0.67822,0.71865,0.710738,0.652269,0.662061,0.651156,0.660165,0.660253,0.660891,0.682682
2017021021,2018,1.0,0,0.543558,0.558072,0.517083,0.515001,0.51573,0.518755,0.527804,0.52776,0.524595,0.527857
2017021022,2018,0.0,1,0.474738,0.453644,0.448537,0.356072,0.370211,0.354984,0.367772,0.367639,0.372895,0.376743
2017021023,2018,1.0,0,0.504646,0.52251,0.497874,0.518984,0.520062,0.516776,0.521385,0.52111,0.522793,0.518615
2017021024,2018,1.0,2,0.647537,0.649732,0.65453,0.663255,0.670396,0.664867,0.66783,0.667607,0.663139,0.661082
2017021025,2018,1.0,0,0.633382,0.648109,0.597094,0.66332,0.663906,0.660798,0.678535,0.678494,0.670089,0.66198
2017021026,2018,1.0,0,0.64198,0.554514,0.629993,0.643409,0.646021,0.646424,0.635048,0.635254,0.640007,0.604864
2017021027,2018,1.0,2,0.569088,0.6627,0.58605,0.581032,0.580895,0.581366,0.583932,0.583124,0.592342,0.619914
2017021028,2018,1.0,0,0.5159,0.515214,0.540389,0.505336,0.50427,0.504491,0.501618,0.501764,0.508671,0.504462
2017021029,2018,0.0,1,0.467573,0.398663,0.450722,0.413488,0.421558,0.417945,0.413729,0.413792,0.418422,0.392846
2017021030,2018,0.0,1,0.474053,0.487372,0.491372,0.488092,0.475011,0.484431,0.470687,0.470575,0.470327,0.484466
2017021031,2018,0.0,1,0.575958,0.554492,0.572034,0.548709,0.55375,0.550682,0.551191,0.551507,0.552421,0.545796
2017021032,2018,1.0,0,0.627571,0.647831,0.645059,0.594665,0.601537,0.595339,0.587101,0.587103,0.606421,0.61531
2017021033,2018,0.0,1,0.43978,0.451918,0.447235,0.414368,0.422572,0.418155,0.410208,0.409964,0.406128,0.420888
2017021034,2018,1.0,2,0.585199,0.624563,0.587774,0.593499,0.589302,0.591864,0.60999,0.609983,0.61321,0.608358
2017021035,2018,0.0,3,0.595305,0.639746,0.593683,0.619219,0.621002,0.617715,0.629825,0.629607,0.621347,0.631953
2017021036,2018,0.0,1,0.455535,0.447789,0.442655,0.467196,0.469709,0.471617,0.465256,0.465225,0.463169,0.453829
2017021037,2018,1.0,0,0.664849,0.655518,0.664736,0.70248,0.696963,0.704595,0.698437,0.698004,0.685374,0.68932
2017021038,2018,1.0,0,0.590325,0.587214,0.542771,0.571591,0.567404,0.571136,0.589769,0.589512,0.585998,0.575201
2017021039,2018,1.0,0,0.610474,0.67193,0.615696,0.631369,0.632007,0.625906,0.621937,0.621735,0.621037,0.653667
2017021040,2018,0.0,1,0.588453,0.567748,0.543579,0.552142,0.556381,0.549591,0.548514,0.548319,0.544384,0.552867
2017021041,2018,1.0,2,0.554842,0.562313,0.604771,0.556723,0.565133,0.55776,0.546171,0.546023,0.54761,0.557444
2017021042,2018,1.0,0,0.523276,0.54229,0.53297,0.512781,0.509531,0.513253,0.514057,0.514102,0.510337,0.52132
2017021043,2018,1.0,0,0.564153,0.54062,0.577953,0.564863,0.566086,0.566289,0.559474,0.559527,0.562619,0.552027
2017021044,2018,1.0,0,0.617841,0.630744,0.624053,0.666114,0.664081,0.663657,0.665509,0.665643,0.657987,0.657846
2017021045,2018,0.0,1,0.497105,0.443031,0.467876,0.443734,0.452589,0.448752,0.442393,0.442218,0.441657,0.430676
2017021046,2018,1.0,0,0.522893,0.575323,0.56401,0.531093,0.531071,0.53063,0.531522,0.531752,0.529903,0.549437
2017021047,2018,0.0,1,0.399885,0.390033,0.363178,0.324998,0.320862,0.321008,0.311252,0.311013,0.324145,0.335151
2017021048,2018,1.0,0,0.642163,0.623714,0.675359,0.60802,0.615494,0.6102,0.60626,0.606328,0.617069,0.611349
2017021049,2018,0.0,3,0.405485,0.369472,0.394349,0.37837,0.379705,0.380128,0.376548,0.376432,0.380975,0.362346
2017021050,2018,1.0,2,0.69527,0.673448,0.658304,0.708953,0.70706,0.709243,0.711147,0.710984,0.710418,0.698377
2017021051,2018,1.0,0,0.483234,0.524129,0.484308,0.489844,0.493064,0.491867,0.483677,0.483452,0.479767,0.501604
2017021052,2018,1.0,0,0.625838,0.563007,0.591292,0.618087,0.623917,0.619343,0.605054,0.605351,0.601174,0.592473
2017021053,2018,0.0,1,0.575657,0.560709,0.574868,0.599117,0.595733,0.599771,0.591223,0.591475,0.585983,0.583893
2017021054,2018,0.0,1,0.52861,0.550077,0.555562,0.507358,0.507076,0.505417,0.503976,0.503793,0.502064,0.520564
2017021055,2018,1.0,0,0.491531,0.53186,0.503123,0.4976,0.486291,0.494316,0.464152,0.463679,0.473912,0.509613
2017021056,2018,1.0,2,0.574156,0.591857,0.571737,0.59301,0.581329,0.592855,0.580225,0.579826,0.572958,0.59407
2017021057,2018,0.0,3,0.693996,0.699983,0.678874,0.729853,0.730995,0.727725,0.713867,0.71409,0.71377,0.724961
2017021058,2018,1.0,0,0.456889,0.481561,0.425057,0.420508,0.421124,0.418119,0.421706,0.421806,0.431627,0.436702
2017021059,2018,1.0,0,0.446563,0.455066,0.383329,0.451417,0.441838,0.448145,0.450822,0.450295,0.42631,0.447302
2017021060,2018,0.0,1,0.582918,0.641155,0.635498,0.602917,0.605966,0.598183,0.585927,0.585525,0.587242,0.62286
2017021061,2018,1.0,0,0.619902,0.603896,0.584889,0.62307,0.626542,0.62366,0.624706,0.624253,0.622672,0.615285
2017021062,2018,1.0,0,0.531545,0.553617,0.534176,0.536123,0.531932,0.535541,0.525244,0.524751,0.52869,0.54181
2017021063,2018,1.0,0,0.56535,0.449875,0.498654,0.489686,0.497373,0.488902,0.496372,0.496537,0.512564,0.457674
2017021064,2018,0.0,1,0.507372,0.520635,0.511369,0.506853,0.511407,0.509823,0.51229,0.512205,0.51289,0.509009
2017021065,2018,1.0,2,0.547752,0.549925,0.524086,0.51699,0.524783,0.517242,0.504422,0.504456,0.51257,0.524951
2017021066,2018,1.0,0,0.612686,0.637427,0.582083,0.635257,0.633803,0.635526,0.634459,0.634429,0.624362,0.639964
2017021067,2018,0.0,1,0.616143,0.605116,0.607159,0.586575,0.583058,0.584322,0.581008,0.581059,0.582717,0.590898
2017021068,2018,0.0,1,0.561905,0.539412,0.554984,0.56917,0.568439,0.570116,0.575821,0.576266,0.570213,0.554744
2017021069,2018,1.0,0,0.673167,0.662667,0.656686,0.722656,0.722328,0.727991,0.719638,0.719551,0.711724,0.705938
2017021070,2018,1.0,0,0.641962,0.633708,0.647057,0.637684,0.63925,0.637117,0.627703,0.627762,0.623082,0.63659
2017021071,2018,0.0,1,0.419624,0.47597,0.416667,0.455127,0.448488,0.452472,0.457837,0.457134,0.44345,0.46265
2017021072,2018,1.0,0,0.481615,0.483571,0.482289,0.454538,0.456845,0.453154,0.44593,0.445799,0.458742,0.458535
2017021073,2018,0.0,1,0.701844,0.709704,0.702839,0.766496,0.762814,0.766308,0.768138,0.768394,0.767322,0.754312
2017021074,2018,1.0,0,0.589044,0.655688,0.590929,0.627049,0.632959,0.625329,0.631938,0.632178,0.625979,0.645435
2017021075,2018,0.0,1,0.633533,0.654169,0.6777,0.664748,0.664146,0.668139,0.667123,0.666847,0.672679,0.665706
2017021076,2018,1.0,0,0.559714,0.61151,0.583075,0.569102,0.562557,0.565082,0.555231,0.554601,0.558465,0.588382
2017021077,2018,1.0,2,0.404364,0.453191,0.424127,0.413832,0.411748,0.410735,0.410736,0.410549,0.408762,0.425191
2017021078,2018,1.0,2,0.583284,0.586862,0.572678,0.567537,0.564696,0.56685,0.559566,0.559381,0.570131,0.573049
2017021079,2018,1.0,2,0.440764,0.380828,0.423082,0.34496,0.346235,0.344,0.347603,0.347655,0.362843,0.34072
2017021080,2018,0.0,3,0.490745,0.470646,0.471356,0.450779,0.445986,0.448167,0.454493,0.454252,0.455772,0.448944
2017021081,2018,0.0,1,0.640132,0.601936,0.624701,0.637378,0.637519,0.635615,0.622788,0.623147,0.626628,0.622086
2017021082,2018,1.0,0,0.675362,0.643682,0.656647,0.709593,0.708644,0.713206,0.708834,0.708886,0.694935,0.688095
2017021083,2018,0.0,1,0.40738,0.412029,0.395249,0.424744,0.422727,0.426796,0.44636,0.446591,0.432849,0.413544
2017021084,2018,0.0,1,0.452846,0.441882,0.420562,0.436653,0.423372,0.43381,0.444105,0.443687,0.438219,0.430289
2017021085,2018,0.0,1,0.537643,0.546327,0.546244,0.501354,0.498001,0.502703,0.497406,0.497317,0.503948,0.513605
2017021086,2018,0.0,1,0.412032,0.414088,0.440808,0.377038,0.379682,0.378041,0.369008,0.369258,0.370527,0.380907
2017021087,2018,1.0,0,0.458833,0.465314,0.411631,0.466436,0.457662,0.464237,0.465561,0.465435,0.458483,0.46102
2017021088,2018,0.0,1,0.597165,0.616503,0.593771,0.575096,0.571349,0.575851,0.577879,0.577807,0.58591,0.590554
2017021089,2018,1.0,0,0.616003,0.562112,0.611734,0.64054,0.632552,0.641442,0.622606,0.62288,0.635208,0.609261
2017021090,2018,0.0,1,0.340772,0.337589,0.351791,0.311069,0.296967,0.310381,0.30985,0.309502,0.31431,0.308948
2017021091,2018,1.0,0,0.644564,0.635379,0.644592,0.66776,0.667994,0.668155,0.659001,0.659345,0.650254,0.658092
2017021092,2018,1.0,0,0.655146,0.640277,0.656522,0.627063,0.633598,0.63037,0.596033,0.596018,0.612755,0.630719
2017021093,2018,1.0,2,0.498087,0.466442,0.456704,0.445077,0.443394,0.441086,0.447425,0.447424,0.461841,0.442223
2017021094,2018,0.0,1,0.430515,0.354308,0.397169,0.385581,0.38317,0.383958,0.37588,0.375976,0.370937,0.357504
2017021095,2018,0.0,1,0.502618,0.569755,0.50991,0.504444,0.501835,0.501158,0.506954,0.506397,0.502566,0.530743
2017021096,2018,1.0,0,0.650507,0.637891,0.634496,0.656607,0.658291,0.656755,0.66291,0.663235,0.653295,0.650715
2017021097,2018,0.0,1,0.541921,0.535611,0.499041,0.492191,0.49058,0.491329,0.49856,0.498792,0.492019,0.501763
2017021098,2018,1.0,0,0.456458,0.44589,0.467505,0.443195,0.440104,0.444692,0.451534,0.451896,0.465882,0.436244
2017021099,2018,0.0,1,0.581174,0.567205,0.56244,0.565564,0.563087,0.565172,0.558967,0.55883,0.558042,0.562796
2017021100,2018,0.0,1,0.61569,0.604388,0.60465,0.648854,0.643061,0.647852,0.633084,0.633455,0.632696,0.634128
2017021101,2018,1.0,0,0.649221,0.647237,0.62016,0.640173,0.639694,0.64205,0.627816,0.627281,0.63647,0.643724
2017021102,2018,0.0,1,0.563807,0.555003,0.507939,0.573056,0.572496,0.573683,0.587478,0.587189,0.57688,0.564403
2017021103,2018,0.0,1,0.503254,0.579886,0.528615,0.542826,0.54176,0.540219,0.532724,0.53212,0.528197,0.561905
2017021104,2018,1.0,0,0.614583,0.649886,0.623944,0.679354,0.678286,0.680708,0.678871,0.678934,0.662523,0.676005
2017021105,2018,1.0,2,0.588509,0.615431,0.593656,0.631698,0.62307,0.63239,0.60582,0.605633,0.598076,0.630133
2017021106,2018,0.0,1,0.387512,0.425032,0.357696,0.373843,0.368813,0.37108,0.366021,0.366023,0.365248,0.386371
2017021107,2018,0.0,1,0.401403,0.416525,0.379161,0.352814,0.348867,0.350139,0.359827,0.360021,0.357509,0.366193
2017021108,2018,1.0,0,0.607456,0.558278,0.584871,0.607049,0.611042,0.604448,0.6052,0.605265,0.588971,0.584681
2017021109,2018,1.0,0,0.600433,0.555087,0.574008,0.551401,0.552418,0.552605,0.555674,0.555971,0.553694,0.545049
2017021110,2018,1.0,0,0.656235,0.660122,0.650551,0.698697,0.695904,0.700289,0.697908,0.697768,0.688483,0.689613
2017021111,2018,0.0,1,0.563449,0.480292,0.476704,0.517971,0.518617,0.518819,0.527693,0.52766,0.530179,0.491571
2017021112,2018,1.0,0,0.475714,0.51508,0.49481,0.488763,0.478766,0.483521,0.479497,0.479209,0.475859,0.497537
2017021113,2018,0.0,3,0.507675,0.524888,0.493772,0.509192,0.508847,0.507431,0.504324,0.503631,0.49916,0.512566
2017021114,2018,1.0,0,0.613224,0.599702,0.575,0.604921,0.600175,0.603716,0.588093,0.588153,0.609752,0.601465
2017021115,2018,1.0,0,0.60989,0.602628,0.594621,0.64529,0.644515,0.644578,0.64538,0.645747,0.641989,0.631476
2017021116,2018,0.0,3,0.615467,0.605339,0.658256,0.594953,0.59638,0.59423,0.586458,0.586279,0.595258,0.596887
2017021117,2018,0.0,1,0.341186,0.325832,0.338855,0.324379,0.318988,0.327981,0.330383,0.330522,0.335437,0.312789
2017021118,2018,0.0,1,0.490078,0.478423,0.524145,0.427796,0.431059,0.428074,0.423399,0.423432,0.432995,0.436585
2017021119,2018,0.0,3,0.579852,0.565512,0.610534,0.578928,0.584202,0.57882,0.577921,0.577599,0.572767,0.571477
2017021120,2018,1.0,0,0.457705,0.443762,0.44599,0.4702,0.466574,0.47023,0.457773,0.457953,0.457295,0.453788
2017021121,2018,1.0,0,0.41665,0.363479,0.370509,0.378758,0.36076,0.37551,0.374881,0.374835,0.385719,0.358631
2017021122,2018,0.0,1,0.504674,0.472732,0.486393,0.43393,0.440128,0.432532,0.443761,0.443686,0.460044,0.436606
2017021123,2018,1.0,0,0.621589,0.572862,0.578987,0.595884,0.600854,0.596641,0.594273,0.594376,0.605242,0.581806
2017021124,2018,0.0,1,0.523841,0.609904,0.572934,0.575787,0.564514,0.573136,0.562422,0.561721,0.559118,0.596243
2017021125,2018,0.0,1,0.498832,0.456062,0.483457,0.492041,0.499515,0.495551,0.509627,0.509731,0.49671,0.46986
2017021126,2018,1.0,2,0.462796,0.448833,0.441468,0.460703,0.456789,0.46111,0.447852,0.447362,0.460336,0.448985
2017021127,2018,1.0,0,0.590968,0.570342,0.566838,0.594987,0.592655,0.594739,0.594967,0.595048,0.588467,0.583628
2017021128,2018,1.0,2,0.58648,0.582842,0.576017,0.581139,0.580646,0.581965,0.58171,0.581944,0.593438,0.580244
2017021129,2018,0.0,1,0.53896,0.581637,0.540734,0.518248,0.513171,0.518061,0.516594,0.516264,0.523957,0.541686
2017021130,2018,1.0,0,0.691145,0.671813,0.683898,0.697083,0.697335,0.698935,0.693311,0.693401,0.688299,0.68974
2017021131,2018,1.0,0,0.62338,0.633326,0.624236,0.613731,0.614544,0.611378,0.608228,0.608395,0.616664,0.621997
2017021132,2018,0.0,1,0.550986,0.531799,0.531619,0.524098,0.529718,0.528752,0.533856,0.534123,0.5462,0.521097
2017021133,2018,1.0,0,0.689413,0.703775,0.666397,0.71323,0.716694,0.717788,0.714152,0.713637,0.714206,0.71557
2017021134,2018,1.0,2,0.492026,0.493324,0.437096,0.483191,0.481795,0.484535,0.482875,0.482878,0.472961,0.481733
2017021135,2018,0.0,1,0.482051,0.540145,0.509321,0.497432,0.49547,0.493367,0.493099,0.492471,0.493626,0.514437
2017021136,2018,0.0,1,0.418452,0.397839,0.386191,0.377208,0.370299,0.375535,0.385357,0.385144,0.392335,0.372996
2017021137,2018,1.0,0,0.579012,0.636603,0.610686,0.651689,0.641172,0.65175,0.62204,0.62204,0.615954,0.654636
2017021138,2018,1.0,0,0.5912,0.652382,0.615711,0.644576,0.651137,0.648034,0.657564,0.657408,0.6488,0.655619
2017021139,2018,1.0,0,0.570009,0.564605,0.575592,0.581405,0.583538,0.582858,0.570578,0.570808,0.565859,0.573927
2017021140,2018,0.0,1,0.511727,0.492799,0.486561,0.506527,0.500646,0.504872,0.505657,0.505354,0.511656,0.495416
2017021141,2018,0.0,1,0.40302,0.439225,0.414485,0.395161,0.385626,0.392278,0.383377,0.383101,0.390318,0.405933
2017021142,2018,0.0,1,0.616958,0.610856,0.595302,0.604613,0.60802,0.601632,0.602733,0.602732,0.600372,0.605975
2017021143,2018,0.0,1,0.631523,0.626824,0.616777,0.634181,0.636222,0.63299,0.627077,0.626768,0.618387,0.632198
2017021144,2018,0.0,1,0.518783,0.48487,0.493815,0.489492,0.489944,0.486127,0.477837,0.477838,0.479917,0.479115
2017021145,2018,1.0,2,0.558317,0.547944,0.570998,0.584774,0.592213,0.588051,0.578001,0.577566,0.571887,0.569995
2017021146,2018,0.0,1,0.506433,0.548784,0.486539,0.525454,0.521137,0.529303,0.526335,0.526304,0.535239,0.535063
2017021147,2018,0.0,3,0.662405,0.686982,0.669926,0.695756,0.70454,0.69726,0.691265,0.691026,0.687008,0.698868
2017021148,2018,1.0,0,0.678053,0.693241,0.670771,0.698474,0.704847,0.701868,0.694326,0.69459,0.680807,0.701864
2017021149,2018,1.0,2,0.57336,0.617269,0.571984,0.60034,0.588932,0.598471,0.585285,0.585346,0.588858,0.610986
2017021150,2018,0.0,1,0.462138,0.485699,0.426189,0.468584,0.467994,0.470243,0.472301,0.472262,0.463417,0.471526
2017021151,2018,1.0,2,0.49706,0.449775,0.482509,0.522869,0.519367,0.523497,0.52787,0.527617,0.518235,0.488521
2017021152,2018,1.0,0,0.636548,0.574564,0.62327,0.620059,0.62545,0.624594,0.613217,0.61328,0.610387,0.597835
2017021153,2018,1.0,0,0.677171,0.673915,0.674479,0.679091,0.681707,0.6793,0.666455,0.666276,0.653615,0.679736
2017021154,2018,0.0,1,0.413352,0.413682,0.433588,0.347189,0.348518,0.342416,0.337605,0.337636,0.343439,0.359649
2017021155,2018,0.0,1,0.543286,0.452534,0.479796,0.484928,0.484682,0.486667,0.480031,0.480533,0.499662,0.458185
2017021156,2018,1.0,0,0.653189,0.634838,0.629172,0.677268,0.679979,0.678848,0.675573,0.675328,0.671907,0.66359
2017021157,2018,1.0,0,0.424828,0.392064,0.424944,0.366417,0.368439,0.366983,0.35194,0.351784,0.348111,0.36224
2017021158,2018,0.0,1,0.547062,0.519648,0.529652,0.571553,0.566692,0.571661,0.565746,0.565831,0.568895,0.549068
2017021159,2018,1.0,0,0.639029,0.589868,0.614471,0.581225,0.594055,0.579944,0.60508,0.60514,0.609436,0.577319
2017021160,2018,0.0,1,0.552899,0.536091,0.548221,0.580729,0.576279,0.579317,0.574047,0.573941,0.570345,0.562362
2017021161,2018,1.0,0,0.495131,0.487747,0.529332,0.499892,0.497223,0.502951,0.50388,0.503492,0.503861,0.490393
2017021162,2018,1.0,0,0.502174,0.500026,0.503463,0.463708,0.47151,0.462294,0.466737,0.466855,0.472135,0.470113
2017021163,2018,1.0,2,0.62158,0.615887,0.608756,0.620741,0.630849,0.620854,0.623738,0.623281,0.613797,0.618966
2017021164,2018,0.0,1,0.646626,0.640473,0.661161,0.66551,0.670292,0.667881,0.669953,0.670132,0.651223,0.658567
2017021165,2018,1.0,2,0.520016,0.534337,0.51844,0.528642,0.528336,0.530868,0.51584,0.515714,0.521347,0.529018
2017021166,2018,0.0,3,0.525534,0.48664,0.508927,0.511422,0.509692,0.511353,0.512018,0.511627,0.513319,0.494372
2017021167,2018,0.0,3,0.498134,0.504576,0.515166,0.448245,0.448938,0.443233,0.435376,0.435156,0.442002,0.461897
2017021168,2018,0.0,1,0.717106,0.694012,0.707438,0.724476,0.730459,0.724938,0.71619,0.715742,0.700755,0.71595
2017021169,2018,0.0,1,0.496914,0.47959,0.462178,0.465589,0.459436,0.465174,0.472195,0.472129,0.477189,0.462623
2017021170,2018,0.0,1,0.449955,0.457173,0.44658,0.363309,0.368637,0.360829,0.380184,0.380079,0.384768,0.386161
2017021171,2018,1.0,0,0.570067,0.647068,0.612671,0.618992,0.622881,0.620201,0.613089,0.612804,0.602139,0.637996
2017021172,2018,1.0,0,0.563407,0.520595,0.559859,0.543098,0.548872,0.538027,0.53454,0.534822,0.522528,0.527693
2017021173,2018,0.0,1,0.73134,0.712083,0.703684,0.722598,0.729564,0.725084,0.720259,0.720087,0.723067,0.721054
2017021174,2018,0.0,3,0.458558,0.481594,0.42187,0.414234,0.411121,0.409541,0.420633,0.420394,0.424017,0.432124
2017021175,2018,1.0,0,0.596429,0.626964,0.591314,0.550432,0.549838,0.549816,0.555845,0.555899,0.565206,0.578723
2017021176,2018,1.0,0,0.621861,0.561137,0.578885,0.63281,0.629846,0.635879,0.639063,0.639095,0.626087,0.602597
2017021177,2018,1.0,0,0.569465,0.470479,0.515671,0.506089,0.513061,0.508226,0.52145,0.521647,0.516472,0.478075
2017021178,2018,0.0,1,0.526721,0.507904,0.527114,0.477937,0.47534,0.479762,0.484703,0.484798,0.490171,0.480802
2017021179,2018,1.0,0,0.384783,0.364895,0.374494,0.349619,0.336058,0.346942,0.328728,0.328636,0.343457,0.342862
2017021180,2018,1.0,2,0.524782,0.543913,0.497117,0.493931,0.495532,0.493796,0.496566,0.496736,0.494995,0.50882
2017021181,2018,1.0,2,0.592732,0.607183,0.54367,0.580923,0.582577,0.578879,0.565434,0.565563,0.566436,0.590697
2017021182,2018,1.0,2,0.537958,0.55905,0.506405,0.535727,0.537953,0.534515,0.520425,0.519968,0.522961,0.54332
2017021183,2018,1.0,2,0.528592,0.523806,0.526584,0.492608,0.496124,0.492971,0.484639,0.48441,0.484844,0.498128
2017021184,2018,0.0,1,0.506595,0.468071,0.50218,0.459057,0.459773,0.459554,0.458647,0.458669,0.461421,0.451687
2017021185,2018,1.0,0,0.402844,0.420096,0.397606,0.360335,0.352665,0.355543,0.359483,0.359346,0.359968,0.372915
2017021186,2018,1.0,0,0.588865,0.586663,0.608491,0.576152,0.583049,0.57888,0.568844,0.568465,0.567293,0.578276
2017021187,2018,1.0,2,0.654169,0.616857,0.643992,0.658962,0.655704,0.661514,0.636127,0.636216,0.638629,0.642449
2017021188,2018,0.0,1,0.534918,0.472345,0.497146,0.512846,0.508601,0.512133,0.505503,0.505364,0.506433,0.487661
2017021189,2018,0.0,1,0.68189,0.647267,0.650725,0.618864,0.626194,0.622117,0.616878,0.617041,0.627977,0.625085
2017021190,2018,1.0,0,0.551582,0.560759,0.594318,0.542731,0.54964,0.544129,0.539951,0.539943,0.53722,0.547394
2017021191,2018,0.0,1,0.507726,0.525687,0.495722,0.477752,0.473071,0.475985,0.465289,0.46525,0.472103,0.491088
2017021192,2018,0.0,3,0.452267,0.409083,0.430567,0.396111,0.38952,0.394531,0.38798,0.388036,0.392032,0.387379
2017021193,2018,1.0,2,0.460701,0.431838,0.448791,0.46247,0.458568,0.465475,0.465797,0.466024,0.466971,0.442574
2017021194,2018,1.0,0,0.592361,0.605781,0.564469,0.563681,0.561741,0.560153,0.563378,0.563633,0.563322,0.578199
2017021195,2018,1.0,0,0.616917,0.581957,0.62245,0.623688,0.622733,0.623921,0.620422,0.620641,0.621072,0.606083
2017021196,2018,1.0,0,0.4374,0.435029,0.412973,0.397157,0.391569,0.391916,0.396886,0.396852,0.382279,0.401504
2017021197,2018,0.0,1,0.466461,0.50922,0.481518,0.424677,0.419653,0.424426,0.418227,0.417873,0.441184,0.451152
2017021198,2018,1.0,0,0.474242,0.50044,0.464203,0.418601,0.419139,0.418171,0.411849,0.411711,0.427746,0.441973
2017021199,2018,1.0,0,0.674178,0.655207,0.649127,0.655372,0.657561,0.659148,0.648687,0.648679,0.65269,0.655014
2017021200,2018,0.0,1,0.446571,0.402008,0.386291,0.427999,0.412868,0.424822,0.440501,0.44035,0.448391,0.406659
2017021201,2018,0.0,1,0.442201,0.438507,0.437799,0.38729,0.400449,0.388063,0.386463,0.386703,0.411224,0.395639
2017021202,2018,0.0,1,0.674636,0.567414,0.610495,0.632584,0.641329,0.635692,0.627096,0.627324,0.6293,0.598839
2017021203,2018,1.0,0,0.560251,0.533829,0.543541,0.595262,0.59742,0.597367,0.579648,0.579843,0.585336,0.570717
2017021204,2018,1.0,2,0.548535,0.540937,0.527655,0.559054,0.563229,0.562597,0.57703,0.577089,0.569278,0.549927
2017021205,2018,1.0,2,0.549332,0.518807,0.53323,0.499891,0.497224,0.500271,0.478745,0.478921,0.495298,0.498461
2017021206,2018,1.0,0,0.629002,0.625156,0.661444,0.638033,0.646528,0.64047,0.630998,0.631271,0.631549,0.634408
2017021207,2018,1.0,0,0.554307,0.562837,0.567642,0.561622,0.569595,0.564056,0.555896,0.556164,0.546092,0.56115
2017021208,2018,1.0,2,0.413959,0.412263,0.405374,0.366836,0.361196,0.366014,0.365923,0.365866,0.369086,0.372751
2017021209,2018,0.0,1,0.537848,0.520616,0.53843,0.467132,0.472564,0.466791,0.444609,0.444229,0.464358,0.477866
2017021210,2018,1.0,0,0.575252,0.569713,0.599684,0.571113,0.57858,0.574053,0.571659,0.572113,0.576227,0.568506
2017021211,2018,1.0,0,0.682724,0.680102,0.682458,0.725711,0.73021,0.730437,0.727597,0.72745,0.719924,0.714595
2017021212,2018,0.0,1,0.545832,0.6162,0.593695,0.628148,0.615699,0.628924,0.601391,0.600932,0.605851,0.6327
2017021213,2018,0.0,1,0.756088,0.730864,0.738546,0.76063,0.768846,0.759884,0.741049,0.741191,0.742526,0.753226
2017021214,2018,1.0,0,0.472806,0.52838,0.449637,0.455679,0.45663,0.456205,0.459113,0.459288,0.452548,0.480984
2017021215,2018,1.0,0,0.418399,0.416704,0.434503,0.42378,0.412803,0.420112,0.420321,0.420329,0.4142,0.413764
2017021216,2018,1.0,0,0.52104,0.603002,0.543989,0.520737,0.521439,0.521149,0.506903,0.506563,0.518837,0.555582
2017021217,2018,1.0,0,0.53592,0.495557,0.484945,0.470488,0.466385,0.469939,0.471438,0.471439,0.468268,0.468875
2017021218,2018,1.0,2,0.461162,0.478393,0.446485,0.439555,0.433876,0.437746,0.431522,0.431504,0.432159,0.448079
2017021219,2018,0.0,1,0.539526,0.552632,0.537597,0.559675,0.552386,0.557249,0.5636,0.563684,0.561123,0.556786
2017021220,2018,0.0,1,0.506675,0.512444,0.504633,0.49603,0.503628,0.49616,0.482767,0.482972,0.481672,0.497786
2017021221,2018,0.0,1,0.555851,0.592706,0.589649,0.539591,0.545069,0.538701,0.531765,0.531396,0.526923,0.559675
2017021222,2018,1.0,2,0.601568,0.596759,0.60459,0.598399,0.602326,0.602617,0.602632,0.602872,0.606388,0.596925
2017021223,2018,1.0,0,0.706229,0.711361,0.712189,0.717905,0.721039,0.716498,0.695506,0.695509,0.707974,0.720363
2017021224,2018,0.0,1,0.396762,0.383581,0.383604,0.359824,0.353019,0.35758,0.35102,0.350942,0.363758,0.356966
2017021225,2018,1.0,0,0.594604,0.547139,0.545309,0.579653,0.581104,0.578027,0.590423,0.590433,0.589201,0.561812
2017021226,2018,0.0,1,0.496373,0.547109,0.516465,0.503631,0.507156,0.506084,0.51509,0.515199,0.512695,0.520321
2017021227,2018,1.0,0,0.624243,0.61117,0.637714,0.631499,0.633393,0.634855,0.631451,0.631485,0.628648,0.624004
2017021228,2018,1.0,0,0.60029,0.613865,0.611558,0.585712,0.585382,0.587004,0.590308,0.590383,0.593085,0.596254
2017021229,2018,1.0,0,0.561213,0.563333,0.581504,0.595715,0.586961,0.597036,0.572189,0.572044,0.574303,0.584356
2017021230,2018,1.0,0,0.488216,0.482018,0.427314,0.480212,0.471651,0.477802,0.483641,0.483316,0.480465,0.474889
2017021231,2018,1.0,2,0.654888,0.64804,0.650095,0.654886,0.655761,0.652872,0.666106,0.66594,0.651375,0.65364
2017021232,2018,0.0,3,0.403628,0.407366,0.410493,0.381811,0.379726,0.381793,0.385083,0.38505,0.381252,0.38215
2017021233,2018,1.0,0,0.538336,0.519242,0.490502,0.517075,0.506692,0.512988,0.505564,0.505266,0.511769,0.51188
2017021234,2018,1.0,0,0.452734,0.470492,0.460747,0.415796,0.415252,0.414568,0.431509,0.431135,0.435948,0.428844
2017021235,2018,0.0,1,0.587494,0.63541,0.599319,0.539825,0.53629,0.536804,0.528992,0.528975,0.546804,0.576607
2017021236,2018,0.0,3,0.419526,0.422355,0.415703,0.419926,0.418539,0.419586,0.420703,0.420548,0.408885,0.413572
2017021237,2018,0.0,1,0.613765,0.594446,0.61954,0.591128,0.596252,0.592572,0.574783,0.574474,0.589521,0.589371
2017021238,2018,0.0,1,0.512796,0.543277,0.514094,0.485345,0.483068,0.48833,0.48591,0.485749,0.48937,0.503947
2017021239,2018,0.0,1,0.604684,0.59544,0.605249,0.633841,0.64154,0.63729,0.624485,0.62453,0.616974,0.620756
2017021240,2018,1.0,0,0.538302,0.541181,0.475545,0.502875,0.503046,0.503837,0.50759,0.507577,0.51722,0.51219
2017021241,2018,1.0,0,0.47913,0.444516,0.451571,0.432274,0.429054,0.432304,0.454218,0.454053,0.445547,0.425477
2017021242,2018,1.0,0,0.536222,0.573311,0.536415,0.598926,0.584508,0.598222,0.596746,0.596103,0.573204,0.593972
2017021243,2018,1.0,0,0.5992,0.522638,0.572906,0.5855,0.589008,0.587155,0.588095,0.588428,0.577118,0.554164
2017021244,2018,0.0,1,0.536296,0.506515,0.525375,0.495007,0.50277,0.497607,0.485067,0.485187,0.49734,0.490906
2017021245,2018,0.0,3,0.519077,0.491209,0.498539,0.519801,0.512271,0.515678,0.512447,0.51212,0.507924,0.503056
2017021246,2018,0.0,1,0.553556,0.54408,0.533992,0.550132,0.548964,0.553835,0.529543,0.529397,0.538584,0.544581
2017021247,2018,1.0,0,0.474162,0.454435,0.430899,0.419757,0.418466,0.417573,0.418137,0.417737,0.421695,0.421879
2017021248,2018,1.0,0,0.677386,0.615282,0.636131,0.728267,0.733257,0.732787,0.721037,0.721117,0.713619,0.689565
2017021249,2018,1.0,0,0.475417,0.457176,0.475033,0.532739,0.525924,0.530844,0.540519,0.540139,0.517374,0.501347
2017021250,2018,1.0,2,0.538913,0.549518,0.522817,0.506826,0.512203,0.508801,0.511567,0.511556,0.510671,0.51874
2017021251,2018,1.0,2,0.54034,0.55053,0.506956,0.500738,0.497044,0.498987,0.497427,0.497455,0.500413,0.514822
2017021252,2018,1.0,0,0.611571,0.616774,0.650075,0.607723,0.613413,0.608688,0.602609,0.602283,0.603152,0.611502
2017021253,2018,1.0,0,0.695427,0.714483,0.71901,0.698832,0.698182,0.700222,0.697948,0.697835,0.70569,0.709946
2017021254,2018,1.0,0,0.738982,0.722226,0.723778,0.732883,0.732861,0.729118,0.744512,0.744522,0.726596,0.731905
2017021255,2018,0.0,1,0.501972,0.456027,0.473413,0.435222,0.424106,0.430446,0.447264,0.446926,0.4427,0.43019
2017021256,2018,1.0,0,0.604292,0.573888,0.564856,0.557614,0.560437,0.558261,0.561022,0.561191,0.580684,0.557648
2017021257,2018,1.0,0,0.596149,0.605493,0.634113,0.655846,0.646238,0.658162,0.644058,0.644016,0.628997,0.641751
2017021258,2018,1.0,0,0.700914,0.710321,0.722634,0.749745,0.745526,0.751638,0.750178,0.750439,0.745977,0.742724
2017021259,2018,1.0,0,0.665859,0.66377,0.677968,0.682014,0.684084,0.684655,0.667359,0.667,0.677309,0.678452
2017021260,2018,0.0,3,0.525898,0.532604,0.556469,0.508286,0.512976,0.512442,0.494201,0.494271,0.492661,0.513403
2017021261,2018,1.0,0,0.680208,0.674755,0.673353,0.670048,0.673271,0.666719,0.664964,0.664871,0.664849,0.673511
2017021262,2018,1.0,0,0.640908,0.624283,0.596221,0.668694,0.666457,0.668377,0.660698,0.661012,0.648227,0.654207
2017021263,2018,1.0,2,0.416181,0.493954,0.446356,0.478136,0.476675,0.482719,0.478859,0.478862,0.476885,0.487361
2017021264,2018,1.0,0,0.662208,0.666989,0.669226,0.744261,0.746829,0.750232,0.724513,0.724654,0.722345,0.724558
2017021265,2018,1.0,0,0.609932,0.619767,0.593849,0.653402,0.644556,0.653369,0.630555,0.630727,0.632745,0.644877
2017021266,2018,1.0,0,0.506202,0.464266,0.465967,0.508796,0.495705,0.505371,0.499654,0.499168,0.492359,0.484428
2017021267,2018,0.0,1,0.417169,0.397541,0.431052,0.444832,0.43193,0.442657,0.436445,0.436415,0.411201,0.419456
2017021268,2018,1.0,0,0.45037,0.49713,0.495937,0.428328,0.423322,0.426959,0.429291,0.428738,0.437824,0.450042
2017021269,2018,1.0,2,0.610431,0.582487,0.618759,0.606209,0.6114,0.604514,0.608785,0.608944,0.596559,0.594783
2017021270,2018,0.0,1,0.604047,0.589762,0.588166,0.566804,0.567032,0.56858,0.559222,0.559366,0.571497,0.571461
2017021271,2018,0.0,1,0.550987,0.572857,0.544052,0.526687,0.526765,0.5256,0.504035,0.503742,0.516828,0.542
2017020616,2018,0.0,1,0.619448,0.627906,0.635328,0.673039,0.672366,0.674803,0.68095,0.681143,0.674896,0.661289
