player_id,team,toi_ev,toi_pp,toi_sh,sog,att,ixg,goals,assists,oi_xgf,oi_xga,gp,toi,hits,blocks,giveaways,takeaways,pim,pen_taken,pen_drawn,fo_taken,fo_won,fo_lost,points,name,pos,toi_per_gp,g_p10,g_p90,a_p10,a_p90,points_p10,points_p90,points_per_gp,shooting_pct,oi_xg_diff
8478402,EDM,1500.0597,360.8485,85.7604,341.3623,531.2448,40.2738,48.5627,86.5254,139.7974,86.8048,80.9844,1946.6685,54.3250,34.5274,128.7624,36.7596,41.0747,19.2006,43.5535,1110.9512,546.2031,564.7481,135.0881,Connor McDavid,F,24.0376,39.0000,59.0000,73.0000,101.0000,117.0000,155.0000,1.6681,14.2262,52.9927
8477492,COL,1340.6886,376.5597,25.5170,322.9493,532.0399,42.0051,47.4988,69.6744,127.5416,74.2024,79.4062,1742.7653,55.4316,46.1310,147.9666,24.8576,40.1068,13.6197,23.5622,1161.3301,589.2723,572.0579,117.1731,Nathan MacKinnon,F,21.9475,38.0000,58.0000,58.0000,82.0000,100.0000,135.1000,1.4756,14.7078,53.3392
8477956,BOS,1291.0380,442.5388,33.9637,313.4587,543.9451,39.2034,43.2165,63.9038,124.3698,83.0702,79.9688,1767.5404,83.1922,32.3666,147.3657,36.0726,59.7222,22.9603,33.6275,11.8071,5.5042,6.3029,107.1203,David Pastrnak,F,22.1029,34.0000,53.0000,52.0000,76.0000,91.0000,124.0000,1.3395,13.7870,41.2996
8476453,TBL,1130.2058,432.2294,17.2529,262.7719,511.1500,35.0069,37.9812,65.7981,116.8405,66.2088,73.6094,1579.6882,34.0186,32.2125,135.7110,26.7547,39.6818,15.3704,24.6984,5.0781,2.5437,2.5344,103.7793,Nikita Kucherov,F,21.4604,30.0000,47.0000,54.0000,78.0000,88.0000,120.0000,1.4099,14.4541,50.6317
8480027,DAL,1229.9427,428.9026,25.1885,296.7699,526.2042,41.9766,46.3501,54.8457,121.0806,72.6646,79.1875,1684.0339,58.5146,40.4084,104.5617,28.2328,27.8876,13.8652,22.8383,8.0555,3.8488,4.2067,101.1959,Jason Robertson,F,21.2664,37.0000,56.0000,44.0000,66.0000,86.0000,118.0000,1.2779,15.6182,48.4160
8484801,SJS,1303.0160,409.0789,36.9603,303.2066,525.9705,34.8700,39.6798,55.9858,110.0520,82.6726,80.6406,1749.0553,52.6087,56.1447,138.7905,37.3307,42.3096,20.3503,31.3518,1255.9683,622.8999,633.0683,95.6656,Macklin Celebrini,F,21.6895,31.0000,49.0000,45.0000,67.0000,80.0000,111.0000,1.1863,13.0867,27.3794
8480018,MTL,1274.7220,361.2743,51.8624,207.4560,364.9917,28.3042,32.3324,62.8409,118.2969,79.5694,80.0000,1687.8588,63.8151,59.2073,83.2677,28.9524,24.5443,10.7151,15.2132,1502.1701,759.0480,743.1220,95.1733,Nick Suzuki,F,21.0982,25.0000,41.0000,52.0000,75.0000,81.0000,111.0000,1.1897,15.5852,38.7276
8478403,VGK,1223.6694,389.4921,129.8558,284.4027,496.1107,37.6438,38.0805,55.6491,121.8334,83.0960,76.6406,1743.0173,35.9294,53.9900,118.6414,32.8965,21.7529,8.8807,22.0521,1139.6867,534.1153,605.5715,93.7295,Jack Eichel,F,22.7427,30.0000,47.0000,45.0000,66.1000,79.0000,109.0000,1.2230,13.3896,38.7375
8480039,COL,1332.6119,362.2025,17.9351,251.4112,435.5701,34.4123,34.9939,58.5338,124.4794,72.2933,79.0625,1712.7496,84.4072,31.0807,113.1043,23.6959,33.5185,16.4995,28.5601,61.3707,27.5409,33.8298,93.5277,Martin Necas,F,21.6632,27.0000,43.0000,48.0000,70.0000,79.0000,109.0000,1.1830,13.9190,52.1861
8478864,MIN,1340.6473,376.9268,14.9713,291.8044,550.5789,41.6796,43.9496,49.3106,124.7731,72.2021,77.3281,1732.5454,50.8993,33.5334,121.0847,24.0015,33.0945,16.3033,21.0013,4.1500,2.0681,2.0819,93.2602,Kirill Kaprizov,F,22.4051,35.0000,54.0000,39.0000,60.0000,79.0000,109.0000,1.2060,15.0613,52.5710
8481557,MIN,1167.3326,345.8820,132.3367,299.4801,511.4005,37.9438,42.5718,50.2106,116.2999,80.2014,77.8594,1645.5513,57.9344,57.2871,94.3998,38.1000,45.9356,21.2413,22.1601,113.3160,54.1314,59.1846,92.7824,Matt Boldy,F,21.1349,34.0000,52.0000,40.0000,60.0000,79.0000,108.0000,1.1917,14.2152,36.0985
8476460,WPG,1347.4580,412.2319,74.0280,200.2723,343.8093,29.7843,31.4102,61.3381,114.2233,87.3377,78.7031,1833.7179,51.0874,53.0892,113.9533,31.2863,59.8892,18.0285,29.0400,1549.8382,751.5577,798.2805,92.7483,Mark Scheifele,F,23.2992,24.0000,40.0000,51.0000,73.0000,79.0000,108.0000,1.1785,15.6837,26.8856
8477934,EDM,1110.7583,320.5529,39.8078,217.2863,399.1534,31.2127,35.5979,56.6465,113.1279,62.9825,73.9062,1471.1190,34.2648,23.1088,103.3388,30.5576,42.2260,17.8716,19.4237,1323.0986,736.2869,586.8117,92.2444,Leon Draisaitl,F,19.9052,27.0000,44.0000,46.0000,68.0000,78.0000,108.0000,1.2481,16.3830,50.1454
8478460,CBJ,1667.1798,455.0681,72.2171,298.5376,660.4344,21.4549,24.0623,67.1253,145.2005,97.8376,78.5000,2194.4651,28.5536,120.1177,119.7300,40.5866,28.6524,13.5618,12.1171,0.0000,0.0000,0.0000,91.1875,Zach Werenski,D,27.9550,18.0000,31.0000,55.0000,80.0000,77.0000,107.0000,1.1616,8.0601,47.3629
8480803,EDM,1554.9435,352.9619,163.1680,225.9951,499.6567,19.6547,21.7260,69.2820,143.9256,99.6733,77.0000,2071.0735,32.9301,107.8891,129.1832,41.4525,35.2738,17.5627,18.1219,0.0000,0.0000,0.0000,91.0080,Evan Bouchard,D,26.8971,16.0000,28.0000,58.0000,82.0000,77.0000,106.0000,1.1819,9.6135,44.2523
8478398,WPG,1303.8213,411.2342,132.0491,300.3878,518.7639,41.1309,42.3059,48.6462,114.4579,93.4717,79.6562,1847.1045,33.6820,32.8169,83.0766,29.8400,20.9585,9.7866,17.0888,6.3577,3.1252,3.2325,90.9522,Kyle Connor,F,23.1884,33.0000,52.0000,39.0000,59.0000,77.0000,106.0000,1.1418,14.0838,20.9862
8478427,CAR,1093.3450,383.1530,161.7956,242.4824,425.2633,32.2949,34.1816,54.3844,120.3787,82.7024,79.6406,1638.2936,63.8252,28.0503,105.9539,28.5063,46.2654,20.5224,20.6097,1157.7807,595.4103,562.3704,88.5660,Sebastian Aho,F,20.5711,26.0000,43.0000,44.0000,65.0000,74.0000,104.0000,1.1121,14.0965,37.6763
8478483,VGK,1166.4017,376.5573,153.3295,211.7307,414.2202,30.8037,33.4444,55.0755,118.1728,83.1509,77.7812,1696.2886,36.3939,47.2218,108.8056,42.7719,21.4750,10.9071,18.9843,248.7817,104.7874,143.9944,88.5199,Mitch Marner,F,21.8085,25.0000,41.0000,45.0000,66.0000,74.0000,103.0000,1.1381,15.7957,35.0218
8481559,NJD,1146.2875,267.9317,37.8902,255.8308,458.2503,34.5638,34.9289,52.5123,99.4949,67.0710,71.4375,1452.1094,8.3738,34.0060,125.6559,33.3356,16.6678,8.5578,20.5425,576.0999,219.0813,357.0186,87.4413,Jack Hughes,F,20.3270,27.0000,43.0000,43.0000,63.0000,73.0000,102.0000,1.2240,13.6531,32.4239
8477404,TBL,1114.8921,469.7310,210.3880,264.8647,419.0587,37.8039,36.8060,50.5879,129.2477,90.9965,79.3281,1795.0111,43.3076,47.6546,83.7253,26.5721,44.2021,16.7026,26.2341,527.8024,255.9687,271.8336,87.3939,Jake Guentzel,F,22.6277,29.0000,45.1000,41.0000,61.0000,74.0000,102.0000,1.1017,13.8961,38.2512
8482116,OTT,1119.8147,315.4950,149.3777,209.0826,365.0721,30.1510,33.7784,52.6768,107.3719,77.5964,79.2188,1584.6874,120.3438,42.9424,86.4051,28.0278,38.7298,16.3989,34.2662,717.2691,357.1042,360.1648,86.4553,Tim Stützle,F,20.0039,26.0000,43.0000,43.0000,63.0000,73.0000,102.0000,1.0913,16.1555,29.7755
8478445,NYI,1281.7147,376.1056,18.1594,225.4747,433.6560,25.0959,27.3465,58.2054,102.0798,76.7367,77.7500,1675.9797,39.2850,52.5531,109.3325,40.4246,43.7123,16.0475,25.4134,452.1511,184.0266,268.1244,85.5520,Mathew Barzal,F,21.5560,20.0000,35.0000,48.0000,70.0000,72.0000,101.0000,1.1003,12.1284,25.3431
8479542,TBL,1170.2612,345.2011,109.0396,261.1013,492.1299,37.2815,38.5252,46.7684,110.1550,75.4661,76.8906,1624.5020,52.1844,47.9174,90.3142,33.0722,66.8889,25.1148,28.9838,71.1149,33.3970,37.7178,85.2936,Brandon Hagel,F,21.1274,30.0000,48.0000,37.0000,57.0000,72.0000,100.0000,1.1093,14.7549,34.6890
8476887,NSH,1246.1509,359.7086,20.6692,271.0798,572.8227,36.1557,38.6457,46.1606,105.4431,77.1495,77.6250,1626.5287,139.4613,42.9892,115.9390,42.4226,43.2548,20.1662,26.4392,32.3531,14.3453,18.0078,84.8064,Filip Forsberg,F,20.9537,30.0000,48.0000,37.0000,56.0000,71.0000,99.0000,1.0925,14.2562,28.2937
8480800,MIN,1666.9128,359.9938,43.9826,175.9903,428.1569,15.3431,15.5918,67.9559,138.7658,88.6648,77.2656,2070.8894,11.6108,83.3602,115.3071,33.7589,36.6616,15.6283,24.0430,0.0000,0.0000,0.0000,83.5476,Quinn Hughes,D,26.8022,10.0000,21.0000,56.0000,81.0000,70.0000,98.0000,1.0813,8.8594,50.1009
8479420,BUF,1176.6038,393.9403,22.0510,252.2881,491.4906,39.4639,40.8200,42.1011,105.9571,70.2723,78.3125,1592.5950,85.0286,42.7691,69.4929,25.6673,42.1958,14.7899,20.0614,715.9422,329.3666,386.5757,82.9211,Tage Thompson,F,20.3364,32.0000,50.0000,33.0000,52.0000,70.0000,97.0000,1.0588,16.1799,35.6848
8478550,LAK,1169.0295,355.2220,23.6377,238.6392,449.1596,28.5828,29.0482,53.1271,108.3633,70.8388,78.0938,1547.8893,14.9810,17.7517,108.4193,23.4866,20.3960,10.3141,16.6475,4.6169,2.3264,2.2905,82.1753,Artemi Panarin,F,19.8209,22.0000,37.0000,43.0000,64.0000,69.0000,97.0000,1.0523,12.1724,37.5246
8481540,MTL,1112.0043,321.6772,28.0697,275.5745,432.7178,41.4608,42.6716,38.8893,103.6758,67.2098,77.9062,1461.7511,54.8668,25.7634,59.0353,22.0846,15.6846,8.0981,17.8309,20.3087,9.5705,10.7382,81.5608,Cole Caufield,F,18.7630,34.0000,52.0000,31.0000,48.0000,68.0000,96.0000,1.0469,15.4846,36.4660
8479337,DET,1281.2510,365.0239,27.6500,293.9937,540.3434,38.2589,36.1768,44.9694,107.3840,77.8832,80.3281,1673.9248,46.4765,42.7911,91.7004,38.3161,31.5981,12.3033,21.4681,58.9329,27.0007,31.9322,81.1462,Alex DeBrincat,F,20.8386,28.0000,45.0000,36.0000,55.0000,68.0000,95.0000,1.0102,12.3053,29.5008
8480023,STL,1160.5400,339.4822,81.6211,160.8657,287.0399,24.5498,27.3195,52.8907,93.2912,76.3329,74.7031,1581.6434,15.8507,49.5081,111.4953,30.8289,33.7734,15.1073,15.4737,1359.9931,731.3056,628.6875,80.2102,Robert Thomas,F,21.1724,20.0000,34.1000,43.0000,64.0000,67.0000,94.0000,1.0737,16.9828,16.9583
8480839,BUF,1456.7500,408.3048,93.9879,193.8515,415.4156,16.0901,18.8477,61.0916,124.0870,92.4485,77.0938,1959.0427,86.0836,100.2605,113.0629,35.0407,68.8604,28.4486,25.1802,0.0000,0.0000,0.0000,79.9393,Rasmus Dahlin,D,25.4112,13.0000,25.0000,50.0000,73.0000,67.0000,94.0000,1.0369,9.7228,31.6385
8477493,FLA,1135.6461,227.6703,88.2271,171.8653,295.0948,22.3157,26.6724,51.8067,95.3162,70.0440,75.7500,1451.5436,95.0688,50.0202,61.1172,32.5557,22.5570,11.2664,16.1508,991.3495,546.3216,445.0278,78.4792,Aleksander Barkov,F,19.1623,20.0000,34.0000,42.0000,62.0000,66.0000,92.0000,1.0360,15.5194,25.2722
8480069,COL,1409.9535,309.3629,205.6363,209.5625,515.2931,17.9178,20.7555,57.6614,128.3559,98.9189,76.5312,1924.9528,37.9986,120.8678,97.6368,45.1369,19.8366,10.2921,22.8652,0.0000,0.0000,0.0000,78.4169,Cale Makar,D,25.1525,15.0000,27.0000,47.0000,69.0000,65.0000,93.0000,1.0246,9.9042,29.4369
8478420,DAL,1123.8447,364.0319,15.0269,168.1203,323.4784,28.8019,29.0835,48.9567,106.1368,64.2701,76.7188,1502.9036,50.5401,37.3722,81.7855,27.3779,64.9179,23.9914,24.1191,142.6269,70.5326,72.0943,78.0402,Mikko Rantanen,F,19.5898,22.0000,36.0000,39.0000,59.0000,65.0000,92.0000,1.0172,17.2992,41.8667
8484166,CBJ,1237.2279,401.3364,23.1905,259.6683,450.0619,35.5419,33.4005,44.1408,114.3287,71.0627,77.5312,1661.7549,142.9165,56.0067,99.2317,26.9924,33.5204,14.3465,23.6717,1189.4299,565.5669,623.8630,77.5412,Adam Fantilli,F,21.4334,25.0000,41.0000,35.0000,54.0000,64.0000,91.0000,1.0001,12.8627,43.2660
8477933,FLA,1102.5051,329.7227,104.0812,200.9674,374.2034,33.0733,33.7938,42.1965,111.3898,74.9510,75.9375,1536.3090,76.3520,50.4293,65.6055,20.9194,23.3365,8.6801,11.6683,257.5630,109.0789,148.4841,75.9903,Sam Reinhart,F,20.2312,26.0000,42.0000,33.0000,52.0000,63.0000,90.0000,1.0007,16.8156,36.4388
8477960,LAK,1174.6887,343.8618,36.6871,261.2658,465.3370,34.3088,35.5600,40.3322,107.4904,72.5753,81.2344,1555.2375,118.2888,37.6912,71.1132,21.1123,55.5453,25.2493,21.3379,143.8654,62.1653,81.7001,75.8922,Adrian Kempe,F,19.1451,28.0000,44.0000,32.0000,49.0000,64.0000,89.0000,0.9342,13.6107,34.9150
8477946,DET,1190.0157,317.2061,171.2197,274.1440,459.9695,32.7845,33.9334,41.6551,102.6719,93.4468,75.7500,1678.4415,51.1925,37.6978,91.7408,30.8749,48.2468,19.2573,27.5768,1661.6866,880.0855,781.6011,75.5885,Dylan Larkin,F,22.1576,26.0000,42.0000,33.0000,51.0000,63.0000,89.0000,0.9979,12.3779,9.2251
8479407,NJD,1074.3405,257.8435,44.1403,170.7332,308.6367,24.1170,25.2230,50.2997,94.5050,64.2870,77.7500,1376.3242,70.3233,28.6367,74.6404,17.9427,13.9857,7.2372,14.0546,11.9007,5.6387,6.2620,75.5227,Jesper Bratt,F,17.7019,18.0000,32.0000,40.0000,61.0000,63.0000,89.0000,0.9714,14.7733,30.2180
8482740,DAL,1205.8326,348.4542,28.0589,208.4581,380.7157,36.8109,36.4962,39.0032,108.1333,68.6080,80.8438,1582.3458,52.8319,49.7463,65.0397,25.2411,29.3947,14.5259,16.7966,759.8788,364.3310,395.5478,75.4994,Wyatt Johnston,F,19.5729,28.0000,45.0000,30.0000,48.0000,63.0000,89.0000,0.9339,17.5077,39.5253
8479343,UTA,1169.3254,331.4299,25.5763,207.4849,364.1430,26.1993,25.7066,49.4467,98.6177,67.9129,77.0469,1526.3317,11.7629,32.0199,91.8521,26.6065,33.5513,16.3623,24.7775,32.3453,14.8493,17.4960,75.1533,Clayton Keller,F,19.8104,19.0000,33.0000,40.0000,60.0000,63.0000,89.0000,0.9754,12.3896,30.7048
8475158,NSH,1263.4755,331.2584,286.9954,194.1879,296.7234,28.0863,25.8179,49.2505,112.7219,111.9832,79.8594,1881.7292,23.9732,73.8422,68.8399,44.7193,27.3039,11.8298,15.5619,1607.3193,862.1339,745.1855,75.0684,Ryan O'Reilly,F,23.5630,19.0000,33.0000,40.0000,60.0000,63.0000,88.0000,0.9400,13.2953,0.7387
8483515,MTL,1168.8593,336.1842,22.8285,210.7162,401.2165,29.4843,30.3914,44.1198,108.2769,69.6681,77.4375,1527.8718,138.6671,69.5436,78.0997,19.5058,53.1750,22.1745,15.9866,56.0453,24.3341,31.7111,74.5112,Juraj Slafkovský,F,19.7304,23.0000,38.0000,35.0000,54.0000,62.0000,88.0000,0.9622,14.4229,38.6088
8480002,NJD,1064.3906,290.7224,220.8007,205.5195,342.7276,29.0261,30.6788,42.9510,106.7190,87.7410,77.7656,1575.9138,51.9736,54.7289,66.4510,26.8903,22.7930,10.6033,23.2631,1861.7585,1034.0280,827.7305,73.6298,Nico Hischier,F,20.2649,24.0000,38.0000,34.0000,52.0000,62.0000,87.0000,0.9468,14.9274,18.9780
8482078,DET,1210.3976,335.5883,33.5379,200.3771,377.9406,27.6895,28.2447,44.8783,100.5551,74.2319,77.7500,1579.5238,49.4496,33.0173,77.4441,30.8639,25.4751,12.6862,28.5262,5.5820,2.7226,2.8594,73.1231,Lucas Raymond,F,20.3154,21.0000,36.0000,35.0000,55.0000,60.0000,86.0000,0.9405,14.0958,26.3232
8479314,FLA,974.4200,240.7632,51.9799,191.3238,370.5760,28.2303,28.9850,43.6825,88.4419,58.8274,70.1719,1267.1631,93.6032,22.1268,78.1987,17.6896,78.1776,25.2377,30.4330,20.1169,9.5373,10.5796,72.6675,Matthew Tkachuk,F,18.0580,22.0000,37.0000,35.0000,53.0000,61.0000,86.0000,1.0356,15.1497,29.6144
8483457,MTL,1504.5647,334.6120,126.6912,111.9597,264.6019,11.3850,12.5037,60.0550,128.0155,99.1187,78.2812,1965.8679,34.3208,131.8508,101.6780,44.0748,37.7152,18.4661,18.6004,0.0000,0.0000,0.0000,72.5587,Lane Hutson,D,25.1129,8.0000,17.0000,49.0000,72.0000,60.0000,86.0000,0.9269,11.1680,28.8968
8484153,ANA,1136.9349,378.1575,44.2311,246.1666,409.3593,31.1556,30.1980,42.3087,109.2004,78.9183,77.0312,1559.3236,24.4034,38.6816,83.0808,31.9297,29.2763,11.3493,22.7479,1066.4586,473.2817,593.1769,72.5067,Leo Carlsson,F,20.2427,23.0000,38.0000,33.0000,52.0000,60.0000,85.0000,0.9413,12.2673,30.2822
8476459,NYR,1146.9364,359.8148,193.1317,211.7091,363.6374,30.9634,30.4815,41.8901,105.5881,91.2578,76.1250,1699.8828,85.3511,51.4668,104.1972,32.2609,24.1270,10.7518,16.8628,1518.5299,762.4237,756.1061,72.3716,Mika Zibanejad,F,22.3302,23.0000,39.0000,33.0000,51.1000,60.0000,86.0000,0.9507,14.3978,14.3303
8482093,CAR,887.0339,295.4483,119.5180,216.4082,350.1979,31.7194,32.5854,39.0666,95.1682,65.0162,67.2500,1302.0002,83.1739,35.9352,59.8877,29.5055,17.8982,8.2894,18.1130,101.4769,43.6505,57.8264,71.6520,Seth Jarvis,F,19.3606,25.0000,41.0000,31.0000,48.0000,60.0000,85.0000,1.0655,15.0574,30.1521
8480830,CAR,991.0434,350.4804,20.0648,215.6858,384.6234,30.9390,31.3119,40.2580,104.3461,59.2700,75.3281,1361.5886,155.4253,23.4987,97.0064,21.0842,68.5719,31.1236,20.6008,18.8905,9.1474,9.7431,71.5700,Andrei Svechnikov,F,18.0754,24.0000,39.0000,32.0000,49.1000,59.0000,84.1000,0.9501,14.5174,45.0761
8475913,VGK,1048.2882,336.1252,85.3205,180.5291,314.0951,28.2038,28.4995,42.6882,103.6575,67.9160,71.0156,1469.7339,40.9296,52.8492,87.3879,37.6007,19.9712,9.1270,17.2743,16.9281,7.9166,9.0114,71.1877,Mark Stone,F,20.6959,21.0000,36.0000,34.0000,52.0000,59.0000,84.0000,1.0024,15.7867,35.7414
8478439,PHI,1119.8538,326.3668,32.3831,192.8548,355.0205,26.0763,27.8631,41.3382,95.6455,66.1112,78.8281,1478.6036,98.1349,37.0267,86.1188,23.3127,56.5566,20.8187,22.1544,74.1688,32.8708,41.2980,69.2013,Travis Konecny,F,18.7573,21.0000,36.0000,33.0000,50.0000,57.0000,82.0000,0.8779,14.4477,29.5343
8477939,TOR,1231.4941,216.1905,44.8433,186.3889,322.9196,25.4479,26.3568,42.8073,80.4291,78.0608,75.1094,1492.5278,17.6715,30.0695,76.9921,30.8257,23.3581,11.6168,15.1069,83.2788,37.6959,45.5828,69.1640,William Nylander,F,19.8714,20.0000,33.0000,33.0000,52.0000,57.0000,81.0000,0.9208,14.1407,2.3683
8478010,TBL,1032.2468,407.8193,15.5568,191.7776,335.9037,29.7714,28.5205,40.5956,108.1549,61.0999,75.2812,1455.6229,17.1375,36.7472,58.6640,18.4282,13.6926,6.4339,14.0540,948.6427,453.9146,494.7281,69.1161,Brayden Point,F,19.3358,21.0000,36.0000,32.0000,50.0000,57.0000,82.0000,0.9181,14.8717,47.0549
8482077,STL,1117.6414,344.9682,40.7768,243.4989,417.5844,28.6732,28.0450,41.0591,90.0585,68.8248,72.3125,1503.3864,184.6685,54.0868,69.9476,27.2188,31.3982,10.0977,19.1807,108.5129,52.8721,55.6407,69.1041,Dylan Holloway,F,20.7901,21.0000,36.0000,32.0000,50.0000,57.0000,83.0000,0.9556,11.5175,21.2337
8479323,NYR,1332.9839,342.7549,70.1524,123.0946,316.9970,10.5140,12.1617,56.7863,105.8901,81.9589,71.9219,1745.8912,34.9120,105.6642,81.1985,40.0944,34.1031,16.8333,13.8857,0.0000,0.0000,0.0000,68.9480,Adam Fox,D,24.2748,8.0000,17.0000,46.0000,68.0000,57.0000,81.0000,0.9587,9.8800,23.9312
8482109,NYR,1167.3586,348.1540,18.0400,185.0234,315.6515,26.9959,28.2959,40.3547,97.5267,68.0857,78.2031,1533.5526,99.1084,37.4366,59.8903,27.3432,35.7216,14.2672,18.6327,60.7099,24.5572,36.1527,68.6506,Alexis Lafrenière,F,19.6099,21.0000,36.0000,32.0000,50.0000,57.0000,81.0000,0.8778,15.2932,29.4410
8479318,TOR,1073.9222,216.0433,166.9229,225.3237,358.5017,32.8588,34.0451,33.2330,79.2652,88.0352,73.2031,1456.8884,51.6078,83.5550,69.8869,33.0131,21.2269,9.3508,16.1180,888.2881,495.6821,392.6060,67.2781,Auston Matthews,F,19.9020,26.0000,42.0000,25.0000,41.0000,55.0000,79.0000,0.9191,15.1094,-8.7700
8477500,NYI,1131.0485,313.8335,165.6341,260.8021,440.6790,31.4052,31.2640,35.7631,94.4010,89.2204,74.8281,1610.5161,71.2197,42.2036,83.1241,22.5794,33.8826,12.9110,13.5847,1308.5519,714.5455,594.0064,67.0271,Bo Horvat,F,21.5229,24.0000,39.0000,28.0000,45.0000,55.0000,80.0000,0.8957,11.9876,5.1806
8481605,ANA,1654.5471,327.0958,62.6808,163.5995,329.2658,12.6117,12.5104,54.4834,126.5973,105.1459,75.8281,2044.3237,74.3521,140.2440,103.5143,43.5611,30.5081,14.3239,13.0053,0.4648,0.2364,0.2284,66.9938,Jackson LaCombe,D,26.9600,8.0000,17.0000,44.0000,65.0000,55.0000,79.0000,0.8835,7.6470,21.4514
8475786,EDM,1136.5590,281.4072,15.2790,190.8120,354.2079,37.5766,35.2607,30.7484,105.3726,58.9898,75.4531,1433.2452,67.1117,27.7882,42.0896,15.1446,38.0216,18.2954,18.1306,6.6473,3.2666,3.3807,66.0091,Zach Hyman,F,18.9952,27.0000,44.0000,23.0000,39.0000,54.0000,78.1000,0.8748,18.4793,46.3828
8480014,WPG,1147.1445,377.3799,14.2346,163.2699,297.5346,29.2279,27.8195,37.3757,98.5935,68.7623,76.9688,1538.7590,23.5122,43.3007,60.1321,21.0400,23.7302,11.8767,26.9206,149.3969,71.4708,77.9261,65.1952,Gabriel Vilardi,F,19.9920,21.0000,35.0000,29.0000,46.0000,54.0000,78.0000,0.8470,17.0389,29.8312
8482105,OTT,1383.2015,266.3367,241.7472,190.3311,408.2156,13.8691,16.0060,48.7843,117.1658,97.7087,75.0781,1891.2855,34.3300,141.1498,101.6724,35.9281,16.2115,7.9339,10.1877,0.1189,0.0580,0.0609,64.7903,Jake Sanderson,D,25.1909,11.0000,21.0000,39.0000,59.0000,53.0000,77.0000,0.8630,8.4095,19.4571
8485366,NYI,1587.6989,378.4926,68.5688,252.8439,554.2850,18.1365,20.2127,44.5729,118.5063,98.1616,79.3750,2034.7603,41.3735,116.3510,93.7211,35.7914,39.7050,19.6456,31.8508,0.0000,0.0000,0.0000,64.7856,Matthew Schaefer,D,25.6348,15.0000,27.0000,36.0000,55.0000,54.0000,77.0000,0.8162,7.9941,20.3446
8482699,UTA,995.1030,331.4882,34.8558,213.9940,454.8771,34.5317,32.3981,32.2862,91.1321,61.8224,75.7031,1361.4469,63.8836,35.9649,65.7760,20.0496,29.5116,14.3043,12.7227,51.6552,23.2908,28.3643,64.6844,Dylan Guenther,F,17.9840,25.0000,41.0000,25.0000,40.0000,53.0000,77.0000,0.8544,15.1397,29.3098
8483445,ANA,965.9932,330.8871,33.7325,289.4381,551.2435,34.7020,34.8738,29.1867,94.1059,66.8964,74.4531,1330.6128,68.8592,33.9949,79.9920,21.7089,27.7411,13.4325,16.3665,178.5977,88.4863,90.1114,64.0606,Cutter Gauthier,F,17.8718,27.0000,43.0000,22.0000,37.0000,53.0000,76.0000,0.8604,12.0488,27.2095
8477951,UTA,1093.7346,308.5743,189.7477,214.5628,356.5031,25.8643,25.6810,38.3548,98.8655,87.3250,78.0000,1592.0566,21.3919,47.6476,96.9509,38.7560,19.9830,10.1626,17.9292,727.2345,334.3770,392.8575,64.0359,Nick Schmaltz,F,20.4110,19.0000,33.0000,30.0000,47.0000,53.0000,76.0000,0.8210,11.9690,11.5404
8480012,VAN,1157.5243,335.4641,102.9493,182.2630,348.7325,22.9276,24.1853,39.7400,90.5404,92.5036,76.5156,1595.9376,87.1808,96.8362,72.1417,31.6368,19.6194,10.0145,26.6548,1464.8550,706.8271,758.0279,63.9253,Elias Pettersson,F,20.8577,18.0000,31.0000,31.0000,49.0000,52.0000,76.0000,0.8355,13.2694,-1.9632
8479325,BOS,1412.2260,318.2011,219.0511,144.9739,297.5054,13.5248,14.7550,49.0092,120.7198,109.5209,74.0000,1949.4781,102.3509,142.7148,107.8289,31.7018,76.3253,33.3426,26.0158,0.0000,0.0000,0.0000,63.7642,Charlie McAvoy,D,26.3443,10.0000,20.0000,40.0000,59.0000,53.0000,76.0000,0.8617,10.1777,11.1989
8471675,PIT,993.5123,280.3170,28.3062,172.4695,273.1285,20.4587,22.2976,41.1996,81.7853,64.4887,69.9062,1302.1354,61.0745,30.6262,77.6333,25.0596,33.6602,14.2150,17.1600,1687.0713,944.0493,743.0220,63.4972,Sidney Crosby,F,18.6269,16.0000,29.0000,32.0000,51.0000,52.0000,76.0000,0.9083,12.9284,17.2967
8481533,PHI,998.4343,351.4631,32.8709,168.8476,313.2796,23.8701,23.5031,39.7645,93.7806,62.1032,71.8125,1382.7684,48.8647,31.4257,73.1784,21.8086,51.9460,19.7851,14.6712,392.5138,147.9775,244.5363,63.2676,Trevor Zegras,F,19.2553,17.0000,30.0000,31.0000,49.0000,52.0000,75.0000,0.8810,13.9197,31.6774
8477942,LAK,940.8349,359.2452,26.1467,200.5754,388.7946,29.2223,27.4921,35.7089,98.0030,61.1298,72.4062,1326.2268,53.5243,26.8959,90.8244,25.4017,43.5842,19.5088,17.3272,42.3728,19.3522,23.0205,63.2011,Kevin Fiala,F,18.3165,20.0000,35.0000,28.0000,45.0000,52.0000,75.0000,0.8729,13.7066,36.8732
8476468,NYR,1032.1183,318.4571,171.5016,164.9867,276.2872,23.8716,23.3798,39.5763,94.2469,81.5063,75.2500,1522.0770,157.7937,47.2656,92.9989,23.5262,52.0779,20.0356,16.8063,1455.7910,831.3691,624.4219,62.9561,J.T. Miller,F,20.2269,17.0000,30.0000,31.0000,49.0000,52.0000,75.0000,0.8366,14.1707,12.7406
8480208,OTT,1006.3255,318.5900,34.1795,181.3330,344.6116,30.0893,29.3587,33.1405,97.3358,58.3914,79.5938,1359.0950,119.7023,26.9939,58.7084,22.1872,33.3159,14.1799,17.7362,36.5357,17.8569,18.6788,62.4992,Drake Batherson,F,17.0754,22.0000,37.0000,25.0000,41.0000,51.0000,74.0000,0.7852,16.1905,38.9444
8471214,WSH,824.5917,377.2318,16.5032,225.9754,408.0982,31.9850,30.3480,31.4933,88.0905,56.3550,71.6406,1218.3267,115.0425,18.1774,53.2734,11.7061,19.1095,9.5497,7.7222,6.4945,3.1741,3.3204,61.8413,Alex Ovechkin,F,17.0061,23.0000,38.0000,24.0000,39.0000,51.0000,73.0000,0.8632,13.4298,31.7355
8475754,COL,1056.6754,247.9717,169.0932,179.9233,300.5763,28.0922,26.8186,35.0030,99.1250,76.9200,77.0000,1473.7404,36.5144,50.8686,63.7196,26.4512,27.5221,13.5805,18.2817,1110.9879,566.7192,544.2687,61.8216,Brock Nelson,F,19.1395,20.0000,34.0000,27.0000,43.0000,51.0000,74.0000,0.8029,14.9056,22.2050
8481542,DET,1508.2308,339.2744,189.8759,186.0121,367.1519,10.8861,11.7535,49.9420,120.1644,111.3269,77.0469,2037.3812,146.8714,172.3285,92.4020,31.2263,51.6578,23.7525,20.1735,0.0000,0.0000,0.0000,61.6955,Moritz Seider,D,26.4434,7.0000,16.0000,40.0000,60.0000,51.0000,73.0000,0.8008,6.3187,8.8375
8480801,FLA,1003.0877,221.4379,19.9899,217.9497,345.1283,29.2872,27.3566,33.7564,84.9863,55.0462,75.9844,1244.5155,204.8493,28.1717,54.1302,19.2402,102.4796,25.4732,27.1221,323.9226,173.2687,150.6539,61.1130,Brady Tkachuk,F,16.3786,20.0000,35.0000,26.0000,42.0000,50.0000,73.0000,0.8043,12.5518,29.9401
8474600,NSH,1418.6576,302.1233,135.9902,192.7070,370.9973,13.2329,13.1741,47.5381,109.4501,98.1100,70.6406,1856.7710,33.8397,117.5274,90.9044,26.0319,35.0094,16.7140,15.3833,0.0000,0.0000,0.0000,60.7122,Roman Josi,D,26.2847,9.0000,18.0000,38.0000,58.0000,50.0000,72.1000,0.8595,6.8363,11.3401
8477940,CAR,969.4037,269.8387,20.1388,219.6270,367.7318,21.7039,22.2942,38.3896,91.1652,55.0292,74.3438,1259.3812,27.3685,30.1244,73.5647,21.2668,20.7231,8.9185,19.3336,26.5048,11.9659,14.5389,60.6838,Nikolaj Ehlers,F,16.9400,16.0000,29.0000,29.0000,47.0000,49.0000,72.0000,0.8163,10.1509,36.1361
8475745,CBJ,1035.3302,359.1906,225.5450,187.4684,293.4818,28.7084,25.0556,35.4956,107.3261,89.1851,73.9688,1620.0658,121.9613,60.2988,66.9951,37.3776,28.4970,14.0730,21.9924,1283.8712,650.7601,633.1111,60.5512,Charlie Coyle,F,21.9020,18.0000,32.0000,27.0000,44.0000,49.0000,72.0000,0.8186,13.3652,18.1410
8483516,STL,1029.4264,317.9486,19.8063,224.2184,388.4716,27.5373,25.3375,34.6280,82.0063,61.0055,71.1250,1367.1813,81.9785,45.4838,70.7174,26.8378,22.3694,11.2519,16.6181,16.3904,8.0587,8.3317,59.9654,Jimmy Snuggerud,F,19.2222,19.0000,32.0000,27.0000,43.0000,49.0000,72.0000,0.8431,11.3004,21.0009
8477409,FLA,1073.8386,247.1902,24.6252,196.4657,350.5752,26.9336,24.9915,34.7127,92.7722,59.8171,75.4375,1345.6539,72.5240,24.7869,70.5280,24.1679,37.5280,16.4170,12.6985,99.2671,41.4221,57.8450,59.7043,Carter Verhaeghe,F,17.8380,18.0000,32.0000,27.0000,43.0000,49.0000,71.0000,0.7914,12.7205,32.9551
8484227,SJS,1005.0234,313.0870,21.2933,187.4627,331.8494,23.9826,24.4389,35.1412,84.4780,62.6188,72.7969,1339.4038,18.4815,19.4214,83.3533,16.6600,21.1068,10.5166,11.4073,96.3972,41.5132,54.8840,59.5801,Will Smith,F,18.3992,18.0000,31.0000,27.0000,44.0000,49.0000,71.0000,0.8184,13.0367,21.8592
8484762,ANA,1098.6628,244.2923,31.7516,205.4847,375.2038,30.1786,27.5974,31.7752,87.4399,69.6235,79.2500,1374.7068,93.4365,27.9455,84.5284,24.0115,57.1672,25.7139,27.0978,7.6571,3.9379,3.7192,59.3726,Beckett Sennecke,F,17.3465,21.0000,35.0000,24.0000,40.0000,48.0000,72.0000,0.7492,13.4304,17.8165
8478444,VAN,1160.7599,329.9879,182.1254,211.4545,360.7153,26.1159,24.3392,34.3326,92.9770,105.0767,75.9219,1672.8732,70.8295,35.9863,61.4530,21.4825,16.6423,8.6655,10.2073,135.4171,60.5412,74.8759,58.6718,Brock Boeser,F,22.0341,18.0000,31.1000,27.0000,43.0000,48.0000,71.0000,0.7728,11.5104,-12.0998
8477935,FLA,1027.7296,249.8693,59.9922,192.7044,336.3559,29.0040,25.6558,33.0013,92.5644,62.6078,75.0625,1337.5912,126.6743,37.4481,64.0974,24.8346,90.6998,29.0681,16.9829,942.9225,440.4671,502.4554,58.6572,Sam Bennett,F,17.8197,19.0000,33.0000,25.0000,41.0000,48.0000,71.0000,0.7814,13.3136,29.9565
8484144,CHI,942.5073,269.1267,17.2350,182.8099,318.9217,24.8665,24.6315,33.6606,71.3959,61.2632,59.3750,1228.8691,32.7780,25.9578,75.3502,21.4335,42.4881,17.6199,19.4141,608.3155,284.2300,324.0855,58.2921,Connor Bedard,F,20.6967,18.0000,32.0000,26.0000,42.0000,47.9000,70.0000,0.9818,13.4738,10.1327
8474564,NSH,1148.6154,333.7767,20.5214,219.9608,388.0613,32.9099,26.8502,31.3899,97.2662,71.3928,74.7500,1502.9133,82.9182,41.3451,78.7527,20.9055,49.6563,22.0127,16.2665,651.1628,345.9293,305.2335,58.2400,Steven Stamkos,F,20.1059,20.0000,34.0000,24.0000,39.0000,47.0000,70.0000,0.7791,12.2068,25.8734
8475798,ANA,1091.4114,315.4723,198.2589,172.0286,304.2501,23.0018,21.1366,36.6241,104.0264,96.7204,73.0625,1605.1426,55.2437,57.0147,70.5942,25.3372,31.0488,15.2114,18.6411,992.0528,499.1106,492.9421,57.7607,Mikael Granlund,F,21.9694,15.0000,27.0000,28.0000,45.0000,47.0000,69.0000,0.7906,12.2867,7.3060
8478449,DAL,929.2927,260.8398,64.3047,177.9250,276.3682,23.8374,24.3981,32.9051,84.1820,57.6389,74.0938,1254.4371,64.6119,34.2336,64.8669,13.7361,26.0672,12.6635,17.3928,826.2302,457.1659,369.0643,57.3032,Roope Hintz,F,16.9304,18.0000,31.0000,25.0000,41.0000,47.0000,69.0000,0.7734,13.7126,26.5431
8478493,MIN,897.6181,290.9629,98.9623,195.9768,339.2739,25.3543,25.2921,31.9437,93.4059,62.2718,66.0000,1287.5433,109.8575,39.1606,43.2958,19.3410,37.6027,16.7595,20.5170,1158.9179,577.4476,581.4703,57.2358,Joel Eriksson Ek,F,19.5082,19.0000,32.0000,24.0000,40.0000,47.0000,68.0000,0.8672,12.9056,31.1341
8477949,WSH,1099.4509,238.1831,283.0237,204.0116,335.9689,25.2658,25.6605,31.4339,93.3837,100.3120,78.9688,1620.6577,82.9155,92.6584,76.4167,44.7464,56.5150,19.1886,15.6583,163.2259,74.3503,88.8756,57.0944,Alex Tuch,F,20.5228,19.0000,33.0000,24.0000,39.0000,46.0000,68.0000,0.7230,12.5780,-6.9282
8482155,LAK,1140.3962,235.3154,165.6476,254.1615,473.3705,30.3546,27.2539,29.5559,95.9673,85.6351,78.7344,1541.3593,222.1612,48.0827,78.4757,21.4943,32.9543,14.5890,18.6350,485.3825,214.6896,270.6930,56.8098,Alex Laferriere,F,19.5767,20.0000,34.0000,22.0000,37.0000,46.0000,68.0000,0.7215,10.7231,10.3322
8481604,NYR,1041.0980,337.0939,16.3351,228.5763,369.6128,29.1843,28.6751,28.0479,90.7211,61.8201,74.2031,1394.5270,29.0852,33.7731,63.7926,20.8714,28.4298,13.8267,11.7047,9.1204,4.2404,4.8799,56.7231,Pavel Dorofeyev,F,18.7934,22.0000,37.0000,21.0000,35.0000,46.0000,68.0000,0.7644,12.5451,28.9010
8478975,SJS,991.0803,415.9244,24.6099,162.6731,309.9381,24.8306,22.9150,33.7198,96.5320,66.6748,74.0938,1431.6146,107.5644,36.0051,95.6414,30.6556,69.0635,27.5872,21.7152,46.3037,21.9679,24.3358,56.6348,Mason Marchment,F,19.3217,17.0000,30.0000,26.0000,42.0000,46.0000,68.0000,0.7644,14.0865,29.8572
8484387,PHI,974.6460,264.9676,21.2055,195.8643,311.8049,22.5306,21.2298,35.3380,80.1390,55.8241,77.0469,1260.8191,33.5399,23.6256,81.5120,19.0972,58.9286,23.9451,18.7757,23.9793,11.0740,12.9053,56.5678,Matvei Michkov,F,16.3643,15.0000,28.0000,27.0000,44.0000,46.0000,67.0000,0.7342,10.8390,24.3149
8482124,LAK,1172.8325,181.0527,196.4229,213.9600,372.3813,27.4520,27.9440,28.4060,91.2148,89.1651,77.7969,1550.3081,71.3865,37.7681,67.6994,31.8743,47.7366,21.5105,27.0245,1261.5096,582.7405,678.7691,56.3500,Quinton Byfield,F,19.9276,21.0000,35.0000,21.0000,36.0000,46.0000,67.0000,0.7243,13.0604,2.0497
8480036,DAL,1281.5259,233.7525,227.2278,131.5899,289.5577,10.0612,11.6296,44.5571,103.6169,90.5170,72.7188,1742.5062,22.5132,111.1603,82.9404,31.4755,27.3690,12.4589,13.6467,0.0000,0.0000,0.0000,56.1867,Miro Heiskanen,D,23.9623,7.0000,16.0000,36.0000,54.0000,46.0000,68.0000,0.7727,8.8378,13.1000
8481528,OTT,1010.5159,270.5357,38.2917,217.9339,366.5421,29.5514,26.2747,29.8547,90.8245,57.0270,77.5156,1319.3433,185.1654,30.2130,65.8572,17.4725,54.6670,16.7073,17.0217,1076.7306,536.3029,540.4278,56.1294,Dylan Cozens,F,17.0204,20.0000,34.0000,23.0000,38.0000,46.0000,67.0000,0.7241,12.0563,33.7975
8482113,FLA,1015.5001,209.6884,157.4284,155.7952,287.7005,26.3031,26.2939,29.6651,89.5332,73.2429,74.3906,1382.6168,91.0084,44.3451,68.3059,21.6287,42.6906,17.2965,20.2415,1107.7885,572.7046,535.0839,55.9590,Anton Lundell,F,18.5859,20.0000,34.0000,22.0000,37.0000,45.9000,67.0000,0.7522,16.8772,16.2904
8482679,CGY,1062.0703,312.5746,23.4276,212.0500,414.2485,27.1636,23.5519,32.3942,77.9452,71.0753,74.3281,1398.0726,29.5040,30.6644,60.2313,22.2946,29.5716,13.3819,15.8308,193.9388,85.5815,108.3572,55.9461,Matt Coronato,F,18.8095,17.0000,30.0000,25.0000,40.0000,45.0000,67.0000,0.7527,11.1068,6.8699
8478440,WSH,1006.9693,263.2965,17.6194,129.9418,230.6079,18.8960,18.2646,37.4621,81.3249,60.0659,78.1719,1287.8853,14.3063,46.7781,66.2359,18.5777,31.9889,14.0186,12.2735,1530.2568,846.2752,683.9816,55.7267,Dylan Strome,F,16.4750,13.0000,24.0000,29.0000,46.0000,45.0000,67.0000,0.7129,14.0560,21.2590
8475692,LAK,919.0936,290.9473,18.3882,159.0317,279.1559,21.7625,18.0362,37.0707,86.5204,56.2174,70.0000,1228.4291,23.6473,36.8652,70.3358,20.7175,24.3004,11.8932,19.0243,74.7938,35.7596,39.0343,55.1070,Mats Zuccarello,F,17.5490,13.0000,24.0000,29.0000,46.0000,45.0000,66.0000,0.7872,11.3413,30.3030
8474578,PIT,1365.5609,286.6307,98.2369,182.9248,418.4901,12.8764,12.1561,42.6894,101.6026,93.3161,73.9219,1750.4285,22.7118,75.4726,114.6677,34.6964,27.1900,13.7029,10.9985,0.0000,0.0000,0.0000,54.8456,Erik Karlsson,D,23.6794,8.0000,17.0000,34.0000,52.0000,45.0000,66.0000,0.7419,6.6454,8.2866
8484145,BUF,961.8515,183.7917,148.0407,149.3176,236.2305,21.1092,21.3230,32.8430,74.3519,68.8483,72.7812,1293.6840,47.3100,33.0730,58.2028,25.3346,56.5361,22.5489,24.1854,18.5153,8.9580,9.5573,54.1661,Zach Benson,F,17.7750,15.0000,28.0000,25.0000,41.0000,44.0000,65.0000,0.7442,14.2803,5.5037
8479987,BOS,1085.8314,254.2754,25.3889,172.3733,315.6685,26.0950,22.9017,31.1386,87.7480,64.4487,77.8906,1365.4957,111.8591,36.8365,67.6011,23.5980,26.1151,12.8175,15.0409,223.2714,102.0633,121.2081,54.0403,Morgan Geekie,F,17.5309,16.0000,30.0000,24.0000,39.0000,44.0000,65.0000,0.6938,13.2861,23.2992
8480015,PHI,1011.2572,251.2860,42.3066,224.5754,420.9702,30.4968,27.7874,26.1976,80.8072,59.6365,76.3594,1304.8499,146.9326,50.4411,70.4380,26.5798,22.0824,9.3536,17.5785,33.6075,15.2631,18.3444,53.9851,Owen Tippett,F,17.0883,21.0000,35.0000,20.0000,33.0000,44.0000,65.0000,0.7070,12.3733,21.1707
8484984,MTL,932.0130,277.4433,13.1789,144.6481,274.1929,22.6364,20.6345,33.2691,87.5181,55.2504,76.2656,1222.6353,29.8323,28.4528,65.9286,20.4323,32.6994,15.2544,16.4404,3.4952,1.7275,1.7677,53.9036,Ivan Demidov,F,16.0313,15.0000,27.0000,26.0000,41.0000,44.0000,65.0000,0.7068,14.2653,32.2677
8480893,TOR,1096.5004,275.1057,29.9164,180.5758,324.6865,24.2721,23.2133,30.6168,82.2049,71.3140,76.0156,1401.5225,59.1209,38.8105,86.2894,36.4489,23.9707,11.8756,17.5050,16.0761,7.2563,8.8197,53.8301,Kirill Marchenko,F,18.4373,17.0000,30.0000,23.0000,39.0000,43.0000,65.0000,0.7081,12.8552,10.8909
8482665,SEA,1170.5305,267.3352,36.4393,155.8616,294.4228,20.8493,21.7114,31.7618,81.7642,74.2433,78.5781,1474.3051,36.2876,60.7045,78.2242,23.1245,20.0604,9.3373,19.1709,1014.6502,495.1337,519.5164,53.4732,Matty Beniers,F,18.7623,16.0000,28.0000,24.0000,40.0000,43.0000,65.0000,0.6805,13.9299,7.5208
8477955,SEA,925.3397,358.7540,17.2390,186.3529,317.6902,22.1924,21.7978,31.5355,81.5900,62.9748,72.8750,1301.3326,53.0358,37.8948,74.3603,22.7690,22.4111,9.5453,23.6018,113.6867,55.4208,58.2659,53.3333,Jared McCann,F,17.8571,16.0000,28.0000,24.0000,39.1000,43.0000,64.0000,0.7318,11.6971,18.6151
8479345,WSH,1496.3251,238.1769,51.1250,161.5811,376.1807,12.7410,13.6156,39.4651,101.4634,86.4660,78.5156,1785.6270,56.5597,110.5273,98.9059,31.3497,60.2679,26.0374,13.2880,0.0000,0.0000,0.0000,53.0807,Jakob Chychrun,D,22.7423,9.0000,19.0000,31.0000,48.0000,43.0000,63.0000,0.6761,8.4265,14.9974
8477505,SJS,1018.9639,337.3410,285.0779,119.4209,206.1232,16.3605,15.4590,37.5740,99.2800,101.8445,76.4531,1641.3829,34.0587,84.7309,59.6041,34.4307,18.5805,9.5446,20.8729,1323.8201,635.6659,688.1542,53.0330,Alexander Wennberg,F,21.4691,11.0000,21.0000,30.0000,46.1000,43.0000,64.0000,0.6937,12.9450,-2.5645
8476880,WSH,1040.0234,199.4670,200.4767,156.4541,275.5775,20.1850,21.7412,31.2080,81.9491,84.4757,76.8906,1439.9672,197.8371,59.0675,87.4324,20.8843,115.0006,29.6921,27.5898,48.7950,22.6227,26.1724,52.9492,Tom Wilson,F,18.7275,16.0000,28.0000,24.0000,39.0000,43.0000,64.0000,0.6886,13.8962,-2.5266
8475810,PIT,996.7521,285.4329,198.6363,185.7862,306.9930,25.8892,23.0330,29.9051,89.2546,89.9015,74.3594,1480.8213,47.3542,62.2093,79.2930,17.6983,24.8284,12.3254,14.5269,21.5173,9.9643,11.5530,52.9381,Bryan Rust,F,19.9144,17.0000,30.0000,23.0000,38.0000,43.0000,64.0000,0.7119,12.3976,-0.6469
8482097,BUF,925.0936,310.6399,14.4491,217.5467,376.3014,26.5932,24.0473,28.3974,83.1949,54.9511,73.5312,1250.1826,51.2742,27.5144,65.0553,15.4918,21.1427,10.4640,12.6248,11.0625,5.3053,5.7572,52.4447,Jack Quinn,F,17.0021,18.0000,31.0000,21.0000,36.0000,42.0000,63.0000,0.7132,11.0538,28.2438
8479425,VAN,1655.9911,313.7478,332.6140,187.8831,386.0360,10.5703,10.9929,41.4280,115.2073,154.2432,77.6250,2302.3530,136.1420,113.6365,122.9073,31.2583,49.0938,20.9859,13.0121,0.5279,0.2670,0.2609,52.4209,Filip Hronek,D,29.6599,7.0000,15.0000,33.0000,51.0000,42.0000,63.0000,0.6753,5.8509,-39.0359
8475168,DAL,888.4360,289.3323,18.2953,139.2112,240.7935,21.4109,19.3954,33.0151,84.0567,51.7453,68.5938,1196.0636,32.3376,29.2697,78.1548,17.1535,14.1694,7.2880,10.7706,604.6905,310.4936,294.1969,52.4106,Matt Duchene,F,17.4369,14.0000,25.0000,25.0000,41.0000,42.0000,63.0000,0.7641,13.9324,32.3114
8476454,EDM,1006.0019,277.2190,85.0215,163.2983,277.2650,22.7963,20.0757,32.2980,100.5401,63.9201,71.7344,1368.2423,28.8722,34.8788,48.6752,21.7642,25.7321,11.8991,8.0384,458.4936,220.0706,238.4229,52.3736,Ryan Nugent-Hopkins,F,19.0737,14.0000,26.0000,25.0000,40.0000,42.0000,63.0000,0.7301,12.2939,36.6199
8482175,BOS,1016.0375,296.9026,14.2639,190.5468,365.2095,27.4289,25.8174,26.3658,90.2781,61.3401,76.8125,1327.2040,22.3125,20.7309,80.5480,21.1977,30.6031,12.0842,17.5390,20.4669,9.2178,11.2492,52.1832,JJ Peterka,F,17.2785,19.0000,33.0000,19.0000,34.0000,42.0000,63.0000,0.6794,13.5491,28.9379
8479410,UTA,1306.4946,251.1592,281.6782,158.0411,325.7501,9.9099,10.1609,41.9671,104.6210,107.1327,71.9531,1839.3320,43.3316,124.5994,105.8168,27.2221,39.0368,19.1260,10.6865,0.0000,0.0000,0.0000,52.1280,Mikhail Sergachev,D,25.5629,6.0000,14.0000,33.0000,52.0000,42.0000,63.0000,0.7245,6.4293,-2.5116
8482720,CBJ,1059.4375,274.1670,229.4916,152.2179,255.9375,23.1580,20.5028,30.9611,97.9854,87.1004,77.6875,1563.0961,171.2789,39.1425,69.0367,23.9466,45.2438,19.1010,21.3102,7.4477,3.6110,3.8367,51.4639,Matthew Knies,F,20.1203,15.0000,27.0000,24.0000,39.0000,41.0000,62.0000,0.6624,13.4694,10.8849
8477501,CBJ,1014.5958,203.1368,151.7594,186.2012,326.9929,23.5191,22.4210,28.9541,83.3304,71.4791,71.8906,1369.4918,69.5496,31.6649,67.3493,20.2616,24.5710,10.2164,14.6262,8.0346,4.0175,4.0171,51.3751,Valeri Nichushkin,F,19.0497,16.0000,29.0000,22.0000,37.0000,42.0000,62.0000,0.7146,12.0413,11.8513
8474141,CHI,1001.0908,238.1612,17.4435,160.8348,284.0124,19.5884,16.9511,33.8796,68.8319,63.6394,67.4219,1256.6956,22.4718,25.3455,74.9053,13.1827,17.6000,8.9016,10.4306,18.7030,9.3918,9.3113,50.8307,Patrick Kane,F,18.6393,12.0000,23.0000,26.0000,42.0000,41.0000,61.0000,0.7539,10.5395,5.1925
8482702,CAR,1059.3926,186.7644,24.8376,182.4626,313.9457,25.8408,22.6429,27.9072,83.6397,56.0497,78.0312,1270.9946,52.6594,29.4786,54.5511,24.5493,23.5176,8.6046,20.2893,717.5130,319.2858,398.2272,50.5501,Logan Stankoven,F,16.2883,16.0000,29.0000,21.0000,35.0000,41.0000,61.0000,0.6478,12.4096,27.5900
8482809,CAR,1058.7021,168.9366,31.1241,172.1338,322.2724,24.9367,22.6640,27.6724,81.2051,56.0731,77.1562,1258.7628,16.6199,33.4453,75.7943,24.7704,37.2216,17.4947,21.1262,15.3551,7.0773,8.2778,50.3364,Jackson Blake,F,16.3145,16.0000,29.0000,21.0000,35.0000,40.0000,61.0000,0.6524,13.1665,25.1320
8476483,PIT,1056.0969,258.0627,74.9471,195.2721,316.7827,25.8076,22.9433,27.3917,83.2175,73.4877,75.4062,1389.1067,97.1287,53.7978,63.3109,22.4109,16.8985,8.6449,14.7431,234.1027,96.0424,138.0603,50.3350,Rickard Rakell,F,18.4216,17.0000,30.0000,21.0000,35.0000,41.0000,61.0000,0.6675,11.7494,9.7298
8476881,VGK,850.0359,328.2492,16.4043,183.1823,333.7652,26.1342,22.3103,27.9707,89.9298,50.8932,71.6719,1194.6893,93.4665,43.2059,44.6017,20.0549,26.9880,9.6710,13.6891,895.0326,507.2325,387.8002,50.2810,Tomas Hertl,F,16.6689,16.0000,29.0000,21.0000,35.0000,40.0000,60.0000,0.7015,12.1793,39.0366
8475166,TOR,1087.8403,199.0642,40.7789,137.2121,258.6656,23.1059,20.8796,29.2935,71.9964,69.4859,74.8125,1327.6835,76.1139,31.0899,71.2523,22.0816,33.2983,16.0296,16.4279,945.8837,529.2746,416.6091,50.1731,John Tavares,F,17.7468,15.0000,27.0000,22.0000,37.0000,40.0000,61.0000,0.6707,15.2170,2.5105
8478873,ANA,771.2989,249.5360,21.4738,165.2992,288.0750,20.2304,18.7279,31.3344,72.7506,52.2868,54.0469,1042.3087,5.9359,19.9602,51.5613,19.1542,16.1523,8.0570,17.1859,15.1144,7.3884,7.7260,50.0623,Troy Terry,F,19.2853,13.0000,25.0000,24.0000,39.0000,40.0000,60.0000,0.9263,11.3297,20.4637
8478401,BOS,886.6495,290.2007,35.9838,146.8459,237.9545,21.2309,19.8937,29.6886,84.0823,58.2301,74.7969,1212.8340,58.9882,25.2613,55.5013,17.2101,20.4322,9.4783,8.9871,744.9286,389.9449,354.9837,49.5822,Pavel Zacha,F,16.2150,14.0000,26.0000,22.0000,37.0000,39.0000,60.0000,0.6629,13.5473,25.8522
8481596,OTT,1024.1689,185.6000,204.5427,182.8802,317.2949,25.3750,23.8823,25.6318,85.9423,75.3327,76.1406,1414.3116,92.7623,54.0856,58.0104,27.1124,36.6354,17.5728,19.6306,1065.2438,530.3182,534.9256,49.5141,Shane Pinto,F,18.5750,17.0000,30.0000,19.0000,33.0000,40.0000,60.0000,0.6503,13.0590,10.6096
8482079,VAN,1057.9323,308.7249,23.8334,124.7625,217.6202,17.7695,17.8509,31.5815,80.0487,73.5565,74.6719,1390.4906,63.1422,41.2582,59.9997,21.1517,30.7020,12.7948,20.8643,925.4492,447.0155,478.4337,49.4324,Marco Rossi,F,18.6213,12.0000,24.0000,24.0000,40.0000,40.0000,60.0000,0.6620,14.3079,6.4922
8474590,TBL,1253.0878,358.0206,103.8345,171.0964,360.3088,12.1921,11.6525,37.7625,115.7762,78.6229,68.9219,1714.9429,33.6043,116.5704,110.7596,36.3339,29.8200,13.6767,9.7809,0.8281,0.4180,0.4101,49.4151,John Carlson,D,24.8824,7.0000,16.0000,29.0000,47.0000,39.0000,59.1000,0.7170,6.8105,37.1532
8473986,ANA,1024.8497,202.9330,275.4135,156.3480,268.1873,21.5884,18.0871,30.5726,87.5850,100.0485,76.4844,1503.1963,79.8122,31.8126,71.8002,19.8422,46.4212,18.9603,17.1264,105.4394,44.6566,60.7828,48.6597,Alex Killorn,F,19.6536,13.0000,24.0000,23.0000,38.0000,39.0000,59.0000,0.6362,11.5685,-12.4635
8477479,CHI,1079.0663,309.9411,17.7149,150.7737,247.4448,22.3845,19.1930,29.0262,80.7264,70.5843,77.6250,1406.7223,60.3156,31.0229,72.6853,22.1629,50.3911,14.6557,20.5546,105.3114,52.4659,52.8454,48.2192,Tyler Bertuzzi,F,18.1220,14.0000,25.0000,22.0000,37.0000,39.0000,58.0000,0.6212,12.7297,10.1421
8479385,WSH,902.9581,199.4975,21.1371,160.4681,297.2679,20.6073,20.7204,27.4673,68.2288,53.1076,73.8438,1123.5927,23.5842,27.7097,64.6834,18.5955,14.8071,7.4869,12.6517,20.6884,9.3474,11.3410,48.1877,Jordan Kyrou,F,15.2158,15.0000,27.0000,21.0000,35.0000,39.0000,58.0000,0.6526,12.9125,15.1212
8471215,PIT,867.1830,255.9336,22.8932,147.5777,225.5143,19.8898,17.1617,30.3491,72.4655,56.4717,64.6406,1146.0098,28.8412,30.4571,85.2937,30.1592,52.9858,22.6127,20.8154,478.0945,223.0170,255.0775,47.5108,Evgeni Malkin,F,17.7289,12.0000,23.0000,23.0000,38.0000,38.0000,58.0000,0.7350,11.6290,15.9938
8477964,VGK,1114.5802,146.5789,20.6951,145.5329,252.1354,20.5987,18.9856,28.3608,75.6614,54.6527,75.3281,1281.8542,130.7662,36.8533,83.5491,17.0636,21.8941,9.6331,17.3990,45.4552,18.9626,26.4926,47.3464,Ivan Barbashev,F,17.0169,13.0000,25.0000,21.0000,36.0000,38.0000,57.1000,0.6285,13.0456,21.0086
8477504,WPG,1314.4683,352.9251,90.5958,152.7948,331.1903,10.8191,11.4923,35.8490,105.8498,85.6374,73.4219,1757.9891,38.5908,101.2953,79.6750,24.9459,29.8155,14.9312,12.3968,0.0000,0.0000,0.0000,47.3412,Josh Morrissey,D,23.9437,7.0000,16.0000,28.0000,45.0000,38.0000,58.0000,0.6448,7.5214,20.2124
8478178,TOR,1219.5201,293.0239,47.5971,180.2673,350.2742,12.0878,11.6045,35.6792,90.4724,80.9113,70.4219,1560.1411,57.0700,77.4532,69.0570,14.0751,39.5236,13.5550,8.9526,0.0000,0.0000,0.0000,47.2836,Darren Raddysh,D,22.1542,7.0000,16.0000,28.0000,44.0000,38.0000,57.0000,0.6714,6.4374,9.5611
8481581,DAL,1420.2594,259.5352,106.6659,149.4039,323.5067,9.8471,10.6289,36.5030,108.7166,83.1111,73.7500,1786.4604,40.6092,135.3780,106.6755,31.9449,23.0334,11.7519,6.6873,0.0000,0.0000,0.0000,47.1319,Thomas Harley,D,24.2232,7.0000,15.0000,29.0000,45.0000,38.0000,57.0000,0.6391,7.1142,25.6054
8482745,STL,823.9462,363.1824,12.1126,191.4254,360.9422,23.4018,21.4217,25.7074,77.4697,52.6944,70.9844,1199.2412,86.1095,33.1470,51.6313,17.1472,54.3676,24.1827,20.9328,809.4499,407.1507,402.2992,47.1292,Mason McTavish,F,16.8944,15.0000,28.0000,19.0000,33.0000,38.0000,58.0000,0.6639,11.1906,24.7753
8477495,FLA,1295.8455,247.5425,299.6382,124.7478,279.0442,9.2822,8.7373,38.2403,114.9514,105.7146,72.7031,1843.0261,79.6341,110.3205,102.6351,26.6717,31.7461,15.8562,9.5162,0.0000,0.0000,0.0000,46.9776,Seth Jones,D,25.3500,5.0000,13.0000,30.0000,47.0000,38.0000,57.0000,0.6462,7.0039,9.2368
8481617,EDM,1093.1868,227.6348,14.9393,181.6328,283.2781,22.0861,20.3559,26.3456,93.1876,54.9889,78.2500,1335.7609,254.9366,53.5173,60.4944,21.9020,62.4824,14.1613,13.4533,79.8970,33.1992,46.6978,46.7015,Vasily Podkolzin,F,17.0704,14.0000,27.0000,20.0000,33.0000,38.0000,57.0000,0.5968,11.2072,38.1987
8476389,UTA,984.6648,312.8932,177.0310,152.0669,265.1485,19.6005,17.1490,28.9807,93.7651,81.1753,76.1875,1474.5889,188.8236,58.4257,79.8859,27.3536,50.3375,20.5853,19.8627,1082.8899,615.9990,466.8909,46.1297,Vincent Trocheck,F,19.3547,12.0000,23.0000,22.0000,37.0000,37.0000,56.0000,0.6055,11.2773,12.5898
8482146,NJD,991.4888,177.8512,17.1916,168.3362,270.8626,16.9724,15.9472,30.1155,76.5970,53.8214,78.7344,1186.5316,24.9567,21.6542,57.5606,21.0688,25.0062,10.5344,18.9351,4.0776,1.9960,2.0815,46.0627,Luke Evangelista,F,15.0701,11.0000,22.0000,23.0000,38.0000,37.0000,56.0000,0.5850,9.4734,22.7756
8480064,BUF,860.2949,319.4990,18.3487,130.3201,221.2213,20.2999,18.2798,27.7344,81.2775,53.0287,71.4062,1198.1426,88.9261,45.0382,46.0886,16.6502,44.1735,16.3946,18.1179,787.1939,411.1505,376.0434,46.0142,Josh Norris,F,16.7792,13.0000,24.0000,21.0000,35.0000,37.0000,56.0000,0.6444,14.0268,28.2488
8482667,OTT,1094.1501,150.6832,36.1108,161.7573,287.4696,18.4319,18.0790,27.7287,77.3866,55.0203,77.2031,1280.9442,56.1801,44.7733,57.8560,14.8056,27.2713,11.3065,18.9281,50.7785,21.0758,29.7027,45.8077,William Eklund,F,16.5919,13.0000,24.0000,21.0000,35.0000,36.0000,56.0000,0.5933,11.1766,22.3663
8477476,COL,973.4590,127.4992,96.4006,134.6518,244.5539,21.0909,19.0061,26.5812,73.7583,58.5478,71.8594,1197.3588,41.1891,31.2670,49.2893,13.4364,23.0611,11.2432,10.5108,16.5810,7.5482,9.0328,45.5874,Artturi Lehkonen,F,16.6625,13.0000,25.0000,20.0000,34.0000,36.0000,56.0000,0.6344,14.1150,15.2105
8483431,UTA,956.5646,245.7877,53.1197,139.2783,227.0246,20.4977,19.0961,26.4349,78.5314,59.1009,74.6719,1255.4720,64.2613,32.3284,79.0696,24.3331,34.3079,16.3400,20.2696,698.6240,306.2635,392.3605,45.5311,Logan Cooley,F,16.8132,14.0000,25.0000,20.0000,34.0000,36.0000,55.0000,0.6097,13.7108,19.4306
8478414,NJD,1062.0446,152.9401,18.8620,226.3053,417.9306,27.7910,25.0416,20.4140,76.2488,56.1118,76.7344,1233.8467,114.0198,45.7695,66.5825,20.8335,37.6467,12.1061,14.8740,98.0477,46.2701,51.7775,45.4556,Timo Meier,F,16.0795,18.0000,32.0000,15.0000,27.0000,36.0000,55.0000,0.5924,11.0654,20.1370
8478519,TBL,1010.9741,66.8229,248.9324,143.4322,222.4805,17.2331,17.2521,27.8325,69.0550,74.4172,76.2031,1326.7294,45.1044,54.8934,57.5579,23.3526,37.1219,13.5724,18.9590,1312.9832,654.1490,658.8342,45.0846,Anthony Cirelli,F,17.4104,12.0000,23.0000,21.0000,35.0000,36.0000,55.0000,0.5916,12.0280,-5.3622
8477402,STL,950.4905,201.6700,155.8002,136.1180,250.1233,17.3075,17.4282,27.4614,71.7463,72.3014,74.5312,1307.9607,32.4767,32.0189,68.8184,19.1638,28.2432,12.0114,10.8147,207.8759,87.4568,120.4192,44.8897,Pavel Buchnevich,F,17.5492,12.0000,23.0000,20.0000,35.0000,36.0000,55.0000,0.6023,12.8038,-0.5551
8476455,COL,833.0043,205.2796,20.0702,138.3890,240.5725,22.0966,20.2964,23.7865,75.2123,45.3490,63.3438,1058.3542,91.8546,34.5076,46.9274,16.4980,47.2238,18.6641,12.5274,238.1464,140.4659,97.6806,44.0828,Gabriel Landeskog,F,16.7081,14.0000,27.0000,18.0000,31.0000,35.0000,54.0000,0.6959,14.6662,29.8633
8480028,CGY,1059.9127,297.7370,21.5611,178.0352,324.7502,21.0494,18.7335,25.2965,76.1117,70.0747,76.2812,1379.2108,68.0020,50.8446,65.9883,25.8533,28.3336,13.8312,15.6931,1236.9729,678.2751,558.6979,44.0301,Morgan Frost,F,18.0806,13.0000,25.0000,19.0000,32.0000,35.0000,54.0000,0.5772,10.5224,6.0370
8482110,NJD,1029.2709,137.4696,197.1089,155.7323,278.6417,21.4915,20.0478,23.9093,79.8103,76.7337,77.9531,1363.8494,33.1211,44.6274,66.6581,21.4738,25.1835,8.4104,10.1607,292.1996,123.2947,168.9049,43.9570,Dawson Mercer,F,17.4958,14.0000,26.0000,18.0000,31.0000,35.0000,54.0000,0.5639,12.8732,3.0765
8475170,NYI,1029.0876,280.1367,16.5798,142.3035,247.4009,21.4516,17.7807,26.1659,79.4394,60.9804,74.3125,1325.8043,172.1601,43.4179,58.8436,18.1922,58.3774,15.4832,11.9919,848.4896,434.9939,413.4956,43.9466,Brayden Schenn,F,17.8409,13.0000,24.0000,20.0000,33.0000,35.0000,54.0000,0.5914,12.4949,18.4590
8478498,VAN,1092.1445,289.9701,62.9725,231.0846,363.8499,25.3769,21.6590,22.2815,80.3122,80.8193,77.1094,1445.0872,82.3627,42.8637,53.5670,16.3343,18.4658,9.3738,13.5332,36.1742,17.2043,18.9699,43.9405,Jake DeBrusk,F,18.7407,16.0000,28.0000,16.0000,29.0000,35.0000,54.0000,0.5698,9.3728,-0.5071
8474586,SEA,981.8936,216.4613,24.8846,138.7250,233.0939,18.1156,15.8828,27.9936,67.3177,60.9923,69.9688,1223.2395,40.9806,34.3526,50.6686,23.9327,21.9571,10.2120,11.2620,30.6432,14.5483,16.0950,43.8764,Jordan Eberle,F,17.4827,11.0000,21.1000,21.0000,35.0000,35.0000,54.0000,0.6271,11.4491,6.3253
8483493,CHI,933.3025,286.5762,62.1582,152.1447,274.8851,21.5387,19.7852,24.0455,74.0635,68.0919,75.3906,1282.0369,41.8051,45.6341,79.1701,22.4891,32.1556,12.8289,21.9442,954.5796,472.9322,481.6474,43.8307,Frank Nazar,F,17.0053,14.0000,26.0000,18.0000,31.0000,35.0000,53.0000,0.5814,13.0042,5.9716
8477451,MIN,1117.2312,112.3402,14.9129,177.6318,345.7231,22.4987,19.0341,24.6257,71.7383,51.9960,72.7969,1244.4844,70.2968,69.8571,71.6118,23.1246,63.4314,21.3035,27.2957,852.9584,402.7935,450.1649,43.6598,Ryan Hartman,F,17.0953,13.0000,25.0000,18.0000,32.0000,34.0000,53.0000,0.5997,10.7155,19.7424
8482149,WPG,1055.7207,192.1095,10.7338,165.6181,295.8143,21.2011,18.9235,24.5738,70.2465,56.4256,74.8750,1258.5641,63.2785,38.9589,56.4067,21.0537,21.8340,10.7817,9.8252,55.0121,25.2166,29.7955,43.4972,Cole Perfetti,F,16.8089,13.0000,25.0000,18.0000,32.0000,35.0000,53.0000,0.5809,11.4260,13.8209
8478038,COL,1231.4974,204.6241,234.6697,131.0943,248.4287,10.1704,9.9069,33.4733,104.4778,90.9736,69.1406,1670.7913,33.4075,90.5485,79.5993,31.4443,26.3094,13.1603,10.1389,0.0000,0.0000,0.0000,43.3803,Devon Toews,D,24.1651,6.0000,14.0000,26.0000,42.0000,35.0000,53.0000,0.6274,7.5571,13.5042
8476456,CGY,902.7155,255.0923,117.5326,144.1428,251.7495,17.9912,16.0446,27.1330,69.0899,73.5139,69.3906,1275.3403,44.4265,42.1266,81.3178,18.7411,41.0808,15.3190,18.1693,32.5069,15.6521,16.8549,43.1776,Jonathan Huberdeau,F,18.3791,11.0000,22.0000,20.0000,34.0000,35.0000,53.0000,0.6222,11.1311,-4.4240
8482684,NJD,1417.5258,206.6796,98.3417,165.1507,359.4268,9.7954,9.6508,33.5258,105.4887,84.2234,74.6094,1722.5471,21.0208,63.5304,115.2815,31.6461,28.4766,14.2885,11.9172,0.5166,0.2574,0.2592,43.1766,Luke Hughes,D,23.0875,6.0000,14.0000,26.0000,42.0000,34.0000,53.0000,0.5787,5.8436,21.2653
8478469,OTT,1271.0781,207.1317,167.1505,147.6075,318.7396,9.0555,9.1300,33.4276,99.9508,81.2054,71.2031,1645.3604,46.7639,126.7092,80.6994,27.6448,27.7819,13.8512,10.4892,0.0000,0.0000,0.0000,42.5577,Thomas Chabot,D,23.1080,5.0000,13.0000,26.0000,42.0000,34.0000,52.0000,0.5977,6.1854,18.7454
8482145,NSH,1104.3789,168.1342,24.4689,140.2364,227.1790,19.3845,17.9526,24.4937,71.9790,62.8466,70.6250,1296.9821,76.2193,31.8949,56.2220,17.2369,20.0924,10.1013,18.3242,302.5435,138.3235,164.2200,42.4463,Mavrik Bourque,F,18.3643,12.0000,24.0000,18.0000,32.0000,33.0000,52.0000,0.6010,12.8017,9.1324
8482659,BUF,897.7666,203.6874,11.3972,137.4920,245.8150,20.7669,18.9816,23.3408,68.0731,49.0476,73.6562,1112.8512,67.0957,27.7508,50.6421,29.0009,19.1930,8.4447,14.8584,27.9509,12.9654,14.9856,42.3223,Josh Doan,F,15.1087,13.0000,25.0000,17.0000,30.0000,34.0000,52.0000,0.5746,13.8056,19.0255
8477989,PHI,963.1052,222.4183,141.5727,133.4539,241.6163,19.5651,17.0956,25.1843,78.8817,69.5876,74.7188,1327.0962,39.1184,53.4687,63.1919,19.5083,21.5896,9.8006,12.0412,1190.5586,647.4974,543.0612,42.2799,Christian Dvorak,F,17.7612,12.0000,23.0000,19.0000,32.0000,34.0000,52.0000,0.5659,12.8101,9.2941
8475184,MTL,901.0109,221.7032,17.4223,129.2153,228.6578,18.9258,17.1564,24.9533,77.4209,52.0299,68.6406,1140.1365,67.9236,21.4536,52.3798,13.2883,25.3680,12.3325,7.0156,50.4544,22.3392,28.1152,42.1097,Chris Kreider,F,16.6102,12.0000,23.0000,18.0000,32.0000,33.0000,52.0000,0.6135,13.2774,25.3909
8480220,PHI,874.3763,191.9761,151.8752,129.8466,222.1603,15.5342,16.0101,25.9729,71.3956,65.7545,74.3750,1218.2277,89.5479,46.8612,36.4453,23.3088,23.4245,8.1743,12.9680,1065.1336,481.7862,583.3474,41.9830,Noah Cates,F,16.3795,11.0000,21.1000,19.0000,33.0000,33.0000,51.0000,0.5645,12.3300,5.6411
8481656,WSH,1101.2875,28.2497,177.7880,140.1617,258.2188,17.8012,17.4592,24.4668,60.8771,77.0208,78.5625,1307.3252,30.7657,40.4770,71.7939,23.3358,18.1871,9.1687,15.9298,78.4761,35.8522,42.6238,41.9261,Aliaksei Protas,F,16.6406,12.0000,23.0000,18.0000,31.0000,33.0000,51.0000,0.5337,12.4565,-16.1437
8481601,NYI,1028.2512,134.2684,169.3208,126.1298,224.0035,18.8930,18.9587,22.7869,69.0341,77.5502,77.5312,1331.8405,22.0397,49.2048,54.9295,26.6834,15.6425,8.0776,16.4704,16.3418,7.3280,9.0138,41.7456,Simon Holmstrom,F,17.1781,14.0000,25.0000,17.0000,30.0000,33.0000,51.0000,0.5384,15.0311,-8.5161
8480802,BUF,999.7631,136.0168,236.0915,99.5199,175.5104,12.6599,13.4379,27.9940,73.4937,80.2798,78.9219,1371.8713,22.6336,35.1816,83.9745,31.3724,16.5288,8.4530,10.9292,995.2822,500.8403,494.4419,41.4319,Ryan McLeod,F,17.3827,9.0000,18.0000,21.0000,36.0000,33.0000,51.0000,0.5250,13.5027,-6.7861
8473512,OTT,889.9233,196.1645,58.3658,134.8874,217.2631,17.3310,14.8836,26.2147,74.8176,51.5921,75.4844,1144.4536,50.2816,26.2004,50.4170,18.8110,17.9317,8.9477,12.9476,873.5226,518.1176,355.4050,41.0983,Claude Giroux,F,15.1615,10.0000,20.0000,20.0000,33.0000,32.0000,50.0000,0.5445,11.0341,23.2255
8479675,LAK,1024.4371,81.2022,160.5338,219.5251,333.8972,20.5705,17.0357,23.9522,68.1069,73.1234,74.3125,1266.1732,69.0170,38.2131,54.7536,24.5806,17.2790,8.7408,12.3600,28.5947,12.7671,15.8276,40.9879,Trevor Moore,F,17.0385,12.0000,23.0000,17.0000,31.0000,32.0000,50.0000,0.5516,7.7603,-5.0166
8482089,STL,905.8980,274.7276,25.3516,127.9517,213.6082,17.6809,16.6349,23.7690,72.0236,54.5697,75.9062,1205.9772,162.1456,43.3810,48.7496,16.2164,42.4564,15.4968,17.9349,23.1458,10.6275,12.5183,40.4039,Jake Neighbours,F,15.8877,11.0000,22.0000,17.0000,31.0000,32.0000,49.0000,0.5323,13.0009,17.4539
8480068,ANA,927.0684,148.6407,285.5460,140.5916,246.6196,16.4843,15.4333,24.8025,75.6252,94.4525,75.9062,1361.2551,53.1933,96.5448,55.1513,19.2232,16.7185,8.5668,15.6476,1179.9745,591.7320,588.2425,40.2358,Ryan Poehling,F,17.9334,10.0000,21.0000,18.0000,32.0000,32.0000,49.0000,0.5301,10.9774,-18.8273
8481606,OTT,1231.4323,160.3902,57.7659,126.6946,294.5768,9.9050,9.4699,30.7496,86.6916,63.6120,67.7656,1449.5884,65.3329,72.3683,71.2569,15.7764,21.4491,10.8405,3.7303,0.0000,0.0000,0.0000,40.2195,Jordan Spence,D,21.3912,6.0000,14.0000,23.0000,39.0000,31.0000,49.0000,0.5935,7.4746,23.0795
8484860,CGY,894.7234,212.4096,11.9802,152.8136,265.6577,18.5205,15.4364,23.9342,59.5598,56.7739,64.8750,1119.1132,26.8774,47.9633,68.5662,16.2514,11.8477,6.9963,12.4707,41.6288,19.4469,22.1819,39.3706,Matvei Gridin,F,17.2503,10.0000,21.0000,17.0000,31.0000,31.0000,48.0000,0.6069,10.1015,2.7859
8477497,CBJ,908.2540,117.5297,162.8487,132.4521,208.7024,19.3014,16.2232,23.0342,67.6372,65.0046,71.5625,1188.6324,37.9649,33.3015,53.2270,20.6168,15.1590,7.6944,9.9370,1136.7175,600.1033,536.6142,39.2574,Sean Monahan,F,16.6097,11.0000,22.0000,17.0000,30.0000,31.0000,48.0000,0.5486,12.2484,2.6326
8475172,COL,844.6162,183.8158,17.0300,151.3135,278.6747,21.4528,17.9483,21.0455,72.1912,44.7400,74.3281,1045.4619,36.9623,21.1671,56.1953,17.4488,33.8399,12.4706,21.8049,671.7200,320.3892,351.3308,38.9938,Nazem Kadri,F,14.0655,13.0000,24.0000,15.0000,28.0000,30.0000,48.0000,0.5246,11.8617,27.4512
8480797,CGY,1054.1840,153.5740,223.3000,169.7684,257.3508,18.3670,15.2275,23.7413,68.1882,91.8787,77.0469,1431.0580,68.6001,52.9134,72.6000,22.5606,36.6136,12.1688,17.4732,69.5136,32.8193,36.6943,38.9688,Joel Farabee,F,18.5739,10.0000,21.0000,17.0000,31.0000,31.0000,48.0000,0.5058,8.9696,-23.6905
8484186,WSH,851.0918,186.7051,11.1795,153.9595,269.8255,18.1665,17.0207,21.8975,63.7816,48.8236,71.6094,1048.9764,120.0658,27.2612,62.5120,15.8500,47.8403,17.9795,23.3555,17.1981,8.5785,8.6196,38.9183,Ryan Leonard,F,14.6486,12.0000,23.0000,16.0000,29.0000,31.0000,48.0000,0.5435,11.0553,14.9581
8479400,WSH,826.1343,165.7614,14.6968,104.4527,186.0858,13.5868,14.3663,24.4825,60.0826,47.3494,66.2344,1006.5925,52.9132,33.3702,51.8093,12.2771,48.0765,18.7948,19.4742,1018.2530,492.0788,526.1742,38.8489,Pierre-Luc Dubois,F,15.1974,9.0000,19.0000,18.0000,31.0000,31.0000,48.0000,0.5865,13.7539,12.7332
8482092,OTT,998.8203,43.9357,206.1321,130.9852,247.8194,17.7742,17.4611,21.0569,64.1542,68.4210,74.5781,1248.8881,108.2286,46.0673,44.3647,19.3973,70.1188,24.2492,22.9879,591.1557,293.5370,297.6186,38.5180,Ridly Greig,F,16.7460,12.0000,23.0000,15.0000,28.0000,30.0000,48.0000,0.5165,13.3306,-4.2668
8475722,BUF,726.0093,265.4011,14.4535,124.9707,218.4069,20.5644,17.8297,20.4233,68.0723,44.4067,62.3125,1005.8639,63.5102,21.9010,64.7793,14.2330,49.4332,13.2472,13.6730,94.4100,42.0199,52.3901,38.2531,Jason Zucker,F,16.1422,12.0000,24.0000,14.0000,27.0000,30.0000,47.0000,0.6139,14.2671,23.6656
8476906,CAR,957.0204,217.6185,17.6861,135.8278,293.6358,9.0182,8.0018,29.9800,82.4387,52.0768,65.5312,1192.3251,31.1535,64.1113,61.4385,21.3645,30.0784,11.4920,11.3986,0.0019,0.0009,0.0009,37.9818,Shayne Gostisbehere,D,18.1948,4.0000,12.0000,23.0000,38.0000,30.0000,47.0000,0.5796,5.8911,30.3620
8475151,NYI,774.5219,207.5349,85.7985,158.4081,269.7809,19.7808,17.5833,20.3668,62.6124,56.6751,61.5469,1067.8553,46.7205,29.8181,45.1970,13.8964,18.0343,8.9237,12.9549,34.5445,16.2826,18.2619,37.9501,Kyle Palmieri,F,17.3503,12.0000,24.0000,14.9000,27.0000,30.0000,47.0000,0.6166,11.1000,5.9374
8476539,NSH,851.1441,228.0988,11.9442,138.0717,249.1722,18.2150,14.0818,23.7386,69.0353,51.7630,64.0781,1091.1870,72.4221,17.1626,66.5169,14.6237,30.5532,12.6250,11.3374,58.7045,25.3189,33.3856,37.8204,Jonathan Marchessault,F,17.0290,9.0000,19.0000,17.0000,31.0000,30.0000,47.0000,0.5902,10.1989,17.2724
8479999,BOS,892.0824,185.7352,13.7893,105.4957,183.8585,14.5770,12.3596,25.3990,68.4864,50.9489,72.4219,1091.6069,23.9972,24.5175,71.2128,16.0903,19.7399,9.7153,9.2787,360.3550,164.6856,195.6694,37.7585,Casey Mittelstadt,F,15.0729,8.0000,17.0000,19.0000,33.0000,29.0000,47.0000,0.5214,11.7157,17.5375
8478042,DET,818.5340,147.4046,23.0669,145.8088,270.2161,20.6095,17.8809,19.7613,56.5051,46.7648,62.1719,989.0055,27.3246,31.7570,57.3821,15.3823,27.0361,12.7450,12.2620,24.4070,11.4625,12.9445,37.6422,Viktor Arvidsson,F,15.9076,12.0000,24.0000,14.0000,26.0000,29.0000,46.0000,0.6055,12.2632,9.7403
8482713,SEA,856.9896,227.5096,16.2053,146.1642,282.0079,19.9842,18.2573,19.3651,63.0195,53.9429,67.5156,1100.7046,136.4397,33.7751,54.4940,12.1866,23.3918,11.3116,21.3592,11.6401,5.8053,5.8347,37.6224,Mackie Samoskevich,F,16.3030,13.0000,24.0000,14.0000,25.0000,29.0000,46.0000,0.5572,12.4909,9.0766
8475726,SJS,734.4976,251.6675,18.2848,146.8305,264.4591,20.9404,16.0756,21.4349,64.3715,47.1575,73.6562,1004.4498,43.6852,23.1057,47.4837,14.7905,11.1494,5.7639,10.0780,31.3708,14.8401,16.5307,37.5105,Tyler Toffoli,F,13.6370,11.0000,22.0000,16.0000,28.0000,29.9000,46.0000,0.5093,10.9484,17.2140
8481598,STL,1325.6158,259.8398,164.0057,105.9896,243.2422,8.0302,8.3687,29.1092,95.4749,92.0800,75.7344,1749.4613,37.1965,102.6147,105.0697,24.1047,19.1187,9.9603,15.0133,0.0000,0.0000,0.0000,37.4778,Philip Broberg,D,23.1000,5.0000,12.0000,22.0000,37.0000,29.0000,46.0000,0.4949,7.8957,3.3949
8482259,SEA,981.2164,159.5818,15.0826,197.4102,341.8740,20.3384,19.1732,18.2866,60.3974,57.0059,67.9219,1155.8807,150.1778,27.2634,42.9236,17.8083,41.2784,12.6530,11.4509,28.7817,14.0166,14.7651,37.4598,Bobby McMann,F,17.0178,13.0000,25.0000,13.0000,24.0000,29.0000,46.0000,0.5515,9.7124,3.3914
8476905,SEA,1054.3054,171.1630,231.0898,94.9885,168.0789,13.1369,10.9916,26.3518,73.5200,96.6388,79.9219,1456.5583,26.4535,47.9912,59.9616,27.5387,21.5983,8.9336,15.2574,1323.2033,698.4188,624.7845,37.3434,Chandler Stephenson,F,18.2248,7.0000,15.0000,19.0000,33.0000,29.0000,46.0000,0.4672,11.5715,-23.1187
8482157,NYR,1037.4838,94.9982,110.5017,155.8883,298.1888,18.6600,20.5362,16.7678,59.8110,64.1207,76.7031,1242.9836,281.4446,51.6356,53.3861,11.2200,56.4377,18.5370,15.0484,91.5780,42.6118,48.9662,37.3040,Will Cuylle,F,16.2051,15.0000,27.0000,12.0000,22.0000,29.0000,46.0000,0.4863,13.1737,-4.3097
8482122,MIN,1392.2743,44.1635,186.2509,138.1276,285.9448,9.0850,8.9479,28.1379,81.5132,83.4958,72.1250,1622.6887,29.0245,108.4254,75.5605,22.2930,25.4519,10.0580,7.2372,0.0000,0.0000,0.0000,37.0858,Brock Faber,D,22.4983,5.0000,13.0000,21.0000,36.0000,29.0000,46.0000,0.5142,6.4780,-1.9825
8478407,SEA,1315.5698,224.5375,33.1161,170.7000,338.1716,9.1698,8.7448,28.3259,82.6759,79.1077,72.7344,1573.2234,27.4790,80.6801,86.8760,25.1873,56.5207,20.9658,14.3793,0.0000,0.0000,0.0000,37.0708,Vince Dunn,D,21.6297,5.0000,13.0000,21.0000,36.0000,29.0000,46.0000,0.5097,5.1229,3.5682
8476399,MIN,933.1395,148.0973,198.3619,173.0145,294.1208,21.1727,18.6027,18.3740,76.0495,71.3838,70.8750,1279.5988,153.2682,50.8214,65.6200,25.3830,50.4674,20.6975,16.1038,43.1748,20.8156,22.3592,36.9766,Blake Coleman,F,18.0543,13.0000,24.0000,13.0000,24.0000,29.0000,46.0000,0.5217,10.7521,4.6657
8481553,MIN,914.6821,173.3218,9.0422,115.9773,229.7905,18.1633,15.3514,21.6166,71.5542,45.5705,73.1562,1097.0460,83.3645,35.0854,50.0619,15.4482,22.2060,10.8041,13.7423,46.3825,20.8737,25.5087,36.9680,Bobby Brink,F,14.9959,10.0000,21.0000,15.0000,28.0000,29.0000,46.0000,0.5053,13.2366,25.9837
8475791,CAR,841.7504,143.1830,19.3494,125.4638,226.8446,18.1289,14.9590,21.9158,65.4930,44.3496,64.1406,1004.2828,43.6478,29.2397,57.7345,21.1887,34.7750,14.4332,16.9238,48.7233,22.7869,25.9364,36.8748,Taylor Hall,F,15.6575,10.0000,20.0000,16.0000,28.0000,29.0000,45.0000,0.5749,11.9230,21.1434
8476882,CHI,878.4641,258.9934,195.0363,114.7833,203.1933,14.5306,11.9815,24.8706,73.8477,82.1746,75.7812,1332.4938,23.3853,35.8574,73.7868,22.1838,11.0575,5.9296,7.6241,158.6027,72.9639,85.6388,36.8521,Teuvo Teravainen,F,17.5834,7.9000,17.0000,18.0000,32.0000,29.0000,46.0000,0.4863,10.4383,-8.3269
8482159,PHI,819.0904,189.2142,86.3795,145.1984,237.7533,18.0964,18.5241,18.1383,65.9667,54.4828,62.9375,1094.6841,64.6520,42.4446,35.7341,17.5368,36.5624,13.1928,13.2347,7.0661,3.4870,3.5791,36.6624,Tyson Foerster,F,17.3932,13.0000,24.0000,13.0000,24.0000,28.0000,45.0000,0.5825,12.7578,11.4839
8482475,PIT,900.8591,121.5800,19.0904,153.9964,288.9496,18.7659,17.1023,19.2996,56.3401,52.0774,65.6250,1041.5295,62.1550,31.9507,40.8783,14.3280,11.3822,6.0652,13.4861,13.8958,6.6817,7.2140,36.4019,Egor Chinakhov,F,15.8709,12.0000,23.0000,14.0000,25.0000,29.0000,45.0000,0.5547,11.1057,4.2628
8476462,NJD,1179.6792,127.6216,129.9717,167.0636,353.6893,10.1929,9.6209,26.7116,82.7943,74.3364,69.2344,1437.2725,73.6123,76.5970,97.2674,15.8914,43.4104,20.7542,6.7288,0.0000,0.0000,0.0000,36.3326,Dougie Hamilton,D,20.7595,6.0000,14.0000,20.0000,34.0000,28.0000,45.0000,0.5248,5.7588,8.4579
8482730,LAK,1117.8418,227.3407,31.4176,146.2639,304.4784,8.3600,7.8756,28.4469,87.8888,64.2446,67.7500,1376.6001,25.5910,137.6898,71.6474,21.1193,53.8411,22.2550,15.6038,0.0000,0.0000,0.0000,36.3225,Brandt Clarke,D,20.3188,4.0000,12.0000,21.0000,36.0000,28.0000,45.0000,0.5361,5.3845,23.6443
8477015,NJD,925.5359,155.6656,113.8138,117.1457,221.7685,18.3083,14.4580,21.2211,74.0225,62.2366,73.6094,1195.0154,24.3305,34.3029,54.4668,22.7929,16.4832,6.7200,8.0425,34.0378,15.4418,18.5959,35.6791,Connor Brown,F,16.2346,10.0000,20.0000,15.0000,28.0000,28.0000,44.0000,0.4847,12.3419,11.7859
8477948,PHI,1452.0144,88.4068,272.7529,101.2254,220.7041,7.1552,7.0803,28.4196,87.4789,102.0361,75.6406,1813.1741,52.8147,136.4746,100.1023,30.9841,33.8912,16.7870,14.7260,0.0000,0.0000,0.0000,35.4998,Travis Sanheim,D,23.9709,4.0000,11.0000,21.0000,36.0000,27.0000,44.0000,0.4693,6.9946,-14.5572
8477496,BOS,943.0417,121.4517,137.9136,122.3895,233.9809,18.4668,13.7695,21.5028,67.0928,68.3413,73.2500,1202.4070,60.2446,53.9460,46.1223,17.8177,23.4069,9.5792,10.1684,1017.5767,555.6699,461.9068,35.2723,Elias Lindholm,F,16.4151,9.0000,19.0000,15.0000,28.0000,27.0000,44.0000,0.4815,11.2506,-1.2485
8478500,CBJ,1462.9146,86.3279,309.4903,159.7480,334.5002,9.4809,9.2241,25.7811,97.7646,106.8383,78.8281,1858.7328,29.6127,123.6243,107.4812,25.5359,29.0055,13.6989,10.3531,0.0000,0.0000,0.0000,35.0052,Ivan Provorov,D,23.5796,5.0000,13.0000,19.0000,33.0000,27.0000,44.0000,0.4441,5.7742,-9.0737
8484911,SJS,923.4631,34.9903,261.8179,120.8178,195.0191,16.5945,15.7814,19.0960,56.4510,81.5361,73.6875,1220.2712,75.7097,42.0790,49.7749,25.4244,15.0480,7.8463,12.3146,23.9146,11.2733,12.6412,34.8774,Collin Graf,F,16.5601,11.0000,21.0000,14.0000,25.0000,27.0000,43.0000,0.4733,13.0621,-25.0852
8477447,VGK,1183.2057,110.6640,79.0213,117.3771,276.8114,7.6083,8.3002,26.4543,76.4721,63.0185,67.3281,1372.8910,4.3338,78.0260,79.5522,22.1516,21.0235,10.5118,7.1985,0.0000,0.0000,0.0000,34.7545,Shea Theodore,D,20.3910,5.0000,12.0000,19.0000,34.0000,27.0000,43.0000,0.5162,7.0714,13.4535
8474150,CGY,1086.6833,64.8670,276.6912,166.8948,301.9740,16.8667,13.4600,21.1108,61.8232,97.2922,77.7500,1428.2416,33.9874,34.9776,79.4126,30.2192,24.2611,11.9734,10.1834,1538.0918,771.7334,766.3585,34.5708,Mikael Backlund,F,18.3697,9.0000,19.0000,15.0000,27.0000,27.0000,43.0000,0.4446,8.0650,-35.4690
8480865,MTL,1280.4606,121.8956,223.7345,141.8120,297.1874,8.7723,9.1854,25.3227,87.9983,93.5070,75.7812,1626.0906,54.6366,143.2288,90.4296,29.1856,30.9120,15.3259,11.0520,0.0000,0.0000,0.0000,34.5081,Noah Dobson,D,21.4577,5.0000,13.0000,19.0000,32.0000,27.0000,43.0000,0.4554,6.4772,-5.5086
8481554,SEA,843.3658,126.7993,19.2925,92.4470,170.1999,12.2388,12.4588,21.8824,50.8700,49.6204,67.7969,989.4576,40.3517,19.8749,47.9244,16.4910,25.9271,10.8626,10.6878,49.6439,24.9560,24.6880,34.3412,Kaapo Kakko,F,14.5944,8.0000,17.0000,16.0000,28.0000,27.0000,43.0000,0.5065,13.4767,1.2497
8480748,SJS,968.5475,101.8708,56.8331,156.1736,289.4869,18.4203,15.7687,18.4524,57.9243,57.3370,72.0938,1127.2513,337.3356,28.8351,56.8454,23.2082,43.4631,16.1479,19.0956,42.4308,20.0449,22.3859,34.2211,Kiefer Sherwood,F,15.6359,11.0000,21.0000,13.0000,24.0000,26.0000,43.0000,0.4747,10.0969,0.5873
8477511,NJD,766.0581,169.8010,17.2609,121.6789,208.0676,16.6289,14.7687,19.2756,64.3846,43.4348,64.6875,953.1200,44.4901,30.7127,52.1976,14.4509,30.8064,12.1332,12.0411,39.5919,17.5425,22.0494,34.0443,Anthony Mantha,F,14.7342,10.0000,20.0000,14.0000,25.0000,26.0000,43.0000,0.5263,12.1374,20.9497
8478397,VGK,1367.9514,110.9708,197.2822,166.8708,348.8081,10.4651,10.3001,23.6989,89.9444,85.8961,75.2656,1676.2045,31.7278,139.8290,90.4256,23.1344,54.6610,20.9609,16.5078,0.0000,0.0000,0.0000,33.9990,Rasmus Andersson,D,22.2705,6.0000,15.0000,17.0000,30.0000,26.0000,42.0000,0.4517,6.1725,4.0483
8477986,SEA,1477.8895,174.2850,50.3267,209.8611,399.4218,10.5461,9.8114,24.1306,84.1718,87.7979,74.1719,1702.5012,81.1582,87.8264,91.7166,25.8667,58.5547,22.6773,13.3136,0.0000,0.0000,0.0000,33.9420,Brandon Montour,D,22.9535,6.0000,14.0000,18.0000,31.0000,26.0000,42.0000,0.4576,4.6752,-3.6260
8475314,UTA,986.2802,158.5485,17.7986,165.7967,273.3682,20.1640,17.2044,16.3395,66.5742,51.4966,76.4531,1162.6272,97.0736,35.4989,51.4404,12.4149,42.3681,13.2850,12.2677,76.8750,38.9405,37.9345,33.5439,Anders Lee,F,15.2071,12.0000,23.0000,11.0000,22.0000,26.0000,42.0000,0.4388,10.3768,15.0776
8481580,STL,928.2231,140.7471,177.4288,136.6441,232.1153,17.0076,14.5874,18.8551,64.8507,71.9983,76.6094,1246.3990,41.3929,38.0339,56.3289,22.1049,36.2370,15.1417,11.3921,473.9389,210.8797,263.0593,33.4425,Connor McMichael,F,16.2695,10.0000,20.0000,13.0000,25.0000,26.0000,42.0000,0.4365,10.6754,-7.1476
8473419,FLA,587.5000,177.4392,19.8915,107.7301,194.0968,15.8582,12.8801,20.5154,57.9951,35.2259,56.0312,784.8308,40.2527,17.8523,55.7648,12.9628,36.8426,15.4782,18.3441,9.8817,4.5951,5.2865,33.3955,Brad Marchand,F,14.0070,8.0000,18.0000,15.0000,27.0000,26.0000,42.0000,0.5960,11.9559,22.7692
8484158,TOR,965.0257,153.5129,27.8474,94.3260,176.1892,13.3658,11.5694,21.7102,60.5107,59.4116,69.7031,1146.3860,85.1822,37.7868,78.7548,16.6646,49.8563,15.8564,17.5359,7.9943,3.8299,4.1644,33.2796,Easton Cowan,F,16.4467,7.0000,16.0000,16.0000,28.0000,25.9000,42.0000,0.4774,12.2654,1.0991
8478458,TOR,893.6797,176.6363,18.2914,124.3897,225.2413,17.4200,15.0013,18.2546,60.2539,55.3493,71.8594,1088.6074,37.0163,26.8995,60.2181,16.3382,15.8447,7.9976,12.4355,218.2968,110.8233,107.4735,33.2558,Jack Roslovic,F,15.1491,10.0000,21.0000,13.0000,24.0000,26.0000,42.0000,0.4628,12.0599,4.9047
8478474,UTA,966.5831,65.5674,277.4634,138.1279,229.2300,18.3830,15.5196,17.5375,63.6575,84.2450,76.0781,1309.6139,201.2702,49.6191,58.6554,18.6293,42.3289,13.2380,13.1769,66.9011,28.6044,38.2968,33.0571,Lawson Crouse,F,17.2141,10.0000,21.0000,12.0000,23.0000,25.0000,41.0000,0.4345,11.2357,-20.5875
8478856,CBJ,888.3162,102.1379,16.7593,133.2688,243.7240,16.5491,14.3708,18.5554,58.4235,43.2257,74.7969,1007.2134,36.8338,30.5790,46.1791,19.8287,31.7155,10.0570,17.1881,24.0123,11.3658,12.6465,32.9262,Conor Garland,F,13.4660,9.0000,20.0000,13.0000,25.0000,25.0000,41.0000,0.4402,10.7833,15.1978
8484210,NYR,963.0585,115.4579,12.6274,115.7794,193.3725,13.9021,13.0247,19.7744,55.6008,48.5819,68.5469,1091.1437,36.7661,31.8614,53.2224,15.6706,16.7054,8.5600,9.3329,23.8949,11.5372,12.3577,32.7991,Gabe Perreault,F,15.9182,8.0000,18.0000,14.0000,26.0000,25.0000,41.0000,0.4785,11.2496,7.0189
8482705,CBJ,1026.1998,27.0832,51.5348,135.5067,239.5267,16.6972,14.4841,18.2438,57.2905,50.5563,76.5625,1104.8179,95.5133,41.4896,52.9466,22.4444,36.2564,13.2504,9.4959,273.1148,126.4916,146.6231,32.7279,Cole Sillinger,F,14.4303,10.0000,19.0000,13.0000,24.0000,25.0000,41.0000,0.4275,10.6888,6.7342
8484221,NYI,785.9557,212.0326,9.1239,108.4999,180.7739,14.4997,12.6052,20.0696,60.2820,45.9738,62.6562,1007.1122,24.3117,36.6303,56.4218,12.9330,24.4241,11.3837,11.6540,341.4599,134.9821,206.4778,32.6748,Calum Ritchie,F,16.0736,8.0000,17.0000,14.0000,26.0000,25.0000,41.0000,0.5215,11.6177,14.3082
8477987,CHI,972.0528,178.2974,14.1914,139.4155,267.3334,16.1728,14.9615,17.6859,60.2131,59.2924,76.0781,1164.5416,84.3904,21.9865,52.1870,22.5125,37.6943,12.9730,17.6836,429.6402,209.4064,220.2339,32.6474,Ryan Donato,F,15.3072,10.0000,20.0000,12.0000,23.0000,25.0000,41.0000,0.4291,10.7316,0.9206
8485391,CHI,961.4196,282.0395,12.4804,195.5627,336.0769,21.7462,16.4320,15.7047,72.4704,62.7318,74.2188,1255.9396,56.5110,53.7249,62.3323,18.3263,30.5549,13.1957,13.8572,723.9842,311.4676,412.5166,32.1367,Anton Frondell,F,16.9221,11.0000,22.0000,11.0000,21.0000,25.0000,40.0000,0.4330,8.4024,9.7386
8485414,PIT,827.2143,132.8065,79.0887,134.8330,242.6407,18.0041,15.7402,16.3275,56.9331,57.8116,73.5312,1039.1095,28.9236,47.3903,66.1601,20.2592,18.3611,9.1009,14.3795,706.0363,315.5864,390.4499,32.0677,Ben Kindel,F,14.1315,10.0000,21.0000,11.0000,22.0000,24.0000,40.0000,0.4361,11.6739,-0.8785
8484994,SJS,806.3144,133.6809,12.3397,111.2235,183.1585,14.8264,13.1652,18.7812,52.6692,44.7069,64.1250,952.3350,41.9964,30.4223,49.6643,13.0073,18.4467,8.8123,10.2693,6.4826,3.3038,3.1788,31.9464,Igor Chernyshov,F,14.8512,9.0000,18.0000,13.0000,25.0000,25.0000,40.0000,0.4982,11.8367,7.9623
8483450,CHI,1014.1972,100.6581,177.0004,110.6753,187.4539,14.7550,13.6483,17.6775,58.9324,80.2282,77.5938,1291.8558,48.9743,37.8578,54.1481,20.1034,16.3980,8.6705,14.3482,865.9368,396.5143,469.4225,31.3258,Ryan Greene,F,16.6490,9.0000,19.0000,12.0000,23.0000,24.0000,39.0000,0.4037,12.3318,-21.2958
8473533,CAR,853.4920,80.8884,195.5368,104.6440,193.0203,15.2873,12.8565,18.1680,64.4543,64.0161,68.1719,1129.9172,143.9628,40.6770,46.1458,13.5496,27.7432,11.1824,11.0920,1273.1312,694.5063,578.6249,31.0245,Jordan Staal,F,16.5745,8.0000,18.0000,13.0000,24.0000,24.0000,39.0000,0.4551,12.2859,0.4382
8486189,NSH,613.4901,47.0295,29.6729,83.2778,131.7451,7.4582,14.6016,16.3978,33.8633,35.3780,60.8906,690.1925,61.1430,24.0555,37.1335,11.0776,22.7959,8.2098,9.8065,253.6623,110.8908,142.7715,30.9994,Vitali Pinchuk,F,11.3350,10.0000,20.0000,11.0000,22.0000,24.0000,39.0000,0.5091,17.5336,-1.5147
8483808,PIT,749.8164,181.2912,15.0763,94.0183,197.6633,15.2999,13.6366,17.2184,57.2667,46.5171,64.5781,946.1840,20.5369,19.7500,51.8935,15.6578,15.3613,7.6483,15.0916,3.3747,1.6975,1.6772,30.8550,Andrei Kuzmenko,F,14.6518,9.0000,19.0000,12.0000,23.0000,23.0000,39.0000,0.4778,14.5042,10.7497
8482088,WSH,732.9554,154.0259,8.7008,88.3315,157.7186,12.4191,11.7389,18.9899,53.9054,41.6351,62.0469,895.6822,76.3539,30.8398,43.1838,15.4550,26.6316,10.8930,17.9883,693.7109,318.8988,374.8122,30.7288,Justin Sourdif,F,14.4356,7.0000,17.0000,13.0000,25.0000,23.0000,39.0000,0.4953,13.2896,12.2703
8482660,CBJ,715.2535,145.5804,10.0231,113.8251,212.2870,15.0808,13.2188,17.4466,54.8529,36.9700,67.8750,870.8570,11.3560,27.4349,43.7011,13.3662,15.7640,7.7564,6.4023,15.4892,7.4691,8.0200,30.6654,Kent Johnson,F,12.8303,8.0000,18.0000,12.0000,23.0000,23.0000,38.0000,0.4518,11.6133,17.8829
8481524,CHI,1394.9771,113.9532,143.3084,98.8241,206.0408,7.5309,7.5371,23.0609,74.0825,95.7864,78.7031,1652.2385,52.7670,92.3133,78.7429,17.8084,47.4991,19.3092,11.5023,0.0000,0.0000,0.0000,30.5980,Bowen Byram,D,20.9933,4.0000,11.0000,17.0000,30.0000,23.0000,38.0000,0.3888,7.6268,-21.7038
8475794,DAL,689.9290,92.1202,20.5935,86.5205,161.5654,14.0008,13.5653,16.9555,46.5106,35.2610,60.2969,802.6426,32.7639,16.9532,38.1991,9.4739,13.9700,6.9268,6.5268,388.6488,202.6058,186.0429,30.5208,Tyler Seguin,F,13.3115,9.0000,19.0000,12.0000,23.0000,23.0000,38.0000,0.5062,15.6787,11.2496
8481721,NJD,824.5104,110.9494,9.4170,144.6964,239.1120,13.5076,11.2746,19.1978,57.7181,42.5811,70.1406,944.8768,54.5068,20.7857,43.8832,19.3464,24.7510,11.4362,10.4551,16.1268,7.7757,8.3511,30.4723,Arseny Gritsyuk,F,13.4712,7.0000,16.0000,14.0000,25.0000,23.0000,38.0000,0.4344,7.7919,15.1370
8481711,NYI,825.5357,111.2659,11.4004,100.1216,168.7743,12.0911,11.0736,19.3585,50.6486,43.7890,68.1250,948.2020,19.5835,17.0819,62.7615,13.3918,11.4322,5.9105,8.7551,9.7356,4.6771,5.0585,30.4321,Matias Maccelli,F,13.9186,7.0000,16.0000,14.0000,26.0000,23.0000,39.0000,0.4467,11.0601,6.8596
8482142,PHI,1106.0891,236.7703,25.4771,99.9013,213.8722,7.4364,6.7000,23.5975,82.1612,60.9244,65.2656,1368.3364,16.1418,83.1789,55.4359,15.6150,24.9562,9.7904,6.1256,0.0000,0.0000,0.0000,30.2975,Jamie Drysdale,D,20.9657,3.0000,10.0000,17.0000,30.0000,23.0000,38.0000,0.4642,6.7066,21.2368
8479351,DAL,906.0984,16.7617,199.4329,91.1731,147.1072,12.7058,11.6956,18.5873,53.0465,62.5447,76.1250,1122.2931,69.8945,29.3143,46.6556,17.0439,28.9851,12.5061,17.2104,259.7328,129.4735,130.2593,30.2830,Sam Steel,F,14.7428,7.0000,16.0000,13.0000,24.1000,23.0000,38.0000,0.3978,12.8279,-9.4982
8480817,CAR,1318.9255,40.6316,198.3933,126.0409,267.5789,6.3888,6.0182,24.1273,82.8475,82.6481,75.1094,1557.9506,96.3566,89.0628,79.3231,39.8887,40.7560,18.0748,10.1111,0.6419,0.3144,0.3275,30.1455,K'Andre Miller,D,20.7424,3.0000,9.0000,17.0000,31.0000,23.0000,38.0000,0.4014,4.7748,0.1995
8478438,PIT,880.7122,109.4883,14.3641,113.6954,186.0051,15.3901,12.1588,17.7767,53.5739,49.9380,66.6562,1004.5647,11.0569,30.7933,50.5045,21.2767,14.2447,7.2446,9.4797,510.7662,224.1649,286.6014,29.9355,Tommy Novak,F,15.0708,8.0000,17.0000,12.0000,24.0000,23.0000,38.0000,0.4491,10.6942,3.6359
8481522,BUF,1008.4080,42.8954,19.7626,103.6382,177.8130,10.3984,9.6157,20.1661,53.0159,48.4575,75.9062,1071.0659,160.8313,33.1531,48.7924,15.0253,65.7349,16.9139,19.3060,414.5163,196.9598,217.5565,29.7818,Peyton Krebs,F,14.1104,6.0000,14.0000,14.0000,26.0000,22.0000,37.0000,0.3923,9.2781,4.5585
8478882,NYR,1472.7440,66.0238,291.0646,111.4752,249.3280,6.8287,6.6208,23.0963,80.4247,106.2328,80.4219,1829.8324,46.7004,110.0980,89.4270,22.4459,37.6976,17.2614,8.9082,0.0000,0.0000,0.0000,29.7172,Vladislav Gavrikov,D,22.7529,4.0000,10.0000,17.0000,30.0000,23.0000,38.0000,0.3695,5.9393,-25.8081
8483500,BUF,869.6403,94.4266,9.0722,84.8845,169.3634,10.2604,9.9228,19.6971,52.7597,43.0595,70.5781,973.1391,9.3000,33.4111,43.2398,17.9009,18.8708,9.1394,10.7272,264.2308,100.8779,163.3529,29.6199,Noah Ostlund,F,13.7881,6.0000,14.0000,14.0000,26.0000,22.0000,37.0000,0.4197,11.6898,9.7002
8476923,CBJ,1142.1959,103.6388,69.5873,93.7615,206.0489,6.8580,6.3530,23.2139,73.5713,61.0286,64.2344,1315.4220,35.8496,81.2251,76.3581,25.6595,44.9107,19.4134,7.7369,0.0000,0.0000,0.0000,29.5670,Damon Severson,D,20.4785,3.0000,10.0000,17.0000,30.0000,22.0000,37.0000,0.4603,6.7757,12.5427
8485406,PHI,896.6015,211.7276,18.3380,212.6792,335.6955,19.9588,12.9642,16.5982,69.6380,49.9652,67.1719,1126.6671,111.5044,31.0866,49.9414,14.9471,38.2973,14.4889,14.3556,41.6598,20.5723,21.0876,29.5623,Porter Martone,F,16.7729,8.0000,18.0000,11.0000,22.0000,22.0000,37.0000,0.4401,6.0956,19.6727
8484471,DET,1028.1226,53.2326,81.3852,98.8979,179.4127,14.8218,12.0612,17.4367,54.0335,61.3200,77.5781,1162.7404,118.7487,37.6941,64.0767,20.7937,9.5209,5.6916,18.0089,116.2342,54.4376,61.7966,29.4979,Emmitt Finnie,F,14.9880,8.0000,17.0000,12.0000,23.0000,22.0000,37.0000,0.3802,12.1956,-7.2866
8483525,MIN,854.0220,117.0948,27.0963,88.1900,174.1732,14.7040,12.1515,17.3120,60.4802,43.1583,68.4688,998.2131,64.4679,40.9284,47.2504,16.3108,29.0081,13.1614,14.1663,657.5705,273.8779,383.6926,29.4636,Danila Yurov,F,14.5791,8.0000,17.0000,12.0000,23.0000,22.0000,37.0000,0.4303,13.7788,17.3219
8482671,BUF,1396.7252,44.4622,213.5493,112.7394,214.0799,6.4213,6.8447,22.4918,79.3993,90.8388,74.7812,1654.7367,27.1708,95.1832,77.3396,20.9848,20.1657,9.0955,6.0095,0.0000,0.0000,0.0000,29.3365,Owen Power,D,22.1277,4.0000,10.0000,16.0000,29.0000,22.0000,37.0000,0.3923,6.0712,-11.4394
8480459,STL,825.6365,39.4542,195.4078,105.0544,189.6061,13.8367,13.2479,15.9984,50.0092,65.7082,71.3594,1060.4984,44.8131,27.9459,37.1033,15.8509,17.8800,8.8622,9.3165,571.7423,270.0288,301.7135,29.2463,Pius Suter,F,14.8614,9.0000,18.0000,11.0000,21.0000,22.0000,37.0000,0.4098,12.6105,-15.6989
8473994,DAL,744.3522,98.9076,24.5242,80.2598,142.0915,12.4153,11.7034,17.4676,50.1293,38.3651,68.6719,867.7841,81.1017,28.9102,42.7051,13.2048,44.4884,15.7676,9.6425,196.9092,105.4510,91.4582,29.1710,Jamie Benn,F,12.6367,7.0000,16.0000,12.0000,23.0000,22.0000,37.0000,0.4248,14.5819,11.7642
8477950,NYI,1088.9561,113.7141,23.9548,123.9757,240.1373,7.5563,6.9028,22.2323,63.5523,57.7676,66.2500,1226.6250,26.7711,62.2022,73.5648,15.3614,34.5274,10.4365,5.6956,0.0020,0.0010,0.0010,29.1351,Tony DeAngelo,D,18.5151,4.0000,11.0000,16.0000,29.0000,22.0000,37.0000,0.4398,5.5679,5.7847
8483512,EDM,666.4020,103.9233,80.3080,115.6034,197.5195,15.6005,13.7447,15.3813,52.8868,42.4421,48.2969,850.6332,12.5213,26.2789,37.7327,19.1747,17.4848,6.0863,8.7757,78.2766,36.3246,41.9519,29.1260,Matt Savoie,F,17.6126,9.0000,19.0000,10.0000,21.0000,22.0000,37.0000,0.6031,11.8895,10.4447
8477416,NYR,852.4059,179.3722,16.8596,124.2347,198.6055,15.8021,13.3905,15.6327,60.3891,47.1057,74.9375,1048.6377,72.8926,29.8844,49.4048,19.0450,14.9011,6.1870,11.3393,21.9738,10.2427,11.7311,29.0232,Oliver Bjorkstrand,F,13.9935,9.0000,18.0000,11.0000,21.0000,22.0000,37.0000,0.3873,10.7784,13.2834
8479619,UTA,867.5654,87.4502,14.1166,128.2702,242.2324,16.2190,13.1810,15.5975,51.4781,42.8937,72.8594,969.1321,118.1033,20.0384,48.3548,13.3191,36.0614,10.9011,13.6018,25.6855,12.3976,13.2879,28.7785,Michael Carcone,F,13.3014,8.0000,18.0000,10.0000,21.0000,21.0000,37.0000,0.3950,10.2760,8.5844
8481068,CGY,907.0120,68.0677,155.0251,143.1743,261.3208,15.2856,11.5403,17.1861,49.9563,71.3898,77.3438,1130.1047,17.6880,29.8103,51.7155,16.1304,9.8037,5.2493,9.6059,171.2084,75.8454,95.3630,28.7264,Yegor Sharangovich,F,14.6115,7.0000,16.0000,12.0000,23.0000,21.0000,36.0000,0.3714,8.0603,-21.4335
8483489,BOS,868.1295,74.9707,117.3984,117.7773,196.7828,14.4612,13.3285,15.2977,56.2352,59.8589,67.9688,1060.4985,122.1306,40.0851,39.9278,19.1438,17.8270,8.9047,10.4530,627.7259,303.5904,324.1355,28.6262,Fraser Minten,F,15.6027,9.0000,18.0000,10.0000,21.0000,21.0000,36.0000,0.4212,11.3167,-3.6237
8475753,DET,1184.7914,184.8242,75.4372,125.9455,243.1550,8.9368,7.4841,21.1395,79.4188,72.9002,72.1094,1445.0529,60.3093,100.1927,69.1675,22.2755,34.3489,15.0454,5.2672,0.0000,0.0000,0.0000,28.6236,Justin Faulk,D,20.0397,4.0000,11.0000,15.0000,28.0000,21.0000,36.0000,0.3969,5.9423,6.5186
8477932,FLA,1221.8342,99.6758,225.1710,96.1441,210.4381,6.0605,5.5755,23.0357,83.5385,86.6895,71.4062,1546.6810,84.3792,89.1378,67.5797,20.5116,61.2666,25.7986,12.7343,0.6730,0.3304,0.3427,28.6112,Aaron Ekblad,D,21.6603,3.0000,9.0000,17.0000,30.0000,22.0000,36.0000,0.4007,5.7991,-3.1510
8480336,CAR,1243.5457,38.0085,190.9549,154.3438,314.7432,7.4051,6.6563,21.9460,78.2188,78.4193,73.2188,1472.5090,106.0108,100.5478,71.2768,30.4858,49.4518,23.0178,9.8167,0.0000,0.0000,0.0000,28.6022,Sean Walker,D,20.1111,3.0000,10.0000,16.0000,29.0000,21.0000,37.0000,0.3906,4.3126,-0.2005
8484999,WSH,704.6478,173.9309,8.9716,109.1450,162.7215,11.1339,12.3372,16.1234,55.3875,41.2318,64.3906,887.5504,29.1516,29.1827,40.6247,14.2999,27.0022,10.1595,10.4420,517.0376,249.2091,267.8285,28.4607,Ilya Protas,F,13.7838,8.0000,17.0000,11.0000,22.0000,21.0000,36.0000,0.4420,11.3035,14.1557
8483464,DET,902.4800,74.2846,72.1417,127.9376,206.7002,15.6087,13.2444,15.0726,51.5193,54.9985,74.4844,1048.9064,159.3184,42.7150,48.9542,12.4697,31.6980,10.0922,11.9401,459.3007,223.4303,235.8704,28.3171,Marco Kasper,F,14.0822,9.0000,18.0000,10.0000,20.0000,21.0000,36.0000,0.3802,10.3523,-3.4792
8478055,FLA,1310.0820,50.1515,189.8830,114.1055,248.7630,5.9480,5.4080,22.6601,77.8103,83.8106,75.1094,1550.1165,52.9907,80.9781,61.8832,26.5225,32.4439,12.2304,8.3784,0.0000,0.0000,0.0000,28.0681,Gustav Forsling,D,20.6381,3.0000,9.0000,16.0000,29.0000,21.0000,35.1000,0.3737,4.7395,-6.0004
8477429,DET,939.5414,58.4377,147.3665,100.8988,177.2172,12.4228,10.3383,17.5121,53.7633,67.3448,67.2812,1145.3456,33.7533,48.8127,60.8293,19.4403,20.2153,10.0256,10.8044,872.3309,459.9899,412.3410,27.8505,Andrew Copp,F,17.0233,6.0000,15.0000,12.0000,23.0000,21.0000,35.0000,0.4139,10.2462,-13.5815
8475768,COL,829.5140,86.8841,29.5760,105.3569,177.8099,13.4463,11.9186,15.8885,57.2652,41.8763,67.3906,945.9741,35.4693,34.0204,48.5963,24.0057,16.9645,8.3356,7.8595,55.4216,29.7208,25.7008,27.8071,Jaden Schwartz,F,14.0372,8.0000,17.0000,11.0000,22.0000,21.0000,35.0000,0.4126,11.3126,15.3888
8478396,VGK,1369.0826,48.3372,219.0566,131.3708,273.7940,5.9764,5.7967,21.9815,81.6127,85.8969,75.6406,1636.4766,37.8626,105.5009,100.0814,32.7268,17.5921,9.1452,5.2313,0.0000,0.0000,0.0000,27.7782,Noah Hanifin,D,21.6349,3.0000,9.0000,16.0000,29.0000,21.0000,35.0000,0.3672,4.4124,-4.2842
8477346,UTA,1265.3248,107.4713,116.7830,118.8617,275.3695,6.6522,6.2804,21.4866,76.3081,75.5850,74.7344,1489.5790,139.5239,136.9320,103.9677,28.5850,47.2147,16.4400,7.3262,0.3132,0.1544,0.1588,27.7671,MacKenzie Weegar,D,19.9316,3.0000,10.0000,15.0000,28.0000,21.0000,35.0000,0.3715,5.2838,0.7231
8475200,SJS,1215.7948,139.7712,43.4761,90.7921,212.0813,5.8787,4.8912,22.8149,72.8065,68.5069,69.2500,1399.0421,93.0689,61.6628,80.0369,18.4720,33.2785,15.1376,12.9948,0.0000,0.0000,0.0000,27.7062,Dmitry Orlov,D,20.2028,2.0000,8.0000,16.0000,30.0000,21.0000,35.0000,0.4001,5.3873,4.2996
8474563,LAK,1277.4412,93.3575,160.3515,107.7570,237.5015,4.7774,4.5371,23.1416,82.2789,84.5208,67.6719,1531.1501,50.7117,80.7095,79.1247,16.8911,36.3674,17.8430,6.8442,0.0000,0.0000,0.0000,27.6788,Drew Doughty,D,22.6261,2.0000,7.0000,17.0000,30.0000,21.0000,35.0000,0.4090,4.2105,-2.2419
8484164,STL,838.4850,152.5360,12.0539,114.5089,209.0352,14.8883,12.4618,15.1727,54.9536,44.6144,75.0156,1003.0750,75.2841,26.1067,46.1030,11.7527,25.9362,12.0168,8.3105,678.8507,320.0905,358.7602,27.6345,Dalibor Dvorsky,F,13.3715,8.0000,17.0000,10.0000,20.0000,21.0000,35.0000,0.3684,10.8828,10.3392
8478020,OTT,1017.1306,14.6489,171.8674,96.2126,158.9816,13.2917,11.7286,15.8983,59.3086,63.5890,76.7188,1203.6469,99.2327,45.3153,56.7058,26.4140,20.2694,10.0444,16.6244,54.5500,26.1810,28.3690,27.6269,Michael Amadio,F,15.6891,7.0000,16.0000,11.0000,22.0000,21.0000,35.0000,0.3601,12.1903,-4.2804
8483524,SEA,772.4174,158.7026,16.2515,84.2229,166.3644,13.7577,12.4298,15.0834,51.4090,47.0056,72.4062,947.3715,46.7354,48.3317,61.2034,12.7232,13.7700,6.9300,8.6621,542.9977,236.2444,306.7533,27.5131,Shane Wright,F,13.0841,8.0000,17.0000,10.0000,20.0000,20.0000,35.0000,0.3800,14.7582,4.4035
8483468,BUF,779.6266,94.0555,10.2523,117.9729,217.2655,14.2502,13.2790,14.1926,48.7839,39.2589,61.0469,883.9344,40.7995,34.7033,38.9108,13.2104,19.7662,9.2209,10.7442,502.1417,233.1201,269.0216,27.4716,Jiri Kulich,F,14.4796,9.0000,18.0000,9.0000,20.0000,21.0000,35.0000,0.4500,11.2560,9.5250
8476448,VGK,730.3309,43.6543,125.8053,114.2852,194.8812,11.6090,11.2634,16.1719,46.7017,47.4481,61.3906,899.7905,23.3826,35.2703,52.1279,14.9335,12.5866,5.0688,10.5470,588.4765,329.7401,258.7365,27.4354,William Karlsson,F,14.6568,7.0000,16.0000,11.0000,22.0000,20.0000,35.0000,0.4469,9.8555,-0.7464
8483890,VGK,750.9866,85.7351,12.0177,95.7032,165.7138,15.1759,11.8922,14.8720,48.9973,36.0363,67.9531,848.7393,23.6756,27.1639,32.0470,15.8205,15.8884,7.7447,7.7037,14.0591,6.7007,7.3585,26.7642,Braeden Bowman,F,12.4901,7.9000,16.0000,10.0000,20.0000,20.0000,34.0000,0.3939,12.4261,12.9610
8480188,OTT,804.2255,98.1628,17.6611,124.3994,232.6236,15.7671,13.3514,13.3376,54.6776,38.7847,74.5156,920.0494,114.8758,37.2620,36.7345,15.1777,15.0719,7.0660,12.2995,23.9751,11.4559,12.5192,26.6890,Fabian Zetterlund,F,12.3471,9.0000,18.0000,9.0000,18.0000,20.0000,34.0000,0.3582,10.7327,15.8929
8482177,BOS,861.0339,34.7722,152.7893,80.4788,140.3031,11.6695,10.6058,15.9062,51.6959,62.9805,73.1406,1048.5953,47.5643,40.0004,49.5863,15.7936,21.0523,10.1976,11.7425,182.9137,83.3887,99.5250,26.5120,Marat Khusnutdinov,F,14.3367,6.0000,15.0000,11.0000,21.0000,20.0000,34.0000,0.3625,13.1784,-11.2846
8478542,NJD,764.4184,96.5183,45.5077,128.1537,240.7983,14.5725,12.2488,14.2616,54.0643,43.8054,71.5000,906.4444,64.0690,20.1503,42.7630,17.4672,27.9925,13.3066,14.8959,538.0214,253.8561,284.1653,26.5104,Evan Rodrigues,F,12.6775,8.0000,17.0000,9.0000,20.0000,20.0000,34.0000,0.3708,9.5579,10.2589
8484258,COL,1069.0295,50.5425,69.6820,134.4318,314.6230,7.4145,7.1418,19.3151,66.1974,55.7285,61.8125,1189.2540,41.5466,83.6997,64.0730,20.4254,19.2124,9.6211,6.0969,0.0000,0.0000,0.0000,26.4569,Sam Malinski,D,19.2397,4.0000,11.0000,14.0000,26.0000,20.0000,34.0000,0.4280,5.3126,10.4689
8482476,NYI,897.5610,122.3954,18.2570,138.6519,234.6496,15.4289,13.7332,12.6873,55.4479,48.6181,71.2031,1038.2134,196.1912,38.1301,45.2436,10.5015,20.2521,9.8301,10.1606,15.6755,7.1886,8.4869,26.4206,Emil Heineman,F,14.5810,9.0000,19.0000,8.0000,18.0000,20.0000,33.0000,0.3711,9.9048,6.8298
8484783,CHI,1183.9608,214.6248,101.3025,95.1473,237.3000,7.4134,6.3417,20.0376,76.4758,83.5117,72.6250,1499.8881,105.1297,87.8459,93.5380,18.6586,46.4990,21.6609,8.3969,0.0029,0.0015,0.0014,26.3793,Artyom Levshunov,D,20.6525,3.0000,10.0000,14.0000,26.0000,20.0000,34.0000,0.3632,6.6651,-7.0358
8482074,CGY,821.1101,170.6595,17.9593,123.1802,196.5560,12.9482,11.1873,15.1360,52.3395,52.0026,68.3438,1009.7288,39.3205,23.6277,46.4778,12.8168,21.0343,10.2370,15.0938,205.5386,93.1594,112.3791,26.3233,Connor Zary,F,14.7743,7.0000,16.0000,10.0000,21.0000,20.0000,33.0000,0.3852,9.0820,0.3370
8478463,WSH,937.3428,17.0035,157.9422,105.8538,183.4706,13.8216,10.8491,15.3943,51.0947,66.2632,75.3906,1112.2885,94.7874,39.7476,38.0940,18.3120,20.0879,9.9123,12.5726,88.2905,43.6771,44.6134,26.2435,Anthony Beauvillier,F,14.7537,7.0000,15.0000,10.0000,21.0000,20.0000,33.0000,0.3481,10.2492,-15.1685
8481618,MTL,802.1456,76.4157,51.2819,98.6338,172.2002,14.3316,12.4191,13.8131,51.3623,46.2472,66.9688,929.8432,65.0875,25.9690,34.3686,10.9799,18.5442,9.0024,10.2670,448.4828,205.7821,242.7008,26.2322,Alex Newhook,F,13.8847,8.0000,17.0000,9.0000,19.0000,20.0000,33.0000,0.3917,12.5912,5.1151
8484800,SEA,847.5130,85.3965,13.4180,98.2686,180.8063,13.4212,11.7210,14.4989,45.7869,47.1560,72.7969,946.3275,12.1508,32.6215,45.1272,16.6175,33.2224,12.8417,14.3684,185.5544,88.3680,97.1864,26.2199,Berkly Catton,F,12.9996,7.0000,16.0000,10.0000,19.0000,19.0000,33.0000,0.3602,11.9275,-1.3690
8479525,NSH,799.7148,104.7165,10.7766,134.1255,266.2689,18.1054,14.5775,11.5743,49.3108,44.0526,70.1875,915.2079,148.7655,31.6509,49.3053,16.7895,27.5706,10.6134,13.5878,164.6631,78.8831,85.7800,26.1518,Ross Colton,F,13.0395,10.0000,20.0000,7.0000,16.0000,19.0000,33.0000,0.3726,10.8686,5.2582
8478109,VGK,785.3179,124.5878,11.0900,131.2153,221.6620,15.4503,12.7163,13.2847,56.2803,38.9669,69.0312,920.9958,21.6035,20.6180,42.7879,13.6323,11.4925,5.9097,7.5476,8.3463,3.9882,4.3580,26.0010,Victor Olofsson,F,13.3417,8.0000,18.0000,9.0000,18.0000,19.0000,33.0000,0.3767,9.6911,17.3133
8480835,NSH,794.2372,51.5156,130.0004,101.9223,173.6592,11.0081,10.3911,15.5393,46.4093,57.1586,68.5156,975.7532,40.0514,42.9510,38.7829,15.7731,27.6821,10.7121,10.1104,802.5512,448.6122,353.9390,25.9304,Jack Drury,F,14.2413,6.0000,15.0000,10.0000,21.0000,19.0000,33.0000,0.3785,10.1951,-10.7493
8475218,EDM,1212.7183,34.5233,147.3010,91.1698,215.2930,5.5082,4.8499,20.9867,67.3087,70.5744,69.3125,1394.5426,51.8235,91.8283,78.7150,23.7351,31.5864,14.9379,8.6508,0.0000,0.0000,0.0000,25.8366,Mattias Ekholm,D,20.1196,2.0000,8.0000,15.0000,28.0000,19.0000,33.0000,0.3728,5.3196,-3.2658
8482737,MTL,771.4720,77.2155,9.3454,85.6357,175.8648,13.2515,11.8904,13.9457,48.2621,39.1291,65.6719,858.0329,120.8482,32.4465,52.2328,15.0656,27.4256,10.4551,14.1018,30.1340,14.7898,15.3443,25.8362,Zachary Bolduc,F,13.0655,8.0000,16.0000,9.0000,19.0000,19.0000,33.0000,0.3934,13.8849,9.1331
8480185,FLA,950.6976,32.4653,114.5935,94.1038,164.5634,10.9461,10.1299,15.6803,54.7025,57.6375,77.1406,1097.7565,121.9955,47.5676,43.3943,19.3461,26.2583,12.6809,17.5074,180.9683,83.9876,96.9807,25.8102,Eetu Luostarinen,F,14.2306,6.0000,15.0000,10.0000,21.0000,19.0000,33.0000,0.3346,10.7646,-2.9350
8476419,NYI,852.8448,39.2590,166.8107,84.7310,141.6409,11.7178,10.3855,15.1198,50.0733,65.0700,68.1562,1058.9144,113.1221,46.4387,44.4673,16.4379,12.4528,3.9445,8.5278,903.9288,511.4765,392.4523,25.5053,Jean-Gabriel Pageau,F,15.5366,6.0000,15.0000,10.0000,20.0000,19.0000,32.0000,0.3742,12.2570,-14.9967
8484829,DAL,748.9050,64.6786,149.4072,81.2565,128.0128,10.9489,11.0050,14.3939,50.6948,51.8019,63.8125,962.9908,106.4923,36.6916,31.6728,19.8553,35.9276,11.5960,13.5958,286.6815,150.7931,135.8883,25.3989,Justin Hryckowian,F,15.0909,7.0000,15.0000,9.0000,20.0000,19.0000,32.0000,0.3980,13.5435,-1.1071
8476854,BOS,1080.4667,73.0101,224.5337,94.0337,211.1078,5.9678,5.6016,19.7203,70.5780,84.6608,66.0469,1378.0105,15.6818,88.8656,77.5728,23.8855,48.1546,20.9205,10.2065,0.0021,0.0010,0.0011,25.3219,Hampus Lindholm,D,20.8641,3.0000,9.0000,14.0000,25.0000,19.0000,32.0000,0.3834,5.9570,-14.0827
8479353,VGK,831.6679,50.7801,88.2101,78.6666,140.0473,12.4267,9.5946,15.6580,50.9839,47.3162,64.5156,970.6582,102.9254,33.8274,46.4476,16.3265,38.1938,15.0258,15.1827,455.8070,229.0282,226.7788,25.2526,Brett Howden,F,15.0453,6.0000,14.0000,10.0000,21.0000,19.0000,32.0000,0.3914,12.1965,3.6677
8477499,PHI,1104.5341,135.0446,113.4963,83.3552,197.1818,5.5261,4.7031,20.5337,71.8302,68.1090,66.3750,1353.0750,79.1165,92.4015,57.7650,18.8303,20.8351,10.5156,10.1526,0.0026,0.0013,0.0013,25.2368,Rasmus Ristolainen,D,20.3853,2.0000,8.0000,15.0000,27.0000,19.0000,32.0000,0.3802,5.6422,3.7212
8485402,SJS,689.8331,117.4630,12.7300,90.5869,152.1051,12.0574,10.5364,14.6539,45.6490,38.6746,61.2969,820.0261,23.1712,30.4175,39.9585,12.4043,16.9376,8.0062,9.0367,489.6455,233.9350,255.7105,25.1904,Michael Misa,F,13.3779,7.0000,15.0000,10.0000,20.0000,19.0000,32.0000,0.4110,11.6313,6.9744
8476875,MTL,1375.0356,27.3038,312.3765,108.4667,209.3014,5.4884,4.8733,20.0233,80.8324,106.4072,76.7031,1714.7159,49.9154,132.1474,88.2907,29.4331,41.9277,18.3760,13.7463,0.0000,0.0000,0.0000,24.8966,Mike Matheson,D,22.3552,2.0000,8.0000,14.0000,26.0000,19.0000,32.0000,0.3246,4.4929,-25.5749
8475171,TOR,1161.8833,148.2579,44.5650,78.1954,182.4243,5.3042,4.3646,20.4080,68.3059,71.7959,71.7500,1354.7063,74.3847,64.5382,77.6472,16.0849,56.9880,23.5854,12.3640,0.0000,0.0000,0.0000,24.7726,Oliver Ekman-Larsson,D,18.8809,2.0000,7.0000,14.0000,26.0000,18.0000,32.0000,0.3453,5.5817,-3.4900
8484241,NSH,836.9691,82.6792,13.0094,108.4213,185.6052,12.7020,10.2537,14.4708,47.7362,45.3081,73.4375,932.6577,56.1367,27.7916,45.2277,13.0541,17.9303,8.7017,12.9904,215.4054,91.9972,123.4082,24.7245,Matthew Wood,F,12.7000,6.0000,15.0000,10.0000,20.0000,18.0000,32.0000,0.3367,9.4573,2.4281
8476432,WSH,777.1825,41.4652,136.5921,96.5792,181.4674,12.7004,11.4037,13.2822,46.2979,56.7065,64.4219,955.2399,119.9606,50.4446,46.4963,12.8989,27.3342,11.4167,11.7112,512.7762,265.8787,246.8975,24.6858,Boone Jenner,F,14.8279,7.0000,16.0000,9.0000,18.0000,18.0000,31.1000,0.3832,11.8076,-10.4086
8478462,COL,741.7775,123.6180,19.8184,83.8315,155.2654,13.7908,10.9676,13.7062,57.8875,38.3655,70.9062,885.2139,59.0497,32.2764,49.6266,16.6745,26.5520,9.5928,7.8253,527.7921,268.3780,259.4141,24.6737,Nicolas Roy,F,12.4843,7.0000,16.0000,9.0000,19.0000,18.0000,32.0000,0.3480,13.0829,19.5220
8484873,WSH,1132.3995,192.1513,18.3467,107.5466,235.4573,9.3734,5.8407,18.8320,77.2802,63.2717,72.3750,1342.8976,84.8286,71.0729,70.2134,25.6650,40.9136,16.8623,9.5749,0.0088,0.0043,0.0044,24.6726,Cole Hutson,D,18.5547,3.0000,9.0000,13.0000,25.0000,18.0000,32.0000,0.3409,5.4308,14.0084
8483485,CBJ,1102.1663,72.4282,79.1236,95.9735,207.9279,6.3495,6.2547,18.4106,68.1582,59.3985,71.8125,1253.7180,26.2863,83.6105,64.4014,17.0380,17.9261,9.0707,8.5148,0.0021,0.0011,0.0011,24.6653,Denton Mateychuk,D,17.4582,3.0000,9.0000,13.0000,24.0000,18.0000,31.0000,0.3435,6.5171,8.7597
8477456,DET,967.5297,42.0860,174.7966,88.8831,150.0152,12.2929,9.4482,15.1847,53.5870,72.3341,75.8438,1184.4124,26.3196,48.5116,48.1957,12.9654,25.5537,9.2976,15.2394,925.6510,446.4897,479.1612,24.6329,J.T. Compher,F,15.6165,6.0000,14.0000,10.0000,20.0000,18.0000,31.0000,0.3248,10.6299,-18.7471
8477444,OTT,807.9365,139.6342,8.2335,85.6589,148.4438,12.3987,10.2376,14.3950,60.3979,39.5158,71.7812,955.8043,19.1241,25.2587,42.8726,18.4152,14.0519,7.0761,9.8655,11.0915,5.3271,5.7644,24.6327,Andre Burakovsky,F,13.3155,6.0000,15.0000,10.0000,20.0000,18.0000,32.0000,0.3432,11.9516,20.8821
8476885,SJS,1353.3792,51.7887,259.5176,140.5078,281.5780,6.3558,5.5127,19.0343,77.3711,102.2172,70.3438,1664.6854,138.2105,157.2434,84.5632,21.1360,57.3956,18.8054,11.7610,0.0000,0.0000,0.0000,24.5471,Jacob Trouba,D,23.6650,3.0000,9.0000,14.0000,25.0000,18.0000,31.0000,0.3490,3.9234,-24.8462
8481013,STL,755.0191,94.3743,12.9286,85.2192,169.8316,10.4539,9.6755,14.8530,44.8773,38.7790,60.1250,862.3220,44.5720,19.1162,38.7987,11.2418,15.1553,7.4533,14.3145,10.6560,5.3123,5.3437,24.5285,Jonatan Berggren,F,14.3422,6.0000,14.0000,10.0000,20.0000,18.0000,32.0000,0.4080,11.3537,6.0983
8485395,BOS,636.1475,56.5664,18.6882,86.5145,139.8531,8.7279,10.4564,13.9517,38.5840,34.4685,59.3438,711.4020,44.1152,21.9705,36.5139,13.9316,24.8706,8.6412,8.7123,202.6215,100.4213,102.2002,24.4081,James Hagens,F,11.9878,6.0000,15.0000,9.0000,19.0000,18.0000,31.0000,0.4113,12.0863,4.1154
8476902,DAL,1359.3141,44.0948,334.8500,90.9837,192.1817,4.4620,4.1480,20.1637,83.8741,98.7673,77.4062,1738.2589,35.3765,154.7688,94.4512,26.4650,16.8785,8.8246,7.6310,0.0000,0.0000,0.0000,24.3117,Esa Lindell,D,22.4563,2.0000,7.0000,14.0000,26.0000,18.0000,31.0000,0.3141,4.5590,-14.8932
8476461,PHI,818.9601,20.5513,222.0267,97.7040,181.5872,11.8590,9.6379,14.6643,48.1603,65.5419,73.3438,1061.5382,66.4771,33.5464,57.1408,22.7824,27.5381,12.1175,10.4880,1075.3590,581.6551,493.7040,24.3022,Sean Couturier,F,14.4735,6.0000,14.0000,10.0000,20.0000,18.0000,31.0000,0.3313,9.8643,-17.3816
8476392,WPG,950.3107,17.0809,163.9481,86.0007,161.3584,11.2148,9.3313,14.9253,48.9232,65.5215,71.0156,1131.3396,151.5448,50.9932,41.5994,19.8814,37.4228,7.4932,9.5127,1229.2667,659.5779,569.6888,24.2566,Adam Lowry,F,15.9309,5.0000,13.0000,10.0000,20.0000,18.0000,31.0000,0.3416,10.8503,-16.5983
8479671,CBJ,819.0427,21.2757,41.4197,109.7468,190.4313,13.9214,12.5204,11.6991,45.6587,40.3386,69.1406,881.7381,215.9141,44.9922,32.4391,13.8800,99.5526,15.1865,10.6470,18.0053,8.3414,9.6639,24.2195,Mathieu Olivier,F,12.7528,8.0000,17.0000,7.0000,16.0000,18.0000,31.0000,0.3503,11.4084,5.3201
8478421,ANA,864.0483,50.3291,98.7242,108.1162,212.8996,15.6437,12.0682,12.1403,51.1282,59.7483,71.9219,1013.1014,223.0883,33.4408,54.3445,12.5574,120.0863,29.0946,21.5217,38.5453,17.0920,21.4533,24.2085,A.J. Greer,F,14.0861,8.0000,17.0000,8.0000,17.0000,18.0000,31.0000,0.3366,11.1623,-8.6201
8480074,MTL,731.0824,85.1761,10.0352,93.8952,171.4692,11.8002,10.1174,13.9208,47.8364,37.5745,64.8125,826.2937,64.7897,22.1502,32.6152,10.3342,26.7678,10.8630,9.5547,19.9823,9.0854,10.8969,24.0382,Alexandre Texier,F,12.7490,6.0000,14.0000,9.0000,19.0000,17.0000,31.0000,0.3709,10.7752,10.2619
8484185,CHI,725.9293,97.6418,11.2560,94.9931,168.6409,13.7346,11.3096,12.7243,40.5382,42.9450,61.4531,834.8270,89.6771,22.9410,36.1007,11.1728,18.6041,8.5904,10.2197,8.9319,4.6862,4.2457,24.0340,Nick Lardis,F,13.5848,7.0000,16.0000,8.0000,18.0000,17.0000,31.0000,0.3911,11.9057,-2.4068
8482055,VAN,989.6631,44.7190,60.5291,130.3129,225.0206,14.7034,11.6088,12.4156,44.0945,64.7882,73.4219,1094.9111,68.5378,35.5445,56.0759,22.8526,31.8163,13.0459,13.2265,100.7735,48.7205,52.0531,24.0244,Drew O'Connor,F,14.9126,7.0000,16.0000,8.0000,17.0000,17.0000,31.0000,0.3272,8.9084,-20.6937
8484768,CGY,948.4272,234.8818,21.0502,112.5237,249.8482,8.5437,7.6052,16.3803,64.8639,61.7187,58.0781,1204.3591,30.6208,67.1270,94.4719,16.9594,21.8852,10.8653,11.7746,0.0022,0.0011,0.0011,23.9855,Zayne Parekh,D,20.7369,4.0000,11.0000,11.0000,22.0000,17.0000,31.0000,0.4130,6.7587,3.1453
8471724,PIT,1196.6193,116.3829,57.9495,75.8190,171.4978,4.1653,3.6709,20.1519,70.2054,72.0866,68.2031,1370.9515,80.0681,78.9919,83.0157,23.8226,39.5771,18.1720,10.5700,0.0000,0.0000,0.0000,23.8228,Kris Letang,D,20.1010,1.0000,6.0000,14.0000,26.0000,17.0000,30.0000,0.3493,4.8417,-1.8812
8476458,CGY,754.0178,128.9624,30.6514,81.9930,144.1322,10.6160,8.6580,15.0376,45.4547,48.6038,64.6719,913.6316,34.8033,21.4170,50.4858,12.7147,51.3994,17.4625,8.8546,670.2537,300.7313,369.5224,23.6956,Ryan Strome,F,14.1272,5.0000,13.0000,10.0000,20.0000,17.0000,31.0000,0.3664,10.5594,-3.1491
8477021,NSH,846.0493,75.9508,146.5130,81.8830,155.4843,9.6362,8.5405,15.0273,52.6830,62.7141,67.1562,1068.5131,59.0015,52.6973,57.1245,20.9375,23.1404,10.4127,13.3226,529.2699,261.7395,267.5304,23.5678,Alexander Kerfoot,F,15.9109,5.0000,13.0000,10.0000,20.0000,17.0000,30.0000,0.3509,10.4302,-10.0311
8477498,SJS,1473.3909,36.3982,257.4721,150.3230,303.8401,6.7834,6.1508,17.3364,80.7318,106.6490,76.3906,1767.2611,138.0113,151.1892,84.5988,17.9554,88.3866,23.6430,12.7154,0.0000,0.0000,0.0000,23.4871,Darnell Nurse,D,23.1345,3.0000,9.0000,12.0000,23.0000,17.0000,30.0000,0.3075,4.0917,-25.9173
8479998,LAK,1358.2520,23.3098,200.1485,73.8507,177.5060,3.6133,3.2265,20.2353,77.7497,91.2241,74.5938,1581.7103,102.8402,116.6670,57.4714,16.4814,23.8232,11.9393,12.3769,0.0000,0.0000,0.0000,23.4618,Mikey Anderson,D,21.2043,1.0000,6.0000,14.9000,26.0000,17.0000,30.0000,0.3145,4.3689,-13.4745
8480849,UTA,664.1908,137.2223,13.0786,99.4141,165.1585,11.7428,9.5488,13.9050,48.9708,36.1490,69.3750,814.4917,25.0877,24.2990,32.0245,10.7554,35.4005,12.3178,12.9233,556.1824,290.0202,266.1622,23.4539,Barrett Hayton,F,11.7404,6.0000,14.0000,9.0000,19.0000,17.0000,30.0000,0.3381,9.6051,12.8218
8482100,CAR,1032.6311,112.1654,114.6716,103.7978,251.8507,5.6325,4.7761,18.6056,74.8959,63.0260,67.5156,1259.4680,111.4377,82.0690,71.7414,20.9051,29.0265,12.4100,8.0102,0.0020,0.0010,0.0010,23.3817,Alexander Nikishin,D,18.6545,2.0000,8.0000,13.0000,24.0000,17.0000,30.0000,0.3463,4.6013,11.8699
8481624,TBL,901.1897,24.2643,156.9375,109.0957,172.7655,12.9609,10.9678,12.4060,53.6712,56.9516,71.9375,1082.3915,29.1939,19.3910,48.1538,16.9088,12.9562,6.6387,10.4523,12.5459,5.8575,6.6884,23.3738,Ilya Mikheyev,F,15.0463,7.0000,15.0000,8.0000,17.0000,17.0000,30.0000,0.3249,10.0534,-3.2804
8480113,WPG,1031.8187,22.8420,92.1373,115.0402,184.6651,12.0616,9.4426,13.9202,50.1688,59.4467,70.3125,1146.7980,87.9518,52.8215,35.1207,17.4046,13.1595,6.0646,8.7959,41.0963,19.9312,21.1651,23.3628,Alex Iafallo,F,16.3100,6.0000,14.0000,9.0000,19.0000,17.0000,30.0000,0.3323,8.2081,-9.2780
8478133,MTL,821.9124,10.5156,203.9274,77.7293,140.1158,11.5903,10.4817,12.8390,48.1364,65.5691,70.6719,1036.3555,88.5738,45.6376,47.2302,14.4192,18.7200,7.8988,14.9563,916.6359,491.3584,425.2776,23.3207,Jake Evans,F,14.6643,6.0000,15.0000,8.0000,18.0000,17.0000,30.0000,0.3300,13.4848,-17.4328
8482201,TBL,781.1553,44.3303,67.3057,92.9863,151.2896,10.5655,9.9460,13.3066,46.9445,41.8764,67.0156,892.7913,78.6624,25.9594,47.7093,17.1833,31.1108,11.2343,12.1687,38.0385,18.1869,19.8517,23.2525,Gage Goncalves,F,13.3221,6.0000,14.0000,9.0000,18.0000,17.0000,30.0000,0.3470,10.6962,5.0681
8486025,WPG,505.3645,38.9253,19.4669,69.0302,110.8667,6.3195,8.9494,14.1698,27.1665,26.8073,49.7188,563.7567,49.9423,19.6488,30.3310,9.0483,18.6199,6.7059,8.0100,232.3437,105.3604,126.9834,23.1192,Viggo Björck,F,11.3389,5.0000,13.0000,9.0000,19.0000,17.0000,30.0000,0.4650,12.9644,0.3593
8476921,CAR,852.9644,14.3679,163.5965,106.2838,205.2440,11.9851,9.2444,13.8639,53.2399,57.3834,70.9375,1030.9288,86.0980,39.9038,42.2045,14.6581,26.2474,11.9622,12.6873,62.4060,29.6229,32.7831,23.1084,Jordan Martinook,F,14.5329,5.0000,13.0000,9.0000,19.0000,17.0000,30.0000,0.3258,8.6979,-4.1435
8480009,NYR,880.7830,44.9555,104.9048,123.9990,211.9942,13.9510,11.6587,11.4384,45.9780,54.4674,74.3125,1030.6433,168.2972,57.2900,45.8069,14.0717,22.5797,10.3408,8.7759,10.1184,4.7059,5.4126,23.0971,Eeli Tolvanen,F,13.8690,7.0000,16.0000,7.0000,16.0000,17.0000,30.0000,0.3108,9.4022,-8.4894
8476457,SEA,1247.8920,18.3337,303.8343,114.9029,216.7224,5.7851,5.0776,17.9704,66.7279,110.9952,69.8281,1570.0599,95.1692,129.8754,50.9955,18.5686,38.1682,16.2501,5.9113,0.0000,0.0000,0.0000,23.0480,Adam Larsson,D,22.4846,2.0000,8.0000,13.0000,24.0000,17.0000,30.0000,0.3301,4.4191,-44.2674
8480448,COL,759.5027,11.4062,151.1049,95.7953,169.4281,10.2132,10.3074,12.6481,47.3300,52.4652,72.6094,922.0139,151.3363,51.9294,40.1921,15.2824,27.6727,12.4226,15.0119,232.7531,99.0961,133.6570,22.9554,Parker Kelly,F,12.6983,6.0000,15.0000,8.0000,18.0000,17.0000,30.0000,0.3161,10.7598,-5.1351
8480807,BUF,1208.6028,13.3608,315.9147,88.0460,199.4411,6.0276,5.8480,17.0962,70.7225,95.0079,69.6719,1537.8783,115.4690,124.2606,75.3970,15.3173,31.1574,13.5154,9.7220,0.0000,0.0000,0.0000,22.9442,Mattias Samuelsson,D,22.0732,3.0000,9.0000,12.0000,23.0000,17.0000,30.0000,0.3293,6.6420,-24.2854
8480980,PIT,744.3879,12.4914,324.4711,93.3149,180.7515,11.4419,9.9852,12.7921,47.7182,84.2909,66.4844,1081.3503,158.1349,47.3127,40.8841,12.9095,26.3381,8.3408,13.6863,200.8053,95.4096,105.3957,22.7773,Connor Dewar,F,16.2647,6.0000,14.0000,8.0000,18.0000,17.0000,30.0000,0.3426,10.7006,-36.5726
8482655,TBL,1231.4833,26.3098,162.0407,95.8525,210.0822,4.5320,4.3430,18.4213,70.4604,70.8581,68.3438,1419.8336,50.5910,82.4213,64.9740,20.5876,42.4152,14.3782,13.2778,0.0000,0.0000,0.0000,22.7643,J.J. Moser,D,20.7749,2.0000,7.0000,13.0000,24.0000,17.0000,30.0000,0.3331,4.5310,-0.3977
8480426,TBL,1052.0850,72.4587,22.2287,86.0176,198.7798,6.3250,5.6273,17.0762,62.1349,48.6237,64.3750,1146.7723,82.9690,68.3113,57.0462,17.6985,88.9857,25.9228,12.1539,0.0022,0.0011,0.0011,22.7034,Charle-Edouard D'Astous,D,17.8139,3.0000,9.0000,12.0000,23.0000,16.0000,29.0000,0.3527,6.5420,13.5112
8484798,VAN,1412.1644,90.6780,39.8186,83.6503,203.6926,4.5574,4.0500,18.6203,64.5366,86.2575,73.7969,1542.6610,30.4316,67.9465,87.9857,16.9976,42.5414,14.3262,14.4419,0.0027,0.0013,0.0013,22.6703,Zeev Buium,D,20.9042,2.0000,7.0000,13.0000,24.0000,16.0000,29.0000,0.3072,4.8415,-21.7210
8481546,PHI,1281.9429,35.3273,245.7388,79.0162,173.6379,6.0456,5.4407,17.0700,71.5347,89.0888,74.4375,1563.0089,35.7799,130.6701,72.7581,19.8398,31.9609,15.7994,8.5210,0.0000,0.0000,0.0000,22.5106,Cam York,D,20.9976,2.0000,9.0000,12.0000,23.0000,16.0000,29.0000,0.3024,6.8855,-17.5540
8475287,LAK,773.2908,78.3120,182.2437,115.2531,199.4212,13.1871,9.5220,12.8923,56.4154,65.1478,72.6406,1033.8466,90.9475,36.7274,47.9481,13.3315,44.2676,18.8281,7.8865,941.9084,483.5663,458.3421,22.4142,Erik Haula,F,14.2323,6.0000,14.0000,8.0000,18.0000,16.0000,29.0000,0.3086,8.2618,-8.7324
8484142,PHI,730.4631,60.0847,9.9298,70.1699,121.6835,9.0124,7.7092,14.5753,40.5091,35.1858,62.8594,800.4776,59.9024,26.3944,38.2922,12.0966,22.6642,9.9646,12.2660,56.5894,27.3833,29.2061,22.2845,Denver Barkey,F,12.7344,4.0000,12.0000,10.0000,20.0000,16.0000,29.0000,0.3545,10.9864,5.3233
8485388,NYI,623.8556,115.1893,14.5196,99.0548,152.3918,9.0628,8.7209,13.5423,42.0444,35.4565,54.2344,753.5645,70.0765,24.0249,35.9262,11.9051,21.0634,8.0104,9.3806,43.3727,21.0982,22.2744,22.2632,Victor Eklund,F,13.8946,5.0000,13.0000,9.0000,19.0000,16.0000,29.0000,0.4105,8.8041,6.5880
8483490,ANA,1133.6342,19.9960,284.8707,91.4816,207.3157,5.7826,5.0408,17.0678,66.6514,99.1658,68.4688,1438.5009,57.3267,104.8955,66.3820,18.2018,24.7470,11.4313,11.7094,0.0000,0.0000,0.0000,22.1086,Pavel Mintyukov,D,21.0096,2.0000,8.0000,12.0000,23.0000,16.0000,29.0000,0.3229,5.5101,-32.5144
8477998,OTT,746.7258,72.0961,36.3571,108.0498,207.7517,16.2870,11.7014,10.3601,48.7283,37.8800,71.5156,855.1790,59.1784,21.9596,48.9519,16.1030,22.0422,9.1917,9.8574,37.5960,17.6140,19.9820,22.0615,Warren Foegele,F,11.9579,7.0000,16.0000,6.0000,15.0000,16.0000,29.0000,0.3085,10.8296,10.8483
8474716,MIN,897.6453,131.2495,77.3699,73.0229,144.9966,4.9516,4.2662,17.7441,66.6980,52.5366,63.5781,1106.2648,52.3835,91.9970,41.2194,13.0539,11.9864,6.2799,4.7182,0.0000,0.0000,0.0000,22.0102,Jared Spurgeon,D,17.4001,2.0000,7.0000,12.0000,24.0000,16.0000,29.0000,0.3462,5.8422,14.1614
8476374,BOS,745.1440,25.3411,213.3979,106.4593,168.5652,11.1665,8.9691,13.0261,47.4497,66.0265,71.5625,983.8830,111.3214,40.1014,47.8397,15.8618,40.3212,13.4316,10.7719,538.6527,272.2313,266.4214,21.9952,Sean Kuraly,F,13.7486,5.0000,13.0000,8.0000,18.0000,16.0000,29.0000,0.3074,8.4249,-18.5768
8483505,BOS,597.6046,98.1263,13.8973,77.7387,133.1213,9.3717,8.3949,13.5751,42.4594,33.7975,56.1719,709.6282,23.2084,21.6933,40.6108,15.2180,16.2256,7.5126,14.9767,262.5618,121.2838,141.2780,21.9700,Matthew Poitras,F,12.6332,5.0000,12.0000,9.0000,19.0000,16.0000,28.0000,0.3911,10.7989,8.6619
8475799,WPG,765.2842,109.9459,10.2240,98.8066,161.6460,12.9565,9.8258,11.6535,47.0477,40.0358,65.0625,885.4540,86.2654,25.7490,40.2114,11.7293,21.3380,10.2595,11.3943,22.0392,10.8772,11.1619,21.4793,Nino Niederreiter,F,13.6093,6.0000,14.0000,7.0000,16.0000,15.0000,28.0000,0.3301,9.9444,7.0119
8470621,LAK,592.5004,140.6251,15.0471,93.5688,160.0327,12.5533,9.6327,11.8435,49.0963,34.7657,60.2031,748.1725,26.3718,17.9324,36.3574,8.3608,51.4044,11.5842,12.8798,30.2765,13.8847,16.3918,21.4762,Corey Perry,F,12.4275,6.0000,14.0000,7.0000,17.0000,15.0000,28.0000,0.3567,10.2948,14.3306
8475848,VAN,671.7385,120.1156,20.9659,97.9436,186.6104,14.0446,11.6950,9.7072,40.8706,44.5573,65.0469,812.8199,72.9818,22.1846,37.5631,11.7737,35.4999,13.4874,13.5348,10.5786,5.2600,5.3186,21.4022,Brendan Gallagher,F,12.4959,7.0000,16.0000,6.0000,14.0000,15.0000,28.0000,0.3290,11.9406,-3.6867
8477426,TOR,832.9566,96.3639,41.3795,88.9481,166.8412,12.4825,10.0915,11.3032,48.0574,52.3686,70.7031,970.7001,77.3195,27.6407,42.0734,14.4845,27.0534,6.9648,8.7379,528.3101,269.5050,258.8050,21.3947,Nick Paul,F,13.7292,6.0000,14.0000,7.0000,16.0000,16.0000,28.0000,0.3026,11.3454,-4.3112
8476853,TOR,1179.6963,88.3920,100.8657,91.6808,199.7081,5.9008,5.2576,16.0974,63.5071,78.5255,67.8906,1368.9541,27.8126,95.3887,75.4955,17.0914,21.9055,8.0814,6.0029,0.0000,0.0000,0.0000,21.3549,Morgan Rielly,D,20.1641,2.0000,8.0000,11.0000,21.0000,15.0000,27.0000,0.3145,5.7346,-15.0184
8475167,TBL,819.1953,75.1121,109.2131,92.3801,215.5312,4.5920,4.2168,17.0835,55.0104,49.8305,60.7812,1003.5205,24.4725,63.5580,62.1999,13.0893,26.2655,10.0687,6.1449,0.0020,0.0010,0.0010,21.3003,Victor Hedman,D,16.5104,2.0000,7.0000,12.0000,23.0000,15.0000,28.0000,0.3504,4.5646,5.1799
8482762,DET,1298.8938,36.2862,181.7007,88.6618,183.9612,5.3181,5.1726,16.0518,67.2035,87.8235,73.3438,1516.8807,83.2489,128.7048,82.4045,22.0302,65.0894,22.7052,12.5320,0.0000,0.0000,0.0000,21.2244,Simon Edvinsson,D,20.6818,2.0000,8.0000,11.0000,22.0000,15.0000,28.0000,0.2894,5.8341,-20.6200
8480796,WSH,1203.0695,13.1786,218.5678,57.8061,118.7768,3.7170,3.6726,17.4918,65.1736,86.7598,72.8594,1434.8158,109.5482,137.5797,50.8929,12.7507,30.3416,11.7607,9.8428,0.0000,0.0000,0.0000,21.1644,Martin Fehérváry,D,19.6929,1.0000,6.0000,12.0000,23.0000,15.0000,28.0000,0.2905,6.3534,-21.5862
8477919,SEA,862.6646,18.8470,199.3738,90.7824,160.0819,10.5224,7.6816,13.4590,46.3613,75.7371,72.1875,1080.8854,36.2061,47.9535,42.9310,19.9802,11.4898,5.2639,7.0312,710.0250,333.7097,376.3153,21.1406,Frederick Gaudreau,F,14.9733,4.0000,11.0000,9.0000,18.0000,15.0000,27.0000,0.2929,8.4615,-29.3758
8476869,NSH,1294.4639,41.0185,289.0770,87.0739,190.6043,4.3553,3.4758,17.5668,72.5468,101.7699,72.6406,1624.5593,55.0996,78.9915,86.9762,27.1924,38.4804,18.8043,9.4685,0.0000,0.0000,0.0000,21.0427,Brady Skjei,D,22.3643,1.0000,6.0000,12.0000,23.0000,15.0000,27.0000,0.2897,3.9918,-29.2230
8484803,VGK,509.7195,42.6900,25.0985,73.5221,118.1364,7.0537,7.8972,13.0651,31.7193,25.9812,51.0156,577.5081,51.1605,20.1281,31.0709,9.2690,19.0741,6.8695,8.2054,48.0737,20.6389,27.4348,20.9623,Trevor Connelly,F,11.3202,4.0000,12.0000,8.0000,18.0000,15.0000,27.0000,0.4109,10.7413,5.7381
8485702,MIN,656.2639,92.1221,6.1680,82.5089,142.6042,10.3004,8.3852,12.5633,46.0434,31.3459,60.0938,754.5540,35.5810,22.0015,40.2882,12.9054,7.5682,4.5412,8.1567,5.4422,2.7344,2.7077,20.9485,Maxim Shabanov,F,12.5563,5.0000,12.0000,8.0000,17.0000,15.0000,27.0000,0.3486,10.1628,14.6975
8483731,PHI,628.5801,26.0294,14.0699,76.3322,154.0798,9.7887,9.2987,11.6310,31.5401,30.0039,60.5781,668.6794,50.0596,21.9405,33.8062,10.4325,12.8966,6.0939,7.3454,15.5557,7.6197,7.9361,20.9297,Alex Bump,F,11.0383,5.0000,13.1000,7.0000,16.0000,15.0000,27.0000,0.3455,12.1819,1.5362
8481186,COL,675.5847,10.6948,120.9359,77.7699,132.9975,8.9411,8.6169,12.0636,41.6338,44.8278,67.5938,807.2154,52.7946,29.9934,30.3513,14.4155,24.2931,8.3574,12.8805,36.0063,17.2222,18.7841,20.6805,Logan O'Connor,F,11.9422,5.0000,13.0000,8.0000,17.0000,15.0000,27.0000,0.3060,11.0800,-3.1940
8483499,VAN,900.9677,28.9939,136.2218,97.2630,178.3946,10.8348,8.6320,11.9611,41.9178,71.3768,66.3906,1066.1835,81.6981,43.4114,48.5451,18.3721,7.6179,4.7872,10.6938,24.8631,12.3202,12.5428,20.5932,Liam Ohgren,F,16.0592,5.0000,13.0000,8.0000,17.0000,15.0000,27.0000,0.3102,8.8749,-29.4590
8478507,UTA,1277.6102,16.3752,121.1553,52.2803,129.8880,2.5340,2.2893,18.2467,64.6693,72.7694,73.4531,1415.1407,24.4442,69.5495,72.0283,22.5196,20.9865,8.6913,8.0003,0.0000,0.0000,0.0000,20.5360,John Marino,D,19.2659,1.0000,4.0000,13.0000,24.0000,15.0000,27.0000,0.2796,4.3788,-8.1001
8481716,CBJ,626.0787,55.2660,12.9085,95.8159,162.4722,11.8057,9.9004,10.4641,39.0820,29.9365,71.5938,694.2533,65.5572,24.2792,33.2096,7.8115,36.7769,12.1390,4.8910,58.2588,25.6064,32.6524,20.3645,Dmitri Voronkov,F,9.6971,6.0000,14.0000,6.0000,15.0000,15.0000,26.0000,0.2844,10.3327,9.1455
8480855,UTA,779.0508,20.6739,74.7989,84.1368,152.3632,11.1130,9.1298,11.2287,40.9449,44.8863,73.5781,874.5236,219.2970,35.5858,43.9448,10.6327,61.1802,14.1338,10.8893,452.6157,224.7046,227.9111,20.3585,Jack McBain,F,11.8856,5.0000,13.0000,7.0000,16.0000,15.0000,27.0000,0.2767,10.8511,-3.9415
8475764,STL,1108.6302,34.6704,175.4606,64.7582,142.7584,3.4009,2.8011,17.5339,61.2181,75.1294,69.5469,1318.7612,9.4973,65.3798,53.6538,15.1416,14.2954,7.4268,3.4903,0.0000,0.0000,0.0000,20.3349,Cam Fowler,D,18.9622,1.0000,5.0000,12.0000,24.0000,15.0000,27.0000,0.2924,4.3254,-13.9113
8483495,CGY,1054.3112,170.7578,27.8890,98.5304,238.9405,7.8916,7.2576,13.0584,62.1724,65.4649,60.1875,1252.9580,20.3167,92.5727,68.9357,19.1807,31.2258,14.3735,8.8563,0.0023,0.0012,0.0011,20.3160,Simon Nemec,D,20.8176,4.0000,11.0000,8.0000,18.0000,14.0000,27.0000,0.3375,7.3659,-3.2925
8482245,OTT,1146.4741,14.1883,225.5508,81.0025,171.2714,3.4681,3.1904,17.0940,67.9383,75.4097,63.3594,1386.2133,61.0072,105.9483,60.5637,18.9056,41.2537,19.1089,8.6985,0.0000,0.0000,0.0000,20.2844,Artem Zub,D,21.8786,1.0000,5.0000,12.0000,23.0000,15.0000,26.0000,0.3201,3.9386,-7.4714
8483481,SJS,541.4169,67.0561,11.6887,65.2915,103.5982,7.2819,8.5412,11.6507,32.7294,29.6641,57.9062,620.1617,39.2738,18.5532,27.4401,9.3562,19.1992,7.3282,7.5474,162.0404,83.0659,78.9745,20.1919,Cam Lund,F,10.7098,5.0000,13.0000,7.0000,16.0000,14.0000,26.0000,0.3487,13.0816,3.0653
8480145,WPG,1090.1975,110.9421,109.2734,110.1558,230.8964,4.3992,4.1435,16.0070,65.1899,68.1820,65.3750,1310.4130,111.7083,83.1435,67.1084,21.1326,43.5319,16.6728,8.7230,0.0000,0.0000,0.0000,20.1505,Neal Pionk,D,20.0446,2.0000,7.0000,11.0000,21.0000,14.0000,26.0000,0.3082,3.7615,-2.9921
8479996,NJD,709.9461,35.9137,113.2998,78.4711,141.7715,11.4084,10.0788,9.9930,44.8594,47.4438,70.0312,859.1597,42.2019,32.8013,35.6465,10.7152,27.0922,10.3672,11.4297,778.9418,412.1797,366.7621,20.0718,Cody Glass,F,12.2682,6.0000,14.0000,6.0000,14.0000,14.0000,26.0000,0.2866,12.8440,-2.5844
8478508,MIN,763.3867,25.8454,110.3054,88.2102,151.8329,11.4803,9.0595,10.9291,44.9927,47.2043,69.2500,899.5374,282.6541,30.0520,48.7369,16.4570,37.6007,11.5875,10.4166,91.7843,41.6007,50.1835,19.9886,Yakov Trenin,F,12.9897,5.0000,13.0000,7.0000,15.0000,14.0000,26.0000,0.2886,10.2703,-2.2117
8481024,VAN,764.0241,42.5074,14.5956,89.0219,150.7534,10.4587,8.0021,11.9531,33.6049,45.4250,58.1406,821.1271,70.0079,21.2316,37.6925,12.4045,30.2572,8.9996,14.1193,56.1294,24.6404,31.4890,19.9552,Linus Karlsson,F,14.1231,5.0000,12.0000,8.0000,17.0000,14.0000,26.0000,0.3432,8.9889,-11.8202
8480078,VAN,644.9026,85.2563,12.8099,103.0938,179.7767,13.1861,10.5765,9.3381,35.0548,40.4870,52.8594,742.9688,19.5215,16.8840,36.0563,12.9165,19.2070,8.7868,10.9786,497.5834,241.0875,256.4960,19.9146,Filip Chytil,F,14.0556,7.0000,15.0000,6.0000,14.0000,14.0000,26.0000,0.3767,10.2591,-5.4322
8477507,BOS,1242.9343,33.8860,192.8297,107.8999,229.9765,5.3077,4.6758,15.2240,71.1631,86.4025,75.5625,1469.6499,166.3350,87.1086,81.9477,22.9510,130.1057,33.6795,14.3168,0.0000,0.0000,0.0000,19.8998,Nikita Zadorov,D,19.4495,2.0000,8.0000,10.0000,21.0000,14.0000,26.0000,0.2634,4.3335,-15.2394
8476873,CAR,598.9578,45.4455,126.2682,68.3113,122.4858,9.7355,8.8978,10.9965,43.1872,42.9922,60.5938,770.6714,38.8945,35.3366,37.0757,11.0424,23.5915,8.5018,5.9804,579.4727,291.8213,287.6514,19.8942,Mark Jankowski,F,12.7187,5.0000,13.0000,7.0000,16.0000,14.0000,26.0000,0.3283,13.0253,0.1950
8482775,MTL,652.6323,71.5617,28.3627,75.6915,127.4275,13.2326,10.9901,8.7958,42.6887,36.1081,65.5625,752.5568,20.4984,37.7520,28.7088,9.6428,14.4102,7.0452,7.5369,447.4690,204.8932,242.5758,19.7858,Oliver Kapanen,F,11.4785,7.0000,16.0000,5.0000,13.0000,14.0000,26.0000,0.3018,14.5195,6.5806
8480355,BOS,669.1462,24.9834,170.5252,84.8934,165.0681,13.0737,10.8734,8.8904,42.1093,56.1828,69.4375,864.6549,199.2064,47.3644,38.1414,18.8898,116.3220,19.9116,16.0783,432.9768,245.7264,187.2504,19.7638,Mark Kastelic,F,12.4523,7.0000,15.0000,5.0000,13.0000,14.0000,26.0000,0.2846,12.8083,-14.0736
8481523,MTL,629.9210,78.3348,10.1394,67.3216,117.5396,10.9986,9.0974,10.6465,42.0968,32.7540,60.7344,718.3951,75.6674,31.2969,31.1053,11.5015,35.6755,14.5475,14.7439,197.2394,86.4290,110.8104,19.7439,Kirby Dach,F,11.8285,5.0000,13.0000,7.0000,15.0000,14.0000,26.0000,0.3251,13.5133,9.3428
8484197,CHI,663.1998,68.1279,10.7693,72.8427,132.3032,8.0521,7.3146,12.4282,34.5240,38.4496,68.9844,742.0969,30.6746,18.0206,43.5129,13.8772,22.2456,8.4179,9.0956,271.6978,138.7418,132.9560,19.7428,Oliver Moore,F,10.7575,4.0000,11.0000,8.0000,17.0000,14.0000,26.0000,0.2862,10.0416,-3.9257
8486067,TOR,377.1657,25.1922,23.4376,44.6546,70.8830,4.1353,7.1167,12.5809,19.3823,23.8968,39.6250,425.7954,37.7205,14.8404,22.9085,6.8340,14.0633,5.0648,6.0498,31.2300,13.0917,18.1383,19.6976,Gavin McKenna,F,10.7456,4.0000,11.0000,8.0000,18.0000,14.0000,26.0000,0.4971,15.9371,-4.5145
8478450,VGK,1108.9396,16.7954,189.6046,62.9067,132.7678,2.5850,2.2849,17.3518,63.1156,70.1628,70.2969,1315.3396,120.1037,90.7387,86.7532,19.5635,37.8664,13.4143,13.3244,0.0000,0.0000,0.0000,19.6368,Parker Wotherspoon,D,18.7112,1.0000,4.0000,12.0000,23.0000,14.0000,26.0000,0.2793,3.6323,-7.0472
8476479,MTL,820.3908,12.5526,186.2892,79.9911,136.9248,10.5497,8.6018,11.0057,47.6219,63.3406,72.6562,1019.2326,57.1891,39.6600,55.1626,14.0926,19.2533,9.4466,12.5281,922.5704,488.5618,434.0086,19.6075,Phillip Danault,F,14.0281,5.0000,13.0000,7.0000,15.0000,14.0000,26.0000,0.2699,10.7534,-15.7187
8476878,TBL,798.9926,14.7307,191.4046,82.7282,158.8575,10.6572,8.7331,10.8739,48.9209,56.6322,73.4062,1005.1279,176.6043,41.8921,36.4158,9.6744,36.1276,9.9843,13.9327,238.2137,113.3857,124.8280,19.6071,Zemgus Girgensons,F,13.6927,5.0000,13.0000,7.0000,15.0000,14.0000,26.0000,0.2671,10.5564,-7.7113
8485383,SEA,441.7925,60.8708,22.6073,66.2096,106.5024,6.4681,7.3796,12.2099,26.4936,27.9994,44.0312,525.2705,46.5328,18.3074,28.2604,8.4306,17.3488,6.2481,7.4632,183.4254,83.3265,100.0989,19.5895,Jake O'Brien,F,11.9295,4.0000,11.0000,8.0000,17.0000,14.0000,26.0000,0.4449,11.1459,-1.5058
8485251,VGK,614.6208,22.8859,29.3966,68.8114,109.5395,6.3343,8.5214,11.0671,33.6078,30.1513,62.7031,666.9033,87.2076,24.7799,32.8150,10.2381,30.9743,6.8280,8.0962,376.4941,185.0978,191.3963,19.5885,Kai Uchacz,F,10.6359,5.0000,12.0000,7.0000,16.0000,14.0000,25.0000,0.3124,12.3836,3.4565
8481582,PIT,742.3856,72.5624,34.2824,105.6687,172.5041,12.0616,9.9821,9.5131,43.4448,44.5669,67.7500,849.2304,65.5011,30.5213,44.6992,17.6881,12.0209,6.0762,9.5722,24.1644,11.9058,12.2586,19.4953,Nick Robertson,F,12.5348,6.0000,14.0000,6.0000,14.0000,14.0000,26.0000,0.2878,9.4466,-1.1221
8476872,LAK,747.2473,35.1306,142.1243,112.2479,191.0346,11.9152,8.0230,11.4280,47.3283,56.1261,71.8906,924.5022,123.9187,39.0340,49.6365,13.4253,35.0787,13.0910,11.0586,841.3076,465.6025,375.7051,19.4510,Scott Laughton,F,12.8598,4.0000,12.0000,7.0000,16.0000,14.0000,25.0000,0.2706,7.1476,-8.7978
8476981,MTL,807.8473,11.0908,158.5987,86.2696,154.2378,12.7635,9.6626,9.7439,45.7051,58.8681,74.1406,977.5369,131.7671,35.1245,36.3253,12.0677,73.0448,23.6010,21.0040,37.5092,20.2736,17.2356,19.4065,Josh Anderson,F,13.1849,6.0000,14.0000,6.0000,14.0000,14.0000,25.0000,0.2618,11.2004,-13.1630
8481789,NYR,752.4167,20.2872,124.7322,76.0426,146.7974,10.7366,8.7170,10.6266,38.0458,50.6199,64.3594,897.4361,212.3872,38.2054,35.5519,13.9088,45.4761,14.2887,18.7818,31.2990,14.1354,17.1637,19.3436,Tye Kartye,F,13.9441,5.0000,13.0000,7.0000,15.0000,13.0000,25.0000,0.3006,11.4634,-12.5742
8483771,FLA,522.2990,11.7333,17.8571,46.7273,82.6122,5.5409,8.2970,10.8189,27.0670,25.4959,57.5781,551.8893,94.4117,16.8243,27.8456,10.0012,13.8800,5.9052,8.3528,15.6071,7.8391,7.7679,19.1159,Sandis Vilmanis,F,9.5851,5.0000,12.0000,7.0000,15.0000,13.0000,25.0000,0.3320,17.7562,1.5711
8480727,CGY,1224.5725,21.1895,360.7765,78.5266,179.8333,3.6797,3.3054,15.7614,65.9958,114.0043,71.9219,1606.5383,126.8951,131.5139,80.3323,17.7656,41.2773,17.1257,11.8589,0.0000,0.0000,0.0000,19.0669,Zach Whitecloud,D,22.3373,1.0000,6.0000,11.0000,21.0000,14.0000,25.0000,0.2651,4.2093,-48.0086
8477450,EDM,830.6676,12.1409,146.9805,81.7391,155.3741,9.2854,8.1616,10.8429,45.4323,54.6862,70.3281,989.7890,93.7578,47.7606,41.7279,15.7855,30.5564,10.0744,11.1054,1005.1207,496.0497,509.0710,19.0045,Jason Dickinson,F,14.0739,5.0000,12.0000,7.0000,15.0000,13.0000,25.0000,0.2702,9.9850,-9.2539
8478046,CBJ,752.6361,17.6663,29.9928,75.9383,140.6232,9.3014,7.7534,11.1809,41.3396,35.8716,66.6094,800.2952,68.3959,30.4859,36.3627,13.7878,23.2659,8.9700,6.0702,37.3374,17.4007,19.9367,18.9343,Danton Heinen,F,12.0148,4.0000,11.0000,7.0000,16.0000,13.0000,25.0000,0.2843,10.2101,5.4680
8481568,CHI,1246.4208,19.3549,260.0829,84.6331,174.1796,3.4951,3.2754,15.6436,61.3797,100.0654,73.4531,1525.8585,33.0730,111.1995,79.5608,32.1270,21.5629,7.3953,7.8734,0.0000,0.0000,0.0000,18.9191,Alex Vlasic,D,20.7732,1.0000,6.0000,11.0000,21.0000,13.0000,25.0000,0.2576,3.8701,-38.6857
8484806,SJS,1096.4883,38.3423,92.7617,74.6926,206.2908,5.3258,4.6102,14.3030,57.3719,65.7971,65.1875,1227.5923,74.7952,74.9138,77.4406,19.3591,24.0485,11.8299,6.4039,0.0020,0.0010,0.0010,18.9131,Sam Dickinson,D,18.8317,2.0000,7.0000,10.0000,19.0000,14.0000,25.0000,0.2901,6.1722,-8.4252
8476312,COL,874.0587,8.7902,156.6576,96.6823,179.2361,5.4061,4.5701,14.3359,53.0876,57.7159,60.1406,1039.5065,123.5609,71.4609,69.1462,20.9045,57.6354,19.9447,10.7277,0.0607,0.0307,0.0300,18.9060,Josh Manson,D,17.2846,2.0000,7.0000,10.0000,20.0000,13.0000,25.0000,0.3144,4.7269,-4.6283
8470613,COL,961.8199,22.7512,166.5792,115.8548,258.0779,5.7626,4.8875,13.9610,60.1158,63.4515,62.8281,1151.1503,13.8311,63.8486,69.4700,17.2135,19.8861,9.8826,5.5370,0.0000,0.0000,0.0000,18.8485,Brent Burns,D,18.3222,2.0000,8.0000,9.0000,19.0000,13.0000,25.0000,0.3000,4.2186,-3.3357
8476917,NYI,1123.8936,25.1362,172.6501,101.1478,226.0522,4.2975,4.1628,14.5873,61.1353,77.6322,68.1250,1321.6798,55.3982,94.3151,58.3742,23.6250,35.9563,16.7831,9.6549,0.0000,0.0000,0.0000,18.7501,Adam Pelech,D,19.4008,2.0000,7.0000,10.0000,20.0000,13.0000,25.0000,0.2752,4.1156,-16.4969
8481481,PIT,650.0264,9.1173,263.2004,62.4312,119.9770,7.5107,6.4780,12.1192,40.6723,70.7674,61.8438,922.3441,65.9169,36.2082,42.0650,13.4109,29.7487,12.9159,11.2634,648.2435,323.9359,324.3077,18.5972,Blake Lizotte,F,14.9141,3.0000,10.0000,8.0000,17.0000,13.0000,25.0000,0.3007,10.3763,-30.0951
8482751,SEA,658.8233,16.8508,101.1021,93.8236,149.9165,10.9340,8.1931,10.3702,33.4551,49.5410,61.8906,776.7762,73.4507,29.8178,35.6734,15.8838,14.8325,5.9540,11.6853,22.6295,10.9728,11.6568,18.5633,Ryan Winterton,F,12.5508,5.0000,12.0000,6.0000,14.0000,13.0000,24.0000,0.2999,8.7325,-16.0858
8482511,BOS,1002.7441,67.8108,47.5439,73.4189,167.8254,6.0308,4.9039,13.5820,58.5207,56.0334,67.0625,1118.0988,24.8833,79.6496,76.6662,18.7449,18.6667,9.3454,6.8241,0.0000,0.0000,0.0000,18.4858,Mason Lohrei,D,16.6725,2.0000,8.0000,9.0000,18.0000,13.0000,24.0000,0.2757,6.6793,2.4873
8476931,TOR,1262.7506,16.7483,403.6033,74.1308,155.4493,4.5078,3.9475,14.5157,69.5921,124.7635,72.5000,1683.1022,109.2502,156.9773,88.4330,19.3052,57.7557,21.2211,12.3624,0.0000,0.0000,0.0000,18.4632,Jake McCabe,D,23.2152,2.0000,7.0000,10.0000,20.0000,13.0000,24.0000,0.2547,5.3251,-55.1713
8478854,EDM,1043.4578,19.8155,169.8311,61.2981,155.1147,3.8114,3.4140,15.0415,57.6762,66.4830,63.4844,1233.1044,33.1767,78.4707,53.9689,19.8139,21.9061,8.7859,8.3440,0.0024,0.0012,0.0012,18.4555,Ryan Shea,D,19.4237,1.0000,6.0000,10.0000,20.0000,13.0000,24.0000,0.2907,5.5694,-8.8068
8480842,PIT,447.1172,10.3148,55.5070,57.1130,106.0513,6.7016,8.3990,10.0322,23.1784,30.5070,43.0938,512.9390,15.5976,16.3952,27.4533,7.8386,11.1154,4.9789,6.9409,66.3459,32.6753,33.6706,18.4312,Filip Hallander,F,11.9029,5.0000,12.0000,6.0000,14.0000,13.0000,25.0000,0.4277,14.7059,-7.3286
8484794,DET,587.1395,54.8052,8.3331,79.0382,144.6540,8.7066,8.1544,10.2010,32.9593,30.2113,53.2969,650.2778,138.0236,18.3866,34.6110,12.0995,13.9268,6.2730,8.1025,9.8691,4.8919,4.9772,18.3554,Michael Brandsegg-Nygård,F,12.2010,4.0000,12.0000,6.0000,15.0000,13.0000,24.0000,0.3444,10.3171,2.7480
8482758,PIT,619.3799,70.8790,10.6622,61.0505,111.4207,7.6612,6.4396,11.6356,36.9196,34.9321,54.9844,700.9212,10.3129,22.4996,30.2564,13.1610,16.8163,7.6622,7.8456,8.0237,4.0916,3.9320,18.0752,Ville Koivunen,F,12.7476,3.0000,10.0000,7.0000,16.0000,13.0000,24.0000,0.3287,10.5480,1.9875
8478970,CAR,1114.9767,17.2311,181.9135,94.4882,208.3772,5.5297,4.7796,13.2633,68.0782,70.8907,71.2188,1314.1213,40.0676,61.6213,65.7827,22.5481,32.9165,12.7798,7.2605,0.0000,0.0000,0.0000,18.0430,Jalen Chatfield,D,18.4519,2.0000,8.0000,9.0000,18.0000,13.0000,24.0000,0.2533,5.0584,-2.8126
8476958,CAR,1063.6335,17.1028,232.8314,101.0124,186.8128,3.9796,3.3858,14.6419,67.5587,74.7815,63.1562,1313.5677,16.3780,89.0183,56.5250,39.8427,7.9580,4.5559,5.9964,0.0021,0.0010,0.0010,18.0277,Jaccob Slavin,D,20.7987,1.0000,6.0000,10.0000,20.0000,13.0000,24.0000,0.2854,3.3519,-7.2228
8483690,NYR,753.1228,14.4539,142.0793,75.0893,119.3572,7.9981,7.2012,10.7992,38.0519,52.5355,69.9062,909.6559,99.2222,36.6015,38.9742,12.5002,28.1341,11.1948,10.7127,807.3412,396.2036,411.1376,18.0004,Noah Laba,F,13.0125,4.0000,11.0000,7.0000,15.0000,12.0000,24.0000,0.2575,9.5902,-14.4836
8478399,NJD,1064.4178,15.9525,168.4106,52.4501,136.8921,3.5981,3.1548,14.7786,61.0835,69.2741,65.2656,1248.7810,72.8726,99.3717,69.0035,14.8522,38.6165,13.8011,7.0993,0.0000,0.0000,0.0000,17.9333,Jonas Siegenthaler,D,19.1338,1.0000,6.0000,10.0000,20.0000,12.0000,24.0000,0.2748,6.0148,-8.1905
8482715,NSH,850.4722,133.6638,26.4719,54.9327,132.0806,4.7294,4.1644,13.7401,56.1171,49.8992,61.4219,1010.6078,42.2367,62.7958,52.1827,13.7291,25.0395,11.0830,5.1996,0.0052,0.0026,0.0027,17.9045,Ryan Ufko,D,16.4535,2.0000,7.0000,9.0000,19.0000,12.0000,24.0000,0.2915,7.5809,6.2179
8480829,CAR,672.9846,28.4642,14.5371,72.8350,123.7676,8.9280,6.5517,11.2900,39.6843,31.7339,61.1094,715.9858,62.6655,21.8698,43.0331,9.9904,26.0738,10.8257,9.5906,401.5617,199.9279,201.6338,17.8417,Jesperi Kotkaniemi,F,11.7165,3.0000,10.0000,7.0000,16.0000,12.0000,24.0000,0.2920,8.9953,7.9504
8482209,CGY,523.7764,73.6898,7.0055,52.2110,112.2765,6.2567,7.9438,9.8605,29.1861,31.2423,47.7969,604.4716,38.0948,23.5200,30.2306,9.2323,15.4060,6.3721,7.3131,273.7324,132.3372,141.3953,17.8043,Rory Kerins,F,12.6467,4.0000,12.0000,6.0000,14.0000,12.0000,24.0000,0.3725,15.2149,-2.0563
8480434,NYR,891.6796,35.4626,29.4220,69.2796,176.0230,4.1138,3.9402,13.7649,42.0270,44.3374,62.0000,956.5641,28.4100,72.5857,59.0742,11.9523,35.7755,12.2456,7.6254,0.0022,0.0011,0.0011,17.7051,Sean Durzi,D,15.4285,1.0000,7.0000,9.0000,19.0000,12.0000,23.0000,0.2856,5.6875,-2.3104
8478831,UTA,738.8798,9.4983,254.5924,68.7118,137.7013,9.2362,6.8829,10.7182,44.9361,68.9577,73.1719,1002.9705,43.8365,48.7176,41.5547,14.4996,36.1654,15.9288,11.4773,851.2636,462.1684,389.0952,17.6012,Kevin Stenlund,F,13.7070,4.0000,10.0000,7.0000,15.0000,12.0000,23.0000,0.2405,10.0171,-24.0216
8483506,CHI,1061.1005,129.8729,21.0316,93.6860,193.8288,5.2451,4.6188,12.9439,57.9531,62.9141,66.3281,1212.0051,60.1599,74.5100,74.3424,15.9823,43.4766,16.0974,7.6316,0.0023,0.0012,0.0011,17.5627,Sam Rinzel,D,18.2729,2.0000,7.0000,8.0000,18.0000,12.0000,24.0000,0.2648,4.9301,-4.9610
8476826,TBL,611.1374,13.2514,124.0105,70.2757,120.3341,8.4578,7.2727,10.2206,36.8452,40.7754,49.7656,748.3994,71.6206,21.9743,38.4827,14.1784,36.6104,10.8618,9.0781,546.1090,258.8706,287.2384,17.4933,Yanni Gourde,F,15.0385,4.0000,11.0000,6.0000,14.0000,12.0000,23.0000,0.3515,10.3489,-3.9302
8476892,STL,1211.9136,22.0213,202.5195,103.5703,229.0526,6.7135,6.1693,11.2857,65.8120,82.9371,70.7500,1436.4543,76.4361,135.1799,76.9126,28.1042,16.1266,7.1368,7.8167,0.0000,0.0000,0.0000,17.4550,Colton Parayko,D,20.3032,3.0000,9.0000,7.0000,16.0000,12.0000,23.0000,0.2467,5.9566,-17.1251
8476469,LAK,720.2497,21.2686,89.0705,104.8612,179.4082,10.1540,7.2913,10.0573,41.7070,46.3882,70.7344,830.5889,60.9749,29.7863,41.0505,17.9753,21.4956,10.3145,7.7300,73.9314,32.9802,40.9512,17.3486,Joel Armia,F,11.7424,4.0000,11.0000,6.0000,14.0000,12.0000,23.0000,0.2453,6.9533,-4.6812
8481535,NSH,755.3694,49.8109,11.6185,80.4682,153.9593,8.8620,7.3579,9.9564,39.5835,39.7505,63.6406,816.7988,81.7997,19.5120,37.3999,12.8973,27.7780,12.2030,14.1293,4.5541,2.2375,2.3167,17.3143,Nils Hoglander,F,12.8345,4.0000,11.0000,6.0000,14.0000,12.0000,23.0000,0.2721,9.1439,-0.1670
8477953,EDM,702.2271,11.9488,113.8287,85.2124,146.7233,9.3859,6.9480,10.0021,38.5779,44.7685,61.2812,828.0045,88.4916,21.5847,37.2726,11.4472,16.2220,7.8992,9.7001,36.7039,16.9979,19.7059,16.9500,Kasperi Kapanen,F,13.5115,4.0000,10.0000,6.0000,14.0000,12.0000,23.0000,0.2766,8.1537,-6.1906
8479365,EDM,804.3373,13.8772,12.8131,94.7024,155.8672,10.4241,7.7142,9.1128,39.4611,34.4162,68.4688,831.0276,173.3634,27.6275,37.7120,10.5208,50.3520,10.9737,10.5291,211.5902,106.4863,105.1039,16.8271,Trent Frederic,F,12.1373,4.0000,11.0000,5.0000,13.0000,12.0000,23.0000,0.2458,8.1457,5.0448
8478911,WSH,1197.0872,14.0550,221.3241,71.5232,147.9292,3.2635,2.7967,14.0136,65.1339,86.9933,73.5000,1432.4663,102.7293,122.5021,80.5380,13.0784,24.5190,10.3185,7.8499,0.0000,0.0000,0.0000,16.8102,Matt Roy,D,19.4893,1.0000,5.0000,9.0000,19.0000,12.0000,22.0000,0.2287,3.9102,-21.8595
8484223,DET,778.9418,120.7973,18.9880,63.8629,175.1581,4.8640,4.2904,12.4649,50.9923,43.1864,61.8438,918.7272,15.4025,50.2038,49.1825,9.2332,16.6228,8.2961,5.0545,0.0016,0.0008,0.0008,16.7553,Axel Sandin-Pellikka,D,14.8556,2.0000,7.0000,8.0000,17.0000,11.0000,22.0000,0.2709,6.7181,7.8059
8476874,MIN,928.4097,24.4784,173.4630,55.5180,111.0777,3.5225,3.0424,13.7088,55.1684,62.2825,57.0781,1126.3511,15.6056,85.8824,72.7191,17.0004,12.8085,6.6868,6.6830,0.0017,0.0009,0.0008,16.7513,Olli Maatta,D,19.7335,1.0000,5.0000,9.0000,19.0000,11.0000,22.0000,0.2935,5.4801,-7.1141
8476480,WPG,667.5988,62.0191,31.3266,75.2170,134.0904,9.0166,6.0646,10.6834,37.4670,36.6173,65.7656,760.9444,62.6054,30.2336,31.9711,9.6551,25.3496,8.3653,9.8365,349.2051,156.4474,192.7577,16.7481,Vladislav Namestnikov,F,11.5705,3.0000,9.0000,7.0000,15.0000,12.0000,22.0000,0.2547,8.0629,0.8497
8480289,WPG,702.3471,11.0463,98.3784,82.3458,146.9577,9.8701,7.5975,9.1477,34.9602,45.3234,62.5312,811.7719,123.9806,36.5216,32.0339,17.4003,23.8241,9.9063,11.2403,532.5640,255.9629,276.6011,16.7451,Morgan Barron,F,12.9819,4.0000,11.0000,5.0000,13.0000,11.0000,22.0000,0.2678,9.2263,-10.3633
8475188,VGK,1008.7046,13.3261,230.0225,92.6126,199.4349,4.5127,3.8421,12.7515,59.5851,70.8544,63.1562,1252.0532,97.3951,125.9002,53.0578,16.5793,27.3407,12.8628,7.6584,0.0000,0.0000,0.0000,16.5937,Brayden McNabb,D,19.8247,1.0000,6.0000,8.0000,17.0000,11.0000,22.0000,0.2627,4.1486,-11.2693
8484231,MIN,456.7562,43.3528,16.0659,64.0165,104.9068,6.3355,7.0586,9.5326,29.3771,22.5962,45.9844,516.1749,45.7271,17.9904,27.7711,8.2846,17.0484,6.1399,7.3340,164.3575,74.8723,89.4852,16.5912,Charlie Stramel,F,11.2250,4.0000,11.0000,6.0000,14.0000,11.0000,22.0000,0.3608,11.0262,6.7809
8475343,VGK,725.7046,11.7063,110.8052,66.5601,126.8565,7.6990,6.4286,10.1375,40.9676,44.2305,69.5312,848.2160,99.9057,43.8019,38.5387,17.6698,45.0996,16.3621,13.2562,667.8288,328.1699,339.6589,16.5662,Nic Dowd,F,12.1991,3.0000,10.0000,6.0000,14.0000,11.0000,22.0000,0.2383,9.6584,-3.2629
8479977,UTA,688.2726,14.6191,25.1003,70.0741,97.6471,7.7001,6.1770,10.3809,33.9270,33.5520,62.0781,727.9919,46.6012,21.0062,27.9306,13.6426,16.3289,7.8041,10.2064,50.1418,23.0331,27.1086,16.5579,Kailer Yamamoto,F,11.7270,3.0000,10.0000,6.0000,15.0000,11.0000,22.0000,0.2667,8.8150,0.3750
8482073,NYR,1164.6763,23.6923,234.2858,83.2118,182.9590,3.9334,3.4420,13.1135,59.6554,83.4827,76.1562,1422.6543,135.2707,121.8907,85.7078,19.6990,20.9984,10.5964,7.8056,0.0000,0.0000,0.0000,16.5555,Braden Schneider,D,18.6807,1.0000,6.0000,9.0000,18.0000,11.0000,22.0000,0.2174,4.1364,-23.8274
8485467,TOR,535.1418,14.1844,80.1956,52.9019,89.1854,5.2496,7.8179,8.6721,26.6831,39.6976,56.2031,629.5217,41.8737,21.1205,29.2172,9.4397,19.8509,7.3203,7.4861,240.3043,109.2193,131.0851,16.4900,Luke Haymes,F,11.2008,4.0000,12.0000,5.0000,13.0000,11.0000,22.0000,0.2934,14.7780,-13.0145
8476441,LAK,989.7021,13.4230,196.6678,88.5757,191.9219,4.8066,3.8289,12.6374,58.3263,74.0096,66.4375,1199.7930,75.0251,83.9275,62.5232,12.2319,22.4701,9.8183,6.1909,0.0000,0.0000,0.0000,16.4663,Joel Edmundson,D,18.0590,1.0000,6.0000,8.0000,18.0000,11.0000,22.0000,0.2478,4.3227,-15.6834
8483752,TBL,591.3671,25.6341,14.6928,80.5462,135.7458,8.7371,6.7800,9.6831,32.8240,26.9535,52.8906,631.6940,68.1250,17.9064,39.3208,13.0150,12.2075,5.8621,10.5219,385.9364,197.4731,188.4633,16.4631,Dominic James,F,11.9434,4.0000,10.0000,6.0000,14.0000,11.0000,22.0000,0.3113,8.4176,5.8705
8476474,NJD,501.9038,121.1288,10.6490,81.9194,133.2352,10.4377,7.8776,8.5748,43.7657,28.7998,60.3125,633.6816,64.1888,16.6637,33.3295,7.6992,26.6526,9.1599,6.8469,52.6328,25.6285,27.0043,16.4524,Stefan Noesen,F,10.5066,4.0000,12.0000,5.0000,12.0000,11.0000,22.0000,0.2728,9.6163,14.9659
8478013,EDM,991.2891,29.3148,42.4986,113.6021,233.5207,5.5883,5.1984,11.2337,52.3098,46.6526,62.8750,1063.1024,25.5322,95.0201,57.2729,15.8739,27.8816,12.3408,8.2887,0.0020,0.0010,0.0010,16.4321,Jake Walman,D,16.9082,2.0000,8.0000,7.0000,16.0000,11.0000,22.0000,0.2613,4.5760,5.6572
8480995,TBL,653.5539,26.2085,12.9878,75.3479,149.1864,9.4778,7.7172,8.6841,35.8494,29.2146,63.6562,692.7501,45.3393,29.4823,28.9235,9.0161,22.1160,9.1062,16.1053,99.8165,47.8362,51.9803,16.4013,Pontus Holmberg,F,10.8827,4.0000,11.0000,5.0000,13.0000,11.0000,22.0000,0.2577,10.2421,6.6348
8477506,NYI,1131.1924,15.1609,233.2586,84.7263,184.6259,4.1034,3.5766,12.8088,62.6652,86.8143,73.4219,1379.6119,56.8446,125.8022,64.9797,22.5842,15.3252,7.9420,5.3069,0.0000,0.0000,0.0000,16.3853,Ryan Pulock,D,18.7902,1.0000,6.0000,8.0000,18.0000,11.0000,22.0000,0.2232,4.2213,-24.1491
8484388,UTA,644.0290,49.0477,14.6791,76.1904,141.2372,11.6569,8.1421,8.2247,36.2043,31.7086,69.7344,707.7558,34.0832,28.9944,34.8287,10.2094,17.6797,7.7771,9.2268,38.6111,18.1989,20.4122,16.3668,Daniil But,F,10.1493,5.0000,12.0000,5.0000,12.0000,11.0000,22.0000,0.2347,10.6865,4.4957
8478569,PHI,669.6435,17.5683,166.5655,81.6505,141.4723,10.7606,8.0810,8.2846,38.6964,51.8056,64.9062,853.7773,92.4413,60.7946,27.4475,12.6316,17.3715,6.3279,10.0120,610.0051,318.4857,291.5194,16.3656,Noel Acciari,F,13.1540,5.0000,12.0000,5.0000,12.0000,11.0000,22.0000,0.2521,9.8971,-13.1092
8476927,TOR,777.8950,12.5616,128.1599,69.2241,126.1176,8.3330,6.2788,10.0394,38.1708,59.0920,64.9688,918.6165,82.9679,30.7507,40.2385,15.5170,31.1319,11.6634,8.5156,533.3274,258.5502,274.7773,16.3182,Teddy Blueger,F,14.1394,3.0000,10.0000,6.0000,14.0000,11.0000,22.0000,0.2512,9.0702,-20.9212
8479398,PIT,1072.5640,19.3205,64.4860,47.4243,125.8006,2.9378,2.4709,13.8283,52.3768,62.9396,62.0781,1156.3705,33.9587,73.4642,63.9126,15.3296,16.3472,7.5665,6.5316,0.0023,0.0012,0.0012,16.2992,Samuel Girard,D,18.6277,1.0000,5.0000,9.0000,19.0000,11.0000,22.0000,0.2626,5.2102,-10.5628
8474151,TBL,884.1727,20.3892,226.2004,52.4605,125.8357,4.3628,3.7288,12.5262,55.3725,64.4060,58.5469,1130.7622,20.0032,90.3366,65.0716,16.7956,14.4888,6.8731,4.5796,0.0022,0.0011,0.0011,16.2550,Ryan McDonagh,D,19.3138,1.0000,6.0000,8.0000,17.0000,11.0000,22.0000,0.2776,7.1077,-9.0335
8484234,CGY,505.2454,78.6170,8.8365,74.7753,119.3984,7.1857,8.0894,8.1581,29.0367,30.6736,52.9062,592.6988,27.2394,20.1073,28.8397,10.0917,16.7991,6.5711,7.5016,18.5860,9.4030,9.1831,16.2475,Aydar Suniev,F,11.2028,5.0000,12.0000,5.0000,12.0000,11.0000,22.0000,0.3071,10.8182,-1.6369
8479983,WPG,1191.5149,19.4067,280.2647,85.2999,174.9538,3.6459,3.2106,12.9943,64.0572,92.5611,76.3750,1491.1864,114.4287,122.1953,67.8838,25.6633,37.5182,15.3890,7.6896,0.0000,0.0000,0.0000,16.2048,Mario Ferraro,D,19.5245,1.0000,6.0000,8.0000,18.0000,11.0000,22.0000,0.2122,3.7639,-28.5039
8484136,VAN,760.3287,18.8243,44.9699,67.3676,123.8399,7.2399,6.3726,9.8000,31.7646,48.7660,66.0469,824.1228,35.7271,34.2574,39.5277,13.4964,21.1209,9.8043,8.9472,323.3191,144.3390,178.9800,16.1726,Max Sasson,F,12.4778,3.0000,10.0000,6.0000,14.0000,11.0000,22.0000,0.2449,9.4594,-17.0014
8482768,COL,720.0458,12.0409,46.6573,68.0390,129.0931,7.9501,6.4189,9.7414,41.0195,36.6590,69.0781,778.7440,50.6404,26.2411,45.5397,13.2490,19.6542,9.2009,11.7811,420.4203,182.1258,238.2945,16.1602,Fedor Svechkov,F,11.2734,3.0000,10.0000,6.0000,14.0000,11.0000,22.0000,0.2339,9.4341,4.3606
8478366,ANA,606.3988,39.8307,65.2991,92.0779,168.8887,10.2023,7.1455,8.9217,36.3762,41.5154,69.4844,711.5286,86.8243,31.5172,26.9385,8.3130,41.1370,15.7200,11.6928,17.7241,8.7809,8.9432,16.0672,Frank Vatrano,F,10.2401,4.0000,11.0000,5.0000,13.0000,11.0000,21.0000,0.2312,7.7602,-5.1392
8477503,TOR,612.2730,50.8699,16.0237,62.0708,117.9019,6.9328,5.2128,10.8410,31.8678,36.0123,54.1562,679.1666,22.2054,18.8797,45.5540,12.5838,56.1014,12.6200,7.5218,209.4862,103.2559,106.2303,16.0538,Max Domi,F,12.5409,2.0000,8.0000,7.0000,15.0000,11.0000,22.0000,0.2964,8.3982,-4.1446
8477407,NYI,615.6893,48.4466,9.9365,68.2492,128.6350,8.6178,6.8783,9.1101,33.8287,31.4675,61.3594,674.0724,16.8574,26.2540,29.0110,9.5606,14.3667,6.0622,7.7619,9.8150,4.6162,5.1988,15.9884,Anthony Duclair,F,10.9856,4.0000,10.0000,5.0000,13.0000,11.0000,22.0000,0.2606,10.0782,2.3612
8479638,PIT,656.5825,34.4806,16.1783,81.1143,141.5691,9.9803,8.1491,7.7524,33.9942,36.1907,59.1406,707.2414,83.7951,31.8589,34.0926,10.6829,13.8195,5.2654,8.1073,8.2675,3.9309,4.3366,15.9016,Justin Brazeau,F,11.9586,5.0000,12.0000,4.0000,11.0000,11.0000,21.0000,0.2689,10.0465,-2.1965
8482858,SEA,1287.1490,20.9114,149.2900,61.3679,161.7952,3.0483,2.7629,13.0435,62.2320,88.1143,72.0000,1457.3505,79.2337,94.0331,64.2570,12.1640,41.3450,19.7957,10.8135,0.0024,0.0012,0.0012,15.8065,Ryker Evans,D,20.2410,1.0000,5.0000,8.0000,18.0000,11.0000,21.0000,0.2195,4.5023,-25.8823
8482803,BUF,784.1057,45.8492,66.3543,75.5931,177.4466,5.6782,5.4289,10.3259,45.0242,44.8907,63.6719,896.3092,23.7925,57.2234,46.1465,13.1250,19.0989,9.3037,9.0497,0.0012,0.0006,0.0006,15.7548,Olen Zellweger,D,14.0770,3.0000,9.0000,6.0000,15.0000,11.0000,21.0000,0.2474,7.1818,0.1335
8476463,MIN,915.0625,24.3555,108.0553,76.2876,144.4999,2.5674,2.3931,13.3047,51.9688,52.7257,61.7500,1047.4733,13.0410,93.8012,40.8602,14.6542,14.9666,7.5855,6.2412,0.0016,0.0008,0.0008,15.6978,Jonas Brodin,D,16.9631,1.0000,4.0000,9.0000,18.0000,11.0000,21.0000,0.2542,3.1370,-0.7568
8476967,COL,1249.6152,10.2840,166.3865,90.1541,182.6509,3.9880,3.2641,12.4275,72.9610,74.9146,73.8125,1426.2856,22.9252,94.9241,64.2993,15.4372,28.2357,13.9871,5.0443,0.0000,0.0000,0.0000,15.6916,Brett Kulak,D,19.3231,1.0000,6.0000,8.0000,17.0000,11.0000,21.0000,0.2126,3.6206,-1.9536
8482802,DET,445.7642,19.5773,9.4850,37.6347,64.7166,3.7688,7.9026,7.6940,21.6178,22.9081,43.4688,474.8265,48.7948,18.6963,22.3279,6.8169,9.9468,4.4586,5.9614,16.1918,7.9579,8.2338,15.5966,Carter Mazur,F,10.9234,4.0000,12.0000,4.0000,11.0000,11.0000,21.0000,0.3588,20.9982,-1.2902
8480840,DAL,690.9548,11.8608,182.4812,60.2528,102.1434,7.3086,6.2365,9.3048,41.6234,51.2607,68.6719,885.2968,29.8891,34.0441,45.6297,14.0231,11.2934,5.8754,10.0540,96.6563,46.1081,50.5482,15.5412,Oskar Bäck,F,12.8917,3.0000,10.0000,5.0000,13.0000,11.0000,21.0000,0.2263,10.3505,-9.6372
8480192,NJD,1034.2998,15.5511,160.8254,59.1972,158.4260,4.3149,3.6984,11.8303,59.2636,67.0502,66.2031,1210.6764,85.6775,76.1435,69.9953,16.7255,58.7622,18.7877,7.3912,0.0023,0.0011,0.0011,15.5286,Johnathan Kovacevic,D,18.2873,1.0000,6.0000,7.0000,16.0000,11.0000,21.0000,0.2346,6.2475,-7.7867
8484150,CGY,901.4623,93.5380,29.0779,66.0660,133.2888,4.1297,3.5984,11.9217,46.8693,54.9653,56.5781,1024.0782,45.1943,54.3990,50.9069,12.7464,15.4841,8.1431,6.3459,0.0038,0.0019,0.0019,15.5201,Hunter Brzustewicz,D,18.1003,1.0000,6.0000,8.0000,17.0000,11.0000,21.0000,0.2743,5.4467,-8.0960
8479661,BOS,586.2647,18.0401,82.9150,59.2552,119.0099,9.8131,7.4554,7.9912,33.4783,39.7020,61.2969,687.2198,173.2687,33.8490,33.3989,5.9696,60.0985,11.8339,9.0862,15.5463,7.3448,8.2015,15.4466,Tanner Jeannot,F,11.2113,4.0000,11.0000,4.0000,12.0000,10.0000,21.0000,0.2520,12.5819,-6.2237
8478851,MTL,1064.8866,9.0704,215.8251,51.6037,116.2439,3.6437,3.1430,12.2442,59.6050,78.2304,72.1719,1289.7820,40.3207,126.4438,47.5844,18.8781,35.4733,17.1606,10.2108,0.0000,0.0000,0.0000,15.3872,Alexandre Carrier,D,17.8710,1.0000,6.0000,8.0000,17.0000,10.0000,21.0000,0.2132,6.0906,-18.6255
8475220,MIN,650.4822,17.8334,81.2186,70.0456,107.1926,8.6223,6.6063,8.7803,37.1362,38.2220,62.2812,749.5342,174.0818,36.7109,33.9139,13.0119,56.0901,11.7227,8.8195,17.4830,8.6427,8.8403,15.3866,Marcus Foligno,F,12.0347,3.0000,10.0000,5.0000,13.0000,10.0000,21.0000,0.2471,9.4315,-1.0857
8476393,OTT,671.2825,11.4986,15.3162,69.2266,111.5642,7.7691,5.9699,9.3996,35.3560,29.4189,62.1094,698.0973,116.6544,27.9413,33.6273,11.5256,55.7628,16.1435,14.5693,38.1587,18.1561,20.0026,15.3695,Nick Cousins,F,11.2398,3.0000,9.0000,6.0000,14.0000,10.0000,21.0000,0.2475,8.6237,5.9371
8480043,WSH,949.8914,24.2053,68.1513,57.7702,131.8259,3.7352,3.2670,12.0805,48.9512,54.5573,60.7969,1042.2480,45.0824,90.0902,56.1598,10.8307,28.0052,12.6494,6.6895,0.0023,0.0011,0.0011,15.3475,Timothy Liljegren,D,17.1431,1.0000,6.0000,8.0000,17.0000,10.0000,21.0000,0.2524,5.6552,-5.6061
8477446,MIN,678.0045,23.0743,125.5452,78.0068,144.8177,10.3248,7.6472,7.6900,40.9650,45.8494,65.0469,826.6240,139.9681,48.4636,29.4416,14.4218,77.4726,14.2634,12.3002,647.9338,349.5943,298.3396,15.3372,Michael McCarron,F,12.7081,4.0000,11.0000,4.0000,11.0000,10.0000,21.0000,0.2358,9.8032,-4.8844
8476889,DAL,604.7631,8.6350,157.6228,61.0453,101.7514,7.5325,6.3156,8.9744,36.1081,44.4821,64.4062,771.0210,87.7602,39.2861,29.4928,13.1690,21.6336,10.1775,8.9721,481.7660,255.7325,226.0335,15.2900,Radek Faksa,F,11.9712,3.0000,10.0000,5.0000,13.0000,10.0000,21.0000,0.2374,10.3457,-8.3740
8484240,VAN,1118.7173,41.8166,103.4162,64.6968,142.0233,3.7927,3.2914,11.9809,50.0917,78.4723,68.2344,1263.9501,38.1439,84.3307,63.0016,14.1204,30.5265,10.8384,7.9144,0.0022,0.0011,0.0011,15.2723,Tom Willander,D,18.5237,1.0000,6.0000,8.0000,17.0000,10.0000,21.0000,0.2238,5.0874,-28.3806
8480029,EDM,526.6978,25.7223,106.6681,75.9613,123.6822,9.4667,8.3650,6.8991,33.0902,36.8901,43.3906,659.0882,58.3875,22.9714,35.4600,10.5784,21.7686,7.8399,9.3645,72.5571,31.1326,41.4245,15.2641,Alex Formenton,F,15.1896,5.0000,12.0000,4.0000,10.0000,10.0000,21.0000,0.3518,11.0122,-3.7999
8477220,UTA,1113.8623,14.3806,189.2657,73.4746,172.0784,3.6996,3.1156,12.1162,59.8718,75.5025,71.9062,1317.5085,65.4824,76.8810,68.1657,17.5229,24.0775,10.3446,8.4255,0.0000,0.0000,0.0000,15.2318,Nate Schmidt,D,18.3226,1.0000,5.0000,8.0000,17.0000,10.0000,20.1000,0.2118,4.2403,-15.6307
8486171,COL,395.4069,22.6524,19.9310,53.5123,84.8682,4.8719,6.3351,8.8860,24.5410,20.1632,42.3750,437.9902,38.8008,15.2654,23.5646,7.0297,14.4661,5.2099,6.2231,36.6724,15.9976,20.6749,15.2211,T.J. Hughes,F,10.3361,3.0000,10.0000,5.0000,13.0000,10.0000,21.0000,0.3592,11.8385,4.3778
8482482,NSH,821.4651,9.0549,133.1382,57.9879,125.3334,4.4022,3.6091,11.5845,41.6010,57.0722,52.9844,963.6583,29.6999,49.8340,48.3724,15.2065,25.0953,10.5344,5.9281,0.0017,0.0008,0.0008,15.1935,Adam Wilsby,D,18.1876,1.0000,6.0000,7.0000,16.0000,10.0000,21.0000,0.2868,6.2238,-15.4712
8483570,SEA,526.9944,13.3495,166.2159,62.3133,106.5396,9.2391,6.8256,8.3456,30.3766,53.6734,55.4062,706.5598,76.7336,17.7947,31.6386,11.2814,18.9005,6.0964,7.3706,375.9239,203.0740,172.8499,15.1712,Ben Meyers,F,12.7523,4.0000,10.0000,5.0000,12.0000,10.0000,20.0000,0.2738,10.9537,-23.2968
8480762,CAR,624.4736,13.4396,93.2669,78.3694,149.0444,10.7828,7.5862,7.5376,38.2780,38.8838,61.9062,731.1802,88.5325,14.4822,29.6554,9.1495,12.1961,4.4529,7.3106,15.7720,6.8112,8.9608,15.1238,Eric Robinson,F,11.8111,4.0000,11.0000,4.0000,11.0000,10.0000,20.0000,0.2443,9.6801,-0.6057
8484797,BUF,394.7184,11.8394,6.9228,54.8547,86.5072,4.6096,6.0325,9.0563,20.0140,18.6850,37.6562,413.4806,37.0127,13.2445,20.6458,6.3049,8.1304,3.7675,5.5331,105.1907,52.2276,52.9631,15.0889,Konsta Helenius,F,10.9804,3.0000,9.0000,5.0000,13.0000,10.0000,20.0000,0.4007,10.9973,1.3289
8477839,BUF,612.0366,53.4937,30.1880,66.7042,122.1491,7.9979,6.7542,8.2906,36.3906,32.9126,60.1562,695.7183,19.4349,28.0688,29.4753,12.6760,14.1358,6.8435,8.1874,20.2365,10.4089,9.8275,15.0447,Conor Sheary,F,11.5652,3.0000,10.0000,5.0000,12.0000,10.0000,20.0000,0.2501,10.1256,3.4779
8482141,VGK,664.7483,123.5909,26.3936,60.0955,131.8678,4.6991,4.1672,10.8622,50.5104,36.3596,50.8125,814.7328,37.8375,56.5655,41.0082,11.4212,19.8387,8.3727,5.4207,0.0262,0.0130,0.0131,15.0294,Lukas Cormier,D,16.0341,2.0000,7.0000,7.0000,15.0000,10.0000,20.0000,0.2958,6.9344,14.1508
8482176,CHI,1159.9767,14.5965,172.0593,64.9026,143.1250,3.2572,2.9955,11.9845,53.8810,83.3819,66.5781,1346.6326,45.8035,80.4388,78.9284,26.2616,30.9434,15.1025,12.3307,0.0000,0.0000,0.0000,14.9800,Wyatt Kaiser,D,20.2264,1.0000,5.0000,7.0000,17.0000,10.0000,20.0000,0.2250,4.6154,-29.5009
8476925,TOR,704.3509,56.7786,118.7493,63.1687,109.6629,8.5025,6.9824,7.9098,40.8426,55.6212,67.7812,879.8788,92.1570,43.9060,33.7390,13.9871,24.5999,10.4295,10.2154,480.8606,256.0086,224.8520,14.8923,Colton Sissons,F,12.9812,4.0000,10.0000,4.0000,12.0000,10.0000,20.0000,0.2197,11.0536,-14.7786
8484759,OTT,602.9522,55.7772,13.4320,50.9479,115.0790,3.8129,3.6375,11.1987,38.2049,28.5789,48.5000,672.1613,14.5937,46.9785,38.8767,9.8248,19.6394,7.6906,4.2738,0.0127,0.0062,0.0065,14.8362,Carter Yakemchuk,D,13.8590,1.0000,6.0000,7.0000,16.0000,10.0000,20.0000,0.3059,7.1397,9.6260
8481219,BOS,915.5285,17.9099,104.4186,61.7074,143.9387,4.2341,3.5274,11.2998,49.8403,57.9696,61.9844,1037.8571,85.8930,81.0013,55.7520,12.1153,41.2116,13.1894,6.5264,0.0016,0.0008,0.0008,14.8272,Jonathan Aspirot,D,16.7438,1.0000,6.0000,7.0000,16.0000,10.0000,20.0000,0.2392,5.7163,-8.1292
8482087,MTL,921.9462,12.0619,125.7265,60.8623,135.9641,3.4941,3.4081,11.4180,49.7132,59.2504,55.6250,1059.7346,96.3352,94.5954,47.9141,18.2221,45.7293,15.8254,10.3218,0.0019,0.0010,0.0010,14.8261,Kaiden Guhle,D,19.0514,1.0000,6.0000,7.0000,16.0000,10.0000,20.0000,0.2665,5.5997,-9.5372
8486161,EDM,509.3199,32.8204,22.0018,70.5226,116.8283,6.4417,6.8388,7.9387,30.1757,24.7657,50.9219,564.1421,49.9764,19.6622,30.3518,9.0545,18.6327,6.7105,8.0155,62.1922,26.7125,35.4797,14.7775,Owen Michaels,F,11.0786,4.0000,10.0000,4.0000,12.0000,10.0000,20.0000,0.2902,9.6973,5.4100
8481806,BUF,953.4967,16.1452,189.7987,82.7360,172.5741,3.8161,3.3595,11.4166,53.8833,67.5694,61.7188,1159.4407,108.2570,87.2653,57.2841,12.8060,40.5263,15.7201,5.0803,0.0016,0.0008,0.0008,14.7760,Louis Crevier,D,18.7859,1.0000,6.0000,7.0000,16.0000,10.0000,20.0000,0.2394,4.0605,-13.6861
8482095,OTT,888.4517,12.1373,136.1898,81.0510,160.1574,3.2192,2.6689,12.0749,51.0456,53.8450,60.8438,1036.7787,99.2180,79.2445,61.7350,22.2804,35.7792,11.3216,7.9175,0.0022,0.0011,0.0011,14.7438,Tyler Kleven,D,17.0400,1.0000,5.0000,8.0000,17.0000,10.0000,20.0000,0.2423,3.2928,-2.7995
8480860,CGY,1181.5315,24.2187,234.0312,54.1665,129.3286,2.5911,2.3240,12.4132,59.1980,94.7877,75.1719,1439.7814,97.5260,91.0734,71.9147,25.4529,49.4013,18.4868,8.0916,0.0000,0.0000,0.0000,14.7372,Kevin Bahl,D,19.1532,1.0000,4.0000,8.0000,17.0000,10.0000,20.0000,0.1960,4.2904,-35.5896
8484188,STL,918.8367,15.8221,96.3390,76.4467,169.6167,4.8520,3.9883,10.7325,47.1770,54.7043,66.2500,1030.9978,33.7394,64.8858,47.7816,11.8238,25.4347,11.2774,6.2341,0.0051,0.0026,0.0025,14.7207,Theo Lindstein,D,15.5622,2.0000,7.0000,7.0000,15.0000,10.0000,20.0000,0.2222,5.2170,-7.5273
8480281,STL,660.2175,15.0094,131.3762,81.9455,127.7630,8.1474,6.8549,7.8394,37.0446,48.4728,67.5625,806.6030,144.8511,44.1333,28.1182,8.3779,24.2774,8.1897,8.6979,7.9194,4.0369,3.8826,14.6943,Alexey Toropchenko,F,11.9386,4.0000,10.0000,4.0000,12.0000,10.0000,20.0000,0.2175,8.3652,-11.4282
8473422,MIN,628.1329,30.4754,123.4335,65.2880,100.4067,6.9526,4.6950,9.9376,39.6329,44.0007,61.0625,782.0418,131.0285,26.6624,33.5835,11.4113,35.9752,10.8951,10.5693,381.2131,192.4482,188.7649,14.6326,Nick Foligno,F,12.8072,2.0000,8.0000,6.0000,14.0000,10.0000,20.0000,0.2396,7.1912,-4.3678
8475231,NYI,680.6473,12.3458,133.3566,86.3479,148.5826,9.7964,7.2204,7.3826,37.7539,51.4025,66.7969,826.3498,134.8093,46.3403,38.8040,12.0675,23.6185,9.3501,9.9699,509.7427,268.5187,241.2240,14.6030,Casey Cizikas,F,12.3711,4.0000,11.0000,4.0000,11.0000,10.0000,20.0000,0.2186,8.3620,-13.6486
8483471,WPG,503.1964,82.2227,4.9637,66.2622,113.4935,7.8391,5.8135,8.7786,32.0639,26.6082,49.6719,590.3829,47.4333,18.0943,29.4768,7.6858,15.4090,6.6448,6.9154,81.6647,39.1334,42.5314,14.5921,Brad Lambert,F,11.8857,3.0000,9.0000,5.0000,13.0000,10.0000,20.0000,0.2938,8.7734,5.4558
8483565,TOR,895.3957,26.9228,54.3533,64.2770,143.2919,3.8839,3.7072,10.8620,41.8052,54.8245,64.4219,976.6718,48.9492,59.1717,47.1260,15.6805,17.2757,8.5052,9.8367,1.0534,0.5047,0.5487,14.5692,Nick Blankenburg,D,15.1606,1.0000,6.0000,7.0000,15.0000,9.0000,20.0000,0.2262,5.7676,-13.0192
8476278,DAL,500.8835,8.5485,134.9729,53.6624,112.5083,7.4062,6.3410,8.2157,30.1447,37.8154,53.1406,644.4050,78.2469,23.9235,28.2905,12.1170,20.2547,8.1861,11.6530,208.4394,94.2519,114.1876,14.5567,Colin Blackwell,F,12.1264,3.0000,10.0000,5.0000,12.0000,10.0000,20.0000,0.2739,11.8165,-7.6707
8484152,SJS,699.1070,155.8948,17.6670,62.0038,146.1464,5.9684,3.2635,11.2803,50.9263,41.4645,47.2969,872.6689,45.6580,60.7843,42.5586,12.9548,39.0985,13.6544,7.5370,0.0100,0.0051,0.0049,14.5438,Luca Cagnoni,D,18.4509,1.0000,6.0000,7.0000,16.0000,10.0000,20.0000,0.3075,5.2634,9.4618
8482784,STL,453.8414,13.1266,33.4640,60.5700,101.0904,5.6737,5.9448,8.5914,23.2375,25.1977,50.1250,500.4320,44.2248,17.2791,25.0633,8.2988,19.3050,6.6966,6.2712,250.9037,126.9872,123.9165,14.5363,Zach Dean,F,9.9837,3.0000,9.0000,5.0000,13.0000,10.0000,20.0000,0.2900,9.8148,-1.9602
8477969,NYR,1225.1802,15.3882,224.1142,57.1489,138.5485,2.9868,2.8876,11.6160,60.4404,84.1005,73.3438,1464.6825,65.4982,110.9424,68.9206,19.0970,42.7272,17.5664,7.7799,0.0000,0.0000,0.0000,14.5036,Marcus Pettersson,D,19.9701,1.0000,5.0000,7.0000,16.0000,10.0000,20.0000,0.1977,5.0528,-23.6601
8481725,PIT,699.9469,14.3965,65.4612,76.3646,132.6469,8.7796,7.1652,7.3244,35.3303,44.4737,63.0312,779.8045,109.7614,23.2629,47.0014,13.4984,23.0835,9.1172,11.5411,18.5716,8.9538,9.6179,14.4895,Elmer Soderblom,F,12.3717,4.0000,11.0000,4.0000,11.0000,10.0000,20.0000,0.2299,9.3829,-9.1434
8480049,WPG,1155.1790,19.3683,204.7020,90.6504,181.3427,3.6945,3.4777,11.0016,59.6176,80.2933,68.8438,1379.2493,52.0828,110.6756,67.9579,26.8931,29.1228,10.6731,7.2732,0.0000,0.0000,0.0000,14.4793,Dylan Samberg,D,20.0345,1.0000,6.0000,7.0000,16.0000,10.0000,20.0000,0.2103,3.8364,-20.6757
8478233,CHI,704.9468,12.7766,17.9967,63.1746,122.3400,8.1810,6.1550,8.2961,29.5328,39.3591,67.5156,735.7202,57.0992,22.6639,34.3115,8.6533,25.4351,9.2468,11.0101,10.6609,5.4791,5.1818,14.4511,Andrew Mangiapane,F,10.8970,3.0000,9.0000,5.0000,12.0000,10.0000,20.0000,0.2140,9.7428,-9.8263
8479378,NYI,828.5793,16.6546,157.9310,82.6843,184.1192,4.6663,4.0836,10.3273,45.6749,62.2062,62.3750,1003.1650,84.8460,70.2316,55.8311,12.8288,91.7929,21.8974,7.9885,0.0016,0.0008,0.0008,14.4110,Logan Stanley,D,16.0828,2.0000,7.0000,6.0000,15.0000,10.0000,20.0000,0.2310,4.9388,-16.5313
8478434,DET,782.9916,18.9857,69.4754,63.0750,125.0495,7.5495,6.2672,8.1214,38.3137,46.9470,74.8438,871.4526,227.8209,36.8712,37.6642,10.0813,46.6619,9.3173,7.3158,26.0643,12.1305,13.9338,14.3886,Keegan Kolesar,F,11.6436,3.0000,9.0000,5.0000,12.0000,9.0000,19.0000,0.1922,9.9361,-8.6332
8484160,DET,474.9599,94.0473,8.1769,58.4036,100.6541,8.2231,6.0846,8.2665,33.5583,26.9955,51.9844,577.1842,18.8316,18.1005,29.3806,11.0242,11.3744,5.3669,6.3317,280.6630,120.7816,159.8814,14.3511,Nate Danielson,F,11.1030,3.0000,9.0000,5.0000,12.0000,10.0000,19.0000,0.2761,10.4182,6.5629
8475279,DET,1165.5236,31.2815,128.6348,83.5231,192.8864,3.4957,2.8611,11.2554,58.6102,73.6342,70.5469,1325.4399,116.1373,113.8708,61.7390,18.1188,54.9196,22.2873,10.4091,0.0000,0.0000,0.0000,14.1165,Ben Chiarot,D,18.7881,1.0000,5.0000,7.0000,16.0000,9.0000,19.0000,0.2001,3.4256,-15.0239
8480848,SJS,560.7895,17.1237,157.7433,59.5234,102.0918,8.6123,6.2896,7.7575,33.6520,49.3931,60.8750,735.6565,136.5648,35.0172,30.1766,9.1957,37.8078,13.9959,12.9709,516.2326,266.8748,249.3579,14.0471,Ty Dellandrea,F,12.0847,3.0000,9.0000,4.0000,12.0000,9.0000,19.0000,0.2308,10.5667,-15.7411
8484304,FLA,714.1464,83.2765,20.9801,64.2624,115.5257,4.2740,3.4150,10.5755,48.0365,37.2247,51.1406,818.4031,60.5455,41.1384,35.9538,15.6670,23.6137,10.3978,9.9641,0.7095,0.3482,0.3614,13.9905,Uvis Balinskis,D,16.0030,1.0000,6.0000,7.0000,15.0000,9.0000,19.0000,0.2736,5.3141,10.8118
8482703,EDM,640.6304,13.8094,11.3334,56.9856,135.9456,7.6546,6.1766,7.7927,32.0180,27.5910,59.2812,665.7732,196.7548,25.3915,30.4869,14.4118,42.3121,9.9478,10.6857,87.4550,39.5036,47.9514,13.9692,Colton Dach,F,11.2308,3.0000,10.0000,4.0000,12.0000,9.0000,19.0000,0.2356,10.8388,4.4270
8480806,CBJ,629.9824,11.1147,113.1728,55.2382,92.2613,6.6231,5.0910,8.8607,38.0644,42.0542,57.7500,754.2699,34.9944,33.7548,28.9124,10.2354,6.3359,3.4998,6.5119,359.9537,176.3750,183.5787,13.9517,Isac Lundestrom,F,13.0610,2.0000,8.0000,5.0000,13.0000,9.0000,19.0000,0.2416,9.2164,-3.9897
8474013,CHI,999.2649,13.1725,230.5990,56.2819,133.4565,3.5600,3.0062,10.9426,49.7332,83.1587,68.2656,1243.0363,62.3258,127.3118,79.0074,14.9848,51.5881,20.9555,7.9264,0.0000,0.0000,0.0000,13.9488,Ian Cole,D,18.2088,1.0000,5.0000,7.0000,15.0000,9.0000,19.0000,0.2043,5.3413,-33.4255
8479591,BOS,474.2300,26.3382,14.3111,88.9171,147.6654,8.6816,6.4843,7.4487,26.4023,25.2588,48.4062,514.8793,55.1221,16.0720,26.4245,7.2444,39.6037,11.3248,10.9034,15.6003,7.5177,8.0826,13.9329,Michael Eyssimont,F,10.6366,3.0000,10.0000,4.0000,11.0000,9.0000,19.0000,0.2878,7.2925,1.1436
8477488,NJD,999.5164,11.3317,207.5458,70.1884,136.8275,4.2431,3.5504,10.3816,58.9179,71.0852,61.5781,1218.3938,18.0891,102.8142,43.1758,20.8772,19.7258,9.0547,9.6537,0.0023,0.0011,0.0011,13.9320,Brett Pesce,D,19.7861,1.0000,6.0000,6.0000,15.0000,9.0000,19.0000,0.2262,5.0584,-12.1673
8478057,TOR,591.5302,33.1735,23.1010,48.9204,83.6441,7.6571,6.4813,7.3754,29.1779,34.7487,59.1719,647.8047,172.5676,26.5935,29.9189,10.6143,39.5215,9.4418,9.8380,31.4770,14.3340,17.1431,13.8568,Dakota Joshua,F,10.9478,3.0000,10.0000,4.0000,11.0000,9.0000,19.0000,0.2342,13.2487,-5.5708
8476331,WPG,1212.9740,17.4624,226.4696,68.3512,168.5831,4.1070,3.4072,10.3711,62.5806,85.9312,76.2344,1456.9061,96.5783,91.4937,74.3313,18.1943,32.7877,16.0648,11.2789,0.0000,0.0000,0.0000,13.7783,Dylan DeMelo,D,19.1109,1.0000,6.0000,6.0000,15.0000,9.0000,19.0000,0.1807,4.9849,-23.3506
8481563,ANA,889.8694,16.2677,80.2046,43.3649,120.2559,3.0931,2.5967,11.1682,46.7593,56.6158,61.9531,986.3416,70.4840,74.0414,46.0917,18.8736,35.4047,13.0509,5.6550,0.0016,0.0008,0.0008,13.7650,Drew Helleson,D,15.9208,1.0000,5.0000,7.0000,16.0000,9.0000,19.0000,0.2222,5.9881,-9.8566
8482691,VAN,666.3574,15.9236,98.3817,75.3979,132.3233,7.5410,6.1371,7.5441,30.2507,51.9542,61.8281,780.6627,159.4191,18.4262,30.5213,10.1447,24.8056,11.1296,8.8957,771.2859,456.7396,314.5464,13.6812,Aatu Räty,F,12.6263,3.0000,9.0000,4.0000,11.0000,9.0000,19.0000,0.2213,8.1396,-21.7035
8480873,WSH,682.3661,12.8942,70.7950,46.7020,95.8956,2.3406,2.2179,11.4030,35.5431,41.9135,41.0625,766.0554,43.1902,60.0524,38.7905,12.9872,10.9444,5.1172,3.6337,0.0000,0.0000,0.0000,13.6209,Rasmus Sandin,D,18.6558,0.0000,4.0000,7.0000,16.0000,9.0000,19.0000,0.3317,4.7490,-6.3705
8480003,NJD,662.8338,29.8139,110.9715,66.5001,138.9601,8.2229,6.1075,7.4966,41.2323,45.1139,64.3750,803.6193,130.7368,25.8029,38.6822,11.6819,13.9160,6.8763,11.5681,145.5579,58.8609,86.6970,13.6041,Jesper Boqvist,F,12.4834,3.0000,9.0000,4.0000,11.0000,9.0000,18.0000,0.2113,9.1842,-3.8816
8480246,NSH,954.7989,10.2309,292.0567,64.6365,124.3433,3.7580,2.8980,10.6964,53.8059,84.6725,66.0781,1257.0864,34.9407,80.9166,71.1301,20.5659,17.9638,9.0762,7.4943,0.0000,0.0000,0.0000,13.5944,Nick Perbix,D,19.0242,1.0000,5.0000,7.0000,15.0000,9.0000,19.0000,0.2057,4.4836,-30.8666
8481014,NYI,1006.5426,14.4159,175.0267,85.5291,181.7073,4.1463,3.8114,9.7734,54.6430,72.2578,63.4375,1195.9852,105.7052,113.3953,64.9280,17.1066,18.0494,9.1094,8.3021,0.0019,0.0009,0.0010,13.5847,Alexander Romanov,D,18.8530,1.0000,6.0000,6.0000,14.0000,9.0000,19.0000,0.2141,4.4562,-17.6148
8481532,LAK,509.6727,20.5452,13.7772,62.8446,113.2253,7.2310,5.7014,7.8764,28.0862,25.6864,62.2969,543.9952,37.1612,22.2431,24.4109,8.9886,15.9581,6.7056,6.4418,381.0377,203.4449,177.5928,13.5778,Alex Turcotte,F,8.7323,3.0000,9.0000,4.0000,12.0000,9.0000,19.0000,0.2180,9.0723,2.3998
8474574,DAL,987.2117,19.1077,157.7695,71.8688,138.2291,5.3198,4.0694,9.5039,55.2059,61.2333,62.8438,1164.0889,65.8545,94.4154,57.5157,16.4874,51.4003,21.5725,9.1827,0.0000,0.0000,0.0000,13.5732,Tyler Myers,D,18.5235,2.0000,7.0000,6.0000,14.0000,9.0000,19.0000,0.2160,5.6623,-6.0274
8482765,WPG,537.4910,61.8397,5.8266,64.9618,140.4359,7.9330,6.0705,7.4345,30.9336,27.3813,53.6719,605.1574,24.9577,23.3671,27.4822,8.7082,4.8413,3.2406,6.9351,9.3531,4.6841,4.6690,13.5049,Isak Rosen,F,11.2751,3.0000,9.1000,4.0000,11.0000,9.0000,18.0000,0.2516,9.3447,3.5523
8479941,BUF,482.0172,11.9071,118.6621,58.1025,92.2355,6.9591,5.8207,7.6235,28.7754,37.2528,52.0000,612.5865,77.0624,27.7420,23.8623,8.7018,15.0829,6.0197,5.3203,302.9212,154.2220,148.6992,13.4443,Justin Danforth,F,11.7805,3.0000,9.0000,4.0000,11.0000,9.0000,18.0000,0.2585,10.0180,-8.4774
8481043,WPG,567.6035,10.1391,149.6120,89.1062,156.3425,9.6542,6.7376,6.6907,31.3044,46.4859,57.6719,727.3546,176.6017,21.3079,32.6655,11.4219,16.7134,5.2430,9.0519,4.9784,2.4721,2.5063,13.4283,Cole Koepke,F,12.6119,4.0000,10.0000,3.0000,10.0000,9.0000,18.1000,0.2328,7.5613,-15.1815
8478891,DET,754.5922,23.4830,84.8464,70.7252,113.8831,6.9473,4.6026,8.8125,38.3998,48.2134,68.2188,862.9216,75.8149,26.5895,27.1490,9.0535,25.5914,9.6604,10.2875,32.4358,15.0180,17.4178,13.4151,Mason Appleton,F,12.6493,2.0000,8.0000,5.0000,13.0000,9.0000,18.0000,0.1966,6.5078,-9.8135
8479359,BUF,542.5359,8.8794,155.2304,56.6801,106.4241,7.5148,6.0189,7.3733,32.6273,44.5652,58.5781,706.6458,188.3800,49.3451,29.5060,9.7682,23.3005,7.7013,12.5312,19.3488,9.6447,9.7041,13.3922,Beck Malenstyn,F,12.0633,3.0000,9.0000,4.0000,11.0000,9.0000,18.0000,0.2286,10.6191,-11.9380
8478874,SJS,516.3492,22.5285,14.9241,71.3490,131.8385,8.3660,6.7485,6.6432,26.1993,27.1264,56.1406,553.8019,40.5964,20.5479,23.6621,8.0634,13.0143,6.1657,4.6713,198.5967,99.1536,99.4431,13.3917,Adam Gaudette,F,9.8645,4.0000,10.0000,3.0000,10.0000,9.0000,18.0000,0.2385,9.4584,-0.9271
8481028,CGY,626.8264,22.3586,22.2202,72.8025,122.2822,6.4258,5.3065,8.0561,28.1069,36.6155,66.8594,671.4051,193.4128,17.4577,31.4598,10.5299,61.2635,16.0063,15.0954,122.0131,57.3981,64.6150,13.3626,Martin Pospisil,F,10.0420,2.0000,8.0000,4.0000,12.0000,9.0000,18.0000,0.1999,7.2889,-8.5085
8484793,CHI,349.3634,8.3687,9.4145,38.0780,64.5804,3.5656,5.5127,7.7782,14.9811,19.7114,38.2031,367.1466,42.3253,11.2604,18.3971,5.4307,20.7572,4.8072,5.1505,262.5559,129.0144,133.5415,13.2909,Sacha Boisvert,F,9.6104,3.0000,9.0000,4.0000,12.0000,9.0000,18.0000,0.3479,14.4774,-4.7304
8484242,WPG,373.4408,11.7399,44.1037,45.1943,73.9443,3.8746,5.2138,8.0323,19.0561,23.2779,39.9219,429.2843,19.7063,13.1404,20.5770,6.6224,14.7609,5.1786,5.2330,271.5463,131.3768,140.1695,13.2461,Brayden Yager,F,10.7531,2.0000,8.0000,4.0000,12.0000,9.0000,18.0000,0.3318,11.5364,-4.2218
8475324,ANA,962.3920,12.6597,96.7938,43.5019,120.3900,2.3316,1.8915,11.3017,50.1642,62.4347,58.5312,1071.8456,37.5628,69.2376,58.7103,12.6442,11.7885,4.8823,6.7794,0.0018,0.0009,0.0009,13.1932,Nick Jensen,D,18.3124,0.0000,4.0000,7.0000,16.0000,9.0000,18.0000,0.2254,4.3481,-12.2705
8479705,TBL,547.8960,28.0536,8.2722,71.2718,128.0426,8.2318,6.4654,6.7120,30.7592,24.4846,54.6875,584.2219,126.6866,21.4964,31.2870,9.6134,74.5496,13.0613,9.7098,9.9393,4.9587,4.9805,13.1774,Jeffrey Viel,F,10.6829,3.0000,10.0000,3.0000,10.0000,9.0000,18.0000,0.2410,9.0715,6.2746
8483567,COL,401.5854,20.2512,8.7584,43.5775,76.6379,4.3339,5.2869,7.8785,24.0624,18.7216,41.5312,430.5950,20.6542,16.7939,19.1665,6.5307,10.7735,4.4760,5.2647,111.9739,55.0562,56.9177,13.1654,Georgii Merkulov,F,10.3680,2.0000,8.0000,4.0000,12.0000,8.0000,18.0000,0.3170,12.1322,5.3408
8480878,DAL,804.6625,44.3791,15.0563,53.5573,135.1593,3.1187,2.8006,10.2779,44.6001,37.3904,53.5469,864.0979,28.3525,48.5637,45.9167,8.3904,20.8060,9.9775,4.0771,0.0013,0.0006,0.0007,13.0785,Nils Lundkvist,D,16.1372,1.0000,5.0000,6.0000,15.0000,8.0000,18.0000,0.2442,5.2291,7.2097
8476979,LAK,562.3705,87.7426,15.3741,50.9521,125.6968,3.0747,2.5758,10.4317,40.1687,31.2826,38.9219,665.4872,21.3599,33.3431,43.4585,9.5142,16.8146,7.5289,4.0284,0.0028,0.0014,0.0014,13.0075,Erik Gustafsson,D,17.0980,1.0000,5.0000,6.0000,15.0000,8.0000,18.0000,0.3342,5.0553,8.8862
8483482,ANA,669.8187,18.3237,21.7163,52.7775,106.6525,2.8697,2.8330,10.1448,34.5276,37.3072,42.8594,709.8587,36.9056,48.3887,36.2832,8.8839,18.7864,8.0226,4.4555,0.0119,0.0061,0.0058,12.9778,Tristan Luneau,D,16.5625,1.0000,5.0000,6.0000,14.0000,8.0000,18.0000,0.3028,5.3678,-2.7796
8483676,OTT,316.1149,63.4281,6.4195,51.7026,84.2743,7.0129,5.4314,7.5094,24.9956,16.3090,39.0625,385.9624,43.0747,12.4904,20.3994,5.3739,6.8019,3.3411,4.4437,143.6534,64.6434,79.0100,12.9408,Stephen Halliday,F,9.8806,3.0000,9.0000,4.0000,11.0000,8.0000,18.0000,0.3313,10.5051,8.6866
8481641,DAL,571.7131,11.8317,66.3407,66.0432,114.6296,7.1090,6.0237,6.8558,31.1944,32.2370,61.4375,649.8855,76.3984,22.6702,25.1852,10.8683,13.4960,6.4924,7.1856,18.3859,8.7967,9.5892,12.8794,Joel Kiviranta,F,10.5780,3.0000,9.0000,4.0000,10.0000,8.0000,18.0000,0.2096,9.1208,-1.0426
8482733,STL,664.0149,54.7620,73.5680,64.2486,139.3992,4.0997,3.2609,9.5970,39.4263,41.5380,41.8281,792.3449,64.0954,43.9844,44.3357,11.5762,32.7106,12.3474,7.4362,0.0013,0.0007,0.0006,12.8579,Logan Mailloux,D,18.9429,1.0000,6.0000,6.0000,14.0000,8.0000,18.0000,0.3074,5.0755,-2.1117
8483573,WSH,478.1067,31.2370,9.1514,55.8555,95.3464,6.9414,5.4681,7.3417,26.0379,24.7220,58.5625,518.4951,34.5949,26.4493,22.1605,7.2589,12.9952,6.0059,7.1405,7.4174,3.5390,3.8785,12.8099,Ethen Frank,F,8.8537,3.0000,9.0000,4.0000,11.0000,8.0000,18.0000,0.2187,9.7898,1.3159
8481032,VAN,700.7290,30.4713,31.9140,63.5351,127.3782,8.6838,6.4754,6.3095,30.5193,44.2114,71.5938,763.1143,170.1033,21.5796,31.2215,11.1923,27.4441,10.5017,11.6184,99.4537,51.0286,48.4252,12.7849,Paul Cotter,F,10.6590,3.0000,10.0000,3.0000,10.0000,8.0000,18.0000,0.1786,10.1918,-13.6922
8476473,EDM,1024.3809,11.9582,156.3261,59.9407,144.3191,2.7173,2.4511,10.3272,54.9630,63.3697,59.9375,1192.6652,82.8584,116.2212,56.8384,14.1808,53.1054,17.0332,11.4774,0.0000,0.0000,0.0000,12.7783,Connor Murphy,D,19.8985,1.0000,5.0000,6.0000,15.0000,8.0000,18.0000,0.2132,4.0892,-8.4067
8482929,TBL,850.5399,11.5701,123.4025,54.7523,115.4564,3.1328,2.5154,10.2233,47.9753,50.3926,54.6562,985.5126,100.6849,55.2544,48.7517,9.6055,70.4329,21.6846,11.9116,0.0019,0.0010,0.0009,12.7387,Emil Lilleberg,D,18.0311,1.0000,5.0000,6.0000,15.0000,8.0000,17.0000,0.2331,4.5941,-2.4173
8479980,NSH,970.1522,13.0346,171.9868,66.7082,161.0289,4.0462,3.3451,9.3917,50.0567,69.7008,67.3125,1155.1737,74.9920,65.1576,49.7495,13.9988,41.2551,12.7031,7.6299,0.0020,0.0010,0.0010,12.7368,Nicolas Hague,D,17.1614,1.0000,6.0000,6.0000,14.0000,8.0000,18.0000,0.1892,5.0145,-19.6441
8476292,NYI,679.6664,21.4300,12.3127,61.5718,111.2783,6.6105,4.7165,7.9668,33.6483,33.6494,69.7188,713.4091,84.0467,37.1270,34.4220,11.0412,13.9436,5.6264,9.7785,12.2032,5.5839,6.6193,12.6833,Ondrej Palat,F,10.2327,2.0000,8.0000,5.0000,12.0000,8.0000,18.0000,0.1819,7.6602,-0.0011
8478859,FLA,1126.3129,13.9279,201.4309,66.0444,150.8458,3.5816,3.0602,9.5502,63.6176,75.8818,69.5938,1341.6716,110.5135,79.2794,70.1090,13.1283,55.3529,21.3057,14.0048,0.0000,0.0000,0.0000,12.6104,Niko Mikkola,D,19.2786,1.0000,5.0000,6.0000,14.0000,8.0000,17.0000,0.1812,4.6335,-12.2642
8483455,EDM,496.5037,17.6028,7.1640,66.2281,123.2657,8.0111,6.0604,6.5400,26.0761,21.4809,51.3906,521.2705,16.0065,13.6286,26.8385,6.9511,18.8100,7.4073,6.2405,5.6831,2.8308,2.8523,12.6004,Isaac Howard,F,10.1433,3.0000,9.0000,3.0000,10.0000,8.0000,17.0000,0.2452,9.1507,4.5953
8475455,NJD,1093.0518,22.2081,169.7648,53.0856,115.5886,3.0430,2.2549,10.2950,63.4470,71.1740,70.9375,1285.0247,161.1142,87.1418,54.0481,8.8967,68.8709,19.7273,6.6500,0.0000,0.0000,0.0000,12.5499,Brenden Dillon,D,18.1149,0.0000,4.0000,6.0000,15.0000,8.0000,17.0000,0.1769,4.2477,-7.7270
8478468,VGK,797.0783,9.3926,215.7627,70.7866,143.5995,4.0427,3.3379,9.1801,48.3787,60.3752,61.6250,1022.2336,212.8819,76.0661,39.8075,10.3944,70.8595,18.8415,13.5105,0.0015,0.0007,0.0007,12.5179,Jeremy Lauzon,D,16.5880,1.0000,6.0000,5.0000,13.0000,8.0000,17.0000,0.2031,4.7154,-11.9964
8479982,BUF,775.2456,8.8049,203.9139,65.8140,140.5423,2.7547,2.4453,10.0072,45.5348,60.9640,55.8906,987.9644,41.2607,84.4380,55.7113,11.8506,29.3458,13.7772,7.0985,0.0014,0.0007,0.0007,12.4525,Conor Timmins,D,17.6767,1.0000,5.0000,6.0000,14.0000,8.0000,17.0000,0.2228,3.7155,-15.4292
8483476,VAN,451.1449,89.2879,8.5277,54.6080,103.2825,6.6690,5.2338,7.1999,28.1677,29.4780,45.2344,548.9604,34.0237,16.1806,24.0161,7.8328,7.0514,3.8949,6.4155,7.0840,3.5555,3.5285,12.4337,Jonathan Lekkerimäki,F,12.1359,2.0000,8.0000,4.0000,11.0000,8.0000,17.0000,0.2749,9.5844,-1.3103
8481754,ANA,470.8602,8.0355,33.4970,56.3199,104.8324,5.7398,4.5463,7.7781,24.2839,28.5844,45.6094,512.3927,79.5464,14.3829,22.5197,5.7525,10.5604,4.9805,6.0497,54.0392,26.2646,27.7746,12.3244,Nikita Nesterenko,F,11.2344,2.0000,7.0000,4.0000,11.0000,8.0000,17.0000,0.2702,8.0723,-4.3005
8482742,COL,522.2977,14.7255,154.5229,67.6276,116.1945,8.5723,6.7521,5.5418,35.6058,43.3569,55.8438,691.5461,149.1273,24.6133,33.1239,11.7090,45.0220,9.9029,9.4442,11.5428,5.7172,5.8256,12.2939,Zachary L'Heureux,F,12.3836,4.0000,10.0000,3.0000,9.0000,8.0000,17.0000,0.2201,9.9843,-7.7511
8486166,MIN,772.3348,14.5679,169.5368,44.6704,99.7739,1.9556,2.3250,9.8796,45.9594,55.4755,57.4062,956.4395,46.5882,67.0321,47.9001,14.2701,21.9009,9.5819,6.1914,0.0156,0.0080,0.0076,12.2046,Viking Gustafsson Nyberg,D,16.6609,1.0000,4.0000,6.0000,14.0000,8.0000,17.0000,0.2126,5.2047,-9.5161
8475208,LAK,1014.7657,14.4187,86.0257,42.0245,116.4274,2.1543,1.6849,10.5148,54.7683,58.6781,70.5156,1115.2102,35.6403,68.5761,56.9148,15.4717,15.3787,7.8325,7.3195,0.0000,0.0000,0.0000,12.1997,Brian Dumoulin,D,15.8151,0.0000,3.0000,6.0000,15.0000,8.0000,17.0000,0.1730,4.0094,-3.9098
8483686,MTL,536.6971,14.7497,17.9729,33.7813,75.8757,2.0591,2.8818,9.2849,28.0540,27.0670,43.7969,569.4197,21.7879,34.4062,27.3056,7.6748,19.4144,7.6131,3.6870,0.0041,0.0020,0.0021,12.1668,Adam Engstrom,D,13.0014,1.0000,5.0000,5.0000,13.0000,8.0000,17.0000,0.2778,8.5308,0.9869
8482874,SEA,495.6404,20.7399,18.2297,56.0694,112.9424,7.3321,6.2366,5.9092,23.7812,28.1129,57.2500,534.6099,267.9474,18.8699,25.5481,8.2259,37.1429,7.1914,10.2137,5.8221,2.9838,2.8383,12.1459,Jacob Melanson,F,9.3382,3.0000,10.0000,3.0000,9.0000,8.0000,17.0000,0.2122,11.1230,-4.3316
8486103,SJS,223.6285,23.6274,14.1732,31.4233,51.3645,3.0890,4.7657,7.3512,13.3261,13.5581,23.9844,261.4291,23.1596,9.1117,14.0653,4.1959,8.6346,3.1097,3.7145,24.2235,10.6699,13.5536,12.1169,Ivar Stenberg,F,10.9000,2.0000,8.0000,4.0000,11.0000,8.0000,17.0000,0.5052,15.1661,-0.2321
8480870,TOR,585.4780,9.7760,252.1348,54.2162,103.6461,6.9367,5.0662,7.0276,35.1638,68.1203,60.1250,847.3889,135.9805,31.0243,38.4912,10.2139,23.1648,10.3283,8.2776,443.3655,186.5155,256.8500,12.0939,Bo Groulx,F,14.0938,2.0000,8.0000,4.0000,11.0000,8.0000,17.0000,0.2011,9.3445,-32.9565
8482081,ANA,439.4537,32.8910,12.5092,59.4980,100.8968,4.9745,4.9144,7.1422,25.5938,25.0133,40.9531,484.8540,42.9524,16.8988,26.0860,7.7819,16.0139,5.7673,6.8890,171.1389,77.9243,93.2145,12.0566,Sean Farrell,F,11.8392,2.0000,8.0000,4.0000,11.0000,8.0000,17.0000,0.2944,8.2597,0.5805
8479992,DET,655.4540,13.1979,139.1566,65.8537,114.0942,7.2733,5.3285,6.6823,34.9659,51.5299,67.5781,807.8085,81.0340,48.3433,30.6361,9.8445,20.8509,8.2720,9.2036,243.4693,113.9709,129.4985,12.0108,Michael Rasmussen,F,11.9537,3.0000,9.0000,3.0000,10.0000,8.0000,17.0000,0.1777,8.0914,-16.5640
8483479,ANA,421.9350,34.9310,27.2082,60.3345,97.8597,5.3563,4.6166,7.3494,25.5786,26.6785,43.6094,484.0742,40.2547,22.4381,24.0396,7.3830,15.4283,5.4036,5.1876,87.9571,44.9355,43.0215,11.9660,Cruz Lucius,F,11.1002,2.0000,8.0000,4.0000,11.0000,8.0000,17.0000,0.2744,7.6517,-1.0999
8479336,PHI,496.0928,14.5011,36.9130,56.3342,109.4707,7.7298,5.9501,6.0134,25.2154,26.7100,52.2188,547.5069,138.5074,19.0651,27.7796,7.2764,18.7074,7.8038,6.2571,24.2387,11.0931,13.1456,11.9636,Carl Grundstrom,F,10.4849,3.0000,9.0000,3.0000,9.0000,7.0000,17.0000,0.2291,10.5622,-1.4947
8483432,CBJ,474.8664,30.7627,8.3223,54.7509,83.2931,5.5680,4.5331,7.3991,28.0016,22.1509,54.4062,513.9514,15.9839,23.4276,21.7650,8.1170,9.8970,4.7121,5.5353,289.5213,131.8976,157.6237,11.9321,Luca Del Bel Belluz,F,9.4465,2.0000,7.0000,4.0000,11.0000,7.0000,16.0000,0.2193,8.2794,5.8507
8483695,NJD,295.0797,25.8090,14.9197,41.7375,68.3197,4.1822,5.1055,6.7631,18.8118,16.3012,32.3750,335.8083,29.7487,11.7040,18.0670,5.3897,11.0912,3.9944,4.7713,134.0872,59.9191,74.1681,11.8687,Amadeus Lombardi,F,10.3725,2.0000,8.0000,3.0000,10.0000,7.0000,17.0000,0.3666,12.2325,2.5106
8482165,CGY,970.6676,15.6051,180.2951,74.8488,143.0258,2.9937,2.5436,9.3228,47.7575,75.8899,61.0781,1166.5677,79.3169,97.8653,61.8106,12.0176,28.8142,10.1861,4.4680,0.0021,0.0011,0.0011,11.8664,Yan Kuznetsov,D,19.0996,1.0000,5.0000,6.0000,14.0000,8.0000,17.0000,0.1943,3.3983,-28.1324
8484390,CHI,220.4248,18.8176,9.2898,29.7570,47.9037,2.7906,5.6378,6.1895,11.2931,13.5031,21.2188,248.5321,22.0170,8.6622,13.3714,3.9889,8.2086,2.9563,3.5312,26.5793,12.0203,14.5590,11.8273,Roman Kantserov,F,11.7129,3.0000,9.0000,3.0000,10.0000,8.0000,16.0000,0.5574,18.9462,-2.2100
8477845,PIT,996.2411,11.2751,191.6108,53.8391,103.3945,3.2617,2.6895,9.0498,53.1644,77.1673,60.4688,1199.1270,12.4429,101.6840,48.7765,18.4186,23.6108,10.1006,6.4993,0.0024,0.0012,0.0012,11.7392,Trevor van Riemsdyk,D,19.8305,1.0000,5.0000,5.0000,13.0000,7.0000,16.0000,0.1941,4.9954,-24.0028
8482062,CHI,625.5839,12.3637,92.1465,56.8263,111.7117,6.6388,6.0449,5.6925,29.5522,45.0742,62.5156,730.0941,140.3070,19.3025,28.0526,12.6489,39.8351,10.0449,9.3951,19.6973,9.7479,9.9494,11.7374,Cole Smith,F,11.6786,3.0000,9.0000,3.0000,9.0000,7.0000,17.0000,0.1878,10.6375,-15.5221
8484403,MTL,361.3562,8.9178,8.9927,39.2846,65.2251,3.4850,5.9536,5.7763,18.4402,17.8527,40.2812,379.2667,51.6763,14.5740,19.4842,5.7345,19.8439,4.4576,4.5430,15.3294,7.6000,7.7294,11.7299,Florian Xhekaj,F,9.4155,3.0000,9.0000,3.0000,9.0000,7.0000,16.0000,0.2912,15.1550,0.5875
8477478,CAR,476.8660,12.1631,16.5286,57.2407,103.9302,6.5962,5.4623,6.2035,27.1569,22.8936,51.0469,505.5576,118.8170,13.6130,19.0536,9.2450,14.9569,6.9101,8.4167,12.6198,6.0604,6.5594,11.6659,William Carrier,F,9.9038,3.0000,9.0000,3.0000,10.0000,7.0000,16.0000,0.2285,9.5427,4.2633
8483733,PHI,535.4997,13.2125,10.4979,40.5501,80.9397,4.5202,3.7254,7.8862,25.6527,24.8747,56.9375,559.2101,76.9231,16.2963,28.7341,10.2513,34.4185,6.8345,9.1142,8.9693,4.5465,4.4229,11.6116,Nikita Grebenkin,F,9.8215,1.0000,6.0000,4.0000,12.0000,7.0000,16.0000,0.2039,9.1872,0.7780
8481534,VGK,269.5840,11.0028,8.5521,31.1394,64.1187,3.8301,5.9142,5.6312,14.7893,12.6293,32.5312,289.1389,38.6906,8.1749,13.4286,4.1655,8.3156,3.2870,3.5000,70.2794,34.3321,35.9473,11.5453,Raphael Lavoie,F,8.8880,3.0000,9.0000,3.0000,9.0000,7.0000,16.0000,0.3549,18.9926,2.1601
8476467,VAN,970.7302,18.0098,159.7645,68.4415,143.9382,3.2098,2.7242,8.7595,43.9239,78.2751,64.0781,1148.5045,77.6044,98.6183,61.0411,16.3585,28.6590,10.9395,6.7609,0.0000,0.0000,0.0000,11.4838,Jamie Oleksiak,D,17.9235,1.0000,5.0000,5.0000,13.0000,7.0000,16.0000,0.1792,3.9804,-34.3512
8478840,BOS,853.8541,25.5845,169.9138,55.0141,132.0580,2.3376,1.9159,9.5612,50.7457,64.9279,64.9062,1049.3523,86.5348,75.7597,46.9375,12.8231,36.6451,12.1917,8.1867,0.0000,0.0000,0.0000,11.4771,Will Borgen,D,16.1672,0.0000,4.0000,6.0000,14.0000,7.0000,16.0000,0.1768,3.4825,-14.1822
8483491,WSH,433.9635,13.1497,7.8484,44.7001,92.9113,6.1821,5.2397,6.1484,21.5445,21.7668,49.5625,454.9617,68.0016,16.1072,23.5860,6.4999,8.4721,4.1060,5.5558,8.6021,4.2313,4.3709,11.3881,Ivan Miroshnichenko,F,9.1796,2.0000,8.0000,3.0000,10.0000,7.0000,16.0000,0.2298,11.7218,-0.2223
8482111,STL,762.1425,20.6749,72.3076,43.6688,106.8748,3.1661,2.7416,8.5667,39.5984,44.4742,53.6875,855.1250,47.7744,61.5861,48.5597,8.3061,18.9424,7.7574,4.3982,0.0014,0.0007,0.0007,11.3082,Justin Barron,D,15.9278,1.0000,5.0000,5.0000,13.0000,7.0000,16.0000,0.2106,6.2781,-4.8757
8478136,CGY,1011.8540,16.9986,136.1054,63.6407,139.0902,3.0252,2.5715,8.6888,47.5361,72.0300,68.5312,1164.9580,75.4485,104.3977,44.5266,13.1524,51.5630,14.4358,10.8341,0.0000,0.0000,0.0000,11.2602,Jake Middleton,D,16.9989,1.0000,5.0000,5.0000,13.0000,7.0000,16.0000,0.1643,4.0406,-24.4939
8483510,WPG,788.0391,32.1549,28.4016,57.3592,151.8706,3.1693,2.7772,8.4720,38.4664,40.4394,59.9688,848.5956,71.6087,47.9541,47.7392,8.0659,19.2278,9.0121,3.9983,0.0016,0.0008,0.0008,11.2492,Elias Salomonsson,D,14.1506,1.0000,5.0000,5.0000,12.0000,7.0000,16.0000,0.1876,4.8418,-1.9730
8476624,SJS,564.5906,18.7453,194.0848,55.9850,99.1088,6.2750,4.1939,7.0215,35.5861,55.1525,68.6719,777.4207,115.5778,45.8821,35.3273,13.5789,57.0173,12.8611,8.7745,105.1355,51.7489,53.3865,11.2154,Barclay Goodrow,F,11.3208,2.0000,7.0000,4.0000,11.0000,7.0000,16.0000,0.1633,7.4911,-19.5664
8485512,ANA,530.2275,10.6442,136.1991,54.5804,107.6220,6.6202,4.9008,6.3076,31.3918,46.9509,56.5625,677.0707,124.7018,29.3454,25.3089,13.3169,19.7671,8.5243,8.5198,539.1755,308.0040,231.1715,11.2084,Tim Washe,F,11.9703,2.0000,8.0000,3.0000,10.0000,7.0000,16.0000,0.1982,8.9791,-15.5590
8479442,TOR,869.8951,7.0122,245.0717,51.3758,125.6879,3.1693,2.5217,8.6719,45.9769,81.0971,56.4375,1121.9790,32.9937,74.0487,59.1900,13.2955,28.6722,13.0168,6.3654,0.0014,0.0007,0.0007,11.1936,Troy Stecher,D,19.8800,1.0000,5.0000,5.0000,13.0000,7.0000,16.0000,0.1983,4.9083,-35.1202
8479369,UTA,1153.2161,16.4459,198.9938,76.3928,172.0360,2.9540,2.5375,8.6439,62.3345,78.5630,70.5469,1368.6559,97.0674,119.0023,69.9588,12.3590,21.2028,9.8041,5.8328,0.0000,0.0000,0.0000,11.1814,Andrew Peeke,D,19.4007,1.0000,5.0000,5.0000,13.0000,7.0000,16.0000,0.1585,3.3217,-16.2285
8484958,CGY,527.6188,26.3983,8.8998,66.5437,123.8609,6.6690,5.6393,5.5301,23.9616,29.8228,57.3438,562.9169,82.4786,15.9277,35.1560,11.4028,16.7440,6.9548,5.5475,22.5791,11.1712,11.4080,11.1694,Maxim Tsyplakov,F,9.8165,3.0000,9.0000,3.0000,9.0000,7.0000,16.0000,0.1948,8.4746,-5.8613
8479371,CBJ,899.3416,23.0346,101.5547,58.7269,140.5731,2.3917,2.0937,9.0042,52.5363,52.2832,60.8750,1023.9308,49.3910,93.0156,54.9322,14.6849,29.1121,13.2531,8.3126,0.0017,0.0009,0.0009,11.0979,Dante Fabbro,D,16.8202,0.0000,4.0000,5.0000,13.0000,7.0000,16.0000,0.1823,3.5652,0.2531
8481006,STL,645.6047,12.2782,58.1136,45.8401,110.2472,2.9344,2.3784,8.7055,32.8609,37.2581,47.3906,715.9965,76.6224,42.5016,38.0230,10.6695,64.1390,13.2376,8.0096,0.0012,0.0006,0.0006,11.0839,Tyler Tucker,D,15.1084,1.0000,4.0000,5.0000,13.0000,7.0000,16.0000,0.2339,5.1884,-4.3972
8480891,SJS,752.9352,22.3891,44.3182,79.3279,160.6026,4.4074,3.8239,7.2171,37.9073,42.1493,59.3906,819.6425,45.8262,47.0502,48.0433,11.4408,57.5280,15.7877,7.8180,0.0013,0.0007,0.0007,11.0410,Michael Kesselring,D,13.8009,2.0000,6.0000,4.0000,11.0000,7.0000,16.0000,0.1859,4.8204,-4.2420
8474189,FLA,554.0595,16.4158,75.4138,53.7918,84.1612,7.1464,4.8568,6.1650,31.7323,34.6943,59.5469,645.8891,36.9395,23.7149,33.2471,11.1696,16.7953,7.9983,8.3427,450.0304,235.3747,214.6558,11.0218,Lars Eller,F,10.8467,2.0000,8.0000,3.0000,9.0000,7.0000,15.0000,0.1851,9.0288,-2.9620
8478413,CHI,618.3191,12.4161,167.6313,58.2463,107.4824,6.1397,4.7538,6.2452,32.2794,55.2333,62.4688,798.3665,104.5940,36.2086,36.1221,11.8957,48.9705,14.5755,11.0108,59.1388,25.9397,33.1992,10.9990,Jordan Greenway,F,12.7803,2.0000,8.0000,3.0000,10.0000,7.0000,15.0000,0.1761,8.1616,-22.9539
8481237,NYI,536.5851,12.9341,13.6134,44.7889,99.7845,6.2824,4.7665,6.1523,26.2248,26.9535,57.0312,563.1326,94.4336,18.7964,24.8923,8.3278,21.0659,6.4713,7.9683,167.1547,81.3906,85.7641,10.9188,Kyle MacLean,F,9.8741,2.0000,8.0000,3.0000,10.0000,7.0000,15.1000,0.1915,10.6421,-0.7287
8478416,TBL,849.4236,19.2752,207.3241,60.8110,132.0364,4.1792,3.3135,7.5887,52.6923,60.8025,63.2031,1076.0228,109.3150,83.4886,45.8816,13.9524,53.6666,17.0908,7.5734,0.0021,0.0011,0.0010,10.9022,Erik Cernak,D,17.0248,1.0000,6.0000,4.0000,11.0000,7.0000,16.0000,0.1725,5.4488,-8.1102
8481538,ANA,421.8745,31.6747,29.4788,59.2196,95.8865,5.1833,4.8676,5.8779,25.2322,26.7640,43.7344,483.0279,42.7906,16.8351,25.9877,7.7526,15.9536,5.7456,6.8630,46.2428,20.3407,25.9021,10.7455,Judd Caulfield,F,11.0446,2.0000,8.0000,3.0000,9.0000,7.0000,15.0000,0.2457,8.2196,-1.5318
8483465,NSH,296.8960,9.6558,34.2224,36.9222,69.9292,3.6205,4.5857,6.1577,15.2891,19.4137,33.3750,340.7742,46.9405,13.3998,15.3303,5.9085,5.3507,2.7688,4.4920,18.7263,8.7692,9.9571,10.7434,Joakim Kemell,F,10.2105,2.0000,7.0000,3.0000,9.0000,6.0000,15.0000,0.3219,12.4200,-4.1246
8482118,ANA,454.8667,28.2872,14.1653,54.5215,103.4419,6.5672,5.1673,5.5270,25.7331,25.9143,48.6250,497.3192,67.2566,16.0941,25.3658,6.1129,9.7118,4.6292,4.7975,18.5775,9.2542,9.3233,10.6943,Sam Colangelo,F,10.2276,2.0000,8.0000,3.0000,9.0000,7.0000,15.0000,0.2199,9.4776,-0.1812
8481122,PHI,977.7872,13.0712,168.2374,72.8691,153.2505,3.3381,2.7286,7.9457,51.7040,64.9070,69.9844,1159.0957,169.0754,96.7285,59.9233,13.1924,49.5050,17.9467,10.7970,0.0000,0.0000,0.0000,10.6743,Simon Benoit,D,16.5622,1.0000,5.0000,4.0000,12.0000,6.0000,15.0000,0.1525,3.7445,-13.2030
8484180,CGY,459.7957,10.8022,53.3942,54.3955,93.4697,6.1832,4.8675,5.7846,21.5425,31.7484,45.2031,523.9921,73.3571,16.1852,25.0556,7.0791,10.9532,5.0268,6.8390,30.0364,15.2513,14.7851,10.6520,Samuel Honzek,F,11.5919,2.0000,8.0000,3.0000,9.0000,6.0000,15.0000,0.2356,8.9483,-10.2059
8476429,NYI,748.8464,9.9805,120.1390,48.5057,114.7984,2.1233,1.6769,8.9349,40.0460,52.4854,60.9844,878.9659,53.7898,66.4967,48.0311,13.6503,39.9695,13.2387,10.8962,0.0014,0.0007,0.0007,10.6118,Scott Mayfield,D,14.4130,0.0000,3.0000,5.0000,13.0000,6.0000,15.0000,0.1740,3.4571,-12.4394
8478424,TBL,452.5881,24.9372,10.5369,52.1381,96.5094,5.8445,4.8578,5.7294,25.7815,20.8204,62.2812,488.0622,109.6871,22.9462,27.1908,8.3540,22.4444,6.1545,9.1983,220.9912,115.7312,105.2599,10.5872,Jansen Harkins,F,7.8364,2.0000,8.0000,3.0000,9.0000,7.0000,15.0000,0.1700,9.3171,4.9611
8481525,NYR,767.3960,13.9693,90.7988,54.3835,126.9674,2.5731,2.3504,8.2317,36.4043,46.3117,56.0781,872.1641,72.9042,56.4625,39.2270,8.6911,25.5181,11.8571,3.9698,0.0020,0.0010,0.0010,10.5820,Matthew Robertson,D,15.5527,1.0000,4.0000,5.0000,12.0000,6.0000,15.0000,0.1887,4.3219,-9.9075
8482174,TOR,601.1181,10.8887,36.5748,31.8247,69.7599,1.3053,1.7903,8.7828,26.9844,36.8983,40.1406,648.5815,21.7415,47.3594,32.0248,9.5568,14.3023,6.3929,4.9022,0.0084,0.0041,0.0043,10.5730,William Villeneuve,D,16.1577,0.0000,4.0000,5.0000,13.0000,7.0000,15.0000,0.2634,5.6254,-9.9139
8483666,SJS,681.2688,45.2651,52.9655,47.9605,102.6432,2.3457,2.5062,7.9705,38.0772,41.3766,43.8906,779.4994,40.2806,45.1434,42.2216,9.9048,23.7734,9.0734,6.0632,0.0000,0.0000,0.0000,10.4767,Mattias Havelid,D,17.7600,1.0000,5.0000,4.0000,12.0000,6.0000,15.0000,0.2387,5.2255,-3.2995
8478472,EDM,529.6404,11.7761,20.4736,43.5075,93.1908,5.0354,4.5811,5.7825,27.0302,24.3849,59.2031,561.8901,88.9753,25.4134,24.5836,13.3833,19.0968,6.2070,9.9014,32.0057,14.8059,17.1997,10.3636,Mathieu Joseph,F,9.4909,2.0000,7.0000,3.0000,9.0000,6.0000,15.0000,0.1751,10.5294,2.6454
8476891,BUF,916.3597,26.3277,54.4956,54.4179,121.3501,2.1047,1.8478,8.4958,47.9994,48.4252,68.5312,997.1829,24.7301,54.4861,46.4205,15.2503,21.7851,8.0739,4.1466,0.0000,0.0000,0.0000,10.3436,Matt Grzelcyk,D,14.5508,0.0000,4.0000,5.0000,12.0000,6.0000,15.0000,0.1509,3.3956,-0.4257
8478443,STL,910.2891,15.2551,272.4605,74.5074,153.7552,3.1591,2.5721,7.7364,54.4572,79.6358,68.6406,1198.0048,68.9691,104.8474,64.2989,13.2659,34.6862,15.3185,5.4549,0.0020,0.0010,0.0010,10.3085,Brandon Carlo,D,17.4533,1.0000,5.0000,4.0000,11.0000,6.0000,15.0000,0.1502,3.4521,-25.1786
8483447,TBL,484.5407,22.3885,9.0759,50.6671,89.3649,6.0009,4.5793,5.7258,26.9103,21.7915,57.3750,516.0051,86.5676,18.5177,26.4109,7.9921,16.6936,7.1880,7.5457,231.0357,109.5110,121.5247,10.3051,Conor Geekie,F,8.9936,2.0000,7.0000,3.0000,9.0000,6.0000,15.0000,0.1796,9.0380,5.1187
8483609,CGY,464.5442,25.2602,10.5498,57.7797,106.1304,5.4446,4.6309,5.6632,21.3747,26.8209,46.1094,500.3542,170.2605,27.5387,22.2382,8.4368,59.9066,11.9276,7.1192,25.9326,11.9185,14.0141,10.2941,Adam Klapka,F,10.8515,2.0000,8.0000,3.0000,9.0000,6.0000,15.0000,0.2233,8.0148,-5.4462
8481719,TBL,647.0978,10.0990,72.3654,57.8445,121.0294,3.0953,2.6134,7.6251,35.5808,36.0559,44.0938,729.5622,51.6141,44.8340,35.4555,9.4661,38.2364,9.2521,5.3428,0.0014,0.0007,0.0007,10.2385,Max Crozier,D,16.5457,1.0000,5.0000,4.0000,11.0000,6.0000,14.0000,0.2322,4.5179,-0.4751
8479576,WSH,1001.2143,11.9719,204.9647,44.4626,119.3918,1.9111,1.7013,8.4219,55.2351,75.4930,62.4688,1218.1509,118.1769,103.3073,62.9865,11.5765,68.0743,20.0325,10.7827,0.0026,0.0013,0.0013,10.1232,Vincent Desharnais,D,19.5002,0.0000,3.0000,5.0000,12.0000,6.0000,14.0000,0.1621,3.8264,-20.2579
8483553,VGK,515.0108,16.5056,12.9680,68.9865,112.6877,7.2974,5.4470,4.6679,27.4718,23.5288,54.8281,544.4844,198.2196,24.0544,20.0044,8.2834,13.8889,5.3850,5.0664,20.1598,9.8294,10.3304,10.1150,Marc Gatcomb,F,9.9308,3.0000,9.0000,2.0000,8.0000,6.0000,15.0000,0.1845,7.8958,3.9430
8479324,SEA,1006.5420,13.4961,269.5755,49.3583,129.2923,3.3477,2.5992,7.4539,54.6415,94.1799,68.6875,1289.6136,53.8500,101.6860,60.9665,13.3969,42.5787,17.4893,12.3803,0.6356,0.3207,0.3150,10.0531,Ryan Lindgren,D,18.7751,1.0000,5.0000,4.0000,11.0000,6.0000,14.0000,0.1464,5.2659,-39.5385
8480813,NYR,604.8638,11.0468,129.2848,54.1618,95.0293,5.6911,4.5477,5.4820,31.0736,44.2655,65.0781,745.1954,133.2124,29.0937,28.0802,10.2601,17.1246,6.5490,7.8953,459.2363,221.1786,238.0577,10.0296,Joseph Veleno,F,11.4508,2.0000,8.0000,3.0000,9.0000,6.0000,14.0000,0.1541,8.3964,-13.1919
8481477,MIN,483.3626,9.0965,88.0087,44.6061,84.5328,5.7262,4.3574,5.6622,28.0585,32.1749,52.7969,580.4678,67.7967,22.7011,23.2361,8.4158,14.3114,5.6247,5.3248,359.8032,206.2304,153.5728,10.0197,Nico Sturm,F,10.9944,2.0000,7.0000,3.0000,9.0000,6.0000,14.0000,0.1898,9.7687,-4.1164
8479346,STL,428.2581,23.1038,60.9690,58.7256,98.9801,5.8553,4.7259,5.1760,24.4335,28.5320,56.2812,512.3309,39.0447,17.2638,23.3512,6.7423,10.6608,4.9670,6.4204,150.6872,76.6311,74.0561,9.9019,Dillon Dube,F,9.1030,2.0000,8.0000,2.0000,8.0000,6.0000,14.0000,0.1759,8.0475,-4.0984
8476879,LAK,1009.8264,11.0258,220.2039,55.7988,146.1998,2.9241,2.1916,7.6873,59.9583,78.4068,70.7188,1241.0560,38.6299,92.6676,47.9027,13.8274,15.5401,7.9117,4.2444,0.0000,0.0000,0.0000,9.8789,Cody Ceci,D,17.5492,0.0000,4.0000,4.0000,11.0000,6.0000,14.0000,0.1397,3.9277,-18.4485
8482877,NYR,535.4075,13.3777,16.8794,54.7246,86.7222,6.0362,4.1311,5.7389,23.9215,26.3179,54.7500,565.6647,106.5128,25.1561,22.1137,10.2272,21.0833,6.3279,10.2168,18.8508,8.8555,9.9953,9.8700,Jaroslav Chmelar,F,10.3318,2.0000,7.0000,3.0000,9.0000,6.0000,14.0000,0.1803,7.5489,-2.3964
8477365,BOS,819.6588,21.2450,155.2637,49.7187,125.5057,3.1689,2.6255,7.1754,47.7987,61.1407,56.5938,996.1675,175.7854,87.8155,50.6435,17.3848,49.7088,15.5618,6.4469,0.0015,0.0007,0.0008,9.8009,Connor Clifton,D,17.6021,1.0000,5.0000,4.0000,11.0000,6.0000,14.0000,0.1732,5.2808,-13.3420
8482666,NYR,559.7125,46.0123,12.9848,39.9324,112.7464,2.1389,1.9117,7.8853,29.3200,28.4203,41.6094,618.7097,14.9346,41.2071,34.4838,8.4536,6.7099,3.9546,3.1307,0.0028,0.0014,0.0015,9.7970,Scott Morrow,D,14.8695,0.0000,4.0000,4.0000,12.0000,6.0000,14.0000,0.2355,4.7873,0.8998
8481517,SJS,482.0066,32.2960,30.2597,50.8207,94.6995,5.1837,4.3047,5.4706,26.5576,28.1058,58.6875,544.5623,49.2729,25.7877,21.9232,6.7925,12.3325,5.8205,4.5652,46.5527,21.2887,25.2640,9.7753,Brett Leason,F,9.2790,2.0000,7.0000,3.0000,9.0000,6.0000,14.0000,0.1666,8.4704,-1.5482
8483429,NJD,461.8611,20.1658,13.6732,38.9812,80.0646,1.7753,1.7509,8.0139,26.0026,23.5716,33.6719,495.7002,19.3108,30.0345,29.2182,7.6057,6.9324,3.9102,3.6128,0.0064,0.0032,0.0032,9.7648,Seamus Casey,D,14.7215,0.0000,3.0000,4.9000,12.0000,6.0000,14.0000,0.2900,4.4917,2.4311
8482731,ANA,670.6875,13.2478,67.0723,56.8341,120.8468,2.0402,2.3142,7.4314,35.6039,43.6553,46.5625,751.0075,44.4571,57.6523,39.0762,10.4753,19.2308,8.0921,5.4085,0.0087,0.0044,0.0043,9.7455,Tyson Hinds,D,16.1290,0.0000,4.0000,4.0000,11.0000,6.0000,14.0000,0.2093,4.0718,-8.0515
8479520,TOR,589.4519,11.2901,67.3844,51.1036,96.0985,6.2496,4.8015,4.9305,27.8632,40.6134,64.6562,668.1265,114.3008,34.9876,25.9411,8.1389,55.8654,9.7791,10.0297,22.6963,9.9692,12.7271,9.7320,Brandon Duhaime,F,10.3335,2.0000,8.0000,2.0000,8.0000,6.0000,14.0000,0.1505,9.3955,-12.7501
8476372,PHI,913.6676,18.1882,150.0522,65.8769,172.2552,3.5797,2.7900,6.9343,48.8410,59.9822,65.0156,1081.9080,93.2388,125.0613,54.9790,12.4347,40.2127,11.4322,8.8392,0.0000,0.0000,0.0000,9.7244,Nick Seeler,D,16.6407,1.0000,5.0000,4.0000,10.0000,6.0000,14.0000,0.1496,4.2352,-11.1412
8481527,PIT,809.6257,19.6521,35.3442,43.0549,100.0718,1.7127,1.5307,8.1616,39.6166,45.7790,58.5156,864.6219,70.4710,61.9559,55.4886,9.0310,14.7519,7.4300,4.4269,0.0017,0.0009,0.0009,9.6922,Kaedan Korczak,D,14.7759,0.0000,3.0000,5.0000,12.0000,6.0000,14.0000,0.1656,3.5551,-6.1624
8481593,MTL,711.4917,12.9062,29.8555,34.2776,79.3730,2.1650,1.7922,7.8820,36.3609,36.3304,50.2656,754.2534,97.7927,38.8051,43.4789,14.2994,48.0899,12.7192,6.1623,0.0014,0.0007,0.0007,9.6742,Jayden Struble,D,15.0054,0.0000,4.0000,4.0000,12.0000,6.0000,14.0000,0.1925,5.2286,0.0304
8483425,DAL,820.7034,13.8996,82.9440,47.4779,122.5079,2.4380,2.2889,7.3595,43.8609,44.7609,55.4375,917.5470,172.9897,49.9451,43.0804,12.8212,51.7267,19.7869,9.8147,0.0014,0.0007,0.0007,9.6484,Lian Bichsel,D,16.5510,0.0000,4.0000,4.0000,11.0000,6.0000,14.0000,0.1740,4.8209,-0.9000
8482126,CBJ,695.1711,28.1064,45.0142,36.4059,96.9879,2.5318,2.3465,7.2922,40.4885,35.9906,54.3594,768.2917,51.8699,49.4255,39.6759,9.4846,18.2405,8.6753,6.5753,1.9553,0.9898,0.9655,9.6387,Emil Andrae,D,14.1336,1.0000,4.0000,4.0000,11.0000,6.0000,14.0000,0.1773,6.4454,4.4978
8480084,UTA,740.8853,8.9733,35.7987,44.7007,96.5376,2.7866,2.2418,7.3746,35.9451,37.1701,56.9844,785.6572,28.9371,47.4236,44.9317,8.8216,10.3392,5.5376,3.3940,0.0012,0.0006,0.0006,9.6164,Nick DeSimone,D,13.7872,0.0000,4.0000,4.0000,11.0000,6.0000,14.0000,0.1688,5.0152,-1.2250
8478888,DAL,289.1631,7.5228,17.8519,33.7511,55.7175,4.1525,3.3107,6.1723,15.3091,14.5343,34.8125,314.5378,31.1586,11.3501,15.3379,4.9251,8.5387,3.3047,4.2620,96.8213,47.3893,49.4321,9.4829,Cameron Hughes,F,9.0352,1.0000,6.0000,3.0000,9.0000,6.0000,13.0000,0.2724,9.8091,0.7748
8480990,NJD,608.8006,17.4597,23.0750,39.8306,94.2308,1.7511,1.4508,7.7692,33.0924,30.8583,48.3125,649.3353,18.2517,40.3930,41.6841,10.4478,11.0733,4.4447,2.8690,0.0012,0.0006,0.0006,9.2200,Declan Chisholm,D,13.4403,0.0000,3.0000,4.0000,12.0000,5.0000,13.0000,0.1908,3.6424,2.2341
8482896,BUF,460.1648,9.1992,59.4312,37.3788,62.4228,4.1723,3.4833,5.7021,24.9077,28.3693,50.9062,528.7952,107.7667,31.6449,27.2823,9.4813,5.7692,3.2926,5.4827,317.5008,157.2508,160.2501,9.1854,Tyson Kozak,F,10.3876,1.0000,6.0000,3.0000,9.0000,5.0000,13.0000,0.1804,9.3189,-3.4616
8481607,DET,774.0541,17.4487,76.4501,47.1709,105.1477,2.6971,2.3219,6.8410,38.1144,47.3644,60.7500,867.9529,41.6371,62.8166,41.3030,13.4345,18.7246,7.4485,8.6636,0.0015,0.0007,0.0007,9.1629,Albert Johansson,D,14.2873,0.0000,4.0000,4.0000,10.0000,5.0000,13.0000,0.1508,4.9223,-9.2499
8483766,MIN,365.1194,13.7762,20.6973,19.3203,41.4851,0.8884,1.8503,7.2810,20.2956,18.4543,34.3281,399.5929,19.6293,28.4530,20.6756,5.5856,10.0131,4.1544,2.6520,0.0089,0.0046,0.0044,9.1313,David Spacek,D,11.6404,0.0000,4.0000,4.0000,11.0000,5.0000,13.0000,0.2660,9.5769,1.8412
8482125,VGK,331.4161,13.3129,7.8898,37.2471,76.2337,5.5454,4.2585,4.7772,17.7247,15.4159,33.0312,352.6187,24.8714,9.4214,19.1190,3.1089,6.9901,3.3916,2.6681,11.5018,5.2281,6.2737,9.0357,Alexander Holtz,F,10.6753,2.0000,7.0000,2.0000,8.0000,5.0000,13.0000,0.2736,11.4332,2.3088
8482107,FLA,532.9885,30.3996,19.7275,33.0322,84.0578,2.7991,2.1032,6.7983,30.6073,27.1139,34.4219,583.1155,10.3843,36.4321,31.6437,8.7477,8.7390,4.7096,2.8884,0.0027,0.0014,0.0014,8.9015,Mike Benning,D,16.9403,0.0000,4.0000,4.0000,10.0000,5.0000,13.0000,0.2586,6.3670,3.4934
8476422,CAR,544.6921,12.8573,36.0251,58.2919,123.4319,2.1224,1.6101,7.2653,31.4822,28.5396,44.1562,593.5745,16.8951,34.6796,27.7071,6.3720,17.6104,8.3397,4.5033,0.0009,0.0005,0.0005,8.8754,Mike Reilly,D,13.4426,0.0000,3.0000,4.0000,11.0000,5.0000,13.0000,0.2010,2.7622,2.9426
8482166,EDM,772.0703,10.1941,101.1227,54.6389,120.4502,2.5340,2.3736,6.4370,41.0338,45.3110,49.3125,883.3870,36.8269,67.6336,54.7273,9.1799,21.4869,10.2031,5.7759,0.0017,0.0008,0.0009,8.8106,Shakir Mukhamadullin,D,17.9141,1.0000,5.0000,3.0000,10.0000,5.0000,13.0000,0.1787,4.3442,-4.2772
8484859,ANA,539.5268,24.7108,53.7521,37.8923,80.5720,1.5899,2.4768,6.2640,30.5714,36.3949,36.0000,617.9897,31.9346,35.7898,33.4734,7.8526,18.8477,7.1934,4.8069,0.0000,0.0000,0.0000,8.7408,Stian Solberg,D,17.1664,1.0000,5.0000,3.0000,10.0000,5.0000,13.0000,0.2428,6.5364,-5.8235
8482451,CBJ,410.6917,10.3178,30.2937,41.9960,80.6538,4.1561,3.5960,5.1443,23.4027,21.4582,42.5938,451.3032,19.9950,22.6494,19.8054,7.0554,5.6932,3.0666,3.9707,7.3157,3.6766,3.6390,8.7403,Mikael Pyyhtia,F,10.5955,1.0000,6.0000,2.0000,8.0000,5.0000,13.0000,0.2052,8.5627,1.9444
8477406,EDM,450.0074,8.4845,62.8771,31.9102,61.8289,4.1587,3.2806,5.3533,24.3755,27.2670,56.3281,521.3690,18.4730,14.6696,20.9929,7.5129,18.8909,6.2755,6.9290,72.5035,32.4176,40.0859,8.6340,Mattias Janmark,F,9.2559,1.0000,6.0000,3.0000,8.0000,5.0000,13.0000,0.1533,10.2808,-2.8915
8480007,VGK,435.5612,7.5577,38.5011,53.7532,90.3645,5.3942,3.7938,4.8286,23.1621,23.3306,45.7969,481.6200,15.5371,15.0715,18.4204,8.8072,5.3636,3.2068,4.9470,13.9457,6.8654,7.0803,8.6224,Jonas Rondbjerg,F,10.5164,1.0000,6.0000,2.0000,8.0000,5.0000,13.0000,0.1883,7.0578,-0.1685
8484428,CAR,515.4119,7.3431,71.4071,39.3112,91.8213,1.8395,2.1312,6.4752,30.6422,31.5678,40.7500,594.1621,41.9498,39.5425,33.9435,11.6218,32.7680,9.0709,4.5493,0.0038,0.0019,0.0019,8.6064,Charles Alexis Legault,D,14.5807,0.0000,4.0000,3.0000,10.0000,5.0000,13.0000,0.2112,5.4214,-0.9257
8475462,FLA,670.0717,10.5600,85.3819,45.5087,109.3492,2.0868,1.7624,6.8281,36.6881,40.7567,58.1562,766.0136,121.1948,73.2207,42.3733,7.3793,55.3764,15.6267,8.0202,0.0012,0.0006,0.0006,8.5904,Radko Gudas,D,13.1716,0.0000,4.0000,4.0000,10.0000,5.0000,13.0000,0.1477,3.8726,-4.0685
8486169,PIT,540.2445,56.6517,27.8198,35.7406,78.0121,1.7992,1.7122,6.8674,32.4416,33.0762,30.9062,624.7160,20.0097,42.6452,32.1354,8.6877,15.3972,6.4523,4.1273,0.0179,0.0089,0.0089,8.5796,Jake Livanavage,D,20.2133,0.0000,3.0000,4.0000,10.0000,5.0000,12.0000,0.2776,4.7907,-0.6346
8482144,VAN,588.0041,22.6333,47.8018,51.8469,114.8062,2.2690,2.0322,6.5248,26.2113,40.0327,41.7031,658.4391,18.2860,54.7163,38.0808,9.5353,15.2582,6.9421,3.0222,0.0057,0.0028,0.0028,8.5570,Jack Thompson,D,15.7887,0.0000,4.0000,3.0000,10.0000,5.0000,12.0000,0.2052,3.9197,-13.8214
8484938,DAL,332.9698,5.5395,71.9912,42.1246,69.8487,4.9946,3.9692,4.5698,19.1269,23.1311,35.8125,410.5005,51.0286,12.9561,19.8887,6.8020,6.9327,3.4667,4.9732,284.0698,153.4082,130.6617,8.5390,Arttu Hyry,F,11.4625,2.0000,7.0000,2.0000,7.0000,5.0000,12.0000,0.2384,9.4226,-4.0042
8485400,ANA,237.0434,20.4311,15.4987,34.0516,55.4347,3.0609,3.6660,4.8701,14.4538,15.1371,24.3750,272.9731,24.1822,9.5140,14.6864,4.3812,9.0158,3.2470,3.8785,99.0205,45.1769,53.8437,8.5361,Roger McQueen,F,11.1989,1.0000,6.0000,2.0000,8.0000,5.0000,13.0000,0.3502,10.7660,-0.6833
8483017,BOS,415.8291,41.2050,27.9551,36.0139,71.6690,2.0796,2.1334,6.3429,26.1547,25.2591,33.7031,484.9892,25.2130,36.5407,24.7482,7.3177,12.6364,5.1215,3.2607,0.0156,0.0077,0.0079,8.4763,Frederic Brunet,D,14.3900,0.0000,4.0000,3.0000,10.0000,5.0000,12.0000,0.2515,5.9239,0.8956
8479372,SEA,726.1705,10.2761,111.6769,41.6783,96.7267,2.2814,1.8118,6.5963,35.8781,54.4298,50.1094,848.1235,67.7622,60.9009,36.8128,8.7965,29.3988,11.2956,5.5015,0.0014,0.0007,0.0007,8.4081,Josh Mahura,D,16.9254,0.0000,4.0000,3.0000,10.0000,5.0000,12.0000,0.1678,4.3472,-18.5517
8480025,FLA,406.7674,7.4250,28.3826,36.5649,66.8213,4.3377,3.4136,4.8940,21.3985,21.6190,43.7344,442.5750,74.2995,15.9120,18.1861,7.7974,23.0279,5.5285,5.6119,147.1115,69.2921,77.8195,8.3077,MacKenzie Entwistle,F,10.1196,1.0000,6.0000,2.0000,8.0000,5.0000,12.0000,0.1900,9.3358,-0.2205
8477903,FLA,522.3760,18.3908,61.4338,39.0900,72.3468,5.3373,3.8742,4.3460,30.0206,31.4973,59.0312,602.2006,201.8075,40.6064,25.8334,7.3187,55.3432,13.2454,16.3467,19.4571,9.9152,9.5418,8.2202,Garnet Hathaway,F,10.2014,1.0000,7.0000,2.0000,7.0000,5.0000,12.0000,0.1393,9.9110,-1.4767
8477527,STL,435.1195,16.0658,10.4588,33.4049,63.5185,3.7145,2.9330,5.2805,21.7855,21.0477,46.2656,461.6440,139.7712,15.9360,22.7829,5.4774,79.2512,10.6201,5.4020,8.6202,4.3063,4.3139,8.2135,Ross Johnston,F,9.9781,1.0000,5.0000,2.0000,8.0000,5.0000,12.0000,0.1775,8.7803,0.7378
8480876,SEA,398.1486,22.1187,17.9172,42.6754,77.4410,5.2301,4.0768,4.1134,19.7532,23.4704,47.4375,438.1844,88.5322,16.0127,23.2632,7.6522,101.5500,7.8859,5.6847,43.3909,21.9144,21.4764,8.1902,Curtis Douglas,F,9.2371,2.0000,7.0000,2.0000,7.0000,5.0000,12.0000,0.1727,9.5531,-3.7172
8482153,NYR,316.5865,16.9403,4.4293,34.2027,63.4633,3.8119,3.2930,4.8855,15.1270,15.3271,32.9219,337.9561,23.8670,9.5754,15.1968,5.4800,5.5526,2.8084,3.6099,85.1462,41.2825,43.8637,8.1785,Brendan Brisson,F,10.2654,1.0000,6.0000,2.0000,8.0000,4.0000,12.0000,0.2484,9.6278,-0.2002
8479639,VGK,557.6264,17.5832,28.4907,65.2114,136.7225,3.0193,2.3138,5.6764,30.0903,27.6441,43.8750,603.7003,32.4378,43.9061,32.3473,8.3291,20.4091,7.7857,3.5649,0.0070,0.0035,0.0035,7.9903,Dylan Coghlan,D,13.7596,1.0000,4.0000,3.0000,9.0000,4.0000,12.0000,0.1821,3.5482,2.4462
8480851,VAN,393.5260,13.8791,14.4666,38.3825,68.6143,4.0525,3.5906,4.3185,16.7225,23.9584,40.9688,421.8717,59.6126,15.4342,17.1906,5.9273,12.8530,3.9565,5.7550,122.2328,60.5874,61.6454,7.9091,Akil Thomas,F,10.2974,1.0000,6.0000,2.0000,7.0000,4.0000,12.0000,0.1931,9.3548,-7.2359
8482806,NSH,499.7628,28.0173,42.4676,34.4481,71.4075,1.5569,2.0923,5.8103,26.8201,31.0238,38.8906,570.2477,29.4676,33.0249,30.8875,7.2459,17.3916,6.6377,4.4356,0.0000,0.0000,0.0000,7.9026,William Trudeau,D,14.6629,0.0000,4.0000,3.0000,9.0000,4.0000,12.0000,0.2032,6.0738,-4.2036
8482169,PHI,493.1974,13.3152,20.9861,32.7833,76.1198,1.6130,1.8792,5.9106,24.0738,24.5828,39.5625,527.4987,24.4126,35.9675,29.1979,7.8413,14.3814,5.8218,3.3276,0.0141,0.0070,0.0071,7.7899,Helge Grans,D,13.3333,0.0000,4.0000,3.0000,9.0000,4.0000,12.0000,0.1969,5.7322,-0.5090
8482953,COL,198.5117,5.6694,6.0337,22.6036,40.7729,2.0223,3.9223,3.8590,11.2634,9.3369,30.1250,210.2148,36.4197,6.3156,9.4691,3.3393,7.6627,2.7079,2.4427,8.5624,4.2738,4.2886,7.7813,Taylor Makar,F,6.9781,1.0000,6.0000,1.0000,7.0000,4.0000,11.0000,0.2583,17.3525,1.9265
8481726,NSH,458.8059,12.8996,14.6900,46.1719,75.8802,5.3966,4.3048,3.4163,21.8379,24.4261,53.8594,486.3955,93.1642,25.4198,24.6748,7.4532,16.9266,4.7351,6.6393,40.6995,18.7350,21.9645,7.7211,Adam Edstrom,F,9.0308,2.0000,7.0000,1.0000,6.0000,4.0000,11.1000,0.1434,9.3235,-2.5882
8482167,WSH,243.3927,11.4750,7.7079,26.1203,44.2330,2.4882,3.3920,4.2819,12.7041,12.8484,26.5625,262.5756,18.2980,9.4952,12.8220,4.4774,7.1565,2.7632,3.2467,18.9358,9.3471,9.5887,7.6739,Bogdan Trineyev,F,9.8852,1.0000,6.0000,2.0000,7.0000,4.0000,11.0000,0.2889,12.9862,-0.1443
8482171,DET,460.4940,29.3416,45.8250,31.7997,65.9116,1.4697,1.4664,6.1813,25.0382,29.7455,37.1250,535.6606,27.6803,31.0219,29.0141,6.8065,16.3368,6.2351,4.1665,0.0000,0.0000,0.0000,7.6477,William Wallinder,D,14.4286,0.0000,3.0000,3.0000,10.0000,4.0000,11.0000,0.2060,4.6115,-4.7073
8483513,NSH,475.9430,11.6210,17.5153,49.1096,87.8778,4.9587,3.5769,3.9927,22.5361,25.5974,58.0469,505.0793,113.3120,25.5478,23.1983,7.1460,17.7931,6.0576,6.9061,11.8480,5.5395,6.3085,7.5697,Reid Schaefer,F,8.7012,1.0000,6.0000,2.0000,7.0000,4.0000,11.0000,0.1304,7.2836,-3.0613
8478454,COL,646.0854,10.8833,78.5788,31.0120,86.5194,1.5818,1.3070,6.2353,38.0292,38.1573,52.9688,735.5475,105.5082,56.2363,44.9469,10.3369,20.8552,8.3276,5.8979,0.0011,0.0005,0.0005,7.5424,Noah Juulsen,D,13.8864,0.0000,3.0000,3.0000,10.0000,4.0000,11.0000,0.1424,4.2146,-0.1281
8481030,WPG,566.2754,9.3268,61.5241,31.0135,76.4198,1.5366,1.2668,6.2423,27.5107,34.0137,42.4844,637.1263,81.4056,45.5503,34.4314,9.7958,20.1417,7.5999,3.7909,0.0025,0.0013,0.0012,7.5091,Jack St. Ivany,D,14.9967,0.0000,3.0000,3.0000,10.0000,4.0000,11.0000,0.1768,4.0848,-6.5030
8484146,DAL,434.5664,18.8322,26.1714,29.9509,63.1101,1.3565,1.6880,5.7625,23.7995,22.4700,29.7188,479.5701,24.7818,27.7735,25.9759,6.0937,14.6261,5.5822,3.7303,0.0000,0.0000,0.0000,7.4505,Tristan Bertucci,D,16.1370,0.0000,3.0000,3.0000,9.0000,4.0000,11.0000,0.2507,5.6360,1.3295
8482700,SJS,615.6583,17.3089,81.0602,27.4118,77.8632,1.7154,1.4307,5.9634,32.7262,41.0166,45.7656,714.0274,57.1139,49.4880,30.7984,9.1657,19.7976,8.6731,3.0370,0.0047,0.0024,0.0023,7.3941,Nolan Allan,D,15.6018,0.0000,3.0000,3.0000,9.0000,4.0000,11.0000,0.1616,5.2193,-8.2904
8479066,CBJ,317.6281,12.1850,7.9155,37.0416,66.7949,4.3071,3.5089,3.8751,17.6820,14.8555,33.8438,337.7286,72.8458,10.1167,12.5624,4.2841,31.9812,5.7875,5.1903,9.3599,4.4794,4.8805,7.3840,Ryan Lomberg,F,9.9791,1.0000,6.0000,2.0000,7.0000,4.0000,11.0000,0.2182,9.4727,2.8265
8482859,SJS,354.4740,9.0585,100.3862,37.5645,64.0757,4.2999,3.3357,4.0281,21.0715,31.4129,41.4844,463.9186,100.8149,19.3879,18.5799,7.1559,33.0016,7.0392,8.0018,319.0607,164.7511,154.3096,7.3638,Zack Ostapchuk,F,11.1830,1.0000,6.0000,2.0000,7.0000,4.0000,11.0000,0.1775,8.8799,-10.3414
8483395,VAN,358.1112,12.7381,9.7593,31.7284,55.6534,3.5358,2.7502,4.5951,15.0417,21.2744,38.0156,380.6086,36.1439,11.2565,17.0037,6.2978,13.1418,5.4433,3.7084,21.1873,9.9787,11.2086,7.3452,Arshdeep Bains,F,10.0119,1.0000,5.0000,2.0000,7.0000,4.0000,11.0000,0.1932,8.6678,-6.2328
8477952,MIN,314.8217,11.1060,9.3342,36.5322,58.1013,4.2134,3.0656,4.2789,17.0618,14.5971,31.8281,335.2619,37.8589,11.5699,15.2555,4.7451,12.3835,5.0071,3.9544,44.5039,22.5954,21.9085,7.3445,Robby Fabbri,F,10.5335,1.0000,5.0000,2.0000,7.0000,4.0000,11.0000,0.2308,8.3915,2.4647
8480950,NSH,732.5206,13.4631,108.0797,37.2852,75.9920,1.7954,1.4559,5.8684,37.2511,49.8340,55.3594,854.0633,62.1858,82.8641,52.1263,11.3505,31.6317,12.4594,5.2952,0.0015,0.0007,0.0007,7.3242,Ilya Lyubushkin,D,15.4276,0.0000,3.0000,3.0000,9.0000,4.0000,11.0000,0.1323,3.9047,-12.5829
8477070,UTA,443.0785,8.8460,13.9767,44.0867,88.6133,5.5977,4.0535,3.2471,21.6489,21.2767,51.1094,465.9012,145.4132,17.7182,18.6912,4.8423,73.1923,7.9793,5.3315,26.0036,12.6848,13.3188,7.3007,Liam O'Brien,F,9.1158,2.0000,7.0000,1.0000,6.0000,4.0000,11.0000,0.1428,9.1945,0.3722
8482103,NSH,406.0531,8.8244,37.3980,31.4249,65.4756,3.7731,2.8447,4.4381,19.9452,24.9114,47.6406,452.2755,103.7324,17.6915,19.4946,7.2055,30.2414,9.0485,7.9269,27.3822,13.1178,14.2644,7.2828,Ozzy Wiesblatt,F,9.4935,1.0000,5.0000,2.0000,7.0000,4.0000,11.0000,0.1529,9.0524,-4.9662
8484230,STL,271.9613,7.3624,54.5148,30.4732,53.9700,3.7516,3.1912,4.0714,15.3923,19.9282,25.9844,333.8385,36.4390,11.2587,14.2950,4.7889,5.7860,2.0092,3.0207,23.5268,11.4202,12.1067,7.2626,Otto Stenberg,F,12.8477,1.0000,6.0000,2.0000,7.0000,4.0000,11.0000,0.2795,10.4723,-4.5360
8485691,DAL,208.3147,14.2685,9.0788,28.4940,45.6832,2.6870,2.9281,4.3015,11.9544,10.5822,21.5938,231.6621,20.5226,8.0742,12.4638,3.7182,7.6514,2.7556,3.2915,75.4943,32.9727,42.5216,7.2296,Jaxon Fuder,F,10.7282,1.0000,5.0000,2.0000,7.0000,4.0000,11.0000,0.3348,10.2762,1.3723
8476994,COL,258.0093,22.7276,5.1869,31.1454,48.9542,3.6932,2.8782,4.3438,16.7056,12.5100,23.1406,285.9237,18.3549,9.6247,16.6732,5.9262,9.6785,3.1838,3.7404,20.1522,9.9484,10.2038,7.2220,Vinnie Hinostroza,F,12.3559,1.0000,5.0000,2.0000,7.0000,4.0000,11.0000,0.3121,9.2413,4.1956
8483669,NYR,243.8677,4.5676,9.4522,27.9445,45.1669,2.8659,3.0389,4.1659,10.8066,12.1209,25.1562,257.8875,36.3587,11.4339,11.5538,4.1683,8.7935,2.2939,3.3929,11.7441,5.6643,6.0798,7.2048,Adam Sykora,F,10.2514,1.0000,5.0000,2.0000,7.0000,4.0000,11.0000,0.2864,10.8747,-1.3143
8483678,VAN,745.8104,11.5346,114.2306,43.6769,102.0013,1.9524,1.6718,5.4431,33.2118,58.4131,55.8125,871.5756,109.4234,65.2810,54.0420,10.9310,35.4993,11.1344,11.9232,0.0015,0.0008,0.0007,7.1150,Elias Pettersson,D,15.6161,0.0000,3.0000,3.0000,8.0000,4.0000,11.0000,0.1275,3.8277,-25.2014
8475179,FLA,745.2375,7.5529,132.8534,40.2449,96.7440,2.1684,1.6917,5.3287,41.7044,50.1729,50.2344,885.6439,64.6963,47.9827,50.5717,14.6412,30.4706,11.2728,7.8350,0.0014,0.0007,0.0007,7.0204,Dmitry Kulikov,D,17.6302,0.0000,3.0000,2.0000,9.0000,4.0000,11.0000,0.1398,4.2035,-8.4685
8484203,CAR,182.2942,12.4009,5.8846,24.0643,43.9652,3.1564,3.3198,3.6709,11.3379,9.1825,16.6406,200.5796,23.8452,6.6696,9.5603,2.5711,4.1162,1.8911,2.3869,5.8430,2.8145,3.0284,6.9907,Bradly Nadeau,F,12.0536,1.0000,6.0000,1.0000,6.0000,4.0000,10.0000,0.4201,13.7956,2.1554
8476952,CHI,352.3896,8.6163,12.7885,32.1126,57.9791,3.3520,2.7710,4.1843,15.2071,20.2862,40.7344,373.7945,51.8602,12.7950,17.3877,6.0137,14.2142,5.4051,4.6045,212.1069,113.3383,98.7687,6.9553,Dominic Toninato,F,9.1764,1.0000,5.0000,2.0000,7.0000,4.0000,11.0000,0.1707,8.6290,-5.0791
8480291,CAR,353.0542,8.2748,64.8761,37.3785,74.4437,4.2750,3.4344,3.5044,22.0270,23.7824,33.3438,426.2050,32.1344,12.2712,21.4651,6.1430,14.6465,5.3190,4.8950,263.8331,133.7811,130.0519,6.9388,Skyler Brind'Amour,F,12.7822,1.0000,6.0000,1.0000,6.0000,4.0000,10.0000,0.2081,9.1882,-1.7554
8482470,PIT,489.7549,8.0891,25.3087,31.5713,75.4988,1.1730,0.9347,6.0026,23.5470,28.2957,34.8438,523.1526,46.7637,41.6072,26.5962,7.2317,17.8421,7.6572,2.8616,0.0021,0.0011,0.0011,6.9373,Ilya Solovyov,D,15.0142,0.0000,2.0000,3.0000,9.0000,4.0000,10.0000,0.1991,2.9606,-4.7488
8481732,LAK,314.3629,6.6462,10.4348,35.2099,62.5207,3.4754,2.7570,4.1782,16.5420,15.8898,37.0938,331.4440,61.9209,12.5231,15.5834,6.3698,12.9396,3.7718,4.4137,8.2612,4.2009,4.0603,6.9352,Andre Lee,F,8.9353,1.0000,5.0000,2.0000,7.0000,4.0000,11.0000,0.1870,7.8302,0.6521
8482094,MIN,474.7106,18.8805,53.2328,32.7036,65.9496,1.7420,1.2675,5.6101,27.6126,27.6430,43.5625,546.8239,28.1833,49.6899,24.7675,6.1563,8.8194,4.5660,4.2643,0.0016,0.0008,0.0008,6.8776,Daemon Hunt,D,12.5526,0.0000,3.0000,3.0000,9.0000,4.0000,10.0000,0.1579,3.8756,-0.0304
8480808,ANA,513.7908,23.4971,55.0811,36.1085,76.8335,1.5198,1.3186,5.5271,29.3539,35.0249,36.1250,592.3690,30.6107,34.3061,32.0857,7.5270,18.0663,6.8952,4.6076,0.0000,0.0000,0.0000,6.8457,Jett Woo,D,16.3978,0.0000,3.0000,3.0000,9.0000,4.0000,10.0000,0.1895,3.6517,-5.6709
8475690,TOR,648.8250,5.6892,122.7029,27.8283,58.1121,1.1459,0.9651,5.8155,31.8754,51.0640,41.6719,777.2170,12.2425,81.5378,38.2831,8.9898,12.9186,6.4470,5.0092,0.0010,0.0005,0.0005,6.7806,Chris Tanev,D,18.6509,0.0000,2.0000,3.0000,9.0000,3.0000,10.0000,0.1627,3.4681,-19.1886
8484386,UTA,860.5723,12.2781,34.8855,52.3335,100.6981,2.1271,1.6531,5.1236,41.6934,42.4063,66.4219,907.7359,31.5211,61.7956,54.1601,8.9836,41.5380,9.2725,4.8019,0.0027,0.0013,0.0014,6.7768,Dmitri Simashev,D,13.6662,0.0000,3.0000,2.0000,8.0000,4.0000,10.0000,0.1020,3.1588,-0.7129
8482072,NSH,535.1994,17.4439,17.0260,37.5636,77.9097,1.7986,1.4807,5.2945,25.8232,28.7329,42.3438,569.6693,29.0484,36.1246,29.8212,6.7648,15.3640,6.4097,3.2746,0.0049,0.0024,0.0025,6.7751,Jack Ahcan,D,13.4534,0.0000,3.0000,3.0000,8.0000,4.0000,10.0000,0.1600,3.9417,-2.9098
8484380,FLA,334.4740,19.5440,11.7396,37.5464,65.6314,4.0047,3.1471,3.6168,19.2461,16.9886,30.7031,365.7577,22.7264,14.9589,17.2113,5.5516,14.9223,4.9511,4.8225,82.9528,40.9795,41.9732,6.7639,Wilmer Skoog,F,11.9127,1.0000,6.0000,1.0000,6.0000,4.0000,10.0000,0.2203,8.3818,2.2575
8483768,VAN,564.7988,14.7960,32.7947,31.9210,73.1055,1.2658,1.0704,5.6331,23.5637,36.5466,42.9219,612.3895,47.5388,46.3875,31.3503,5.7677,14.5340,5.5370,2.9303,0.0021,0.0011,0.0010,6.7034,Victor Mancini,D,14.2675,0.0000,2.0000,3.0000,9.0000,4.0000,10.0000,0.1562,3.3532,-12.9829
8483526,WPG,209.1247,7.4928,18.2521,25.4419,40.1498,2.1898,3.0279,3.6679,10.5330,12.1974,26.8906,234.8696,22.3929,9.0750,11.0447,3.5626,5.7692,2.3675,2.8216,145.4893,70.5600,74.9292,6.6958,Danil Zhilkin,F,8.7343,1.0000,5.0000,1.0000,6.0000,3.0000,10.0000,0.2490,11.9012,-1.6644
8482866,SEA,488.5284,35.4476,32.2921,37.8992,85.8999,1.6676,1.4253,5.1540,25.8593,31.0149,32.7656,556.2681,37.8698,38.9026,28.3854,7.8916,14.4926,5.8742,3.7400,0.0191,0.0097,0.0094,6.5793,Ville Ottavainen,D,16.9772,0.0000,3.0000,2.0000,8.0000,3.0000,10.0000,0.2008,3.7608,-5.1555
8483696,NSH,218.9465,19.0568,8.4755,29.1871,44.6717,2.4983,2.8979,3.6451,12.2864,12.5534,20.6406,246.4788,24.6245,7.9358,12.6152,4.2596,7.0222,2.6398,3.0835,16.4874,8.0796,8.4078,6.5431,Cole O'Hara,F,11.9414,1.0000,5.0000,1.0000,6.0000,3.0000,10.0000,0.3170,9.9288,-0.2670
8484790,STL,282.6125,22.3712,23.8131,21.3018,45.5731,0.9722,1.7207,4.7659,16.1748,16.9496,22.6406,328.7968,16.9906,19.0417,17.8093,4.1779,10.0278,3.8272,2.5575,0.0000,0.0000,0.0000,6.4865,Adam Jiricek,D,14.5224,0.0000,3.0000,2.0000,8.0000,3.0000,10.0000,0.2865,8.0777,-0.7748
8483497,SEA,230.0287,24.0541,5.3050,31.2676,56.3796,3.9456,3.0498,3.4297,12.4557,13.3522,25.0000,259.3877,20.1047,7.5348,11.7628,3.2030,6.3805,2.8360,3.9721,6.2936,3.1653,3.1283,6.4794,Jani Nyman,F,10.3755,1.0000,5.0000,1.0000,6.0000,3.0000,10.0000,0.2592,9.7538,-0.8964
8481056,EDM,770.3229,9.1701,65.9315,40.7732,86.4364,1.7159,1.4429,4.8434,38.9568,40.6227,56.2031,845.4245,12.2107,54.4284,49.4249,13.4197,15.2458,7.5990,6.0673,0.0016,0.0008,0.0008,6.2863,Spencer Stastney,D,15.0423,0.0000,3.0000,2.0000,8.0000,3.0000,10.0000,0.1119,3.5389,-1.6660
8484321,OTT,645.8989,6.5841,122.3475,40.8599,85.8638,2.2616,1.6898,4.5789,37.6575,42.1297,49.5781,774.8306,45.0486,51.4901,39.9877,10.7882,22.0749,10.1245,5.8112,0.0016,0.0008,0.0008,6.2687,Nikolas Matinpalo,D,15.6285,0.0000,3.0000,2.0000,7.0000,3.0000,10.0000,0.1264,4.1356,-4.4722
8482807,CHI,574.2818,6.7789,59.4670,37.2363,79.7121,1.4012,1.2334,5.0106,25.5754,37.9760,41.2188,640.5277,46.7724,41.8489,34.6664,9.2087,21.2314,6.6327,4.5509,0.0024,0.0013,0.0011,6.2440,Ethan Del Mastro,D,15.5397,0.0000,3.0000,2.0000,8.0000,3.0000,9.0000,0.1515,3.3122,-12.4006
8480834,EDM,601.6318,7.6488,32.5153,35.1531,74.5161,1.3736,1.2774,4.9516,29.7597,29.1166,42.5156,641.7960,63.0671,54.0275,28.1770,10.0184,11.8133,4.3171,3.1416,0.0012,0.0006,0.0006,6.2289,Ty Emberson,D,15.0955,0.0000,3.0000,2.0000,8.0000,3.0000,10.0000,0.1465,3.6337,0.6431
8485957,NYR,218.9395,15.3160,10.3292,28.2521,44.0222,2.5609,1.7826,4.4097,11.2544,11.7612,21.7656,244.5847,12.6389,14.1647,13.2479,3.1079,7.4594,2.8470,1.9025,0.0000,0.0000,0.0000,6.1923,Alberts Smits,F,11.2372,0.0000,4.0000,2.0000,7.0000,3.0000,10.0000,0.2845,6.3096,-0.5067
8479368,EDM,275.1135,6.2584,5.9473,32.1315,59.9735,3.7699,3.1538,3.0166,13.9479,12.0503,33.1875,287.3192,72.2948,7.6408,11.4904,4.6086,15.0230,5.4059,5.1914,4.4880,2.2185,2.2695,6.1705,Max Jones,F,8.6575,1.0000,6.0000,1.0000,5.0000,3.0000,9.0000,0.1859,9.8154,1.8976
8483487,PIT,257.0040,5.9968,22.3671,30.9869,51.1900,3.2081,2.6803,3.4784,12.9014,16.1073,24.1094,285.3679,25.7792,9.0390,14.1210,4.4651,4.8279,2.4123,4.5873,19.8309,9.8146,10.0163,6.1588,Rutger McGroarty,F,11.8364,1.0000,5.0000,1.0000,6.0000,3.0000,9.0000,0.2555,8.6499,-3.2059
8474567,MIN,559.6962,9.5223,38.8189,31.2529,78.3741,1.6471,1.1670,4.8917,29.5006,28.7215,48.5781,608.0374,41.2685,37.8767,30.8772,8.4426,24.5080,9.1489,3.4719,0.4828,0.2446,0.2383,6.0587,Zach Bogosian,D,12.5167,0.0000,3.0000,2.0000,8.0000,3.0000,9.0000,0.1247,3.7340,0.7791
8483452,MIN,204.2068,15.8513,2.9922,26.4605,42.1094,3.1348,2.9841,3.0716,12.2748,9.3821,19.4531,223.0503,21.3277,6.8380,10.6618,3.4420,7.5056,2.7688,2.7714,128.1459,63.0540,65.0919,6.0558,Hunter Haight,F,11.4660,1.0000,5.0000,1.0000,5.0000,3.0000,9.0000,0.3113,11.2776,2.8927
8479981,FLA,269.2051,6.8923,8.7172,30.7021,52.1493,3.2831,2.6357,3.4062,14.1077,13.0652,34.5000,284.8145,86.6221,11.5540,11.4135,3.7876,51.5576,5.0654,4.4123,4.9320,2.4456,2.4865,6.0419,Jonah Gadjovich,F,8.2555,1.0000,5.0000,1.0000,6.0000,3.0000,9.0000,0.1751,8.5848,1.0425
8479985,SEA,573.5804,9.5403,68.7718,38.3741,88.1126,2.0926,1.6421,4.3977,27.6603,39.7729,43.4375,651.8925,84.0996,56.9732,34.0027,9.2721,10.9540,4.0852,5.0739,0.0021,0.0011,0.0010,6.0399,Cale Fleury,D,15.0076,0.0000,3.0000,2.0000,7.0000,3.0000,9.0000,0.1390,4.2792,-12.1126
8482460,NYR,370.5138,10.1787,10.4840,29.8131,53.8372,4.0540,3.0441,2.9728,16.6373,18.0637,46.9375,391.1765,131.4946,12.9017,13.9122,5.2437,61.2843,8.8562,6.4375,45.9048,21.3084,24.5965,6.0169,Matt Rempe,F,8.3340,1.0000,5.0000,1.0000,5.0000,3.0000,9.0000,0.1282,10.2105,-1.4264
8480075,OTT,470.7931,6.4157,55.0185,31.0848,65.7855,1.1952,1.2831,4.7061,26.2117,26.4430,38.7656,532.2274,21.9366,33.8337,25.9665,8.0251,9.7202,4.8140,3.2253,0.0078,0.0038,0.0040,5.9893,Cameron Crotty,D,13.7294,0.0000,3.0000,2.0000,8.0000,3.0000,9.0000,0.1545,4.1279,-0.2313
8482117,BOS,221.2657,20.9597,3.7038,21.7757,36.9318,3.1064,2.4699,3.4627,13.3152,11.8313,21.7031,245.9292,7.3139,8.3079,13.4671,4.0246,3.9463,1.9687,1.7506,74.8637,31.6150,43.2487,5.9326,Lukas Reichel,F,11.3315,1.0000,5.0000,1.0000,6.0000,3.0000,9.0000,0.2734,11.3425,1.4839
8482922,LAK,413.1357,24.1381,42.5770,31.7848,65.0261,1.3836,1.4244,4.3611,25.2899,26.0661,31.3750,479.8508,24.7963,27.7898,25.9911,6.0973,14.6346,5.5855,3.7324,0.0000,0.0000,0.0000,5.7856,Kirill Kirsanov,D,15.2940,0.0000,3.0000,2.0000,7.0000,3.0000,9.0000,0.1844,4.4815,-0.7763
8480879,DET,691.1232,14.0422,85.2183,35.0476,88.5080,1.7029,1.4586,4.3135,34.2147,45.3756,59.3281,790.3837,48.6205,73.4398,37.6038,7.7115,20.9834,8.1515,4.5948,0.0013,0.0007,0.0007,5.7722,Jacob Bernard-Docker,D,13.3222,0.0000,3.0000,2.0000,7.0000,3.0000,9.0000,0.0973,4.1619,-11.1609
8482726,LAK,280.4237,9.7232,12.8387,31.9355,59.5616,3.2230,2.5598,3.2080,15.4711,14.9222,41.7656,302.9857,97.1423,10.9034,13.6414,3.8338,23.8692,3.4859,3.5040,229.6699,109.3146,120.3553,5.7678,Samuel Helenius,F,7.2544,1.0000,5.0000,1.0000,6.0000,3.0000,9.0000,0.1381,8.0154,0.5489
8483398,PIT,744.5075,8.2859,101.7385,45.4234,119.3320,2.4132,1.9798,3.7709,37.9212,51.7998,49.2031,854.5319,67.1292,55.2868,37.6891,10.1433,44.9398,11.2399,9.6178,0.0017,0.0009,0.0009,5.7507,Declan Carlile,D,17.3674,0.0000,4.0000,2.0000,6.0000,3.0000,9.0000,0.1169,4.3585,-13.8786
8475790,CBJ,560.0558,8.0754,139.6507,39.7569,89.3975,1.9226,1.3438,4.2809,34.7683,43.4406,43.7656,707.7819,45.5847,62.0795,36.1806,9.3003,26.6114,7.7030,5.3614,0.0012,0.0006,0.0006,5.6247,Erik Gudbranson,D,16.1721,0.0000,3.0000,2.0000,7.0000,3.0000,9.0000,0.1285,3.3799,-8.6722
8480468,ANA,313.4237,10.7430,15.5203,31.4847,55.9263,3.4235,2.8979,2.7266,16.7115,18.2493,42.8906,339.6870,21.8436,14.1423,15.9913,5.3795,5.1400,2.7056,4.0700,97.5699,49.8920,47.6780,5.6244,James Hamblin,F,7.9198,1.0000,5.0000,1.0000,5.0000,3.0000,9.0000,0.1311,9.2040,-1.5378
8483466,CHI,454.2614,12.6591,12.5414,26.1712,56.9121,1.1201,0.9960,4.5450,19.8144,25.7475,30.5781,479.4619,8.2212,27.8304,34.7682,6.3553,8.7278,4.3535,2.2159,0.0018,0.0009,0.0009,5.5410,Kevin Korchinski,D,15.6799,0.0000,2.0000,2.0000,7.0000,3.0000,9.0000,0.1812,3.8059,-5.9331
8481461,ANA,445.0291,10.3588,25.5172,35.4112,72.2304,1.5090,1.3017,4.2235,23.1366,26.1578,31.2969,480.9050,18.2111,35.3866,24.4131,6.5371,10.6633,4.7521,3.1147,0.0126,0.0064,0.0062,5.5252,Corey Schueneman,D,15.3659,0.0000,3.0000,2.0000,7.0000,3.0000,9.0000,0.1765,3.6759,-3.0212
8476907,VAN,251.8171,7.6646,11.0556,25.9786,38.4431,2.4507,1.9905,3.5141,10.5501,15.5934,27.7656,270.5373,30.2334,10.6619,12.6814,4.2308,14.5608,2.7712,3.4462,11.5619,5.8317,5.7302,5.5046,Mackenzie MacEachern,F,9.7436,0.0000,4.0000,1.0000,6.0000,3.0000,9.0000,0.1983,7.6619,-5.0433
8475235,CAR,319.5178,8.4497,10.2100,30.0573,52.4589,3.1505,2.2134,3.2849,18.0593,15.3742,40.1406,338.1776,130.0259,11.4405,13.4476,4.7412,39.6417,4.5524,2.6164,4.7012,2.3203,2.3809,5.4983,Nicolas Deslauriers,F,8.4248,0.0000,4.0000,1.0000,6.0000,3.0000,9.0000,0.1370,7.3641,2.6851
8477149,TBL,258.0346,10.5338,5.7221,21.5144,47.5915,2.8845,2.1184,3.3705,14.1176,11.7732,33.7344,274.2905,72.6225,11.0567,12.9995,3.6330,63.5449,6.8810,4.2890,6.8723,3.4332,3.4391,5.4889,Scott Sabourin,F,8.1309,0.0000,4.0000,1.0000,6.0000,3.0000,9.0000,0.1627,9.8464,2.3444
8482861,NYR,560.4665,8.8494,28.2422,29.7046,63.9598,1.3824,1.1611,4.3223,24.6248,28.8172,46.5312,597.5580,21.9393,47.9510,35.5457,9.0719,15.5893,6.9894,3.3364,0.0027,0.0013,0.0014,5.4835,Vincent Iorio,D,12.8421,0.0000,3.0000,2.0000,7.0000,3.0000,9.0000,0.1178,3.9090,-4.1924
8484168,SEA,137.3188,5.1847,5.3823,11.9061,22.1357,1.3674,2.0905,3.3909,6.4386,7.9663,15.2812,147.8858,11.2970,6.0291,7.6570,2.2198,3.7100,1.5469,1.7931,88.3757,43.1865,45.1892,5.4814,Oscar Fisker Molgaard,F,9.6776,0.0000,4.0000,1.0000,6.0000,3.0000,9.0000,0.3587,17.5580,-1.5277
8482747,CGY,257.2863,12.9025,7.9723,27.7423,51.5861,3.1971,2.2571,3.1855,11.7760,15.1539,26.5938,278.1610,55.5103,9.6721,11.2308,3.6560,8.6221,2.8780,5.0533,7.3948,3.6101,3.7846,5.4427,Brennan Othmann,F,10.4596,0.0000,4.0000,1.0000,6.0000,3.0000,9.0000,0.2047,8.1361,-3.3779
8474568,VAN,535.3101,9.9799,133.6246,32.4852,80.6483,1.3768,1.0897,4.3361,26.0756,50.5842,45.2188,678.9146,140.2106,52.4880,39.2922,8.1662,31.5707,6.9872,3.0212,0.0012,0.0006,0.0006,5.4258,Luke Schenn,D,15.0140,0.0000,2.0000,2.0000,7.0000,3.0000,9.0000,0.1200,3.3545,-24.5085
8477435,PIT,653.7111,7.4169,70.9566,38.0045,112.9799,2.4777,1.8659,3.5189,32.7494,42.6929,46.6250,732.0847,45.9664,61.9429,45.2050,11.2912,20.7827,7.8858,6.5021,0.0015,0.0007,0.0007,5.3847,Ryan Graves,D,15.7015,0.0000,4.0000,1.0000,6.0000,3.0000,9.0000,0.1155,4.9096,-9.9434
8482070,NYI,258.5231,14.5589,7.0957,27.1890,42.4223,3.3205,2.6528,2.7291,13.4759,13.5607,26.9688,280.1777,52.1611,9.3659,11.9374,3.4625,7.2762,2.9181,4.2760,11.0464,5.2924,5.7540,5.3820,Mitchell Chaffee,F,10.3890,1.0000,5.0000,1.0000,5.0000,3.0000,8.0000,0.1996,9.7569,-0.0848
8482652,WPG,313.4399,8.7692,6.9919,30.7926,57.3469,3.8738,2.6366,2.7347,14.5141,15.3686,35.5312,329.2010,68.7717,13.6454,16.2258,4.3603,5.1608,2.6446,3.1691,17.6368,8.6208,9.0160,5.3713,Walker Duehr,F,9.2651,1.0000,5.0000,1.0000,5.0000,2.0000,9.0000,0.1512,8.5626,-0.8545
8484406,VAN,199.5326,6.8207,7.9698,16.9308,31.7181,1.6308,2.2564,3.0655,8.4363,12.2200,17.4375,214.3232,15.7574,8.6344,10.3425,3.3527,7.3402,2.6705,2.4569,90.2415,44.5997,45.6418,5.3219,Ty Mueller,F,12.2909,0.0000,4.0000,1.0000,5.0000,3.0000,8.0000,0.3052,13.3273,-3.7838
8483435,OTT,247.7609,6.9822,20.0943,17.8473,36.4776,0.6511,1.2001,4.0609,13.8880,13.0712,23.8594,274.8374,19.9624,19.2611,14.3887,3.8816,7.1238,2.8963,1.8405,0.0098,0.0048,0.0050,5.2610,Jorian Donovan,D,11.5191,0.0000,3.0000,2.0000,7.0000,2.0000,8.0000,0.2205,6.7244,0.8168
8475253,PHI,230.9287,9.2405,16.2123,33.5279,47.1679,3.4106,2.5466,2.7087,11.9933,12.4257,31.9375,256.3815,34.8991,7.9743,12.4221,4.3422,12.4567,2.6741,3.1514,14.7342,7.3343,7.3999,5.2553,Garrett Wilson,F,8.0276,1.0000,5.0000,1.0000,5.0000,3.0000,8.0000,0.1645,7.5955,-0.4325
8482964,MTL,490.0173,7.2423,34.0019,27.5222,77.8589,1.3499,1.1085,4.1442,25.1179,27.1804,38.8594,531.2615,104.1264,31.9350,27.9213,5.0470,66.5697,14.5052,6.1547,0.0010,0.0005,0.0005,5.2527,Arber Xhekaj,D,13.6714,0.0000,2.0000,2.0000,7.0000,2.0000,8.0000,0.1352,4.0276,-2.0624
8478476,DAL,456.5005,11.0937,11.8964,27.0355,76.9357,1.5328,1.2625,3.9734,23.2651,21.0919,38.0312,479.4907,15.5826,32.6677,24.3086,8.5174,13.8197,5.9537,3.3492,0.0015,0.0007,0.0008,5.2359,Kyle Capobianco,D,12.6078,0.0000,3.0000,2.0000,7.0000,2.0000,8.0000,0.1377,4.6699,2.1732
8483569,COL,451.5228,13.7899,26.1798,34.1427,69.2864,1.6556,0.9680,4.1495,26.1114,23.1944,31.5312,491.4926,38.5191,38.5772,26.1400,7.2651,11.8237,5.0263,3.2455,0.0130,0.0066,0.0064,5.1175,Wyatt Aamodt,D,15.5875,0.0000,2.0000,2.0000,7.0000,2.0000,8.0000,0.1623,2.8352,2.9171
8477938,WPG,486.3524,7.9474,78.9749,30.2597,74.1421,1.8723,1.3184,3.7598,24.5715,33.2171,45.1094,573.2748,49.0628,50.8218,34.1939,6.3137,14.0720,5.5388,2.1995,0.0011,0.0006,0.0005,5.0782,Haydn Fleury,D,12.7086,0.0000,3.0000,1.0000,6.0000,2.0000,8.0000,0.1126,4.3568,-8.6456
8483679,DET,213.0360,14.9447,22.3264,15.0584,31.1970,0.7029,1.0969,3.8240,11.6494,14.2435,17.9531,250.3071,12.9346,14.4961,13.5579,3.1806,7.6339,2.9136,1.9470,0.0000,0.0000,0.0000,4.9210,Anton Johansson,D,13.9423,0.0000,2.0000,1.0000,6.0000,2.0000,8.0000,0.2741,7.2845,-2.5941
8479550,VGK,183.1097,15.1604,5.1589,18.8357,35.1458,2.6486,2.0080,2.8947,10.9216,9.0024,19.2344,203.4290,7.5981,7.3631,9.2028,3.3823,8.7078,3.0840,2.7422,116.4567,56.9371,59.5197,4.9027,Tanner Laczynski,F,10.5763,0.0000,4.0000,1.0000,5.0000,2.0000,8.0000,0.2549,10.6608,1.9192
8480056,BUF,338.1536,24.6664,10.8164,31.7069,66.0754,1.6854,1.4935,3.4004,19.2110,17.2582,26.6875,373.6364,19.3077,21.6385,20.2380,4.7477,11.3953,4.3491,2.9063,0.0000,0.0000,0.0000,4.8939,Jack Rathbone,D,14.0004,0.0000,3.0000,1.0000,6.0000,2.0000,8.0000,0.1834,4.7103,1.9528
8481077,DET,211.0845,17.6538,4.2456,25.2497,47.5480,2.7411,1.9783,2.7187,11.3420,11.2757,22.4844,232.9839,20.4808,10.2897,13.1193,3.6481,3.9137,1.9621,2.7379,4.5245,2.2406,2.2839,4.6969,John Leonard,F,10.3620,0.0000,4.0000,1.0000,5.0000,2.0000,8.0000,0.2089,7.8348,0.0663
8478173,OTT,242.8190,5.7950,5.1813,25.2150,43.6577,3.1364,2.2925,2.3644,12.9654,10.7159,32.7031,253.7953,73.2627,7.2712,12.5578,3.9765,19.1916,3.6035,3.1957,8.9172,4.3476,4.5696,4.6569,Hayden Hodgson,F,7.7606,0.0000,4.0000,1.0000,4.0000,2.0000,8.0000,0.1424,9.0918,2.2495
8484779,PHI,111.9003,6.8071,2.9460,10.6745,20.8143,1.3423,1.7422,2.8690,5.8858,5.4853,12.2344,121.6534,9.4437,4.2054,5.5922,1.8877,4.2307,1.5265,1.7640,80.6203,40.0595,40.5608,4.6111,Jett Luchanko,F,9.9436,0.0000,3.0000,1.0000,5.0000,2.0000,8.0000,0.3769,16.3209,0.4005
8481592,TBL,169.9977,12.8490,3.8327,19.6162,31.2333,2.2865,2.0975,2.5003,10.1035,8.0353,18.0938,186.6794,17.1524,6.2460,9.1797,3.1804,3.7815,1.7797,1.9744,12.4072,6.2879,6.1194,4.5978,Jakob Pelletier,F,10.3173,0.0000,4.0000,1.0000,5.0000,2.0000,7.0000,0.2541,10.6929,2.0682
8481161,CBJ,363.1072,9.4633,18.7779,26.3963,66.2246,1.0965,0.8540,3.6474,20.2501,18.0077,39.4375,391.3484,24.5134,26.4812,19.0489,3.9572,6.8492,2.8777,1.4773,0.0007,0.0003,0.0003,4.5014,Jake Christiansen,D,9.9233,0.0000,2.0000,1.0000,6.0000,2.0000,7.0000,0.1141,3.2353,2.2424
8477810,CGY,482.7577,10.2676,52.0240,28.5079,62.8409,1.0687,0.8576,3.5863,22.0518,32.9851,35.2500,545.0493,24.9478,45.4389,29.5162,5.0435,20.1287,6.3362,2.6526,0.0010,0.0005,0.0005,4.4439,Joel Hanley,D,15.4624,0.0000,2.0000,1.0000,6.0000,2.0000,7.0000,0.1261,3.0084,-10.9333
8482763,COL,146.0055,9.6389,2.0621,20.6865,33.9951,2.1755,1.8455,2.5609,8.8795,6.8234,13.4219,157.7065,7.7447,4.5635,6.9543,2.4663,5.4225,2.0155,2.0126,5.1522,2.6144,2.5378,4.4064,Fabian Lysell,F,11.7500,0.0000,4.0000,1.0000,5.0000,2.0000,7.0000,0.3283,8.9213,2.0561
8483460,PHI,434.0844,10.0696,23.2150,28.4040,66.6982,1.2085,0.9227,3.4743,21.3067,22.1900,36.4375,467.3690,16.1702,29.7714,34.3812,6.7737,18.1993,8.0162,3.4344,0.0018,0.0009,0.0009,4.3970,David Jiricek,D,12.8266,0.0000,2.0000,1.0000,6.0000,2.0000,7.0000,0.1207,3.2486,-0.8833
8478465,VAN,429.9572,6.5263,61.3243,25.7005,51.6793,1.2180,1.0233,3.3474,18.9271,32.9458,31.4531,497.8077,23.0875,35.1494,24.4349,7.2605,11.3948,4.9864,3.2490,0.0146,0.0074,0.0072,4.3707,Guillaume Brisebois,D,15.8270,0.0000,2.0000,1.0000,6.0000,2.0000,7.0000,0.1390,3.9817,-14.0187
8486052,ANA,101.7493,7.6208,7.7896,14.2901,23.4030,1.2578,1.7818,2.5221,6.0170,6.6922,10.5000,117.1597,10.3790,4.0834,6.3034,1.8804,3.8696,1.3936,1.6646,11.4207,5.0279,6.3928,4.3039,Nikita Klepov,F,11.1581,0.0000,4.0000,1.0000,5.0000,2.0000,7.0000,0.4099,12.4691,-0.6752
8480890,LAK,198.7415,9.2894,5.9104,26.9224,43.8724,2.2948,1.8345,2.3751,11.1880,10.1281,26.7188,213.9413,19.9258,7.8723,9.8923,3.3774,8.5484,2.1483,2.6015,138.2109,69.7412,68.4697,4.2097,Jan Jenik,F,8.0072,0.0000,4.0000,1.0000,4.0000,2.0000,7.0000,0.1576,6.8142,1.0599
8483549,MTL,226.2333,4.0190,14.5910,27.0938,43.5999,3.3197,1.7008,2.4500,11.6179,12.3960,27.3438,244.8433,29.4216,8.4291,11.8810,3.6645,5.4743,2.3685,3.2140,59.2474,29.8361,29.4113,4.1508,Lucas Condotta,F,8.9543,0.0000,3.0000,1.0000,5.0000,2.0000,7.0000,0.1518,6.2774,-0.7781
8483756,LAK,175.1225,4.2587,5.4337,24.8301,38.2149,2.0487,1.5442,2.5948,9.2609,8.8962,18.0000,184.8149,18.3860,8.6903,7.8017,2.9373,4.0068,1.8186,2.1149,3.2721,1.6544,1.6177,4.1390,Jared Wright,F,10.2675,0.0000,3.0000,1.0000,5.0000,2.0000,7.0000,0.2299,6.2190,0.3646
8482516,NYI,423.7735,13.3849,33.3172,27.9605,58.1304,1.3156,1.1474,2.8483,21.7996,24.9736,35.1562,470.4756,25.7146,33.4030,26.6940,5.6324,11.4922,5.4332,3.5764,0.0015,0.0007,0.0008,3.9957,Matthew Kessel,D,13.3824,0.0000,3.0000,1.0000,5.0000,2.0000,7.0000,0.1137,4.1035,-3.1740
8477335,DAL,351.3947,8.9527,14.6019,18.2024,50.7651,0.8553,0.7135,3.1432,18.1127,16.9649,35.9375,374.9493,49.5052,27.5282,16.1578,5.5542,24.1142,7.8658,2.8452,0.0023,0.0011,0.0012,3.8566,Kyle Burroughs,D,10.4334,0.0000,2.0000,1.0000,6.0000,1.0000,7.0000,0.1073,3.9195,1.1478
8475760,NJD,197.7121,7.3518,8.7019,21.9797,38.9813,2.5936,1.7666,2.0180,10.9819,10.3522,22.5625,213.7658,28.3813,8.2343,9.8770,3.3536,8.0073,3.1523,2.6478,133.2722,65.7554,67.5168,3.7846,Nick Bjugstad,F,9.4744,0.0000,4.0000,0.0000,4.0000,1.0000,7.0000,0.1677,8.0376,0.6297
8477947,WSH,113.3596,16.9502,2.3179,14.8724,24.0135,1.7797,1.5804,2.1815,7.4031,6.2794,15.2812,132.6278,4.9506,3.1747,7.9530,2.1866,2.3851,1.1738,1.5405,7.1724,3.6409,3.5314,3.7620,Sonny Milano,F,8.6791,0.0000,3.0000,0.0000,4.0000,1.0000,6.0000,0.2462,10.6267,1.1237
8475842,BUF,174.4397,3.9309,20.3270,20.0393,34.7668,2.2335,1.8013,1.9250,9.3617,10.4656,19.5156,198.6976,28.0571,7.9645,8.8725,3.2394,15.8696,3.1421,2.5357,118.4886,65.1428,53.3458,3.7263,Sam Carrick,F,10.1815,0.0000,4.0000,0.0000,4.0000,1.0000,6.0000,0.1909,8.9887,-1.1039
8475795,WSH,386.6188,7.3390,21.8429,20.1951,54.0223,1.1026,0.8160,2.8487,19.1961,21.4245,38.2812,415.8008,71.7589,28.8441,23.5385,5.0714,37.9238,4.6972,2.7803,0.0036,0.0018,0.0018,3.6647,Dylan McIlrath,D,10.8617,0.0000,2.0000,1.0000,5.0000,1.0000,6.0000,0.0957,4.0406,-2.2283
8482459,WPG,267.6304,16.9229,21.4782,18.8638,39.6751,0.8615,0.8487,2.8014,14.2619,15.8255,23.0000,306.0315,15.8142,17.7233,16.5762,3.8886,9.3335,3.5622,2.3804,0.0000,0.0000,0.0000,3.6501,Tyrel Bauer,D,13.3057,0.0000,2.0000,1.0000,5.0000,1.0000,6.0000,0.1587,4.4991,-1.5636
8484154,CGY,113.0528,13.3046,4.5028,17.2099,27.5387,1.5245,1.5617,2.0603,6.0691,7.1091,10.4531,130.8602,11.5927,4.5609,7.0405,2.1003,4.3221,1.5566,1.8593,52.0276,23.4451,28.5825,3.6220,Jonathan Castagna,F,12.5188,0.0000,3.0000,0.0000,4.0000,1.0000,6.0000,0.3465,9.0744,-1.0399
8482787,WPG,122.7514,3.6408,4.9047,15.3676,28.6041,1.8061,1.5337,2.0485,5.8669,6.3281,13.4062,131.2970,19.0221,5.0355,7.0159,2.1931,7.4550,2.4574,2.1885,3.1141,1.5825,1.5315,3.5821,Nikita Chibrikov,F,9.7937,0.0000,3.0000,0.0000,4.0000,1.0000,6.0000,0.2672,9.9800,-0.4612
8480853,NYI,161.0406,4.1287,5.4415,16.5710,32.2872,1.9233,1.4502,2.0253,7.8229,8.4425,16.4219,170.6108,11.8611,5.9148,7.6883,2.7738,3.9289,1.7018,2.3465,53.1246,25.6399,27.4847,3.4755,Liam Foudy,F,10.3892,0.0000,3.0000,0.0000,4.0000,1.0000,6.0000,0.2116,8.7517,-0.6196
8484262,ANA,257.7186,4.7432,17.6931,14.8686,35.5008,0.5349,0.6509,2.8063,13.2886,15.6334,20.4688,280.1549,28.8382,18.9231,14.7838,3.5187,10.6267,3.8531,2.3033,0.0028,0.0014,0.0014,3.4572,Travis Mitchell,D,13.6870,0.0000,2.0000,1.0000,5.0000,1.0000,6.0000,0.1689,4.3777,-2.3449
8483472,UTA,266.9160,4.1788,15.4143,19.2295,39.9421,0.8800,0.7448,2.6551,13.2814,13.7057,19.9531,286.5090,25.9582,19.9792,15.5847,4.2040,29.1986,6.0878,2.1431,0.0021,0.0011,0.0011,3.3999,Maveric Lamoureux,D,14.3591,0.0000,2.0000,1.0000,5.0000,1.0000,6.0000,0.1704,3.8731,-0.4243
8481518,FLA,152.0993,3.2470,8.4250,16.0654,29.3922,2.3123,1.6035,1.7140,7.8722,7.9516,16.0781,163.7713,27.6107,5.1662,6.7220,2.5466,4.6265,1.9060,1.8200,3.1823,1.5657,1.6167,3.3175,Nolan Foote,F,10.1860,0.0000,3.0000,0.0000,4.0000,1.0000,6.0000,0.2063,9.9812,-0.0793
8479718,SJS,92.1629,26.9156,2.1944,12.6328,23.4500,2.0788,1.6878,1.5441,7.3937,5.8231,11.2344,121.2729,10.1208,3.3962,5.8530,2.1142,3.4047,1.4458,1.5365,29.7794,15.4571,14.3223,3.2320,Alex Barré-Boulet,F,10.7948,0.0000,3.0000,0.0000,3.0000,1.0000,6.0000,0.2877,13.3608,1.5706
8483687,FLA,258.1364,4.9520,39.0963,18.5930,37.7170,1.0688,0.7749,2.4348,14.4274,16.7385,15.7188,302.1847,14.9788,21.3509,15.1576,4.2865,5.9712,2.8365,2.2090,0.0033,0.0016,0.0017,3.2098,Marek Alscher,D,19.2245,0.0000,2.0000,1.0000,4.0000,1.0000,6.0000,0.2042,4.1679,-2.3111
8478147,FLA,215.9209,6.2525,7.2178,21.8621,35.3784,2.1936,1.6610,1.4580,11.3888,10.6686,32.7969,229.3912,65.5474,8.3189,11.3312,3.2363,32.2463,3.9559,2.5852,8.1538,4.0373,4.1165,3.1191,Bokondji Imama,F,6.9943,0.0000,3.0000,0.0000,3.0000,1.0000,5.0000,0.0951,7.5977,0.7202
8481720,TBL,94.3450,10.0389,3.2058,11.8570,18.3737,1.3455,1.1538,1.9162,6.0001,4.7637,10.8750,107.5898,9.5312,3.7499,5.7885,1.7268,3.5535,1.2798,1.5287,43.8153,19.8921,23.9232,3.0700,Nick Abruzzese,F,9.8933,0.0000,3.0000,0.0000,4.0000,1.0000,5.0000,0.2823,9.7313,1.2364
8481704,NYR,161.1390,3.5817,5.2438,14.7919,23.3521,1.3962,1.2280,1.7936,7.0782,8.0202,18.4844,169.9645,23.9556,6.6535,7.3847,2.3203,5.5069,2.2271,2.3376,86.0989,39.1331,46.9658,3.0216,Juuso Parssinen,F,9.1950,0.0000,3.0000,0.0000,4.0000,1.0000,5.0000,0.1635,8.3017,-0.9420
8482698,PIT,89.9315,4.3164,4.9643,12.2110,17.8534,0.9622,1.3325,1.6437,4.6715,5.3499,9.2344,99.2122,6.3158,3.1935,4.9186,1.5762,2.8251,1.0624,1.2410,64.2292,32.0990,32.1303,2.9762,Tristan Broz,F,10.7438,0.0000,3.0000,0.0000,3.0000,1.0000,5.0000,0.3223,10.9125,-0.6784
8480035,BOS,149.7631,6.7185,8.8451,10.5466,23.1746,0.5722,0.4863,2.4472,8.2385,8.5717,9.2344,165.3267,6.7183,9.2385,9.4820,1.8869,2.8651,1.4334,0.7123,0.0003,0.0001,0.0001,2.9335,Henri Jokiharju,D,17.9034,0.0000,1.0000,1.0000,5.0000,1.0000,5.0000,0.3177,4.6108,-0.3331
8483699,LAK,175.5059,8.1629,13.3546,13.5305,27.4759,0.7584,0.5829,2.3434,10.1977,10.3876,13.1875,197.0234,14.7594,13.8662,10.3437,2.7895,5.1489,2.0829,1.3224,0.0075,0.0038,0.0037,2.9263,Angus Booth,D,14.9402,0.0000,2.0000,1.0000,4.0000,1.0000,5.0000,0.2219,4.3079,-0.1899
8481591,MTL,90.0279,2.1547,3.1900,7.6063,16.7738,0.8974,1.2838,1.5771,4.5971,4.5753,8.7812,95.3726,9.7296,3.2312,5.1454,1.6614,2.9319,1.1205,1.1693,4.9986,2.4659,2.5327,2.8609,Samuel Poulin,F,10.8609,0.0000,3.0000,0.0000,3.0000,1.0000,5.0000,0.3258,16.8784,0.0218
8482178,ANA,227.8385,4.4751,13.3657,18.0121,37.8839,1.1381,0.9073,1.9258,11.5985,13.8368,17.8594,245.6793,11.1977,19.8791,11.4237,4.6311,6.2939,2.9359,1.4708,0.5220,0.2627,0.2593,2.8331,Ian Moore,D,13.7563,0.0000,2.0000,0.0000,4.0000,1.0000,5.0000,0.1586,5.0374,-2.2383
8480831,EDM,268.7741,3.6587,15.2220,15.6517,40.6128,0.7690,0.6255,2.2005,13.3005,13.1927,21.6406,287.6549,10.6447,25.1943,16.6370,4.3810,18.7383,4.7487,1.7571,0.0011,0.0005,0.0005,2.8260,Alec Regula,D,13.2924,0.0000,2.0000,0.0000,4.0000,1.0000,5.0000,0.1306,3.9964,0.1079
8483763,MTL,178.3713,8.8176,8.5476,11.5920,23.8183,0.5250,0.7389,2.0632,9.8628,9.7438,12.0938,195.7365,10.4726,13.6454,10.0034,2.8825,6.4913,2.3469,1.3176,0.0082,0.0040,0.0041,2.8021,Maksymilian Szuber,D,16.1849,0.0000,2.0000,0.0000,4.0000,1.0000,5.0000,0.2317,6.3745,0.1190
8482873,NJD,157.6544,6.9923,7.2917,8.6461,19.6530,0.4139,0.5089,2.1882,8.9870,8.4357,11.0625,171.9384,5.0467,11.5672,8.7580,2.3707,4.1231,1.7561,1.1276,0.0041,0.0021,0.0021,2.6970,Topias Vilen,D,15.5425,0.0000,1.0000,0.0000,4.0000,1.0000,5.0000,0.2438,5.8856,0.5513
8477425,CBJ,110.5490,4.2490,3.4418,14.5816,25.9803,1.8362,1.2973,1.3680,6.2056,5.2976,11.4219,118.2398,12.0721,3.7449,5.8613,1.7669,7.9424,2.5634,2.2525,3.3896,1.5694,1.8202,2.6653,Miles Wood,F,10.3520,0.0000,3.0000,0.0000,3.0000,1.0000,5.0000,0.2334,8.8969,0.9080
8481070,STL,121.0569,4.7599,3.5460,14.1068,21.0060,1.5040,1.1419,1.4713,6.0986,5.9640,13.1250,129.3628,7.4632,4.7028,6.4367,2.2289,2.9283,1.2585,1.6972,15.0876,7.7710,7.3166,2.6132,Hugh McGing,F,9.8562,0.0000,3.0000,0.0000,3.0000,1.0000,5.0000,0.1991,8.0945,0.1346
8483463,STL,72.1640,4.9002,1.7963,10.6328,16.0839,0.7317,1.1138,1.4503,3.8287,3.6215,7.8438,78.8605,4.5468,2.8314,3.7907,1.1861,1.8878,0.7862,1.0314,19.0291,9.6723,9.3568,2.5641,Aleksanteri Kaskimaki,F,10.0539,0.0000,2.0000,0.0000,3.0000,1.0000,5.0000,0.3269,10.4753,0.2072
8484822,DAL,115.9780,8.3926,5.6221,15.9452,25.7395,1.5172,0.6577,1.8931,6.7348,6.0000,12.9219,129.9927,6.7174,7.5283,7.0411,1.6518,3.9646,1.5131,1.0111,0.0000,0.0000,0.0000,2.5508,Luke Krys,F,10.0599,0.0000,2.0000,0.0000,4.0000,1.0000,5.0000,0.1974,4.1249,0.7348
8486072,ANA,46.9698,3.5818,3.7156,6.6095,10.8320,0.5844,1.0304,1.5082,2.7830,3.1295,4.8125,54.2672,4.8074,1.8914,2.9197,0.8710,1.7924,0.6455,0.7710,5.3102,2.3401,2.9701,2.5386,Marcus Nordmark,F,11.2763,0.0000,2.0000,0.0000,3.0000,1.0000,5.0000,0.5275,15.5891,-0.3466
8479772,TOR,138.9075,4.9707,5.5863,17.7592,30.1516,1.5742,1.3691,1.1693,6.4007,8.2148,19.1562,149.4646,35.4814,5.2522,7.4451,2.6520,18.0192,2.3294,1.9418,11.6111,5.5996,6.0116,2.5384,Zack MacEwen,F,7.8024,0.0000,3.0000,0.0000,3.0000,1.0000,5.0000,0.1325,7.7092,-1.8141
8483675,LAK,67.0094,5.1345,3.0216,12.2094,18.1114,0.9821,1.0272,1.4641,4.0943,3.7046,8.0625,75.1655,8.0086,2.5641,3.6921,1.1846,2.0836,0.7964,0.9336,46.7620,23.3374,23.4247,2.4913,Kenny Connors,F,9.3228,0.0000,2.0000,0.0000,3.0000,1.0000,5.0000,0.3090,8.4129,0.3897
8484177,NJD,96.1672,5.9587,1.7051,13.5480,23.9791,1.4591,1.0742,1.3543,5.5703,4.8568,10.4219,103.8310,5.4788,3.7836,4.2941,1.6305,3.4519,1.4242,1.4796,2.1739,1.0483,1.1256,2.4285,Lenni Hameenaho,F,9.9628,0.0000,2.0000,0.0000,3.0000,1.0000,5.0000,0.2330,7.9289,0.7134
8481167,CGY,191.1198,2.8779,26.8589,12.2800,30.5085,0.5495,0.4255,1.9836,8.7410,14.0963,14.0312,220.8567,31.6535,16.0703,12.4265,2.6584,17.3674,5.3017,3.2201,0.0004,0.0002,0.0002,2.4091,Brayden Pachal,D,15.7403,0.0000,1.0000,0.0000,4.0000,1.0000,5.0000,0.1717,3.4646,-5.3553
8483467,VAN,138.4114,4.0720,8.7177,10.6746,23.1748,0.4168,0.4726,1.8887,5.8459,9.0827,9.3594,151.2010,4.6950,10.3726,7.6057,1.9865,3.0868,1.4404,0.9506,0.0026,0.0013,0.0013,2.3614,Kirill Kudryavtsev,D,16.1550,0.0000,1.0000,0.0000,4.0000,1.0000,4.0000,0.2523,4.4278,-3.2369
8484509,EDM,118.1604,1.7525,12.6416,9.6538,18.8775,1.0173,0.8396,1.4547,6.1858,6.5896,10.8906,132.5545,13.5899,5.5143,6.1119,2.4026,3.5127,1.4875,1.4057,69.9743,34.3581,35.6163,2.2943,Josh Samanski,F,12.1714,0.0000,2.0000,0.0000,3.0000,0.0000,4.0000,0.2107,8.6968,-0.4037
8485587,TBL,43.9398,5.1395,1.7285,6.8123,10.9607,0.6253,0.7848,1.4823,2.8496,2.2960,4.4062,50.8078,4.5010,1.7708,2.7335,0.8155,1.6781,0.6044,0.7219,20.6016,9.3574,11.2442,2.2670,Benjamin Rautiainen,F,11.5308,0.0000,2.0000,0.0000,3.0000,0.0000,4.0000,0.5145,11.5197,0.5536
8481655,FLA,89.4205,3.9612,12.8554,9.1002,15.1999,1.2329,0.8477,1.3008,5.2593,5.8493,8.8750,106.2371,12.6438,3.8594,4.8653,1.5450,1.1799,0.6751,1.3935,65.0237,30.4138,34.6099,2.1485,Cole Schwindt,F,11.9704,0.0000,2.0000,0.0000,3.0000,0.0000,4.0000,0.2421,9.3146,-0.5901
8479362,BOS,97.8706,12.3089,2.3037,10.6427,18.2545,1.2635,0.8841,1.2096,6.3043,5.5165,11.1094,112.4832,14.0520,3.4874,5.3909,1.6363,3.7819,1.4177,1.4070,3.8614,1.8988,1.9626,2.0937,Riley Tufte,F,10.1251,0.0000,2.0000,0.0000,3.0000,0.0000,4.0000,0.1885,8.3072,0.7878
8478452,PIT,172.3254,2.9674,25.8465,11.1670,25.5306,0.5030,0.3800,1.6564,9.0074,12.4599,12.2344,201.1393,16.6309,15.9949,10.1297,2.8049,4.3868,2.0640,1.3704,0.0016,0.0008,0.0008,2.0364,Caleb Jones,D,16.4405,0.0000,1.0000,0.0000,3.0000,0.0000,4.0000,0.1665,3.4027,-3.4525
8477073,OTT,133.1642,5.4490,3.9343,10.7600,17.1510,0.9488,0.6972,1.3299,7.4730,6.1531,23.4688,142.5475,32.2830,6.0355,7.5731,1.9258,29.2460,3.8799,1.9615,3.4749,1.6997,1.7752,2.0271,Kurtis MacDermid,F,6.0739,0.0000,2.0000,0.0000,3.0000,0.0000,4.0000,0.0864,6.4795,1.3199
8479387,COL,178.3989,2.7699,14.1659,15.0007,37.2167,0.5864,0.4682,1.5410,10.0219,9.6159,14.5000,195.3348,24.2616,13.4898,10.1294,2.6155,11.1803,3.2494,1.4582,0.0012,0.0006,0.0006,2.0092,Keaton Middleton,D,13.4714,0.0000,1.0000,0.0000,3.0000,0.0000,4.0000,0.1386,3.1215,0.4060
8479026,TOR,240.7463,2.7402,33.5260,16.8285,36.7211,0.7009,0.5346,1.4662,11.2413,17.7067,16.4219,277.0124,27.7756,21.5239,16.5446,3.5753,9.1294,3.7050,1.2198,0.0004,0.0002,0.0002,2.0008,Philippe Myers,D,16.8685,0.0000,1.0000,0.0000,3.0000,0.0000,4.0000,0.1218,3.1766,-6.4654
8482496,VAN,93.6172,2.6143,3.7031,7.1421,13.0684,0.7811,0.6727,1.2829,3.8779,5.7087,9.1719,99.9347,8.7641,3.3333,3.7602,1.4437,1.8784,0.9071,1.0800,38.5978,18.3946,20.2032,1.9556,Nils Aman,F,10.8958,0.0000,2.0000,0.0000,3.0000,0.0000,4.0000,0.2132,9.4190,-1.8308
8480245,OTT,77.1479,2.1005,2.9420,7.6074,13.7595,0.9237,0.7485,1.1864,4.1439,3.6438,8.4219,82.1904,4.0257,2.6260,4.1581,1.2449,1.6800,0.7863,0.9772,2.6133,1.2714,1.3419,1.9348,Olle Lycksell,F,9.7592,0.0000,2.0000,0.0000,3.0000,0.0000,4.0000,0.2297,9.8386,0.5001
8480874,PHI,139.2031,2.3148,14.9350,7.1439,19.9732,0.2961,0.3925,1.4510,7.0874,8.0627,10.8125,156.4529,9.6787,10.7215,9.0477,2.0524,2.2141,1.2422,0.8910,0.0021,0.0010,0.0011,1.8435,Adam Ginning,D,14.4696,0.0000,1.0000,0.0000,3.0000,0.0000,4.0000,0.1705,5.4941,-0.9753
8479976,CAR,151.5731,2.9557,11.8578,10.4061,24.8469,0.6093,0.5192,1.2835,8.6798,8.2255,10.9531,166.3866,5.5532,10.6279,7.9275,2.1065,2.5657,1.3014,1.6345,0.0005,0.0003,0.0003,1.8027,Juuso Välimäki,D,15.1908,0.0000,2.0000,0.0000,3.0000,0.0000,4.0000,0.1646,4.9889,0.4543
8479414,DAL,92.8343,2.0013,2.7238,7.9837,13.7605,1.1691,0.9023,0.8494,4.6046,4.3672,11.4688,97.5594,23.0822,3.3281,3.7656,0.8849,5.1934,1.5572,1.3562,2.2543,1.0586,1.1957,1.7517,Nathan Bastian,F,8.5065,0.0000,2.0000,0.0000,2.0000,0.0000,3.0000,0.1527,11.3022,0.2374
8484135,WPG,65.7109,1.7604,3.2300,6.2782,12.0983,0.8226,0.7663,0.9817,3.1468,3.4441,7.0625,70.7013,11.5211,3.2468,2.9643,1.2136,2.3029,0.8857,0.8187,36.4402,17.9328,18.5074,1.7480,Parker Ford,F,10.0108,0.0000,2.0000,0.0000,2.0000,0.0000,3.0000,0.2475,12.2054,-0.2973
8481575,OTT,93.1634,4.8030,2.3679,7.6503,17.1496,0.3326,0.2794,1.4100,5.3277,4.3824,6.4844,100.3343,4.2005,6.7279,4.9604,1.6562,1.5861,0.8446,0.7836,0.0011,0.0005,0.0005,1.6893,Lassi Thomson,D,15.4732,0.0000,1.0000,0.0000,3.0000,0.0000,3.0000,0.2605,3.6517,0.9452
8484839,PIT,83.9289,1.7400,5.3529,5.3281,12.3137,0.2808,0.3200,1.3413,4.1066,5.0419,5.7344,91.0219,3.0520,6.8910,5.5272,1.1998,3.0746,1.1822,0.7189,0.0009,0.0005,0.0005,1.6612,Harrison Brunicke,D,15.8730,0.0000,1.0000,0.0000,3.0000,0.0000,3.0000,0.2897,6.0055,-0.9353
8482641,MIN,110.3063,1.4902,18.0308,6.8830,14.3666,0.3161,0.2219,1.4385,6.1283,7.2202,8.7188,129.8272,2.9789,9.8214,7.6014,1.6116,3.1059,1.3470,0.8908,0.0012,0.0006,0.0006,1.6603,Matt Kiersted,D,14.8906,0.0000,1.0000,0.0000,3.0000,0.0000,3.0000,0.1904,3.2233,-1.0919
8484305,BUF,115.7358,1.8026,16.0073,6.8158,15.0994,0.3968,0.3262,1.2721,6.1177,7.4141,9.2656,133.5457,1.8271,8.9233,7.2860,1.7032,2.6495,1.2832,0.9825,0.0004,0.0002,0.0002,1.5982,Zach Metsa,D,14.4130,0.0000,1.0000,0.0000,3.0000,0.0000,3.0000,0.1725,4.7855,-1.2964
8484392,CAR,46.7000,4.8195,1.3983,6.0594,10.2082,0.6091,0.5762,1.0146,3.1178,2.4296,4.3750,52.9178,3.1914,1.8169,2.7787,0.8371,1.4854,0.5635,0.6594,3.0676,1.5139,1.5537,1.5907,Felix Unger Sorum,F,12.0955,0.0000,2.0000,0.0000,2.0000,0.0000,3.0000,0.3636,9.5090,0.6882
8481004,CAR,92.4842,1.8872,10.3712,9.0718,16.0000,0.9163,0.6384,0.8881,5.3817,5.4708,8.9531,104.7426,6.4134,3.4686,4.8812,1.7644,3.6471,1.2702,1.2814,7.6207,3.7583,3.8624,1.5265,Josiah Slavin,F,11.6990,0.0000,2.0000,0.0000,2.0000,0.0000,3.0000,0.1705,7.0367,-0.0891
8481178,CBJ,125.1630,3.1967,4.8339,7.1361,18.7010,0.2855,0.2561,1.2308,6.8747,6.0035,10.8281,133.1935,2.8091,10.3955,6.7705,1.8723,2.2268,1.1290,0.5332,0.0002,0.0001,0.0001,1.4869,Egor Zamula,D,12.3007,0.0000,1.0000,0.0000,3.0000,0.0000,3.0000,0.1373,3.5895,0.8712
8482172,CHI,69.1085,1.4417,15.0661,7.0474,11.2418,0.8862,0.7365,0.7319,3.4986,5.6896,7.6719,85.6163,10.0407,3.1263,2.9010,1.2316,3.1842,1.0040,1.1461,0.8964,0.4622,0.4342,1.4684,Landon Slaggert,F,11.1598,0.0000,2.0000,0.0000,2.0000,0.0000,3.0000,0.1914,10.4503,-2.1910
8477979,MIN,71.0511,1.9372,1.4612,6.4993,13.6934,0.9169,0.6517,0.8116,3.7186,3.1973,7.1250,74.4495,12.4085,2.5025,3.5916,1.6487,3.4241,1.2053,1.1071,3.4335,1.6881,1.7455,1.4633,Nicolas Aube-Kubel,F,10.4491,0.0000,2.0000,0.0000,2.0000,0.0000,3.0000,0.2054,10.0278,0.5213
8480828,TBL,204.6545,4.4206,18.4128,11.9298,27.2277,0.5091,0.4205,1.0221,11.1432,11.0320,16.4844,227.4879,8.8159,16.2768,11.2834,3.0578,5.9549,1.8794,1.1879,0.0022,0.0011,0.0011,1.4426,Michael Callahan,D,13.8002,0.0000,1.0000,0.0000,2.0000,0.0000,3.0000,0.0875,3.5251,0.1112
8481712,BOS,35.7658,4.4213,0.7794,5.5893,9.0377,0.6833,0.6582,0.7661,2.2660,2.0259,4.2656,40.9665,2.9329,1.3514,2.0203,0.6279,0.8341,0.3796,0.5056,1.5968,0.7787,0.8181,1.4243,Matj  Blmel,F,9.6039,0.0000,2.0000,0.0000,2.0000,0.0000,3.0000,0.3339,11.7758,0.2401
8482168,TBL,89.1677,3.9918,4.1813,5.9728,11.7189,0.2305,0.3072,1.0586,4.9471,4.4482,6.7812,97.3408,3.2218,6.6795,5.0247,1.3579,2.4230,1.0094,0.6449,0.0027,0.0014,0.0013,1.3657,Maxim Groshev,D,14.3544,0.0000,1.0000,0.0000,2.0000,0.0000,3.0000,0.2014,5.1431,0.4989
8485469,CBJ,46.8679,3.3502,1.5637,6.1591,10.4292,0.6051,0.5553,0.7484,2.8030,2.3534,4.5000,51.7819,3.7324,1.7563,2.5633,0.8818,1.4847,0.5560,0.6502,8.2885,4.1553,4.1332,1.3037,Jack Williams,F,11.5071,0.0000,2.0000,0.0000,2.0000,0.0000,3.0000,0.2897,9.0159,0.4496
8483712,FLA,87.8562,2.5628,5.9012,5.0220,10.1718,0.2223,0.3063,0.9931,4.6647,4.8318,6.1875,96.3202,1.8858,6.7771,5.0581,1.3877,1.9887,0.9223,0.6047,0.0012,0.0006,0.0006,1.2994,Ludvig Jansson,D,15.5669,0.0000,1.0000,0.0000,2.0000,0.0000,3.0000,0.2100,6.0987,-0.1671
8481550,COL,52.1384,2.2889,1.5385,6.6888,12.0919,0.6773,0.5580,0.6688,3.0185,2.5206,6.2500,55.9658,5.3340,1.8273,2.4962,0.8905,3.0123,0.5986,0.7319,3.3360,1.6941,1.6419,1.2268,Adam Beckman,F,8.9545,0.0000,2.0000,0.0000,2.0000,0.0000,3.0000,0.1963,8.3420,0.4979
8478409,PHI,44.3114,3.5758,0.7015,5.2994,9.4304,0.5636,0.4440,0.7813,2.3909,2.1780,4.4219,48.5887,3.5670,1.7059,2.1987,0.7792,0.8134,0.4081,0.5704,10.5929,5.2259,5.3670,1.2253,Anthony Richard,F,10.9883,0.0000,1.0000,0.0000,2.0000,0.0000,3.0000,0.2771,8.3787,0.2129
8483448,NYI,106.2838,2.3785,3.8957,7.1461,16.9298,0.2446,0.1990,1.0255,5.0693,5.6635,8.8594,112.5580,3.0381,7.3786,5.5949,1.5751,1.8289,0.9325,0.4971,0.0007,0.0004,0.0004,1.2245,Isaiah George,D,12.7050,0.0000,1.0000,0.0000,2.0000,0.0000,3.0000,0.1382,2.7854,-0.5942
8481560,OTT,37.5935,2.8117,0.4508,7.1194,12.1792,0.7657,0.6229,0.5846,2.2596,1.7266,3.5625,40.8560,2.1276,1.0630,2.0281,0.5410,0.9061,0.4215,0.3777,1.0526,0.5115,0.5410,1.2075,Arthur Kaliyev,F,11.4683,0.0000,2.0000,0.0000,2.0000,0.0000,3.0000,0.3389,8.7496,0.5330
8483709,CGY,55.3553,1.7406,2.3267,2.6885,7.6044,0.1117,0.2215,0.9280,2.3964,3.3365,4.2031,59.4225,2.7216,3.8518,3.0409,0.8014,1.8059,0.6916,0.3822,0.0011,0.0006,0.0005,1.1496,Abram Wiebe,D,14.1377,0.0000,1.0000,0.0000,2.0000,0.0000,3.0000,0.2735,8.2391,-0.9401
8485493,EDM,49.5319,2.0652,1.2015,6.5101,11.2370,0.7387,0.5336,0.5710,2.6455,2.2528,5.6406,52.7986,3.8624,1.5968,2.6074,0.8065,1.9352,0.7425,0.6193,14.8881,7.2830,7.6050,1.1047,David Tomasek,F,9.3604,0.0000,1.0000,0.0000,2.0000,0.0000,3.0000,0.1958,8.1972,0.3927
8484901,TOR,55.1614,0.9773,12.8726,4.7816,8.8754,0.4489,0.3188,0.6830,2.8113,4.9208,5.7656,69.0113,12.2028,2.8280,3.3940,1.2688,1.2585,0.6094,0.9379,35.4964,15.7194,19.7770,1.0018,Jacob Quillan,F,11.9694,0.0000,1.0000,0.0000,2.0000,0.0000,2.0000,0.1738,6.6678,-2.1096
8485511,EDM,24.9781,0.8825,0.7485,2.6887,4.8559,0.3257,0.4559,0.5318,1.3026,1.1518,2.7188,26.6090,1.0675,0.8460,1.4459,0.4001,0.8279,0.3060,0.3172,1.6274,0.8092,0.8182,0.9877,Quinn Hutson,F,9.7872,0.0000,1.0000,0.0000,2.0000,0.0000,2.0000,0.3633,16.9574,0.1508
8479393,FLA,36.7624,2.0086,3.4154,4.6933,8.9031,0.6587,0.4284,0.4939,2.1024,2.2178,3.7500,42.1864,5.5560,1.6053,1.5776,0.5908,1.5898,0.4659,0.5754,3.3727,1.6016,1.7711,0.9223,Noah Gregor,F,11.2497,0.0000,1.0000,0.0000,1.0000,0.0000,2.0000,0.2459,9.1287,-0.1154
8479388,EDM,83.8464,1.5796,3.2162,4.3837,12.6182,0.2553,0.2081,0.6697,4.1739,3.9242,6.2969,88.6422,10.2063,6.1491,4.7257,1.1543,3.9933,0.9746,0.5528,0.0015,0.0008,0.0008,0.8778,Riley Stillman,D,14.0772,0.0000,1.0000,0.0000,2.0000,0.0000,2.0000,0.1394,4.7469,0.2496
8482623,BUF,42.8312,0.9641,1.5429,4.1935,8.0518,0.5212,0.3946,0.4764,2.1372,2.1274,4.6562,45.3381,5.3749,1.8478,2.1731,0.7498,4.0354,0.7625,0.8729,14.5459,7.6739,6.8720,0.8710,Josh Dunne,F,9.7370,0.0000,1.0000,0.0000,1.0000,0.0000,2.0000,0.1871,9.4090,0.0098
8480054,MTL,44.6571,2.6860,2.3820,3.4929,6.7070,0.1332,0.2027,0.6529,2.5248,2.5303,3.0625,49.7251,2.5695,2.8797,2.6934,0.6318,1.5165,0.5788,0.3868,0.0000,0.0000,0.0000,0.8557,Reilly Walsh,D,16.2368,0.0000,1.0000,0.0000,2.0000,0.0000,2.0000,0.2794,5.8043,-0.0055
8482132,MTL,39.4347,0.9353,1.1757,5.0216,10.0069,0.5512,0.4837,0.3506,1.9803,1.9967,4.0000,41.5457,5.1985,1.8165,2.1480,0.6565,1.2214,0.5202,0.5919,0.8335,0.4111,0.4225,0.8343,Brett Berard,F,10.3864,0.0000,1.0000,0.0000,1.0000,0.0000,2.0000,0.2086,9.6330,-0.0164
8480825,SJS,38.1470,1.4081,3.7351,4.4466,7.0290,0.4251,0.3316,0.4785,1.9964,2.4242,4.7656,43.2902,4.8183,1.5885,2.1338,0.6192,0.7108,0.3602,0.4662,17.6830,8.5141,9.1689,0.8101,Patrick Giles,F,9.0838,0.0000,1.0000,0.0000,1.0000,0.0000,2.0000,0.1700,7.4571,-0.4278
8484287,NYI,42.6684,1.2337,1.8937,3.0472,6.7430,0.1923,0.1774,0.6291,2.0554,2.3680,3.6875,45.7959,3.2714,3.4000,2.4192,0.7407,1.0236,0.4541,0.2952,0.0008,0.0004,0.0004,0.8065,Cole McWard,D,12.4192,0.0000,1.0000,0.0000,2.0000,0.0000,2.0000,0.2187,5.8207,-0.3126
8484148,PHI,47.7888,3.5422,5.2500,3.7298,7.6234,0.1794,0.2029,0.6027,2.8611,2.9339,3.1406,56.5810,3.9465,3.8085,3.0405,0.7965,1.4505,0.5936,0.3778,0.0017,0.0009,0.0009,0.8056,Oliver Bonk,D,18.0158,0.0000,1.0000,0.0000,2.0000,0.0000,2.0000,0.2565,5.4395,-0.0728
8477971,DET,91.4831,2.5954,6.8360,4.3947,10.0346,0.1789,0.1375,0.6565,4.2958,5.5688,8.8906,100.9145,13.5426,7.1328,5.0018,1.1420,7.9405,1.1459,0.8524,0.0005,0.0003,0.0003,0.7940,Andreas Englund,D,11.3507,0.0000,1.0000,0.0000,2.0000,0.0000,2.0000,0.0893,3.1296,-1.2730
8483406,LAK,32.2140,1.5255,1.1683,4.6272,9.3723,0.5103,0.3811,0.4111,1.8150,1.7143,4.4219,34.9079,3.8199,1.0362,1.8359,0.4422,0.8208,0.2690,0.3689,1.5639,0.7892,0.7748,0.7922,Taylor Ward,F,7.8944,0.0000,1.0000,0.0000,1.0000,0.0000,2.0000,0.1792,8.2368,0.1007
8482785,CAR,20.6064,1.2170,0.4259,2.9156,4.7451,0.2746,0.3233,0.4623,1.2194,1.0285,2.0938,22.2493,2.1867,0.7289,1.0853,0.3409,0.5557,0.2259,0.2957,15.8830,7.7861,8.0969,0.7856,Justin Robidas,F,10.6265,0.0000,1.0000,0.0000,1.0000,0.0000,2.0000,0.3752,11.0877,0.1909
8482525,TOR,27.0604,1.0164,1.4174,2.7300,4.4017,0.2573,0.3310,0.4288,1.2454,1.6844,2.8438,29.4943,3.0234,1.0004,1.4433,0.4633,1.0747,0.3643,0.4007,7.9878,3.8892,4.0986,0.7599,Ryan Tverberg,F,10.3716,0.0000,1.0000,0.0000,1.0000,0.0000,2.0000,0.2672,12.1248,-0.4390
8480001,NYR,52.2058,0.8256,6.0431,3.0917,7.0490,0.1494,0.1437,0.6114,2.4218,3.1856,4.1562,59.0745,1.5060,3.4502,2.8106,0.6737,1.4387,0.6930,0.4726,0.0001,0.0001,0.0001,0.7551,Urho Vaakanainen,D,14.2134,0.0000,1.0000,0.0000,2.0000,0.0000,2.0000,0.1817,4.6489,-0.7638
8480259,MIN,34.3317,1.2438,2.6864,4.3414,7.1121,0.4447,0.2831,0.4221,1.8957,1.8651,3.9531,38.2619,8.2443,1.4918,1.7249,0.4774,0.9391,0.2289,0.4977,16.2634,8.5192,7.7442,0.7052,Ben Jones,F,9.6789,0.0000,1.0000,0.0000,1.0000,0.0000,2.0000,0.1784,6.5200,0.0306
8482911,CAR,40.5231,0.7075,2.6403,3.2664,7.8898,0.1216,0.1003,0.5713,2.2569,2.1452,3.2031,43.8710,0.8630,2.2501,2.3529,0.5188,0.6532,0.3466,0.2063,0.0001,0.0000,0.0000,0.6716,Joel Nystrom,D,13.6963,0.0000,0.0000,0.0000,2.0000,0.0000,2.0000,0.2097,3.0702,0.1117
8486056,CGY,20.0778,0.5793,2.1049,2.3993,3.9209,0.1932,0.2840,0.3734,0.9238,1.3746,2.0000,22.7620,1.5567,0.8892,1.0713,0.3655,0.6858,0.2594,0.2670,17.7094,8.9834,8.7259,0.6574,Tyson Gross,F,11.3810,0.0000,1.0000,0.0000,1.0000,0.0000,2.0000,0.3287,11.8368,-0.4508
8479395,NJD,53.8556,1.0346,1.7067,3.2536,7.1563,0.1452,0.1172,0.5368,2.8116,2.7390,3.5938,56.5969,0.7842,3.7594,3.4963,0.8603,1.1045,0.5318,0.2169,0.0002,0.0001,0.0001,0.6541,Dennis Cholowski,D,15.7487,0.0000,1.0000,0.0000,2.0000,0.0000,2.0000,0.1820,3.6034,0.0726
8480058,VAN,49.9858,1.0125,3.3650,2.9397,7.3943,0.1576,0.1234,0.5226,2.0556,3.3146,3.6562,54.3634,2.4193,3.1808,3.2420,1.1027,2.0159,0.7332,0.3169,0.0001,0.0000,0.0000,0.6460,Pierre-Olivier Joseph,D,14.8686,0.0000,1.0000,0.0000,2.0000,0.0000,2.0000,0.1767,4.1987,-1.2590
8483433,FLA,15.9007,0.6407,0.3533,2.0596,3.6807,0.1918,0.2571,0.3832,0.8226,0.7985,1.8906,16.8948,1.3449,0.4971,0.8137,0.2545,0.5403,0.1977,0.2213,0.5757,0.2831,0.2925,0.6404,Jack Devine,F,8.9361,0.0000,1.0000,0.0000,1.0000,0.0000,2.0000,0.3387,12.4844,0.0242
8484214,CBJ,20.8034,1.2680,0.5182,3.0583,4.9774,0.3179,0.2622,0.3758,1.2037,1.0101,1.7812,22.5896,1.4653,0.7292,1.1379,0.3446,0.5644,0.2294,0.2727,5.8383,2.9398,2.8985,0.6380,Luca Pinelli,F,12.6819,0.0000,1.0000,0.0000,1.0000,0.0000,2.0000,0.3582,8.5734,0.1936
8480887,BOS,34.9694,0.8466,4.8326,2.6033,5.0185,0.1310,0.1095,0.4894,1.9391,2.3760,2.5781,40.6487,1.5448,2.8836,1.7717,0.5145,0.8057,0.3969,0.2917,0.0001,0.0001,0.0001,0.5989,Jordan Harris,D,15.7668,0.0000,1.0000,0.0000,1.0000,0.0000,2.0000,0.2323,4.2080,-0.4369
8481715,STL,39.0433,1.5528,2.9894,2.4724,5.7556,0.1013,0.1539,0.4255,2.0229,2.2669,2.9531,43.5856,4.9496,3.0790,2.2242,0.6184,1.1474,0.4621,0.2930,0.0013,0.0007,0.0006,0.5794,Hunter Skinner,D,14.7591,0.0000,1.0000,0.0000,1.0000,0.0000,2.0000,0.1962,6.2231,-0.2440
8477996,NJD,29.2083,1.8303,0.8548,2.4940,4.3598,0.3290,0.2531,0.3214,1.7023,1.5216,3.7656,31.8934,4.9009,1.3566,1.2715,0.4521,0.7284,0.3234,0.3126,17.1853,8.5413,8.6440,0.5745,Juho Lammikko,F,8.4696,0.0000,1.0000,0.0000,1.0000,0.0000,2.0000,0.1526,10.1474,0.1807
8483546,TOR,42.5683,0.9329,3.2631,2.4833,5.0220,0.0911,0.1133,0.4524,1.9176,2.7639,3.4531,46.7643,2.2137,3.2802,2.4148,0.6525,1.1360,0.4801,0.3099,0.0011,0.0005,0.0006,0.5656,Marshall Rifai,D,13.5426,0.0000,1.0000,0.0000,1.0000,0.0000,2.0000,0.1638,4.5610,-0.8463
8479421,LAK,49.2571,1.1277,2.4662,3.2018,7.6677,0.1052,0.0781,0.4764,2.6046,2.7199,4.4219,52.8509,2.1215,4.3582,2.3492,0.6217,1.0154,0.4943,0.2394,0.0002,0.0001,0.0001,0.5545,Jacob Moverare,D,11.9521,0.0000,0.0000,0.0000,1.0000,0.0000,2.0000,0.1254,2.4392,-0.1153
8479644,STL,25.1303,1.1522,0.5483,3.4453,5.8085,0.3287,0.2640,0.2868,1.2665,1.2261,2.7188,26.8309,3.4466,1.0360,1.2206,0.4781,0.6583,0.2703,0.3222,1.0056,0.5110,0.4946,0.5508,Matt Luff,F,9.8688,0.0000,1.0000,0.0000,1.0000,0.0000,2.0000,0.2026,7.6631,0.0404
8481019,PIT,28.6757,0.7193,1.3396,2.6883,4.6548,0.2831,0.2382,0.3008,1.3499,1.6421,3.1406,30.7345,2.0553,1.3141,1.1603,0.4218,0.5018,0.1859,0.2970,21.1971,10.7036,10.4936,0.5390,David Gustafsson,F,9.7861,0.0000,1.0000,0.0000,1.0000,0.0000,2.0000,0.1716,8.8598,-0.2921
8478062,CBJ,45.2122,0.9821,3.6827,3.2790,6.3409,0.1294,0.1165,0.4183,2.5241,2.4487,3.8438,49.8770,1.5983,3.4050,2.4879,0.6937,1.2295,0.5151,0.3296,0.0012,0.0006,0.0006,0.5347,Dysin Mayo,D,12.9761,0.0000,1.0000,0.0000,1.0000,0.0000,2.0000,0.1391,3.5517,0.0754
8484200,SJS,12.5913,1.7821,0.8351,1.8831,3.1030,0.1938,0.2326,0.2765,0.8061,0.8042,1.3594,15.2085,1.3473,0.5301,0.8182,0.2441,0.5023,0.1809,0.2161,1.4082,0.6197,0.7886,0.5091,Quentin Musty,F,11.1878,0.0000,1.0000,0.0000,1.0000,0.0000,1.0000,0.3745,12.3514,0.0019
8482479,BUF,18.0156,1.3793,0.7909,2.2519,3.9831,0.2196,0.2356,0.2529,1.0318,0.9539,2.0312,20.1858,1.8599,0.6597,0.9784,0.3235,0.5923,0.2187,0.2544,7.8651,4.0083,3.8568,0.4885,Trevor Kuntar,F,9.9376,0.0000,1.0000,0.0000,1.0000,0.0000,1.0000,0.2405,10.4634,0.0778
8482781,MIN,27.8435,0.9247,3.0549,1.9684,4.1817,0.0947,0.1238,0.3366,1.5662,1.6652,2.2500,31.8230,1.3004,2.2506,1.7270,0.4518,0.8397,0.3377,0.2141,0.0009,0.0004,0.0004,0.4604,Carson Lambos,D,14.1436,0.0000,1.0000,0.0000,1.0000,0.0000,1.0000,0.2046,6.2869,-0.0989
8482162,EDM,11.0652,0.4901,0.3146,1.2483,2.0022,0.1366,0.2081,0.2452,0.5941,0.5130,1.3594,11.8699,0.8217,0.5179,0.5725,0.1828,0.4048,0.1459,0.1411,2.0820,1.0233,1.0587,0.4534,Roby Jarventie,F,8.7319,0.0000,1.0000,0.0000,1.0000,0.0000,1.0000,0.3335,16.6720,0.0811
8481848,PHI,13.3550,0.3961,0.7262,1.6254,2.5894,0.1580,0.1986,0.2006,0.6368,0.6987,1.5625,14.4773,1.2977,0.4907,0.7119,0.2307,0.3338,0.1420,0.1882,9.5158,4.7356,4.7802,0.3992,Jacob Gaucher,F,9.2655,0.0000,1.0000,0.0000,1.0000,0.0000,1.0000,0.2555,12.2178,-0.0619
8478841,NJD,30.0877,0.4472,1.3213,1.6638,3.5679,0.0693,0.0575,0.3126,1.5636,1.5805,2.2344,31.8562,2.3772,2.0223,1.8552,0.4514,0.4882,0.2608,0.2169,0.0002,0.0001,0.0001,0.3701,Colton White,D,14.2573,0.0000,0.0000,0.0000,1.0000,0.0000,1.0000,0.1656,3.4587,-0.0169
8483930,COL,17.7294,0.6424,0.5342,1.6201,2.7685,0.1809,0.1535,0.2130,1.0052,0.8511,2.3750,18.9061,0.7631,0.5144,0.9725,0.2275,0.4758,0.2086,0.1778,6.2956,2.9706,3.3250,0.3665,Ivan Ivan,F,7.9604,0.0000,1.0000,0.0000,1.0000,0.0000,1.0000,0.1543,9.4767,0.1540
8475968,MTL,16.2945,0.3540,1.7755,1.9522,2.8871,0.1724,0.1434,0.2226,0.8619,1.0131,1.5156,18.4240,1.6322,0.6421,0.9912,0.2957,0.6085,0.2192,0.2618,1.9204,0.8185,1.1018,0.3660,Alex Belzile,F,12.1560,0.0000,1.0000,0.0000,1.0000,0.0000,1.0000,0.2415,7.3438,-0.1512
8482682,MTL,10.6566,0.7455,0.4039,1.4272,2.2401,0.1412,0.1517,0.2137,0.6126,0.5818,1.0156,11.8059,1.0459,0.4115,0.6352,0.1895,0.3899,0.1404,0.1677,1.2281,0.5238,0.7043,0.3654,Sasha Pastujov,F,11.6243,0.0000,1.0000,0.0000,1.0000,0.0000,1.0000,0.3598,10.6316,0.0308
8482408,ANA,16.0498,0.5743,0.7969,1.8672,3.9949,0.2131,0.1685,0.1942,0.8308,0.9839,2.0156,17.4210,5.0298,0.7741,0.7277,0.2767,1.4188,0.2508,0.2534,0.5404,0.2649,0.2755,0.3627,Jeff Malott,F,8.6430,0.0000,1.0000,0.0000,1.0000,0.0000,1.0000,0.1799,9.0218,-0.1532
8479383,TBL,17.4702,0.5233,1.2381,2.1709,4.1693,0.2028,0.1618,0.1933,0.9540,0.9215,1.7031,19.2315,2.2717,0.5687,0.9361,0.3232,0.3772,0.1807,0.2038,4.1606,2.0332,2.1274,0.3551,Boris Katchouk,F,11.2919,0.0000,1.0000,0.0000,1.0000,0.0000,1.0000,0.2085,7.4545,0.0325
8482673,OTT,10.0702,0.4244,0.3216,1.5831,2.9143,0.1624,0.1575,0.1938,0.5629,0.4790,1.1406,10.8162,1.2637,0.3478,0.5359,0.1717,0.3074,0.1157,0.1352,0.8751,0.4252,0.4498,0.3513,Xavier Bourgault,F,9.4827,0.0000,1.0000,0.0000,1.0000,0.0000,1.0000,0.3080,9.9504,0.0839
8481547,TBL,32.4100,1.2618,1.5447,2.3340,4.6724,0.0868,0.0733,0.2762,1.7624,1.6245,2.0938,35.2165,2.4449,2.5358,1.7801,0.4955,0.9016,0.3693,0.2775,0.0011,0.0005,0.0005,0.3494,Simon Lundmark,D,16.8198,0.0000,0.0000,0.0000,1.0000,0.0000,1.0000,0.1669,3.1398,0.1379
8484933,FLA,24.5164,0.3050,3.3473,1.4873,3.2190,0.1071,0.0824,0.2605,1.3313,1.5444,1.8281,28.1687,1.4182,1.8412,1.5839,0.4109,0.6030,0.2741,0.2111,0.0004,0.0002,0.0002,0.3430,Mikulas Hovorka,D,15.4085,0.0000,0.0000,0.0000,1.0000,0.0000,1.0000,0.1876,5.5436,-0.2131
8481567,WPG,36.0458,0.6073,3.7960,2.2541,4.3193,0.0792,0.0650,0.2583,1.7233,2.2093,2.4219,40.4491,1.4048,2.5318,1.8309,0.4830,0.9677,0.3755,0.1952,0.0002,0.0001,0.0001,0.3233,Henry Thrun,D,16.7016,0.0000,0.0000,0.0000,1.0000,0.0000,1.0000,0.1335,2.8842,-0.4860
8478502,OTT,24.0800,0.3555,1.5537,1.1106,2.7939,0.0504,0.0387,0.2759,1.2324,1.2420,1.8281,25.9892,3.3106,2.3289,1.2647,0.3334,2.0116,0.3946,0.2439,0.0002,0.0001,0.0001,0.3146,Dennis Gilbert,D,14.2163,0.0000,0.0000,0.0000,1.0000,0.0000,1.0000,0.1721,3.4826,-0.0096
8480871,NYI,14.3748,1.3252,0.5518,1.1509,2.8345,0.0731,0.0619,0.2120,0.7817,0.8347,1.1719,16.2518,0.4339,0.9409,0.7886,0.1993,0.2518,0.1278,0.0730,0.0000,0.0000,0.0000,0.2739,Adam Boqvist,D,13.8682,0.0000,0.0000,0.0000,1.0000,0.0000,1.0000,0.2337,5.3806,-0.0531
8481562,CAR,16.1108,0.3249,2.2084,1.5057,2.8731,0.0577,0.0651,0.2038,0.9643,0.9941,1.0938,18.6441,1.0272,1.3776,0.9181,0.2515,0.5568,0.2143,0.1199,0.0004,0.0002,0.0002,0.2688,Domenick Fensore,D,17.0460,0.0000,0.0000,0.0000,1.0000,0.0000,1.0000,0.2458,4.3221,-0.0298
8482067,NYR,19.2316,0.3121,2.4008,1.4540,2.9580,0.0728,0.0617,0.1690,0.8888,1.2203,1.6094,21.9445,1.3115,1.4935,1.1853,0.2870,1.4445,0.2775,0.1374,0.0005,0.0002,0.0003,0.2307,Connor Mackey,D,13.6354,0.0000,0.0000,0.0000,1.0000,0.0000,1.0000,0.1433,4.2425,-0.3315
8482663,TBL,5.1880,0.3382,0.1489,0.6769,1.0609,0.0562,0.0959,0.0998,0.2905,0.2622,0.5781,5.6751,0.5376,0.1795,0.2771,0.0968,0.1530,0.0595,0.0702,0.3977,0.2018,0.1960,0.1957,Dylan Duke,F,9.8164,0.0000,0.0000,0.0000,0.0000,0.0000,1.0000,0.3385,14.1611,0.0283
8483444,ANA,6.1585,0.2577,0.6370,0.7690,1.1586,0.0609,0.0895,0.1039,0.3330,0.4349,0.7188,7.0532,0.9878,0.2368,0.3428,0.1198,0.1897,0.0738,0.0953,3.7649,1.8469,1.9180,0.1933,Nathan Gaucher,F,9.8131,0.0000,0.0000,0.0000,0.0000,0.0000,1.0000,0.2690,11.6371,-0.1019
8481594,NJD,7.8999,0.2856,0.3102,0.9090,1.4227,0.0935,0.1012,0.0920,0.4232,0.4214,0.9062,8.4958,1.3756,0.2939,0.3945,0.1312,0.2160,0.0869,0.1036,0.7258,0.3631,0.3627,0.1932,Nathan Lgar,F,9.3746,0.0000,0.0000,0.0000,0.0000,0.0000,1.0000,0.2132,11.1361,0.0018
8484255,COL,6.2910,0.1850,0.1681,0.7423,1.3748,0.0725,0.0859,0.0938,0.3514,0.2938,0.7812,6.6441,1.3053,0.2500,0.2927,0.0979,0.1789,0.0714,0.0880,0.2850,0.1453,0.1397,0.1798,Jason Polin,F,8.5044,0.0000,0.0000,0.0000,0.0000,0.0000,1.0000,0.2301,11.5767,0.0577
8481599,BOS,9.2155,0.5880,0.3884,0.7127,1.4737,0.0382,0.0325,0.1223,0.5308,0.5151,0.7031,10.1919,0.2286,0.7711,0.5975,0.1474,0.1635,0.0865,0.0595,0.0001,0.0000,0.0000,0.1548,Victor Soderstrom,D,14.4952,0.0000,0.0000,0.0000,1.0000,0.0000,1.0000,0.2202,4.5674,0.0157
8481556,CGY,7.2036,0.1884,1.4756,0.9226,1.5905,0.0818,0.0615,0.0891,0.3607,0.5890,0.7031,8.8675,0.8155,0.5661,0.4167,0.1396,0.3966,0.1099,0.1052,5.7656,2.8858,2.8798,0.1506,John Beecher,F,12.6116,0.0000,0.0000,0.0000,0.0000,0.0000,1.0000,0.2142,6.6673,-0.2283
8483503,PIT,16.6929,0.2314,1.5415,0.9140,2.4460,0.0344,0.0296,0.1183,0.8131,1.0780,1.2656,18.4658,0.6059,1.1203,0.8590,0.2577,0.4336,0.1960,0.1163,0.0002,0.0001,0.0001,0.1479,Owen Pickering,D,14.5902,0.0000,0.0000,0.0000,1.0000,0.0000,1.0000,0.1169,3.2387,-0.2649
8482624,CGY,9.7184,0.2326,0.7984,0.7980,1.9105,0.0340,0.0299,0.0989,0.4309,0.6400,0.6094,10.7494,0.2305,0.7183,0.5552,0.1447,0.1956,0.0964,0.0491,0.0001,0.0000,0.0000,0.1289,Daniil Miromanov,D,17.6400,0.0000,0.0000,0.0000,0.0000,0.0000,1.0000,0.2114,3.7489,-0.2091
8481564,BUF,9.3695,0.1706,0.3856,0.6304,1.5672,0.0332,0.0288,0.0984,0.4522,0.4940,0.7344,9.9257,0.2724,0.6784,0.5352,0.1762,0.2836,0.1255,0.0551,0.0001,0.0000,0.0000,0.1273,Ryan Johnson,D,13.5159,0.0000,0.0000,0.0000,0.0000,0.0000,1.0000,0.1733,4.5763,-0.0418
8484169,NYR,5.7902,0.3101,0.2191,0.2675,0.6815,0.0129,0.0279,0.0980,0.2692,0.3114,0.5312,6.3194,0.2924,0.4150,0.3118,0.0766,0.1808,0.0736,0.0370,0.0001,0.0000,0.0000,0.1260,Drew Fortescue,D,11.8953,0.0000,0.0000,0.0000,0.0000,0.0000,1.0000,0.2371,10.4464,-0.0422
8481491,CAR,6.0477,0.1946,0.6275,0.7157,1.1342,0.0784,0.0556,0.0694,0.3520,0.3688,0.7656,6.8698,0.9915,0.2008,0.3345,0.1199,0.1651,0.0725,0.0776,4.5384,2.2805,2.2579,0.1250,Noah Philp,F,8.9728,0.0000,0.0000,0.0000,0.0000,0.0000,1.0000,0.1632,7.7709,-0.0168
8481569,NYI,5.5427,0.1452,0.4368,0.4576,1.0779,0.0188,0.0254,0.0967,0.2702,0.3364,0.5156,6.1247,0.4157,0.4114,0.3374,0.0857,0.2001,0.0761,0.0510,0.0001,0.0000,0.0000,0.1222,Marshall Warren,D,11.8782,0.0000,0.0000,0.0000,0.0000,0.0000,1.0000,0.2369,5.5556,-0.0662
8482890,MTL,7.3772,0.2630,0.5993,0.4788,0.9921,0.0213,0.0325,0.0888,0.3960,0.4444,0.5312,8.2395,0.4258,0.4772,0.4463,0.1047,0.2513,0.0959,0.0641,0.0000,0.0000,0.0000,0.1212,Ethan Samson,D,15.5097,0.0000,0.0000,0.0000,0.0000,0.0000,1.0000,0.2282,6.7798,-0.0484
8484529,EDM,3.3040,0.1314,0.1494,0.3906,0.7166,0.0390,0.0498,0.0623,0.1773,0.1608,0.4062,3.5848,0.9197,0.1334,0.1875,0.0551,0.2873,0.0619,0.0604,1.1012,0.5512,0.5501,0.1121,Connor Clattenburg,F,8.8242,0.0000,0.0000,0.0000,0.0000,0.0000,1.0000,0.2760,12.7497,0.0165
8479543,TOR,7.7633,0.2915,0.3514,0.6046,1.1119,0.0731,0.0497,0.0596,0.3530,0.4770,1.0312,8.4062,3.6534,0.3464,0.4336,0.1001,1.1815,0.2015,0.0993,0.3117,0.1470,0.1647,0.1093,Michael Pezzetta,F,8.1515,0.0000,0.0000,0.0000,0.0000,0.0000,1.0000,0.1060,8.2221,-0.1240
8483630,SJS,4.1373,0.3047,0.1485,0.5461,0.8844,0.0710,0.0537,0.0520,0.2296,0.2277,0.4219,4.5905,0.7907,0.1300,0.2042,0.0678,0.2229,0.0592,0.0603,0.2550,0.1338,0.1211,0.1057,Pavol Regenda,F,10.8812,0.0000,0.0000,0.0000,0.0000,0.0000,0.0000,0.2506,9.8381,0.0019
8481600,FLA,8.9030,0.0940,0.8121,0.4351,0.9657,0.0293,0.0231,0.0825,0.4631,0.5047,0.5938,9.8091,0.5328,0.7211,0.4613,0.1099,0.1613,0.0828,0.0498,0.0000,0.0000,0.0000,0.1056,Tobias Bjornfot,D,16.5206,0.0000,0.0000,0.0000,0.0000,0.0000,1.0000,0.1778,5.3103,-0.0416
8482148,PIT,4.5771,0.1712,0.1540,0.3769,0.6656,0.0485,0.0412,0.0566,0.2147,0.2578,0.4375,4.9023,0.3294,0.1851,0.2658,0.0721,0.1380,0.0446,0.0632,2.6974,1.1238,1.5736,0.0979,Hendrix Lapierre,F,11.2052,0.0000,0.0000,0.0000,0.0000,0.0000,0.0000,0.2237,10.9436,-0.0431
8483039,COL,2.5167,0.1135,0.0946,0.3448,0.5633,0.0319,0.0424,0.0399,0.1482,0.1248,0.3125,2.7248,0.4934,0.0912,0.1364,0.0425,0.0729,0.0285,0.0335,0.7700,0.3924,0.3776,0.0823,Tristen Nielsen,F,8.7194,0.0000,0.0000,0.0000,0.0000,0.0000,0.0000,0.2635,12.3075,0.0234
8482804,PHI,4.9820,0.1215,0.4684,0.2848,0.6122,0.0105,0.0173,0.0539,0.2482,0.2904,0.3594,5.5718,0.4489,0.3755,0.2947,0.0754,0.1260,0.0555,0.0359,0.0001,0.0001,0.0001,0.0712,Ty Murchison,D,15.5042,0.0000,0.0000,0.0000,0.0000,0.0000,0.0000,0.1982,6.0820,-0.0423
8479339,MTL,1.5652,0.4257,0.0255,0.3098,0.5422,0.0372,0.0346,0.0332,0.1341,0.0965,0.1406,2.0164,0.0732,0.0675,0.1286,0.0341,0.0459,0.0213,0.0267,0.1287,0.0623,0.0665,0.0677,Patrik Laine,F,14.3391,0.0000,0.0000,0.0000,0.0000,0.0000,0.0000,0.4817,11.1602,0.0376
8478967,PHI,3.4526,0.1775,0.0961,0.3251,0.5723,0.0334,0.0258,0.0386,0.1732,0.1679,0.3594,3.7261,0.8241,0.1361,0.2038,0.0616,0.0920,0.0376,0.0448,2.4572,1.2185,1.2387,0.0644,Lane Pederson,F,10.3684,0.0000,0.0000,0.0000,0.0000,0.0000,0.0000,0.1792,7.9390,0.0053
8483760,PHI,5.0774,0.3246,0.5900,0.3159,0.7358,0.0149,0.0133,0.0479,0.2938,0.3324,0.3594,5.9920,0.7285,0.4186,0.3035,0.0845,0.2647,0.0848,0.0473,0.0002,0.0001,0.0001,0.0612,Hunter McDonald,D,16.6734,0.0000,0.0000,0.0000,0.0000,0.0000,0.0000,0.1703,4.2205,-0.0386
8481572,WPG,4.2152,0.2776,0.1186,0.3346,0.7297,0.0188,0.0153,0.0454,0.2149,0.2233,0.3125,4.6114,0.2301,0.2954,0.2398,0.0747,0.1253,0.0538,0.0385,0.0000,0.0000,0.0000,0.0607,Ville Heinola,D,14.7566,0.0000,0.0000,0.0000,0.0000,0.0000,0.0000,0.1943,4.5736,-0.0084
8484821,CGY,2.2114,0.0931,0.2569,0.2882,0.5245,0.0327,0.0255,0.0300,0.1053,0.1580,0.2344,2.5614,0.4717,0.0870,0.1259,0.0427,0.1708,0.0261,0.0341,1.8951,1.0061,0.8890,0.0555,Sam Morton,F,10.9286,0.0000,0.0000,0.0000,0.0000,0.0000,0.0000,0.2368,8.8306,-0.0526
8484125,MTL,2.4794,0.2217,0.0339,0.2814,0.4556,0.0307,0.0233,0.0311,0.1492,0.1276,0.2188,2.7350,0.2423,0.0953,0.1471,0.0439,0.0903,0.0325,0.0389,1.0636,0.4709,0.5927,0.0544,Hunter McKown,F,12.5029,0.0000,0.0000,0.0000,0.0000,0.0000,0.0000,0.2486,8.2646,0.0215
8480021,FLA,3.6862,0.1252,0.1891,0.4103,0.6548,0.0376,0.0267,0.0267,0.1875,0.2018,0.5156,4.0005,0.5395,0.1474,0.1954,0.0664,0.1091,0.0466,0.0509,1.7759,0.7908,0.9851,0.0535,Jack Studnicka,F,7.7585,0.0000,0.0000,0.0000,0.0000,0.0000,0.0000,0.1037,6.5192,-0.0143
8482941,NJD,1.3616,0.0826,0.0725,0.1631,0.2653,0.0165,0.0187,0.0246,0.0808,0.0761,0.1562,1.5168,0.1337,0.0493,0.0733,0.0242,0.0440,0.0164,0.0191,0.1602,0.0805,0.0797,0.0433,Shane Lachance,F,9.7072,0.0000,0.0000,0.0000,0.0000,0.0000,0.0000,0.2770,11.4462,0.0047
8482206,SJS,1.0004,0.0456,0.0737,0.1114,0.2285,0.0139,0.0136,0.0209,0.0526,0.0613,0.1094,1.1197,0.1132,0.0340,0.0583,0.0202,0.0323,0.0128,0.0141,0.0290,0.0150,0.0140,0.0345,Ethan Cardwell,F,10.2373,0.0000,0.0000,0.0000,0.0000,0.0000,0.0000,0.3154,12.2127,-0.0087
8482187,CAR,1.6987,0.0485,0.1199,0.1032,0.2234,0.0040,0.0070,0.0172,0.0932,0.0980,0.1250,1.8670,0.0699,0.1349,0.0976,0.0263,0.0481,0.0196,0.0125,0.0001,0.0000,0.0000,0.0242,Ronan Seeley,D,14.9362,0.0000,0.0000,0.0000,0.0000,0.0000,0.0000,0.1936,6.7699,-0.0048
8479402,CGY,1.6949,0.0371,0.0765,0.1288,0.2964,0.0069,0.0057,0.0132,0.0778,0.0954,0.1094,1.8086,0.0352,0.1263,0.0843,0.0370,0.0435,0.0176,0.0094,0.0000,0.0000,0.0000,0.0189,Jake Bean,D,16.5358,0.0000,0.0000,0.0000,0.0000,0.0000,0.0000,0.1727,4.4261,-0.0176
8481609,BOS,0.9990,0.0400,0.0522,0.0732,0.1547,0.0044,0.0037,0.0128,0.0568,0.0542,0.0781,1.0912,0.0480,0.0765,0.0555,0.0154,0.0282,0.0127,0.0069,0.0000,0.0000,0.0000,0.0165,Vladislav Kolyachonok,D,13.9672,0.0000,0.0000,0.0000,0.0000,0.0000,0.0000,0.2107,5.0398,0.0027
8484220,MTL,0.6368,0.0163,0.0320,0.0466,0.0883,0.0019,0.0027,0.0091,0.0312,0.0364,0.0469,0.6851,0.0314,0.0482,0.0363,0.0095,0.0168,0.0071,0.0045,0.0000,0.0000,0.0000,0.0118,David Reinbacher,D,14.6149,0.0000,0.0000,0.0000,0.0000,0.0000,0.0000,0.2516,5.7973,-0.0052
8481577,PIT,0.3414,0.0165,0.0131,0.0423,0.0703,0.0044,0.0039,0.0047,0.0158,0.0197,0.0312,0.3710,0.0269,0.0124,0.0191,0.0063,0.0066,0.0028,0.0043,0.0140,0.0067,0.0074,0.0086,Philip Tomasino,F,11.8722,0.0000,0.0000,0.0000,0.0000,0.0000,0.0000,0.2757,9.2225,-0.0038
8483841,NJD,0.2733,0.0128,0.0086,0.0316,0.0573,0.0034,0.0041,0.0045,0.0151,0.0148,0.0312,0.2946,0.0357,0.0095,0.0139,0.0049,0.0097,0.0035,0.0036,0.0846,0.0426,0.0419,0.0086,Xavier Parent,F,9.4283,0.0000,0.0000,0.0000,0.0000,0.0000,0.0000,0.2754,12.9963,0.0003
8482766,CGY,0.1407,0.0081,0.0057,0.0188,0.0277,0.0017,0.0018,0.0033,0.0063,0.0094,0.0156,0.1544,0.0083,0.0049,0.0073,0.0024,0.0042,0.0016,0.0023,0.0092,0.0047,0.0045,0.0051,William Stromgren,F,9.8837,0.0000,0.0000,0.0000,0.0000,0.0000,0.0000,0.3252,9.6776,-0.0031
8481065,NJD,0.2606,0.0074,0.0101,0.0312,0.0564,0.0024,0.0019,0.0024,0.0124,0.0152,0.0312,0.2780,0.0272,0.0124,0.0136,0.0037,0.0081,0.0033,0.0038,0.0537,0.0264,0.0273,0.0043,Angus Crookshank,F,8.8967,0.0000,0.0000,0.0000,0.0000,0.0000,0.0000,0.1371,5.9780,-0.0029
8483424,MTL,0.1521,0.0035,0.0033,0.0133,0.0244,0.0019,0.0015,0.0016,0.0078,0.0072,0.0156,0.1589,0.0250,0.0066,0.0092,0.0024,0.0043,0.0018,0.0021,0.0851,0.0446,0.0404,0.0031,Owen Beck,F,10.1684,0.0000,0.0000,0.0000,0.0000,0.0000,0.0000,0.1972,11.3379,0.0006
8483397,NJD,0.1332,0.0046,0.0064,0.0127,0.0240,0.0019,0.0014,0.0015,0.0073,0.0075,0.0156,0.1442,0.0183,0.0051,0.0066,0.0023,0.0023,0.0012,0.0019,0.0776,0.0373,0.0403,0.0029,Marc McLaughlin,F,9.2288,0.0000,0.0000,0.0000,0.0000,0.0000,0.0000,0.1830,10.9240,-0.0003
8479533,PIT,0.1618,0.0023,0.0367,0.0142,0.0242,0.0014,0.0010,0.0014,0.0084,0.0137,0.0156,0.2008,0.0238,0.0060,0.0097,0.0031,0.0031,0.0016,0.0022,0.0660,0.0300,0.0360,0.0024,Joona Koppanen,F,12.8501,0.0000,0.0000,0.0000,0.0000,0.0000,0.0000,0.1512,6.8193,-0.0053
8482192,WPG,0.1926,0.0038,0.0083,0.0137,0.0311,0.0007,0.0005,0.0016,0.0089,0.0102,0.0156,0.2047,0.0152,0.0133,0.0120,0.0031,0.0071,0.0023,0.0016,0.0000,0.0000,0.0000,0.0021,Isaak Phillips,D,13.1014,0.0000,0.0000,0.0000,0.0000,0.0000,0.0000,0.1373,3.9199,-0.0012
