game_id,date,home,away,p_home_win,p_home_reg,p_away_reg,p_ot,p_home_ot,p_home_so,exp_reg_goals_home,exp_reg_goals_away,rest_adj_home,rest_adj_away
2026020001,2026-09-29,CAR,FLA,0.56499,0.44532,0.32692,0.22776,0.08314,0.03654,3.21615,2.83426,0.00000,0.00000
2026020002,2026-09-29,TOR,MTL,0.50820,0.39279,0.37876,0.22845,0.07899,0.03642,3.09340,3.04681,0.00000,0.00000
2026020003,2026-09-29,BOS,NYR,0.52235,0.40484,0.36483,0.23034,0.08039,0.03712,3.08469,2.95480,0.00000,0.00000
2026020004,2026-09-29,EDM,VAN,0.68871,0.57130,0.22286,0.20583,0.08528,0.03212,3.67533,2.50503,0.00000,0.00000
2026020005,2026-09-29,VGK,CHI,0.67506,0.55455,0.23233,0.21313,0.08631,0.03421,3.51608,2.45568,0.00000,0.00000
2026020006,2026-09-30,PHI,PIT,0.55225,0.43398,0.33882,0.22720,0.08211,0.03616,3.22142,2.90946,0.00000,0.00000
2026020007,2026-09-30,COL,LAK,0.61792,0.49465,0.27885,0.22650,0.08604,0.03723,3.26033,2.56632,0.00000,0.00000
2026020008,2026-09-30,TOR,NYI,0.52399,0.40510,0.36209,0.23281,0.08077,0.03812,3.02905,2.88996,-0.06293,0.03715
2026020009,2026-10-01,NJD,PHI,0.60537,0.48225,0.28971,0.22805,0.08560,0.03753,3.21598,2.60041,0.04723,-0.06233
2026020010,2026-10-01,NYR,TBL,0.44803,0.33702,0.43367,0.22931,0.07363,0.03739,2.84749,3.15965,0.00135,0.00171
2026020011,2026-10-01,CBJ,BUF,0.51449,0.39953,0.37391,0.22656,0.07932,0.03564,3.16162,3.07732,0.00000,0.00000
2026020012,2026-10-01,NSH,MIN,0.42413,0.31562,0.45619,0.22819,0.07118,0.03734,2.76975,3.22357,0.00000,0.00000
2026020013,2026-10-01,UTA,CHI,0.63911,0.51794,0.26254,0.21952,0.08603,0.03514,3.42658,2.59090,-0.00035,0.00274
2026020014,2026-10-01,CGY,SEA,0.52455,0.40385,0.35993,0.23622,0.08124,0.03946,2.94770,2.80854,0.00000,0.00000
2026020015,2026-10-01,VAN,EDM,0.37533,0.27507,0.50607,0.21887,0.06495,0.03531,2.68959,3.45007,0.00392,0.00392
2026020016,2026-10-01,SJS,FLA,0.43596,0.32723,0.44628,0.22649,0.07226,0.03647,2.86266,3.25253,0.00011,0.00913
2026020017,2026-10-02,DET,NYR,0.57121,0.45096,0.32110,0.22793,0.08359,0.03666,3.22077,2.80132,0.06561,-0.06001
2026020018,2026-10-02,CAR,WSH,0.58962,0.46980,0.30579,0.22441,0.08411,0.03571,3.32103,2.78463,0.00880,-0.00714
2026020019,2026-10-02,WPG,BOS,0.50410,0.38630,0.37988,0.23382,0.07925,0.03855,2.94982,2.92908,-0.00305,0.01503
2026020020,2026-10-02,DAL,STL,0.61823,0.49488,0.27850,0.22661,0.08600,0.03734,3.25323,2.55705,0.00000,0.00000
2026020021,2026-10-02,VGK,ANA,0.61969,0.49906,0.27956,0.22138,0.08539,0.03524,3.39255,2.67566,0.00880,-0.00714
2026020022,2026-10-03,BUF,CHI,0.63966,0.52131,0.26426,0.21443,0.08509,0.03326,3.56168,2.70467,0.00377,0.00994
2026020023,2026-10-03,TOR,OTT,0.53035,0.41162,0.35695,0.23143,0.08108,0.03764,3.06764,2.89155,0.00880,-0.00714
2026020024,2026-10-03,TBL,WSH,0.61794,0.49800,0.28154,0.22046,0.08496,0.03498,3.40812,2.69664,0.07301,-0.05332
2026020025,2026-10-03,PHI,CAR,0.49477,0.37895,0.38960,0.23145,0.07818,0.03764,2.98114,3.01401,0.04852,-0.05993
2026020026,2026-10-03,PIT,MTL,0.48558,0.37341,0.40112,0.22547,0.07681,0.03536,3.09791,3.18965,0.00541,0.00546
2026020027,2026-10-03,CBJ,UTA,0.51051,0.39418,0.37600,0.22981,0.07930,0.03703,3.05439,2.99673,0.00128,0.00703
2026020028,2026-10-03,EDM,SEA,0.67001,0.55096,0.23767,0.21137,0.08573,0.03332,3.58131,2.53860,0.00502,0.00177
2026020029,2026-10-03,NYI,NJD,0.48878,0.37194,0.39361,0.23445,0.07792,0.03892,2.88249,2.95107,0.01143,-0.00395
2026020030,2026-10-03,NSH,DAL,0.48554,0.36977,0.39742,0.23281,0.07753,0.03825,2.91511,3.00390,0.04562,-0.05942
2026020031,2026-10-03,MIN,BOS,0.66713,0.54763,0.23985,0.21253,0.08590,0.03361,3.55489,2.53519,0.06237,-0.05561
2026020032,2026-10-03,COL,STL,0.71246,0.59368,0.20146,0.20486,0.08576,0.03302,3.60798,2.30490,0.04499,-0.06600
2026020033,2026-10-03,VAN,CGY,0.52061,0.40076,0.36408,0.23516,0.08088,0.03898,2.96932,2.85329,-0.00002,0.00299
2026020034,2026-10-03,SJS,LAK,0.49579,0.37900,0.38788,0.23311,0.07855,0.03823,2.94461,2.97419,-0.00459,0.01382
2026020035,2026-10-04,DET,WPG,0.53984,0.41881,0.34683,0.23436,0.08222,0.03881,3.02467,2.79604,0.00222,0.00476
2026020036,2026-10-04,NYR,UTA,0.56214,0.44218,0.32890,0.22892,0.08293,0.03703,3.17885,2.81056,0.05705,-0.05632
2026020037,2026-10-04,ANA,FLA,0.43359,0.32533,0.44872,0.22595,0.07199,0.03627,2.86860,3.27208,-0.00283,0.01294
2026020038,2026-10-04,SEA,CGY,0.53871,0.41617,0.34636,0.23747,0.08250,0.04004,2.94685,2.72750,-0.01910,-0.01048
2026020039,2026-10-04,VAN,VGK,0.32670,0.23286,0.55376,0.21338,0.05845,0.03540,2.45668,3.51236,-0.05675,0.04916
2026020040,2026-10-05,TBL,PHI,0.60268,0.48187,0.29382,0.22430,0.08479,0.03602,3.31632,2.70361,0.00589,0.00464
2026020041,2026-10-05,BOS,OTT,0.48812,0.37302,0.39590,0.23108,0.07753,0.03756,2.96162,3.03405,0.00899,0.00595
2026020042,2026-10-05,PIT,WPG,0.62207,0.50056,0.27685,0.22259,0.08560,0.03591,3.34382,2.61857,0.04878,-0.06147
2026020043,2026-10-05,DAL,SJS,0.59802,0.47807,0.29852,0.22341,0.08443,0.03552,3.34377,2.75618,0.00458,0.01132
2026020044,2026-10-06,TOR,NSH,0.60241,0.48270,0.29494,0.22236,0.08454,0.03518,3.37780,2.76022,0.00293,0.00567
2026020045,2026-10-06,MTL,CAR,0.47082,0.35916,0.41397,0.22688,0.07566,0.03600,3.01651,3.19563,0.00774,0.00785
2026020046,2026-10-06,DET,OTT,0.53389,0.41448,0.35339,0.23213,0.08146,0.03796,3.05489,2.86018,0.06275,-0.05944
2026020047,2026-10-06,NJD,UTA,0.54915,0.42806,0.33897,0.23297,0.08273,0.03837,3.06823,2.78470,0.00914,-0.00675
2026020048,2026-10-06,NYR,NYI,0.54331,0.42388,0.34531,0.23081,0.08188,0.03755,3.10734,2.85280,-0.00692,0.00897
2026020049,2026-10-06,BUF,MIN,0.49710,0.38275,0.38918,0.22807,0.07806,0.03630,3.07037,3.09103,0.00329,0.00595
2026020050,2026-10-06,CHI,STL,0.48706,0.37070,0.39555,0.23375,0.07768,0.03868,2.89035,2.96934,0.00733,0.00684
2026020051,2026-10-06,SEA,VGK,0.39702,0.29097,0.48133,0.22769,0.06811,0.03794,2.63162,3.24349,0.00114,0.00090
2026020052,2026-10-06,LAK,FLA,0.47853,0.36235,0.40288,0.23477,0.07696,0.03922,2.83274,2.96278,0.01112,-0.00433
2026020053,2026-10-07,WSH,PIT,0.60790,0.48939,0.29127,0.21934,0.08430,0.03422,3.45161,2.79457,0.01481,-0.00035
2026020054,2026-10-07,WPG,COL,0.39007,0.28531,0.48861,0.22608,0.06704,0.03772,2.61065,3.26705,0.00028,0.01645
2026020055,2026-10-07,ANA,EDM,0.45561,0.34584,0.42870,0.22546,0.07414,0.03563,2.98676,3.25790,0.00587,0.00799
2026020056,2026-10-08,BOS,UTA,0.50091,0.38521,0.38461,0.23018,0.07851,0.03719,3.01982,3.01699,0.01058,-0.00574
2026020057,2026-10-08,BUF,DAL,0.49807,0.38351,0.38815,0.22834,0.07815,0.03641,3.06689,3.08158,-0.00355,0.01464
2026020058,2026-10-08,MTL,NSH,0.62998,0.51064,0.27178,0.21758,0.08525,0.03409,3.49204,2.70210,0.00264,0.00208
2026020059,2026-10-08,OTT,PHI,0.54414,0.42447,0.34446,0.23107,0.08201,0.03766,3.09856,2.84146,0.00257,0.01769
2026020060,2026-10-08,TBL,MIN,0.56464,0.44456,0.32677,0.22868,0.08309,0.03700,3.18421,2.80347,0.01520,-0.00210
2026020061,2026-10-08,CAR,VAN,0.71792,0.60370,0.19987,0.19643,0.08397,0.03025,3.83058,2.44738,-0.00305,0.02295
2026020062,2026-10-08,NYI,CHI,0.59446,0.47308,0.30036,0.22656,0.08476,0.03661,3.26441,2.70531,0.00186,0.00456
2026020063,2026-10-08,STL,SJS,0.50634,0.38916,0.37862,0.23221,0.07939,0.03779,3.00384,2.96997,-0.00127,0.01429
2026020064,2026-10-08,CGY,COL,0.41205,0.30335,0.46597,0.23068,0.06993,0.03877,2.64099,3.16076,0.05613,-0.06556
2026020065,2026-10-08,VGK,TOR,0.57408,0.45371,0.31860,0.22770,0.08371,0.03666,3.22477,2.78929,0.00360,0.01403
2026020066,2026-10-09,DET,SEA,0.57386,0.45309,0.31838,0.22853,0.08383,0.03694,3.20698,2.77273,0.00074,0.00997
2026020067,2026-10-09,WSH,NYR,0.59196,0.47167,0.30338,0.22495,0.08427,0.03602,3.29893,2.75063,-0.00529,0.01025
2026020068,2026-10-09,CBJ,PIT,0.55138,0.43428,0.34065,0.22507,0.08177,0.03533,3.26961,2.96104,0.01154,-0.00498
2026020069,2026-10-09,WPG,ANA,0.50771,0.39022,0.37721,0.23257,0.07948,0.03801,2.99341,2.95289,0.00132,0.00707
2026020070,2026-10-10,BOS,PHI,0.50429,0.38779,0.38102,0.23118,0.07907,0.03743,3.02134,2.99990,0.00266,0.00209
2026020071,2026-10-10,NJD,VAN,0.66637,0.54559,0.23951,0.21489,0.08624,0.03454,3.48702,2.48057,0.01214,-0.00451
2026020072,2026-10-10,SJS,EDM,0.45060,0.34124,0.43333,0.22543,0.07364,0.03572,2.96418,3.26588,0.00312,0.01285
2026020073,2026-10-10,FLA,MIN,0.56439,0.44392,0.32661,0.22947,0.08327,0.03720,3.17438,2.79554,0.01947,-0.00586
2026020074,2026-10-10,BUF,UTA,0.53457,0.41797,0.35538,0.22665,0.08079,0.03581,3.19779,2.99276,0.00320,0.00252
2026020075,2026-10-10,MTL,DET,0.66711,0.54835,0.24041,0.21124,0.08567,0.03309,3.59639,2.57045,0.05811,-0.05984
2026020076,2026-10-10,OTT,NSH,0.61404,0.49283,0.28383,0.22334,0.08526,0.03595,3.33491,2.65413,0.00110,0.00087
2026020077,2026-10-10,PIT,DAL,0.42795,0.31961,0.45335,0.22704,0.07141,0.03693,2.80169,3.23776,-0.06012,0.04174
2026020078,2026-10-10,CHI,CAR,0.34511,0.24974,0.53691,0.21335,0.06086,0.03451,2.59740,3.55077,0.00556,0.00566
2026020079,2026-10-10,STL,CBJ,0.54087,0.41972,0.34583,0.23445,0.08229,0.03887,3.02227,2.78734,0.03286,-0.06005
2026020080,2026-10-10,COL,TOR,0.61373,0.49394,0.28526,0.22081,0.08482,0.03498,3.40298,2.71719,0.00559,0.00961
2026020081,2026-10-10,NYI,TBL,0.43241,0.32336,0.44883,0.22781,0.07179,0.03726,2.79186,3.19862,0.00626,0.00493
2026020082,2026-10-10,CGY,ANA,0.51735,0.39859,0.36784,0.23357,0.08043,0.03833,3.00112,2.90306,0.04762,-0.05854
2026020083,2026-10-10,VGK,LAK,0.57480,0.45124,0.31515,0.23361,0.08456,0.03900,3.08068,2.65020,-0.00514,0.01037
2026020084,2026-10-11,WSH,SEA,0.66683,0.54684,0.23975,0.21340,0.08607,0.03392,3.53162,2.51785,0.00319,0.00251
2026020085,2026-10-11,NYR,VAN,0.67490,0.55557,0.23321,0.21122,0.08573,0.03359,3.55946,2.48797,0.04585,-0.06101
2026020086,2026-10-11,PHI,CAR,0.43798,0.32765,0.44269,0.22967,0.07265,0.03768,2.79868,3.16823,-0.01464,-0.01002
2026020087,2026-10-12,BUF,FLA,0.48151,0.36885,0.40397,0.22718,0.07665,0.03602,3.04450,3.15900,0.00680,0.00535
2026020088,2026-10-12,NJD,OTT,0.53509,0.41438,0.35116,0.23446,0.08176,0.03896,2.99464,2.79540,0.00274,0.00216
2026020089,2026-10-12,MIN,VGK,0.52884,0.40961,0.35773,0.23266,0.08105,0.03818,3.03467,2.86825,0.00718,0.01102
2026020090,2026-10-13,DET,NJD,0.53719,0.41706,0.34981,0.23313,0.08179,0.03834,3.04479,2.82862,0.06797,-0.06326
2026020091,2026-10-13,CBJ,FLA,0.52416,0.40610,0.36279,0.23111,0.08057,0.03749,3.06413,2.92468,0.05727,-0.06827
2026020092,2026-10-13,MTL,BUF,0.61779,0.49914,0.28277,0.21809,0.08482,0.03382,3.49881,2.78144,0.05326,-0.06796
2026020093,2026-10-13,CAR,WSH,0.58174,0.46230,0.31282,0.22488,0.08371,0.03573,3.30611,2.81713,0.00430,0.00446
2026020094,2026-10-13,PHI,SEA,0.62117,0.49948,0.27735,0.22317,0.08563,0.03606,3.33862,2.61611,0.00115,0.00090
2026020095,2026-10-13,NYR,TBL,0.44027,0.33013,0.44108,0.22879,0.07280,0.03733,2.82404,3.18267,-0.00692,0.00897
2026020096,2026-10-13,OTT,STL,0.53030,0.40954,0.35506,0.23540,0.08155,0.03920,2.97521,2.80180,-0.06563,0.07466
2026020097,2026-10-13,NYI,VAN,0.61668,0.49549,0.28157,0.22294,0.08535,0.03585,3.34520,2.64762,0.00902,-0.00697
2026020098,2026-10-13,CHI,PIT,0.45205,0.34196,0.43129,0.22675,0.07385,0.03624,2.93245,3.22298,0.00159,0.00462
2026020099,2026-10-13,WPG,MIN,0.50274,0.38363,0.37976,0.23661,0.07937,0.03973,2.87623,2.86472,0.06502,-0.06759
2026020100,2026-10-13,DAL,COL,0.48531,0.37029,0.39840,0.23130,0.07722,0.03780,2.93844,3.02924,0.00847,0.00884
2026020101,2026-10-13,NSH,VGK,0.48520,0.36960,0.39787,0.23253,0.07746,0.03814,2.92384,3.01423,0.06419,-0.06405
2026020102,2026-10-13,UTA,TOR,0.54417,0.42602,0.34583,0.22815,0.08165,0.03650,3.17229,2.91194,0.01212,0.00584
2026020103,2026-10-13,ANA,CGY,0.60466,0.48358,0.29196,0.22446,0.08512,0.03596,3.32881,2.70564,0.01114,0.01114
2026020104,2026-10-13,LAK,EDM,0.48604,0.37004,0.39674,0.23322,0.07759,0.03841,2.90926,2.99374,0.00582,0.00570
2026020105,2026-10-13,SJS,BOS,0.53184,0.41521,0.35770,0.22709,0.08074,0.03589,3.18766,3.00043,0.00239,0.01127
2026020106,2026-10-14,WSH,MTL,0.53894,0.42065,0.35015,0.22920,0.08150,0.03678,3.15109,2.92273,-0.01809,0.00590
2026020107,2026-10-14,COL,DAL,0.58112,0.45896,0.31093,0.23011,0.08428,0.03789,3.15904,2.68371,-0.01636,-0.01505
2026020108,2026-10-15,TOR,BUF,0.53298,0.41716,0.35747,0.22537,0.08063,0.03520,3.23927,3.04289,0.01001,0.00379
2026020109,2026-10-15,OTT,NYI,0.58572,0.46399,0.30740,0.22861,0.08441,0.03733,3.20016,2.69500,0.00281,0.00221
2026020110,2026-10-15,DET,PHI,0.49015,0.37442,0.39369,0.23189,0.07794,0.03779,2.95680,3.02015,0.00348,0.00274
2026020111,2026-10-15,TBL,SEA,0.68559,0.56715,0.22477,0.20808,0.08562,0.03283,3.62319,2.48040,0.01080,0.01087
2026020112,2026-10-15,FLA,VAN,0.70151,0.58488,0.21231,0.20282,0.08494,0.03169,3.71451,2.45548,0.01128,0.01118
2026020113,2026-10-15,NJD,NYR,0.56944,0.44820,0.32173,0.23007,0.08363,0.03761,3.14911,2.74440,0.00297,0.00373
2026020114,2026-10-15,CHI,WPG,0.48962,0.37229,0.39241,0.23530,0.07811,0.03923,2.87069,2.93460,0.00495,0.00390
2026020115,2026-10-15,NSH,SJS,0.49698,0.38273,0.38937,0.22790,0.07803,0.03622,3.07319,3.09447,0.00244,0.00794
2026020116,2026-10-15,MIN,STL,0.62530,0.50259,0.27308,0.22433,0.08607,0.03663,3.30508,2.56403,0.00464,0.00786
2026020117,2026-10-15,EDM,UTA,0.57420,0.45508,0.31951,0.22541,0.08334,0.03578,3.28590,2.84295,0.01202,0.00868
2026020118,2026-10-15,VGK,CGY,0.67765,0.55588,0.22916,0.21496,0.08674,0.03503,3.46062,2.39345,0.00914,0.00301
2026020119,2026-10-16,COL,PIT,0.62900,0.51041,0.27311,0.21648,0.08476,0.03383,3.50776,2.71749,-0.00463,0.01378
2026020120,2026-10-16,ANA,BOS,0.53787,0.42093,0.35224,0.22683,0.08113,0.03581,3.21086,2.98507,0.00443,0.00384
2026020121,2026-10-17,WSH,NJD,0.57121,0.44984,0.31999,0.23018,0.08374,0.03763,3.16035,2.74142,0.01058,-0.00574
2026020122,2026-10-17,WPG,CAR,0.38072,0.27832,0.49910,0.22258,0.06568,0.03672,2.62658,3.34601,0.00084,0.01998
2026020123,2026-10-17,TBL,VAN,0.70481,0.58803,0.20941,0.20257,0.08499,0.03179,3.70508,2.42853,0.00164,0.00129
2026020124,2026-10-17,FLA,SEA,0.68086,0.56125,0.22793,0.21082,0.08599,0.03362,3.56530,2.45919,0.00164,0.00129
2026020125,2026-10-17,TOR,NYI,0.57469,0.45432,0.31794,0.22775,0.08372,0.03665,3.23174,2.78862,0.00184,0.00145
2026020126,2026-10-17,MTL,BUF,0.56495,0.44797,0.32927,0.22276,0.08252,0.03446,3.36544,2.97314,0.01439,-0.00131
2026020127,2026-10-17,DET,SJS,0.51793,0.40122,0.36931,0.22947,0.08003,0.03669,3.10310,2.99898,0.00029,0.00324
2026020128,2026-10-17,PHI,OTT,0.51684,0.39858,0.36874,0.23269,0.08010,0.03816,3.00293,2.90690,0.00579,0.00588
2026020129,2026-10-17,CBJ,NYR,0.55174,0.43285,0.33879,0.22835,0.08234,0.03655,3.18897,2.88450,0.01243,-0.00428
2026020130,2026-10-17,CHI,DAL,0.39176,0.28769,0.48802,0.22429,0.06710,0.03697,2.65691,3.30727,-0.00463,0.01378
2026020131,2026-10-17,NSH,STL,0.52056,0.40184,0.36518,0.23298,0.08048,0.03823,3.00988,2.89221,0.00484,0.00381
2026020132,2026-10-17,LAK,BOS,0.62908,0.50635,0.26985,0.22380,0.08623,0.03651,3.31809,2.55417,0.06449,-0.06985
2026020133,2026-10-17,UTA,EDM,0.49695,0.38216,0.38886,0.22899,0.07813,0.03667,3.04521,3.06698,0.01024,0.01024
2026020134,2026-10-17,VGK,PIT,0.64878,0.52865,0.25499,0.21636,0.08570,0.03442,3.48516,2.58098,0.04002,-0.05908
2026020135,2026-10-18,MIN,CBJ,0.64205,0.52079,0.25992,0.21929,0.08601,0.03525,3.41736,2.56414,0.04294,-0.06618
2026020136,2026-10-18,CGY,CAR,0.40505,0.29823,0.47387,0.22790,0.06899,0.03783,2.66774,3.23344,0.06098,-0.06270
2026020137,2026-10-19,NYR,ANA,0.53225,0.41553,0.35727,0.22720,0.08075,0.03597,3.18458,2.99486,-0.00400,0.02171
2026020138,2026-10-19,PHI,COL,0.43677,0.32702,0.44437,0.22861,0.07238,0.03737,2.80930,3.18813,-0.00568,0.01597
2026020139,2026-10-19,TOR,SJS,0.57001,0.45137,0.32344,0.22519,0.08306,0.03558,3.29513,2.87487,0.00185,0.00146
2026020140,2026-10-19,UTA,PIT,0.56223,0.44397,0.33035,0.22568,0.08249,0.03577,3.26390,2.89014,-0.00035,0.00274
2026020141,2026-10-20,MTL,SJS,0.65997,0.54179,0.24698,0.21123,0.08540,0.03278,3.62098,2.63477,0.06222,-0.06799
2026020142,2026-10-20,NJD,COL,0.52668,0.40667,0.35884,0.23449,0.08110,0.03891,2.98088,2.82961,0.05345,-0.06768
2026020143,2026-10-20,NYI,ANA,0.59023,0.46988,0.30486,0.22526,0.08436,0.03599,3.30183,2.76545,0.05722,-0.06695
2026020144,2026-10-20,WSH,LAK,0.57648,0.45449,0.31504,0.23047,0.08415,0.03785,3.15374,2.70640,0.00160,0.01065
2026020145,2026-10-20,CBJ,TOR,0.57235,0.45226,0.32022,0.22752,0.08366,0.03644,3.24202,2.81351,0.04369,-0.05973
2026020146,2026-10-20,STL,WPG,0.53641,0.41448,0.34885,0.23667,0.08214,0.03980,2.95295,2.74646,0.00898,0.00826
2026020147,2026-10-20,DAL,BOS,0.59891,0.47842,0.29733,0.22425,0.08462,0.03586,3.32333,2.73265,0.00626,0.01335
2026020148,2026-10-20,EDM,MIN,0.54298,0.42494,0.34694,0.22812,0.08153,0.03651,3.16867,2.91517,0.01650,0.00412
2026020149,2026-10-20,SEA,DET,0.48993,0.37452,0.39409,0.23139,0.07780,0.03762,2.96662,3.02885,0.01040,0.01076
2026020150,2026-10-20,VAN,CAR,0.34248,0.24783,0.54004,0.21212,0.06047,0.03418,2.60516,3.57986,0.01826,-0.00357
2026020151,2026-10-20,VGK,TBL,0.51160,0.39371,0.37357,0.23272,0.07976,0.03813,2.99426,2.93111,0.00088,0.01008
2026020152,2026-10-21,BUF,PHI,0.55433,0.43661,0.33759,0.22580,0.08214,0.03559,3.25981,2.93462,0.01332,-0.00256
2026020153,2026-10-21,OTT,FLA,0.48824,0.37294,0.39572,0.23134,0.07746,0.03783,2.93921,3.01412,0.01151,0.01057
2026020154,2026-10-22,BOS,NSH,0.56023,0.44178,0.33201,0.22622,0.08262,0.03584,3.25549,2.89790,0.00221,0.01860
2026020155,2026-10-22,TOR,NYR,0.54999,0.43138,0.34051,0.22811,0.08213,0.03648,3.18903,2.89413,-0.00223,0.01368
2026020156,2026-10-22,OTT,SJS,0.51982,0.40195,0.36663,0.23142,0.08036,0.03750,3.05580,2.94210,-0.06183,0.05918
2026020157,2026-10-22,NJD,ANA,0.58083,0.46008,0.31249,0.22743,0.08410,0.03664,3.23964,2.76241,0.00031,0.00024
2026020158,2026-10-22,PIT,FLA,0.51825,0.40202,0.36955,0.22843,0.07976,0.03647,3.11357,3.00836,0.06244,-0.06586
2026020159,2026-10-22,NYI,LAK,0.49982,0.38117,0.38258,0.23625,0.07908,0.03957,2.87670,2.88074,0.00197,0.00155
2026020160,2026-10-22,STL,VGK,0.43345,0.32188,0.44511,0.23301,0.07239,0.03918,2.69405,3.08604,0.00085,0.00669
2026020161,2026-10-22,DAL,WPG,0.62042,0.49689,0.27656,0.22655,0.08615,0.03738,3.25013,2.54389,0.00408,0.00322
2026020162,2026-10-22,CGY,MIN,0.39970,0.29261,0.47789,0.22950,0.06849,0.03860,2.60658,3.19825,0.01040,-0.00588
2026020163,2026-10-22,EDM,CAR,0.48700,0.37346,0.39846,0.22808,0.07715,0.03639,3.03525,3.11643,0.00051,0.00341
2026020164,2026-10-22,SEA,UTA,0.42521,0.31656,0.45515,0.22829,0.07111,0.03755,2.75628,3.20329,-0.00561,0.01301
2026020165,2026-10-22,VAN,DET,0.46839,0.35501,0.41419,0.23080,0.07582,0.03756,2.90441,3.09457,0.00114,0.00090
2026020166,2026-10-23,CHI,MTL,0.40423,0.29972,0.47728,0.22301,0.06855,0.03596,2.77291,3.35471,0.00341,0.00605
2026020167,2026-10-23,COL,TBL,0.55477,0.43571,0.33597,0.22832,0.08232,0.03674,3.18329,2.85831,0.00999,0.00709
2026020168,2026-10-24,PHI,ANA,0.57095,0.45176,0.32218,0.22607,0.08329,0.03591,3.27340,2.85036,0.01146,-0.00412
2026020169,2026-10-24,NJD,LAK,0.55158,0.42816,0.33481,0.23703,0.08346,0.03995,2.98083,2.68812,0.00031,0.00024
2026020170,2026-10-24,BOS,SJS,0.53409,0.41707,0.35540,0.22753,0.08094,0.03608,3.18135,2.97969,0.00266,0.00209
2026020171,2026-10-24,OTT,NYR,0.56957,0.44850,0.32171,0.22980,0.08367,0.03740,3.16797,2.76022,0.00184,0.00145
2026020172,2026-10-24,PIT,NSH,0.58293,0.46460,0.31276,0.22265,0.08347,0.03486,3.36737,2.86684,0.00371,0.00292
2026020173,2026-10-24,WSH,BUF,0.57279,0.45482,0.32174,0.22344,0.08301,0.03497,3.33956,2.90251,0.00415,0.00362
2026020174,2026-10-24,CBJ,VGK,0.48133,0.36643,0.40176,0.23182,0.07699,0.03792,2.92511,3.03691,0.00863,-0.00426
2026020175,2026-10-24,STL,CAR,0.39126,0.28723,0.48854,0.22423,0.06710,0.03693,2.65996,3.31482,0.00460,0.00664
2026020176,2026-10-24,EDM,TOR,0.57577,0.45713,0.31863,0.22424,0.08323,0.03541,3.30860,2.85593,0.00176,0.00741
2026020177,2026-10-24,UTA,TBL,0.53980,0.42092,0.34884,0.23024,0.08158,0.03729,3.11056,2.87756,0.06406,-0.05902
2026020178,2026-10-24,CGY,DET,0.47910,0.36263,0.40201,0.23536,0.07729,0.03918,2.84781,2.97193,-0.00002,0.00299
2026020179,2026-10-24,SEA,MIN,0.39867,0.29292,0.48030,0.22677,0.06819,0.03755,2.65856,3.26219,0.00012,0.00310
2026020180,2026-10-25,CHI,FLA,0.36627,0.26629,0.51388,0.21983,0.06389,0.03610,2.60515,3.41627,-0.00721,0.01176
2026020181,2026-10-25,DAL,NYI,0.60486,0.48321,0.29122,0.22556,0.08507,0.03657,3.28809,2.66420,0.00591,0.00801
2026020182,2026-10-25,WPG,MTL,0.45925,0.34664,0.42259,0.23077,0.07483,0.03778,2.86114,3.10459,0.01918,0.00365
2026020183,2026-10-25,NSH,COL,0.33735,0.24249,0.54400,0.21351,0.05990,0.03496,2.53285,3.53289,-0.05675,0.04312
2026020184,2026-10-25,VAN,MIN,0.44397,0.33248,0.43644,0.23108,0.07344,0.03806,2.79924,3.13185,0.06300,-0.06917
2026020185,2026-10-26,NYR,LAK,0.51601,0.39668,0.36841,0.23490,0.08031,0.03902,2.94969,2.85963,0.00226,0.00282
2026020186,2026-10-26,CGY,TOR,0.43130,0.32080,0.44810,0.23110,0.07217,0.03834,2.73646,3.14534,0.00160,0.00126
2026020187,2026-10-26,EDM,DET,0.62718,0.50707,0.27356,0.21937,0.08543,0.03468,3.44563,2.67804,0.00160,0.00126
2026020188,2026-10-27,PHI,CBJ,0.54463,0.42571,0.34468,0.22961,0.08197,0.03695,3.15398,2.89067,0.00497,0.00426
2026020189,2026-10-27,CAR,BOS,0.65940,0.54155,0.24769,0.21076,0.08510,0.03275,3.61078,2.62673,0.01015,0.00648
2026020190,2026-10-27,CHI,LAK,0.49014,0.37207,0.39124,0.23669,0.07830,0.03977,2.83763,2.89823,0.04604,-0.05867
2026020191,2026-10-27,STL,MTL,0.46236,0.34938,0.41960,0.23102,0.07520,0.03777,2.87263,3.09718,0.01437,-0.00275
2026020192,2026-10-27,NSH,NYI,0.50647,0.39002,0.37918,0.23081,0.07905,0.03741,3.02293,2.98682,0.00446,0.00351
2026020193,2026-10-27,DAL,NJD,0.54443,0.42357,0.34301,0.23343,0.08225,0.03861,3.04386,2.78469,-0.00299,0.01508
2026020194,2026-10-27,WPG,FLA,0.42078,0.31125,0.45787,0.23087,0.07087,0.03867,2.67707,3.14706,0.00495,0.00390
2026020195,2026-10-27,UTA,MIN,0.50598,0.38883,0.37890,0.23228,0.07919,0.03796,2.98914,2.95610,0.01080,-0.00255
2026020196,2026-10-27,VGK,OTT,0.56637,0.44507,0.32425,0.23068,0.08348,0.03782,3.13290,2.74621,0.00917,0.00897
2026020197,2026-10-27,ANA,VAN,0.63091,0.51221,0.27146,0.21632,0.08500,0.03369,3.52071,2.72018,0.02452,-0.00184
2026020198,2026-10-27,SJS,BUF,0.49424,0.38182,0.39359,0.22459,0.07759,0.03483,3.16193,3.20211,0.01147,0.01159
2026020199,2026-10-28,WSH,PHI,0.64202,0.52106,0.26018,0.21876,0.08588,0.03509,3.42742,2.57323,0.05641,-0.06917
2026020200,2026-10-28,EDM,CGY,0.67542,0.55516,0.23222,0.21262,0.08623,0.03402,3.52753,2.46351,0.00160,0.00126
2026020201,2026-10-28,COL,NJD,0.66286,0.54190,0.24230,0.21580,0.08616,0.03480,3.46553,2.48068,0.06788,-0.06307
2026020202,2026-10-28,SEA,TOR,0.44649,0.33559,0.43515,0.22926,0.07353,0.03738,2.84185,3.16558,0.00892,-0.00404
2026020203,2026-10-29,DET,CHI,0.59568,0.47488,0.29986,0.22526,0.08470,0.03611,3.29824,2.73062,0.01475,-0.00361
2026020204,2026-10-29,TBL,WPG,0.65863,0.53754,0.24584,0.21662,0.08613,0.03496,3.45055,2.49345,0.02182,0.00226
2026020205,2026-10-29,PIT,UTA,0.51115,0.39588,0.37653,0.22759,0.07913,0.03614,3.11507,3.05365,0.01051,0.00023
2026020206,2026-10-29,CAR,CBJ,0.63793,0.51877,0.26510,0.21614,0.08528,0.03388,3.51197,2.67108,0.00284,0.00224
2026020207,2026-10-29,STL,BOS,0.51412,0.39575,0.37093,0.23332,0.08007,0.03830,2.98735,2.90822,0.00133,0.00406
2026020208,2026-10-29,NSH,WSH,0.48548,0.37143,0.39929,0.22928,0.07707,0.03698,2.98748,3.07873,0.06465,-0.05926
2026020209,2026-10-29,DAL,MTL,0.54165,0.42322,0.34768,0.22910,0.08156,0.03687,3.14602,2.90083,0.00408,0.00322
2026020210,2026-10-29,MIN,NYI,0.61601,0.49480,0.28213,0.22308,0.08527,0.03594,3.33879,2.64521,0.01006,0.00662
2026020211,2026-10-29,ANA,BUF,0.49585,0.38297,0.39173,0.22529,0.07779,0.03509,3.15150,3.18049,0.00277,0.00218
2026020212,2026-10-29,LAK,OTT,0.51957,0.39951,0.36469,0.23580,0.08058,0.03947,2.93004,2.81924,0.00954,0.00350
2026020213,2026-10-29,SJS,VAN,0.61640,0.49662,0.28302,0.22036,0.08505,0.03474,3.42749,2.72518,0.00277,0.00218
2026020214,2026-10-30,VGK,NJD,0.57148,0.44891,0.31873,0.23235,0.08407,0.03850,3.10804,2.69205,0.00986,-0.00329
2026020215,2026-10-30,FLA,WPG,0.70236,0.58299,0.20966,0.20735,0.08589,0.03348,3.57708,2.33836,0.06481,-0.06316
2026020216,2026-10-30,CGY,SEA,0.52293,0.40254,0.36157,0.23589,0.08107,0.03932,2.95178,2.82180,0.00138,0.00471
2026020217,2026-10-31,BOS,CHI,0.60266,0.48284,0.29466,0.22249,0.08448,0.03534,3.35769,2.74063,0.00980,0.00648
2026020218,2026-10-31,DET,STL,0.53743,0.41682,0.34926,0.23392,0.08203,0.03858,3.03056,2.81581,0.00020,0.00317
2026020219,2026-10-31,NSH,TBL,0.40127,0.29670,0.47969,0.22361,0.06824,0.03633,2.73757,3.33671,0.00113,0.00390
2026020220,2026-10-31,NYI,EDM,0.44071,0.33140,0.44163,0.22697,0.07270,0.03661,2.86790,3.22702,0.00090,0.01991
2026020221,2026-10-31,LAK,BUF,0.52398,0.40570,0.36279,0.23152,0.08070,0.03759,3.06076,2.92368,0.00028,0.00022
2026020222,2026-10-31,SJS,OTT,0.48840,0.37322,0.39566,0.23112,0.07772,0.03746,2.97336,3.04572,0.00258,0.00203
2026020223,2026-10-31,MTL,PIT,0.58619,0.46879,0.31076,0.22045,0.08331,0.03409,3.42791,2.90281,0.01034,0.00753
2026020224,2026-10-31,VAN,TOR,0.40958,0.30396,0.47155,0.22449,0.06936,0.03626,2.77914,3.32649,-0.00169,0.01517
2026020225,2026-10-31,DAL,CBJ,0.58066,0.46033,0.31287,0.22680,0.08380,0.03653,3.24907,2.76799,0.00305,0.00541
2026020226,2026-10-31,COL,CGY,0.75630,0.64294,0.16735,0.18971,0.08320,0.03017,3.80815,2.18655,0.05360,-0.06553
2026020227,2026-11-01,CAR,WPG,0.68155,0.56207,0.22743,0.21050,0.08581,0.03368,3.55552,2.44555,0.01355,-0.00340
2026020228,2026-11-01,WSH,MIN,0.53570,0.41702,0.35246,0.23052,0.08135,0.03733,3.10692,2.89769,0.00787,0.00751
2026020229,2026-11-01,PHI,UTA,0.52329,0.40517,0.36346,0.23136,0.08048,0.03763,3.05470,2.91988,0.00480,0.00457
2026020230,2026-11-01,NYR,EDM,0.52969,0.41175,0.35819,0.23006,0.08078,0.03716,3.09790,2.92310,0.05254,-0.06990
2026020231,2026-11-01,ANA,OTT,0.55864,0.43937,0.33251,0.22811,0.08264,0.03663,3.19663,2.84870,0.06989,-0.06789
2026020232,2026-11-02,BOS,VGK,0.44132,0.33071,0.43967,0.22962,0.07305,0.03755,2.81683,3.16780,-0.00703,0.01792
2026020233,2026-11-02,FLA,DET,0.64908,0.52901,0.25480,0.21618,0.08575,0.03432,3.49095,2.58509,0.01550,-0.00187
2026020234,2026-11-02,CHI,COL,0.35310,0.25573,0.52797,0.21631,0.06207,0.03531,2.58755,3.48735,0.00727,0.00721
2026020235,2026-11-02,SJS,CGY,0.60155,0.47982,0.29409,0.22609,0.08522,0.03652,3.28244,2.68281,0.00255,0.00502
2026020236,2026-11-03,TOR,UTA,0.54148,0.42337,0.34814,0.22849,0.08148,0.03662,3.15932,2.91447,0.02021,-0.00548
2026020237,2026-11-03,MTL,WPG,0.62382,0.50228,0.27527,0.22245,0.08568,0.03586,3.35410,2.61603,0.01378,-0.00322
2026020238,2026-11-03,TBL,DET,0.70714,0.59034,0.20738,0.20228,0.08502,0.03177,3.70848,2.41680,0.06853,-0.06765
2026020239,2026-11-03,NJD,EDM,0.51689,0.39910,0.36911,0.23179,0.08005,0.03775,3.03058,2.93323,0.01775,-0.00729
2026020240,2026-11-03,NYR,STL,0.55801,0.43684,0.33129,0.23187,0.08308,0.03809,3.10597,2.76565,-0.00343,0.01172
2026020241,2026-11-03,PHI,MIN,0.48778,0.37189,0.39541,0.23271,0.07763,0.03826,2.92146,2.99638,0.00115,0.00090
2026020242,2026-11-03,PIT,VGK,0.53011,0.41236,0.35813,0.22951,0.08081,0.03694,3.11312,2.93838,0.06121,-0.06347
2026020243,2026-11-03,WSH,DAL,0.53468,0.41614,0.35345,0.23040,0.08110,0.03744,3.08846,2.88594,-0.00360,0.01460
2026020244,2026-11-03,CBJ,COL,0.49879,0.38286,0.38623,0.23091,0.07845,0.03748,2.99591,3.00784,0.05528,-0.06533
2026020245,2026-11-03,NSH,CAR,0.38294,0.28161,0.49863,0.21976,0.06594,0.03538,2.72135,3.43741,0.00897,-0.00399
2026020246,2026-11-03,VAN,ANA,0.45972,0.34886,0.42412,0.22702,0.07465,0.03621,2.95973,3.20602,0.01539,-0.00195
2026020247,2026-11-04,BUF,OTT,0.52807,0.41172,0.36106,0.22721,0.08030,0.03605,3.16502,2.99810,0.01015,0.01015
2026020248,2026-11-04,FLA,CHI,0.68755,0.56907,0.22304,0.20789,0.08561,0.03286,3.62345,2.46766,0.00347,0.00574
2026020249,2026-11-04,LAK,SJS,0.57166,0.45037,0.31971,0.22992,0.08385,0.03744,3.17309,2.75191,0.01138,-0.00511
2026020250,2026-11-04,SEA,CGY,0.55329,0.43140,0.33473,0.23387,0.08316,0.03873,3.05466,2.74758,0.01684,-0.00314
2026020251,2026-11-05,MTL,UTA,0.55517,0.43641,0.33601,0.22757,0.08242,0.03633,3.21048,2.88496,0.00264,0.00208
2026020252,2026-11-05,DET,VGK,0.43937,0.32854,0.44104,0.23042,0.07295,0.03788,2.79274,3.15450,0.00672,0.00764
2026020253,2026-11-05,TBL,CHI,0.74287,0.62980,0.17909,0.19112,0.08325,0.02982,3.84848,2.30222,0.05680,-0.06164
2026020254,2026-11-05,NJD,STL,0.59936,0.47516,0.29387,0.23096,0.08575,0.03845,3.15483,2.57939,0.00010,0.00008
2026020255,2026-11-05,NYI,CAR,0.41198,0.30595,0.46910,0.22494,0.06949,0.03654,2.76457,3.29651,0.01070,-0.00263
2026020256,2026-11-05,NYR,PHI,0.51676,0.39887,0.36916,0.23196,0.08010,0.03778,3.03235,2.93614,0.00083,0.00066
2026020257,2026-11-05,PIT,BOS,0.54130,0.42487,0.34987,0.22527,0.08105,0.03538,3.23909,2.99295,-0.00343,0.01172
2026020258,2026-11-05,CBJ,DAL,0.48699,0.37187,0.39697,0.23116,0.07746,0.03766,2.95239,3.03529,0.00274,0.00216
2026020259,2026-11-05,WPG,VAN,0.58996,0.46756,0.30329,0.22915,0.08486,0.03755,3.19730,2.66981,0.00575,0.00945
2026020260,2026-11-05,EDM,ANA,0.61389,0.49543,0.28625,0.21832,0.08459,0.03388,3.48640,2.79323,0.00861,0.00605
2026020261,2026-11-05,COL,NSH,0.68238,0.56460,0.22792,0.20749,0.08529,0.03249,3.65175,2.52027,0.00905,0.00544
2026020262,2026-11-06,BUF,CBJ,0.60416,0.48494,0.29395,0.22111,0.08450,0.03472,3.41013,2.78141,0.03552,-0.06096
2026020263,2026-11-06,MIN,SJS,0.61644,0.49663,0.28298,0.22039,0.08500,0.03481,3.41928,2.71717,0.01530,0.00267
2026020264,2026-11-06,CGY,ANA,0.52035,0.40138,0.36512,0.23350,0.08067,0.03831,3.01003,2.89435,0.05059,-0.06155
2026020265,2026-11-07,WSH,FLA,0.51886,0.40166,0.36808,0.23026,0.07999,0.03720,3.06839,2.95963,0.00745,0.00622
2026020266,2026-11-07,NSH,STL,0.51994,0.40145,0.36591,0.23264,0.08039,0.03810,3.01667,2.90243,0.00709,0.00734
2026020267,2026-11-07,SEA,NYR,0.46681,0.35334,0.41546,0.23120,0.07567,0.03779,2.88579,3.08627,0.00897,0.00203
2026020268,2026-11-07,TOR,MTL,0.51667,0.40085,0.37122,0.22794,0.07961,0.03622,3.12899,3.03142,0.01144,-0.00506
2026020269,2026-11-07,OTT,UTA,0.54797,0.42776,0.34073,0.23150,0.08238,0.03783,3.09642,2.81731,0.01146,-0.00430
2026020270,2026-11-07,NYI,NJD,0.48118,0.36484,0.40045,0.23472,0.07725,0.03909,2.85061,2.96347,0.00031,0.00024
2026020271,2026-11-07,CAR,CHI,0.71709,0.60233,0.20025,0.19742,0.08422,0.03055,3.80258,2.43176,0.00701,0.00683
2026020272,2026-11-07,DAL,SJS,0.65761,0.53819,0.24802,0.21378,0.08567,0.03375,3.53918,2.57671,0.06138,-0.05601
2026020273,2026-11-07,MIN,TBL,0.45342,0.34130,0.42798,0.23072,0.07421,0.03791,2.83257,3.11134,-0.05894,0.05922
2026020274,2026-11-07,COL,DET,0.65943,0.53963,0.24612,0.21425,0.08582,0.03399,3.52556,2.55316,0.00008,0.00609
2026020275,2026-11-07,LAK,PIT,0.55504,0.43503,0.33490,0.23007,0.08277,0.03724,3.15403,2.83035,0.00837,0.00156
2026020276,2026-11-07,EDM,VAN,0.68777,0.57050,0.22376,0.20574,0.08523,0.03204,3.68168,2.51601,0.00173,0.00437
2026020277,2026-11-08,BOS,FLA,0.50121,0.38506,0.38401,0.23093,0.07868,0.03747,3.00053,2.99894,0.05798,-0.06386
2026020278,2026-11-08,BUF,VGK,0.48703,0.37297,0.39792,0.22911,0.07729,0.03676,3.01328,3.09348,-0.00521,0.01032
2026020279,2026-11-08,TOR,NJD,0.52871,0.40850,0.35687,0.23463,0.08131,0.03891,2.99161,2.82634,-0.00756,-0.02346
2026020280,2026-11-08,WPG,TBL,0.48341,0.36681,0.39835,0.23484,0.07740,0.03920,2.85008,2.95046,0.06877,-0.06759
2026020281,2026-11-08,CGY,PHI,0.42596,0.31572,0.45278,0.23151,0.07157,0.03867,2.69856,3.13716,-0.00448,0.01692
2026020282,2026-11-08,ANA,PIT,0.57749,0.45958,0.31769,0.22273,0.08311,0.03480,3.36353,2.89326,0.04510,-0.05909
2026020283,2026-11-09,EDM,NYR,0.59964,0.47987,0.29734,0.22279,0.08443,0.03534,3.35525,2.75846,0.00082,0.00366
2026020284,2026-11-09,VAN,PHI,0.47889,0.36380,0.40367,0.23253,0.07693,0.03815,2.90359,3.03129,0.04985,-0.05943
2026020285,2026-11-09,SJS,NYI,0.53898,0.42120,0.35058,0.22822,0.08137,0.03641,3.16744,2.93821,0.00739,0.01052
2026020286,2026-11-10,TOR,COL,0.44146,0.33190,0.44072,0.22737,0.07276,0.03679,2.85981,3.21328,-0.00640,0.01540
2026020287,2026-11-10,MTL,MIN,0.51806,0.40150,0.36934,0.22916,0.07981,0.03675,3.09504,2.98997,0.00638,0.00939
2026020288,2026-11-10,OTT,WSH,0.50467,0.38761,0.38014,0.23226,0.07911,0.03795,2.98516,2.96103,0.00516,0.00441
2026020289,2026-11-10,CBJ,FLA,0.46880,0.35614,0.41462,0.22924,0.07565,0.03701,2.93836,3.12811,0.01536,-0.00103
2026020290,2026-11-10,STL,DET,0.52799,0.40831,0.35801,0.23368,0.08124,0.03844,3.01810,2.85716,0.00538,0.00844
2026020291,2026-11-10,WPG,NJD,0.46395,0.34805,0.41516,0.23679,0.07575,0.04014,2.74195,2.95215,0.00261,0.00507
2026020292,2026-11-10,LAK,NSH,0.59402,0.47177,0.29994,0.22828,0.08498,0.03726,3.22426,2.67000,0.00369,0.00928
2026020293,2026-11-11,BUF,TBL,0.47535,0.36350,0.40995,0.22655,0.07599,0.03586,3.03460,3.18553,0.00448,0.00689
2026020294,2026-11-11,CGY,NYR,0.46242,0.34790,0.41797,0.23413,0.07552,0.03899,2.80422,3.02759,0.01040,-0.00588
2026020295,2026-11-11,EDM,PHI,0.58187,0.46194,0.31230,0.22577,0.08385,0.03608,3.27809,2.79105,0.00051,0.00341
2026020296,2026-11-11,VGK,UTA,0.57286,0.45186,0.31902,0.22912,0.08380,0.03720,3.18896,2.76141,0.00961,0.00953
2026020297,2026-11-11,ANA,NSH,0.62836,0.50852,0.27279,0.21869,0.08533,0.03451,3.45689,2.68028,0.04658,-0.06985
2026020298,2026-11-11,SJS,PIT,0.51477,0.40019,0.37411,0.22570,0.07926,0.03532,3.18191,3.09675,-0.00437,0.01098
2026020299,2026-11-12,BOS,MTL,0.48049,0.36726,0.40426,0.22848,0.07679,0.03645,3.01697,3.13709,0.01098,-0.00542
2026020300,2026-11-12,TOR,MIN,0.49340,0.37773,0.39088,0.23139,0.07808,0.03759,2.98071,3.02093,0.00264,0.00208
2026020301,2026-11-12,OTT,COL,0.46554,0.35181,0.41623,0.23196,0.07552,0.03822,2.85181,3.05907,0.00184,0.00145
2026020302,2026-11-12,FLA,DET,0.63928,0.51912,0.26310,0.21778,0.08560,0.03457,3.46406,2.61969,0.00776,0.01143
2026020303,2026-11-12,NJD,WSH,0.50652,0.38897,0.37815,0.23288,0.07935,0.03820,2.97477,2.94159,0.00879,0.00602
2026020304,2026-11-12,CBJ,TBL,0.51735,0.40032,0.36945,0.23024,0.07987,0.03716,3.06700,2.96567,0.05932,-0.06096
2026020305,2026-11-12,CHI,BUF,0.48692,0.37312,0.39828,0.22860,0.07727,0.03653,3.02510,3.10684,0.05474,-0.06569
2026020306,2026-11-12,DAL,WPG,0.62843,0.50522,0.27001,0.22477,0.08628,0.03694,3.28807,2.53138,0.01569,-0.00172
2026020307,2026-11-12,UTA,STL,0.53801,0.41718,0.34853,0.23429,0.08203,0.03880,3.01944,2.80102,-0.05674,0.05583
2026020308,2026-11-12,LAK,NYI,0.56038,0.43802,0.32833,0.23366,0.08354,0.03882,3.06212,2.71378,-0.00456,0.01083
2026020309,2026-11-12,SEA,CAR,0.34895,0.25260,0.53257,0.21483,0.06145,0.03491,2.59165,3.51887,0.00173,0.01075
2026020310,2026-11-13,VAN,NYR,0.44830,0.33748,0.43372,0.22880,0.07359,0.03723,2.85313,3.16594,0.00878,-0.00415
2026020311,2026-11-13,VGK,NSH,0.64540,0.52439,0.25729,0.21832,0.08603,0.03498,3.44362,2.56789,0.00196,0.00154
2026020312,2026-11-14,CHI,WPG,0.48966,0.37235,0.39240,0.23526,0.07811,0.03921,2.87186,2.93555,0.00536,0.00422
2026020313,2026-11-14,BOS,MIN,0.45747,0.34533,0.42459,0.23008,0.07468,0.03745,2.87612,3.13134,0.00340,0.00267
2026020314,2026-11-14,TOR,EDM,0.47979,0.36710,0.40533,0.22757,0.07639,0.03630,3.01554,3.13870,-0.00538,0.01621
2026020315,2026-11-14,MTL,COL,0.47836,0.36508,0.40612,0.22880,0.07652,0.03676,2.98300,3.11929,0.00282,0.00305
2026020316,2026-11-14,TBL,DET,0.64495,0.52489,0.25835,0.21676,0.08568,0.03439,3.48359,2.60355,0.00597,0.00679
2026020317,2026-11-14,PIT,OTT,0.51327,0.39756,0.37424,0.22820,0.07925,0.03646,3.09413,3.01824,0.02086,-0.00482
2026020318,2026-11-14,WSH,NJD,0.56317,0.44212,0.32707,0.23080,0.08329,0.03775,3.13707,2.76599,0.00319,0.00319
2026020319,2026-11-14,CBJ,PHI,0.51422,0.39716,0.37218,0.23066,0.07985,0.03721,3.06200,2.98257,-0.00532,0.01625
2026020320,2026-11-14,STL,FLA,0.42207,0.31305,0.45741,0.22954,0.07094,0.03809,2.70936,3.17469,0.00872,0.00882
2026020321,2026-11-14,CAR,SEA,0.70956,0.59380,0.20603,0.20017,0.08461,0.03114,3.75737,2.44137,0.00917,0.00917
2026020322,2026-11-14,DAL,BUF,0.56298,0.44450,0.32962,0.22588,0.08270,0.03578,3.26524,2.89004,0.00536,0.00422
2026020323,2026-11-14,UTA,SJS,0.56646,0.44710,0.32589,0.22701,0.08321,0.03615,3.25045,2.85639,-0.00620,0.01255
2026020324,2026-11-14,ANA,NYI,0.54988,0.43123,0.34051,0.22826,0.08214,0.03652,3.19121,2.89555,0.00908,-0.00692
2026020325,2026-11-14,LAK,CGY,0.61921,0.49428,0.27645,0.22927,0.08661,0.03832,3.19311,2.50057,-0.00357,0.01463
2026020326,2026-11-15,PHI,EDM,0.48413,0.36902,0.39925,0.23174,0.07726,0.03786,2.93345,3.03023,-0.01400,-0.01095
2026020327,2026-11-15,DAL,FLA,0.50963,0.39078,0.37422,0.23500,0.07972,0.03912,2.92623,2.87373,-0.01575,-0.01855
2026020328,2026-11-15,ANA,CGY,0.59978,0.47669,0.29442,0.22890,0.08552,0.03757,3.21512,2.63101,-0.02361,-0.01683
2026020329,2026-11-15,VGK,VAN,0.68859,0.56950,0.22177,0.20873,0.08592,0.03316,3.59834,2.44308,0.00618,0.00486
2026020330,2026-11-15,SJS,NSH,0.51372,0.39779,0.37367,0.22854,0.07949,0.03644,3.10422,3.02609,-0.05608,0.05416
2026020331,2026-11-16,NYR,MTL,0.49783,0.38327,0.38835,0.22838,0.07812,0.03645,3.06273,3.07880,0.02075,-0.00476
2026020332,2026-11-16,UTA,VAN,0.70031,0.58212,0.21227,0.20561,0.08558,0.03262,3.64661,2.40868,0.04395,-0.06019
2026020333,2026-11-17,BOS,LAK,0.49951,0.38208,0.38404,0.23388,0.07886,0.03857,2.93575,2.94136,0.00222,0.01114
2026020334,2026-11-17,TBL,WSH,0.55578,0.43677,0.33522,0.22801,0.08240,0.03661,3.19071,2.86128,0.00709,0.00594
2026020335,2026-11-17,FLA,EDM,0.55195,0.43397,0.33930,0.22673,0.08185,0.03613,3.21458,2.90324,0.01171,0.00806
2026020336,2026-11-17,NYI,CBJ,0.51395,0.39717,0.37262,0.23021,0.07970,0.03708,3.06725,2.98816,0.01472,0.00494
2026020337,2026-11-17,PHI,BUF,0.51471,0.39922,0.37328,0.22750,0.07950,0.03599,3.13646,3.05288,-0.00321,0.01491
2026020338,2026-11-17,CHI,TOR,0.42999,0.32135,0.45132,0.22734,0.07175,0.03690,2.81496,3.23877,0.00175,0.00475
2026020339,2026-11-17,STL,ANA,0.51832,0.40062,0.36810,0.23128,0.08018,0.03752,3.04802,2.94427,0.01025,0.00002
2026020340,2026-11-17,MIN,NSH,0.64912,0.52905,0.25485,0.21610,0.08588,0.03419,3.50263,2.59843,0.01586,0.00332
2026020341,2026-11-17,WPG,OTT,0.46438,0.34939,0.41582,0.23478,0.07563,0.03935,2.78332,2.99362,0.00863,0.01204
2026020342,2026-11-17,VGK,DAL,0.54302,0.42232,0.34446,0.23322,0.08220,0.03849,3.04884,2.80068,-0.00024,0.00584
2026020343,2026-11-17,SJS,CGY,0.60298,0.48115,0.29280,0.22605,0.08529,0.03654,3.28317,2.67521,0.00277,0.00218
2026020344,2026-11-18,DET,BOS,0.58815,0.46802,0.30685,0.22513,0.08432,0.03580,3.31063,2.78630,0.07351,-0.06040
2026020345,2026-11-18,NJD,MTL,0.52949,0.41063,0.35754,0.23182,0.08115,0.03770,3.07058,2.89963,0.01030,-0.00528
2026020346,2026-11-18,UTA,COL,0.44815,0.33704,0.43359,0.22936,0.07371,0.03740,2.84894,3.16347,-0.00469,0.01675
2026020347,2026-11-19,TOR,LAK,0.54104,0.42083,0.34657,0.23260,0.08198,0.03823,3.05542,2.81791,0.00648,0.00277
2026020348,2026-11-19,OTT,PHI,0.55311,0.43281,0.33631,0.23089,0.08262,0.03768,3.11672,2.80671,0.00841,0.00538
2026020349,2026-11-19,TBL,EDM,0.55437,0.43565,0.33668,0.22768,0.08231,0.03641,3.20190,2.88043,0.00164,0.00129
2026020350,2026-11-19,PIT,STL,0.57349,0.45326,0.31914,0.22760,0.08364,0.03659,3.23036,2.79584,0.00959,-0.00351
2026020351,2026-11-19,WSH,BUF,0.57213,0.45431,0.32243,0.22326,0.08294,0.03489,3.34383,2.91041,0.00543,0.00634
2026020352,2026-11-19,CAR,MTL,0.65576,0.53678,0.24998,0.21325,0.08557,0.03341,3.57053,2.61629,0.05161,-0.06744
2026020353,2026-11-19,CHI,CBJ,0.44509,0.33482,0.43697,0.22821,0.07327,0.03700,2.85822,3.19026,0.00169,0.00434
2026020354,2026-11-19,WPG,NYI,0.51663,0.39700,0.36751,0.23549,0.08034,0.03929,2.94015,2.84446,0.00395,0.00612
2026020355,2026-11-19,CGY,MIN,0.39155,0.28601,0.48640,0.22759,0.06742,0.03811,2.60128,3.24407,0.00837,0.00835
2026020356,2026-11-19,COL,ANA,0.59469,0.47475,0.30138,0.22387,0.08438,0.03557,3.34025,2.77398,-0.05857,0.05007
2026020357,2026-11-19,SEA,VAN,0.55929,0.43937,0.33142,0.22921,0.08291,0.03701,3.17426,2.82529,0.01228,0.00595
2026020358,2026-11-19,VGK,DAL,0.54597,0.42494,0.34167,0.23339,0.08244,0.03859,3.04956,2.78437,0.00000,0.00000
2026020359,2026-11-21,CAR,EDM,0.58154,0.46277,0.31358,0.22365,0.08352,0.03526,3.33588,2.84623,0.00429,0.00338
2026020360,2026-11-21,CGY,CHI,0.53171,0.41141,0.35430,0.23429,0.08152,0.03878,3.00505,2.82266,0.00426,0.00636
2026020361,2026-11-21,FLA,BUF,0.59756,0.47880,0.29995,0.22125,0.08415,0.03461,3.40982,2.82015,0.01459,-0.00258
2026020362,2026-11-21,NSH,PIT,0.49350,0.38015,0.39324,0.22662,0.07761,0.03574,3.09679,3.13994,0.01291,0.00094
2026020363,2026-11-21,BOS,WSH,0.46388,0.35215,0.41967,0.22818,0.07505,0.03668,2.94260,3.16102,0.01546,-0.00021
2026020364,2026-11-21,TOR,CBJ,0.54819,0.42964,0.34211,0.22825,0.08215,0.03640,3.19448,2.91080,0.00009,0.00309
2026020365,2026-11-21,MTL,PHI,0.56606,0.44675,0.32630,0.22695,0.08314,0.03617,3.24715,2.85642,0.00502,0.00585
2026020366,2026-11-21,OTT,LAK,0.55093,0.42870,0.33638,0.23492,0.08290,0.03933,3.01010,2.71763,0.00184,0.00145
2026020367,2026-11-21,DET,NYI,0.53151,0.41282,0.35599,0.23119,0.08113,0.03757,3.07806,2.89487,0.01102,-0.00238
2026020368,2026-11-21,STL,NJD,0.45943,0.34445,0.41987,0.23568,0.07530,0.03968,2.75499,2.99237,-0.00123,0.01440
2026020369,2026-11-21,WPG,VGK,0.43134,0.31946,0.44646,0.23407,0.07229,0.03959,2.66987,3.07151,0.00063,0.00652
2026020370,2026-11-21,UTA,ANA,0.58291,0.46346,0.31185,0.22469,0.08389,0.03557,3.31834,2.82396,0.01182,-0.00476
2026020371,2026-11-21,VAN,MIN,0.37710,0.27517,0.50254,0.22229,0.06540,0.03653,2.63061,3.37005,0.00087,0.00413
2026020372,2026-11-21,SJS,SEA,0.60280,0.48258,0.29426,0.22316,0.08477,0.03545,3.35757,2.74245,0.01373,-0.00326
2026020373,2026-11-22,NYR,CAR,0.48486,0.37063,0.39953,0.22984,0.07700,0.03722,2.97113,3.06366,0.05726,-0.06741
2026020374,2026-11-22,TBL,BUF,0.65157,0.53277,0.25374,0.21349,0.08545,0.03335,3.56482,2.63704,0.05222,-0.06877
2026020375,2026-11-22,STL,EDM,0.44037,0.32797,0.43849,0.23354,0.07327,0.03913,2.72219,3.07350,-0.01807,-0.02402
2026020376,2026-11-22,DAL,PIT,0.65011,0.53066,0.25436,0.21498,0.08549,0.03396,3.51964,2.60226,0.05805,-0.06680
2026020377,2026-11-22,VAN,CHI,0.52480,0.40573,0.36131,0.23296,0.08088,0.03820,3.02314,2.88134,-0.00780,-0.01564
2026020378,2026-11-23,NJD,CBJ,0.56373,0.44325,0.32722,0.22953,0.08321,0.03727,3.16384,2.79084,0.00759,0.00447
2026020379,2026-11-23,MTL,LAK,0.56562,0.44449,0.32499,0.23052,0.08348,0.03765,3.14478,2.76092,0.00110,0.00087
2026020380,2026-11-23,OTT,CGY,0.64237,0.51935,0.25827,0.22238,0.08653,0.03649,3.33035,2.48664,0.00203,0.00762
2026020381,2026-11-23,NYI,TOR,0.49429,0.37876,0.39042,0.23082,0.07818,0.03735,2.99583,3.03485,0.00596,0.00615
2026020382,2026-11-23,WPG,UTA,0.47040,0.35492,0.41031,0.23477,0.07626,0.03922,2.81604,2.99181,0.00265,0.00510
2026020383,2026-11-23,SEA,ANA,0.47122,0.35865,0.41272,0.22862,0.07586,0.03671,2.96589,3.14202,0.00541,0.00915
2026020384,2026-11-23,SJS,MIN,0.45890,0.34734,0.42401,0.22865,0.07467,0.03690,2.91409,3.16223,0.00547,0.00431
2026020385,2026-11-24,EDM,VGK,0.52470,0.40696,0.36266,0.23038,0.08056,0.03718,3.08644,2.94359,0.00122,0.01778
2026020386,2026-11-25,BOS,WPG,0.56207,0.44081,0.32788,0.23130,0.08338,0.03788,3.12587,2.76411,0.01289,-0.00091
2026020387,2026-11-25,BUF,NYR,0.56407,0.44669,0.32965,0.22366,0.08245,0.03493,3.32216,2.93635,0.00918,0.01002
2026020388,2026-11-25,TBL,CAR,0.50934,0.39346,0.37737,0.22917,0.07916,0.03672,3.07595,3.02344,0.00789,0.00656
2026020389,2026-11-25,FLA,OTT,0.58880,0.46789,0.30544,0.22667,0.08416,0.03675,3.24186,2.71336,0.01625,-0.00128
2026020390,2026-11-25,NYI,STL,0.53925,0.41850,0.34751,0.23398,0.08199,0.03875,3.02520,2.79779,-0.00473,0.01371
2026020391,2026-11-25,PIT,CGY,0.62433,0.50378,0.27562,0.22060,0.08542,0.03513,3.40442,2.65747,0.01744,-0.00152
2026020392,2026-11-25,WSH,PHI,0.58193,0.46180,0.31208,0.22613,0.08387,0.03626,3.26514,2.77907,0.00791,0.00779
2026020393,2026-11-25,CBJ,NJD,0.50638,0.38928,0.37860,0.23212,0.07917,0.03793,2.99076,2.95506,0.00649,0.00649
2026020394,2026-11-25,DET,VAN,0.59571,0.47510,0.29997,0.22493,0.08465,0.03596,3.30929,2.74000,0.00081,0.01003
2026020395,2026-11-25,DAL,NSH,0.63481,0.51414,0.26657,0.21929,0.08567,0.03499,3.43019,2.61769,0.00612,0.00517
2026020396,2026-11-25,MIN,UTA,0.57257,0.45194,0.31960,0.22847,0.08369,0.03695,3.20245,2.77586,0.01033,0.00395
2026020397,2026-11-25,COL,MTL,0.59570,0.47629,0.30084,0.22288,0.08412,0.03529,3.36071,2.78184,0.01043,0.00017
2026020398,2026-11-25,ANA,SJS,0.53628,0.42017,0.35434,0.22549,0.08085,0.03526,3.24871,3.03025,0.00760,0.00831
2026020399,2026-11-25,SEA,CHI,0.53456,0.41515,0.35280,0.23206,0.08151,0.03790,3.06374,2.86444,-0.00600,0.00970
2026020400,2026-11-27,BOS,TOR,0.49069,0.37620,0.39446,0.22934,0.07772,0.03677,3.02010,3.08017,-0.00555,0.01005
2026020401,2026-11-27,NJD,CGY,0.64545,0.52185,0.25525,0.22290,0.08684,0.03676,3.31886,2.46062,0.00545,0.00567
2026020402,2026-11-27,NSH,UTA,0.45889,0.34719,0.42392,0.22889,0.07471,0.03699,2.91024,3.15934,0.00834,0.00826
2026020403,2026-11-27,STL,DAL,0.44950,0.33641,0.43022,0.23337,0.07410,0.03900,2.75940,3.05905,0.00899,0.00562
2026020404,2026-11-27,TBL,OTT,0.58435,0.46306,0.30899,0.22795,0.08423,0.03706,3.21428,2.71690,0.00164,0.00129
2026020405,2026-11-27,PHI,VAN,0.64296,0.52228,0.25962,0.21810,0.08592,0.03477,3.45550,2.59300,0.00438,0.00389
2026020406,2026-11-27,WSH,FLA,0.51884,0.40154,0.36799,0.23047,0.08002,0.03728,3.06330,2.95472,0.00579,0.00456
2026020407,2026-11-27,CBJ,DET,0.57000,0.45001,0.32231,0.22767,0.08353,0.03646,3.23787,2.82357,0.00151,0.00119
2026020408,2026-11-27,MIN,COL,0.49275,0.37680,0.39129,0.23190,0.07802,0.03793,2.95081,2.99918,0.00155,0.00423
2026020409,2026-11-27,ANA,LAK,0.49370,0.37740,0.39007,0.23253,0.07829,0.03801,2.95395,2.99435,-0.00686,0.01806
2026020410,2026-11-27,SJS,VGK,0.44521,0.33475,0.43657,0.22868,0.07340,0.03706,2.86270,3.19154,-0.00140,0.01739
2026020411,2026-11-27,CHI,NYR,0.45645,0.34461,0.42586,0.22953,0.07450,0.03734,2.87757,3.14165,0.00771,0.00506
2026020412,2026-11-27,NYI,WPG,0.55015,0.42818,0.33735,0.23447,0.08292,0.03905,3.02834,2.74177,0.00159,0.00125
2026020413,2026-11-27,BUF,PIT,0.56431,0.44803,0.33039,0.22159,0.08213,0.03415,3.38296,2.99101,0.00163,0.00128
2026020414,2026-11-27,EDM,SEA,0.67453,0.55571,0.23396,0.21033,0.08570,0.03313,3.59784,2.52530,0.00962,-0.00348
2026020415,2026-11-28,VGK,MTL,0.48855,0.37299,0.39515,0.23186,0.07773,0.03783,2.95425,3.02599,-0.06657,0.06155
2026020416,2026-11-28,FLA,TBL,0.53630,0.41690,0.35130,0.23180,0.08154,0.03786,3.07195,2.86086,0.00010,-0.01275
2026020417,2026-11-28,DET,NSH,0.54340,0.42359,0.34506,0.23135,0.08217,0.03764,3.10055,2.85026,-0.02394,-0.00399
2026020418,2026-11-28,NJD,WPG,0.59781,0.47247,0.29421,0.23331,0.08592,0.03942,3.09240,2.53103,-0.01569,-0.01027
2026020419,2026-11-28,NYR,CGY,0.60230,0.47867,0.29181,0.22952,0.08568,0.03795,3.19401,2.59657,-0.01953,0.00064
2026020420,2026-11-28,PIT,TOR,0.51173,0.39551,0.37508,0.22941,0.07939,0.03683,3.07300,3.00763,-0.02079,-0.01942
2026020421,2026-11-28,CAR,OTT,0.67521,0.55665,0.23352,0.20983,0.08544,0.03312,3.59352,2.51489,0.07479,-0.06240
2026020422,2026-11-28,STL,WSH,0.45170,0.33801,0.42766,0.23433,0.07446,0.03923,2.75454,3.03784,0.00246,-0.02383
2026020423,2026-11-28,PHI,NYI,0.57390,0.45201,0.31728,0.23070,0.08404,0.03786,3.15179,2.71886,-0.00493,-0.01570
2026020424,2026-11-28,DAL,UTA,0.56465,0.44320,0.32552,0.23128,0.08342,0.03803,3.11980,2.74288,-0.00481,-0.01418
2026020425,2026-11-28,COL,SJS,0.65238,0.53243,0.25208,0.21549,0.08582,0.03413,3.51390,2.58589,-0.00537,-0.01388
2026020426,2026-11-28,LAK,ANA,0.56251,0.44042,0.32678,0.23281,0.08366,0.03843,3.09346,2.73153,-0.01655,-0.01797
2026020427,2026-11-28,SEA,EDM,0.39415,0.28957,0.48549,0.22493,0.06757,0.03701,2.67001,3.30631,-0.01493,-0.00771
2026020428,2026-11-29,CHI,MIN,0.39223,0.28800,0.48744,0.22456,0.06722,0.03700,2.66263,3.30960,0.00285,0.00225
2026020429,2026-11-29,BOS,VAN,0.61445,0.49426,0.28429,0.22145,0.08501,0.03518,3.39090,2.70151,0.00236,0.00186
2026020430,2026-11-30,NSH,OTT,0.45341,0.34153,0.42827,0.23019,0.07421,0.03767,2.84578,3.12559,0.00342,0.00344
2026020431,2026-11-30,NYR,CAR,0.42228,0.31541,0.45963,0.22496,0.07053,0.03634,2.81530,3.28603,0.00338,0.00266
2026020432,2026-11-30,PIT,CBJ,0.51939,0.40396,0.36939,0.22664,0.07970,0.03573,3.16468,3.05246,-0.00564,0.00998
2026020433,2026-11-30,TOR,PHI,0.54010,0.42161,0.34892,0.22947,0.08155,0.03693,3.13775,2.90144,0.00437,0.00419
2026020434,2026-11-30,WPG,CHI,0.63680,0.51414,0.26329,0.22257,0.08633,0.03634,3.34009,2.52758,0.06616,-0.05517
2026020435,2026-11-30,UTA,MTL,0.51434,0.39813,0.37281,0.22906,0.07954,0.03667,3.09411,3.01076,0.00490,0.00558
2026020436,2026-12-01,DET,CGY,0.58767,0.46490,0.30499,0.23010,0.08504,0.03773,3.18596,2.67510,0.00537,0.00458
2026020437,2026-12-01,NJD,SJS,0.57917,0.45860,0.31411,0.22729,0.08400,0.03657,3.23959,2.77307,0.00325,0.00893
2026020438,2026-12-01,NYI,FLA,0.43641,0.32655,0.44464,0.22881,0.07241,0.03745,2.80247,3.18557,0.00892,0.00775
2026020439,2026-12-01,WSH,VAN,0.69572,0.57870,0.21709,0.20421,0.08511,0.03190,3.69340,2.47608,0.01622,-0.00307
2026020440,2026-12-01,BOS,COL,0.40608,0.30098,0.47510,0.22392,0.06883,0.03626,2.76097,3.33081,-0.00515,0.01639
2026020441,2026-12-01,EDM,BUF,0.57269,0.45595,0.32288,0.22116,0.08254,0.03420,3.38962,2.94813,0.00722,0.01001
2026020442,2026-12-01,SEA,DAL,0.40588,0.29941,0.47362,0.22697,0.06893,0.03754,2.68280,3.24581,0.00342,0.00907
2026020443,2026-12-01,ANA,MIN,0.46450,0.35254,0.41896,0.22849,0.07522,0.03674,2.94451,3.15991,0.01092,0.00066
2026020444,2026-12-01,LAK,VGK,0.48492,0.36711,0.39580,0.23709,0.07784,0.03997,2.81536,2.90478,0.00366,0.00324
2026020445,2026-12-02,MTL,TBL,0.49340,0.37946,0.39267,0.22787,0.07766,0.03628,3.06170,3.10353,0.00840,0.01722
2026020446,2026-12-02,STL,PIT,0.50871,0.39192,0.37700,0.23108,0.07936,0.03743,3.02949,2.98121,0.00959,-0.00351
2026020447,2026-12-02,UTA,WPG,0.59441,0.47149,0.29909,0.22942,0.08514,0.03778,3.19184,2.63956,0.00265,0.00510
2026020448,2026-12-03,TOR,FLA,0.48405,0.36961,0.39998,0.23041,0.07716,0.03728,2.97175,3.06870,0.01175,-0.00482
2026020449,2026-12-03,OTT,NJD,0.54246,0.42170,0.34475,0.23355,0.08210,0.03867,3.03216,2.78472,0.01629,-0.00277
2026020450,2026-12-03,DET,COL,0.40377,0.29840,0.47670,0.22491,0.06868,0.03670,2.72602,3.30779,0.00443,0.00349
2026020451,2026-12-03,NYR,SJS,0.55438,0.43593,0.33687,0.22720,0.08225,0.03620,3.21802,2.89383,0.00890,-0.00706
2026020452,2026-12-03,PHI,NYI,0.57680,0.45577,0.31559,0.22864,0.08394,0.03709,3.20551,2.75203,0.01198,-0.00357
2026020453,2026-12-03,CAR,CBJ,0.63788,0.51901,0.26537,0.21562,0.08518,0.03369,3.52683,2.68437,0.00706,0.00720
2026020454,2026-12-03,NSH,CHI,0.56861,0.44909,0.32396,0.22694,0.08324,0.03628,3.23720,2.83214,0.00818,0.00679
2026020455,2026-12-03,CGY,BUF,0.42793,0.31957,0.45324,0.22719,0.07147,0.03688,2.80941,3.24276,0.00877,0.00271
2026020456,2026-12-03,EDM,WSH,0.53307,0.41601,0.35625,0.22774,0.08074,0.03632,3.15790,2.96352,0.00256,0.00804
2026020457,2026-12-03,SEA,DAL,0.40892,0.30167,0.47021,0.22811,0.06934,0.03790,2.67364,3.21652,0.00000,0.00000
2026020458,2026-12-03,VGK,UTA,0.62567,0.50334,0.27307,0.22359,0.08599,0.03634,3.32598,2.58061,0.05168,-0.05819
2026020459,2026-12-03,LAK,MIN,0.48811,0.37040,0.39326,0.23635,0.07799,0.03972,2.83721,2.90859,0.00028,0.00022
2026020460,2026-12-04,NYI,SJS,0.52566,0.40763,0.36154,0.23084,0.08067,0.03737,3.07493,2.92594,-0.01117,-0.00475
2026020461,2026-12-04,STL,CHI,0.63741,0.51489,0.26288,0.22223,0.08625,0.03627,3.34022,2.52363,0.05737,-0.06119
2026020462,2026-12-04,VAN,BUF,0.47623,0.36377,0.40864,0.22759,0.07623,0.03623,3.00976,3.15680,0.05964,-0.06701
2026020463,2026-12-04,ANA,SEA,0.65881,0.53960,0.24715,0.21325,0.08564,0.03357,3.55570,2.58405,0.06567,-0.06524
2026020464,2026-12-05,BOS,DET,0.55779,0.43849,0.33326,0.22825,0.08278,0.03652,3.20756,2.86570,0.01323,-0.00365
2026020465,2026-12-05,MTL,FLA,0.51029,0.39405,0.37629,0.22966,0.07939,0.03686,3.07217,3.01657,0.01144,-0.00506
2026020466,2026-12-05,NSH,CBJ,0.47861,0.36535,0.40575,0.22890,0.07647,0.03679,2.98238,3.11263,0.00017,0.00315
2026020467,2026-12-05,PIT,NJD,0.50863,0.39223,0.37749,0.23027,0.07926,0.03713,3.04890,3.00171,0.01561,-0.00385
2026020468,2026-12-05,CGY,WSH,0.39069,0.28577,0.48785,0.22638,0.06715,0.03777,2.61156,3.26246,0.00160,0.00126
2026020469,2026-12-05,OTT,TBL,0.47589,0.36122,0.40659,0.23220,0.07647,0.03821,2.88443,3.02969,-0.00604,0.00967
2026020470,2026-12-05,NYR,COL,0.43010,0.32146,0.45111,0.22743,0.07157,0.03707,2.80060,3.22010,0.00371,0.00292
2026020471,2026-12-05,CAR,TOR,0.62403,0.50471,0.27689,0.21841,0.08502,0.03431,3.46606,2.71429,0.00406,0.00320
2026020472,2026-12-05,VGK,WPG,0.62239,0.49824,0.27439,0.22737,0.08648,0.03767,3.23920,2.52382,-0.00749,0.01154
2026020473,2026-12-05,MIN,PHI,0.58239,0.46152,0.31102,0.22746,0.08408,0.03679,3.23324,2.74634,0.00981,0.00650
2026020474,2026-12-05,LAK,UTA,0.52306,0.40278,0.36158,0.23564,0.08103,0.03925,2.95875,2.82790,0.00200,0.00157
2026020475,2026-12-05,VAN,DAL,0.33781,0.24221,0.54259,0.21520,0.05991,0.03569,2.48414,3.47178,-0.06179,0.04519
2026020476,2026-12-06,PIT,SJS,0.49563,0.38176,0.39089,0.22735,0.07787,0.03600,3.08456,3.11381,-0.06013,0.04116
2026020477,2026-12-06,STL,NSH,0.59754,0.47473,0.29653,0.22874,0.08524,0.03758,3.20623,2.63455,0.03972,-0.06119
2026020478,2026-12-06,MTL,OTT,0.55790,0.43749,0.33217,0.23034,0.08289,0.03753,3.13673,2.79800,-0.00351,-0.02260
2026020479,2026-12-06,CHI,EDM,0.37949,0.27865,0.50197,0.21938,0.06545,0.03538,2.70381,3.43874,-0.00097,0.01753
2026020480,2026-12-06,ANA,WPG,0.61196,0.48973,0.28474,0.22552,0.08557,0.03665,3.29294,2.62883,0.04889,-0.06138
2026020481,2026-12-06,SEA,BUF,0.43322,0.32528,0.44933,0.22539,0.07195,0.03599,2.88723,3.29250,0.00596,0.00703
2026020482,2026-12-07,NYI,COL,0.42116,0.31280,0.45890,0.22830,0.07081,0.03755,2.74541,3.21779,0.00902,-0.00697
2026020483,2026-12-07,TBL,CBJ,0.61000,0.49022,0.28852,0.22126,0.08477,0.03501,3.39388,2.73257,0.00674,0.01103
2026020484,2026-12-07,NYR,NJD,0.49850,0.38143,0.38521,0.23336,0.07856,0.03851,2.93190,2.94193,0.00265,0.00209
2026020485,2026-12-07,VAN,WSH,0.37605,0.27509,0.50463,0.22029,0.06507,0.03589,2.65618,3.40809,-0.00002,0.00299
2026020486,2026-12-08,MTL,VGK,0.50315,0.38685,0.38214,0.23101,0.07889,0.03742,3.02085,3.00520,-0.00732,0.01769
2026020487,2026-12-08,OTT,ANA,0.57547,0.45587,0.31805,0.22608,0.08352,0.03608,3.26356,2.81569,0.00090,0.01016
2026020488,2026-12-08,FLA,BOS,0.62836,0.50902,0.27305,0.21793,0.08501,0.03432,3.46947,2.68710,0.01471,0.01482
2026020489,2026-12-08,PIT,CHI,0.61346,0.49406,0.28587,0.22007,0.08482,0.03458,3.43078,2.74570,-0.00007,0.00296
2026020490,2026-12-08,CAR,NYR,0.70973,0.59449,0.20622,0.19930,0.08433,0.03091,3.77449,2.45252,0.07408,-0.06741
2026020491,2026-12-08,STL,COL,0.45103,0.33751,0.42848,0.23402,0.07434,0.03918,2.75411,3.04340,0.04489,-0.05802
2026020492,2026-12-08,WPG,PHI,0.47815,0.36219,0.40339,0.23442,0.07688,0.03907,2.84374,2.97491,0.00308,0.01261
2026020493,2026-12-08,CGY,NSH,0.50648,0.38856,0.37778,0.23366,0.07946,0.03845,2.96105,2.92679,0.01320,-0.00067
2026020494,2026-12-08,MIN,EDM,0.54098,0.42262,0.34831,0.22907,0.08149,0.03687,3.14129,2.90011,0.01165,-0.00489
2026020495,2026-12-08,SJS,SEA,0.59958,0.47961,0.29722,0.22318,0.08459,0.03538,3.35788,2.76160,0.01383,0.00370
2026020496,2026-12-09,NJD,DET,0.58850,0.46638,0.30484,0.22879,0.08477,0.03735,3.20570,2.68745,-0.00529,0.01029
2026020497,2026-12-09,DAL,TOR,0.56899,0.44930,0.32344,0.22726,0.08322,0.03646,3.22822,2.81968,0.01230,0.00907
2026020498,2026-12-09,LAK,SJS,0.62675,0.50453,0.27219,0.22328,0.08601,0.03620,3.33837,2.58408,0.06216,-0.06803
2026020499,2026-12-10,BUF,EDM,0.50799,0.39454,0.38089,0.22457,0.07844,0.03501,3.18169,3.13615,0.01908,-0.00333
2026020500,2026-12-10,MTL,ANA,0.59573,0.47701,0.30152,0.22147,0.08416,0.03456,3.41480,2.83550,0.00110,0.00087
2026020501,2026-12-10,OTT,VGK,0.50184,0.38387,0.38153,0.23460,0.07897,0.03900,2.91397,2.90516,0.00110,0.00087
2026020502,2026-12-10,TBL,BOS,0.63954,0.51979,0.26325,0.21696,0.08543,0.03432,3.47748,2.63095,0.01044,-0.00585
2026020503,2026-12-10,FLA,PIT,0.61654,0.49761,0.28353,0.21886,0.08463,0.03430,3.45757,2.74837,0.00615,0.00484
2026020504,2026-12-10,NYI,CGY,0.60127,0.47831,0.29324,0.22844,0.08541,0.03754,3.21406,2.62006,0.01150,0.00101
2026020505,2026-12-10,CBJ,MIN,0.48441,0.37002,0.39980,0.23018,0.07714,0.03725,2.97192,3.06794,0.01423,0.00224
2026020506,2026-12-10,WPG,CHI,0.57734,0.45477,0.31382,0.23141,0.08437,0.03820,3.13587,2.68547,0.00307,0.00543
2026020507,2026-12-10,UTA,STL,0.60179,0.47941,0.29329,0.22731,0.08531,0.03708,3.24720,2.64761,0.01599,-0.00049
2026020508,2026-12-10,VAN,NSH,0.49379,0.37852,0.39108,0.23040,0.07806,0.03721,3.00347,3.04490,0.00878,-0.00415
2026020509,2026-12-10,SEA,WSH,0.39036,0.28673,0.48967,0.22359,0.06705,0.03657,2.68034,3.34021,-0.00212,0.01463
2026020510,2026-12-11,DET,NYR,0.49981,0.38391,0.38542,0.23067,0.07862,0.03727,3.01505,3.02103,-0.00040,0.01550
2026020511,2026-12-11,PHI,CGY,0.68419,0.56283,0.22385,0.21331,0.08663,0.03472,3.48481,2.37399,0.05485,-0.06546
2026020512,2026-12-11,CAR,NYI,0.72147,0.60658,0.19634,0.19708,0.08420,0.03070,3.78842,2.39090,0.06929,-0.06735
2026020513,2026-12-11,SJS,LAK,0.50507,0.38752,0.37937,0.23311,0.07935,0.03820,2.97186,2.94696,0.00462,0.00462
2026020514,2026-12-12,BOS,NJD,0.47697,0.36234,0.40571,0.23194,0.07669,0.03793,2.90790,3.04610,0.00006,0.01709
2026020515,2026-12-12,CBJ,MTL,0.49379,0.37961,0.39211,0.22828,0.07785,0.03633,3.06228,3.10226,0.00443,0.00349
2026020516,2026-12-12,TBL,PIT,0.62014,0.50109,0.28035,0.21856,0.08480,0.03426,3.46534,2.73409,0.00164,0.00129
2026020517,2026-12-12,MIN,WPG,0.63038,0.50730,0.26837,0.22432,0.08625,0.03682,3.30112,2.52916,0.00704,0.00359
2026020518,2026-12-12,BUF,ANA,0.57562,0.45837,0.31995,0.22168,0.08303,0.03423,3.40315,2.94483,0.00268,0.00211
2026020519,2026-12-12,TOR,VGK,0.49883,0.38268,0.38582,0.23150,0.07849,0.03766,2.99043,2.99820,0.01650,-0.00208
2026020520,2026-12-12,OTT,EDM,0.50346,0.38707,0.38176,0.23117,0.07882,0.03757,3.00460,2.98625,0.00198,0.00156
2026020521,2026-12-12,DET,FLA,0.36951,0.26912,0.51076,0.22012,0.06434,0.03605,2.61839,3.41087,-0.05623,0.05945
2026020522,2026-12-12,CHI,UTA,0.42412,0.31588,0.45655,0.22757,0.07114,0.03710,2.78466,3.24040,0.00769,0.01095
2026020523,2026-12-12,DAL,STL,0.62493,0.50197,0.27312,0.22491,0.08608,0.03688,3.29132,2.55221,0.01164,-0.00189
2026020524,2026-12-12,COL,WSH,0.58181,0.46215,0.31250,0.22535,0.08362,0.03604,3.28038,2.79067,0.01629,0.00015
2026020525,2026-12-12,LAK,VAN,0.58977,0.46666,0.30286,0.23048,0.08509,0.03802,3.16617,2.64277,-0.05438,0.05217
2026020526,2026-12-12,SEA,NSH,0.50936,0.39203,0.37594,0.23203,0.07958,0.03776,3.01545,2.96356,0.00114,0.00090
2026020527,2026-12-13,CAR,BOS,0.71146,0.59661,0.20501,0.19838,0.08422,0.03063,3.79474,2.45917,0.05984,-0.05944
2026020528,2026-12-13,NYR,CBJ,0.57431,0.45383,0.31820,0.22797,0.08375,0.03673,3.22337,2.78370,0.03963,-0.05632
2026020529,2026-12-13,TOR,ANA,0.57262,0.45251,0.31998,0.22751,0.08365,0.03645,3.24338,2.81286,-0.01647,-0.02532
2026020530,2026-12-13,STL,TBL,0.42757,0.31677,0.45080,0.23243,0.07177,0.03904,2.68103,3.10790,-0.00062,-0.01919
2026020531,2026-12-14,OTT,BUF,0.54189,0.42418,0.34823,0.22759,0.08143,0.03628,3.18028,2.93410,0.00198,0.00156
2026020532,2026-12-14,PHI,FLA,0.47851,0.36398,0.40462,0.23140,0.07671,0.03782,2.91717,3.04952,0.01228,-0.00440
2026020533,2026-12-14,MTL,EDM,0.51718,0.40177,0.37122,0.22702,0.07951,0.03590,3.15065,3.05060,0.00459,0.00530
2026020534,2026-12-14,COL,UTA,0.60767,0.48676,0.28940,0.22383,0.08497,0.03594,3.33538,2.68976,0.00251,0.00498
2026020535,2026-12-14,SJS,VAN,0.62423,0.50455,0.27643,0.21903,0.08522,0.03446,3.45714,2.70540,0.01138,-0.00511
2026020536,2026-12-15,BOS,FLA,0.49299,0.37747,0.39153,0.23101,0.07798,0.03754,2.97351,3.02066,0.04893,-0.05664
2026020537,2026-12-15,BUF,CGY,0.58267,0.46168,0.31072,0.22761,0.08426,0.03674,3.23743,2.74971,-0.06610,0.05446
2026020538,2026-12-15,DET,LAK,0.48511,0.36821,0.39668,0.23511,0.07779,0.03910,2.86566,2.95694,0.00086,0.01006
2026020539,2026-12-15,NJD,NYR,0.57744,0.45592,0.31469,0.22939,0.08405,0.03748,3.17224,2.71975,0.01029,-0.00529
2026020540,2026-12-15,PIT,TBL,0.45433,0.34447,0.42974,0.22579,0.07398,0.03588,2.96161,3.24195,0.01406,0.00217
2026020541,2026-12-15,CBJ,CAR,0.42970,0.32224,0.45280,0.22496,0.07145,0.03601,2.86721,3.29444,0.00593,0.00607
2026020542,2026-12-15,STL,WPG,0.52854,0.40679,0.35562,0.23759,0.08163,0.04013,2.91619,2.75572,-0.00355,0.01163
2026020543,2026-12-15,NSH,SEA,0.56011,0.44054,0.33108,0.22838,0.08293,0.03663,3.20549,2.85094,0.01221,0.01221
2026020544,2026-12-15,MIN,TOR,0.58240,0.46182,0.31136,0.22682,0.08416,0.03641,3.25730,2.77143,0.01024,-0.00299
2026020545,2026-12-15,UTA,NYI,0.51269,0.39509,0.37289,0.23202,0.07968,0.03792,3.00732,2.93589,-0.06555,0.06998
2026020546,2026-12-15,DAL,WSH,0.52350,0.40557,0.36347,0.23096,0.08032,0.03761,3.05085,2.91490,0.00300,0.00573
2026020547,2026-12-16,PHI,NYR,0.61404,0.49267,0.28374,0.22358,0.08542,0.03594,3.34100,2.66183,0.06266,-0.06233
2026020548,2026-12-16,COL,NYI,0.70712,0.58968,0.20695,0.20336,0.08527,0.03217,3.67989,2.39455,0.06005,-0.06055
2026020549,2026-12-16,ANA,VAN,0.63032,0.51137,0.27176,0.21687,0.08507,0.03388,3.50595,2.71070,0.02032,-0.00533
2026020550,2026-12-16,VGK,SJS,0.62604,0.50551,0.27422,0.22027,0.08556,0.03497,3.42304,2.66557,0.02024,-0.00558
2026020551,2026-12-17,BOS,STL,0.55188,0.43136,0.33714,0.23150,0.08272,0.03780,3.10695,2.80459,0.00299,0.00536
2026020552,2026-12-17,TBL,CGY,0.69270,0.57335,0.21805,0.20860,0.08601,0.03335,3.58255,2.40497,0.01087,0.01072
2026020553,2026-12-17,NJD,TOR,0.54651,0.42649,0.34219,0.23132,0.08230,0.03771,3.10326,2.83335,0.00285,0.00525
2026020554,2026-12-17,PIT,LAK,0.51760,0.39946,0.36829,0.23225,0.08029,0.03784,3.02789,2.92884,0.00185,0.00146
2026020555,2026-12-17,WSH,DET,0.62716,0.50714,0.27356,0.21931,0.08524,0.03478,3.43403,2.66439,0.00898,0.00605
2026020556,2026-12-17,CBJ,SEA,0.61147,0.49037,0.28618,0.22345,0.08531,0.03579,3.34404,2.67997,-0.00057,0.00256
2026020557,2026-12-17,EDM,DAL,0.55564,0.43662,0.33530,0.22808,0.08249,0.03652,3.20276,2.87276,0.02160,0.00205
2026020558,2026-12-17,UTA,CAR,0.44830,0.33796,0.43419,0.22785,0.07351,0.03683,2.88252,3.19538,0.00128,0.00703
2026020559,2026-12-18,BUF,MTL,0.51454,0.40003,0.37438,0.22559,0.07934,0.03517,3.19771,3.11357,0.00434,0.00377
2026020560,2026-12-18,OTT,CHI,0.64410,0.52280,0.25811,0.21909,0.08604,0.03526,3.41949,2.55305,0.00285,0.00561
2026020561,2026-12-18,NYR,NSH,0.57104,0.45173,0.32199,0.22628,0.08315,0.03616,3.25079,2.82744,-0.00467,0.01407
2026020562,2026-12-18,PHI,DET,0.63572,0.51435,0.26519,0.22046,0.08596,0.03541,3.40437,2.58942,0.05533,-0.06203
2026020563,2026-12-18,PIT,SEA,0.61168,0.49073,0.28609,0.22318,0.08519,0.03575,3.34815,2.68123,-0.01069,-0.02279
2026020564,2026-12-18,MIN,ANA,0.61426,0.49436,0.28475,0.22090,0.08498,0.03491,3.41149,2.72308,0.01010,-0.00010
2026020565,2026-12-18,COL,CAR,0.58175,0.46145,0.31200,0.22655,0.08391,0.03640,3.26136,2.77458,0.04810,-0.06055
2026020566,2026-12-18,VGK,NYI,0.61561,0.49327,0.28158,0.22514,0.08570,0.03664,3.29476,2.61033,0.00106,0.00385
2026020567,2026-12-19,NJD,BOS,0.58280,0.46123,0.31012,0.22865,0.08443,0.03714,3.20821,2.72263,0.00178,0.00140
2026020568,2026-12-19,FLA,CGY,0.69486,0.57523,0.21600,0.20877,0.08613,0.03349,3.57506,2.38593,0.01602,0.00124
2026020569,2026-12-19,EDM,UTA,0.57294,0.45352,0.32032,0.22616,0.08337,0.03605,3.26529,2.83112,0.00573,0.00451
2026020570,2026-12-19,TOR,TBL,0.47156,0.35880,0.41208,0.22912,0.07588,0.03689,2.95953,3.12955,0.00877,0.00796
2026020571,2026-12-19,WSH,STL,0.62862,0.50627,0.27058,0.22315,0.08617,0.03619,3.33782,2.57570,0.00317,0.00250
2026020572,2026-12-19,CBJ,LAK,0.52478,0.40525,0.36082,0.23393,0.08089,0.03863,2.99791,2.85529,0.00150,0.00118
2026020573,2026-12-19,MIN,MTL,0.54123,0.42187,0.34721,0.23092,0.08181,0.03755,3.09940,2.85961,-0.02183,-0.00557
2026020574,2026-12-19,WPG,DAL,0.45190,0.33831,0.42760,0.23410,0.07434,0.03926,2.75264,3.03511,0.01491,0.00280
2026020575,2026-12-19,VAN,SJS,0.45204,0.34209,0.43148,0.22642,0.07388,0.03607,2.94630,3.23817,0.01303,0.01312
2026020576,2026-12-20,BOS,PHI,0.44417,0.33344,0.43718,0.22938,0.07337,0.03737,2.84019,3.17570,-0.05917,0.05904
2026020577,2026-12-20,CHI,OTT,0.42050,0.31205,0.45933,0.22862,0.07073,0.03772,2.72913,3.20468,0.00513,0.00513
2026020578,2026-12-20,DET,TBL,0.48139,0.36679,0.40212,0.23109,0.07701,0.03759,2.94078,3.05550,0.06142,-0.05799
2026020579,2026-12-20,BUF,LAK,0.59855,0.47696,0.29668,0.22635,0.08499,0.03659,3.27638,2.69192,0.04695,-0.06096
2026020580,2026-12-20,WPG,DAL,0.44390,0.32958,0.43342,0.23700,0.07371,0.04060,2.65350,2.97858,-0.02177,-0.01600
2026020581,2026-12-20,NJD,NSH,0.55816,0.43694,0.33120,0.23186,0.08316,0.03805,3.10703,2.76793,-0.06283,0.05250
2026020582,2026-12-20,NYI,NYR,0.52210,0.40409,0.36464,0.23128,0.08041,0.03760,3.05147,2.92570,0.00913,0.00001
2026020583,2026-12-20,EDM,ANA,0.55725,0.43908,0.33476,0.22615,0.08244,0.03574,3.25609,2.91597,-0.05974,0.04905
2026020584,2026-12-20,COL,SEA,0.69877,0.58097,0.21384,0.20520,0.08534,0.03247,3.65306,2.42197,0.00065,0.00654
2026020585,2026-12-21,TOR,WSH,0.49212,0.37742,0.39301,0.22957,0.07773,0.03697,3.01174,3.06232,0.00289,0.00227
2026020586,2026-12-21,FLA,STL,0.64391,0.52204,0.25781,0.22015,0.08615,0.03571,3.38500,2.52285,0.00579,0.00456
2026020587,2026-12-21,PHI,CBJ,0.48884,0.37335,0.39490,0.23175,0.07776,0.03773,2.96220,3.03027,-0.05777,0.05143
2026020588,2026-12-21,VAN,UTA,0.41093,0.30429,0.46932,0.22639,0.06961,0.03704,2.73723,3.27427,0.00051,0.00341
2026020589,2026-12-21,VGK,CAR,0.48880,0.37346,0.39519,0.23135,0.07766,0.03768,2.95991,3.03093,0.00272,0.00551
2026020590,2026-12-22,TBL,STL,0.69081,0.57045,0.21892,0.21063,0.08632,0.03404,3.53130,2.37310,0.04136,-0.05545
2026020591,2026-12-22,NYI,BOS,0.53028,0.41158,0.35711,0.23130,0.08126,0.03743,3.08626,2.91219,0.00159,0.00125
2026020592,2026-12-22,NYR,NJD,0.49820,0.38103,0.38535,0.23362,0.07856,0.03861,2.92491,2.93666,0.00027,0.00029
2026020593,2026-12-22,PIT,BUF,0.51536,0.40161,0.37443,0.22396,0.07909,0.03467,3.22820,3.13961,0.01043,-0.00586
2026020594,2026-12-22,CBJ,MTL,0.43468,0.32589,0.44715,0.22697,0.07218,0.03661,2.85301,3.24677,-0.06635,0.04902
2026020595,2026-12-22,DET,TOR,0.53514,0.41596,0.35256,0.23148,0.08162,0.03757,3.08778,2.88565,0.03900,-0.06147
2026020596,2026-12-22,NSH,WPG,0.52427,0.40543,0.36197,0.23260,0.08062,0.03822,3.01623,2.87756,0.01092,0.00690
2026020597,2026-12-22,DAL,CGY,0.65507,0.53318,0.24832,0.21850,0.08638,0.03551,3.40505,2.47679,0.00148,0.02122
2026020598,2026-12-22,MIN,LAK,0.58568,0.46257,0.30634,0.23109,0.08482,0.03828,3.14257,2.64462,0.01043,-0.00285
2026020599,2026-12-22,SEA,SJS,0.46769,0.35511,0.41561,0.22928,0.07561,0.03698,2.94052,3.13597,-0.00069,0.01262
2026020600,2026-12-22,ANA,VGK,0.51256,0.39551,0.37347,0.23102,0.07964,0.03741,3.04224,2.96964,0.05409,-0.05717
2026020601,2026-12-26,FLA,TBL,0.53017,0.41173,0.35736,0.23091,0.08097,0.03747,3.08182,2.90615,0.00330,0.00295
2026020602,2026-12-26,BOS,NYI,0.53930,0.42033,0.34916,0.23052,0.08178,0.03719,3.12466,2.89419,0.00451,0.00451
2026020603,2026-12-26,BUF,NJD,0.52686,0.40955,0.36124,0.22921,0.08057,0.03674,3.12001,2.96321,0.00543,0.00524
2026020604,2026-12-26,MTL,TOR,0.56182,0.44392,0.33115,0.22493,0.08251,0.03539,3.28820,2.91914,0.00908,0.00918
2026020605,2026-12-26,WSH,CBJ,0.59217,0.47232,0.30359,0.22409,0.08430,0.03555,3.33675,2.78446,0.00667,0.00670
2026020606,2026-12-26,CAR,PIT,0.65105,0.53384,0.25536,0.21080,0.08483,0.03237,3.63886,2.70190,0.01289,0.00313
2026020607,2026-12-26,NSH,DET,0.51407,0.39727,0.37239,0.23034,0.07969,0.03711,3.06645,2.98398,0.00196,0.00490
2026020608,2026-12-26,MIN,WPG,0.62928,0.50623,0.26933,0.22444,0.08622,0.03683,3.29933,2.53390,0.00650,0.00547
2026020609,2026-12-26,CGY,VAN,0.54581,0.42493,0.34192,0.23315,0.08256,0.03832,3.06787,2.80254,0.00834,0.00934
2026020610,2026-12-26,LAK,UTA,0.52652,0.40664,0.35907,0.23429,0.08116,0.03872,2.99818,2.84645,0.01524,0.00811
2026020611,2026-12-26,SJS,VGK,0.45446,0.34298,0.42778,0.22923,0.07436,0.03711,2.89063,3.16417,0.00831,0.00877
2026020612,2026-12-27,CHI,PHI,0.43580,0.32598,0.44522,0.22880,0.07234,0.03748,2.79707,3.18451,0.00302,0.00574
2026020613,2026-12-27,CBJ,EDM,0.41639,0.31003,0.46506,0.22491,0.07002,0.03633,2.79560,3.30061,-0.06610,0.05202
2026020614,2026-12-27,STL,NYR,0.50263,0.38506,0.38143,0.23351,0.07913,0.03843,2.94912,2.93986,0.00878,0.00877
2026020615,2026-12-27,MTL,DAL,0.46718,0.35400,0.41543,0.23057,0.07557,0.03762,2.89652,3.09508,-0.06544,0.05492
2026020616,2026-12-27,NJD,BOS,0.58373,0.46170,0.30893,0.22938,0.08459,0.03745,3.19028,2.70073,-0.00383,-0.00668
2026020617,2026-12-27,NYI,OTT,0.41351,0.30572,0.46587,0.22841,0.06990,0.03788,2.68917,3.20592,-0.06712,0.07177
2026020618,2026-12-27,ANA,COL,0.41762,0.31154,0.46439,0.22408,0.07014,0.03594,2.83242,3.33266,0.00375,0.00632
2026020619,2026-12-28,MIN,VGK,0.52784,0.40837,0.35834,0.23329,0.08104,0.03843,3.01739,2.85725,0.00147,0.00718
2026020620,2026-12-28,BUF,DET,0.58980,0.47106,0.30654,0.22240,0.08390,0.03484,3.38316,2.84042,0.00115,0.00392
2026020621,2026-12-28,FLA,NSH,0.65776,0.53841,0.24785,0.21374,0.08555,0.03380,3.53667,2.57051,0.00194,0.00454
2026020622,2026-12-28,WSH,EDM,0.58717,0.46727,0.30774,0.22499,0.08393,0.03598,3.29290,2.77155,0.04627,-0.06077
2026020623,2026-12-28,CAR,TBL,0.56129,0.44228,0.33055,0.22717,0.08274,0.03627,3.22761,2.86421,0.00474,0.00374
2026020624,2026-12-28,WPG,SJS,0.50867,0.39129,0.37647,0.23224,0.07942,0.03795,2.99324,2.94551,0.00372,0.01015
2026020625,2026-12-28,VAN,LAK,0.42680,0.31666,0.45218,0.23116,0.07164,0.03850,2.70834,3.14194,0.00951,0.00511
2026020626,2026-12-29,MTL,CBJ,0.57698,0.45812,0.31741,0.22447,0.08347,0.03539,3.32092,2.86066,0.00443,0.00349
2026020627,2026-12-29,OTT,DAL,0.51339,0.39480,0.37131,0.23389,0.07995,0.03863,2.96445,2.88946,0.00331,0.00367
2026020628,2026-12-29,TBL,NSH,0.65279,0.53247,0.25142,0.21611,0.08583,0.03449,3.48284,2.55552,-0.02040,-0.00052
2026020629,2026-12-29,NYR,DET,0.62048,0.49960,0.27859,0.22181,0.08543,0.03545,3.38303,2.65965,0.06150,-0.05865
2026020630,2026-12-29,PIT,CAR,0.48527,0.37244,0.40065,0.22691,0.07688,0.03595,3.05495,3.14696,0.05877,-0.06518
2026020631,2026-12-29,CHI,VGK,0.44293,0.33086,0.43667,0.23247,0.07338,0.03870,2.75723,3.09411,0.04866,-0.06068
2026020632,2026-12-29,CGY,SJS,0.52912,0.40964,0.35724,0.23312,0.08126,0.03822,3.03538,2.86678,0.06132,-0.06568
2026020633,2026-12-29,COL,STL,0.66468,0.54360,0.24073,0.21567,0.08633,0.03474,3.47223,2.47861,0.00663,0.00666
2026020634,2026-12-29,UTA,NJD,0.53378,0.41402,0.35304,0.23294,0.08153,0.03823,3.04375,2.84783,0.01503,0.00176
2026020635,2026-12-29,SEA,PHI,0.45097,0.33901,0.43024,0.23076,0.07406,0.03790,2.82541,3.11935,0.01070,0.00038
2026020636,2026-12-29,ANA,TOR,0.48829,0.37484,0.39753,0.22763,0.07739,0.03607,3.06434,3.13922,-0.00686,0.01806
2026020637,2026-12-30,NYI,WSH,0.45995,0.34743,0.42215,0.23041,0.07488,0.03764,2.86962,3.11112,0.01077,-0.00559
2026020638,2026-12-30,FLA,BUF,0.58968,0.47102,0.30677,0.22221,0.08385,0.03480,3.38336,2.84261,0.00680,0.00535
2026020639,2026-12-30,BOS,EDM,0.46278,0.35158,0.42123,0.22719,0.07490,0.03629,2.96226,3.18999,0.01337,-0.00287
2026020640,2026-12-30,VAN,SEA,0.56971,0.44849,0.32147,0.23004,0.08373,0.03749,3.16359,2.75549,0.05188,-0.06203
2026020641,2026-12-30,LAK,TOR,0.57761,0.45518,0.31369,0.23113,0.08429,0.03813,3.13603,2.68338,0.04256,-0.05619
2026020642,2026-12-31,OTT,PIT,0.56927,0.45034,0.32382,0.22584,0.08294,0.03599,3.25385,2.84048,0.00317,0.00250
2026020643,2026-12-31,DET,CAR,0.39499,0.29174,0.48643,0.22183,0.06744,0.03582,2.74102,3.38184,0.00477,0.00517
2026020644,2026-12-31,TBL,MTL,0.57239,0.45347,0.32125,0.22528,0.08321,0.03571,3.28643,2.85527,0.00732,0.00576
2026020645,2026-12-31,CBJ,WSH,0.54159,0.42349,0.34811,0.22840,0.08165,0.03644,3.17602,2.93192,0.07111,-0.05550
2026020646,2026-12-31,VGK,STL,0.63110,0.50807,0.26784,0.22409,0.08629,0.03675,3.30511,2.52989,0.00811,0.00515
2026020647,2026-12-31,UTA,COL,0.45933,0.34678,0.42276,0.23046,0.07490,0.03764,2.87098,3.11832,0.00302,0.00238
2026020648,2026-12-31,CGY,WPG,0.47866,0.36075,0.40095,0.23831,0.07734,0.04058,2.76105,2.88785,-0.00539,0.01319
2026020649,2026-12-31,DAL,NYR,0.58977,0.46882,0.30479,0.22639,0.08452,0.03643,3.26838,2.73875,0.01058,0.01060
2026020650,2027-01-01,NSH,FLA,0.41466,0.30832,0.46664,0.22505,0.06985,0.03650,2.77701,3.29566,0.01464,-0.00147
2026020651,2027-01-01,CHI,BOS,0.47424,0.36105,0.40953,0.22942,0.07610,0.03709,2.94439,3.10158,0.01102,-0.00238
2026020652,2027-01-01,ANA,NJD,0.48640,0.37140,0.39748,0.23112,0.07746,0.03754,2.96124,3.04464,0.00258,0.00540
2026020653,2027-01-01,SJS,PHI,0.50709,0.39162,0.37971,0.22867,0.07896,0.03651,3.08230,3.04408,0.01192,0.00848
2026020654,2027-01-01,PIT,MIN,0.40962,0.30391,0.47141,0.22468,0.06934,0.03638,2.77172,3.31774,-0.06588,0.05527
2026020655,2027-01-02,DET,EDM,0.43316,0.32463,0.44874,0.22663,0.07201,0.03652,2.85274,3.25641,-0.00271,0.01229
2026020656,2027-01-02,FLA,MTL,0.51522,0.39818,0.37122,0.23060,0.07980,0.03724,3.06365,2.97459,-0.05674,0.04633
2026020657,2027-01-02,TBL,BUF,0.58508,0.46652,0.31077,0.22271,0.08365,0.03492,3.36490,2.85345,-0.00550,0.01009
2026020658,2027-01-02,WSH,OTT,0.56443,0.44396,0.32659,0.22946,0.08326,0.03721,3.17068,2.79217,0.00565,0.00549
2026020659,2027-01-02,CAR,NSH,0.72962,0.61578,0.19002,0.19420,0.08377,0.03007,3.84431,2.38469,0.04072,-0.05592
2026020660,2027-01-02,CBJ,BOS,0.61299,0.49294,0.28571,0.22135,0.08498,0.03508,3.39327,2.71392,0.05444,-0.06068
2026020661,2027-01-02,MIN,STL,0.56901,0.44664,0.32106,0.23231,0.08395,0.03842,3.10445,2.70465,-0.05798,0.06125
2026020662,2027-01-02,WPG,CGY,0.57893,0.45478,0.31108,0.23414,0.08478,0.03936,3.06677,2.61162,0.00613,0.00613
2026020663,2027-01-02,SJS,TOR,0.43417,0.32582,0.44817,0.22601,0.07209,0.03627,2.86976,3.27081,-0.06748,0.06161
2026020664,2027-01-02,DAL,CHI,0.71694,0.60046,0.19917,0.20036,0.08479,0.03169,3.70625,2.35355,0.06052,-0.05871
2026020665,2027-01-02,LAK,NJD,0.57974,0.45503,0.30991,0.23506,0.08510,0.03961,3.05649,2.59835,0.06150,-0.06985
2026020666,2027-01-02,UTA,VAN,0.64508,0.52463,0.25793,0.21745,0.08584,0.03461,3.47194,2.59260,-0.00514,0.01339
2026020667,2027-01-02,VGK,COL,0.49620,0.37932,0.38746,0.23322,0.07847,0.03841,2.93515,2.96225,-0.00035,0.00274
2026020668,2027-01-02,SEA,NYI,0.47569,0.36095,0.40668,0.23237,0.07660,0.03814,2.89377,3.03999,0.00277,0.01200
2026020669,2027-01-03,PIT,EDM,0.52290,0.40717,0.36614,0.22670,0.07987,0.03586,3.15768,3.02446,0.04538,-0.06147
2026020670,2027-01-03,NYR,CBJ,0.58379,0.46325,0.31011,0.22664,0.08415,0.03639,3.26290,2.76521,0.05181,-0.06299
2026020671,2027-01-03,STL,CGY,0.58267,0.45704,0.30671,0.23625,0.08544,0.04019,3.02622,2.55550,-0.01549,-0.02010
2026020672,2027-01-03,ANA,PHI,0.50690,0.39106,0.37951,0.22942,0.07908,0.03675,3.06947,3.03247,0.00277,0.00218
2026020673,2027-01-03,SEA,VAN,0.55099,0.43004,0.33749,0.23247,0.08275,0.03820,3.08234,2.78623,-0.01711,-0.00798
2026020674,2027-01-04,BUF,WPG,0.59499,0.47473,0.30086,0.22441,0.08446,0.03580,3.31938,2.75225,0.00786,0.01163
2026020675,2027-01-04,MTL,CHI,0.65951,0.54130,0.24732,0.21138,0.08528,0.03293,3.60415,2.62103,0.01060,0.01424
2026020676,2027-01-04,WSH,TOR,0.57286,0.45359,0.32050,0.22591,0.08327,0.03600,3.26829,2.83391,0.00020,0.00919
2026020677,2027-01-04,DAL,DET,0.61447,0.49286,0.28313,0.22401,0.08549,0.03613,3.33202,2.64972,0.00284,0.00525
2026020678,2027-01-04,COL,VGK,0.57056,0.44959,0.32090,0.22951,0.08358,0.03739,3.17492,2.75893,0.00491,0.00491
2026020679,2027-01-04,LAK,PHI,0.58751,0.46349,0.30403,0.23248,0.08528,0.03874,3.12183,2.61641,0.04675,-0.06271
2026020680,2027-01-04,SJS,NJD,0.48699,0.37165,0.39658,0.23176,0.07754,0.03780,2.94696,3.02547,0.00258,0.00203
2026020681,2027-01-05,CAR,STL,0.67815,0.55865,0.23032,0.21103,0.08585,0.03365,3.55751,2.46812,0.01013,-0.00308
2026020682,2027-01-05,CBJ,NYR,0.54333,0.42501,0.34642,0.22857,0.08177,0.03655,3.17039,2.91602,0.00659,0.00659
2026020683,2027-01-05,BOS,BUF,0.55501,0.43758,0.33734,0.22507,0.08209,0.03533,3.27731,2.94885,0.05740,-0.06296
2026020684,2027-01-05,NSH,EDM,0.42914,0.32164,0.45333,0.22503,0.07141,0.03609,2.85892,3.29199,0.01225,-0.00372
2026020685,2027-01-05,CGY,FLA,0.36555,0.26470,0.51332,0.22198,0.06394,0.03690,2.55617,3.36320,0.00299,0.02210
2026020686,2027-01-05,UTA,OTT,0.52571,0.40697,0.36083,0.23220,0.08079,0.03795,3.03772,2.88937,0.00386,0.00942
2026020687,2027-01-05,VAN,NYI,0.45066,0.33904,0.43087,0.23009,0.07397,0.03765,2.83684,3.13358,-0.00511,0.01083
2026020688,2027-01-05,SEA,TBL,0.36682,0.26677,0.51330,0.21994,0.06395,0.03610,2.60650,3.41291,-0.00671,0.01818
2026020689,2027-01-05,ANA,MIN,0.44829,0.33805,0.43430,0.22765,0.07358,0.03666,2.89557,3.20827,-0.00584,0.01584
2026020690,2027-01-06,MTL,BOS,0.65508,0.53607,0.25055,0.21338,0.08568,0.03334,3.57325,2.62451,0.05759,-0.06121
2026020691,2027-01-06,COL,OTT,0.65992,0.53924,0.24505,0.21571,0.08604,0.03464,3.47350,2.50527,0.06134,-0.06055
2026020692,2027-01-06,LAK,WSH,0.48230,0.36604,0.39962,0.23434,0.07733,0.03893,2.86359,2.97074,-0.00006,0.00899
2026020693,2027-01-06,SJS,DAL,0.46433,0.35199,0.41870,0.22931,0.07522,0.03711,2.91760,3.13371,0.00107,0.00687
2026020694,2027-01-07,DET,UTA,0.48431,0.36956,0.39954,0.23090,0.07734,0.03742,2.96373,3.06153,0.01525,0.00267
2026020695,2027-01-07,NJD,CBJ,0.57501,0.45436,0.31752,0.22812,0.08375,0.03690,3.20921,2.76779,0.02183,-0.00382
2026020696,2027-01-07,NYR,CHI,0.60484,0.48429,0.29215,0.22356,0.08477,0.03578,3.33795,2.70936,-0.00149,0.01465
2026020697,2027-01-07,PHI,TOR,0.53405,0.41605,0.35456,0.22939,0.08115,0.03685,3.12719,2.92905,0.01195,0.00270
2026020698,2027-01-07,CAR,PIT,0.63857,0.52070,0.26556,0.21374,0.08485,0.03302,3.57648,2.72313,-0.00440,0.01096
2026020699,2027-01-07,WPG,NSH,0.55586,0.43546,0.33384,0.23070,0.08268,0.03772,3.11977,2.79192,0.02055,0.00081
2026020700,2027-01-07,CGY,NYI,0.46958,0.35392,0.41081,0.23527,0.07626,0.03940,2.79919,2.97980,-0.00002,0.00299
2026020701,2027-01-07,EDM,FLA,0.52046,0.40401,0.36753,0.22846,0.07987,0.03658,3.10725,2.99040,0.00881,0.00659
2026020702,2027-01-07,VAN,TBL,0.35812,0.25986,0.52266,0.21747,0.06271,0.03555,2.59684,3.46180,0.00114,0.00090
2026020703,2027-01-07,VGK,MIN,0.54718,0.42666,0.34110,0.23224,0.08237,0.03815,3.07854,2.80449,0.01461,-0.00454
2026020704,2027-01-08,CBJ,BUF,0.45699,0.34674,0.42701,0.22624,0.07431,0.03594,2.96971,3.23208,-0.06262,0.04907
2026020705,2027-01-08,STL,OTT,0.47589,0.35968,0.40502,0.23530,0.07690,0.03931,2.82243,2.96695,0.01483,-0.00124
2026020706,2027-01-08,COL,SEA,0.69337,0.57523,0.21824,0.20653,0.08545,0.03269,3.63532,2.44039,-0.00421,0.01411
2026020707,2027-01-08,ANA,DAL,0.47648,0.36322,0.40763,0.22915,0.07631,0.03695,2.96181,3.10664,0.01157,-0.00496
2026020708,2027-01-08,SJS,WSH,0.45726,0.34620,0.42595,0.22785,0.07453,0.03653,2.93440,3.19420,0.00258,0.00203
2026020709,2027-01-09,NJD,CHI,0.64570,0.52361,0.25620,0.22019,0.08637,0.03573,3.38535,2.51605,0.00010,0.00008
2026020710,2027-01-09,CGY,TBL,0.36950,0.26767,0.50885,0.22348,0.06446,0.03737,2.54457,3.32354,-0.00002,0.00299
2026020711,2027-01-09,EDM,NYI,0.61741,0.49703,0.28164,0.22133,0.08512,0.03525,3.38863,2.68258,0.00160,0.00126
2026020712,2027-01-09,BUF,CAR,0.39653,0.29407,0.48605,0.21988,0.06757,0.03489,2.81105,3.44629,-0.05721,0.04723
2026020713,2027-01-09,TOR,PHI,0.54002,0.42159,0.34903,0.22938,0.08154,0.03690,3.13977,2.90381,0.00501,0.00501
2026020714,2027-01-09,MTL,PIT,0.59321,0.47547,0.30447,0.22006,0.08365,0.03409,3.43975,2.87179,0.01378,-0.00322
2026020715,2027-01-09,DET,BOS,0.51269,0.39591,0.37372,0.23038,0.07973,0.03705,3.06614,2.99519,-0.00321,0.01189
2026020716,2027-01-09,WPG,UTA,0.47036,0.35486,0.41032,0.23482,0.07627,0.03923,2.81483,2.99080,0.00222,0.00476
2026020717,2027-01-09,MIN,NSH,0.64605,0.52568,0.25724,0.21708,0.08592,0.03445,3.48096,2.59783,0.00965,0.00309
2026020718,2027-01-09,LAK,DAL,0.55584,0.43262,0.33129,0.23609,0.08343,0.03979,2.99965,2.67863,0.05024,-0.06985
2026020719,2027-01-09,VAN,FLA,0.36088,0.26201,0.51971,0.21828,0.06314,0.03573,2.59819,3.44600,0.00051,0.00341
2026020720,2027-01-09,VGK,SEA,0.71639,0.59830,0.19863,0.20307,0.08561,0.03248,3.64996,2.31686,0.05180,-0.05908
2026020721,2027-01-09,SJS,NYR,0.46087,0.34927,0.42242,0.22832,0.07485,0.03675,2.92811,3.16733,-0.06245,0.06019
2026020722,2027-01-10,PHI,CHI,0.63281,0.51117,0.26742,0.22141,0.08581,0.03583,3.37002,2.57367,-0.00480,-0.01306
2026020723,2027-01-10,COL,NSH,0.72242,0.60694,0.19509,0.19797,0.08440,0.03107,3.76298,2.36371,0.03905,-0.05870
2026020724,2027-01-10,ANA,WSH,0.45840,0.34766,0.42530,0.22704,0.07446,0.03628,2.95124,3.20359,0.00277,0.00218
2026020725,2027-01-11,TOR,WPG,0.58899,0.46701,0.30439,0.22859,0.08461,0.03737,3.20979,2.68404,0.00261,0.00507
2026020726,2027-01-11,EDM,TBL,0.51538,0.39888,0.37167,0.22944,0.07963,0.03686,3.08150,2.99276,0.00160,0.00126
2026020727,2027-01-11,LAK,NYR,0.55190,0.43043,0.33625,0.23333,0.08287,0.03860,3.05757,2.75745,0.00258,0.00203
2026020728,2027-01-12,BOS,CAR,0.40876,0.30437,0.47364,0.22199,0.06891,0.03549,2.81450,3.37105,0.00835,0.00862
2026020729,2027-01-12,BUF,NJD,0.52701,0.40960,0.36101,0.22939,0.08061,0.03681,3.11585,2.95828,0.00409,0.00358
2026020730,2027-01-12,PIT,COL,0.43428,0.32681,0.44908,0.22411,0.07178,0.03569,2.90213,3.30528,0.01235,0.00308
2026020731,2027-01-12,WSH,VGK,0.52380,0.40567,0.36304,0.23129,0.08047,0.03766,3.05492,2.91777,0.00127,0.01731
2026020732,2027-01-12,CHI,UTA,0.41973,0.31199,0.46074,0.22727,0.07065,0.03709,2.76857,3.25048,0.00190,0.01406
2026020733,2027-01-12,NSH,PHI,0.47045,0.35742,0.41292,0.22965,0.07583,0.03719,2.93382,3.11465,0.00676,0.00707
2026020734,2027-01-12,DAL,OTT,0.55806,0.43723,0.33165,0.23113,0.08299,0.03784,3.11625,2.77727,0.01207,0.00526
2026020735,2027-01-12,CGY,CBJ,0.44281,0.33124,0.43739,0.23137,0.07335,0.03821,2.78329,3.12377,0.00339,0.00904
2026020736,2027-01-12,SEA,FLA,0.38252,0.27983,0.49731,0.22286,0.06609,0.03661,2.64582,3.35577,0.00728,0.00824
2026020737,2027-01-12,ANA,NYR,0.58786,0.46844,0.30761,0.22395,0.08397,0.03546,3.33522,2.80794,0.06218,-0.06271
2026020738,2027-01-13,MTL,NJD,0.61254,0.49078,0.28472,0.22450,0.08555,0.03621,3.32321,2.65499,0.06390,-0.06796
2026020739,2027-01-13,NYI,PIT,0.57918,0.45981,0.31501,0.22518,0.08352,0.03584,3.28966,2.81576,0.05870,-0.06517
2026020740,2027-01-13,UTA,DET,0.52395,0.40579,0.36284,0.23138,0.08065,0.03752,3.06650,2.92719,-0.06288,0.07001
2026020741,2027-01-13,EDM,SJS,0.60437,0.48559,0.29412,0.22029,0.08438,0.03440,3.43587,2.80366,-0.00358,0.01462
2026020742,2027-01-13,LAK,STL,0.57102,0.44719,0.31801,0.23480,0.08439,0.03945,3.04765,2.63882,-0.00565,0.01600
2026020743,2027-01-14,BOS,DAL,0.46495,0.35207,0.41760,0.23034,0.07537,0.03751,2.89743,3.10892,0.00473,0.00674
2026020744,2027-01-14,BUF,COL,0.45782,0.34763,0.42645,0.22593,0.07426,0.03594,2.96870,3.22728,0.00163,0.00128
2026020745,2027-01-14,TOR,CHI,0.64185,0.52171,0.26093,0.21736,0.08568,0.03446,3.47818,2.61685,0.00889,-0.00405
2026020746,2027-01-14,OTT,WPG,0.59414,0.47091,0.29904,0.23005,0.08517,0.03807,3.16676,2.61797,0.00110,0.01455
2026020747,2027-01-14,TBL,VGK,0.56373,0.44339,0.32724,0.22938,0.08315,0.03719,3.17542,2.79893,0.02297,0.00058
2026020748,2027-01-14,WSH,CAR,0.48775,0.37354,0.39715,0.22931,0.07736,0.03686,3.00896,3.08578,0.00317,0.00250
2026020749,2027-01-14,NSH,MTL,0.48952,0.37490,0.39526,0.22985,0.07765,0.03697,3.00777,3.07351,0.04208,-0.05786
2026020750,2027-01-14,CGY,SJS,0.52259,0.40338,0.36298,0.23364,0.08081,0.03840,3.00836,2.87832,0.05238,-0.06167
2026020751,2027-01-14,MIN,FLA,0.52219,0.40374,0.36409,0.23216,0.08056,0.03788,3.03671,2.90981,0.00972,-0.00039
2026020752,2027-01-14,VAN,SEA,0.52101,0.40268,0.36521,0.23211,0.08047,0.03785,3.03366,2.91359,0.00994,-0.00624
2026020753,2027-01-14,ANA,STL,0.60344,0.48128,0.29203,0.22670,0.08526,0.03690,3.26133,2.64950,0.03513,-0.06271
2026020754,2027-01-15,NYI,DAL,0.51391,0.39480,0.37042,0.23478,0.08012,0.03899,2.95001,2.87358,0.04275,-0.06167
2026020755,2027-01-15,CAR,PHI,0.56463,0.44456,0.32684,0.22860,0.08322,0.03685,3.19662,2.81709,-0.06827,0.05909
2026020756,2027-01-15,EDM,CBJ,0.58548,0.46634,0.30994,0.22372,0.08380,0.03534,3.33250,2.82085,-0.00554,0.01006
2026020757,2027-01-15,UTA,LAK,0.54372,0.42222,0.34312,0.23466,0.08253,0.03897,3.02237,2.77134,0.00091,0.00373
2026020758,2027-01-16,NYR,BOS,0.56003,0.44095,0.33160,0.22745,0.08279,0.03629,3.22305,2.86832,0.01973,-0.00556
2026020759,2027-01-16,TBL,OTT,0.58512,0.46414,0.30860,0.22726,0.08417,0.03681,3.23197,2.72867,0.00713,0.00562
2026020760,2027-01-16,FLA,VGK,0.54915,0.42894,0.33966,0.23140,0.08241,0.03781,3.10732,2.81885,0.00821,0.00581
2026020761,2027-01-16,BUF,NSH,0.60931,0.49079,0.29006,0.21915,0.08446,0.03406,3.47269,2.80573,0.00115,0.00392
2026020762,2027-01-16,TOR,PIT,0.54984,0.43287,0.34207,0.22506,0.08163,0.03534,3.26595,2.96655,-0.00419,0.01112
2026020763,2027-01-16,NJD,NYI,0.65078,0.52868,0.25183,0.21950,0.08643,0.03568,3.39261,2.49176,0.06831,-0.06707
2026020764,2027-01-16,PHI,MTL,0.44587,0.33530,0.43589,0.22881,0.07346,0.03712,2.86231,3.18687,-0.05926,0.05345
2026020765,2027-01-16,WSH,COL,0.49539,0.37998,0.38960,0.23042,0.07803,0.03738,2.99153,3.02363,0.00249,0.00196
2026020766,2027-01-16,CHI,DET,0.47433,0.36058,0.40880,0.23062,0.07631,0.03745,2.93013,3.08441,-0.00026,0.01489
2026020767,2027-01-16,STL,MIN,0.44261,0.33055,0.43698,0.23247,0.07331,0.03875,2.75010,3.08924,0.01075,0.00427
2026020768,2027-01-16,WPG,ANA,0.50893,0.39160,0.37636,0.23204,0.07953,0.03780,3.00950,2.96171,0.00668,0.01005
2026020769,2027-01-16,CGY,LAK,0.49078,0.37091,0.38887,0.24022,0.07870,0.04117,2.76897,2.82461,0.04941,-0.05902
2026020770,2027-01-16,VAN,CBJ,0.48003,0.36528,0.40304,0.23168,0.07692,0.03783,2.92225,3.04316,0.03353,-0.05952
2026020771,2027-01-16,SEA,SJS,0.47287,0.35957,0.41054,0.22989,0.07614,0.03716,2.94553,3.10980,0.00101,0.00424
2026020772,2027-01-17,DET,MIN,0.44336,0.33177,0.43691,0.23132,0.07336,0.03823,2.78451,3.12131,-0.00764,-0.00683
2026020773,2027-01-17,NYR,DAL,0.41657,0.30865,0.46304,0.22831,0.07026,0.03765,2.72197,3.21755,-0.06271,0.06207
2026020774,2027-01-17,CAR,VGK,0.63145,0.51015,0.26889,0.22095,0.08574,0.03555,3.39084,2.60148,0.05055,-0.05919
2026020775,2027-01-17,EDM,WPG,0.68117,0.56066,0.22707,0.21227,0.08634,0.03417,3.52118,2.42260,0.04866,-0.05856
2026020776,2027-01-18,BUF,MTL,0.51450,0.39988,0.37430,0.22582,0.07936,0.03525,3.19156,3.10775,0.00241,0.00190
2026020777,2027-01-18,BOS,TBL,0.43592,0.32725,0.44629,0.22645,0.07213,0.03654,2.85365,3.24086,0.00824,0.00714
2026020778,2027-01-18,NYI,NSH,0.56316,0.44333,0.32827,0.22841,0.08302,0.03681,3.19227,2.82068,0.00286,0.00237
2026020779,2027-01-18,COL,VAN,0.72296,0.60835,0.19523,0.19642,0.08407,0.03054,3.80492,2.39399,0.01022,0.00677
2026020780,2027-01-18,PIT,WSH,0.46902,0.35755,0.41572,0.22673,0.07543,0.03604,2.99961,3.19062,0.00329,0.00335
2026020781,2027-01-18,SJS,UTA,0.48343,0.36964,0.40121,0.22915,0.07711,0.03668,3.00975,3.11214,-0.00231,0.01749
2026020782,2027-01-18,SEA,CBJ,0.45499,0.34295,0.42676,0.23029,0.07448,0.03755,2.86209,3.13141,0.00114,0.00090
2026020783,2027-01-18,TOR,STL,0.58650,0.46480,0.30681,0.22840,0.08454,0.03717,3.21600,2.70658,0.00133,0.00406
2026020784,2027-01-18,FLA,OTT,0.58015,0.45902,0.31260,0.22838,0.08388,0.03725,3.19486,2.72034,0.00164,0.00129
2026020785,2027-01-18,CHI,CGY,0.53434,0.41386,0.35196,0.23418,0.08173,0.03875,3.01241,2.81577,0.00426,0.00636
2026020786,2027-01-19,DET,ANA,0.50872,0.39303,0.37816,0.22880,0.07925,0.03643,3.09384,3.04700,-0.00492,0.01356
2026020787,2027-01-19,NJD,DAL,0.52247,0.40250,0.36247,0.23504,0.08087,0.03910,2.95979,2.83455,0.00890,-0.00706
2026020788,2027-01-19,NYR,PHI,0.50871,0.39147,0.37654,0.23199,0.07945,0.03779,3.01078,2.96209,-0.00631,0.00946
2026020789,2027-01-19,WSH,MTL,0.53881,0.42044,0.35018,0.22938,0.08152,0.03685,3.14628,2.91884,-0.01961,0.00457
2026020790,2027-01-19,WPG,MIN,0.43718,0.32531,0.44176,0.23294,0.07280,0.03907,2.71300,3.08498,0.00659,0.00649
2026020791,2027-01-19,LAK,SEA,0.68140,0.56016,0.22633,0.21351,0.08655,0.03469,3.48001,2.38615,0.07141,-0.06173
2026020792,2027-01-20,NSH,VAN,0.58208,0.46234,0.31223,0.22543,0.08384,0.03591,3.29439,2.80400,0.00744,0.00722
2026020793,2027-01-20,NYI,BUF,0.48873,0.37514,0.39702,0.22783,0.07729,0.03630,3.04101,3.11333,0.00262,0.00206
2026020794,2027-01-20,OTT,TOR,0.54610,0.42697,0.34330,0.22974,0.08205,0.03709,3.13869,2.86864,0.00771,0.00890
2026020795,2027-01-20,COL,BOS,0.64709,0.52752,0.25690,0.21558,0.08554,0.03403,3.51129,2.61472,0.00199,0.00759
2026020796,2027-01-20,CHI,DAL,0.45105,0.33844,0.42940,0.23216,0.07406,0.03855,2.78571,3.07602,0.04271,-0.05870
2026020797,2027-01-20,VGK,EDM,0.53976,0.42120,0.34916,0.22965,0.08158,0.03698,3.13554,2.90220,0.01378,0.00684
2026020798,2027-01-21,BUF,SEA,0.57714,0.45757,0.31666,0.22577,0.08371,0.03586,3.28916,2.83026,-0.06116,0.05320
2026020799,2027-01-21,MTL,STL,0.60606,0.48485,0.29070,0.22445,0.08514,0.03607,3.31635,2.68671,-0.00155,0.01463
2026020800,2027-01-21,FLA,CAR,0.50470,0.38892,0.38129,0.22979,0.07881,0.03696,3.05064,3.02350,0.00641,0.00540
2026020801,2027-01-21,NJD,TBL,0.47707,0.36165,0.40489,0.23346,0.07678,0.03864,2.86590,3.00505,-0.00536,0.01020
2026020802,2027-01-21,PHI,NSH,0.64405,0.52318,0.25846,0.21836,0.08587,0.03500,3.44114,2.57134,0.03959,-0.05796
2026020803,2027-01-21,PIT,ANA,0.55498,0.43833,0.33813,0.22353,0.08191,0.03474,3.31776,2.98930,0.01065,-0.00568
2026020804,2027-01-21,CBJ,CGY,0.62427,0.50223,0.27448,0.22328,0.08592,0.03612,3.34114,2.60193,0.00915,0.00318
2026020805,2027-01-21,WPG,NYR,0.49969,0.38183,0.38354,0.23462,0.07890,0.03896,2.91182,2.91795,0.00388,0.00607
2026020806,2027-01-21,MIN,DET,0.62216,0.50096,0.27694,0.22211,0.08557,0.03563,3.37159,2.64117,0.00313,0.00668
2026020807,2027-01-21,LAK,EDM,0.53933,0.41853,0.34742,0.23405,0.08205,0.03874,3.02710,2.79960,0.04553,-0.06135
2026020808,2027-01-22,WSH,NYI,0.62364,0.50275,0.27590,0.22135,0.08541,0.03547,3.38214,2.63967,0.01077,-0.00559
2026020809,2027-01-22,CHI,VAN,0.54841,0.42894,0.34102,0.23004,0.08227,0.03720,3.14013,2.85607,0.00320,0.00252
2026020810,2027-01-22,DAL,COL,0.48356,0.36864,0.39996,0.23141,0.07707,0.03785,2.92992,3.03101,0.00556,0.00943
2026020811,2027-01-22,VGK,BOS,0.61238,0.49095,0.28510,0.22395,0.08541,0.03603,3.33124,2.66266,0.00106,0.00385
2026020812,2027-01-23,DET,TBL,0.42311,0.31525,0.45785,0.22690,0.07092,0.03694,2.78553,3.24936,0.00718,0.00353
2026020813,2027-01-23,OTT,CBJ,0.56972,0.44923,0.32211,0.22866,0.08358,0.03691,3.20046,2.79010,0.01270,-0.00407
2026020814,2027-01-23,NSH,LAK,0.46943,0.35468,0.41197,0.23336,0.07616,0.03859,2.84662,3.03103,0.00617,0.00905
2026020815,2027-01-23,MTL,CGY,0.66029,0.53977,0.24497,0.21526,0.08613,0.03439,3.48939,2.52117,0.00443,0.00349
2026020816,2027-01-23,PIT,VAN,0.67736,0.55946,0.23228,0.20826,0.08544,0.03246,3.64906,2.55348,0.04423,-0.05997
2026020817,2027-01-23,CAR,ANA,0.65652,0.53878,0.25029,0.21093,0.08520,0.03254,3.63665,2.66939,0.00647,0.00690
2026020818,2027-01-23,STL,TOR,0.47203,0.35770,0.41020,0.23210,0.07624,0.03809,2.88380,3.05260,0.00031,0.01635
2026020819,2027-01-23,NYI,SEA,0.52808,0.40869,0.35826,0.23305,0.08114,0.03825,3.02909,2.86822,-0.05876,0.06106
2026020820,2027-01-23,PHI,NJD,0.51588,0.39690,0.36874,0.23435,0.08016,0.03882,2.96219,2.87007,0.00076,0.00060
2026020821,2027-01-23,MIN,NYR,0.59854,0.47752,0.29712,0.22536,0.08466,0.03635,3.28835,2.70116,0.00315,0.00248
2026020822,2027-01-23,UTA,BOS,0.64158,0.52159,0.26132,0.21708,0.08556,0.03442,3.47219,2.61448,0.06762,-0.06639
2026020823,2027-01-23,SJS,EDM,0.46415,0.35306,0.42016,0.22678,0.07505,0.03604,2.98877,3.20776,0.01138,-0.00511
2026020824,2027-01-24,WPG,BUF,0.47057,0.35728,0.41249,0.23023,0.07592,0.03736,2.92248,3.10075,0.00448,0.00689
2026020825,2027-01-24,CBJ,ANA,0.55998,0.44068,0.33147,0.22785,0.08286,0.03644,3.21313,2.85950,-0.01096,-0.02362
2026020826,2027-01-24,COL,DAL,0.58261,0.46179,0.31084,0.22737,0.08398,0.03684,3.22856,2.73916,0.00540,0.00540
2026020827,2027-01-24,FLA,LAK,0.65245,0.52980,0.24989,0.22031,0.08648,0.03617,3.36298,2.45330,0.05520,-0.06553
2026020828,2027-01-24,NJD,WSH,0.44771,0.33525,0.43244,0.23231,0.07387,0.03859,2.77551,3.08799,-0.06054,0.05459
2026020829,2027-01-24,CHI,VGK,0.38613,0.28240,0.49298,0.22462,0.06656,0.03717,2.62970,3.31093,0.00130,0.00705
2026020830,2027-01-25,DET,PIT,0.50691,0.39170,0.38007,0.22823,0.07894,0.03627,3.09774,3.05985,0.00185,0.00146
2026020831,2027-01-25,NYR,SEA,0.60574,0.48446,0.29083,0.22470,0.08509,0.03618,3.31215,2.68240,0.00549,0.00305
2026020832,2027-01-25,OTT,CAR,0.45801,0.34611,0.42441,0.22948,0.07452,0.03739,2.87639,3.12962,0.00474,0.00373
2026020833,2027-01-25,UTA,MIN,0.49803,0.38152,0.38618,0.23231,0.07853,0.03799,2.96536,2.97918,0.00282,0.00523
2026020834,2027-01-26,BOS,CBJ,0.52528,0.40889,0.36343,0.22768,0.08023,0.03615,3.15151,3.00262,0.02164,-0.00070
2026020835,2027-01-26,TOR,CGY,0.63709,0.51526,0.26370,0.22105,0.08616,0.03567,3.38781,2.56757,0.00836,0.00507
2026020836,2027-01-26,MTL,CAR,0.53460,0.41704,0.35446,0.22851,0.08109,0.03647,3.16241,2.95866,0.05497,-0.06920
2026020837,2027-01-26,TBL,LAK,0.60791,0.48528,0.28789,0.22683,0.08553,0.03710,3.25184,2.61624,0.01531,0.00034
2026020838,2027-01-26,NJD,SEA,0.68893,0.56825,0.22029,0.21146,0.08639,0.03428,3.51134,2.36704,0.05083,-0.06285
2026020839,2027-01-26,PHI,FLA,0.47877,0.36436,0.40453,0.23111,0.07671,0.03770,2.92505,3.05601,0.01498,-0.00227
2026020840,2027-01-26,PIT,NYI,0.49312,0.37827,0.39207,0.22966,0.07783,0.03702,3.00945,3.05484,-0.06581,0.05181
2026020841,2027-01-26,STL,CHI,0.58881,0.46651,0.30434,0.22915,0.08472,0.03758,3.18910,2.66854,0.01107,-0.00535
2026020842,2027-01-26,NSH,VGK,0.42919,0.31995,0.45121,0.22884,0.07169,0.03756,2.77516,3.19880,0.01200,-0.00462
2026020843,2027-01-26,DAL,ANA,0.60065,0.48098,0.29647,0.22254,0.08437,0.03530,3.36094,2.75487,0.00655,0.00631
2026020844,2027-01-26,MIN,VAN,0.62353,0.50206,0.27562,0.22232,0.08577,0.03570,3.36966,2.63321,-0.06315,0.06902
2026020845,2027-01-26,COL,EDM,0.56377,0.44486,0.32850,0.22664,0.08277,0.03614,3.24049,2.86055,-0.00459,0.01382
2026020846,2027-01-27,DET,TOR,0.53514,0.41596,0.35256,0.23148,0.08162,0.03757,3.08778,2.88565,0.03900,-0.06147
2026020847,2027-01-27,NYR,FLA,0.50593,0.38842,0.37860,0.23298,0.07928,0.03823,2.97553,2.94362,0.04392,-0.06227
2026020848,2027-01-27,UTA,BUF,0.52653,0.41051,0.36276,0.22673,0.08022,0.03581,3.17831,3.02221,-0.00449,0.01390
2026020849,2027-01-28,OTT,BOS,0.59000,0.46907,0.30457,0.22636,0.08446,0.03647,3.26274,2.73063,0.01146,-0.00505
2026020850,2027-01-28,PHI,LAK,0.53450,0.41349,0.35128,0.23522,0.08190,0.03910,2.99688,2.79867,0.00589,0.00464
2026020851,2027-01-28,CAR,NYI,0.66038,0.54138,0.24596,0.21265,0.08552,0.03348,3.55845,2.57580,0.00666,0.00714
2026020852,2027-01-28,CBJ,WPG,0.56619,0.44516,0.32456,0.23028,0.08344,0.03759,3.15054,2.76218,-0.00080,0.01855
2026020853,2027-01-28,STL,COL,0.39897,0.29283,0.47968,0.22749,0.06825,0.03789,2.63842,3.23997,0.00198,0.00457
2026020854,2027-01-28,DAL,VAN,0.67736,0.55831,0.23133,0.21035,0.08564,0.03341,3.56895,2.48180,0.00563,0.00443
2026020855,2027-01-28,CGY,MTL,0.40531,0.29947,0.47473,0.22580,0.06883,0.03701,2.71313,3.27959,0.00970,0.00959
2026020856,2027-01-28,EDM,NJD,0.56125,0.44136,0.32984,0.22879,0.08299,0.03690,3.18415,2.82431,0.00762,0.01443
2026020857,2027-01-28,MIN,SEA,0.66390,0.54305,0.24165,0.21530,0.08634,0.03451,3.48793,2.49865,0.00285,0.00525
2026020858,2027-01-28,VGK,BUF,0.62713,0.50696,0.27354,0.21950,0.08539,0.03478,3.43753,2.67073,0.04861,-0.05872
2026020859,2027-01-28,ANA,CHI,0.60445,0.48508,0.29357,0.22135,0.08453,0.03484,3.40378,2.77357,0.00771,0.00747
2026020860,2027-01-28,SJS,NSH,0.57534,0.45680,0.31906,0.22414,0.08326,0.03529,3.32038,2.86886,0.01124,0.00080
2026020861,2027-01-29,DET,FLA,0.42641,0.31786,0.45437,0.22778,0.07135,0.03720,2.78014,3.22338,0.00371,0.00292
2026020862,2027-01-29,PIT,NYR,0.54450,0.42716,0.34631,0.22653,0.08153,0.03581,3.22084,2.95678,0.01145,-0.00505
2026020863,2027-01-29,UTA,WSH,0.48740,0.37256,0.39682,0.23063,0.07747,0.03738,2.97403,3.05227,-0.00464,0.01679
2026020864,2027-01-30,PHI,WPG,0.58466,0.46195,0.30747,0.23058,0.08461,0.03811,3.15214,2.65775,0.00331,0.00260
2026020865,2027-01-30,STL,VAN,0.59467,0.47248,0.29948,0.22804,0.08495,0.03724,3.22059,2.66357,0.00408,0.00322
2026020866,2027-01-30,CGY,NJD,0.41968,0.30911,0.45748,0.23341,0.07092,0.03965,2.62090,3.09031,0.00160,0.00126
2026020867,2027-01-30,SJS,CHI,0.60314,0.48315,0.29417,0.22268,0.08471,0.03528,3.36906,2.75059,0.00277,0.00218
2026020868,2027-01-30,COL,BUF,0.61131,0.49295,0.28847,0.21858,0.08430,0.03406,3.46653,2.78752,0.00563,0.00582
2026020869,2027-01-30,BOS,TOR,0.49068,0.37649,0.39477,0.22874,0.07765,0.03654,3.03503,3.09528,-0.00062,0.01495
2026020870,2027-01-30,OTT,NYR,0.63055,0.50900,0.26950,0.22150,0.08588,0.03568,3.37474,2.59459,0.06507,-0.06043
2026020871,2027-01-30,TBL,NYI,0.64273,0.52250,0.26007,0.21743,0.08551,0.03472,3.44888,2.58447,0.01309,-0.00376
2026020872,2027-01-30,CAR,LAK,0.62613,0.50398,0.27282,0.22319,0.08596,0.03619,3.33523,2.58626,0.00284,0.00224
2026020873,2027-01-30,CBJ,DET,0.62763,0.50679,0.27260,0.22061,0.08572,0.03511,3.41815,2.65137,0.05570,-0.06174
2026020874,2027-01-30,EDM,MTL,0.55268,0.43505,0.33910,0.22585,0.08196,0.03567,3.25051,2.93620,0.00160,0.00126
2026020875,2027-01-30,MIN,DAL,0.54339,0.42352,0.34490,0.23158,0.08194,0.03793,3.07939,2.82747,0.00563,0.00443
2026020876,2027-01-30,VGK,WSH,0.59802,0.47655,0.29720,0.22625,0.08477,0.03669,3.26789,2.68619,0.06347,-0.06019
2026020877,2027-01-30,ANA,NSH,0.57156,0.45308,0.32235,0.22457,0.08311,0.03537,3.30870,2.88046,0.00277,0.00218
2026020878,2027-01-31,PIT,PHI,0.57315,0.45365,0.32012,0.22623,0.08344,0.03606,3.26690,2.83343,0.04870,-0.06117
2026020879,2027-01-31,SEA,NJD,0.49453,0.37687,0.38802,0.23511,0.07852,0.03914,2.88563,2.92108,0.06809,-0.06604
2026020880,2027-01-31,UTA,NSH,0.65509,0.53451,0.24931,0.21617,0.08604,0.03453,3.48229,2.54348,0.03842,-0.05919
2026020881,2027-02-01,FLA,NYI,0.63815,0.51750,0.26366,0.21884,0.08566,0.03499,3.43414,2.59935,0.01571,0.00085
2026020882,2027-02-01,CGY,VGK,0.38764,0.28215,0.48966,0.22819,0.06695,0.03854,2.55965,3.22359,0.00298,0.00536
2026020883,2027-02-01,VAN,MTL,0.39287,0.29008,0.48866,0.22126,0.06724,0.03554,2.75714,3.41016,0.00812,0.00543
2026020884,2027-02-02,WSH,WPG,0.63465,0.51253,0.26554,0.22193,0.08608,0.03605,3.35512,2.55305,0.01141,0.00202
2026020885,2027-02-02,PIT,TBL,0.44082,0.33236,0.44252,0.22512,0.07260,0.03586,2.91599,3.27813,-0.00146,0.01327
2026020886,2027-02-02,UTA,NSH,0.60903,0.48830,0.28850,0.22320,0.08504,0.03569,3.35103,2.69858,0.00000,0.00000
2026020887,2027-02-03,BUF,NYI,0.59303,0.47463,0.30406,0.22131,0.08377,0.03462,3.39758,2.83327,0.02227,-0.00097
2026020888,2027-02-03,FLA,WSH,0.61428,0.49379,0.28422,0.22199,0.08505,0.03544,3.37238,2.68630,0.06961,-0.05837
2026020889,2027-02-03,NYR,WPG,0.62733,0.50429,0.27100,0.22471,0.08616,0.03689,3.29274,2.53922,0.05974,-0.06587
2026020890,2027-02-03,PHI,TBL,0.53437,0.41557,0.35348,0.23095,0.08127,0.03753,3.08556,2.88558,0.06962,-0.06607
2026020891,2027-02-03,CGY,UTA,0.48213,0.36500,0.39889,0.23611,0.07765,0.03948,2.83800,2.94565,0.05541,-0.05902
2026020892,2027-02-03,EDM,VGK,0.54117,0.42201,0.34744,0.23055,0.08182,0.03735,3.11491,2.87478,0.01040,-0.00588
2026020893,2027-02-03,VAN,NJD,0.39887,0.29301,0.48007,0.22692,0.06818,0.03768,2.64895,3.25253,-0.00600,0.00970
2026020894,2027-02-03,SEA,MTL,0.42179,0.31426,0.45929,0.22645,0.07077,0.03675,2.79456,3.26588,0.00994,-0.00624
2026020895,2027-02-08,TOR,CBJ,0.54972,0.43134,0.34097,0.22769,0.08218,0.03620,3.21123,2.91779,0.00532,0.00548
2026020896,2027-02-08,DAL,LAK,0.56883,0.44630,0.32107,0.23263,0.08396,0.03857,3.09504,2.69697,0.00748,0.01104
2026020897,2027-02-09,OTT,CBJ,0.60806,0.48574,0.28804,0.22621,0.08553,0.03679,3.27220,2.63444,0.03487,-0.06148
2026020898,2027-02-09,CAR,COL,0.53922,0.42117,0.35015,0.22869,0.08140,0.03665,3.15602,2.92639,0.00109,0.00689
2026020899,2027-02-09,STL,LAK,0.53827,0.41519,0.34622,0.23859,0.08251,0.04057,2.91549,2.69970,0.04854,-0.05971
2026020900,2027-02-09,ANA,DET,0.54715,0.42912,0.34339,0.22750,0.08193,0.03610,3.21205,2.93154,-0.00085,0.00836
2026020901,2027-02-10,TOR,BOS,0.57124,0.45205,0.32194,0.22602,0.08329,0.03590,3.27230,2.84722,0.00340,0.00267
2026020902,2027-02-10,SJS,CHI,0.60273,0.48258,0.29439,0.22303,0.08475,0.03540,3.35974,2.74460,0.00000,0.00000
2026020903,2027-02-11,CBJ,OTT,0.50759,0.39068,0.37783,0.23149,0.07934,0.03757,3.01707,2.97545,0.00697,0.00697
2026020904,2027-02-11,CAR,MIN,0.58084,0.46082,0.31310,0.22608,0.08380,0.03622,3.26523,2.78497,0.00278,0.00520
2026020905,2027-02-11,ANA,CHI,0.66114,0.54228,0.24545,0.21227,0.08558,0.03328,3.57906,2.59068,0.05792,-0.06075
2026020906,2027-02-11,LAK,DET,0.58092,0.45827,0.31071,0.23101,0.08461,0.03803,3.15421,2.68180,0.00748,0.00171
2026020907,2027-02-12,TBL,DAL,0.55450,0.43480,0.33569,0.22951,0.08253,0.03717,3.15162,2.83205,0.00001,0.01968
2026020908,2027-02-12,FLA,COL,0.50387,0.38734,0.38137,0.23129,0.07893,0.03760,3.00675,2.98841,-0.00239,0.01254
2026020909,2027-02-12,NYR,NYI,0.55155,0.43180,0.33805,0.23015,0.08239,0.03737,3.13671,2.83285,0.00248,0.00196
2026020910,2027-02-12,EDM,STL,0.62178,0.50027,0.27702,0.22271,0.08572,0.03580,3.35843,2.63210,-0.00253,0.01544
2026020911,2027-02-12,UTA,CGY,0.64091,0.51844,0.25998,0.22158,0.08650,0.03597,3.37160,2.53296,0.00887,0.00887
2026020912,2027-02-13,MTL,WSH,0.52408,0.40777,0.36452,0.22771,0.08019,0.03612,3.15924,3.01786,0.01655,0.00588
2026020913,2027-02-13,NSH,ANA,0.49682,0.38305,0.38998,0.22697,0.07793,0.03584,3.09959,3.12190,0.00833,0.01182
2026020914,2027-02-13,SJS,DET,0.55884,0.43995,0.33279,0.22727,0.08278,0.03612,3.23354,2.88589,0.01138,-0.00511
2026020915,2027-02-13,FLA,DAL,0.55862,0.43675,0.33021,0.23304,0.08323,0.03865,3.06855,2.72851,-0.02012,-0.01855
2026020916,2027-02-13,LAK,CHI,0.62769,0.50448,0.27062,0.22491,0.08629,0.03692,3.28778,2.53447,0.00028,0.00022
2026020917,2027-02-13,BOS,CBJ,0.52211,0.40577,0.36616,0.22808,0.08004,0.03630,3.13398,3.00433,0.01606,-0.00013
2026020918,2027-02-13,OTT,TOR,0.53841,0.41953,0.35002,0.23045,0.08158,0.03730,3.10767,2.88375,-0.00223,0.01415
2026020919,2027-02-13,TBL,COL,0.50860,0.39097,0.37631,0.23272,0.07942,0.03821,2.97874,2.93276,-0.01881,-0.00481
2026020920,2027-02-13,NYI,MIN,0.39450,0.28966,0.48490,0.22544,0.06752,0.03732,2.64849,3.28165,-0.05930,0.05997
2026020921,2027-02-13,CAR,BUF,0.62035,0.50234,0.28107,0.21659,0.08458,0.03343,3.52890,2.79143,0.00375,0.00295
2026020922,2027-02-13,EDM,PIT,0.54447,0.42776,0.34685,0.22539,0.08122,0.03549,3.23658,2.96975,-0.06085,0.05118
2026020923,2027-02-13,PHI,NJD,0.51134,0.39295,0.37312,0.23394,0.07974,0.03865,2.96042,2.89476,0.00017,0.00917
2026020924,2027-02-13,VAN,WPG,0.47135,0.35600,0.40967,0.23433,0.07635,0.03900,2.82904,2.99996,0.00022,0.00921
2026020925,2027-02-13,VGK,CGY,0.71789,0.59861,0.19650,0.20489,0.08596,0.03332,3.58538,2.25503,0.04456,-0.05656
2026020926,2027-02-13,SEA,STL,0.54175,0.41962,0.34417,0.23620,0.08251,0.03962,2.97794,2.73948,0.03567,-0.05927
2026020927,2027-02-14,MTL,NYR,0.53277,0.41468,0.35551,0.22981,0.08107,0.03703,3.11518,2.92419,-0.06018,0.04163
2026020928,2027-02-14,WSH,UTA,0.50356,0.38751,0.38208,0.23040,0.07883,0.03721,3.02977,3.01233,-0.05778,0.07532
2026020929,2027-02-15,BOS,ANA,0.53151,0.41486,0.35801,0.22713,0.08077,0.03588,3.18853,3.00419,0.00261,0.00507
2026020930,2027-02-15,NYI,UTA,0.54490,0.42488,0.34347,0.23165,0.08210,0.03791,3.08520,2.82371,0.05242,-0.06138
2026020931,2027-02-15,NYR,BUF,0.44174,0.33348,0.44194,0.22458,0.07267,0.03559,2.93566,3.29226,-0.05739,0.06731
2026020932,2027-02-15,COL,CBJ,0.63004,0.51047,0.27146,0.21807,0.08515,0.03442,3.46518,2.67432,0.00904,0.00889
2026020933,2027-02-15,SEA,PIT,0.46043,0.34903,0.42292,0.22805,0.07476,0.03664,2.93600,3.17589,0.00082,0.00366
2026020934,2027-02-15,MIN,OTT,0.56305,0.44219,0.32736,0.23045,0.08322,0.03764,3.13889,2.76886,0.00750,0.00767
2026020935,2027-02-15,SJS,WPG,0.55725,0.43687,0.33272,0.23041,0.08288,0.03750,3.13545,2.80046,0.00547,0.00431
2026020936,2027-02-15,STL,PHI,0.48657,0.36981,0.39563,0.23456,0.07788,0.03888,2.88500,2.96862,0.00953,0.00648
2026020937,2027-02-15,VGK,DET,0.62728,0.50536,0.27201,0.22263,0.08599,0.03594,3.35836,2.60016,0.00310,0.00244
2026020938,2027-02-15,LAK,CGY,0.62772,0.50262,0.26911,0.22826,0.08690,0.03820,3.21093,2.46815,0.00200,0.00157
2026020939,2027-02-16,TOR,CAR,0.44470,0.33553,0.43841,0.22606,0.07301,0.03615,2.91442,3.24947,0.00717,0.00670
2026020940,2027-02-16,TBL,FLA,0.53918,0.42021,0.34930,0.23049,0.08161,0.03736,3.10914,2.88061,0.00330,0.00295
2026020941,2027-02-16,WSH,ANA,0.66288,0.54428,0.24416,0.21156,0.08550,0.03310,3.59057,2.59051,0.04905,-0.06043
2026020942,2027-02-16,NSH,NJD,0.45088,0.33870,0.43006,0.23124,0.07413,0.03805,2.81755,3.11160,0.00310,0.00580
2026020943,2027-02-16,DAL,MIN,0.59258,0.47111,0.30179,0.22710,0.08452,0.03695,3.23860,2.68988,0.07303,-0.06244
2026020944,2027-02-16,VAN,PIT,0.50017,0.38484,0.38558,0.22957,0.07848,0.03684,3.04497,3.04622,0.04890,-0.06917
2026020945,2027-02-17,CHI,STL,0.49782,0.38055,0.38564,0.23381,0.07863,0.03864,2.92315,2.93902,0.01861,-0.00342
2026020946,2027-02-17,WPG,LAK,0.48308,0.36492,0.39707,0.23801,0.07768,0.04048,2.77624,2.87819,0.00832,0.00830
2026020947,2027-02-17,UTA,CBJ,0.55895,0.44017,0.33267,0.22716,0.08247,0.03631,3.21791,2.86649,0.01107,0.00495
2026020948,2027-02-17,CGY,BOS,0.46449,0.35068,0.41698,0.23234,0.07561,0.03821,2.85364,3.06618,0.00864,0.01182
2026020949,2027-02-17,EDM,COL,0.50504,0.38956,0.38141,0.22902,0.07877,0.03671,3.06331,3.03738,0.01513,-0.00216
2026020950,2027-02-17,SEA,OTT,0.42630,0.31702,0.45357,0.22941,0.07125,0.03804,2.72526,3.16435,0.00092,0.00675
2026020951,2027-02-18,BUF,CAR,0.45726,0.34770,0.42756,0.22474,0.07423,0.03533,3.01051,3.27354,0.01134,-0.00420
2026020952,2027-02-18,DET,MTL,0.46300,0.35151,0.42071,0.22778,0.07506,0.03643,2.95834,3.18367,0.01354,0.00338
2026020953,2027-02-18,TBL,ANA,0.63120,0.51186,0.27077,0.21737,0.08531,0.03404,3.49512,2.69905,0.00543,0.00428
2026020954,2027-02-18,FLA,NJD,0.57690,0.45546,0.31516,0.22939,0.08391,0.03754,3.16713,2.71572,0.00324,0.00619
2026020955,2027-02-18,NYI,NYR,0.51750,0.39964,0.36864,0.23173,0.08009,0.03777,3.02943,2.93103,0.00188,0.00183
2026020956,2027-02-18,NSH,TOR,0.46362,0.35169,0.41979,0.22852,0.07518,0.03675,2.93901,3.16180,0.00127,0.00401
2026020957,2027-02-18,DAL,PHI,0.56428,0.44353,0.32649,0.22999,0.08327,0.03748,3.15320,2.77714,-0.00305,0.01202
2026020958,2027-02-18,MIN,LAK,0.63008,0.50652,0.26832,0.22516,0.08640,0.03715,3.27609,2.51068,0.05204,-0.05482
2026020959,2027-02-18,VAN,OTT,0.46788,0.35388,0.41397,0.23216,0.07574,0.03827,2.85570,3.04800,0.05945,-0.06203
2026020960,2027-02-18,VGK,CBJ,0.64474,0.52295,0.25727,0.21979,0.08625,0.03554,3.39989,2.53503,0.04148,-0.06733
2026020961,2027-02-19,WSH,SJS,0.60747,0.48803,0.29091,0.22106,0.08469,0.03475,3.41553,2.76656,0.00186,0.01085
2026020962,2027-02-19,CAR,DET,0.67361,0.55486,0.23475,0.21039,0.08556,0.03319,3.59122,2.52270,-0.00193,-0.01106
2026020963,2027-02-19,WPG,STL,0.53174,0.40984,0.35275,0.23742,0.08182,0.04008,2.92757,2.74715,0.00495,0.00390
2026020964,2027-02-19,CGY,PIT,0.44333,0.33269,0.43796,0.22935,0.07318,0.03746,2.82611,3.16535,-0.00716,0.01179
2026020965,2027-02-19,EDM,BOS,0.61403,0.49462,0.28530,0.22009,0.08476,0.03466,3.42690,2.73649,0.00160,0.00126
2026020966,2027-02-19,UTA,SEA,0.63084,0.50968,0.26956,0.22075,0.08566,0.03551,3.38670,2.60268,0.00153,0.00421
2026020967,2027-02-20,PHI,NYR,0.55361,0.43390,0.33646,0.22964,0.08261,0.03710,3.16035,2.84634,0.00708,0.00469
2026020968,2027-02-20,NJD,BUF,0.54245,0.42441,0.34739,0.22820,0.08160,0.03644,3.17630,2.92596,0.00752,0.00838
2026020969,2027-02-20,CHI,MIN,0.39994,0.29463,0.47981,0.22556,0.06818,0.03714,2.68617,3.28606,0.01165,-0.00489
2026020970,2027-02-20,FLA,ANA,0.62647,0.50675,0.27444,0.21881,0.08524,0.03448,3.46009,2.69333,0.00164,0.00129
2026020971,2027-02-20,CBJ,NSH,0.59207,0.47260,0.30403,0.22338,0.08411,0.03537,3.34299,2.79147,0.00738,0.00119
2026020972,2027-02-20,MTL,NYI,0.60092,0.48072,0.29589,0.22340,0.08474,0.03547,3.35512,2.75161,0.00585,0.00610
2026020973,2027-02-20,TBL,TOR,0.59605,0.47569,0.29999,0.22432,0.08461,0.03575,3.32418,2.75384,0.00113,0.00390
2026020974,2027-02-20,DAL,VGK,0.51908,0.39988,0.36593,0.23419,0.08045,0.03876,2.97711,2.86816,-0.00024,0.00584
2026020975,2027-02-20,VAN,COL,0.33163,0.23803,0.55026,0.21171,0.05904,0.03456,2.52622,3.56485,-0.00663,0.01221
2026020976,2027-02-20,LAK,SEA,0.67362,0.55162,0.23241,0.21597,0.08674,0.03527,3.43610,2.39537,0.05871,-0.05788
2026020977,2027-02-21,CAR,NYR,0.70252,0.58656,0.21193,0.20151,0.08462,0.03134,3.73940,2.46904,0.06474,-0.06069
2026020978,2027-02-21,DET,BUF,0.53237,0.41535,0.35693,0.22773,0.08092,0.03610,3.17616,2.98710,0.04847,-0.05619
2026020979,2027-02-21,CHI,NJD,0.41746,0.30835,0.46098,0.23067,0.07050,0.03861,2.66663,3.15393,-0.00896,-0.00355
2026020980,2027-02-21,FLA,SJS,0.57520,0.45535,0.31796,0.22669,0.08355,0.03630,3.25547,2.80701,-0.05714,0.04765
2026020981,2027-02-21,WSH,NSH,0.68942,0.57145,0.22173,0.20682,0.08532,0.03265,3.63709,2.46412,0.04024,-0.06077
2026020982,2027-02-21,STL,UTA,0.47214,0.35716,0.40940,0.23344,0.07638,0.03861,2.85525,3.02208,0.00784,0.01130
2026020983,2027-02-21,WPG,PIT,0.49865,0.38260,0.38603,0.23138,0.07833,0.03772,2.98324,2.99082,0.00175,0.00439
2026020984,2027-02-21,CGY,OTT,0.41102,0.30226,0.46670,0.23104,0.06978,0.03898,2.62036,3.14456,-0.00716,0.01179
2026020985,2027-02-21,VAN,BOS,0.39929,0.29452,0.48108,0.22439,0.06812,0.03664,2.70933,3.31772,-0.06242,0.04771
2026020986,2027-02-22,PHI,MTL,0.50343,0.38758,0.38233,0.23009,0.07884,0.03701,3.04673,3.02858,0.00318,0.00250
2026020987,2027-02-22,CBJ,NYI,0.56068,0.44094,0.33041,0.22864,0.08294,0.03680,3.19414,2.83596,0.00443,0.00349
2026020988,2027-02-22,EDM,OTT,0.63277,0.51205,0.26829,0.21966,0.08563,0.03510,3.41559,2.61743,0.06872,-0.06881
2026020989,2027-02-22,COL,VGK,0.57043,0.44962,0.32113,0.22925,0.08353,0.03728,3.18128,2.76558,0.00691,0.00731
2026020990,2027-02-22,SEA,BOS,0.53531,0.41638,0.35258,0.23104,0.08153,0.03739,3.10135,2.89545,0.06131,-0.05599
2026020991,2027-02-23,TOR,DET,0.59253,0.47257,0.30316,0.22427,0.08435,0.03561,3.33416,2.77926,0.01584,0.00090
2026020992,2027-02-23,TBL,SJS,0.63935,0.51988,0.26364,0.21648,0.08544,0.03403,3.50585,2.65744,0.01044,-0.00585
2026020993,2027-02-23,NJD,CAR,0.46042,0.34769,0.42154,0.23077,0.07494,0.03779,2.86427,3.10270,0.00757,0.00418
2026020994,2027-02-23,WSH,NYR,0.59981,0.47938,0.29660,0.22402,0.08458,0.03585,3.32328,2.72700,0.00206,0.00162
2026020995,2027-02-23,CHI,NYI,0.53098,0.41164,0.35585,0.23251,0.08128,0.03806,3.04617,2.86730,0.05606,-0.06068
2026020996,2027-02-23,NSH,WPG,0.52436,0.40546,0.36184,0.23270,0.08064,0.03826,3.01402,2.87488,0.01019,0.00597
2026020997,2027-02-23,DAL,VAN,0.68155,0.56281,0.22795,0.20924,0.08556,0.03318,3.58743,2.47195,0.01080,0.00045
2026020998,2027-02-23,MIN,PIT,0.60657,0.48704,0.29161,0.22135,0.08467,0.03486,3.40545,2.76317,0.01420,-0.00180
2026020999,2027-02-24,PHI,BUF,0.51620,0.40048,0.37181,0.22771,0.07964,0.03607,3.13505,3.04262,-0.00366,0.01154
2026021000,2027-02-24,UTA,CGY,0.64261,0.52029,0.25867,0.22104,0.08649,0.03582,3.38338,2.53335,0.01235,0.00902
2026021001,2027-02-24,VGK,FLA,0.50946,0.39168,0.37546,0.23286,0.07960,0.03819,2.98623,2.93580,-0.00367,0.01860
2026021002,2027-02-24,ANA,SEA,0.60903,0.48951,0.28949,0.22099,0.08468,0.03483,3.41030,2.75171,0.02391,-0.00238
2026021003,2027-02-24,LAK,MTL,0.50630,0.38884,0.37837,0.23279,0.07931,0.03815,2.97668,2.94316,0.00894,0.00201
2026021004,2027-02-25,OTT,DET,0.60622,0.48492,0.29035,0.22474,0.08507,0.03624,3.30592,2.67276,0.01822,-0.00371
2026021005,2027-02-25,PIT,TOR,0.51416,0.39929,0.37435,0.22636,0.07923,0.03564,3.15748,3.07661,0.00633,0.00325
2026021006,2027-02-25,CAR,SJS,0.65753,0.53990,0.24942,0.21068,0.08503,0.03260,3.63111,2.65487,0.00692,0.00672
2026021007,2027-02-25,BOS,WSH,0.46890,0.35671,0.41499,0.22830,0.07553,0.03666,2.95977,3.14813,0.02128,-0.00430
2026021008,2027-02-25,STL,VAN,0.60245,0.48024,0.29286,0.22690,0.08523,0.03698,3.24906,2.64462,0.01289,-0.00392
2026021009,2027-02-25,NSH,EDM,0.41206,0.30693,0.47018,0.22289,0.06944,0.03569,2.81899,3.35756,-0.00181,0.01600
2026021010,2027-02-25,DAL,TBL,0.50311,0.38623,0.38159,0.23218,0.07889,0.03800,2.97724,2.96160,0.00251,0.00499
2026021011,2027-02-25,COL,WPG,0.67239,0.55136,0.23414,0.21450,0.08631,0.03472,3.47760,2.43595,0.01173,-0.00182
2026021012,2027-02-26,BUF,OTT,0.58907,0.46977,0.30663,0.22360,0.08387,0.03543,3.33411,2.79789,0.06219,-0.05896
2026021013,2027-02-26,NYI,PHI,0.50892,0.39142,0.37617,0.23241,0.07951,0.03799,2.99574,2.94775,0.01411,-0.00469
2026021014,2027-02-26,NYR,WSH,0.54085,0.42244,0.34837,0.22919,0.08151,0.03690,3.14095,2.90040,0.07578,-0.06688
2026021015,2027-02-26,CBJ,NJD,0.50677,0.38954,0.37815,0.23232,0.07922,0.03801,2.98719,2.94925,0.00529,0.00452
2026021016,2027-02-26,CHI,LAK,0.44326,0.33085,0.43609,0.23306,0.07347,0.03894,2.73917,3.07457,0.01073,0.00040
2026021017,2027-02-26,UTA,FLA,0.48047,0.36587,0.40292,0.23121,0.07680,0.03781,2.92238,3.04327,-0.00035,0.00274
2026021018,2027-02-26,VGK,ANA,0.61217,0.49157,0.28599,0.22244,0.08517,0.03544,3.36943,2.69900,0.00196,0.00154
2026021019,2027-02-27,BOS,DET,0.54947,0.43039,0.34048,0.22913,0.08232,0.03677,3.17382,2.88220,0.00266,0.00209
2026021020,2027-02-27,DAL,EDM,0.52417,0.40631,0.36303,0.23066,0.08058,0.03728,3.07974,2.94102,0.00446,0.00351
2026021021,2027-02-27,STL,MIN,0.43205,0.32109,0.44691,0.23200,0.07217,0.03879,2.71105,3.11204,-0.00355,0.01163
2026021022,2027-02-27,BUF,TOR,0.48708,0.37362,0.39852,0.22785,0.07727,0.03618,3.04920,3.13060,-0.06130,0.04306
2026021023,2027-02-27,PHI,SJS,0.50877,0.39228,0.37723,0.23049,0.07927,0.03722,3.04214,2.99297,-0.05932,0.04967
2026021024,2027-02-27,CAR,TBL,0.55959,0.44064,0.33205,0.22730,0.08265,0.03630,3.22214,2.86902,0.00305,0.00541
2026021025,2027-02-27,CBJ,NYI,0.57198,0.45066,0.31945,0.22989,0.08386,0.03746,3.17338,2.75105,-0.00209,-0.02691
2026021026,2027-02-27,COL,FLA,0.60961,0.48796,0.28719,0.22485,0.08525,0.03640,3.30516,2.65259,0.04611,-0.06055
2026021027,2027-02-27,ANA,MTL,0.41050,0.30554,0.47160,0.22287,0.06941,0.03555,2.83000,3.37608,-0.06824,0.05686
2026021028,2027-02-27,SEA,WPG,0.50354,0.38497,0.37953,0.23551,0.07935,0.03923,2.91061,2.89222,0.01655,0.00430
2026021029,2027-02-27,NSH,LAK,0.52485,0.40454,0.36012,0.23534,0.08118,0.03913,2.96720,2.82763,0.04765,-0.06041
2026021030,2027-02-27,VAN,CGY,0.51572,0.39668,0.36897,0.23435,0.08039,0.03864,2.97676,2.88894,0.00248,0.01541
2026021031,2027-02-28,PIT,NYR,0.54450,0.42716,0.34631,0.22653,0.08153,0.03581,3.22084,2.95678,0.01145,-0.00505
2026021032,2027-02-28,MIN,NJD,0.50220,0.38397,0.38099,0.23504,0.07912,0.03911,2.91135,2.90119,-0.05899,0.06054
2026021033,2027-02-28,CHI,COL,0.40343,0.29746,0.47628,0.22626,0.06867,0.03731,2.68701,3.26739,0.04498,-0.05794
2026021034,2027-02-28,TBL,UTA,0.52762,0.40966,0.35997,0.23037,0.08070,0.03726,3.08297,2.92278,-0.05724,0.06896
2026021035,2027-02-28,STL,DAL,0.45209,0.33698,0.42589,0.23712,0.07463,0.04048,2.68676,2.96719,-0.01768,-0.02486
2026021036,2027-03-01,TOR,DET,0.58518,0.46504,0.30925,0.22571,0.08413,0.03601,3.29446,2.78582,0.00386,0.00326
2026021037,2027-03-01,NYI,WSH,0.44333,0.33279,0.43810,0.22911,0.07313,0.03742,2.82776,3.16880,-0.00392,0.01278
2026021038,2027-03-01,CBJ,CAR,0.43021,0.32250,0.45210,0.22540,0.07154,0.03617,2.85890,3.28232,0.00302,0.00238
2026021039,2027-03-01,WPG,SEA,0.57017,0.44745,0.31978,0.23276,0.08414,0.03858,3.09891,2.69341,0.00616,0.00616
2026021040,2027-03-01,CHI,EDM,0.33304,0.23962,0.54925,0.21113,0.05919,0.03423,2.55505,3.58570,-0.05757,0.05938
2026021041,2027-03-01,LAK,ANA,0.56531,0.44456,0.32561,0.22983,0.08346,0.03729,3.17002,2.78732,0.00790,0.00225
2026021042,2027-03-01,SJS,MTL,0.47791,0.36581,0.40759,0.22659,0.07633,0.03577,3.05278,3.18966,0.01210,0.00255
2026021043,2027-03-02,BUF,PIT,0.57253,0.45604,0.32319,0.22077,0.08253,0.03396,3.41286,2.96974,0.01043,-0.00586
2026021044,2027-03-02,FLA,UTA,0.59713,0.47667,0.29875,0.22458,0.08438,0.03608,3.30442,2.72251,0.01790,-0.00403
2026021045,2027-03-02,NJD,OTT,0.52843,0.40842,0.35741,0.23417,0.08121,0.03881,2.98809,2.82746,0.00054,0.01356
2026021046,2027-03-02,PHI,VGK,0.47978,0.36442,0.40256,0.23302,0.07695,0.03840,2.89159,3.01159,0.00133,0.01043
2026021047,2027-03-02,NSH,COL,0.39234,0.28902,0.48855,0.22242,0.06720,0.03612,2.71312,3.36819,0.01200,-0.00462
2026021048,2027-03-03,TOR,SEA,0.62614,0.50555,0.27396,0.22049,0.08540,0.03519,3.40808,2.64703,0.00261,0.00507
2026021049,2027-03-03,NYR,BOS,0.54709,0.42848,0.34297,0.22854,0.08204,0.03657,3.17738,2.90068,0.00546,0.00566
2026021050,2027-03-03,WSH,CAR,0.48749,0.37337,0.39749,0.22914,0.07732,0.03680,3.01231,3.09081,0.00429,0.00412
2026021051,2027-03-03,DAL,MIN,0.52579,0.40730,0.36097,0.23172,0.08060,0.03788,3.04232,2.89247,0.01051,0.01018
2026021052,2027-03-03,CGY,EDM,0.39691,0.29187,0.48260,0.22553,0.06789,0.03714,2.67391,3.29046,0.01605,-0.00080
2026021053,2027-03-03,VAN,CHI,0.52628,0.40820,0.36102,0.23078,0.08074,0.03734,3.07990,2.92811,0.01081,0.00046
2026021054,2027-03-03,LAK,TBL,0.45416,0.34063,0.42583,0.23354,0.07458,0.03895,2.77607,3.04735,-0.00753,0.01753
2026021055,2027-03-03,SJS,CBJ,0.51044,0.39495,0.37682,0.22823,0.07927,0.03622,3.11438,3.05467,-0.00054,0.00861
2026021056,2027-03-04,BUF,STL,0.58531,0.46509,0.30909,0.22583,0.08415,0.03608,3.28815,2.77996,-0.00581,0.01286
2026021057,2027-03-04,MTL,SEA,0.71598,0.60046,0.20070,0.19884,0.08459,0.03093,3.77535,2.41816,0.07155,-0.06756
2026021058,2027-03-04,OTT,BOS,0.63919,0.51831,0.26269,0.21900,0.08585,0.03503,3.42610,2.58973,0.06031,-0.05803
2026021059,2027-03-04,DET,NJD,0.47965,0.36415,0.40255,0.23330,0.07702,0.03848,2.88458,3.00610,0.01392,-0.00241
2026021060,2027-03-04,FLA,PIT,0.61664,0.49775,0.28347,0.21878,0.08462,0.03427,3.45983,2.74978,0.00680,0.00535
2026021061,2027-03-04,NYI,VGK,0.45802,0.34443,0.42261,0.23296,0.07494,0.03864,2.80826,3.05791,0.00977,-0.00638
2026021062,2027-03-04,NSH,UTA,0.45764,0.34578,0.42478,0.22944,0.07463,0.03722,2.89168,3.14761,0.00194,0.00454
2026021063,2027-03-05,NJD,VGK,0.49899,0.37978,0.38276,0.23745,0.07914,0.04007,2.84859,2.85867,-0.01394,-0.00661
2026021064,2027-03-05,PHI,DAL,0.50344,0.38636,0.38111,0.23253,0.07895,0.03813,2.97220,2.95434,0.01273,-0.00103
2026021065,2027-03-05,CAR,TOR,0.62393,0.50472,0.27707,0.21821,0.08498,0.03423,3.47169,2.71989,0.00568,0.00526
2026021066,2027-03-05,WPG,WSH,0.44287,0.33100,0.43700,0.23201,0.07327,0.03860,2.75935,3.09794,0.01255,-0.00117
2026021067,2027-03-05,CGY,CHI,0.53120,0.41069,0.35452,0.23479,0.08153,0.03898,2.99221,2.81316,-0.00002,0.00299
2026021068,2027-03-05,ANA,TBL,0.44564,0.33590,0.43699,0.22711,0.07329,0.03645,2.90110,3.22886,0.00930,-0.00664
2026021069,2027-03-05,LAK,CBJ,0.54391,0.42329,0.34379,0.23292,0.08227,0.03835,3.05794,2.80466,0.00258,0.00203
2026021070,2027-03-05,SJS,COL,0.40685,0.30198,0.47475,0.22326,0.06897,0.03590,2.79105,3.35910,-0.00470,0.01674
2026021071,2027-03-06,BOS,PIT,0.52172,0.40672,0.36776,0.22552,0.07963,0.03537,3.19275,3.06421,0.00917,0.00823
2026021072,2027-03-06,BUF,NYR,0.55644,0.43894,0.33602,0.22503,0.08214,0.03536,3.27650,2.93852,-0.00466,0.01076
2026021073,2027-03-06,OTT,SEA,0.63667,0.51496,0.26413,0.22091,0.08588,0.03583,3.36513,2.54809,0.00110,0.00087
2026021074,2027-03-06,MTL,VAN,0.66235,0.54377,0.24463,0.21161,0.08555,0.03304,3.60123,2.60304,-0.00722,0.01778
2026021075,2027-03-06,DET,DAL,0.50458,0.38655,0.37927,0.23418,0.07938,0.03865,2.94766,2.92525,0.04464,-0.06019
2026021076,2027-03-06,FLA,TOR,0.64144,0.52053,0.26078,0.21869,0.08596,0.03494,3.43884,2.58841,0.04189,-0.05919
2026021077,2027-03-06,NSH,MIN,0.41649,0.30925,0.46396,0.22679,0.07025,0.03699,2.76233,3.26349,-0.00268,0.01231
2026021078,2027-03-06,EDM,CHI,0.73508,0.62189,0.18579,0.19233,0.08347,0.02972,3.86347,2.36616,0.06682,-0.06720
2026021079,2027-03-06,SJS,TBL,0.43990,0.33018,0.44185,0.22797,0.07279,0.03693,2.84920,3.21186,-0.00334,-0.00997
2026021080,2027-03-07,NYI,PIT,0.57608,0.45638,0.31735,0.22628,0.08349,0.03621,3.25904,2.80552,0.04935,-0.06881
2026021081,2027-03-07,PHI,STL,0.57510,0.45265,0.31577,0.23158,0.08429,0.03816,3.13947,2.70075,-0.00473,0.01070
2026021082,2027-03-07,CAR,UTA,0.60745,0.48736,0.29037,0.22227,0.08473,0.03535,3.36988,2.72418,-0.00697,0.01195
2026021083,2027-03-07,WPG,CGY,0.57754,0.45323,0.31210,0.23467,0.08476,0.03955,3.05335,2.60706,0.00175,0.00439
2026021084,2027-03-07,LAK,COL,0.44875,0.33553,0.43069,0.23377,0.07410,0.03911,2.75171,3.05475,0.00258,0.00203
2026021085,2027-03-07,OTT,BUF,0.53327,0.41523,0.35519,0.22958,0.08105,0.03699,3.11372,2.92060,-0.01917,-0.00306
2026021086,2027-03-07,NYR,VGK,0.40420,0.29779,0.47500,0.22721,0.06886,0.03755,2.68280,3.25384,-0.06088,0.06446
2026021087,2027-03-07,ANA,CBJ,0.51610,0.40033,0.37177,0.22790,0.07962,0.03615,3.13215,3.03817,0.00028,0.00022
2026021088,2027-03-07,MIN,WSH,0.47483,0.36052,0.40791,0.23157,0.07644,0.03786,2.90840,3.06173,-0.05597,0.06038
2026021089,2027-03-08,BOS,SEA,0.59299,0.47192,0.30191,0.22618,0.08476,0.03632,3.28363,2.73315,0.00266,0.00209
2026021090,2027-03-08,TOR,DAL,0.50109,0.38511,0.38419,0.23070,0.07859,0.03738,3.01041,3.00689,0.00735,0.00845
2026021091,2027-03-08,CHI,TBL,0.36881,0.26912,0.51218,0.21870,0.06411,0.03558,2.64142,3.44125,0.00864,0.01212
2026021092,2027-03-09,BUF,VAN,0.64812,0.53018,0.25729,0.21252,0.08507,0.03287,3.59963,2.68569,-0.00290,0.01289
2026021093,2027-03-09,FLA,NJD,0.57912,0.45780,0.31338,0.22882,0.08397,0.03735,3.18264,2.71725,0.00812,0.00675
2026021094,2027-03-09,NYI,MTL,0.45998,0.34801,0.42268,0.22931,0.07491,0.03706,2.91209,3.15327,-0.00438,0.01097
2026021095,2027-03-09,PIT,OTT,0.50023,0.38534,0.38603,0.22863,0.07824,0.03665,3.04657,3.04893,0.00537,0.00529
2026021096,2027-03-09,WSH,CGY,0.67416,0.55379,0.23317,0.21304,0.08617,0.03420,3.51537,2.45882,0.00876,0.00850
2026021097,2027-03-09,STL,NSH,0.54208,0.42216,0.34598,0.23187,0.08201,0.03791,3.08042,2.83622,-0.00031,0.01257
2026021098,2027-03-09,MIN,CAR,0.48546,0.37099,0.39879,0.23022,0.07718,0.03728,2.97125,3.06051,0.00278,0.00520
2026021099,2027-03-09,WPG,DET,0.51785,0.39829,0.36663,0.23508,0.08055,0.03901,2.96149,2.86043,-0.00492,0.01356
2026021100,2027-03-09,EDM,LAK,0.58894,0.46718,0.30474,0.22808,0.08467,0.03710,3.22510,2.70220,0.01297,-0.00085
2026021101,2027-03-09,COL,PHI,0.61842,0.49774,0.28055,0.22171,0.08523,0.03545,3.37630,2.66647,0.00615,0.00931
2026021102,2027-03-09,UTA,NYR,0.56390,0.44443,0.32799,0.22757,0.08296,0.03651,3.21267,2.83615,0.01023,0.01015
2026021103,2027-03-09,VGK,SJS,0.61046,0.48987,0.28746,0.22267,0.08515,0.03544,3.37068,2.71021,0.00483,0.01103
2026021104,2027-03-10,MTL,BOS,0.54521,0.42669,0.34464,0.22866,0.08199,0.03653,3.18136,2.91552,-0.05857,0.04394
2026021105,2027-03-10,CHI,WSH,0.45190,0.34044,0.42997,0.22959,0.07406,0.03740,2.86058,3.14962,0.06481,-0.05913
2026021106,2027-03-10,DAL,ANA,0.59090,0.47151,0.30500,0.22349,0.08396,0.03544,3.33570,2.78914,-0.00098,0.01867
2026021107,2027-03-11,OTT,MIN,0.50351,0.38605,0.38074,0.23321,0.07908,0.03838,2.95232,2.93611,0.00465,0.00788
2026021108,2027-03-11,TBL,NJD,0.59227,0.47049,0.30181,0.22770,0.08469,0.03709,3.23161,2.68614,0.01572,-0.00297
2026021109,2027-03-11,PIT,BOS,0.60893,0.49041,0.29041,0.21918,0.08430,0.03422,3.44807,2.78573,0.05909,-0.06003
2026021110,2027-03-11,CBJ,VAN,0.64710,0.52772,0.25710,0.21518,0.08555,0.03383,3.52276,2.62644,0.01966,-0.00602
2026021111,2027-03-11,STL,SJS,0.51124,0.39353,0.37398,0.23250,0.07982,0.03790,3.01020,2.94750,0.00085,0.00669
2026021112,2027-03-11,WPG,TOR,0.46827,0.35376,0.41320,0.23304,0.07594,0.03857,2.84310,3.03525,-0.00453,0.01387
2026021113,2027-03-11,EDM,NSH,0.64513,0.52644,0.25921,0.21435,0.08518,0.03351,3.55012,2.65824,0.00460,0.00664
2026021114,2027-03-11,COL,NYR,0.63732,0.51702,0.26472,0.21826,0.08555,0.03475,3.44417,2.61520,0.00302,0.00238
2026021115,2027-03-11,SEA,LAK,0.45704,0.34281,0.42271,0.23448,0.07497,0.03926,2.76629,3.02019,0.01893,-0.00314
2026021116,2027-03-11,VGK,PHI,0.58220,0.46034,0.31041,0.22924,0.08442,0.03743,3.19077,2.71057,0.00106,0.00385
2026021117,2027-03-12,DET,BUF,0.48000,0.36760,0.40558,0.22682,0.07656,0.03584,3.05124,3.17685,0.00835,0.00540
2026021118,2027-03-12,FLA,NYI,0.63167,0.51084,0.26904,0.22012,0.08558,0.03526,3.40830,2.61480,0.00816,0.00678
2026021119,2027-03-12,CAR,CGY,0.71728,0.60062,0.19880,0.20058,0.08499,0.03167,3.71485,2.36115,0.00892,0.00606
2026021120,2027-03-13,PIT,WSH,0.45936,0.34882,0.42478,0.22639,0.07450,0.03603,2.96828,3.21758,-0.00721,0.01176
2026021121,2027-03-13,WPG,NSH,0.54457,0.42421,0.34339,0.23240,0.08209,0.03827,3.06160,2.80188,0.00173,0.00437
2026021122,2027-03-13,COL,CHI,0.70090,0.58370,0.21242,0.20388,0.08513,0.03207,3.68573,2.43528,-0.00463,0.01378
2026021123,2027-03-13,STL,ANA,0.50552,0.38872,0.37973,0.23155,0.07917,0.03763,3.00775,2.97980,-0.00305,0.01202
2026021124,2027-03-13,BOS,CGY,0.64957,0.52734,0.25279,0.21987,0.08655,0.03568,3.39454,2.50190,0.04639,-0.05573
2026021125,2027-03-13,TOR,VAN,0.65030,0.53074,0.25422,0.21504,0.08573,0.03383,3.53118,2.61527,0.00772,0.00470
2026021126,2027-03-13,OTT,MTL,0.51237,0.39552,0.37386,0.23062,0.07950,0.03735,3.04234,2.97188,-0.00604,0.00967
2026021127,2027-03-13,TBL,NYI,0.68979,0.57148,0.22117,0.20736,0.08539,0.03292,3.60973,2.43914,0.05868,-0.06164
2026021128,2027-03-13,CAR,NJD,0.55580,0.43514,0.33370,0.23116,0.08282,0.03783,3.11623,2.78996,-0.05864,0.04845
2026021129,2027-03-13,CBJ,SJS,0.55342,0.43521,0.33800,0.22678,0.08232,0.03589,3.23833,2.92203,-0.00017,0.00288
2026021130,2027-03-13,UTA,PHI,0.55211,0.43220,0.33752,0.23027,0.08250,0.03740,3.13489,2.83009,0.00845,-0.00440
2026021131,2027-03-13,LAK,DAL,0.48545,0.36834,0.39608,0.23558,0.07769,0.03942,2.84696,2.93387,-0.00200,0.02117
2026021132,2027-03-13,VGK,NYR,0.60002,0.47808,0.29520,0.22672,0.08517,0.03678,3.26612,2.67625,0.00106,0.00385
2026021133,2027-03-13,SEA,EDM,0.39559,0.29153,0.48494,0.22352,0.06766,0.03639,2.71239,3.34412,0.00082,0.00366
2026021134,2027-03-14,PIT,DET,0.51129,0.39501,0.37536,0.22963,0.07947,0.03682,3.07406,3.01040,-0.06108,0.04042
2026021135,2027-03-14,CHI,ANA,0.46169,0.34962,0.42117,0.22921,0.07501,0.03705,2.91550,3.14725,-0.00980,-0.00348
2026021136,2027-03-14,OTT,VAN,0.65046,0.52888,0.25246,0.21866,0.08619,0.03540,3.41062,2.50813,-0.01679,-0.00316
2026021137,2027-03-14,MIN,BUF,0.57926,0.46058,0.31559,0.22382,0.08344,0.03524,3.33302,2.85732,0.01416,-0.00146
2026021138,2027-03-15,WSH,TBL,0.51434,0.39770,0.37239,0.22991,0.07955,0.03709,3.06268,2.98020,0.00679,0.00601
2026021139,2027-03-15,BOS,NYI,0.54007,0.42116,0.34856,0.23028,0.08181,0.03710,3.13212,2.89686,0.00689,0.00543
2026021140,2027-03-15,BUF,SJS,0.52385,0.40830,0.36542,0.22628,0.08009,0.03547,3.20033,3.05847,-0.05614,0.04537
2026021141,2027-03-15,TOR,FLA,0.46825,0.35555,0.41499,0.22945,0.07564,0.03706,2.93659,3.12794,-0.00015,0.01430
2026021142,2027-03-15,UTA,DAL,0.50658,0.38923,0.37823,0.23254,0.07918,0.03816,2.97804,2.94215,0.00091,0.00373
2026021143,2027-03-15,COL,EDM,0.57181,0.45259,0.32142,0.22598,0.08320,0.03601,3.26495,2.83634,0.00293,0.00531
2026021144,2027-03-15,CGY,NSH,0.50092,0.38359,0.38302,0.23339,0.07897,0.03836,2.95157,2.94992,0.00999,0.00720
2026021145,2027-03-15,SEA,STL,0.49208,0.37456,0.39020,0.23524,0.07834,0.03918,2.87898,2.92864,0.00187,0.00750
2026021146,2027-03-15,VGK,WPG,0.62868,0.50471,0.26920,0.22609,0.08660,0.03737,3.26560,2.51118,0.00063,0.00652
2026021147,2027-03-16,MTL,FLA,0.56376,0.44398,0.32785,0.22816,0.08314,0.03664,3.21022,2.83571,0.05540,-0.06689
2026021148,2027-03-16,NYR,OTT,0.51193,0.39433,0.37351,0.23216,0.07972,0.03788,3.00851,2.94143,0.02042,-0.00518
2026021149,2027-03-16,PHI,DET,0.58997,0.46926,0.30468,0.22606,0.08442,0.03629,3.28276,2.74693,0.01895,-0.00298
2026021150,2027-03-16,CBJ,PIT,0.55122,0.43406,0.34073,0.22521,0.08178,0.03538,3.26557,2.95816,0.01030,-0.00596
2026021151,2027-03-16,CHI,SJS,0.52231,0.40488,0.36493,0.23019,0.08038,0.03706,3.08876,2.95924,0.05097,-0.05977
2026021152,2027-03-16,ANA,CAR,0.40065,0.29776,0.48212,0.22012,0.06804,0.03484,2.83556,3.44510,0.00012,0.01953
2026021153,2027-03-16,LAK,WPG,0.64190,0.51688,0.25703,0.22609,0.08702,0.03800,3.23413,2.40396,0.05773,-0.06849
2026021154,2027-03-17,WSH,NYI,0.61608,0.49516,0.28230,0.22254,0.08522,0.03570,3.35655,2.66110,0.00317,0.00250
2026021155,2027-03-17,TOR,TBL,0.47155,0.35844,0.41173,0.22982,0.07594,0.03716,2.94218,3.11180,0.00289,0.00227
2026021156,2027-03-17,COL,MIN,0.56506,0.44478,0.32614,0.22908,0.08311,0.03717,3.17619,2.79098,-0.00559,0.01303
2026021157,2027-03-17,CGY,DAL,0.40103,0.29406,0.47697,0.22897,0.06848,0.03850,2.60614,3.19158,0.00496,0.00391
2026021158,2027-03-17,VAN,NSH,0.49841,0.38301,0.38708,0.22991,0.07840,0.03699,3.03002,3.04399,0.01758,-0.00444
2026021159,2027-03-17,VGK,SEA,0.66855,0.54742,0.23744,0.21514,0.08651,0.03462,3.48549,2.46890,0.00569,0.00448
2026021160,2027-03-18,BUF,WSH,0.57114,0.45323,0.32314,0.22363,0.08288,0.03503,3.33418,2.90494,0.07510,-0.06811
2026021161,2027-03-18,MTL,TBL,0.55904,0.44017,0.33254,0.22729,0.08256,0.03631,3.22209,2.87044,0.05946,-0.06085
2026021162,2027-03-18,OTT,FLA,0.48764,0.37193,0.39580,0.23227,0.07750,0.03821,2.91507,2.99321,0.00326,0.00361
2026021163,2027-03-18,DET,CBJ,0.49929,0.38355,0.38598,0.23047,0.07863,0.03711,3.02900,3.03712,0.00425,0.00467
2026021164,2027-03-18,NJD,PIT,0.57849,0.45864,0.31521,0.22615,0.08372,0.03613,3.27154,2.80406,0.01506,-0.00094
2026021165,2027-03-18,NYR,TOR,0.56201,0.44188,0.32894,0.22918,0.08308,0.03705,3.17767,2.81250,0.03997,-0.06071
2026021166,2027-03-18,PHI,BOS,0.55744,0.43778,0.33323,0.22898,0.08281,0.03684,3.18633,2.84776,-0.00478,0.01066
2026021167,2027-03-18,WPG,SJS,0.51533,0.39757,0.37050,0.23193,0.07993,0.03783,3.01821,2.93105,0.01202,0.00523
2026021168,2027-03-18,EDM,STL,0.62861,0.50738,0.27144,0.22119,0.08580,0.03543,3.39218,2.62215,0.00746,0.01165
2026021169,2027-03-18,ANA,UTA,0.48546,0.37157,0.39939,0.22905,0.07721,0.03668,3.01575,3.10499,-0.00622,0.01254
2026021170,2027-03-18,LAK,CAR,0.44091,0.32933,0.43891,0.23176,0.07311,0.03847,2.76053,3.11041,0.00028,0.00022
2026021171,2027-03-19,MIN,CGY,0.67259,0.55095,0.23361,0.21544,0.08671,0.03493,3.46574,2.42887,0.00728,0.00696
2026021172,2027-03-19,UTA,CHI,0.57795,0.45694,0.31468,0.22839,0.08409,0.03692,3.21997,2.76056,-0.06254,0.06617
2026021173,2027-03-19,SEA,COL,0.35915,0.26058,0.52148,0.21794,0.06288,0.03569,2.59247,3.45129,0.00740,0.01100
2026021174,2027-03-20,BUF,FLA,0.48103,0.36815,0.40416,0.22769,0.07666,0.03622,3.02985,3.14702,0.00198,0.00156
2026021175,2027-03-20,DET,MTL,0.45834,0.34705,0.42481,0.22814,0.07465,0.03664,2.93003,3.18275,0.00393,0.00309
2026021176,2027-03-20,NYI,PHI,0.50737,0.38990,0.37751,0.23259,0.07940,0.03806,2.98738,2.94857,0.01132,-0.00441
2026021177,2027-03-20,EDM,DAL,0.53767,0.41893,0.35073,0.23034,0.08151,0.03723,3.11702,2.89587,-0.00554,0.01006
2026021178,2027-03-20,NSH,BOS,0.51081,0.39508,0.37625,0.22867,0.07925,0.03647,3.09848,3.03630,0.01836,-0.00033
2026021179,2027-03-20,OTT,TBL,0.48388,0.36839,0.39909,0.23252,0.07722,0.03826,2.90509,3.00314,0.00110,0.00087
2026021180,2027-03-20,NJD,TOR,0.54763,0.42731,0.34096,0.23174,0.08244,0.03788,3.09474,2.81872,0.00010,0.00008
2026021181,2027-03-20,WPG,CBJ,0.49115,0.37443,0.39182,0.23375,0.07808,0.03864,2.90623,2.96230,0.00222,0.00476
2026021182,2027-03-20,NYR,PIT,0.53401,0.41705,0.35553,0.22742,0.08088,0.03608,3.17852,2.97755,0.00010,0.00008
2026021183,2027-03-20,VAN,STL,0.47980,0.36400,0.40218,0.23383,0.07708,0.03872,2.86603,2.98794,0.00931,-0.00373
2026021184,2027-03-20,ANA,VGK,0.44829,0.33751,0.43367,0.22882,0.07366,0.03711,2.86717,3.17707,-0.00518,0.01034
2026021185,2027-03-20,SJS,CAR,0.41269,0.30794,0.47005,0.22201,0.06942,0.03532,2.84744,3.38285,0.00958,0.00327
2026021186,2027-03-21,MIN,UTA,0.56810,0.44740,0.32333,0.22926,0.08350,0.03719,3.17848,2.77942,0.00282,0.00523
2026021187,2027-03-21,NYI,BUF,0.48105,0.36735,0.40334,0.22932,0.07676,0.03694,2.97736,3.09503,-0.01853,-0.00383
2026021188,2027-03-21,COL,CHI,0.71053,0.59433,0.20482,0.20085,0.08474,0.03146,3.73384,2.41472,0.00834,0.00530
2026021189,2027-03-21,NYR,WSH,0.39862,0.29430,0.48212,0.22358,0.06791,0.03641,2.72144,3.33469,-0.06758,0.07266
2026021190,2027-03-21,CGY,STL,0.53323,0.41040,0.35061,0.23899,0.08218,0.04065,2.90302,2.71489,0.04024,-0.05689
2026021191,2027-03-21,SEA,LAK,0.43899,0.32678,0.43982,0.23340,0.07304,0.03917,2.71146,3.07104,-0.00109,0.01356
2026021192,2027-03-21,VAN,EDM,0.37483,0.27355,0.50521,0.22124,0.06501,0.03627,2.62892,3.38466,-0.01889,-0.01522
2026021193,2027-03-22,PIT,CBJ,0.52598,0.41040,0.36368,0.22592,0.08011,0.03547,3.19903,3.04665,0.00516,0.00808
2026021194,2027-03-22,MTL,TOR,0.56165,0.44356,0.33112,0.22532,0.08256,0.03553,3.27760,2.91014,0.00585,0.00610
2026021195,2027-03-22,ANA,SJS,0.53685,0.42038,0.35350,0.22612,0.08097,0.03550,3.23306,3.01173,0.00277,0.00218
2026021196,2027-03-23,BOS,BUF,0.50277,0.38902,0.38504,0.22594,0.07832,0.03542,3.14271,3.13020,0.01546,-0.00328
2026021197,2027-03-23,TBL,FLA,0.53912,0.42083,0.34997,0.22920,0.08144,0.03685,3.14155,2.91212,0.01368,0.01383
2026021198,2027-03-23,NJD,PHI,0.55230,0.43115,0.33632,0.23254,0.08285,0.03830,3.07366,2.77292,0.00197,0.00190
2026021199,2027-03-23,WSH,DET,0.61803,0.49777,0.28117,0.22106,0.08508,0.03518,3.39482,2.68339,-0.00250,0.01315
2026021200,2027-03-23,NSH,NYR,0.49527,0.38027,0.39008,0.22965,0.07797,0.03702,3.01343,3.04561,0.01061,-0.00270
2026021201,2027-03-23,DAL,CAR,0.47592,0.36278,0.40821,0.22900,0.07616,0.03698,2.95678,3.10497,0.00971,0.01356
2026021202,2027-03-23,MIN,CHI,0.67143,0.55157,0.23588,0.21255,0.08595,0.03390,3.53706,2.49310,0.00155,0.00423
2026021203,2027-03-23,WPG,STL,0.53773,0.41543,0.34736,0.23721,0.08226,0.04003,2.94399,2.72893,0.01055,-0.00275
2026021204,2027-03-23,COL,UTA,0.60753,0.48656,0.28948,0.22395,0.08498,0.03598,3.33219,2.68773,0.00155,0.00423
2026021205,2027-03-23,CGY,EDM,0.38759,0.28361,0.49149,0.22489,0.06676,0.03721,2.63127,3.30296,-0.00002,0.00299
2026021206,2027-03-23,SEA,VGK,0.38953,0.28490,0.48914,0.22596,0.06713,0.03750,2.62597,3.28504,-0.00101,0.01363
2026021207,2027-03-23,VAN,LAK,0.42499,0.31473,0.45353,0.23175,0.07148,0.03879,2.68576,3.12873,0.00114,0.00090
2026021208,2027-03-24,MTL,OTT,0.54085,0.42219,0.34818,0.22963,0.08159,0.03707,3.12881,2.88974,-0.00604,0.00967
2026021209,2027-03-24,DET,WSH,0.44681,0.33612,0.43510,0.22877,0.07348,0.03720,2.85102,3.17254,0.00658,-0.00305
2026021210,2027-03-24,SJS,ANA,0.53416,0.41789,0.35617,0.22594,0.08087,0.03540,3.22990,3.02964,0.00495,0.00495
2026021211,2027-03-25,BOS,OTT,0.54786,0.42813,0.34120,0.23067,0.08223,0.03750,3.11817,2.83696,0.06050,-0.06121
2026021212,2027-03-25,BUF,TOR,0.53276,0.41689,0.35764,0.22547,0.08064,0.03523,3.23570,3.04129,-0.00194,0.01411
2026021213,2027-03-25,TBL,PHI,0.60272,0.48193,0.29380,0.22427,0.08479,0.03600,3.31735,2.70427,0.00620,0.00488
2026021214,2027-03-25,FLA,NYR,0.61397,0.49312,0.28421,0.22267,0.08521,0.03565,3.36126,2.67920,0.00324,0.00619
2026021215,2027-03-25,PIT,NJD,0.50711,0.39066,0.37871,0.23062,0.07918,0.03727,3.03607,2.99796,0.01139,-0.00510
2026021216,2027-03-25,CAR,DAL,0.59054,0.47068,0.30489,0.22443,0.08400,0.03587,3.30379,2.76126,0.00846,0.00846
2026021217,2027-03-25,CBJ,CHI,0.62758,0.50751,0.27319,0.21930,0.08530,0.03477,3.43501,2.66337,0.01109,-0.00175
2026021218,2027-03-25,STL,NYI,0.50987,0.39133,0.37437,0.23430,0.07977,0.03877,2.95041,2.89743,-0.00034,0.01928
2026021219,2027-03-25,WPG,COL,0.39687,0.29081,0.48150,0.22769,0.06793,0.03813,2.61513,3.22851,0.00199,0.00458
2026021220,2027-03-25,MIN,EDM,0.53145,0.41367,0.35691,0.22942,0.08083,0.03694,3.11438,2.93015,0.00305,0.00541
2026021221,2027-03-25,CGY,LAK,0.43629,0.32278,0.44057,0.23665,0.07300,0.04051,2.63541,3.00532,-0.00002,0.00299
2026021222,2027-03-25,SEA,ANA,0.52906,0.41114,0.35882,0.23005,0.08085,0.03707,3.10365,2.93490,0.05081,-0.05905
2026021223,2027-03-25,VAN,VGK,0.37606,0.27389,0.50312,0.22299,0.06528,0.03688,2.60309,3.34687,0.00114,0.00090
2026021224,2027-03-26,WSH,BOS,0.66867,0.55006,0.23919,0.21075,0.08554,0.03307,3.59435,2.55850,0.06109,-0.05725
2026021225,2027-03-26,CHI,NSH,0.43560,0.32623,0.44571,0.22806,0.07227,0.03711,2.82015,3.20551,-0.06462,0.06551
2026021226,2027-03-26,UTA,SJS,0.58229,0.46265,0.31222,0.22513,0.08394,0.03570,3.31054,2.81973,0.01212,-0.00037
2026021227,2027-03-27,EDM,LAK,0.58346,0.46179,0.30946,0.22875,0.08443,0.03724,3.20633,2.71656,0.00713,0.00446
2026021228,2027-03-27,MIN,SEA,0.66230,0.54136,0.24295,0.21569,0.08635,0.03459,3.48122,2.50240,0.00092,0.00675
2026021229,2027-03-27,VAN,ANA,0.45113,0.34087,0.43193,0.22720,0.07384,0.03642,2.91783,3.21515,0.00114,0.00090
2026021230,2027-03-27,FLA,PHI,0.59790,0.47676,0.29756,0.22568,0.08468,0.03646,3.28115,2.69786,0.00164,0.00129
2026021231,2027-03-27,TOR,OTT,0.52266,0.40459,0.36405,0.23136,0.08048,0.03759,3.05251,2.92177,0.00386,0.00326
2026021232,2027-03-27,MTL,NJD,0.55587,0.43572,0.33414,0.23014,0.08289,0.03727,3.15665,2.82967,0.01248,-0.00424
2026021233,2027-03-27,TBL,NYR,0.61950,0.49874,0.27956,0.22170,0.08531,0.03545,3.37893,2.66237,0.00164,0.00129
2026021234,2027-03-27,PIT,CAR,0.42206,0.31642,0.46123,0.22235,0.07044,0.03520,2.88849,3.36615,0.00274,0.00216
2026021235,2027-03-27,CBJ,STL,0.57219,0.45065,0.31909,0.23026,0.08396,0.03759,3.16494,2.74248,-0.00017,0.00288
2026021236,2027-03-27,COL,WPG,0.66636,0.54512,0.23914,0.21574,0.08631,0.03493,3.45968,2.45647,0.00657,0.00657
2026021237,2027-03-27,NYI,DET,0.53788,0.41904,0.35050,0.23046,0.08153,0.03732,3.10832,2.88733,0.00160,0.01422
2026021238,2027-03-27,DAL,NSH,0.68206,0.56277,0.22716,0.21007,0.08587,0.03342,3.57791,2.46321,0.04828,-0.05566
2026021239,2027-03-27,CGY,VGK,0.38748,0.28187,0.48964,0.22849,0.06695,0.03867,2.55198,3.21598,-0.00002,0.00299
2026021240,2027-03-28,CHI,SEA,0.58301,0.46130,0.30975,0.22895,0.08439,0.03731,3.20092,2.71228,0.05359,-0.06068
2026021241,2027-03-28,TOR,WSH,0.44177,0.33146,0.43964,0.22890,0.07296,0.03736,2.82806,3.17822,-0.06004,0.03942
2026021242,2027-03-28,MTL,DET,0.61724,0.49632,0.28137,0.22231,0.08541,0.03551,3.37310,2.67146,-0.00599,-0.02129
2026021243,2027-03-28,STL,BUF,0.41751,0.30981,0.46265,0.22754,0.07043,0.03727,2.74804,3.24303,-0.06586,0.04754
2026021244,2027-03-29,NJD,CAR,0.45872,0.34611,0.42308,0.23081,0.07478,0.03784,2.85622,3.10462,0.00476,0.00479
2026021245,2027-03-29,NYR,MIN,0.46772,0.35465,0.41515,0.23020,0.07558,0.03749,2.90416,3.10053,0.00778,0.01150
2026021246,2027-03-29,LAK,VAN,0.64310,0.52103,0.25843,0.22054,0.08635,0.03571,3.38620,2.53187,0.01281,0.00930
2026021247,2027-03-29,SJS,COL,0.42573,0.31841,0.45634,0.22526,0.07115,0.03617,2.84687,3.29944,0.01510,-0.00118
2026021248,2027-03-30,BOS,MTL,0.48011,0.36708,0.40479,0.22813,0.07672,0.03631,3.02452,3.14706,0.01348,-0.00225
2026021249,2027-03-30,DET,OTT,0.46428,0.35087,0.41766,0.23148,0.07545,0.03796,2.86281,3.07872,-0.00219,0.01419
2026021250,2027-03-30,TBL,TOR,0.60619,0.48603,0.29152,0.22245,0.08488,0.03528,3.37190,2.73775,0.01538,-0.00196
2026021251,2027-03-30,FLA,CBJ,0.60844,0.48833,0.28951,0.22216,0.08481,0.03530,3.37484,2.72308,0.00773,0.00644
2026021252,2027-03-30,NYI,CAR,0.46764,0.35428,0.41482,0.23090,0.07562,0.03774,2.88744,3.08229,0.05418,-0.06982
2026021253,2027-03-30,PHI,PIT,0.55205,0.43437,0.33952,0.22611,0.08195,0.03574,3.24978,2.93754,0.00876,0.00960
2026021254,2027-03-30,WSH,CHI,0.67311,0.55414,0.23509,0.21077,0.08570,0.03326,3.58534,2.52371,0.00327,0.00669
2026021255,2027-03-30,NSH,BUF,0.46663,0.35585,0.41850,0.22565,0.07527,0.03551,3.03265,3.24031,0.01452,-0.00094
2026021256,2027-03-30,DAL,CGY,0.66290,0.54108,0.24169,0.21724,0.08647,0.03535,3.42165,2.44514,0.00634,0.00836
2026021257,2027-03-30,SEA,UTA,0.42782,0.31910,0.45292,0.22798,0.07136,0.03736,2.77709,3.20938,0.00191,0.01492
2026021258,2027-03-30,ANA,COL,0.48026,0.36677,0.40418,0.22905,0.07670,0.03679,2.99403,3.11478,0.05924,-0.06129
2026021259,2027-03-31,NJD,MIN,0.50637,0.38772,0.37717,0.23510,0.07953,0.03913,2.92076,2.88787,0.00010,0.00008
2026021260,2027-03-31,EDM,SJS,0.62019,0.50143,0.28062,0.21794,0.08481,0.03394,3.49107,2.75933,0.01236,-0.00132
2026021261,2027-03-31,LAK,WPG,0.57435,0.45015,0.31483,0.23502,0.08452,0.03968,3.03746,2.60936,-0.00501,0.01349
2026021262,2027-03-31,VGK,VAN,0.69649,0.57807,0.21547,0.20645,0.08571,0.03270,3.63443,2.42495,0.01616,-0.00259
2026021263,2027-04-01,MTL,NYR,0.57656,0.45751,0.31756,0.22493,0.08341,0.03565,3.29958,2.84207,-0.00268,0.01314
2026021264,2027-04-01,TBL,CBJ,0.61187,0.49161,0.28653,0.22186,0.08497,0.03529,3.37661,2.70609,0.00164,0.00129
2026021265,2027-04-01,FLA,TOR,0.59313,0.47261,0.30226,0.22513,0.08451,0.03601,3.30318,2.74981,0.00164,0.00129
2026021266,2027-04-01,PHI,WSH,0.48700,0.37190,0.39686,0.23124,0.07741,0.03769,2.95247,3.03172,0.00115,0.00090
2026021267,2027-04-01,PIT,NYI,0.55311,0.43510,0.33842,0.22648,0.08204,0.03596,3.22885,2.91349,0.00456,0.00444
2026021268,2027-04-01,BUF,BOS,0.57899,0.46131,0.31667,0.22202,0.08316,0.03453,3.38266,2.90413,0.00712,0.00367
2026021269,2027-04-01,STL,CGY,0.58947,0.46519,0.30214,0.23267,0.08539,0.03890,3.11333,2.59718,0.01289,-0.00392
2026021270,2027-04-01,NSH,CHI,0.56632,0.44655,0.32567,0.22778,0.08321,0.03657,3.21352,2.82331,0.00084,0.00367
2026021271,2027-04-01,UTA,ANA,0.57457,0.45542,0.31922,0.22536,0.08347,0.03567,3.29622,2.85241,0.00513,0.00526
2026021272,2027-04-02,DET,CAR,0.39558,0.29225,0.48585,0.22190,0.06751,0.03583,2.74299,3.38019,0.00549,0.00467
2026021273,2027-04-02,NYI,OTT,0.41502,0.30711,0.46449,0.22840,0.07007,0.03784,2.69748,3.20551,-0.06404,0.07164
2026021274,2027-04-02,MIN,DAL,0.53674,0.41753,0.35114,0.23133,0.08142,0.03778,3.07358,2.86058,0.00374,0.01608
2026021275,2027-04-02,COL,LAK,0.62596,0.50327,0.27248,0.22425,0.08610,0.03660,3.31156,2.56540,0.01559,-0.00036
2026021276,2027-04-02,VGK,EDM,0.53502,0.41637,0.35307,0.23056,0.08135,0.03731,3.10386,2.89938,0.00363,0.00587
2026021277,2027-04-03,NYR,FLA,0.45263,0.34125,0.42943,0.22932,0.07409,0.03729,2.87238,3.15743,0.00864,0.00785
2026021278,2027-04-03,BOS,TBL,0.43572,0.32715,0.44657,0.22627,0.07210,0.03647,2.85701,3.24570,0.00942,0.00863
2026021279,2027-04-03,NSH,CGY,0.56887,0.44717,0.32174,0.23108,0.08382,0.03788,3.13916,2.73717,0.00221,0.00174
2026021280,2027-04-03,WSH,CBJ,0.59261,0.47270,0.30317,0.22413,0.08433,0.03558,3.33563,2.78090,0.00634,0.00543
2026021281,2027-04-03,CAR,NJD,0.54744,0.42739,0.34130,0.23131,0.08225,0.03779,3.10054,2.82340,-0.06369,0.06037
2026021282,2027-04-03,DAL,CHI,0.61461,0.49283,0.28289,0.22427,0.08540,0.03638,3.30509,2.62460,-0.05404,0.05030
2026021283,2027-04-03,TOR,BUF,0.52906,0.41345,0.36101,0.22554,0.08036,0.03524,3.22656,3.05402,0.00608,0.00745
2026021284,2027-04-03,SEA,WPG,0.49809,0.37975,0.38432,0.23593,0.07892,0.03942,2.88499,2.89835,0.00771,0.00642
2026021285,2027-04-03,PIT,PHI,0.51780,0.40153,0.36995,0.22852,0.07982,0.03644,3.11857,3.01747,0.00224,0.00176
2026021286,2027-04-03,UTA,VGK,0.54832,0.42723,0.33958,0.23319,0.08261,0.03848,3.06129,2.78078,0.04546,-0.06019
2026021287,2027-04-03,VAN,SJS,0.45003,0.34008,0.43315,0.22676,0.07371,0.03624,2.92868,3.23213,0.00703,0.01125
2026021288,2027-04-03,ANA,EDM,0.51327,0.39758,0.37424,0.22818,0.07944,0.03625,3.11909,3.04235,0.04922,-0.06047
2026021289,2027-04-03,LAK,STL,0.52754,0.40541,0.35605,0.23854,0.08163,0.04049,2.89584,2.74044,-0.05675,0.05378
2026021290,2027-04-04,MIN,COL,0.49275,0.37680,0.39129,0.23190,0.07802,0.03793,2.95081,2.99918,0.00155,0.00423
2026021291,2027-04-04,NJD,FLA,0.48450,0.36763,0.39714,0.23523,0.07748,0.03939,2.83751,2.93096,-0.01711,-0.00709
2026021292,2027-04-04,OTT,DET,0.59548,0.47414,0.29945,0.22641,0.08472,0.03662,3.26408,2.69720,0.00548,0.00539
2026021293,2027-04-04,WSH,PIT,0.58736,0.46794,0.30804,0.22402,0.08389,0.03552,3.32608,2.80182,-0.02224,0.00225
2026021294,2027-04-04,NYI,MTL,0.45998,0.34801,0.42268,0.22931,0.07491,0.03706,2.91209,3.15327,-0.00438,0.01097
2026021295,2027-04-04,SJS,STL,0.54611,0.42514,0.34162,0.23324,0.08261,0.03835,3.06561,2.79924,-0.02119,-0.00464
2026021296,2027-04-05,CAR,PHI,0.62800,0.50767,0.27271,0.21961,0.08547,0.03486,3.43186,2.66120,0.00274,0.00216
2026021297,2027-04-05,BUF,TBL,0.47691,0.36477,0.40835,0.22688,0.07616,0.03598,3.03213,3.17350,0.00366,0.00311
2026021298,2027-04-05,TOR,BOS,0.57124,0.45205,0.32194,0.22602,0.08329,0.03590,3.27230,2.84722,0.00340,0.00267
2026021299,2027-04-05,DAL,SEA,0.65386,0.53280,0.24997,0.21723,0.08609,0.03497,3.44603,2.51855,0.00176,0.00741
2026021300,2027-04-05,UTA,WPG,0.59425,0.47126,0.29917,0.22957,0.08515,0.03783,3.18825,2.63722,0.00153,0.00421
2026021301,2027-04-05,EDM,CGY,0.67620,0.55665,0.23206,0.21129,0.08600,0.03355,3.56315,2.48865,0.01165,0.01141
2026021302,2027-04-06,FLA,MTL,0.56787,0.44912,0.32515,0.22573,0.08296,0.03578,3.28031,2.87300,0.01159,0.01158
2026021303,2027-04-06,NJD,TBL,0.54483,0.42414,0.34295,0.23292,0.08231,0.03839,3.05720,2.79850,0.05925,-0.06101
2026021304,2027-04-06,CBJ,WSH,0.48505,0.37089,0.39951,0.22960,0.07726,0.03690,2.99880,3.09229,0.01370,-0.00224
2026021305,2027-04-06,NYI,DET,0.54442,0.42488,0.34435,0.23077,0.08204,0.03749,3.11208,2.85286,0.00281,0.00221
2026021306,2027-04-06,NYR,PIT,0.54239,0.42513,0.34815,0.22672,0.08140,0.03587,3.21223,2.96044,0.01065,-0.00569
2026021307,2027-04-06,NSH,SEA,0.62400,0.50260,0.27525,0.22215,0.08576,0.03564,3.37588,2.63500,0.06399,-0.06656
2026021308,2027-04-06,MIN,CHI,0.66612,0.54618,0.24037,0.21345,0.08592,0.03401,3.52626,2.51564,-0.00151,0.01323
2026021309,2027-04-06,VAN,COL,0.34497,0.24908,0.53645,0.21446,0.06092,0.03497,2.56813,3.52048,0.00982,-0.00031
2026021310,2027-04-06,VGK,STL,0.63883,0.51583,0.26129,0.22287,0.08646,0.03654,3.32676,2.50423,0.01464,-0.00505
2026021311,2027-04-06,ANA,LAK,0.50630,0.38874,0.37827,0.23299,0.07941,0.03815,2.98006,2.94631,0.00194,0.00188
2026021312,2027-04-07,BUF,BOS,0.57712,0.45917,0.31804,0.22279,0.08316,0.03479,3.36061,2.89481,0.00058,0.00046
2026021313,2027-04-07,CAR,OTT,0.60296,0.48252,0.29389,0.22359,0.08461,0.03582,3.32659,2.71058,-0.00240,0.01253
2026021314,2027-04-07,WPG,EDM,0.43418,0.32385,0.44589,0.23026,0.07235,0.03798,2.76597,3.15817,0.00683,0.00702
2026021315,2027-04-07,UTA,DAL,0.50679,0.38953,0.37814,0.23233,0.07918,0.03807,2.98378,2.94662,0.00284,0.00525
2026021316,2027-04-08,OTT,WSH,0.44327,0.33232,0.43768,0.23000,0.07323,0.03773,2.81004,3.14952,-0.05530,0.06613
2026021317,2027-04-08,TBL,MTL,0.57113,0.45228,0.32238,0.22534,0.08314,0.03571,3.28383,2.86022,0.00653,0.00750
2026021318,2027-04-08,NJD,NYI,0.58633,0.46376,0.30624,0.23000,0.08473,0.03784,3.16956,2.66526,0.00031,0.00024
2026021319,2027-04-08,CBJ,PHI,0.51740,0.40000,0.36917,0.23083,0.08012,0.03728,3.06570,2.96748,-0.00412,0.01118
2026021320,2027-04-08,CHI,NSH,0.50133,0.38558,0.38417,0.23026,0.07858,0.03717,3.02483,3.01844,0.00545,0.00537
2026021321,2027-04-08,STL,SEA,0.57599,0.45357,0.31511,0.23132,0.08429,0.03812,3.13651,2.69390,0.00891,0.00259
2026021322,2027-04-08,CGY,COL,0.35942,0.25934,0.51930,0.22136,0.06309,0.03699,2.52202,3.36637,0.01004,-0.00254
2026021323,2027-04-08,SJS,MIN,0.46349,0.35146,0.41968,0.22886,0.07512,0.03691,2.92808,3.14875,0.01027,0.00004
2026021324,2027-04-08,LAK,VGK,0.48490,0.36701,0.39573,0.23726,0.07785,0.04004,2.81131,2.90078,0.00222,0.00186
2026021325,2027-04-09,DET,PIT,0.50672,0.39193,0.38065,0.22742,0.07884,0.03595,3.11803,3.08119,0.00838,0.00841
2026021326,2027-04-09,FLA,BOS,0.63629,0.51659,0.26598,0.21744,0.08530,0.03440,3.47255,2.64284,0.01560,-0.00179
2026021327,2027-04-09,WPG,VAN,0.58090,0.45844,0.31091,0.23064,0.08451,0.03795,3.15666,2.68439,-0.00705,0.01490
2026021328,2027-04-09,DAL,UTA,0.56055,0.44040,0.33015,0.22946,0.08290,0.03726,3.16029,2.80463,0.00809,0.00809
2026021329,2027-04-10,PHI,WSH,0.48682,0.37202,0.39732,0.23066,0.07733,0.03746,2.96581,3.04632,0.00565,0.00571
2026021330,2027-04-10,COL,MIN,0.57265,0.45246,0.31979,0.22775,0.08342,0.03677,3.21670,2.78470,0.00708,0.01078
2026021331,2027-04-10,SJS,ANA,0.52620,0.41031,0.36325,0.22644,0.08034,0.03556,3.19994,3.04797,-0.00437,0.01098
2026021332,2027-04-10,NYI,CBJ,0.50933,0.39250,0.37647,0.23103,0.07942,0.03741,3.03469,2.98329,0.00405,0.00331
2026021333,2027-04-10,BUF,DET,0.65638,0.53808,0.24992,0.21200,0.08537,0.03293,3.60588,2.64185,0.06491,-0.06855
2026021334,2027-04-10,FLA,CAR,0.44306,0.33269,0.43841,0.22891,0.07309,0.03728,2.83949,3.17925,-0.06532,0.05563
2026021335,2027-04-10,NJD,PIT,0.62032,0.49907,0.27846,0.22247,0.08552,0.03573,3.36294,2.64312,0.04262,-0.06005
2026021336,2027-04-10,CHI,SEA,0.52653,0.40765,0.35998,0.23236,0.08089,0.03798,3.04078,2.88712,0.00227,0.00179
2026021337,2027-04-10,NSH,DAL,0.48518,0.36961,0.39794,0.23245,0.07746,0.03811,2.92247,3.01354,0.04814,-0.05622
2026021338,2027-04-10,OTT,MTL,0.52112,0.40395,0.36617,0.22987,0.08011,0.03706,3.08268,2.95986,0.00713,0.00562
2026021339,2027-04-10,NYR,TOR,0.51173,0.39534,0.37484,0.22982,0.07945,0.03695,3.06688,3.00015,0.00448,0.00388
2026021340,2027-04-10,STL,UTA,0.53092,0.41037,0.35476,0.23487,0.08156,0.03899,2.99173,2.81490,0.05453,-0.05971
2026021341,2027-04-10,TBL,BOS,0.68684,0.56899,0.22409,0.20692,0.08535,0.03251,3.64340,2.48819,0.05705,-0.06164
2026021342,2027-04-10,CGY,VAN,0.59721,0.47372,0.29624,0.23004,0.08553,0.03797,3.18575,2.61862,0.04604,-0.05854
2026021343,2027-04-10,EDM,WPG,0.68982,0.57015,0.22027,0.20958,0.08610,0.03357,3.56787,2.40953,0.06183,-0.06397
2026021344,2027-04-10,VGK,LAK,0.58236,0.45867,0.30865,0.23268,0.08492,0.03877,3.10764,2.63224,0.00357,0.00357
