game_id,date,home,away,p_home_win,p_home_reg,p_away_reg,p_home_ot,p_away_ot,p_ot,p_home_win_elo,p_home_win_h,goals_home,goals_away,sog_home,sog_away,xgf_home,xgf_away,pp_opps_home,pp_opps_away,attempts_home,attempts_away,pp_goals_home,pp_goals_away,rate_sensitivity,p_home_win_0925,goal_factor_home,goal_factor_away
2026020001,2026-09-29,CAR,FLA,0.6171,0.4911,0.2882,0.1260,0.0947,0.2207,0.6394,0.6391,3.4178,3.1414,32.6101,25.9395,3.6782,3.2176,4.1181,4.0840,60.4004,48.0453,0.8238,0.8974,4.1764,0.6660,0.9532,0.9880
2026020002,2026-09-29,TOR,MTL,0.4068,0.2946,0.4850,0.1122,0.1082,0.2204,0.4806,0.4404,2.8039,3.4465,26.1221,30.3504,2.9998,3.6119,3.2091,4.2473,48.3837,56.2156,0.6208,0.9907,4.1134,0.5588,1.0370,0.9498
2026020003,2026-09-29,BOS,NYR,0.5398,0.4253,0.3457,0.1145,0.1144,0.2290,0.5712,0.5377,3.2248,3.0012,30.5284,29.0142,3.5213,3.1571,4.1113,4.2875,56.5450,53.7404,0.8264,0.9238,4.0420,0.4306,0.9771,1.0074
2026020004,2026-09-29,EDM,VAN,0.7014,0.6028,0.2009,0.0985,0.0978,0.1963,0.6580,0.6747,3.6639,2.4357,31.8538,24.2763,3.9916,2.5507,3.1504,3.3116,59.0000,44.9649,0.9114,0.7239,4.2343,0.6924,0.9254,1.1010
2026020005,2026-09-29,VGK,CHI,0.7232,0.6211,0.1850,0.1021,0.0917,0.1938,0.6788,0.7048,3.5804,2.3459,30.5479,22.4355,3.7997,2.3300,3.1368,3.6785,56.5811,41.5553,0.6998,0.6173,4.1675,0.7075,0.9345,1.1187
2026020006,2026-09-30,PHI,PIT,0.5171,0.4162,0.3566,0.1009,0.1263,0.2273,0.5440,0.4854,3.3838,2.9561,29.1818,29.4056,3.5641,3.0729,3.8372,4.0596,54.0507,54.4654,0.7818,0.7561,4.1088,0.3919,0.9573,1.0139
2026020007,2026-09-30,COL,LAK,0.6513,0.5260,0.2545,0.1253,0.0943,0.2196,0.6580,0.6661,3.3433,2.8467,31.3559,27.5125,3.6760,2.9907,3.6464,3.7351,58.0776,50.9590,0.8209,0.7757,4.0603,0.6283,0.9622,1.0303
2026020008,2026-09-30,TOR,NYI,0.4318,0.3172,0.4497,0.1146,0.1186,0.2332,0.5338,0.4358,2.7009,3.0792,24.0150,33.0827,2.8779,3.3219,2.9819,4.2933,44.4809,61.2762,0.5887,0.7544,3.8789,0.5756,1.0536,0.9965
2026020009,2026-10-01,NJD,PHI,0.6315,0.5196,0.2646,0.1119,0.1039,0.2158,0.5407,0.6537,3.4298,2.7434,33.6244,29.2676,3.7273,2.8412,4.0313,3.7825,62.2799,54.2100,0.8653,0.6504,4.0910,0.6988,0.9518,1.0467
2026020010,2026-10-01,NYR,TBL,0.4156,0.3129,0.4580,0.1026,0.1265,0.2291,0.4754,0.4096,2.9476,3.1666,31.9611,35.0127,3.2143,3.4276,4.8823,4.5755,59.1987,64.8504,0.8320,0.8424,3.9978,0.4759,1.0152,0.9847
2026020011,2026-10-01,CBJ,BUF,0.5141,0.4114,0.3597,0.1027,0.1262,0.2289,0.5003,0.5015,3.3255,2.9459,31.3370,29.1018,3.6212,3.0905,4.3403,4.2608,58.0431,53.9027,0.7503,0.8069,4.0755,0.5091,0.9644,1.0154
2026020012,2026-10-01,NSH,MIN,0.4484,0.3346,0.4409,0.1138,0.1107,0.2245,0.4864,0.4795,3.0144,3.3898,29.8354,32.4931,3.1411,3.6059,3.9221,4.1003,55.2615,60.1841,0.8404,0.8903,4.1279,0.4458,1.0055,0.9565
2026020013,2026-10-01,UTA,CHI,0.6990,0.5820,0.2099,0.1170,0.0911,0.2081,0.6479,0.7114,3.4079,2.5417,28.9281,24.5855,3.6572,2.6237,3.5905,4.1619,53.5810,45.5376,0.6878,0.7741,4.0481,0.7070,0.9544,1.0812
2026020014,2026-10-01,CGY,SEA,0.5133,0.3910,0.3716,0.1223,0.1152,0.2375,0.5613,0.5247,2.8746,2.9027,28.9406,29.2235,3.0616,3.0286,3.4656,3.6872,53.6042,54.1282,0.6388,0.6339,3.8534,0.5170,1.0261,1.0218
2026020015,2026-10-01,VAN,EDM,0.3539,0.2489,0.5359,0.1050,0.1102,0.2152,0.4374,0.3866,2.5725,3.4163,25.3696,32.1287,2.7188,3.5738,3.4799,3.2314,46.9899,59.5095,0.7196,0.9164,4.0596,0.3840,1.0757,0.9534
2026020016,2026-10-01,SJS,FLA,0.4152,0.3030,0.4793,0.1122,0.1055,0.2177,0.4674,0.4572,2.9893,3.6243,29.2256,32.4482,3.0806,3.6463,4.8041,4.2430,54.1321,60.1011,0.8207,1.1150,4.2529,0.3750,1.0091,0.9297
2026020017,2026-10-02,DET,NYR,0.5896,0.4804,0.2952,0.1091,0.1153,0.2244,0.5477,0.5870,3.3203,2.7091,30.9865,26.2179,3.5039,2.7767,4.3618,3.5449,57.3936,48.5612,0.9655,0.7662,4.0174,0.4384,0.9650,1.0523
2026020018,2026-10-02,CAR,WSH,0.6359,0.5175,0.2651,0.1184,0.0990,0.2174,0.6250,0.6462,3.4552,2.8990,32.8287,25.5920,3.9241,2.9113,3.7138,4.3993,60.8054,47.4019,0.7811,0.7577,4.1353,0.6677,0.9488,1.0224
2026020019,2026-10-02,WPG,BOS,0.5216,0.4022,0.3667,0.1195,0.1117,0.2311,0.5314,0.5454,3.0615,3.0495,29.0293,28.5167,3.2730,3.0992,4.0328,3.6788,53.7685,52.8190,0.7802,0.7711,3.9882,0.6365,0.9989,1.0006
2026020020,2026-10-02,DAL,STL,0.6007,0.4901,0.2872,0.1106,0.1120,0.2227,0.5962,0.5885,3.3592,2.7425,27.8467,26.5016,3.4984,2.8578,4.3040,4.3884,51.5779,49.0865,0.9211,0.6332,4.0474,0.6809,0.9603,1.0468
2026020021,2026-10-02,VGK,ANA,0.6041,0.5004,0.2821,0.1037,0.1138,0.2175,0.6185,0.5707,3.5501,2.7890,28.1688,26.8651,3.8619,2.8793,3.7068,4.0065,52.1743,49.7599,0.8526,0.7712,4.1742,0.6858,0.9379,1.0394
2026020022,2026-10-03,BUF,CHI,0.7013,0.5928,0.2040,0.1084,0.0947,0.2031,0.6881,0.6825,3.4908,2.4462,29.2315,24.7600,3.6934,2.5321,3.6952,3.8802,54.1431,45.8610,0.6764,0.6293,4.0998,0.7206,0.9447,1.0990
2026020023,2026-10-03,TOR,OTT,0.3677,0.2609,0.5206,0.1069,0.1117,0.2185,0.4852,0.3851,2.6209,3.3830,23.5251,32.4238,2.6378,3.6602,3.4219,4.1602,43.5738,60.0559,0.6251,0.9016,4.0436,0.5282,1.0672,0.9574
2026020024,2026-10-03,TBL,WSH,0.6359,0.5425,0.2510,0.0934,0.1132,0.2065,0.5857,0.5995,3.6571,2.5527,32.1489,27.8890,3.9906,2.7266,4.1462,4.4514,59.5461,51.6565,0.8708,0.6892,4.2298,0.6706,0.9262,1.0792
2026020025,2026-10-03,PHI,CAR,0.3995,0.3120,0.4555,0.0875,0.1450,0.2325,0.4436,0.3551,3.1670,3.0390,31.2961,35.5348,3.4064,3.2794,4.8459,3.8569,57.9673,65.8185,0.8105,0.7060,4.0286,0.2813,0.9846,1.0021
2026020026,2026-10-03,PIT,MTL,0.4810,0.3604,0.4137,0.1205,0.1053,0.2258,0.5192,0.5199,3.0745,3.4142,29.4301,27.9506,3.3924,3.4532,3.7756,3.8487,54.5102,51.7702,0.6823,0.8821,4.1565,0.5746,0.9971,0.9536
2026020027,2026-10-03,CBJ,UTA,0.5426,0.4368,0.3308,0.1058,0.1266,0.2324,0.5456,0.5180,3.1867,2.6776,29.4554,27.7570,3.4623,2.9037,4.3381,3.9661,54.5573,51.4117,0.8084,0.7261,3.9316,0.5201,0.9820,1.0575
2026020028,2026-10-03,EDM,SEA,0.6415,0.5288,0.2524,0.1127,0.1061,0.2188,0.6167,0.6342,3.3119,2.5503,31.0016,24.7889,3.5791,2.6049,3.1371,3.2609,57.4217,45.9145,0.8878,0.6476,3.9843,0.7102,0.9661,1.0797
2026020029,2026-10-03,NYI,NJD,0.4637,0.3450,0.4226,0.1187,0.1137,0.2324,0.5440,0.4780,2.8219,3.1253,28.6725,28.9550,2.9093,3.3116,3.7399,3.4585,53.1078,53.6309,0.5501,0.8197,3.9382,0.4703,1.0342,0.9902
2026020030,2026-10-03,NSH,DAL,0.4764,0.3672,0.4015,0.1092,0.1221,0.2313,0.4737,0.4886,3.0640,3.0566,30.3424,27.8377,3.3422,3.1699,4.6219,4.0188,56.2003,51.5611,0.8252,0.7254,3.9920,0.4207,0.9986,0.9996
2026020031,2026-10-03,MIN,BOS,0.6046,0.5031,0.2801,0.1015,0.1153,0.2168,0.5782,0.5803,3.5649,2.7509,31.9585,27.8015,3.8492,2.8104,4.1574,3.4264,59.1939,51.4944,0.9837,0.7040,4.1789,0.6387,0.9363,1.0455
2026020032,2026-10-03,COL,STL,0.6929,0.5814,0.2134,0.1114,0.0938,0.2052,0.6350,0.6985,3.5033,2.5638,32.1188,24.1450,3.8144,2.6437,3.8925,4.0587,59.4907,44.7218,0.8799,0.6359,4.1173,0.7144,0.9432,1.0772
2026020033,2026-10-03,VAN,CGY,0.4809,0.3645,0.3957,0.1164,0.1234,0.2398,0.4944,0.4952,2.7876,2.8329,27.4353,28.1284,2.9907,2.9657,3.6664,3.4573,50.8162,52.1000,0.6628,0.6399,3.7890,0.5861,1.0396,1.0325
2026020034,2026-10-03,SJS,LAK,0.4426,0.3292,0.4421,0.1134,0.1153,0.2287,0.5003,0.4614,2.8994,3.2413,31.5417,34.5662,3.1560,3.4126,4.6595,4.2515,58.4224,64.0246,0.8036,0.8943,4.0201,0.3527,1.0223,0.9750
2026020035,2026-10-04,DET,WPG,0.5454,0.4268,0.3377,0.1186,0.1169,0.2355,0.5453,0.5547,3.0093,2.7749,27.4187,26.1454,3.1111,2.7845,3.7534,3.3664,50.7853,48.4269,0.7917,0.7049,3.8650,0.4478,1.0063,1.0416
2026020036,2026-10-04,NYR,UTA,0.5323,0.4331,0.3352,0.0992,0.1325,0.2317,0.5310,0.4930,3.2549,2.6437,28.5619,29.1688,3.3539,2.8733,4.4300,4.0206,52.9024,54.0269,0.9888,0.6826,3.9646,0.6209,0.9732,1.0633
2026020037,2026-10-04,ANA,FLA,0.4470,0.3328,0.4449,0.1143,0.1080,0.2223,0.5106,0.4741,3.0544,3.4844,29.6974,26.2800,3.2570,3.6563,4.4679,3.9093,55.0059,48.6760,0.8426,1.0008,4.1875,0.3776,0.9999,0.9454
2026020038,2026-10-04,SEA,CGY,0.5469,0.4338,0.3289,0.1132,0.1241,0.2373,0.5391,0.5393,3.0110,2.6086,28.4529,27.8575,3.2787,2.7536,3.6730,3.3434,52.7010,51.5981,0.6195,0.6198,3.8150,0.5615,1.0060,1.0693
2026020039,2026-10-04,VAN,VGK,0.3052,0.2082,0.5896,0.0969,0.1052,0.2022,0.4141,0.3373,2.4142,3.5247,24.3224,30.7913,2.4919,3.7119,3.7583,3.3550,45.0504,57.0320,0.6468,0.8381,4.1270,0.4849,1.1052,0.9408
2026020040,2026-10-05,TBL,PHI,0.6271,0.5123,0.2676,0.1147,0.1053,0.2201,0.6142,0.6251,3.3494,2.7124,32.2724,30.1354,3.5798,2.9625,4.2582,4.5985,59.7753,55.8170,0.8019,0.7598,4.0357,0.7886,0.9614,1.0517
2026020041,2026-10-05,BOS,OTT,0.4695,0.3541,0.4157,0.1154,0.1147,0.2302,0.5298,0.4820,2.9754,3.1884,26.1028,30.8432,3.0766,3.4559,3.8098,4.2801,48.3481,57.1280,0.7240,0.9015,4.0171,0.4910,1.0111,0.9818
2026020042,2026-10-05,PIT,WPG,0.5845,0.4658,0.3068,0.1187,0.1088,0.2275,0.5629,0.6007,3.2095,2.8413,28.5478,26.4978,3.3492,2.8928,3.8652,3.3119,52.8763,49.0795,0.7621,0.6335,3.9864,0.4895,0.9791,1.0312
2026020043,2026-10-05,DAL,SJS,0.6608,0.5549,0.2359,0.1060,0.1033,0.2093,0.6661,0.6315,3.5418,2.6019,28.2586,26.8977,3.6233,2.7484,4.4055,4.4886,52.3409,49.8203,0.9678,0.6875,4.1479,0.7743,0.9389,1.0705
2026020044,2026-10-06,TOR,NSH,0.4796,0.3606,0.4048,0.1190,0.1157,0.2347,0.5411,0.4925,2.8257,3.0097,26.2904,30.5807,2.9865,3.2329,3.3334,4.0084,48.6957,56.6421,0.5809,0.8369,3.8829,0.5717,1.0336,1.0062
2026020045,2026-10-06,MTL,CAR,0.4345,0.3414,0.4283,0.0930,0.1372,0.2302,0.4808,0.3962,3.2688,3.0972,25.5488,32.8411,3.3624,3.4131,4.4298,3.4922,47.3219,60.8283,0.8651,0.7130,4.0937,0.3852,0.9715,0.9940
2026020046,2026-10-06,DET,OTT,0.4832,0.3739,0.3946,0.1093,0.1223,0.2316,0.5061,0.4836,3.0718,3.0229,27.4373,27.9575,3.1092,3.1356,4.1753,3.5055,50.8198,51.7832,0.8641,0.7794,3.9820,0.4997,0.9975,1.0043
2026020047,2026-10-06,NJD,UTA,0.5575,0.4521,0.3208,0.1054,0.1217,0.2271,0.5305,0.5454,3.3442,2.7960,30.9072,28.6445,3.5808,2.9076,4.1936,3.7916,57.2465,53.0556,0.9382,0.6313,4.0495,0.5846,0.9621,1.0382
2026020048,2026-10-06,NYR,NYI,0.5445,0.4288,0.3350,0.1157,0.1205,0.2362,0.5569,0.5395,2.9991,2.6878,25.6696,30.3146,3.1410,2.8110,3.6451,4.2180,47.5456,56.1493,0.7947,0.6755,3.8319,0.6438,1.0077,1.0558
2026020049,2026-10-06,BUF,MIN,0.5301,0.4051,0.3650,0.1250,0.1050,0.2299,0.5649,0.5600,3.0868,3.1872,29.2470,30.8956,3.1729,3.3648,4.0022,4.1317,54.1716,57.2255,0.7509,0.8737,4.0547,0.4765,0.9954,0.9820
2026020050,2026-10-06,CHI,STL,0.4197,0.3057,0.4641,0.1140,0.1162,0.2302,0.4523,0.4553,2.6627,3.1395,26.5415,27.5298,2.7779,3.1267,4.1547,3.7098,49.1608,50.9912,0.7249,0.6178,3.9022,0.4138,1.0600,0.9883
2026020051,2026-10-06,SEA,VGK,0.3821,0.2790,0.4947,0.1031,0.1232,0.2262,0.4581,0.3870,2.7071,3.1809,25.3179,30.1278,2.7294,3.3011,3.8062,3.3316,46.8943,55.8031,0.6277,0.8079,3.9367,0.4618,1.0526,0.9828
2026020052,2026-10-06,LAK,FLA,0.4777,0.3664,0.4046,0.1113,0.1177,0.2291,0.5174,0.4839,3.1133,3.1825,32.8879,31.3408,3.3671,3.3757,4.3102,4.1433,60.9156,58.0502,0.7742,0.9859,4.0623,0.5646,0.9918,0.9826
2026020053,2026-10-07,WSH,PIT,0.5534,0.4439,0.3314,0.1095,0.1152,0.2247,0.5733,0.5422,3.3775,2.9920,28.6770,29.0740,3.4761,3.2454,3.9760,3.9795,53.1155,53.8509,0.7568,0.7483,4.1147,0.5312,0.9580,1.0087
2026020054,2026-10-07,WPG,COL,0.3780,0.2851,0.4850,0.0929,0.1370,0.2299,0.4494,0.3511,2.9272,3.1114,25.8507,30.1728,2.9865,3.2209,3.9506,3.5546,47.8810,55.8865,0.7633,0.7681,3.9651,0.4818,1.0182,0.9921
2026020055,2026-10-07,ANA,EDM,0.4604,0.3424,0.4322,0.1180,0.1074,0.2254,0.5038,0.4974,2.9831,3.3860,28.1915,28.8063,3.2700,3.5673,3.8164,3.5317,52.2165,53.3554,0.8261,0.9760,4.1178,0.2932,1.0100,0.9570
2026020056,2026-10-08,BOS,UTA,0.5158,0.4077,0.3614,0.1081,0.1228,0.2309,0.5522,0.4976,3.2043,2.9339,28.0078,30.0037,3.4314,3.1971,4.1397,4.2898,51.8761,55.5731,0.8531,0.7950,4.0110,0.5129,0.9797,1.0172
2026020057,2026-10-08,BUF,DAL,0.5199,0.3960,0.3733,0.1239,0.1068,0.2307,0.5523,0.5499,3.0497,3.1719,29.4788,28.5181,3.3379,3.2758,4.7378,4.5163,54.6008,52.8216,0.7186,0.8483,4.0348,0.4511,1.0006,0.9840
2026020058,2026-10-08,MTL,NSH,0.6032,0.4930,0.2851,0.1102,0.1116,0.2218,0.6092,0.5860,3.3827,2.7490,27.8514,27.4922,3.5958,2.9254,3.9523,3.4635,51.5869,50.9214,0.8162,0.7185,4.0629,0.5546,0.9574,1.0458
2026020059,2026-10-08,OTT,PHI,0.5973,0.4837,0.2907,0.1136,0.1120,0.2256,0.5823,0.5942,3.2737,2.7175,29.8527,26.5972,3.5055,2.7832,4.0862,4.1151,55.2938,49.2639,0.8275,0.7684,3.9914,0.6797,0.9708,1.0509
2026020060,2026-10-08,TBL,MIN,0.5739,0.4572,0.3166,0.1168,0.1095,0.2262,0.5751,0.5817,3.2711,2.9340,32.4234,31.7126,3.4335,3.2151,4.0585,4.4189,60.0544,58.7383,0.8131,0.8429,4.0442,0.6129,0.9712,1.0172
2026020061,2026-10-08,CAR,VAN,0.7762,0.6780,0.1475,0.0983,0.0763,0.1745,0.7308,0.7645,3.7746,2.3462,32.3284,22.6270,4.1390,2.3774,3.2839,3.5621,59.8789,41.9102,0.7597,0.6210,4.3308,0.7315,0.9138,1.1187
2026020062,2026-10-08,NYI,CHI,0.6260,0.5132,0.2623,0.1128,0.1117,0.2245,0.6237,0.6068,3.2008,2.4650,29.8861,23.8463,3.3595,2.5852,3.5766,3.4839,55.3556,44.1684,0.5830,0.6413,3.8975,0.6828,0.9802,1.0954
2026020063,2026-10-08,STL,SJS,0.5825,0.4662,0.3053,0.1164,0.1122,0.2285,0.6230,0.5678,3.1957,2.7657,28.2641,28.3496,3.3029,2.8699,4.3784,4.3586,52.3512,52.5096,0.7525,0.7895,3.9586,0.6407,0.9809,1.0431
2026020064,2026-10-08,CGY,COL,0.3481,0.2516,0.5306,0.0964,0.1213,0.2178,0.4203,0.3562,2.7008,3.3219,26.5737,32.3761,2.8449,3.5302,4.1222,3.5791,49.2205,59.9673,0.7005,0.7133,4.0183,0.3094,1.0537,0.9648
2026020065,2026-10-08,VGK,TOR,0.6808,0.5733,0.2193,0.1076,0.0998,0.2074,0.6250,0.6743,3.4726,2.4782,32.6043,22.6977,3.8647,2.4192,3.7473,3.2258,60.3899,42.0412,0.8265,0.5913,4.0884,0.5316,0.9468,1.0929
2026020066,2026-10-09,DET,SEA,0.6018,0.4922,0.2828,0.1097,0.1153,0.2250,0.5854,0.5863,3.2610,2.5840,28.9157,25.4549,3.4536,2.6026,3.5846,3.1437,53.5581,47.1479,0.8491,0.6000,3.9570,0.6000,0.9725,1.0737
2026020067,2026-10-09,WSH,NYR,0.5407,0.4193,0.3472,0.1214,0.1121,0.2335,0.5882,0.5460,3.0244,2.9142,29.9518,28.1865,3.2200,3.0923,4.4161,3.9707,55.4770,52.2073,0.7768,0.8277,3.9208,0.4726,1.0041,1.0201
2026020068,2026-10-09,CBJ,PIT,0.5885,0.4856,0.2943,0.1029,0.1173,0.2201,0.5495,0.5732,3.5031,2.7847,31.2026,28.9259,3.8067,2.9805,3.9260,4.1057,57.7934,53.5767,0.7189,0.7559,4.1436,0.4948,0.9433,1.0400
2026020069,2026-10-09,WPG,ANA,0.5258,0.4204,0.3489,0.1053,0.1253,0.2307,0.5688,0.4933,3.2476,2.8458,25.6078,28.7480,3.4091,2.9757,3.7625,3.8234,47.4310,53.2475,0.7642,0.7807,4.0077,0.7449,0.9742,1.0305
2026020070,2026-10-10,BOS,PHI,0.5537,0.4400,0.3310,0.1137,0.1153,0.2290,0.5623,0.5524,3.2068,2.8762,29.3686,29.7372,3.3988,3.1323,4.0198,4.2401,54.3969,55.0797,0.7937,0.8085,3.9949,0.6323,0.9794,1.0258
2026020071,2026-10-10,NJD,VAN,0.7168,0.6235,0.1877,0.0933,0.0955,0.1888,0.6300,0.6964,3.7545,2.3798,31.7048,25.4072,4.0826,2.3902,3.4515,3.2336,58.7240,47.0598,0.8498,0.5738,4.3111,0.6389,0.9159,1.1119
2026020072,2026-10-10,SJS,EDM,0.4016,0.2942,0.4822,0.1075,0.1162,0.2236,0.4606,0.4228,2.8200,3.3222,26.8229,32.6899,3.0012,3.4159,4.0620,3.7397,49.6818,60.5491,0.7700,1.0369,4.0435,0.2903,1.0345,0.9648
2026020073,2026-10-10,FLA,MIN,0.5419,0.4188,0.3528,0.1230,0.1053,0.2284,0.5239,0.5836,3.1640,3.1618,28.5556,31.2468,3.2747,3.2805,3.6454,4.3991,52.8910,57.8757,0.8718,0.9370,4.0732,0.4815,0.9850,0.9853
2026020074,2026-10-10,BUF,UTA,0.5540,0.4363,0.3332,0.1176,0.1128,0.2304,0.5946,0.5505,3.1695,2.9219,28.3537,29.1863,3.3841,3.1297,4.4740,4.2439,52.5168,54.0592,0.8263,0.7345,3.9904,0.5517,0.9843,1.0190
2026020075,2026-10-10,MTL,DET,0.6076,0.5016,0.2796,0.1060,0.1128,0.2188,0.5980,0.5866,3.4791,2.7436,26.2654,27.6962,3.5592,2.9306,3.6946,3.4443,48.6490,51.2993,0.9444,0.7205,4.1222,0.5530,0.9460,1.0466
2026020076,2026-10-10,OTT,NSH,0.6190,0.5098,0.2703,0.1092,0.1108,0.2200,0.6048,0.6036,3.3842,2.6519,30.5200,25.5138,3.7334,2.6783,3.9440,3.8490,56.5294,47.2571,0.7580,0.7539,4.0472,0.5830,0.9572,1.0619
2026020077,2026-10-10,PIT,DAL,0.4477,0.3213,0.4570,0.1263,0.0954,0.2217,0.5032,0.5165,2.8429,3.6037,29.6203,29.8288,3.1750,3.6623,4.4824,4.2102,54.8627,55.2485,0.6552,0.9115,4.2179,0.4646,1.0309,0.9320
2026020078,2026-10-10,CHI,CAR,0.2784,0.1963,0.6001,0.0822,0.1215,0.2037,0.3558,0.2815,2.6372,3.4956,24.4594,32.9726,2.7180,3.6068,4.4779,3.3626,45.3044,61.0725,0.6851,0.7097,4.1213,0.2368,1.0644,0.9441
2026020079,2026-10-10,STL,CBJ,0.4997,0.3839,0.3808,0.1158,0.1196,0.2354,0.5511,0.4982,2.9225,2.8941,28.1476,30.9330,3.1308,3.1301,4.2733,4.0852,52.1357,57.2948,0.6970,0.7268,3.8694,0.5117,1.0189,1.0231
2026020080,2026-10-10,COL,TOR,0.7235,0.6184,0.1878,0.1051,0.0887,0.1938,0.6702,0.7180,3.6363,2.4799,34.7908,22.6980,4.1225,2.5210,3.8721,3.3115,64.4397,42.0415,0.8381,0.6407,4.2124,0.6688,0.9284,1.0926
2026020081,2026-10-10,NYI,TBL,0.4178,0.3061,0.4646,0.1117,0.1176,0.2294,0.4686,0.4420,2.7344,3.1741,30.0244,28.7661,2.9484,3.3365,4.6043,3.7766,55.6118,53.2808,0.6503,0.8014,3.9397,0.3691,1.0481,0.9837
2026020082,2026-10-10,CGY,ANA,0.4775,0.3704,0.3986,0.1071,0.1239,0.2310,0.5396,0.4601,3.0621,2.9958,26.0336,30.6073,3.2664,3.2297,3.8483,3.8394,48.2197,56.6912,0.7052,0.7286,3.9676,0.5862,0.9988,1.0082
2026020083,2026-10-10,VGK,LAK,0.5903,0.4660,0.3033,0.1243,0.1064,0.2307,0.6121,0.6002,3.1002,2.8005,30.1521,28.5568,3.3588,2.9070,3.5593,3.8347,55.8482,52.8933,0.7705,0.7192,3.9182,0.4984,0.9936,1.0375
2026020084,2026-10-11,WSH,SEA,0.6210,0.5062,0.2717,0.1147,0.1074,0.2221,0.6248,0.6115,3.2855,2.6596,28.2665,26.4219,3.4232,2.7907,3.7873,3.3806,52.3556,48.9393,0.8111,0.6140,3.9865,0.6304,0.9694,1.0606
2026020085,2026-10-11,NYR,VAN,0.6790,0.5817,0.2134,0.0973,0.1076,0.2049,0.6304,0.6414,3.4842,2.2607,28.6528,26.4476,3.7085,2.4411,3.6522,3.5937,53.0712,48.9869,0.8759,0.6347,4.0895,0.6742,0.9454,1.1365
2026020086,2026-10-11,PHI,CAR,0.3798,0.2900,0.4805,0.0898,0.1397,0.2295,0.4436,0.3462,3.0432,3.1387,29.6604,35.8550,3.2484,3.3602,4.5268,3.8297,54.9377,66.4115,0.7535,0.7447,4.0181,0.2813,1.0015,0.9884
2026020087,2026-10-12,BUF,FLA,0.5259,0.4064,0.3652,0.1195,0.1089,0.2284,0.5907,0.5321,3.1694,3.1709,29.0128,28.3397,3.3110,3.2939,4.6045,3.9782,53.7379,52.4915,0.7939,0.8884,4.0789,0.5365,0.9843,0.9841
2026020088,2026-10-12,NJD,OTT,0.5138,0.3997,0.3696,0.1140,0.1166,0.2307,0.5080,0.5299,3.1391,3.0390,29.7962,29.8695,3.3056,3.1358,3.9703,3.7894,55.1891,55.3246,0.8089,0.7151,4.0165,0.5640,0.9883,1.0021
2026020089,2026-10-12,MIN,VGK,0.5085,0.4022,0.3660,0.1064,0.1254,0.2318,0.5460,0.4859,3.1965,2.9128,27.9420,29.6758,3.3003,2.9404,3.9595,3.4341,51.7544,54.9658,0.8300,0.7778,4.0006,0.6134,0.9808,1.0203
2026020090,2026-10-13,DET,NJD,0.5125,0.4031,0.3659,0.1095,0.1216,0.2311,0.5482,0.4996,3.1736,2.9568,28.4791,28.6896,3.2373,3.0837,3.7399,3.3350,52.7496,53.1393,0.7613,0.7733,4.0035,0.4760,0.9838,1.0138
2026020091,2026-10-13,CBJ,FLA,0.5412,0.4376,0.3352,0.1036,0.1236,0.2271,0.5416,0.5189,3.3316,2.8316,30.6954,26.9618,3.5321,2.9848,4.5004,3.6663,56.8543,49.9391,0.8221,0.8406,4.0502,0.5051,0.9636,1.0327
2026020092,2026-10-13,MTL,BUF,0.5550,0.4572,0.3199,0.0978,0.1251,0.2229,0.5321,0.5250,3.5062,2.8148,28.5652,28.1768,3.6793,3.0299,4.3421,3.6366,52.9090,52.1894,0.9300,0.6424,4.1503,0.5228,0.9429,1.0353
2026020093,2026-10-13,CAR,WSH,0.6493,0.5217,0.2578,0.1277,0.0929,0.2205,0.6250,0.6808,3.3244,2.8904,32.0052,26.0100,3.7732,2.9121,3.5787,4.5000,59.2803,48.1761,0.7240,0.7667,4.0604,0.6677,0.9645,1.0237
2026020094,2026-10-13,PHI,SEA,0.5920,0.4791,0.2917,0.1129,0.1163,0.2292,0.5966,0.5755,3.1782,2.5956,28.4210,26.5546,3.4082,2.6193,3.6897,3.5958,52.6419,49.1853,0.8089,0.6305,3.9081,0.4989,0.9832,1.0716
2026020095,2026-10-13,NYR,TBL,0.4324,0.3223,0.4473,0.1101,0.1203,0.2304,0.4754,0.4477,2.8601,3.1569,31.5759,35.6825,3.1450,3.4495,4.8280,4.6762,58.4849,66.0909,0.7899,0.8383,3.9657,0.4759,1.0283,0.9860
2026020096,2026-10-13,OTT,STL,0.5828,0.4681,0.3042,0.1147,0.1129,0.2277,0.5761,0.5821,3.2074,2.7429,30.0428,26.0327,3.4671,2.7386,3.9896,4.2566,55.6457,48.2183,0.8145,0.6678,3.9593,0.6094,0.9793,1.0467
2026020097,2026-10-13,NYI,VAN,0.6414,0.5292,0.2504,0.1122,0.1082,0.2204,0.6241,0.6271,3.2622,2.4667,29.9733,24.3533,3.5216,2.5742,3.6395,3.2048,55.5170,45.1075,0.6521,0.6620,3.9387,0.5697,0.9723,1.0951
2026020098,2026-10-13,CHI,PIT,0.4010,0.2971,0.4771,0.1039,0.1219,0.2258,0.4525,0.4111,2.8822,3.2683,25.9309,29.4328,2.9860,3.3127,3.8179,3.6346,48.0297,54.5160,0.6735,0.6979,4.0294,0.3382,1.0249,0.9715
2026020099,2026-10-13,WPG,MIN,0.4968,0.3865,0.3801,0.1103,0.1231,0.2334,0.5030,0.4990,3.0609,2.9328,28.7426,28.8917,3.0390,3.0272,3.6941,3.5546,53.2375,53.5139,0.7927,0.7817,3.9438,0.5403,0.9990,1.0173
2026020100,2026-10-13,DAL,COL,0.4648,0.3664,0.4037,0.0984,0.1315,0.2299,0.5093,0.4334,3.2752,3.0654,25.9250,30.8145,3.3861,3.3146,4.5419,4.1268,48.0185,57.0748,0.9258,0.7718,4.0861,0.5045,0.9706,0.9984
2026020101,2026-10-13,NSH,VGK,0.4554,0.3505,0.4177,0.1049,0.1269,0.2318,0.4822,0.4505,3.0269,3.0279,27.4221,30.0387,3.1163,3.1734,4.1610,3.3916,50.7916,55.6379,0.8186,0.6669,3.9657,0.5203,1.0038,1.0036
2026020102,2026-10-13,UTA,TOR,0.6309,0.5148,0.2634,0.1160,0.1057,0.2218,0.5919,0.6376,3.2807,2.6341,30.8086,24.3207,3.6453,2.6544,4.0840,3.5368,57.0641,45.0473,0.7829,0.7236,3.9786,0.5321,0.9700,1.0649
2026020103,2026-10-13,ANA,CGY,0.6034,0.4887,0.2884,0.1146,0.1083,0.2229,0.5608,0.6156,3.3087,2.7784,31.3097,25.4127,3.6393,2.9261,3.9958,3.7843,57.9921,47.0697,0.7670,0.6801,4.0251,0.4935,0.9665,1.0410
2026020104,2026-10-13,LAK,EDM,0.4908,0.3781,0.3883,0.1127,0.1209,0.2336,0.5106,0.4976,3.0117,2.9782,29.6474,32.3148,3.3029,3.1675,3.6103,3.5375,54.9133,59.8544,0.7682,0.9062,3.9398,0.4840,1.0059,1.0107
2026020105,2026-10-13,SJS,BOS,0.4345,0.3208,0.4561,0.1137,0.1094,0.2231,0.4693,0.4736,2.9621,3.4407,30.0907,30.7929,3.2720,3.4455,4.7141,4.1879,55.7346,57.0352,0.8196,0.9594,4.1422,0.4149,1.0130,0.9505
2026020106,2026-10-14,WSH,MTL,0.4969,0.3773,0.3926,0.1196,0.1105,0.2300,0.5426,0.5184,3.0248,3.1823,27.7928,26.8349,3.2405,3.3579,3.6557,3.7970,51.4783,49.7042,0.6940,0.8900,4.0308,0.5630,1.0041,0.9826
2026020107,2026-10-14,COL,DAL,0.6026,0.4766,0.2981,0.1261,0.0993,0.2253,0.5904,0.6343,3.2797,3.0275,31.6736,25.7199,3.6540,3.0918,4.0530,4.2222,58.6662,47.6389,0.7571,0.8760,4.0762,0.5772,0.9701,1.0037
2026020108,2026-10-15,TOR,BUF,0.4013,0.2952,0.4771,0.1061,0.1216,0.2277,0.4625,0.4122,2.7882,3.2040,25.9935,31.3629,2.9025,3.4097,3.5596,4.3242,48.1459,58.0909,0.6289,0.8086,3.9701,0.5399,1.0395,0.9798
2026020109,2026-10-15,OTT,NYI,0.6168,0.5056,0.2715,0.1112,0.1118,0.2229,0.5977,0.6047,3.2943,2.5914,27.5475,26.5989,3.5948,2.5891,3.5990,3.9985,51.0237,49.2671,0.8016,0.6349,3.9795,0.5866,0.9683,1.0724
2026020110,2026-10-15,DET,PHI,0.5391,0.4239,0.3431,0.1152,0.1178,0.2330,0.5387,0.5443,3.0809,2.8262,28.4500,26.9737,3.2067,2.9486,4.0561,3.6900,52.6959,49.9611,0.8363,0.7769,3.9167,0.6422,0.9962,1.0335
2026020111,2026-10-15,TBL,SEA,0.6884,0.5853,0.2119,0.1031,0.0997,0.2029,0.6582,0.6643,3.5428,2.4398,30.2600,25.8333,3.7569,2.5376,3.6945,3.8562,56.0480,47.8490,0.8426,0.6141,4.1390,0.7511,0.9387,1.1002
2026020112,2026-10-15,FLA,VAN,0.7167,0.6210,0.1897,0.0958,0.0935,0.1893,0.6519,0.6965,3.7707,2.4532,28.8971,25.8799,4.0189,2.4956,3.4539,3.8462,53.5236,47.9352,0.9118,0.7115,4.3209,0.6088,0.9142,1.0977
2026020113,2026-10-15,NJD,NYR,0.5790,0.4649,0.3070,0.1141,0.1140,0.2281,0.5497,0.5849,3.2341,2.7705,33.5231,27.9986,3.5701,2.7755,4.1005,3.8425,62.0919,51.8595,0.8328,0.7170,3.9810,0.5032,0.9759,1.0423
2026020114,2026-10-15,CHI,WPG,0.4268,0.3081,0.4589,0.1187,0.1143,0.2330,0.4653,0.4684,2.5792,3.0946,25.2644,28.5926,2.6671,3.0950,3.8338,3.4104,46.7952,52.9600,0.6479,0.6710,3.8560,0.3033,1.0745,0.9944
2026020115,2026-10-15,NSH,SJS,0.5806,0.4643,0.3073,0.1163,0.1121,0.2284,0.5948,0.5765,3.1935,2.7764,28.5016,27.9288,3.3121,2.9226,4.0000,4.0440,52.7911,51.7301,0.8771,0.6644,3.9603,0.6699,0.9811,1.0414
2026020116,2026-10-15,MIN,STL,0.6022,0.4942,0.2831,0.1080,0.1147,0.2227,0.5838,0.5859,3.3540,2.6580,30.7967,26.8314,3.5784,2.6632,4.0639,3.9262,57.0422,49.6976,0.9324,0.6543,4.0289,0.6570,0.9609,1.0608
2026020117,2026-10-15,EDM,UTA,0.5450,0.4346,0.3338,0.1104,0.1212,0.2316,0.5609,0.5300,3.1764,2.7815,29.4775,26.1576,3.3819,2.9511,3.6870,3.6565,54.5986,48.4493,0.9634,0.7550,3.9524,0.6389,0.9834,1.0405
2026020118,2026-10-15,VGK,CGY,0.6927,0.5874,0.2085,0.1053,0.0988,0.2041,0.6286,0.6834,3.4604,2.3739,30.6181,24.1503,3.7084,2.3698,3.5083,3.6505,56.7111,44.7316,0.7327,0.5807,4.0732,0.6386,0.9482,1.1131
2026020119,2026-10-16,COL,PIT,0.6452,0.5377,0.2529,0.1075,0.1019,0.2094,0.6352,0.6326,3.6609,2.8531,30.8366,25.9585,3.9118,2.9746,3.4688,4.1099,57.1156,48.0806,0.7692,0.7808,4.2542,0.6533,0.9257,1.0293
2026020120,2026-10-16,ANA,BOS,0.5036,0.3822,0.3923,0.1213,0.1041,0.2254,0.5126,0.5486,3.1240,3.3535,30.4216,26.3556,3.4513,3.5324,4.2587,3.8683,56.3474,48.8160,0.8547,0.8562,4.1415,0.4174,0.9904,0.9609
2026020121,2026-10-17,WSH,NJD,0.5025,0.3798,0.3901,0.1226,0.1075,0.2301,0.5887,0.5161,3.0037,3.2074,27.9345,31.6160,3.0680,3.4925,3.9076,3.7346,51.7407,58.5595,0.6583,0.8352,4.0352,0.5097,1.0071,0.9793
2026020122,2026-10-17,WPG,CAR,0.3633,0.2767,0.4921,0.0867,0.1446,0.2312,0.4371,0.3216,2.9776,3.0721,26.2741,31.3624,3.0345,3.1877,4.2280,3.5689,48.6656,58.0899,0.7314,0.7344,3.9653,0.4707,1.0108,0.9975
2026020123,2026-10-17,TBL,VAN,0.7420,0.6524,0.1678,0.0896,0.0902,0.1797,0.6973,0.7031,3.7936,2.2718,30.5020,24.8738,4.0390,2.3940,3.6322,3.7659,56.4961,46.0717,0.8204,0.6454,4.3543,0.7353,0.9118,1.1341
2026020124,2026-10-17,FLA,SEA,0.6606,0.5526,0.2377,0.1080,0.1017,0.2097,0.6102,0.6573,3.5312,2.6407,28.8289,26.9210,3.7479,2.6543,3.5604,3.9225,53.3973,49.8637,0.9440,0.6714,4.1440,0.6291,0.9401,1.0638
2026020125,2026-10-17,TOR,NYI,0.4776,0.3568,0.4053,0.1208,0.1171,0.2379,0.5338,0.4937,2.7437,2.9425,23.6288,32.2493,2.8773,3.1517,2.9998,4.2123,43.7657,59.7327,0.6052,0.7107,3.8226,0.5756,1.0466,1.0159
2026020126,2026-10-17,MTL,BUF,0.5293,0.4239,0.3485,0.1054,0.1222,0.2276,0.5321,0.5153,3.3478,2.9621,27.6382,28.8370,3.5093,3.1652,4.2573,3.8307,51.1921,53.4120,0.8759,0.7043,4.0914,0.5228,0.9616,1.0131
2026020127,2026-10-17,DET,SJS,0.6041,0.4943,0.2835,0.1097,0.1124,0.2221,0.6060,0.5862,3.3605,2.7068,29.0511,25.7376,3.4752,2.7689,4.1792,3.7166,53.8088,47.6715,0.9737,0.7143,4.0415,0.6730,0.9601,1.0527
2026020128,2026-10-17,PHI,OTT,0.4518,0.3373,0.4304,0.1145,0.1177,0.2323,0.5176,0.4628,2.8483,3.1175,28.0827,31.0506,3.0454,3.2896,4.2646,4.1739,52.0154,57.5126,0.7524,0.8360,3.9424,0.3968,1.0301,0.9912
2026020129,2026-10-17,CBJ,NYR,0.5786,0.4603,0.3084,0.1182,0.1131,0.2313,0.5646,0.5864,3.1150,2.7212,32.7094,28.0102,3.5333,2.8338,4.4248,4.0809,60.5847,51.8810,0.7411,0.8254,3.9029,0.4359,0.9916,1.0503
2026020130,2026-10-17,CHI,DAL,0.3527,0.2482,0.5363,0.1044,0.1110,0.2154,0.4062,0.3942,2.5807,3.4129,25.9544,27.9090,2.7530,3.3804,4.5674,3.7983,48.0733,51.6937,0.6801,0.7931,4.0583,0.2756,1.0743,0.9538
2026020131,2026-10-17,NSH,STL,0.5265,0.4127,0.3527,0.1138,0.1208,0.2346,0.5207,0.5318,3.0423,2.8092,28.8530,27.2526,3.2067,2.9429,4.1273,4.0291,53.4420,50.4777,0.8563,0.5953,3.8924,0.5679,1.0016,1.0362
2026020132,2026-10-17,LAK,BOS,0.5628,0.4535,0.3201,0.1093,0.1171,0.2264,0.5194,0.5679,3.3406,2.8703,33.8976,29.8050,3.6740,3.0566,4.1018,3.7479,62.7859,55.2055,0.8327,0.7530,4.0643,0.6051,0.9625,1.0267
2026020133,2026-10-17,UTA,EDM,0.5110,0.3869,0.3791,0.1241,0.1099,0.2340,0.5395,0.5411,2.9279,3.0628,26.7421,29.8726,3.2023,3.1943,3.7624,3.7163,49.5318,55.3304,0.7497,0.9866,3.9431,0.4405,1.0181,0.9987
2026020134,2026-10-17,VGK,PIT,0.6246,0.5231,0.2633,0.1015,0.1121,0.2136,0.5881,0.6021,3.5802,2.6856,29.7202,25.6124,3.7708,2.7452,3.3926,3.8971,55.0477,47.4396,0.7843,0.6679,4.1822,0.5157,0.9346,1.0562
2026020135,2026-10-18,MIN,CBJ,0.5841,0.4775,0.2990,0.1066,0.1169,0.2235,0.5847,0.5618,3.3763,2.7426,31.7111,30.1450,3.6503,2.9150,4.0553,3.7132,58.7358,55.8351,0.9527,0.6715,4.0578,0.6348,0.9582,1.0468
2026020136,2026-10-18,CGY,CAR,0.3296,0.2404,0.5399,0.0892,0.1305,0.2198,0.4082,0.3180,2.7258,3.2443,26.5263,32.4731,2.8348,3.4362,4.2423,3.5609,49.1327,60.1472,0.6433,0.6831,3.9774,0.3011,1.0495,0.9746
2026020137,2026-10-19,NYR,ANA,0.5374,0.4322,0.3380,0.1052,0.1246,0.2298,0.5664,0.5067,3.2683,2.8035,25.1724,30.2466,3.4270,3.0630,4.0360,4.1918,46.6246,56.0231,0.8841,0.8110,4.0082,0.7573,0.9715,1.0371
2026020138,2026-10-19,PHI,COL,0.3914,0.2964,0.4731,0.0950,0.1355,0.2305,0.4560,0.3677,2.9549,3.1053,27.1354,31.2901,3.1510,3.2708,4.3200,3.7547,50.2605,57.9559,0.8262,0.7771,3.9718,0.2892,1.0141,0.9929
2026020139,2026-10-19,TOR,SJS,0.5318,0.4110,0.3549,0.1208,0.1133,0.2341,0.5859,0.5350,3.0061,2.9282,26.4850,30.6453,3.0732,3.1727,3.5638,4.4708,49.0562,56.7616,0.7364,0.8005,3.9181,0.7022,1.0067,1.0180
2026020140,2026-10-19,UTA,PIT,0.5559,0.4443,0.3278,0.1116,0.1163,0.2279,0.5541,0.5530,3.2844,2.8996,28.9994,28.0942,3.5335,3.0539,3.8287,4.2537,53.7127,52.0361,0.7131,0.8003,4.0416,0.5162,0.9695,1.0223
2026020141,2026-10-20,MTL,SJS,0.6824,0.5878,0.2153,0.0946,0.1023,0.1969,0.6516,0.6446,3.7741,2.5431,28.4092,26.5764,3.9012,2.7392,4.2671,3.6075,52.6199,49.2251,1.1120,0.6205,4.3210,0.6850,0.9138,1.0810
2026020142,2026-10-20,NJD,COL,0.4816,0.3879,0.3840,0.0937,0.1344,0.2281,0.4465,0.4609,3.4014,2.9837,30.8353,30.7913,3.6485,3.0834,4.2218,3.3535,57.1137,57.0320,0.9407,0.6312,4.1251,0.4508,0.9552,1.0099
2026020143,2026-10-20,NYI,ANA,0.5525,0.4507,0.3236,0.1018,0.1239,0.2257,0.5597,0.5203,3.3837,2.7854,27.9090,27.0870,3.6027,2.9914,4.1320,3.4751,51.6934,50.1709,0.7576,0.7341,4.0705,0.6602,0.9573,1.0399
2026020144,2026-10-20,WSH,LAK,0.5442,0.4212,0.3446,0.1230,0.1111,0.2341,0.5975,0.5498,3.0073,2.9097,27.7370,29.8332,3.1235,3.1801,3.9510,3.4466,51.3750,55.2577,0.7655,0.7006,3.9116,0.5131,1.0065,1.0208
2026020145,2026-10-20,CBJ,TOR,0.6577,0.5601,0.2307,0.0976,0.1116,0.2092,0.5874,0.6296,3.4916,2.3537,32.6034,23.8742,3.9667,2.4279,4.1478,3.1615,60.3886,44.2201,0.7967,0.5956,4.0967,0.5110,0.9446,1.1172
2026020146,2026-10-20,STL,WPG,0.5257,0.3997,0.3618,0.1260,0.1126,0.2386,0.5631,0.5457,2.8328,2.8642,25.8997,28.0990,2.9446,2.8954,3.9036,3.9191,47.9719,52.0456,0.6150,0.7929,3.8204,0.4208,1.0325,1.0276
2026020147,2026-10-20,DAL,BOS,0.5795,0.4661,0.3087,0.1133,0.1118,0.2252,0.5906,0.5733,3.3312,2.8823,28.4958,28.1205,3.5800,3.0874,4.4070,4.2120,52.7801,52.0850,0.8834,0.7454,4.0621,0.6631,0.9637,1.0249
2026020148,2026-10-20,EDM,MIN,0.5259,0.4069,0.3627,0.1189,0.1115,0.2304,0.5307,0.5493,3.1120,3.0716,31.5234,28.7566,3.2369,3.2510,3.3673,3.7372,58.3882,53.2632,0.8773,0.9290,4.0173,0.5656,0.9920,0.9975
2026020149,2026-10-20,SEA,DET,0.4505,0.3320,0.4390,0.1185,0.1105,0.2290,0.5145,0.4797,2.8246,3.2470,26.5425,30.0540,2.9209,3.3207,3.3367,3.6614,49.1627,55.6666,0.6359,0.9098,4.0029,0.4794,1.0338,0.9742
2026020150,2026-10-20,VAN,CAR,0.2705,0.1892,0.6140,0.0813,0.1155,0.1968,0.3554,0.2785,2.6529,3.6302,25.8747,33.6292,2.7379,3.8174,4.1614,3.4085,47.9258,62.2886,0.7104,0.7935,4.2171,0.3406,1.0617,0.9291
2026020151,2026-10-20,VGK,TBL,0.5118,0.3880,0.3814,0.1239,0.1067,0.2306,0.5293,0.5507,2.9880,3.1599,30.6237,29.4002,3.2685,3.1799,4.0420,4.2018,56.7213,54.4553,0.7418,0.8050,4.0081,0.3915,1.0093,0.9856
2026020152,2026-10-21,BUF,PHI,0.6018,0.4724,0.2982,0.1294,0.1000,0.2294,0.6044,0.6317,3.1306,2.9130,29.3302,29.4461,3.3253,3.0864,4.1854,4.2809,54.3260,54.5407,0.7274,0.7883,3.9689,0.6714,0.9895,1.0203
2026020153,2026-10-21,OTT,FLA,0.5364,0.4273,0.3458,0.1091,0.1178,0.2270,0.5685,0.5217,3.3252,3.0054,30.4474,26.7155,3.5404,3.0954,4.4413,4.0269,56.3949,49.4828,0.8676,0.9070,4.0918,0.5471,0.9644,1.0068
2026020154,2026-10-22,BOS,NSH,0.5431,0.4323,0.3381,0.1108,0.1187,0.2296,0.5850,0.5235,3.2219,2.8736,28.5617,28.5455,3.4908,3.0581,3.6543,4.0248,52.9025,52.8724,0.6806,0.8402,4.0019,0.5336,0.9775,1.0262
2026020155,2026-10-22,TOR,NYR,0.4544,0.3368,0.4285,0.1176,0.1171,0.2347,0.5270,0.4679,2.7328,3.0299,26.7242,30.2304,2.8700,3.1938,3.6064,4.1680,49.4991,55.9933,0.6595,0.8817,3.8624,0.4652,1.0484,1.0033
2026020156,2026-10-22,OTT,SJS,0.6444,0.5309,0.2535,0.1135,0.1021,0.2157,0.6474,0.6345,3.4388,2.7211,30.6759,26.3819,3.6822,2.7197,4.0450,4.3187,56.8184,48.8651,0.8834,0.7610,4.0930,0.7096,0.9507,1.0503
2026020157,2026-10-22,NJD,ANA,0.5998,0.5031,0.2827,0.0967,0.1176,0.2143,0.5659,0.5684,3.6668,2.7787,28.9097,28.6435,4.0039,2.8874,3.8902,3.6761,53.5467,53.0540,0.9135,0.6768,4.2504,0.7252,0.9251,1.0410
2026020158,2026-10-22,PIT,FLA,0.5034,0.3891,0.3870,0.1143,0.1096,0.2239,0.5423,0.5180,3.2010,3.2643,29.8981,28.1324,3.3548,3.3593,4.4720,3.5534,55.3774,52.1071,0.7968,0.8414,4.1284,0.5504,0.9802,0.9720
2026020159,2026-10-22,NYI,LAK,0.5036,0.3835,0.3793,0.1200,0.1171,0.2371,0.5530,0.5118,2.8611,2.8953,29.5184,28.1499,3.0243,3.1059,4.0134,3.3588,54.6749,52.1399,0.6819,0.7222,3.8449,0.4748,1.0281,1.0229
2026020160,2026-10-22,STL,VGK,0.4374,0.3277,0.4375,0.1097,0.1251,0.2348,0.5119,0.4321,2.7907,2.9900,25.2452,30.1671,2.8739,3.1250,4.2148,3.7298,46.7594,55.8758,0.6119,0.8107,3.8615,0.4920,1.0391,1.0090
2026020161,2026-10-22,DAL,WPG,0.6024,0.4840,0.2886,0.1184,0.1090,0.2274,0.6087,0.6012,3.1966,2.7133,26.2202,26.6122,3.2916,2.7965,4.0118,4.0786,48.5653,49.2916,0.8210,0.7053,3.9459,0.5622,0.9807,1.0516
2026020162,2026-10-22,CGY,MIN,0.4003,0.2837,0.4934,0.1166,0.1064,0.2229,0.4735,0.4466,2.5847,3.3437,27.4652,31.2068,2.6554,3.5246,3.6304,3.8981,50.8715,57.8018,0.6264,0.8483,4.0124,0.3684,1.0735,0.9621
2026020163,2026-10-22,EDM,CAR,0.4315,0.3362,0.4318,0.0954,0.1367,0.2320,0.4644,0.4038,3.1523,3.0433,29.3781,30.6778,3.3427,3.2644,3.9072,3.4979,54.4146,56.8215,0.8571,0.7806,4.0237,0.4926,0.9866,1.0015
2026020164,2026-10-22,SEA,UTA,0.4167,0.3095,0.4587,0.1072,0.1246,0.2318,0.4927,0.4151,2.7878,3.0867,26.3020,29.0799,2.8915,3.2508,3.8712,3.7288,48.7172,53.8622,0.7024,0.8023,3.9083,0.4616,1.0395,0.9954
2026020165,2026-10-22,VAN,DET,0.3969,0.2828,0.4935,0.1141,0.1095,0.2236,0.4697,0.4359,2.5991,3.3042,25.0764,29.4252,2.6988,3.4243,3.2865,3.5972,46.4469,54.5019,0.6722,0.8571,3.9890,0.5032,1.0710,0.9670
2026020166,2026-10-23,CHI,MTL,0.3803,0.2694,0.5134,0.1109,0.1063,0.2172,0.4218,0.4352,2.6645,3.4777,26.1263,28.2393,2.8552,3.4477,3.6896,3.6028,48.3916,52.3057,0.6439,0.8279,4.1124,0.3697,1.0597,0.9462
2026020167,2026-10-23,COL,TBL,0.5681,0.4415,0.3301,0.1266,0.1018,0.2284,0.5783,0.6011,3.1697,3.1005,30.8400,28.3580,3.4515,3.2393,4.0262,4.2636,57.1220,52.5250,0.7547,0.8679,4.0521,0.5291,0.9843,0.9936
2026020168,2026-10-24,PHI,ANA,0.5467,0.4441,0.3303,0.1026,0.1230,0.2256,0.5754,0.5113,3.3695,2.8268,26.3474,29.0434,3.6705,3.0118,4.1075,4.0443,48.8008,53.7946,0.8614,0.7951,4.0708,0.5691,0.9590,1.0334
2026020169,2026-10-24,NJD,LAK,0.5748,0.4605,0.3121,0.1143,0.1131,0.2274,0.5592,0.5791,3.2558,2.8341,32.5812,31.0404,3.5397,2.9670,3.8316,3.5545,60.3479,57.4938,0.8409,0.6341,4.0090,0.5424,0.9731,1.0323
2026020170,2026-10-24,BOS,SJS,0.6174,0.5096,0.2734,0.1078,0.1092,0.2170,0.6285,0.5940,3.4935,2.7693,29.3832,28.8288,3.6421,2.9674,4.0183,4.4421,54.4241,53.3971,0.8987,0.7841,4.1352,0.6629,0.9444,1.0425
2026020171,2026-10-24,OTT,NYR,0.5931,0.4774,0.2947,0.1157,0.1122,0.2278,0.5912,0.5892,3.2068,2.7010,31.3013,25.8593,3.5585,2.6907,4.2401,4.0727,57.9766,47.8972,0.8247,0.8007,3.9487,0.4792,0.9794,1.0536
2026020172,2026-10-24,PIT,NSH,0.5596,0.4362,0.3345,0.1234,0.1058,0.2293,0.5792,0.5813,3.1456,3.0320,28.9888,27.4180,3.4349,3.0892,3.8908,3.6114,53.6934,50.7839,0.6587,0.7698,4.0167,0.5871,0.9875,1.0030
2026020173,2026-10-24,WSH,BUF,0.4984,0.3879,0.3822,0.1105,0.1193,0.2299,0.5245,0.4992,3.1604,3.0705,29.3726,29.4339,3.3267,3.3241,4.5333,4.1170,54.4045,54.5178,0.7899,0.7577,4.0371,0.5448,0.9855,0.9977
2026020174,2026-10-24,CBJ,VGK,0.5080,0.4003,0.3655,0.1077,0.1265,0.2342,0.5110,0.4985,3.1041,2.8308,28.6025,29.1623,3.3084,3.0023,4.2589,3.6087,52.9779,54.0147,0.7203,0.7695,3.9296,0.5207,0.9931,1.0328
2026020175,2026-10-24,STL,CAR,0.3700,0.2764,0.4963,0.0936,0.1337,0.2273,0.4500,0.3481,2.8800,3.1652,26.1846,34.1035,3.0359,3.3835,4.6945,3.9417,48.4995,63.1670,0.6418,0.8061,3.9759,0.3497,1.0252,0.9849
2026020176,2026-10-24,EDM,TOR,0.6468,0.5407,0.2450,0.1061,0.1083,0.2143,0.6023,0.6318,3.4221,2.5105,33.8440,23.4140,3.8416,2.5536,3.6408,2.9781,62.6865,43.3679,0.9368,0.6341,4.0547,0.6344,0.9527,1.0869
2026020177,2026-10-24,UTA,TBL,0.5023,0.3884,0.3791,0.1139,0.1186,0.2325,0.4946,0.5199,3.0479,2.9913,32.0512,30.5798,3.4119,3.1902,4.7428,4.2625,59.3650,56.6396,0.7651,0.8143,3.9599,0.3927,1.0008,1.0088
2026020178,2026-10-24,CGY,DET,0.4458,0.3247,0.4423,0.1211,0.1119,0.2330,0.5257,0.4730,2.6442,3.1064,25.6306,29.5519,2.7546,3.2576,3.3512,3.9688,47.4733,54.7364,0.5939,0.8121,3.8788,0.4564,1.0632,0.9928
2026020179,2026-10-24,SEA,MIN,0.4035,0.2930,0.4838,0.1105,0.1127,0.2232,0.4623,0.4340,2.7470,3.3261,27.9054,31.1203,2.7849,3.4709,3.5777,3.6894,51.6870,57.6417,0.6536,0.9348,4.0300,0.3904,1.0461,0.9643
2026020180,2026-10-25,CHI,FLA,0.3455,0.2443,0.5442,0.1012,0.1103,0.2115,0.4446,0.3681,2.6643,3.5127,26.6614,29.3994,2.7535,3.5494,4.4861,3.5772,49.3828,54.4542,0.7227,0.8759,4.1360,0.3538,1.0598,0.9422
2026020181,2026-10-25,DAL,NYI,0.6093,0.4968,0.2792,0.1125,0.1115,0.2240,0.6175,0.5923,3.2894,2.6521,25.6053,28.3998,3.5131,2.7852,3.8601,4.3100,47.4263,52.6026,0.8442,0.6316,3.9874,0.6594,0.9689,1.0618
2026020182,2026-10-25,WPG,MTL,0.4698,0.3561,0.4112,0.1138,0.1189,0.2327,0.5063,0.4824,2.9345,3.0690,27.4114,26.1462,3.1119,3.0662,3.4343,3.8282,50.7719,48.4285,0.6677,0.8738,3.9483,0.6200,1.0171,0.9979
2026020183,2026-10-25,NSH,COL,0.3514,0.2522,0.5340,0.0992,0.1146,0.2137,0.4330,0.3689,2.7666,3.4905,25.0558,32.6893,2.8866,3.7031,3.8384,3.6749,46.4087,60.5474,0.7634,0.7908,4.1347,0.3842,1.0429,0.9447
2026020184,2026-10-25,VAN,MIN,0.3779,0.2730,0.5065,0.1049,0.1156,0.2205,0.4182,0.4099,2.7002,3.3269,27.8279,30.7423,2.7554,3.5323,3.6274,3.4303,51.5435,56.9415,0.7533,0.8210,4.0213,0.4111,1.0538,0.9642
2026020185,2026-10-26,NYR,LAK,0.5237,0.4051,0.3591,0.1186,0.1172,0.2358,0.5597,0.5272,2.9655,2.8591,29.3578,33.6568,3.1369,3.1540,4.0523,4.1220,54.3776,62.3398,0.8258,0.7630,3.8743,0.5780,1.0126,1.0284
2026020186,2026-10-26,CGY,TOR,0.5157,0.3959,0.3646,0.1198,0.1197,0.2395,0.5464,0.5222,2.8593,2.7844,29.9676,26.4435,3.1461,2.8817,3.9232,3.3359,55.5065,48.9790,0.6566,0.6141,3.7990,0.4273,1.0284,1.0401
2026020187,2026-10-26,EDM,DET,0.5731,0.4522,0.3177,0.1210,0.1091,0.2301,0.5822,0.5849,3.1443,2.8717,29.2799,26.5008,3.3559,2.9696,3.1763,3.6519,54.2326,49.0852,0.8555,0.8646,3.9623,0.6588,0.9876,1.0265
2026020188,2026-10-27,PHI,CBJ,0.4746,0.3559,0.4103,0.1187,0.1151,0.2338,0.5447,0.4864,2.8403,3.0581,28.9933,31.6595,3.1383,3.2619,4.1255,4.2386,53.7017,58.6403,0.7660,0.7544,3.9108,0.4376,1.0313,0.9994
2026020189,2026-10-27,CAR,BOS,0.6536,0.5195,0.2593,0.1341,0.0871,0.2213,0.6412,0.6967,3.3080,3.0133,32.7051,26.0883,3.7001,3.0970,3.7554,4.1369,60.5765,48.3211,0.7563,0.7764,4.0856,0.7060,0.9665,1.0057
2026020190,2026-10-27,CHI,LAK,0.4248,0.3117,0.4569,0.1131,0.1183,0.2314,0.4773,0.4471,2.7207,3.1286,27.7346,31.4105,2.8992,3.2512,4.1001,3.3060,51.3709,58.1795,0.7448,0.6539,3.9111,0.3331,1.0504,0.9898
2026020191,2026-10-27,STL,MTL,0.4645,0.3448,0.4244,0.1196,0.1111,0.2307,0.5194,0.4928,2.8441,3.1894,26.8300,27.7960,3.1110,3.2479,3.8094,4.1698,49.6949,51.4843,0.5953,0.9613,3.9776,0.4985,1.0307,0.9817
2026020192,2026-10-27,NSH,NYI,0.5279,0.4097,0.3543,0.1182,0.1179,0.2361,0.5429,0.5358,2.9652,2.8176,25.7649,29.8173,3.1688,2.9478,3.4827,3.9087,47.7222,55.2281,0.7597,0.6054,3.8589,0.5448,1.0126,1.0348
2026020193,2026-10-27,DAL,NJD,0.5307,0.4148,0.3566,0.1159,0.1127,0.2286,0.6115,0.5181,3.2038,3.0774,28.0685,31.9115,3.3198,3.3246,4.0712,4.2678,51.9885,59.1069,0.7333,0.8135,4.0582,0.5929,0.9798,0.9967
2026020194,2026-10-27,WPG,FLA,0.4539,0.3458,0.4225,0.1081,0.1235,0.2317,0.5295,0.4420,2.9805,3.0773,27.7413,27.4103,3.0350,3.1540,4.1534,3.7226,51.3829,50.7697,0.7645,0.8890,3.9686,0.5961,1.0104,0.9967
2026020195,2026-10-27,UTA,MIN,0.5119,0.3867,0.3814,0.1252,0.1067,0.2319,0.5199,0.5555,2.9580,3.1470,29.5813,30.0945,3.1497,3.3276,3.9226,4.2457,54.7905,55.7411,0.7367,0.9745,3.9920,0.4666,1.0137,0.9873
2026020196,2026-10-27,VGK,OTT,0.5413,0.4157,0.3520,0.1255,0.1067,0.2322,0.5622,0.5707,3.0384,3.0504,27.4813,27.4862,3.1247,3.0924,3.5919,4.0112,50.9013,50.9104,0.7388,0.8148,3.9794,0.5182,1.0021,1.0005
2026020197,2026-10-27,ANA,VAN,0.6510,0.5371,0.2501,0.1138,0.0989,0.2127,0.6150,0.6587,3.4605,2.7448,30.7635,24.4047,3.7789,2.8967,3.5467,3.5995,56.9805,45.2028,0.7917,0.7572,4.1105,0.4453,0.9482,1.0464
2026020198,2026-10-27,SJS,BUF,0.3926,0.2909,0.4881,0.1017,0.1192,0.2210,0.4265,0.4115,2.9811,3.4206,29.4108,30.7990,3.1115,3.3835,4.4945,4.3150,54.4755,57.0466,0.7520,0.9060,4.1357,0.3744,1.0103,0.9529
2026020199,2026-10-28,WSH,PHI,0.5878,0.4690,0.3036,0.1188,0.1086,0.2274,0.5794,0.5985,3.1849,2.7991,29.7756,28.2441,3.3497,3.0659,4.3366,3.7839,55.1511,52.3141,0.8072,0.7263,3.9617,0.6716,0.9823,1.0377
2026020200,2026-10-28,EDM,CGY,0.6547,0.5472,0.2379,0.1075,0.1074,0.2149,0.6060,0.6415,3.3558,2.4272,31.5893,24.7812,3.6762,2.5057,3.4737,3.3360,58.5101,45.9002,0.8368,0.6204,3.9992,0.7305,0.9607,1.1026
2026020201,2026-10-28,COL,NJD,0.6385,0.5183,0.2639,0.1202,0.0976,0.2178,0.6497,0.6443,3.4362,2.9057,30.8532,27.2039,3.6118,3.0671,3.4010,3.6889,57.1466,50.3876,0.7055,0.8183,4.1259,0.6287,0.9510,1.0214
2026020202,2026-10-28,SEA,TOR,0.5404,0.4239,0.3415,0.1164,0.1182,0.2346,0.5352,0.5482,3.0437,2.7951,30.2551,26.4934,3.3082,2.8495,3.8756,3.1425,56.0392,49.0715,0.6912,0.6751,3.8884,0.4508,1.0014,1.0384
2026020203,2026-10-29,DET,CHI,0.6450,0.5347,0.2470,0.1103,0.1079,0.2182,0.6277,0.6272,3.3148,2.4761,29.0757,24.1578,3.5076,2.5384,3.4838,3.4804,53.8546,44.7454,0.7274,0.6533,3.9759,0.6931,0.9657,1.0933
2026020204,2026-10-29,TBL,WPG,0.6486,0.5266,0.2510,0.1220,0.1004,0.2224,0.6206,0.6615,3.2187,2.6104,28.3494,26.3770,3.3517,2.6815,3.7050,3.9635,52.5091,48.8558,0.7464,0.6976,3.9358,0.6093,0.9779,1.0690
2026020205,2026-10-29,PIT,UTA,0.5255,0.4055,0.3639,0.1200,0.1106,0.2306,0.5463,0.5462,3.1059,3.0910,28.1915,29.3462,3.3307,3.2777,4.3116,3.7647,52.2161,54.3549,0.8084,0.7113,4.0224,0.5658,0.9928,0.9948
2026020206,2026-10-29,CAR,CBJ,0.6273,0.4863,0.2828,0.1410,0.0899,0.2309,0.6473,0.6719,3.0694,2.9786,31.2154,27.5250,3.4272,3.1405,3.6459,4.2955,57.8174,50.9823,0.7275,0.7096,3.9642,0.7038,0.9978,1.0107
2026020207,2026-10-29,STL,BOS,0.4923,0.3701,0.3973,0.1222,0.1104,0.2326,0.5444,0.5171,2.8948,3.1134,27.9491,29.7240,3.1876,3.2381,4.3582,4.0566,51.7678,55.0553,0.6704,0.8513,3.9553,0.5187,1.0230,0.9918
2026020208,2026-10-29,NSH,WSH,0.5145,0.4091,0.3599,0.1054,0.1256,0.2310,0.4974,0.5076,3.1934,2.8581,28.7584,28.3871,3.4709,2.9725,3.8768,3.9508,53.2668,52.5791,0.8325,0.6715,3.9828,0.5050,0.9812,1.0286
2026020209,2026-10-29,DAL,MTL,0.5404,0.4265,0.3454,0.1139,0.1142,0.2282,0.5661,0.5398,3.2620,3.0286,27.9747,27.2119,3.5302,3.1753,3.9406,4.4238,51.8144,50.4022,0.7929,0.8592,4.0682,0.6467,0.9723,1.0035
2026020210,2026-10-29,MIN,NYI,0.6029,0.4897,0.2845,0.1132,0.1125,0.2258,0.6053,0.5898,3.2536,2.6514,27.5493,28.6484,3.5277,2.6508,3.4657,3.7422,51.0272,53.0630,0.8312,0.6590,3.9655,0.6353,0.9734,1.0620
2026020211,2026-10-29,ANA,BUF,0.4558,0.3443,0.4307,0.1115,0.1135,0.2250,0.4693,0.4858,3.0873,3.3494,29.9019,26.9550,3.3535,3.5112,4.3001,4.2430,55.3847,49.9262,0.7974,0.8415,4.1284,0.3770,0.9954,0.9614
2026020212,2026-10-29,LAK,OTT,0.4707,0.3572,0.4114,0.1135,0.1179,0.2314,0.4989,0.4869,2.9873,3.1235,29.8018,31.5849,3.1723,3.3354,4.0201,4.1097,55.1996,58.5025,0.7513,0.8785,3.9914,0.5591,1.0094,0.9904
2026020213,2026-10-29,SJS,VAN,0.5854,0.4732,0.2996,0.1123,0.1150,0.2272,0.5733,0.5788,3.2460,2.7062,28.5410,27.4359,3.4669,2.7717,3.7778,3.8391,52.8640,50.8172,0.7263,0.8096,3.9726,0.4429,0.9744,1.0528
2026020214,2026-10-30,VGK,NJD,0.5651,0.4384,0.3314,0.1267,0.1035,0.2302,0.6034,0.5863,3.1021,3.0279,28.6575,28.0388,3.2187,3.0655,3.3355,3.7854,53.0797,51.9338,0.6572,0.8121,3.9966,0.4945,0.9933,1.0036
2026020215,2026-10-30,FLA,WPG,0.6425,0.5346,0.2516,0.1080,0.1059,0.2139,0.5708,0.6456,3.4631,2.6275,28.0429,26.6050,3.5833,2.6662,3.6966,3.8966,51.9415,49.2783,0.9393,0.6993,4.0959,0.4813,0.9479,1.0661
2026020216,2026-10-30,CGY,SEA,0.5136,0.3898,0.3697,0.1237,0.1167,0.2405,0.5613,0.5247,2.7897,2.8131,27.5647,28.0076,2.9651,2.9337,3.4155,3.6339,51.0558,51.8762,0.6235,0.6170,3.7813,0.5170,1.0392,1.0355
2026020217,2026-10-31,BOS,CHI,0.6575,0.5534,0.2360,0.1041,0.1065,0.2106,0.6497,0.6257,3.4924,2.5079,28.1034,25.8101,3.6516,2.6494,3.3211,3.9822,52.0537,47.8059,0.6913,0.6980,4.1050,0.6832,0.9445,1.0874
2026020218,2026-10-31,DET,STL,0.5496,0.4401,0.3279,0.1095,0.1225,0.2320,0.5323,0.5416,3.1626,2.7123,29.2077,25.3249,3.3054,2.7861,4.1494,3.7341,54.0991,46.9072,0.8962,0.6450,3.9266,0.5703,0.9852,1.0518
2026020219,2026-10-31,NSH,TBL,0.4167,0.3061,0.4676,0.1106,0.1157,0.2263,0.4613,0.4440,2.7953,3.2532,28.7134,31.6194,3.0278,3.4341,4.4967,4.0447,53.1833,58.5658,0.7923,0.7491,3.9989,0.3715,1.0383,0.9734
2026020220,2026-10-31,NYI,EDM,0.4566,0.3423,0.4216,0.1142,0.1218,0.2360,0.5135,0.4630,2.7924,2.9763,26.9385,27.9716,2.9349,3.1430,3.6253,3.0813,49.8958,51.8094,0.6515,0.8500,3.8556,0.4158,1.0388,1.0110
2026020221,2026-10-31,LAK,BUF,0.4823,0.3784,0.3891,0.1039,0.1286,0.2325,0.4761,0.4763,3.1630,2.9633,32.8169,30.6796,3.4805,3.1348,4.1706,4.3083,60.7846,56.8256,0.7532,0.7900,4.0007,0.5703,0.9852,1.0129
2026020222,2026-10-31,SJS,OTT,0.3920,0.2842,0.4949,0.1078,0.1131,0.2209,0.4490,0.4219,2.8014,3.4080,27.9333,32.0203,2.9470,3.5549,4.7053,4.3547,51.7388,59.3087,0.7685,0.9666,4.0897,0.3653,1.0374,0.9544
2026020223,2026-10-31,MTL,PIT,0.5740,0.4736,0.3060,0.1004,0.1200,0.2204,0.5808,0.5389,3.5604,2.8577,26.7637,28.2044,3.6604,3.0861,3.7409,3.6092,49.5720,52.2403,0.8642,0.6752,4.1908,0.5086,0.9368,1.0286
2026020224,2026-10-31,VAN,TOR,0.4571,0.3419,0.4224,0.1152,0.1205,0.2357,0.4905,0.4751,2.7779,2.9889,29.2841,26.5000,3.0444,3.0530,3.8245,3.1027,54.2406,49.0838,0.7246,0.6668,3.8567,0.4743,1.0411,1.0092
2026020225,2026-10-31,DAL,CBJ,0.5458,0.4265,0.3422,0.1193,0.1119,0.2313,0.5970,0.5451,3.1162,2.9522,28.0044,31.1105,3.3500,3.2579,4.3516,4.5466,51.8699,57.6231,0.8520,0.7106,3.9754,0.6598,0.9914,1.0145
2026020226,2026-10-31,COL,CGY,0.7551,0.6607,0.1604,0.0944,0.0845,0.1789,0.6736,0.7415,3.7416,2.2826,33.7598,23.8246,4.2370,2.3859,3.8501,3.5156,62.5302,44.1284,0.8145,0.5652,4.3070,0.7591,0.9172,1.1318
2026020227,2026-11-01,CAR,WPG,0.6973,0.5692,0.2170,0.1281,0.0857,0.2138,0.6584,0.7281,3.3414,2.7074,30.6834,24.4078,3.5848,2.6808,3.5692,3.7553,56.8322,45.2087,0.7583,0.6650,4.0299,0.6074,0.9624,1.0526
2026020228,2026-11-01,WSH,MIN,0.4878,0.3656,0.4027,0.1222,0.1095,0.2317,0.5393,0.5156,2.9032,3.1615,28.2091,30.3351,3.0298,3.4465,3.9699,3.8446,52.2492,56.1871,0.7504,0.8733,3.9812,0.4811,1.0218,0.9853
2026020229,2026-11-01,PHI,UTA,0.4935,0.3841,0.3815,0.1094,0.1250,0.2344,0.5401,0.4783,3.0501,2.9060,28.6025,29.6439,3.2903,3.0814,4.4408,4.1359,52.9777,54.9069,0.8762,0.7499,3.9293,0.4193,1.0005,1.0213
2026020230,2026-11-01,NYR,EDM,0.5232,0.4073,0.3594,0.1159,0.1173,0.2333,0.5203,0.5366,3.0399,2.8993,27.2523,33.0543,3.2118,3.1542,3.8933,3.6487,50.4769,61.2239,0.8893,0.8542,3.9223,0.5243,1.0019,1.0223
2026020231,2026-11-01,ANA,OTT,0.4690,0.3492,0.4253,0.1199,0.1057,0.2256,0.4921,0.5159,3.0038,3.4041,28.2949,27.6225,3.1549,3.6286,4.2141,3.9409,52.4081,51.1626,0.8072,0.8748,4.1326,0.3679,1.0070,0.9548
2026020232,2026-11-02,BOS,VGK,0.4591,0.3548,0.4133,0.1043,0.1276,0.2319,0.5177,0.4395,3.0627,3.0242,26.1711,30.2854,3.1492,3.2265,3.8780,3.6976,48.4742,56.0947,0.7325,0.7950,3.9788,0.5134,0.9988,1.0041
2026020233,2026-11-02,FLA,DET,0.5930,0.4716,0.3042,0.1214,0.1028,0.2243,0.5756,0.6184,3.2798,2.9755,26.5821,28.3878,3.4500,3.0153,3.4935,4.3655,49.2357,52.5804,0.8851,0.9110,4.0606,0.5734,0.9701,1.0111
2026020234,2026-11-02,CHI,COL,0.2962,0.2084,0.5850,0.0877,0.1188,0.2065,0.3673,0.3090,2.6034,3.4626,24.0551,31.9840,2.7063,3.5989,4.1889,3.3350,44.5553,59.2412,0.7171,0.7211,4.0949,0.2435,1.0703,0.9479
2026020235,2026-11-02,SJS,CGY,0.5436,0.4331,0.3338,0.1105,0.1226,0.2331,0.5178,0.5423,3.1329,2.7319,28.8835,28.1750,3.3662,2.7860,4.3853,3.9291,53.4984,52.1865,0.7460,0.7194,3.9155,0.4914,0.9892,1.0485
2026020236,2026-11-03,TOR,UTA,0.4345,0.3227,0.4430,0.1118,0.1225,0.2343,0.5078,0.4377,2.7531,3.0299,24.4579,31.2876,2.8570,3.3250,3.5578,4.2092,45.3013,57.9513,0.6907,0.7935,3.8688,0.5503,1.0451,1.0033
2026020237,2026-11-03,MTL,WPG,0.5979,0.4788,0.2945,0.1190,0.1076,0.2266,0.5933,0.6054,3.2218,2.7931,25.8727,27.0135,3.2997,2.8971,3.7789,3.3993,47.9218,50.0349,0.8492,0.6803,3.9800,0.4585,0.9775,1.0387
2026020238,2026-11-03,TBL,DET,0.6543,0.5496,0.2404,0.1047,0.1053,0.2100,0.6252,0.6348,3.5359,2.5930,29.0891,26.8940,3.6873,2.7412,3.7028,4.1006,53.8788,49.8133,0.8567,0.7547,4.1430,0.7038,0.9395,1.0721
2026020239,2026-11-03,NJD,EDM,0.5396,0.4224,0.3458,0.1172,0.1146,0.2319,0.5198,0.5598,3.1147,2.9264,28.5224,29.6469,3.3474,2.9646,3.4423,3.1588,52.8296,54.9126,0.8117,0.7475,3.9659,0.4865,0.9916,1.0183
2026020240,2026-11-03,NYR,STL,0.5430,0.4315,0.3337,0.1114,0.1234,0.2348,0.5348,0.5355,3.0746,2.6808,29.3530,28.6744,3.2157,2.8681,4.3292,4.4318,54.3683,53.1111,0.8949,0.6600,3.8698,0.6654,0.9971,1.0570
2026020241,2026-11-03,PHI,MIN,0.4591,0.3430,0.4251,0.1161,0.1158,0.2319,0.5097,0.4782,2.8623,3.1329,29.7495,31.5724,3.1186,3.2870,3.9995,4.0983,55.1024,58.4790,0.7629,0.8856,3.9544,0.3483,1.0279,0.9892
2026020242,2026-11-03,PIT,VGK,0.4859,0.3743,0.3984,0.1115,0.1157,0.2272,0.5117,0.4976,3.1334,3.1816,28.5435,29.4188,3.2821,3.2517,4.3361,3.2508,52.8683,54.4895,0.7667,0.7081,4.0694,0.5666,0.9891,0.9827
2026020243,2026-11-03,WSH,DAL,0.4838,0.3659,0.4037,0.1180,0.1125,0.2304,0.5266,0.5053,2.9913,3.1801,29.3835,28.3502,3.2230,3.4021,4.7692,4.2117,54.4243,52.5102,0.7482,0.8539,4.0185,0.4563,1.0088,0.9829
2026020244,2026-11-03,CBJ,COL,0.4737,0.3791,0.3877,0.0946,0.1386,0.2332,0.4615,0.4433,3.2519,2.8515,29.1415,30.0276,3.5380,3.0492,4.3115,3.5257,53.9762,55.6172,0.7978,0.7275,4.0115,0.3820,0.9736,1.0296
2026020245,2026-11-03,NSH,CAR,0.3613,0.2680,0.5116,0.0933,0.1272,0.2204,0.4208,0.3562,2.9377,3.3541,27.0824,33.6855,3.0774,3.6071,4.3845,3.8063,50.1625,62.3925,0.7761,0.7405,4.0894,0.3742,1.0166,0.9609
2026020246,2026-11-03,VAN,ANA,0.4170,0.3110,0.4636,0.1061,0.1194,0.2255,0.4837,0.4232,2.9085,3.2579,24.6614,30.7703,3.1228,3.4764,3.7464,3.6769,45.6783,56.9932,0.7631,0.8189,4.0311,0.6340,1.0210,0.9728
2026020247,2026-11-04,BUF,OTT,0.5226,0.3940,0.3721,0.1286,0.1053,0.2340,0.5727,0.5543,2.9163,3.0986,25.8592,29.2019,3.0020,3.2590,4.0094,4.0462,47.8968,54.0880,0.6826,0.7970,3.9555,0.5300,1.0198,0.9938
2026020248,2026-11-04,FLA,CHI,0.7013,0.5995,0.2034,0.1018,0.0953,0.1971,0.6515,0.6865,3.6575,2.5040,28.6824,25.1162,3.8009,2.5486,3.4318,4.1897,53.1261,46.5207,0.8328,0.7105,4.2292,0.7177,0.9261,1.0881
2026020249,2026-11-04,LAK,SJS,0.6184,0.5049,0.2743,0.1135,0.1072,0.2208,0.5991,0.6172,3.3743,2.7508,33.1177,29.6179,3.6444,2.9307,4.1199,4.3655,61.3415,54.8590,0.8729,0.7887,4.0581,0.7190,0.9584,1.0455
2026020250,2026-11-04,SEA,CGY,0.5609,0.4439,0.3209,0.1170,0.1182,0.2352,0.5391,0.5681,3.0362,2.6711,28.4604,27.9220,3.2364,2.7737,3.7480,3.4402,52.7149,51.7176,0.6306,0.6471,3.8464,0.5615,1.0025,1.0586
2026020251,2026-11-05,MTL,UTA,0.5560,0.4521,0.3207,0.1039,0.1233,0.2272,0.5769,0.5221,3.3563,2.7759,26.8195,29.0941,3.5193,3.0565,4.2909,3.6534,49.6750,53.8879,0.9789,0.6655,4.0523,0.5334,0.9606,1.0414
2026020252,2026-11-05,DET,VGK,0.4515,0.3467,0.4208,0.1048,0.1277,0.2325,0.4939,0.4410,2.9972,3.0126,26.2984,27.7803,3.0453,3.0716,4.0815,3.2190,48.7103,51.4550,0.8167,0.7649,3.9477,0.5223,1.0080,1.0058
2026020253,2026-11-05,TBL,CHI,0.7574,0.6807,0.1533,0.0768,0.0892,0.1660,0.6969,0.7013,4.0030,2.1833,31.3300,23.4413,4.1311,2.3132,3.6718,3.9149,58.0297,43.4183,0.8217,0.5914,4.5655,0.8267,0.8912,1.1535
2026020254,2026-11-05,NJD,STL,0.5967,0.4889,0.2878,0.1078,0.1155,0.2233,0.5343,0.5966,3.3503,2.6743,32.2023,26.5807,3.5776,2.7095,3.9716,3.8869,59.6459,49.2333,0.8795,0.5650,4.0294,0.6304,0.9613,1.0581
2026020255,2026-11-05,NYI,CAR,0.3774,0.2809,0.4924,0.0965,0.1302,0.2267,0.4280,0.3724,2.8736,3.1991,27.7886,30.3031,2.9718,3.4561,4.4477,3.4638,51.4707,56.1277,0.6505,0.7676,3.9910,0.3718,1.0262,0.9804
2026020256,2026-11-05,NYR,PHI,0.5376,0.4195,0.3455,0.1182,0.1169,0.2350,0.5412,0.5479,2.9938,2.8007,29.4152,31.5960,3.1365,3.0683,4.2119,4.4287,54.4835,58.5225,0.8137,0.7942,3.8663,0.7320,1.0085,1.0375
2026020257,2026-11-05,PIT,BOS,0.5163,0.3925,0.3798,0.1237,0.1039,0.2277,0.5443,0.5537,3.1200,3.3037,29.9594,29.2411,3.4307,3.4266,4.2025,3.7435,55.4909,54.1603,0.7569,0.7837,4.1174,0.5937,0.9909,0.9671
2026020258,2026-11-05,CBJ,DAL,0.5137,0.4006,0.3674,0.1131,0.1190,0.2321,0.5025,0.5271,3.1135,2.9719,32.0453,28.0908,3.5297,3.1108,4.7623,4.3633,59.3545,52.0300,0.7217,0.8550,3.9812,0.4191,0.9918,1.0116
2026020259,2026-11-05,WPG,VAN,0.6420,0.5354,0.2464,0.1066,0.1115,0.2181,0.6327,0.6108,3.3185,2.4035,28.1432,25.0680,3.5048,2.4465,3.3026,3.3352,52.1274,46.4314,0.6963,0.6527,3.9701,0.6629,0.9652,1.1073
2026020260,2026-11-05,EDM,ANA,0.5969,0.4963,0.2868,0.1006,0.1164,0.2170,0.5957,0.5628,3.5951,2.8005,28.3256,27.7135,3.8707,2.9897,3.5053,3.7420,52.4650,51.3311,0.9725,0.8245,4.2049,0.7748,0.9329,1.0375
2026020261,2026-11-05,COL,NSH,0.6770,0.5590,0.2306,0.1179,0.0925,0.2104,0.6621,0.6844,3.4994,2.7665,32.4716,25.4266,3.8540,2.8668,3.5570,3.9152,60.1441,47.0955,0.7123,0.8240,4.1385,0.6920,0.9437,1.0429
2026020262,2026-11-06,BUF,CBJ,0.5742,0.4545,0.3164,0.1198,0.1093,0.2291,0.5991,0.5776,3.1657,2.8678,29.0116,29.4766,3.3727,3.1181,4.1282,4.0561,53.7358,54.5974,0.7919,0.6782,3.9717,0.5738,0.9848,1.0271
2026020263,2026-11-06,MIN,SJS,0.6664,0.5633,0.2306,0.1032,0.1030,0.2061,0.6546,0.6381,3.5992,2.5863,31.4377,27.5755,3.8054,2.6886,4.1259,3.9152,58.2294,51.0756,1.0055,0.7101,4.1881,0.7521,0.9325,1.0733
2026020264,2026-11-06,CGY,ANA,0.4785,0.3714,0.3970,0.1071,0.1245,0.2316,0.5396,0.4601,3.0556,2.9752,25.9370,30.6971,3.2901,3.2355,3.8449,3.9379,48.0408,56.8576,0.7032,0.7363,3.9571,0.5862,0.9997,1.0112
2026020265,2026-11-07,WSH,FLA,0.4949,0.3798,0.3922,0.1151,0.1128,0.2279,0.5655,0.4971,3.1410,3.2218,29.6344,29.6419,3.2578,3.5070,4.7226,3.8967,54.8891,54.9030,0.8278,0.9227,4.0889,0.5398,0.9881,0.9775
2026020266,2026-11-07,NSH,STL,0.5213,0.4054,0.3592,0.1159,0.1195,0.2354,0.5207,0.5318,2.9906,2.8337,28.4038,27.4208,3.1472,2.9736,4.0144,4.0690,52.6101,50.7892,0.8237,0.6075,3.8764,0.5679,1.0089,1.0323
2026020267,2026-11-07,SEA,NYR,0.4644,0.3471,0.4187,0.1173,0.1169,0.2342,0.5120,0.4836,2.7863,3.0240,28.3213,28.0381,2.9526,3.0228,3.9022,3.6004,52.4574,51.9328,0.6786,0.8554,3.8765,0.3817,1.0398,1.0042
2026020268,2026-11-07,TOR,MTL,0.4179,0.3018,0.4748,0.1161,0.1073,0.2234,0.4806,0.4597,2.7386,3.3758,25.5131,30.0017,2.9020,3.5564,3.1553,4.2351,47.2559,55.5696,0.5944,0.9655,4.0584,0.5588,1.0474,0.9582
2026020269,2026-11-07,OTT,UTA,0.5711,0.4640,0.3092,0.1071,0.1197,0.2268,0.5724,0.5498,3.3158,2.7341,28.8883,26.8110,3.5532,2.8584,4.1804,4.1591,53.5070,49.6594,0.8963,0.7373,4.0197,0.5621,0.9656,1.0482
2026020270,2026-11-07,NYI,NJD,0.4646,0.3499,0.4187,0.1147,0.1167,0.2314,0.5440,0.4684,2.9140,3.1221,28.6028,28.7103,2.9855,3.2573,3.7521,3.3847,52.9788,53.1776,0.5749,0.8185,3.9658,0.4703,1.0201,0.9906
2026020271,2026-11-07,CAR,CHI,0.7762,0.6753,0.1488,0.1009,0.0751,0.1760,0.7304,0.7699,3.7902,2.4162,32.4412,22.0687,4.0545,2.4243,3.3304,3.9268,60.0880,40.8762,0.7193,0.6344,4.3393,0.8221,0.9122,1.1048
2026020272,2026-11-07,DAL,SJS,0.6906,0.6001,0.2068,0.0906,0.1026,0.1931,0.6661,0.6405,3.8259,2.4773,29.3747,26.6590,3.9350,2.6696,4.5490,4.3447,54.4081,49.3784,1.0880,0.6389,4.3657,0.7743,0.9085,1.0931
2026020273,2026-11-07,MIN,TBL,0.4613,0.3433,0.4299,0.1180,0.1088,0.2268,0.5251,0.4890,2.8765,3.2537,30.9581,33.7900,3.2392,3.4040,4.2656,4.1225,57.3410,62.5857,0.7629,0.8752,4.0202,0.4675,1.0258,0.9734
2026020274,2026-11-07,COL,DET,0.6532,0.5262,0.2548,0.1270,0.0920,0.2190,0.6515,0.6764,3.3518,2.8963,29.9528,25.9422,3.6267,2.9609,3.3426,3.9649,55.4788,48.0506,0.7749,0.8638,4.0768,0.6917,0.9611,1.0228
2026020275,2026-11-07,LAK,PIT,0.5316,0.4268,0.3460,0.1049,0.1224,0.2273,0.5254,0.5193,3.3574,2.9478,31.0948,29.8918,3.5983,3.0872,3.6542,3.9801,57.5943,55.3663,0.7439,0.7685,4.0927,0.5575,0.9605,1.0151
2026020276,2026-11-07,EDM,VAN,0.7022,0.6030,0.1992,0.0993,0.0985,0.1978,0.6580,0.6747,3.5793,2.3494,31.4616,23.9367,3.9000,2.4205,3.0784,3.1878,58.2738,44.3360,0.8706,0.6774,4.1666,0.6924,0.9347,1.1180
2026020277,2026-11-08,BOS,FLA,0.5133,0.4111,0.3649,0.1023,0.1217,0.2240,0.5483,0.4887,3.3877,3.0556,29.9396,29.3993,3.5402,3.2827,4.3719,3.9719,55.4543,54.4538,0.8813,0.9047,4.1371,0.4983,0.9568,0.9998
2026020278,2026-11-08,BUF,VGK,0.5012,0.3849,0.3827,0.1163,0.1161,0.2324,0.5607,0.5020,3.0261,3.0394,26.9460,30.0384,3.1509,3.1904,4.2046,3.8089,49.9098,55.6375,0.7073,0.7694,3.9700,0.5525,1.0039,1.0020
2026020279,2026-11-08,TOR,NJD,0.4170,0.3038,0.4699,0.1133,0.1131,0.2263,0.5275,0.4287,2.7530,3.2781,24.9454,33.2005,2.8011,3.5912,3.0941,3.8471,46.2044,61.4946,0.5554,0.8757,4.0031,0.5037,1.0451,0.9703
2026020280,2026-11-08,WPG,TBL,0.4642,0.3604,0.4048,0.1038,0.1310,0.2347,0.4778,0.4537,3.0249,2.9088,29.1418,29.0302,3.1581,2.9841,4.4220,3.6954,53.9770,53.7701,0.8007,0.7084,3.9190,0.4698,1.0041,1.0209
2026020281,2026-11-08,CGY,PHI,0.4427,0.3217,0.4443,0.1210,0.1130,0.2340,0.5141,0.4723,2.6320,3.0963,26.6432,28.8811,2.7422,3.2359,3.8144,4.0121,49.3491,53.4940,0.6307,0.7779,3.8700,0.5580,1.0653,0.9941
2026020282,2026-11-08,ANA,PIT,0.5280,0.4214,0.3547,0.1066,0.1173,0.2239,0.5186,0.5289,3.4178,3.1179,29.4456,26.1739,3.6502,3.3515,3.8007,3.9449,54.5393,48.4796,0.8159,0.7701,4.1695,0.3625,0.9532,0.9912
2026020283,2026-11-09,EDM,NYR,0.5788,0.4607,0.3072,0.1181,0.1141,0.2321,0.5798,0.5793,3.0940,2.6842,31.7004,24.9498,3.3990,2.7336,3.7110,3.5467,58.7160,46.2124,0.8930,0.8075,3.8813,0.5574,0.9944,1.0564
2026020284,2026-11-09,VAN,PHI,0.4256,0.3126,0.4559,0.1130,0.1185,0.2316,0.4582,0.4544,2.7037,3.1011,27.9625,28.6748,2.8444,3.2616,3.8512,3.4882,51.7929,53.1121,0.7386,0.7383,3.8915,0.6056,1.0532,0.9935
2026020285,2026-11-09,SJS,NYI,0.4669,0.3505,0.4185,0.1164,0.1146,0.2310,0.4974,0.4930,2.9151,3.1562,26.7409,31.3506,3.1073,3.1535,3.7612,4.2464,49.5298,58.0681,0.7086,0.8247,3.9824,0.4143,1.0200,0.9861
2026020286,2026-11-10,TOR,COL,0.3358,0.2435,0.5389,0.0923,0.1253,0.2176,0.4241,0.3306,2.7461,3.3345,23.7083,34.3536,2.8158,3.6183,3.5864,3.8129,43.9130,63.6301,0.6831,0.8147,4.0348,0.4107,1.0462,0.9633
2026020287,2026-11-10,MTL,MIN,0.5284,0.4146,0.3560,0.1138,0.1156,0.2294,0.5469,0.5317,3.1855,3.0059,27.3497,30.4493,3.3331,3.2655,3.8653,3.6101,50.6574,56.3984,0.8798,0.7940,4.0253,0.4582,0.9822,1.0067
2026020288,2026-11-10,OTT,WSH,0.5727,0.4629,0.3112,0.1098,0.1161,0.2259,0.5532,0.5679,3.3252,2.8162,30.0981,26.3690,3.6904,2.8251,3.9131,4.2839,55.7479,48.8410,0.8068,0.7717,4.0431,0.5475,0.9644,1.0351
2026020289,2026-11-10,CBJ,FLA,0.5249,0.4157,0.3565,0.1093,0.1186,0.2279,0.5416,0.5189,3.2542,2.9970,31.2449,28.7650,3.4987,3.1433,4.5307,3.9172,57.8723,53.2789,0.7852,0.9185,4.0546,0.5051,0.9733,1.0080
2026020290,2026-11-10,STL,DET,0.5079,0.3835,0.3811,0.1244,0.1110,0.2354,0.5679,0.5263,2.8640,3.0055,25.2373,28.9750,3.0129,3.0797,3.6863,4.1220,46.7448,53.6681,0.6238,0.9158,3.8944,0.5100,1.0277,1.0068
2026020291,2026-11-10,WPG,NJD,0.4666,0.3530,0.4139,0.1136,0.1196,0.2331,0.5531,0.4608,2.9199,3.0628,26.9965,29.8044,2.9565,3.1560,3.5799,3.5823,50.0035,55.2042,0.6329,0.8042,3.9403,0.5679,1.0193,0.9987
2026020292,2026-11-10,LAK,NSH,0.5597,0.4475,0.3237,0.1123,0.1165,0.2288,0.5547,0.5573,3.2353,2.8330,31.9100,28.7134,3.5866,2.9313,3.7883,3.7645,59.1044,53.1839,0.7063,0.8061,3.9978,0.5991,0.9757,1.0324
2026020293,2026-11-11,BUF,TBL,0.4897,0.3661,0.4040,0.1236,0.1063,0.2299,0.5399,0.5245,2.9458,3.2553,29.9097,32.5770,3.2366,3.4457,4.6713,4.4352,55.3990,60.3394,0.7095,0.8229,4.0404,0.4009,1.0154,0.9732
2026020294,2026-11-11,CGY,NYR,0.4506,0.3285,0.4352,0.1220,0.1142,0.2363,0.5232,0.4769,2.6016,3.0137,28.0258,28.1719,2.7983,3.0922,3.9986,4.0037,51.9099,52.1806,0.6368,0.8057,3.8155,0.3597,1.0706,1.0056
2026020295,2026-11-11,EDM,PHI,0.5863,0.4684,0.3020,0.1179,0.1117,0.2296,0.5709,0.5937,3.1442,2.7170,30.4822,25.7351,3.3396,2.8533,3.5903,3.6021,56.4597,47.6669,0.8862,0.7763,3.9177,0.7497,0.9877,1.0510
2026020296,2026-11-11,VGK,UTA,0.5759,0.4640,0.3103,0.1119,0.1138,0.2257,0.5843,0.5669,3.2967,2.8241,28.9425,25.9396,3.4254,2.8670,3.7533,3.9686,53.6074,48.0456,0.8646,0.7386,4.0290,0.5398,0.9679,1.0338
2026020297,2026-11-11,ANA,NSH,0.5728,0.4583,0.3166,0.1145,0.1106,0.2251,0.5479,0.5857,3.3426,2.9657,31.2328,25.2428,3.6960,3.1457,4.0477,3.7325,57.8498,46.7550,0.7947,0.8061,4.0896,0.4102,0.9623,1.0125
2026020298,2026-11-11,SJS,PIT,0.4399,0.3382,0.4352,0.1017,0.1250,0.2266,0.4753,0.4346,3.1692,3.2409,29.2506,30.8923,3.3515,3.3434,4.2694,4.4414,54.1783,57.2191,0.7514,0.9023,4.1071,0.3598,0.9843,0.9750
2026020299,2026-11-12,BOS,MTL,0.4978,0.3807,0.3904,0.1172,0.1118,0.2289,0.5252,0.5197,3.1126,3.2166,28.7708,28.1869,3.4334,3.4010,3.6228,4.2140,53.2894,52.2082,0.7179,0.9481,4.0765,0.5203,0.9919,0.9781
2026020300,2026-11-12,TOR,MIN,0.4060,0.2927,0.4823,0.1133,0.1116,0.2250,0.4773,0.4377,2.6736,3.2876,25.9398,33.1028,2.7671,3.5651,3.3161,4.1138,48.0463,61.3136,0.6416,0.9258,3.9921,0.4741,1.0582,0.9691
2026020301,2026-11-12,OTT,COL,0.4707,0.3718,0.3967,0.0989,0.1326,0.2315,0.4886,0.4461,3.2440,2.9959,28.2846,29.3990,3.5125,3.0901,4.2800,3.7615,52.3892,54.4532,0.8731,0.7574,4.0493,0.4259,0.9746,1.0082
2026020302,2026-11-12,FLA,DET,0.5865,0.4654,0.3092,0.1212,0.1043,0.2254,0.5756,0.6092,3.2424,2.9541,26.5152,28.2689,3.4211,2.9991,3.4562,4.2982,49.1117,52.3602,0.8698,0.8948,4.0358,0.5734,0.9748,1.0142
2026020303,2026-11-12,NJD,WSH,0.5538,0.4433,0.3292,0.1105,0.1170,0.2275,0.5111,0.5635,3.2857,2.8894,31.3505,27.7566,3.6381,2.8716,3.6926,3.9409,58.0679,51.4114,0.7982,0.6890,4.0395,0.5704,0.9693,1.0238
2026020304,2026-11-12,CBJ,TBL,0.5163,0.4145,0.3545,0.1018,0.1291,0.2309,0.4900,0.5016,3.2599,2.8200,33.7179,30.4544,3.6243,2.9919,4.7903,3.9039,62.4523,56.4077,0.7866,0.7282,4.0076,0.3691,0.9726,1.0345
2026020305,2026-11-12,CHI,BUF,0.3982,0.2968,0.4760,0.1014,0.1258,0.2272,0.4042,0.4164,2.8827,3.2021,27.5271,29.3961,3.0240,3.2185,4.3817,3.5341,50.9865,54.4483,0.7567,0.6389,3.9952,0.3523,1.0248,0.9800
2026020306,2026-11-12,DAL,WPG,0.6179,0.4965,0.2779,0.1215,0.1042,0.2257,0.6087,0.6288,3.2149,2.7390,26.2992,26.7608,3.3236,2.8315,4.0324,4.0761,48.7116,49.5667,0.8273,0.7065,3.9625,0.5622,0.9784,1.0474
2026020307,2026-11-12,UTA,STL,0.5470,0.4163,0.3473,0.1307,0.1057,0.2364,0.5539,0.5877,2.8811,2.9341,28.2930,26.8368,3.1529,2.9879,3.9181,4.4139,52.4047,49.7073,0.7087,0.7805,3.8692,0.5875,1.0251,1.0172
2026020308,2026-11-12,LAK,NYI,0.5430,0.4262,0.3401,0.1168,0.1169,0.2337,0.5474,0.5488,3.0589,2.8137,28.7043,29.6105,3.3410,2.8837,3.4228,3.9166,53.1666,54.8455,0.7263,0.7032,3.9019,0.6021,0.9993,1.0354
2026020309,2026-11-12,SEA,CAR,0.3128,0.2264,0.5634,0.0863,0.1238,0.2101,0.3974,0.3070,2.8136,3.4799,26.3797,33.4587,2.8814,3.6077,4.1743,3.5225,48.8614,61.9728,0.6651,0.8358,4.1356,0.3221,1.0355,0.9459
2026020310,2026-11-13,VAN,NYR,0.4100,0.2940,0.4778,0.1160,0.1122,0.2282,0.4672,0.4493,2.5957,3.2066,28.4300,29.0735,2.8042,3.2676,3.9853,3.6598,52.6587,53.8507,0.7192,0.8372,3.9269,0.4023,1.0716,0.9794
2026020311,2026-11-13,VGK,NSH,0.6313,0.5123,0.2656,0.1190,0.1031,0.2221,0.6164,0.6381,3.2796,2.7032,30.0117,24.9859,3.5555,2.7055,3.5015,3.8087,55.5880,46.2793,0.7022,0.7503,3.9918,0.5606,0.9701,1.0533
2026020312,2026-11-14,CHI,WPG,0.4319,0.3148,0.4521,0.1171,0.1160,0.2331,0.4653,0.4684,2.6455,3.0884,25.1561,28.5589,2.7339,3.0993,3.8843,3.4287,46.5945,52.8975,0.6760,0.6748,3.8690,0.3033,1.0630,0.9952
2026020313,2026-11-14,BOS,MIN,0.4835,0.3689,0.4016,0.1146,0.1149,0.2295,0.5219,0.4975,3.0361,3.1535,29.4989,31.6715,3.2725,3.4210,3.7894,4.1343,54.6381,58.6624,0.7634,0.9143,4.0219,0.4394,1.0025,0.9864
2026020314,2026-11-14,TOR,EDM,0.4094,0.2980,0.4737,0.1114,0.1169,0.2283,0.4970,0.4234,2.6829,3.1778,23.6932,33.4054,2.7746,3.4493,3.1575,3.5907,43.8850,61.8742,0.6565,0.9214,3.9290,0.4472,1.0566,0.9832
2026020315,2026-11-14,MTL,COL,0.4585,0.3617,0.4089,0.0968,0.1326,0.2294,0.4932,0.4282,3.2885,3.0811,25.4184,31.6326,3.4432,3.3356,4.2383,3.4123,47.0803,58.5900,0.9356,0.7208,4.0973,0.3956,0.9690,0.9962
2026020316,2026-11-14,TBL,DET,0.6204,0.5038,0.2741,0.1166,0.1055,0.2221,0.6252,0.6166,3.3127,2.7393,28.2743,27.5501,3.4838,2.8679,3.6239,4.2846,52.3699,51.0287,0.7846,0.8220,4.0190,0.7038,0.9660,1.0473
2026020317,2026-11-14,PIT,OTT,0.4719,0.3464,0.4259,0.1254,0.1022,0.2277,0.5239,0.5210,2.8649,3.3649,27.0685,29.7177,3.0609,3.4881,4.0592,3.7642,50.1367,55.0433,0.6767,0.8084,4.0778,0.5441,1.0275,0.9596
2026020318,2026-11-14,WSH,NJD,0.5035,0.3842,0.3852,0.1194,0.1113,0.2307,0.5887,0.5064,3.0328,3.1357,27.7226,31.3163,3.1084,3.4057,3.9105,3.6812,51.3483,58.0045,0.6661,0.8182,4.0130,0.5097,1.0029,0.9888
2026020319,2026-11-14,CBJ,PHI,0.5760,0.4633,0.3068,0.1126,0.1172,0.2298,0.5556,0.5725,3.1638,2.6610,29.9910,27.0823,3.4101,2.7841,4.0652,3.8145,55.5500,50.1623,0.7253,0.7530,3.9145,0.6419,0.9851,1.0603
2026020320,2026-11-14,STL,FLA,0.4472,0.3334,0.4382,0.1138,0.1146,0.2284,0.5425,0.4522,2.9112,3.2406,27.0317,30.0269,3.0202,3.3700,4.4720,4.1662,50.0684,55.6163,0.6680,1.0153,4.0230,0.4775,1.0205,0.9750
2026020321,2026-11-14,CAR,SEA,0.7373,0.6228,0.1805,0.1145,0.0823,0.1968,0.6941,0.7456,3.4932,2.4664,31.1991,22.9760,3.7973,2.4399,3.1933,3.4312,57.7872,42.5565,0.7499,0.5500,4.1028,0.7471,0.9444,1.0952
2026020322,2026-11-14,DAL,BUF,0.5364,0.4330,0.3395,0.1034,0.1241,0.2275,0.5481,0.5109,3.3675,2.8861,29.0157,29.4426,3.5729,3.1034,4.6639,4.6261,53.7430,54.5340,0.8754,0.7205,4.0829,0.6293,0.9592,1.0243
2026020323,2026-11-14,UTA,SJS,0.6276,0.5088,0.2696,0.1188,0.1028,0.2216,0.6266,0.6308,3.3126,2.7607,29.5230,26.5303,3.5277,2.8649,4.1684,4.5076,54.6829,49.1398,0.8489,0.8400,4.0235,0.6881,0.9660,1.0439
2026020324,2026-11-14,ANA,NYI,0.5344,0.4076,0.3614,0.1268,0.1041,0.2310,0.5406,0.5774,3.0362,3.1424,27.9016,27.4852,3.3414,3.2971,3.6815,4.1452,51.6796,50.9085,0.7775,0.7648,4.0171,0.4167,1.0025,0.9879
2026020325,2026-11-14,LAK,CGY,0.6145,0.5088,0.2688,0.1057,0.1167,0.2224,0.5675,0.5971,3.3057,2.4830,31.4258,27.3353,3.6382,2.5861,3.7806,3.6171,58.2076,50.6314,0.7203,0.6325,3.9705,0.6715,0.9668,1.0920
2026020326,2026-11-15,PHI,EDM,0.4673,0.3526,0.4142,0.1148,0.1185,0.2333,0.5294,0.4734,2.8842,3.0528,26.5798,31.7192,3.0883,3.1976,3.6126,3.5551,49.2314,58.7512,0.7628,0.9045,3.9232,0.3210,1.0246,1.0001
2026020327,2026-11-15,DAL,FLA,0.5236,0.4119,0.3609,0.1117,0.1155,0.2272,0.5887,0.5088,3.2610,3.0826,28.0002,29.8056,3.3653,3.3335,4.4761,4.2872,51.8619,55.2063,0.8586,0.8854,4.0853,0.6217,0.9725,0.9960
2026020328,2026-11-15,ANA,CGY,0.6064,0.4930,0.2844,0.1135,0.1092,0.2227,0.5608,0.6156,3.3139,2.7359,31.5079,25.2431,3.7380,2.9208,4.0901,3.6519,58.3592,46.7555,0.7902,0.6566,4.0190,0.4935,0.9658,1.0479
2026020329,2026-11-15,VGK,VAN,0.7278,0.6240,0.1822,0.1038,0.0899,0.1937,0.6792,0.7145,3.5473,2.3292,30.3316,23.0389,3.8531,2.3261,3.2178,3.4030,56.1804,42.6731,0.7638,0.6262,4.1407,0.5954,0.9382,1.1222
2026020330,2026-11-15,SJS,NSH,0.4462,0.3274,0.4453,0.1188,0.1085,0.2273,0.5048,0.4822,2.8249,3.3062,28.5602,30.2124,3.1012,3.3995,4.1175,4.2900,52.8998,55.9601,0.6304,1.0259,4.0356,0.4077,1.0337,0.9668
2026020331,2026-11-16,NYR,MTL,0.4696,0.3479,0.4185,0.1216,0.1120,0.2336,0.5039,0.5055,2.7838,3.1111,26.7165,27.7234,2.9846,3.2229,3.5101,4.2562,49.4846,51.3495,0.6992,0.9342,3.9196,0.6305,1.0402,0.9921
2026020332,2026-11-16,UTA,VAN,0.7044,0.6010,0.1986,0.1034,0.0970,0.2004,0.6482,0.6886,3.4965,2.3310,29.6082,24.3348,3.9012,2.4392,3.5621,3.5471,54.8406,45.0733,0.7595,0.6871,4.1000,0.5955,0.9440,1.1218
2026020333,2026-11-17,BOS,LAK,0.5411,0.4268,0.3426,0.1142,0.1163,0.2306,0.5806,0.5318,3.1586,2.8991,28.3844,30.8122,3.3690,3.1507,3.7218,3.6979,52.5740,57.0710,0.7866,0.7372,3.9778,0.4725,0.9857,1.0224
2026020334,2026-11-17,TBL,WSH,0.6015,0.4929,0.2865,0.1086,0.1120,0.2206,0.5857,0.5901,3.4122,2.7615,31.9708,29.3965,3.7888,2.9385,4.1144,4.7169,59.2161,54.4483,0.8055,0.7584,4.0832,0.6706,0.9539,1.0437
2026020335,2026-11-17,FLA,EDM,0.5345,0.4140,0.3564,0.1205,0.1090,0.2296,0.5435,0.5598,3.1219,3.0811,26.3001,31.0961,3.3343,3.1637,3.5729,3.8117,48.7133,57.5969,0.8963,0.9403,4.0250,0.4559,0.9907,0.9962
2026020336,2026-11-17,NYI,CBJ,0.4724,0.3540,0.4099,0.1183,0.1178,0.2361,0.5289,0.4857,2.7909,2.9829,27.9330,27.7498,2.8916,3.1953,3.7820,3.5376,51.7380,51.3984,0.6460,0.7080,3.8582,0.5354,1.0390,1.0100
2026020337,2026-11-17,PHI,BUF,0.4606,0.3578,0.4087,0.1028,0.1308,0.2335,0.4948,0.4426,3.0868,2.9802,29.9458,29.5820,3.3378,3.0795,4.4269,4.2928,55.4663,54.7925,0.7987,0.7667,3.9724,0.4063,0.9954,1.0104
2026020338,2026-11-17,CHI,TOR,0.4862,0.3726,0.3909,0.1136,0.1229,0.2365,0.4909,0.4982,2.9171,2.9007,29.0275,26.5974,3.1756,2.9130,4.2974,3.0877,53.7652,49.2643,0.7572,0.5975,3.8698,0.3523,1.0197,1.0221
2026020339,2026-11-17,STL,ANA,0.5323,0.4218,0.3489,0.1106,0.1188,0.2293,0.5816,0.5134,3.2216,2.9334,24.9395,29.9952,3.4666,3.1277,4.1747,4.2022,46.1931,55.5574,0.7062,0.8696,4.0193,0.6382,0.9775,1.0173
2026020340,2026-11-17,MIN,NSH,0.6162,0.5065,0.2727,0.1097,0.1111,0.2208,0.6123,0.5980,3.3600,2.6456,30.8585,27.6857,3.7023,2.7468,3.8357,3.6036,57.1565,51.2798,0.7889,0.7541,4.0307,0.6327,0.9601,1.0630
2026020341,2026-11-17,WPG,OTT,0.4492,0.3370,0.4301,0.1122,0.1207,0.2330,0.5110,0.4545,2.8484,3.0649,25.9110,28.8308,2.8963,3.1599,3.9423,3.7854,47.9929,53.4009,0.7234,0.7990,3.9168,0.5914,1.0301,0.9985
2026020342,2026-11-17,VGK,DAL,0.5450,0.4185,0.3497,0.1265,0.1053,0.2318,0.5417,0.5852,3.0366,3.0588,29.9882,26.0792,3.3440,3.0320,4.0571,4.3402,55.5443,48.3041,0.7339,0.8408,3.9821,0.4408,1.0024,0.9993
2026020343,2026-11-17,SJS,CGY,0.5422,0.4310,0.3356,0.1111,0.1222,0.2333,0.5178,0.5423,3.1180,2.7377,28.7752,28.0187,3.3576,2.7961,4.3810,3.9726,53.2978,51.8969,0.7378,0.7313,3.9091,0.4914,0.9912,1.0476
2026020344,2026-11-18,DET,BOS,0.5565,0.4486,0.3252,0.1080,0.1182,0.2262,0.5265,0.5551,3.3389,2.8742,29.9522,26.4054,3.5615,2.9898,4.2095,3.3786,55.4781,48.9085,0.9417,0.7273,4.0644,0.5494,0.9627,1.0261
2026020345,2026-11-18,NJD,MTL,0.5357,0.4186,0.3533,0.1171,0.1110,0.2281,0.5034,0.5673,3.2295,3.1116,31.9722,27.2815,3.5869,3.1186,3.5537,3.8313,59.2191,50.5312,0.7539,0.7878,4.0814,0.5935,0.9765,0.9920
2026020346,2026-11-18,UTA,COL,0.4231,0.3203,0.4525,0.1028,0.1244,0.2273,0.4661,0.4231,3.0164,3.2196,27.6148,30.9714,3.3020,3.3598,4.3761,3.8829,51.1482,57.3653,0.8086,0.8632,4.0450,0.4053,1.0053,0.9777
2026020347,2026-11-19,TOR,LAK,0.4566,0.3380,0.4289,0.1186,0.1145,0.2331,0.5366,0.4717,2.7643,3.0973,25.9396,32.9780,2.8836,3.3869,3.4165,3.8931,48.0462,61.0826,0.6740,0.7946,3.9067,0.5073,1.0433,0.9940
2026020348,2026-11-19,OTT,PHI,0.6016,0.4859,0.2878,0.1156,0.1106,0.2263,0.5823,0.6035,3.2371,2.6998,29.7728,26.9320,3.4875,2.8112,4.0243,4.1769,55.1458,49.8839,0.8027,0.7706,3.9660,0.6797,0.9755,1.0538
2026020349,2026-11-19,TBL,EDM,0.5716,0.4551,0.3162,0.1164,0.1123,0.2287,0.5942,0.5675,3.2108,2.8473,29.2944,31.6335,3.4829,3.0852,3.8642,3.8500,54.2588,58.5918,0.8103,0.8391,3.9887,0.5904,0.9789,1.0302
2026020350,2026-11-19,PIT,STL,0.5733,0.4497,0.3216,0.1236,0.1051,0.2287,0.5500,0.6067,3.1788,2.9928,30.1524,27.4377,3.4110,3.0790,4.2850,3.9345,55.8486,50.8202,0.7992,0.6406,4.0179,0.6139,0.9831,1.0086
2026020351,2026-11-19,WSH,BUF,0.4968,0.3885,0.3807,0.1083,0.1225,0.2308,0.5245,0.4895,3.1627,3.0117,28.7099,28.8374,3.3101,3.2221,4.4639,4.0462,53.1772,53.4130,0.7880,0.7479,4.0171,0.5448,0.9852,1.0059
2026020352,2026-11-19,CAR,MTL,0.6728,0.5525,0.2363,0.1203,0.0909,0.2112,0.6178,0.7007,3.5318,2.8800,33.0115,23.7840,3.9212,2.9402,3.4799,3.9686,61.1440,44.0531,0.7615,0.7836,4.1769,0.6913,0.9400,1.0252
2026020353,2026-11-19,CHI,CBJ,0.3726,0.2621,0.5188,0.1105,0.1087,0.2191,0.4531,0.4120,2.5516,3.3695,25.7742,31.0007,2.6912,3.4984,4.0814,3.6572,47.7394,57.4203,0.7054,0.6909,4.0250,0.3820,1.0794,0.9590
2026020354,2026-11-19,WPG,NYI,0.5329,0.4174,0.3463,0.1155,0.1208,0.2363,0.5593,0.5262,2.9999,2.7502,25.6450,27.9428,3.1268,2.7646,3.3989,3.7035,47.5001,51.7563,0.7246,0.6435,3.8522,0.6332,1.0076,1.0456
2026020355,2026-11-19,CGY,MIN,0.3847,0.2700,0.5087,0.1147,0.1066,0.2213,0.4735,0.4274,2.5029,3.3301,27.1347,31.1484,2.6394,3.5138,3.5726,3.9457,50.2594,57.6936,0.6010,0.8566,3.9919,0.3684,1.0883,0.9638
2026020356,2026-11-19,COL,ANA,0.6543,0.5410,0.2487,0.1134,0.0970,0.2103,0.6641,0.6475,3.6137,2.8979,29.3711,27.8067,4.0359,3.0993,3.5889,4.1227,54.4013,51.5040,0.8010,0.8551,4.2301,0.8015,0.9309,1.0225
2026020357,2026-11-19,SEA,VAN,0.5960,0.4788,0.2927,0.1172,0.1113,0.2285,0.5940,0.5946,3.1821,2.6906,28.8002,27.9939,3.3933,2.8048,3.2468,3.3677,53.3443,51.8508,0.6231,0.7404,3.9321,0.5162,0.9826,1.0554
2026020358,2026-11-19,VGK,DAL,0.5490,0.4239,0.3444,0.1251,0.1066,0.2317,0.5417,0.5852,3.0576,3.0198,30.2694,26.2850,3.3741,3.0384,4.1167,4.3819,56.0651,48.6851,0.7382,0.8301,3.9749,0.4408,0.9995,1.0048
2026020359,2026-11-21,CAR,EDM,0.6311,0.5011,0.2745,0.1300,0.0945,0.2244,0.6331,0.6604,3.2524,2.9380,29.8854,27.9625,3.5684,3.0331,3.4688,3.6267,55.3537,51.7926,0.7820,0.8338,4.0359,0.5889,0.9735,1.0166
2026020360,2026-11-21,CGY,CHI,0.5586,0.4355,0.3276,0.1231,0.1138,0.2369,0.6044,0.5576,2.9380,2.7171,27.9190,26.8673,3.0884,2.8523,3.3143,4.0069,51.7121,49.7638,0.5518,0.6812,3.8108,0.6118,1.0166,1.0510
2026020361,2026-11-21,FLA,BUF,0.5458,0.4361,0.3388,0.1097,0.1154,0.2251,0.5090,0.5580,3.3725,3.0313,30.2251,30.2397,3.6533,3.1275,4.3279,4.6303,55.9834,56.0102,0.9376,0.7937,4.1228,0.5445,0.9586,1.0031
2026020362,2026-11-21,NSH,PIT,0.5082,0.3996,0.3718,0.1086,0.1201,0.2286,0.5209,0.5062,3.2275,3.0438,28.3909,29.6148,3.3881,3.2370,3.7844,3.9735,52.5859,54.8528,0.7779,0.6920,4.0572,0.4949,0.9767,1.0014
2026020363,2026-11-21,BOS,WSH,0.5242,0.4131,0.3582,0.1111,0.1176,0.2287,0.5329,0.5256,3.2305,3.0142,28.7186,29.5174,3.5567,3.1599,3.8166,4.4138,53.1928,54.6725,0.7734,0.8378,4.0488,0.4983,0.9763,1.0056
2026020364,2026-11-21,TOR,CBJ,0.4194,0.3023,0.4694,0.1171,0.1112,0.2283,0.5124,0.4458,2.6233,3.2053,24.5423,32.4561,2.6979,3.5029,3.3135,4.1141,45.4578,60.1158,0.6338,0.7772,3.9318,0.5726,1.0668,0.9796
2026020365,2026-11-21,MTL,PHI,0.5915,0.4785,0.2966,0.1129,0.1119,0.2248,0.5868,0.5860,3.2945,2.7659,26.6598,28.0747,3.4243,2.9899,4.0504,3.6654,49.3798,52.0000,0.8893,0.7195,4.0141,0.6542,0.9682,1.0430
2026020366,2026-11-21,OTT,LAK,0.5872,0.4705,0.3018,0.1167,0.1110,0.2277,0.6005,0.5835,3.2265,2.7886,30.3559,28.8057,3.5347,2.9052,3.9569,3.8746,56.2259,53.3546,0.8289,0.7356,3.9814,0.5199,0.9769,1.0394
2026020367,2026-11-21,DET,NYI,0.5488,0.4315,0.3360,0.1172,0.1153,0.2325,0.5545,0.5552,3.0817,2.8281,26.3988,27.5106,3.2688,2.8475,3.5519,3.5633,48.8961,50.9557,0.8144,0.6714,3.9177,0.5470,0.9961,1.0332
2026020368,2026-11-21,STL,NJD,0.4531,0.3350,0.4355,0.1181,0.1114,0.2295,0.5660,0.4615,2.8340,3.2248,26.9199,32.4621,2.9585,3.3830,3.8984,4.0510,49.8615,60.1270,0.5494,0.9246,3.9934,0.4473,1.0323,0.9771
2026020369,2026-11-21,WPG,VGK,0.4416,0.3370,0.4254,0.1045,0.1330,0.2375,0.4988,0.4219,2.8740,2.8835,25.1746,28.2025,2.8790,2.9661,3.8560,3.3847,46.6287,52.2369,0.7010,0.7303,3.8451,0.6119,1.0261,1.0247
2026020370,2026-11-21,UTA,ANA,0.5853,0.4748,0.3039,0.1105,0.1108,0.2213,0.5853,0.5785,3.4095,2.8972,27.1399,28.6996,3.7912,3.0950,4.1456,4.2583,50.2685,53.1576,0.8231,0.8840,4.1090,0.6854,0.9542,1.0226
2026020371,2026-11-21,VAN,MIN,0.3442,0.2390,0.5507,0.1052,0.1051,0.2103,0.4182,0.3912,2.5084,3.4896,27.2879,31.2790,2.6469,3.6604,3.5886,3.5687,50.5432,57.9357,0.6885,0.8862,4.1054,0.4111,1.0873,0.9448
2026020372,2026-11-21,SJS,SEA,0.5425,0.4273,0.3412,0.1152,0.1163,0.2315,0.5290,0.5537,3.1311,2.8759,29.0435,28.7274,3.3470,2.9211,4.0865,3.8606,53.7948,53.2097,0.8111,0.7436,3.9571,0.4683,0.9894,1.0259
2026020373,2026-11-22,NYR,CAR,0.4205,0.3257,0.4459,0.0948,0.1336,0.2284,0.4347,0.4055,3.1242,3.1119,29.5771,37.0767,3.2560,3.4434,4.6869,4.1178,54.7832,68.6739,0.8443,0.7652,4.0379,0.4767,0.9903,0.9920
2026020374,2026-11-22,TBL,BUF,0.6062,0.5134,0.2735,0.0927,0.1203,0.2131,0.5604,0.5657,3.6512,2.6313,34.3492,29.1788,3.9511,2.8599,4.6251,4.3754,63.6217,54.0453,0.8889,0.6448,4.2286,0.6777,0.9268,1.0654
2026020375,2026-11-22,STL,EDM,0.4502,0.3297,0.4398,0.1206,0.1100,0.2305,0.5357,0.4755,2.7277,3.1875,25.2485,32.1773,2.9105,3.3264,3.6946,3.6170,46.7656,59.5995,0.6199,0.9841,3.9455,0.3927,1.0492,0.9819
2026020376,2026-11-22,DAL,PIT,0.6102,0.5154,0.2713,0.0948,0.1185,0.2133,0.5963,0.5634,3.6727,2.6856,28.5796,27.9686,3.8359,2.9209,4.0522,4.2061,52.9347,51.8035,0.8669,0.6439,4.2473,0.6167,0.9245,1.0562
2026020377,2026-11-22,VAN,CHI,0.5216,0.4047,0.3574,0.1169,0.1210,0.2378,0.5498,0.5204,2.9369,2.7724,27.6278,26.5380,3.0895,2.9798,3.2274,3.4492,51.1726,49.1539,0.6406,0.6659,3.8296,0.6582,1.0167,1.0420
2026020378,2026-11-23,NJD,CBJ,0.5322,0.4122,0.3550,0.1200,0.1128,0.2327,0.5352,0.5534,3.0555,2.9705,30.2916,29.4462,3.3080,3.0827,3.7210,3.7414,56.1067,54.5408,0.8016,0.6381,3.9553,0.6067,0.9998,1.0118
2026020379,2026-11-23,MTL,LAK,0.5795,0.4662,0.3075,0.1133,0.1131,0.2264,0.6049,0.5657,3.2918,2.8285,27.2040,30.4989,3.4826,3.1021,3.9462,3.4342,50.3881,56.4903,0.9096,0.6816,4.0273,0.4915,0.9686,1.0331
2026020380,2026-11-23,OTT,CGY,0.6764,0.5766,0.2177,0.0998,0.1058,0.2056,0.6171,0.6508,3.4883,2.3347,30.8219,24.2331,3.8562,2.3495,4.0482,3.5385,57.0886,44.8850,0.7955,0.5613,4.0936,0.6599,0.9450,1.1210
2026020381,2026-11-23,NYI,TOR,0.5805,0.4682,0.3020,0.1123,0.1175,0.2298,0.5665,0.5723,3.1695,2.6317,32.1268,23.6088,3.4478,2.6978,4.1868,3.0250,59.5058,43.7286,0.7098,0.6326,3.9110,0.5058,0.9843,1.0653
2026020382,2026-11-23,WPG,UTA,0.4872,0.3809,0.3813,0.1063,0.1315,0.2378,0.5334,0.4603,3.0061,2.7818,26.7245,27.3639,3.0914,2.9154,4.0547,3.7671,49.4993,50.6837,0.8132,0.7079,3.8657,0.6108,1.0067,1.0405
2026020383,2026-11-23,SEA,ANA,0.4722,0.3667,0.4047,0.1055,0.1231,0.2286,0.5284,0.4571,3.1291,3.0817,25.4013,30.6394,3.3306,3.2877,3.7196,3.7992,47.0487,56.7507,0.7040,0.8539,4.0282,0.6085,0.9897,0.9961
2026020384,2026-11-23,SJS,MIN,0.3970,0.2873,0.4927,0.1096,0.1103,0.2199,0.4411,0.4370,2.8022,3.4433,29.7233,32.5933,3.0177,3.5677,4.4015,4.3281,55.0540,60.3702,0.7664,1.0429,4.1112,0.3178,1.0373,0.9502
2026020385,2026-11-24,EDM,VGK,0.4948,0.3870,0.3799,0.1078,0.1253,0.2331,0.5264,0.4814,3.1061,2.9288,28.1937,27.6991,3.2130,3.0212,3.5476,3.3399,52.2209,51.3045,0.8590,0.7959,3.9628,0.6401,0.9928,1.0179
2026020386,2026-11-25,BOS,WPG,0.5684,0.4484,0.3213,0.1200,0.1103,0.2303,0.5688,0.5818,3.1340,2.8631,27.0017,27.9421,3.2879,2.9784,3.6698,3.8735,50.0128,51.7549,0.7524,0.7722,3.9545,0.4402,0.9890,1.0278
2026020387,2026-11-25,BUF,NYR,0.5808,0.4529,0.3152,0.1280,0.1039,0.2319,0.6131,0.5992,3.0642,2.9013,30.1035,28.2008,3.3427,2.9839,4.3155,4.2485,55.7580,52.2341,0.7386,0.8400,3.9340,0.4677,0.9986,1.0220
2026020388,2026-11-25,TBL,CAR,0.4734,0.3775,0.3939,0.0959,0.1327,0.2286,0.5093,0.4360,3.3557,3.0416,31.6608,35.2582,3.6035,3.3803,4.7477,4.3612,58.6420,65.3050,0.8072,0.7560,4.1173,0.5412,0.9607,1.0017
2026020389,2026-11-25,FLA,OTT,0.5332,0.4114,0.3601,0.1219,0.1066,0.2285,0.5318,0.5685,3.1501,3.1667,27.3106,30.8403,3.3221,3.3064,4.1251,4.4133,50.5851,57.1228,0.9010,0.8708,4.0697,0.5333,0.9869,0.9847
2026020390,2026-11-25,NYI,STL,0.5282,0.4172,0.3466,0.1110,0.1251,0.2361,0.5280,0.5201,3.0347,2.7025,29.9529,24.7931,3.1595,2.8345,4.2435,3.6586,55.4793,45.9222,0.7377,0.6268,3.8549,0.5622,1.0027,1.0534
2026020391,2026-11-25,PIT,CGY,0.6299,0.5135,0.2650,0.1165,0.1050,0.2215,0.5918,0.6386,3.2997,2.6730,29.1659,26.1286,3.6034,2.7222,3.9794,3.4057,54.0215,48.3957,0.7060,0.5924,3.9978,0.6653,0.9676,1.0583
2026020392,2026-11-25,WSH,PHI,0.5598,0.4397,0.3304,0.1201,0.1099,0.2299,0.5794,0.5702,3.1273,2.9133,29.0805,29.0993,3.2701,3.1713,4.3469,3.9792,53.8635,53.8980,0.7935,0.7872,3.9674,0.6716,0.9899,1.0202
2026020393,2026-11-25,CBJ,NJD,0.5243,0.4104,0.3581,0.1139,0.1176,0.2315,0.5651,0.5184,3.1330,2.9567,29.6109,30.4725,3.3387,3.1174,3.7550,3.7474,54.8458,56.4418,0.6220,0.8338,3.9847,0.4739,0.9892,1.0138
2026020394,2026-11-25,DET,VAN,0.6613,0.5569,0.2325,0.1044,0.1062,0.2106,0.6281,0.6381,3.4518,2.4499,29.1479,24.6552,3.6881,2.5111,3.4838,3.1063,53.9881,45.6666,0.8146,0.6543,4.0710,0.5780,0.9492,1.0983
2026020395,2026-11-25,DAL,NSH,0.6058,0.4965,0.2824,0.1094,0.1117,0.2211,0.6244,0.5817,3.4008,2.7388,28.2583,27.6694,3.6274,2.9221,4.1305,4.3255,52.3402,51.2495,0.7829,0.7778,4.0722,0.6573,0.9552,1.0474
2026020396,2026-11-25,MIN,UTA,0.5548,0.4480,0.3222,0.1068,0.1229,0.2298,0.5801,0.5248,3.2367,2.7098,28.7728,28.3918,3.4660,2.8809,4.0733,3.7711,53.2932,52.5875,0.9277,0.7219,3.9680,0.6123,0.9755,1.0522
2026020397,2026-11-25,COL,MTL,0.6227,0.4892,0.2868,0.1335,0.0905,0.2240,0.6059,0.6726,3.2906,3.1353,31.1847,24.7247,3.6422,3.1822,3.3387,4.0569,57.7603,45.7953,0.7111,0.9415,4.1162,0.6823,0.9687,0.9888
2026020398,2026-11-25,ANA,SJS,0.5864,0.4643,0.3115,0.1221,0.1021,0.2242,0.5926,0.6079,3.3144,3.0721,30.4710,25.7210,3.5685,3.2718,4.2842,4.4129,56.4388,47.6408,0.9285,0.8588,4.1065,0.5430,0.9658,0.9975
2026020399,2026-11-25,SEA,CHI,0.5642,0.4471,0.3194,0.1171,0.1164,0.2335,0.5936,0.5546,3.0623,2.6986,27.9993,26.5957,3.2069,2.8038,3.2487,3.7264,51.8610,49.2610,0.5658,0.7351,3.8683,0.6332,0.9988,1.0540
2026020400,2026-11-27,BOS,TOR,0.5998,0.4950,0.2840,0.1049,0.1161,0.2210,0.5939,0.5729,3.4161,2.6738,30.6735,25.9732,3.7643,2.7940,4.0116,3.4681,56.8139,48.1081,0.8316,0.6723,4.0712,0.5037,0.9534,1.0582
2026020401,2026-11-27,NJD,CGY,0.6603,0.5596,0.2317,0.1007,0.1080,0.2087,0.5764,0.6468,3.5068,2.4381,31.3917,25.9296,3.8103,2.4569,3.7681,3.3898,58.1442,48.0274,0.7971,0.5276,4.1115,0.6794,0.9428,1.1005
2026020402,2026-11-27,NSH,UTA,0.4762,0.3663,0.3987,0.1099,0.1251,0.2350,0.5169,0.4699,2.9698,2.9347,27.1977,29.2939,3.1395,3.1696,4.1606,3.9217,50.3759,54.2585,0.8589,0.6834,3.9052,0.5197,1.0119,1.0171
2026020403,2026-11-27,STL,DAL,0.4513,0.3337,0.4362,0.1176,0.1125,0.2301,0.5034,0.4797,2.8164,3.1967,27.4777,29.2016,3.0819,3.2958,4.7110,4.6055,50.8947,54.0875,0.6262,0.9550,3.9737,0.3946,1.0350,0.9807
2026020404,2026-11-27,TBL,OTT,0.5588,0.4428,0.3283,0.1160,0.1129,0.2289,0.5828,0.5570,3.2035,2.9045,29.7886,30.5940,3.4047,3.1721,4.3361,4.3889,55.1744,56.6664,0.7983,0.7761,4.0016,0.6655,0.9798,1.0216
2026020405,2026-11-27,PHI,VAN,0.6514,0.5467,0.2390,0.1047,0.1095,0.2142,0.6389,0.6186,3.3886,2.4133,28.5369,25.3646,3.6507,2.4729,3.5447,3.4956,52.8565,46.9810,0.7808,0.6668,4.0218,0.4743,0.9567,1.1053
2026020406,2026-11-27,WSH,FLA,0.4932,0.3800,0.3906,0.1132,0.1162,0.2294,0.5655,0.4874,3.1224,3.1435,29.2164,29.1231,3.2316,3.4021,4.6493,3.8126,54.1151,53.9421,0.8154,0.8928,4.0498,0.5398,0.9906,0.9878
2026020407,2026-11-27,CBJ,DET,0.5687,0.4523,0.3183,0.1163,0.1131,0.2294,0.5671,0.5732,3.1893,2.8325,28.4109,27.6707,3.4414,2.8754,3.6128,3.9045,52.6230,51.2521,0.7127,0.8585,3.9734,0.5396,0.9817,1.0325
2026020408,2026-11-27,MIN,COL,0.4629,0.3654,0.4027,0.0976,0.1343,0.2319,0.4965,0.4309,3.2295,2.9880,28.3108,31.5360,3.4669,3.1571,4.1284,3.5362,52.4376,58.4111,0.9060,0.7715,4.0400,0.4799,0.9765,1.0093
2026020409,2026-11-27,ANA,LAK,0.4919,0.3695,0.4038,0.1224,0.1042,0.2267,0.5434,0.5269,3.0431,3.3572,30.6133,28.5186,3.3733,3.5949,4.1962,3.8544,56.7026,52.8226,0.8581,0.8620,4.1193,0.3553,1.0015,0.9605
2026020410,2026-11-27,SJS,VGK,0.3768,0.2779,0.4996,0.0988,0.1237,0.2225,0.4370,0.3807,2.8663,3.3078,27.6018,31.6030,2.9989,3.3775,4.7448,3.8894,51.1246,58.5356,0.7818,0.9020,4.0465,0.3878,1.0273,0.9666
2026020411,2026-11-27,CHI,NYR,0.4152,0.3013,0.4671,0.1139,0.1176,0.2316,0.4677,0.4434,2.6280,3.1110,26.8778,28.1881,2.8118,3.0799,4.2554,3.5966,49.7835,52.2108,0.7119,0.7647,3.8773,0.2907,1.0660,0.9921
2026020412,2026-11-27,NYI,WPG,0.5269,0.4058,0.3570,0.1211,0.1161,0.2372,0.5411,0.5430,2.9127,2.8328,28.1864,25.5493,3.0121,2.8762,3.8676,3.3814,52.2074,47.3229,0.6551,0.7252,3.8411,0.4430,1.0203,1.0325
2026020413,2026-11-27,BUF,PIT,0.5766,0.4643,0.3123,0.1122,0.1111,0.2233,0.5984,0.5672,3.4024,2.9663,28.6603,28.9228,3.5726,3.1325,3.8960,4.2144,53.0848,53.5711,0.7253,0.7435,4.1213,0.5276,0.9550,1.0124
2026020414,2026-11-27,EDM,SEA,0.6501,0.5387,0.2450,0.1114,0.1049,0.2164,0.6167,0.6431,3.3487,2.5317,30.9570,24.7789,3.6066,2.5857,3.1818,3.2860,57.3391,45.8958,0.9025,0.6454,4.0063,0.7102,0.9615,1.0830
2026020415,2026-11-28,VGK,MTL,0.5285,0.4012,0.3693,0.1273,0.1022,0.2295,0.5577,0.5696,3.0061,3.1852,28.8697,25.4092,3.2610,3.1534,3.1249,4.1133,53.4726,47.0633,0.6495,0.9253,4.0258,0.5478,1.0067,0.9822
2026020416,2026-11-28,FLA,TBL,0.5036,0.3895,0.3836,0.1141,0.1129,0.2270,0.4986,0.5292,3.1698,3.1831,31.4490,32.8656,3.4810,3.3059,4.4430,4.4897,58.2500,60.8736,0.8853,0.8456,4.0839,0.4084,0.9843,0.9825
2026020417,2026-11-28,DET,NSH,0.5526,0.4405,0.3292,0.1120,0.1182,0.2303,0.5617,0.5444,3.2023,2.8201,29.3318,26.0217,3.4787,2.8793,3.8466,3.3114,54.3288,48.1977,0.7725,0.7624,3.9767,0.5427,0.9800,1.0345
2026020418,2026-11-28,NJD,WPG,0.6000,0.4868,0.2883,0.1132,0.1117,0.2249,0.5473,0.6092,3.2821,2.7082,30.0201,26.6871,3.4708,2.7232,3.5163,3.3653,55.6037,49.4305,0.8019,0.6116,3.9943,0.5106,0.9698,1.0524
2026020419,2026-11-28,NYR,CGY,0.6085,0.4959,0.2749,0.1126,0.1166,0.2292,0.5769,0.5974,3.1150,2.4257,27.4475,27.4841,3.3418,2.5694,3.8140,3.7566,50.8387,50.9066,0.7748,0.6234,3.8345,0.7127,0.9916,1.1029
2026020420,2026-11-28,PIT,TOR,0.6049,0.4845,0.2896,0.1204,0.1055,0.2259,0.5881,0.6198,3.2493,2.8232,30.7121,24.7845,3.6646,2.8632,4.0317,3.1020,56.8852,45.9061,0.7543,0.6366,4.0027,0.5584,0.9739,1.0340
2026020421,2026-11-28,CAR,OTT,0.6435,0.5198,0.2617,0.1237,0.0948,0.2185,0.6221,0.6682,3.4010,2.9244,30.9172,26.7840,3.5575,3.0440,3.8948,3.9901,57.2653,49.6098,0.8008,0.7311,4.1104,0.6627,0.9552,1.0186
2026020422,2026-11-28,STL,WSH,0.4888,0.3738,0.3942,0.1150,0.1170,0.2320,0.5271,0.4986,2.9432,3.0047,26.6960,29.0066,3.1802,3.0629,3.8322,4.2450,49.4468,53.7267,0.6157,0.8541,3.9234,0.4772,1.0158,1.0069
2026020423,2026-11-28,PHI,NYI,0.5470,0.4337,0.3321,0.1133,0.1210,0.2343,0.5659,0.5345,3.0688,2.7042,25.8369,28.8048,3.2295,2.8201,3.4665,3.9490,47.8555,53.3532,0.7661,0.6605,3.8733,0.4453,0.9979,1.0531
2026020424,2026-11-28,DAL,UTA,0.5638,0.4596,0.3145,0.1042,0.1217,0.2259,0.5925,0.5274,3.3571,2.7496,28.0399,30.3481,3.5196,3.0798,4.3405,4.3798,51.9350,56.2105,0.9116,0.6886,4.0476,0.6369,0.9605,1.0457
2026020425,2026-11-28,COL,SJS,0.7239,0.6137,0.1907,0.1101,0.0855,0.1956,0.7016,0.7199,3.6499,2.6058,32.7246,25.2573,3.9565,2.7439,3.7779,4.0750,60.6127,46.7822,0.9053,0.7259,4.2264,0.8042,0.9269,1.0698
2026020426,2026-11-28,LAK,ANA,0.5601,0.4612,0.3167,0.0989,0.1232,0.2221,0.5569,0.5258,3.5332,2.8516,28.4852,29.8659,3.8786,3.0835,3.7564,3.9090,52.7606,55.3183,0.8362,0.8279,4.1730,0.7163,0.9398,1.0296
2026020427,2026-11-28,SEA,EDM,0.4041,0.2924,0.4829,0.1117,0.1130,0.2247,0.4819,0.4293,2.7001,3.2861,26.1813,32.0346,2.8599,3.4359,3.4252,3.2550,48.4935,59.3353,0.6475,0.9567,3.9964,0.3635,1.0538,0.9693
2026020428,2026-11-29,CHI,MIN,0.3606,0.2539,0.5300,0.1066,0.1094,0.2161,0.4186,0.4041,2.5769,3.4143,26.2826,31.0703,2.7070,3.5029,3.8893,3.5869,48.6812,57.5491,0.6893,0.8212,4.0587,0.2991,1.0749,0.9536
2026020429,2026-11-29,BOS,VAN,0.6743,0.5763,0.2209,0.0980,0.1048,0.2028,0.6501,0.6367,3.6216,2.4640,28.5345,26.4127,3.8757,2.6164,3.3920,3.5629,52.8519,48.9221,0.7784,0.6865,4.2007,0.5685,0.9300,1.0956
2026020430,2026-11-30,NSH,OTT,0.4373,0.3224,0.4498,0.1149,0.1129,0.2278,0.4944,0.4641,2.8327,3.2591,26.2497,30.6968,2.9386,3.4693,4.0157,3.9004,48.6203,56.8570,0.7669,0.7707,4.0115,0.4979,1.0325,0.9727
2026020431,2026-11-30,NYR,CAR,0.3779,0.2848,0.4881,0.0931,0.1340,0.2271,0.4347,0.3597,2.9644,3.1891,27.9150,36.0884,3.0746,3.4848,4.5249,4.2124,51.7048,66.8432,0.7909,0.8165,4.0138,0.4767,1.0127,0.9817
2026020432,2026-11-30,PIT,CBJ,0.4866,0.3607,0.4101,0.1259,0.1033,0.2292,0.5509,0.5253,2.9105,3.3081,28.4219,31.0962,3.1427,3.4922,3.9691,3.8961,52.6432,57.5963,0.7169,0.7340,4.0579,0.5883,1.0207,0.9665
2026020433,2026-11-30,TOR,PHI,0.4688,0.3486,0.4158,0.1203,0.1154,0.2356,0.5179,0.4924,2.7638,3.0314,25.5528,30.8078,2.8465,3.2905,3.4901,4.2381,47.3297,57.0628,0.6466,0.8491,3.8729,0.6714,1.0434,1.0031
2026020434,2026-11-30,WPG,CHI,0.6556,0.5588,0.2322,0.0968,0.1123,0.2091,0.6323,0.6088,3.5156,2.3677,28.9228,24.2446,3.5829,2.4494,3.4135,3.5904,53.5712,44.9061,0.7189,0.6170,4.1159,0.7626,0.9418,1.1144
2026020435,2026-11-30,UTA,MTL,0.5022,0.3755,0.3921,0.1267,0.1057,0.2324,0.5232,0.5486,2.9088,3.1878,28.2777,26.4270,3.2441,3.2534,3.6112,4.3110,52.3761,48.9483,0.6545,1.0152,3.9958,0.5482,1.0209,0.9819
2026020436,2026-12-01,DET,CGY,0.6125,0.5066,0.2714,0.1059,0.1161,0.2221,0.5745,0.5940,3.3188,2.5173,29.6567,25.6386,3.5616,2.5864,4.0376,3.3300,54.9306,47.4882,0.8173,0.6092,3.9841,0.6224,0.9652,1.0857
2026020437,2026-12-01,NJD,SJS,0.6496,0.5437,0.2459,0.1058,0.1045,0.2104,0.6079,0.6393,3.5693,2.6797,32.3029,26.9684,3.7840,2.7188,4.0026,3.8278,59.8319,49.9513,0.9571,0.6240,4.1742,0.7279,0.9358,1.0572
2026020438,2026-12-01,NYI,FLA,0.4572,0.3493,0.4199,0.1079,0.1229,0.2308,0.5203,0.4495,3.0221,3.1051,29.5341,26.3509,3.1111,3.2530,4.5005,3.4887,54.7037,48.8074,0.7411,0.8892,3.9959,0.5004,1.0044,0.9929
2026020439,2026-12-01,WSH,VAN,0.6824,0.5749,0.2182,0.1076,0.0994,0.2070,0.6658,0.6620,3.4621,2.4613,28.1217,25.5163,3.6492,2.6013,3.5745,3.3476,52.0875,47.2618,0.7500,0.6598,4.0794,0.6098,0.9480,1.0961
2026020440,2026-12-01,BOS,COL,0.4145,0.3206,0.4513,0.0939,0.1342,0.2281,0.4681,0.3858,3.1609,3.1633,26.8061,32.2017,3.3598,3.4365,4.1411,3.7403,49.6504,59.6442,0.8373,0.7925,4.0726,0.3780,0.9854,0.9851
2026020441,2026-12-01,EDM,BUF,0.5164,0.4107,0.3581,0.1057,0.1255,0.2313,0.5158,0.5039,3.2263,2.8856,31.3110,26.9131,3.4736,2.9814,3.6787,3.7637,57.9950,49.8488,0.8727,0.7582,4.0076,0.6312,0.9769,1.0244
2026020442,2026-12-01,SEA,DAL,0.3995,0.2895,0.4875,0.1100,0.1130,0.2230,0.4496,0.4334,2.7329,3.3265,27.1331,28.1046,2.9043,3.3452,4.2128,3.8926,50.2568,52.0558,0.6585,0.9053,4.0274,0.3658,1.0484,0.9642
2026020443,2026-12-01,ANA,MIN,0.4540,0.3301,0.4480,0.1238,0.0981,0.2219,0.4842,0.5217,2.9111,3.5661,30.2921,28.7781,3.1734,3.8057,3.9703,4.0937,56.1075,53.3030,0.7888,1.0124,4.2047,0.3205,1.0206,0.9361
2026020444,2026-12-01,LAK,VGK,0.4625,0.3574,0.4088,0.1051,0.1287,0.2338,0.4867,0.4539,3.0259,2.9648,30.0266,31.1422,3.2352,3.1466,4.0558,3.6713,55.6160,57.6822,0.7413,0.7924,3.9405,0.5800,1.0039,1.0127
2026020445,2026-12-02,MTL,TBL,0.4786,0.3686,0.4003,0.1100,0.1211,0.2311,0.5218,0.4766,3.0825,3.0855,27.2556,30.9168,3.3111,3.3212,4.4333,3.7831,50.4832,57.2640,0.8500,0.7477,4.0109,0.3827,0.9960,0.9956
2026020446,2026-12-02,STL,PIT,0.5128,0.4009,0.3683,0.1119,0.1189,0.2308,0.5504,0.5069,3.1564,3.0049,27.0991,29.8598,3.3101,3.1437,3.9276,4.2047,50.1931,55.3066,0.6311,0.8059,4.0119,0.4663,0.9860,1.0069
2026020447,2026-12-02,UTA,WPG,0.5746,0.4446,0.3200,0.1300,0.1055,0.2355,0.5668,0.6097,2.9579,2.8375,27.3911,26.3585,3.1653,2.8500,3.7949,3.9553,50.7342,48.8215,0.7105,0.8147,3.8629,0.4668,1.0137,1.0318
2026020448,2026-12-03,TOR,FLA,0.4094,0.3003,0.4754,0.1092,0.1152,0.2243,0.5038,0.4196,2.8261,3.3182,26.1225,31.0879,2.8895,3.5643,3.8098,4.0524,48.3847,57.5815,0.6942,0.9671,4.0427,0.5350,1.0335,0.9653
2026020449,2026-12-03,OTT,NJD,0.5523,0.4351,0.3355,0.1172,0.1122,0.2294,0.5917,0.5503,3.1877,2.9527,28.9974,28.7372,3.3804,3.0515,3.6733,3.8432,53.7094,53.2275,0.6876,0.8086,4.0089,0.5167,0.9819,1.0144
2026020450,2026-12-03,DET,COL,0.4062,0.3118,0.4600,0.0945,0.1337,0.2282,0.4445,0.3873,3.0870,3.1570,27.1947,29.9604,3.2473,3.2903,4.3224,3.2963,50.3703,55.4929,0.9089,0.7653,4.0419,0.3850,0.9954,0.9860
2026020451,2026-12-03,NYR,SJS,0.6087,0.4953,0.2813,0.1134,0.1100,0.2235,0.6084,0.5990,3.3040,2.7029,29.3408,29.8257,3.4115,2.9162,4.3566,4.5757,54.3456,55.2436,0.9777,0.7640,4.0063,0.7601,0.9670,1.0533
2026020452,2026-12-03,PHI,NYI,0.5403,0.4209,0.3436,0.1194,0.1162,0.2356,0.5659,0.5441,2.9887,2.8035,26.0629,28.8563,3.2327,2.8401,3.5907,4.1000,48.2740,53.4484,0.7542,0.6996,3.8649,0.4453,1.0092,1.0370
2026020453,2026-12-03,CAR,CBJ,0.6357,0.5006,0.2735,0.1351,0.0908,0.2259,0.6473,0.6719,3.2006,2.9721,31.3447,27.6004,3.4859,3.1188,3.6721,4.2107,58.0569,51.1219,0.7685,0.7029,4.0212,0.7038,0.9802,1.0116
2026020454,2026-12-03,NSH,CHI,0.6207,0.5073,0.2698,0.1134,0.1095,0.2228,0.6168,0.6087,3.2885,2.6197,28.7010,26.2768,3.4494,2.7532,3.4883,3.8278,53.1606,48.6704,0.7183,0.6389,3.9809,0.6899,0.9690,1.0674
2026020455,2026-12-03,CGY,BUF,0.3870,0.2808,0.4936,0.1061,0.1195,0.2256,0.4586,0.4021,2.7018,3.2329,27.5758,29.4999,2.8431,3.3631,3.9632,4.0964,51.0768,54.6403,0.6245,0.7380,3.9653,0.4265,1.0535,0.9760
2026020456,2026-12-03,EDM,WSH,0.5574,0.4459,0.3256,0.1115,0.1170,0.2285,0.5416,0.5578,3.2436,2.8403,30.9215,25.8184,3.5661,2.8761,3.4257,3.7654,57.2734,47.8211,0.8817,0.7907,4.0041,0.6248,0.9747,1.0313
2026020457,2026-12-03,SEA,DAL,0.4032,0.2935,0.4815,0.1097,0.1153,0.2250,0.4496,0.4334,2.7384,3.2739,27.2976,27.8693,2.9179,3.3353,4.2395,3.9548,50.5614,51.6200,0.6534,0.9058,3.9974,0.3658,1.0475,0.9708
2026020458,2026-12-03,VGK,UTA,0.6053,0.4984,0.2792,0.1069,0.1155,0.2224,0.5843,0.5858,3.3581,2.6178,29.9926,25.5867,3.5754,2.7359,3.9021,3.7798,55.5521,47.3919,0.9020,0.6470,4.0250,0.5398,0.9604,1.0677
2026020459,2026-12-03,LAK,MIN,0.4765,0.3606,0.4074,0.1160,0.1160,0.2320,0.4910,0.5024,2.9453,3.1056,32.1760,31.8731,3.2341,3.3190,3.7937,4.0174,59.5971,59.0363,0.7412,0.9090,3.9686,0.5084,1.0155,0.9929
2026020460,2026-12-04,NYI,SJS,0.5834,0.4677,0.3038,0.1156,0.1128,0.2284,0.6019,0.5746,3.1875,2.7356,30.1466,25.8812,3.3831,2.8685,4.1489,3.6698,55.8381,47.9376,0.7783,0.7165,3.9464,0.6628,0.9819,1.0479
2026020461,2026-12-04,STL,CHI,0.6629,0.5648,0.2276,0.0982,0.1095,0.2077,0.6444,0.6186,3.4957,2.3536,28.3278,24.6626,3.6117,2.4561,3.7264,3.7677,52.4691,45.6806,0.6485,0.6496,4.0999,0.6617,0.9441,1.1172
2026020462,2026-12-04,VAN,BUF,0.3676,0.2688,0.5098,0.0989,0.1225,0.2214,0.4037,0.3849,2.8047,3.3193,28.3723,29.1978,2.9399,3.4017,3.9455,3.4790,52.5520,54.0807,0.7435,0.7059,4.0384,0.4729,1.0369,0.9651
2026020463,2026-12-04,ANA,SEA,0.6128,0.4977,0.2818,0.1150,0.1055,0.2205,0.5718,0.6264,3.3720,2.8251,31.2159,24.9825,3.7247,3.0090,3.8920,3.6363,57.8184,46.2729,0.8919,0.6758,4.0718,0.4705,0.9587,1.0337
2026020464,2026-12-05,BOS,DET,0.5537,0.4352,0.3357,0.1185,0.1106,0.2291,0.5736,0.5627,3.1912,2.9857,26.8878,29.1560,3.4026,3.1761,3.5261,4.1207,49.8019,54.0032,0.7737,0.8895,4.0213,0.5318,0.9814,1.0096
2026020465,2026-12-05,MTL,FLA,0.5342,0.4271,0.3473,0.1071,0.1186,0.2257,0.5730,0.5132,3.3529,3.0075,27.2294,28.4713,3.4466,3.2466,4.3288,3.5659,50.4347,52.7347,0.9306,0.8336,4.1063,0.5184,0.9610,1.0065
2026020466,2026-12-05,NSH,CBJ,0.4636,0.3445,0.4235,0.1191,0.1129,0.2321,0.5216,0.4877,2.8259,3.1440,27.7332,31.0708,2.9993,3.4111,3.9244,3.9706,51.3679,57.5498,0.7886,0.6852,3.9489,0.5408,1.0335,0.9877
2026020467,2026-12-05,PIT,NJD,0.4936,0.3685,0.4042,0.1251,0.1022,0.2273,0.5658,0.5273,3.0204,3.3844,28.4982,31.5409,3.1910,3.5139,3.7645,3.6269,52.7846,58.4203,0.6201,0.8252,4.1267,0.5195,1.0047,0.9572
2026020468,2026-12-05,CGY,WSH,0.4188,0.3041,0.4662,0.1146,0.1151,0.2297,0.4844,0.4455,2.6483,3.1528,26.6300,28.5956,2.8734,3.2229,3.6267,4.1550,49.3246,52.9653,0.6106,0.7724,3.9064,0.4246,1.0625,0.9865
2026020469,2026-12-05,OTT,TBL,0.4959,0.3832,0.3859,0.1127,0.1182,0.2309,0.5172,0.5045,3.0886,3.0576,31.3933,30.5352,3.4482,3.1793,4.5441,4.3733,58.1469,56.5574,0.7802,0.8064,4.0023,0.4132,0.9952,0.9995
2026020470,2026-12-05,NYR,COL,0.4055,0.3085,0.4610,0.0970,0.1335,0.2305,0.4470,0.3907,2.9704,3.0891,26.4954,32.9464,3.1088,3.3116,4.3338,3.8940,49.0752,61.0236,0.8786,0.7893,3.9701,0.4883,1.0118,0.9951
2026020471,2026-12-05,CAR,TOR,0.7364,0.6259,0.1807,0.1105,0.0829,0.1934,0.6811,0.7437,3.6164,2.5330,34.5663,22.2870,4.0982,2.5140,3.8666,3.4045,64.0239,41.2804,0.8236,0.5984,4.1984,0.6783,0.9306,1.0828
2026020472,2026-12-05,VGK,WPG,0.6141,0.4866,0.2836,0.1275,0.1023,0.2297,0.6006,0.6387,3.0904,2.7386,28.6761,24.9703,3.2711,2.6918,3.4604,3.7561,53.1142,46.2503,0.7382,0.7052,3.8947,0.4660,0.9949,1.0474
2026020473,2026-12-05,MIN,PHI,0.5919,0.4765,0.2961,0.1154,0.1120,0.2274,0.5900,0.5886,3.2215,2.7236,29.9288,28.4764,3.4502,2.8690,3.9759,3.8523,55.4348,52.7442,0.8588,0.7751,3.9625,0.7238,0.9775,1.0499
2026020474,2026-12-05,LAK,UTA,0.5037,0.3954,0.3706,0.1083,0.1257,0.2340,0.5214,0.4927,3.0948,2.8625,31.0170,30.1516,3.3971,3.1108,4.1853,4.0861,57.4499,55.8474,0.8277,0.7712,3.9352,0.5791,0.9943,1.0279
2026020475,2026-12-05,VAN,DAL,0.3235,0.2199,0.5783,0.1036,0.0982,0.2018,0.4058,0.3815,2.4478,3.6331,26.4480,28.8014,2.6698,3.7480,4.0577,3.8598,48.9878,53.3464,0.6432,0.9211,4.2125,0.3860,1.0987,0.9288
2026020476,2026-12-06,PIT,SJS,0.5854,0.4556,0.3168,0.1298,0.0978,0.2276,0.6229,0.6128,3.2040,3.1264,29.3100,28.6445,3.4357,3.2350,4.0907,4.1612,54.2885,53.0554,0.7878,0.8012,4.0760,0.7156,0.9798,0.9900
2026020477,2026-12-06,STL,NSH,0.5678,0.4597,0.3126,0.1081,0.1196,0.2277,0.5794,0.5450,3.2231,2.6761,28.3108,27.2515,3.4659,2.7846,4.0921,3.7475,52.4376,50.4757,0.6451,0.7628,3.9525,0.5119,0.9773,1.0578
2026020478,2026-12-06,MTL,OTT,0.5074,0.3903,0.3793,0.1171,0.1133,0.2304,0.5548,0.5163,3.0988,3.1215,25.1021,30.0195,3.1639,3.3458,3.9293,3.4975,46.4946,55.6023,0.8262,0.7532,4.0317,0.5114,0.9938,0.9907
2026020479,2026-12-06,CHI,EDM,0.3661,0.2610,0.5172,0.1051,0.1167,0.2218,0.4379,0.3901,2.5929,3.2741,24.2873,31.4292,2.7279,3.3706,3.7673,3.1372,44.9853,58.2141,0.7125,0.8108,3.9686,0.2725,1.0721,0.9708
2026020480,2026-12-06,ANA,WPG,0.5589,0.4396,0.3317,0.1193,0.1094,0.2287,0.5314,0.5864,3.1920,2.9805,29.8194,25.0851,3.4317,3.1334,4.0210,3.7235,55.2318,46.4629,0.8450,0.7614,4.0199,0.3242,0.9813,1.0104
2026020481,2026-12-06,SEA,BUF,0.4033,0.3003,0.4707,0.1030,0.1260,0.2290,0.4475,0.4085,2.8517,3.1582,28.0058,29.3411,2.9941,3.2628,3.9302,3.8256,51.8732,54.3462,0.6469,0.7900,3.9638,0.4496,1.0296,0.9858
2026020482,2026-12-07,NYI,COL,0.3980,0.3012,0.4687,0.0967,0.1333,0.2301,0.4403,0.3853,2.9549,3.1160,27.7363,29.3977,3.0975,3.3265,4.3167,3.3447,51.3736,54.4505,0.7296,0.7602,3.9767,0.3816,1.0141,0.9914
2026020483,2026-12-07,TBL,CBJ,0.5774,0.4559,0.3137,0.1215,0.1089,0.2304,0.6090,0.5803,3.1202,2.8300,29.8079,30.3131,3.3419,3.0877,3.9570,4.3559,55.2101,56.1460,0.7760,0.7010,3.9374,0.7073,0.9909,1.0329
2026020484,2026-12-07,NYR,NJD,0.4794,0.3629,0.4042,0.1165,0.1164,0.2329,0.5507,0.4838,2.9336,3.0787,28.0316,33.5122,3.0168,3.3222,3.8398,4.0957,51.9207,62.0717,0.7043,0.8517,3.9524,0.5768,1.0172,0.9965
2026020485,2026-12-07,VAN,WSH,0.3731,0.2664,0.5143,0.1067,0.1126,0.2193,0.4289,0.4089,2.6347,3.3527,27.0046,29.2619,2.8663,3.4169,3.5674,3.7986,50.0186,54.1996,0.6731,0.8111,4.0260,0.4698,1.0648,0.9610
2026020486,2026-12-08,MTL,VGK,0.4997,0.3944,0.3728,0.1053,0.1274,0.2328,0.5427,0.4735,3.1551,2.8862,24.2456,29.0619,3.1978,3.0744,3.9649,3.1819,44.9080,53.8284,0.8315,0.6848,3.9721,0.5341,0.9862,1.0243
2026020487,2026-12-08,OTT,ANA,0.6134,0.5151,0.2709,0.0983,0.1157,0.2139,0.6070,0.5728,3.6288,2.7075,27.7426,27.0893,4.0047,2.8510,4.0727,4.0260,51.3850,50.1752,0.8977,0.7579,4.2179,0.7069,0.9292,1.0525
2026020488,2026-12-08,FLA,BOS,0.5726,0.4536,0.3227,0.1191,0.1046,0.2237,0.5522,0.6004,3.3356,3.1025,30.6747,29.8388,3.6853,3.2135,4.1477,4.3546,56.8159,55.2677,0.9359,0.8523,4.1259,0.5811,0.9631,0.9933
2026020489,2026-12-08,PIT,CHI,0.6509,0.5332,0.2500,0.1177,0.0991,0.2168,0.6442,0.6527,3.3880,2.7237,28.7947,24.8391,3.5901,2.7588,3.5232,3.6893,53.3338,46.0073,0.6593,0.6836,4.0615,0.7338,0.9568,1.0499
2026020490,2026-12-08,CAR,NYR,0.7143,0.6056,0.1965,0.1087,0.0892,0.1979,0.6605,0.7156,3.6111,2.5570,35.3487,24.7232,4.0031,2.6194,4.1110,3.8928,65.4730,45.7929,0.8755,0.6872,4.1954,0.6033,0.9311,1.0785
2026020491,2026-12-08,STL,COL,0.4055,0.3078,0.4623,0.0977,0.1322,0.2298,0.4624,0.3879,2.9572,3.0994,26.9182,32.2166,3.1645,3.2718,4.5275,3.7053,49.8584,59.6720,0.7231,0.7789,3.9700,0.3590,1.0138,0.9937
2026020492,2026-12-08,WPG,PHI,0.5161,0.3999,0.3622,0.1162,0.1217,0.2379,0.5436,0.5153,2.9304,2.7817,27.1080,26.9738,3.0144,2.8739,3.8048,3.7566,50.2101,49.9614,0.7287,0.7482,3.8300,0.7198,1.0177,1.0405
2026020493,2026-12-08,CGY,NSH,0.4728,0.3520,0.4127,0.1208,0.1144,0.2352,0.5373,0.4918,2.7508,3.0131,27.7137,28.7803,2.9786,3.1404,3.6547,3.8656,51.3319,53.3073,0.5678,0.7643,3.8596,0.4587,1.0455,1.0057
2026020494,2026-12-08,MIN,EDM,0.5411,0.4257,0.3433,0.1154,0.1155,0.2309,0.5696,0.5393,3.1487,2.9138,28.2185,31.1469,3.4136,3.0564,3.6676,3.3602,52.2666,57.6908,0.8759,0.8841,3.9777,0.5157,0.9871,1.0202
2026020495,2026-12-08,SJS,SEA,0.5260,0.4112,0.3564,0.1148,0.1177,0.2325,0.5290,0.5345,3.0823,2.9033,29.0001,28.5009,3.2577,2.9561,3.9091,3.8324,53.7144,52.7901,0.7591,0.7614,3.9430,0.4683,0.9961,1.0217
2026020496,2026-12-09,NJD,DET,0.5689,0.4566,0.3169,0.1124,0.1141,0.2265,0.5522,0.5716,3.3044,2.8780,29.6838,28.0349,3.5273,2.9045,3.4504,3.7396,54.9807,51.9269,0.8189,0.7360,4.0465,0.6041,0.9670,1.0256
2026020497,2026-12-09,DAL,TOR,0.6520,0.5459,0.2415,0.1061,0.1065,0.2126,0.6329,0.6293,3.4572,2.5353,29.2954,24.0618,3.7600,2.6103,4.2645,3.5940,54.2612,44.5677,0.8868,0.6195,4.0820,0.6325,0.9486,1.0824
2026020498,2026-12-09,LAK,SJS,0.6472,0.5458,0.2440,0.1014,0.1087,0.2102,0.5991,0.6264,3.5777,2.5868,33.6071,28.6511,3.8760,2.7778,4.1835,4.0243,62.2477,53.0684,0.9571,0.6965,4.1725,0.7190,0.9348,1.0732
2026020499,2026-12-10,BUF,EDM,0.5469,0.4186,0.3479,0.1284,0.1052,0.2336,0.5841,0.5744,2.9835,3.0172,26.1203,30.3133,3.1787,3.1658,3.6592,3.6118,48.3803,56.1469,0.7245,0.8696,3.9442,0.4499,1.0100,1.0051
2026020500,2026-12-10,MTL,ANA,0.6053,0.5108,0.2777,0.0946,0.1170,0.2116,0.6114,0.5550,3.7501,2.7995,25.4068,29.2558,4.0132,3.0465,4.1243,3.6008,47.0587,54.1879,1.0075,0.7216,4.3096,0.6823,0.9163,1.0377
2026020501,2026-12-10,OTT,VGK,0.5180,0.4101,0.3569,0.1080,0.1251,0.2330,0.5381,0.5013,3.1528,2.8404,27.7461,27.5317,3.3325,2.8981,4.1232,3.6373,51.3916,50.9946,0.7925,0.7377,3.9569,0.5629,0.9865,1.0313
2026020502,2026-12-10,TBL,BOS,0.6146,0.4994,0.2798,0.1152,0.1056,0.2208,0.6026,0.6171,3.3850,2.8268,32.2077,29.3550,3.7389,3.0683,4.2865,4.3298,59.6553,54.3716,0.8345,0.7588,4.0797,0.7095,0.9571,1.0334
2026020503,2026-12-10,FLA,PIT,0.5805,0.4754,0.3060,0.1051,0.1135,0.2187,0.5581,0.5717,3.5433,2.9466,29.0861,29.5237,3.7337,3.0614,3.7544,4.4189,53.8733,54.6840,0.8872,0.7766,4.1958,0.5311,0.9387,1.0153
2026020504,2026-12-10,NYI,CGY,0.6063,0.4967,0.2759,0.1096,0.1178,0.2275,0.5703,0.5919,3.1798,2.4467,30.4298,24.8370,3.4060,2.5738,4.1243,3.2125,56.3625,46.0034,0.6637,0.5746,3.8806,0.6133,0.9829,1.0989
2026020505,2026-12-10,CBJ,MIN,0.5222,0.4066,0.3604,0.1156,0.1173,0.2329,0.5152,0.5373,3.0679,2.9294,30.6825,29.8604,3.3592,3.1053,3.8869,3.9470,56.8304,55.3078,0.7163,0.8790,3.9456,0.4447,0.9980,1.0178
2026020506,2026-12-10,WPG,CHI,0.6268,0.5172,0.2612,0.1097,0.1120,0.2217,0.6323,0.5995,3.2877,2.5004,28.2668,24.6853,3.3917,2.5374,3.3667,3.7343,52.3563,45.7225,0.6626,0.6698,3.9608,0.7626,0.9691,1.0888
2026020507,2026-12-10,UTA,STL,0.5962,0.4724,0.2966,0.1239,0.1071,0.2310,0.5539,0.6248,3.0908,2.7401,29.4661,26.2315,3.3580,2.8431,4.2050,4.3895,54.5775,48.5862,0.7952,0.7247,3.8954,0.5875,0.9949,1.0472
2026020508,2026-12-10,VAN,NSH,0.4263,0.3117,0.4590,0.1145,0.1148,0.2293,0.4814,0.4545,2.7204,3.1831,27.3407,28.8063,2.9250,3.2742,3.5851,3.4353,50.6411,53.3556,0.6404,0.7871,3.9412,0.5052,1.0504,0.9825
2026020509,2026-12-10,SEA,WSH,0.4273,0.3179,0.4528,0.1094,0.1199,0.2293,0.4732,0.4425,2.8269,3.1496,27.4327,28.7547,3.0538,3.2067,3.6020,3.9558,50.8116,53.2599,0.6324,0.8518,3.9521,0.4473,1.0334,0.9869
2026020510,2026-12-11,DET,NYR,0.5215,0.4067,0.3588,0.1148,0.1197,0.2345,0.5477,0.5199,3.0363,2.8589,29.8104,26.0405,3.2663,2.8880,4.2605,3.6296,55.2153,48.2326,0.8591,0.8263,3.9064,0.4384,1.0024,1.0285
2026020511,2026-12-11,PHI,CGY,0.6359,0.5357,0.2466,0.1002,0.1175,0.2177,0.5858,0.6019,3.3498,2.3144,28.9040,25.2405,3.6599,2.3855,4.0381,3.4718,53.5365,46.7510,0.8080,0.5558,3.9855,0.5216,0.9614,1.1252
2026020512,2026-12-11,CAR,NYI,0.7222,0.6117,0.1913,0.1105,0.0864,0.1970,0.6666,0.7285,3.6032,2.5621,30.2419,25.3250,3.8832,2.6113,3.4005,3.8865,56.0142,46.9076,0.8303,0.5791,4.1898,0.7020,0.9320,1.0776
2026020513,2026-12-11,SJS,LAK,0.4456,0.3301,0.4414,0.1155,0.1130,0.2286,0.5003,0.4711,2.8779,3.2596,29.6305,33.3150,3.1206,3.4422,4.3589,4.2457,54.8825,61.7068,0.7640,0.9314,4.0237,0.3527,1.0256,0.9726
2026020514,2026-12-12,BOS,NJD,0.4872,0.3744,0.3967,0.1128,0.1161,0.2289,0.5717,0.4786,3.1280,3.1812,28.1965,32.5294,3.2836,3.4510,3.6120,3.9960,52.2260,60.2514,0.6594,0.8828,4.0672,0.4678,0.9898,0.9828
2026020515,2026-12-12,CBJ,MTL,0.5191,0.4052,0.3635,0.1139,0.1174,0.2313,0.5185,0.5304,3.1325,2.9892,30.4167,26.5924,3.5194,3.0589,3.7015,3.9764,56.3379,49.2548,0.6606,0.8995,3.9957,0.5279,0.9892,1.0091
2026020516,2026-12-12,TBL,PIT,0.6156,0.5160,0.2703,0.0996,0.1141,0.2137,0.6083,0.5793,3.6266,2.7330,32.0291,29.4606,3.8557,2.9772,3.9774,4.3896,59.3237,54.5667,0.7884,0.6909,4.2187,0.6659,0.9295,1.0484
2026020517,2026-12-12,MIN,WPG,0.6004,0.4840,0.2892,0.1164,0.1104,0.2268,0.5965,0.5987,3.2175,2.7013,28.9304,27.5072,3.4045,2.7428,3.7111,3.6166,53.5853,50.9492,0.8329,0.7346,3.9550,0.5382,0.9780,1.0536
2026020518,2026-12-12,BUF,ANA,0.6059,0.4981,0.2852,0.1078,0.1089,0.2166,0.6286,0.5830,3.5509,2.8982,26.8041,29.4525,3.8495,3.1140,4.1450,4.2560,49.6467,54.5523,0.8268,0.8047,4.1916,0.6992,0.9378,1.0225
2026020519,2026-12-12,TOR,VGK,0.3895,0.2828,0.4906,0.1067,0.1199,0.2266,0.4731,0.3998,2.6738,3.1934,23.4554,32.5187,2.7042,3.4354,3.4341,3.8146,43.4446,60.2315,0.6124,0.8289,3.9359,0.5510,1.0582,0.9812
2026020520,2026-12-12,OTT,EDM,0.5468,0.4321,0.3367,0.1146,0.1166,0.2312,0.5618,0.5450,3.1531,2.8609,27.9458,28.6008,3.4278,2.9523,3.7175,3.5366,51.7613,52.9749,0.8266,0.8491,3.9633,0.4618,0.9865,1.0282
2026020521,2026-12-12,DET,FLA,0.4396,0.3272,0.4477,0.1124,0.1127,0.2251,0.5246,0.4516,2.9483,3.3330,28.0678,27.4705,3.1012,3.4054,4.2257,3.5667,51.9878,50.8812,0.8218,0.9858,4.0810,0.5069,1.0151,0.9635
2026020522,2026-12-12,CHI,UTA,0.3866,0.2826,0.4885,0.1041,0.1248,0.2289,0.4485,0.3948,2.6877,3.1260,24.7784,28.7924,2.7986,3.2304,4.2825,3.5559,45.8950,53.3299,0.7755,0.6831,3.9010,0.3659,1.0558,0.9901
2026020523,2026-12-12,DAL,STL,0.6122,0.5025,0.2755,0.1097,0.1124,0.2220,0.5962,0.5978,3.3320,2.6277,28.3651,26.4778,3.4953,2.7981,4.4307,4.4985,52.5380,49.0426,0.9142,0.6232,4.0097,0.6809,0.9636,1.0660
2026020524,2026-12-12,COL,WSH,0.6428,0.5188,0.2615,0.1240,0.0958,0.2197,0.6132,0.6692,3.3519,2.8693,31.1224,25.3317,3.7248,2.9375,3.5268,4.1942,57.6451,46.9197,0.7558,0.8098,4.0704,0.6584,0.9611,1.0269
2026020525,2026-12-12,LAK,VAN,0.6418,0.5297,0.2523,0.1120,0.1059,0.2179,0.6214,0.6322,3.3325,2.5601,30.6100,27.2300,3.6791,2.6666,3.2134,3.5288,56.6964,50.4362,0.6870,0.7438,3.9994,0.6319,0.9635,1.0779
2026020526,2026-12-12,SEA,NSH,0.4773,0.3608,0.4050,0.1165,0.1177,0.2342,0.5261,0.4888,2.8653,3.0048,27.7505,28.5312,3.0773,3.1177,3.5541,3.6610,51.4001,52.8461,0.5752,0.8447,3.8945,0.4816,1.0275,1.0069
2026020527,2026-12-13,CAR,BOS,0.6938,0.5815,0.2158,0.1123,0.0905,0.2028,0.6412,0.7048,3.6485,2.7584,33.6586,24.8837,4.0018,2.8504,3.9268,3.7363,62.3426,46.0901,0.8743,0.6623,4.2360,0.7060,0.9271,1.0442
2026020528,2026-12-13,NYR,CBJ,0.5199,0.4086,0.3564,0.1112,0.1238,0.2350,0.5357,0.5109,3.0515,2.7881,28.4906,31.1862,3.1275,3.0859,4.0507,4.0983,52.7709,57.7637,0.8824,0.6851,3.8900,0.6435,1.0003,1.0395
2026020529,2026-12-13,TOR,ANA,0.4761,0.3684,0.4019,0.1077,0.1220,0.2296,0.5434,0.4609,3.1277,3.1010,23.8959,32.8888,3.3304,3.4731,3.4045,4.1985,44.2603,60.9170,0.7168,0.8620,4.0351,0.6995,0.9899,0.9935
2026020530,2026-12-13,STL,TBL,0.4201,0.3072,0.4671,0.1129,0.1128,0.2257,0.4909,0.4447,2.7731,3.2809,28.6977,33.3896,3.0094,3.4247,4.5037,4.2711,53.1544,61.8446,0.6103,0.8983,4.0093,0.3466,1.0419,0.9699
2026020531,2026-12-14,OTT,BUF,0.5421,0.4384,0.3332,0.1037,0.1247,0.2284,0.5275,0.5238,3.3363,2.8209,30.9080,27.5431,3.6402,2.9083,4.3083,4.2451,57.2484,51.0158,0.8150,0.7184,4.0504,0.5523,0.9630,1.0343
2026020532,2026-12-14,PHI,FLA,0.4642,0.3540,0.4167,0.1103,0.1191,0.2293,0.5361,0.4598,3.0455,3.1662,30.2145,30.5751,3.2626,3.3086,4.5483,4.1583,55.9636,56.6317,0.8141,0.9433,4.0308,0.4060,1.0012,0.9847
2026020533,2026-12-14,MTL,EDM,0.5340,0.4210,0.3488,0.1130,0.1172,0.2302,0.5663,0.5269,3.1934,2.9485,25.1548,30.6470,3.3439,3.1710,3.6780,3.1770,46.5920,56.7647,0.8885,0.8105,4.0103,0.4313,0.9811,1.0150
2026020534,2026-12-14,COL,UTA,0.6232,0.5040,0.2743,0.1192,0.1025,0.2217,0.6315,0.6259,3.3289,2.8118,30.3237,25.8696,3.5890,2.9766,3.8933,4.0066,56.1656,47.9159,0.8582,0.7652,4.0442,0.6720,0.9640,1.0357
2026020535,2026-12-14,SJS,VAN,0.5926,0.4806,0.2941,0.1120,0.1133,0.2253,0.5733,0.5882,3.2858,2.7198,29.0067,27.7374,3.5496,2.8038,3.9202,3.8553,53.7267,51.3759,0.7584,0.8120,3.9989,0.4429,0.9693,1.0505
2026020536,2026-12-15,BOS,FLA,0.5077,0.4056,0.3682,0.1021,0.1242,0.2262,0.5483,0.4790,3.3489,3.0197,29.3394,29.2171,3.4972,3.2496,4.2435,3.9178,54.3427,54.1164,0.8592,0.8954,4.1077,0.4983,0.9615,1.0048
2026020537,2026-12-15,BUF,CGY,0.6357,0.5162,0.2606,0.1194,0.1037,0.2231,0.6385,0.6336,3.2302,2.6243,29.0157,27.5161,3.4984,2.7436,3.8965,3.8854,53.7434,50.9659,0.6578,0.6455,3.9457,0.6514,0.9764,1.0666
2026020538,2026-12-15,DET,LAK,0.5236,0.4075,0.3587,0.1161,0.1176,0.2337,0.5573,0.5237,3.0340,2.8892,27.9979,28.0610,3.1984,3.0198,3.8202,3.2464,51.8583,51.9751,0.8385,0.7177,3.9160,0.4805,1.0028,1.0239
2026020539,2026-12-15,NJD,NYR,0.5838,0.4687,0.3041,0.1151,0.1121,0.2271,0.5497,0.5943,3.2520,2.7972,33.7890,28.2365,3.5973,2.8155,4.1417,3.8527,62.5844,52.3002,0.8433,0.7190,3.9976,0.5032,0.9736,1.0380
2026020540,2026-12-15,PIT,TBL,0.4510,0.3305,0.4443,0.1206,0.1047,0.2253,0.4907,0.5008,2.8891,3.4183,30.4401,32.7892,3.2224,3.5648,4.5996,4.0472,56.3810,60.7317,0.6973,0.8020,4.1135,0.4140,1.0239,0.9531
2026020541,2026-12-15,CBJ,CAR,0.4234,0.3310,0.4370,0.0924,0.1396,0.2320,0.4491,0.3922,3.1808,3.0435,29.3660,32.5740,3.4248,3.2482,4.4515,3.8388,54.3923,60.3338,0.7078,0.7903,4.0362,0.3718,0.9828,1.0014
2026020542,2026-12-15,STL,WPG,0.5164,0.3908,0.3712,0.1255,0.1124,0.2379,0.5631,0.5361,2.8222,2.9069,25.7463,28.0537,2.9397,2.9327,3.8541,3.9993,47.6877,51.9615,0.6072,0.8188,3.8348,0.4208,1.0341,1.0212
2026020543,2026-12-15,NSH,SEA,0.5762,0.4591,0.3095,0.1170,0.1144,0.2314,0.5740,0.5767,3.0965,2.6855,28.0897,27.5312,3.2914,2.8268,3.4786,3.4587,52.0281,50.9937,0.7780,0.5714,3.8830,0.5974,0.9941,1.0562
2026020544,2026-12-15,MIN,TOR,0.6596,0.5570,0.2339,0.1026,0.1066,0.2091,0.6210,0.6360,3.5186,2.4964,33.0427,25.2016,3.9551,2.5402,4.1081,3.1448,61.2023,46.6790,0.9316,0.6257,4.1235,0.6071,0.9415,1.0895
2026020545,2026-12-15,UTA,NYI,0.5335,0.4005,0.3626,0.1330,0.1038,0.2369,0.5759,0.5727,2.8281,3.0157,25.7375,28.8801,3.1448,3.0387,3.3601,4.2823,47.6715,53.4920,0.6466,0.8341,3.8865,0.5648,1.0332,1.0054
2026020546,2026-12-15,DAL,WSH,0.5675,0.4574,0.3160,0.1101,0.1165,0.2266,0.5736,0.5552,3.3141,2.8358,28.0437,28.4071,3.6053,2.9979,4.2182,4.5747,51.9424,52.6159,0.8500,0.7427,4.0415,0.6230,0.9658,1.0320
2026020547,2026-12-16,PHI,NYR,0.5585,0.4545,0.3166,0.1040,0.1249,0.2289,0.5592,0.5281,3.2558,2.6448,32.6308,28.4215,3.5248,2.7555,4.5152,3.9358,60.4392,52.6430,0.8879,0.7396,3.9654,0.3396,0.9731,1.0631
2026020548,2026-12-16,COL,NYI,0.6914,0.5780,0.2155,0.1134,0.0931,0.2065,0.6554,0.6937,3.4938,2.5971,30.0795,25.8534,3.7842,2.6885,3.3650,3.7706,55.7134,47.8862,0.8177,0.6288,4.1137,0.6936,0.9443,1.0714
2026020549,2026-12-16,ANA,VAN,0.6471,0.5312,0.2546,0.1160,0.0983,0.2143,0.6150,0.6587,3.4275,2.7732,30.7650,24.4386,3.7647,2.9347,3.5217,3.5935,56.9833,45.2655,0.7763,0.7691,4.0947,0.4453,0.9521,1.0419
2026020550,2026-12-16,VGK,SJS,0.6901,0.5765,0.2175,0.1136,0.0924,0.2061,0.6585,0.6932,3.5167,2.6419,30.8674,25.3246,3.6799,2.6951,3.7400,4.2883,57.1730,46.9066,0.8921,0.7304,4.1341,0.6885,0.9417,1.0636
2026020551,2026-12-17,BOS,STL,0.5642,0.4559,0.3158,0.1083,0.1200,0.2283,0.5559,0.5497,3.2570,2.7304,29.7453,27.6297,3.4792,2.9257,4.0656,4.2063,55.0946,51.1760,0.8341,0.6622,3.9845,0.5610,0.9730,1.0488
2026020552,2026-12-17,TBL,CGY,0.7005,0.6026,0.1993,0.0979,0.1002,0.1981,0.6480,0.6713,3.5576,2.3004,30.4158,25.3041,3.8212,2.4167,4.0298,3.8760,56.3364,46.8689,0.7877,0.5876,4.1494,0.7702,0.9371,1.1281
2026020553,2026-12-17,NJD,TOR,0.6447,0.5407,0.2468,0.1041,0.1085,0.2125,0.5726,0.6371,3.4961,2.5633,33.6481,24.5628,3.9015,2.5488,3.9560,3.0930,62.3235,45.4958,0.8788,0.5499,4.1121,0.5782,0.9441,1.0773
2026020554,2026-12-17,PIT,LAK,0.5328,0.4072,0.3626,0.1256,0.1045,0.2301,0.5748,0.5608,3.0675,3.1654,29.4655,30.6424,3.3338,3.3308,4.0517,3.6342,54.5765,56.7563,0.7657,0.7505,4.0384,0.5226,0.9981,0.9848
2026020555,2026-12-17,WSH,DET,0.5497,0.4269,0.3413,0.1228,0.1089,0.2317,0.5906,0.5614,3.0591,2.9554,26.0187,28.1665,3.1763,3.1308,3.6463,3.8570,48.1921,52.1704,0.7409,0.8435,3.9512,0.5740,0.9993,1.0140
2026020556,2026-12-17,CBJ,SEA,0.6447,0.5403,0.2446,0.1043,0.1107,0.2150,0.6019,0.6229,3.3888,2.4360,30.1232,25.6827,3.7001,2.4951,3.6807,3.4067,55.7947,47.5701,0.7607,0.6074,4.0239,0.5993,0.9567,1.1009
2026020557,2026-12-17,EDM,DAL,0.5270,0.4101,0.3594,0.1168,0.1136,0.2305,0.5179,0.5487,3.1337,3.0308,31.6446,26.7161,3.4341,3.1449,3.9810,4.0479,58.6128,49.4836,0.8631,0.8887,4.0111,0.5414,0.9891,1.0032
2026020558,2026-12-17,UTA,CAR,0.4063,0.3045,0.4701,0.1018,0.1236,0.2254,0.4537,0.4098,2.9671,3.2707,28.1603,32.6898,3.2092,3.4655,4.5058,4.1726,52.1588,60.5481,0.7122,0.8917,4.0544,0.3950,1.0123,0.9712
2026020559,2026-12-18,BUF,MTL,0.5238,0.3988,0.3715,0.1250,0.1047,0.2297,0.5682,0.5532,3.0741,3.2161,28.9784,27.5840,3.3816,3.3176,3.7725,4.2674,53.6740,51.0916,0.6724,0.9117,4.0628,0.5601,0.9972,0.9782
2026020560,2026-12-18,OTT,CHI,0.6939,0.5962,0.2051,0.0977,0.1010,0.1987,0.6681,0.6561,3.6121,2.3783,30.5515,22.7787,3.8754,2.3931,3.5226,3.8243,56.5880,42.1912,0.7380,0.6518,4.1930,0.7277,0.9310,1.1122
2026020561,2026-12-18,NYR,NSH,0.5522,0.4400,0.3267,0.1121,0.1212,0.2333,0.5642,0.5383,3.1080,2.6948,28.3648,28.7242,3.2985,2.8768,3.9622,4.0195,52.5378,53.2035,0.7635,0.7755,3.8918,0.6413,0.9925,1.0546
2026020562,2026-12-18,PHI,DET,0.5484,0.4384,0.3314,0.1100,0.1202,0.2302,0.5616,0.5339,3.1932,2.7833,27.3564,27.5719,3.3853,2.8689,3.7135,3.9116,50.6698,51.0693,0.8348,0.7970,3.9619,0.4367,0.9812,1.0403
2026020563,2026-12-18,PIT,SEA,0.6115,0.4914,0.2838,0.1201,0.1047,0.2247,0.6026,0.6221,3.2584,2.7973,28.8623,26.4044,3.5394,2.8957,3.5867,3.3143,53.4592,48.9067,0.7492,0.6134,4.0012,0.6432,0.9728,1.0380
2026020564,2026-12-18,MIN,ANA,0.6090,0.5103,0.2759,0.0987,0.1151,0.2138,0.6145,0.5672,3.6540,2.7704,28.3241,29.6582,4.0260,2.9650,4.0213,3.7930,52.4621,54.9332,0.9579,0.7872,4.2409,0.7493,0.9265,1.0423
2026020565,2026-12-18,COL,CAR,0.5195,0.4117,0.3609,0.1078,0.1196,0.2274,0.5378,0.5109,3.3120,3.0533,29.5638,29.4848,3.5472,3.2425,4.0220,3.7381,54.7584,54.6122,0.7673,0.7736,4.0996,0.5288,0.9660,1.0001
2026020566,2026-12-18,VGK,NYI,0.6219,0.4972,0.2755,0.1247,0.1026,0.2273,0.6094,0.6392,3.1558,2.7165,27.4269,25.9880,3.3906,2.6886,3.2066,3.9241,50.8003,48.1353,0.7432,0.6559,3.9239,0.5646,0.9861,1.0511
2026020567,2026-12-19,NJD,BOS,0.5662,0.4531,0.3217,0.1131,0.1121,0.2252,0.5285,0.5816,3.3499,2.9748,32.7522,28.5614,3.7027,3.0605,3.9965,3.6744,60.6642,52.9018,0.8583,0.6832,4.0959,0.6114,0.9614,1.0112
2026020568,2026-12-19,FLA,CGY,0.6809,0.5747,0.2193,0.1062,0.0998,0.2060,0.5995,0.6815,3.5181,2.5034,28.9005,26.5549,3.7873,2.5613,3.8763,3.9717,53.5298,49.1855,0.8826,0.6536,4.1235,0.6506,0.9415,1.0882
2026020569,2026-12-19,EDM,UTA,0.5490,0.4401,0.3288,0.1088,0.1222,0.2311,0.5609,0.5300,3.2010,2.7476,30.0949,26.9573,3.4302,2.9609,3.7134,3.7459,55.7421,49.9304,0.9571,0.7501,3.9569,0.6389,0.9802,1.0460
2026020570,2026-12-19,TOR,TBL,0.3749,0.2675,0.5120,0.1074,0.1132,0.2205,0.4522,0.4029,2.6314,3.3373,25.8267,33.1152,2.7760,3.5677,3.8618,4.2554,47.8369,61.3365,0.6438,0.8672,4.0156,0.3977,1.0654,0.9629
2026020571,2026-12-19,WSH,STL,0.5706,0.4558,0.3143,0.1148,0.1151,0.2299,0.5731,0.5675,3.1550,2.7391,28.7133,26.5786,3.2812,2.9342,4.3388,3.9583,53.1833,49.2293,0.8358,0.6358,3.9294,0.6017,0.9862,1.0474
2026020572,2026-12-19,CBJ,LAK,0.5663,0.4519,0.3184,0.1144,0.1153,0.2297,0.5741,0.5617,3.1807,2.7848,31.1592,30.5264,3.5239,2.9638,4.0421,3.7653,57.7139,56.5416,0.7528,0.7505,3.9556,0.4785,0.9828,1.0400
2026020573,2026-12-19,MIN,MTL,0.5373,0.4243,0.3469,0.1130,0.1158,0.2288,0.5535,0.5372,3.2233,2.9756,30.4777,27.3303,3.5621,3.0799,3.4570,3.6838,56.4510,50.6216,0.7736,0.8655,4.0332,0.6217,0.9773,1.0111
2026020574,2026-12-19,WPG,DAL,0.4771,0.3648,0.4010,0.1123,0.1219,0.2342,0.4903,0.4888,2.9585,2.9916,27.6170,26.5493,3.1226,3.0245,4.4051,3.9838,51.1528,49.1749,0.7545,0.8076,3.9238,0.5170,1.0136,1.0088
2026020575,2026-12-19,VAN,SJS,0.4693,0.3517,0.4163,0.1177,0.1144,0.2321,0.5269,0.4871,2.8734,3.1210,28.1604,29.2677,3.0275,3.2880,3.9400,3.9219,52.1592,54.2101,0.8111,0.7722,3.9520,0.6366,1.0262,0.9908
2026020576,2026-12-20,BOS,PHI,0.5221,0.3995,0.3684,0.1227,0.1094,0.2321,0.5623,0.5428,3.0074,3.0634,28.6446,30.5119,3.2513,3.2780,3.8241,4.2769,53.0562,56.5147,0.7158,0.8797,3.9727,0.6323,1.0065,0.9987
2026020577,2026-12-20,CHI,OTT,0.3517,0.2471,0.5392,0.1047,0.1091,0.2137,0.4263,0.3892,2.5848,3.4551,24.1219,30.6717,2.6283,3.5408,4.1420,3.6008,44.6792,56.8108,0.6888,0.7675,4.0877,0.3440,1.0735,0.9488
2026020578,2026-12-20,DET,TBL,0.4729,0.3706,0.3973,0.1023,0.1298,0.2321,0.4729,0.4634,3.1257,2.9464,29.6963,28.1189,3.3058,3.0606,4.6050,3.4781,55.0040,52.0821,0.9107,0.7231,3.9778,0.3723,0.9901,1.0153
2026020579,2026-12-20,BUF,LAK,0.6029,0.4840,0.2913,0.1189,0.1057,0.2246,0.6222,0.6029,3.2786,2.8420,30.7087,31.0089,3.5421,3.0794,4.1662,3.8573,56.8795,57.4356,0.8115,0.6984,4.0234,0.5092,0.9702,1.0311
2026020580,2026-12-20,WPG,DAL,0.4528,0.3396,0.4280,0.1132,0.1192,0.2324,0.4903,0.4694,2.8652,3.0930,27.5710,26.7986,3.0806,3.0945,4.2123,3.8317,51.0675,49.6367,0.7126,0.8158,3.9358,0.5170,1.0275,0.9946
2026020581,2026-12-20,NJD,NSH,0.5743,0.4555,0.3166,0.1188,0.1091,0.2280,0.5637,0.5899,3.2200,2.9117,30.7374,27.9930,3.5613,2.9356,3.5433,3.6614,56.9322,51.8492,0.6985,0.7325,4.0120,0.6052,0.9777,1.0205
2026020582,2026-12-20,NYI,NYR,0.5107,0.3915,0.3699,0.1191,0.1195,0.2386,0.5435,0.5178,2.8542,2.8021,29.5491,25.1417,3.0280,2.8774,4.0060,3.5221,54.7314,46.5676,0.6504,0.7981,3.8038,0.4336,1.0292,1.0373
2026020583,2026-12-20,EDM,ANA,0.5789,0.4731,0.3053,0.1058,0.1158,0.2216,0.5957,0.5532,3.4761,2.8738,28.0457,27.8672,3.8135,3.0457,3.4299,3.7130,51.9466,51.6159,0.9334,0.8438,4.1425,0.7748,0.9464,1.0262
2026020584,2026-12-20,COL,SEA,0.7171,0.6038,0.1958,0.1133,0.0871,0.2003,0.6834,0.7200,3.5283,2.5515,32.4615,24.3949,3.9018,2.6137,3.4551,3.5507,60.1254,45.1846,0.8196,0.6314,4.1342,0.7399,0.9404,1.0795
2026020585,2026-12-21,TOR,WSH,0.4386,0.3263,0.4432,0.1123,0.1181,0.2304,0.4883,0.4558,2.8216,3.1361,25.7648,30.8000,3.0135,3.3043,3.3534,4.4123,47.7222,57.0484,0.6366,0.8520,3.9436,0.5353,1.0342,0.9887
2026020586,2026-12-21,FLA,STL,0.6062,0.4934,0.2844,0.1129,0.1094,0.2222,0.5579,0.6152,3.3428,2.7549,29.9206,27.3111,3.5764,2.8306,4.1283,4.5097,55.4194,50.5861,0.9717,0.6824,4.0401,0.6008,0.9623,1.0448
2026020587,2026-12-21,PHI,CBJ,0.4523,0.3304,0.4378,0.1219,0.1100,0.2318,0.5447,0.4767,2.6933,3.1537,27.4822,31.8541,2.9339,3.3777,3.8060,4.2616,50.9029,59.0009,0.6989,0.7909,3.9179,0.4376,1.0549,0.9864
2026020588,2026-12-21,VAN,UTA,0.3672,0.2635,0.5135,0.1038,0.1193,0.2230,0.4481,0.3821,2.6179,3.2423,25.8496,29.2039,2.7504,3.4116,3.9105,3.5598,47.8790,54.0920,0.7614,0.7512,3.9534,0.4845,1.0677,0.9748
2026020589,2026-12-21,VGK,CAR,0.4493,0.3432,0.4278,0.1060,0.1229,0.2290,0.4883,0.4497,3.0804,3.1840,28.4833,31.3333,3.2660,3.3096,3.9667,3.9688,52.7572,58.0359,0.7272,0.7849,4.0510,0.3938,0.9963,0.9824
2026020590,2026-12-22,TBL,STL,0.6672,0.5725,0.2236,0.0948,0.1092,0.2039,0.6081,0.6317,3.5872,2.3725,32.6723,26.0430,3.8117,2.5665,4.2878,4.2903,60.5159,48.2373,0.9155,0.5639,4.1729,0.7260,0.9338,1.1134
2026020591,2026-12-22,NYI,BOS,0.4999,0.3839,0.3835,0.1160,0.1166,0.2326,0.5222,0.5143,3.0012,3.0116,29.8024,26.2105,3.2258,3.1755,4.1058,3.4989,55.2007,48.5474,0.6971,0.7843,3.9489,0.5418,1.0074,1.0059
2026020592,2026-12-22,NYR,NJD,0.4804,0.3642,0.4028,0.1162,0.1168,0.2330,0.5507,0.4838,2.9397,3.0697,28.0899,33.5873,3.0253,3.3276,3.8451,4.1024,52.0286,62.2108,0.7036,0.8520,3.9505,0.5768,1.0163,0.9978
2026020593,2026-12-22,PIT,BUF,0.4950,0.3803,0.3921,0.1146,0.1129,0.2275,0.5010,0.5201,3.1764,3.2486,30.1435,30.0176,3.4464,3.3630,4.4082,4.0312,55.8321,55.5988,0.7517,0.7502,4.1130,0.5559,0.9834,0.9740
2026020594,2026-12-22,CBJ,MTL,0.4811,0.3613,0.4081,0.1198,0.1108,0.2306,0.5185,0.5110,2.9332,3.1857,29.2127,27.2417,3.3313,3.2142,3.4957,3.9998,54.1081,50.4575,0.6006,0.9767,4.0024,0.5279,1.0173,0.9822
2026020595,2026-12-22,DET,TOR,0.6137,0.5100,0.2702,0.1037,0.1161,0.2198,0.5707,0.5933,3.3973,2.5553,31.7378,23.7113,3.7620,2.5964,4.2168,2.9442,58.7851,43.9184,0.9302,0.6068,4.0424,0.5128,0.9556,1.0788
2026020596,2026-12-22,NSH,WPG,0.5218,0.3997,0.3644,0.1220,0.1139,0.2359,0.5337,0.5449,2.9276,2.9175,26.9312,28.2531,3.0304,3.0234,3.7053,3.6710,49.8825,52.3309,0.7550,0.6761,3.8809,0.4465,1.0181,1.0196
2026020597,2026-12-22,DAL,CGY,0.6632,0.5618,0.2291,0.1014,0.1077,0.2091,0.6365,0.6300,3.4765,2.4055,27.6531,25.3955,3.6824,2.5282,4.1594,3.9748,51.2194,47.0381,0.8239,0.6000,4.0869,0.7276,0.9463,1.1069
2026020598,2026-12-22,MIN,LAK,0.5871,0.4724,0.3019,0.1147,0.1109,0.2257,0.6080,0.5779,3.2808,2.8159,31.5738,31.5844,3.6134,3.0391,4.0436,3.6888,58.4819,58.5012,0.9154,0.7472,4.0181,0.5697,0.9699,1.0351
2026020599,2026-12-22,SEA,SJS,0.5213,0.4038,0.3633,0.1174,0.1154,0.2329,0.5712,0.5215,3.0485,2.9628,28.5644,28.8763,3.1816,3.1197,3.9021,4.0948,52.9076,53.4852,0.7458,0.8217,3.9494,0.6109,1.0007,1.0129
2026020600,2026-12-22,ANA,VGK,0.4516,0.3408,0.4329,0.1107,0.1155,0.2262,0.4799,0.4731,3.0566,3.3068,28.0607,27.6047,3.2324,3.4872,4.1534,3.6039,51.9744,51.1295,0.7934,0.8353,4.0987,0.3904,0.9996,0.9667
2026020601,2026-12-26,FLA,TBL,0.4959,0.3770,0.3980,0.1188,0.1062,0.2250,0.4986,0.5388,3.1096,3.3279,32.7118,35.0966,3.5277,3.5149,4.7076,4.8704,60.5885,65.0055,0.8788,0.8996,4.1251,0.4084,0.9923,0.9641
2026020602,2026-12-26,BOS,NYI,0.5556,0.4401,0.3309,0.1154,0.1135,0.2289,0.5778,0.5537,3.1863,2.8910,26.2440,29.8447,3.4492,3.0259,3.4882,4.1725,48.6093,55.2790,0.7675,0.7368,3.9890,0.5380,0.9821,1.0236
2026020603,2026-12-26,BUF,NJD,0.5352,0.4092,0.3613,0.1259,0.1036,0.2295,0.6135,0.5510,3.0939,3.1943,28.6102,31.7294,3.2459,3.3893,3.8358,4.0287,52.9922,58.7699,0.6313,0.8480,4.0602,0.5057,0.9945,0.9810
2026020604,2026-12-26,MTL,TOR,0.6503,0.5491,0.2421,0.1012,0.1075,0.2088,0.6179,0.6244,3.5792,2.5802,29.8283,25.0144,3.8841,2.7016,4.1806,3.0512,55.2485,46.3322,0.9544,0.5933,4.1731,0.5249,0.9347,1.0743
2026020605,2026-12-26,WSH,CBJ,0.5107,0.3859,0.3820,0.1248,0.1073,0.2321,0.5740,0.5335,2.9496,3.1311,27.9068,30.9081,3.1155,3.4520,4.1676,4.0076,51.6894,57.2483,0.7789,0.7565,3.9818,0.5764,1.0149,0.9894
2026020606,2026-12-26,CAR,PIT,0.6746,0.5622,0.2320,0.1125,0.0933,0.2058,0.6467,0.6796,3.6557,2.8505,31.6128,25.7867,3.9242,2.9319,3.4357,4.1207,58.5532,47.7622,0.7387,0.6933,4.2505,0.6630,0.9263,1.0297
2026020607,2026-12-26,NSH,DET,0.5075,0.3883,0.3793,0.1192,0.1133,0.2325,0.5386,0.5255,3.0094,3.0591,27.0973,29.6645,3.1972,3.2159,3.6363,3.9452,50.1900,54.9452,0.7904,0.7926,3.9717,0.5388,1.0062,0.9993
2026020608,2026-12-26,MIN,WPG,0.5977,0.4805,0.2928,0.1172,0.1095,0.2267,0.5965,0.5987,3.2301,2.7525,29.4593,27.9433,3.4348,2.8129,3.7802,3.6499,54.5650,51.7569,0.8404,0.7421,3.9743,0.5382,0.9764,1.0452
2026020609,2026-12-26,CGY,VAN,0.5674,0.4469,0.3170,0.1205,0.1156,0.2361,0.6048,0.5596,2.9831,2.6542,28.1524,27.4280,3.2156,2.8100,3.2695,3.6295,52.1443,50.8025,0.5923,0.6767,3.8133,0.4933,1.0100,1.0615
2026020610,2026-12-26,LAK,UTA,0.4987,0.3939,0.3762,0.1048,0.1251,0.2299,0.5214,0.4830,3.2049,2.9601,31.9205,31.6527,3.5062,3.2293,4.3464,4.3440,59.1237,58.6277,0.8767,0.8317,4.0194,0.5791,0.9797,1.0133
2026020611,2026-12-26,SJS,VGK,0.3821,0.2822,0.4957,0.0999,0.1222,0.2221,0.4370,0.3899,2.8937,3.3358,27.7449,32.0815,3.0316,3.4531,4.7245,4.0070,51.3897,59.4219,0.7778,0.9373,4.0685,0.3878,1.0232,0.9631
2026020612,2026-12-27,CHI,PHI,0.4269,0.3114,0.4601,0.1156,0.1130,0.2286,0.4586,0.4677,2.7159,3.2130,26.5306,29.8093,2.8347,3.2764,4.2127,3.6265,49.1406,55.2135,0.7353,0.7397,3.9571,0.4833,1.0512,0.9786
2026020613,2026-12-27,CBJ,EDM,0.4647,0.3517,0.4157,0.1130,0.1196,0.2326,0.5349,0.4646,2.9129,3.0596,27.2781,30.5231,3.2115,3.1711,3.5478,3.4492,50.5248,56.5356,0.6827,0.9569,3.9364,0.4176,1.0203,0.9992
2026020614,2026-12-27,STL,NYR,0.5124,0.3918,0.3728,0.1206,0.1148,0.2354,0.5655,0.5205,2.9188,2.9360,29.0193,28.9705,3.1661,3.0031,4.4609,4.2122,53.7499,53.6598,0.6747,0.9020,3.8850,0.4107,1.0194,1.0169
2026020615,2026-12-27,MTL,DAL,0.4767,0.3606,0.4108,0.1161,0.1125,0.2285,0.5342,0.4923,3.0174,3.2255,26.3458,28.5172,3.2816,3.3836,4.2642,3.8960,48.7981,52.8195,0.7888,0.8379,4.0481,0.4327,1.0051,0.9770
2026020616,2026-12-27,NJD,BOS,0.5639,0.4500,0.3246,0.1139,0.1115,0.2254,0.5285,0.5816,3.3359,2.9941,31.8898,28.3172,3.6612,3.0592,3.8223,3.5237,59.0669,52.4496,0.8458,0.6814,4.0940,0.6114,0.9631,1.0084
2026020617,2026-12-27,NYI,OTT,0.3891,0.2797,0.4987,0.1095,0.1122,0.2216,0.5017,0.4049,2.6836,3.3441,26.6019,28.1171,2.7816,3.4398,3.9255,3.6076,49.2726,52.0788,0.6068,0.8853,4.0288,0.4932,1.0565,0.9621
2026020618,2026-12-27,ANA,COL,0.3749,0.2765,0.5093,0.0984,0.1158,0.2142,0.4308,0.3903,3.0545,3.6097,28.1374,29.9911,3.3213,3.8614,4.3224,3.8313,52.1164,55.5496,0.8533,0.8959,4.2563,0.2625,0.9999,0.9313
2026020619,2026-12-28,MIN,VGK,0.5108,0.4044,0.3622,0.1064,0.1270,0.2334,0.5460,0.4859,3.1553,2.8391,27.9374,29.5321,3.3024,2.9716,3.9928,3.3952,51.7458,54.6995,0.8299,0.7492,3.9578,0.6134,0.9862,1.0315
2026020620,2026-12-28,BUF,DET,0.5868,0.4602,0.3106,0.1266,0.1026,0.2292,0.6154,0.6048,3.1381,2.9413,27.1096,28.4016,3.3297,3.0401,3.6493,4.1104,50.2126,52.6060,0.7210,0.8272,3.9818,0.5715,0.9885,1.0161
2026020621,2026-12-28,FLA,NSH,0.6108,0.4957,0.2828,0.1152,0.1063,0.2215,0.5869,0.6179,3.3485,2.8028,29.1872,27.9365,3.6601,2.8817,3.7618,4.1682,54.0609,51.7444,0.8095,0.8133,4.0534,0.5747,0.9615,1.0372
2026020622,2026-12-28,WSH,EDM,0.5223,0.4072,0.3603,0.1151,0.1175,0.2326,0.5588,0.5205,3.0938,2.9463,27.1082,30.6882,3.2586,3.2073,3.9672,3.2796,50.2100,56.8412,0.8251,0.8181,3.9633,0.4552,0.9945,1.0154
2026020623,2026-12-28,CAR,TBL,0.5874,0.4557,0.3165,0.1317,0.0961,0.2279,0.5904,0.6321,3.1648,3.1224,33.6441,29.9949,3.5949,3.2584,4.2395,4.5420,62.3157,55.5567,0.7340,0.7979,4.0583,0.5411,0.9849,0.9906
2026020624,2026-12-28,WPG,SJS,0.5893,0.4777,0.2952,0.1117,0.1155,0.2271,0.6107,0.5672,3.2370,2.6620,27.9574,26.0748,3.3203,2.7239,3.9679,3.9169,51.7831,48.2960,0.8531,0.7017,3.9577,0.7476,0.9755,1.0602
2026020625,2026-12-28,VAN,LAK,0.3942,0.2820,0.4942,0.1122,0.1115,0.2238,0.4769,0.4244,2.6232,3.2943,27.7204,31.4185,2.7936,3.5096,3.7196,3.4018,51.3446,58.1942,0.7259,0.7579,3.9868,0.4450,1.0668,0.9683
2026020626,2026-12-29,MTL,CBJ,0.5396,0.4221,0.3472,0.1175,0.1132,0.2307,0.5815,0.5399,3.1402,2.9720,26.2783,29.8979,3.2811,3.2421,3.9343,3.6256,48.6731,55.3771,0.8847,0.6711,3.9932,0.5552,0.9882,1.0116
2026020627,2026-12-29,OTT,DAL,0.5382,0.4236,0.3461,0.1146,0.1158,0.2304,0.5296,0.5492,3.1827,2.9537,30.4910,26.6795,3.5442,3.0275,4.5483,4.4351,56.4757,49.4161,0.7920,0.8346,4.0068,0.4628,0.9826,1.0143
2026020628,2026-12-29,TBL,NSH,0.6474,0.5407,0.2467,0.1067,0.1059,0.2127,0.6360,0.6252,3.4620,2.5810,30.8250,26.9375,3.7643,2.7410,3.7563,4.0195,57.0942,49.8941,0.7214,0.7475,4.0899,0.7040,0.9480,1.0742
2026020629,2026-12-29,NYR,DET,0.5550,0.4424,0.3254,0.1126,0.1196,0.2322,0.5526,0.5485,3.1314,2.7266,26.1459,28.7601,3.2122,2.8934,3.6123,4.0793,48.4278,53.2700,0.8588,0.8106,3.9132,0.6406,0.9894,1.0494
2026020630,2026-12-29,PIT,CAR,0.4153,0.3184,0.4599,0.0969,0.1248,0.2218,0.4498,0.4101,3.2067,3.3643,29.8773,33.2912,3.4060,3.5542,4.6537,3.5825,55.3389,61.6622,0.7648,0.7321,4.1729,0.4159,0.9794,0.9596
2026020631,2026-12-29,CHI,VGK,0.3609,0.2629,0.5123,0.0980,0.1268,0.2248,0.4145,0.3672,2.6959,3.1871,24.5298,29.8548,2.7606,3.2308,4.2816,3.0771,45.4345,55.2975,0.7354,0.6557,3.9375,0.3656,1.0545,0.9820
2026020632,2026-12-29,CGY,SJS,0.5468,0.4284,0.3373,0.1184,0.1159,0.2343,0.5822,0.5439,3.0336,2.7994,28.7027,28.3894,3.2084,2.9766,3.9488,4.0579,53.1635,52.5832,0.7646,0.6638,3.8849,0.5885,1.0028,1.0377
2026020633,2026-12-29,COL,STL,0.6632,0.5401,0.2419,0.1231,0.0949,0.2180,0.6350,0.6819,3.2978,2.6865,31.2083,24.4835,3.5766,2.7736,3.7376,4.1564,57.8043,45.3487,0.8103,0.6756,3.9993,0.7144,0.9678,1.0560
2026020634,2026-12-29,UTA,NJD,0.5141,0.3867,0.3812,0.1275,0.1046,0.2321,0.5697,0.5464,2.9429,3.1748,28.1245,30.0780,3.1447,3.2994,3.7417,4.0135,52.0926,55.7108,0.6282,0.9394,4.0002,0.4951,1.0159,0.9836
2026020635,2026-12-29,SEA,PHI,0.4891,0.3635,0.4026,0.1256,0.1084,0.2340,0.5029,0.5372,2.8083,3.1143,28.1877,29.7596,2.9350,3.2439,3.9476,3.8149,52.2101,55.1214,0.6776,0.8474,3.9285,0.5804,1.0363,0.9917
2026020636,2026-12-29,ANA,TOR,0.5850,0.4708,0.3056,0.1142,0.1094,0.2235,0.5570,0.5963,3.3573,2.9189,33.3990,23.6364,3.8178,3.0225,4.3508,3.3592,61.8621,43.7796,0.8831,0.7045,4.0853,0.3773,0.9605,1.0194
2026020637,2026-12-30,NYI,WSH,0.4993,0.3876,0.3791,0.1117,0.1216,0.2333,0.5048,0.5056,3.0467,2.9397,29.4870,26.1354,3.2670,3.0189,3.9811,3.7836,54.6163,48.4084,0.6812,0.7789,3.9400,0.5003,1.0010,1.0163
2026020638,2026-12-30,FLA,BUF,0.5339,0.4258,0.3476,0.1081,0.1185,0.2266,0.5090,0.5387,3.3390,3.0089,30.1781,29.8077,3.6094,3.1001,4.2995,4.5477,55.8965,55.2103,0.9259,0.7814,4.0997,0.5445,0.9627,1.0063
2026020639,2026-12-30,BOS,EDM,0.4967,0.3819,0.3871,0.1149,0.1162,0.2311,0.5415,0.5024,3.0711,3.0919,26.7695,32.0176,3.3122,3.3504,3.6693,3.6290,49.5827,59.3035,0.8009,0.9239,4.0090,0.4127,0.9976,0.9947
2026020640,2026-12-30,VAN,SEA,0.4912,0.3770,0.3846,0.1142,0.1243,0.2385,0.5056,0.4970,2.8794,2.8238,27.7512,27.9025,3.0614,2.9763,3.4681,3.2127,51.4013,51.6815,0.7594,0.5993,3.8232,0.5635,1.0253,1.0339
2026020641,2026-12-30,LAK,TOR,0.6245,0.5224,0.2602,0.1021,0.1153,0.2174,0.5637,0.6058,3.4308,2.5109,33.5041,25.3837,3.8801,2.5968,4.0052,3.2522,62.0569,47.0164,0.8418,0.6355,4.0609,0.5728,0.9517,1.0869
2026020642,2026-12-31,OTT,PIT,0.5870,0.4861,0.2944,0.1009,0.1185,0.2194,0.5763,0.5569,3.5409,2.7840,29.9748,26.7669,3.7890,2.8790,3.8133,4.0710,55.5194,49.5778,0.8008,0.7150,4.1676,0.5387,0.9390,1.0401
2026020643,2026-12-31,DET,CAR,0.3793,0.2884,0.4856,0.0908,0.1351,0.2260,0.4322,0.3564,3.0515,3.2185,27.1186,31.0044,3.1497,3.4039,4.3665,3.5018,50.2296,57.4267,0.8127,0.7929,4.0561,0.3749,1.0003,0.9779
2026020644,2026-12-31,TBL,MTL,0.5657,0.4470,0.3246,0.1187,0.1096,0.2283,0.5783,0.5750,3.2217,2.9584,31.0819,27.1913,3.5778,3.1193,3.7606,4.4127,57.5697,50.3640,0.7197,0.8666,4.0270,0.6946,0.9775,1.0136
2026020645,2026-12-31,CBJ,WSH,0.5836,0.4865,0.2921,0.0970,0.1243,0.2214,0.5262,0.5555,3.4579,2.6004,30.8846,26.7942,3.8188,2.7052,3.9973,3.9580,57.2049,49.6287,0.7777,0.7153,4.0892,0.5051,0.9485,1.0708
2026020646,2026-12-31,VGK,STL,0.6226,0.5036,0.2720,0.1190,0.1054,0.2244,0.5879,0.6355,3.2030,2.6485,29.6102,24.6613,3.3696,2.6734,3.6266,4.1802,54.8444,45.6781,0.8001,0.6426,3.9345,0.5875,0.9799,1.0625
2026020647,2026-12-31,UTA,COL,0.4347,0.3288,0.4423,0.1059,0.1230,0.2289,0.4661,0.4422,2.9818,3.1747,27.3205,30.9661,3.2562,3.3401,4.2991,3.9555,50.6031,57.3553,0.7827,0.8682,4.0128,0.4053,1.0102,0.9836
2026020648,2026-12-31,CGY,WPG,0.4525,0.3298,0.4348,0.1226,0.1127,0.2353,0.5208,0.4828,2.6220,3.0509,26.3775,28.7465,2.7367,3.1405,3.5977,3.8914,48.8570,53.2448,0.5981,0.7366,3.8418,0.3710,1.0670,1.0004
2026020649,2026-12-31,DAL,NYR,0.5892,0.4745,0.2985,0.1147,0.1123,0.2270,0.6110,0.5767,3.2477,2.7525,29.2303,27.5888,3.4665,2.8753,4.4738,4.3928,54.1405,51.1006,0.8653,0.7944,3.9843,0.5565,0.9741,1.0452
2026020650,2027-01-01,NSH,FLA,0.4536,0.3431,0.4296,0.1105,0.1168,0.2273,0.5129,0.4611,3.0179,3.2368,28.9223,29.9524,3.1660,3.4368,4.3561,3.8518,53.5704,55.4783,0.8357,0.8493,4.0536,0.5050,1.0050,0.9755
2026020651,2027-01-01,CHI,BOS,0.4090,0.2969,0.4792,0.1121,0.1118,0.2239,0.4465,0.4496,2.7644,3.3419,27.1252,28.9591,2.9719,3.3951,4.2796,3.4956,50.2419,53.6387,0.7467,0.7363,4.0429,0.3917,1.0433,0.9624
2026020652,2027-01-01,ANA,NJD,0.4586,0.3369,0.4419,0.1218,0.0995,0.2213,0.5343,0.5028,2.9695,3.5503,29.1243,28.8993,3.1756,3.8057,3.8796,3.8931,53.9444,53.5277,0.6960,0.9544,4.2058,0.3472,1.0120,0.9379
2026020653,2027-01-01,SJS,PHI,0.4624,0.3478,0.4232,0.1146,0.1144,0.2291,0.4815,0.4918,2.9639,3.2124,30.5969,31.4194,3.1679,3.3537,4.7920,4.4913,56.6723,58.1958,0.8095,0.9568,4.0249,0.5099,1.0128,0.9787
2026020654,2027-01-01,PIT,MIN,0.4431,0.3193,0.4579,0.1238,0.0990,0.2228,0.5159,0.4977,2.8228,3.5244,28.8584,31.6109,3.0825,3.6859,3.7481,3.8675,53.4518,58.5496,0.6635,0.9266,4.1647,0.4900,1.0340,0.9408
2026020655,2027-01-02,DET,EDM,0.4733,0.3618,0.4056,0.1115,0.1211,0.2326,0.5178,0.4749,2.9937,3.0481,26.8777,29.4397,3.1612,3.1848,3.7627,3.1884,49.7833,54.5286,0.8575,0.8861,3.9611,0.4203,1.0085,1.0008
2026020656,2027-01-02,FLA,MTL,0.5044,0.3783,0.3955,0.1261,0.1001,0.2263,0.5272,0.5578,2.9979,3.3416,27.4347,27.6168,3.3047,3.3387,3.3669,4.4464,50.8149,51.1523,0.7475,1.0292,4.0988,0.5625,1.0079,0.9624
2026020657,2027-01-02,TBL,BUF,0.5647,0.4624,0.3135,0.1023,0.1218,0.2241,0.5604,0.5369,3.4365,2.7983,32.6784,29.6679,3.7285,3.0155,4.5614,4.5751,60.5271,54.9512,0.8385,0.7117,4.1047,0.6777,0.9510,1.0379
2026020658,2027-01-02,WSH,OTT,0.4844,0.3655,0.4032,0.1190,0.1124,0.2313,0.5472,0.5001,2.9518,3.1503,26.2237,29.9915,3.0179,3.4181,4.2444,3.9043,48.5720,55.5506,0.7476,0.8213,3.9915,0.5335,1.0146,0.9868
2026020659,2027-01-02,CAR,NSH,0.7289,0.6274,0.1835,0.1015,0.0877,0.1891,0.6731,0.7198,3.7490,2.5192,33.5173,23.7763,4.1782,2.5868,3.7424,3.6728,62.0809,44.0389,0.7798,0.6575,4.3013,0.7006,0.9164,1.0853
2026020660,2027-01-02,CBJ,BOS,0.5926,0.4910,0.2879,0.1016,0.1194,0.2210,0.5436,0.5736,3.4572,2.6695,31.5844,26.7075,3.7776,2.8197,4.2190,3.5603,58.5011,49.4680,0.8240,0.7018,4.0974,0.5481,0.9486,1.0589
2026020661,2027-01-02,MIN,STL,0.5805,0.4657,0.3063,0.1148,0.1132,0.2280,0.5838,0.5765,3.1904,2.7375,30.3380,27.6858,3.4215,2.8347,3.8900,3.8786,56.1926,51.2799,0.8609,0.6669,3.9485,0.6570,0.9815,1.0476
2026020662,2027-01-02,WPG,CGY,0.5969,0.4874,0.2829,0.1095,0.1202,0.2297,0.5793,0.5751,3.1448,2.4410,28.3538,25.7476,3.3411,2.4977,3.8040,3.4608,52.5172,47.6901,0.6985,0.5827,3.8566,0.7009,0.9876,1.1000
2026020663,2027-01-02,SJS,TOR,0.4876,0.3689,0.3983,0.1188,0.1141,0.2329,0.5139,0.5126,2.9289,3.0821,30.5961,27.4712,3.2782,3.1177,4.3786,3.7834,56.6707,50.8827,0.7257,0.8599,3.9522,0.3746,1.0179,0.9961
2026020664,2027-01-02,DAL,CHI,0.7280,0.6448,0.1754,0.0832,0.0966,0.1798,0.6862,0.6706,3.8709,2.2547,28.2153,23.1645,3.9307,2.3994,3.7904,4.0057,52.2609,42.9057,0.8628,0.6016,4.4269,0.7886,0.9040,1.1378
2026020665,2027-01-02,LAK,NJD,0.5220,0.4130,0.3573,0.1090,0.1207,0.2297,0.5411,0.5126,3.2345,2.9632,31.6121,31.8005,3.4409,3.1989,3.6678,3.7372,58.5526,58.9019,0.6926,0.8180,4.0347,0.5359,0.9758,1.0129
2026020666,2027-01-02,UTA,VAN,0.6789,0.5663,0.2220,0.1126,0.0992,0.2117,0.6482,0.6717,3.3549,2.4484,29.0237,24.7749,3.6983,2.5281,3.4788,3.6410,53.7582,45.8885,0.7142,0.7306,4.0007,0.5955,0.9608,1.0986
2026020667,2027-01-02,VGK,COL,0.4831,0.3750,0.3935,0.1082,0.1233,0.2315,0.5008,0.4826,3.1228,3.0438,27.8164,29.2202,3.3245,3.1423,3.7982,3.8206,51.5219,54.1218,0.8063,0.7707,4.0113,0.4042,0.9905,1.0014
2026020668,2027-01-02,SEA,NYI,0.4732,0.3559,0.4101,0.1173,0.1167,0.2340,0.5188,0.4899,2.8427,3.0295,26.0283,30.7118,3.0227,3.1035,3.3564,3.7688,48.2102,56.8849,0.6447,0.7265,3.8981,0.4869,1.0309,1.0034
2026020669,2027-01-03,PIT,EDM,0.5092,0.3909,0.3806,0.1183,0.1102,0.2286,0.5355,0.5317,3.1041,3.1728,27.9173,31.1182,3.3443,3.3085,3.8178,3.3065,51.7085,57.6373,0.7722,0.8419,4.0549,0.4636,0.9931,0.9839
2026020670,2027-01-03,NYR,CBJ,0.5219,0.4077,0.3564,0.1142,0.1217,0.2359,0.5357,0.5206,3.0032,2.7934,27.7071,30.8623,3.0591,3.0941,3.9174,4.1120,51.3199,57.1637,0.8597,0.6981,3.8682,0.6435,1.0071,1.0387
2026020671,2027-01-03,STL,CGY,0.6062,0.4957,0.2760,0.1105,0.1177,0.2283,0.5920,0.5852,3.1623,2.4441,27.5208,26.5647,3.4114,2.5448,3.9590,3.6012,50.9745,49.2036,0.6186,0.6265,3.8686,0.5911,0.9852,1.0994
2026020672,2027-01-03,ANA,PHI,0.5176,0.3914,0.3789,0.1262,0.1035,0.2297,0.5248,0.5666,2.9902,3.2040,29.3807,26.4951,3.2556,3.4503,4.2116,4.1576,54.4194,49.0744,0.7993,0.8890,4.0292,0.5119,1.0090,0.9798
2026020673,2027-01-03,SEA,VAN,0.5849,0.4684,0.2997,0.1165,0.1154,0.2319,0.5940,0.5757,3.0957,2.6111,28.3398,27.3737,3.4058,2.7694,3.2118,3.3172,52.4914,50.7019,0.6084,0.7146,3.8631,0.5162,0.9942,1.0689
2026020674,2027-01-04,BUF,WPG,0.5986,0.4690,0.2996,0.1296,0.1018,0.2314,0.6108,0.6233,3.0649,2.8428,27.1678,27.2579,3.2054,2.8914,3.8155,3.9310,50.3206,50.4877,0.7015,0.7359,3.9144,0.4763,0.9985,1.0309
2026020675,2027-01-04,MTL,CHI,0.6891,0.5880,0.2113,0.1010,0.0997,0.2007,0.6722,0.6572,3.6184,2.4777,27.5564,24.7535,3.7601,2.5964,3.5402,3.4710,51.0404,45.8487,0.8056,0.6261,4.1984,0.7046,0.9304,1.0930
2026020676,2027-01-04,WSH,TOR,0.6203,0.5078,0.2700,0.1125,0.1097,0.2222,0.6106,0.6091,3.2941,2.6127,30.4804,24.7093,3.5858,2.7271,4.3290,3.1289,56.4562,45.7670,0.8256,0.6114,3.9831,0.5471,0.9683,1.0686
2026020677,2027-01-04,DAL,DET,0.5884,0.4721,0.3024,0.1163,0.1092,0.2256,0.6134,0.5823,3.2791,2.8499,25.8695,27.6083,3.4219,2.9831,3.8359,4.2957,47.9155,51.1365,0.8526,0.8135,4.0257,0.6566,0.9702,1.0298
2026020678,2027-01-04,COL,VGK,0.5766,0.4535,0.3165,0.1231,0.1069,0.2300,0.5987,0.5887,3.1428,2.9054,28.5256,27.2537,3.3373,3.0431,3.6724,3.7086,52.8354,50.4796,0.7206,0.7977,3.9722,0.6733,0.9878,1.0214
2026020679,2027-01-04,LAK,PHI,0.5679,0.4578,0.3131,0.1101,0.1189,0.2290,0.5316,0.5668,3.2129,2.6996,34.2020,29.8823,3.5546,2.9321,4.1780,3.9316,63.3501,55.3490,0.7981,0.7390,3.9519,0.6905,0.9786,1.0539
2026020680,2027-01-04,SJS,NJD,0.4035,0.2934,0.4874,0.1101,0.1092,0.2193,0.4911,0.4280,2.8568,3.4804,28.6272,33.3948,3.0110,3.6254,4.2301,4.2321,53.0240,61.8547,0.6620,1.0263,4.1435,0.3445,1.0288,0.9459
2026020681,2027-01-05,CAR,STL,0.6950,0.5739,0.2165,0.1212,0.0885,0.2097,0.6465,0.7176,3.4207,2.6703,32.5620,24.2886,3.7091,2.7250,3.8923,4.1913,60.3115,44.9877,0.8354,0.6021,4.0736,0.7223,0.9529,1.0588
2026020682,2027-01-05,CBJ,NYR,0.5719,0.4578,0.3111,0.1141,0.1170,0.2311,0.5646,0.5675,3.1439,2.6878,31.7445,26.9990,3.4946,2.7548,4.3162,3.9246,58.7975,50.0081,0.7489,0.8106,3.9098,0.4359,0.9877,1.0558
2026020683,2027-01-05,BOS,BUF,0.5228,0.4267,0.3469,0.0961,0.1303,0.2264,0.5070,0.4908,3.4373,2.8553,31.1591,29.4420,3.7075,3.0827,4.3486,4.0956,57.7133,54.5330,0.8519,0.7096,4.1160,0.5019,0.9509,1.0290
2026020684,2027-01-05,NSH,EDM,0.4597,0.3429,0.4264,0.1168,0.1138,0.2307,0.5061,0.4844,2.8826,3.1845,26.4728,32.0740,3.0629,3.3833,3.7159,3.4583,49.0333,59.4081,0.8115,0.8364,3.9863,0.4191,1.0248,0.9823
2026020685,2027-01-05,CGY,FLA,0.3777,0.2701,0.5101,0.1077,0.1122,0.2199,0.4999,0.3908,2.6700,3.3770,26.9095,29.1081,2.7672,3.5029,4.0144,3.7932,49.8423,53.9144,0.6582,0.8941,4.0473,0.4255,1.0588,0.9581
2026020686,2027-01-05,UTA,OTT,0.4904,0.3655,0.4028,0.1249,0.1068,0.2317,0.5278,0.5304,2.8746,3.1901,27.4300,29.4984,3.1070,3.3304,4.2308,4.2299,50.8060,54.6370,0.7278,0.9201,3.9867,0.5187,1.0261,0.9816
2026020687,2027-01-05,VAN,NYI,0.4069,0.2932,0.4784,0.1138,0.1146,0.2284,0.4740,0.4364,2.6059,3.1779,24.8080,30.1767,2.7701,3.2606,3.2699,3.5603,45.9497,55.8939,0.6671,0.6827,3.9116,0.5102,1.0698,0.9832
2026020688,2027-01-05,SEA,TBL,0.3668,0.2633,0.5180,0.1034,0.1152,0.2186,0.4373,0.3900,2.6844,3.3622,27.7147,31.0529,2.8407,3.4346,4.2153,3.7315,51.3340,57.5168,0.6728,0.8511,4.0403,0.3186,1.0564,0.9599
2026020689,2027-01-05,ANA,MIN,0.4442,0.3239,0.4551,0.1203,0.1006,0.2210,0.4842,0.5023,2.9296,3.5630,30.4166,28.6717,3.2064,3.7979,3.9967,4.0747,56.3381,53.1060,0.7967,1.0068,4.2059,0.3205,1.0178,0.9365
2026020690,2027-01-06,MTL,BOS,0.6010,0.4992,0.2836,0.1017,0.1155,0.2172,0.5749,0.5777,3.5677,2.7753,28.0916,27.0917,3.7613,2.9976,4.1434,3.3162,52.0317,50.1796,0.9904,0.6581,4.1838,0.5613,0.9360,1.0415
2026020691,2027-01-06,COL,OTT,0.6053,0.4787,0.2949,0.1265,0.0998,0.2264,0.6103,0.6295,3.2264,2.9532,29.5369,26.8645,3.4129,3.1116,3.7915,3.8696,54.7086,49.7588,0.7714,0.8001,4.0276,0.6531,0.9769,1.0144
2026020692,2027-01-06,LAK,WSH,0.5135,0.4028,0.3657,0.1107,0.1208,0.2315,0.5019,0.5207,3.1634,2.9668,31.7647,29.3975,3.5443,3.0279,3.8187,4.1464,58.8351,54.4509,0.7604,0.8137,4.0021,0.5653,0.9851,1.0124
2026020693,2027-01-06,SJS,DAL,0.3941,0.2858,0.4958,0.1083,0.1101,0.2184,0.4286,0.4365,2.8632,3.5086,30.4678,30.3395,3.1870,3.5307,5.3373,4.6854,56.4332,56.1956,0.7910,1.0366,4.1616,0.2933,1.0278,0.9426
2026020694,2027-01-07,DET,UTA,0.5071,0.3997,0.3655,0.1074,0.1274,0.2348,0.5286,0.4894,3.0911,2.8081,27.4296,26.8170,3.2384,2.9705,4.1783,3.5267,50.8054,49.6707,0.9120,0.7123,3.9160,0.5217,0.9948,1.0363
2026020695,2027-01-07,NJD,CBJ,0.5369,0.4151,0.3517,0.1218,0.1114,0.2332,0.5352,0.5630,3.0365,2.9651,29.5248,28.7766,3.2568,3.0762,3.6010,3.6642,54.6865,53.3006,0.7816,0.6320,3.9451,0.6067,1.0024,1.0126
2026020696,2027-01-07,NYR,CHI,0.6340,0.5229,0.2557,0.1111,0.1103,0.2214,0.6300,0.6122,3.2730,2.4842,27.9221,26.1149,3.3520,2.5892,3.5432,4.1055,51.7180,48.3705,0.7494,0.7087,3.9486,0.7751,0.9709,1.0918
2026020697,2027-01-07,PHI,TOR,0.5869,0.4741,0.2954,0.1128,0.1178,0.2306,0.5820,0.5730,3.1411,2.5692,29.6534,24.2910,3.4806,2.5622,3.9701,3.2777,54.9244,44.9924,0.7882,0.6258,3.8800,0.4070,0.9881,1.0763
2026020698,2027-01-07,CAR,PIT,0.6596,0.5502,0.2430,0.1095,0.0973,0.2068,0.6467,0.6537,3.6860,2.8769,32.8773,26.5094,4.0039,2.9891,3.6047,4.2166,60.8951,49.1009,0.7652,0.7042,4.2734,0.6630,0.9231,1.0257
2026020699,2027-01-07,WPG,NSH,0.5433,0.4291,0.3374,0.1142,0.1193,0.2335,0.5666,0.5347,3.0942,2.7840,28.2683,27.0600,3.2862,2.8370,3.6896,3.7136,52.3590,50.1210,0.6677,0.7725,3.9102,0.6307,0.9944,1.0401
2026020700,2027-01-07,CGY,NYI,0.4545,0.3304,0.4328,0.1240,0.1127,0.2368,0.5300,0.4833,2.5864,3.0201,24.9376,30.2988,2.7752,3.1408,3.2843,4.0848,46.1897,56.1199,0.5777,0.6775,3.8150,0.4644,1.0732,1.0047
2026020701,2027-01-07,EDM,FLA,0.5275,0.4195,0.3523,0.1080,0.1202,0.2282,0.5569,0.5115,3.2734,2.9612,31.4761,26.6372,3.4439,3.1152,3.8518,3.5960,58.3006,49.3377,0.9346,0.9122,4.0532,0.6235,0.9709,1.0132
2026020702,2027-01-07,VAN,TBL,0.3201,0.2218,0.5716,0.0983,0.1083,0.2066,0.3938,0.3578,2.5082,3.5010,27.1484,31.0518,2.6821,3.6180,4.2267,3.5900,50.2848,57.5148,0.7091,0.7949,4.1137,0.3373,1.0874,0.9435
2026020703,2027-01-07,VGK,MIN,0.5546,0.4260,0.3414,0.1286,0.1040,0.2325,0.5544,0.5952,3.0226,3.0299,29.6966,27.9657,3.2130,3.1126,3.4550,4.0285,55.0042,51.7983,0.7517,0.8672,3.9648,0.4658,1.0044,1.0033
2026020704,2027-01-08,CBJ,BUF,0.4805,0.3718,0.3969,0.1087,0.1226,0.2313,0.5003,0.4821,3.0869,3.0405,30.3675,29.5176,3.4212,3.0997,4.1322,4.1254,56.2475,54.6730,0.6792,0.8130,3.9950,0.5091,0.9954,1.0018
2026020705,2027-01-08,STL,OTT,0.4514,0.3324,0.4360,0.1190,0.1127,0.2317,0.5240,0.4745,2.7586,3.1532,25.0399,30.1606,2.8591,3.3040,4.2550,4.1141,46.3793,55.8638,0.6308,0.8843,3.9347,0.4698,1.0442,0.9865
2026020706,2027-01-08,COL,SEA,0.7115,0.5979,0.1999,0.1137,0.0886,0.2022,0.6834,0.7121,3.4915,2.5326,32.2724,24.3783,3.8592,2.6055,3.4277,3.5484,59.7752,45.1539,0.8036,0.6260,4.1062,0.7399,0.9446,1.0829
2026020707,2027-01-08,ANA,DAL,0.4543,0.3320,0.4456,0.1223,0.1001,0.2224,0.4714,0.5211,2.9267,3.5305,29.4716,26.0154,3.2732,3.6847,4.6543,4.4107,54.5876,48.1858,0.7808,0.9847,4.1861,0.2962,1.0182,0.9401
2026020708,2027-01-08,SJS,WSH,0.4324,0.3241,0.4489,0.1083,0.1187,0.2270,0.4520,0.4552,2.9782,3.2708,29.0315,29.8963,3.2859,3.2725,4.5105,4.4979,53.7726,55.3747,0.7956,0.9374,4.0577,0.3735,1.0107,0.9712
2026020709,2027-01-09,NJD,CHI,0.6863,0.5849,0.2135,0.1014,0.1002,0.2016,0.6296,0.6694,3.6093,2.4861,31.0944,24.6139,3.8111,2.4937,3.3049,3.6536,57.5937,45.5904,0.7395,0.6059,4.1916,0.7447,0.9313,1.0915
2026020710,2027-01-09,CGY,TBL,0.3587,0.2509,0.5311,0.1077,0.1103,0.2180,0.4484,0.3929,2.4898,3.3361,26.7183,30.6122,2.6753,3.4804,4.1860,4.0719,49.4882,56.7004,0.6136,0.7973,3.9945,0.2973,1.0908,0.9631
2026020711,2027-01-09,EDM,NYI,0.5931,0.4755,0.2957,0.1175,0.1112,0.2288,0.5864,0.5949,3.1696,2.7021,28.2396,26.9790,3.4256,2.7639,3.0982,3.6929,52.3058,49.9708,0.8524,0.6984,3.9279,0.6617,0.9843,1.0534
2026020712,2027-01-09,BUF,CAR,0.4023,0.2951,0.4852,0.1072,0.1124,0.2196,0.4990,0.4143,2.9319,3.4823,27.1633,35.5830,3.1120,3.7372,4.2694,4.2349,50.3124,65.9073,0.6436,0.8701,4.1590,0.4030,1.0175,0.9457
2026020713,2027-01-09,TOR,PHI,0.4720,0.3528,0.4114,0.1193,0.1165,0.2358,0.5179,0.4924,2.7907,3.0120,25.3286,30.2962,2.8482,3.2510,3.5410,4.1268,46.9142,56.1151,0.6710,0.8265,3.8722,0.6714,1.0391,1.0059
2026020714,2027-01-09,MTL,PIT,0.5829,0.4834,0.2983,0.0995,0.1188,0.2183,0.5808,0.5486,3.6076,2.8517,27.3177,28.6668,3.7292,3.0964,3.8559,3.6088,50.5979,53.0966,0.8876,0.6645,4.2197,0.5086,0.9315,1.0296
2026020715,2027-01-09,DET,BOS,0.5110,0.3984,0.3712,0.1125,0.1178,0.2303,0.5265,0.5165,3.1554,3.0365,29.3375,26.8549,3.4108,3.1462,4.1484,3.5225,54.3394,49.7409,0.8798,0.7907,4.0226,0.5494,0.9862,1.0024
2026020716,2027-01-09,WPG,UTA,0.4860,0.3796,0.3831,0.1065,0.1308,0.2373,0.5334,0.4603,3.0037,2.7957,26.4901,27.0741,3.0903,2.9024,4.0772,3.7376,49.0653,50.1471,0.8284,0.7148,3.8693,0.6108,1.0071,1.0383
2026020717,2027-01-09,MIN,NSH,0.6081,0.4980,0.2796,0.1101,0.1122,0.2223,0.6123,0.5887,3.3318,2.6590,30.4013,27.3472,3.6735,2.7505,3.7470,3.6088,56.3097,50.6528,0.7733,0.7610,4.0150,0.6327,0.9636,1.0607
2026020718,2027-01-09,LAK,DAL,0.5173,0.4112,0.3588,0.1061,0.1238,0.2299,0.4782,0.5212,3.2360,2.9144,35.8959,29.6808,3.6975,3.1162,4.7948,4.1220,66.4870,54.9755,0.8140,0.7809,4.0208,0.4846,0.9756,1.0201
2026020719,2027-01-09,VAN,FLA,0.3446,0.2443,0.5443,0.1003,0.1111,0.2114,0.4441,0.3647,2.6708,3.5018,27.4854,29.6668,2.7828,3.6300,4.0928,3.4974,50.9091,54.9493,0.7426,0.9169,4.1293,0.4703,1.0587,0.9434
2026020720,2027-01-09,VGK,SEA,0.6952,0.5894,0.2073,0.1058,0.0976,0.2034,0.6390,0.6850,3.4900,2.4090,30.7207,23.9072,3.7804,2.4343,3.4076,3.4546,56.9013,44.2814,0.8552,0.5617,4.0974,0.6166,0.9448,1.1062
2026020721,2027-01-09,SJS,NYR,0.4257,0.3079,0.4672,0.1178,0.1071,0.2249,0.4906,0.4673,2.7490,3.3629,30.1335,30.3203,3.0394,3.3434,4.5607,4.2815,55.8140,56.1602,0.7372,1.0529,4.0525,0.3091,1.0458,0.9598
2026020722,2027-01-10,PHI,CHI,0.6509,0.5504,0.2369,0.1005,0.1121,0.2127,0.6385,0.6075,3.4249,2.3606,28.2724,24.1736,3.5782,2.4749,3.4160,3.8062,52.3667,44.7748,0.7222,0.6545,4.0454,0.5958,0.9524,1.1158
2026020723,2027-01-10,COL,NSH,0.7026,0.5975,0.2045,0.1051,0.0929,0.1980,0.6621,0.6927,3.6600,2.5789,33.1301,24.3276,4.0949,2.6717,3.6708,3.5739,61.3638,45.0600,0.7716,0.7202,4.2328,0.6920,0.9258,1.0746
2026020724,2027-01-10,ANA,WSH,0.4869,0.3671,0.4057,0.1198,0.1075,0.2272,0.4951,0.5303,3.0660,3.3298,29.8734,26.3992,3.4386,3.4677,3.9898,4.3137,55.3319,48.8968,0.7812,0.8964,4.1126,0.3762,0.9983,0.9638
2026020725,2027-01-11,TOR,WPG,0.4761,0.3536,0.4099,0.1225,0.1140,0.2365,0.5246,0.5029,2.7300,2.9994,24.3897,30.2666,2.7863,3.1644,3.2151,3.9791,45.1752,56.0603,0.6164,0.7924,3.8461,0.4740,1.0489,1.0077
2026020726,2027-01-11,EDM,TBL,0.4862,0.3712,0.3968,0.1149,0.1170,0.2319,0.5054,0.5039,3.0050,3.0807,32.7604,30.0712,3.3525,3.2750,4.0294,3.9535,60.6790,55.6976,0.8382,0.8340,3.9791,0.4922,1.0069,0.9963
2026020727,2027-01-11,LAK,NYR,0.5381,0.4222,0.3432,0.1159,0.1187,0.2346,0.5406,0.5425,3.0480,2.7985,33.2105,28.6054,3.4128,2.8959,4.1957,3.9373,61.5131,52.9839,0.7801,0.8235,3.8916,0.5002,1.0008,1.0378
2026020728,2027-01-12,BOS,CAR,0.3935,0.3025,0.4723,0.0910,0.1342,0.2252,0.4557,0.3639,3.1762,3.2636,28.1980,34.6171,3.3719,3.6065,4.3718,4.0539,52.2288,64.1180,0.7709,0.8335,4.1192,0.3682,0.9834,0.9721
2026020729,2027-01-12,BUF,NJD,0.5351,0.4089,0.3612,0.1262,0.1037,0.2299,0.6135,0.5510,3.0796,3.1810,28.4815,31.6658,3.2397,3.3773,3.8314,4.0205,52.7539,58.6521,0.6295,0.8444,4.0494,0.5057,0.9964,0.9828
2026020730,2027-01-12,PIT,COL,0.4201,0.3153,0.4614,0.1048,0.1186,0.2234,0.4622,0.4329,3.0513,3.3752,26.8307,31.1067,3.2494,3.5215,4.2136,3.4919,49.6960,57.6159,0.7693,0.7677,4.1305,0.4269,1.0003,0.9583
2026020731,2027-01-12,WSH,VGK,0.4654,0.3536,0.4107,0.1119,0.1239,0.2358,0.5351,0.4574,2.8795,2.9523,24.5245,28.7365,2.8923,3.1621,3.8853,3.4075,45.4247,53.2259,0.6803,0.7471,3.8765,0.5554,1.0253,1.0145
2026020732,2027-01-12,CHI,UTA,0.3812,0.2790,0.4936,0.1022,0.1252,0.2275,0.4485,0.3856,2.7121,3.1540,25.1577,29.1012,2.8150,3.2717,4.3517,3.5898,46.5975,53.9019,0.7865,0.6899,3.9228,0.3659,1.0518,0.9864
2026020733,2027-01-12,NSH,PHI,0.5120,0.3919,0.3739,0.1202,0.1141,0.2343,0.5271,0.5345,2.9452,2.9670,28.0382,29.1742,3.0988,3.1761,4.0224,4.0039,51.9329,54.0369,0.7903,0.7411,3.9083,0.6393,1.0155,1.0123
2026020734,2027-01-12,DAL,OTT,0.5106,0.3931,0.3744,0.1175,0.1150,0.2325,0.5706,0.5118,3.0422,3.0283,25.9226,29.6501,3.1918,3.2754,4.2977,4.4107,48.0140,54.9181,0.7955,0.7965,3.9720,0.6173,1.0016,1.0036
2026020735,2027-01-12,CGY,CBJ,0.3951,0.2795,0.4975,0.1156,0.1074,0.2230,0.5086,0.4260,2.5485,3.3101,26.7692,31.2455,2.7073,3.5309,3.8117,4.0863,49.5825,57.8735,0.6483,0.7404,3.9848,0.4575,1.0800,0.9663
2026020736,2027-01-12,SEA,FLA,0.3977,0.2913,0.4857,0.1064,0.1166,0.2230,0.4887,0.4065,2.8239,3.3320,27.9568,29.4866,2.9346,3.4789,4.0658,3.6984,51.7822,54.6155,0.6790,0.9802,4.0500,0.4479,1.0339,0.9636
2026020737,2027-01-12,ANA,NYR,0.5473,0.4321,0.3392,0.1152,0.1135,0.2287,0.5339,0.5616,3.2223,2.9717,30.9644,24.3534,3.4841,3.1012,4.3979,3.7699,57.3527,45.1078,0.9091,0.8372,4.0314,0.3119,0.9774,1.0117
2026020738,2027-01-13,MTL,NJD,0.5734,0.4658,0.3118,0.1076,0.1149,0.2224,0.5961,0.5515,3.4536,2.9220,27.2845,30.2672,3.5251,3.1844,3.8067,3.2900,50.5367,56.0612,0.8298,0.7086,4.1392,0.4874,0.9490,1.0189
2026020739,2027-01-13,NYI,PIT,0.5407,0.4395,0.3318,0.1012,0.1274,0.2286,0.5282,0.5139,3.3344,2.7604,29.2678,25.6090,3.4470,2.9259,3.7490,3.4050,54.2101,47.4332,0.6853,0.6643,4.0362,0.4902,0.9633,1.0439
2026020740,2027-01-13,UTA,DET,0.5178,0.3855,0.3814,0.1323,0.1008,0.2331,0.5716,0.5625,2.8540,3.1750,26.3896,28.3233,3.1094,3.2199,3.4194,4.2159,48.8792,52.4607,0.6661,1.0186,3.9731,0.5594,1.0292,0.9836
2026020741,2027-01-13,EDM,SJS,0.6396,0.5326,0.2532,0.1070,0.1072,0.2141,0.6366,0.6158,3.4909,2.6469,32.1653,25.6264,3.7288,2.7774,3.7568,3.8657,59.5772,47.4654,1.0428,0.7491,4.1171,0.7775,0.9447,1.0627
2026020742,2027-01-13,LAK,STL,0.5339,0.4249,0.3422,0.1090,0.1239,0.2329,0.5252,0.5256,3.1394,2.7576,32.5075,28.2031,3.4351,2.8952,4.1045,4.1112,60.2111,52.2385,0.8225,0.6699,3.9261,0.6237,0.9883,1.0444
2026020743,2027-01-14,BOS,DAL,0.4895,0.3784,0.3916,0.1111,0.1189,0.2300,0.5092,0.4970,3.1162,3.0953,29.4413,28.7967,3.4315,3.3043,4.5201,4.3665,54.5313,53.3375,0.7796,0.8655,4.0282,0.4143,0.9914,0.9943
2026020744,2027-01-14,BUF,COL,0.4573,0.3490,0.4222,0.1083,0.1205,0.2289,0.5114,0.4564,3.0778,3.1952,27.3068,31.8878,3.2860,3.3944,4.3497,3.8947,50.5781,59.0629,0.7781,0.7789,4.0549,0.4138,0.9967,0.9809
2026020745,2027-01-14,TOR,CHI,0.5794,0.4582,0.3086,0.1212,0.1119,0.2331,0.6081,0.5774,3.0488,2.7018,26.1444,28.4707,3.1608,2.9114,3.0419,4.1482,48.4251,52.7338,0.5803,0.7406,3.8621,0.7213,1.0007,1.0535
2026020746,2027-01-14,OTT,WPG,0.6020,0.4851,0.2880,0.1169,0.1100,0.2269,0.5888,0.6042,3.2063,2.6915,28.3562,25.1403,3.4060,2.6672,3.7431,3.8385,52.5218,46.5653,0.7795,0.7220,3.9462,0.4874,0.9795,1.0552
2026020747,2027-01-14,TBL,VGK,0.5459,0.4335,0.3353,0.1124,0.1187,0.2311,0.5709,0.5338,3.1561,2.8126,28.1062,28.9500,3.2938,2.9657,4.0721,3.8651,52.0586,53.6213,0.7554,0.7336,3.9505,0.6855,0.9861,1.0356
2026020748,2027-01-14,WSH,CAR,0.3988,0.3017,0.4724,0.0970,0.1288,0.2259,0.4731,0.3808,3.0505,3.2623,26.6837,32.9399,3.1290,3.5758,4.5110,3.7960,49.4240,61.0115,0.7460,0.8036,4.0759,0.4092,1.0005,0.9723
2026020749,2027-01-14,NSH,MTL,0.4782,0.3670,0.4025,0.1112,0.1193,0.2305,0.4898,0.4920,3.0551,3.0999,28.7090,27.2536,3.3008,3.2437,3.6106,3.7827,53.1753,50.4796,0.7571,0.7798,4.0061,0.5273,0.9998,0.9936
2026020750,2027-01-14,CGY,SJS,0.5428,0.4262,0.3394,0.1166,0.1178,0.2344,0.5822,0.5342,3.0364,2.7788,28.5290,28.1240,3.2091,2.9735,4.0236,4.1094,52.8418,52.0917,0.7768,0.6689,3.8796,0.5885,1.0024,1.0410
2026020751,2027-01-14,MIN,FLA,0.5490,0.4390,0.3346,0.1100,0.1164,0.2264,0.5762,0.5353,3.3285,2.9606,31.1111,29.1753,3.5776,3.1374,4.4185,3.6901,57.6242,54.0387,0.9287,0.8763,4.0810,0.5973,0.9640,1.0133
2026020752,2027-01-14,VAN,SEA,0.4864,0.3649,0.3981,0.1216,0.1155,0.2371,0.5056,0.5164,2.7868,2.9650,27.4555,28.2785,2.9747,3.0745,3.4612,3.2709,50.8537,52.3781,0.7283,0.6408,3.8483,0.5635,1.0397,1.0126
2026020753,2027-01-14,ANA,STL,0.5535,0.4388,0.3336,0.1147,0.1129,0.2276,0.5184,0.5735,3.2291,2.9416,30.7980,24.4529,3.5020,3.1205,4.3207,4.0076,57.0444,45.2920,0.9134,0.6747,4.0254,0.4399,0.9765,1.0160
2026020754,2027-01-15,NYI,DAL,0.4862,0.3782,0.3866,0.1079,0.1272,0.2351,0.4811,0.4867,3.0349,2.8897,29.7928,24.5164,3.2218,2.9986,4.6007,3.5100,55.1828,45.4095,0.7230,0.7404,3.9166,0.4174,1.0026,1.0238
2026020755,2027-01-15,CAR,PHI,0.6608,0.5285,0.2508,0.1323,0.0884,0.2207,0.6523,0.6957,3.2583,2.8703,32.2401,27.4613,3.5535,2.9977,3.7118,4.3060,59.7158,50.8642,0.7276,0.7709,4.0199,0.7843,0.9728,1.0267
2026020756,2027-01-15,EDM,CBJ,0.5295,0.4097,0.3567,0.1198,0.1138,0.2337,0.5655,0.5381,3.0235,2.9397,30.3362,28.1185,3.2612,3.1412,3.5136,3.6926,56.1891,52.0813,0.8841,0.7470,3.9299,0.6620,1.0043,1.0163
2026020757,2027-01-15,UTA,LAK,0.5543,0.4266,0.3387,0.1276,0.1070,0.2346,0.5786,0.5796,2.9670,2.9220,28.7986,29.5974,3.2534,3.1040,3.8840,4.0321,53.3413,54.8206,0.7313,0.8368,3.8991,0.4990,1.0123,1.0189
2026020758,2027-01-16,NYR,BOS,0.5193,0.3964,0.3692,0.1228,0.1115,0.2344,0.5290,0.5490,2.9458,2.9931,27.9625,30.1956,3.1752,3.1947,3.9935,4.1854,51.7927,55.9285,0.8045,0.8200,3.9194,0.6472,1.0154,1.0086
2026020759,2027-01-16,TBL,OTT,0.5530,0.4344,0.3354,0.1186,0.1116,0.2302,0.5828,0.5570,3.1508,2.9375,28.8198,29.7638,3.3112,3.1628,4.1991,4.3703,53.3804,55.1288,0.7790,0.7988,3.9865,0.6655,0.9868,1.0167
2026020760,2027-01-16,FLA,VGK,0.5095,0.3974,0.3722,0.1122,0.1182,0.2304,0.5196,0.5163,3.1460,3.0249,26.2158,29.9086,3.2650,3.1091,3.9086,3.9912,48.5572,55.3968,0.8580,0.8240,4.0143,0.5550,0.9874,1.0041
2026020761,2027-01-16,BUF,NSH,0.6099,0.4891,0.2859,0.1208,0.1042,0.2250,0.6264,0.6135,3.2513,2.8162,29.3509,27.6237,3.5496,2.9279,3.9919,4.0010,54.3641,51.1651,0.6788,0.7750,4.0020,0.5729,0.9737,1.0351
2026020762,2027-01-16,TOR,PIT,0.4471,0.3414,0.4277,0.1057,0.1252,0.2309,0.5117,0.4353,3.0281,3.1110,25.4886,31.0810,3.0972,3.3753,3.2940,4.1784,47.2104,57.5687,0.6486,0.7895,4.0006,0.5258,1.0036,0.9921
2026020763,2027-01-16,NJD,NYI,0.6271,0.5238,0.2614,0.1033,0.1116,0.2149,0.5564,0.6189,3.4982,2.6207,29.2299,27.8530,3.7161,2.6532,3.4536,3.5407,54.1401,51.5900,0.8818,0.5425,4.1192,0.6083,0.9438,1.0672
2026020764,2027-01-16,PHI,MTL,0.4459,0.3290,0.4424,0.1169,0.1117,0.2287,0.5130,0.4713,2.8074,3.2242,27.2984,27.5840,3.1030,3.3110,3.5034,4.1693,50.5624,51.0918,0.6551,0.9540,3.9861,0.4245,1.0364,0.9771
2026020765,2027-01-16,WSH,COL,0.4249,0.3236,0.4482,0.1013,0.1269,0.2282,0.4856,0.4125,3.0570,3.1929,26.4341,31.6976,3.1972,3.4749,4.4187,3.5966,48.9615,58.7105,0.8240,0.7695,4.0466,0.4198,0.9996,0.9812
2026020766,2027-01-16,CHI,DET,0.4129,0.3009,0.4714,0.1120,0.1157,0.2277,0.4702,0.4395,2.7184,3.2178,24.6254,29.5149,2.8108,3.2620,3.6466,3.5667,45.6115,54.6683,0.6942,0.7748,3.9604,0.3817,1.0508,0.9780
2026020767,2027-01-16,STL,MIN,0.4460,0.3251,0.4448,0.1209,0.1092,0.2301,0.5161,0.4803,2.7240,3.2225,26.8126,31.7068,2.8930,3.3720,3.7993,4.2319,49.6626,58.7277,0.5974,0.9806,3.9644,0.4194,1.0498,0.9774
2026020768,2027-01-16,WPG,ANA,0.5290,0.4257,0.3455,0.1033,0.1255,0.2288,0.5688,0.4933,3.3259,2.8734,25.5512,28.8048,3.5156,3.0234,3.8647,3.9217,47.3261,53.3526,0.8069,0.7996,4.0570,0.7449,0.9643,1.0262
2026020769,2027-01-16,CGY,LAK,0.4595,0.3417,0.4234,0.1178,0.1172,0.2350,0.5328,0.4710,2.7463,3.0171,28.2340,30.6320,2.9197,3.2536,3.7429,3.6628,52.2958,56.7372,0.6756,0.6924,3.8602,0.4022,1.0462,1.0052
2026020770,2027-01-16,VAN,CBJ,0.3887,0.2818,0.4928,0.1069,0.1185,0.2254,0.4527,0.4084,2.6616,3.2059,27.3258,30.4630,2.7818,3.4718,3.7141,3.4599,50.6136,56.4242,0.7511,0.6728,3.9405,0.5048,1.0602,0.9795
2026020771,2027-01-16,SEA,SJS,0.5299,0.4122,0.3550,0.1177,0.1151,0.2328,0.5712,0.5312,3.0556,2.9257,28.3733,28.6779,3.1814,3.0720,3.9274,4.0254,52.5538,53.1176,0.7575,0.7962,3.9388,0.6109,0.9997,1.0184
2026020772,2027-01-17,DET,MIN,0.4650,0.3494,0.4203,0.1156,0.1147,0.2303,0.4981,0.4894,2.9188,3.1623,28.8972,28.5751,3.1114,3.2712,3.7248,3.4476,53.5239,52.9271,0.8049,0.8748,3.9865,0.4472,1.0194,0.9853
2026020773,2027-01-17,NYR,DAL,0.4308,0.3099,0.4648,0.1209,0.1044,0.2253,0.4879,0.4827,2.7066,3.3664,28.2553,31.3155,2.9710,3.4664,4.3639,4.7394,52.3351,58.0027,0.7128,0.9913,4.0468,0.5244,1.0527,0.9594
2026020774,2027-01-17,CAR,VGK,0.6279,0.5138,0.2684,0.1140,0.1037,0.2177,0.6106,0.6292,3.4362,2.8051,31.7234,27.0077,3.6901,2.9059,3.9834,3.6232,58.7583,50.0240,0.8004,0.6748,4.1058,0.6824,0.9510,1.0368
2026020775,2027-01-17,EDM,WPG,0.6215,0.5125,0.2664,0.1089,0.1121,0.2210,0.5774,0.6130,3.3360,2.5695,30.6492,24.9013,3.5237,2.6414,3.4192,3.2839,56.7691,46.1226,0.9316,0.6785,4.0031,0.5631,0.9631,1.0762
2026020776,2027-01-18,BUF,MTL,0.5297,0.4032,0.3665,0.1265,0.1038,0.2303,0.5682,0.5628,3.0576,3.1956,28.7166,27.4245,3.3540,3.2900,3.7283,4.2318,53.1891,50.7963,0.6648,0.8999,4.0480,0.5601,0.9995,0.9809
2026020777,2027-01-18,BOS,TBL,0.4506,0.3400,0.4312,0.1105,0.1182,0.2288,0.4967,0.4618,2.9957,3.2134,31.1062,33.4370,3.3616,3.5136,4.5867,4.3973,57.6149,61.9320,0.7626,0.8483,4.0354,0.3654,1.0082,0.9785
2026020778,2027-01-18,NYI,NSH,0.5372,0.4226,0.3434,0.1146,0.1194,0.2340,0.5575,0.5326,3.0588,2.7900,29.8677,25.7554,3.2909,2.9325,3.9479,3.4721,55.3216,47.7045,0.6186,0.7675,3.8942,0.5352,0.9993,1.0392
2026020779,2027-01-18,COL,VAN,0.7650,0.6645,0.1564,0.1005,0.0786,0.1791,0.7208,0.7547,3.7405,2.3816,32.5220,23.4435,4.1217,2.4662,3.2135,3.4930,60.2374,43.4224,0.7563,0.6846,4.2992,0.7236,0.9173,1.1116
2026020780,2027-01-18,PIT,WSH,0.5143,0.3943,0.3772,0.1200,0.1085,0.2285,0.5269,0.5451,3.1100,3.1931,29.1563,29.1127,3.4657,3.2392,3.9201,4.0909,54.0035,53.9227,0.7057,0.7903,4.0655,0.5510,0.9923,0.9812
2026020781,2027-01-18,SJS,UTA,0.4126,0.3080,0.4659,0.1046,0.1215,0.2261,0.4714,0.4181,2.9210,3.2479,28.4257,30.9211,3.1525,3.3935,4.8526,4.4896,52.6504,57.2727,0.8501,0.9297,4.0296,0.3880,1.0191,0.9741
2026020782,2027-01-18,SEA,CBJ,0.4138,0.2981,0.4743,0.1157,0.1119,0.2276,0.4974,0.4421,2.6244,3.2131,26.4864,30.5342,2.7545,3.4175,3.6235,3.7838,49.0588,56.5562,0.6325,0.7906,3.9368,0.4808,1.0666,0.9786
2026020783,2027-01-18,TOR,STL,0.4800,0.3644,0.3983,0.1156,0.1217,0.2373,0.5115,0.4897,2.8464,2.9070,26.1175,28.8132,2.9275,3.0865,3.6182,4.2039,48.3755,53.3683,0.7121,0.6827,3.8441,0.5991,1.0304,1.0212
2026020784,2027-01-18,FLA,OTT,0.5202,0.4001,0.3709,0.1201,0.1089,0.2290,0.5318,0.5493,3.1179,3.1611,26.9164,30.3967,3.2646,3.2905,4.0206,4.3804,49.8550,56.3012,0.8763,0.8713,4.0552,0.5333,0.9912,0.9854
2026020785,2027-01-18,CHI,CGY,0.5018,0.3878,0.3721,0.1140,0.1261,0.2401,0.4948,0.5086,2.8724,2.7289,27.0741,27.8797,3.0770,2.8115,4.1453,3.3424,50.1469,51.6393,0.6866,0.5568,3.7839,0.4659,1.0264,1.0490
2026020786,2027-01-19,DET,ANA,0.5391,0.4385,0.3368,0.1006,0.1241,0.2247,0.5640,0.5031,3.4626,2.9232,26.7960,28.3424,3.7308,3.0894,4.0662,3.6774,49.6318,52.4961,0.9284,0.8039,4.1446,0.6704,0.9479,1.0188
2026020787,2027-01-19,NJD,DAL,0.5308,0.4184,0.3538,0.1124,0.1153,0.2277,0.4874,0.5544,3.2676,3.0582,33.7535,29.0343,3.6710,3.1383,4.5223,4.1842,62.5185,53.7774,0.8188,0.7518,4.0803,0.4872,0.9716,0.9994
2026020788,2027-01-19,NYR,PHI,0.5294,0.4117,0.3532,0.1177,0.1174,0.2352,0.5412,0.5382,2.9793,2.8222,28.8028,31.0833,3.1089,3.0723,4.1431,4.4297,53.3493,57.5730,0.8098,0.8165,3.8670,0.7320,1.0106,1.0341
2026020789,2027-01-19,WSH,MTL,0.4975,0.3780,0.3917,0.1195,0.1108,0.2304,0.5426,0.5184,3.0169,3.1652,27.7136,26.7217,3.2421,3.3339,3.6476,3.7492,51.3314,49.4944,0.6896,0.8795,4.0204,0.5630,1.0052,0.9849
2026020790,2027-01-19,WPG,MIN,0.4565,0.3424,0.4242,0.1141,0.1193,0.2334,0.5030,0.4699,2.8400,3.0559,27.7633,29.0457,2.9433,3.1383,3.6173,3.7269,51.4237,53.7991,0.7172,0.8516,3.9097,0.5403,1.0314,0.9997
2026020791,2027-01-19,LAK,SEA,0.6366,0.5344,0.2510,0.1021,0.1124,0.2145,0.5785,0.6174,3.4613,2.5028,31.9212,27.7519,3.7750,2.6466,3.6248,3.6118,59.1252,51.4030,0.8430,0.6345,4.0820,0.6509,0.9481,1.0883
2026020792,2027-01-20,NSH,VAN,0.6339,0.5226,0.2573,0.1113,0.1088,0.2200,0.6172,0.6198,3.2997,2.5302,28.6134,26.6297,3.5561,2.6795,3.3998,3.3937,52.9983,49.3240,0.7551,0.6190,3.9732,0.5756,0.9676,1.0833
2026020793,2027-01-20,NYI,BUF,0.4607,0.3566,0.4091,0.1041,0.1302,0.2343,0.4789,0.4515,3.0343,2.9515,30.0640,26.7802,3.1909,3.0960,4.3715,3.6987,55.6854,49.6026,0.6940,0.7277,3.9390,0.5040,1.0027,1.0146
2026020794,2027-01-20,OTT,TOR,0.6600,0.5563,0.2338,0.1037,0.1062,0.2098,0.6135,0.6413,3.4940,2.4918,32.3976,22.9138,3.9147,2.4685,4.0891,3.3600,60.0073,42.4414,0.8539,0.6233,4.1050,0.5547,0.9443,1.0904
2026020795,2027-01-20,COL,BOS,0.6391,0.5121,0.2677,0.1270,0.0932,0.2202,0.6296,0.6683,3.3561,2.9730,32.1155,25.6660,3.7868,3.0859,3.7456,3.8991,59.4844,47.5389,0.7936,0.8199,4.0985,0.6975,0.9606,1.0115
2026020796,2027-01-20,CHI,DAL,0.3862,0.2826,0.4926,0.1036,0.1213,0.2249,0.4062,0.4129,2.7624,3.2453,26.9425,27.5025,2.9739,3.2401,4.7699,3.6063,49.9036,50.9407,0.7596,0.7241,3.9865,0.2756,1.0436,0.9744
2026020797,2027-01-20,VGK,EDM,0.5614,0.4383,0.3306,0.1231,0.1080,0.2311,0.5737,0.5811,3.0938,2.9332,27.6123,28.0773,3.2447,2.9962,3.2556,3.5308,51.1437,52.0053,0.7722,0.8749,3.9586,0.4395,0.9945,1.0173
2026020798,2027-01-21,BUF,SEA,0.6356,0.5097,0.2642,0.1259,0.1001,0.2261,0.6488,0.6442,3.1529,2.6780,28.3341,26.9940,3.3928,2.7586,3.4914,3.5910,52.4808,49.9990,0.6882,0.6173,3.9125,0.6293,0.9865,1.0575
2026020799,2027-01-21,MTL,STL,0.5956,0.4898,0.2876,0.1057,0.1168,0.2225,0.5806,0.5738,3.3820,2.6685,27.4733,26.4608,3.5145,2.8517,4.1698,3.7119,50.8865,49.0109,0.9598,0.5906,4.0484,0.5821,0.9575,1.0591
2026020800,2027-01-21,FLA,CAR,0.4305,0.3336,0.4412,0.0969,0.1283,0.2252,0.4577,0.4188,3.2745,3.2916,29.0749,34.7445,3.4988,3.4958,4.5056,4.3152,53.8529,64.3538,0.9036,0.8380,4.1667,0.4104,0.9707,0.9686
2026020801,2027-01-21,NJD,TBL,0.4851,0.3758,0.3945,0.1093,0.1204,0.2297,0.4749,0.5000,3.1530,3.1139,34.4728,32.3318,3.5381,3.2418,4.5598,4.0030,63.8506,59.8851,0.8244,0.7019,4.0503,0.4383,0.9865,0.9917
2026020802,2027-01-21,PHI,NSH,0.5752,0.4717,0.3022,0.1035,0.1225,0.2260,0.5731,0.5430,3.2999,2.6083,29.6217,26.5057,3.6108,2.7010,4.0246,3.6549,54.8657,49.0945,0.7789,0.7091,3.9860,0.4392,0.9676,1.0694
2026020803,2027-01-21,PIT,ANA,0.5646,0.4546,0.3255,0.1099,0.1100,0.2199,0.5814,0.5597,3.4993,3.1137,26.8915,29.4644,3.8495,3.2880,4.1263,3.8532,49.8085,54.5742,0.8235,0.7987,4.2090,0.7129,0.9437,0.9918
2026020804,2027-01-21,CBJ,CGY,0.6549,0.5536,0.2333,0.1013,0.1118,0.2131,0.5911,0.6303,3.3775,2.3088,30.0423,25.2039,3.7058,2.3740,3.7959,3.3939,55.6448,46.6830,0.6708,0.5784,4.0063,0.6219,0.9580,1.1264
2026020805,2027-01-21,WPG,NYR,0.5143,0.3983,0.3642,0.1161,0.1215,0.2375,0.5526,0.5101,2.9299,2.7914,28.6620,26.4640,3.1079,2.7907,4.0693,3.7842,53.0883,49.0172,0.7569,0.7972,3.8332,0.5324,1.0178,1.0390
2026020806,2027-01-21,MIN,DET,0.5885,0.4747,0.3002,0.1137,0.1114,0.2251,0.6012,0.5798,3.2967,2.8039,28.5776,28.4580,3.5407,2.8849,3.5582,3.7604,52.9318,52.7103,0.8627,0.8334,4.0241,0.6319,0.9680,1.0370
2026020807,2027-01-21,LAK,EDM,0.5080,0.3982,0.3690,0.1098,0.1229,0.2327,0.5106,0.5073,3.1253,2.9230,30.1541,31.7466,3.4047,3.1262,3.6854,3.4797,55.8519,58.8021,0.8086,0.8780,3.9697,0.4840,0.9902,1.0188
2026020808,2027-01-22,WSH,NYI,0.5718,0.4491,0.3191,0.1226,0.1092,0.2318,0.5948,0.5809,3.0756,2.8314,25.8339,28.9526,3.2652,2.9904,3.7226,3.8471,47.8498,53.6266,0.7566,0.6706,3.9158,0.5791,0.9970,1.0327
2026020809,2027-01-22,CHI,VAN,0.5480,0.4324,0.3315,0.1156,0.1205,0.2360,0.5506,0.5454,3.0147,2.6809,26.8531,27.2675,3.2195,2.7487,3.6040,3.2097,49.7378,50.5055,0.6900,0.6207,3.8380,0.4185,1.0055,1.0570
2026020810,2027-01-22,DAL,COL,0.4638,0.3645,0.4044,0.0993,0.1318,0.2311,0.5093,0.4334,3.2218,3.0290,25.8434,30.9292,3.3743,3.2963,4.4336,4.1453,47.8673,57.2871,0.8881,0.7658,4.0497,0.5045,0.9775,1.0035
2026020811,2027-01-22,VGK,BOS,0.5943,0.4705,0.3033,0.1238,0.1024,0.2263,0.5823,0.6210,3.2211,2.9441,30.4564,25.8918,3.5147,2.9863,3.7195,3.8840,56.4115,47.9570,0.7976,0.7702,4.0223,0.5672,0.9776,1.0157
2026020812,2027-01-23,DET,TBL,0.4393,0.3298,0.4399,0.1095,0.1208,0.2302,0.4729,0.4538,2.9115,3.1508,29.2412,29.4439,3.1447,3.2767,4.5211,3.7654,54.1609,54.5361,0.8186,0.8075,3.9786,0.3723,1.0205,0.9868
2026020813,2027-01-23,OTT,CBJ,0.5552,0.4337,0.3343,0.1215,0.1105,0.2319,0.5770,0.5674,3.0857,2.9105,28.8110,27.5471,3.3264,3.0139,3.8887,4.0250,53.3641,51.0233,0.8066,0.7194,3.9471,0.5842,0.9956,1.0207
2026020814,2027-01-23,NSH,LAK,0.5006,0.3811,0.3845,0.1195,0.1149,0.2344,0.5457,0.5138,2.9257,2.9985,27.7245,30.6745,3.0827,3.2366,3.7037,3.6079,51.3519,56.8160,0.7763,0.6840,3.9140,0.4789,1.0184,1.0078
2026020815,2027-01-23,MTL,CGY,0.6666,0.5688,0.2260,0.0978,0.1074,0.2052,0.6215,0.6341,3.5688,2.4245,28.1939,26.3156,3.8125,2.5748,4.0694,3.2689,52.2210,48.7421,0.8792,0.5487,4.1588,0.6342,0.9358,1.1032
2026020816,2027-01-23,PIT,VAN,0.6868,0.5826,0.2148,0.1042,0.0984,0.2026,0.6446,0.6720,3.5803,2.5114,29.4733,25.0849,3.9507,2.5929,3.5583,3.1915,54.5906,46.4627,0.7572,0.6189,4.1703,0.6223,0.9346,1.0868
2026020817,2027-01-23,CAR,ANA,0.6983,0.5944,0.2099,0.1040,0.0917,0.1957,0.6752,0.6852,3.8323,2.7732,29.8704,26.3267,4.2613,2.9250,3.8093,4.1868,55.3261,48.7627,0.8720,0.7559,4.3670,0.8074,0.9079,1.0419
2026020818,2027-01-23,STL,TOR,0.5767,0.4619,0.3068,0.1148,0.1165,0.2312,0.5883,0.5655,3.1303,2.6614,29.1740,25.6597,3.4202,2.6901,4.2529,3.4954,54.0365,47.5275,0.6870,0.6984,3.8955,0.4818,0.9895,1.0603
2026020819,2027-01-23,NYI,SEA,0.5597,0.4384,0.3268,0.1213,0.1135,0.2348,0.5812,0.5653,2.9897,2.7455,29.3562,25.6666,3.2085,2.8163,3.5842,3.2167,54.3741,47.5401,0.6491,0.6518,3.8457,0.5913,1.0091,1.0463
2026020820,2027-01-23,PHI,NJD,0.4694,0.3542,0.4146,0.1153,0.1160,0.2313,0.5597,0.4691,2.9282,3.1225,28.8229,32.0962,3.1320,3.2900,3.8420,3.9556,53.3863,59.4493,0.6625,0.8442,3.9707,0.3755,1.0180,0.9906
2026020821,2027-01-23,MIN,NYR,0.5852,0.4708,0.3010,0.1144,0.1138,0.2282,0.5988,0.5742,3.2008,2.7052,31.7055,27.6770,3.5454,2.7786,4.2348,3.7807,58.7254,51.2637,0.8864,0.7995,3.9463,0.5318,0.9802,1.0529
2026020822,2027-01-23,UTA,BOS,0.5978,0.4806,0.2950,0.1172,0.1072,0.2244,0.5482,0.6193,3.2807,2.8320,30.0297,26.6384,3.5795,2.9825,4.1892,3.8206,55.6213,49.3400,0.8372,0.7794,4.0220,0.5674,0.9700,1.0326
2026020823,2027-01-23,SJS,EDM,0.4213,0.3082,0.4688,0.1130,0.1099,0.2229,0.4606,0.4611,2.8662,3.4090,27.3273,33.5814,3.0873,3.5412,4.2820,3.8784,50.6160,62.2003,0.8083,1.0759,4.1033,0.2903,1.0273,0.9543
2026020824,2027-01-24,WPG,BUF,0.4640,0.3623,0.4032,0.1017,0.1328,0.2345,0.4881,0.4440,3.0867,2.9204,28.4000,27.8361,3.2145,2.9729,4.1954,3.8761,52.6031,51.5585,0.7750,0.7142,3.9510,0.6028,0.9954,1.0192
2026020825,2027-01-24,CBJ,ANA,0.5884,0.4900,0.2922,0.0983,0.1194,0.2178,0.5807,0.5509,3.5989,2.7841,27.4688,28.6858,3.9959,2.9205,3.8502,3.8379,50.8780,53.1322,0.7836,0.8097,4.2054,0.6704,0.9325,1.0401
2026020826,2027-01-24,COL,DAL,0.5947,0.4649,0.3078,0.1298,0.0975,0.2272,0.5904,0.6343,3.2145,3.0833,30.6555,25.5938,3.5705,3.1683,4.0625,4.3947,56.7803,47.4051,0.7499,0.9202,4.0649,0.5772,0.9784,0.9959
2026020827,2027-01-24,FLA,LAK,0.6122,0.4995,0.2810,0.1127,0.1069,0.2196,0.5826,0.6165,3.4349,2.8399,30.7209,30.9285,3.6889,3.0213,3.9467,3.9550,56.9017,57.2864,0.9913,0.7303,4.1116,0.5131,0.9512,1.0314
2026020828,2027-01-24,NJD,WSH,0.5268,0.4095,0.3609,0.1173,0.1123,0.2297,0.5111,0.5539,3.1591,3.0797,31.0877,29.1485,3.5624,3.0749,3.6147,4.0448,57.5811,53.9893,0.7499,0.7439,4.0399,0.5704,0.9857,0.9964
2026020829,2027-01-24,CHI,VGK,0.3460,0.2475,0.5311,0.0984,0.1229,0.2213,0.4145,0.3583,2.5907,3.2311,23.5714,30.0108,2.6300,3.2878,4.1124,3.2133,43.6593,55.5864,0.6825,0.6974,3.9412,0.3656,1.0725,0.9763
2026020830,2027-01-25,DET,PIT,0.5195,0.4164,0.3549,0.1031,0.1256,0.2288,0.5325,0.4966,3.3305,2.9309,28.6193,27.2913,3.4676,3.0658,3.8089,3.6446,53.0088,50.5490,0.8203,0.7352,4.0741,0.4967,0.9638,1.0176
2026020831,2027-01-25,NYR,SEA,0.5959,0.4803,0.2900,0.1156,0.1140,0.2296,0.5878,0.5898,3.1240,2.5812,27.6338,27.7428,3.2780,2.6843,3.6965,3.8209,51.1839,51.3857,0.8495,0.6564,3.8724,0.6924,0.9904,1.0742
2026020832,2027-01-25,OTT,CAR,0.4409,0.3447,0.4247,0.0963,0.1344,0.2306,0.4762,0.4137,3.2190,3.0924,28.8489,31.6122,3.4526,3.2531,4.4318,3.9798,53.4343,58.5525,0.7868,0.7751,4.0701,0.4152,0.9778,0.9947
2026020833,2027-01-25,UTA,MIN,0.5005,0.3743,0.3931,0.1262,0.1065,0.2327,0.5199,0.5459,2.8836,3.1571,30.0348,30.4579,3.1783,3.3451,3.9135,4.3217,55.6305,56.4142,0.7149,0.9881,3.9729,0.4666,1.0247,0.9859
2026020834,2027-01-26,BOS,CBJ,0.4972,0.3754,0.3915,0.1218,0.1112,0.2330,0.5568,0.5154,2.9207,3.0918,26.9326,30.7212,3.1260,3.3727,3.6442,4.1523,49.8850,56.9022,0.7266,0.7842,3.9539,0.5337,1.0191,0.9947
2026020835,2027-01-26,TOR,CGY,0.5444,0.4273,0.3352,0.1171,0.1204,0.2375,0.5540,0.5430,2.9695,2.6784,26.4463,29.9405,3.1521,2.9002,3.4178,3.9130,48.9842,55.4563,0.6200,0.6647,3.8138,0.6513,1.0120,1.0574
2026020836,2027-01-26,MTL,CAR,0.4610,0.3708,0.3996,0.0902,0.1394,0.2296,0.4808,0.4149,3.4090,3.0039,26.4175,32.0850,3.5138,3.3069,4.4654,3.3442,48.9310,59.4280,0.9122,0.6688,4.1342,0.3852,0.9542,1.0070
2026020837,2027-01-26,TBL,LAK,0.6228,0.5075,0.2718,0.1152,0.1055,0.2207,0.6319,0.6147,3.3414,2.7358,31.9245,31.3252,3.6251,3.0225,4.1211,4.2153,59.1310,58.0211,0.8416,0.7224,4.0354,0.6403,0.9624,1.0479
2026020838,2027-01-26,NJD,SEA,0.6692,0.5727,0.2241,0.0965,0.1067,0.2032,0.5873,0.6484,3.6369,2.4659,31.7931,25.9870,3.9337,2.5217,3.5753,3.2909,58.8878,48.1339,0.9237,0.5159,4.2127,0.6583,0.9283,1.0953
2026020839,2027-01-26,PHI,FLA,0.4665,0.3567,0.4133,0.1098,0.1202,0.2299,0.5361,0.4598,3.0433,3.1296,30.4611,30.5576,3.2847,3.2876,4.5764,4.1056,56.4204,56.5994,0.8148,0.9174,4.0142,0.4060,1.0015,0.9896
2026020840,2027-01-26,PIT,NYI,0.5244,0.3941,0.3732,0.1303,0.1024,0.2327,0.5720,0.5634,2.9344,3.1673,25.7454,29.6672,3.2010,3.2313,3.4369,3.8677,47.6859,54.9497,0.6559,0.7176,3.9939,0.5907,1.0171,0.9846
2026020841,2027-01-26,STL,CHI,0.6357,0.5213,0.2571,0.1144,0.1072,0.2215,0.6444,0.6186,3.2529,2.5336,27.3602,25.4535,3.3737,2.6025,3.6224,4.0464,50.6771,47.1454,0.5863,0.7378,3.9430,0.6617,0.9735,1.0827
2026020842,2027-01-26,NSH,VGK,0.4374,0.3301,0.4390,0.1073,0.1236,0.2309,0.4822,0.4409,2.9195,3.1059,26.1663,30.3314,3.0201,3.2757,4.1107,3.5264,48.4654,56.1801,0.7911,0.7142,3.9600,0.5203,1.0193,0.9928
2026020843,2027-01-26,DAL,ANA,0.6093,0.5117,0.2750,0.0976,0.1157,0.2132,0.6266,0.5602,3.6543,2.7446,25.3730,28.0387,3.9258,2.9850,4.2730,4.3325,46.9958,51.9335,0.9472,0.7621,4.2387,0.7716,0.9265,1.0465
2026020844,2027-01-26,MIN,VAN,0.6868,0.5851,0.2127,0.1017,0.1005,0.2021,0.6755,0.6527,3.5448,2.4154,30.1480,26.1357,3.8806,2.4937,3.2699,3.3003,55.8405,48.4091,0.7940,0.6895,4.1398,0.6657,0.9385,1.1049
2026020845,2027-01-26,COL,EDM,0.6004,0.4730,0.2994,0.1274,0.1002,0.2276,0.6214,0.6213,3.1874,2.9496,29.1546,27.7794,3.4695,3.1066,3.3925,3.5341,54.0001,51.4535,0.7807,0.9094,4.0077,0.5777,0.9819,1.0149
2026020846,2027-01-27,DET,TOR,0.6139,0.5102,0.2698,0.1037,0.1163,0.2200,0.5707,0.5933,3.3933,2.5491,31.7440,23.7386,3.7646,2.6012,4.2191,2.9396,58.7968,43.9690,0.9332,0.6034,4.0389,0.5128,0.9561,1.0799
2026020847,2027-01-27,NYR,FLA,0.4979,0.3944,0.3751,0.1035,0.1271,0.2305,0.5271,0.4745,3.1839,2.9033,29.2690,30.2939,3.2677,3.1545,4.5512,4.0770,54.2125,56.1107,0.9220,0.8625,3.9915,0.6058,0.9824,1.0217
2026020848,2027-01-27,UTA,BUF,0.5011,0.3891,0.3788,0.1121,0.1201,0.2321,0.5050,0.5101,3.0987,3.0059,30.0041,28.4310,3.4037,3.1122,4.4161,4.3501,55.5740,52.6600,0.7627,0.8216,3.9870,0.5299,0.9938,1.0067
2026020849,2027-01-28,OTT,BOS,0.5918,0.4788,0.2979,0.1130,0.1103,0.2233,0.5704,0.5953,3.3606,2.8517,30.7643,26.1043,3.7251,2.9212,4.1745,3.8342,56.9819,48.3508,0.8648,0.7400,4.0712,0.5895,0.9601,1.0296
2026020850,2027-01-28,PHI,LAK,0.5131,0.3955,0.3703,0.1176,0.1166,0.2342,0.5687,0.5125,2.9777,2.9298,30.5071,32.3706,3.2992,3.1375,4.1555,4.0034,56.5061,59.9579,0.8019,0.7596,3.9066,0.3829,1.0108,1.0178
2026020851,2027-01-28,CAR,NYI,0.6882,0.5605,0.2242,0.1277,0.0876,0.2153,0.6666,0.7129,3.3307,2.7212,29.2706,25.7550,3.6833,2.7312,3.3044,4.1235,54.2151,47.7039,0.7459,0.6486,4.0261,0.7020,0.9637,1.0503
2026020852,2027-01-28,CBJ,WPG,0.5742,0.4592,0.3095,0.1150,0.1163,0.2312,0.5623,0.5732,3.1324,2.6835,28.9036,26.8075,3.3510,2.7467,3.7866,3.7598,53.5356,49.6534,0.6910,0.7436,3.9023,0.4454,0.9892,1.0565
2026020853,2027-01-28,STL,COL,0.3903,0.2912,0.4802,0.0991,0.1295,0.2286,0.4624,0.3787,2.8527,3.1421,25.6347,32.1675,3.0292,3.3356,4.3864,3.8411,47.4810,59.5809,0.6829,0.8233,3.9560,0.3590,1.0294,0.9879
2026020854,2027-01-28,DAL,VAN,0.7112,0.6152,0.1922,0.0960,0.0966,0.1927,0.6866,0.6724,3.6698,2.3569,27.6109,24.6043,3.8685,2.4740,3.6883,3.7381,51.1413,45.5726,0.8478,0.6426,4.2409,0.6898,0.9248,1.1165
2026020855,2027-01-28,CGY,MTL,0.3861,0.2723,0.5101,0.1138,0.1038,0.2176,0.4768,0.4302,2.6087,3.4568,26.6310,28.3587,2.7945,3.5414,3.3388,4.0401,49.3266,52.5265,0.5614,0.9018,4.0915,0.4445,1.0693,0.9486
2026020856,2027-01-28,EDM,NJD,0.5313,0.4146,0.3553,0.1167,0.1134,0.2301,0.5803,0.5305,3.1568,3.0275,30.6448,29.0151,3.3165,3.1906,3.3282,3.5191,56.7609,53.7421,0.7699,0.8569,4.0200,0.5943,0.9860,1.0037
2026020857,2027-01-28,MIN,SEA,0.6592,0.5569,0.2339,0.1022,0.1069,0.2092,0.6351,0.6293,3.5088,2.4807,30.5019,26.5637,3.7950,2.5444,3.6344,3.3806,56.4961,49.2018,0.9183,0.6191,4.1152,0.6841,0.9426,1.0925
2026020858,2027-01-28,VGK,BUF,0.5799,0.4745,0.3016,0.1054,0.1185,0.2238,0.5396,0.5698,3.3962,2.7493,31.2309,26.5391,3.6052,2.8182,3.8692,4.0262,57.8464,49.1562,0.8045,0.6784,4.0712,0.5295,0.9558,1.0457
2026020859,2027-01-28,ANA,CHI,0.6290,0.5111,0.2701,0.1180,0.1009,0.2189,0.6146,0.6391,3.4088,2.8620,30.8224,23.5672,3.6553,2.9945,3.5875,3.9426,57.0895,43.6514,0.7319,0.7797,4.1009,0.5687,0.9543,1.0280
2026020860,2027-01-28,SJS,NSH,0.4936,0.3770,0.3940,0.1165,0.1124,0.2290,0.5048,0.5210,3.0787,3.1907,29.3336,30.0833,3.3563,3.2415,4.3648,4.2017,54.3322,55.7210,0.7285,0.9592,4.0533,0.4077,0.9965,0.9815
2026020861,2027-01-29,DET,FLA,0.4722,0.3657,0.4053,0.1065,0.1225,0.2290,0.5246,0.4612,3.1301,3.1066,28.6947,26.8440,3.2493,3.2154,4.4114,3.4868,53.1488,49.7208,0.9000,0.8981,4.0382,0.5069,0.9896,0.9927
2026020862,2027-01-29,PIT,NYR,0.5406,0.4128,0.3553,0.1279,0.1041,0.2319,0.5653,0.5762,3.0183,3.0988,30.6835,28.8565,3.3503,3.1475,4.3296,3.9253,56.8321,53.4480,0.7340,0.8287,3.9918,0.4813,1.0050,0.9938
2026020863,2027-01-29,UTA,WSH,0.5221,0.4059,0.3626,0.1161,0.1153,0.2314,0.5308,0.5351,3.0846,2.9792,29.2822,27.5076,3.4757,3.0273,3.9829,4.3884,54.2365,50.9498,0.7490,0.8698,3.9710,0.5256,0.9957,1.0106
2026020864,2027-01-30,PHI,WPG,0.5332,0.4118,0.3507,0.1214,0.1161,0.2375,0.5568,0.5436,2.9155,2.8001,27.2633,27.3314,3.1065,2.8234,3.8490,3.8498,50.4977,50.6239,0.7454,0.7411,3.8299,0.3514,1.0199,1.0376
2026020865,2027-01-30,STL,VAN,0.6456,0.5352,0.2461,0.1103,0.1083,0.2187,0.6448,0.6206,3.2956,2.4486,27.4642,26.0864,3.5193,2.5199,3.6035,3.5309,50.8697,48.3179,0.6340,0.6958,3.9591,0.5466,0.9681,1.0985
2026020866,2027-01-30,CGY,NJD,0.3943,0.2796,0.4985,0.1148,0.1072,0.2220,0.5237,0.4185,2.5890,3.3492,26.0508,31.4570,2.6684,3.5486,3.4346,3.8117,48.2519,58.2652,0.5267,0.8287,4.0167,0.3954,1.0728,0.9615
2026020867,2027-01-30,SJS,CHI,0.5717,0.4578,0.3133,0.1138,0.1151,0.2289,0.5728,0.5673,3.2049,2.7688,28.6136,26.6666,3.3745,2.8458,3.9209,4.2530,52.9986,49.3925,0.6958,0.8243,3.9645,0.5671,0.9797,1.0426
2026020868,2027-01-30,COL,BUF,0.5998,0.4827,0.2945,0.1172,0.1057,0.2229,0.5884,0.6103,3.3591,2.9173,31.5138,26.6165,3.6453,3.0550,3.8885,4.2330,58.3700,49.2995,0.7698,0.7884,4.0859,0.6653,0.9603,1.0196
2026020869,2027-01-30,BOS,TOR,0.6038,0.4972,0.2818,0.1066,0.1143,0.2209,0.5939,0.5824,3.3998,2.6794,30.5748,25.9854,3.7523,2.7927,3.9802,3.4481,56.6311,48.1306,0.8226,0.6724,4.0615,0.5037,0.9554,1.0572
2026020870,2027-01-30,OTT,NYR,0.6294,0.5290,0.2556,0.1005,0.1149,0.2154,0.5912,0.5986,3.4671,2.4963,32.3810,25.0160,3.8017,2.5584,4.3595,3.7992,59.9764,46.3352,0.9170,0.7058,4.0857,0.4792,0.9474,1.0895
2026020871,2027-01-30,TBL,NYI,0.6464,0.5311,0.2511,0.1153,0.1024,0.2178,0.6292,0.6443,3.3396,2.6295,28.1020,28.7727,3.5877,2.7633,3.6413,4.3300,52.0507,53.2933,0.7920,0.6597,4.0149,0.7054,0.9626,1.0657
2026020872,2027-01-30,CAR,LAK,0.6715,0.5432,0.2396,0.1283,0.0890,0.2173,0.6692,0.6946,3.3584,2.8480,32.7464,28.2151,3.7166,3.0007,3.7328,3.9849,60.6535,52.2608,0.7997,0.7121,4.0691,0.6379,0.9603,1.0301
2026020873,2027-01-30,CBJ,DET,0.6013,0.4971,0.2821,0.1043,0.1166,0.2208,0.5671,0.5826,3.4245,2.6597,28.8541,27.0628,3.6600,2.7519,3.6825,3.7534,53.4438,50.1262,0.7834,0.7877,4.0745,0.5396,0.9524,1.0606
2026020874,2027-01-30,EDM,MTL,0.5242,0.4065,0.3627,0.1177,0.1131,0.2308,0.5340,0.5424,3.1151,3.0469,30.5612,25.1193,3.4147,3.1220,3.1886,3.7070,56.6058,46.5263,0.7983,0.9164,4.0092,0.6488,0.9916,1.0010
2026020875,2027-01-30,MIN,DAL,0.5300,0.4172,0.3530,0.1129,0.1169,0.2298,0.5375,0.5338,3.2028,2.9842,31.8636,28.8885,3.5997,3.1163,4.6052,4.1361,59.0179,53.5072,0.8543,0.8395,4.0262,0.5160,0.9799,1.0099
2026020876,2027-01-30,VGK,WSH,0.6112,0.5003,0.2784,0.1108,0.1104,0.2212,0.5652,0.6127,3.3648,2.7077,29.7094,24.7479,3.6285,2.6967,3.5115,3.9611,55.0279,45.8384,0.8025,0.7071,4.0443,0.5252,0.9596,1.0525
2026020877,2027-01-30,ANA,NSH,0.5367,0.4147,0.3568,0.1220,0.1065,0.2285,0.5479,0.5667,3.1556,3.1567,30.5491,26.0132,3.5036,3.3373,3.9901,3.9371,56.5836,48.1820,0.7373,0.8809,4.0679,0.4102,0.9861,0.9860
2026020878,2027-01-31,PIT,PHI,0.5675,0.4466,0.3246,0.1209,0.1079,0.2288,0.5564,0.5906,3.1756,2.9530,30.3161,28.5054,3.4478,3.1103,4.2490,3.7293,56.1518,52.7980,0.7692,0.7195,4.0032,0.6853,0.9835,1.0144
2026020879,2027-01-31,SEA,NJD,0.4360,0.3253,0.4472,0.1108,0.1167,0.2275,0.5125,0.4441,2.9019,3.2298,27.7070,31.4959,2.9588,3.4201,3.4378,3.4245,51.3197,58.3373,0.5817,0.8380,4.0149,0.4178,1.0219,0.9764
2026020880,2027-01-31,UTA,NSH,0.6154,0.5049,0.2738,0.1105,0.1109,0.2213,0.5830,0.6091,3.3257,2.6321,30.0207,25.6063,3.6760,2.7340,3.9724,3.7549,55.6045,47.4284,0.7358,0.7762,4.0065,0.5608,0.9644,1.0653
2026020881,2027-02-01,FLA,NYI,0.6044,0.4816,0.2919,0.1227,0.1037,0.2264,0.5798,0.6281,3.2143,2.8442,26.1693,29.0883,3.4812,2.8711,3.4451,4.3854,48.4710,53.8780,0.8583,0.7393,3.9897,0.5784,0.9784,1.0307
2026020882,2027-02-01,CGY,VGK,0.3746,0.2699,0.5037,0.1047,0.1217,0.2265,0.4693,0.3807,2.5910,3.1514,24.9065,30.4828,2.6590,3.3372,3.8139,3.6530,46.1322,56.4605,0.6016,0.7484,3.8924,0.4390,1.0724,0.9867
2026020883,2027-02-01,VAN,MTL,0.3424,0.2370,0.5563,0.1054,0.1013,0.2067,0.4214,0.3939,2.5659,3.6138,26.4080,28.3112,2.7377,3.6930,3.2769,3.6198,48.9136,52.4386,0.6233,0.9245,4.2004,0.4914,1.0769,0.9309
2026020884,2027-02-02,WSH,WPG,0.5592,0.4319,0.3331,0.1273,0.1077,0.2350,0.5859,0.5805,2.9562,2.8655,26.0533,26.9795,3.0323,2.9791,3.7307,3.6530,48.2563,49.9716,0.7001,0.7394,3.8727,0.4809,1.0139,1.0274
2026020885,2027-02-02,PIT,TBL,0.4406,0.3236,0.4526,0.1170,0.1067,0.2238,0.4907,0.4814,2.9277,3.4476,31.4651,33.8149,3.2899,3.6260,4.7165,4.1197,58.2794,62.6312,0.7108,0.8049,4.1384,0.4140,1.0181,0.9497
2026020886,2027-02-02,UTA,NSH,0.5827,0.4593,0.3097,0.1234,0.1076,0.2310,0.5830,0.5998,3.0967,2.8165,29.2589,27.0422,3.4523,2.9259,3.8769,4.0937,54.1936,50.0878,0.6658,0.8630,3.9215,0.5608,0.9941,1.0350
2026020887,2027-02-03,BUF,NYI,0.6095,0.4802,0.2903,0.1293,0.1002,0.2295,0.6195,0.6328,3.1019,2.8294,26.2384,28.6463,3.3330,2.8965,3.5699,4.1342,48.5989,53.0592,0.7074,0.6789,3.9281,0.5767,0.9934,1.0330
2026020888,2027-02-03,FLA,WSH,0.5936,0.4883,0.2921,0.1053,0.1143,0.2196,0.5348,0.5920,3.4841,2.8030,29.2281,27.7643,3.7642,2.8504,3.8414,4.3043,54.1366,51.4256,0.9545,0.7533,4.1347,0.5400,0.9455,1.0371
2026020889,2027-02-03,NYR,WPG,0.5855,0.4724,0.2983,0.1131,0.1162,0.2293,0.5478,0.5867,3.1634,2.6225,27.8808,28.1696,3.2429,2.7697,3.9555,3.8921,51.6411,52.1762,0.8767,0.6995,3.9053,0.5465,0.9851,1.0669
2026020890,2027-02-03,PHI,TBL,0.4667,0.3616,0.4066,0.1051,0.1267,0.2318,0.4845,0.4620,3.0884,3.0272,34.1355,34.0298,3.4557,3.2530,4.9815,4.2533,63.2261,63.0305,0.8336,0.7591,3.9906,0.2772,0.9952,1.0037
2026020891,2027-02-03,CGY,UTA,0.4400,0.3322,0.4295,0.1079,0.1305,0.2383,0.5039,0.4275,2.7830,2.8769,26.8297,28.3337,2.9309,3.1010,4.0018,3.7845,49.6941,52.4802,0.7243,0.6626,3.8065,0.4389,1.0403,1.0257
2026020892,2027-02-03,EDM,VGK,0.5122,0.4008,0.3664,0.1114,0.1213,0.2328,0.5264,0.5105,3.0983,2.9135,28.3647,27.8078,3.2561,3.0307,3.6290,3.3817,52.5376,51.5057,0.8643,0.7999,3.9539,0.6401,0.9939,1.0202
2026020893,2027-02-03,VAN,NJD,0.3468,0.2422,0.5465,0.1047,0.1066,0.2113,0.4677,0.3734,2.5659,3.4992,26.4591,32.1258,2.6484,3.7121,3.4205,3.4381,49.0083,59.5042,0.5900,0.8443,4.1168,0.4394,1.0769,0.9437
2026020894,2027-02-03,SEA,MTL,0.4063,0.2930,0.4848,0.1134,0.1089,0.2222,0.4656,0.4463,2.7293,3.3804,27.0574,27.9080,2.9289,3.4484,3.3325,3.7947,50.1164,51.6917,0.5781,0.9685,4.0595,0.4677,1.0490,0.9577
2026020895,2027-02-08,TOR,CBJ,0.4179,0.3018,0.4733,0.1160,0.1088,0.2248,0.5124,0.4458,2.7261,3.3384,25.7942,33.9536,2.8673,3.6730,3.4855,4.2998,47.7766,62.8894,0.6809,0.8238,4.0332,0.5726,1.0495,0.9628
2026020896,2027-02-08,DAL,LAK,0.5828,0.4680,0.3073,0.1148,0.1099,0.2247,0.6201,0.5709,3.3317,2.9078,28.5015,30.7155,3.5467,3.1549,4.2217,4.1370,52.7909,56.8920,0.9214,0.7426,4.0687,0.5937,0.9636,1.0211
2026020897,2027-02-09,OTT,CBJ,0.6106,0.4969,0.2804,0.1137,0.1090,0.2227,0.5770,0.6143,3.3224,2.7247,29.8670,27.1373,3.5631,2.8809,3.9635,3.8375,55.3200,50.2643,0.8816,0.6504,4.0218,0.5842,0.9648,1.0497
2026020898,2027-02-09,CAR,COL,0.5606,0.4468,0.3284,0.1138,0.1110,0.2248,0.5625,0.5666,3.3618,3.0457,29.6553,28.3033,3.6357,3.1713,3.8320,3.7715,54.9278,52.4237,0.8125,0.7313,4.1215,0.5530,0.9599,1.0011
2026020899,2027-02-09,STL,LAK,0.5608,0.4406,0.3289,0.1203,0.1102,0.2305,0.5750,0.5724,3.0998,2.8787,29.0125,31.4781,3.2886,3.0860,4.1133,3.7908,53.7376,58.3046,0.7154,0.7649,3.9430,0.4526,0.9937,1.0254
2026020900,2027-02-09,ANA,DET,0.5201,0.3992,0.3769,0.1209,0.1031,0.2239,0.5363,0.5577,3.2579,3.3984,29.1795,27.2068,3.5249,3.5562,3.8392,4.1197,54.0467,50.3927,0.8645,0.9860,4.2047,0.4074,0.9728,0.9555
2026020901,2027-02-10,TOR,BOS,0.4231,0.3149,0.4579,0.1082,0.1189,0.2272,0.5057,0.4262,2.8983,3.2431,26.6396,30.5047,3.0903,3.4770,3.6183,4.0120,49.3424,56.5013,0.7080,0.8548,4.0207,0.5784,1.0225,0.9747
2026020902,2027-02-10,SJS,CHI,0.5691,0.4552,0.3173,0.1139,0.1136,0.2275,0.5728,0.5673,3.2617,2.8613,29.2630,27.5268,3.4365,2.9313,3.7814,4.2403,54.2014,50.9856,0.6821,0.8556,4.0193,0.5671,0.9724,1.0281
2026020903,2027-02-11,CBJ,OTT,0.5096,0.3970,0.3697,0.1126,0.1206,0.2333,0.5232,0.5122,3.0705,2.9265,28.5714,29.3571,3.2888,3.1235,4.1856,3.9563,52.9203,54.3756,0.7136,0.8178,3.9458,0.4978,0.9977,1.0183
2026020904,2027-02-11,CAR,MIN,0.5988,0.4742,0.3018,0.1246,0.0994,0.2240,0.6146,0.6201,3.3054,3.0561,33.1413,27.6640,3.6293,3.1772,3.6795,4.1292,61.3844,51.2397,0.7970,0.8359,4.0973,0.6110,0.9669,0.9997
2026020905,2027-02-11,ANA,CHI,0.6575,0.5515,0.2397,0.1059,0.1028,0.2087,0.6146,0.6481,3.5815,2.6647,31.6013,23.1254,3.8556,2.8478,3.7549,3.8339,58.5323,42.8331,0.7981,0.7087,4.1812,0.5687,0.9344,1.0597
2026020906,2027-02-11,LAK,DET,0.5346,0.4175,0.3520,0.1171,0.1134,0.2306,0.5431,0.5483,3.1141,2.9684,28.7153,29.4074,3.3420,3.0830,3.3939,4.0430,53.1870,54.4691,0.7367,0.9139,3.9802,0.5980,0.9917,1.0121
2026020907,2027-02-12,TBL,DAL,0.5810,0.4629,0.3123,0.1181,0.1067,0.2247,0.5625,0.6000,3.3125,2.9869,33.3588,30.5440,3.6941,3.2251,4.7582,4.8962,61.7869,56.5736,0.7858,0.8483,4.0801,0.5897,0.9660,1.0095
2026020908,2027-02-12,FLA,COL,0.4797,0.3716,0.4034,0.1082,0.1168,0.2250,0.4701,0.4998,3.2491,3.2732,26.5281,32.0840,3.4858,3.3912,4.1454,4.0223,49.1356,59.4261,0.9918,0.8564,4.1499,0.4209,0.9740,0.9709
2026020909,2027-02-12,NYR,NYI,0.5398,0.4210,0.3460,0.1188,0.1142,0.2330,0.5569,0.5491,3.0496,2.8856,26.5157,31.6991,3.2684,3.0276,3.6830,4.3838,49.1125,58.7137,0.8224,0.7479,3.9218,0.6438,1.0006,1.0244
2026020910,2027-02-12,EDM,STL,0.6129,0.4958,0.2797,0.1171,0.1075,0.2246,0.5646,0.6280,3.2502,2.7053,31.0141,25.1161,3.4998,2.8052,3.6900,3.8582,57.4448,46.5204,0.9631,0.6907,3.9749,0.6833,0.9738,1.0529
2026020911,2027-02-12,UTA,CGY,0.6443,0.5311,0.2508,0.1132,0.1049,0.2182,0.5956,0.6472,3.3425,2.5862,29.6440,26.2515,3.6687,2.6759,3.9970,4.0043,54.9070,48.6235,0.7405,0.7294,4.0099,0.6384,0.9623,1.0733
2026020912,2027-02-13,MTL,WSH,0.5618,0.4549,0.3213,0.1070,0.1168,0.2238,0.5578,0.5500,3.4130,2.9187,26.9501,27.4656,3.6711,3.0435,3.8955,3.7101,49.9173,50.8720,0.9087,0.7250,4.1157,0.5185,0.9538,1.0194
2026020913,2027-02-13,NSH,ANA,0.5449,0.4315,0.3428,0.1134,0.1124,0.2257,0.5525,0.5513,3.3076,3.0644,26.0482,31.0631,3.6086,3.3476,3.9893,4.0953,48.2468,57.5356,0.8630,0.7829,4.1009,0.6673,0.9666,0.9985
2026020914,2027-02-13,SJS,DET,0.4594,0.3427,0.4294,0.1167,0.1112,0.2280,0.4931,0.4925,2.9272,3.2657,26.9782,29.9847,3.1272,3.3338,4.0646,4.3747,49.9694,55.5384,0.7636,1.0342,4.0404,0.4049,1.0182,0.9719
2026020915,2027-02-13,FLA,DAL,0.5329,0.4155,0.3574,0.1174,0.1098,0.2272,0.5111,0.5640,3.2288,3.1486,31.7361,29.1281,3.6138,3.2148,4.5284,4.5290,58.7818,53.9511,0.8878,0.8695,4.0944,0.4570,0.9766,0.9871
2026020916,2027-02-13,LAK,CHI,0.6454,0.5355,0.2472,0.1098,0.1074,0.2172,0.6210,0.6302,3.3554,2.5137,30.8758,25.7733,3.6250,2.6170,3.3525,3.9289,57.1890,47.7380,0.6656,0.7205,4.0085,0.7355,0.9607,1.0863
2026020917,2027-02-13,BOS,CBJ,0.5032,0.3843,0.3845,0.1189,0.1123,0.2312,0.5568,0.5154,3.0191,3.1030,27.8862,31.1638,3.2361,3.3972,3.8375,4.1922,51.6512,57.7220,0.7717,0.7849,3.9939,0.5337,1.0049,0.9932
2026020918,2027-02-13,OTT,TOR,0.6561,0.5539,0.2360,0.1022,0.1079,0.2101,0.6135,0.6323,3.5032,2.4830,32.4948,22.9627,3.9344,2.4763,4.1142,3.3780,60.1872,42.5320,0.8639,0.6226,4.1112,0.5547,0.9432,1.0920
2026020919,2027-02-13,TBL,COL,0.4869,0.3827,0.3873,0.1043,0.1258,0.2300,0.5218,0.4688,3.2188,3.0324,29.4216,32.2953,3.4701,3.2831,4.1461,4.0177,54.4950,59.8174,0.8110,0.7705,4.0494,0.5538,0.9779,1.0030
2026020920,2027-02-13,NYI,MIN,0.4235,0.3041,0.4703,0.1194,0.1062,0.2256,0.4938,0.4678,2.6691,3.3282,28.9670,28.6415,2.8380,3.4414,3.7377,3.6098,53.6532,53.0503,0.6139,0.9487,4.0163,0.4422,1.0590,0.9640
2026020921,2027-02-13,CAR,BUF,0.6015,0.4906,0.2904,0.1109,0.1081,0.2190,0.6004,0.5952,3.4855,2.9147,32.9147,26.2872,3.8050,2.9800,3.9793,4.2626,60.9649,48.6896,0.7922,0.7096,4.1560,0.6747,0.9453,1.0200
2026020922,2027-02-13,EDM,PIT,0.5240,0.4226,0.3518,0.1013,0.1242,0.2256,0.5648,0.4887,3.4086,2.9688,31.0274,27.3252,3.6279,3.1165,3.3353,3.7308,57.4696,50.6120,0.8618,0.7909,4.1252,0.6185,0.9543,1.0121
2026020923,2027-02-13,PHI,NJD,0.4787,0.3662,0.4017,0.1126,0.1196,0.2321,0.5597,0.4691,2.9932,3.0489,27.4435,30.2663,3.1259,3.1916,3.6352,3.6390,50.8314,56.0598,0.6719,0.8039,3.9612,0.3755,1.0086,1.0007
2026020924,2027-02-13,VAN,WPG,0.4157,0.3012,0.4733,0.1145,0.1110,0.2255,0.4648,0.4551,2.7258,3.3019,28.1614,30.6736,2.8675,3.3664,3.6568,3.4242,52.1610,56.8143,0.7147,0.7520,4.0112,0.4127,1.0495,0.9673
2026020925,2027-02-13,VGK,CGY,0.7308,0.6284,0.1790,0.1025,0.0902,0.1926,0.6286,0.7316,3.5417,2.2859,31.0991,23.4809,3.9054,2.3235,3.6658,3.4116,57.6021,43.4917,0.7995,0.5317,4.1365,0.6386,0.9389,1.1312
2026020926,2027-02-13,SEA,STL,0.5214,0.4041,0.3601,0.1174,0.1185,0.2359,0.4965,0.5441,2.9811,2.8543,29.2847,27.5866,3.1290,2.9501,3.9878,3.6631,54.2417,51.0964,0.7493,0.6352,3.8795,0.5097,1.0103,1.0292
2026020927,2027-02-14,MTL,NYR,0.5520,0.4286,0.3387,0.1234,0.1093,0.2326,0.5956,0.5620,3.0535,2.9373,27.0425,27.9564,3.2879,3.0402,3.9837,3.6623,50.0887,51.7811,0.8212,0.8088,3.9421,0.4494,1.0000,1.0167
2026020928,2027-02-14,WSH,UTA,0.4914,0.3729,0.3946,0.1186,0.1140,0.2326,0.5694,0.4962,2.8934,3.0206,25.6677,28.3102,3.0193,3.2511,4.1157,3.7926,47.5420,52.4365,0.7752,0.7682,3.9118,0.5547,1.0232,1.0047
2026020929,2027-02-15,BOS,ANA,0.5616,0.4619,0.3176,0.0996,0.1208,0.2205,0.5873,0.5209,3.5574,2.9048,26.5117,30.0726,3.8921,3.1981,3.9695,4.1096,49.1051,55.7009,0.8668,0.8261,4.1967,0.6603,0.9371,1.0215
2026020930,2027-02-15,NYI,UTA,0.5137,0.4124,0.3516,0.1014,0.1347,0.2361,0.5243,0.4776,3.1468,2.6562,28.8696,25.2626,3.2510,2.8611,4.3406,3.3170,53.4725,46.7917,0.8144,0.6472,3.9036,0.5148,0.9873,1.0611
2026020931,2027-02-15,NYR,BUF,0.4359,0.3235,0.4477,0.1125,0.1164,0.2288,0.4857,0.4572,2.8470,3.2041,28.5884,31.9113,3.0516,3.3312,4.1759,4.5516,52.9522,59.1067,0.7508,0.8614,3.9861,0.6129,1.0303,0.9798
2026020932,2027-02-15,COL,CBJ,0.6120,0.4798,0.2929,0.1322,0.0950,0.2272,0.6358,0.6424,3.1874,3.0113,30.6821,27.4288,3.4379,3.1983,3.5572,4.1064,56.8295,50.8041,0.7760,0.7879,4.0280,0.6951,0.9819,1.0060
2026020933,2027-02-15,SEA,PIT,0.4474,0.3416,0.4274,0.1058,0.1253,0.2310,0.4967,0.4411,3.0104,3.0927,26.7229,28.8786,3.0999,3.2340,3.5249,3.7170,49.4967,53.4895,0.6415,0.7766,3.9863,0.4356,1.0061,0.9946
2026020934,2027-02-15,MIN,OTT,0.5219,0.4081,0.3609,0.1138,0.1172,0.2309,0.5580,0.5190,3.1546,2.9941,28.5426,30.2665,3.3303,3.1612,4.0937,3.8219,52.8671,56.0600,0.8598,0.8179,4.0073,0.5924,0.9863,1.0084
2026020935,2027-02-15,SJS,WPG,0.4718,0.3546,0.4134,0.1172,0.1148,0.2320,0.4882,0.5023,2.8891,3.1077,27.5963,29.1146,3.0415,3.1280,4.2632,4.0678,51.1143,53.9269,0.7526,0.8741,3.9507,0.3215,1.0239,0.9926
2026020936,2027-02-15,STL,PHI,0.5148,0.3904,0.3728,0.1244,0.1124,0.2369,0.5565,0.5353,2.8642,2.9448,26.9497,29.8318,3.0047,3.0994,4.0869,4.3155,49.9169,55.2549,0.6205,0.8758,3.8674,0.6103,1.0276,1.0156
2026020937,2027-02-15,VGK,DET,0.6071,0.4809,0.2911,0.1262,0.1018,0.2280,0.6052,0.6297,3.1484,2.8314,27.8908,25.7620,3.3433,2.8370,3.2341,3.9704,51.6595,47.7167,0.7514,0.8136,3.9520,0.5591,0.9871,1.0327
2026020938,2027-02-15,LAK,CGY,0.6188,0.5115,0.2661,0.1073,0.1150,0.2224,0.5675,0.6065,3.2884,2.4807,31.2827,27.0382,3.6290,2.5931,3.8503,3.5922,57.9424,50.0810,0.7300,0.6291,3.9585,0.6715,0.9690,1.0925
2026020939,2027-02-16,TOR,CAR,0.3169,0.2285,0.5594,0.0884,0.1238,0.2122,0.4119,0.3102,2.7638,3.4357,24.2297,35.0925,2.8171,3.7355,3.7818,3.9469,44.8790,64.9989,0.6430,0.8467,4.0998,0.3998,1.0434,0.9511
2026020940,2027-02-16,TBL,FLA,0.5698,0.4630,0.3150,0.1068,0.1152,0.2220,0.6007,0.5444,3.4281,2.9016,33.1465,30.7931,3.6854,3.1950,4.6368,4.4224,61.3937,57.0349,0.8513,0.8592,4.1204,0.6688,0.9520,1.0220
2026020941,2027-02-16,WSH,ANA,0.5979,0.5022,0.2833,0.0956,0.1189,0.2145,0.6041,0.5486,3.6749,2.7665,26.3547,28.2814,3.8730,3.0379,4.2403,3.6579,48.8143,52.3833,0.9217,0.7277,4.2548,0.6988,0.9242,1.0429
2026020942,2027-02-16,NSH,NJD,0.4562,0.3401,0.4311,0.1161,0.1126,0.2288,0.5366,0.4703,2.9248,3.2547,27.8046,31.8803,3.0319,3.4769,3.7070,3.6819,51.5002,59.0493,0.6880,0.7721,4.0341,0.4744,1.0185,0.9732
2026020943,2027-02-16,DAL,MIN,0.5622,0.4512,0.3222,0.1110,0.1156,0.2266,0.5628,0.5562,3.2963,2.8726,28.8612,29.7468,3.4416,3.1429,4.1231,4.2169,53.4568,55.0976,0.8888,0.7984,4.0408,0.5646,0.9680,1.0264
2026020944,2027-02-16,VAN,PIT,0.4158,0.3133,0.4572,0.1025,0.1271,0.2295,0.4520,0.4169,2.9300,3.1398,26.7767,28.8212,3.0454,3.3292,3.5317,3.4377,49.5962,53.3832,0.7255,0.6826,3.9794,0.4586,1.0178,0.9882
2026020945,2027-02-17,CHI,STL,0.4430,0.3282,0.4368,0.1148,0.1202,0.2350,0.4523,0.4747,2.7225,3.0156,26.4103,27.2410,2.8574,3.0340,4.2588,3.6213,48.9176,50.4563,0.7623,0.5813,3.8520,0.4138,1.0501,1.0054
2026020946,2027-02-17,WPG,LAK,0.5100,0.3930,0.3689,0.1170,0.1211,0.2381,0.5621,0.5042,2.8958,2.8025,26.9108,28.3333,3.0083,2.9144,3.5509,3.4167,49.8448,52.4794,0.7154,0.6964,3.8221,0.5693,1.0229,1.0372
2026020947,2027-02-17,UTA,CBJ,0.5183,0.3900,0.3750,0.1283,0.1067,0.2350,0.5548,0.5540,2.8759,3.0610,27.0824,28.6470,3.0612,3.2142,3.7684,4.2289,50.1626,53.0604,0.7224,0.8446,3.9242,0.5616,1.0259,0.9990
2026020948,2027-02-17,CGY,BOS,0.4283,0.3097,0.4623,0.1186,0.1094,0.2280,0.5019,0.4638,2.6710,3.2435,27.2904,28.7243,2.9048,3.3757,3.8182,3.8617,50.5479,53.2036,0.6441,0.7782,3.9649,0.4657,1.0586,0.9747
2026020949,2027-02-17,EDM,COL,0.4608,0.3577,0.4124,0.1031,0.1268,0.2299,0.4769,0.4552,3.1480,3.0929,28.8025,29.4963,3.3875,3.2375,3.7715,3.4047,53.3484,54.6331,0.9449,0.8059,4.0402,0.5047,0.9872,0.9946
2026020950,2027-02-17,SEA,OTT,0.3912,0.2812,0.4967,0.1100,0.1121,0.2221,0.4702,0.4188,2.6705,3.3258,25.5552,30.4079,2.7391,3.4749,3.8424,3.6982,47.3341,56.3220,0.6407,0.8704,4.0151,0.4397,1.0587,0.9643
2026020951,2027-02-18,BUF,CAR,0.4326,0.3266,0.4480,0.1060,0.1194,0.2255,0.4990,0.4333,3.0718,3.3233,27.6935,34.1781,3.2369,3.5722,4.4779,4.1791,51.2944,63.3051,0.7025,0.8272,4.1112,0.4030,0.9975,0.9646
2026020952,2027-02-18,DET,MTL,0.4643,0.3505,0.4194,0.1139,0.1162,0.2301,0.5014,0.4825,2.9756,3.1798,28.6821,25.6788,3.2213,3.2291,3.5840,3.5994,53.1253,47.5626,0.7363,0.8884,4.0131,0.5294,1.0111,0.9829
2026020953,2027-02-18,TBL,ANA,0.6450,0.5517,0.2448,0.0933,0.1102,0.2035,0.6382,0.5950,3.7688,2.6409,28.7310,28.4973,4.1292,2.8938,4.1997,4.2716,53.2154,52.7829,0.9054,0.7458,4.3166,0.8119,0.9144,1.0638
2026020954,2027-02-18,FLA,NJD,0.5377,0.4170,0.3553,0.1206,0.1070,0.2276,0.5736,0.5555,3.1730,3.1418,28.3277,31.6813,3.3311,3.2894,3.6214,4.1398,52.4689,58.6807,0.7612,0.8735,4.0690,0.5098,0.9838,0.9880
2026020955,2027-02-18,NYI,NYR,0.5106,0.3921,0.3707,0.1184,0.1187,0.2372,0.5435,0.5178,2.8925,2.8418,30.7358,25.8183,3.1277,2.9463,4.3351,3.6426,56.9295,47.8211,0.6913,0.8121,3.8359,0.4336,1.0234,1.0311
2026020956,2027-02-18,NSH,TOR,0.5770,0.4642,0.3071,0.1127,0.1159,0.2287,0.5592,0.5742,3.1970,2.7050,30.7089,26.1581,3.5244,2.8192,4.0972,3.2745,56.8794,48.4506,0.8438,0.5890,3.9441,0.5108,0.9807,1.0530
2026020957,2027-02-18,DAL,PHI,0.5901,0.4758,0.2985,0.1143,0.1114,0.2256,0.6023,0.5817,3.2685,2.7718,28.8043,29.6248,3.4522,3.0450,4.4522,4.5767,53.3516,54.8714,0.8604,0.7588,4.0007,0.7467,0.9715,1.0421
2026020958,2027-02-18,MIN,LAK,0.6088,0.5044,0.2762,0.1044,0.1150,0.2194,0.6080,0.5779,3.4431,2.6515,31.5359,29.9798,3.7108,2.8465,3.9148,3.4535,58.4116,55.5291,0.9534,0.6881,4.0856,0.5697,0.9502,1.0619
2026020959,2027-02-18,VAN,OTT,0.3592,0.2567,0.5264,0.1026,0.1144,0.2170,0.4259,0.3857,2.6420,3.3693,25.3937,29.9066,2.6532,3.5375,3.8276,3.3403,47.0349,55.3935,0.7283,0.7547,4.0378,0.4623,1.0636,0.9590
2026020960,2027-02-18,VGK,CBJ,0.5975,0.4759,0.2962,0.1216,0.1063,0.2279,0.5888,0.6123,3.1762,2.7983,29.8633,26.6747,3.3593,2.9286,3.6269,3.7563,55.3131,49.4073,0.8317,0.6457,3.9569,0.5613,0.9834,1.0379
2026020961,2027-02-19,WSH,SJS,0.6210,0.5081,0.2718,0.1129,0.1072,0.2201,0.6446,0.6021,3.3785,2.7302,29.1081,26.9095,3.4826,2.9070,4.3307,3.8153,53.9144,49.8421,0.8972,0.6843,4.0569,0.7015,0.9579,1.0488
2026020962,2027-02-19,CAR,DET,0.6871,0.5658,0.2241,0.1213,0.0888,0.2101,0.6628,0.7044,3.4732,2.7719,30.1752,25.4212,3.7343,2.8334,3.2717,3.9471,55.8909,47.0857,0.7772,0.7636,4.1228,0.7004,0.9467,1.0421
2026020963,2027-02-19,WPG,STL,0.5330,0.4215,0.3420,0.1115,0.1250,0.2365,0.5372,0.5222,3.0280,2.6751,28.0772,25.7259,3.1285,2.7351,3.9872,3.9018,52.0051,47.6499,0.7926,0.6288,3.8432,0.6543,1.0036,1.0580
2026020964,2027-02-19,CGY,PIT,0.4266,0.3180,0.4511,0.1086,0.1223,0.2309,0.5079,0.4250,2.8388,3.1246,26.7205,29.1815,2.9714,3.3262,3.5504,4.0672,49.4921,54.0502,0.5985,0.7332,3.9430,0.4123,1.0315,0.9903
2026020965,2027-02-19,EDM,BOS,0.5706,0.4563,0.3168,0.1143,0.1126,0.2269,0.5589,0.5759,3.2759,2.8846,31.8510,26.1104,3.6156,3.0147,3.6906,3.4946,58.9949,48.3620,0.9363,0.7788,4.0331,0.6653,0.9706,1.0246
2026020966,2027-02-19,UTA,SEA,0.6290,0.5074,0.2667,0.1216,0.1044,0.2260,0.6064,0.6400,3.1590,2.6134,28.3874,25.4437,3.4358,2.6565,3.6086,3.7572,52.5795,47.1272,0.7531,0.6998,3.9006,0.6165,0.9857,1.0685
2026020967,2027-02-20,PHI,NYR,0.5159,0.3976,0.3664,0.1184,0.1177,0.2361,0.5592,0.5184,2.9238,2.8532,30.2053,28.6633,3.2226,2.9175,4.2722,4.2312,55.9467,53.0908,0.7683,0.8507,3.8538,0.3396,1.0187,1.0293
2026020968,2027-02-20,NJD,BUF,0.5274,0.4257,0.3469,0.1017,0.1258,0.2275,0.4852,0.5193,3.3807,2.9104,32.5778,28.8104,3.6652,2.9784,4.1731,3.9295,60.3414,53.3632,0.8466,0.6509,4.0960,0.5756,0.9576,1.0207
2026020969,2027-02-20,CHI,MIN,0.3652,0.2570,0.5268,0.1082,0.1081,0.2163,0.4186,0.4135,2.5772,3.4243,26.2926,31.0606,2.7120,3.4952,3.9082,3.5589,48.6998,57.5313,0.6932,0.8166,4.0656,0.2991,1.0749,0.9524
2026020970,2027-02-20,FLA,ANA,0.6068,0.5040,0.2821,0.1028,0.1112,0.2140,0.5892,0.5875,3.6542,2.8924,26.4708,29.4639,3.9959,3.0552,3.9386,4.3601,49.0294,54.5734,1.0020,0.8409,4.2549,0.6969,0.9265,1.0234
2026020971,2027-02-20,CBJ,NSH,0.5930,0.4815,0.2913,0.1115,0.1157,0.2271,0.5785,0.5821,3.2322,2.6306,29.6705,26.1256,3.5750,2.7069,3.6434,3.6395,54.9561,48.3901,0.6203,0.7612,3.9482,0.5413,0.9761,1.0655
2026020972,2027-02-20,MTL,NYI,0.5989,0.4866,0.2896,0.1123,0.1115,0.2238,0.6021,0.5872,3.3131,2.7352,25.0178,28.7041,3.4972,2.8817,3.5625,3.5989,46.3383,53.1662,0.8675,0.6182,4.0184,0.5587,0.9659,1.0480
2026020973,2027-02-20,TBL,TOR,0.6833,0.5799,0.2157,0.1034,0.1011,0.2044,0.6445,0.6620,3.5248,2.4394,32.6072,24.4065,3.9064,2.5295,4.1987,3.5727,60.3954,45.2062,0.8551,0.6122,4.1252,0.6814,0.9408,1.1003
2026020974,2027-02-20,DAL,VGK,0.5154,0.4087,0.3590,0.1067,0.1256,0.2324,0.5586,0.4884,3.1723,2.8500,25.7437,29.3549,3.2687,3.0658,4.3207,3.9688,47.6824,54.3712,0.8144,0.7316,3.9697,0.6381,0.9839,1.0298
2026020975,2027-02-20,VAN,COL,0.2820,0.1981,0.6011,0.0839,0.1169,0.2008,0.3669,0.2896,2.6138,3.5387,25.1182,32.0460,2.7429,3.7203,3.9162,3.2090,46.5245,59.3560,0.7540,0.7601,4.1490,0.3499,1.0684,0.9392
2026020976,2027-02-20,LAK,SEA,0.6307,0.5292,0.2556,0.1014,0.1137,0.2152,0.5785,0.6082,3.4688,2.5179,31.8620,27.9983,3.7608,2.6644,3.5196,3.6146,59.0154,51.8593,0.8234,0.6415,4.0887,0.6509,0.9472,1.0856
2026020977,2027-02-21,CAR,NYR,0.7125,0.6066,0.1969,0.1058,0.0907,0.1965,0.6605,0.7077,3.6496,2.5453,35.2100,24.6821,3.9956,2.6135,4.1105,3.9087,65.2161,45.7167,0.8872,0.6887,4.2239,0.6033,0.9270,1.0806
2026020978,2027-02-21,DET,BUF,0.4964,0.3980,0.3710,0.0984,0.1326,0.2310,0.4832,0.4730,3.2789,2.8660,30.0569,26.6018,3.4545,2.9473,4.2962,3.5491,55.6720,49.2722,0.8838,0.6911,4.0297,0.5108,0.9702,1.0274
2026020979,2027-02-21,CHI,NJD,0.3588,0.2507,0.5373,0.1081,0.1038,0.2119,0.4682,0.3952,2.5960,3.5404,25.1425,31.4896,2.6924,3.6139,3.6724,3.3085,46.5694,58.3258,0.5916,0.7870,4.1487,0.3245,1.0715,0.9390
2026020980,2027-02-21,FLA,SJS,0.6420,0.5253,0.2593,0.1166,0.0988,0.2154,0.6303,0.6483,3.4656,2.8486,29.3172,27.9630,3.6686,2.9168,3.9506,4.5147,54.3017,51.7936,0.9943,0.8058,4.1315,0.6996,0.9476,1.0300
2026020981,2027-02-21,WSH,NSH,0.6106,0.5071,0.2739,0.1035,0.1155,0.2190,0.6019,0.5798,3.4389,2.6189,29.4545,26.4776,3.6695,2.8171,4.1463,3.4478,54.5560,49.0424,0.7830,0.6882,4.0786,0.5754,0.9507,1.0675
2026020982,2027-02-21,STL,UTA,0.4755,0.3607,0.4024,0.1149,0.1221,0.2370,0.5465,0.4706,2.8524,2.9263,25.8909,29.4952,3.0234,3.1127,4.3503,4.2009,47.9554,54.6313,0.6965,0.8090,3.8548,0.4916,1.0294,1.0183
2026020983,2027-02-21,WPG,PIT,0.5072,0.4042,0.3638,0.1030,0.1290,0.2320,0.5374,0.4772,3.2205,2.8548,27.4004,27.4345,3.2914,2.9713,3.6590,3.7974,50.7512,50.8144,0.7262,0.7082,3.9959,0.5904,0.9776,1.0291
2026020984,2027-02-21,CGY,OTT,0.3758,0.2652,0.5137,0.1106,0.1105,0.2212,0.4814,0.4030,2.5328,3.3071,25.0965,30.6858,2.6239,3.5364,3.8376,4.0428,46.4843,56.8367,0.6002,0.8077,3.9805,0.4169,1.0828,0.9667
2026020985,2027-02-21,VAN,BOS,0.3607,0.2496,0.5400,0.1111,0.0993,0.2104,0.4461,0.4173,2.5264,3.5636,27.3773,29.8025,2.8012,3.7412,3.7601,3.5415,50.7088,55.2006,0.6767,0.8492,4.1611,0.5121,1.0840,0.9364
2026020986,2027-02-22,PHI,MTL,0.4627,0.3475,0.4224,0.1153,0.1149,0.2301,0.5130,0.4810,2.9199,3.1701,28.3951,27.2565,3.2398,3.2179,3.6915,4.1818,52.5936,50.4851,0.7021,0.9335,3.9906,0.4245,1.0192,0.9842
2026020987,2027-02-22,CBJ,NYI,0.5854,0.4709,0.3001,0.1145,0.1145,0.2290,0.5713,0.5832,3.1807,2.6801,27.6125,28.0712,3.4940,2.7252,3.5643,3.9305,51.1442,51.9940,0.7071,0.6942,3.9288,0.5457,0.9828,1.0571
2026020988,2027-02-22,EDM,OTT,0.5377,0.4237,0.3462,0.1139,0.1162,0.2301,0.5386,0.5435,3.1726,2.9321,29.5720,27.4508,3.3110,3.0926,3.6802,3.5538,54.7738,50.8446,0.8951,0.7943,3.9951,0.6190,0.9839,1.0174
2026020989,2027-02-22,COL,VGK,0.5774,0.4551,0.3158,0.1223,0.1068,0.2291,0.5987,0.5887,3.1735,2.9226,28.5175,27.2051,3.3837,3.0325,3.7016,3.6881,52.8203,50.3897,0.7369,0.8007,3.9925,0.6733,0.9838,1.0188
2026020990,2027-02-22,SEA,BOS,0.4687,0.3575,0.4105,0.1112,0.1208,0.2320,0.4907,0.4802,2.9763,3.0591,28.5431,28.0038,3.1547,3.1953,3.7661,3.4407,52.8683,51.8690,0.6928,0.7755,3.9592,0.4884,1.0110,0.9993
2026020991,2027-02-23,TOR,DET,0.4662,0.3452,0.4227,0.1210,0.1111,0.2321,0.5295,0.4931,2.7874,3.1376,24.1284,31.5493,2.8792,3.3701,3.0487,4.1940,44.6910,58.4362,0.6284,0.9159,3.9344,0.5703,1.0396,0.9885
2026020992,2027-02-23,TBL,SJS,0.7000,0.6004,0.2044,0.0996,0.0955,0.1951,0.6771,0.6727,3.7296,2.5482,32.1873,28.1728,3.9283,2.7664,4.4201,4.6748,59.6176,52.1822,0.9844,0.7097,4.2857,0.8145,0.9184,1.0801
2026020993,2027-02-23,NJD,CAR,0.4252,0.3311,0.4409,0.0941,0.1339,0.2280,0.4342,0.4093,3.2328,3.1747,30.0035,32.4816,3.4354,3.3065,4.1751,3.6337,55.5732,60.1628,0.7934,0.6960,4.1057,0.4398,0.9761,0.9836
2026020994,2027-02-23,WSH,NYR,0.5475,0.4248,0.3409,0.1228,0.1116,0.2344,0.5882,0.5556,3.0041,2.8764,29.9350,28.0049,3.2557,3.0340,4.4802,3.8686,55.4459,51.8712,0.7785,0.7988,3.8979,0.4726,1.0070,1.0258
2026020995,2027-02-23,CHI,NYI,0.4564,0.3448,0.4192,0.1116,0.1243,0.2360,0.4744,0.4689,2.8356,2.9539,24.9190,29.9222,2.9916,3.0118,3.7318,3.4907,46.1554,55.4227,0.7375,0.5794,3.8607,0.3915,1.0320,1.0142
2026020996,2027-02-23,NSH,WPG,0.5202,0.3978,0.3664,0.1225,0.1133,0.2358,0.5337,0.5449,2.9203,2.9325,26.8443,28.2441,3.0336,3.0417,3.7002,3.7073,49.7215,52.3142,0.7527,0.6899,3.8841,0.4465,1.0192,1.0174
2026020997,2027-02-23,DAL,VAN,0.7146,0.6166,0.1899,0.0980,0.0954,0.1935,0.6866,0.6809,3.6228,2.3344,27.5508,24.5805,3.8641,2.4500,3.6684,3.6652,51.0298,45.5285,0.8304,0.6264,4.2026,0.6898,0.9299,1.1211
2026020998,2027-02-23,MIN,PIT,0.5856,0.4854,0.2957,0.1002,0.1187,0.2188,0.5840,0.5512,3.5569,2.7956,30.6304,29.2146,3.7864,2.9628,3.7939,3.8458,56.7338,54.1113,0.8606,0.7250,4.1795,0.5913,0.9372,1.0383
2026020999,2027-02-24,PHI,BUF,0.4609,0.3582,0.4082,0.1027,0.1309,0.2336,0.4948,0.4426,3.0837,2.9725,30.8571,30.3289,3.3801,3.1043,4.5356,4.2981,57.1542,56.1759,0.8093,0.7480,3.9682,0.4063,0.9959,1.0116
2026021000,2027-02-24,UTA,CGY,0.6446,0.5301,0.2495,0.1146,0.1059,0.2205,0.5956,0.6472,3.2567,2.5044,29.0027,25.4679,3.5492,2.5761,3.9399,3.9140,53.7193,47.1720,0.7176,0.6983,3.9407,0.6384,0.9730,1.0881
2026021001,2027-02-24,VGK,FLA,0.5436,0.4260,0.3458,0.1175,0.1106,0.2281,0.5804,0.5486,3.2090,3.0540,29.7958,26.2449,3.3633,3.0863,3.8872,3.8539,55.1880,48.6111,0.8044,0.8941,4.0523,0.5250,0.9791,1.0000
2026021002,2027-02-24,ANA,SEA,0.5967,0.4749,0.3021,0.1218,0.1012,0.2230,0.5718,0.6264,3.2752,2.9765,30.6736,25.3943,3.5556,3.1294,3.7166,3.6723,56.8140,47.0356,0.8314,0.7211,4.0586,0.4705,0.9707,1.0110
2026021003,2027-02-24,LAK,MTL,0.4893,0.3712,0.3994,0.1181,0.1113,0.2294,0.4943,0.5246,3.0379,3.2107,31.1427,27.8997,3.4200,3.2744,3.5368,3.9850,57.6829,51.6766,0.6945,0.9473,4.0480,0.5877,1.0022,0.9789
2026021004,2027-02-25,OTT,DET,0.6032,0.4879,0.2882,0.1153,0.1086,0.2239,0.5936,0.6041,3.2979,2.7726,27.8514,25.9030,3.5277,2.7795,3.5277,3.9562,51.5866,47.9778,0.8006,0.8046,4.0176,0.5817,0.9678,1.0420
2026021005,2027-02-25,PIT,TOR,0.6081,0.4896,0.2860,0.1185,0.1059,0.2244,0.5881,0.6198,3.2828,2.8064,30.8993,24.8507,3.6652,2.8192,4.1343,3.1749,57.2321,46.0289,0.7700,0.6323,4.0169,0.5584,0.9697,1.0366
2026021006,2027-02-25,CAR,SJS,0.7424,0.6322,0.1780,0.1102,0.0796,0.1898,0.7119,0.7455,3.7445,2.6633,33.5446,25.3075,4.0352,2.7394,4.0233,4.4379,62.1317,46.8750,0.9313,0.7059,4.2988,0.8100,0.9169,1.0599
2026021007,2027-02-25,BOS,WSH,0.5193,0.4051,0.3631,0.1142,0.1175,0.2317,0.5329,0.5256,3.1130,2.9700,27.6296,29.0588,3.4195,3.1385,3.5409,4.3429,51.1760,53.8230,0.7046,0.8288,3.9802,0.4983,0.9919,1.0119
2026021008,2027-02-25,STL,VAN,0.6560,0.5442,0.2390,0.1118,0.1051,0.2169,0.6448,0.6387,3.3096,2.4587,27.6121,26.1134,3.5405,2.5351,3.5981,3.5241,51.1435,48.3679,0.6364,0.7001,3.9701,0.5466,0.9663,1.0966
2026021009,2027-02-25,NSH,EDM,0.4504,0.3363,0.4319,0.1141,0.1177,0.2318,0.5061,0.4650,2.8595,3.1311,26.1236,31.4993,3.0344,3.3512,3.6869,3.4122,48.3864,58.3437,0.8015,0.8197,3.9527,0.4191,1.0284,0.9894
2026021010,2027-02-25,DAL,TBL,0.4940,0.3797,0.3904,0.1143,0.1156,0.2299,0.5378,0.5013,3.0981,3.1348,31.1725,34.8099,3.4477,3.4699,4.9833,4.9032,57.7372,64.4743,0.8104,0.7995,4.0369,0.4921,0.9939,0.9889
2026021011,2027-02-25,COL,WPG,0.6707,0.5409,0.2395,0.1299,0.0898,0.2197,0.6471,0.7015,3.2711,2.7695,30.2009,24.9694,3.5121,2.8023,3.4616,3.7975,55.9385,46.2487,0.7454,0.7569,4.0016,0.5972,0.9712,1.0425
2026021012,2027-02-26,BUF,OTT,0.5393,0.4182,0.3516,0.1211,0.1091,0.2302,0.5727,0.5543,3.1270,3.0637,27.8486,29.6747,3.2227,3.2476,4.2614,4.0350,51.5818,54.9640,0.7507,0.7803,4.0205,0.5300,0.9900,0.9986
2026021013,2027-02-26,NYI,PHI,0.5280,0.4085,0.3547,0.1195,0.1173,0.2368,0.5344,0.5422,2.9375,2.8144,28.9139,26.1435,3.0558,2.9897,4.0524,3.6109,53.5552,48.4233,0.6721,0.7672,3.8452,0.6326,1.0167,1.0353
2026021014,2027-02-26,NYR,WSH,0.5444,0.4404,0.3302,0.1040,0.1253,0.2293,0.5116,0.5307,3.2454,2.7140,29.0600,29.7667,3.4527,2.9008,4.0562,4.3428,53.8255,55.1345,0.8700,0.7340,3.9741,0.6069,0.9744,1.0515
2026021015,2027-02-26,CBJ,NJD,0.5292,0.4144,0.3555,0.1148,0.1153,0.2301,0.5651,0.5281,3.1702,3.0047,30.2599,31.0448,3.4213,3.1892,3.8799,3.8180,56.0478,57.5016,0.6400,0.8487,4.0180,0.4739,0.9842,1.0069
2026021016,2027-02-26,CHI,LAK,0.4182,0.3032,0.4661,0.1149,0.1157,0.2307,0.4773,0.4471,2.6430,3.1465,26.0400,30.6958,2.7989,3.2691,3.9780,3.3034,48.2319,56.8557,0.7108,0.6681,3.9015,0.3331,1.0634,0.9874
2026021017,2027-02-26,UTA,FLA,0.5054,0.3878,0.3811,0.1176,0.1134,0.2310,0.5462,0.5178,3.0351,3.0759,29.2757,27.6380,3.2757,3.2281,4.4286,4.0788,54.2247,51.1912,0.7732,0.9789,3.9886,0.5254,1.0026,0.9969
2026021018,2027-02-26,VGK,ANA,0.6245,0.5164,0.2679,0.1082,0.1076,0.2158,0.6185,0.6083,3.5176,2.7740,27.6187,26.6930,3.8470,2.8874,3.6929,3.9762,51.1554,49.4412,0.8544,0.7619,4.1512,0.6858,0.9416,1.0417
2026021019,2027-02-27,BOS,DET,0.5386,0.4207,0.3490,0.1178,0.1124,0.2303,0.5736,0.5435,3.1406,2.9952,26.3521,29.0559,3.3491,3.1607,3.3956,4.1097,48.8098,53.8179,0.7422,0.9000,4.0014,0.5318,0.9881,1.0083
2026021020,2027-02-27,DAL,EDM,0.5357,0.4191,0.3497,0.1165,0.1146,0.2311,0.5820,0.5322,3.1347,2.9599,26.1258,30.8419,3.3415,3.1914,4.0029,3.8662,48.3899,57.1257,0.8590,0.8583,3.9866,0.5408,0.9889,1.0134
2026021021,2027-02-27,STL,MIN,0.4360,0.3184,0.4523,0.1175,0.1117,0.2292,0.5161,0.4609,2.7446,3.2276,27.9639,32.1965,2.9604,3.4217,4.0279,4.2419,51.7951,59.6348,0.6250,0.9665,3.9722,0.4194,1.0465,0.9767
2026021022,2027-02-27,BUF,TOR,0.6288,0.5031,0.2709,0.1257,0.1003,0.2260,0.6349,0.6419,3.1856,2.7482,30.4375,25.7755,3.5327,2.8097,3.9944,3.5461,56.3769,47.7421,0.7128,0.6788,3.9485,0.5438,0.9822,1.0459
2026021023,2027-02-27,PHI,SJS,0.5735,0.4551,0.3157,0.1184,0.1109,0.2292,0.6170,0.5658,3.1652,2.8346,29.6472,29.4810,3.4060,2.9916,4.1753,4.5077,54.9132,54.6054,0.8536,0.7969,3.9615,0.5714,0.9849,1.0322
2026021024,2027-02-27,CAR,TBL,0.5908,0.4602,0.3119,0.1306,0.0973,0.2278,0.5904,0.6321,3.1709,3.0754,33.2951,29.2199,3.5783,3.1941,4.2485,4.3510,61.6691,54.1211,0.7447,0.7616,4.0433,0.5411,0.9841,0.9970
2026021025,2027-02-27,CBJ,NYI,0.5856,0.4714,0.2999,0.1143,0.1145,0.2287,0.5713,0.5832,3.1850,2.6786,27.6201,28.4528,3.4703,2.7460,3.4554,3.7602,51.1584,52.7010,0.6988,0.6714,3.9309,0.5457,0.9823,1.0574
2026021026,2027-02-27,COL,FLA,0.6191,0.5037,0.2781,0.1154,0.1028,0.2182,0.6278,0.6176,3.4453,2.9005,31.6443,24.7547,3.6785,3.0112,4.0496,3.6300,58.6116,45.8510,0.8655,0.8599,4.1300,0.6567,0.9500,1.0222
2026021027,2027-02-27,ANA,MTL,0.4221,0.3004,0.4864,0.1216,0.0915,0.2132,0.4875,0.4953,2.8368,3.7679,28.3986,25.9805,3.1521,3.8706,3.5077,4.1639,52.6003,48.1212,0.6706,1.0925,4.3269,0.3951,1.0319,0.9145
2026021028,2027-02-27,SEA,WPG,0.4745,0.3517,0.4125,0.1229,0.1129,0.2358,0.5096,0.5089,2.7427,3.0400,26.5018,28.6093,2.8435,3.0806,3.4985,3.5710,49.0873,52.9907,0.6124,0.7909,3.8706,0.3925,1.0468,1.0019
2026021029,2027-02-27,NSH,LAK,0.5258,0.4128,0.3553,0.1130,0.1189,0.2319,0.5457,0.5235,3.1205,2.9054,29.4565,30.6265,3.3248,3.1728,3.9776,3.5413,54.5600,56.7270,0.8783,0.6478,3.9616,0.4789,0.9908,1.0214
2026021030,2027-02-27,VAN,CGY,0.4769,0.3628,0.3981,0.1141,0.1250,0.2391,0.4944,0.4855,2.8231,2.8444,27.7117,28.4477,3.0122,2.9951,3.6566,3.3491,51.3281,52.6914,0.6691,0.6261,3.8081,0.5861,1.0340,1.0307
2026021031,2027-02-28,PIT,NYR,0.5417,0.4144,0.3540,0.1273,0.1043,0.2316,0.5653,0.5762,3.0334,3.0985,30.4798,28.5540,3.3433,3.1305,4.3155,3.9191,56.4549,52.8878,0.7386,0.8307,3.9973,0.4813,1.0028,0.9938
2026021032,2027-02-28,MIN,NJD,0.5118,0.3915,0.3789,0.1203,0.1092,0.2296,0.5993,0.5155,3.0530,3.1455,29.0961,32.2945,3.2545,3.3091,3.5105,3.6672,53.8923,59.8163,0.6893,0.8784,4.0245,0.5683,1.0001,0.9875
2026021033,2027-02-28,CHI,COL,0.3185,0.2313,0.5514,0.0872,0.1301,0.2173,0.3673,0.3174,2.7398,3.3052,24.6661,31.7462,2.8569,3.4430,4.3356,3.1524,45.6871,58.8007,0.7785,0.6543,4.0161,0.2435,1.0473,0.9669
2026021034,2027-02-28,TBL,UTA,0.5576,0.4383,0.3298,0.1193,0.1126,0.2319,0.6045,0.5532,3.0777,2.8305,28.3460,29.5135,3.3062,3.0598,3.9631,4.4108,52.5026,54.6650,0.7735,0.7642,3.9165,0.6841,0.9967,1.0328
2026021035,2027-02-28,STL,DAL,0.4549,0.3387,0.4318,0.1161,0.1133,0.2294,0.5034,0.4797,2.8423,3.1767,29.2878,29.6541,3.1706,3.2925,4.7178,4.3203,54.2474,54.9258,0.6190,0.8925,3.9705,0.3946,1.0310,0.9833
2026021036,2027-03-01,TOR,DET,0.4647,0.3463,0.4215,0.1183,0.1138,0.2322,0.5295,0.4834,2.8169,3.1076,24.1703,31.4660,2.9023,3.3292,3.0767,4.1628,44.7688,58.2819,0.6391,0.9002,3.9278,0.5703,1.0349,0.9926
2026021037,2027-03-01,NYI,WSH,0.4869,0.3774,0.3891,0.1095,0.1240,0.2336,0.5048,0.4862,3.0390,2.9486,29.3630,26.0964,3.2640,3.0323,3.9036,3.7990,54.3866,48.3360,0.6690,0.7886,3.9399,0.5003,1.0021,1.0150
2026021038,2027-03-01,CBJ,CAR,0.4228,0.3303,0.4378,0.0926,0.1393,0.2319,0.4491,0.3922,3.1766,3.0481,29.6063,32.5876,3.4367,3.2774,4.5110,3.8331,54.8373,60.3590,0.7154,0.7877,4.0360,0.3718,0.9834,1.0008
2026021039,2027-03-01,WPG,SEA,0.5841,0.4703,0.2972,0.1139,0.1186,0.2325,0.5902,0.5673,3.0878,2.5361,27.6591,25.5362,3.2335,2.5684,3.3751,3.2721,51.2304,47.2986,0.7271,0.5830,3.8405,0.6808,0.9953,1.0822
2026021040,2027-03-01,CHI,EDM,0.3383,0.2310,0.5622,0.1073,0.0996,0.2068,0.4379,0.3901,2.4404,3.5573,23.7782,32.1469,2.6043,3.5983,3.6592,3.2091,44.0423,59.5433,0.6561,0.8966,4.1530,0.2725,1.1001,0.9371
2026021041,2027-03-01,LAK,ANA,0.5568,0.4564,0.3207,0.1003,0.1225,0.2229,0.5569,0.5258,3.5006,2.8682,27.8440,30.0884,3.8476,3.1111,3.7536,4.1004,51.5730,55.7303,0.8272,0.8558,4.1560,0.7163,0.9436,1.0270
2026021042,2027-03-01,SJS,MTL,0.3963,0.2863,0.4961,0.1100,0.1076,0.2176,0.4444,0.4398,2.8326,3.5190,27.7183,28.3619,3.0439,3.5404,3.8203,4.2862,51.3404,52.5325,0.6667,1.0964,4.1629,0.3925,1.0325,0.9414
2026021043,2027-03-02,BUF,PIT,0.5804,0.4663,0.3104,0.1141,0.1092,0.2233,0.5984,0.5767,3.3905,2.9807,29.1469,29.0695,3.5855,3.1622,3.9170,4.2542,53.9860,53.8428,0.7215,0.7478,4.1186,0.5276,0.9565,1.0104
2026021044,2027-03-02,FLA,UTA,0.5579,0.4428,0.3286,0.1151,0.1135,0.2286,0.5542,0.5646,3.2056,2.8892,27.3349,29.0128,3.4264,3.0353,4.0483,4.3621,50.6299,53.7379,0.9570,0.7840,3.9981,0.5543,0.9796,1.0239
2026021045,2027-03-02,NJD,OTT,0.5017,0.3904,0.3796,0.1113,0.1187,0.2300,0.5080,0.5105,3.1571,3.0673,29.1496,29.2092,3.3134,3.1634,3.9073,3.7480,53.9915,54.1017,0.8046,0.7216,4.0345,0.5640,0.9859,0.9981
2026021046,2027-03-02,PHI,VGK,0.4400,0.3354,0.4288,0.1046,0.1312,0.2358,0.5055,0.4206,2.8978,2.9388,27.1182,29.7384,3.0536,3.0501,4.1290,3.6374,50.2287,55.0819,0.7436,0.7637,3.8778,0.4193,1.0226,1.0165
2026021047,2027-03-02,NSH,COL,0.3905,0.2936,0.4814,0.0970,0.1280,0.2250,0.4330,0.3871,2.9728,3.2482,26.6571,32.4307,3.1559,3.4857,4.2514,3.5681,49.3746,60.0684,0.8570,0.7088,4.0450,0.3842,1.0115,0.9741
2026021048,2027-03-03,TOR,SEA,0.5341,0.4150,0.3480,0.1190,0.1180,0.2370,0.5651,0.5351,2.9519,2.7768,26.0894,29.6778,3.0875,2.9728,3.1540,3.7095,48.3232,54.9697,0.6691,0.6612,3.8382,0.6289,1.0145,1.0413
2026021049,2027-03-03,NYR,BOS,0.5104,0.3952,0.3725,0.1152,0.1172,0.2323,0.5290,0.5201,3.0702,2.9989,29.6839,31.2204,3.3213,3.2683,4.2530,4.3075,54.9809,57.8267,0.8472,0.8250,3.9722,0.6472,0.9977,1.0077
2026021050,2027-03-03,WSH,CAR,0.3982,0.3011,0.4733,0.0971,0.1285,0.2256,0.4731,0.3808,3.0553,3.2765,27.4310,33.2607,3.1711,3.6055,4.6627,3.7749,50.8082,61.6056,0.7599,0.7846,4.0840,0.4092,0.9998,0.9705
2026021051,2027-03-03,DAL,MIN,0.5285,0.4106,0.3589,0.1179,0.1127,0.2306,0.5628,0.5370,3.1326,3.0463,28.5227,31.3017,3.3304,3.3361,4.1269,4.5268,52.8298,57.9772,0.8347,0.8708,4.0164,0.5646,0.9892,1.0010
2026021052,2027-03-03,CGY,EDM,0.4043,0.2871,0.4874,0.1171,0.1083,0.2254,0.4931,0.4418,2.5543,3.2679,25.4127,31.9051,2.7114,3.4400,3.5352,3.5356,47.0697,59.0952,0.6351,0.8761,3.9580,0.3414,1.0789,0.9716
2026021053,2027-03-03,VAN,CHI,0.5222,0.3996,0.3634,0.1226,0.1143,0.2369,0.5498,0.5398,2.8968,2.8847,27.6066,27.0111,3.0362,2.9837,3.2633,3.5526,51.1335,50.0304,0.6314,0.7004,3.8550,0.6582,1.0227,1.0245
2026021054,2027-03-03,LAK,TBL,0.4367,0.3272,0.4447,0.1095,0.1186,0.2281,0.4657,0.4570,2.9502,3.2331,33.7520,33.8941,3.3398,3.4096,4.5605,4.2281,62.5162,62.7797,0.7630,0.8638,4.0307,0.4373,1.0148,0.9760
2026021055,2027-03-03,SJS,CBJ,0.4047,0.2912,0.4891,0.1135,0.1062,0.2197,0.4760,0.4451,2.7824,3.4828,28.7990,32.7651,3.0026,3.6128,4.4448,4.4645,53.3419,60.6880,0.7678,0.9329,4.1323,0.4055,1.0404,0.9456
2026021056,2027-03-04,BUF,STL,0.5891,0.4698,0.3015,0.1193,0.1095,0.2288,0.5982,0.5922,3.1730,2.7761,29.8302,27.1654,3.3949,2.9056,4.2623,4.2966,55.2519,50.3162,0.7851,0.6452,3.9491,0.5999,0.9838,1.0414
2026021057,2027-03-04,MTL,SEA,0.6763,0.5787,0.2190,0.0976,0.1047,0.2023,0.6320,0.6448,3.6186,2.4451,27.7311,25.8274,3.8362,2.5935,3.6784,3.0673,51.3639,47.8379,0.9644,0.5272,4.1981,0.6118,0.9303,1.0992
2026021058,2027-03-04,OTT,BOS,0.6108,0.5071,0.2757,0.1037,0.1135,0.2172,0.5704,0.5953,3.5233,2.7257,31.2912,25.7635,3.8555,2.8185,4.1637,3.7513,57.9578,47.7197,0.9061,0.7050,4.1483,0.5895,0.9410,1.0496
2026021059,2027-03-04,DET,NJD,0.4839,0.3681,0.4008,0.1158,0.1152,0.2311,0.5482,0.4899,3.0118,3.1356,27.8912,29.4494,3.1122,3.2978,3.7378,3.4475,51.6608,54.5466,0.7197,0.8351,4.0054,0.4760,1.0059,0.9888
2026021060,2027-03-04,FLA,PIT,0.5759,0.4686,0.3114,0.1073,0.1127,0.2200,0.5581,0.5717,3.4992,2.9737,28.9039,29.4828,3.6835,3.0964,3.7098,4.4589,53.5360,54.6083,0.8750,0.7934,4.1760,0.5311,0.9437,1.0114
2026021061,2027-03-04,NYI,VGK,0.4440,0.3368,0.4282,0.1071,0.1278,0.2349,0.4896,0.4389,2.8867,2.9800,27.0092,27.4053,2.9417,3.1268,4.1693,3.2258,50.0268,50.7602,0.6746,0.7521,3.8913,0.5153,1.0242,1.0105
2026021062,2027-03-04,NSH,UTA,0.4748,0.3647,0.4009,0.1100,0.1243,0.2343,0.5169,0.4699,2.9755,2.9622,27.6321,29.4767,3.1651,3.2056,4.2608,3.9015,51.1803,54.5970,0.8717,0.6855,3.9186,0.5197,1.0111,1.0130
2026021063,2027-03-05,NJD,VGK,0.4959,0.3883,0.3813,0.1075,0.1229,0.2304,0.4959,0.4969,3.1792,3.0192,29.5392,29.5705,3.3811,3.0591,3.8817,3.2744,54.7129,54.7707,0.8019,0.6694,4.0271,0.5855,0.9830,1.0049
2026021064,2027-03-05,PHI,DAL,0.4694,0.3554,0.4128,0.1141,0.1177,0.2318,0.4970,0.4874,2.9462,3.1035,31.4147,29.8494,3.3293,3.2386,4.8416,4.4961,58.1866,55.2874,0.7684,0.8570,3.9680,0.3237,1.0154,0.9931
2026021065,2027-03-05,CAR,TOR,0.7367,0.6266,0.1804,0.1101,0.0829,0.1930,0.6811,0.7437,3.6258,2.5346,34.5628,22.3220,4.1149,2.5183,3.8587,3.4106,64.0176,41.3453,0.8268,0.6015,4.2056,0.6783,0.9295,1.0825
2026021066,2027-03-05,WPG,WSH,0.5058,0.3947,0.3724,0.1112,0.1218,0.2329,0.5140,0.5077,3.0630,2.9084,27.8503,27.3781,3.2680,2.9237,3.7923,3.9889,51.5848,50.7102,0.7500,0.7665,3.9360,0.5972,0.9987,1.0210
2026021067,2027-03-05,CGY,CHI,0.5580,0.4342,0.3280,0.1238,0.1140,0.2378,0.6044,0.5576,2.9041,2.6930,27.8011,26.7076,3.0673,2.8492,3.3097,4.0415,51.4935,49.4681,0.5438,0.6839,3.7860,0.6118,1.0216,1.0550
2026021068,2027-03-05,ANA,TBL,0.4254,0.3061,0.4769,0.1194,0.0977,0.2170,0.4590,0.4956,2.8278,3.6079,29.4306,29.5434,3.1591,3.8604,4.5896,4.3508,54.5116,54.7202,0.7725,0.9453,4.2187,0.2507,1.0333,0.9315
2026021069,2027-03-05,LAK,CBJ,0.4919,0.3735,0.3930,0.1184,0.1151,0.2335,0.5261,0.5106,2.9345,3.0427,30.8305,31.1454,3.2006,3.2786,3.8663,3.9959,57.1050,57.6883,0.7562,0.7645,3.9366,0.6006,1.0171,1.0015
2026021070,2027-03-05,SJS,COL,0.3317,0.2436,0.5429,0.0881,0.1254,0.2135,0.3889,0.3300,2.9477,3.4980,27.7908,33.1013,3.1814,3.6035,4.9696,3.8939,51.4748,61.3108,0.8832,0.9149,4.1713,0.2596,1.0152,0.9438
2026021071,2027-03-06,BOS,PIT,0.5360,0.4343,0.3400,0.1017,0.1240,0.2257,0.5561,0.5048,3.4303,2.9280,28.4730,29.5042,3.6185,3.1989,3.7125,4.1098,52.7378,54.6481,0.7691,0.7554,4.1275,0.4879,0.9517,1.0181
2026021072,2027-03-06,BUF,NYR,0.5755,0.4486,0.3189,0.1269,0.1055,0.2325,0.6131,0.5899,3.0470,2.8809,30.3190,28.2411,3.3496,2.9720,4.3569,4.2461,56.1572,52.3087,0.7412,0.8261,3.9190,0.4677,1.0010,1.0251
2026021073,2027-03-06,OTT,SEA,0.6640,0.5594,0.2310,0.1046,0.1050,0.2096,0.6277,0.6436,3.4757,2.4770,30.2092,24.4009,3.7888,2.4901,3.7151,3.5580,55.9538,45.1960,0.8634,0.5977,4.0905,0.6382,0.9464,1.0932
2026021074,2027-03-06,MTL,VAN,0.6996,0.6044,0.2007,0.0952,0.0997,0.1949,0.6726,0.6590,3.6724,2.3778,27.3050,25.0919,3.8902,2.4970,3.4280,3.0278,50.5747,46.4756,0.8538,0.5962,4.2424,0.5900,0.9245,1.1123
2026021075,2027-03-06,DET,DAL,0.4994,0.3933,0.3755,0.1061,0.1251,0.2312,0.4854,0.4985,3.1634,2.9347,29.7279,25.3921,3.4077,3.0186,4.6867,3.5943,55.0624,47.0316,0.8968,0.7618,3.9915,0.4218,0.9851,1.0171
2026021076,2027-03-06,FLA,TOR,0.6757,0.5760,0.2215,0.0997,0.1027,0.2024,0.5958,0.6637,3.6359,2.5166,31.3669,24.9176,4.0423,2.5587,4.0470,3.4956,58.0981,46.1529,1.0087,0.6326,4.2128,0.5468,0.9284,1.0858
2026021077,2027-03-06,NSH,MIN,0.4429,0.3283,0.4426,0.1146,0.1144,0.2290,0.4864,0.4698,2.8461,3.2139,28.8034,31.2815,3.0381,3.4592,3.8718,3.8804,53.3499,57.9402,0.7840,0.8133,3.9910,0.4458,1.0304,0.9785
2026021078,2027-03-06,EDM,CHI,0.7195,0.6294,0.1834,0.0900,0.0971,0.1871,0.6576,0.6814,3.7389,2.2783,31.8205,22.8414,3.9333,2.3894,3.1344,3.4271,58.9385,42.3072,0.8732,0.6375,4.3050,0.7920,0.9175,1.1328
2026021079,2027-03-06,SJS,TBL,0.3677,0.2647,0.5207,0.1029,0.1116,0.2146,0.4164,0.4022,2.8175,3.5324,32.4987,34.7810,3.1132,3.6824,5.2032,4.4130,60.1949,64.4223,0.7821,0.9658,4.1689,0.2478,1.0349,0.9399
2026021080,2027-03-07,NYI,PIT,0.5345,0.4342,0.3368,0.1003,0.1287,0.2289,0.5282,0.5042,3.3347,2.7682,29.3126,25.6937,3.4517,2.9603,3.8942,3.4218,54.2931,47.5902,0.7131,0.6643,4.0380,0.4902,0.9632,1.0427
2026021081,2027-03-07,PHI,STL,0.5286,0.4158,0.3485,0.1128,0.1228,0.2356,0.5438,0.5208,3.0388,2.7556,30.3876,27.9394,3.3194,2.8756,4.3405,4.2893,56.2845,51.7501,0.8374,0.6565,3.8734,0.4684,1.0021,1.0447
2026021082,2027-03-07,CAR,UTA,0.6444,0.5266,0.2564,0.1179,0.0992,0.2170,0.6430,0.6472,3.4002,2.7779,31.2951,26.0794,3.7055,2.9177,4.0018,4.1250,57.9646,48.3045,0.8636,0.6893,4.0789,0.6810,0.9553,1.0411
2026021083,2027-03-07,WPG,CGY,0.5988,0.4904,0.2808,0.1084,0.1203,0.2287,0.5793,0.5751,3.1705,2.4379,28.4272,25.7967,3.3646,2.5043,3.8961,3.4594,52.6532,47.7810,0.7189,0.5808,3.8729,0.7009,0.9842,1.1006
2026021084,2027-03-07,LAK,COL,0.4128,0.3165,0.4536,0.0962,0.1337,0.2299,0.4375,0.3997,3.0715,3.1264,30.0267,32.1702,3.3737,3.3319,4.2405,3.6241,55.6160,59.5862,0.8274,0.7913,4.0233,0.4494,0.9975,0.9900
2026021085,2027-03-07,OTT,BUF,0.5445,0.4424,0.3307,0.1021,0.1247,0.2268,0.5275,0.5238,3.3961,2.8391,31.3367,27.6686,3.7056,2.8723,4.1935,4.0727,58.0425,51.2485,0.8130,0.6990,4.0888,0.5523,0.9558,1.0315
2026021086,2027-03-07,NYR,VGK,0.4147,0.3017,0.4705,0.1131,0.1148,0.2278,0.4964,0.4350,2.7060,3.2217,25.7407,32.8086,2.8117,3.3611,3.9091,4.0068,47.6773,60.7684,0.7070,0.8873,3.9598,0.6220,1.0528,0.9775
2026021087,2027-03-07,ANA,CBJ,0.4654,0.3397,0.4345,0.1256,0.1002,0.2258,0.5193,0.5202,2.8565,3.4275,29.1179,28.2986,3.1375,3.7383,4.0368,4.1626,53.9325,52.4149,0.7844,0.8421,4.1120,0.4080,1.0288,0.9521
2026021088,2027-03-07,MIN,WSH,0.5373,0.4203,0.3486,0.1170,0.1141,0.2311,0.5610,0.5430,3.1166,2.9450,29.5240,29.0592,3.5005,3.0049,3.6547,4.0036,54.6847,53.8237,0.7847,0.8197,3.9732,0.5983,0.9914,1.0155
2026021089,2027-03-08,BOS,SEA,0.6105,0.5004,0.2783,0.1101,0.1111,0.2212,0.6083,0.5942,3.3589,2.6871,28.2863,27.3489,3.5817,2.8135,3.5395,3.6601,52.3923,50.6562,0.8106,0.6623,4.0370,0.5905,0.9603,1.0559
2026021090,2027-03-08,TOR,DAL,0.4020,0.2895,0.4867,0.1125,0.1114,0.2238,0.4646,0.4371,2.6917,3.3226,25.3753,29.8616,2.8585,3.5010,3.8521,4.4173,47.0009,55.3101,0.6377,0.9273,4.0170,0.4484,1.0552,0.9647
2026021091,2027-03-08,CHI,TBL,0.3360,0.2358,0.5503,0.1002,0.1138,0.2139,0.3942,0.3701,2.5328,3.3768,25.4932,30.2126,2.6841,3.4247,4.4924,3.5456,47.2190,55.9603,0.6919,0.7216,4.0277,0.2322,1.0829,0.9581
2026021092,2027-03-09,BUF,VAN,0.7023,0.5940,0.2037,0.1083,0.0941,0.2023,0.6884,0.6842,3.5087,2.4611,29.3886,25.5451,3.8195,2.5452,3.5808,3.5762,54.4339,47.3152,0.7230,0.6584,4.1141,0.6081,0.9426,1.0962
2026021093,2027-03-09,FLA,NJD,0.5300,0.4110,0.3634,0.1190,0.1066,0.2256,0.5736,0.5459,3.2174,3.2187,29.5304,32.7666,3.4103,3.3882,3.7603,4.2921,54.6964,60.6908,0.7780,0.9030,4.1163,0.5098,0.9780,0.9779
2026021094,2027-03-09,NYI,MTL,0.4531,0.3400,0.4299,0.1130,0.1170,0.2300,0.4971,0.4706,2.9116,3.1640,29.4613,25.3708,3.1396,3.2648,3.7154,3.6394,54.5686,46.9920,0.6179,0.8918,3.9851,0.5221,1.0205,0.9850
2026021095,2027-03-09,PIT,OTT,0.4719,0.3501,0.4230,0.1218,0.1050,0.2268,0.5239,0.5113,2.9575,3.3725,27.0523,29.8549,3.1168,3.4991,4.1487,3.8384,50.1066,55.2974,0.7097,0.8279,4.1042,0.5441,1.0137,0.9586
2026021096,2027-03-09,WSH,CGY,0.6366,0.5271,0.2535,0.1095,0.1100,0.2195,0.6143,0.6190,3.2958,2.4726,28.3969,26.0060,3.4920,2.6309,4.1398,3.4291,52.5971,48.1688,0.7537,0.5831,3.9624,0.6520,0.9681,1.0940
2026021097,2027-03-09,STL,NSH,0.5275,0.4090,0.3567,0.1185,0.1159,0.2344,0.5794,0.5257,2.9982,2.8838,27.3244,28.5012,3.2496,2.9872,3.9725,4.0999,50.6107,52.7905,0.5807,0.8653,3.8980,0.5119,1.0079,1.0247
2026021098,2027-03-09,MIN,CAR,0.4324,0.3376,0.4323,0.0948,0.1353,0.2301,0.4841,0.3987,3.2247,3.1169,29.4836,33.6130,3.4505,3.3362,4.4184,3.7519,54.6101,62.2581,0.8508,0.8024,4.0812,0.4684,0.9771,0.9913
2026021099,2027-03-09,WPG,DET,0.5114,0.3967,0.3685,0.1147,0.1202,0.2348,0.5551,0.5062,3.0095,2.8880,26.2604,27.4965,3.1151,2.9372,3.4812,3.7710,48.6399,50.9295,0.7358,0.8187,3.9046,0.6299,1.0062,1.0240
2026021100,2027-03-09,EDM,LAK,0.5785,0.4593,0.3110,0.1192,0.1105,0.2297,0.5891,0.5830,3.1550,2.8081,30.9658,28.3226,3.4347,3.0028,3.4682,3.4857,57.3557,52.4596,0.9003,0.7629,3.9486,0.5951,0.9862,1.0363
2026021101,2027-03-09,COL,PHI,0.6520,0.5202,0.2561,0.1318,0.0919,0.2236,0.6409,0.6843,3.2141,2.8254,30.2698,25.7577,3.4830,2.9583,3.6739,4.0940,56.0660,47.7088,0.7595,0.8257,3.9844,0.7778,0.9785,1.0336
2026021102,2027-03-09,UTA,NYR,0.5598,0.4334,0.3322,0.1264,0.1080,0.2344,0.5692,0.5854,2.9932,2.8835,29.3579,26.3900,3.2752,2.8919,4.1297,4.1422,54.3771,48.8799,0.7527,0.9117,3.8957,0.4580,1.0086,1.0247
2026021103,2027-03-09,VGK,SJS,0.6760,0.5652,0.2272,0.1108,0.0968,0.2077,0.6585,0.6678,3.5271,2.6432,31.1516,25.5171,3.6907,2.7112,3.7758,4.3259,57.6993,47.2632,0.9011,0.7351,4.1414,0.6885,0.9405,1.0634
2026021104,2027-03-10,MTL,BOS,0.5383,0.4164,0.3554,0.1219,0.1063,0.2282,0.5749,0.5586,3.1450,3.1338,27.0074,29.2338,3.4427,3.3510,3.9085,3.5696,50.0236,54.1471,0.8362,0.7723,4.0548,0.5613,0.9876,0.9890
2026021105,2027-03-10,CHI,WSH,0.4179,0.3137,0.4560,0.1042,0.1261,0.2303,0.4293,0.4314,2.8698,3.1025,26.1714,28.1355,3.0649,3.0919,4.0076,3.5881,48.4752,52.1133,0.7488,0.6786,3.9419,0.3521,1.0268,0.9933
2026021106,2027-03-10,DAL,ANA,0.6026,0.5052,0.2802,0.0974,0.1172,0.2147,0.6266,0.5506,3.6560,2.7666,25.2668,28.2471,3.8984,3.0240,4.2784,4.4021,46.7991,52.3195,0.9456,0.7800,4.2419,0.7716,0.9263,1.0429
2026021107,2027-03-11,OTT,MIN,0.5381,0.4215,0.3476,0.1166,0.1143,0.2309,0.5423,0.5498,3.1441,2.9607,29.9790,28.4056,3.4051,3.0645,3.8325,4.0515,55.5274,52.6132,0.8061,0.8536,3.9911,0.4878,0.9877,1.0133
2026021108,2027-03-11,TBL,NJD,0.5776,0.4586,0.3140,0.1190,0.1084,0.2273,0.6233,0.5728,3.2373,2.9220,29.6468,31.0845,3.4056,3.1566,3.7146,4.1798,54.9122,57.5750,0.6665,0.8100,4.0237,0.6410,0.9755,1.0189
2026021109,2027-03-11,PIT,BOS,0.5552,0.4393,0.3351,0.1160,0.1097,0.2257,0.5443,0.5728,3.3171,3.0796,30.2920,28.1932,3.6071,3.2152,4.1918,3.5458,56.1071,52.2196,0.8137,0.7126,4.1101,0.5937,0.9654,0.9964
2026021110,2027-03-11,CBJ,VAN,0.7045,0.6052,0.1967,0.0993,0.0988,0.1980,0.6440,0.6812,3.5307,2.2847,29.5627,24.5842,3.8758,2.3497,3.2990,3.2851,54.7564,45.5352,0.6704,0.6453,4.1274,0.5770,0.9401,1.1314
2026021111,2027-03-11,STL,SJS,0.5867,0.4681,0.3026,0.1186,0.1108,0.2293,0.6230,0.5773,3.1573,2.7490,27.8604,27.8896,3.3030,2.8731,4.3337,4.3053,51.6033,51.6577,0.7478,0.7803,3.9333,0.6407,0.9859,1.0457
2026021112,2027-03-11,WPG,TOR,0.5810,0.4738,0.2975,0.1072,0.1215,0.2287,0.5755,0.5553,3.2251,2.5679,30.4531,24.3837,3.4862,2.5917,4.0249,3.1572,56.4057,45.1640,0.7991,0.6128,3.9314,0.6057,0.9770,1.0765
2026021113,2027-03-11,EDM,NSH,0.6019,0.4893,0.2864,0.1126,0.1117,0.2243,0.5935,0.5937,3.3034,2.7109,31.5199,25.6139,3.6311,2.8063,3.4042,3.5097,58.3818,47.4424,0.8101,0.7891,4.0076,0.6595,0.9671,1.0520
2026021114,2027-03-11,COL,NYR,0.6530,0.5263,0.2522,0.1267,0.0948,0.2215,0.6493,0.6713,3.2496,2.7464,31.8490,24.4808,3.5610,2.7979,3.8093,3.9542,58.9909,45.3438,0.7851,0.8345,3.9839,0.5927,0.9739,1.0462
2026021115,2027-03-11,SEA,LAK,0.4549,0.3369,0.4326,0.1180,0.1125,0.2305,0.5216,0.4777,2.8238,3.1876,29.1134,32.3752,2.9943,3.4089,3.7352,3.6292,53.9249,59.9662,0.6684,0.8260,3.9709,0.4239,1.0339,0.9819
2026021116,2027-03-11,VGK,PHI,0.6131,0.4872,0.2846,0.1259,0.1023,0.2282,0.5941,0.6380,3.1361,2.7705,29.3567,26.3738,3.3216,2.8466,3.7096,4.0998,54.3748,48.8501,0.7788,0.7724,3.9279,0.6582,0.9887,1.0423
2026021117,2027-03-12,DET,BUF,0.4728,0.3696,0.3989,0.1032,0.1283,0.2315,0.4832,0.4633,3.1478,3.0017,29.3978,27.4463,3.3277,3.0969,4.2772,3.7223,54.4512,50.8365,0.8430,0.7461,4.0069,0.5108,0.9872,1.0073
2026021118,2027-03-12,FLA,NYI,0.6004,0.4796,0.2944,0.1208,0.1053,0.2260,0.5798,0.6190,3.2365,2.8442,26.4799,29.2864,3.5033,2.8737,3.4788,4.3415,49.0464,54.2448,0.8708,0.7288,4.0014,0.5784,0.9756,1.0307
2026021119,2027-03-12,CAR,CGY,0.7497,0.6441,0.1684,0.1056,0.0818,0.1875,0.6845,0.7516,3.6290,2.4056,32.5574,23.5097,4.0287,2.4363,3.7355,3.7154,60.3030,43.5453,0.7572,0.5707,4.2064,0.7660,0.9292,1.1068
2026021120,2027-03-13,PIT,WSH,0.5121,0.3946,0.3770,0.1174,0.1109,0.2284,0.5269,0.5354,3.1370,3.1675,29.1586,28.7242,3.4869,3.2166,3.9781,4.0237,54.0076,53.2030,0.7232,0.7748,4.0650,0.5510,0.9886,0.9846
2026021121,2027-03-13,WPG,NSH,0.5400,0.4275,0.3382,0.1125,0.1218,0.2343,0.5666,0.5250,3.0831,2.7403,28.0718,26.4131,3.2743,2.7920,3.7416,3.5995,51.9950,48.9228,0.6807,0.7455,3.8914,0.6307,0.9959,1.0472
2026021122,2027-03-13,COL,CHI,0.7464,0.6388,0.1717,0.1076,0.0819,0.1895,0.7205,0.7385,3.6342,2.4547,32.7013,22.8039,3.9499,2.5295,3.2773,3.8722,60.5696,42.2377,0.6940,0.6918,4.2105,0.8168,0.9286,1.0974
2026021123,2027-03-13,STL,ANA,0.5232,0.4159,0.3549,0.1072,0.1219,0.2292,0.5816,0.4940,3.2352,2.9166,25.1886,29.8757,3.5272,3.1012,4.2332,4.1270,46.6545,55.3362,0.7237,0.8492,4.0211,0.6382,0.9757,1.0197
2026021124,2027-03-13,BOS,CGY,0.6548,0.5620,0.2311,0.0928,0.1140,0.2068,0.5976,0.6111,3.5683,2.3443,29.1034,26.1525,3.8735,2.5311,3.9322,3.5435,53.9057,48.4402,0.8200,0.5792,4.1577,0.6128,0.9359,1.1191
2026021125,2027-03-13,TOR,VAN,0.5877,0.4690,0.2989,0.1187,0.1135,0.2321,0.6085,0.5794,3.0760,2.6275,26.0532,28.9616,3.2744,2.8376,2.9551,3.7254,48.2562,53.6432,0.6142,0.7282,3.8562,0.6074,0.9969,1.0661
2026021126,2027-03-13,OTT,MTL,0.5384,0.4249,0.3462,0.1135,0.1154,0.2288,0.5456,0.5429,3.2337,2.9911,30.0614,25.3150,3.5912,3.0282,3.6564,4.1046,55.6797,46.8889,0.7454,0.8704,4.0430,0.5706,0.9759,1.0089
2026021127,2027-03-13,TBL,NYI,0.6655,0.5657,0.2284,0.0998,0.1061,0.2059,0.6292,0.6354,3.5429,2.4480,28.6120,27.5296,3.7358,2.6041,3.6815,4.0970,52.9953,50.9909,0.8606,0.5995,4.1394,0.7054,0.9387,1.0987
2026021128,2027-03-13,CAR,NJD,0.6135,0.4776,0.2963,0.1359,0.0902,0.2261,0.6610,0.6476,3.2053,3.1409,30.9942,29.3945,3.4684,3.2644,3.3642,4.0415,57.4078,54.4451,0.6195,0.8246,4.0819,0.6386,0.9796,0.9881
2026021129,2027-03-13,CBJ,SJS,0.6469,0.5431,0.2454,0.1038,0.1077,0.2116,0.6222,0.6227,3.5182,2.5782,30.8434,26.7492,3.7701,2.7048,4.2371,4.1433,57.1287,49.5452,0.8634,0.7360,4.1291,0.6730,0.9415,1.0747
2026021130,2027-03-13,UTA,PHI,0.5825,0.4547,0.3129,0.1277,0.1046,0.2324,0.5603,0.6182,3.0424,2.8585,29.3347,28.2074,3.3028,3.0484,4.1818,4.3214,54.3340,52.2458,0.7511,0.8643,3.9091,0.6580,1.0016,1.0285
2026021131,2027-03-13,LAK,DAL,0.4691,0.3562,0.4132,0.1129,0.1177,0.2306,0.4782,0.4921,3.0131,3.1563,32.4746,29.8198,3.4121,3.2760,4.5282,4.3322,60.1504,55.2331,0.7589,0.8965,4.0150,0.4846,1.0057,0.9860
2026021132,2027-03-13,VGK,NYR,0.6054,0.4797,0.2905,0.1257,0.1041,0.2298,0.6029,0.6242,3.0913,2.7446,31.0528,25.3246,3.3874,2.7239,3.8268,3.9776,57.5162,46.9067,0.7712,0.7873,3.8969,0.4572,0.9948,1.0465
2026021133,2027-03-13,SEA,EDM,0.4057,0.2939,0.4798,0.1118,0.1144,0.2263,0.4819,0.4293,2.6929,3.2491,25.6253,31.6327,2.8196,3.4020,3.3905,3.3083,47.4638,58.5907,0.6404,0.9552,3.9729,0.3635,1.0550,0.9740
2026021134,2027-03-14,PIT,DET,0.5172,0.3863,0.3830,0.1308,0.0998,0.2306,0.5678,0.5628,2.9518,3.2770,26.4830,28.9252,3.1899,3.3571,3.4853,3.8047,49.0519,53.5755,0.6687,0.8770,4.0531,0.5858,1.0146,0.9704
2026021135,2027-03-14,CHI,ANA,0.4246,0.3195,0.4543,0.1051,0.1211,0.2262,0.4841,0.4268,2.9933,3.2610,23.7882,30.7854,3.2311,3.3948,4.0020,3.5888,44.0606,57.0211,0.7692,0.7560,4.0574,0.5114,1.0085,0.9724
2026021136,2027-03-14,OTT,VAN,0.7183,0.6251,0.1858,0.0932,0.0959,0.1891,0.6685,0.6836,3.6910,2.2973,30.5669,23.5195,4.1270,2.3076,3.4121,3.4021,56.6165,43.5633,0.7939,0.6277,4.2618,0.6176,0.9225,1.1288
2026021137,2027-03-14,MIN,BUF,0.5393,0.4361,0.3365,0.1032,0.1242,0.2274,0.5354,0.5180,3.3706,2.8694,31.5435,29.7838,3.6556,2.9966,4.2820,3.9962,58.4255,55.1659,0.8920,0.7483,4.0808,0.6041,0.9589,1.0268
2026021138,2027-03-15,WSH,TBL,0.4574,0.3416,0.4302,0.1158,0.1124,0.2281,0.5141,0.4799,2.9167,3.2395,30.2455,32.5221,3.1856,3.5459,4.8506,4.1610,56.0208,60.2373,0.7522,0.8131,4.0241,0.4072,1.0197,0.9752
2026021139,2027-03-15,BOS,NYI,0.5564,0.4407,0.3295,0.1157,0.1142,0.2298,0.5778,0.5537,3.1605,2.8557,25.9798,29.4583,3.3982,2.9842,3.4308,4.0040,48.1201,54.5633,0.7592,0.7045,3.9654,0.5380,0.9855,1.0289
2026021140,2027-03-15,BUF,SJS,0.6318,0.5036,0.2726,0.1282,0.0956,0.2238,0.6680,0.6441,3.2615,2.9052,29.1998,28.8423,3.4641,3.0565,4.1167,4.5879,54.0844,53.4223,0.7923,0.8051,4.0312,0.7019,0.9724,1.0214
2026021141,2027-03-15,TOR,FLA,0.3982,0.2917,0.4847,0.1064,0.1172,0.2236,0.5038,0.4008,2.8210,3.3194,26.1764,31.1464,2.8944,3.5791,3.7875,4.0620,48.4845,57.6899,0.6902,0.9737,4.0422,0.5350,1.0343,0.9651
2026021142,2027-03-15,UTA,DAL,0.5043,0.3810,0.3861,0.1233,0.1096,0.2329,0.5071,0.5453,2.9416,3.1123,30.4584,28.2012,3.3390,3.2483,4.6674,4.5865,56.4148,52.2339,0.7120,0.9243,3.9705,0.4417,1.0160,0.9920
2026021143,2027-03-15,COL,EDM,0.6035,0.4736,0.2980,0.1299,0.0985,0.2284,0.6214,0.6304,3.1572,2.9551,29.1533,27.7778,3.4435,3.1124,3.3921,3.5148,53.9977,51.4505,0.7736,0.9075,3.9953,0.5777,0.9859,1.0141
2026021144,2027-03-15,CGY,NSH,0.4614,0.3405,0.4253,0.1209,0.1133,0.2342,0.5373,0.4821,2.7230,3.0703,27.5371,28.9798,2.9372,3.2110,3.5072,3.9090,51.0047,53.6768,0.5421,0.7919,3.8805,0.4587,1.0500,0.9977
2026021145,2027-03-15,SEA,STL,0.4723,0.3570,0.4054,0.1153,0.1223,0.2376,0.4965,0.4860,2.8177,2.9127,27.6591,27.2066,2.9365,2.9880,3.8620,3.8081,51.2308,50.3926,0.6938,0.6861,3.8356,0.5097,1.0348,1.0203
2026021146,2027-03-15,VGK,WPG,0.6198,0.4915,0.2794,0.1283,0.1008,0.2291,0.6006,0.6477,3.1044,2.7472,28.7147,24.8411,3.2950,2.6882,3.4659,3.7171,53.1856,46.0111,0.7486,0.7048,3.9045,0.4660,0.9930,1.0461
2026021147,2027-03-16,MTL,FLA,0.5604,0.4615,0.3183,0.0989,0.1213,0.2202,0.5730,0.5230,3.5263,2.8630,27.7578,27.6424,3.6225,3.0990,4.4719,3.3378,51.4132,51.1995,1.0205,0.7611,4.1707,0.5184,0.9406,1.0278
2026021148,2027-03-16,NYR,OTT,0.4594,0.3395,0.4263,0.1198,0.1144,0.2342,0.5085,0.4872,2.7463,3.0806,25.3743,30.9417,2.8129,3.2902,3.9641,4.2386,46.9989,57.3104,0.7485,0.8534,3.8927,0.6010,1.0462,0.9963
2026021149,2027-03-16,PHI,DET,0.5247,0.4048,0.3609,0.1199,0.1144,0.2343,0.5616,0.5339,2.9658,2.9055,25.8748,27.6277,3.1545,2.9373,3.4808,3.9995,47.9257,51.1725,0.7406,0.8563,3.8921,0.4367,1.0125,1.0214
2026021150,2027-03-16,CBJ,PIT,0.5719,0.4718,0.3061,0.1001,0.1220,0.2221,0.5495,0.5445,3.4917,2.7756,31.2200,28.4596,3.7895,2.9465,3.9292,3.9813,57.8255,52.7130,0.7210,0.7328,4.1351,0.4948,0.9446,1.0415
2026021151,2027-03-16,CHI,SJS,0.5098,0.3972,0.3692,0.1126,0.1210,0.2335,0.5273,0.5102,3.0656,2.9162,27.3802,28.6263,3.2345,3.0155,4.3975,3.7633,50.7140,53.0223,0.8854,0.6539,3.9399,0.5133,0.9984,1.0198
2026021152,2027-03-16,ANA,CAR,0.3457,0.2492,0.5440,0.0965,0.1103,0.2069,0.4186,0.3683,2.9596,3.7459,27.2868,30.6661,3.1325,4.0156,4.3244,3.9364,50.5412,56.8001,0.7589,0.9333,4.3238,0.2550,1.0134,0.9167
2026021153,2027-03-16,LAK,WPG,0.5876,0.4779,0.2955,0.1097,0.1169,0.2266,0.5382,0.5865,3.2563,2.6456,30.6326,27.4963,3.4790,2.7611,3.7449,3.6273,56.7385,50.9294,0.8008,0.7072,3.9659,0.5074,0.9730,1.0630
2026021154,2027-03-17,WSH,NYI,0.5664,0.4451,0.3231,0.1213,0.1105,0.2318,0.5948,0.5715,3.0847,2.8370,25.7535,28.7378,3.2543,2.9766,3.7280,3.7835,47.7010,53.2286,0.7625,0.6620,3.9221,0.5791,0.9957,1.0318
2026021155,2027-03-17,TOR,TBL,0.3767,0.2697,0.5092,0.1070,0.1141,0.2211,0.4522,0.4029,2.6490,3.3270,26.0677,33.2519,2.8136,3.5789,3.9219,4.2905,48.2831,61.5896,0.6499,0.8662,4.0120,0.3977,1.0624,0.9642
2026021156,2027-03-17,COL,MIN,0.5866,0.4542,0.3164,0.1323,0.0970,0.2294,0.6027,0.6258,3.1390,3.0951,31.6980,27.8924,3.4309,3.2596,3.5275,4.0447,58.7111,51.6626,0.7576,0.9248,4.0374,0.6006,0.9884,0.9943
2026021157,2027-03-17,CGY,DAL,0.3869,0.2740,0.5036,0.1129,0.1095,0.2224,0.4608,0.4269,2.5614,3.3127,26.5895,27.9404,2.7647,3.4051,4.1805,4.2874,49.2497,51.7516,0.6070,0.8577,3.9885,0.3439,1.0777,0.9660
2026021158,2027-03-17,VAN,NSH,0.4256,0.3110,0.4601,0.1146,0.1144,0.2289,0.4814,0.4545,2.7341,3.2060,27.5128,29.6056,2.9204,3.3628,3.4868,3.5176,50.9598,54.8359,0.6241,0.7999,3.9575,0.5052,1.0482,0.9795
2026021159,2027-03-17,VGK,SEA,0.6723,0.5552,0.2298,0.1171,0.0979,0.2150,0.6390,0.6765,3.3099,2.5221,30.1120,24.1294,3.5928,2.5140,3.3686,3.5136,55.7738,44.6930,0.8019,0.5949,3.9788,0.6166,0.9663,1.0848
2026021160,2027-03-18,BUF,WSH,0.5958,0.4834,0.2946,0.1123,0.1096,0.2220,0.5757,0.5969,3.3532,2.8194,29.2980,27.7981,3.6303,2.9329,3.9870,4.2208,54.2662,51.4884,0.7690,0.7335,4.0598,0.5369,0.9610,1.0346
2026021161,2027-03-18,MTL,TBL,0.5286,0.4272,0.3451,0.1013,0.1263,0.2277,0.5218,0.5057,3.3701,2.8794,28.8543,30.3653,3.5921,3.1355,4.6542,3.5195,53.4440,56.2426,0.9529,0.6568,4.0828,0.3827,0.9589,1.0253
2026021162,2027-03-18,OTT,FLA,0.5383,0.4296,0.3431,0.1087,0.1186,0.2273,0.5685,0.5217,3.3125,2.9655,30.2256,26.5603,3.5329,3.0416,4.3703,3.9434,55.9841,49.1954,0.8596,0.8807,4.0741,0.5471,0.9660,1.0126
2026021163,2027-03-18,DET,CBJ,0.4865,0.3696,0.3969,0.1169,0.1166,0.2336,0.5332,0.4976,2.9331,3.0355,27.8493,28.6105,3.0904,3.2336,3.9304,3.6749,51.5830,52.9928,0.8264,0.7398,3.9329,0.5431,1.0173,1.0026
2026021164,2027-03-18,NJD,PIT,0.5874,0.4848,0.2977,0.1026,0.1149,0.2175,0.5345,0.5811,3.6036,2.9147,32.2790,29.3766,3.8670,3.0307,3.7591,3.8906,59.7872,54.4114,0.8270,0.6536,4.2264,0.5624,0.9320,1.0200
2026021165,2027-03-18,NYR,TOR,0.6115,0.5035,0.2727,0.1080,0.1158,0.2238,0.5731,0.5967,3.2719,2.5094,29.9586,25.6392,3.5375,2.5901,4.1377,3.4710,55.4899,47.4894,0.9035,0.6412,3.9516,0.6160,0.9711,1.0871
2026021166,2027-03-18,PHI,BOS,0.4961,0.3806,0.3884,0.1155,0.1155,0.2310,0.5381,0.5053,3.0300,3.0725,30.1328,29.8143,3.3924,3.2005,4.1968,4.1463,55.8124,55.2224,0.7895,0.8370,3.9852,0.4463,1.0033,0.9974
2026021167,2027-03-18,WPG,SJS,0.5844,0.4707,0.3013,0.1137,0.1143,0.2280,0.6107,0.5672,3.2023,2.6999,27.9914,26.5478,3.2994,2.7835,3.8992,3.9884,51.8462,49.1722,0.8367,0.7204,3.9459,0.7476,0.9800,1.0538
2026021168,2027-03-18,EDM,STL,0.5990,0.4892,0.2855,0.1098,0.1155,0.2254,0.5646,0.5910,3.2735,2.6140,31.3743,24.6985,3.4914,2.7167,3.6632,3.7544,58.1120,45.7469,0.9557,0.6531,3.9704,0.6833,0.9709,1.0684
2026021169,2027-03-18,ANA,UTA,0.4711,0.3566,0.4171,0.1145,0.1118,0.2263,0.5146,0.4926,3.0379,3.2699,28.8989,27.3008,3.3022,3.5490,4.3373,4.1760,53.5268,50.5666,0.8711,0.8585,4.0754,0.3905,1.0022,0.9713
2026021170,2027-03-18,LAK,CAR,0.3859,0.2939,0.4795,0.0920,0.1346,0.2267,0.4252,0.3684,3.0803,3.2271,31.6913,35.0169,3.3600,3.5143,4.5042,3.9154,58.6994,64.8590,0.7615,0.8188,4.0698,0.4388,0.9963,0.9768
2026021171,2027-03-19,MIN,CGY,0.6695,0.5705,0.2226,0.0990,0.1079,0.2069,0.6246,0.6366,3.4867,2.3403,30.8350,26.3308,3.8152,2.4289,3.9237,3.3899,57.1130,48.7703,0.8407,0.5845,4.0925,0.7046,0.9452,1.1199
2026021172,2027-03-19,UTA,CHI,0.6409,0.5140,0.2599,0.1269,0.0992,0.2261,0.6479,0.6525,3.1386,2.6554,28.2481,24.5948,3.3992,2.7186,3.3017,4.1193,52.3217,45.5548,0.6037,0.8137,3.8987,0.7070,0.9884,1.0613
2026021173,2027-03-19,SEA,COL,0.3382,0.2465,0.5356,0.0918,0.1262,0.2180,0.4094,0.3359,2.7720,3.3264,25.8687,32.1145,2.9080,3.4950,3.9057,3.4261,47.9147,59.4829,0.6807,0.8151,4.0354,0.3308,1.0421,0.9643
2026021174,2027-03-20,BUF,FLA,0.5261,0.4064,0.3646,0.1197,0.1092,0.2290,0.5907,0.5321,3.1439,3.1425,29.4518,29.2324,3.3291,3.3171,4.4851,4.1046,54.5510,54.1448,0.7669,0.9095,4.0577,0.5365,0.9877,0.9879
2026021175,2027-03-20,DET,MTL,0.4713,0.3567,0.4135,0.1146,0.1152,0.2298,0.5014,0.4922,3.0016,3.1873,28.7343,25.9993,3.2478,3.2481,3.6402,3.6513,53.2220,48.1562,0.7509,0.8991,4.0252,0.5294,1.0074,0.9819
2026021176,2027-03-20,NYI,PHI,0.5294,0.4103,0.3527,0.1191,0.1178,0.2370,0.5344,0.5422,2.9426,2.7991,29.2633,26.3590,3.0745,3.0065,4.1243,3.6435,54.2023,48.8225,0.6808,0.7635,3.8419,0.6326,1.0159,1.0378
2026021177,2027-03-20,EDM,DAL,0.5152,0.4003,0.3683,0.1149,0.1165,0.2314,0.5179,0.5294,3.1105,3.0156,31.9747,26.5727,3.4545,3.1461,4.0194,4.0536,59.2239,49.2178,0.8525,0.8809,3.9956,0.5414,0.9922,1.0054
2026021178,2027-03-20,NSH,BOS,0.4950,0.3751,0.3937,0.1199,0.1112,0.2312,0.5149,0.5260,2.9749,3.1366,28.5968,29.3590,3.2392,3.3457,3.9610,3.8385,52.9675,54.3792,0.7918,0.7393,3.9930,0.5472,1.0112,0.9887
2026021179,2027-03-20,OTT,TBL,0.5012,0.3874,0.3822,0.1138,0.1165,0.2303,0.5172,0.5142,3.1093,3.0830,31.3482,30.4406,3.4772,3.1762,4.5386,4.3714,58.0632,56.3821,0.7827,0.8130,4.0206,0.4132,0.9924,0.9960
2026021180,2027-03-20,NJD,TOR,0.6408,0.5349,0.2515,0.1059,0.1077,0.2136,0.5726,0.6371,3.4813,2.6078,33.6432,24.7248,3.8939,2.5929,3.9398,3.1414,62.3146,45.7961,0.8685,0.5642,4.1062,0.5782,0.9458,1.0695
2026021181,2027-03-20,WPG,CBJ,0.4727,0.3563,0.4084,0.1165,0.1188,0.2353,0.5381,0.4781,2.8462,2.9975,26.9875,29.0726,2.9407,3.1451,3.7690,3.8905,49.9869,53.8487,0.7359,0.7339,3.8844,0.6328,1.0304,1.0079
2026021182,2027-03-20,NYR,PIT,0.5197,0.4143,0.3553,0.1054,0.1250,0.2304,0.5350,0.5002,3.2485,2.8892,28.8954,30.7088,3.3738,3.1128,3.9694,4.3447,53.5201,56.8789,0.8139,0.7556,4.0200,0.6002,0.9740,1.0238
2026021183,2027-03-20,VAN,STL,0.4172,0.3035,0.4657,0.1138,0.1170,0.2308,0.4518,0.4517,2.6499,3.1279,27.4391,27.7257,2.7939,3.2255,3.8284,3.6811,50.8235,51.3541,0.7391,0.6557,3.8925,0.5334,1.0622,0.9898
2026021184,2027-03-20,ANA,VGK,0.4263,0.3147,0.4615,0.1117,0.1121,0.2238,0.4799,0.4538,2.9289,3.3922,27.5222,27.9927,3.1233,3.6143,4.1498,3.7501,50.9768,51.8482,0.7594,0.8832,4.1079,0.3904,1.0179,0.9563
2026021185,2027-03-20,SJS,CAR,0.3095,0.2246,0.5684,0.0849,0.1221,0.2070,0.3771,0.3097,2.9213,3.6087,28.7219,35.2348,3.0716,3.7748,4.9616,4.2172,53.1996,65.2625,0.7595,0.9781,4.2324,0.2522,1.0190,0.9314
2026021186,2027-03-21,MIN,UTA,0.5583,0.4531,0.3182,0.1052,0.1235,0.2287,0.5801,0.5248,3.2806,2.7023,29.3192,28.7296,3.5153,2.8997,4.2041,3.7367,54.3051,53.2132,0.9642,0.7105,3.9922,0.6123,0.9700,1.0534
2026021187,2027-03-21,NYI,BUF,0.4510,0.3444,0.4229,0.1066,0.1261,0.2327,0.4789,0.4515,2.9749,3.0362,30.1569,26.7674,3.1785,3.0975,4.2118,3.5635,55.8574,49.5791,0.6663,0.7323,3.9489,0.5040,1.0112,1.0025
2026021188,2027-03-21,COL,CHI,0.7512,0.6433,0.1680,0.1079,0.0807,0.1886,0.7205,0.7459,3.6227,2.4353,32.3824,22.7618,3.9323,2.5171,3.2376,3.9161,59.9789,42.1597,0.6889,0.6931,4.2013,0.8168,0.9299,1.1011
2026021189,2027-03-21,NYR,WSH,0.4595,0.3394,0.4296,0.1201,0.1108,0.2309,0.5116,0.4919,2.8179,3.2024,27.9087,31.5232,3.1030,3.2674,3.7843,4.6515,51.6928,58.3877,0.7177,0.9145,3.9771,0.6069,1.0348,0.9800
2026021190,2027-03-21,CGY,STL,0.4782,0.3615,0.3988,0.1167,0.1230,0.2397,0.5077,0.4890,2.7771,2.8468,28.1226,26.9122,2.9183,2.9746,3.8710,3.9151,52.0893,49.8471,0.6859,0.5920,3.7908,0.4872,1.0412,1.0303
2026021191,2027-03-21,SEA,LAK,0.4474,0.3325,0.4354,0.1149,0.1172,0.2321,0.5216,0.4583,2.7975,3.1046,28.1330,31.4568,2.9789,3.3176,3.7039,3.6274,52.1089,58.2651,0.6681,0.8113,3.9203,0.4239,1.0380,0.9930
2026021192,2027-03-21,VAN,EDM,0.3509,0.2453,0.5403,0.1056,0.1087,0.2143,0.4374,0.3866,2.5168,3.4086,25.4802,32.0431,2.6875,3.6265,3.4340,3.0856,47.1948,59.3510,0.7012,0.8841,4.0481,0.3840,1.0858,0.9543
2026021193,2027-03-22,PIT,CBJ,0.4928,0.3651,0.4045,0.1276,0.1027,0.2303,0.5509,0.5350,2.8865,3.2752,27.7876,30.1471,3.1201,3.4367,3.9306,3.7700,51.4683,55.8385,0.7137,0.7193,4.0342,0.5883,1.0243,0.9707
2026021194,2027-03-22,MTL,TOR,0.6487,0.5460,0.2436,0.1027,0.1077,0.2104,0.6179,0.6244,3.5369,2.5674,29.6991,24.8158,3.8573,2.6724,4.1424,2.9961,55.0093,45.9642,0.9396,0.5835,4.1416,0.5249,0.9394,1.0766
2026021195,2027-03-22,ANA,SJS,0.5871,0.4657,0.3110,0.1214,0.1020,0.2233,0.5926,0.6079,3.3399,3.0862,30.5495,25.5210,3.6183,3.2868,4.3883,4.3319,56.5842,47.2703,0.9581,0.8462,4.1228,0.5430,0.9626,0.9955
2026021196,2027-03-23,BOS,BUF,0.4910,0.3857,0.3840,0.1053,0.1250,0.2302,0.5070,0.4811,3.2084,3.0210,29.3441,30.1251,3.4651,3.2453,4.1409,4.3053,54.3516,55.7982,0.7729,0.7886,4.0409,0.5019,0.9792,1.0046
2026021197,2027-03-23,TBL,FLA,0.5683,0.4606,0.3167,0.1077,0.1150,0.2227,0.6007,0.5444,3.4090,2.9071,32.8083,30.3533,3.6478,3.1955,4.6336,4.4313,60.7674,56.2204,0.8541,0.8719,4.1109,0.6688,0.9543,1.0212
2026021198,2027-03-23,NJD,PHI,0.5890,0.4766,0.2990,0.1124,0.1119,0.2243,0.5407,0.5992,3.3151,2.7930,32.8042,29.3769,3.5954,2.9434,4.0474,3.8979,60.7607,54.4124,0.8453,0.6799,4.0320,0.6988,0.9657,1.0387
2026021199,2027-03-23,WSH,DET,0.5481,0.4286,0.3411,0.1194,0.1108,0.2303,0.5906,0.5518,3.1246,2.9622,26.4424,28.3392,3.2446,3.1386,3.7432,3.8184,48.9770,52.4903,0.7699,0.8304,3.9828,0.5740,0.9903,1.0130
2026021200,2027-03-23,NSH,NYR,0.5052,0.3828,0.3817,0.1225,0.1131,0.2355,0.5361,0.5294,2.8789,2.9841,29.2435,28.6250,3.1296,3.0808,4.1353,3.9610,54.1653,53.0197,0.7819,0.7793,3.8902,0.4371,1.0254,1.0099
2026021201,2027-03-23,DAL,CAR,0.4350,0.3387,0.4311,0.0963,0.1339,0.2302,0.4968,0.4012,3.1973,3.1124,26.7588,33.6105,3.3323,3.4276,4.6295,4.2779,49.5629,62.2534,0.8051,0.7607,4.0680,0.4926,0.9806,0.9919
2026021202,2027-03-23,MIN,CHI,0.6943,0.5942,0.2058,0.1002,0.0998,0.2000,0.6751,0.6596,3.5770,2.3898,30.5818,25.1407,3.8211,2.4819,3.4808,3.6685,56.6441,46.5660,0.7885,0.6687,4.1648,0.7674,0.9349,1.1100
2026021203,2027-03-23,WPG,STL,0.5421,0.4309,0.3336,0.1111,0.1243,0.2355,0.5372,0.5319,3.0627,2.6586,28.1931,25.6384,3.1526,2.7189,4.0428,3.8361,52.2198,47.4879,0.8115,0.6143,3.8572,0.6543,0.9988,1.0607
2026021204,2027-03-23,COL,UTA,0.6216,0.5016,0.2762,0.1200,0.1022,0.2223,0.6315,0.6259,3.3112,2.8182,30.4098,26.0234,3.5761,2.9927,3.8657,4.0469,56.3251,48.2008,0.8448,0.7712,4.0356,0.6720,0.9661,1.0348
2026021205,2027-03-23,CGY,EDM,0.3964,0.2822,0.4910,0.1142,0.1126,0.2268,0.4931,0.4227,2.5428,3.2086,25.1038,31.5948,2.6808,3.4184,3.4350,3.5616,46.4978,58.5205,0.6186,0.8749,3.9179,0.3414,1.0810,0.9792
2026021206,2027-03-23,SEA,VGK,0.3802,0.2792,0.4937,0.1010,0.1261,0.2271,0.4581,0.3778,2.7308,3.1525,25.3028,30.1287,2.7820,3.2860,3.8040,3.3855,46.8664,55.8048,0.6347,0.8132,3.9269,0.4618,1.0487,0.9865
2026021207,2027-03-23,VAN,LAK,0.3973,0.2855,0.4894,0.1119,0.1133,0.2252,0.4769,0.4244,2.6284,3.2530,27.6812,31.6481,2.8081,3.5001,3.7059,3.4444,51.2721,58.6195,0.7220,0.7553,3.9620,0.4450,1.0659,0.9735
2026021208,2027-03-24,MTL,OTT,0.4999,0.3867,0.3830,0.1132,0.1171,0.2302,0.5548,0.4968,3.1276,3.0941,25.1624,29.8128,3.2224,3.3460,4.0695,3.6329,46.6062,55.2194,0.8465,0.7690,4.0323,0.5114,0.9899,0.9944
2026021209,2027-03-24,DET,WSH,0.5034,0.3926,0.3758,0.1108,0.1208,0.2316,0.5091,0.5077,3.1100,2.9756,28.4507,26.4498,3.3832,3.0216,3.8117,3.6592,52.6970,48.9907,0.8206,0.7832,3.9809,0.5069,0.9923,1.0111
2026021210,2027-03-24,SJS,ANA,0.4733,0.3706,0.4026,0.1027,0.1241,0.2268,0.5071,0.4602,3.2864,3.1788,26.1604,30.7963,3.5909,3.3570,4.5271,4.4342,48.4546,57.0415,0.8659,0.9704,4.1294,0.5390,0.9692,0.9831
2026021211,2027-03-25,BOS,OTT,0.4992,0.3912,0.3802,0.1080,0.1206,0.2286,0.5298,0.4918,3.1904,3.0462,27.7619,30.3712,3.2842,3.3228,4.0366,3.9734,51.4210,56.2540,0.7907,0.8075,4.0414,0.4910,0.9815,1.0011
2026021212,2027-03-25,BUF,TOR,0.6451,0.5293,0.2524,0.1158,0.1024,0.2183,0.6349,0.6419,3.3473,2.6530,31.1840,25.1163,3.6990,2.7062,4.2052,3.4910,57.7595,46.5211,0.7816,0.6442,4.0238,0.5438,0.9617,1.0617
2026021213,2027-03-25,TBL,PHI,0.6309,0.5181,0.2631,0.1128,0.1060,0.2188,0.6142,0.6251,3.3688,2.6726,32.3652,30.2057,3.6165,2.9550,4.3191,4.5518,59.9471,55.9472,0.8198,0.7459,4.0407,0.7886,0.9591,1.0584
2026021214,2027-03-25,FLA,NYR,0.5856,0.4649,0.3071,0.1207,0.1072,0.2280,0.5731,0.6037,3.1772,2.8472,30.5345,28.1488,3.5175,2.8958,4.1919,4.3805,56.5563,52.1377,0.9006,0.8560,3.9714,0.4731,0.9833,1.0303
2026021215,2027-03-25,PIT,NJD,0.4960,0.3719,0.4011,0.1241,0.1029,0.2270,0.5658,0.5273,3.0600,3.3880,28.6935,31.9315,3.2493,3.5393,3.8063,3.6751,53.1463,59.1437,0.6303,0.8320,4.1393,0.5195,0.9991,0.9568
2026021216,2027-03-25,CAR,DAL,0.6245,0.4944,0.2808,0.1301,0.0948,0.2248,0.6024,0.6642,3.2565,2.9822,31.8249,25.2872,3.6295,3.0219,4.1510,4.4259,58.9462,46.8372,0.7429,0.8022,4.0511,0.5881,0.9730,1.0101
2026021217,2027-03-25,CBJ,CHI,0.6884,0.5880,0.2100,0.1004,0.1016,0.2019,0.6436,0.6622,3.5543,2.3887,30.3034,24.4958,3.8161,2.4666,3.5583,3.8396,56.1285,45.3715,0.6650,0.6882,4.1467,0.6934,0.9375,1.1102
2026021218,2027-03-25,STL,NYI,0.5132,0.3924,0.3709,0.1208,0.1159,0.2367,0.5722,0.5172,2.8923,2.8916,24.9969,29.7644,3.1066,2.9457,3.6983,4.2429,46.2997,55.1302,0.6271,0.7633,3.8559,0.5167,1.0234,1.0235
2026021219,2027-03-25,WPG,COL,0.3965,0.3028,0.4648,0.0938,0.1387,0.2325,0.4494,0.3690,2.9684,3.0321,25.9277,30.1137,3.0631,3.1578,4.0603,3.4692,48.0237,55.7770,0.7854,0.7383,3.9446,0.4818,1.0121,1.0030
2026021220,2027-03-25,MIN,EDM,0.5371,0.4234,0.3455,0.1137,0.1174,0.2311,0.5696,0.5296,3.1527,2.8955,28.2592,31.0082,3.4144,3.0649,3.6661,3.3232,52.3418,57.4339,0.8793,0.8721,3.9739,0.5157,0.9865,1.0229
2026021221,2027-03-25,CGY,LAK,0.4401,0.3199,0.4467,0.1202,0.1132,0.2334,0.5328,0.4613,2.6227,3.0920,26.9580,31.0066,2.7940,3.3287,3.6186,3.8069,49.9324,57.4311,0.6254,0.7374,3.8651,0.4022,1.0669,0.9947
2026021222,2027-03-25,SEA,ANA,0.4984,0.3987,0.3731,0.0998,0.1285,0.2282,0.5284,0.4668,3.2975,2.9379,26.0408,30.0811,3.5326,3.1674,3.8332,3.6770,48.2330,55.7167,0.7634,0.7928,4.0588,0.6085,0.9678,1.0166
2026021223,2027-03-25,VAN,VGK,0.3319,0.2352,0.5492,0.0967,0.1189,0.2156,0.4141,0.3460,2.5621,3.3191,24.7524,30.3535,2.6182,3.4761,3.7791,3.2219,45.8469,56.2212,0.6868,0.7605,3.9928,0.4849,1.0776,0.9652
2026021224,2027-03-26,WSH,BOS,0.5711,0.4614,0.3134,0.1097,0.1155,0.2252,0.5674,0.5618,3.3541,2.8575,29.6896,27.4643,3.5320,3.1037,4.3493,3.5274,54.9915,50.8698,0.8739,0.7031,4.0688,0.5818,0.9609,1.0287
2026021225,2027-03-26,CHI,NSH,0.4016,0.2867,0.4897,0.1150,0.1087,0.2237,0.4818,0.4389,2.6348,3.3339,25.9419,29.6178,2.8632,3.3807,3.7827,3.6373,48.0500,54.8586,0.5896,0.8135,4.0140,0.3847,1.0648,0.9633
2026021226,2027-03-26,UTA,SJS,0.6385,0.5180,0.2616,0.1205,0.0999,0.2204,0.6266,0.6487,3.3154,2.7567,29.6394,26.7450,3.5571,2.8827,4.2378,4.5260,54.8986,49.5374,0.8649,0.8316,4.0242,0.6881,0.9656,1.0445
2026021227,2027-03-27,EDM,LAK,0.5759,0.4595,0.3118,0.1164,0.1124,0.2288,0.5891,0.5735,3.1963,2.8055,31.5837,28.9798,3.4789,3.0386,3.4665,3.6146,58.5003,53.6767,0.8985,0.7803,3.9696,0.5951,0.9808,1.0367
2026021228,2027-03-27,MIN,SEA,0.6564,0.5521,0.2366,0.1043,0.1070,0.2113,0.6351,0.6293,3.4494,2.4665,30.2769,26.4445,3.7310,2.5400,3.5830,3.2859,56.0793,48.9809,0.9009,0.5987,4.0705,0.6841,0.9495,1.0951
2026021229,2027-03-27,VAN,ANA,0.4180,0.3146,0.4583,0.1033,0.1237,0.2271,0.4837,0.4138,2.9426,3.1924,24.6884,30.7447,3.1688,3.4433,3.7326,3.6202,45.7282,56.9457,0.7744,0.7884,4.0086,0.6340,1.0159,0.9813
2026021230,2027-03-27,FLA,PHI,0.5978,0.4794,0.2962,0.1184,0.1060,0.2244,0.5642,0.6178,3.2890,2.8705,30.1633,29.8830,3.5329,3.0273,4.1367,4.4857,55.8689,55.3496,0.9245,0.8169,4.0363,0.6700,0.9689,1.0267
2026021231,2027-03-27,TOR,OTT,0.3942,0.2819,0.4951,0.1122,0.1107,0.2229,0.4852,0.4225,2.6477,3.3310,23.6948,32.5537,2.6798,3.6252,3.4908,4.1620,43.8880,60.2965,0.6267,0.8844,4.0143,0.5282,1.0626,0.9637
2026021232,2027-03-27,MTL,NJD,0.5398,0.4246,0.3475,0.1152,0.1127,0.2279,0.5961,0.5322,3.2550,3.0635,26.6232,31.1963,3.3515,3.3288,3.7586,3.4276,49.3120,57.7820,0.7669,0.7557,4.0762,0.4874,0.9732,0.9987
2026021233,2027-03-27,TBL,NYR,0.6169,0.5000,0.2758,0.1169,0.1073,0.2242,0.6228,0.6111,3.2586,2.6865,33.5888,29.0737,3.6448,2.8684,4.4664,4.4577,62.2129,53.8504,0.8069,0.7732,3.9758,0.6051,0.9728,1.0560
2026021234,2027-03-27,PIT,CAR,0.3904,0.2924,0.4885,0.0980,0.1212,0.2192,0.4498,0.3915,3.1010,3.4790,28.6332,33.9886,3.3087,3.6889,4.5964,3.7292,53.0346,62.9535,0.7381,0.7821,4.1963,0.4159,0.9935,0.9460
2026021235,2027-03-27,CBJ,STL,0.5932,0.4868,0.2874,0.1064,0.1194,0.2258,0.5493,0.5793,3.2762,2.5587,31.3092,26.1349,3.5686,2.6722,4.2752,3.9855,57.9914,48.4075,0.7961,0.6283,3.9623,0.5692,0.9705,1.0782
2026021236,2027-03-27,COL,WPG,0.6621,0.5308,0.2473,0.1312,0.0906,0.2218,0.6471,0.6933,3.2382,2.7968,30.2832,25.1480,3.4711,2.8424,3.4322,3.8771,56.0908,46.5795,0.7343,0.7783,3.9899,0.5972,0.9754,1.0381
2026021237,2027-03-27,NYI,DET,0.5087,0.3921,0.3736,0.1167,0.1176,0.2343,0.5459,0.5138,2.9718,2.9245,27.6244,26.4326,3.0924,3.0340,3.5595,3.5484,51.1664,48.9587,0.6508,0.8293,3.9021,0.5335,1.0116,1.0186
2026021238,2027-03-27,DAL,NSH,0.6463,0.5509,0.2415,0.0953,0.1122,0.2075,0.6244,0.6005,3.6298,2.5113,28.4241,25.6537,3.8391,2.6805,4.1184,3.9636,52.6473,47.5163,0.8473,0.6945,4.2079,0.6573,0.9291,1.0868
2026021239,2027-03-27,CGY,VGK,0.3720,0.2668,0.5075,0.1052,0.1204,0.2257,0.4693,0.3807,2.5669,3.1663,24.8801,30.5293,2.6273,3.3536,3.7765,3.6773,46.0833,56.5466,0.5899,0.7560,3.8963,0.4390,1.0767,0.9847
2026021240,2027-03-28,CHI,SEA,0.5096,0.3975,0.3650,0.1121,0.1254,0.2375,0.5060,0.5104,2.9735,2.7654,27.1335,27.9369,3.1591,2.8690,3.8553,3.2287,50.2571,51.7454,0.7777,0.5482,3.8445,0.4436,1.0114,1.0431
2026021241,2027-03-28,TOR,WSH,0.4145,0.2994,0.4744,0.1151,0.1111,0.2261,0.4883,0.4462,2.6882,3.2784,25.2267,31.0774,2.9095,3.4669,3.2369,4.4377,46.7255,57.5622,0.5967,0.9057,3.9894,0.5353,1.0558,0.9702
2026021242,2027-03-28,MTL,DET,0.5867,0.4744,0.3020,0.1123,0.1113,0.2236,0.5980,0.5772,3.3643,2.8639,25.6481,28.2972,3.5106,3.0315,3.5159,3.4447,47.5057,52.4126,0.8842,0.7546,4.0760,0.5530,0.9596,1.0277
2026021243,2027-03-28,STL,BUF,0.4245,0.3138,0.4579,0.1107,0.1176,0.2283,0.5012,0.4351,2.8243,3.2124,27.2559,30.9047,3.0322,3.3065,4.2670,4.3692,50.4841,57.2422,0.6050,0.8685,3.9842,0.4803,1.0338,0.9787
2026021244,2027-03-29,NJD,CAR,0.4298,0.3371,0.4348,0.0926,0.1355,0.2281,0.4342,0.4093,3.2899,3.1606,30.8030,33.1558,3.5138,3.3232,4.3250,3.6836,57.0540,61.4114,0.8212,0.6914,4.1245,0.4398,0.9688,0.9855
2026021245,2027-03-29,NYR,MIN,0.4738,0.3577,0.4079,0.1162,0.1183,0.2344,0.5006,0.4930,2.8664,3.0162,28.2765,32.2567,3.0097,3.2915,3.9086,4.2746,52.3741,59.7463,0.8024,0.8937,3.9002,0.5485,1.0273,1.0053
2026021246,2027-03-29,LAK,VAN,0.6619,0.5581,0.2323,0.1038,0.1058,0.2097,0.6214,0.6412,3.4830,2.4746,31.3406,26.8478,3.8319,2.5944,3.3744,3.5508,58.0496,49.7283,0.7410,0.7162,4.0958,0.6319,0.9456,1.0936
2026021247,2027-03-29,SJS,COL,0.3422,0.2516,0.5342,0.0906,0.1236,0.2142,0.3889,0.3474,2.9634,3.5056,27.7478,33.0984,3.1877,3.6170,4.9519,3.9544,51.3952,61.3054,0.8804,0.9329,4.1789,0.2596,1.0129,0.9430
2026021248,2027-03-30,BOS,MTL,0.4969,0.3795,0.3918,0.1174,0.1114,0.2288,0.5252,0.5197,3.1043,3.2227,28.7496,28.2364,3.4452,3.4127,3.5844,4.1837,53.2502,52.2998,0.7095,0.9505,4.0762,0.5203,0.9930,0.9774
2026021249,2027-03-30,DET,OTT,0.4547,0.3430,0.4268,0.1118,0.1184,0.2302,0.5061,0.4642,2.9421,3.1483,26.7725,28.3632,3.0324,3.2995,4.0983,3.6255,49.5886,52.5346,0.8074,0.8310,3.9874,0.4997,1.0160,0.9871
2026021250,2027-03-30,TBL,TOR,0.6886,0.5852,0.2122,0.1034,0.0992,0.2026,0.6445,0.6706,3.5537,2.4581,32.7284,24.5599,3.9407,2.5512,4.2135,3.5820,60.6198,45.4904,0.8615,0.6182,4.1480,0.6814,0.9375,1.0967
2026021251,2027-03-30,FLA,CBJ,0.5418,0.4178,0.3530,0.1240,0.1052,0.2292,0.5588,0.5726,3.1027,3.1136,28.9169,31.3542,3.3648,3.3029,3.9475,4.4950,53.5600,58.0746,0.8962,0.7981,4.0301,0.5757,0.9933,0.9918
2026021252,2027-03-30,NYI,CAR,0.3929,0.3024,0.4656,0.0905,0.1416,0.2321,0.4280,0.3634,3.0516,3.0548,28.6888,29.6693,3.1441,3.2848,4.5191,3.3242,53.1383,54.9538,0.7033,0.7174,3.9864,0.3718,1.0003,0.9999
2026021253,2027-03-30,PHI,PIT,0.5076,0.4022,0.3678,0.1054,0.1246,0.2300,0.5440,0.4854,3.2441,2.9626,29.5999,29.9915,3.4871,3.1334,3.9406,4.3039,54.8252,55.5505,0.7612,0.7820,4.0391,0.3919,0.9746,1.0130
2026021254,2027-03-30,WSH,CHI,0.6620,0.5500,0.2357,0.1120,0.1023,0.2144,0.6654,0.6425,3.3732,2.5242,28.2126,24.9931,3.5025,2.6859,3.6535,3.7372,52.2558,46.2925,0.6948,0.6690,4.0221,0.7197,0.9585,1.0844
2026021255,2027-03-30,NSH,BUF,0.4562,0.3494,0.4201,0.1068,0.1237,0.2305,0.4716,0.4632,3.0384,3.1015,28.9791,29.5619,3.2358,3.2729,4.2854,4.0355,53.6758,54.7550,0.8084,0.6966,4.0004,0.5089,1.0022,0.9934
2026021256,2027-03-30,DAL,CGY,0.6688,0.5669,0.2250,0.1019,0.1062,0.2081,0.6365,0.6390,3.4743,2.3941,27.7231,25.4376,3.6898,2.5269,4.2220,3.9221,51.3490,47.1160,0.8330,0.5859,4.0847,0.7276,0.9466,1.1091
2026021257,2027-03-30,SEA,UTA,0.4068,0.3004,0.4700,0.1064,0.1232,0.2296,0.4927,0.4057,2.7760,3.1418,26.4313,29.3948,2.8933,3.3166,3.8748,3.7810,48.9566,54.4456,0.6984,0.8290,3.9334,0.4616,1.0414,0.9880
2026021258,2027-03-30,ANA,COL,0.4080,0.3057,0.4737,0.1023,0.1183,0.2206,0.4308,0.4279,3.0954,3.4627,28.7867,29.4282,3.3775,3.7180,4.3709,3.6188,53.3191,54.5071,0.8697,0.8253,4.1865,0.2625,0.9943,0.9479
2026021259,2027-03-31,NJD,MIN,0.5232,0.4086,0.3615,0.1146,0.1153,0.2299,0.5001,0.5453,3.1614,3.0291,32.2918,30.4248,3.4481,3.1478,3.7596,3.7799,59.8113,56.3534,0.8208,0.7632,4.0226,0.5116,0.9854,1.0035
2026021260,2027-03-31,EDM,SJS,0.6576,0.5458,0.2417,0.1118,0.1007,0.2125,0.6366,0.6518,3.4676,2.6627,31.6286,25.4836,3.7142,2.7822,3.7342,3.8954,58.5832,47.2010,1.0332,0.7605,4.1033,0.7775,0.9474,1.0600
2026021261,2027-03-31,LAK,WPG,0.5339,0.4156,0.3511,0.1183,0.1150,0.2334,0.5382,0.5484,3.0405,2.8946,30.1945,28.7963,3.2799,2.9703,3.7207,3.9042,55.9270,53.3375,0.7317,0.8064,3.9209,0.5074,1.0019,1.0230
2026021262,2027-03-31,VGK,VAN,0.7368,0.6322,0.1763,0.1046,0.0868,0.1915,0.6792,0.7301,3.5685,2.3454,30.3180,23.0801,3.8689,2.3451,3.1504,3.4090,56.1553,42.7493,0.7552,0.6358,4.1579,0.5954,0.9359,1.1188
2026021263,2027-04-01,MTL,NYR,0.5760,0.4629,0.3090,0.1130,0.1151,0.2281,0.5956,0.5620,3.2461,2.7732,28.2661,27.3537,3.4794,2.9137,4.2412,3.6025,52.3548,50.6647,0.9008,0.7469,3.9884,0.4494,0.9743,1.0419
2026021264,2027-04-01,TBL,CBJ,0.5768,0.4556,0.3149,0.1212,0.1083,0.2295,0.6090,0.5803,3.1506,2.8679,30.5798,31.1817,3.4134,3.1688,4.0831,4.4661,56.6397,57.7548,0.7916,0.7095,3.9642,0.7073,0.9868,1.0271
2026021265,2027-04-01,FLA,TOR,0.6533,0.5436,0.2438,0.1097,0.1029,0.2127,0.5958,0.6550,3.4745,2.6366,30.9621,25.3521,3.8611,2.6563,4.0118,3.6077,57.3483,46.9578,0.9506,0.6741,4.1047,0.5468,0.9466,1.0645
2026021266,2027-04-01,PHI,WSH,0.4933,0.3809,0.3866,0.1124,0.1202,0.2325,0.5207,0.4966,3.0189,2.9766,29.2506,29.5103,3.3836,3.0525,3.9970,4.4678,54.1784,54.6596,0.7538,0.8244,3.9421,0.4049,1.0049,1.0110
2026021267,2027-04-01,PIT,NYI,0.5525,0.4259,0.3425,0.1267,0.1049,0.2316,0.5720,0.5824,3.0479,3.0299,26.2204,28.9774,3.3235,3.0594,3.5652,3.8279,48.5656,53.6723,0.7041,0.6791,3.9750,0.5907,1.0008,1.0033
2026021268,2027-04-01,BUF,BOS,0.5703,0.4443,0.3270,0.1260,0.1026,0.2287,0.5926,0.5959,3.1627,3.0603,29.4475,28.7826,3.4654,3.2172,4.1869,4.0953,54.5431,53.3116,0.7590,0.7972,4.0343,0.5795,0.9852,0.9991
2026021269,2027-04-01,STL,CGY,0.6118,0.4970,0.2748,0.1148,0.1134,0.2282,0.5920,0.6039,3.1474,2.5056,27.6529,26.9140,3.3784,2.5826,4.1489,3.6987,51.2191,49.8507,0.6381,0.6385,3.8705,0.5911,0.9872,1.0878
2026021270,2027-04-01,NSH,CHI,0.6178,0.5028,0.2730,0.1151,0.1092,0.2242,0.6168,0.6087,3.2546,2.6308,28.5877,26.2345,3.4352,2.7650,3.4859,3.8466,52.9506,48.5920,0.7113,0.6441,3.9619,0.6899,0.9733,1.0655
2026021271,2027-04-01,UTA,ANA,0.5764,0.4645,0.3113,0.1119,0.1123,0.2243,0.5853,0.5689,3.3390,2.8830,26.6330,28.3297,3.7255,3.0669,4.0208,4.2535,49.3298,52.4725,0.7945,0.8842,4.0666,0.6854,0.9627,1.0248
2026021272,2027-04-02,DET,CAR,0.3788,0.2881,0.4866,0.0907,0.1346,0.2253,0.4322,0.3564,3.0667,3.2407,27.2309,31.1614,3.1737,3.4350,4.4493,3.4925,50.4376,57.7174,0.8311,0.7942,4.0713,0.3749,0.9982,0.9750
2026021273,2027-04-02,NYI,OTT,0.4098,0.2938,0.4822,0.1160,0.1080,0.2240,0.5017,0.4428,2.6601,3.3343,26.7360,28.3177,2.7669,3.4766,3.9451,3.6581,49.5211,52.4504,0.6006,0.8909,4.0185,0.4932,1.0605,0.9633
2026021274,2027-04-02,MIN,DAL,0.5238,0.4121,0.3583,0.1117,0.1179,0.2296,0.5375,0.5242,3.2148,3.0053,31.9165,28.9841,3.5966,3.1421,4.5854,4.1722,59.1159,53.6843,0.8605,0.8547,4.0387,0.5160,0.9784,1.0068
2026021275,2027-04-02,COL,LAK,0.6499,0.5187,0.2578,0.1312,0.0924,0.2236,0.6580,0.6747,3.2215,2.8325,30.7959,27.4818,3.5445,3.0191,3.4736,3.8007,57.0406,50.9021,0.7610,0.7687,3.9903,0.6283,0.9775,1.0325
2026021276,2027-04-02,VGK,EDM,0.5589,0.4344,0.3333,0.1246,0.1078,0.2324,0.5737,0.5811,3.0569,2.9349,27.7182,28.0653,3.2627,2.9933,3.3741,3.5348,51.3397,51.9830,0.7827,0.8656,3.9428,0.4395,0.9996,1.0170
2026021277,2027-04-03,NYR,FLA,0.4736,0.3651,0.4038,0.1086,0.1225,0.2311,0.5271,0.4648,3.0534,3.0507,29.2238,31.2544,3.1735,3.2990,4.5404,4.2552,54.1288,57.8897,0.8656,0.9250,3.9854,0.6058,1.0001,1.0004
2026021278,2027-04-03,BOS,TBL,0.4498,0.3392,0.4324,0.1106,0.1178,0.2283,0.4967,0.4618,2.9967,3.2267,30.8890,33.3742,3.3548,3.5041,4.5339,4.3790,57.2127,61.8158,0.7598,0.8516,4.0420,0.3654,1.0081,0.9768
2026021279,2027-04-03,NSH,CGY,0.5921,0.4805,0.2908,0.1116,0.1171,0.2288,0.5630,0.5844,3.1704,2.5593,28.8106,27.4571,3.4148,2.7261,3.9751,3.5631,53.3633,50.8565,0.7666,0.5562,3.8957,0.6197,0.9842,1.0781
2026021280,2027-04-03,WSH,CBJ,0.5073,0.3839,0.3828,0.1234,0.1099,0.2332,0.5740,0.5238,2.9254,3.0720,27.5504,30.2739,3.0782,3.3846,4.1280,3.8945,51.0292,56.0737,0.7676,0.7256,3.9464,0.5764,1.0184,0.9975
2026021281,2027-04-03,CAR,NJD,0.6052,0.4693,0.3041,0.1359,0.0907,0.2266,0.6610,0.6387,3.1861,3.1681,31.2536,29.6609,3.4558,3.3066,3.3738,4.0860,57.8882,54.9385,0.6154,0.8361,4.0844,0.6386,0.9821,0.9845
2026021282,2027-04-03,DAL,CHI,0.6725,0.5591,0.2286,0.1134,0.0989,0.2123,0.6862,0.6532,3.3884,2.5339,26.8912,24.6390,3.5152,2.6679,3.4628,4.3352,49.8084,45.6368,0.6914,0.7164,4.0337,0.7886,0.9567,1.0826
2026021283,2027-04-03,TOR,BUF,0.4050,0.2999,0.4720,0.1050,0.1231,0.2281,0.4625,0.4122,2.8340,3.1947,26.2087,31.2952,2.9506,3.4062,3.6671,4.2949,48.5446,57.9656,0.6573,0.8103,3.9775,0.5399,1.0323,0.9810
2026021284,2027-04-03,SEA,WPG,0.4758,0.3534,0.4109,0.1224,0.1133,0.2357,0.5096,0.5089,2.7516,3.0302,26.6221,28.6308,2.8577,3.0937,3.5753,3.6086,49.3100,53.0305,0.6245,0.7952,3.8684,0.3925,1.0453,1.0033
2026021285,2027-04-03,PIT,PHI,0.5475,0.4218,0.3472,0.1257,0.1054,0.2311,0.5564,0.5812,3.0749,3.0708,29.5366,29.5276,3.3195,3.2326,4.1979,3.9458,54.7080,54.6910,0.7388,0.7771,4.0020,0.6853,0.9971,0.9976
2026021286,2027-04-03,UTA,VGK,0.5052,0.3938,0.3734,0.1114,0.1214,0.2329,0.5157,0.5071,3.0552,2.9112,28.2241,28.7785,3.2523,3.0468,4.2393,3.7044,52.2766,53.3035,0.7466,0.7976,3.9335,0.5408,0.9998,1.0206
2026021287,2027-04-03,VAN,SJS,0.4713,0.3544,0.4139,0.1169,0.1148,0.2317,0.5269,0.4871,2.8988,3.1200,28.2468,29.4195,3.0503,3.2855,3.9533,3.8899,52.3193,54.4912,0.8243,0.7619,3.9598,0.6366,1.0224,0.9909
2026021288,2027-04-03,ANA,EDM,0.4763,0.3566,0.4165,0.1197,0.1071,0.2269,0.5038,0.5169,3.0191,3.3513,28.3861,28.4460,3.2828,3.5990,3.8261,3.5054,52.5770,52.6881,0.8329,0.9702,4.1095,0.2932,1.0049,0.9612
2026021289,2027-04-03,LAK,STL,0.5245,0.4064,0.3614,0.1181,0.1141,0.2323,0.5252,0.5449,3.0330,2.9530,32.0641,29.9422,3.3378,3.0860,3.9550,4.2998,59.3900,55.4597,0.7641,0.7437,3.9390,0.6237,1.0029,1.0144
2026021290,2027-04-04,MIN,COL,0.4631,0.3656,0.4026,0.0975,0.1343,0.2318,0.4965,0.4309,3.2357,2.9917,28.4373,31.5775,3.4784,3.1706,4.1670,3.4909,52.6718,58.4880,0.9177,0.7642,4.0441,0.4799,0.9757,1.0088
2026021291,2027-04-04,NJD,FLA,0.5173,0.4087,0.3650,0.1087,0.1176,0.2263,0.5265,0.5172,3.3093,3.1004,31.5600,28.7389,3.5335,3.1576,4.1222,3.5766,58.4558,53.2306,0.8685,0.8003,4.1131,0.5696,0.9664,0.9936
2026021292,2027-04-04,OTT,DET,0.5999,0.4870,0.2898,0.1130,0.1103,0.2233,0.5936,0.5948,3.3303,2.7711,28.1815,26.1722,3.5817,2.7857,3.5916,4.0010,52.1981,48.4766,0.8155,0.8082,4.0361,0.5817,0.9638,1.0422
2026021293,2027-04-04,WSH,PIT,0.5399,0.4312,0.3421,0.1087,0.1180,0.2267,0.5733,0.5229,3.3105,2.9594,28.2792,28.3977,3.4756,3.2045,3.8849,3.7562,52.3787,52.5985,0.7487,0.7164,4.0714,0.5312,0.9662,1.0135
2026021294,2027-04-04,NYI,MTL,0.4544,0.3417,0.4281,0.1127,0.1175,0.2303,0.4971,0.4706,2.9206,3.1535,29.3091,25.3030,3.1318,3.2549,3.6991,3.6362,54.2868,46.8665,0.6205,0.8913,3.9829,0.5221,1.0192,0.9864
2026021295,2027-04-04,SJS,STL,0.4664,0.3540,0.4153,0.1124,0.1183,0.2307,0.4751,0.4891,2.9661,3.1108,30.4993,29.5459,3.1964,3.1951,4.5849,4.4085,56.4915,54.7256,0.8178,0.7784,3.9783,0.4375,1.0125,0.9922
2026021296,2027-04-05,CAR,PHI,0.6848,0.5593,0.2273,0.1255,0.0879,0.2135,0.6523,0.7119,3.3896,2.7696,32.7879,26.8454,3.6958,2.9124,3.8911,4.3002,60.7302,49.7235,0.7890,0.7463,4.0710,0.7843,0.9566,1.0424
2026021297,2027-04-05,BUF,TBL,0.4890,0.3652,0.4049,0.1238,0.1061,0.2299,0.5399,0.5245,2.9331,3.2522,29.9718,32.7161,3.2454,3.4600,4.6859,4.4924,55.5140,60.5972,0.7118,0.8341,4.0352,0.4009,1.0173,0.9736
2026021298,2027-04-05,TOR,BOS,0.4450,0.3275,0.4435,0.1175,0.1115,0.2290,0.5057,0.4742,2.7999,3.2293,26.3821,30.7893,3.0097,3.4783,3.5120,4.0463,48.8656,57.0284,0.6623,0.8548,3.9869,0.5784,1.0376,0.9765
2026021299,2027-04-05,DAL,SEA,0.6560,0.5484,0.2384,0.1076,0.1056,0.2132,0.6468,0.6317,3.4080,2.4933,27.0912,25.1739,3.5800,2.5952,3.7959,3.7848,50.1786,46.6276,0.8692,0.5962,4.0430,0.7074,0.9544,1.0901
2026021300,2027-04-05,UTA,WPG,0.5726,0.4413,0.3222,0.1312,0.1052,0.2365,0.5668,0.6097,2.9222,2.8308,27.3369,26.5502,3.1429,2.8657,3.7689,3.9510,50.6337,49.1765,0.6979,0.8087,3.8445,0.4668,1.0189,1.0328
2026021301,2027-04-05,EDM,CGY,0.6622,0.5591,0.2298,0.1031,0.1081,0.2112,0.6060,0.6415,3.4170,2.3729,31.4888,24.5570,3.7379,2.4511,3.4816,3.3077,58.3240,45.4849,0.8569,0.6097,4.0400,0.7305,0.9533,1.1133
2026021302,2027-04-06,FLA,MTL,0.5280,0.4061,0.3667,0.1220,0.1053,0.2273,0.5272,0.5673,3.1420,3.2107,28.2458,27.3888,3.4561,3.2313,3.5078,4.3978,52.3170,50.7299,0.8013,0.9678,4.0846,0.5625,0.9880,0.9789
2026021303,2027-04-06,NJD,TBL,0.5276,0.4273,0.3457,0.1003,0.1267,0.2270,0.4749,0.5194,3.3756,2.8700,34.9151,30.8872,3.7268,3.0132,4.6009,3.7298,64.6700,57.2096,0.9019,0.6243,4.0838,0.4383,0.9583,1.0268
2026021304,2027-04-06,CBJ,WSH,0.5586,0.4503,0.3217,0.1083,0.1197,0.2280,0.5262,0.5555,3.2735,2.7857,30.7663,28.0323,3.6987,2.8890,3.9840,4.2189,56.9857,51.9218,0.7244,0.7902,4.0068,0.5051,0.9709,1.0399
2026021305,2027-04-06,NYI,DET,0.5152,0.3977,0.3684,0.1175,0.1164,0.2339,0.5459,0.5235,2.9879,2.9279,27.7937,26.5162,3.1237,3.0368,3.6396,3.5627,51.4800,49.1136,0.6680,0.8311,3.9102,0.5335,1.0093,1.0181
2026021306,2027-04-06,NYR,PIT,0.5286,0.4232,0.3468,0.1054,0.1246,0.2300,0.5350,0.5099,3.2607,2.8526,28.9450,31.0680,3.3779,3.1279,3.9774,4.3603,53.6119,57.5442,0.8162,0.7459,4.0165,0.6002,0.9725,1.0294
2026021307,2027-04-06,NSH,SEA,0.6075,0.4988,0.2777,0.1087,0.1148,0.2234,0.5740,0.5956,3.3055,2.5885,29.2295,27.3630,3.5333,2.7790,3.7178,3.4175,54.1394,50.6823,0.8734,0.5411,3.9862,0.5974,0.9669,1.0729
2026021308,2027-04-06,MIN,CHI,0.6916,0.5940,0.2073,0.0976,0.1012,0.1987,0.6751,0.6509,3.6248,2.3978,30.7277,25.1603,3.8310,2.4879,3.4739,3.6603,56.9144,46.6023,0.7972,0.6689,4.2030,0.7674,0.9297,1.1084
2026021309,2027-04-06,VAN,COL,0.2910,0.2046,0.5941,0.0864,0.1149,0.2013,0.3669,0.3059,2.6190,3.5512,25.3202,32.1090,2.7563,3.7141,3.9386,3.1797,46.8987,59.4728,0.7579,0.7582,4.1583,0.3499,1.0675,0.9378
2026021310,2027-04-06,VGK,STL,0.6261,0.5051,0.2702,0.1211,0.1037,0.2248,0.5879,0.6445,3.1907,2.6644,29.9056,24.7098,3.3984,2.6881,3.7765,4.1095,55.3914,45.7678,0.8271,0.6263,3.9309,0.5875,0.9815,1.0598
2026021311,2027-04-06,ANA,LAK,0.5040,0.3785,0.3933,0.1255,0.1027,0.2282,0.5434,0.5462,3.0171,3.3160,30.0332,28.8003,3.3473,3.6186,4.0761,3.9600,55.6281,53.3443,0.8222,0.8702,4.0914,0.3553,1.0052,0.9656
2026021312,2027-04-07,BUF,BOS,0.5687,0.4419,0.3289,0.1268,0.1023,0.2292,0.5926,0.5959,3.1453,3.0665,29.7123,28.9034,3.4719,3.2339,4.2270,4.0927,55.0334,53.5354,0.7570,0.7957,4.0292,0.5795,0.9875,0.9982
2026021313,2027-04-07,CAR,OTT,0.6098,0.4792,0.2945,0.1306,0.0958,0.2263,0.6221,0.6418,3.2296,3.0373,30.2640,27.3758,3.4736,3.1694,3.8741,4.2048,56.0553,50.7059,0.7573,0.7854,4.0560,0.6627,0.9765,1.0023
2026021314,2027-04-07,WPG,EDM,0.4667,0.3539,0.4098,0.1128,0.1235,0.2363,0.5227,0.4651,2.8625,2.9466,25.5777,29.2418,2.9659,3.0393,3.5099,3.2877,47.3754,54.1623,0.7391,0.8503,3.8675,0.5167,1.0279,1.0153
2026021315,2027-04-07,UTA,DAL,0.5011,0.3772,0.3909,0.1239,0.1080,0.2319,0.5071,0.5453,2.9448,3.1646,30.8271,28.6092,3.3626,3.2947,4.6953,4.6650,57.0976,52.9895,0.7141,0.9473,3.9959,0.4417,1.0156,0.9849
2026021316,2027-04-08,OTT,WSH,0.5497,0.4340,0.3372,0.1157,0.1131,0.2288,0.5532,0.5583,3.2104,2.9596,29.3010,27.0647,3.5760,2.8988,3.6762,4.3238,54.2717,50.1296,0.7397,0.8129,4.0219,0.5475,0.9789,1.0134
2026021317,2027-04-08,TBL,MTL,0.5650,0.4462,0.3257,0.1188,0.1093,0.2281,0.5783,0.5750,3.2237,2.9698,30.8368,27.0414,3.5655,3.1249,3.7290,4.4182,57.1157,50.0864,0.7181,0.8752,4.0315,0.6946,0.9772,1.0119
2026021318,2027-04-08,NJD,NYI,0.5933,0.4793,0.2951,0.1140,0.1116,0.2256,0.5564,0.6004,3.2709,2.7508,28.6967,28.5325,3.5508,2.7649,3.4017,3.7627,53.1525,52.8485,0.8037,0.5925,3.9972,0.6083,0.9712,1.0455
2026021319,2027-04-08,CBJ,PHI,0.5772,0.4658,0.3059,0.1114,0.1169,0.2283,0.5556,0.5725,3.2187,2.6953,31.0069,28.3248,3.5151,2.8747,4.2365,4.0037,57.4315,52.4635,0.7507,0.7726,3.9543,0.6419,0.9779,1.0546
2026021320,2027-04-08,CHI,NSH,0.4399,0.3269,0.4402,0.1130,0.1199,0.2329,0.4818,0.4581,2.7944,3.0868,26.6221,28.7146,2.9992,3.1513,3.9706,3.5586,49.3100,53.1859,0.6473,0.7361,3.9104,0.3847,1.0385,0.9954
2026021321,2027-04-08,STL,SEA,0.5843,0.4655,0.3018,0.1188,0.1139,0.2327,0.6028,0.5775,3.0700,2.6407,27.0263,27.0834,3.2561,2.6908,3.7093,3.6624,50.0585,50.1646,0.6607,0.6670,3.8563,0.5689,0.9978,1.0638
2026021322,2027-04-08,CGY,COL,0.3301,0.2349,0.5504,0.0952,0.1195,0.2147,0.4203,0.3386,2.6104,3.3500,25.5132,32.6753,2.7521,3.5802,3.9310,3.6988,47.2561,60.5214,0.6458,0.7517,4.0204,0.3094,1.0690,0.9614
2026021323,2027-04-08,SJS,MIN,0.4038,0.2913,0.4910,0.1125,0.1052,0.2177,0.4411,0.4562,2.8521,3.5619,30.4924,33.9391,3.1089,3.6870,4.5204,4.4688,56.4786,62.8629,0.7899,1.0982,4.1927,0.3178,1.0295,0.9366
2026021324,2027-04-08,LAK,VGK,0.4605,0.3548,0.4117,0.1056,0.1278,0.2334,0.4867,0.4539,3.0147,2.9836,29.9631,31.0353,3.2324,3.1766,4.0743,3.6828,55.4984,57.4842,0.7438,0.8015,3.9431,0.5800,1.0055,1.0099
2026021325,2027-04-09,DET,PIT,0.5193,0.4163,0.3553,0.1030,0.1254,0.2284,0.5325,0.4966,3.3364,2.9386,28.6096,27.3822,3.4594,3.0895,3.8392,3.6552,52.9910,50.7176,0.8287,0.7379,4.0792,0.4967,0.9630,1.0165
2026021326,2027-04-09,FLA,BOS,0.5788,0.4586,0.3175,0.1203,0.1037,0.2240,0.5522,0.6097,3.3170,3.0732,30.5837,29.7756,3.6783,3.1982,4.1123,4.3002,56.6475,55.1507,0.9331,0.8389,4.1080,0.5811,0.9654,0.9973
2026021327,2027-04-09,WPG,VAN,0.6363,0.5302,0.2505,0.1061,0.1132,0.2193,0.6327,0.6015,3.3062,2.3990,28.0971,24.9768,3.5008,2.4525,3.2989,3.3120,52.0419,46.2625,0.6998,0.6479,3.9607,0.6629,0.9668,1.1081
2026021328,2027-04-09,DAL,UTA,0.5548,0.4455,0.3245,0.1093,0.1207,0.2300,0.5925,0.5274,3.2272,2.7631,26.7834,28.6212,3.4086,3.0404,4.4368,4.4337,49.6081,53.0120,0.9037,0.7085,3.9754,0.6369,0.9768,1.0435
2026021329,2027-04-10,PHI,WSH,0.4929,0.3804,0.3869,0.1126,0.1202,0.2327,0.5207,0.4966,3.0129,2.9758,29.3204,29.4370,3.3830,3.0351,4.0074,4.4067,54.3076,54.5239,0.7553,0.8153,3.9393,0.4049,1.0057,1.0111
2026021330,2027-04-10,COL,MIN,0.5951,0.4625,0.3079,0.1327,0.0969,0.2296,0.6027,0.6349,3.1301,3.0388,31.0924,27.4666,3.3875,3.2006,3.4597,3.9867,57.5895,50.8740,0.7499,0.9063,4.0125,0.6006,0.9896,1.0021
2026021331,2027-04-10,SJS,ANA,0.4617,0.3615,0.4118,0.1003,0.1265,0.2267,0.5071,0.4410,3.2987,3.1956,26.4179,30.7550,3.5982,3.3752,4.5890,4.3926,48.9316,56.9651,0.8793,0.9691,4.1406,0.5390,0.9677,0.9809
2026021332,2027-04-10,NYI,CBJ,0.4714,0.3533,0.4118,0.1181,0.1168,0.2350,0.5289,0.4857,2.8163,3.0231,28.4719,27.9792,2.9385,3.2542,3.9744,3.6495,52.7364,51.8235,0.6719,0.7321,3.8860,0.5354,1.0350,1.0043
2026021333,2027-04-10,BUF,DET,0.6205,0.5036,0.2756,0.1168,0.1040,0.2208,0.6154,0.6232,3.3557,2.8054,27.9301,27.8354,3.5506,2.9269,3.7490,3.9675,51.7323,51.5572,0.7925,0.7779,4.0582,0.5715,0.9607,1.0368
2026021334,2027-04-10,FLA,CAR,0.4047,0.3045,0.4755,0.1002,0.1199,0.2200,0.4577,0.4094,3.1127,3.4478,27.8914,34.8136,3.3210,3.6195,4.2664,4.3412,51.6610,64.4819,0.8397,0.9046,4.1837,0.4104,0.9919,0.9497
2026021335,2027-04-10,NJD,PIT,0.5975,0.5059,0.2804,0.0916,0.1221,0.2137,0.5345,0.5621,3.7334,2.7277,32.4273,28.0989,3.9924,2.8545,3.7444,3.6594,60.0618,52.0451,0.8669,0.5905,4.2933,0.5624,0.9180,1.0492
2026021336,2027-04-10,CHI,SEA,0.4872,0.3708,0.3918,0.1163,0.1211,0.2374,0.5060,0.5007,2.8527,2.8886,26.8122,28.1548,3.0341,2.9351,3.8455,3.3007,49.6620,52.1490,0.7378,0.5866,3.8387,0.4436,1.0294,1.0239
2026021337,2027-04-10,NSH,DAL,0.4773,0.3682,0.4001,0.1091,0.1226,0.2317,0.4737,0.4886,3.0455,3.0243,29.6000,27.3638,3.3198,3.1733,4.6414,3.8512,54.8254,50.6836,0.8368,0.7034,3.9718,0.4207,1.0012,1.0041
2026021338,2027-04-10,OTT,MTL,0.5446,0.4301,0.3413,0.1145,0.1141,0.2287,0.5456,0.5525,3.2340,2.9839,29.5831,25.0025,3.5629,2.9935,3.6185,4.0681,54.7939,46.3101,0.7456,0.8697,4.0408,0.5706,0.9759,1.0099
2026021339,2027-04-10,NYR,TOR,0.5907,0.4802,0.2922,0.1105,0.1170,0.2276,0.5731,0.5779,3.2182,2.6011,30.4723,26.7139,3.4871,2.7196,4.2326,3.6105,56.4413,49.4801,0.8818,0.6689,3.9336,0.6160,0.9779,1.0707
2026021340,2027-04-10,STL,UTA,0.5084,0.4019,0.3625,0.1065,0.1290,0.2355,0.5465,0.4803,3.0790,2.7562,27.2211,28.7901,3.2369,2.9606,4.4438,3.9698,50.4189,53.3255,0.7594,0.7305,3.8940,0.4916,0.9965,1.0446
2026021341,2027-04-10,TBL,BOS,0.6392,0.5372,0.2518,0.1019,0.1090,0.2109,0.6026,0.6171,3.5758,2.6341,32.9258,28.1055,3.9078,2.8931,4.3031,4.0577,60.9853,52.0574,0.8927,0.6856,4.1746,0.7095,0.9350,1.0649
2026021342,2027-04-10,CGY,VAN,0.5948,0.4795,0.2890,0.1153,0.1162,0.2315,0.6048,0.5787,3.0813,2.5098,28.5333,27.0110,3.3658,2.6845,3.2965,3.4988,52.8498,50.0302,0.6195,0.6225,3.8306,0.4933,0.9962,1.0871
2026021343,2027-04-10,EDM,WPG,0.6293,0.5212,0.2602,0.1081,0.1106,0.2187,0.5774,0.6221,3.3787,2.5717,30.6691,24.9856,3.5527,2.6505,3.3999,3.3603,56.8059,46.2786,0.9372,0.6942,4.0319,0.5631,0.9579,1.0759
2026021344,2027-04-10,VGK,LAK,0.6007,0.4744,0.2961,0.1264,0.1032,0.2295,0.6121,0.6187,3.1115,2.8170,30.0086,28.4533,3.4042,2.9419,3.5760,3.8558,55.5824,52.7017,0.7779,0.7277,3.9290,0.4984,0.9921,1.0349
