player_id,team,toi_ev,toi_pp,toi_sh,sog,att,ixg,goals,assists,oi_xgf,oi_xga,gp,toi,hits,blocks,giveaways,takeaways,pim,pen_taken,pen_drawn,fo_taken,fo_won,fo_lost,points,name,pos,toi_per_gp,g_p10,g_p90,a_p10,a_p90,points_p10,points_p90,points_per_gp,shooting_pct,oi_xg_diff
8478402,EDM,1418.8740,357.2483,89.4272,330.9723,506.3363,38.2676,44.4163,77.1897,130.4824,84.8764,78.2969,1865.5494,52.0613,33.0886,123.3968,35.2278,39.3631,18.4005,41.7386,1101.8714,540.9791,560.8922,121.6060,Connor McDavid,F,23.8266,35.3146,53.9528,63.7581,90.2423,103.9774,140.2714,1.5531,13.4199,45.6060
8476453,TBL,1141.9552,456.3846,19.2344,274.8644,529.7396,35.8385,39.1684,70.8125,119.8527,70.4136,76.6094,1617.5742,34.8345,32.9850,138.9658,27.3963,40.6335,15.7390,25.2908,5.0672,2.5423,2.5249,109.9808,Nikita Kucherov,F,21.1146,30.9061,48.2908,58.9131,83.0578,93.6824,127.4853,1.4356,14.2501,49.4391
8477492,COL,1299.5214,346.7751,27.0171,298.9330,484.7675,39.6059,43.8367,60.4682,118.9823,71.1615,79.4062,1673.3136,53.2225,44.2926,142.0699,23.8670,38.5085,13.0769,22.6232,1146.0843,581.4394,564.6450,104.3049,Nathan MacKinnon,F,21.0728,34.8201,53.1973,49.3276,71.6701,88.9837,120.9017,1.3136,14.6644,47.8208
8477956,BOS,1293.1478,374.0897,31.4242,292.9900,503.6128,36.7014,41.6472,62.3069,112.9788,79.5719,78.8750,1698.6616,79.9503,31.1053,141.6231,34.6669,57.3949,22.0656,32.3170,11.4021,5.3119,6.0902,103.9541,David Pastrnak,F,21.5361,32.6580,51.4611,51.4575,74.2175,88.0739,119.7410,1.3180,14.2145,33.4069
8480018,MTL,1268.4860,378.3436,43.7871,203.9407,355.5865,28.3012,32.3261,65.2045,117.5875,78.3085,80.9062,1690.6166,63.9194,59.3040,83.4038,28.9997,24.5844,10.7326,15.2381,1513.7110,764.3894,749.3216,97.5306,Nick Suzuki,F,20.8960,25.1671,40.6545,54.2027,77.4325,83.2416,113.2472,1.2055,15.8507,39.2790
8476460,WPG,1354.8728,408.7171,71.0954,192.6958,328.3282,29.7803,32.8296,67.7486,113.1233,83.0326,79.8594,1834.6853,51.1143,53.1172,114.0135,31.3028,59.9208,18.0380,29.0553,1523.2337,739.1528,784.0809,100.5782,Mark Scheifele,F,22.9740,25.3624,40.5799,55.7867,80.1300,85.2069,116.6522,1.2594,17.0370,30.0907
8480027,DAL,1182.5583,433.1431,24.2287,290.2330,508.1854,40.4895,43.8909,51.9656,116.4278,73.2608,79.1875,1639.9302,56.9821,39.3501,101.8233,27.4934,27.1572,13.5021,22.2402,7.7820,3.7192,4.0628,95.8565,Jason Robertson,F,20.7095,34.9761,53.4357,42.7497,62.1814,81.6122,110.7594,1.2105,15.1226,43.1670
8478398,WPG,1317.4728,414.6231,132.8971,292.5441,501.7504,41.1151,46.0863,51.6340,114.8290,89.9425,80.6719,1864.9930,34.0081,33.1347,83.8812,30.1290,21.1615,9.8814,17.2543,6.3058,3.1019,3.2039,97.7203,Kyle Connor,F,23.1183,36.5219,55.7973,41.5848,61.8701,83.1787,113.6099,1.2113,15.7536,24.8865
8481557,MIN,1149.9452,360.0650,133.6622,294.9210,497.1175,37.1252,42.6824,50.5386,116.0098,79.8359,77.8594,1643.6724,57.8682,57.2217,94.2920,38.0565,45.8831,21.2171,22.1348,112.8029,53.8818,58.9211,93.2211,Matt Boldy,F,21.1108,34.0206,52.4889,40.8205,61.2307,78.7289,108.8598,1.1973,14.4725,36.1739
8478864,MIN,1319.9067,391.3333,15.3903,283.4048,527.8918,40.1611,43.3318,48.1461,123.9295,72.0216,77.3281,1726.6304,50.7255,33.4189,120.6713,23.9196,32.9815,16.2476,20.9296,4.1215,2.0538,2.0678,91.4779,Kirill Kaprizov,F,22.3286,34.0106,52.4735,37.8985,58.3054,76.7678,105.9202,1.1830,15.2897,51.9079
8481559,NJD,1183.5642,277.4894,38.6550,261.6879,461.7185,35.0991,36.2381,55.1587,100.8969,67.8858,74.0469,1499.7087,8.6483,35.1207,129.7748,34.4283,17.2142,8.8383,21.2159,587.3525,223.3945,363.9580,91.3968,Jack Hughes,F,20.2535,28.2091,44.7454,44.7458,67.1187,76.8457,107.0004,1.2343,13.8478,33.0111
8484801,SJS,1331.5663,414.7715,38.2113,293.0555,502.5495,33.4501,39.1602,56.7817,107.7394,85.6181,81.8125,1784.5491,53.6763,57.2840,141.6069,38.0882,43.1682,20.7632,31.9880,1280.5291,635.3511,645.1780,95.9419,Macklin Celebrini,F,21.8127,30.7568,48.1857,46.1338,68.6881,80.9914,111.7476,1.1727,13.3627,22.1213
8477934,EDM,1140.9249,352.1251,37.9016,227.3719,411.4427,31.6209,34.3991,56.8117,114.6653,66.0630,77.7500,1530.9517,35.6584,24.0487,107.5417,31.8004,43.9434,18.5985,20.2137,1423.0648,790.8775,632.1873,91.2108,Leon Draisaitl,F,19.6907,26.4902,42.1881,46.1086,67.6913,76.5231,105.9551,1.1731,15.1290,48.6023
8478427,CAR,1101.0018,365.7863,171.1485,237.6604,411.5968,31.7730,33.8524,54.7572,118.0987,82.6491,79.6406,1637.9368,63.8113,28.0442,105.9308,28.5001,46.2553,20.5179,20.6052,1201.4759,617.8077,583.6682,88.6095,Sebastian Aho,F,20.5666,25.9476,41.3239,44.1984,65.3368,74.9507,102.8170,1.1126,14.2440,35.4496
8478460,CBJ,1672.6829,435.5307,85.7882,276.6488,600.2568,20.6458,23.0469,66.1845,142.1243,98.0051,78.7500,2194.0017,28.5476,120.0923,119.7047,40.5781,28.6463,13.5589,12.1145,0.0000,0.0000,0.0000,89.2313,Zach Werenski,D,27.8603,16.7483,29.5558,54.1799,77.8220,74.8687,104.4222,1.1331,8.3307,44.1192
8478403,VGK,1190.1161,359.7072,115.2860,258.6936,444.7229,35.1078,35.1225,53.6492,113.9630,76.8842,75.1250,1665.1093,34.3235,51.5768,113.3384,31.4262,20.7806,8.4837,21.0664,1126.6340,527.5111,599.1229,88.7717,Jack Eichel,F,22.1645,26.5880,43.3286,43.3230,63.9999,74.8345,103.3898,1.1817,13.5769,37.0788
8480803,EDM,1552.6849,369.5387,184.1241,226.8661,497.2313,19.3126,20.1231,68.0814,142.3954,104.5422,78.3438,2106.3477,33.4909,109.7267,131.3834,42.1586,35.8746,17.8618,18.4305,0.0000,0.0000,0.0000,88.2044,Evan Bouchard,D,26.8860,14.7215,26.4987,56.9109,80.4602,74.5764,103.0332,1.1259,8.8700,37.8532
8477404,TBL,1085.5861,460.6998,206.3689,264.3932,415.2570,35.7949,36.0246,50.1045,125.8330,90.5393,79.7656,1752.6547,42.2857,46.5301,81.7497,25.9451,43.1591,16.3085,25.6150,503.7021,244.6558,259.0462,86.1292,Jake Guentzel,F,21.9726,28.0242,44.4522,40.5793,59.9028,72.4685,100.4897,1.0798,13.6254,35.2938
8478483,VGK,1189.2457,358.7831,150.5593,201.9803,388.4279,29.8088,33.5860,53.4608,115.1819,81.1510,79.3750,1698.5881,36.4432,47.2859,108.9531,42.8299,21.5041,10.9219,19.0100,257.7991,108.4923,149.3068,87.0468,Mitch Marner,F,21.3995,25.6104,42.3557,43.3324,64.0137,72.8825,101.4446,1.0967,16.6283,34.0309
8480039,COL,1296.6248,333.6116,19.4327,231.2352,395.5912,31.8612,31.4086,52.8992,116.4623,69.5737,79.0625,1649.6691,81.2984,29.9360,108.9386,22.8232,32.2840,15.8918,27.5082,60.7576,27.2610,33.4966,84.3078,Martin Necas,F,20.8654,24.1814,39.6575,43.5252,63.8369,71.5755,98.6581,1.0663,13.5830,46.8886
8482116,OTT,1112.2559,308.1856,152.0876,203.0194,348.7688,29.9899,33.0884,51.4585,104.7846,76.5872,79.2188,1572.5291,119.4205,42.6129,85.7421,27.8128,38.4326,16.2731,34.0033,718.6546,357.7580,360.8966,84.5469,Tim Stützle,F,19.8505,25.3457,40.9431,41.9137,62.3832,71.1586,98.4524,1.0673,16.2981,28.1973
8480800,MIN,1630.5353,372.9385,45.5846,171.9739,412.7666,15.5678,16.0815,67.7326,137.3512,87.8269,76.1562,2049.0583,11.4884,82.4814,114.0916,33.4031,36.2752,15.4636,23.7896,0.0000,0.0000,0.0000,83.8141,Quinn Hughes,D,26.9060,10.6910,21.3819,56.3650,79.6885,70.9435,97.2801,1.1006,9.3511,49.5243
8476887,NSH,1251.1832,369.2843,19.7689,263.2638,547.7654,34.6354,41.2410,46.1070,104.4997,77.5974,77.6250,1640.2363,140.6366,43.3514,116.9160,42.7801,43.6194,20.3362,26.6620,33.3770,14.7806,18.5964,87.3481,Filip Forsberg,F,21.1303,32.5095,50.7961,36.5695,56.8859,73.1425,102.6026,1.1253,15.6653,26.9023
8479542,TBL,1126.4963,344.9045,111.6740,260.8229,486.4940,37.1405,37.5519,45.3150,108.1823,76.0057,76.8906,1583.0748,50.8536,46.6954,88.0110,32.2288,65.1831,24.4743,28.2447,67.5818,31.7886,35.7932,82.8669,Brandon Hagel,F,20.5887,28.9828,45.4063,35.7447,55.0662,69.5579,96.6082,1.0777,14.3975,32.1767
8479337,DET,1229.5911,373.3066,25.5501,280.0392,508.9521,37.3875,38.5170,47.1055,107.3196,72.5620,80.3281,1628.4476,45.2138,41.6285,89.2091,37.2752,30.7397,11.9691,20.8848,57.7449,26.4789,31.2660,85.6225,Alex DeBrincat,F,20.2724,29.9861,46.9782,36.9809,56.9706,71.9645,99.9507,1.0659,13.7541,34.7576
8481540,MTL,1119.4712,338.4753,24.0428,274.2060,426.3033,41.6831,43.9117,38.8152,103.9596,67.2871,79.4375,1481.9894,55.6265,26.1201,59.8526,22.3904,15.9017,8.2102,18.0778,20.7175,9.7581,10.9594,82.7269,Cole Caufield,F,18.6560,34.8427,53.2320,30.9724,47.4265,69.6867,96.7871,1.0414,16.0141,36.6726
8478550,LAK,1188.7412,324.8302,22.7681,221.3180,410.1062,26.9343,28.2017,52.7049,101.9875,67.8432,78.0938,1536.3395,14.8692,17.6193,107.6103,23.3114,20.2438,10.2371,16.5233,4.6679,2.3521,2.3158,80.9066,Artemi Panarin,F,19.6730,20.8908,35.8128,41.7817,63.6674,67.6466,94.5062,1.0360,12.7426,34.1443
8479407,NJD,1130.6978,272.4203,46.0386,175.1371,311.9476,24.8615,26.5618,51.9378,97.7010,66.3354,81.9219,1449.1567,74.0447,30.1521,78.5902,18.8922,14.7258,7.6201,14.7983,12.3566,5.8571,6.4995,78.4996,Jesper Bratt,F,17.6895,19.4535,33.0709,41.8240,62.2496,66.1407,92.4025,0.9582,15.1663,31.3655
8480893,CBJ,1167.9814,385.8939,29.4201,239.4571,432.3989,34.4532,34.9674,44.5082,108.2797,67.7297,75.3438,1583.2955,66.7887,43.8441,97.4809,41.1762,27.0796,13.4158,19.7754,24.7339,11.5101,13.2237,79.4756,Kirill Marchenko,F,21.0143,26.6005,43.3489,35.4650,54.1826,66.0062,93.5908,1.0548,14.6028,40.5500
8479343,UTA,1160.3511,336.4192,23.2193,206.1362,357.7785,26.2945,25.9646,53.1793,97.2334,66.3139,77.0469,1519.9896,11.7141,31.8868,91.4704,26.4960,33.4119,16.2943,24.6745,32.2859,14.8288,17.4571,79.1440,Clayton Keller,F,19.7281,19.1498,33.2602,43.3386,64.5039,66.5199,93.7326,1.0272,12.5959,30.9195
8479420,BUF,1153.6332,374.1835,21.3063,243.2411,467.6593,37.7195,37.8613,39.6550,101.0691,71.1669,78.3125,1549.1229,82.7077,41.6017,67.5960,24.9667,41.0440,14.3862,19.5138,699.6367,321.9703,377.6664,77.5164,Tage Thompson,F,19.7813,29.8246,46.7252,30.8201,48.7156,64.6213,91.4640,0.9898,15.5653,29.9022
8477946,DET,1145.0737,323.7411,164.4435,260.6232,433.0375,32.2263,34.4454,43.1881,102.3575,86.9760,75.7500,1633.2583,49.8144,36.6830,89.2712,30.0438,46.9480,18.7389,26.8344,1628.2806,863.1183,765.1622,77.6335,Dylan Larkin,F,21.5612,25.9899,42.9833,33.9803,52.9693,64.9679,90.9551,1.0249,13.2165,15.3815
8480839,BUF,1441.4685,389.5720,101.9833,189.3563,400.9210,15.9700,18.2067,58.1402,120.1389,95.2522,77.0938,1933.0237,84.9403,98.9289,111.5612,34.5754,67.9458,28.0707,24.8458,0.0000,0.0000,0.0000,76.3470,Rasmus Dahlin,D,25.0737,12.9261,23.8636,47.7210,69.5932,63.6300,90.4739,0.9903,9.6151,24.8866
8482078,DET,1169.0391,348.7560,36.4503,192.8496,358.2742,28.3289,31.0895,45.5388,101.6903,70.4120,77.7500,1554.2454,48.6582,32.4889,76.2046,30.3700,25.0674,12.4832,28.0697,5.5309,2.6999,2.8310,76.6283,Lucas Raymond,F,19.9903,23.9887,38.9817,35.9811,54.9711,63.9678,89.9548,0.9856,16.1211,31.2782
8475158,NSH,1263.7797,338.1142,269.2531,188.4670,285.2356,26.8806,27.8383,49.5931,110.4298,108.8848,79.8594,1871.1470,23.8384,73.4269,68.4528,44.4678,27.1503,11.7633,15.4744,1635.3085,875.9959,759.3126,77.4314,Ryan O'Reilly,F,23.4305,21.3423,35.5705,39.6200,59.9380,65.0267,91.4438,0.9696,14.7709,1.5450
8477933,FLA,1108.5515,329.1906,106.6495,199.4612,368.7280,31.0860,32.8879,41.4505,108.0704,76.0062,76.7188,1544.3916,76.7537,50.6947,65.9507,21.0295,23.4593,8.7258,11.7297,256.5920,108.8336,147.7585,74.3384,Sam Reinhart,F,20.1306,25.3680,40.9792,32.1938,50.7296,61.4644,87.8062,0.9690,16.4884,32.0642
8483515,MTL,1150.1483,335.3433,20.7040,198.8244,376.8789,28.0324,28.3671,44.7115,104.6829,68.0437,77.5312,1506.1956,136.6998,68.5570,76.9917,19.2291,52.4206,21.8599,15.7598,55.6000,24.1247,31.4752,73.0786,Juraj Slafkovský,F,19.4269,21.2925,35.8101,35.8098,54.1986,60.9736,86.1373,0.9426,14.2674,36.6392
8480023,STL,1166.3893,310.5712,78.5677,149.6238,261.9158,23.9212,27.2541,49.6910,88.0153,74.4040,74.7031,1555.5282,15.5890,48.6906,109.6544,30.3198,33.2157,14.8579,15.2183,1348.8610,725.6492,623.2118,76.9451,Robert Thomas,F,20.8228,20.4839,34.8226,39.9423,60.4255,64.5229,90.1272,1.0300,18.2151,13.6112
8483457,MTL,1509.7728,346.9461,128.6940,109.9405,258.2280,11.9170,13.1762,59.5251,127.9538,99.2630,79.7500,1985.4128,34.6620,133.1616,102.6889,44.5130,38.0901,18.6496,18.7853,0.0000,0.0000,0.0000,72.7013,Lane Hutson,D,24.8955,8.7120,18.3920,49.3569,71.6159,60.9729,86.1363,0.9116,11.9848,28.6908
8476459,NYR,1148.7742,383.2485,200.1022,220.5191,374.4547,30.4521,31.2425,44.8443,107.9041,93.3507,78.2969,1732.1248,86.9700,52.4430,106.1735,32.8728,24.5846,10.9557,17.1827,1597.0489,801.0870,795.9618,76.0868,Mika Zibanejad,F,22.1225,23.3106,39.5266,35.4646,54.7168,63.8421,90.1896,0.9718,14.1677,14.5534
8477960,LAK,1198.6360,318.7916,37.2169,241.4220,424.0304,32.3825,34.7350,39.3802,102.0854,70.0675,81.2344,1554.6445,118.2437,37.6768,71.0861,21.1043,55.5241,25.2397,21.3297,146.5166,63.3104,83.2062,74.1152,Adrian Kempe,F,19.1378,26.8626,42.7812,30.8426,47.7563,61.6849,87.5527,0.9124,14.3877,32.0179
8477493,FLA,1082.0280,221.3746,86.9857,165.3645,281.2127,21.2851,24.8733,47.7321,89.0566,67.7579,73.2812,1390.3883,91.0635,47.9128,58.5423,31.1841,21.6066,10.7917,15.4704,940.3338,519.0158,421.3179,72.6054,Aleksander Barkov,F,18.9733,18.5367,32.1953,38.0471,57.5585,60.4862,85.8513,0.9908,15.0415,21.2987
8480830,CAR,996.4993,335.5030,20.5055,209.0712,367.3872,30.3788,31.2253,39.7718,102.0119,59.2636,75.3281,1352.5078,154.3888,23.3420,96.3594,20.9436,68.1145,30.9161,20.4634,19.4748,9.4294,10.0454,70.9972,Andrei Svechnikov,F,17.9549,24.0167,39.3874,31.7004,48.0308,59.5596,83.5756,0.9425,14.9353,42.7484
8479314,FLA,962.6072,241.5911,57.4476,190.5075,365.1283,27.9810,28.9237,42.9596,85.4164,59.6800,70.0625,1261.6459,93.1957,22.0304,77.8583,17.6126,77.8372,25.1278,30.3005,19.8744,9.4370,10.4374,71.8832,Matthew Tkachuk,F,18.0074,22.4311,36.0849,34.1336,52.6632,59.4905,84.8471,1.0260,15.1824,25.7365
8480002,NJD,1074.4397,286.4574,203.6223,201.1724,330.7902,27.5945,29.3660,42.3378,104.0784,83.2147,78.8281,1564.5194,51.5978,54.3332,65.9706,26.6959,22.6282,10.5266,23.0949,1824.1820,1013.4635,810.7185,71.7038,Nico Hischier,F,19.8472,22.3791,36.9741,34.0473,51.5573,59.3451,84.6398,0.9096,14.5974,20.8637
8478420,DAL,1071.9462,351.6237,14.4761,158.6601,303.2303,27.0371,25.8177,45.4556,99.4692,63.7401,76.7188,1438.0460,48.3591,35.7594,78.2561,26.1964,62.1164,22.9560,23.0782,135.3924,66.9740,68.4184,71.2733,Mikko Rantanen,F,18.7444,19.4310,33.0327,36.9196,55.3794,59.2653,83.5544,0.9290,16.2723,35.7291
8480069,COL,1367.5670,292.1372,208.4716,193.5304,471.6587,16.7075,18.1443,52.7780,121.3469,96.1066,75.3125,1868.1758,36.8778,117.3028,94.7570,43.8056,19.2516,9.9885,22.1908,0.0000,0.0000,0.0000,70.9223,Cale Makar,D,24.8057,12.5797,24.1916,43.5366,63.8537,59.0191,83.2073,0.9417,9.3754,25.2402
8479323,NYR,1337.0620,365.0135,81.9851,126.9840,323.3127,10.9781,13.1785,59.8175,108.5392,85.3362,72.1719,1784.0607,35.6753,107.9743,82.9737,40.9710,34.8487,17.2013,14.1892,0.0000,0.0000,0.0000,72.9960,Adam Fox,D,24.7196,8.1074,18.2417,48.6369,71.9421,60.7977,86.1301,1.0114,10.3781,23.2030
8482740,DAL,1162.7804,343.6484,25.2020,199.8735,361.8252,34.5516,34.1177,35.6364,103.0999,68.6634,80.8438,1531.6307,51.1386,48.1519,62.9551,24.4321,28.4526,14.0604,16.2583,729.8522,350.0339,379.8183,69.7541,Wyatt Johnston,F,18.9456,26.2313,42.7473,28.1765,43.7222,58.2942,82.5834,0.8628,17.0697,34.4365
8481542,DET,1612.5804,354.5722,199.2117,191.8669,376.1694,11.8507,13.4380,57.9792,128.6367,113.3478,77.0469,2166.3645,156.1696,183.2383,98.2518,33.2031,54.9282,25.2562,21.4506,0.0000,0.0000,0.0000,71.4172,Moritz Seider,D,28.1175,8.9967,18.9931,46.9682,68.9533,58.9636,83.9481,0.9269,7.0038,15.2889
8475913,VGK,1074.9496,318.8817,76.7049,167.9299,288.2106,25.7629,27.0753,43.1783,101.0525,65.7002,72.8281,1470.5363,40.9520,52.8780,87.4356,37.6212,19.9821,9.1320,17.2837,17.5329,8.1937,9.3392,70.2536,Mark Stone,F,20.1919,20.6818,34.4697,34.4651,52.1900,58.1014,82.7206,0.9646,16.1230,35.3523
8477939,TOR,1295.9073,239.8774,39.0382,198.0640,339.1976,25.5774,28.5215,46.1017,82.1880,80.0169,78.2969,1574.8230,18.6459,31.7274,81.2372,32.5253,24.6460,12.2574,15.9398,87.5524,39.6057,47.9467,74.6231,William Nylander,F,20.1135,21.0210,36.7867,36.7880,55.7075,60.9621,88.2900,0.9531,14.4001,2.1711
8484166,CBJ,1181.0195,362.9397,25.8885,223.5965,381.5794,31.1814,28.7197,41.2338,105.5974,66.8991,75.4375,1569.8477,135.0121,52.9091,93.7435,25.4996,31.6664,13.5530,22.3625,1149.2182,545.6164,603.6018,69.9536,Adam Fantilli,F,20.8099,21.6775,36.4576,32.5160,51.2373,58.1348,82.7683,0.9273,12.8445,38.6983
8482093,CAR,851.8339,264.0731,122.1013,200.9248,321.1228,30.2407,30.5130,36.5490,88.5470,62.0494,64.2812,1238.0083,79.0860,34.1690,56.9443,28.0553,17.0185,7.8820,17.2228,100.6848,43.3015,57.3832,67.0621,Seth Jarvis,F,19.2592,23.0171,38.3619,28.7687,45.0710,55.6218,79.5967,1.0433,15.1863,26.4976
8479318,TOR,1136.8257,237.2333,151.7572,240.2116,377.3001,33.3739,37.9011,34.9721,80.3436,87.9889,77.0625,1525.8162,54.0495,87.5081,73.1934,34.5750,22.2311,9.7932,16.8806,927.2461,516.9989,410.2471,72.8732,Auston Matthews,F,19.7997,29.4317,47.3010,27.3264,43.0916,59.9113,86.1882,0.9456,15.7782,-7.6454
8481605,ANA,1701.1382,335.1428,72.7899,157.4075,313.2346,12.6289,12.8412,56.2932,126.7784,110.0861,78.6719,2109.0708,76.7069,144.6858,106.7928,44.9408,31.4744,14.7776,13.4172,0.4899,0.2494,0.2404,69.1344,Jackson LaCombe,D,26.8084,8.0247,18.0557,46.1350,67.1967,57.1690,81.2401,0.8788,8.1579,16.6923
8471675,PIT,1008.6478,310.7049,26.1515,182.9545,287.1947,21.8456,24.0388,45.0507,86.4748,66.4294,72.6875,1345.5042,63.1086,31.6463,80.2190,25.8942,34.7813,14.6884,17.7315,1723.6998,963.9118,759.7880,69.0895,Sidney Crosby,F,18.5108,17.0692,31.1261,36.1452,55.2219,57.2306,82.3318,0.9505,13.1392,20.0454
8478010,TBL,1015.4777,416.3583,14.5601,192.8591,335.4936,28.6037,27.5363,38.7832,107.6134,62.8429,76.2188,1446.3961,17.0289,36.5143,58.2922,18.3114,13.6058,6.3931,13.9650,919.6465,440.6624,478.9841,66.3195,Brayden Point,F,18.9769,20.2885,34.7803,30.9154,48.3052,55.0683,78.2549,0.8701,14.2779,44.7705
8482109,NYR,1140.0107,372.3175,19.8995,187.7685,315.9457,26.6902,28.1670,40.7764,98.2437,68.9557,78.2656,1532.2278,99.0228,37.4042,59.8386,27.3196,35.6907,14.2548,18.6166,62.5731,25.2897,37.2834,68.9434,Alexis Lafrenière,F,19.5773,21.2797,35.4661,31.4131,49.6529,56.7460,82.0791,0.8809,15.0009,29.2881
8477500,NYI,1172.8796,326.8253,162.4548,254.2635,424.9257,31.0735,31.4861,37.8019,94.4420,89.4235,78.0781,1662.1598,73.5035,43.5569,85.7896,23.3035,34.9691,13.3250,14.0203,1391.1449,758.0019,633.1430,69.2881,Bo Horvat,F,21.2884,24.4911,39.7980,29.5904,46.9365,57.1426,82.6527,0.8874,12.3833,5.0185
8484153,ANA,1103.1422,355.0439,43.7553,223.4664,367.8764,29.2321,29.1176,38.5508,101.3166,76.4014,74.9375,1501.9414,23.5054,37.2582,80.0234,30.7548,28.1990,10.9316,21.9108,1051.0407,467.0431,583.9976,67.6683,Leo Carlsson,F,20.0426,22.0670,37.1128,30.0874,48.1398,56.1664,80.2378,0.9030,13.0300,24.9151
8482699,UTA,995.5601,337.3111,31.5588,213.3524,447.5894,33.8613,33.3645,33.9360,90.2260,60.5574,75.7031,1364.4299,64.0236,36.0437,65.9202,20.0935,29.5763,14.3356,12.7506,51.8922,23.4084,28.4838,67.3006,Dylan Guenther,F,18.0234,25.1933,41.3171,26.2000,42.3231,55.4243,79.6094,0.8890,15.6382,29.6686
8482077,STL,1125.9637,309.6843,38.6986,224.0581,378.5483,27.2215,27.3492,40.7766,84.4216,67.1675,72.3125,1474.3466,181.1014,53.0421,68.5964,26.6930,30.7917,9.9027,18.8102,107.3282,52.3189,55.0092,68.1258,Dylan Holloway,F,20.3885,20.4783,34.8131,31.7423,50.1733,56.3163,80.8907,0.9421,12.2063,17.2541
8480014,WPG,1113.9098,356.7416,14.2182,149.7000,270.9146,27.2626,27.7126,39.2358,93.7357,63.2740,75.3438,1484.8696,22.6888,41.7842,58.0262,20.3031,22.8992,11.4607,25.9778,141.7056,67.8343,73.8713,66.9484,Gabriel Vilardi,F,19.7079,20.2909,35.5091,30.4325,48.6920,54.7815,79.1288,0.8886,18.5121,30.4618
8478445,NYI,1011.1368,298.8651,15.6972,167.0147,316.6418,19.3968,21.7575,45.4512,78.5318,59.5180,62.4062,1325.6991,31.0744,41.5695,86.4820,31.9759,34.5764,12.6936,20.1020,371.0073,150.9741,220.0333,67.2087,Mathew Barzal,F,21.2431,16.3217,28.5630,35.7023,56.1036,56.1043,79.5662,1.0770,13.0273,19.0138
8478873,ANA,1031.1144,325.0870,28.8771,206.8554,355.0793,25.7151,25.1579,40.6886,93.2749,69.3875,71.5625,1385.0785,7.8880,26.5243,68.5175,25.4531,21.4641,10.7067,22.8376,19.9255,9.7320,10.1935,65.8465,Troy Terry,F,19.3548,19.0586,32.0987,32.0954,50.1491,54.1631,78.2356,0.9201,12.1621,23.8874
8479325,BOS,1363.5222,329.1487,223.4493,139.2171,282.0886,13.6674,15.3623,49.4971,118.6064,107.1492,73.4844,1916.1204,100.5995,140.2728,105.9838,31.1593,75.0193,32.7720,25.5706,0.0000,0.0000,0.0000,64.8594,Charlie McAvoy,D,26.0752,10.8871,20.7845,39.5764,59.3646,53.4324,77.1801,0.8826,11.0348,11.4573
8477951,UTA,1094.1002,312.6245,187.2098,213.3559,349.7151,25.3853,26.8877,38.6388,98.1899,85.0300,78.0000,1593.9344,21.4172,47.7038,97.0653,38.8017,20.0065,10.1746,17.9504,729.8296,335.7192,394.1105,65.5264,Nick Schmaltz,F,20.4351,20.1605,34.2729,30.2338,47.3662,53.4181,77.6074,0.8401,12.6023,13.1598
8477940,CAR,982.1093,266.5317,18.9957,214.2371,356.2921,21.3517,22.7221,39.1346,91.1776,55.5942,74.3438,1267.6367,27.5479,30.3219,74.0469,21.4062,20.8590,8.9770,19.4603,27.6843,12.4967,15.1876,61.8567,Nikolaj Ehlers,F,17.0510,16.3319,28.8209,30.7417,48.0339,50.9163,73.0121,0.8320,10.6061,35.5835
8485366,NYI,1596.3182,376.5928,75.7130,237.0552,513.5042,17.7813,20.4710,45.0605,115.1712,97.1739,78.6094,2048.6240,41.6554,117.1437,94.3596,36.0353,39.9755,19.7795,32.0678,0.0000,0.0000,0.0000,65.5315,Matthew Schaefer,D,26.0608,14.2871,26.5332,35.7159,55.1045,54.0849,77.5556,0.8336,8.6355,17.9972
8482105,OTT,1367.4019,260.9243,246.7147,180.7109,384.0692,13.6947,15.7822,46.7278,114.5904,96.5197,75.0781,1875.0410,34.0351,139.9374,100.7991,35.6195,16.0722,7.8658,10.1002,0.1190,0.0581,0.0610,62.5100,Jake Sanderson,D,24.9745,10.7245,21.4490,38.0163,56.5370,51.6655,74.0864,0.8326,8.7334,18.0708
8478439,PHI,1103.2258,303.0966,30.3107,185.8569,337.4705,24.8734,26.0519,38.5988,89.9190,65.2004,78.8281,1436.6331,95.3493,35.9757,83.6743,22.6509,54.9512,20.2278,21.5256,72.5154,32.1419,40.3735,64.6507,Travis Konecny,F,18.2249,19.2141,33.3719,30.3377,47.5291,53.5970,76.8560,0.8201,14.0172,24.7186
8480208,OTT,1003.0325,311.9985,29.9345,173.9251,325.2519,28.4124,28.0083,34.1719,94.8682,57.1846,79.5938,1344.9656,118.4578,26.7133,58.0980,21.9566,32.9696,14.0325,17.5518,36.5056,17.8406,18.6650,62.1802,Drake Batherson,F,16.8979,21.4449,35.0917,26.3182,41.9141,51.6621,74.0815,0.7812,16.1037,37.6837
8483445,ANA,971.2377,319.0855,31.2494,271.4341,509.4757,32.3587,34.6530,28.3555,89.9563,66.4459,74.7344,1321.5725,68.3914,33.7640,79.4485,21.5615,27.5526,13.3413,16.2553,181.4524,89.9934,91.4590,63.0085,Cutter Gauthier,F,17.6836,27.0774,43.1233,21.0583,36.1000,52.1470,75.2120,0.8431,12.7666,23.5104
8476468,NYR,996.3528,323.6308,167.0899,166.0333,274.4994,22.7495,23.5598,39.8275,92.2434,79.5992,74.6250,1487.0736,154.1649,46.1786,90.8602,22.9852,50.8802,19.5748,16.4198,1466.4925,836.8338,629.6588,63.3874,J.T. Miller,F,19.9273,17.2284,30.4031,31.4086,48.6327,51.6771,74.9824,0.8494,14.1898,12.6442
8480012,VAN,1164.5573,321.2224,98.5956,174.3751,330.7943,21.4532,24.5025,41.9874,87.7065,87.9181,76.7031,1584.3754,86.5491,96.1346,71.6190,31.4076,19.4773,9.9420,26.4617,1433.9548,693.2008,740.7541,66.4899,Elias Pettersson,F,20.6559,18.2485,31.1298,33.2684,51.5123,54.7368,79.4221,0.8668,14.0516,-0.2116
8474578,PIT,1391.4193,322.3740,114.6213,195.6068,442.4413,13.9545,14.2235,47.7960,109.1946,97.7136,76.7969,1828.4146,23.7237,78.8351,119.7764,36.2422,28.4014,14.3134,11.4885,0.0000,0.0000,0.0000,62.0195,Erik Karlsson,D,23.8084,9.0371,20.0823,38.1522,58.2323,50.2016,74.2983,0.8076,7.2715,11.4810
8477942,LAK,959.8289,324.9056,25.0000,183.5678,351.0150,27.0086,26.8285,34.3529,91.2669,58.3912,72.5000,1309.7345,52.8587,26.5614,89.6950,25.0858,43.0422,19.2662,17.1117,42.5705,19.4446,23.1259,61.1814,Kevin Fiala,F,18.0653,19.9035,33.8359,25.8728,42.7896,49.7569,72.6450,0.8439,14.6150,32.8758
8474564,NSH,1162.3470,342.7740,19.0398,217.8925,379.8419,31.9195,30.3264,31.8078,96.8712,72.1309,74.7500,1524.1608,84.0905,41.9297,79.8660,21.2011,50.3583,22.3239,16.4965,675.4707,358.3940,317.0768,62.1342,Steven Stamkos,F,20.3901,22.3479,38.6009,24.3774,39.6133,50.7883,74.1510,0.8312,13.9181,24.7403
8475745,CBJ,1057.5565,343.3509,255.2138,175.9284,271.4937,26.7741,24.2180,36.0102,106.6780,92.0650,77.7656,1656.1212,124.6756,61.6408,68.4861,38.2095,29.1312,14.3862,22.4818,1343.4316,679.8727,663.5588,60.2282,Charlie Coyle,F,21.2963,17.7429,30.5571,27.5914,44.3434,49.2766,71.9438,0.7745,13.7658,14.6130
8481533,PHI,996.5553,333.3114,32.4078,163.9711,299.5551,22.6604,22.6356,38.9888,89.3242,62.1216,71.8125,1362.2745,48.1405,30.9600,72.0938,21.4853,51.1761,19.4919,14.4537,389.1170,146.7169,242.4002,61.6245,Trevor Zegras,F,18.9699,16.1842,29.3339,30.3426,48.5482,50.5727,72.8247,0.8581,13.8046,27.2027
8478493,MIN,888.0012,299.7764,98.3173,192.8021,329.7197,24.2190,25.1783,33.0521,92.9340,61.7780,66.0000,1286.0948,109.7339,39.1166,43.2471,19.3193,37.5604,16.7407,20.4939,1153.6685,574.7914,578.8771,58.2304,Joel Eriksson Ek,F,19.4863,18.4688,32.0774,25.2703,40.8212,47.6271,69.9826,0.8823,13.0592,31.1560
8484227,SJS,1052.5272,324.3693,22.1993,185.2038,324.3497,23.7120,24.6867,36.6772,84.5600,66.2504,75.8438,1399.0958,19.3052,20.2869,87.0681,17.4024,22.0474,10.9852,11.9156,100.5793,43.3387,57.2405,61.3639,Will Smith,F,18.4471,18.4540,31.7820,28.7056,46.1339,50.2353,73.8152,0.8091,13.3295,18.3096
8474600,NSH,1372.4269,306.3917,139.3575,184.5100,349.7381,13.0549,14.0602,46.6417,105.8177,96.1154,69.0625,1818.1761,33.1363,115.0845,89.0149,25.4908,34.2817,16.3666,15.0636,0.0000,0.0000,0.0000,60.7018,Roman Josi,D,26.3265,9.1472,19.3107,36.5777,56.8987,49.7898,72.1443,0.8789,7.6203,9.7023
8475786,EDM,1040.3678,263.4299,15.7349,173.5655,317.3410,32.7053,31.0835,26.8842,93.6122,55.1650,70.3750,1319.5327,61.7871,25.5835,38.7503,13.9431,35.0050,16.8438,16.6921,6.3365,3.1102,3.2263,57.9677,Zach Hyman,F,18.7500,23.5420,39.2367,20.5997,34.3328,47.0845,68.6649,0.8237,17.9088,38.4472
8475798,ANA,1127.7198,314.0866,198.2001,164.9765,289.1989,22.0788,21.6216,37.3309,102.7175,98.6658,75.6875,1640.0066,56.4436,58.2530,72.1275,25.8875,31.7232,15.5418,19.0459,1036.3159,521.8639,514.4520,58.9525,Mikael Granlund,F,21.6681,16.0522,28.0913,29.0860,46.1365,48.1476,70.2152,0.7789,13.1058,4.0517
8484387,PHI,979.7004,258.2285,21.1618,195.1961,306.8452,21.9210,21.7010,37.5580,78.1212,56.6710,77.0469,1259.0907,33.4939,23.5933,81.4002,19.0710,58.8478,23.9122,18.7500,24.0967,11.1296,12.9671,59.2590,Matvei Michkov,F,16.3419,16.1774,28.3104,29.3217,46.5102,48.5323,70.7762,0.7691,11.1176,21.4502
8475754,COL,1031.3073,227.5188,170.4251,165.7561,275.4590,25.0729,24.1403,32.4699,93.0569,74.4486,77.0000,1429.2512,35.4121,49.3330,61.7961,25.6527,26.6913,13.1705,17.7299,1107.4504,564.7946,542.6558,56.6103,Brock Nelson,F,18.5617,17.4130,30.9565,25.1480,40.6237,46.4303,67.7109,0.7352,14.5638,18.6083
8480036,DAL,1323.2795,250.1505,242.7947,137.5468,300.7222,10.5706,11.9091,44.6849,107.4694,97.2037,74.2500,1816.2246,23.4656,115.8630,86.4493,32.8071,28.5268,12.9860,14.2241,0.0000,0.0000,0.0000,56.5940,Miro Heiskanen,D,24.4609,7.7757,16.5234,35.9542,54.4172,46.6457,68.0249,0.7622,8.6582,10.2657
8477935,FLA,998.6420,240.4576,61.6316,186.5799,323.3672,27.6209,25.0921,31.5086,86.8912,61.8172,73.9375,1300.7312,123.1836,36.4161,62.3310,24.1502,88.2004,28.2671,16.5150,908.7582,425.1972,483.5610,56.6007,Sam Bennett,F,17.5923,18.5354,32.1931,24.3888,39.9976,45.8508,68.2885,0.7655,13.4484,25.0740
8478444,VAN,1168.9866,319.9934,170.8764,202.3584,343.4576,24.6789,23.9499,37.3022,90.4325,99.0547,75.7969,1659.8564,70.2783,35.7063,60.9748,21.3153,16.5128,8.5981,10.1279,132.5587,59.3700,73.1887,61.2521,Brock Boeser,F,21.8987,17.1790,31.1369,28.9828,46.1578,50.4561,74.0739,0.8081,11.8354,-8.6221
8471214,WSH,818.0198,387.7949,16.3513,224.2849,398.4120,30.9068,28.4910,28.3842,85.0517,56.7863,71.6406,1222.1660,115.4051,18.2347,53.4412,11.7430,19.1697,9.5797,7.7465,6.4975,3.1757,3.3218,56.8753,Alex Ovechkin,F,17.0597,20.9997,35.9994,20.9977,35.9960,45.9971,67.9957,0.7939,12.7031,28.2654
8475810,PIT,957.7629,289.9602,173.8896,180.6394,296.9860,24.3274,23.8550,33.1628,87.7034,83.2801,72.5938,1421.6127,45.4608,59.7219,76.1226,16.9906,23.8357,11.8326,13.9460,20.4032,9.4375,10.9657,57.0178,Bryan Rust,F,19.5831,17.0773,30.1365,25.1093,41.1792,46.2045,68.3023,0.7854,13.2059,4.4233
8483516,STL,1040.2371,285.3097,19.2829,203.4156,349.0523,25.7848,24.0257,33.8778,77.0535,59.9126,71.1250,1344.8296,80.6382,44.7402,69.5613,26.3990,22.0037,11.0679,16.3464,16.2609,7.9986,8.2622,57.9035,Jimmy Snuggerud,F,18.9080,17.4121,30.7272,26.6319,41.9965,47.1167,69.6508,0.8141,11.8111,17.1409
8482155,LAK,1164.7223,227.6359,165.0789,236.5636,435.4909,29.2198,26.2199,29.9457,93.2365,82.5628,78.7344,1557.4371,224.4786,48.5843,79.2943,21.7185,33.2980,14.7411,18.8294,499.6983,221.0176,278.6807,56.1655,Alex Laferriere,F,19.7809,18.9054,32.8358,22.8828,37.8064,45.7682,67.6573,0.7134,11.0836,10.6738
8484984,MTL,943.7062,288.3114,13.1908,143.9838,268.9048,22.5132,21.5032,33.1141,87.7083,55.8685,77.5469,1245.2085,30.3831,28.9781,67.1458,20.8095,33.3031,15.5361,16.7439,3.5809,1.7688,1.8121,54.6174,Ivan Demidov,F,16.0575,15.4866,28.0695,25.1649,41.6189,44.5231,65.8168,0.7043,14.9345,31.8398
8477409,FLA,1033.7594,236.1543,27.5544,183.9112,325.8112,24.2488,23.5163,31.3978,86.4585,58.7884,73.2031,1297.4681,69.9270,23.8994,68.0025,23.3025,36.1842,15.8291,12.2438,94.9152,39.6675,55.2477,54.9141,Carter Verhaeghe,F,17.7242,17.5558,30.2350,24.3844,39.0151,44.8663,66.3241,0.7502,12.7868,27.6701
8482679,CGY,1061.0782,282.0806,21.9575,192.2668,370.8642,25.9438,24.8565,34.5034,74.1310,66.3716,74.3281,1365.1162,28.8085,29.9416,58.8115,21.7691,28.8745,13.0664,15.4577,189.5001,83.6348,105.8654,59.3599,Matt Coronato,F,18.3661,18.1324,31.9983,26.6643,43.7295,47.9964,71.4613,0.7986,12.9281,7.7594
8478449,DAL,885.7850,257.7820,60.0101,170.9646,264.3591,22.6250,22.6717,31.2043,79.8947,56.9657,74.0938,1203.5771,61.9922,32.8456,62.2370,13.1792,25.0103,12.1501,16.6876,786.0329,435.0474,350.9855,53.8760,Roope Hintz,F,16.2440,16.5166,29.1470,23.3171,38.8619,43.7200,64.1227,0.7271,13.2610,22.9290
8475692,LAK,930.5143,256.6622,18.8469,149.2908,255.8715,21.4063,18.2963,36.8732,79.8088,53.3910,70.0000,1206.0234,23.2160,36.1928,69.0529,20.3396,23.8572,11.6763,18.6773,74.8025,35.7632,39.0393,55.1696,Mats Zuccarello,F,17.2289,12.9372,23.8841,28.8592,45.7767,44.7819,65.6802,0.7881,12.2555,26.4178
8481528,OTT,998.9901,257.1728,39.8868,207.0607,343.3630,28.8244,25.4005,28.4352,87.3226,55.9500,77.5156,1296.0496,181.8962,29.6795,64.6945,17.1640,53.7018,16.4123,16.7212,1067.9654,531.8914,536.0740,53.8358,Dylan Cozens,F,16.7198,18.5183,32.1634,21.4426,36.0626,42.8849,64.3274,0.6945,12.2672,31.3726
8484144,CHI,966.8928,263.3504,16.0247,177.2819,304.5776,24.2168,25.0080,33.6470,68.3323,61.3287,61.3750,1246.2679,33.2421,26.3253,76.4170,21.7370,43.0897,17.8694,19.6890,645.4752,301.8783,343.5969,58.6550,Connor Bedard,F,20.3058,18.0791,31.9043,25.5236,42.5393,47.8566,70.1897,0.9557,14.1063,7.0036
8478401,BOS,918.6469,296.3958,34.3382,146.9492,234.3055,21.4279,21.0514,32.8045,84.8182,59.4567,75.3594,1249.3809,60.7657,26.0225,57.1737,17.7287,21.0479,9.7639,9.2579,771.6017,403.5924,368.0093,53.8559,Pavel Zacha,F,16.5790,14.8446,27.7099,24.7382,40.5706,43.5411,64.3221,0.7147,14.3256,25.3616
8484762,ANA,1050.1646,226.3455,27.9554,185.0552,334.3608,28.3121,25.7679,28.7794,80.3172,66.2164,76.6875,1304.4655,88.6623,26.5176,80.2094,22.7847,54.2462,24.4000,25.7132,7.4299,3.8254,3.6045,54.5472,Beckett Sennecke,F,17.0101,19.0522,33.0907,22.0625,36.1022,44.1231,65.1818,0.7113,13.9244,14.1008
8480801,FLA,902.3555,192.4370,18.2119,196.9102,308.6569,26.3257,23.2636,29.5799,73.0378,50.0262,70.6562,1113.0044,183.2024,25.1947,48.4101,17.2070,91.6503,22.7813,24.2561,287.0525,153.7693,133.2832,52.8435,Brady Tkachuk,F,15.7524,16.5815,30.2369,22.4358,37.0678,42.9190,63.4030,0.7479,11.8143,23.0116
8482124,LAK,1189.9008,172.8001,190.6123,199.4244,341.0764,26.5963,27.7225,26.0100,87.9888,84.6099,77.7969,1553.3132,71.5249,37.8413,67.8306,31.9361,47.8291,21.5522,27.0768,1287.4851,594.7189,692.7661,53.7325,Quinton Byfield,F,19.9663,20.8958,34.8264,18.9040,32.8333,43.7798,64.6747,0.6907,13.9013,3.3789
8482809,CAR,1075.5835,170.9014,36.7961,170.4742,316.0037,24.9946,22.9009,28.9506,82.8882,57.6646,77.1562,1283.2811,16.9436,34.0968,77.2706,25.2528,37.9466,17.8355,21.5377,16.2504,7.4891,8.7613,51.8515,Jackson Blake,F,16.6322,16.3281,29.7748,22.0939,36.5029,42.2642,62.4357,0.6720,13.4336,25.2236
8479410,UTA,1291.4164,265.0675,285.9218,157.0995,319.2525,10.1125,10.1719,44.2244,105.3782,104.9983,71.9531,1842.4056,43.4040,124.8076,105.9936,27.2676,39.1020,19.1579,10.7044,0.0000,0.0000,0.0000,54.3963,Mikhail Sergachev,D,25.6056,6.0497,14.1159,35.2741,54.4228,44.3482,65.5144,0.7560,6.4748,0.3800
8475168,DAL,861.7196,293.0143,16.7679,137.2239,236.4054,20.3018,18.2486,34.0084,81.4028,52.3998,68.5938,1171.5018,31.6735,28.6686,76.5498,16.8013,13.8784,7.1384,10.5494,587.2299,301.6188,285.6111,52.2570,Matt Duchene,F,17.0788,12.6306,24.2897,26.2323,41.7774,42.7493,63.1524,0.7618,13.2984,29.0029
8476881,VGK,917.1209,323.7423,16.2211,183.5397,329.6191,25.9729,23.4085,29.4521,91.6586,52.2740,77.6094,1257.0842,98.3480,45.4625,46.9311,21.1023,28.3975,10.1761,14.4041,975.1720,552.1722,422.9997,52.8606,Tomas Hertl,F,16.1976,16.7469,29.5533,21.6689,37.4281,42.3560,63.0415,0.6811,12.7539,39.3846
8477949,WSH,1084.4355,237.3426,278.4095,196.9752,322.9344,24.1212,24.2087,29.4178,89.2965,99.3707,78.9688,1600.1877,81.8683,91.4881,75.4515,44.1812,55.8012,18.9462,15.4605,160.7785,73.2369,87.5416,53.6265,Alex Tuch,F,20.2636,17.9995,30.9992,21.9945,36.9907,42.9936,63.9904,0.6791,12.2902,-10.0743
8482702,CAR,1076.8800,185.7506,31.3922,181.6976,307.8766,26.7521,23.5327,27.8839,84.9085,57.7249,78.0312,1294.0228,53.6135,30.0127,55.5395,24.9941,23.9437,8.7605,20.6569,758.1459,337.3219,420.8240,51.4166,Logan Stankoven,F,16.5834,17.2910,29.7790,21.1358,35.5465,41.3088,61.4828,0.6589,12.9516,27.1836
8482113,FLA,985.7146,198.9323,159.8794,148.1919,272.2432,24.3594,24.1545,27.7967,84.0414,71.7641,73.7031,1344.5262,88.5012,43.1234,66.4241,21.0329,41.5145,16.8200,19.6839,1068.4822,553.1400,515.3422,51.9512,Anton Lundell,F,18.2425,17.5624,31.2220,20.4873,35.1210,41.9521,62.4403,0.7049,16.2995,12.2773
8481604,NYR,987.3032,342.7857,15.6537,225.4348,359.5607,28.3866,26.5965,27.3387,87.6907,60.3835,73.2188,1345.7426,28.0677,32.5916,61.5610,20.1413,27.4352,13.3430,11.2953,9.0826,4.2184,4.8642,53.9352,Pavel Dorofeyev,F,18.3798,20.2660,33.4389,20.2662,34.4525,43.5721,64.8516,0.7366,11.7979,27.3072
8476483,PIT,1001.4636,261.9147,75.9076,194.6427,312.5303,25.9795,25.5121,27.7289,82.1414,70.7094,72.3438,1339.2859,93.6451,51.8683,61.0402,21.6071,16.2924,8.3348,14.2143,222.8296,91.3834,131.4462,53.2411,Rickard Rakell,F,18.5128,19.0746,32.1256,21.0819,35.1365,43.1682,64.2504,0.7359,13.1072,11.4320
8479425,VAN,1645.1351,320.8190,326.9931,181.7511,368.9595,10.8053,11.9883,44.9198,113.9366,146.8208,78.3750,2292.9473,135.5858,113.1722,122.4052,31.1306,48.8933,20.9002,12.9590,0.5185,0.2627,0.2558,56.9081,Filip Hronek,D,29.2561,7.5166,17.1808,35.4227,54.7441,46.1603,68.7037,0.7261,6.5960,-32.8841
8484145,BUF,950.0109,177.0655,158.5887,152.8459,237.5210,22.0639,21.4510,31.1836,73.0709,71.1622,72.7812,1285.6650,47.0168,32.8680,57.8421,25.1776,56.1857,22.4091,24.0355,18.4923,8.9497,9.5425,52.6346,Zach Benson,F,17.6648,14.9149,27.8412,23.8605,38.7733,42.7526,63.6317,0.7232,14.0344,1.9086
8478440,WSH,1008.7529,272.5412,18.2528,129.9098,226.5146,18.3461,18.3893,34.2203,79.3491,60.9827,78.1719,1299.5469,14.4358,47.2017,66.8357,18.7460,32.2786,14.1456,12.3847,1540.1755,851.8074,688.3681,52.6096,Dylan Strome,F,16.6242,12.9954,23.9916,25.9922,41.9873,42.9863,62.9799,0.6730,14.1555,18.3664
8471215,PIT,863.5214,270.1333,26.2611,154.6669,232.6925,21.1021,19.5404,32.9985,74.4182,57.5227,65.3906,1159.9158,29.1912,30.8267,86.3287,30.5251,53.6287,22.8871,21.0679,477.7102,222.7649,254.9453,52.5389,Evgeni Malkin,F,17.7383,14.0584,26.1085,25.1035,41.1697,42.1743,63.2615,0.8035,12.6338,16.8955
8477505,SJS,1009.3004,318.8585,273.2209,111.3381,191.0389,14.7169,15.7638,37.7142,92.2676,100.6642,74.7031,1601.3798,33.2286,82.6659,58.1514,33.5916,18.1276,9.3120,20.3642,1290.9807,620.0779,670.9027,53.4780,Alexander Wennberg,F,21.4366,10.2581,21.5420,29.7348,46.1403,43.0701,64.6051,0.7159,14.1585,-8.3966
8477504,WPG,1385.1721,375.4003,102.2325,156.4372,336.4946,11.7358,13.5287,39.2294,111.5462,86.9769,77.8906,1862.8049,40.8917,107.3348,84.4254,26.4332,31.5932,15.8214,13.1359,0.0000,0.0000,0.0000,52.7581,Josh Morrissey,D,23.9157,9.1315,18.2629,30.4274,48.6838,42.6022,63.9034,0.6773,8.6480,24.5692
8479987,BOS,1042.2292,245.3376,22.9248,161.0780,290.9291,24.1031,23.2042,28.1061,83.1324,61.3794,72.8594,1310.4917,107.3533,35.3527,64.8781,22.6475,25.0632,12.3011,14.4351,215.2414,98.3221,116.9193,51.3103,Morgan Geekie,F,17.9866,16.8214,29.6848,20.7810,35.6246,41.5604,62.3406,0.7042,14.4056,21.7531
8475166,TOR,1130.3887,214.0576,33.6189,144.1197,269.8245,22.8044,22.6572,31.8314,72.2423,69.9717,76.9375,1378.0652,79.0022,32.2697,73.9562,22.9195,34.5619,16.6378,17.0513,977.9287,546.8736,431.0551,54.4886,John Tavares,F,17.9115,15.7659,29.4297,24.1753,39.9418,44.1455,65.1672,0.7082,15.7211,2.2706
8477955,SEA,932.6062,332.1799,16.3029,173.2516,292.0506,20.5617,22.1426,31.9403,78.0112,59.2396,72.8750,1281.0891,52.2108,37.3053,73.2036,22.4148,22.0625,9.3968,23.2347,110.9190,54.0778,56.8412,54.0829,Jared McCann,F,17.5793,15.6587,29.2295,24.0038,39.6585,43.8376,64.7127,0.7421,12.7806,18.7716
8476880,WSH,1035.8302,215.6048,198.5592,156.5089,271.7202,19.6274,21.2272,29.7896,81.0751,85.0476,76.8906,1449.9941,199.2147,59.4788,88.0412,21.0297,115.8014,29.8989,27.7819,49.0166,22.7261,26.2905,51.0168,Tom Wilson,F,18.8579,14.9986,27.9974,21.9942,36.9902,40.9921,60.9882,0.6635,13.5629,-3.9725
8482665,SEA,1175.3855,251.6785,36.6377,145.9059,272.9516,20.0602,22.1013,30.9869,79.1016,70.3804,78.5781,1463.7017,36.0266,60.2679,77.6616,22.9582,19.9161,9.2701,19.0330,998.6044,487.3561,511.2483,53.0882,Matty Beniers,F,18.6273,15.6536,28.2808,22.9580,38.6112,42.7858,63.6569,0.6756,15.1476,8.7212
8477964,VGK,1125.1860,147.8726,23.2960,138.2031,236.2165,20.0345,19.2150,30.8523,75.8179,54.2990,75.8438,1296.3546,132.2455,37.2702,84.4942,17.2566,22.1417,9.7421,17.5959,47.5808,19.8339,27.7468,50.0673,Ivan Barbashev,F,17.0924,13.7820,24.6106,23.6308,38.4001,40.3663,60.0572,0.6601,13.9035,21.5189
8474590,TBL,1244.0133,351.9419,105.8015,173.0419,362.2247,12.6047,10.8500,37.9496,114.6082,80.4908,69.9062,1701.7567,33.3459,115.6741,109.9080,36.0546,29.5907,13.5715,9.7057,0.8006,0.4048,0.3958,48.7997,John Carlson,D,24.3434,6.7628,15.4578,29.9432,46.3637,39.6041,58.9232,0.6981,6.2702,34.1175
8480015,PHI,999.8635,228.1166,47.2547,214.5059,397.2548,28.8849,26.5297,24.4272,76.1140,59.6732,76.3594,1275.2347,143.5978,49.2963,68.8393,25.9765,21.5812,9.1413,17.1795,33.0506,15.0121,18.0386,50.9569,Owen Tippett,F,16.7004,20.2228,33.3676,18.2015,31.3470,41.4577,61.6809,0.6673,12.3678,16.4408
8482097,BUF,913.0387,291.3555,14.5782,211.4273,360.4449,25.4360,23.2892,26.7877,79.2823,55.8801,73.5312,1218.9724,49.9941,26.8275,63.4313,15.1051,20.6149,10.2028,12.3096,10.8378,5.1993,5.6386,50.0769,Jack Quinn,F,16.5776,16.9020,29.8270,19.8852,33.8048,40.7642,60.6491,0.6810,11.0152,23.4022
8479345,WSH,1460.4969,253.4847,56.3558,157.3741,360.9752,12.3490,13.3876,36.8631,98.5422,86.6128,78.5156,1770.3374,56.0754,109.5809,98.0590,31.0812,59.7518,25.8145,13.1743,0.0000,0.0000,0.0000,50.2507,Jakob Chychrun,D,22.5476,8.9967,17.9934,28.9906,45.9850,39.9866,60.9795,0.6400,8.5069,11.9295
8482175,BOS,1036.4458,257.2956,16.0460,185.9153,351.0416,26.1680,24.4862,25.1973,84.2214,60.7046,77.2344,1309.7874,22.0197,20.4589,79.4910,20.9195,30.2015,11.9256,17.3088,20.3084,9.1395,11.1689,49.6835,JJ Peterka,F,16.9586,17.8105,31.6631,18.8012,31.6652,39.5801,59.3701,0.6433,13.1706,23.5168
8476454,EDM,981.9102,276.0227,82.5839,159.6351,268.4562,21.2220,19.0338,29.4940,95.9610,62.9195,71.0625,1340.5167,28.2871,34.1720,47.6889,21.3232,25.2107,11.6580,7.8755,473.3483,226.9105,246.4378,48.5278,Ryan Nugent-Hopkins,F,18.8639,13.7381,25.5136,22.5656,37.2823,39.2473,58.8710,0.6829,11.9233,33.0415
8478975,SJS,901.7581,354.8127,25.7398,140.6540,264.0990,21.8434,20.3403,29.9671,81.7395,60.9493,67.4531,1282.3105,96.3464,32.2501,85.6669,27.4585,61.8608,24.7101,19.4505,41.4711,19.6813,21.7898,50.3074,Mason Marchment,F,19.0104,14.3575,26.6639,22.5580,37.9385,39.9919,60.5005,0.7458,14.4612,20.7902
8481581,DAL,1457.0465,260.1009,121.6956,151.3843,326.2844,10.0869,10.5988,37.0098,110.2095,89.0088,74.3125,1838.8430,41.8000,139.3475,109.8034,32.8816,23.7088,12.0965,6.8834,0.0000,0.0000,0.0000,47.6085,Thomas Harley,D,24.7447,6.8004,14.5722,29.1407,45.6538,38.8554,57.3117,0.6407,7.0012,21.2007
8476389,UTA,975.4535,315.9355,153.2434,150.2891,261.3510,19.4258,17.1842,31.6526,91.7147,75.5844,76.1875,1444.6324,184.9876,57.2387,78.2630,26.7979,49.3149,20.1671,19.4592,1063.4227,605.1906,458.2321,48.8368,Vincent Trocheck,F,18.9615,12.0984,23.1887,24.1890,39.3072,39.3117,59.4715,0.6410,11.4341,16.1302
8474141,CHI,996.3639,225.6367,16.4542,157.4448,272.4988,19.2603,17.7670,33.5058,64.4412,61.6753,67.4219,1238.4548,22.1456,24.9776,73.8181,12.9914,17.3446,8.7724,10.2792,19.2970,9.6990,9.5979,51.2728,Patrick Kane,F,18.3687,11.7189,23.4377,25.5676,41.5474,41.5478,61.7891,0.7605,11.2846,2.7659
8477501,CBJ,991.0507,181.2925,148.5466,167.6202,288.7664,21.7254,20.1034,27.1012,78.5546,68.0131,72.5469,1320.8899,67.0814,30.5412,64.9592,19.5426,23.6990,9.8538,14.1071,7.9261,3.9588,3.9674,47.2046,Valeri Nichushkin,F,18.2074,14.7780,26.6004,20.6855,34.4758,38.4187,57.1355,0.6507,11.9934,10.5416
8477451,MIN,1104.1329,127.5543,17.4189,176.7574,339.5782,22.8138,20.8448,25.5345,73.0740,52.4908,72.7969,1249.1061,70.5578,70.1165,71.8777,23.2105,63.6669,21.3826,27.3971,853.2112,402.9050,450.3062,46.3793,Ryan Hartman,F,17.1588,14.5768,27.2101,19.4392,33.0466,36.9316,56.3692,0.6371,11.7929,20.5832
8481596,OTT,1011.9464,169.5725,203.9504,171.3393,293.8878,23.4968,21.8147,24.6088,82.2303,73.3066,76.1406,1385.4692,90.8706,52.9827,56.8273,26.5594,35.8883,17.2145,19.2303,1053.6334,524.4841,529.1494,46.4235,Shane Pinto,F,18.1962,15.5951,28.2661,18.5173,31.1870,37.0363,56.5291,0.6097,12.7319,8.9237
8482079,VAN,1009.4601,292.8509,20.7566,116.6798,199.4800,16.5616,18.4529,32.5811,75.3310,67.0895,71.0781,1323.0676,60.0805,39.2576,57.0904,20.1261,29.2133,12.1744,19.8526,867.7001,419.8090,447.8910,51.0340,Marco Rossi,F,18.6143,12.8846,24.6955,24.6931,40.7973,40.7987,62.2717,0.7180,15.8150,8.2415
8478178,TOR,1245.6848,316.8376,43.9296,187.0954,360.0726,12.5781,12.5538,37.0979,90.2346,81.1799,72.9062,1606.4520,58.7640,79.7523,71.1069,14.4929,40.6968,13.9574,9.2184,0.0000,0.0000,0.0000,49.6516,Darren Raddysh,D,22.0345,7.3576,17.8685,28.3752,46.2411,39.9371,60.9566,0.6810,6.7098,9.0547
8482667,OTT,1083.7288,149.8476,36.4788,156.5150,273.8924,18.9108,17.4804,28.5057,76.1304,54.5282,77.2031,1270.0552,55.7025,44.3927,57.3642,14.6797,27.0395,11.2104,18.7672,50.8336,21.0967,29.7369,45.9861,William Eklund,F,16.4508,11.6945,23.3891,21.4418,36.0613,37.0347,55.5520,0.5957,11.1685,21.6022
8473986,ANA,1016.0794,204.9366,256.1405,145.3553,246.6088,20.7254,18.6330,28.5673,84.5749,97.2628,75.3125,1477.1565,78.4296,31.2616,70.5564,19.4985,45.6171,18.6319,16.8297,105.9382,44.9145,61.0237,47.2003,Alex Killorn,F,19.6137,13.0392,25.0753,22.0609,36.0997,38.1088,57.1632,0.6267,12.8189,-12.6879
8483431,UTA,957.9286,250.4419,49.8483,137.9697,221.3631,19.9621,19.4860,27.7718,78.0467,57.8533,74.6562,1258.2188,64.4019,32.3991,79.2426,24.3864,34.3829,16.3757,20.3139,701.7845,307.7902,393.9943,47.2578,Logan Cooley,F,16.8535,14.1103,25.1970,21.1648,35.2746,37.2908,57.4481,0.6330,14.1234,20.1935
8478519,TBL,975.1274,92.1605,233.0012,147.5271,225.9134,18.0073,18.6445,26.6412,71.8392,73.1182,75.6250,1300.2892,44.2055,53.7995,56.4109,22.8873,36.3821,13.3020,18.5811,1254.3334,625.9167,628.4166,45.2857,Anthony Cirelli,F,17.1939,13.5279,25.1232,20.2904,33.8174,36.7171,55.0756,0.5988,12.6380,-1.2790
8482149,WPG,1091.6726,200.3652,11.7005,165.6999,294.3786,21.6987,21.5676,25.7662,72.4816,55.7303,77.2812,1303.7384,65.5498,40.3572,58.4314,21.8094,22.6177,11.1687,10.1779,56.0015,25.6877,30.3138,47.3338,Cole Perfetti,F,16.8700,15.2125,28.3966,19.2723,32.4586,37.5274,56.7982,0.6125,13.0160,16.7513
8478414,NJD,1074.0709,148.6559,19.3994,223.7606,407.7529,27.2594,25.0670,20.2955,75.1993,55.4835,78.0312,1242.1262,114.7849,46.0767,67.0293,20.9733,37.8993,12.1873,14.9738,97.3632,45.9564,51.4069,45.3625,Timo Meier,F,15.9183,18.4784,32.0941,14.5909,26.2636,35.9872,55.4398,0.5813,11.2026,19.7158
8477479,CHI,1092.9623,299.3786,17.0078,145.5976,235.5451,20.8101,20.2073,29.1979,76.8924,69.4694,77.6250,1409.3486,60.4282,31.0808,72.8210,22.2043,50.4852,14.6831,20.5929,110.4552,55.0787,55.3764,49.4051,Tyler Bertuzzi,F,18.1559,13.8461,26.6272,21.3020,37.2785,39.4085,60.7104,0.6365,13.8788,7.4230
8480064,BUF,860.6885,308.5157,16.3163,129.0997,216.0764,19.0269,17.6363,28.4452,78.7779,54.4570,71.4062,1185.5205,87.9893,44.5637,45.6030,16.4748,43.7082,16.2219,17.9270,782.7813,408.9811,373.8001,46.0815,Josh Norris,F,16.6025,11.9357,23.8713,21.8814,35.8058,36.8009,55.6987,0.6453,13.6610,24.3209
8474586,SEA,994.1781,210.4976,25.7499,134.6374,222.9311,17.7367,17.7992,29.0051,66.4041,58.5760,69.9688,1230.4257,41.2213,34.5545,50.9663,24.0733,22.0861,10.2720,11.3281,30.5507,14.5062,16.0445,46.8044,Jordan Eberle,F,17.5854,12.5236,24.0035,21.9166,36.5276,37.5711,56.3566,0.6689,13.2201,7.8281
8485406,PHI,909.5023,197.2601,23.3775,200.7491,317.0788,19.4216,19.2529,25.9835,67.3146,51.4476,67.1719,1130.1399,111.8481,31.1824,50.0953,14.9932,38.4153,14.5336,14.3999,42.0513,20.7685,21.2828,45.2364,Porter Martone,F,16.8246,13.1421,25.2734,19.2089,33.3628,36.2938,55.6033,0.6734,9.5905,15.8670
8480028,CGY,1071.2035,277.2586,21.2825,163.2295,293.7431,19.9767,20.9129,26.7560,73.9724,66.5662,76.2812,1369.7446,67.5353,50.4956,65.5354,25.6759,28.1391,13.7363,15.5854,1229.3427,674.1954,555.1473,47.6689,Morgan Frost,F,17.9565,14.9332,27.7331,19.1992,34.1319,37.3323,57.5984,0.6249,12.8119,7.4062
8475184,MTL,908.8424,223.9940,17.3237,129.2070,226.2930,19.1928,16.7978,26.3000,76.4980,52.2203,71.0000,1150.1600,68.5208,21.6422,52.8403,13.4051,25.5911,12.4409,7.0773,51.2818,22.6825,28.5993,43.0978,Chris Kreider,F,16.1994,11.6132,22.2587,19.3553,32.9039,33.8718,52.2593,0.6070,13.0007,24.2778
8482684,NJD,1377.5085,203.2305,105.9410,158.4148,339.1927,9.6209,9.4239,33.8705,102.0535,81.1189,72.8438,1686.6802,20.5831,62.2076,112.8811,30.9871,27.8836,13.9910,11.6690,0.4990,0.2488,0.2503,43.2944,Luke Hughes,D,23.1548,5.8364,13.6182,26.2613,41.8235,34.0432,52.5237,0.5943,5.9489,20.9345
8479999,BOS,951.5853,204.6876,15.8832,109.1505,187.6638,15.1375,13.9793,29.6480,73.0130,54.5446,74.4062,1172.1561,25.7679,26.3266,76.4676,17.2776,21.1965,10.4322,9.9633,389.1009,177.6991,211.4018,43.6272,Casey Mittelstadt,F,15.7535,8.9056,18.8008,21.7704,37.6033,34.6341,53.4355,0.5863,12.8073,18.4684
8477476,COL,955.9227,121.3355,102.7758,126.3864,227.5078,19.7250,18.2160,24.3815,70.9894,58.1092,71.8594,1180.0341,40.5932,30.8146,48.5761,13.2419,22.7275,11.0805,10.3587,16.7948,7.6441,9.1507,42.5975,Artturi Lehkonen,F,16.4214,12.5744,24.1815,18.3776,30.9518,33.8537,52.2315,0.5928,14.4129,12.8802
8482122,MIN,1524.8281,58.6036,214.9540,151.5943,309.4494,10.4323,10.2331,32.5439,90.9166,93.3706,78.7031,1798.3856,32.1671,120.1651,83.7418,24.7068,28.2077,11.1470,8.0208,0.0000,0.0000,0.0000,42.7770,Brock Faber,D,22.8502,5.8302,14.5755,25.2652,39.8413,34.0106,52.4734,0.5435,6.7503,-2.4539
8482110,NJD,1044.4396,146.9069,189.8097,153.3760,271.1950,21.2512,20.4434,22.2297,80.9611,74.4225,79.2500,1381.1561,33.5414,45.1937,67.5040,21.7463,25.5030,8.5171,10.2896,292.0551,123.2556,168.7995,42.6731,Dawson Mercer,F,17.4278,14.5914,27.2372,16.5356,28.2078,34.0452,52.5268,0.5385,13.3289,6.5386
8478469,OTT,1256.8824,209.3211,174.7374,142.0609,302.6445,9.1093,9.1952,33.5346,98.8854,81.0104,71.2031,1640.9410,46.6383,126.3689,80.4827,27.5705,27.7073,13.8140,10.4610,0.0000,0.0000,0.0000,42.7297,Thomas Chabot,D,23.0459,5.8485,13.6464,26.3134,41.9065,34.1112,52.6287,0.6001,6.4727,17.8750
8479675,LAK,1049.3396,94.2331,157.8062,211.1431,316.8055,20.2148,18.4378,25.0213,69.0418,70.9077,74.3125,1301.3790,70.9360,39.2756,56.2760,25.2641,17.7595,8.9839,12.7036,29.9476,13.3710,16.5765,43.4590,Trevor Moore,F,17.5122,12.9339,23.8780,18.9033,31.8372,34.8220,52.7304,0.5848,8.7324,-1.8659
8478038,COL,1267.3820,201.7016,263.8149,127.9436,241.1654,10.0195,9.5415,32.6170,105.0264,95.3840,71.3750,1732.8984,34.6493,93.9144,82.5582,32.6131,27.2874,13.6495,10.5158,0.0000,0.0000,0.0000,42.1585,Devon Toews,D,24.2788,5.8052,13.5455,25.1472,40.6224,33.8546,51.2656,0.5907,7.4576,9.6424
8482720,TOR,974.4989,190.5213,241.5400,112.2790,183.3085,16.9591,17.4222,28.3479,71.6267,90.8211,76.7344,1406.5602,154.1262,35.2226,62.1231,21.5485,40.7129,17.1882,19.1761,5.0082,2.3500,2.6582,45.7701,Matthew Knies,F,18.3302,11.5648,23.1295,21.0215,35.7366,35.7400,55.7124,0.5965,15.5169,-19.1944
8477495,FLA,1184.6150,219.8647,281.6432,111.4823,249.5770,8.0182,7.5722,34.8579,101.9228,96.5049,66.8594,1686.1229,72.8546,100.9285,93.8974,24.4010,29.0435,14.5063,8.7060,0.0000,0.0000,0.0000,42.4301,Seth Jones,D,25.2189,3.9041,11.7124,27.3166,42.9262,34.1486,51.7107,0.6346,6.7923,5.4179
8482145,NSH,1099.6573,175.3105,21.4309,139.6454,222.6193,20.1479,18.9090,24.7798,71.1915,62.6918,70.6250,1296.3988,76.1850,31.8806,56.1967,17.2291,20.0834,10.0968,18.3160,309.2554,141.2206,168.0348,43.6888,Mavrik Bourque,F,18.3561,13.2050,25.3942,18.2853,31.4914,34.5377,53.8382,0.6186,13.5407,8.4997
8477402,STL,970.2457,205.7459,154.6159,129.7020,234.0342,17.0584,18.4289,25.5291,71.1355,72.0388,74.5312,1330.6075,33.0390,32.5733,70.0099,19.4956,28.7323,12.2194,11.0019,213.2758,89.7665,123.5094,43.9580,Pavel Buchnevich,F,17.8530,12.2947,24.5894,18.4391,32.7807,34.8318,54.2966,0.5898,14.2087,-0.9033
8480802,BUF,995.6403,146.0396,245.6657,98.2556,171.4540,12.1739,13.1502,29.4452,74.8740,83.1640,78.9219,1387.3456,22.8889,35.5785,84.9217,31.7263,16.7152,8.5484,11.0525,1011.1736,508.9879,502.1857,42.5953,Ryan McLeod,F,17.5787,8.9516,17.9032,21.8761,37.7859,33.8112,52.7057,0.5397,13.3836,-8.2900
8478498,VAN,1079.3228,280.1575,52.2421,222.2292,345.1764,24.3183,23.4942,22.4194,77.2713,74.9273,75.4219,1411.7222,80.4611,41.8740,52.3302,15.9572,18.0395,9.1574,13.2208,34.8661,16.6134,18.2527,45.9137,Jake DeBrusk,F,18.7177,17.1745,31.1289,16.1003,28.9805,36.4949,56.8892,0.6088,10.5721,2.3441
8476456,CGY,936.8842,237.9578,118.2575,137.7430,237.5090,18.0042,18.4199,27.0902,68.0490,71.0583,71.8438,1293.0995,45.0451,42.7132,82.4502,19.0021,41.6529,15.5323,18.4224,32.8321,15.8178,17.0144,45.5102,Jonathan Huberdeau,F,17.9988,12.7984,24.5303,20.2600,34.1222,36.2578,55.4531,0.6335,13.3727,-3.0092
8479385,WSH,886.2887,186.3576,21.9447,155.0659,283.8343,19.3064,18.9004,23.7557,63.2904,52.2073,73.8438,1094.5909,22.9755,26.9944,63.0138,18.1155,14.4249,7.2936,12.3251,20.1022,9.0831,11.0191,42.6560,Jordan Kyrou,F,14.8231,12.9966,24.9935,16.9966,30.9938,33.9923,51.9882,0.5777,12.1886,11.0830
8476905,SEA,1085.7025,196.5086,218.5696,92.0255,162.4407,12.5790,12.2793,31.9232,75.9487,91.6843,79.9219,1500.7808,27.2567,49.4482,61.7821,28.3748,22.2541,9.2048,15.7207,1351.6077,713.4633,638.1444,44.2025,Chandler Stephenson,F,18.7781,8.3539,17.7520,24.0091,39.6672,35.4951,54.2867,0.5531,13.3433,-15.7355
8482745,STL,821.1312,309.8322,11.7503,169.4956,315.0714,21.2500,19.5773,23.7780,69.7952,50.2500,70.9844,1142.7136,82.0507,31.5846,49.1976,16.3389,51.8049,23.0428,19.9461,777.7776,391.3975,386.3802,43.3553,Mason McTavish,F,16.0981,14.3365,25.6009,17.4070,30.7182,33.7915,53.2472,0.6108,11.5503,19.5452
8476455,COL,813.1019,189.4678,20.5127,129.2850,221.8969,20.9691,19.4987,21.3630,70.6241,43.7732,63.3438,1023.0823,88.7933,33.3576,45.3635,15.9481,45.6499,18.0421,12.1099,236.5860,139.5247,97.0613,40.8617,Gabriel Landeskog,F,16.1513,13.5399,25.1456,15.4735,28.0458,31.9148,50.2900,0.6451,15.0820,26.8509
8475151,NYI,871.7567,227.3921,99.7892,167.0587,282.6781,20.8397,19.5360,23.5091,67.5508,62.6330,68.9531,1198.9380,52.4555,33.4783,50.7451,15.6022,20.2481,10.0191,14.5451,39.9746,18.7971,21.1775,43.0450,Kyle Palmieri,F,17.3877,14.2881,25.5144,17.3480,30.6141,33.6771,53.0669,0.6243,11.6941,4.9178
8475791,CAR,854.7593,145.7491,22.6027,124.8984,223.0755,18.2361,15.6689,24.7957,66.9492,45.4777,64.1406,1023.1112,44.4661,29.7879,58.8170,21.5859,35.4269,14.7038,17.2411,51.5178,24.0914,27.4264,40.4646,Taylor Hall,F,15.9511,10.5666,21.1333,18.2531,31.7027,31.7015,48.9933,0.6309,12.5453,21.4715
8475170,NYI,984.9357,258.9739,18.1603,128.0535,220.3332,18.8493,17.1499,25.7672,72.6787,56.9176,70.8125,1262.0699,163.8840,41.3307,56.0149,17.3177,55.5710,14.7389,11.4154,831.0525,425.0795,405.9730,42.9171,Brayden Schenn,F,17.8227,11.2254,22.4508,19.3900,33.6773,33.6769,53.0666,0.6061,13.3928,15.7611
8485391,CHI,966.4019,261.6406,12.5299,184.9182,313.5501,19.7236,18.5130,26.2487,67.5082,61.0174,74.2188,1240.5724,55.8196,53.0676,61.5696,18.1020,30.1811,13.0343,13.6876,748.5555,322.3338,426.2216,44.7616,Anton Frondell,F,16.7151,12.7839,24.5024,19.1749,34.0888,35.1547,54.3300,0.6031,10.0114,6.4908
8480220,PHI,869.6035,193.0946,154.3351,130.7829,219.8764,15.6441,16.0594,26.3498,70.3617,66.2303,74.3750,1217.0332,89.4601,46.8152,36.4096,23.2859,23.4015,8.1663,12.9553,1070.7693,484.3849,586.3845,42.4092,Noah Cates,F,16.3635,11.1226,21.2340,19.2081,33.3614,33.3638,51.5623,0.5702,12.2794,4.1313
8477989,PHI,956.6290,205.0824,135.5589,129.6825,231.2449,18.2938,16.6395,25.5372,74.8825,68.1528,74.7188,1297.2703,38.2392,52.2670,61.7717,19.0699,21.1044,9.5803,11.7706,1171.0841,636.9729,534.1112,42.1767,Christian Dvorak,F,17.3620,11.1233,22.2467,18.1996,32.3549,33.3675,51.5680,0.5645,12.8309,6.7296
8481617,EDM,1022.0302,210.2647,19.7147,167.1335,257.5063,19.6158,18.1344,22.3831,83.7206,52.8341,74.2656,1252.0096,238.9523,50.1618,56.7014,20.5288,58.5648,13.2734,12.6098,77.5881,32.1982,45.3899,40.5175,Vasily Podkolzin,F,16.8585,12.7520,23.5422,15.6950,28.4472,31.3899,49.0467,0.5456,10.8502,30.8865
8473512,OTT,887.2805,187.4332,59.9500,130.1697,207.1075,16.6775,14.9980,25.2523,72.7958,50.9919,75.4844,1134.6636,49.8514,25.9762,49.9857,18.6501,17.7783,8.8712,12.8368,874.4372,518.6117,355.8255,40.2503,Claude Giroux,F,15.0318,9.7467,20.4680,18.5186,32.1639,32.1640,49.7080,0.5332,11.5218,21.8039
8475722,BUF,778.5436,271.4714,14.5186,132.8188,228.7600,20.9505,18.8777,22.0074,70.4144,48.8205,67.4531,1064.5334,67.2146,23.1784,68.5577,15.0631,52.3165,14.0199,14.4706,99.6869,44.4089,55.2780,40.8851,Jason Zucker,F,15.7818,12.9220,24.8499,15.9040,28.8259,31.8078,50.6937,0.6061,14.2131,21.5939
8481606,OTT,1229.1736,164.1948,72.5243,122.7150,281.4893,10.3439,9.8735,30.1903,87.0538,65.2794,67.7656,1465.8926,66.0678,73.1822,72.0584,15.9538,21.6903,10.9624,3.7722,0.0000,0.0000,0.0000,40.0638,Jordan Spence,D,21.6318,5.8476,13.6443,23.3905,37.0349,31.1873,48.7301,0.5912,8.0459,21.7744
8478042,DET,792.0853,143.1334,21.8143,138.9451,254.5857,20.0328,18.6860,22.0254,55.4626,43.4063,62.1719,957.0330,26.4412,30.7303,55.5271,14.8851,26.1621,12.3330,11.8656,23.7765,11.1760,12.6005,40.7115,Viktor Arvidsson,F,15.3933,12.9886,24.9780,15.9873,28.9769,31.9733,49.9583,0.6548,13.4485,12.0563
8477015,NJD,938.2909,166.3853,121.2233,116.4705,217.9794,17.9406,15.6458,23.9850,75.7030,62.4100,73.9219,1225.8994,24.9593,35.1894,55.8745,23.3820,16.9092,6.8936,8.2503,34.4488,15.6361,18.8127,39.6309,Connor Brown,F,16.5837,10.7004,21.4008,17.5084,30.1533,31.1270,48.6359,0.5361,13.4333,13.2930
8481656,WSH,1096.8292,33.3174,178.3394,140.2745,254.0746,17.6633,17.9001,22.7625,60.0985,77.3932,78.5625,1308.4860,30.7930,40.5129,71.8577,23.3565,18.2032,9.1768,15.9439,78.3543,35.7983,42.5560,40.6626,Aliaksei Protas,F,16.6554,11.9955,23.9910,15.9944,29.9895,31.9884,49.9818,0.5176,12.7607,-17.2948
8483512,EDM,932.8299,154.0137,111.8090,163.1851,274.8418,21.6431,19.0528,20.8415,73.5774,60.2237,67.6406,1198.6526,17.6442,37.0304,53.1702,27.0196,24.6383,8.5764,12.3661,115.0966,53.1386,61.9579,39.8943,Matt Savoie,F,17.7209,13.7358,24.5282,14.7162,27.4702,31.3952,49.0550,0.5898,11.6756,13.3537
8473419,FLA,693.6903,211.4757,21.3637,128.1120,227.4546,17.8975,16.0882,23.5673,66.5099,42.1156,66.1406,926.5297,47.5202,21.0755,65.8330,15.3032,43.4944,18.2727,21.6561,11.4519,5.3469,6.1050,39.6555,Brad Marchand,F,14.0085,10.7291,21.4582,17.5561,30.2355,31.2113,48.7676,0.5996,12.5579,24.3942
8483493,CHI,924.8181,269.3170,51.6840,141.7472,252.6970,19.6694,19.2884,23.6717,68.4168,64.4717,75.3906,1245.8191,40.6241,44.3449,76.9335,21.8537,31.2472,12.4665,21.3243,971.0262,481.5144,489.5118,42.9601,Frank Nazar,F,16.5249,13.8503,25.5698,17.0457,30.8953,34.0921,52.2036,0.5698,13.6076,3.9451
8482092,OTT,999.2189,55.9027,205.8149,130.4400,242.4417,18.5063,18.4671,20.7895,65.5264,68.2751,74.5781,1260.9365,109.2728,46.5117,44.7927,19.5844,70.7953,24.4832,23.2096,602.6511,299.2127,303.4385,39.2566,Ridly Greig,F,16.9076,12.6697,24.3649,14.6186,27.2881,31.1867,47.7546,0.5264,14.1576,-2.7487
8481601,NYI,970.2468,147.2284,160.8642,113.0415,199.1932,17.6603,18.4867,22.2557,65.3969,72.5780,73.5625,1278.3394,21.1544,47.2282,52.7230,25.6115,15.0141,7.7531,15.8088,16.1524,7.2260,8.9264,40.7424,Simon Holmstrom,F,17.3776,13.2649,24.4891,16.3250,28.5688,32.6510,49.9968,0.5538,16.3539,-7.1811
8484860,CGY,905.9286,193.3540,12.5665,138.8674,238.9199,17.3819,15.9323,26.4629,57.6016,54.0132,64.8750,1111.8491,26.7029,47.6520,68.1211,16.1459,11.7708,6.9509,12.3897,41.3854,19.3362,22.0492,42.3952,Matvei Gridin,F,17.1383,10.6574,21.3148,19.1839,34.1048,33.0385,52.2222,0.6535,11.4730,3.5884
8482659,BUF,887.6866,192.0042,12.5418,134.3584,236.4508,19.8976,18.3073,21.1928,65.7725,50.3446,73.6562,1092.2327,65.8525,27.2366,49.7039,28.4636,18.8374,8.2882,14.5831,27.5679,12.7920,14.7758,39.5000,Josh Doan,F,14.8288,12.9252,23.8619,14.9151,27.8415,30.8232,48.7206,0.5363,13.6257,15.4279
8477497,CBJ,913.3951,122.8408,178.4153,127.7575,197.6151,19.0225,16.8310,21.9487,68.4102,66.4808,73.4844,1214.6511,38.7960,34.0305,54.3921,21.0681,15.4909,7.8628,10.1545,1188.0249,626.3392,561.6857,38.7797,Sean Monahan,F,16.5294,11.8252,22.6649,15.7660,28.5758,30.5473,47.2991,0.5277,13.1741,1.9294
8477496,BOS,961.6460,144.5896,129.2441,124.6377,236.4378,18.8766,16.1000,22.7399,70.0509,68.2281,72.7188,1235.4797,61.9017,55.4298,47.3909,18.3077,24.0507,9.8427,10.4480,1051.0215,573.5545,477.4671,38.8398,Elias Lindholm,F,16.9898,10.8830,21.7659,16.8207,29.6835,30.6718,47.4919,0.5341,12.9174,1.8228
8480797,CGY,1065.1599,145.2657,217.1964,158.0729,237.7535,17.5148,17.2169,24.6259,66.0636,87.0044,77.0469,1427.6221,68.4354,52.7863,72.4256,22.5065,36.5257,12.1395,17.4313,69.3896,32.7657,36.6239,41.8427,Joel Farabee,F,18.5293,11.7355,22.4041,18.1334,32.0002,33.0693,51.2041,0.5431,10.8917,-20.9408
8482146,NJD,860.1862,146.7032,16.6583,143.9262,227.2229,14.3826,13.4234,24.6881,64.4718,45.5950,69.2031,1023.5476,21.5286,18.6797,49.6540,18.1748,21.5713,9.0874,16.3341,3.4713,1.6994,1.7720,38.1114,Luke Evangelista,F,14.7905,8.7547,18.4822,18.4830,32.1021,30.1561,47.6661,0.5507,9.3266,18.8768
8476539,NSH,853.0154,235.1547,10.8539,135.5046,241.9108,17.7727,15.0824,24.6555,68.5455,51.9814,64.0781,1099.0240,72.9422,17.2858,66.9947,14.7288,30.7727,12.7157,11.4189,60.4228,26.0304,34.3924,39.7379,Jonathan Marchessault,F,17.1513,10.1554,20.3109,18.2788,31.4801,30.4653,48.7445,0.6201,11.1305,16.5642
8475172,COL,829.2590,181.7936,16.5400,146.0788,264.9302,20.4884,18.0083,19.7093,69.9448,43.7949,74.3281,1027.5927,36.3305,20.8053,55.2348,17.1505,33.2615,12.2575,21.4322,678.6077,323.6209,354.9867,37.7176,Nazem Kadri,F,13.8251,12.5744,23.2143,14.5086,26.1155,29.9848,46.4280,0.5074,12.3278,26.1499
8476906,CAR,948.3296,217.0573,20.4343,132.1021,280.2967,8.8714,8.1055,29.1647,82.1061,52.1802,65.5312,1185.8212,30.9835,63.7616,61.1034,21.2479,29.9143,11.4293,11.3365,0.0019,0.0010,0.0010,37.2702,Shayne Gostisbehere,D,18.0955,4.8042,11.5301,22.0961,36.5066,28.8218,46.1149,0.5687,6.1358,29.9259
8482475,PIT,863.0338,122.9604,19.7095,151.4317,282.7527,18.4314,17.9948,20.8666,55.9113,50.3732,63.4688,1005.7037,60.0170,30.8516,39.4722,13.8351,10.9907,5.8565,13.0222,13.2645,6.3730,6.8915,38.8614,Egor Chinakhov,F,15.8457,12.0504,24.1007,15.0653,27.1175,30.1284,48.2055,0.6123,11.8831,5.5381
8482089,STL,905.9745,244.6499,20.4399,113.9451,188.1874,16.0606,15.3624,24.0262,66.8899,52.4528,75.9062,1171.0643,157.4516,42.1251,47.3383,15.7469,41.2273,15.0482,17.4157,22.6670,10.4125,12.2545,39.3887,Jake Neighbours,F,15.4278,10.2411,20.4822,17.4095,30.7227,30.7229,48.1325,0.5189,13.4823,14.4370
8477447,VGK,1239.0806,119.5004,95.4516,118.6151,274.2051,8.2645,9.5006,28.3684,80.1793,66.3814,70.1719,1454.0326,4.5899,82.6375,84.2539,23.4608,22.2661,11.1330,7.6240,0.0000,0.0000,0.0000,37.8690,Shea Theodore,D,20.7210,5.9081,13.7855,21.6632,35.4489,29.5406,46.2803,0.5397,8.0096,13.7979
8476462,NJD,1165.4972,128.7497,139.0408,165.3808,343.9337,10.2158,9.6095,27.5230,81.8807,72.8482,67.9219,1433.2876,73.4082,76.3847,96.9977,15.8474,43.2901,20.6967,6.7102,0.0000,0.0000,0.0000,37.1325,Dougie Hamilton,D,21.1020,5.8359,13.6170,20.4237,35.0121,29.1774,45.7113,0.5467,5.8105,9.0326
8476399,MIN,901.3583,132.9819,182.9652,166.9935,279.8124,21.7795,17.7309,19.3709,70.9700,66.9051,70.8750,1217.3053,145.8068,48.3473,62.4254,24.1473,48.0105,19.6899,15.3198,40.9329,19.7334,21.1995,37.1018,Blake Coleman,F,17.1754,12.6346,23.3255,13.6056,25.2676,29.1559,45.6776,0.5235,10.6177,4.0650
8481598,STL,1325.0720,269.3624,171.3056,97.9927,222.8113,8.1060,8.5200,30.4020,94.4766,92.1835,75.7344,1765.7400,37.5426,103.5695,106.0474,24.3290,19.2966,10.0529,15.1530,0.0000,0.0000,0.0000,38.9220,Philip Broberg,D,23.3149,5.1225,12.2940,22.5307,37.8925,30.7260,48.1375,0.5139,8.6945,2.2931
8478397,VGK,1461.0625,121.0866,220.8148,167.9973,345.8474,11.1773,11.1596,26.2049,95.4106,91.2045,79.4375,1802.9639,34.1271,150.4033,97.2639,24.8839,58.7947,22.5461,17.7562,0.0000,0.0000,0.0000,37.3646,Rasmus Andersson,D,22.6966,6.8951,15.7602,19.6985,33.4875,29.5486,46.2928,0.4704,6.6427,4.2061
8484186,WSH,854.0973,196.5148,11.2186,152.8038,264.9920,17.5927,16.9479,20.9554,62.7146,49.6579,71.6094,1061.8308,121.5371,27.5952,63.2780,16.0443,48.4266,18.1998,23.6417,17.3644,8.6620,8.7024,37.9033,Ryan Leonard,F,14.8281,11.9956,22.9915,14.9961,26.9930,29.9907,46.9855,0.5293,11.0913,13.0567
8480068,ANA,885.3214,135.8291,255.1782,123.1413,214.5864,14.5004,14.0816,23.8423,68.9930,87.6531,72.2812,1276.3286,49.8747,90.5215,51.7105,18.0239,15.6754,8.0324,14.6714,1130.1523,567.2149,562.9373,37.9239,Ryan Poehling,F,17.6578,9.0290,19.0612,18.0534,31.0920,30.0919,47.1440,0.5247,11.4353,-18.6601
8479400,WSH,817.2850,167.3635,13.2914,99.3693,176.7013,12.7569,13.3989,24.1455,57.5841,47.0198,66.2344,997.9399,52.4584,33.0834,51.3640,12.1715,47.6633,18.6332,19.3068,1006.8843,486.6100,520.2743,37.5444,Pierre-Luc Dubois,F,15.0668,8.9985,17.9969,17.9981,30.9967,28.9963,45.9941,0.5668,13.4839,10.5643
8482259,SEA,985.4125,148.0193,16.5661,184.5747,315.1782,19.6257,19.9088,18.8389,58.4557,54.2978,67.9219,1149.9978,149.4135,27.1246,42.7052,17.7176,41.0683,12.5886,11.3926,28.3768,13.8212,14.5556,38.7477,Bobby McMann,F,16.9312,13.5613,26.0795,13.5638,25.0409,30.2548,47.9904,0.5705,10.7863,4.1578
8482157,NYR,1032.2189,103.6968,126.6398,158.8522,301.4792,18.9227,21.4905,16.1321,61.9870,66.6640,78.7344,1262.5555,285.8762,52.4487,54.2268,11.3967,57.3263,18.8289,15.2853,95.9761,44.6192,51.3569,37.6225,Will Cuylle,F,16.0356,15.1966,27.3538,11.1451,21.2771,29.3811,46.6045,0.4778,13.5286,-4.6770
8478500,CBJ,1504.0264,90.4816,361.0267,157.7572,322.9429,10.0397,9.4928,26.9134,101.4406,113.7322,80.4844,1955.5347,31.1549,130.0626,113.0788,26.8658,30.5161,14.4123,10.8923,0.0000,0.0000,0.0000,36.4062,Ivan Provorov,D,24.2971,5.9115,13.7934,19.7018,33.4931,28.5688,44.3309,0.4523,6.0174,-12.2916
8481553,MIN,899.4180,183.0142,9.0134,113.0987,221.2881,17.5054,15.1946,20.6543,71.4200,45.4156,73.1562,1091.4456,82.9389,34.9062,49.8063,15.3694,22.0927,10.7489,13.6722,45.9862,20.6944,25.2918,35.8489,Bobby Brink,F,14.9194,9.7179,20.4075,14.5778,27.2118,28.1830,44.7040,0.4900,13.4348,26.0044
8478407,SEA,1321.3669,213.2478,33.4820,164.0191,318.1600,9.0700,9.3745,29.1044,80.3600,75.2450,72.7344,1568.0968,27.3894,80.4172,86.5929,25.1052,56.3365,20.8975,14.3324,0.0000,0.0000,0.0000,38.4789,Vince Dunn,D,21.5592,5.2194,13.5704,21.9201,36.5335,30.2711,48.0162,0.5290,5.7155,5.1150
8478474,UTA,975.9376,86.6346,270.2837,141.6638,231.3196,18.9551,18.1367,18.8966,67.0848,82.1593,76.1094,1332.8560,204.8422,50.4997,59.6964,18.9599,43.0801,13.4730,13.4108,68.2466,29.1931,39.0535,37.0333,Lawson Crouse,F,17.5124,13.1056,24.1950,13.1031,25.1982,29.2327,46.3692,0.4866,12.8026,-15.0745
8484873,WSH,1038.9916,191.6289,20.3911,97.6660,210.6657,8.4347,8.0373,28.5325,70.5630,59.6003,66.6562,1251.0115,79.0243,66.2098,65.4091,23.9089,38.1142,15.7085,8.9197,0.0082,0.0040,0.0041,36.5698,Cole Hutson,D,18.7681,4.8982,11.9955,20.9923,35.9869,27.9897,44.9835,0.5486,8.2294,10.9626
8480865,MTL,1276.5660,124.0522,225.8371,138.0882,287.2934,8.9549,9.3411,25.5811,87.4930,92.9389,76.6562,1626.4553,54.6489,143.2609,90.4499,29.1922,30.9189,15.3293,11.0545,0.0000,0.0000,0.0000,34.9222,Noah Dobson,D,21.2175,5.8084,13.5529,19.3579,32.9084,27.1023,43.5573,0.4556,6.7646,-5.4459
8482713,SEA,866.2116,208.4638,16.6714,140.3823,264.9212,19.9037,18.3194,19.2109,60.5103,51.2277,68.4844,1091.3467,135.2797,33.4880,54.0308,12.0830,23.1929,11.2154,21.1776,11.4276,5.7008,5.7268,37.5303,Mackie Samoskevich,F,15.9357,12.5235,24.0035,13.5661,25.0451,29.2204,46.9614,0.5480,13.0497,9.2826
8477948,PHI,1449.3055,102.6412,288.7211,102.5252,219.7970,7.4453,7.6719,28.6212,89.4450,105.0218,75.6406,1840.6678,53.6156,138.5440,101.6202,31.4539,34.4051,17.0415,14.9493,0.0000,0.0000,0.0000,36.2930,Travis Sanheim,D,24.3344,4.0453,11.1245,21.2340,36.4011,28.3130,44.4919,0.4798,7.4829,-15.5768
8481554,SEA,848.4420,123.5754,17.3381,86.4028,158.6790,11.6695,12.7283,24.5041,49.9502,47.0740,67.7969,989.3555,40.3476,19.8729,47.9194,16.4893,25.9244,10.8615,10.6867,49.1900,24.7312,24.4587,37.2324,Kaapo Kakko,F,14.5929,8.3489,17.7414,17.7424,31.3101,29.1178,45.9206,0.5492,14.7313,2.8762
8474150,CGY,1100.4486,74.2144,260.2065,161.3933,286.8880,16.6077,15.2853,22.5758,60.8478,91.6780,77.7500,1434.8694,34.1451,35.1400,79.7811,30.3594,24.3736,12.0290,10.2306,1546.1627,775.9022,770.2605,37.8612,Mikael Backlund,F,18.4549,9.6025,20.2720,16.0021,29.8706,28.8053,46.9420,0.4870,9.4708,-30.8302
8482730,LAK,1113.8278,210.5951,33.7184,133.6230,273.2317,7.9494,7.7897,27.4299,83.1433,61.2449,67.6719,1358.1411,25.2478,135.8435,70.6867,20.8361,53.1192,21.9566,15.3945,0.0000,0.0000,0.0000,35.2196,Brandt Clarke,D,20.0695,3.9798,11.9393,20.8924,34.8206,26.8620,43.7751,0.5204,5.8296,21.8984
8475753,DET,1296.4558,197.2305,98.8149,136.2196,258.7658,9.8535,9.2771,25.8031,88.1136,78.6757,72.1094,1592.5011,66.4630,110.4161,76.2251,24.5484,37.8538,16.5806,5.8047,0.0000,0.0000,0.0000,35.0802,Justin Faulk,D,22.0845,4.9964,12.9906,18.9853,32.9745,26.9796,42.9675,0.4865,6.8104,9.4379
8484210,NYR,961.3478,137.0008,14.7012,120.5182,198.6784,14.5832,14.2817,21.0913,58.7060,50.3648,69.2031,1113.0498,37.5042,32.5011,54.2909,15.9853,17.0408,8.7319,9.5203,25.1295,12.1244,13.0051,35.3730,Gabe Perreault,F,16.0838,9.1167,19.2463,15.1977,27.3558,27.3535,43.5629,0.5111,11.8502,8.3412
8475726,SJS,704.6030,234.3354,14.9993,134.0082,238.7020,18.7669,15.2671,20.0564,58.4183,45.2308,71.0938,953.9377,41.4883,21.9437,45.0958,14.0467,10.5887,5.4740,9.5712,29.7803,14.0949,15.6854,35.3236,Tyler Toffoli,F,13.4180,10.2543,20.5086,14.3558,26.6607,27.6863,44.0931,0.4969,11.3927,13.1875
8482159,PHI,812.2827,176.7272,83.8280,140.4101,227.5690,17.3160,17.8795,16.6652,62.8182,53.8312,62.9375,1072.8379,63.3618,41.5975,35.0210,17.1869,35.8328,12.9295,12.9706,6.9687,3.4394,3.5293,34.5446,Tyson Foerster,F,17.0461,12.1343,24.2686,11.1225,22.2450,26.2904,42.4691,0.5489,12.7337,8.9870
8477511,NJD,754.4510,160.5181,14.9109,117.0431,197.0390,16.2532,14.0430,18.9885,61.2196,41.4234,64.5469,929.8801,43.4053,29.9638,50.9249,14.0985,30.0553,11.8374,11.7475,38.1154,16.9002,21.2152,33.0315,Anthony Mantha,F,14.4063,9.7269,18.4811,13.6177,25.2900,25.2899,40.8530,0.5117,11.9982,19.7962
8476882,CHI,874.4026,239.8433,170.6516,105.3264,185.9231,12.4287,11.3580,24.5423,67.5724,76.7985,75.7812,1284.8976,22.5500,34.5766,71.1512,21.3914,10.6625,5.7178,7.3518,160.1191,73.7272,86.3919,35.9003,Teuvo Teravainen,F,16.9553,6.3932,15.9831,18.1088,31.9566,27.6984,44.7436,0.4737,10.7836,-9.2260
8480748,SJS,932.8766,117.2208,69.4562,146.1853,269.1781,17.1437,16.2659,18.2739,56.4087,58.7570,68.4844,1119.5536,335.0320,28.6382,56.4572,23.0497,43.1663,16.0376,18.9652,42.1624,19.9191,22.2433,34.5398,Kiefer Sherwood,F,16.3476,11.2796,21.5337,12.3068,24.6136,26.6629,43.0708,0.5043,11.1269,-2.3484
8476923,CBJ,1210.9971,117.5999,109.6595,93.9350,202.4848,7.1163,6.9816,26.1451,79.6513,68.7807,66.4219,1438.2566,39.1973,88.8099,83.4884,28.0556,49.1045,21.2263,8.4593,0.0000,0.0000,0.0000,33.1266,Damon Severson,D,21.6534,3.9402,10.8356,19.7013,33.4922,25.6116,41.3726,0.4987,7.4323,10.8706
8481580,STL,952.6305,125.9555,167.0820,126.3164,210.9057,16.3187,14.1530,20.2584,62.3519,69.6232,76.6094,1245.6680,41.3686,38.0116,56.2959,22.0919,36.2157,15.1328,11.3854,477.6644,212.6300,265.0344,34.4114,Connor McMichael,F,16.2600,9.2161,19.4563,14.3338,26.6199,26.6217,43.0043,0.4492,11.2044,-7.2713
8477986,SEA,1480.5483,170.0227,54.3115,201.0421,375.5937,10.6661,10.5135,24.5330,82.4595,84.1062,74.1719,1704.8826,81.2718,87.9492,91.8449,25.9028,58.6366,22.7090,13.3322,0.0000,0.0000,0.0000,35.0465,Brandon Montour,D,22.9856,6.2628,14.6132,17.7461,31.3166,27.1403,43.8420,0.4725,5.2295,-1.6467
8484158,TOR,964.8519,160.7346,26.8001,94.5552,175.1894,13.0526,12.2962,22.8758,58.8938,58.4865,68.7969,1152.3866,85.6281,37.9846,79.1670,16.7519,50.1173,15.9394,17.6277,8.0034,3.8319,4.1715,35.1720,Easton Cowan,F,16.7506,7.3572,16.8165,16.8174,29.4304,27.3277,44.1447,0.5112,13.0043,0.4073
8484221,NYI,778.2007,208.8375,9.8170,100.8767,166.4550,13.3535,12.2961,21.5073,57.6854,44.4720,61.1562,996.8552,24.0641,36.2573,55.8472,12.8013,24.1754,11.2678,11.5353,347.8140,137.1676,210.6464,33.8034,Calum Ritchie,F,16.3001,8.1618,17.3438,15.3033,27.5460,26.5258,41.8292,0.5527,12.1892,13.2134
8478438,PIT,884.4185,122.8085,18.6848,118.9885,192.4874,16.3730,14.1237,19.0900,56.7400,51.2636,67.5625,1025.9117,11.2919,31.4476,51.5777,21.7288,14.5474,7.3985,9.6812,515.0475,225.9339,289.1135,33.2137,Tommy Novak,F,15.1846,9.0366,19.0773,13.0551,25.1061,25.1042,41.1709,0.4916,11.8698,5.4763
8485414,PIT,808.4229,138.5154,80.5485,132.9824,238.4774,17.9927,16.6326,16.3483,57.8908,56.7032,72.4844,1027.4868,28.6001,46.8602,65.4201,20.0326,18.1557,8.9991,14.2187,690.3146,308.2595,382.0551,32.9809,Ben Kindel,F,14.1753,11.0484,22.0968,11.0489,22.0978,25.1105,41.1812,0.4550,12.5074,1.1876
8484471,DET,1008.0330,79.0920,86.5010,97.9243,176.3016,16.1440,14.2947,18.5209,58.2383,59.7227,77.5781,1173.6260,119.8605,38.0470,64.6766,20.9883,9.6100,5.7449,18.1775,118.1444,55.3789,62.7655,32.8156,Emmitt Finnie,F,15.1283,8.9938,18.9869,12.9931,23.9872,24.9849,40.9753,0.4230,14.5977,-1.4844
8475314,UTA,958.8166,145.2211,19.4221,161.0573,261.4530,20.3041,17.0556,16.0297,63.1908,49.2364,76.4062,1123.4597,93.8033,34.3030,49.7075,11.9967,40.9407,12.8374,11.8544,74.4585,37.7348,36.7237,33.0853,Anders Lee,F,14.7038,12.0916,22.1679,11.0860,21.1643,25.1931,41.3167,0.4330,10.5898,13.9544
8484911,SJS,903.2989,37.2500,255.9548,113.3122,180.4550,15.5359,15.4297,18.0312,53.1519,81.1330,71.3750,1196.5037,74.2351,41.2594,48.8054,24.9292,14.7549,7.6935,12.0747,23.4432,11.0561,12.3872,33.4610,Collin Graf,F,16.7636,10.2555,20.5109,12.3044,23.5835,25.6363,42.0436,0.4688,13.6170,-27.9812
8481721,NJD,838.9304,121.1693,10.8691,145.8719,237.1389,13.3898,12.1232,19.5179,59.3019,43.0030,70.6094,970.9689,56.0120,21.3597,45.0950,19.8806,25.4345,11.7520,10.7438,16.3451,7.8828,8.4624,31.6411,Arseny Gritsyuk,F,13.7513,7.7812,16.5351,13.6191,25.2926,24.3185,39.8824,0.4481,8.3108,16.2989
8475794,DAL,673.7004,97.9674,20.2028,85.3946,158.8021,13.9530,13.8872,17.4239,46.3277,36.0211,60.2969,791.8706,32.3242,16.7256,37.6864,9.3467,13.7825,6.8338,6.4392,379.5462,197.9251,181.6212,31.3111,Tyler Seguin,F,13.1329,8.7376,18.4460,11.6523,23.3045,24.2736,38.8377,0.5193,16.2623,10.3066
8480336,CAR,1231.7876,42.9618,211.6936,154.6070,310.2617,7.7821,7.2183,23.7505,80.0248,79.2756,73.2188,1486.4430,107.0140,101.4993,71.9513,30.7743,49.9197,23.2356,9.9096,0.0000,0.0000,0.0000,30.9688,Sean Walker,D,20.3014,3.8435,10.5695,17.2940,30.7449,24.0199,38.4319,0.4230,4.6688,0.7492
8473533,CAR,859.1752,87.7009,193.9291,104.7277,189.7423,15.1107,13.6610,17.2554,65.9209,63.0815,68.1719,1140.8052,145.3500,41.0690,46.5905,13.6802,28.0106,11.2902,11.1989,1333.8021,727.4937,606.3084,30.9164,Jordan Staal,F,16.7342,8.6501,18.2613,11.5312,23.0624,23.0644,38.4407,0.4535,13.0443,2.8394
8477429,DET,911.7756,73.1157,138.4547,97.9987,170.9197,12.8038,11.8395,20.1026,55.3686,62.6858,67.2812,1123.3461,33.1050,47.8751,59.6609,19.0669,19.8271,9.8330,10.5969,861.4095,454.6138,406.7957,31.9420,Andrew Copp,F,16.6963,6.9956,15.9899,13.9916,25.9843,23.9853,39.9755,0.4748,12.0812,-7.3172
8480817,CAR,1300.5371,42.9309,214.4097,124.4094,259.5822,6.5172,6.0984,24.5522,83.7127,82.5112,75.1094,1557.8777,96.3521,89.0587,79.3193,39.8869,40.7541,18.0740,10.1106,0.6660,0.3262,0.3399,30.6505,K'Andre Miller,D,20.7415,2.8828,9.6093,18.2555,31.7070,23.0602,38.4336,0.4081,4.9018,1.2016
8481522,BUF,1012.7269,50.4763,26.0638,105.0512,178.7562,10.7662,10.4485,21.2514,54.8862,51.8664,75.9062,1089.2671,163.5643,33.7164,49.6216,15.2806,66.8520,17.2013,19.6340,423.5242,201.3048,222.2194,31.6998,Peyton Krebs,F,14.3502,5.9637,14.9092,14.9124,27.8365,24.8522,39.7636,0.4176,9.9461,3.0197
8482705,CBJ,985.6245,30.2543,58.6556,121.9890,212.6320,15.8441,13.3898,17.8692,55.2647,49.2484,75.5469,1074.5344,92.8953,40.3523,51.4953,21.8292,35.2626,12.8872,9.2356,271.8567,125.7279,146.1288,31.2591,Cole Sillinger,F,14.2234,8.8633,18.7114,12.8062,23.6422,23.6393,39.3989,0.4138,10.9762,6.0162
8483808,PIT,755.8725,184.2388,16.1720,96.8482,200.6339,15.6489,14.3253,17.4533,58.5173,47.1786,67.3125,956.2833,20.7561,19.9608,52.4474,15.8249,15.5253,7.7300,15.2527,3.3692,1.6945,1.6747,31.7786,Andrei Kuzmenko,F,14.2066,10.0390,19.0741,12.0468,23.0897,24.0937,39.1522,0.4721,14.7915,11.3387
8478458,TOR,874.7119,175.6439,17.4683,125.0142,223.5451,17.1674,15.5550,17.7035,56.8109,53.3326,70.7188,1067.8241,36.3096,26.3859,59.0685,16.0263,15.5422,7.8449,12.1981,213.3813,108.2548,105.1265,33.2584,Jack Roslovic,F,15.0996,10.5102,21.0204,11.5620,23.1239,25.2253,42.0421,0.4703,12.4426,3.4783
8484999,WSH,710.8690,182.5183,10.1618,109.0414,160.4913,11.5420,10.8242,20.8025,54.6808,42.3372,64.3906,903.5491,29.6771,29.7087,41.3569,14.5577,27.4890,10.3426,10.6303,525.0660,253.0950,271.9710,31.6267,Ilya Protas,F,14.0323,6.9974,14.9944,14.9957,26.9922,23.9923,39.9872,0.4912,9.9267,12.3435
8478856,CBJ,865.7442,107.2493,20.4252,121.9328,219.4287,15.6925,13.5593,17.4974,57.4733,42.5038,74.1250,993.4187,36.3293,30.1602,45.5466,19.5571,31.2811,9.9193,16.9527,24.2241,11.4510,12.7732,31.0567,Conor Garland,F,13.4019,8.8649,18.7147,11.8223,23.6445,23.6425,38.4191,0.4190,11.1203,14.9696
8483489,BOS,928.9849,81.9743,120.9495,121.3372,201.0220,15.2147,14.6199,16.3033,59.6637,62.9089,71.5938,1131.9087,130.3544,42.7843,42.6164,20.4328,19.0274,9.5043,11.1568,673.7733,325.5810,348.1923,30.9233,Fraser Minten,F,15.8102,9.8942,19.7884,10.8842,21.7685,23.7469,38.5886,0.4319,12.0490,-3.2452
8479351,DAL,879.2797,20.8096,199.8580,90.2056,144.2445,12.8062,11.9738,18.3454,53.1124,62.9122,76.1250,1099.9474,68.5029,28.7306,45.7266,16.7045,28.4080,12.2571,16.8677,252.4584,125.8806,126.5778,30.3192,Sam Steel,F,14.4492,7.7731,16.5179,12.6303,24.2890,23.3182,37.8921,0.3983,13.2739,-9.7998
8484994,SJS,801.8851,131.3028,16.6162,105.7686,171.7932,14.0713,13.5498,18.4234,50.3401,45.4752,62.1875,949.8041,41.8848,30.3415,49.5323,12.9727,18.3977,8.7889,10.2421,6.4695,3.2978,3.1717,31.9731,Igor Chernyshov,F,15.2732,9.2274,18.4549,13.3310,24.6111,24.6092,39.9900,0.5141,12.8108,4.8649
8483500,BUF,879.0199,111.8474,10.9685,86.6525,171.0855,10.6359,10.5349,20.3925,55.5935,46.3438,70.5781,1001.8358,9.5742,34.3964,44.5149,18.4288,19.4273,9.4089,11.0436,273.3685,104.4013,168.9672,30.9273,Noah Ostlund,F,14.1947,5.9632,14.9080,14.9099,26.8378,23.8547,38.7639,0.4382,12.1576,9.2497
8483450,CHI,1024.6814,122.9211,165.0139,108.8328,182.1386,14.7453,15.2077,17.8835,59.1131,78.9485,77.5938,1312.6165,49.7613,38.4662,55.0183,20.4265,16.6615,8.8098,14.5788,921.1298,422.1651,498.9647,33.0912,Ryan Greene,F,16.9165,9.5887,20.3494,12.7833,23.4361,25.5682,41.5484,0.4265,13.9735,-19.8354
8479619,UTA,873.5780,101.8074,15.2863,130.2256,243.3025,16.2040,14.4826,16.8051,53.5215,43.3178,72.7188,990.6716,120.7282,20.4838,49.4296,13.6151,36.8629,11.1434,13.9041,26.3154,12.7081,13.6073,31.2877,Michael Carcone,F,13.6233,10.0736,19.1398,11.0842,22.1685,24.1804,39.2932,0.4303,11.1211,10.2036
8481711,NYI,858.4083,116.2825,12.6761,99.5699,165.7080,12.4614,11.2611,20.4086,50.9225,44.6385,70.7031,987.3668,20.3924,17.7874,65.3538,13.9449,11.9044,6.1546,9.1167,10.4460,5.0067,5.4393,31.6696,Matias Maccelli,F,13.9650,7.1421,16.3248,14.2863,26.5317,24.4895,39.7955,0.4479,11.3097,6.2840
8484258,COL,1164.2117,59.6325,91.8997,142.7700,329.7266,8.1043,7.7109,22.1895,72.2735,62.8649,66.4375,1315.7439,45.9655,92.6021,70.8879,22.5979,21.2558,10.6444,6.7454,0.0000,0.0000,0.0000,29.9004,Sam Malinski,D,19.8042,3.8676,11.6027,16.4391,29.0102,22.2404,37.7121,0.4501,5.4009,9.4086
8478882,NYR,1413.0210,79.3202,295.5084,113.6144,250.1131,7.1866,7.0971,23.9361,81.4832,104.5438,77.0469,1787.8496,45.6289,107.5719,87.3752,21.9310,36.8327,16.8654,8.7038,0.0000,0.0000,0.0000,31.0332,Vladislav Gavrikov,D,23.2047,4.0533,11.1465,17.2242,30.3957,23.3040,38.5023,0.4028,6.2466,-23.0606
8477987,CHI,981.2219,170.0076,14.6668,133.2138,252.9125,14.9351,15.1809,17.2998,57.2637,58.4225,76.0781,1165.8962,84.4886,22.0121,52.2477,22.5387,37.7381,12.9881,17.7041,450.2700,219.6693,230.6007,32.4807,Ryan Donato,F,15.3250,9.5881,20.2416,11.7197,23.4395,24.5040,40.4849,0.4269,11.3959,-1.1588
8483525,MIN,847.4885,130.8380,28.7814,88.2407,171.6487,15.4788,12.9853,16.5931,61.7249,43.7152,68.4688,1007.1079,65.0424,41.2931,47.6715,16.4561,29.2666,13.2787,14.2925,661.1010,275.3362,385.7648,29.5784,Danila Yurov,F,14.7090,8.7468,17.4935,11.6634,22.3548,22.3539,36.9325,0.4320,14.7158,18.0097
8481068,CGY,916.6834,75.0600,153.5604,133.9070,243.7122,14.7813,13.4876,18.8522,49.8818,68.5516,77.3438,1145.3038,17.9259,30.2112,52.4110,16.3473,9.9355,5.3199,9.7351,173.6211,76.9268,96.6943,32.3398,Yegor Sharangovich,F,14.8080,8.5329,18.1324,12.7995,24.5324,24.5322,40.5315,0.4181,10.0724,-18.6698
8478020,OTT,1030.8151,18.7171,173.6536,95.3818,154.8729,13.4223,12.7151,16.6929,60.4038,64.0175,76.7188,1223.1858,100.8435,46.0509,57.6263,26.8428,20.5984,10.2075,16.8942,55.9713,26.8602,29.1110,29.4080,Michael Amadio,F,15.9438,7.7964,17.5419,11.6951,22.4156,22.4152,37.0337,0.3833,13.3308,-3.6137
8479353,VGK,922.4217,78.0946,96.4414,87.4756,151.9871,14.2723,12.9668,16.7373,58.8453,52.1898,69.5469,1096.9576,116.3177,38.2290,52.4913,18.4508,43.1635,16.9809,17.1582,533.5003,267.7865,265.7138,29.7041,Brett Howden,F,15.7729,8.8625,17.7251,11.8177,21.6659,22.6498,37.4214,0.4271,14.8233,6.6555
8477950,NYI,1089.5726,120.7544,26.2298,117.3844,224.7561,7.4158,7.0428,23.7071,62.1608,56.9360,64.5781,1236.5569,26.9879,62.7058,74.1604,15.4858,34.8070,10.5210,5.7417,0.0020,0.0010,0.0010,30.7499,Tony DeAngelo,D,19.1482,4.0802,10.2004,17.3429,30.6051,23.4632,38.7654,0.4762,5.9998,5.2248
8482660,CBJ,737.4785,143.6261,13.3439,108.4076,198.1705,14.3035,13.4536,16.2004,55.3535,37.8744,71.2656,894.4486,11.6636,28.1781,44.8849,13.7283,16.1910,7.9666,6.5757,16.2837,7.8436,8.4401,29.6540,Kent Johnson,F,12.5509,8.8647,18.7143,10.8355,21.6710,22.6552,37.4303,0.4161,12.4102,17.4791
8482088,WSH,735.3734,164.2386,10.0222,87.2136,153.9414,11.9693,11.4033,18.5950,53.3525,42.6101,62.0312,909.6342,77.5433,31.3202,43.8565,15.6957,27.0465,11.0627,18.2685,702.5091,322.9747,379.5345,29.9983,Justin Sourdif,F,14.6641,6.9989,15.9975,12.9994,23.9988,22.9979,37.9966,0.4836,13.0752,10.7424
8483464,DET,867.5938,88.4423,78.1809,123.9165,197.8192,16.5964,14.9540,14.8626,53.2428,52.7201,74.4844,1034.2169,157.0872,42.1168,48.2686,12.2951,31.2540,9.9509,11.7728,455.9891,222.0079,233.9812,29.8165,Marco Kasper,F,13.8850,9.9926,19.9851,9.9942,19.9884,22.9848,36.9755,0.4003,12.0678,0.5226
8482671,BUF,1394.5719,44.2299,234.4653,114.4711,214.8158,6.7152,7.0444,22.5331,80.8074,95.6195,74.7812,1673.2671,27.4750,96.2491,78.2057,21.2198,20.3915,9.1974,6.0767,0.0000,0.0000,0.0000,29.5775,Owen Power,D,22.3755,3.9775,10.9381,16.9022,28.8331,22.8683,37.7824,0.3955,6.1539,-14.8120
8473994,DAL,730.5480,103.8016,25.8180,79.8781,140.6867,12.1313,11.5360,17.0910,49.9040,39.4724,68.6719,860.1677,80.3898,28.6565,42.3303,13.0889,44.0979,15.6292,9.5579,193.3308,103.5676,89.7632,28.6269,Jamie Benn,F,12.5258,7.7688,16.5087,11.6549,22.3386,21.3661,35.9338,0.4169,14.4420,10.4316
8480459,STL,840.8813,41.9637,184.8738,99.4537,177.0195,13.6305,13.9476,15.9550,49.1992,63.5934,71.3594,1067.7189,45.1182,28.1362,37.3559,15.9588,18.0017,8.9226,9.3799,580.5288,274.2954,306.2335,29.9025,Pius Suter,F,14.9626,9.2173,19.4588,11.2645,21.5050,22.5301,37.8915,0.4190,14.0242,-14.3943
8477456,DET,964.1719,62.8244,172.7670,89.1236,149.0726,13.1500,11.8104,17.3432,57.5455,69.6658,75.8438,1199.7633,26.6607,49.1403,48.8204,13.1334,25.8849,9.4181,15.4370,944.2473,455.8336,488.4137,29.1536,J.T. Compher,F,15.8189,6.9954,15.9895,11.9925,22.9857,21.9860,36.9764,0.3844,13.2517,-12.1203
8477932,FLA,1210.5242,104.6144,240.1878,97.3745,210.0296,6.2063,5.5604,22.5080,82.8906,87.7095,71.3594,1555.3265,84.8508,89.6361,67.9574,20.6262,61.6091,25.9428,12.8055,0.6712,0.3300,0.3412,28.0684,Aaron Ekblad,D,21.7957,2.9266,8.7799,16.5807,29.2601,21.4583,35.1136,0.3933,5.7103,-4.8189
8477346,UTA,1249.3337,113.5496,127.4208,119.4338,271.5612,6.8763,6.7965,22.1718,77.0042,75.0619,74.1875,1490.3042,139.5918,136.9987,104.0183,28.5989,47.2377,16.4480,7.3298,0.3140,0.1549,0.1591,28.9683,MacKenzie Weegar,D,20.0883,4.0320,10.0801,16.1277,28.2234,22.1757,36.2875,0.3905,5.6906,1.9423
8480188,OTT,805.5083,98.7702,17.3139,122.8338,225.2343,15.5878,13.8532,14.1475,54.3775,38.8117,74.5156,921.5925,115.0685,37.3245,36.7961,15.2032,15.0972,7.0778,12.3202,24.2484,11.5855,12.6630,28.0006,Fabian Zetterlund,F,12.3678,8.7707,18.5158,9.7467,19.4934,21.4411,35.0855,0.3758,11.2780,15.5658
8478055,FLA,1268.7622,52.4056,205.0702,112.6771,242.9461,5.8840,5.4577,22.4350,75.9891,83.5279,72.2344,1526.2380,52.1744,79.7307,60.9300,26.1139,31.9442,12.0420,8.2493,0.0000,0.0000,0.0000,27.8927,Gustav Forsling,D,21.1290,2.9264,8.7793,16.5828,29.2638,21.4602,35.1167,0.3861,4.8437,-7.5388
8482142,PHI,1103.0049,220.0041,29.1106,96.3655,202.6078,7.0344,6.2003,22.4698,78.6948,61.6199,65.2656,1352.1196,15.9505,82.1931,54.7789,15.4299,24.6604,9.6744,6.0530,0.0000,0.0000,0.0000,28.6702,Jamie Drysdale,D,20.7172,3.0339,10.1131,16.1787,29.3240,21.2352,36.4032,0.4393,6.4342,17.0749
8474563,LAK,1278.5389,86.7739,170.9207,101.9639,219.2418,4.6658,4.4591,23.2977,79.4326,81.7884,68.1875,1536.2335,50.8801,80.9774,79.3874,16.9472,36.4881,17.9022,6.8670,0.0000,0.0000,0.0000,27.7568,Drew Doughty,D,22.5295,1.9900,6.9649,16.9129,29.8462,20.8927,34.8212,0.4071,4.3732,-2.3558
8475200,SJS,1203.2175,154.7424,47.5773,88.9242,203.4111,5.9105,5.0559,23.5262,71.2665,69.8951,70.1719,1405.5372,93.5010,61.9491,80.4084,18.5578,33.4330,15.2079,13.0551,0.0000,0.0000,0.0000,28.5821,Dmitry Orlov,D,20.0299,2.0510,8.2041,17.4345,30.7668,21.5366,35.8943,0.4073,5.6856,1.3714
8481624,TBL,950.8458,26.9219,167.0776,119.9650,188.1245,15.2471,12.2456,14.4782,58.8670,61.5959,77.8906,1144.8453,30.8784,20.5099,50.9323,17.8844,13.7038,7.0217,11.0554,12.9178,6.0401,6.8777,26.7238,Ilya Mikheyev,F,14.6981,7.7271,17.3861,9.6597,19.3194,20.2847,33.8078,0.3431,10.2076,-2.7289
8477416,NYR,811.5227,177.7499,16.6082,124.7852,194.8537,15.5796,12.9346,15.0738,58.1141,45.7377,73.6562,1005.8808,69.9205,28.6659,47.3904,18.2685,14.2936,5.9347,10.8769,21.7533,10.1281,11.6252,28.0083,Oliver Bjorkstrand,F,13.6564,8.1048,18.2358,10.1321,20.2641,21.2764,35.4606,0.3803,10.3655,12.3765
8480185,FLA,940.1526,47.9849,116.0676,94.9070,164.8661,11.4011,11.0122,15.9465,56.0854,57.7572,76.1562,1104.2052,122.7122,47.8470,43.6492,19.4598,26.4126,12.7554,17.6102,180.3748,83.8236,96.5511,26.9587,Eetu Luostarinen,F,14.4992,6.8274,15.6054,10.7299,21.4598,20.4834,34.1390,0.3540,11.6032,-1.6718
8476448,VGK,693.5956,54.2668,110.4281,107.1960,179.6306,11.8584,12.4068,14.6761,45.3926,43.4186,57.4531,858.2906,22.3041,33.6436,49.7236,14.2448,12.0061,4.8350,10.0606,581.1589,325.4083,255.7506,27.0829,William Karlsson,F,14.9390,7.8738,16.7317,9.8428,19.6856,20.6693,34.4488,0.4714,11.5739,1.9740
8482655,TBL,1324.0918,33.3296,181.8136,108.3263,234.6020,5.3161,5.1011,21.1276,79.2905,79.2639,73.5625,1539.2350,54.8455,89.3526,70.4380,22.3189,45.9821,15.5873,14.3944,0.0000,0.0000,0.0000,26.2286,J.J. Moser,D,20.9242,2.8978,7.7274,15.4561,27.0481,19.3198,33.8096,0.3565,4.7090,0.0266
8483485,CBJ,1146.7300,79.8256,102.9910,94.1432,200.0501,6.6868,6.5529,20.1612,71.4865,63.8157,73.4531,1329.5465,27.8762,88.6675,68.2966,18.0685,19.0103,9.6193,9.0298,0.0023,0.0012,0.0012,26.7141,Denton Mateychuk,D,18.1006,2.9548,9.8492,14.7755,26.5958,19.7001,34.4752,0.3637,6.9605,7.6708
8483468,BUF,786.1230,99.1000,12.7503,117.3279,213.7863,14.3492,13.6269,13.2891,49.8736,41.7965,61.0469,897.9732,41.4475,35.2544,39.5288,13.4202,20.0802,9.3674,10.9149,512.9800,238.2367,274.7433,26.9160,Jiri Kulich,F,14.7096,8.9408,18.8749,8.9426,17.8851,19.8703,33.8789,0.4409,11.6144,8.0772
8478396,VGK,1269.8202,45.7115,203.1724,117.4632,240.9947,5.6060,5.5596,21.0717,74.7723,77.8925,70.8906,1518.7041,35.1378,97.9083,92.8789,30.3716,16.3261,8.4870,4.8548,0.0000,0.0000,0.0000,26.6313,Noah Hanifin,D,21.4232,2.9543,8.8630,14.7705,27.5716,19.6944,33.4804,0.3757,4.7330,-3.1202
8483524,SEA,783.3325,146.3520,16.3602,78.9242,153.9785,13.0988,13.1731,15.0452,49.8470,44.8556,72.4062,946.0447,46.6700,48.2640,61.1176,12.7054,13.7508,6.9203,8.6500,537.4228,233.8464,303.5764,28.2183,Shane Wright,F,13.0658,8.3488,17.7412,10.4363,19.8289,20.8723,35.4829,0.3897,16.6908,4.9914
8471724,PIT,1230.0277,135.3459,66.6814,81.5724,182.3541,4.6158,4.2380,22.7829,76.2383,75.1276,71.6250,1432.0551,83.6368,82.5126,86.7157,24.8843,41.3410,18.9819,11.0411,0.0000,0.0000,0.0000,27.0209,Kris Letang,D,19.9938,2.0082,7.0288,16.0649,29.1176,20.0812,34.1380,0.3773,5.1953,1.1107
8484164,STL,856.8685,155.1479,13.0988,108.2268,194.2903,14.5866,12.9459,14.5843,54.8389,45.5395,75.0156,1025.1152,76.9383,26.6803,47.1160,12.0109,26.5061,12.2809,8.4931,699.6316,330.0405,369.5911,27.5302,Dalibor Dvorsky,F,13.6654,8.1914,18.4307,9.2170,19.4582,20.4805,34.8169,0.3670,11.9618,9.2995
8480113,WPG,1076.1896,30.3332,90.8945,117.0128,186.7509,12.5198,11.2767,15.9284,52.9633,58.5757,73.0469,1197.4174,91.8339,55.1530,36.6709,18.1728,13.7404,6.3323,9.1842,42.1052,20.4391,21.6661,27.2051,Alex Iafallo,F,16.3925,7.0976,15.2092,11.1575,21.3007,20.2832,34.4814,0.3724,9.6371,-5.6124
8478542,NJD,761.8637,92.6799,49.2874,126.4501,233.4064,14.9202,12.0570,13.9832,52.9774,43.0665,72.0469,903.8310,63.8843,20.0922,42.6397,17.4168,27.9118,13.2682,14.8530,528.9263,249.6083,279.3180,26.0402,Evan Rodrigues,F,12.5450,7.7818,16.5363,8.7552,19.4561,19.4553,33.0740,0.3614,9.5350,9.9109
8484800,SEA,863.4287,95.4397,15.4950,96.6794,174.8288,14.0205,13.0210,14.9142,46.9873,46.3872,72.7969,974.3635,12.5108,33.5879,46.4641,17.1098,34.2067,13.2221,14.7941,189.3538,90.1897,99.1641,27.9352,Berkly Catton,F,13.3847,8.3480,17.7396,9.3937,20.8748,20.8726,35.4835,0.3837,13.4682,0.6001
8481524,CHI,1316.2318,101.6246,128.7758,88.9081,184.3212,7.0898,6.6319,21.8648,66.1115,88.0378,74.1250,1546.6322,49.3943,86.4129,73.7099,16.6701,44.4631,18.0750,10.7671,0.0000,0.0000,0.0000,28.4967,Bowen Byram,D,20.8652,3.1960,10.6535,15.9788,28.7619,21.3055,36.2194,0.3844,7.4593,-21.9263
8475218,EDM,1197.2384,35.9013,161.0640,93.3901,216.1947,5.6254,4.8624,21.3370,66.8703,73.1983,69.5781,1394.2036,51.8109,91.8060,78.6958,23.7293,31.5787,14.9342,8.6487,0.0000,0.0000,0.0000,26.1994,Mattias Ekholm,D,20.0380,1.9618,7.8470,15.6943,27.4651,19.6179,33.3504,0.3765,5.2066,-6.3279
8484241,NSH,858.1661,94.9481,14.3808,108.8346,184.2730,12.5144,11.8156,15.2868,49.5659,47.1613,73.4531,967.4950,58.2335,28.8297,46.9171,13.5417,18.6001,9.0267,13.4756,228.5686,97.4987,131.0699,27.1024,Matthew Wood,F,13.1716,7.1116,16.2552,10.1630,20.3261,20.3230,34.5491,0.3690,10.8565,2.4046
8482177,BOS,851.7729,35.7868,141.9537,76.7682,132.4059,11.3257,10.7103,15.6647,50.5997,60.3440,70.6250,1029.5134,46.6987,39.2725,48.6840,15.5062,20.6692,10.0120,11.5288,180.4940,82.2224,98.2716,26.3750,Marat Khusnutdinov,F,14.5772,6.9266,14.8427,10.8852,20.7808,19.7908,33.6444,0.3735,13.9515,-9.7443
8475768,COL,810.3196,80.6036,30.2325,98.7177,165.7181,12.9596,10.7912,14.9278,54.5901,40.9231,67.3906,921.1557,34.5387,33.1278,47.3213,23.3759,16.5194,8.1169,7.6533,55.4712,29.7426,25.7287,25.7191,Jaden Schwartz,F,13.6689,6.7684,15.4706,9.6708,20.3088,19.3403,32.8784,0.3816,10.9314,13.6670
8476875,MTL,1345.0640,32.6464,289.6888,105.2238,200.8988,5.5429,5.0508,20.6822,79.4844,101.0557,75.7812,1667.3992,48.5380,128.5009,85.8544,28.6209,40.7707,17.8690,13.3670,0.0000,0.0000,0.0000,25.7330,Mike Matheson,D,22.0028,1.9362,7.7450,14.5190,27.1022,19.3594,32.9110,0.3396,4.8000,-21.5713
8483890,VGK,723.4650,74.9425,12.3568,87.5233,148.2677,13.8081,11.5645,14.4859,45.6622,33.8236,64.9062,810.7643,22.6163,25.9485,30.6131,15.1126,15.1775,7.3982,7.3590,13.9082,6.6213,7.2869,26.0504,Braeden Bowman,F,12.4913,6.8883,15.7447,9.8430,19.6861,19.6838,33.4625,0.4014,13.2131,11.8386
8476902,DAL,1337.1973,48.3917,326.3679,91.1406,190.0457,4.5315,4.4081,21.2958,83.9850,98.9139,74.3438,1711.9568,34.8412,152.4269,93.0220,26.0645,16.6231,8.6910,7.5155,0.0000,0.0000,0.0000,25.7039,Esa Lindell,D,23.0276,1.9436,6.8028,15.5440,28.1736,19.4312,33.0330,0.3457,4.8366,-14.9289
8482737,MTL,770.7843,77.0403,9.8776,82.4102,168.5082,12.6838,12.0836,13.5362,47.7419,39.0523,65.7188,857.7021,120.8016,32.4340,52.2126,15.0598,27.4150,10.4511,14.0963,30.3283,14.8759,15.4524,25.6198,Zachary Bolduc,F,13.0511,7.7461,16.4604,8.7165,18.4014,19.3677,32.9251,0.3898,14.6627,8.6896
8477021,NSH,840.2706,76.4391,135.4676,78.9088,147.7508,9.5660,9.1134,17.7363,51.1521,60.7029,67.1562,1052.1772,58.0995,51.8916,56.2511,20.6174,22.7867,10.2535,13.1189,532.8542,263.1910,269.6633,26.8497,Alexander Kerfoot,F,15.6676,5.0789,13.2052,12.1882,23.3606,20.3143,34.5343,0.3998,11.5493,-9.5509
8476419,NYI,837.9843,59.3083,152.1931,80.0947,132.8526,11.3841,11.1915,15.7676,49.3679,61.6490,65.8438,1049.4857,112.1148,46.0252,44.0714,16.2915,12.3420,3.9093,8.4519,922.0491,520.4418,401.6072,26.9591,Jean-Gabriel Pageau,F,15.9390,7.1429,15.3062,11.2240,21.4277,20.4077,34.6931,0.4094,13.9728,-12.2811
8482201,TBL,753.5916,54.1182,68.7084,92.1562,149.3048,10.6261,10.3739,14.8713,48.3086,42.4962,66.3125,876.4183,77.2198,25.4833,46.8343,16.8681,30.5403,11.0283,11.9456,36.3274,17.3987,18.9287,25.2453,Gage Goncalves,F,13.2165,6.7601,14.4860,9.6583,20.2825,18.3501,31.8712,0.3807,11.2569,5.8124
8482074,CGY,820.6974,167.1087,16.5559,114.1451,179.7316,12.6265,12.5762,15.2377,51.5963,49.2017,68.3438,1004.3621,39.1115,23.5021,46.2308,12.7487,20.9225,10.1826,15.0135,204.5818,92.7405,111.8413,27.8139,Connor Zary,F,14.6957,7.4621,17.0563,9.5949,20.2560,20.2554,35.1804,0.4070,11.0177,2.3946
8480426,TBL,1113.8279,83.5324,23.8438,94.4039,215.0513,7.0943,6.2313,18.9255,68.3263,53.7286,68.2812,1221.2041,88.3541,72.7451,60.7488,18.8473,94.7614,27.6053,12.9427,0.0023,0.0012,0.0011,25.1568,Charle-Edouard D'Astous,D,17.8849,2.8970,9.6567,13.5218,25.1118,18.3502,31.8713,0.3684,6.6006,14.5977
8484829,DAL,726.6481,77.5648,150.9857,81.5210,126.8348,11.2121,11.2076,14.0535,51.6197,52.7835,63.8125,955.1986,105.6306,36.3947,31.4165,19.6946,35.6369,11.5022,13.4858,281.4735,148.0968,133.3767,25.2611,Justin Hryckowian,F,14.9688,6.8010,15.5451,9.7144,19.4288,18.4585,32.0595,0.3959,13.7481,-1.1639
8476921,CAR,868.4248,16.3100,167.7811,108.4618,206.5410,12.4698,10.3197,14.5644,55.0888,57.4664,70.9375,1052.5159,87.9009,40.7394,43.0882,14.9650,26.7971,12.2127,12.9530,66.1082,31.3751,34.7331,24.8841,Jordan Martinook,F,14.8372,6.7260,14.4128,9.6083,19.2166,18.2559,31.7077,0.3508,9.5146,-2.3776
8476458,CGY,773.0356,123.5379,33.6885,79.7197,137.7328,10.5886,10.3369,17.2707,45.3420,47.4039,64.6719,930.2620,35.4368,21.8069,51.4047,12.9461,52.3350,17.7804,9.0158,683.0545,306.5242,376.5303,27.6076,Ryan Strome,F,14.3843,6.3968,14.9260,11.7285,23.4570,20.2576,35.1843,0.4269,12.9665,-2.0618
8481618,MTL,736.9276,78.5852,46.0681,90.0950,155.9195,13.3021,12.0714,12.9552,47.9981,42.5289,61.6250,861.5809,60.3092,24.0625,31.8455,10.1738,17.1828,8.3415,9.5133,416.6311,191.0728,225.5583,25.0266,Alex Newhook,F,13.9810,7.7437,16.4553,8.7126,17.4253,18.3924,31.9446,0.4061,13.3985,5.4692
8477499,PHI,1112.7654,151.7862,123.3392,84.7489,197.4116,5.6471,4.8619,21.2462,74.0513,71.1020,66.3750,1387.8909,81.1523,94.7791,59.2514,19.3148,21.3712,10.7862,10.4138,0.0027,0.0013,0.0013,26.1081,Rasmus Ristolainen,D,20.9098,2.0226,8.0904,15.1672,27.3010,19.2123,33.3688,0.3933,5.7369,2.9493
8485402,SJS,740.2444,121.5645,16.0838,92.4875,153.1830,12.0713,11.2527,15.0142,46.5115,42.1771,64.4375,877.8928,24.8063,32.5640,42.7783,13.2796,18.1329,8.5712,9.6744,523.7058,250.3508,273.3549,26.2669,Michael Misa,F,13.6239,7.1786,15.3828,10.2570,20.5141,19.4869,33.8456,0.4076,12.1667,4.3344
8482476,NYI,882.0550,134.4375,19.8196,129.7695,216.9966,14.8511,14.0105,11.9356,54.2985,47.4491,70.0469,1036.3120,195.8319,38.0603,45.1607,10.4823,20.2150,9.8121,10.1420,16.1177,7.3748,8.7430,25.9462,Emil Heineman,F,14.7946,9.1833,19.3869,7.1440,16.3291,19.3887,32.6546,0.3704,10.7965,6.8494
8480980,PIT,744.6005,15.1719,328.2373,97.4931,186.3228,12.4076,11.1669,14.3473,50.0471,81.7648,67.0625,1088.0096,159.1087,47.6040,41.1358,12.9890,26.5003,8.3922,13.7706,199.8102,94.8686,104.9415,25.5142,Connor Dewar,F,16.2238,7.0317,16.0725,9.0383,20.0852,19.0832,33.1445,0.3805,11.4540,-31.7177
8478463,WSH,940.0689,20.4237,159.6494,106.1711,182.3138,13.8378,11.7270,13.5993,50.7535,67.0123,75.3750,1120.1420,95.4566,40.0283,38.3630,18.4413,20.2298,9.9823,12.6613,88.6947,43.8790,44.8157,25.3263,Anthony Beauvillier,F,14.8609,6.9976,15.9946,8.9980,18.9958,18.9948,31.9912,0.3360,11.0454,-16.2588
8476826,TBL,837.0625,23.3532,170.1452,100.0747,169.4789,12.1282,10.6968,13.7686,52.8134,56.8291,69.7969,1030.5609,98.6230,30.2590,52.9914,19.5240,50.4133,14.9569,12.5007,765.4354,363.4799,401.9555,24.4654,Yanni Gourde,F,14.7651,6.7616,15.4552,9.6602,19.3204,18.3538,31.8777,0.3505,10.6888,-4.0156
8479525,NSH,780.7651,96.1199,11.1693,129.7086,251.7340,17.6309,14.4910,11.2015,46.3934,43.0111,70.1719,888.0543,144.3517,30.7119,47.8424,16.2914,26.7526,10.2985,13.1846,163.3866,78.1791,85.2075,25.6924,Ross Colton,F,12.6554,9.1397,19.2949,7.1106,16.2528,19.2973,32.5007,0.3661,11.1719,3.3824
8482055,VAN,1004.2925,55.1426,65.0440,131.9678,223.9412,15.4875,13.5658,13.3671,45.8570,64.0262,73.6094,1124.4791,70.3886,36.5043,57.5902,23.4698,32.6755,13.3982,13.5837,102.0136,49.4020,52.6116,26.9329,Drew O'Connor,F,15.2763,8.5859,18.2449,8.5891,18.2519,20.3953,34.3499,0.3659,10.2796,-18.1691
8482715,NSH,823.7723,135.5792,27.5567,50.8570,121.1067,4.4135,3.8830,21.5396,54.1444,48.8313,58.9219,986.9081,41.2462,61.3232,50.9590,13.4071,24.4523,10.8231,5.0776,0.0052,0.0026,0.0027,25.4226,Ryan Ufko,D,16.7494,1.0160,6.0963,15.2364,28.4412,19.3003,32.5058,0.4315,7.6352,5.3130
8484783,CHI,1194.9487,204.8742,103.5418,91.8352,225.4174,7.2576,6.5206,20.1308,72.7805,82.6236,71.4688,1503.3649,105.3733,88.0496,93.7548,18.7019,46.6068,21.7111,8.4163,0.0030,0.0016,0.0014,26.6514,Artyom Levshunov,D,21.0353,3.1960,9.5880,13.8481,26.6310,19.1747,34.0883,0.3729,7.1003,-9.8431
8481013,STL,767.4667,95.9183,14.2126,79.6191,157.6436,10.1234,9.8190,15.7479,44.6552,39.3088,60.1250,877.5977,45.3616,19.4549,39.4860,11.4409,15.4238,7.5854,14.5681,10.9393,5.4561,5.4831,25.5669,Jonatan Berggren,F,14.5962,6.1430,14.3336,10.2409,21.5060,18.4319,32.7678,0.4252,12.3324,5.3464
8476392,WPG,925.5396,19.5510,144.2058,81.4871,151.4116,10.7750,9.9681,15.3394,47.3627,58.8874,69.4375,1089.2964,145.9131,49.0982,40.0534,19.1426,36.0321,7.2148,9.1592,1162.6130,624.2267,538.3863,25.3076,Adam Lowry,F,15.6874,6.0853,14.1990,10.1438,20.2876,18.2577,32.4581,0.3645,12.2328,-11.5247
8478133,MTL,851.7806,12.8583,198.6707,78.3460,139.7642,12.2366,11.0922,13.0160,49.8248,65.6740,73.8750,1063.3096,90.8775,46.8246,48.4586,14.7942,19.2069,8.1042,15.3453,945.8376,506.8136,439.0239,24.1082,Jake Evans,F,14.3934,6.7758,15.4875,8.7108,17.4215,17.4224,30.9732,0.3263,14.1579,-15.8492
8480835,NSH,786.1622,53.0614,120.8913,99.6290,167.5354,11.4870,10.5840,14.7087,45.1329,55.3589,68.5000,960.1149,39.4095,42.2627,38.1614,15.5203,27.2385,10.5405,9.9484,807.4422,450.8004,356.6418,25.2928,Jack Drury,F,14.0163,6.0958,15.2395,9.1447,20.3216,18.2886,32.5130,0.3692,10.6234,-10.2259
8480807,BUF,1237.2683,13.2528,345.4921,91.9458,204.8515,6.5023,6.2166,18.4619,74.0564,101.3415,71.6250,1596.0132,119.8340,128.9579,78.2472,15.8963,32.3352,14.0263,10.0895,0.0000,0.0000,0.0000,24.6785,Mattias Samuelsson,D,22.2829,2.9835,9.9450,12.9248,23.8613,17.8973,31.8174,0.3446,6.7612,-27.2850
8478462,COL,746.5289,116.6675,24.6730,79.9157,147.0944,12.7106,10.4820,13.3806,56.4588,38.8574,70.9062,887.8695,59.2268,32.3732,49.7754,16.7245,26.6316,9.6215,7.8488,544.0941,276.6166,267.4775,23.8626,Nicolas Roy,F,12.5217,6.7698,14.5068,8.7041,18.3753,17.4082,30.9478,0.3365,13.1163,17.6014
8476432,WSH,772.9294,34.5888,127.9806,97.0981,178.3663,13.1091,11.6334,12.9755,43.8320,55.2555,64.4219,935.4988,117.4815,49.4021,45.5354,12.6324,26.7693,11.1808,11.4692,500.9265,259.7469,241.1795,24.6089,Boone Jenner,F,14.5214,6.9996,15.9990,7.9995,17.9989,17.9989,31.9980,0.3820,11.9811,-11.4235
8480009,NYR,876.3430,50.8668,114.6059,129.3116,218.5852,15.4525,12.3647,12.5523,47.7929,56.0635,75.4375,1041.8157,170.1216,57.9111,46.3035,14.2243,22.8244,10.4529,8.8711,10.5505,4.9020,5.6485,24.9170,Eeli Tolvanen,F,13.8103,8.1053,17.2238,8.1071,17.2276,18.2391,32.4250,0.3303,9.5619,-8.2706
8476885,SJS,1349.1538,53.3124,266.1467,137.9866,272.6851,6.5305,5.4039,19.6902,74.3743,104.2740,71.8906,1668.6128,138.5366,157.6144,84.7628,21.1858,57.5310,18.8498,11.7887,0.0000,0.0000,0.0000,25.0941,Jacob Trouba,D,23.2104,2.0510,8.2040,14.3558,26.6607,18.4578,32.8139,0.3491,3.9162,-29.8997
8476854,BOS,989.3082,74.6497,208.6968,86.5958,190.6418,5.6763,5.5653,18.6004,65.2982,77.2457,62.0000,1272.6547,14.4828,82.0714,71.6420,22.0593,44.4729,19.3210,9.4261,0.0019,0.0010,0.0010,24.1657,Hampus Lindholm,D,20.5267,2.9690,8.9069,12.8635,24.7375,17.8116,30.6756,0.3898,6.4268,-11.9475
8475171,TOR,1150.5732,154.3928,43.7872,79.2035,182.3027,5.0860,4.6083,21.0311,65.7964,70.1428,70.7031,1348.7532,74.0578,64.2546,77.3060,16.0142,56.7375,23.4818,12.3096,0.0000,0.0000,0.0000,25.6394,Oliver Ekman-Larsson,D,19.0763,2.1027,7.3595,14.7182,27.3337,18.9235,32.5905,0.3626,5.8183,-4.3464
8476869,NSH,1386.3815,54.5894,298.4682,92.6152,199.7958,4.6696,4.2355,20.4723,77.4175,107.2938,76.7656,1739.4390,58.9960,84.5773,93.1267,29.1153,41.2015,20.1340,10.1380,0.0000,0.0000,0.0000,24.7078,Brady Skjei,D,22.6591,2.0325,7.1139,14.2253,26.4184,18.2902,31.4998,0.3219,4.5732,-29.8763
8478109,VGK,742.1393,105.8297,11.4644,119.1691,195.5661,14.6044,11.4757,12.3195,51.0089,35.7734,65.3594,859.4333,20.1594,19.2398,39.9278,12.7210,10.7243,5.5147,7.0431,8.0657,3.8511,4.2145,23.7952,Victor Olofsson,F,13.1493,6.8895,15.7475,7.8752,16.7348,17.7176,30.5137,0.3641,9.6298,15.2354
8484142,PHI,761.7292,74.3443,13.0307,74.0123,125.8675,9.6408,8.6090,15.7002,43.7473,38.3342,64.8281,849.1043,63.5413,27.9978,40.6183,12.8314,24.0410,10.5699,13.0111,60.3320,29.1974,31.1345,24.3092,Denver Barkey,F,13.0978,5.0562,12.1349,10.1151,21.2416,18.2054,31.3537,0.3750,11.6318,5.4132
8484185,CHI,743.2762,104.1410,12.5402,94.7491,165.7124,13.6458,12.7707,12.7958,40.4753,43.5402,61.6250,859.9575,92.3766,23.6316,37.1874,11.5091,19.1642,8.8490,10.5273,9.6334,5.0588,4.5746,25.5665,Nick Lardis,F,13.9547,8.5256,18.1169,8.5266,18.1190,18.1180,33.0387,0.4149,13.4784,-3.0649
8476457,SEA,1264.7562,21.5997,289.9629,112.0737,207.8558,5.7232,5.4753,19.4712,65.3651,103.3112,69.8281,1576.3188,95.5486,130.3931,51.1988,18.6426,38.3203,16.3149,5.9348,0.0000,0.0000,0.0000,24.9465,Adam Larsson,D,22.5743,2.0876,8.3504,13.5662,25.0453,18.7850,32.3519,0.3573,4.8855,-37.9462
8480849,UTA,665.8963,147.4630,13.3469,101.0802,163.8997,12.0417,10.4934,13.5873,49.8642,36.1721,69.2812,826.7062,25.4639,24.6634,32.5047,10.9167,35.9314,12.5026,13.1171,565.8677,295.2161,270.6516,24.0807,Barrett Hayton,F,11.9326,6.0465,15.1163,9.0703,19.1485,17.1324,31.2414,0.3476,10.3813,13.6921
8480074,MTL,681.5468,86.8095,10.7856,86.5099,156.6898,11.0181,10.0224,13.0659,45.2277,35.4727,60.1094,779.1420,61.0925,20.8862,30.7540,9.7445,25.2403,10.2431,9.0095,18.9239,8.6029,10.3210,23.0883,Alexandre Texier,F,12.9621,5.8055,14.5137,8.7097,18.3872,17.4180,29.9977,0.3841,11.5852,9.7549
8476461,PHI,818.3068,24.0948,217.5865,99.1968,179.8321,11.7501,10.1535,13.7949,48.2458,65.0531,73.3438,1059.9882,66.3800,33.4974,57.0574,22.7491,27.4979,12.0998,10.4727,1080.5131,584.4892,496.0239,23.9483,Sean Couturier,F,14.4523,6.0673,14.1570,9.0997,19.2105,17.1894,31.3453,0.3265,10.2357,-16.8073
8475848,VAN,737.2773,124.4245,23.3782,105.8380,197.2896,15.4992,13.2735,12.0815,43.5321,46.7600,72.1094,885.0800,79.4699,24.1568,40.9025,12.8204,38.6559,14.6864,14.7381,11.3545,5.6567,5.6978,25.3550,Brendan Gallagher,F,12.2741,8.5890,18.2517,7.5161,17.1797,18.2525,32.2103,0.3516,12.5413,-3.2279
8484768,CGY,959.8870,214.0654,23.5053,102.4943,223.7794,8.0643,8.1633,16.9759,62.7665,58.9062,58.0781,1197.4576,30.4454,66.7423,93.9306,16.8622,21.7598,10.8031,11.7071,0.0022,0.0011,0.0011,25.1392,Zayne Parekh,D,20.6180,4.2631,11.7236,11.7216,22.3777,18.1163,31.9700,0.4329,7.9646,3.8603
8484798,VAN,1422.2988,103.0088,42.8553,83.8624,199.7549,4.7999,4.6533,20.4758,66.2649,84.1637,74.4375,1568.1630,30.9346,69.0697,89.4402,17.2785,43.2447,14.5630,14.6806,0.0027,0.0013,0.0013,25.1291,Zeev Buium,D,21.0668,2.1462,7.5119,15.0266,26.8331,18.2459,32.1986,0.3376,5.5487,-17.8988
8475287,LAK,789.0472,66.7713,162.9977,107.7404,183.5330,12.9647,9.5724,13.6674,53.1622,59.2874,72.6406,1018.8162,89.6253,36.1934,47.2510,13.1376,43.6240,18.5543,7.7719,945.6829,485.4764,460.2065,23.2398,Erik Haula,F,14.0254,5.9705,13.9311,8.9553,18.9057,16.9159,29.8516,0.3199,8.8847,-6.1252
8477444,OTT,803.8699,129.7749,9.7268,83.0018,141.2562,12.4633,9.5311,13.2201,58.3236,39.1291,71.7812,943.3716,18.8753,24.9302,42.3149,18.1756,13.8691,6.9841,9.7372,11.0532,5.3082,5.7450,22.7511,Andre Burakovsky,F,13.1423,5.8470,13.6431,8.7712,18.5170,16.5673,29.2365,0.3170,11.4830,19.1944
8482245,OTT,1216.4667,17.1366,241.6925,85.0993,176.3524,3.7553,3.5167,19.1307,72.0707,79.6785,67.2188,1475.2959,64.9278,112.7569,64.4557,20.1206,43.9048,20.3370,9.2575,0.0000,0.0000,0.0000,22.6473,Artem Zub,D,21.9477,0.9748,5.8488,13.6458,25.3421,16.5701,29.2414,0.3369,4.1324,-7.6078
8480078,VAN,757.9486,107.6133,15.8590,121.0641,206.0279,15.8713,14.0860,10.8310,41.8131,46.0600,61.9219,881.4209,23.1593,20.0303,42.7754,15.3235,22.7862,10.4243,13.0245,584.1730,283.3230,300.8500,24.9170,Filip Chytil,F,14.2344,8.5901,19.3277,6.4440,15.0360,18.2557,32.2160,0.4024,11.6352,-4.2469
8479998,LAK,1344.1461,24.1933,195.1543,68.0163,161.2829,3.4496,3.2027,19.8019,74.6881,85.5165,74.1719,1563.4938,101.6558,115.3233,56.8095,16.2916,23.5488,11.8018,12.2343,0.0000,0.0000,0.0000,23.0046,Mikey Anderson,D,21.0793,0.9953,5.9717,13.9335,25.8765,16.9193,29.8576,0.3102,4.7087,-10.8284
8482100,CAR,880.2559,108.1653,104.9620,88.0169,210.7366,5.0598,4.0410,17.9103,66.5744,54.7521,57.9375,1093.3833,96.7426,71.2467,62.2809,18.1483,25.1988,10.7735,6.9539,0.0018,0.0009,0.0009,21.9513,Alexander Nikishin,D,18.8718,1.9184,6.7143,12.4671,23.0162,16.3037,27.8122,0.3789,4.5912,11.8223
8478421,ANA,775.3755,38.9788,95.0611,93.1004,180.1010,14.1512,10.9490,11.7151,44.1189,55.0634,63.0625,909.4153,200.2563,30.0183,48.7826,11.2722,107.7960,26.1169,19.3190,35.4683,15.7594,19.7089,22.6641,A.J. Greer,F,14.4209,7.0171,15.0365,7.0190,16.0434,16.0412,29.0747,0.3594,11.7604,-10.9445
8480448,COL,752.4127,12.8922,151.1279,92.6505,161.9319,10.2509,10.3492,11.5141,46.3445,51.8665,72.6094,916.4328,150.4202,51.6150,39.9488,15.1899,27.5052,12.3474,14.9211,237.7939,101.2208,136.5731,21.8633,Parker Kelly,F,12.6214,6.7702,14.5075,7.7382,16.4436,15.4755,28.0494,0.3011,11.1702,-5.5220
8477998,OTT,751.1425,77.0092,34.6649,105.6369,201.5816,15.8225,12.0597,9.9446,49.2542,37.9359,71.5156,862.8167,59.7069,22.1557,49.3891,16.2468,22.2391,9.2738,9.9454,38.2978,17.9407,20.3571,22.0043,Warren Foegele,F,12.0647,7.7957,16.5658,5.8478,13.6448,15.5926,28.2615,0.3077,11.4162,11.3182
8480145,WPG,1112.9470,119.5490,116.3436,110.2419,228.3727,4.6950,4.7235,18.1829,67.2698,67.0808,66.7656,1348.8396,114.9841,85.5816,69.0763,21.7523,44.8085,17.1617,8.9788,0.0000,0.0000,0.0000,22.9063,Neal Pionk,D,20.2026,2.0299,8.1197,12.1780,24.3560,16.2379,29.4311,0.3431,4.2846,0.1890
8483490,ANA,1147.8711,20.8743,291.2736,87.7343,196.4361,5.7590,5.0655,17.4787,66.1678,101.5145,69.9062,1460.0189,58.1842,106.4646,67.3750,18.4741,25.1172,11.6023,11.8846,0.0000,0.0000,0.0000,22.5442,Pavel Mintyukov,D,20.8854,2.0064,8.0255,12.0375,23.0719,16.0502,29.0909,0.3225,5.7737,-35.3467
8482758,PIT,723.3226,100.1314,15.4761,74.3824,134.1093,10.0061,8.5304,13.7918,46.4030,41.8581,64.7969,838.9302,12.3435,26.9297,36.2138,15.7523,20.1273,9.1709,9.3904,9.4982,4.8402,4.6580,22.3222,Ville Koivunen,F,12.9471,5.0205,12.0492,9.0381,19.0805,16.0670,29.1214,0.3445,11.4683,4.5449
8476853,TOR,1256.4905,102.0666,98.6932,99.0283,212.2023,6.1425,6.0123,17.3343,65.6445,81.0145,72.4844,1457.2502,29.6065,101.5412,80.3649,18.1938,23.3184,8.6026,6.3900,0.0000,0.0000,0.0000,23.3466,Morgan Rielly,D,20.1043,3.1531,9.4594,11.5623,23.1246,16.8176,30.4819,0.3221,6.0713,-15.3700
8478507,UTA,1260.5034,17.7316,125.7914,51.6141,126.5321,2.5870,2.4417,19.9379,65.0597,71.2374,72.6875,1404.0264,24.2522,69.0032,71.4626,22.3427,20.8217,8.6231,7.9374,0.0000,0.0000,0.0000,22.3797,John Marino,D,19.3159,1.0078,5.0391,14.1107,26.2056,16.1264,29.2290,0.3079,4.7308,-6.1777
8481024,VAN,821.3557,48.5789,16.0453,94.7412,157.7534,11.0076,9.8641,13.8650,36.4217,47.0182,60.9844,885.9799,75.5372,22.9085,40.6694,13.3842,32.6469,9.7103,15.2344,59.6205,26.2201,33.4004,23.7291,Linus Karlsson,F,14.5280,5.3676,13.9558,8.5913,19.3305,17.1801,31.1389,0.3891,10.4116,-10.5965
8479671,CBJ,764.0579,19.8110,44.3578,95.6494,162.9042,12.7189,11.3821,10.3304,42.3554,37.8198,66.2969,828.2267,202.8106,42.2616,30.4705,13.0377,93.5109,14.2648,10.0008,17.3082,8.0093,9.2989,21.7125,Mathieu Olivier,F,12.4927,6.8927,15.7548,5.9096,14.7740,15.7568,28.5591,0.3275,11.8999,4.5356
8478508,MIN,761.6795,30.6043,109.7553,87.7934,149.2789,11.7278,9.5706,11.8141,45.6989,46.9502,69.2656,902.0391,283.4402,30.1356,48.8725,16.5028,37.7052,11.6198,10.4456,91.7191,41.5689,50.1502,21.3847,Yakov Trenin,F,13.0229,5.8301,13.6036,7.7741,16.5199,15.5476,27.2083,0.3087,10.9013,-1.2512
8480855,UTA,786.0910,25.0361,76.9456,85.8961,152.8143,11.6391,10.4533,11.6677,42.3159,44.7941,73.7812,888.0727,222.6946,36.1372,44.6257,10.7975,62.1281,14.3527,11.0580,460.7522,228.8523,231.8999,22.1210,Jack McBain,F,12.0366,6.0448,15.1121,7.0543,16.1240,16.1219,28.2133,0.2998,12.1697,-2.4782
8481481,PIT,663.3549,11.9208,273.6657,66.9862,127.0295,8.5471,7.8893,13.9655,43.5901,70.1778,63.2812,948.9413,67.8177,37.2523,43.2781,13.7976,30.6065,13.2883,11.5882,658.0365,328.5967,329.4398,21.8548,Blake Lizotte,F,14.9956,4.0184,12.0553,9.0394,19.0831,16.0713,28.1248,0.3454,11.7774,-26.5877
8476374,BOS,694.7676,25.1407,184.7853,96.7523,150.5325,9.9908,8.6146,12.8272,43.5003,58.6853,64.0156,904.6937,102.3616,36.8738,43.9892,14.5852,37.0759,12.3506,9.9049,497.5788,251.2750,246.3038,21.4419,Sean Kuraly,F,14.1324,4.9499,12.8698,7.9181,17.8157,15.8376,27.7157,0.3349,8.9038,-15.1850
8475799,WPG,724.3707,104.1329,10.9753,92.0834,148.4283,12.2157,10.3184,11.5497,44.4163,36.2336,62.4219,839.4788,81.7862,24.4120,38.1235,11.1203,20.2300,9.7268,10.8027,20.5395,10.1427,10.3968,21.8681,Nino Niederreiter,F,13.4485,6.0857,15.2142,7.1014,16.2318,15.2159,28.4029,0.3503,11.2055,8.1828
8477498,SJS,1382.4524,34.6520,252.8404,138.9005,277.0559,6.6213,5.6372,16.4545,72.9645,103.2693,74.4531,1669.9448,130.4116,142.8638,79.9403,16.9666,83.5195,22.3411,12.0153,0.0000,0.0000,0.0000,22.0917,Darnell Nurse,D,22.4295,3.0765,9.2294,11.2803,22.5606,15.3822,28.7135,0.2967,4.0584,-30.3048
8485702,MIN,655.1039,90.7549,7.3588,82.7847,138.9350,10.4016,8.0412,12.8956,45.3369,31.4828,60.0938,753.2176,35.5180,21.9626,40.2168,12.8825,7.5548,4.5331,8.1423,5.4133,2.7198,2.6935,20.9369,Maxim Shabanov,F,12.5340,4.8594,11.6626,8.7477,17.4954,15.5509,27.2141,0.3484,9.7134,13.8541
8477919,SEA,874.5969,20.8741,192.4825,86.7061,152.1226,10.2556,8.2133,14.2391,45.5608,70.8546,72.1875,1087.9535,36.4428,48.2671,43.2117,20.1108,11.5649,5.2983,7.0771,708.2800,332.9242,375.3558,22.4525,Frederick Gaudreau,F,15.0712,4.1747,12.5240,9.3922,19.8280,16.6978,29.2211,0.3110,9.4726,-25.2938
8476479,MTL,860.4813,16.6947,181.1826,83.8660,141.3512,11.5525,9.9288,10.8933,49.9869,64.0051,75.9062,1058.3585,59.3845,41.1825,57.2801,14.6336,19.9924,9.8092,13.0090,963.7655,510.0471,453.7183,20.8221,Phillip Danault,F,13.9430,5.8091,14.5228,6.7769,15.4901,15.4905,27.1083,0.2743,11.8389,-14.0183
8481546,PHI,1270.5582,35.2574,250.7115,78.3508,170.2573,6.0019,5.3845,16.3470,71.0699,89.5145,74.4375,1556.5271,35.6315,130.1283,72.4563,19.7575,31.8284,15.7339,8.4857,0.0000,0.0000,0.0000,21.7315,Cam York,D,20.9105,2.0222,9.0997,11.1210,22.2419,16.1763,28.3085,0.2919,6.8723,-18.4446
8475167,TBL,758.3901,76.5816,103.8698,90.0036,206.3824,4.6795,4.0090,16.5017,53.1827,47.8809,56.8750,938.8416,22.8952,59.4615,58.1910,12.2456,24.5726,9.4197,5.7488,0.0018,0.0009,0.0009,20.5107,Victor Hedman,D,16.5071,1.9315,6.7604,11.5888,22.2119,14.4861,27.0408,0.3606,4.4543,5.3019
8476878,TBL,779.0892,18.3714,179.1035,82.7953,157.8242,10.7428,9.0455,11.3954,49.5920,55.2624,73.0469,976.5641,171.5856,40.7016,35.3809,9.3994,35.1010,9.7005,13.5368,225.2495,107.3784,117.8711,20.4409,Zemgus Girgensons,F,13.3690,4.8300,12.5581,6.7618,15.4555,14.4898,27.0476,0.2798,10.9251,-5.6704
8476872,LAK,785.4308,40.3680,136.9087,110.5155,185.9695,11.8275,9.2607,11.7176,48.2369,54.3707,71.8906,962.7075,129.0397,40.6471,51.6878,13.9801,36.5283,13.6319,11.5156,892.4188,493.8716,398.5472,20.9783,Scott Laughton,F,13.3913,5.8695,13.9277,6.9639,15.9176,14.9226,26.8606,0.2918,8.3795,-6.1338
8474716,MIN,827.1948,122.3806,78.9583,65.5246,128.7901,4.3824,4.0373,16.4306,61.8528,49.1300,58.2812,1028.5337,48.7028,85.5329,38.3232,12.1367,11.1442,5.8386,4.3867,0.0000,0.0000,0.0000,20.4680,Jared Spurgeon,D,17.6478,1.9440,6.8039,11.6622,21.3807,14.5781,26.2406,0.3512,6.1615,12.7228
8475764,STL,1117.8535,39.7378,171.0197,61.2883,133.0223,3.2528,3.0109,18.5242,60.4972,73.5390,69.5469,1328.6111,9.5682,65.8681,54.0545,15.2547,14.4021,7.4823,3.5164,0.0000,0.0000,0.0000,21.5351,Cam Fowler,D,19.1038,1.0242,5.1212,12.2895,24.5789,15.3621,28.6759,0.3096,4.9126,-13.0418
8476917,NYI,1216.9103,29.7224,186.3357,105.9582,232.4147,4.7066,4.5777,16.8217,63.8777,82.3187,72.1875,1432.9683,60.0629,102.2566,63.2894,25.6143,38.9839,18.1963,10.4678,0.0000,0.0000,0.0000,21.3995,Adam Pelech,D,19.8506,2.0411,7.1438,11.2265,22.4529,15.3087,27.5556,0.2964,4.3203,-18.4410
8481186,COL,681.5091,12.2455,127.3147,77.7863,131.1657,9.3141,8.8010,11.4338,41.7523,45.6477,69.0156,821.0693,53.7007,30.5082,30.8722,14.6629,24.7101,8.5008,13.1015,37.6130,17.9886,19.6243,20.2349,Logan O'Connor,F,11.8969,4.8357,12.5729,6.7706,16.4429,14.5079,26.1142,0.2932,11.3144,-3.8953
8482775,MTL,644.1386,76.0413,28.9664,74.5593,124.1020,13.4436,11.4519,8.7917,42.5888,35.8837,64.0781,749.1464,20.4055,37.5809,28.5787,9.5991,14.3449,7.0133,7.5027,447.3386,204.6919,242.6467,20.2437,Oliver Kapanen,F,11.6911,6.7743,15.4842,4.8396,12.5830,14.5175,26.1315,0.3159,15.3595,6.7051
8478399,NJD,1138.5552,17.7800,176.5845,55.3879,142.4159,3.8718,3.4289,16.7590,65.4103,71.3084,69.0312,1332.9198,77.7825,106.0671,73.6527,15.8529,41.2183,14.7310,7.5776,0.0000,0.0000,0.0000,20.1878,Jonas Siegenthaler,D,19.3089,0.9727,5.8360,11.6721,22.3715,14.5901,26.2622,0.2924,6.1906,-5.8980
8479996,NJD,687.7685,45.8988,104.1113,78.1781,138.1012,11.9739,11.0276,9.1476,44.7227,44.2593,67.0312,837.7786,41.1517,31.9850,34.7594,10.4485,26.4180,10.1092,11.1452,749.3537,396.5654,352.7883,20.1752,Cody Glass,F,12.4983,6.8084,15.5621,5.8364,13.6182,14.5901,26.2622,0.3010,14.1057,0.4635
8477507,BOS,1206.0192,34.5109,195.0424,104.5829,218.3555,5.3162,4.7576,15.7698,69.1305,84.0840,74.8750,1435.5724,162.4781,85.0888,80.0475,22.4189,127.0888,32.8985,13.9849,0.0000,0.0000,0.0000,20.5273,Nikita Zadorov,D,19.1729,1.9794,7.9177,10.8863,20.7830,14.8451,26.7212,0.2742,4.5491,-14.9535
8480727,CGY,1237.0782,20.0621,346.5535,73.2724,165.6518,3.5662,3.5035,18.4305,63.2882,107.4568,71.9219,1603.6938,126.6704,131.2811,80.1900,17.7342,41.2042,17.0954,11.8379,0.0000,0.0000,0.0000,21.9339,Zach Whitecloud,D,22.2977,1.0669,6.4013,12.7973,24.5282,15.9977,28.7959,0.3050,4.7814,-44.1686
8481789,NYR,727.3565,22.3379,129.6333,77.0595,146.2863,10.7201,9.6029,11.2217,38.4064,50.3276,62.2344,879.3278,208.1017,37.4344,34.8346,13.6281,44.5585,14.0004,18.4029,31.6217,14.2672,17.3545,20.8246,Tye Kartye,F,14.1293,6.0799,13.1731,7.0929,16.2124,15.1994,27.3589,0.3346,12.4616,-11.9212
8481582,PIT,754.5694,76.1536,33.6161,111.5805,179.3825,13.2744,10.4576,10.0745,45.6205,44.8619,69.9844,864.3391,66.6665,31.0643,45.4945,18.0027,12.2347,6.1843,9.7425,24.3242,11.9776,12.3466,20.5321,Nick Robertson,F,12.3505,6.0236,15.0589,6.0246,14.0574,14.0561,27.1082,0.2934,9.3723,0.7586
8480796,WSH,1175.3395,15.3749,219.5470,55.8250,113.3535,3.6566,3.6066,16.6481,63.1016,86.0410,72.6719,1410.2614,107.6735,135.2253,50.0220,12.5325,29.8223,11.5594,9.6744,0.0000,0.0000,0.0000,20.2547,Martin Fehérváry,D,19.4059,1.0001,6.0003,11.9994,21.9988,14.9994,25.9990,0.2787,6.4605,-22.9394
8476873,CAR,605.4206,48.3282,126.5591,68.2571,120.7966,10.1144,9.1772,10.2855,44.1713,42.6037,60.5938,780.3078,39.3808,35.7784,37.5393,11.1805,23.8865,8.6081,6.0552,608.6661,306.4694,302.1967,19.4627,Mark Jankowski,F,12.8777,5.7659,13.4537,6.7264,14.4136,13.4532,24.9845,0.3212,13.4451,1.5675
8470613,COL,955.2087,24.1405,173.1008,116.2197,252.3935,5.9258,5.0522,14.4329,59.2880,63.6623,62.3594,1152.4501,13.8467,63.9206,69.5484,17.2330,19.9086,9.8938,5.5433,0.0000,0.0000,0.0000,19.4851,Brent Burns,D,18.4808,1.9344,7.7376,9.6715,19.3430,13.5403,25.1463,0.3125,4.3471,-4.3743
8481523,MTL,605.3748,79.7217,9.6422,64.7483,111.5193,10.8573,9.4368,9.8954,40.5378,31.6175,58.7969,694.7386,73.1757,30.2663,30.0810,11.1228,34.5007,14.0685,14.2584,191.6699,83.9507,107.7192,19.3322,Kirby Dach,F,11.8159,5.8051,13.5452,5.8060,14.5150,13.5463,25.1574,0.3288,14.5747,8.9203
8483499,VAN,847.0934,30.9454,121.4241,87.6991,160.1166,9.9316,8.4067,12.9548,39.2584,63.4199,61.4531,999.4630,76.5855,40.6948,45.5072,17.2224,7.1412,4.4876,10.0246,22.9555,11.3953,11.5602,21.3615,Liam Ohgren,F,16.2638,4.2944,12.8832,8.5904,18.2547,15.0321,27.9168,0.3476,9.5858,-24.1615
8470621,LAK,602.8738,105.1568,16.6900,83.6790,141.0866,11.4072,8.6718,11.1096,43.4549,32.7060,61.1250,724.7206,25.5452,17.3703,35.2178,8.0988,49.7931,11.2211,12.4761,29.8095,13.6717,16.1378,19.7814,Corey Perry,F,11.8564,4.9754,12.9361,6.9667,15.9239,13.9324,25.8744,0.3236,10.3631,10.7489
8483495,CGY,1056.7869,156.7907,30.7496,92.1996,219.4591,8.0254,7.6235,13.5427,60.0792,62.4780,60.1875,1244.3271,20.1768,91.9350,68.4608,19.0486,31.0107,14.2745,8.7953,0.0023,0.0012,0.0011,21.1663,Simon Nemec,D,20.6742,4.2627,11.7224,8.5258,19.1831,14.9199,27.7084,0.3517,8.2685,-2.3988
8480355,BOS,668.1656,23.8313,157.4573,82.2742,156.8134,12.8377,10.9154,8.6840,40.9555,53.5722,66.9062,849.4541,195.7043,46.5317,37.4708,18.5577,114.2771,19.5615,15.7956,427.5325,242.4550,185.0776,19.5994,Mark Kastelic,F,12.6962,6.9278,14.8453,4.9480,12.8648,13.8550,25.7307,0.2929,13.2671,-12.6167
8484806,SJS,1109.6500,43.0690,106.8808,74.1904,201.3413,5.4685,4.6995,15.4889,56.5221,69.2505,67.4844,1259.5999,76.7453,76.8671,79.4598,19.8639,24.6756,12.1383,6.5709,0.0021,0.0010,0.0010,20.1884,Sam Dickinson,D,18.6651,2.0504,7.2791,10.2548,20.5096,14.3560,26.6611,0.2992,6.3344,-12.7284
8484223,DET,821.8470,127.8109,20.7893,66.1751,177.7997,5.1841,4.8329,14.8207,54.4809,43.9648,60.6250,970.4472,16.2695,53.0301,51.9513,9.7530,17.5586,8.7631,5.3391,0.0017,0.0008,0.0008,19.6536,Axel Sandin-Pellikka,D,16.0074,1.9984,7.9935,9.9912,19.9823,13.9878,25.9774,0.3242,7.3032,10.5161
8481568,CHI,1335.4138,21.7532,258.9820,86.9397,176.5154,3.5176,3.5258,17.4124,62.3475,103.4005,76.1875,1616.1490,35.0300,117.7796,84.2687,34.0280,22.8389,7.8329,8.3393,0.0000,0.0000,0.0000,20.9382,Alex Vlasic,D,21.2128,1.0654,6.3925,11.7172,23.4344,14.9133,27.6962,0.2748,4.0555,-41.0530
8485395,BOS,672.6113,54.0534,20.0134,87.7235,139.0780,9.3108,8.2748,11.1396,39.5785,36.0293,61.0625,746.6780,46.3028,23.0599,38.3245,14.6224,26.1039,9.0696,9.1443,213.7570,105.8531,107.9039,19.4144,James Hagens,F,12.2281,4.9460,11.8705,6.9257,15.8302,13.8503,25.7221,0.3179,9.4329,3.5492
8478450,VGK,1058.0841,15.6156,173.6617,58.0764,120.3939,2.6280,2.1516,17.0828,59.0603,64.5938,66.4375,1247.3615,113.8966,86.0492,82.2697,18.5524,35.9095,12.7210,12.6358,0.0000,0.0000,0.0000,19.2344,Parker Wotherspoon,D,18.7750,0.0000,3.9381,11.8129,22.6414,13.7819,24.6106,0.2895,3.7047,-5.5335
8480289,WPG,728.1687,13.0230,96.8611,83.3436,147.5503,10.6218,8.9150,10.7041,36.3003,44.0574,65.0469,838.0527,127.9944,37.7040,33.0710,17.9637,24.5955,10.2270,11.6042,539.7658,259.5875,280.1783,19.6192,Morgan Barron,F,12.8838,5.0708,13.1841,6.0863,15.2157,14.1999,25.3570,0.3016,10.6967,-7.7572
8477426,TOR,782.7154,86.3270,34.1991,84.6020,156.7084,11.5240,9.6900,10.6428,42.5835,47.5294,67.1562,903.2415,71.9462,25.7198,39.1495,13.4779,25.1733,6.4808,8.1307,489.7483,249.5832,240.1651,20.3328,Nick Paul,F,13.4499,5.2558,13.6652,6.3078,14.7183,14.7174,26.2810,0.3028,11.4536,-4.9459
8476312,COL,854.9730,8.3372,163.7491,93.5281,170.0379,5.2501,4.3148,14.3409,51.3571,57.5267,59.1562,1027.0592,122.0814,70.6052,68.3183,20.6542,56.9453,19.7058,10.5993,0.0617,0.0312,0.0305,18.6557,Josh Manson,D,17.3618,1.9342,6.7696,9.6709,19.3418,13.5393,25.1443,0.3154,4.6134,-6.1696
8478970,CAR,1092.8696,18.0313,192.8999,92.8919,201.1409,5.6411,4.7408,13.7256,68.2657,69.9941,71.2188,1303.8008,39.7529,61.1374,65.2661,22.3710,32.6580,12.6795,7.2035,0.0000,0.0000,0.0000,18.4663,Jalen Chatfield,D,18.3070,1.9218,7.6873,8.6475,18.2559,12.4912,24.0215,0.2593,5.1035,-1.7285
8476958,CAR,1050.2982,18.5928,239.9971,100.4662,182.4474,4.0263,3.4479,14.9053,67.9734,73.5379,63.1562,1308.8881,16.3197,88.7012,56.3236,39.7008,7.9297,4.5397,5.9751,0.0021,0.0011,0.0011,18.3532,Jaccob Slavin,D,20.7246,0.9613,5.7679,10.5717,20.1824,13.4555,24.0277,0.2906,3.4319,-5.5645
8476981,MTL,759.9614,11.5058,142.5887,80.2178,141.4374,12.0689,9.6720,8.7803,42.9535,54.0219,69.9062,914.0558,123.2102,32.8435,33.9663,11.2840,68.3013,22.0684,19.6400,35.2351,19.0331,16.2021,18.4523,Josh Anderson,F,13.0755,5.8087,13.5536,4.8405,12.5853,12.5853,24.2026,0.2640,12.0572,-11.0684
8479398,PIT,1091.3373,27.7281,64.6117,50.8006,132.8457,3.2321,3.0060,15.9405,56.3956,63.4080,63.8594,1183.6771,34.7607,75.1990,65.4218,15.6916,16.7332,7.7452,6.6858,0.0024,0.0012,0.0012,18.9465,Samuel Girard,D,18.5357,1.0039,5.0193,11.0443,21.0846,13.0521,25.1001,0.2967,5.9172,-7.0125
8478831,UTA,739.6670,10.3467,247.2337,68.5400,135.3127,9.3268,7.4205,11.4359,45.5484,65.8623,72.7500,997.2474,43.5864,48.4396,41.3176,14.4169,35.9591,15.8380,11.4118,848.3506,460.7853,387.5653,18.8565,Kevin Stenlund,F,13.7079,4.0323,11.0888,7.0547,16.1251,13.1029,25.1980,0.2592,10.8265,-20.3139
8484197,CHI,667.4782,70.6096,11.0739,69.8235,125.0172,7.5322,7.4523,12.4731,33.6371,38.1669,69.0781,749.1617,30.9666,18.1921,43.9271,14.0093,22.4574,8.4980,9.1822,287.1939,146.7930,140.4009,19.9254,Oliver Moore,F,10.8451,4.2617,10.6542,7.4592,17.0497,13.8521,26.6386,0.2884,10.6731,-4.5298
8481716,CBJ,582.5871,55.0475,11.9192,82.7444,137.6890,10.2387,9.0806,9.2681,36.4156,27.6437,68.7344,649.5538,61.3363,22.7160,31.0714,7.3086,34.4090,11.3574,4.5761,55.7704,24.4766,31.2938,18.3488,Dmitri Voronkov,F,9.4502,4.9249,12.8049,4.9260,13.7928,12.8062,24.6274,0.2670,10.9743,8.7719
8479638,PIT,678.8206,35.2881,19.0046,83.9658,146.7044,10.1949,9.3642,9.3021,36.4557,37.3527,61.9219,733.1133,86.8605,33.0243,35.3397,11.0737,14.3250,5.4580,8.4039,8.5018,4.0378,4.4640,18.6662,Justin Brazeau,F,11.8393,5.0171,14.0480,5.0185,13.0482,13.0463,25.0890,0.3014,11.1524,-0.8970
8476874,MIN,919.7001,23.6474,165.0286,55.0757,108.4921,3.7211,2.9971,15.0825,54.3141,60.4652,56.9375,1108.3761,15.3566,84.5118,71.5586,16.7291,12.6041,6.5801,6.5764,0.0016,0.0008,0.0008,18.0796,Olli Maatta,D,19.4665,0.9724,4.8618,9.7226,20.4174,12.6396,23.3346,0.3175,5.4418,-6.1511
8482733,STL,921.6184,92.1482,98.2092,83.9073,179.7557,5.7953,4.6488,14.3302,54.3744,57.3884,55.7031,1111.9760,89.9514,61.7276,62.2206,16.2460,45.9061,17.3283,10.4359,0.0018,0.0009,0.0009,18.9790,Logan Mailloux,D,19.9625,2.0487,7.1704,9.2189,19.4621,13.3162,25.6081,0.3407,5.5404,-3.0140
8480873,WSH,929.5532,20.2343,99.9782,63.4105,128.4410,3.1893,3.0951,15.2593,47.7564,57.7560,56.3906,1049.7657,59.1858,82.2929,53.1566,17.7970,14.9977,7.0124,4.9794,0.0000,0.0000,0.0000,18.3545,Rasmus Sandin,D,18.6160,0.9988,4.9941,9.9894,20.9776,12.9859,23.9739,0.3255,4.8811,-9.9995
8476931,TOR,1278.7319,19.8759,338.6813,73.6983,152.7218,4.1701,4.0470,15.1702,65.7833,112.9255,73.3906,1637.2891,106.2764,152.7045,86.0259,18.7797,56.1836,20.6435,12.0259,0.0000,0.0000,0.0000,19.2171,Jake McCabe,D,22.3092,1.9972,6.4119,10.5097,21.0193,13.6630,25.2240,0.2618,5.4913,-47.1422
8474151,TBL,864.0161,23.1941,211.8929,52.0316,123.8957,4.2747,3.8395,13.7993,56.0633,62.7913,57.0938,1099.1031,19.4431,87.8073,63.2497,16.3253,14.0832,6.6807,4.4514,0.0021,0.0011,0.0010,17.6388,Ryan McDonagh,D,19.2508,1.9320,6.7621,8.6925,18.3509,12.5564,23.1810,0.3089,7.3792,-6.7281
8482511,BOS,958.1982,69.2177,47.0052,69.3589,155.7337,5.7219,4.7939,13.2443,56.0649,53.4899,65.1875,1074.4211,23.9112,76.5382,73.6713,18.0127,17.9375,8.9804,6.5576,0.0000,0.0000,0.0000,18.0382,Mason Lohrei,D,16.4820,1.9789,7.9156,8.9063,17.8127,12.8642,23.7493,0.2767,6.9117,2.5751
8483731,PHI,646.2941,30.7808,16.2045,77.5794,154.7258,9.7812,8.0597,10.3375,33.0184,31.7966,60.5781,693.2794,51.9012,22.7477,35.0499,10.8163,13.3710,6.3181,7.6157,16.2300,7.9511,8.2789,18.3972,Alex Bump,F,11.4444,4.0440,12.1320,6.0683,15.1708,12.1345,24.2690,0.3037,10.3889,1.2218
8478569,PHI,677.0465,15.8930,167.8133,84.5277,142.1418,11.8311,8.9603,9.4039,38.8177,52.2482,64.9062,860.7529,93.1966,61.2913,27.6718,12.7348,17.5135,6.3796,10.0938,618.8340,323.1261,295.7079,18.3642,Noel Acciari,F,13.2615,5.0587,13.1525,5.0583,13.1516,13.1521,24.2807,0.2829,10.6005,-13.4305
8475279,DET,1317.0178,39.0769,139.3998,94.5274,214.1425,4.2129,3.6367,14.4708,68.0696,79.1298,73.3438,1495.4946,131.0377,128.4804,69.6601,20.4434,61.9658,25.1467,11.7446,0.0000,0.0000,0.0000,18.1075,Ben Chiarot,D,20.3902,0.9993,5.9957,9.9937,19.9874,12.9916,23.9845,0.2469,3.8473,-11.0603
8475188,VGK,1057.5853,15.6471,233.3212,93.6215,197.4197,4.6363,4.1945,13.6420,61.3776,71.7898,65.2344,1306.5537,101.6346,131.3805,55.3674,17.3009,28.5308,13.4227,7.9918,0.0000,0.0000,0.0000,17.8364,Brayden McNabb,D,20.0286,1.9693,6.8925,8.8601,18.7047,12.7985,23.6280,0.2734,4.4802,-10.4122
8480035,BOS,875.2860,42.2338,51.9902,59.9945,129.1903,3.2991,2.9751,14.9273,48.7259,49.2267,57.4219,969.5099,39.3977,54.1762,55.6046,11.0653,16.8016,8.4057,4.1770,0.0015,0.0007,0.0007,17.9024,Henri Jokiharju,D,16.8840,0.9895,4.9473,9.8953,19.7906,12.8637,23.7484,0.3118,4.9590,-0.5007
8476463,MIN,980.3155,30.9635,120.9199,83.4004,155.0555,2.9221,2.8796,14.6824,56.6920,57.1581,65.2656,1132.1989,14.0959,101.3884,44.1652,15.8395,16.1772,8.1990,6.7460,0.0017,0.0009,0.0008,17.5620,Jonas Brodin,D,17.3476,0.9719,4.8595,9.7191,19.4382,12.6348,23.3258,0.2691,3.4528,-0.4661
8482751,SEA,659.9402,15.1333,91.9448,89.1535,139.6303,10.8677,8.2606,10.6017,32.0860,45.3945,61.8906,767.0184,72.5280,29.4433,35.2253,15.6842,14.6462,5.8792,11.5385,22.1434,10.7387,11.4047,18.8623,Ryan Winterton,F,12.3931,4.1763,12.5290,6.2651,14.6186,13.5739,25.0596,0.3048,9.2656,-13.3086
8478046,CBJ,679.4540,17.9413,34.2283,64.2572,117.2656,7.8432,7.1649,10.6017,37.4504,32.9267,61.0000,731.6237,62.5270,27.8700,33.2425,12.6047,21.2695,8.2003,5.5494,34.9138,16.2509,18.6629,17.7667,Danton Heinen,F,11.9938,3.9396,10.8339,6.8957,14.7766,12.8053,23.6406,0.2913,11.1504,4.5237
8476469,LAK,735.0953,21.5133,88.2753,99.9010,168.7104,9.8437,7.7738,10.1597,41.1951,44.7395,70.7344,844.8838,62.0243,30.2989,41.7570,18.2847,21.8656,10.4920,7.8631,76.6384,34.1880,42.4504,17.9335,Joel Armia,F,11.9445,3.9792,11.9376,5.9700,14.9249,12.9338,23.8778,0.2535,7.7815,-3.5444
8476480,WPG,635.2336,71.9580,29.3646,72.7148,127.9768,8.8564,7.2445,11.0255,37.2579,33.5717,61.5938,736.5562,60.5989,29.2646,30.9464,9.3457,24.5371,8.0972,9.5212,332.2087,148.9603,183.2484,18.2700,Vladislav Namestnikov,F,11.9583,4.0572,11.1572,7.1016,15.2177,12.1732,24.3464,0.2966,9.9629,3.6862
8479661,BOS,673.1735,18.4573,90.7489,65.9855,130.0227,10.9200,8.7178,9.0220,37.6747,44.3828,68.5469,782.3796,197.2614,38.5361,38.0237,6.7963,68.4204,13.4726,10.3444,17.8183,8.4110,9.4074,17.7399,Tanner Jeannot,F,11.4138,4.9470,12.8622,4.9477,12.8640,11.8737,23.7473,0.2588,13.2117,-6.7081
8483690,NYR,707.0358,17.1072,140.4919,72.5578,114.0508,8.0313,7.3486,10.8146,37.3821,50.4301,67.5469,864.6348,94.3115,34.7900,37.0453,11.8815,26.7417,10.6408,10.1825,791.8303,388.1393,403.6910,18.1632,Noah Laba,F,12.8005,4.0535,11.1472,6.0799,15.1998,12.1601,24.3202,0.2689,10.1280,-13.0481
8478854,EDM,976.3002,19.7021,166.8983,58.4819,145.3486,3.8369,3.1078,14.4726,54.2621,64.5072,60.3438,1162.9006,31.2878,74.0031,50.8963,18.6859,20.6589,8.2857,7.8690,0.0023,0.0012,0.0012,17.5804,Ryan Shea,D,19.2713,0.9810,5.8859,9.8093,19.6186,12.7522,23.5425,0.2913,5.3140,-10.2452
8477503,TOR,659.2181,64.6212,13.8792,69.7073,130.4696,7.3496,6.6515,12.1639,34.3274,37.6089,56.9375,737.7186,24.1197,20.5073,49.4812,13.6687,60.9380,13.7080,8.1702,224.8891,110.9440,113.9451,18.8154,Max Domi,F,12.9566,3.1493,10.4977,7.3501,16.8002,12.5991,25.1983,0.3305,9.5420,-3.2815
8480829,CAR,664.8349,28.9216,13.9601,70.5740,118.6242,8.7268,6.5635,10.6456,39.7655,31.2874,61.1094,707.7166,61.9417,21.6172,42.5361,9.8750,25.7727,10.7007,9.4799,411.6443,204.9159,206.7284,17.2091,Jesperi Kotkaniemi,F,11.5811,2.8821,9.6069,6.7263,14.4136,11.5299,23.0597,0.2816,9.3002,8.4781
8480434,NYR,901.0297,38.1869,32.6092,73.7087,183.0806,4.4952,3.9822,14.0718,43.4604,45.9511,62.8594,971.8258,28.8632,73.7438,60.0167,12.1430,36.3463,12.4410,7.7471,0.0023,0.0011,0.0012,18.0540,Sean Durzi,D,15.4603,2.0261,7.0912,9.1190,19.2512,12.1582,24.3164,0.2872,5.4026,-2.4907
8476441,LAK,1040.7610,13.4650,203.5712,86.5111,183.7798,4.8384,3.9505,13.7181,59.2787,73.4279,69.9531,1257.7972,78.6522,87.9850,65.5459,12.8232,23.5564,10.2930,6.4902,0.0000,0.0000,0.0000,17.6686,Joel Edmundson,D,17.9806,1.9902,6.9658,8.9554,18.9059,11.9407,23.8815,0.2526,4.5665,-14.1492
8476927,TOR,828.4271,17.5177,118.9563,75.1630,135.3557,9.2126,7.3101,11.3211,39.1102,59.2480,66.9062,964.9011,87.1483,32.3001,42.2659,16.2988,32.7005,12.2510,8.9446,558.0482,270.2847,287.7635,18.6312,Teddy Blueger,F,14.4217,4.2045,11.5624,7.3589,15.7690,12.6145,25.2290,0.2785,9.7256,-20.1378
8483752,TBL,593.5065,36.9487,15.9926,83.6912,140.3128,9.0488,7.3141,9.7012,35.4812,28.6275,53.9688,646.4479,69.7162,18.3246,40.2392,13.3190,12.4926,5.9990,10.7677,387.2919,198.3308,188.9611,17.0153,Dominic James,F,11.9782,3.8613,10.6186,5.7944,13.5203,11.5867,22.2078,0.3153,8.7394,6.8537
8476892,STL,1214.0356,23.4970,203.3124,98.5457,212.8599,6.7088,6.3411,11.6562,64.3395,81.5133,70.7500,1440.8450,76.6698,135.5931,77.1476,28.1901,16.1759,7.1586,7.8406,0.0000,0.0000,0.0000,17.9973,Colton Parayko,D,20.3653,3.0724,10.2413,7.1691,16.3864,12.2897,23.5553,0.2544,6.4347,-17.1738
8477953,EDM,707.5515,14.2015,127.6535,88.4176,150.3615,9.6481,7.2801,9.7506,39.6602,47.7184,62.0625,849.4064,90.7789,22.1426,38.2360,11.7430,16.6413,8.1033,9.9508,39.0437,18.0688,20.9749,17.0307,Kasperi Kapanen,F,13.6863,3.9235,10.7895,5.8854,13.7326,11.7705,22.5602,0.2744,8.2338,-8.0582
8482073,NYR,1113.6074,25.8950,239.7563,83.7354,180.9987,3.9908,3.5318,13.8672,59.4680,81.9013,72.6875,1379.2588,131.1445,118.1726,83.0934,19.0981,20.3579,10.2732,7.5675,0.0000,0.0000,0.0000,17.3990,Braden Schneider,D,18.9752,1.0136,6.0814,9.1208,19.2550,12.1614,23.3093,0.2394,4.2178,-22.4334
8476278,DAL,560.3976,10.0975,160.5549,61.4380,126.6547,8.8640,7.4388,9.2115,34.9069,43.8485,61.7031,731.0499,88.7677,27.1402,32.0943,13.7462,22.9781,9.2868,13.2198,234.9503,106.2662,128.6842,16.6504,Colin Blackwell,F,11.8479,3.8859,10.6863,5.8279,13.5985,11.6568,22.3422,0.2698,12.1079,-8.9416
8476967,COL,1288.2885,11.1405,181.5882,91.8533,183.2280,4.1106,3.2891,13.2842,74.6157,78.1923,75.9844,1481.0172,23.8049,98.5666,66.7667,16.0295,29.3192,14.5238,5.2379,0.0000,0.0000,0.0000,16.5733,Brett Kulak,D,19.4911,0.9672,5.8030,8.7049,18.3769,11.6064,22.2456,0.2181,3.5808,-3.5766
8479983,WPG,1126.8802,17.6689,250.1591,77.0247,157.2674,3.5367,3.0865,14.2141,59.8646,81.5479,73.0938,1394.7083,107.0253,114.2894,63.4918,24.0029,35.0909,14.3934,7.1920,0.0000,0.0000,0.0000,17.3006,Mario Ferraro,D,19.0811,1.0145,5.0725,9.1285,19.2712,12.1717,23.3290,0.2367,4.0071,-21.6833
8476474,NJD,514.3986,119.3479,10.8963,82.6060,131.4161,10.3504,8.1632,8.3761,43.3309,28.8062,61.6250,644.6428,65.2991,16.9520,33.9061,7.8324,27.1137,9.3183,6.9654,52.8453,25.7425,27.1029,16.5393,Stefan Noesen,F,10.4607,4.8632,11.6716,4.8632,11.6716,11.6717,22.3707,0.2684,9.8821,14.5247
8479977,UTA,683.8013,18.0477,22.3344,70.1415,96.1784,7.8551,7.0113,10.1067,34.3598,32.6287,61.3438,724.1834,46.3574,20.8963,27.7845,13.5712,16.2434,7.7632,10.1531,49.9878,22.9721,27.0157,17.1180,Kailer Yamamoto,F,11.8053,4.0289,11.0795,6.0461,14.1075,12.0899,23.1724,0.2791,9.9959,1.7311
8484150,CGY,919.0036,99.2734,32.2318,62.5411,124.1120,4.2819,4.0203,14.0358,47.8161,53.7650,56.5781,1050.5088,46.3607,55.8030,52.2208,13.0753,15.8837,8.3533,6.5097,0.0039,0.0020,0.0019,18.0561,Hunter Brzustewicz,D,18.5674,1.0684,6.4103,9.6157,19.2313,12.8209,24.5734,0.3191,6.4283,-5.9489
8482768,COL,718.4149,11.7593,47.1488,66.3488,123.4781,8.2513,6.0501,10.2497,40.3751,36.6567,69.0781,777.3229,50.5480,26.1932,45.4565,13.2249,19.6183,9.1841,11.7596,431.3221,186.8179,244.5042,16.2998,Fedor Svechkov,F,11.2528,2.9005,9.6685,5.8029,14.5072,10.6374,21.3715,0.2360,9.1186,3.7183
8475343,VGK,700.4125,12.7900,102.5504,60.9728,114.2560,7.3846,6.5181,10.0757,38.9786,41.3754,66.2500,815.7529,96.0821,42.1255,37.0637,16.9935,43.3736,15.7359,12.7489,664.8595,326.4282,338.4313,16.5937,Nic Dowd,F,12.3133,2.9532,9.8439,5.9072,13.7834,11.8138,21.6586,0.2505,10.6901,-2.3968
8484794,DET,572.8952,58.6736,10.4602,76.7401,137.6860,8.8199,7.0959,9.7199,33.5249,28.8043,53.6406,642.0290,136.2728,18.1534,34.1720,11.9460,13.7501,6.1934,7.9997,9.8072,4.8650,4.9421,16.8158,Michael Brandsegg-Nygård,F,11.9691,3.9939,10.9831,5.9922,13.9817,11.9832,21.9691,0.3135,9.2467,4.7206
8479591,BOS,580.5105,31.4811,17.2643,106.5708,173.1010,10.5624,8.0117,8.5906,32.0469,30.5317,59.2344,629.2559,67.3671,19.6422,32.2945,8.8536,48.4013,13.8405,13.3255,19.0708,9.1853,9.8854,16.6023,Michael Eyssimont,F,10.6232,4.9467,11.8720,4.9486,12.8665,10.8849,21.7698,0.2803,7.5177,1.5152
8481535,NSH,750.0715,47.0894,11.5911,77.6862,147.1904,8.7017,7.5312,9.4581,38.3505,39.5865,63.5781,808.7520,80.9938,19.3197,37.0314,12.7702,27.5043,12.0828,13.9901,4.6082,2.2614,2.3467,16.9893,Nils Hoglander,F,12.7206,4.0612,11.1682,6.0942,13.2040,11.1706,22.3413,0.2672,9.6944,-1.2360
8480995,TBL,637.8727,30.4158,12.7701,76.2694,149.3433,9.6574,8.0781,8.0615,36.7061,29.9032,64.9688,681.0586,44.5741,28.9847,28.4353,8.8640,21.7428,8.9525,15.8335,95.1461,45.6778,49.4683,16.1396,Pontus Holmberg,F,10.4829,4.8268,11.5843,4.8290,11.5895,10.6214,21.2428,0.2484,10.5916,6.8029
8480049,WPG,1218.3978,22.5617,208.6923,94.0394,185.4693,4.0816,4.0947,12.8557,62.7723,80.0512,72.5625,1449.6519,54.7413,116.3249,71.4268,28.2658,30.6094,11.2179,7.6445,0.0000,0.0000,0.0000,16.9504,Dylan Samberg,D,19.9780,2.0289,7.1011,8.1158,18.2605,11.1591,22.3183,0.2336,4.3542,-17.2788
8484304,FLA,824.4863,100.3055,26.8600,74.4136,131.5465,4.8421,3.9145,12.3501,55.0638,43.7830,59.4062,951.6518,70.4032,47.8364,41.8077,18.2178,27.4583,12.0907,11.5864,0.8139,0.4001,0.4139,16.2646,Uvis Balinskis,D,16.0194,1.9519,6.8318,7.8077,17.5673,11.7116,21.4712,0.2738,5.2605,11.2808
8473422,MIN,629.6639,39.6532,118.4818,65.5764,99.8680,6.5909,5.1959,10.9611,40.9994,43.2362,61.0625,787.7989,131.9931,26.8587,33.8307,11.4953,36.2401,10.9754,10.6471,382.7199,193.1936,189.5263,16.1570,Nick Foligno,F,12.9015,1.9438,7.7751,6.8029,15.5495,11.6623,21.3808,0.2646,7.9234,-2.2368
8474574,DAL,1107.3217,22.3613,176.3989,82.5482,156.7451,6.0360,4.7631,11.3231,62.9094,70.2758,68.5469,1306.0818,73.8872,105.9319,64.5313,18.4985,57.6700,24.2039,10.3028,0.0000,0.0000,0.0000,16.0862,Tyler Myers,D,19.0538,1.9430,7.7719,6.8002,15.5434,10.6862,21.3724,0.2347,5.7701,-7.3664
8477446,MIN,677.2991,26.7324,124.7294,78.1035,142.5463,10.5613,8.0036,8.0562,41.5763,45.4175,65.0469,828.7609,140.3299,48.5889,29.5177,14.4591,77.6729,14.3003,12.3320,647.3553,349.2576,298.0977,16.0597,Michael McCarron,F,12.7410,4.8597,11.6633,4.8597,11.6632,10.6914,21.3828,0.2469,10.2474,-3.8412
8476994,COL,574.0952,48.7473,10.8054,67.4280,104.0311,8.1296,5.9964,9.9754,36.7360,27.4881,52.6094,633.6479,40.6770,21.3296,36.9501,13.1334,21.4490,7.0557,8.2892,45.7797,22.5606,23.2191,15.9719,Vinnie Hinostroza,F,12.0444,2.9015,9.6716,5.8043,14.5107,10.6403,21.2806,0.3036,8.8931,9.2479
8477450,EDM,697.0828,12.3100,128.7464,70.0813,131.4971,8.1280,7.1268,8.9749,38.7711,47.4946,59.2812,838.1392,79.3927,40.4430,35.3346,13.3669,25.8748,8.5309,9.4039,856.6526,422.9832,433.6694,16.1017,Jason Dickinson,F,14.1384,3.9294,10.8058,4.9116,12.7702,10.8057,21.6114,0.2716,10.1694,-8.7235
8478013,EDM,976.5037,32.1077,48.8978,113.6029,229.7226,5.5277,5.0497,11.0116,51.7666,47.9435,62.9844,1057.5092,25.3978,94.5202,56.9715,15.7904,27.7349,12.2759,8.2450,0.0021,0.0010,0.0011,16.0613,Jake Walman,D,16.7900,1.9612,7.8447,6.8657,15.6930,10.7882,21.5764,0.2550,4.4451,3.8231
8483506,CHI,1036.4962,126.1759,22.2099,87.9833,178.7786,4.9014,4.6895,12.7201,54.3632,60.6201,63.1719,1184.8820,58.8136,72.8426,72.6787,15.6246,42.5037,15.7372,7.4608,0.0024,0.0012,0.0011,17.4096,Sam Rinzel,D,18.7565,2.1313,7.4595,8.5256,17.0513,11.7226,23.4451,0.2756,5.3300,-6.2569
8482858,SEA,1298.7028,20.9978,151.1705,58.8695,153.1024,3.0516,2.9202,14.1234,61.2407,84.1599,72.0000,1470.8711,79.9688,94.9055,64.8532,12.2769,41.7286,19.9793,10.9139,0.0024,0.0012,0.0012,17.0436,Ryker Evans,D,20.4288,1.0436,5.2181,9.3930,19.8298,11.4803,22.9605,0.2367,4.9605,-22.9191
8484136,VAN,746.0907,22.7570,39.9870,65.5774,118.1044,7.3323,7.4328,10.0298,31.3742,45.5316,63.7344,808.8347,35.0643,33.6219,38.7944,13.2460,20.7291,9.6224,8.7812,312.5776,139.7859,172.7918,17.4626,Max Sasson,F,12.6907,4.2937,11.8077,5.3691,13.9598,11.8102,23.6205,0.2740,11.3344,-14.1574
8484388,UTA,636.0107,46.1877,16.3878,74.2233,135.0271,11.4343,8.2152,8.1258,35.5343,31.0492,69.4062,698.5862,33.6416,28.6187,34.3774,10.0771,17.4507,7.6763,9.1072,38.1949,18.0112,20.1837,16.3411,Daniil But,F,10.0652,5.0381,12.0913,5.0399,12.0957,11.0858,22.1716,0.2354,11.0683,4.4851
8478911,WSH,1173.9996,15.8560,221.5773,70.6192,143.9650,3.2315,2.8237,13.3784,63.1503,86.3345,73.5000,1411.4330,101.2209,120.7034,79.3555,12.8864,24.1590,10.1670,7.7347,0.0000,0.0000,0.0000,16.2021,Matt Roy,D,19.2032,0.9999,4.9993,8.9980,17.9959,10.9977,21.9953,0.2204,3.9985,-23.1843
8482482,NSH,836.9332,9.8550,135.6894,57.6348,122.6571,4.4993,3.8992,12.5161,41.7818,58.0429,53.7656,982.4776,30.2800,50.8072,49.3171,15.5035,25.5854,10.7401,6.0439,0.0017,0.0008,0.0009,16.4153,Adam Wilsby,D,18.2733,1.0161,6.0966,8.1292,17.2745,11.1775,22.3550,0.3053,6.7653,-16.2610
8477969,NYR,1238.1456,19.2330,236.5395,60.9682,145.6419,3.3553,3.1784,13.1753,63.6005,86.5917,73.3906,1493.9181,66.8055,113.1568,70.2963,19.4782,43.5801,17.9171,7.9352,0.0000,0.0000,0.0000,16.3537,Marcus Pettersson,D,20.3557,1.0136,6.0813,8.1075,18.2418,11.1480,22.2960,0.2228,5.2132,-22.9912
8478851,MTL,1028.3379,9.8405,199.6629,48.8224,108.6399,3.6042,3.2351,12.3749,57.6108,73.5778,69.5000,1237.8413,38.6970,121.3518,45.6681,18.1179,34.0448,16.4695,9.7996,0.0000,0.0000,0.0000,15.6100,Alexandre Carrier,D,17.8107,0.9681,5.8085,7.7435,17.4229,10.6477,21.2954,0.2246,6.6262,-15.9670
8478366,ANA,581.4011,45.4714,45.3663,84.9389,153.8057,9.6435,7.4766,8.6690,34.4264,37.9100,65.1562,672.2388,82.0299,29.7768,25.4510,7.8540,38.8655,14.8520,11.0471,17.1042,8.4811,8.6231,16.1456,Frank Vatrano,F,10.3173,4.0099,11.0273,5.0138,13.0358,11.0288,22.0577,0.2478,8.8023,-3.4837
8477220,UTA,1067.0890,15.3626,192.0711,72.2623,165.1573,3.7727,3.3584,12.8587,58.7926,72.1239,69.1562,1274.5226,63.3459,74.3726,65.9417,16.9512,23.2919,10.0071,8.1506,0.0000,0.0000,0.0000,16.2171,Nate Schmidt,D,18.4296,1.0079,6.0472,8.0626,18.1408,11.0861,21.1643,0.2345,4.6475,-13.3313
8485388,NYI,490.4423,88.6909,13.3021,71.4980,108.7779,7.0650,6.8047,9.6053,31.7567,27.5826,43.8906,592.4352,55.0925,18.8878,28.2444,9.3595,16.5596,6.2976,7.3748,35.2323,17.1044,18.1278,16.4100,Victor Eklund,F,13.4980,4.0854,10.2135,6.1282,13.2777,11.2350,22.4700,0.3739,9.5173,4.1740
8480762,CAR,620.3571,13.8109,97.4593,77.5884,145.2291,10.9737,7.6314,7.8019,38.7222,38.5761,61.9062,731.6273,88.5867,14.4911,29.6736,9.1551,12.2035,4.4556,7.3151,16.3726,7.0695,9.3031,15.4334,Eric Robinson,F,11.8183,3.8440,11.5319,3.8442,11.5325,10.5712,20.1814,0.2493,9.8358,0.1462
8486169,PIT,870.8987,108.2630,47.1249,61.2793,130.8278,3.3920,3.3778,12.7260,55.8659,53.6484,50.9844,1026.2866,32.8720,70.0577,52.7922,14.2722,25.2945,10.5998,6.7803,0.0291,0.0146,0.0146,16.1038,Jake Livanavage,D,20.1294,1.0039,6.0231,8.0302,18.0680,11.0417,22.0835,0.3159,5.5121,2.2175
8476393,OTT,671.7897,12.4875,16.4358,68.5956,108.1879,7.8758,6.3968,9.2220,35.5128,29.6464,62.1094,700.7129,117.0915,28.0460,33.7533,11.5688,55.9718,16.2040,14.6239,38.6743,18.3993,20.2750,15.6188,Nick Cousins,F,11.2819,2.9220,9.7399,5.8458,13.6401,10.7159,21.4317,0.2515,9.3254,5.8664
8482209,CGY,535.4379,73.6973,7.3309,49.1542,103.9929,6.1445,5.6026,11.3906,29.3780,30.3477,47.7969,616.4661,38.8507,23.9867,30.8305,9.4155,15.7117,6.4986,7.4582,279.4689,135.1325,144.3364,16.9932,Rory Kerins,F,12.8976,3.1971,8.5256,7.4609,15.9876,11.7237,22.3817,0.3555,11.3980,-0.9697
8480192,NJD,976.0824,15.3579,149.6629,55.1604,144.9678,4.0853,3.5118,11.9735,55.9721,60.8688,62.0469,1141.1031,80.7540,71.7678,65.9729,15.7643,55.3853,17.7080,6.9664,0.0021,0.0010,0.0010,15.4853,Johnathan Kovacevic,D,18.3910,0.9728,5.8370,7.7830,16.5388,10.7015,20.4301,0.2496,6.3666,-4.8968
8477506,NYI,1065.0204,15.8687,207.6351,75.0282,161.9137,3.7132,3.3489,12.8650,56.5412,78.1707,67.8438,1288.5243,53.0915,117.4962,60.6895,21.0931,14.3134,7.4176,4.9565,0.0000,0.0000,0.0000,16.2138,Ryan Pulock,D,18.9925,1.0206,6.1233,8.1636,17.3477,11.2252,21.4300,0.2390,4.4635,-21.6294
8477407,NYI,587.1607,49.1441,8.8690,61.5093,115.5205,7.5395,6.9202,9.2144,31.4044,29.2587,57.3438,645.1737,16.1347,25.1284,27.7672,9.1507,13.7508,5.8023,7.4292,9.6699,4.5366,5.1333,16.1347,Anthony Duclair,F,11.2510,4.0805,10.2012,5.1018,13.2646,11.2228,21.4254,0.2814,11.2507,2.1457
8483471,WPG,503.5580,85.4174,5.3898,64.6940,109.7563,7.6308,6.3450,9.6836,32.4185,25.5114,49.4062,594.3652,47.7533,18.2163,29.6757,7.7376,15.5129,6.6896,6.9620,80.6899,38.6961,41.9938,16.0286,Brad Lambert,F,12.0302,3.0437,10.1457,6.0881,13.1909,11.1610,21.3074,0.3244,9.8077,6.9071
8478434,DET,762.0104,20.0287,75.3716,63.0120,121.3785,8.2614,6.7329,8.9791,38.7622,45.0370,74.9375,857.4107,224.1500,36.2770,37.0573,9.9188,45.9101,9.1671,7.1980,25.8240,12.0288,13.7953,15.7121,Keegan Kolesar,F,11.4417,3.9972,9.9929,4.9976,12.9938,10.9937,20.9880,0.2097,10.6852,-6.2748
8480003,NJD,678.6782,27.3718,100.4159,69.3559,140.4086,9.0489,6.4728,8.6352,41.2168,42.9721,64.7344,806.4659,131.1999,25.8943,38.8192,11.7233,13.9653,6.9007,11.6091,144.0985,58.2500,85.8485,15.1080,Jesper Boqvist,F,12.4581,2.9182,9.7273,4.8641,12.6467,9.7278,20.4284,0.2334,9.3328,-1.7553
8482763,COL,572.0272,38.6104,9.5087,78.1308,126.3950,8.5985,6.8039,8.1984,35.0484,26.7902,53.8594,620.1462,30.4543,17.9450,27.3464,9.6981,21.3227,7.9255,7.9141,20.7558,10.5114,10.2443,15.0023,Fabian Lysell,F,11.5142,3.8704,10.6437,4.8391,12.5818,9.6773,20.3223,0.2785,8.7084,8.2581
8484160,DET,468.8204,97.1089,9.6880,56.9071,96.5015,8.1348,6.5625,8.9142,34.2859,25.9907,52.6406,575.6173,18.7805,18.0514,29.3008,10.9943,11.3435,5.3523,6.3145,282.0896,121.5008,160.5887,15.4766,Nate Danielson,F,10.9348,3.0001,10.0004,5.0004,13.0012,10.0007,21.0014,0.2940,11.5319,8.2952
8480840,DAL,662.9804,12.5004,185.2216,59.2808,99.0878,7.2924,6.0751,8.8863,41.0163,51.4367,68.6094,860.7025,29.0587,33.0983,44.3620,13.6335,10.9797,5.7122,9.7747,93.1382,44.4416,48.6966,14.9614,Oskar Bäck,F,12.5450,2.9158,9.7192,4.8587,12.6327,9.7182,20.4082,0.2181,10.2480,-10.4204
8481219,BOS,909.9855,16.1489,106.8696,59.8176,137.1673,4.2194,3.4771,11.7131,49.0004,57.5872,63.5625,1033.0039,85.4914,80.6225,55.4913,12.0586,41.0189,13.1278,6.4959,0.0016,0.0008,0.0008,15.1902,Jonathan Aspirot,D,16.2518,0.9898,5.9391,6.9295,15.8388,9.8990,20.7879,0.2390,5.8129,-8.5869
8480860,CGY,1180.3734,22.5749,235.0806,49.4959,116.8013,2.5073,2.3971,13.9255,57.1910,90.2684,75.1719,1438.0288,97.4073,90.9625,71.8271,25.4220,49.3412,18.4643,8.0817,0.0000,0.0000,0.0000,16.3225,Kevin Bahl,D,19.1299,0.0000,4.2677,9.5996,19.1993,10.6667,22.4001,0.2171,4.8430,-33.0774
8483481,SJS,548.8472,76.7166,13.1311,64.7010,100.7834,7.2721,6.1130,9.5394,32.9790,31.0088,56.6875,638.6949,40.4475,19.1076,28.2601,9.6358,19.7729,7.5472,7.7729,166.6682,85.4536,81.2146,15.6523,Cam Lund,F,11.2669,3.0726,9.2177,5.1223,13.3179,10.2434,21.5111,0.2761,9.4480,1.9702
8482095,OTT,874.3786,11.3967,140.5193,77.4080,150.4417,3.2553,2.5891,12.2784,50.2441,53.3894,60.8438,1026.2947,98.2147,78.4431,61.1107,22.0551,35.4174,11.2071,7.8375,0.0022,0.0011,0.0011,14.8675,Tyler Kleven,D,16.8677,0.9747,4.8735,7.7975,16.5696,9.7469,20.4684,0.2444,3.3448,-3.1453
8476889,DAL,579.2660,9.5775,157.1257,59.9298,98.5274,7.5175,6.2357,8.5715,35.5197,44.2559,64.3906,745.9692,84.9087,38.0096,28.5346,12.7412,20.9307,9.8468,8.6806,462.2213,245.4239,216.7974,14.8072,Radek Faksa,F,11.5851,2.9147,9.7155,4.8569,12.6279,9.7145,20.4005,0.2300,10.4050,-8.7362
8475220,MIN,634.8327,18.7494,82.0692,67.6961,102.1824,8.4530,6.5576,8.2240,36.6653,37.5377,62.2812,735.6513,170.8575,36.0310,33.2858,12.7709,55.0512,11.5056,8.6562,17.0989,8.4523,8.6466,14.7816,Marcus Foligno,F,11.8118,3.8864,9.7161,4.8585,11.6603,9.7165,19.4330,0.2373,9.6868,-0.8724
8481043,WPG,600.3068,10.5671,150.6174,90.4980,157.3822,10.0320,7.5413,7.8398,32.6718,45.9443,61.5781,761.4913,184.8901,22.3079,34.1986,11.9580,17.4978,5.4891,9.4768,5.1143,2.5420,2.5723,15.3811,Cole Koepke,F,12.3663,4.0580,11.1594,4.0577,11.1587,10.1446,20.2892,0.2498,8.3331,-13.2725
8478891,DET,745.2062,30.3275,90.1066,70.0426,111.9685,7.1829,5.3135,9.8307,40.0796,46.8099,68.2500,865.6403,76.0537,26.6733,27.2345,9.0820,25.6720,9.6908,10.3199,32.7607,15.1814,17.5793,15.1442,Mason Appleton,F,12.6834,2.9976,7.9937,5.9961,13.9910,9.9930,19.9859,0.2219,7.5861,-6.7303
8481725,PIT,646.8598,16.1271,58.1938,73.3172,125.6564,8.7619,7.5549,7.5617,34.1816,40.2687,58.1719,721.1807,101.5098,21.5140,43.4680,12.4836,21.3482,8.4318,10.6735,17.0881,8.2340,8.8541,15.1166,Elmer Soderblom,F,12.3974,4.0145,11.0399,4.0153,11.0421,10.0373,20.0746,0.2599,10.3044,-6.0872
8479705,TBL,582.4635,27.4695,9.9583,78.9483,138.6079,9.4564,7.0633,7.4275,33.3044,27.1906,59.4688,619.8913,134.4214,22.8089,33.1972,10.2003,79.1012,13.8587,10.3026,10.2496,5.1223,5.1274,14.4908,Jeffrey Viel,F,10.4238,3.8620,10.6206,3.8634,11.5901,9.6568,19.3136,0.2437,8.9467,6.1139
8484240,VAN,1084.5598,44.0458,105.8081,61.7196,133.2646,3.7046,3.3520,12.7387,48.9148,73.8074,66.2188,1234.4138,37.2526,82.3601,61.5294,13.7905,29.8132,10.5851,7.7295,0.0021,0.0011,0.0010,16.0907,Tom Willander,D,18.6415,1.0737,5.3683,8.5909,17.1818,10.7381,21.4763,0.2430,5.4310,-24.8926
8479365,EDM,739.9092,13.6631,14.1502,88.0707,142.1954,9.3545,6.9222,7.6340,36.2248,32.6477,64.2656,767.7226,160.1572,25.5229,34.8393,9.7194,46.5163,10.1378,9.7270,202.8571,101.9790,100.8781,14.5562,Trent Frederic,F,11.9461,3.9222,9.8056,3.9239,10.7907,9.8078,19.6155,0.2265,7.8599,3.5771
8482803,BUF,774.4843,42.3111,66.7370,75.2689,172.9406,5.8907,4.9469,9.7956,44.4364,45.8372,63.6719,883.5323,23.4534,56.4077,45.4887,12.9379,18.8266,9.1711,8.9207,0.0012,0.0006,0.0006,14.7425,Olen Zellweger,D,13.8763,1.9887,7.9547,5.9664,13.9216,9.9437,19.8874,0.2315,6.5723,-1.4008
8482087,MTL,861.7063,12.6712,118.2255,56.3873,124.2650,3.4582,3.3340,11.0293,46.7381,55.3781,52.2656,992.6030,90.2326,88.6031,44.8789,17.0678,42.8325,14.8229,9.6680,0.0018,0.0009,0.0009,14.3632,Kaiden Guhle,D,18.9915,0.9701,5.8208,6.7911,15.5224,9.7014,19.4028,0.2748,5.9127,-8.6400
8484152,SJS,645.3717,143.9164,19.4083,55.2615,127.2125,5.3686,4.6753,10.4576,45.1517,39.1450,43.9531,808.6964,42.3110,56.3284,39.4388,12.0051,36.2323,12.6534,6.9844,0.0093,0.0047,0.0045,15.1329,Luca Cagnoni,D,18.3991,2.0520,7.1820,6.1555,15.3888,10.2595,20.5189,0.3443,8.4603,6.0068
8480029,EDM,508.0247,24.9113,111.5002,76.0392,121.8809,10.1068,8.0886,6.3694,31.8259,37.5195,42.7031,644.4362,57.0895,22.4607,34.6717,10.3432,21.2847,7.6656,9.1564,73.0416,31.3041,41.7375,14.4580,Alex Formenton,F,15.0911,3.9255,11.7765,2.9439,9.8130,9.8135,19.6270,0.3386,10.6374,-5.6936
8477839,BUF,614.9401,45.8234,31.5305,67.8801,121.5147,8.3308,6.7767,7.8607,35.8206,34.1969,60.1562,692.2939,19.3392,27.9306,29.3302,12.6136,14.0663,6.8099,8.1471,20.2567,10.4231,9.8336,14.6374,Conor Sheary,F,11.5083,3.9754,9.9385,3.9760,11.9281,9.9393,19.8787,0.2433,9.9833,1.6237
8483570,SEA,522.9312,12.4465,158.0094,58.6768,98.8015,8.9696,6.7197,8.6275,28.8720,49.0138,55.4062,693.3871,75.3030,17.4630,31.0487,11.0711,18.5481,5.9828,7.2332,365.5435,197.4940,168.0495,15.3472,Ben Meyers,F,12.5146,3.1325,10.4416,5.2195,12.5268,10.4401,20.8802,0.2770,11.4520,-20.1418
8481806,BUF,878.5510,13.6195,183.4231,77.3000,158.4436,3.7847,3.0818,11.4595,50.3067,64.7326,56.3125,1075.5936,100.4282,80.9546,53.1415,11.8799,37.5956,14.5833,4.7129,0.0015,0.0008,0.0007,14.5413,Louis Crevier,D,19.1004,0.9942,4.9712,6.9581,15.9043,9.9407,19.8813,0.2582,3.9868,-14.4259
8479378,NYI,828.3177,16.2884,150.1158,77.9555,171.5422,4.6125,3.9207,11.0025,43.6302,60.0098,60.3906,994.7220,84.1319,69.6405,55.3613,12.7208,91.0204,21.7131,7.9213,0.0016,0.0008,0.0008,14.9232,Logan Stanley,D,16.4715,1.0211,7.1474,7.1468,15.3145,10.2099,20.4198,0.2471,5.0295,-16.3796
8480043,WSH,930.4800,27.1710,72.3327,56.3271,126.8449,3.6921,3.1872,11.4139,47.5715,54.5305,60.5156,1029.9836,44.5519,89.0301,55.4990,10.7032,27.6757,12.5006,6.6108,0.0022,0.0011,0.0011,14.6011,Timothy Liljegren,D,17.0201,0.9998,5.9991,7.0002,16.0006,9.9999,19.9998,0.2413,5.6584,-6.9590
8482703,EDM,662.6554,18.0052,13.1339,59.4530,139.6787,7.7594,6.6678,7.6425,33.5139,29.4741,61.1406,693.7945,205.0359,26.4602,31.7700,15.0183,44.0930,10.3664,11.1354,94.3939,42.5866,51.8073,14.3103,Colton Dach,F,11.3475,3.9219,9.8047,3.9235,11.7704,9.8069,19.6138,0.2341,11.2153,4.0398
8476331,WPG,1157.5350,18.9191,207.3071,64.0345,155.9377,4.0626,3.6061,11.1669,59.6130,77.1220,73.1406,1383.7611,91.7295,86.9002,70.5995,17.2809,31.1415,15.2583,10.7126,0.0000,0.0000,0.0000,14.7730,Dylan DeMelo,D,18.9192,1.0145,6.0870,7.1015,15.2175,10.1450,20.2900,0.2020,5.6316,-17.5090
8480246,NSH,962.3699,11.7760,284.2337,63.5933,120.4829,3.7093,3.1334,11.6092,53.2352,83.1796,66.2812,1258.3796,34.9767,80.9998,71.2033,20.5871,17.9822,9.0855,7.5020,0.0000,0.0000,0.0000,14.7426,Nick Perbix,D,18.9855,1.0162,6.0973,7.1117,16.2552,10.1601,20.3202,0.2224,4.9273,-29.9443
8477488,NJD,961.0014,12.9126,183.9194,67.4390,128.9040,4.1564,3.6435,10.4481,56.4079,63.9942,58.5781,1157.8335,17.1900,97.7038,41.0298,19.8395,18.7453,8.6046,9.1739,0.0021,0.0011,0.0011,14.0916,Brett Pesce,D,19.7656,0.9728,5.8370,6.8099,14.5926,9.7284,19.4568,0.2406,5.4026,-7.5863
8482176,CHI,1144.1277,15.3261,162.2010,61.5938,134.2307,3.0817,3.0481,12.3494,50.7241,80.2256,63.9219,1321.6547,44.9539,78.9468,77.4644,25.7745,30.3694,14.8224,12.1020,0.0000,0.0000,0.0000,15.3975,Wyatt Kaiser,D,20.6761,1.0656,5.3281,7.4588,17.0486,9.5900,21.3111,0.2409,4.9487,-29.5015
8476979,LAK,645.5377,93.4221,20.7725,55.2600,132.3595,3.4770,2.7882,11.5650,43.9998,34.7595,45.1562,759.7323,24.3849,38.0651,49.6131,10.8616,19.1959,8.5951,4.5989,0.0033,0.0017,0.0016,14.3532,Erik Gustafsson,D,16.8245,0.9947,4.9734,6.9622,15.9137,9.9462,19.8924,0.3179,5.0456,9.2403
8480281,STL,666.7390,16.4750,126.0093,76.3243,117.3218,8.0966,6.9703,7.6662,36.2649,47.0107,67.5625,809.2233,145.3217,44.2767,28.2095,8.4051,24.3563,8.2163,8.7261,8.0140,4.0868,3.9271,14.6365,Alexey Toropchenko,F,11.9774,4.0965,10.2413,4.0966,11.2655,9.2172,20.4827,0.2166,9.1325,-10.7458
8482125,VGK,497.9417,19.8129,10.9822,53.3069,107.2665,8.0920,6.7490,7.1946,26.4309,22.5362,47.7188,528.7367,37.2936,14.1270,28.6681,4.6617,10.4813,5.0856,4.0008,17.7941,8.0787,9.7154,13.9436,Alexander Holtz,F,11.0803,3.9458,9.8646,3.9472,10.8547,8.8796,18.7458,0.2922,12.6607,3.8948
8474013,CHI,1022.2796,13.3036,210.4719,55.3797,128.9184,3.6219,3.0397,11.9515,47.7093,80.8348,69.0156,1246.0552,62.4772,127.6210,79.1993,15.0212,51.7134,21.0064,7.9457,0.0000,0.0000,0.0000,14.9911,Ian Cole,D,18.0547,1.0657,5.3285,7.4583,17.0475,9.5897,20.2449,0.2172,5.4888,-33.1255
8485383,SEA,459.4199,52.5052,24.0517,64.1006,100.9794,6.5610,6.1907,8.4281,25.8770,27.2597,45.8750,535.9769,47.4813,18.6806,28.8364,8.6024,17.7024,6.3754,7.6153,185.9710,84.4129,101.5581,14.6188,Jake O'Brien,F,11.6834,3.1303,9.3908,4.1741,12.5223,9.3913,19.8261,0.3187,9.6578,-1.3827
8475455,NJD,1092.5316,24.6579,164.6015,53.0275,113.0933,3.0722,2.3505,11.2629,63.6280,68.2627,70.2500,1281.7910,160.7088,86.9225,53.9121,8.8743,68.6976,19.6776,6.6333,0.0000,0.0000,0.0000,13.6134,Brenden Dillon,D,18.2461,0.9728,4.8639,6.8091,15.5637,8.7547,18.4821,0.1938,4.4326,-4.6347
8478859,FLA,1151.3514,16.6172,217.0279,68.9653,155.5622,3.7842,3.2709,10.2576,65.1991,78.4478,70.4844,1384.9966,114.0822,81.8395,72.3730,13.5522,57.1403,21.9937,14.4571,0.0000,0.0000,0.0000,13.5284,Niko Mikkola,D,19.6497,0.9756,5.8537,5.8535,14.6337,8.7803,18.5363,0.1919,4.7428,-13.2488
8479982,BUF,844.6709,8.6926,236.3324,73.2563,153.7217,3.1646,2.7615,11.0003,50.6163,69.1573,60.6719,1089.6959,45.5093,93.1327,61.4480,13.0709,32.3676,15.1958,7.8295,0.0015,0.0008,0.0007,13.7618,Conor Timmins,D,17.9605,0.9944,4.9720,6.9582,15.9045,8.9469,18.8879,0.2268,3.7697,-18.5410
8481532,LAK,515.5536,21.0644,12.2492,59.7234,104.6960,7.2864,5.8743,7.8881,27.5984,24.7032,62.2969,548.8672,37.4940,22.4423,24.6295,9.0691,16.1010,6.7657,6.4995,391.6256,209.1024,182.5233,13.7624,Alex Turcotte,F,8.8105,2.9835,8.9505,3.9796,11.9388,8.9526,18.8998,0.2209,9.8358,2.8952
8476925,TOR,669.3008,51.9401,92.8389,61.8763,105.3688,8.5152,7.1602,7.3780,36.2606,48.7033,64.0938,814.0798,85.2654,40.6226,31.2159,12.9412,22.7603,9.6496,9.4515,443.7162,236.0303,207.6859,14.5382,Colton Sissons,F,12.7014,4.2045,10.5112,4.2048,11.5631,9.4604,19.9719,0.2268,11.5717,-12.4426
8478233,CHI,711.6621,14.0004,15.9362,61.9566,118.2129,7.6619,6.9029,7.8340,28.7458,38.8070,67.5938,741.5986,57.5555,22.8449,34.5857,8.7224,25.6383,9.3207,11.0980,11.2501,5.7873,5.4628,14.7369,Andrew Mangiapane,F,10.9714,3.1961,10.6538,4.2630,11.7232,9.5902,20.2459,0.2180,11.1415,-10.0612
8482929,TBL,896.1774,13.2499,135.0969,58.2645,122.3949,3.2610,2.5954,10.7663,52.6532,55.0458,57.2656,1044.5242,106.7138,58.5630,51.6709,10.1806,74.6504,22.9830,12.6248,0.0020,0.0010,0.0010,13.3617,Emil Lilleberg,D,18.2400,0.9665,4.8326,6.7658,15.4647,8.6990,18.3645,0.2333,4.4546,-2.3926
8480878,DAL,828.8596,49.0929,16.2998,55.8736,139.2062,3.3226,2.8890,10.5325,46.6499,40.3044,54.4844,894.2523,29.3419,50.2585,47.5191,8.6832,21.5321,10.3256,4.2194,0.0014,0.0007,0.0007,13.4215,Nils Lundkvist,D,16.4130,0.9708,4.8542,6.7972,14.5654,8.7389,18.4487,0.2463,5.1707,6.3456
8475324,ANA,978.8890,13.6903,95.6099,42.8292,116.2569,2.4518,1.9114,11.9339,49.7519,63.9814,59.1250,1088.1892,38.1356,70.2934,59.6056,12.8370,11.9683,4.9567,6.8828,0.0019,0.0009,0.0009,13.8452,Nick Jensen,D,18.4049,0.0000,4.0106,8.0234,17.0498,9.0260,19.0550,0.2342,4.4628,-14.2294
8483676,OTT,320.5653,61.8926,7.9026,50.6047,80.8317,6.7739,5.4989,7.9556,24.7941,16.6041,39.0625,390.3606,43.5655,12.6327,20.6319,5.4351,6.8795,3.3792,4.4944,146.6709,65.9984,80.6725,13.4545,Stephen Halliday,F,9.9932,2.9237,8.7712,4.8733,11.6958,8.7717,18.5180,0.3444,10.8663,8.1900
8478874,SJS,550.1498,25.8524,16.3283,74.3520,134.5999,8.7652,7.7713,6.3225,27.0554,29.3431,59.0938,592.3306,43.4208,21.9774,25.3083,8.6243,13.9198,6.5946,4.9963,212.0761,105.9593,106.1168,14.0938,Adam Gaudette,F,10.0236,4.0979,11.2692,3.0749,10.2497,9.2223,19.4692,0.2385,10.4520,-2.2877
8484803,VGK,467.3266,35.2830,22.6014,64.6881,101.4078,6.5946,5.7635,7.7822,28.0917,23.2107,46.0938,525.2109,46.5276,18.3054,28.2572,8.4296,17.3468,6.2474,7.4624,45.2254,19.3847,25.8408,13.5457,Trevor Connelly,F,11.3944,2.9541,8.8623,3.9399,11.8197,8.8637,18.7124,0.2939,8.9096,4.8810
8481014,NYI,990.6035,15.6199,172.7793,80.3076,168.6744,4.1461,3.9169,10.1048,51.9837,69.5984,61.4531,1179.0027,104.2042,111.7852,64.0061,16.8637,17.7931,8.9801,8.1842,0.0019,0.0009,0.0010,14.0218,Alexander Romanov,D,19.1854,1.0205,7.1434,6.1230,14.2871,9.1846,19.3896,0.2282,4.8774,-17.6147
8483505,BOS,375.2110,60.6761,9.1476,47.7565,80.3749,5.8114,5.4035,8.1110,26.1595,21.2349,34.0000,445.0347,14.5549,13.6047,25.4686,9.5438,10.1757,4.7114,9.3925,166.0347,76.6623,89.3724,13.5145,Matthew Poitras,F,13.0893,2.9703,8.9110,4.9514,11.8834,8.9119,18.8140,0.3975,11.3147,4.9245
8479941,BUF,475.8776,11.9264,116.5196,58.7270,91.2645,7.4201,6.0424,7.4516,28.7015,37.3332,52.0000,604.3237,76.0229,27.3678,23.5404,8.5844,14.8795,5.9385,5.2486,300.8297,153.2127,147.6170,13.4940,Justin Danforth,F,11.6216,2.9817,8.9451,3.9750,10.9313,8.9444,18.8826,0.2595,10.2890,-8.6318
8477425,CBJ,566.5814,20.2838,17.5837,70.2879,122.6674,9.0920,6.7403,6.6069,31.4651,26.3608,62.0000,604.4489,61.7132,19.1439,29.9635,9.0325,40.6018,13.1045,11.5148,17.7426,8.1960,9.5465,13.3472,Miles Wood,F,9.7492,3.9376,9.8441,2.9542,9.8474,8.8611,18.7069,0.2153,9.5895,5.1043
8483476,VAN,490.5141,101.7311,8.7663,58.7316,108.7179,7.0022,6.2606,8.2538,31.1299,30.8419,48.4219,601.0115,37.2497,17.7148,26.2932,8.5754,7.7200,4.2642,7.0238,7.6424,3.8463,3.7961,14.5144,Jonathan Lekkerimäki,F,12.4120,3.2171,9.6514,4.2897,11.9039,9.6516,19.3033,0.2997,10.6596,0.2880
8475231,NYI,635.7477,13.1552,117.7680,76.7675,130.6310,8.9392,6.8810,6.8938,33.8624,45.9851,62.5156,766.6708,125.0734,42.9936,36.0016,11.1959,21.9127,8.6749,9.2499,486.6821,255.7942,230.8879,13.7748,Casey Cizikas,F,12.2637,4.0818,10.2046,4.0819,10.2048,9.1841,18.3683,0.2203,8.9634,-12.1226
8476473,EDM,1031.0875,13.3425,171.2784,61.9324,146.4489,2.8237,2.5598,10.6715,56.0022,66.8072,60.4219,1215.7084,84.4593,118.4667,57.9366,14.4548,54.1314,17.3623,11.6992,0.0000,0.0000,0.0000,13.2313,Connor Murphy,D,20.1203,0.9807,4.9036,6.8645,14.7096,8.8258,17.6517,0.2190,4.1332,-10.8051
8480806,CBJ,604.7225,11.3786,120.5337,48.9381,80.8559,6.0146,4.7918,8.4917,36.5089,41.2092,56.5156,736.6348,34.1762,32.9656,28.2364,9.9961,6.1877,3.4180,6.3596,358.3416,175.3546,182.9870,13.2835,Isac Lundestrom,F,13.0342,1.9698,7.8793,4.9244,12.8034,8.8640,17.7280,0.2350,9.7915,-4.7003
8481754,ANA,515.1086,8.7799,35.8462,58.5722,107.2527,6.2217,4.9303,8.5000,25.8984,31.5527,49.3281,559.7347,86.8960,15.7118,24.6003,6.2840,11.5361,5.4406,6.6086,60.5346,29.4507,31.0839,13.4303,Nikita Nesterenko,F,11.3472,2.0048,8.0191,5.0142,12.0341,9.0241,19.0508,0.2723,8.4175,-5.6544
8484234,CGY,509.1405,72.1818,10.1358,70.5527,109.5107,7.3565,6.3156,7.9358,28.2213,29.3665,52.9062,591.4581,27.1824,20.0652,28.7794,10.0706,16.7639,6.5573,7.4859,18.5655,9.3940,9.1715,14.2514,Aydar Suniev,F,11.1794,3.1965,9.5895,4.2626,11.7220,9.5902,19.1804,0.2694,8.9516,-1.1452
8486025,WPG,499.3877,36.9724,19.8797,66.6850,105.0574,6.5475,5.6069,7.8386,26.6781,25.1700,48.8438,556.2398,49.2764,19.3868,29.9266,8.9276,18.3717,6.6165,7.9032,224.4852,101.8969,122.5882,13.4454,Viggo Björck,F,11.3881,3.0394,8.1052,4.0540,12.1621,9.1203,18.2406,0.2753,8.4080,1.5081
8480848,SJS,547.6414,17.0753,156.6887,56.5692,95.4958,8.3843,6.1676,7.3970,31.5653,49.3439,58.7812,721.4053,133.9193,34.3389,29.5920,9.0176,37.0754,13.7247,12.7196,506.1764,261.7482,244.4282,13.5645,Ty Dellandrea,F,12.2727,3.0768,9.2303,4.1020,11.2804,9.2298,18.4596,0.2308,10.9027,-17.7786
8479359,BUF,529.6780,8.7679,158.4172,55.7694,103.1003,7.4556,6.0018,7.1274,32.3861,45.0101,57.2188,696.8631,185.7721,48.6620,29.0975,9.6330,22.9779,7.5946,12.3577,19.1433,9.5411,9.6023,13.1291,Beck Malenstyn,F,12.1789,2.9844,8.9533,3.9782,10.9400,8.9519,17.9038,0.2295,10.7618,-12.6240
8484231,MIN,447.3370,40.6128,17.7015,62.5238,99.7859,6.3428,5.2363,7.5050,28.3425,22.3601,45.1875,505.6512,44.7948,17.6236,27.2049,8.1157,16.7008,6.0147,7.1845,160.4148,73.0804,87.3344,12.7413,Charlie Stramel,F,11.1901,2.9143,8.7429,3.8865,11.6594,8.7440,17.4879,0.2820,8.3750,5.9824
8479992,DET,634.2648,14.1360,132.8144,63.1125,107.9761,7.4338,5.9426,7.1204,34.7327,47.6195,67.5938,781.2153,78.3663,46.7518,29.6276,9.5204,20.1645,7.9996,8.9006,237.0779,111.0748,126.0030,13.0630,Michael Rasmussen,F,11.5575,2.9984,8.9951,3.9981,10.9947,8.9954,17.9909,0.1933,9.4159,-12.8868
8482742,COL,520.7092,12.3829,163.9847,68.1439,114.3041,9.5608,6.6189,5.8943,34.8340,44.2035,56.3281,697.0768,150.3200,24.8101,33.3888,11.8027,45.3820,9.9821,9.5197,11.9509,5.9194,6.0315,12.5133,Zachary L'Heureux,F,12.3753,3.8689,9.6723,2.9012,8.7037,7.7372,17.4088,0.2221,9.7132,-9.3695
8481028,CGY,627.2214,22.0412,23.5784,67.2488,111.1115,6.3341,5.7958,7.9713,27.6475,35.0132,66.8594,672.8411,193.8264,17.4950,31.5271,10.5524,61.3945,16.0405,15.1277,122.3679,57.5764,64.7916,13.7672,Martin Pospisil,F,10.0635,3.1983,9.5950,4.2664,11.7326,8.5312,19.1951,0.2059,8.6185,-7.3657
8483565,TOR,817.4329,22.7633,49.0548,59.5013,130.4156,3.4702,3.3358,10.2143,36.5122,49.0223,58.9062,889.2510,44.5678,53.8753,42.9078,14.2769,15.7294,7.7439,8.9562,0.9544,0.4569,0.4975,13.5500,Nick Blankenburg,D,15.0960,1.0508,6.3048,6.3061,14.7142,8.4077,18.9173,0.2300,5.6062,-12.5101
8476292,NYI,660.1811,26.0843,10.4592,58.6971,104.0317,6.2910,4.9953,8.1501,32.0345,31.7629,67.3438,696.7246,82.0811,36.2587,33.6170,10.7830,13.6175,5.4948,9.5498,12.2640,5.5990,6.6651,13.1454,Ondrej Palat,F,10.3458,2.0402,8.1607,4.0818,12.2453,8.1626,18.3657,0.1952,8.5103,0.2716
8484938,DAL,476.0982,8.8856,108.4602,61.3705,100.6673,7.6209,5.9595,6.4721,28.3873,34.0914,52.9062,593.4440,73.7700,18.7301,28.7524,9.8334,10.0223,5.0116,7.1896,409.9001,221.4391,188.4610,12.4316,Arttu Hyry,F,11.2169,2.9155,9.7182,2.9153,9.7177,7.7743,17.4923,0.2350,9.7107,-5.7040
8475208,LAK,983.4191,16.0202,82.6399,38.3517,104.1057,2.0213,1.7127,11.0058,51.8218,54.1444,68.2500,1082.0793,34.5815,66.5389,55.2239,15.0120,14.9219,7.5998,7.1020,0.0000,0.0000,0.0000,12.7186,Brian Dumoulin,D,15.8546,0.0000,2.9845,6.9652,15.9204,7.9600,17.9100,0.1864,4.4658,-2.3226
8482765,WPG,464.1617,60.4063,4.8136,55.3569,118.1182,6.8000,5.9414,7.0183,27.6156,22.7153,46.3438,529.3816,21.8326,20.4412,24.0410,7.6178,4.2351,2.8348,6.0667,8.0438,4.0316,4.0123,12.9597,Isak Rosen,F,11.4229,3.0433,9.1300,4.0586,10.1465,8.1164,18.2620,0.2796,10.7329,4.9002
8479980,NSH,909.6917,12.5738,166.8791,60.8684,144.2946,3.9168,3.3119,9.5839,46.5472,65.7950,64.4844,1089.1447,70.7055,61.4332,46.9058,13.1986,38.8970,11.9770,7.1938,0.0019,0.0009,0.0010,12.8958,Nicolas Hague,D,16.8901,1.0158,6.0948,6.0950,14.2216,8.1265,18.2846,0.2000,5.4411,-19.2478
8479371,CBJ,977.0997,26.3729,128.9213,60.5171,141.9158,2.6222,2.2861,10.2180,57.2574,58.2767,65.3750,1132.3939,54.6229,102.8685,60.7510,16.2404,32.1958,14.6570,9.1932,0.0020,0.0010,0.0010,12.5041,Dante Fabbro,D,17.3215,0.0000,3.9415,5.9125,14.7812,7.8833,16.7519,0.1913,3.7776,-1.0193
8477478,CAR,478.6006,12.5635,15.8997,56.9259,101.5930,6.8120,5.6610,6.4895,27.6397,22.8604,51.6094,507.0638,119.1710,13.6535,19.1104,9.2725,15.0015,6.9307,8.4418,13.1165,6.2979,6.8186,12.1505,William Carrier,F,9.8250,2.8823,8.6469,2.8833,9.6111,7.6876,17.2971,0.2354,9.9444,4.7793
8478840,BOS,887.0104,26.9200,172.1524,56.8408,133.4166,2.5969,1.9664,10.4737,52.2088,66.0722,69.1250,1086.0828,89.5638,78.4116,48.5805,13.2719,37.9278,12.6185,8.4733,0.0000,0.0000,0.0000,12.4401,Will Borgen,D,15.7119,0.0000,3.9601,5.9385,14.8462,7.9183,16.8264,0.1800,3.4595,-13.8635
8481032,VAN,705.2010,24.0753,28.5107,63.7355,124.1094,8.7594,6.8436,6.6273,29.5681,41.8268,71.7812,757.7871,168.9158,21.4290,31.0036,11.1142,27.2525,10.4284,11.5373,97.3635,50.0499,47.3136,13.4709,Paul Cotter,F,10.5569,3.2198,10.7326,3.2209,9.6626,8.5875,18.2484,0.1877,10.7375,-12.2587
8484188,STL,813.8226,13.4925,82.6762,62.3505,136.3953,4.1825,3.6262,9.2008,40.7915,47.1313,59.0781,909.9913,29.7795,57.2703,42.1735,10.4361,22.4495,9.9538,5.5024,0.0045,0.0023,0.0022,12.8270,Theo Lindstein,D,15.4032,1.0231,6.1387,5.1167,13.3033,8.1861,17.3955,0.2171,5.8158,-6.3398
8482691,VAN,611.6833,17.0271,86.3411,67.8363,116.9722,7.1067,6.2389,7.1910,27.6001,45.3874,56.2969,715.0516,146.0207,16.8776,27.9561,9.2921,22.7208,10.1943,8.1480,694.9938,412.2199,282.7739,13.4299,Aatu Räty,F,12.7014,3.2209,9.6627,4.2953,10.7383,8.5899,18.2536,0.2386,9.1969,-17.7873
8484759,OTT,587.3013,54.7459,14.6759,48.9227,107.6398,3.8739,3.3874,8.7886,37.1781,28.1607,47.2969,656.7231,14.2586,45.8995,37.9838,9.5991,19.1884,7.5140,4.1757,0.0125,0.0061,0.0064,12.1760,Carter Yakemchuk,D,13.8851,0.9741,5.8444,4.8707,12.6638,7.7929,17.5341,0.2574,6.9240,9.0174
8482165,CGY,980.6197,14.9774,180.1625,70.6585,132.9405,2.9787,2.7217,10.6026,46.5200,72.6774,61.0781,1175.7596,79.9419,98.6364,62.2976,12.1123,29.0413,10.2663,4.5032,0.0022,0.0011,0.0011,13.3243,Yan Kuznetsov,D,19.2501,1.0662,5.3310,6.3964,14.9249,8.5287,18.1234,0.2182,3.8519,-26.1574
8481563,ANA,813.8727,14.7646,72.7452,37.4939,102.4842,2.7092,2.3086,10.1890,41.6535,52.2067,57.2812,901.3824,64.4128,67.6638,42.1216,17.2480,32.3551,11.9268,5.1679,0.0015,0.0008,0.0008,12.4976,Drew Helleson,D,15.7361,1.0029,4.0116,6.0194,14.0452,8.0254,17.0541,0.2182,6.1573,-10.5532
8474189,FLA,571.2518,16.8279,74.2571,56.7885,87.3077,7.8805,5.2894,6.8552,32.1970,35.1863,61.2031,662.3368,37.8801,24.3188,34.0938,11.4540,17.2230,8.2019,8.5552,458.7591,240.2831,218.4760,12.1446,Lars Eller,F,10.8219,2.9255,8.7765,3.9014,10.7289,7.8022,16.5797,0.1984,9.3142,-2.9892
8478468,VGK,749.0805,8.1909,200.1788,63.5835,126.3029,3.8474,3.1457,9.0894,44.4777,55.0978,57.7812,957.4503,199.3906,71.2455,37.2847,9.7357,66.3689,17.6474,12.6543,0.0014,0.0007,0.0007,12.2350,Jeremy Lauzon,D,16.5703,0.9845,5.9068,4.9210,12.7946,7.8741,16.7325,0.2117,4.9473,-10.6201
8483573,WSH,474.0224,36.2915,8.5309,56.6703,94.0752,7.0027,5.7877,6.5995,25.7975,24.7658,58.1094,518.8448,34.6182,26.4671,22.1754,7.2638,13.0040,6.0100,7.1454,7.4061,3.5337,3.8725,12.3872,Ethen Frank,F,8.9288,2.9964,8.9893,2.9974,9.9914,7.9919,16.9829,0.2132,10.2130,1.0318
8481607,DET,900.7067,21.4896,86.2485,53.9096,118.2655,3.3427,3.0172,9.2923,45.5033,52.4221,65.4375,1008.4448,48.3768,72.9845,47.9885,15.6090,21.7555,8.6541,10.0660,0.0017,0.0009,0.0009,12.3095,Albert Johansson,D,15.4108,0.9991,4.9955,5.9957,13.9900,7.9939,16.9870,0.1881,5.5967,-6.9188
8486161,EDM,472.7856,31.5727,23.3946,67.0671,108.2539,6.2383,5.0928,6.9326,27.7039,24.0068,47.6406,527.7529,46.7527,18.3939,28.3940,8.4704,17.4308,6.2776,7.4985,58.6924,25.1743,33.5181,12.0255,Owen Michaels,F,11.0778,1.9626,7.8504,3.9261,10.7966,7.8514,16.6842,0.2524,7.5937,3.6971
8478057,TOR,514.4675,32.6329,17.6837,42.8668,72.6443,6.5345,6.0964,6.6184,24.7838,29.6113,50.5469,564.7840,150.4519,23.1853,26.0845,9.2540,34.4565,8.2317,8.5772,27.3150,12.4360,14.8790,12.7149,Dakota Joshua,F,11.1735,3.1494,9.4481,3.1501,10.5005,8.3994,17.8487,0.2515,14.2218,-4.8275
8478136,CGY,1029.4895,16.9438,129.6439,61.6554,131.8880,3.2131,2.7853,10.0999,46.6431,68.6568,68.5312,1176.0771,76.1686,105.3942,44.9516,13.2779,52.0551,14.5736,10.9375,0.0000,0.0000,0.0000,12.8853,Jake Middleton,D,17.1612,1.0664,5.3322,6.3986,14.9302,8.5315,18.1295,0.1880,4.5176,-22.0137
8477845,PIT,889.4067,11.6772,177.0928,50.8517,95.8807,3.3451,2.6890,9.4400,49.6788,68.2896,55.1875,1078.1766,11.1879,91.4276,43.8566,16.5608,21.2293,9.0818,5.8437,0.0022,0.0011,0.0011,12.1290,Trevor van Riemsdyk,D,19.5366,1.0046,5.0230,6.0272,14.0634,8.0363,17.0772,0.2198,5.2879,-18.6108
8483669,NYR,545.3654,14.5890,17.2709,66.1382,104.7237,6.7716,5.7604,6.4033,25.0120,27.1471,57.7500,577.2253,81.3811,25.5922,25.8607,9.3299,19.6824,5.1344,7.5944,26.2341,12.7002,13.5339,12.1637,Adam Sykora,F,9.9952,3.0383,9.1149,3.0395,10.1317,8.1038,17.2206,0.2106,8.7097,-2.1351
8481237,NYI,596.7499,16.1080,15.5572,47.2650,103.7294,6.6058,5.4063,6.8368,28.2755,29.4524,63.8438,628.4151,105.3810,20.9754,27.7780,9.2932,23.5080,7.2215,8.8921,192.5187,93.5689,98.9498,12.2431,Kyle MacLean,F,9.8430,3.0619,8.1650,3.0629,10.2097,8.1665,17.3539,0.1918,11.4382,-1.1768
8478416,TBL,853.4760,21.4965,205.8737,62.5920,134.2982,4.2818,3.3911,8.1585,54.9237,61.6872,63.5625,1080.8463,109.8050,83.8629,46.0873,14.0150,53.9072,17.1674,7.6074,0.0021,0.0010,0.0010,11.5497,Erik Cernak,D,17.0045,0.9660,5.7960,4.8290,11.5896,7.7269,16.4196,0.1817,5.4179,-6.7636
8476467,VAN,990.3692,19.5098,153.9168,69.8011,143.0330,3.5089,2.9800,9.7874,44.1380,75.3652,66.0625,1163.7959,78.6377,99.9313,61.8538,16.5763,29.0406,11.0852,6.8509,0.0000,0.0000,0.0000,12.7675,Jamie Oleksiak,D,17.6166,1.0740,5.3702,5.3705,13.9632,8.5926,17.1853,0.1933,4.2693,-31.2272
8479442,TOR,924.8953,8.5215,224.2698,53.9465,130.3476,3.0917,2.6797,9.8151,45.9157,78.7494,59.7188,1157.6866,34.0437,76.4054,61.0738,13.7186,29.5847,13.4311,6.5679,0.0015,0.0007,0.0008,12.4948,Troy Stecher,D,19.3856,1.0513,5.2567,5.2561,13.6660,7.3587,16.8199,0.2092,4.9673,-32.8338
8480870,TOR,595.3514,10.8748,219.7047,52.9886,100.6559,6.4072,4.9299,7.5533,33.2567,61.8299,60.3906,825.9309,132.5371,30.2387,37.5165,9.9552,22.5782,10.0667,8.0680,431.6756,181.4678,250.2078,12.4832,Bo Groulx,F,13.6765,2.1024,8.4096,4.2040,11.5609,7.3575,17.8682,0.2067,9.3038,-28.5733
8481525,NYR,796.9878,15.5780,106.6900,58.9284,134.8468,2.8368,2.6765,9.3382,39.4190,49.9369,57.1406,919.2558,76.8406,59.5111,41.3451,9.1604,26.8959,12.4973,4.1841,0.0022,0.0010,0.0011,12.0147,Matthew Robertson,D,16.0876,1.0133,5.0667,5.0669,13.1740,7.0936,16.2140,0.2103,4.5420,-10.5179
8479369,UTA,1129.9725,16.9772,192.6799,77.3095,170.1047,3.2545,2.6244,9.2025,61.8641,74.9960,69.5938,1339.6298,95.0088,116.4786,68.4752,12.0969,20.7531,9.5962,5.7091,0.0000,0.0000,0.0000,11.8269,Andrew Peeke,D,19.2493,1.0078,5.0389,5.0382,13.0992,7.0536,16.1226,0.1699,3.3946,-13.1319
8479336,PHI,491.7670,14.9032,37.2021,56.6351,106.9726,8.1869,5.9584,5.8238,25.0723,26.9214,51.8125,543.8723,137.5879,18.9385,27.5952,7.2281,18.5832,7.7520,6.2156,24.2347,11.0913,13.1435,11.7822,Carl Grundstrom,F,10.4969,3.0313,9.0939,3.0321,9.0963,7.0739,16.1689,0.2274,10.5207,-1.8491
8483455,EDM,472.4017,18.7647,7.7892,63.2445,115.8178,7.4231,5.4570,5.9627,24.8681,21.0599,49.3750,498.9557,15.3213,13.0452,25.6896,6.6536,18.0048,7.0902,5.9733,5.6898,2.8305,2.8593,11.4197,Isaac Howard,F,10.1054,2.9400,8.8201,2.9412,8.8235,6.8614,15.6833,0.2313,8.6284,3.8082
8483771,FLA,501.2258,15.0202,15.8108,44.5024,77.9520,5.3884,4.3615,6.9779,26.2164,24.5650,56.4844,532.0568,91.0190,16.2198,26.8449,9.6418,13.3812,5.6930,8.0527,14.9454,7.5198,7.4256,11.3394,Sandis Vilmanis,F,9.4195,1.9495,6.8232,3.9007,10.7270,6.8251,15.6002,0.2008,9.8006,1.6514
8481641,DAL,470.5731,9.6048,57.1839,58.1349,98.0466,6.8801,5.3294,5.9151,25.9335,27.8571,51.6406,537.3618,63.1705,18.7450,20.8246,8.9865,11.1592,5.3682,5.9414,15.1316,7.2420,7.8895,11.2445,Joel Kiviranta,F,10.4058,2.9168,8.7504,2.9173,8.7519,6.8065,15.5577,0.2177,9.1673,-1.9236
8483733,PHI,518.2795,13.4734,10.2817,39.3229,76.4200,4.4772,3.8014,7.7315,24.9320,24.5250,55.4219,542.0346,74.5605,15.7958,27.8515,9.9364,33.3613,6.6246,8.8343,8.7579,4.4396,4.3182,11.5329,Nikita Grebenkin,F,9.7802,1.0107,6.0641,4.0445,11.1223,7.0769,16.1757,0.2081,9.6671,0.4070
8480007,VGK,585.0886,9.6266,48.7742,68.4084,112.5204,7.0487,4.9886,6.2135,30.5968,30.3301,61.8594,643.4894,20.7590,20.1369,24.6113,11.7673,7.1663,4.2846,6.6097,19.2550,9.4640,9.7910,11.2021,Jonas Rondbjerg,F,10.4025,1.9730,7.8918,2.9602,9.8672,6.9063,15.7858,0.1811,7.2924,0.2668
8476429,NYI,791.2549,11.2492,126.3200,48.9782,113.8493,2.1694,1.7452,9.8348,40.7810,54.0713,62.7656,928.8240,56.8409,70.2686,50.7556,14.4246,42.2367,13.9896,11.5143,0.0015,0.0007,0.0008,11.5800,Scott Mayfield,D,14.7983,0.0000,4.0809,6.1209,14.2822,7.1412,16.3228,0.1845,3.5633,-13.2903
8481122,PHI,981.8403,12.4505,175.3060,74.5460,152.8797,3.6602,2.7685,8.5703,52.1082,66.3875,69.9844,1169.5968,170.6071,97.6048,60.4662,13.3120,49.9535,18.1093,10.8948,0.0000,0.0000,0.0000,11.3389,Simon Benoit,D,16.7123,1.0113,5.0563,5.0563,12.1350,7.0788,16.1800,0.1620,3.7138,-14.2793
8484797,BUF,388.6268,12.8501,7.3858,54.0802,83.8837,4.6950,4.1441,6.8798,20.0488,19.3118,37.2344,408.8626,36.5993,13.0966,20.4152,6.2345,8.0396,3.7254,5.4713,104.1593,51.7265,52.4328,11.0239,Konsta Helenius,F,10.9808,1.9890,6.9613,3.9789,10.9421,6.9625,15.9142,0.2961,7.6628,0.7370
8480842,PIT,396.8855,11.6920,54.4401,52.8703,96.8670,6.3434,5.0849,6.0375,21.9577,27.3239,38.0000,463.0175,14.0796,14.7996,24.7815,7.0757,10.0336,4.4944,6.2654,59.7395,29.3955,30.3440,11.1224,Filip Hallander,F,12.1847,2.0078,8.0312,3.0122,9.0366,7.0279,16.0638,0.2927,9.6176,-5.3662
8481593,MTL,730.6180,14.7936,32.2915,34.9996,79.7512,2.3069,1.9382,8.7580,37.5558,37.6437,51.3906,777.7032,100.8331,40.0115,44.8307,14.7440,49.5851,13.1147,6.3538,0.0014,0.0007,0.0007,10.6962,Jayden Struble,D,15.1332,0.0000,3.8684,4.8364,12.5745,6.7707,15.4758,0.2081,5.5379,-0.0879
8482062,CHI,627.5517,11.1012,89.5153,56.3186,107.9561,6.8502,6.2410,5.5165,28.1357,44.2256,62.5469,728.1682,139.9369,19.2516,27.9786,12.6155,39.7301,10.0184,9.3703,20.5691,10.1885,10.3805,11.7575,Cole Smith,F,11.6420,3.1974,9.5922,2.1316,8.5264,7.4605,17.0526,0.1880,11.0816,-16.0898
8485400,ANA,392.3820,30.2648,26.0891,54.0896,85.7035,4.9706,4.3370,6.7290,22.8151,25.3307,39.6094,448.7359,39.7528,15.6399,24.1427,7.2022,14.8210,5.3377,6.3758,165.6988,75.7482,89.9506,11.0659,Roger McQueen,F,11.3290,2.0060,7.0210,3.0099,10.0329,7.0222,15.0476,0.2794,8.0181,-2.5155
8485467,TOR,545.8579,15.8999,68.7808,53.7282,89.0801,5.2223,4.4682,7.1252,25.9459,37.8355,57.2031,630.5386,41.9413,21.1546,29.2643,9.4549,19.8830,7.3321,7.4982,239.9672,109.0209,130.9463,11.5935,Luke Haymes,F,11.0228,2.1019,7.3567,4.2044,10.5109,7.3573,15.7657,0.2027,8.3164,-11.8895
8482111,STL,758.3174,19.6721,68.1640,41.6457,99.5291,3.3261,2.6991,8.6003,38.1409,43.1579,53.6719,846.1534,47.2732,60.9400,48.0502,8.2190,18.7437,7.6760,4.3520,0.0014,0.0007,0.0007,11.2995,Justin Barron,D,15.7653,1.0243,5.1217,5.1227,12.2945,7.1714,16.3918,0.2105,6.4812,-5.0169
8478413,CHI,621.4760,11.6314,152.5324,56.5651,102.4851,5.8741,4.7538,6.9504,30.3512,52.7204,62.4844,785.6398,102.9267,35.6314,35.5463,11.7060,48.1898,14.3432,10.8353,60.9197,26.7446,34.1752,11.7042,Jordan Greenway,F,12.5734,2.1321,7.4623,3.1974,10.6579,7.4613,17.0544,0.1873,8.4042,-22.3692
8481477,MIN,481.5341,10.2226,88.8641,44.6024,83.0289,5.9051,4.6071,5.9725,28.2966,31.9893,52.8125,580.6208,67.8146,22.7071,23.2423,8.4180,14.3152,5.6262,5.3262,358.6413,205.5452,153.0962,10.5796,Nico Sturm,F,10.9940,1.9438,7.7752,2.9158,8.7475,6.8034,14.5788,0.2003,10.3292,-3.6926
8483425,DAL,853.2753,14.3740,97.0877,50.2749,127.6044,2.7017,2.4184,8.1190,46.5116,49.3782,56.5938,964.7370,181.8867,52.5139,45.2960,13.4806,54.3870,20.8046,10.3195,0.0015,0.0007,0.0007,10.5374,Lian Bichsel,D,17.0467,0.9718,4.8589,4.8591,11.6619,6.8027,14.5772,0.1862,4.8103,-2.8665
8476624,SJS,562.9387,19.1357,194.4781,53.8612,93.7110,6.1171,4.1221,6.9749,34.0298,55.9777,68.9375,776.5524,115.4488,45.8308,35.2878,13.5638,56.9537,12.8468,8.7647,104.9935,51.6909,53.3026,11.0970,Barclay Goodrow,F,11.2646,2.0515,7.1803,4.1020,10.2550,7.1792,15.3839,0.1610,7.6532,-21.9479
8482874,SEA,461.7426,17.8468,15.8604,50.1811,98.7631,6.9831,5.8838,5.3854,21.4315,24.7700,53.8594,495.4498,248.3203,17.4877,23.6767,7.6233,34.4222,6.6646,9.4656,5.3588,2.7468,2.6119,11.2692,Jacob Melanson,F,9.1990,3.1316,9.3947,2.0884,8.3537,7.3082,15.6603,0.2092,11.7251,-3.3385
8482081,ANA,458.0860,30.9874,13.8911,59.4886,98.4160,5.2335,4.1279,6.6930,25.5573,26.3909,42.1719,502.9645,44.5568,17.5300,27.0603,8.0726,16.6121,5.9828,7.1463,182.2979,83.0487,99.2491,10.8209,Sean Farrell,F,11.9265,2.0049,7.0170,4.0111,10.0277,7.0185,15.0396,0.2566,6.9390,-0.8336
8483609,CGY,470.0543,24.5490,9.8554,53.6938,97.6122,5.3897,5.1838,6.2648,21.1895,25.6438,45.9688,504.4586,171.6572,27.7646,22.4207,8.5060,60.3980,12.0255,7.1776,26.1692,12.0288,14.1403,11.4486,Adam Klapka,F,10.9739,2.1387,8.5546,3.2093,9.6278,7.4869,16.0434,0.2491,9.6543,-4.4543
8483429,NJD,522.8167,24.0192,15.4326,42.2202,85.9172,1.9510,1.8597,8.5294,29.6497,26.2105,37.3438,562.2684,21.9041,34.0678,33.1420,8.6271,7.8633,4.4354,4.0980,0.0072,0.0036,0.0036,10.3891,Seamus Casey,D,15.0566,0.0000,3.8892,4.8626,12.6427,5.8349,14.5872,0.2782,4.4049,3.4392
8476372,PHI,926.5678,19.5843,161.5651,67.2616,172.9161,3.6210,3.0204,7.7382,50.0494,62.2746,65.0156,1107.7173,95.4631,128.0447,56.2905,12.7314,41.1720,11.7049,9.0500,0.0000,0.0000,0.0000,10.7586,Nick Seeler,D,17.0377,1.0115,5.0575,4.0458,11.1260,7.0803,15.1720,0.1655,4.4906,-12.2253
8479324,SEA,1021.3411,14.0748,259.6905,47.6041,122.9634,3.2311,2.6543,8.4473,53.3034,87.7102,68.6875,1295.1063,54.0793,102.1191,61.2262,13.4540,42.7601,17.5638,12.4330,0.6326,0.3192,0.3135,11.1015,Ryan Lindgren,D,18.8551,1.0442,5.2210,5.2189,12.5253,7.3071,15.6581,0.1616,5.5757,-34.4068
8483510,WPG,677.2139,29.9752,23.5180,47.8765,125.1492,2.8424,2.5880,8.1727,33.5602,32.6787,52.3125,730.7072,61.6607,41.2923,41.1071,6.9454,16.5566,7.7601,3.4428,0.0014,0.0007,0.0007,10.7606,Elias Salomonsson,D,13.9681,1.0125,5.0625,5.0641,12.1539,6.0764,15.1910,0.2057,5.4055,0.8815
8483553,VGK,518.4568,13.3383,14.7796,65.4619,104.4216,7.3824,5.5161,4.9254,26.9117,23.3975,53.9375,546.5747,198.9805,24.1468,20.0812,8.3152,13.9422,5.4056,5.0859,20.9651,10.2123,10.7527,10.4416,Marc Gatcomb,F,10.1335,2.9511,8.8532,1.9683,7.8733,5.9035,14.7587,0.1936,8.4265,3.5142
8485512,ANA,506.9785,10.8272,124.0650,49.5598,96.2648,6.4274,4.6704,5.9698,29.2003,44.4398,53.6719,641.8707,118.2187,27.8197,23.9931,12.6245,18.7394,8.0812,8.0769,522.1948,298.5175,223.6773,10.6401,Tim Washe,F,11.9592,2.0069,7.0242,3.0105,9.0316,6.0209,15.0523,0.1982,9.4237,-15.2395
8482166,EDM,935.8219,12.0837,135.1712,68.5807,148.2384,3.3841,2.7293,7.5984,49.9162,57.8374,60.1250,1083.0769,45.1517,82.9222,67.0984,11.2550,26.3440,12.5095,7.0815,0.0022,0.0011,0.0011,10.3277,Shakir Mukhamadullin,D,18.0138,0.9806,4.9031,3.9225,11.7675,6.8644,14.7093,0.1718,3.9797,-7.9212
8482118,ANA,445.7570,31.0860,11.6584,51.6430,96.5269,6.2488,5.4255,5.1067,25.0244,25.5452,46.2500,488.5013,66.0641,15.8087,24.9160,6.0045,9.5396,4.5471,4.7124,18.7838,9.3746,9.4092,10.5322,Sam Colangelo,F,10.5622,2.0047,9.0213,2.0055,8.0220,6.0153,15.0383,0.2277,10.5057,-0.5208
8482070,NYI,504.1154,26.5103,14.8600,51.7584,78.5588,6.6715,5.3630,5.2696,25.4428,25.5607,54.7188,545.4857,101.5540,18.2347,23.2413,6.7413,14.1663,5.6812,8.3250,21.9858,10.5074,11.4785,10.6327,Mitchell Chaffee,F,9.9689,2.0398,8.1592,2.0403,8.1613,6.1202,15.3004,0.1943,10.3617,-0.1179
8476891,BUF,910.4493,25.7397,56.9247,55.4414,120.6218,2.3048,1.8175,8.4635,48.2466,50.2585,68.5312,993.1136,24.6292,54.2637,46.2311,15.1880,21.6962,8.0409,4.1297,0.0000,0.0000,0.0000,10.2809,Matt Grzelcyk,D,14.4914,0.0000,3.9776,4.9721,12.9274,5.9665,14.9163,0.1500,3.2782,-2.0119
8483491,WSH,427.7338,14.2171,8.5676,43.3493,88.5508,5.9384,5.0410,5.2711,20.9416,21.7144,48.8438,450.5185,67.3375,15.9499,23.3556,6.4364,8.3894,4.0659,5.5016,8.5053,4.1835,4.3218,10.3120,Ivan Miroshnichenko,F,9.2237,1.9970,7.9879,1.9978,7.9913,5.9922,14.9806,0.2111,11.6287,-0.7729
8478443,STL,906.8184,14.4327,259.4903,69.6452,140.9164,3.1920,2.5286,7.9899,52.1506,75.7628,68.6406,1180.7413,67.9753,103.3365,63.3724,13.0747,34.1864,15.0977,5.3763,0.0019,0.0010,0.0010,10.5185,Brandon Carlo,D,17.2018,1.0244,5.1221,4.0961,12.2883,6.1447,15.3617,0.1532,3.6306,-23.6123
8480813,NYR,590.1192,11.5994,131.3535,56.4860,96.1952,6.3586,4.6529,5.7448,31.3691,44.0468,65.2969,733.0721,131.0452,28.6204,27.6234,10.0932,16.8460,6.4425,7.7669,466.7022,224.5431,242.1592,10.3976,Joseph Veleno,F,11.2268,2.0272,7.0953,3.0406,9.1217,6.0814,15.2034,0.1592,8.2372,-12.6777
8478472,EDM,548.6481,12.3445,23.9455,45.9805,96.0872,5.6192,4.3933,5.6615,27.8680,26.1963,62.3594,584.9380,92.6249,26.4558,25.5920,13.9322,19.8801,6.4616,10.3076,34.5459,15.9605,18.5854,10.0549,Mathieu Joseph,F,9.3801,1.9612,6.8641,2.9428,8.8284,5.8847,14.7117,0.1612,9.5548,1.6717
8483687,FLA,598.1337,11.8026,87.5606,42.6325,86.0397,2.5438,2.1220,7.8914,33.0551,38.1327,36.2656,697.4968,34.5738,49.2816,34.9864,9.8940,13.7825,6.5472,5.0987,0.0075,0.0037,0.0038,10.0135,Marek Alscher,D,19.2330,0.0000,3.9088,3.9088,11.7264,5.8633,14.6581,0.2761,4.9774,-5.0776
8484958,CGY,518.4274,21.1813,9.7094,61.7933,111.6605,6.6640,5.6197,5.2647,22.6596,27.8490,56.0625,549.3180,80.4861,15.5430,34.3067,11.1274,16.3395,6.7868,5.4135,22.0796,10.9239,11.1557,10.8844,Maxim Tsyplakov,F,9.7983,2.1368,8.5474,2.1379,8.5514,6.4120,16.0300,0.1941,9.0943,-5.1894
8479520,TOR,616.3879,12.6958,54.8503,54.1728,99.7595,6.7061,5.1006,5.5403,27.5900,39.4203,66.2812,683.9339,117.0051,35.8153,26.5549,8.3315,57.1871,10.0105,10.2670,23.1455,10.1532,12.9922,10.6409,Brandon Duhaime,F,10.3187,2.1033,8.4132,3.1555,8.4147,6.3105,14.7244,0.1605,9.4154,-11.8304
8481538,ANA,375.7456,26.4100,26.5937,50.8640,80.3894,4.6288,3.8848,6.2419,21.6219,24.2443,38.3438,428.7493,37.9822,14.9433,23.0674,6.8814,14.1609,5.1000,6.0918,42.1847,18.6004,23.5844,10.1266,Judd Caulfield,F,11.1817,1.0026,7.0182,3.0086,9.0257,6.0165,14.0386,0.2641,7.6375,-2.6224
8484242,WPG,452.7860,13.5449,50.3723,53.1430,85.3786,4.9206,3.8218,6.3687,22.8221,26.4900,49.3125,516.7031,23.7193,15.8163,24.7673,7.9710,17.7668,6.2332,6.2986,323.1319,156.4008,166.7311,10.1905,Brayden Yager,F,10.4781,1.0147,6.0880,3.0447,10.1491,6.0889,14.2073,0.2067,7.1916,-3.6679
8481592,TBL,365.5136,28.0788,8.3766,43.8457,68.3551,5.2650,4.6283,5.0275,22.4897,17.9119,41.0781,401.9690,36.9336,13.4492,19.7662,6.8482,8.1426,3.8321,4.2515,26.5901,13.4902,13.1000,9.6559,Jakob Pelletier,F,9.7855,1.9317,7.7267,1.9322,7.7289,5.7959,13.5237,0.2351,10.5559,4.5777
8482666,NYR,548.4602,47.2458,13.1783,40.8331,112.2676,2.1456,1.8873,8.2293,29.1690,28.4704,39.8281,608.8843,14.6975,40.5527,33.9362,8.3194,6.6034,3.8918,3.0810,0.0029,0.0014,0.0015,10.1167,Scott Morrow,D,15.2878,0.0000,4.0548,5.0690,12.1655,6.0827,14.1929,0.2540,4.6220,0.6985
8476879,LAK,970.1853,11.4585,200.0815,50.1915,129.1185,2.6757,2.1397,7.7235,55.5608,69.8371,67.9062,1181.7252,36.7832,88.2375,45.6126,13.1664,14.7972,7.5335,4.0415,0.0000,0.0000,0.0000,9.8633,Cody Ceci,D,17.4023,0.0000,3.9809,3.9803,10.9458,5.9706,13.9315,0.1452,4.2631,-14.2763
8481517,SJS,493.2476,37.1002,34.3671,49.7096,91.4790,5.5130,4.4271,5.6459,26.6896,29.8513,59.2344,564.7149,51.0963,26.7421,22.7345,7.0439,12.7889,6.0359,4.7342,48.2389,22.0710,26.1680,10.0730,Brett Leason,F,9.5336,2.0514,7.1799,3.0778,9.2335,6.1550,14.3617,0.1701,8.9060,-3.1617
8481719,TBL,555.7137,8.3394,67.4911,51.2058,105.3440,2.8127,2.2427,7.1620,31.9348,32.3737,38.0938,631.5441,44.6796,38.8105,30.6920,8.1943,33.0992,8.0090,4.6250,0.0012,0.0006,0.0006,9.4047,Max Crozier,D,16.5787,0.9664,3.8655,3.8659,10.6312,5.7987,13.5302,0.2469,4.3797,-0.4389
8479346,STL,434.1541,24.4602,55.1379,55.4153,91.5843,6.0942,4.9790,4.9864,24.0165,27.5200,56.2812,513.7522,39.1531,17.3117,23.4160,6.7610,10.6903,4.9808,6.4382,152.4048,77.5391,74.8657,9.9654,Dillon Dube,F,9.1283,2.0482,8.1927,2.0484,8.1937,6.1449,14.3381,0.1771,8.9849,-3.5035
8479576,WSH,973.2752,11.7595,202.0771,44.1346,115.8134,2.0014,1.6240,8.1048,52.8462,74.2742,62.2188,1187.1118,115.1657,100.6750,61.3816,11.2815,66.3398,19.5221,10.5079,0.0026,0.0013,0.0013,9.7288,Vincent Desharnais,D,19.0796,0.0000,3.0010,5.0002,12.0004,6.0005,14.0012,0.1564,3.6797,-21.4280
8484203,CAR,326.1137,25.3879,11.1277,42.0968,76.1580,5.5723,3.9276,5.3278,21.0547,16.6417,29.5469,362.6293,43.1100,12.0580,17.2841,4.6483,7.4418,3.4190,4.3153,10.9530,5.2781,5.6749,9.2555,Bradly Nadeau,F,12.2730,1.9211,6.7238,2.8822,8.6467,5.7639,13.4492,0.3132,9.3300,4.4131
8484406,VAN,508.0162,19.4347,15.9835,42.1065,77.0056,4.1930,3.8898,6.4022,21.4492,29.4188,45.8281,543.4344,39.9542,21.8932,26.2243,8.5011,18.6117,6.7712,6.2296,227.3207,112.5487,114.7720,10.2920,Ty Mueller,F,11.8581,1.0715,6.4291,3.2155,9.6464,6.4302,15.0039,0.2246,9.2381,-7.9696
8481006,STL,578.9690,9.8837,52.4623,38.5495,90.6776,2.6168,2.1039,7.7103,28.7083,32.9001,42.7031,641.3150,68.6303,38.0685,34.0570,9.5567,57.4490,11.8568,7.1742,0.0011,0.0005,0.0005,9.8141,Tyler Tucker,D,15.0180,0.0000,4.0930,4.0939,11.2581,6.1405,14.3278,0.2298,5.4576,-4.1918
8484180,CGY,442.4698,9.9080,45.3641,47.9825,80.7129,5.7360,4.8778,5.2588,19.8674,28.3283,43.6094,497.7419,69.6822,15.3744,23.8004,6.7245,10.4045,4.7750,6.4964,28.6330,14.5361,14.0969,10.1366,Samuel Honzek,F,11.4136,2.1340,7.4690,2.1346,8.5386,6.4030,14.9404,0.2324,10.1658,-8.4609
8483482,ANA,597.4426,18.7649,19.0629,45.2682,89.9728,2.5339,2.2556,7.2368,30.3937,33.7068,38.1250,635.2704,33.0277,43.3043,32.4708,7.9504,16.8124,7.1796,3.9874,0.0108,0.0055,0.0053,9.4923,Tristan Luneau,D,16.6628,0.0000,4.0088,4.0103,11.0283,6.0149,14.0348,0.2490,4.9827,-3.3131
8485362,DET,307.7404,30.4094,16.1754,42.8231,66.1915,4.3879,3.9840,5.4252,18.0497,17.5195,30.0312,354.3252,31.3891,12.3494,19.0633,5.6869,11.7028,4.2147,5.0344,34.8491,14.8824,19.9668,9.4092,Carter Bear,F,11.7986,2.0027,7.0093,2.0031,9.0139,5.0073,14.0205,0.3133,9.3034,0.5302
8486189,NSH,366.1305,29.1425,17.6617,49.2595,75.9129,4.5648,3.8567,5.6776,20.0472,21.1524,36.4531,412.9347,36.5812,14.3921,22.2166,6.6276,13.6385,4.9119,5.8671,154.0713,67.1692,86.9022,9.5343,Vitali Pinchuk,F,11.3278,1.0152,6.0914,3.0465,9.1395,5.0770,14.2155,0.2615,7.8293,-1.1052
8486067,TOR,400.3197,27.9152,21.9264,48.1295,74.7778,4.3498,3.9023,5.9499,19.7858,24.4799,41.9219,450.1613,39.8790,15.6896,24.2194,7.2251,14.8681,5.3547,6.3960,32.8670,13.7597,19.1073,9.8521,Gavin McKenna,F,10.7381,1.0516,6.3097,3.1555,9.4666,6.3106,14.7246,0.2350,8.1078,-4.6941
8480990,NJD,607.7064,19.0042,21.0266,40.4676,92.7624,1.8578,1.4434,7.6605,33.0077,30.1472,47.7344,647.7372,18.2068,40.2936,41.5815,10.4221,11.0461,4.4338,2.8619,0.0012,0.0006,0.0006,9.1038,Declan Chisholm,D,13.5696,0.0000,2.9190,3.8927,10.7050,4.8658,12.6510,0.1907,3.5667,2.8604
8482172,CHI,483.4264,9.2568,92.4483,47.0627,72.7743,5.9697,5.1912,4.7464,22.7114,37.3847,54.6719,585.1315,68.6213,21.3661,19.8262,8.4171,21.7620,6.8616,7.8330,6.5319,3.3662,3.1657,9.9376,Landon Slaggert,F,10.7026,2.1284,8.5137,2.1283,7.4490,6.3850,13.8342,0.1818,11.0304,-14.6733
8477406,EDM,466.3925,9.5509,71.2624,34.0628,64.3282,4.6021,3.5320,5.6123,25.6732,29.5673,58.7969,547.2057,19.3884,15.3965,22.0332,7.8852,19.8271,6.5865,7.2724,80.6779,36.0403,44.6376,9.1443,Mattias Janmark,F,9.3067,0.9806,5.8839,2.9421,8.8262,5.8840,12.7487,0.1555,10.3690,-3.8941
8483679,DET,661.4708,36.6029,64.4267,45.0339,91.0842,2.1841,1.9451,7.3821,36.0462,40.5322,47.7812,762.5004,39.4022,44.1589,41.3008,9.6888,23.2550,8.8755,5.9310,0.0000,0.0000,0.0000,9.3272,Anton Johansson,D,15.9582,0.0000,4.0046,4.0047,11.0128,5.0058,13.0151,0.1952,4.3192,-4.4859
8485691,DAL,330.1235,22.7729,16.2097,46.3754,72.6840,4.5925,3.8018,5.2487,19.2120,17.5563,35.1094,369.1062,32.6985,12.8646,19.8585,5.9242,12.1910,4.3905,5.2444,120.6918,52.7105,67.9813,9.0505,Jaxon Fuder,F,10.5130,1.9456,6.8096,2.9193,8.7579,5.8378,12.7459,0.2578,8.1979,1.6557
8481133,FLA,391.7113,9.6134,24.2911,34.7451,62.1784,5.5083,4.4830,4.5492,20.4653,20.6954,32.2969,425.6158,86.1347,11.6292,20.0969,5.0790,18.5795,6.1381,6.0891,7.9906,4.0478,3.9428,9.0322,Cole Reinhardt,F,13.1782,1.9543,7.8172,1.9548,6.8418,4.8864,12.7046,0.2797,12.9025,-0.2301
8483447,TBL,397.1985,22.5890,6.1589,43.1485,74.8305,5.1241,3.9906,4.9161,23.2530,18.6770,48.2031,425.9464,71.4589,15.2858,21.8014,6.5972,13.7801,5.9334,6.2288,184.8686,87.7930,97.0756,8.9066,Conor Geekie,F,8.8365,1.9314,6.7597,1.9321,7.7283,4.8294,12.5564,0.1848,9.2484,4.5760
8482451,CBJ,432.7677,11.9529,32.9512,40.9264,76.9462,4.3024,3.6643,5.3691,24.3819,22.5123,45.7031,477.6718,21.1632,23.9728,20.9626,7.4676,6.0258,3.2458,4.2027,7.9360,3.9835,3.9525,9.0334,Mikael Pyyhtia,F,10.4516,0.9839,5.9033,2.9522,8.8567,4.9200,12.7920,0.1977,8.9533,1.8696
8481527,PIT,751.9838,19.7768,39.3309,42.0952,96.1057,1.7535,1.4867,7.7284,38.6155,43.1071,56.1875,811.0914,66.1080,58.1201,52.0531,8.4718,13.8386,6.9700,4.1528,0.0016,0.0008,0.0008,9.2151,Kaedan Korczak,D,14.4354,0.0000,3.0119,4.0162,11.0447,5.0202,13.0526,0.1640,3.5317,-4.4916
8479976,CAR,756.1026,14.9376,64.0168,51.1912,119.7386,3.3229,2.6161,6.1616,44.5510,40.6608,60.0000,835.0570,27.8700,53.3393,39.7863,10.5718,12.8766,6.5315,8.2030,0.0027,0.0013,0.0014,8.7777,Juuso Välimäki,D,13.9176,0.9608,4.8038,2.8825,9.6082,4.8040,12.4904,0.1463,5.1104,3.8902
8480891,SJS,683.7743,19.6756,43.9970,71.3542,140.4249,4.1406,3.3071,6.0466,33.0096,39.2607,54.7969,747.4468,41.7898,42.9059,43.8116,10.4331,52.4608,14.3971,7.1294,0.0012,0.0006,0.0006,9.3537,Michael Kesselring,D,13.6403,1.0253,6.1519,3.0769,9.2306,5.1276,13.3317,0.1707,4.6347,-6.2510
8484822,DAL,319.0245,22.6402,16.3352,45.1612,70.7524,4.5081,3.7276,5.0873,18.8156,16.9845,35.6562,357.9999,18.4996,20.7330,19.3911,4.5490,10.9184,4.1671,2.7846,0.0000,0.0000,0.0000,8.8149,Luke Krys,F,10.0403,1.9437,6.8029,1.9443,7.7774,4.8602,12.6365,0.2472,8.2540,1.8310
8486166,MIN,688.4095,12.5525,153.8111,39.9642,87.0013,1.8227,1.3789,7.4188,41.2006,49.4841,52.1250,854.7731,41.6360,59.9068,42.8085,12.7532,19.5729,8.5634,5.5332,0.0139,0.0071,0.0068,8.7977,Viking Gustafsson Nyberg,D,16.3985,0.0000,2.9168,3.8883,10.6929,4.8605,12.6372,0.1688,3.4505,-8.2835
8481030,WPG,612.1225,11.1210,60.8588,33.2424,80.4128,1.8151,1.4709,7.5020,29.6286,34.4048,45.7188,684.1024,87.4078,48.9088,36.9700,10.5181,21.6268,8.1602,4.0704,0.0026,0.0013,0.0013,8.9730,Jack St. Ivany,D,14.9633,0.0000,3.0431,4.0578,11.1589,5.0722,13.1876,0.1963,4.4249,-4.7762
8481556,FLA,436.1153,8.9292,82.2119,49.6067,82.4855,5.1113,3.6230,4.9943,25.0069,30.0811,48.5781,527.2564,48.4909,33.6574,24.7740,8.3034,23.5807,6.5318,6.2577,283.6298,138.7881,144.8417,8.6173,John Beecher,F,10.8538,0.9777,5.8664,1.9554,7.8217,4.8886,12.7103,0.1774,7.3034,-5.0742
8482802,DET,438.2222,22.8231,9.8908,37.6059,63.0937,4.0430,3.1791,5.5369,22.3412,21.8980,44.5156,470.9361,48.3950,18.5431,22.1450,6.7611,9.8653,4.4221,5.9126,16.2018,7.9697,8.2322,8.7160,Carter Mazur,F,10.5791,1.0009,5.0043,3.0034,9.0102,5.0052,13.0135,0.1958,8.4538,0.4433
8479372,SEA,738.4348,9.6061,109.1436,40.0920,91.5547,2.2417,1.8391,7.2236,35.3058,51.5611,50.3438,857.1844,68.4862,61.5516,37.2061,8.8904,29.7129,11.4163,5.5603,0.0014,0.0007,0.0007,9.0627,Josh Mahura,D,17.0266,0.0000,4.1755,4.1751,10.4378,5.2190,13.5694,0.1800,4.5872,-16.2553
8479550,VGK,301.7999,25.4964,9.6216,29.5712,54.3171,4.3275,3.5542,4.9499,18.0538,14.6096,30.3750,336.9180,12.5839,12.1947,15.2416,5.6018,14.4218,5.1077,4.5417,198.7470,97.0157,101.7314,8.5041,Tanner Laczynski,F,11.0919,0.9862,5.9171,1.9728,7.8910,4.9315,12.8218,0.2800,12.0191,3.4442
8480084,UTA,633.8754,8.4239,29.7185,38.3879,80.9918,2.4613,2.0411,6.6383,31.1625,31.1762,49.3281,672.0178,24.7515,40.5641,38.4327,7.5456,8.8438,4.7366,2.9031,0.0010,0.0005,0.0005,8.6794,Nick DeSimone,D,13.6234,0.0000,4.0275,3.0216,10.0719,5.0357,13.0927,0.1760,5.3169,-0.0137
8482784,STL,458.3247,12.0432,30.8060,56.9816,92.8363,5.6839,4.1145,4.6859,22.6586,24.6796,50.1562,501.1738,44.2904,17.3047,25.1005,8.3111,19.3336,6.7065,6.2805,253.3984,128.3062,125.0922,8.8004,Zach Dean,F,9.9923,2.0474,7.1660,2.0482,7.1687,5.1196,13.3110,0.1755,7.2208,-2.0210
8475462,FLA,642.0968,10.3889,81.9784,44.2703,104.3514,2.2116,1.7024,6.6647,34.9563,38.8757,56.6094,734.4641,116.2032,70.2050,40.6281,7.0753,53.0956,14.9831,7.6898,0.0011,0.0006,0.0006,8.3671,Radko Gudas,D,12.9742,0.0000,2.9252,3.9004,9.7511,4.8754,11.7010,0.1478,3.8456,-3.9193
8482103,NSH,473.1691,10.8275,40.2684,35.8053,72.6096,4.4289,3.5246,5.1859,22.8446,28.5382,55.4219,524.2650,120.2437,20.5075,22.5976,8.3524,35.0550,10.4888,9.1886,32.5809,15.5808,17.0001,8.7105,Ozzy Wiesblatt,F,9.4595,1.0158,6.0947,2.0324,8.1297,5.0802,12.1925,0.1572,9.8437,-5.6936
8483513,NSH,520.0309,13.9107,15.6982,52.7977,92.2779,5.4009,4.2349,4.4359,24.2976,27.7678,63.5469,549.6398,123.3090,27.8017,25.2450,7.7765,19.3629,6.5920,7.5154,13.1865,6.1565,7.0300,8.6708,Reid Schaefer,F,8.6494,2.0313,7.1096,2.0324,7.1135,5.0797,12.1913,0.1364,8.0209,-3.4703
8477952,MIN,351.1594,14.4689,8.8330,40.6340,63.4671,4.6965,3.6198,4.6372,19.2945,16.1831,34.9531,374.4613,42.2854,12.9227,17.0392,5.2999,13.8314,5.5926,4.4168,49.5496,25.1530,24.3967,8.2569,Robby Fabbri,F,10.7132,0.9710,5.8260,1.9425,7.7702,4.8558,11.6538,0.2362,8.9083,3.1113
8482877,NYR,451.2083,11.6459,14.3383,47.7246,74.1973,5.2671,3.7831,4.8096,20.5768,22.5774,46.8594,477.1925,89.8538,21.2215,18.6550,8.6276,17.7858,5.3382,8.6189,16.4922,7.7393,8.7529,8.5928,Jaroslav Chmelar,F,10.1835,1.0130,6.0778,2.0269,8.1076,5.0662,12.1588,0.1834,7.9270,-2.0007
8477527,STL,442.7857,14.1383,10.6266,32.2423,59.6130,3.9133,3.1849,5.4050,21.4290,21.1849,46.2812,467.5505,141.5595,16.1398,23.0744,5.5475,80.2652,10.7560,5.4711,8.7985,4.3973,4.4012,8.5898,Ross Johnston,F,10.1024,1.0224,6.1345,2.0459,8.1834,5.1137,12.2729,0.1856,9.8779,0.2442
8476422,CAR,473.4586,11.3495,34.2416,51.1708,105.7010,1.9304,1.4283,6.6073,27.7585,25.1301,39.3438,519.0497,14.7739,30.3255,24.2284,5.5720,15.3993,7.2926,3.9379,0.0008,0.0004,0.0004,8.0356,Mike Reilly,D,13.1927,0.0000,2.8828,3.8440,9.6101,4.8050,11.5319,0.2042,2.7913,2.6284
8483395,VAN,406.2001,15.2153,11.0347,35.1620,60.1565,3.9027,3.3773,5.4494,16.9913,23.3101,43.8438,432.4502,41.0669,12.7897,19.3197,7.1556,14.9318,6.1848,4.2135,23.8084,11.2337,12.5748,8.8267,Arshdeep Bains,F,9.8634,1.0725,6.4349,2.1458,8.5833,5.3637,12.8728,0.2013,9.6048,-6.3188
8482896,BUF,426.0779,8.5450,51.0371,34.1899,56.2544,3.9040,3.1202,5.0586,23.1247,26.5027,48.0312,485.6600,98.9759,29.0635,25.0568,8.7079,5.2986,3.0240,5.0355,293.9311,145.5321,148.3990,8.1788,Tyson Kozak,F,10.1113,0.9942,5.9655,1.9885,7.9542,4.9713,11.9310,0.1703,9.1262,-3.3780
8483763,MTL,554.2703,25.2710,25.2688,36.6074,73.2884,1.7182,1.4065,6.4877,30.5843,29.2590,39.7344,604.8101,32.3594,42.1633,30.9098,8.9068,20.0575,7.2517,4.0714,0.0250,0.0124,0.0126,7.8943,Maksymilian Szuber,D,15.2213,0.0000,2.9001,3.8670,9.6674,4.8337,11.6008,0.1987,3.8422,1.3253
8482171,DET,588.1805,30.5625,58.4254,39.6475,80.2179,1.9216,1.6875,6.4253,31.8986,35.9465,42.7188,677.1684,34.9927,39.2171,36.6788,8.6046,20.6525,7.8822,5.2672,0.0000,0.0000,0.0000,8.1128,William Wallinder,D,15.8518,0.0000,3.0008,3.0010,10.0034,5.0016,12.0038,0.1899,4.2564,-4.0479
8480054,MTL,533.9616,30.2376,26.9424,41.2784,77.6893,1.7025,1.5568,6.2736,30.3826,29.0570,38.7812,591.1416,30.5472,34.2350,32.0192,7.5114,18.0288,6.8809,4.5981,0.0000,0.0000,0.0000,7.8304,Reilly Walsh,D,15.2430,0.0000,2.9025,2.9026,9.6754,4.8377,11.6105,0.2019,3.7714,1.3256
8484403,MTL,363.4998,9.8058,9.0929,39.3967,63.9275,3.7368,3.0939,4.7402,18.6077,18.0157,41.3438,382.3985,52.1031,14.6943,19.6451,5.7819,20.0077,4.4945,4.5805,15.6029,7.7295,7.8735,7.8341,Florian Xhekaj,F,9.2492,0.9682,5.8089,1.9370,7.7481,4.8419,11.6205,0.1895,7.8533,0.5920
8480876,SEA,393.0277,17.5665,16.9430,40.2940,70.9498,5.2471,4.0300,4.3524,18.6044,21.7737,46.5938,427.5373,86.3811,15.6236,22.6980,7.4662,99.0825,7.6942,5.5466,42.0598,21.2436,20.8162,8.3824,Curtis Douglas,F,9.1759,1.0440,6.2642,2.0884,7.3095,4.1765,12.5295,0.1799,10.0014,-3.1693
8475690,TOR,780.3833,8.0548,126.5119,33.5415,69.1317,1.3139,1.2544,7.1505,36.4030,57.1528,50.0000,914.9500,14.4120,95.9874,45.0674,10.5829,15.2080,7.5895,5.8969,0.0012,0.0006,0.0006,8.4048,Chris Tanev,D,18.2990,0.0000,3.1532,4.2041,10.5101,4.2040,12.6121,0.1681,3.7397,-20.7498
8475760,NJD,383.2064,16.1795,16.7126,43.3259,75.3325,5.1762,3.6342,4.0567,21.5785,19.6459,42.8594,416.0985,55.2447,16.0281,19.2258,6.5279,15.5864,6.1361,5.1541,261.0233,128.5993,132.4240,7.6908,Nick Bjugstad,F,9.7085,0.9726,5.8355,1.9458,6.8102,3.8910,11.6730,0.1794,8.3880,1.9325
8480808,ANA,572.0537,24.9421,62.5632,38.9641,80.7302,1.7114,1.4706,6.4494,31.9038,39.5870,40.6562,659.5589,34.0827,38.1973,35.7250,8.3808,20.1154,7.6773,5.1303,0.0000,0.0000,0.0000,7.9200,Jett Woo,D,16.2228,0.0000,3.0063,3.0065,10.0216,4.0086,12.0258,0.1948,3.7742,-7.6832
8483472,UTA,604.7486,8.5365,39.3407,43.2762,87.9604,2.0376,1.7889,6.1372,30.2908,31.4105,45.5312,652.6258,59.1290,45.5098,35.4996,9.5762,66.5102,13.8672,4.8816,0.0049,0.0024,0.0025,7.9261,Maveric Lamoureux,D,14.3336,0.0000,4.0314,3.0247,9.0740,4.0326,12.0977,0.1741,4.1338,-1.1196
8484859,ANA,560.6750,24.7914,59.4043,38.3057,79.4339,1.6821,1.4691,6.3505,31.1709,38.7557,39.0156,644.8707,33.3237,37.3466,34.9294,8.1942,19.6675,7.5063,5.0160,0.0000,0.0000,0.0000,7.8196,Stian Solberg,D,16.5285,0.0000,3.0086,3.0086,10.0286,4.0115,12.0344,0.2004,3.8352,-7.5848
8477903,FLA,494.8997,15.8585,57.4010,37.2663,67.6905,5.3553,3.6576,3.8982,27.8186,29.5933,55.9844,568.1592,190.3996,38.3110,24.3731,6.9050,52.2148,12.4967,15.4227,18.2610,9.3201,8.9409,7.5558,Garnet Hathaway,F,10.1485,0.9750,5.8502,1.9504,6.8265,3.9005,11.7015,0.1350,9.8147,-1.7747
8480950,NSH,744.9566,15.9166,104.6004,37.9248,75.6915,1.9591,1.5911,6.2773,37.4501,50.0249,56.0938,865.4736,63.0166,83.9711,52.8227,11.5021,32.0543,12.6258,5.3659,0.0015,0.0007,0.0008,7.8685,Ilya Lyubushkin,D,15.4291,0.0000,3.0482,3.0481,10.1603,4.0641,11.1764,0.1403,4.1955,-12.5748
8483696,NSH,304.0345,26.7939,12.1729,39.2129,58.7626,3.5231,3.1443,4.7005,16.7903,17.5247,27.8125,343.0013,34.2675,11.0435,17.5554,5.9276,9.7721,3.6735,4.2909,23.6100,11.5505,12.0595,7.8448,Cole O'Hara,F,12.3326,1.0165,5.0825,2.0332,7.1161,4.0661,11.2835,0.2821,8.0186,-0.7344
8481726,NSH,443.4104,11.7412,13.7157,45.1848,71.4980,5.7673,4.5384,3.2815,20.6288,23.6915,51.3438,468.8672,89.8068,24.5038,23.7856,7.1846,16.3166,4.5644,6.4000,40.2428,18.5109,21.7319,7.8199,Adam Edstrom,F,9.1319,2.0315,7.1104,1.0162,6.0974,4.0639,11.1756,0.1523,10.0440,-3.0627
8484146,DAL,545.7047,23.5464,38.9175,38.6705,79.4944,1.8462,1.6085,5.8268,30.7156,29.7786,39.6719,608.1685,31.4271,35.2211,32.9414,7.7278,18.5481,7.0791,4.7305,0.0000,0.0000,0.0000,7.4353,Tristan Bertucci,D,15.3300,0.0000,2.9157,2.9160,8.7481,3.8880,10.6919,0.1874,4.1596,0.9370
8483465,NSH,360.2694,11.5612,34.4616,42.3900,79.0146,4.0598,2.9670,4.8068,17.9477,22.4711,40.4531,406.2922,55.9654,15.9761,18.2777,7.0444,6.3795,3.3011,5.3556,22.9473,10.7297,12.2176,7.7737,Joakim Kemell,F,10.0435,1.0163,5.0816,2.0334,8.1335,4.0662,11.1820,0.1922,6.9992,-4.5233
8483432,CBJ,299.4710,20.5856,6.2663,32.8041,48.6352,3.4659,2.8470,4.6056,17.6267,14.1041,34.0469,326.3229,10.1486,14.8749,13.8192,5.1537,6.2839,2.9918,3.5145,188.7725,85.8775,102.8951,7.4526,Luca Del Bel Belluz,F,9.5845,0.9858,4.9291,1.9721,7.8885,3.9438,10.8455,0.2189,8.6789,3.5226
8483678,VAN,773.6495,12.6002,114.6827,44.2536,101.0914,2.0442,1.9234,6.1642,34.0939,57.5700,58.4375,900.9324,113.1091,67.4798,55.8623,11.2992,36.6950,11.5094,12.3248,0.0015,0.0008,0.0008,8.0876,Elias Pettersson,D,15.4170,0.0000,4.2908,3.2183,9.6550,4.2910,11.8003,0.1384,4.3464,-23.4761
8483666,SJS,536.1426,37.5155,49.4412,37.0313,77.1895,1.8940,1.6543,6.0243,29.3792,34.2870,38.3594,623.0994,32.1987,36.0858,33.7502,7.9175,19.0035,7.2529,4.8467,0.0000,0.0000,0.0000,7.6787,Mattias Havelid,D,16.2437,0.0000,3.0731,3.0732,9.2197,4.0976,11.2684,0.2002,4.4674,-4.9078
8482866,SEA,491.0382,27.8014,36.6407,34.6926,77.8065,1.5644,1.5591,6.2617,24.6609,29.9808,33.0156,555.4803,37.8162,38.8475,28.3452,7.8804,14.4721,5.8659,3.7347,0.0190,0.0097,0.0093,7.8208,Ville Ottavainen,D,16.8248,0.0000,3.1331,3.1329,9.3986,4.1772,11.4873,0.2369,4.4941,-5.3199
8479639,VGK,502.7893,14.8011,25.8213,56.3942,115.2251,2.6495,2.1384,5.2159,26.7389,24.3146,39.8281,543.4117,29.1984,39.5214,29.1169,7.4973,18.3709,7.0082,3.2088,0.0066,0.0033,0.0033,7.3543,Dylan Coghlan,D,13.6439,0.0000,3.9418,1.9713,7.8854,3.9424,10.8416,0.1847,3.7919,2.4243
8477070,UTA,435.4632,8.8042,13.9505,43.6925,85.7245,5.6768,4.1855,3.2886,21.4928,20.6490,50.3125,458.2180,143.0152,17.4260,18.3829,4.7624,71.9853,7.8477,5.2435,25.6371,12.5124,13.1247,7.4740,Liam O'Brien,F,9.1074,2.0137,7.0479,1.0072,6.0435,4.0281,11.0774,0.1486,9.5794,0.8438
8474567,MIN,593.1318,10.5350,43.2154,33.4650,81.9638,1.8061,1.2944,5.8082,31.7254,30.4301,51.4219,646.8822,43.9050,40.2964,32.8498,8.9820,26.0737,9.7334,3.6937,0.5135,0.2601,0.2534,7.1026,Zach Bogosian,D,12.5799,0.0000,2.9143,2.9146,8.7439,3.8860,10.6866,0.1381,3.8680,1.2953
8475179,FLA,701.5465,7.7918,130.4454,38.9218,92.0056,2.1389,1.6323,5.3431,39.2792,47.4352,47.5625,839.7836,61.3462,45.4981,47.9530,13.8830,28.8928,10.6890,7.4293,0.0013,0.0006,0.0007,6.9753,Dmitry Kulikov,D,17.6564,0.0000,2.9240,2.9238,8.7713,3.8984,10.7206,0.1467,4.1937,-8.1560
8483569,COL,547.2688,14.3855,31.3371,39.6643,79.3220,1.9159,1.7168,5.0963,31.1794,27.7737,40.6875,592.9915,46.4737,46.5439,31.5383,8.7654,14.2654,6.0643,3.9157,0.0161,0.0081,0.0079,6.8131,Wyatt Aamodt,D,14.5743,0.0000,2.9018,1.9350,7.7399,3.8697,10.6418,0.1674,4.3284,3.4057
8482470,PIT,452.5022,8.0567,23.6575,30.5274,71.2817,1.1728,0.9457,6.0503,22.7103,25.9305,33.1406,484.2164,43.2833,38.5105,24.6168,6.6935,16.5142,7.0873,2.6487,0.0019,0.0010,0.0010,6.9960,Ilya Solovyov,D,14.6110,0.0000,2.0076,3.0120,9.0360,4.0159,10.0398,0.2111,3.0978,-3.2202
8482806,NSH,531.4568,30.0426,46.7208,36.3063,73.1723,1.6999,1.4819,5.5882,28.2436,33.0560,41.3125,608.2203,31.4298,35.2241,32.9443,7.7285,18.5497,7.0797,4.7309,0.0000,0.0000,0.0000,7.0701,William Trudeau,D,14.7224,0.0000,3.0461,3.0461,9.1384,4.0615,11.1691,0.1711,4.0817,-4.8124
8483567,COL,319.1510,17.7903,7.8857,34.2076,58.8829,3.6069,2.7634,3.9632,18.9534,15.2015,32.6094,344.8270,16.5402,13.4488,15.3488,5.2299,8.6276,3.5845,4.2161,92.6551,45.6529,47.0023,6.7265,Georgii Merkulov,F,10.5745,0.9683,4.8416,1.9371,6.7799,3.8738,10.6529,0.2063,8.0783,3.7520
8482094,MIN,442.1169,18.8494,49.0822,29.7366,59.0614,1.5957,1.1275,5.5441,25.9823,25.4914,39.8906,510.0485,26.2879,46.3481,23.1018,5.7423,8.2262,4.2589,3.9775,0.0015,0.0008,0.0007,6.6715,Daemon Hunt,D,12.7862,0.0000,2.9146,2.9146,8.7438,3.8861,9.7153,0.1672,3.7915,0.4909
8482169,PHI,498.4790,12.2495,24.6306,33.0316,74.5276,1.6761,1.3085,5.6160,24.3906,25.6842,40.1094,535.3591,24.7764,36.5035,29.6330,7.9581,14.5957,5.9086,3.3772,0.0144,0.0072,0.0072,6.9245,Helge Grans,D,13.3475,0.0000,3.0343,3.0351,9.1052,4.0465,10.1162,0.1726,3.9613,-1.2936
8481587,VGK,508.0779,21.7247,57.8649,34.9235,71.7228,1.6705,1.4039,5.3348,29.0511,29.1343,39.6719,587.6675,30.3677,34.0338,31.8310,7.4673,17.9229,6.8404,4.5711,0.0000,0.0000,0.0000,6.7387,Antti Tuomisto,D,14.8132,0.0000,2.9609,2.9608,7.8954,3.9477,9.8693,0.1699,4.0198,-0.0833
8475790,CBJ,639.9740,9.1049,174.7261,43.6105,96.3663,2.1973,1.5477,5.1696,40.1112,50.3736,50.1875,823.8049,53.0572,72.2559,42.1115,10.8248,30.9737,8.9657,6.2403,0.0014,0.0007,0.0007,6.7172,Erik Gudbranson,D,16.4145,0.0000,2.9575,1.9709,7.8836,3.9421,9.8552,0.1338,3.5488,-10.2624
8477365,BOS,531.4066,13.1660,98.5483,32.2178,79.6456,2.2099,1.6874,5.0518,30.5146,39.0865,38.1406,643.1209,113.4862,56.6933,32.6952,11.2235,32.0917,10.0466,4.1621,0.0010,0.0005,0.0005,6.7391,Connor Clifton,D,16.8618,0.0000,2.9702,1.9798,7.9190,3.9597,9.8993,0.1767,5.2375,-8.5719
8484321,OTT,643.0514,6.4026,126.1594,40.0642,82.5078,2.3251,1.6674,4.9518,37.5179,42.0288,49.5781,775.6135,45.0942,51.5421,40.0281,10.7991,22.0972,10.1347,5.8171,0.0016,0.0008,0.0008,6.6192,Nikolas Matinpalo,D,15.6443,0.0000,2.9258,1.9503,7.8012,3.9007,9.7517,0.1335,4.1619,-4.5109
8482731,ANA,549.6309,10.9434,53.7628,45.4814,94.1223,1.6987,1.3750,5.4312,28.3837,36.0164,38.5625,614.3372,36.3667,47.1606,31.9650,8.5690,15.7311,6.6195,4.4243,0.0073,0.0037,0.0036,6.8063,Tyson Hinds,D,15.9309,0.0000,3.0084,3.0091,8.0244,3.0090,10.0300,0.1765,3.0233,-7.6328
8482072,NSH,506.9865,18.4094,16.7935,35.7078,72.0653,1.7948,1.5192,5.3687,24.3412,27.4520,40.4844,542.1893,27.6471,34.3820,28.3827,6.4385,14.6228,6.1005,3.1167,0.0048,0.0024,0.0025,6.8879,Jack Ahcan,D,13.3926,0.0000,3.0469,2.0318,8.1273,4.0634,10.1585,0.1701,4.2544,-3.1107
8482859,SJS,339.1946,8.6197,99.1861,34.6621,58.1931,4.1446,3.1317,3.7926,19.4464,31.0880,39.6875,447.0005,97.1384,18.6809,17.9024,6.8950,31.7981,6.7825,7.7100,306.4595,158.3157,148.1438,6.9243,Zack Ostapchuk,F,11.2630,1.0241,5.1204,1.0240,6.1437,3.0720,10.2401,0.1745,9.0350,-11.6416
8481591,MTL,306.6136,8.2113,11.4888,25.7877,55.7337,3.2252,2.5139,3.9877,15.8114,15.7312,30.7656,326.3137,33.2894,11.0555,17.6046,5.6844,10.0314,3.8336,4.0006,17.2438,8.5121,8.7317,6.5016,Samuel Poulin,F,10.6064,0.9679,4.8397,1.9364,6.7775,3.8724,9.6810,0.2113,9.7485,0.0802
8479981,FLA,292.4651,8.2624,8.8441,33.5258,55.7727,3.6162,2.9981,3.4324,15.2004,14.3127,37.7500,309.5716,94.1516,12.5583,12.4056,4.1168,56.0392,5.5057,4.7958,5.2988,2.6343,2.6645,6.4305,Jonah Gadjovich,F,8.2006,0.9755,5.8530,0.9759,5.8556,2.9272,9.7573,0.1703,8.9427,0.8877
8481534,VGK,331.7585,13.2264,10.7323,36.9131,74.1179,4.6736,3.3196,3.1600,18.0419,15.2636,40.0156,355.7171,47.5997,10.0573,16.5207,5.1247,10.2304,4.0439,4.3060,89.5508,43.7836,45.7672,6.4796,Raphael Lavoie,F,8.8895,0.9831,5.8985,0.9834,5.9007,2.9498,9.8326,0.1619,8.9929,2.7783
8482922,LAK,472.9728,24.5076,51.9129,34.0863,67.6508,1.5694,1.3154,5.1890,27.7973,28.9279,37.6094,549.3933,28.3899,31.8172,29.7579,6.9810,16.7556,6.3949,4.2734,0.0000,0.0000,0.0000,6.5043,Kirill Kirsanov,D,14.6079,0.0000,2.9827,1.9886,7.9542,2.9829,9.9429,0.1729,3.8590,-1.1305
8478424,TBL,263.8323,15.4736,6.4028,32.3621,58.3313,3.8390,2.9356,3.3627,15.4861,12.8818,36.6562,285.7087,64.2102,13.4326,15.9173,4.8904,13.1388,3.6028,5.3847,126.4046,66.2987,60.1059,6.2984,Jansen Harkins,F,7.7943,0.9667,4.8335,0.9669,5.8013,2.9004,9.6679,0.1718,9.0713,2.6043
8484200,SJS,223.2847,25.6164,13.6170,31.1497,49.7285,3.2638,2.8190,3.8248,13.1244,13.6794,23.0938,262.5181,23.2560,9.1496,14.1239,4.2134,8.6705,3.1227,3.7299,24.2795,10.6937,13.5858,6.6438,Quentin Musty,F,11.3675,1.0230,5.1148,1.0232,6.1391,3.0693,10.2310,0.2877,9.0500,-0.5549
8483497,SEA,234.0609,22.9580,5.1646,29.6417,52.7320,3.7677,3.1278,3.5975,12.2766,12.8480,25.2500,262.1836,20.3214,7.6160,11.8896,3.2375,6.4493,2.8665,4.0149,6.3244,3.1805,3.1439,6.7252,Jani Nyman,F,10.3835,1.0453,5.2264,1.0455,6.2728,3.1362,10.4539,0.2663,10.5519,-0.5713
8481732,LAK,301.7715,6.0978,9.7399,31.3376,54.2466,3.2505,2.5957,3.7901,15.4013,14.5309,35.7812,317.6092,59.3363,12.0003,14.9329,6.1039,12.3995,3.6144,4.2295,8.0826,4.1094,3.9732,6.3858,Andre Lee,F,8.8764,0.9947,4.9735,0.9951,5.9708,2.9849,9.9495,0.1785,8.2829,0.8704
8484230,STL,259.1769,6.6065,51.0147,26.4987,46.3560,3.4344,2.9672,3.5695,14.1961,18.4536,24.3438,316.7981,34.5790,10.6840,13.5653,4.5445,5.4906,1.9066,2.8665,22.4862,10.9180,11.5682,6.5367,Otto Stenberg,F,13.0135,1.0229,5.1146,1.0229,6.1376,3.0687,10.2292,0.2685,11.1975,-4.2574
8480879,DET,667.6235,13.8014,76.8183,33.0135,81.6947,1.7489,1.5877,4.7826,33.9873,40.5596,52.3125,758.2432,46.6433,70.4534,36.0747,7.3979,20.1301,7.8200,4.4079,0.0013,0.0006,0.0006,6.3703,Jacob Bernard-Docker,D,14.4945,0.0000,2.9961,1.9977,7.9906,2.9964,9.9881,0.1218,4.8094,-6.5723
8483768,VAN,553.8981,14.3801,30.2259,30.7163,68.6834,1.2486,1.0901,5.7465,22.8239,34.1264,42.5781,598.5042,46.4609,45.3357,30.6394,5.6369,14.2045,5.4115,2.8638,0.0020,0.0010,0.0010,6.8366,Victor Mancini,D,14.0566,0.0000,2.1496,2.1503,8.6011,3.2253,10.7509,0.1606,3.5489,-11.3025
8480468,ANA,367.5906,13.3458,16.3320,35.6140,61.7796,4.2468,3.3990,2.9702,19.1225,21.4586,50.0312,397.2684,25.5463,16.5396,18.7021,6.2914,6.0113,3.1642,4.7599,117.2591,60.0326,57.2264,6.3692,James Hamblin,F,7.9404,1.0023,6.0138,1.0028,5.0138,3.0075,10.0250,0.1273,9.5440,-2.3361
8483467,VAN,445.8296,14.1643,27.7824,33.4237,70.5433,1.3869,1.2241,5.5415,18.9385,27.9300,30.9844,487.7763,15.1463,33.4623,24.5360,6.4086,9.9580,4.6469,3.0665,0.0083,0.0042,0.0041,6.7656,Kirill Kudryavtsev,D,15.7427,0.0000,3.2140,2.1429,8.5717,3.2143,10.7143,0.2184,3.6624,-8.9915
8480834,EDM,572.5374,7.8218,37.0048,33.8457,70.6713,1.3670,1.2476,4.9187,28.6993,29.0245,40.4062,617.3640,60.6663,51.9707,27.1043,9.6371,11.3636,4.1528,3.0220,0.0012,0.0006,0.0006,6.1663,Ty Emberson,D,15.2789,0.0000,2.9446,1.9634,7.8535,2.9450,9.8165,0.1526,3.6862,-0.3251
8482700,SJS,558.8607,15.8754,75.3690,24.0908,66.6418,1.6294,1.2261,5.2083,28.5877,37.9991,43.4531,650.1050,52.0008,45.0577,28.0412,8.3452,18.0252,7.8966,2.7651,0.0042,0.0022,0.0021,6.4344,Nolan Allan,D,14.9611,0.0000,3.0763,2.0509,8.2037,3.0763,10.2544,0.1481,5.0896,-9.4115
8483526,WPG,273.6236,10.7695,20.1059,32.2369,50.1431,2.9637,2.3538,3.9729,13.7400,14.6565,35.1562,304.4990,29.0314,11.7653,14.3191,4.6187,7.4795,3.0693,3.6580,185.9274,90.1950,95.7325,6.3266,Danil Zhilkin,F,8.6613,0.0000,4.0524,2.0267,6.0802,3.0398,10.1326,0.1800,7.3014,-0.9164
8486052,ANA,231.4309,16.9005,16.7546,31.4411,49.9371,2.8666,2.3881,3.8716,13.3240,15.2045,23.4688,265.0860,23.4835,9.2391,14.2621,4.2546,8.7553,3.1532,3.7664,26.2301,11.5751,14.6550,6.2597,Nikita Klepov,F,11.2953,1.0035,4.0138,2.0073,6.0219,3.0107,10.0357,0.2667,7.5955,-1.8805
8482496,VAN,300.9751,9.8221,11.4808,22.1861,39.5841,2.4940,2.3787,4.2932,12.6016,17.6745,30.5156,322.2781,28.2633,10.7496,12.1263,4.6558,6.0578,2.9252,3.4828,123.8889,59.1650,64.7239,6.6720,Nils Aman,F,10.5611,0.0000,4.2839,2.1427,7.4993,3.2136,10.7120,0.2186,10.7218,-5.0730
8482117,BOS,221.4067,22.7882,3.8329,21.6193,36.0088,3.0643,2.6139,3.5368,13.5432,11.8180,21.0312,248.0278,7.3763,8.3788,13.5820,4.0590,3.9800,1.9855,1.7655,75.7831,32.0065,43.7767,6.1506,Lukas Reichel,F,11.7933,0.9902,4.9511,0.9906,5.9433,2.9712,9.9041,0.2925,12.0904,1.7252
8482726,LAK,309.2935,9.6031,12.5231,32.5843,59.1500,3.4507,2.8415,3.3285,16.4246,15.4136,45.7188,331.4197,106.2587,11.9267,14.9216,4.1936,26.1092,3.8130,3.8329,256.2157,121.7795,134.4362,6.1700,Samuel Helenius,F,7.2491,0.9939,4.9693,0.9942,5.9655,2.9822,9.0461,0.1350,8.7203,1.0109
8479368,EDM,276.8579,7.2090,6.2600,33.0578,60.2382,3.9056,3.1691,2.8121,13.9776,12.5287,34.0781,290.3270,73.0516,7.7208,11.6107,4.6568,15.1802,5.4625,5.2457,4.4737,2.2078,2.2659,5.9812,Max Jones,F,8.5195,0.9810,5.8858,0.9814,4.9069,2.9434,8.8303,0.1755,9.5866,1.4489
8482807,CHI,595.9695,6.5635,57.9219,37.1812,78.1373,1.3890,1.2776,5.2055,25.2444,38.2944,41.9531,660.4549,48.2275,43.1508,35.7449,9.4951,21.8919,6.8390,4.6925,0.0026,0.0014,0.0012,6.4831,Ethan Del Mastro,D,15.7427,0.0000,3.1930,2.1286,8.5145,3.1929,9.6851,0.1545,3.4362,-13.0500
8484386,UTA,722.1643,11.2513,29.2338,44.4740,83.6562,1.8320,1.4612,4.6371,35.4676,35.0537,55.8594,762.6495,26.4830,51.9186,45.5035,7.5477,34.8988,7.7905,4.0344,0.0023,0.0011,0.0012,6.0984,Dmitri Simashev,D,13.6530,0.0000,3.0216,2.0150,8.0600,3.0223,9.0668,0.1092,3.2856,0.4139
8483452,MIN,203.1539,17.8082,3.4410,27.0367,41.8848,3.3988,2.5828,3.2743,12.4714,9.5573,19.3750,224.4031,21.4570,6.8795,10.7265,3.4629,7.5512,2.7856,2.7882,128.5703,63.2875,65.2828,5.8571,Hunter Haight,F,11.5821,0.9708,4.8541,0.9711,5.8264,2.9129,8.7387,0.3023,9.5529,2.9141
8481056,EDM,713.3730,8.9976,65.6463,38.0663,79.4730,1.6395,1.3114,4.6085,36.3376,38.9384,52.6875,788.0170,11.3816,50.7325,46.0688,12.5085,14.2106,7.0830,5.6553,0.0015,0.0008,0.0008,5.9200,Spencer Stastney,D,14.9564,0.0000,2.9455,1.9638,7.8552,2.9457,8.8370,0.1124,3.4451,-2.6008
8479985,SEA,574.5170,8.3672,63.2558,36.1300,81.5502,2.0201,1.6205,4.6688,26.6852,36.7845,43.4531,646.1399,83.3574,56.4705,33.7027,9.1903,10.8573,4.0491,5.0291,0.0021,0.0011,0.0010,6.2893,Cale Fleury,D,14.8698,0.0000,3.1312,2.0877,7.3068,3.1314,10.4381,0.1447,4.4852,-10.0992
8479390,NYR,244.9346,17.2089,16.6269,22.0512,39.1349,2.9463,2.6684,3.3660,13.0076,13.8671,26.6875,278.7704,17.5560,9.8545,12.0052,4.4645,5.1837,2.5424,2.3500,10.1582,4.3897,5.7685,6.0344,Taylor Raddysh,F,10.4457,1.0143,5.0717,1.0145,6.0872,3.0433,9.1300,0.2261,12.1009,-0.8594
8474568,VAN,547.0613,11.4378,127.9383,33.5205,80.7354,1.5215,1.2155,5.1657,26.1535,48.3509,46.7656,686.4373,141.7642,53.0696,39.7276,8.2567,31.9205,7.0646,3.0546,0.0012,0.0006,0.0006,6.3812,Luke Schenn,D,14.6782,0.0000,3.2240,2.1489,8.5957,3.2235,9.6704,0.1365,3.6260,-22.1974
8483398,PIT,683.6251,7.7565,102.9555,44.6193,114.4720,2.5540,1.9767,3.9012,36.6737,47.9212,46.2031,794.3371,62.4005,51.3923,35.0342,9.4288,41.7742,10.4482,8.9403,0.0016,0.0008,0.0008,5.8779,Declan Carlile,D,17.1923,0.0000,4.0166,1.0042,7.0292,3.0125,9.0376,0.1272,4.4300,-11.2475
8483466,CHI,490.5637,14.1392,12.1318,27.3693,58.4381,1.1589,1.1151,5.0681,20.5739,27.1468,31.3594,516.8347,8.8620,29.9997,37.4783,6.8506,9.4081,4.6929,2.3886,0.0020,0.0011,0.0010,6.1831,Kevin Korchinski,D,16.4810,0.0000,2.1249,2.1254,8.5017,3.1880,9.5640,0.1972,4.0741,-6.5728
8475235,CAR,325.1807,8.7995,10.7041,30.2494,51.3536,3.3440,2.2222,3.3570,18.6592,15.7108,40.7812,344.6843,132.5277,11.6607,13.7064,4.8325,40.4045,4.6400,2.6667,4.9743,2.4549,2.5194,5.5791,Nicolas Deslauriers,F,8.4520,0.9609,3.8437,0.9612,5.7670,2.8832,8.6497,0.1368,7.3461,2.9485
8478454,COL,460.2719,8.2620,53.8531,22.1454,60.1692,1.1975,0.8877,4.6097,26.3848,27.0970,36.1094,522.3870,74.9321,39.9391,31.9213,7.3413,14.8114,5.9143,4.1887,0.0008,0.0004,0.0004,5.4974,Noah Juulsen,D,14.4668,0.0000,1.9359,1.9360,7.7438,2.9039,8.7117,0.1522,4.0084,-0.7122
8482747,CGY,261.5744,13.1717,6.2247,26.2638,47.9178,3.0347,2.4632,3.5617,11.7355,14.3856,26.8906,280.9708,56.0710,9.7698,11.3442,3.6929,8.7092,2.9071,5.1043,7.4758,3.6510,3.8248,6.0249,Brennan Othmann,F,10.4487,0.0000,4.2775,1.0699,6.4193,3.2090,9.6271,0.2241,9.3787,-2.6501
8478465,VAN,573.3073,8.5371,77.7351,33.6923,65.6014,1.6757,1.4658,4.5564,24.9393,41.4608,43.0312,659.5795,30.5902,46.5718,32.3755,9.6200,15.0978,6.6068,4.3049,0.0191,0.0097,0.0095,6.0222,Guillaume Brisebois,D,15.3279,0.0000,3.2152,2.1438,7.5032,3.2155,9.6466,0.1399,4.3506,-16.5215
8476952,CHI,293.5287,8.6530,10.2450,25.9907,46.0955,2.8339,2.4790,3.4376,12.4268,16.5739,33.6406,312.4267,43.3461,10.6944,14.5330,5.0264,11.8805,4.5177,3.8486,183.6390,98.2563,85.3827,5.9165,Dominic Toninato,F,9.2872,1.0622,4.2488,1.0626,6.3753,3.1872,9.5617,0.1759,9.5379,-4.1470
8481461,ANA,476.9418,10.3570,26.9058,36.4406,72.4206,1.6549,1.3221,4.2600,24.0025,28.3658,33.9688,514.2045,19.4721,37.8369,26.1036,6.9898,11.4016,5.0812,3.3303,0.0140,0.0071,0.0068,5.5820,Corey Schueneman,D,15.1376,0.0000,3.0088,2.0067,7.0234,3.0097,9.0292,0.1643,3.6280,-4.3633
8482167,WSH,234.0091,11.7534,7.5168,25.4153,41.7113,2.4744,2.0266,3.4832,12.0269,12.4692,25.7188,253.2793,17.6502,9.1590,12.3680,4.3188,6.9031,2.6653,3.1318,18.2717,9.0187,9.2530,5.5097,Bogdan Trineyev,F,9.8480,0.0000,3.9921,0.9984,5.9901,2.9947,8.9841,0.2142,7.9739,-0.4423
8484421,SJS,401.6227,24.8316,36.1577,27.2443,57.0119,1.3659,1.1751,4.4219,21.6491,25.5340,26.8750,462.6120,23.9055,26.7914,25.0574,5.8783,14.1089,5.3848,3.5984,0.0000,0.0000,0.0000,5.5969,Eric Pohlkamp,D,17.2135,0.0000,3.0670,2.0450,7.1574,3.0674,9.2021,0.2083,4.3131,-3.8849
8478115,NYI,208.2399,6.9777,6.1224,31.5848,51.8298,2.9729,2.4990,3.0364,9.9942,10.5603,16.9844,221.3400,11.0198,4.8466,11.6244,2.8575,4.4393,2.1389,1.5874,11.1278,5.1551,5.9726,5.5354,Pierre Engvall,F,13.0320,1.0221,5.1103,1.0223,5.1117,3.0666,9.1999,0.3259,7.9121,-0.5662
8480075,OTT,433.5319,5.6623,51.2505,28.2911,58.1734,1.1604,0.8523,4.4161,24.0685,24.3701,36.1406,490.4448,20.2145,31.1776,23.9280,7.3951,8.9572,4.4361,2.9721,0.0073,0.0035,0.0037,5.2684,Cameron Crotty,D,13.5705,0.0000,1.9489,1.9490,6.8214,1.9490,8.7703,0.1458,3.0128,-0.3017
8483695,NJD,184.3458,15.8959,9.4290,26.1817,41.6495,2.6950,2.2440,3.0009,11.6573,10.0590,19.9844,209.6707,18.5744,7.3077,11.2806,3.3652,6.9251,2.4940,2.9791,82.0693,36.7118,45.3575,5.2449,Amadeus Lombardi,F,10.4917,0.9724,3.8895,0.9726,4.8629,2.9175,7.7799,0.2625,8.5711,1.5983
8482861,NYR,518.8584,8.3816,27.6809,28.5567,59.9575,1.3364,1.1189,4.2953,23.4215,27.1600,42.7812,554.9209,20.3739,44.5296,33.0095,8.4246,14.4770,6.4907,3.0983,0.0026,0.0013,0.0013,5.4142,Vincent Iorio,D,12.9711,0.0000,2.0260,2.0266,7.0930,2.0265,8.1060,0.1266,3.9180,-3.7385
8482126,TOR,478.0629,14.8485,29.5007,20.5467,52.7870,1.3822,1.2068,4.3786,21.4545,29.1006,34.1875,522.4120,35.2698,33.6076,26.9782,6.4492,12.4029,5.8989,4.4710,1.0023,0.4912,0.5111,5.5854,Emil Andrae,D,15.2808,0.0000,3.1525,2.1020,7.3570,2.1020,8.4079,0.1634,5.8734,-7.6461
8478173,OTT,242.5755,5.5513,5.4852,25.0780,42.0335,3.2605,2.3546,2.8039,12.9048,10.7887,32.7031,253.6120,73.2097,7.2660,12.5487,3.9737,19.1777,3.6009,3.1934,8.9967,4.3862,4.6105,5.1586,Hayden Hodgson,F,7.7550,0.9743,3.8973,0.9746,4.8730,1.9490,7.7958,0.1577,9.3893,2.1161
8483487,PIT,204.0221,6.8755,18.2715,25.6894,41.8980,2.7599,2.3895,2.9022,10.9379,12.7458,19.2188,229.1691,20.7024,7.2589,11.3400,3.5857,3.8772,1.9372,3.6839,15.8996,7.8664,8.0332,5.2917,Rutger McGroarty,F,11.9242,1.0043,4.0174,1.0046,5.0230,2.0090,8.0359,0.2753,9.3017,-1.8079
8475253,PHI,229.6799,8.5368,16.1576,34.3791,46.3563,3.7584,2.6097,2.7010,11.8172,12.5339,31.8906,254.3742,34.6258,7.9119,12.3249,4.3083,12.3592,2.6531,3.1267,14.7109,7.3224,7.3885,5.3107,Garrett Wilson,F,7.9765,1.0102,5.0510,1.0105,5.0525,2.0207,8.0828,0.1665,7.5911,-0.7166
8481567,WPG,546.4881,9.9887,55.2507,32.7670,61.5186,1.3090,1.0444,4.2831,26.4099,31.1298,41.4219,611.7276,21.2453,38.2891,27.6888,7.3050,14.6346,5.6789,2.9526,0.0023,0.0012,0.0011,5.3275,Henry Thrun,D,14.7682,0.0000,2.0283,2.0285,7.0998,2.0285,8.1139,0.1286,3.1873,-4.7199
8482787,WPG,215.8104,7.3828,7.1916,26.6514,48.9238,3.2224,2.6798,2.4332,10.4097,10.3720,23.3438,230.3848,33.3778,8.8356,12.3106,3.8482,13.0812,4.3120,3.8401,5.3795,2.7366,2.6429,5.1129,Nikita Chibrikov,F,9.8692,1.0118,5.0589,1.0124,4.0495,2.0241,8.0965,0.2190,10.0549,0.0376
8478452,PIT,385.1180,7.0556,57.7334,25.8606,57.9412,1.1953,0.9617,4.0637,21.1211,26.9954,28.0781,449.9071,37.1998,35.7774,22.6581,6.2740,9.8125,4.6168,3.0654,0.0037,0.0018,0.0018,5.0253,Caleb Jones,D,16.0234,0.0000,2.0097,2.0096,7.0337,2.0096,8.0384,0.1790,3.7186,-5.8743
8482460,NYR,312.7476,9.3085,9.7869,26.0829,45.6402,3.5448,2.6230,2.4407,14.4033,15.6531,41.2969,331.8431,111.5496,10.9447,11.8020,4.4484,51.9887,7.5129,5.4610,40.3401,18.7092,21.6308,5.0637,Matt Rempe,F,8.0355,1.0138,5.0690,1.0142,5.0708,2.0279,8.1118,0.1226,10.0564,-1.2499
8481575,OTT,262.3464,14.3217,7.3806,20.7827,45.7926,0.9306,0.7684,4.0840,15.1294,12.4256,19.1875,284.0487,11.8917,19.0469,14.0429,4.6887,4.4903,2.3912,2.2184,0.0030,0.0015,0.0015,4.8524,Lassi Thomson,D,14.8038,0.0000,1.9483,1.9485,6.8197,1.9484,7.7938,0.2529,3.6973,2.7038
8485957,NYR,191.2879,14.8350,10.6826,26.1019,39.5201,2.4300,2.0950,2.9039,10.1941,10.7231,20.0469,216.8055,11.2034,12.5559,11.7433,2.7549,6.6122,2.5236,1.6864,0.0000,0.0000,0.0000,4.9989,Alberts Smits,F,10.8149,0.0000,4.0532,1.0135,5.0675,2.0268,8.1073,0.2494,8.0263,-0.5290
8477810,CGY,484.6397,9.6635,51.3361,26.8996,58.0273,1.0611,0.9313,4.0794,21.5347,31.2716,35.2500,545.6393,24.9748,45.4881,29.5482,5.0490,20.1505,6.3431,2.6554,0.0010,0.0005,0.0005,5.0107,Joel Hanley,D,15.4791,0.0000,2.1390,1.0696,6.4177,2.1391,8.5566,0.1421,3.4623,-9.7369
8481720,TBL,163.7382,17.3805,5.1808,21.4268,32.2925,2.5044,1.9789,2.5171,10.6558,8.5152,19.3750,186.2995,16.5040,6.4932,10.0232,2.9901,6.1532,2.2160,2.6470,75.9922,34.5477,41.4445,4.4960,Nick Abruzzese,F,9.6155,0.0000,3.8649,0.9663,4.8314,1.9325,7.7300,0.2321,9.2357,2.1406
8480056,BUF,329.6777,23.3766,10.9744,31.2065,63.2403,1.7317,1.3641,3.1968,18.5784,17.7519,26.2031,364.0287,18.8112,21.0821,19.7176,4.6256,11.1023,4.2373,2.8315,0.0000,0.0000,0.0000,4.5609,Jack Rathbone,D,13.8926,0.0000,2.9813,0.9939,5.9631,1.9877,7.9507,0.1741,4.3711,0.8265
8481655,FLA,184.4048,9.4132,25.2542,18.5310,30.9454,2.6362,1.7608,2.6661,10.9566,11.7539,18.4688,219.0722,26.0729,7.9585,10.0328,3.1860,2.4332,1.3922,2.8735,130.1736,61.0079,69.1657,4.4269,Cole Schwindt,F,11.8618,0.0000,3.9105,0.9777,4.8884,1.9553,6.8436,0.2397,9.5018,-0.7973
8483406,LAK,188.9102,7.8117,5.8946,25.0556,49.5848,2.8262,2.1343,2.2844,10.2318,9.3440,26.7031,202.6166,22.1717,6.0147,10.6559,2.5665,4.7642,1.5612,2.1413,9.2459,4.6572,4.5887,4.4187,Taylor Ward,F,7.5877,0.0000,3.9738,0.0000,3.9756,1.9874,6.9558,0.1655,8.5184,0.8878
8481178,CBJ,371.1630,9.4753,16.6858,19.5472,49.8437,0.8337,0.7330,3.6068,20.3405,17.7996,34.8438,397.3240,8.3796,31.0105,20.1966,5.5851,6.6426,3.3680,1.5906,0.0007,0.0003,0.0003,4.3398,Egor Zamula,D,11.4030,0.0000,1.9695,0.9849,5.9095,1.9698,6.8942,0.1245,3.7497,2.5409
8481161,CBJ,344.7905,8.7696,18.6346,23.5146,57.0551,1.0147,0.7797,3.5081,18.9265,17.0245,38.2969,372.1946,23.3137,25.1852,18.1166,3.7635,6.5140,2.7369,1.4050,0.0006,0.0003,0.0003,4.2878,Jake Christiansen,D,9.7187,0.0000,1.9714,0.9859,5.9153,1.9717,6.9011,0.1120,3.3157,1.9020
8483460,PHI,426.8307,9.3664,24.2349,27.6483,63.5118,1.1997,0.9090,3.4593,20.9745,22.3191,35.9844,460.4320,15.9302,29.3295,33.8709,6.6732,17.9292,7.8972,3.3834,0.0018,0.0009,0.0009,4.3683,David Jiricek,D,12.7953,0.0000,2.0218,1.0111,6.0664,2.0221,7.0772,0.1214,3.2877,-1.3446
8484392,CAR,152.4716,13.3946,5.1290,18.7859,31.0830,2.0462,1.8262,2.2017,10.0498,7.8767,14.3281,170.9951,10.3124,5.8711,8.9790,2.7049,4.7998,1.8208,2.1309,10.2766,5.0672,5.2095,4.0279,Felix Unger Sorum,F,11.9342,0.0000,3.8397,0.9601,3.8403,1.9200,6.7200,0.2811,9.7209,2.1731
8485469,CBJ,146.2731,9.5470,5.4067,18.2193,29.9780,1.8953,1.5734,2.5376,8.6280,7.2261,14.4219,161.2268,11.6210,5.4683,7.9810,2.7454,4.6226,1.7310,2.0245,26.4998,13.2485,13.2513,4.1110,Jack Williams,F,11.1793,0.0000,2.9575,0.9860,4.9300,1.9719,6.9016,0.2851,8.6358,1.4019
8483766,MIN,345.1449,14.1432,19.6342,18.4639,38.5082,0.8926,0.6680,3.3447,19.4276,17.5096,31.7812,378.9224,18.6139,26.9812,19.6061,5.2967,9.4952,3.9395,2.5148,0.0084,0.0043,0.0041,4.0127,David Spacek,D,11.9228,0.0000,1.9419,0.9710,5.8261,1.9420,6.7970,0.1263,3.6179,1.9181
8481077,DET,163.3561,17.0641,3.2847,19.4601,36.2449,2.2287,1.7977,2.2916,9.4515,8.5960,18.0156,183.7050,16.1489,8.1133,10.3444,2.8765,3.0859,1.5471,2.1588,3.6086,1.7871,1.8215,4.0893,John Leonard,F,10.1970,0.0000,4.0048,0.0000,4.0057,2.0027,7.0093,0.2270,9.2381,0.8555
8481572,VGK,268.3331,16.9337,10.1674,21.3029,45.2895,1.2816,1.0466,2.9150,15.2497,13.0951,19.5781,295.4342,14.7392,18.9250,15.3601,4.7860,8.0255,3.4438,2.4693,0.0022,0.0011,0.0011,3.9616,Ville Heinola,D,15.0900,0.0000,1.9732,0.9867,4.9335,1.9733,6.9067,0.2023,4.9128,2.1546
8485251,VGK,189.8458,6.7706,8.7784,20.5894,31.7894,2.0212,1.5292,2.4184,10.0447,9.2379,18.6719,205.3948,26.8584,7.6318,10.1064,3.1532,9.5396,2.1029,2.4935,119.5890,58.7802,60.8088,3.9476,Kai Uchacz,F,11.0002,0.0000,2.9604,0.9871,4.9353,1.9739,6.9087,0.2114,7.4272,0.8068
8475842,BUF,171.9255,3.8803,20.4385,19.8645,33.8639,2.2984,1.8467,1.9425,9.3117,10.6653,19.3125,196.2442,27.7107,7.8661,8.7630,3.1994,15.6737,3.1033,2.5044,117.0602,64.3690,52.6912,3.7892,Sam Carrick,F,10.1615,0.0000,3.9779,0.0000,3.9779,0.9945,5.9670,0.1962,9.2966,-1.3536
8478476,DAL,296.4662,6.9824,7.3558,17.9161,49.9600,1.0146,0.8605,2.6727,15.1277,14.3477,21.3594,310.8043,10.1006,21.1751,15.7567,5.5209,8.9579,3.8592,2.1710,0.0010,0.0005,0.0005,3.5332,Kyle Capobianco,D,14.5512,0.0000,1.9452,0.9730,4.8652,0.9729,5.8376,0.1654,4.8027,0.7801
8481070,STL,154.7169,6.2689,3.8713,17.0604,24.7878,1.9728,1.6257,2.0800,7.5924,7.4920,16.4688,164.8571,9.5109,5.9931,8.2027,2.8405,3.7318,1.6038,2.1629,19.3552,9.9747,9.3805,3.7057,Hugh McGing,F,10.0103,0.0000,3.0651,0.0000,4.0889,1.0220,6.1319,0.2250,9.5291,0.1004
8482516,NYI,394.1877,10.7803,29.2936,25.1720,50.7685,1.3113,1.0264,2.6702,19.2576,22.5918,31.0625,434.2617,23.7353,30.8319,24.6393,5.1988,10.6076,5.0150,3.3011,0.0014,0.0007,0.0007,3.6966,Matthew Kessel,D,13.9803,0.0000,2.0418,1.0209,5.1046,1.0209,6.1256,0.1190,4.0775,-3.3342
8483017,BOS,239.9507,21.9889,16.7493,20.4882,39.4502,1.1882,0.9481,2.6221,14.7206,14.5295,20.6875,278.6888,14.4881,20.9973,14.2210,4.2050,7.2612,2.9430,1.8737,0.0090,0.0044,0.0046,3.5703,Frederic Brunet,D,13.4714,0.0000,1.9800,0.9900,4.9498,0.9900,5.9399,0.1726,4.6277,0.1911
8477947,WSH,104.8344,18.0465,2.1779,14.0545,22.2072,1.7206,1.5908,1.9381,6.9468,5.9462,14.1250,125.0588,4.6680,2.9935,7.4991,2.0618,2.2490,1.1068,1.4526,6.7793,3.4416,3.3377,3.5288,Sonny Milano,F,8.8537,0.0000,2.9928,0.0000,3.9912,0.9977,5.9863,0.2498,11.3185,1.0005
8484790,STL,258.8871,17.4292,22.8459,18.2009,37.9860,0.8747,0.7788,2.7804,14.2363,15.3023,20.7500,299.1622,15.4592,17.3255,16.2041,3.8014,9.1239,3.4822,2.3270,0.0000,0.0000,0.0000,3.5593,Adam Jiricek,D,14.4175,0.0000,2.0466,1.0233,5.1167,1.0233,6.1400,0.1715,4.2791,-1.0659
8482153,NYR,130.4357,8.2687,2.2328,14.5903,26.4659,1.6158,1.3785,2.1277,6.5576,6.4900,14.0156,140.9373,9.9532,3.9932,6.3375,2.2853,2.3156,1.1712,1.5054,36.9547,17.8708,19.0839,3.5062,Brendan Brisson,F,10.0557,0.0000,3.0396,0.0000,4.0540,1.0134,6.0803,0.2502,9.4483,0.0676
8478888,DAL,140.5659,4.1056,8.7159,16.9268,27.3490,2.2038,1.6496,1.6261,7.4573,7.4735,16.8750,153.3874,15.1948,5.5350,7.4797,2.4018,4.1640,1.6116,2.0784,47.1773,23.0972,24.0801,3.2756,Cameron Hughes,F,9.0896,0.0000,2.9161,0.0000,2.9172,0.9722,5.8335,0.1941,9.7452,-0.0162
8484168,SEA,145.6387,6.1283,5.6717,11.9684,21.8483,1.4486,1.2841,2.1589,6.7589,8.0563,15.9531,157.4387,12.0267,6.4185,8.1517,2.3632,3.9496,1.6468,1.9089,93.5568,45.7117,47.8451,3.4430,Oscar Fisker Molgaard,F,9.8688,0.0000,3.1375,0.0000,4.1848,1.0461,6.2763,0.2158,10.7288,-1.2973
8484154,CGY,115.8331,11.6933,4.6282,16.1593,25.2530,1.5313,1.4541,2.0104,5.9372,6.8496,10.7031,132.1546,11.7074,4.6060,7.1101,2.1211,4.3648,1.5720,1.8777,52.5841,23.7010,28.8831,3.4646,Jonathan Castagna,F,12.3473,0.0000,3.2090,0.0000,4.2796,1.0698,6.4188,0.3237,8.9987,-0.9124
8484793,CHI,156.3524,3.9362,4.1552,16.6236,27.6363,1.5781,1.4051,1.9929,6.4697,8.6863,16.8906,164.4438,18.9574,5.0435,8.2400,2.4324,9.2971,2.1531,2.3069,122.3099,60.1499,62.1600,3.3980,Sacha Boisvert,F,9.7358,0.0000,3.1859,0.0000,4.2492,1.0622,6.3730,0.2012,8.4523,-2.2166
8482634,BOS,103.4612,10.1633,2.2716,13.1246,21.7428,1.7729,1.4531,1.6829,6.2625,5.5801,10.6406,115.8961,30.7227,4.9244,5.1827,1.8758,5.9063,1.3305,1.6840,5.0468,2.4619,2.5849,3.1360,Alex Steeves,F,10.8919,0.0000,2.9712,0.0000,2.9724,0.9906,5.9437,0.2947,11.0718,0.6825
8486072,ANA,117.0361,8.5945,8.5697,15.9420,25.3689,1.4540,1.2113,1.9527,6.7157,7.7524,11.7188,134.2003,11.8886,4.6773,7.2202,2.1539,4.4324,1.5963,1.9068,13.2945,5.8664,7.4281,3.1639,Marcus Nordmark,F,11.4518,0.0000,3.0109,0.0000,4.0153,1.0037,6.0223,0.2700,7.5980,-1.0367
8484428,CAR,219.5994,3.2675,35.4930,16.6559,38.1447,0.8220,0.6364,2.3570,13.3548,14.0301,18.2031,258.3600,18.2411,17.1943,14.7597,5.0535,14.2486,3.9443,1.9782,0.0017,0.0008,0.0009,2.9934,Charles Alexis Legault,D,14.1932,0.0000,1.9225,0.9612,4.8058,0.9611,5.7669,0.1644,3.8206,-0.6753
8486103,SJS,109.8879,11.6509,7.5401,15.0009,24.0101,1.5364,1.2642,1.8162,6.3281,6.9051,11.5312,129.0789,11.4349,4.4988,6.9447,2.0717,4.2633,1.5354,1.8340,11.9278,5.2558,6.6721,3.0804,Ivar Stenberg,F,11.1938,0.0000,3.0726,0.0000,4.0977,1.0244,5.1219,0.2671,8.4274,-0.5771
8484135,WPG,138.9172,4.2757,6.5515,12.9217,24.5038,1.7657,1.4160,1.6079,6.6795,6.9368,14.8438,149.7443,24.4016,6.8768,6.2783,2.5704,4.8774,1.8758,1.7340,75.9933,37.4650,38.5282,3.0239,Parker Ford,F,10.0880,0.0000,3.0382,0.0000,3.0398,1.0130,5.0650,0.2037,10.9582,-0.2574
8475795,WSH,318.7834,6.2644,18.3775,16.6132,43.2439,0.9075,0.6629,2.2398,15.5721,17.8430,32.5938,343.4252,59.2683,23.8234,19.4413,4.1886,31.3227,3.8796,2.2964,0.0030,0.0015,0.0015,2.9027,Dylan McIlrath,D,10.5365,0.0000,1.9968,0.0000,3.9943,0.9985,4.9927,0.0891,3.9899,-2.2709
8483756,LAK,127.0330,2.7761,3.8942,16.6507,24.9768,1.4247,1.0686,1.8210,6.4920,6.2171,12.7344,133.7034,13.3013,6.2870,5.6441,2.1250,2.8987,1.3156,1.5300,2.4193,1.2239,1.1954,2.8896,Jared Wright,F,10.4994,0.0000,2.9834,0.0000,3.9799,0.9948,4.9739,0.2269,6.4175,0.2749
8481059,LAK,166.9553,13.1925,5.4453,8.8552,17.6282,0.4363,0.3448,2.5283,9.8133,8.7185,10.6719,185.5931,5.1162,11.7400,9.0659,2.6413,3.4013,1.6830,1.7539,0.0012,0.0006,0.0006,2.8730,Scott Perunovich,D,17.3909,0.0000,0.9944,0.9944,4.9722,0.9944,4.9722,0.2692,3.8933,1.0949
8482132,MTL,133.9855,3.2249,3.6319,16.7116,32.4643,1.9899,1.5675,1.1546,6.7776,6.7019,14.2969,140.8423,17.6234,6.1581,7.2818,2.2255,4.1405,1.7633,2.0065,2.8576,1.4102,1.4474,2.7221,Brett Berard,F,9.8513,0.0000,2.9026,0.0000,2.9039,0.9677,4.8385,0.1904,9.3796,0.0756
8481550,COL,124.1970,4.8704,3.9297,15.6294,27.4257,1.6733,1.2235,1.4806,7.0944,5.9551,15.2344,132.9971,12.6757,4.3424,5.9319,2.1162,7.1583,1.4226,1.7394,8.1269,4.1202,4.0067,2.7041,Adam Beckman,F,8.7301,0.0000,2.9017,0.0000,2.9025,0.9674,4.8369,0.1775,7.8284,1.1392
8484262,ANA,297.9933,5.3523,19.3822,16.5431,38.7051,0.6307,0.5018,2.2608,15.0226,18.1300,23.5156,322.7279,33.2205,21.7987,17.0304,4.0535,12.2416,4.4386,2.6534,0.0033,0.0017,0.0016,2.7626,Travis Mitchell,D,13.7240,0.0000,1.0016,1.0019,4.0075,1.0018,5.0091,0.1175,3.0333,-3.1074
8482890,MTL,204.9316,7.8718,16.0437,13.3939,27.0404,0.6499,0.5684,2.0779,11.2592,11.9434,15.4375,228.8471,11.8257,13.2533,12.3955,2.9079,6.9795,2.6638,1.7800,0.0000,0.0000,0.0000,2.6463,Ethan Samson,D,14.8241,0.0000,1.9358,0.0000,3.8716,0.9679,4.8395,0.1714,4.2440,-0.6842
8480831,EDM,252.9537,3.5330,14.8574,14.9599,38.0128,0.7466,0.5940,2.0294,12.6221,12.6866,20.4844,271.3441,10.0411,23.7657,15.6936,4.1326,17.6758,4.4794,1.6575,0.0010,0.0005,0.0005,2.6234,Alec Regula,D,13.2464,0.0000,1.9618,0.0000,3.9242,0.9810,4.9050,0.1281,3.9708,-0.0645
8480058,VAN,203.2078,4.2125,12.1379,11.7090,28.4879,0.6412,0.5434,2.2359,8.2847,12.6184,15.6094,219.5582,9.7707,12.8464,13.0937,4.4534,8.1416,2.9611,1.2800,0.0004,0.0002,0.0002,2.7793,Pierre-Olivier Joseph,D,14.0658,0.0000,1.0719,0.0000,4.2884,1.0721,5.3603,0.1781,4.6412,-4.3337
8482178,ANA,208.5867,4.5861,12.3932,16.1211,33.0301,1.0547,0.8494,1.7426,10.5614,12.8541,18.0781,225.5660,10.2809,18.2517,10.4884,4.2519,5.7786,2.6955,1.3504,0.4848,0.2444,0.2403,2.5920,Ian Moore,D,12.4773,0.0000,2.0054,0.0000,3.0090,1.0029,5.0145,0.1434,5.2687,-2.2926
8481167,CGY,193.5185,2.5006,25.9355,11.5044,28.0607,0.5375,0.4641,2.2893,8.5625,13.2959,14.0469,221.9546,31.8109,16.1502,12.4883,2.6716,17.4538,5.3280,3.2361,0.0004,0.0002,0.0002,2.7534,Brayden Pachal,D,15.8010,0.0000,1.0713,0.0000,4.2851,1.0713,5.3566,0.1960,4.0338,-4.7334
8478147,FLA,167.7644,4.7978,5.9156,17.2455,27.2072,1.8311,1.3149,1.1135,8.7673,8.3127,25.5312,178.4778,50.9992,6.4725,8.8162,2.5180,25.0892,3.0779,2.0114,6.2942,3.1167,3.1775,2.4284,Bokondji Imama,F,6.9906,0.0000,2.9266,0.0000,2.9278,0.9757,4.8785,0.0951,7.6247,0.4546
8484839,PIT,222.3651,5.3628,14.0821,14.6982,33.1019,0.8213,0.7305,1.7642,11.5872,13.0172,15.4688,241.8100,8.1079,18.3066,14.6835,3.1875,8.1679,3.1407,1.9099,0.0025,0.0012,0.0012,2.4947,Harrison Brunicke,D,15.6322,0.0000,2.0095,0.0000,3.0148,1.0049,4.0195,0.1613,4.9703,-1.4300
8482760,FLA,86.2720,6.8767,3.9002,11.6607,18.0629,1.2272,1.0106,1.3963,5.1728,4.6379,8.9688,97.0489,8.5974,3.3825,5.2214,1.5576,3.2054,1.1544,1.3789,31.6487,13.9527,17.6960,2.4069,Samu Salminen,F,10.8208,0.0000,1.9547,0.0000,2.9325,0.9774,4.8872,0.2684,8.6667,0.5350
8482873,NJD,187.6255,8.6951,8.2310,10.3626,22.8376,0.5184,0.4401,1.9439,10.7354,9.8825,13.3594,204.5515,6.0039,13.7612,10.4192,2.8204,4.9051,2.0892,1.3415,0.0049,0.0024,0.0024,2.3839,Topias Vilen,D,15.3115,0.0000,0.9721,0.0000,3.8888,0.9722,4.8610,0.1784,4.2465,0.8530
8485587,TBL,80.9166,9.3384,3.3113,12.8924,20.2493,1.2171,1.0303,1.3193,5.3903,4.3569,8.3438,93.5663,8.2889,3.2611,5.0340,1.5017,3.0903,1.1130,1.3294,38.1933,17.3474,20.8459,2.3496,Benjamin Rautiainen,F,11.2139,0.0000,1.9325,0.0000,2.8994,0.9664,3.8655,0.2816,7.9915,1.0334
8479772,TOR,140.9083,5.1834,5.3624,18.1473,30.2152,1.6166,1.4240,1.1183,6.2748,8.1411,19.5469,151.4540,35.9537,5.3221,7.5442,2.6873,18.2590,2.3604,1.9676,11.6957,5.6343,6.0614,2.5422,Zack MacEwen,F,7.7482,0.0000,3.1544,0.0000,2.1036,1.0516,5.2580,0.1301,7.8468,-1.8663
8484779,PHI,112.1095,6.8397,3.0906,10.8165,20.4175,1.4117,1.0928,1.3490,5.8804,5.6523,12.3125,122.0398,9.4737,4.2187,5.6100,1.8937,4.2441,1.5314,1.7696,81.3762,40.4381,40.9381,2.4418,Jett Luchanko,F,9.9119,0.0000,2.0198,0.0000,3.0308,1.0101,4.0404,0.1983,10.1033,0.2281
8484509,EDM,125.7118,2.0146,14.0707,10.2513,19.8416,1.0514,0.8606,1.4656,6.5710,7.2633,11.8125,141.7971,14.5375,5.8988,6.5380,2.5701,3.7576,1.5912,1.5038,73.8286,36.1686,37.6600,2.3262,Josh Samanski,F,12.0040,0.0000,1.9614,0.0000,2.9424,0.9808,4.0212,0.1969,8.3948,-0.6924
8477979,MIN,108.0882,3.0247,2.4955,9.8244,20.2455,1.3932,1.0122,1.2567,5.6659,4.9365,11.0469,113.6084,18.9351,3.8188,5.4807,2.5159,5.2250,1.8393,1.6894,5.2225,2.5649,2.6575,2.2689,Nicolas Aube-Kubel,F,10.2842,0.0000,1.9420,0.0000,2.9142,0.9712,3.8849,0.2054,10.3026,0.7294
8477938,WPG,198.4453,3.4665,31.9339,12.1054,29.3814,0.7669,0.5856,1.7367,9.9801,13.0138,19.0625,233.8457,20.0133,20.7308,13.9481,2.5754,5.7401,2.2593,0.8972,0.0004,0.0002,0.0002,2.3224,Haydn Fleury,D,12.2673,0.0000,2.0284,0.0000,3.0428,1.0143,4.0570,0.1218,4.8376,-3.0337
8477971,DET,254.0368,5.6565,16.2443,11.9925,26.6327,0.5149,0.3921,1.9010,12.1241,14.2125,19.8125,275.9376,37.0304,19.5037,13.6768,3.1227,21.7121,3.1333,2.3308,0.0014,0.0007,0.0007,2.2931,Andreas Englund,D,13.9274,0.0000,1.0020,0.0000,4.0090,0.0000,4.0088,0.1157,3.2694,-2.0884
8483104,NYI,85.3328,6.6260,4.3670,11.1811,17.7133,1.0921,0.9616,1.3530,4.5944,4.7997,8.5156,96.3258,8.5333,3.3573,5.1825,1.5460,3.1815,1.1458,1.3686,9.1929,3.8473,5.3456,2.3146,Daylan Kuefler,F,11.3117,0.0000,2.0445,0.0000,3.0670,0.0000,4.0892,0.2718,8.6003,-0.2053
8475755,FLA,212.2777,3.7517,12.2643,14.4469,30.1597,0.6861,0.4997,1.7144,10.8153,11.2409,16.5781,228.2937,23.7365,19.3506,12.2042,2.8331,11.6909,2.9728,1.0102,0.0003,0.0002,0.0002,2.2141,Alexander Petrovic,D,13.7708,0.0000,0.9777,0.0000,3.9117,0.0000,3.9116,0.1336,3.4588,-0.4256
8477073,OTT,138.7806,5.0343,4.0908,10.9634,16.9993,1.0013,0.7516,1.3841,7.6715,6.4176,24.3125,147.9057,33.4964,6.2623,7.8577,1.9982,30.3453,4.0257,2.0352,3.6396,1.7800,1.8596,2.1357,Kurtis MacDermid,F,6.0835,0.0000,1.9490,0.0000,2.9243,0.0000,3.8987,0.0878,6.8560,1.2539
8480245,OTT,81.2722,2.6437,2.7858,7.8242,13.8165,1.0050,0.8094,1.2542,4.4340,3.8266,8.8906,86.7017,4.2466,2.7701,4.3864,1.3132,1.7722,0.8294,1.0309,2.7824,1.3536,1.4288,2.0635,Olle Lycksell,F,9.7520,0.0000,1.9493,0.0000,2.9248,0.0000,3.8993,0.2321,10.3442,0.6075
8480291,CAR,81.0927,1.9189,15.5973,8.6799,16.9011,1.0489,0.7684,1.1886,5.1188,5.5606,7.6562,98.6089,7.4348,2.8391,4.9663,1.4213,3.3887,1.2306,1.1325,63.9440,32.4163,31.5277,1.9570,Skyler Brind'Amour,F,12.8795,0.0000,1.9196,0.0000,2.8792,0.0000,3.8390,0.2556,8.8528,-0.4418
8484390,CHI,71.5500,6.1715,2.9371,9.4165,14.8434,0.9139,0.8597,1.1878,3.5525,4.2996,6.7812,80.6586,7.1454,2.8112,4.3396,1.2946,2.6640,0.9594,1.1460,8.9632,4.0605,4.9026,2.0475,Roman Kantserov,F,11.8944,0.0000,2.1191,0.0000,3.1796,0.0000,4.2389,0.3019,9.1300,-0.7471
8479387,COL,163.3628,2.2785,13.1274,13.5012,32.4971,0.5373,0.4108,1.3822,8.9561,8.8607,13.6562,178.7686,22.2040,12.3458,9.2703,2.3937,10.2321,2.9738,1.3345,0.0011,0.0005,0.0005,1.7930,Keaton Middleton,D,13.0906,0.0000,0.9683,0.0000,2.9056,0.0000,3.8739,0.1313,3.0429,0.0954
8478062,CBJ,152.4488,3.2845,15.7208,10.2745,19.3547,0.4498,0.3968,1.3890,8.6611,8.4866,14.3906,171.4541,5.4942,11.7049,8.5521,2.3846,4.2263,1.7708,1.1330,0.0042,0.0021,0.0021,1.7858,Dysin Mayo,D,11.9143,0.0000,0.9843,0.0000,2.9528,0.0000,3.9371,0.1241,3.8619,0.1745
8481019,PIT,79.3900,2.8462,3.4910,8.1474,13.7049,0.9326,0.7740,0.9100,4.1150,4.4665,8.7500,85.7272,5.7327,3.6654,3.2363,1.1765,1.3998,0.5186,0.8286,59.6071,30.2457,29.3615,1.6840,David Gustafsson,F,9.7974,0.0000,2.0072,0.0000,2.0076,0.0000,3.0109,0.1925,9.4995,-0.3515
8483675,LAK,56.1527,3.4260,2.6016,9.6747,13.8701,0.8149,0.5958,0.9674,3.1972,2.9778,6.5312,62.1803,6.6251,2.1212,3.0543,0.9800,1.7236,0.6588,0.7723,39.5147,19.7316,19.7831,1.5632,Kenny Connors,F,9.5204,0.0000,1.9909,0.0000,1.9918,0.0000,2.9872,0.2393,6.1581,0.2193
8482131,FLA,100.3208,1.4185,12.4366,6.2370,14.9749,0.2592,0.1953,1.3350,5.2813,6.2326,6.1094,114.1759,13.1533,6.5537,5.3198,1.2776,9.8294,1.9018,0.9007,0.0002,0.0001,0.0001,1.5303,Donovan Sebrango,D,18.6886,0.0000,0.9786,0.0000,2.9357,0.0000,2.9358,0.2505,3.1318,-0.9513
8484305,BUF,102.7024,1.5670,14.4731,6.0440,13.1428,0.3641,0.2892,1.1907,5.5191,6.7752,8.2656,118.7424,1.6246,7.9342,6.4784,1.5144,2.3559,1.1409,0.8735,0.0003,0.0002,0.0002,1.4799,Zach Metsa,D,14.3658,0.0000,0.9938,0.0000,2.9807,0.0000,2.9806,0.1790,4.7846,-1.2561
8483463,STL,68.0066,4.3234,1.5525,9.4011,13.8754,0.6854,0.5554,0.8910,3.4815,3.3578,7.2031,73.8825,4.2598,2.6526,3.5514,1.1112,1.7686,0.7366,0.9663,17.9435,9.1277,8.8158,1.4464,Aleksanteri Kaskimaki,F,10.2570,0.0000,2.0454,0.0000,2.0460,0.0000,3.0686,0.2008,5.9080,0.1237
8480828,TBL,175.5968,3.8369,15.2925,10.6004,23.5797,0.4841,0.3646,0.9490,9.9510,9.6498,14.6250,194.7261,7.5463,13.9327,9.6584,2.6174,5.0973,1.6088,1.0168,0.0019,0.0009,0.0009,1.3136,Michael Callahan,D,13.3146,0.0000,0.9666,0.0000,1.9332,0.0000,2.8998,0.0898,3.4395,0.3012
8482652,WPG,74.8759,1.9758,1.4723,7.2366,13.2000,0.9114,0.6875,0.6816,3.4892,3.4509,8.0156,78.3241,16.3623,3.2465,3.8605,1.0374,1.2279,0.6292,0.7540,4.0972,2.0091,2.0881,1.3691,Walker Duehr,F,9.7714,0.0000,2.0209,0.0000,2.0221,0.0000,3.0322,0.1708,9.5002,0.0384
8486171,COL,48.4808,2.7395,2.6877,6.5051,10.0680,0.6216,0.5137,0.7430,2.9044,2.5359,4.9844,53.9080,4.7756,1.8789,2.9003,0.8652,1.7805,0.6412,0.7659,4.6617,2.0387,2.6230,1.2567,T.J. Hughes,F,10.8154,0.0000,1.9345,0.0000,1.9350,0.0000,2.9022,0.2521,7.8970,0.3685
8481560,OTT,38.8327,2.7332,0.5204,7.0451,11.8581,0.7679,0.6587,0.5841,2.3043,1.7971,3.7344,42.0864,2.1916,1.0950,2.0892,0.5573,0.9334,0.4342,0.3891,1.0952,0.5326,0.5627,1.2428,Arthur Kaliyev,F,11.2700,0.0000,1.9480,0.0000,1.9485,0.0000,2.9223,0.3328,9.3501,0.5072
8483521,ANA,92.3343,3.6864,10.0450,6.2329,13.0125,0.2697,0.2319,1.0336,5.0457,6.5584,5.9531,106.0657,5.4809,6.1426,5.7450,1.3477,3.2348,1.2346,0.8250,0.0000,0.0000,0.0000,1.2655,Noah Warren,D,17.8168,0.0000,1.0035,0.0000,2.0074,0.0000,3.0110,0.2126,3.7206,-1.5127
8478409,PHI,44.5287,3.6686,0.7520,5.3032,9.2373,0.5593,0.4635,0.8066,2.4152,2.2551,4.4219,48.9493,3.5934,1.7185,2.2150,0.7850,0.8194,0.4112,0.5747,10.7378,5.2978,5.4400,1.2702,Anthony Richard,F,11.0698,0.0000,1.0116,0.0000,2.0239,0.0000,3.0355,0.2872,8.7402,0.1601
8485484,EDM,44.7421,3.3190,2.8082,6.4931,10.5303,0.6122,0.5002,0.6842,2.7076,2.3799,4.8750,50.8693,2.6287,2.9460,2.7553,0.6464,1.5514,0.5921,0.3957,0.0000,0.0000,0.0000,1.1844,Damien Carfagna,F,10.4347,0.0000,0.9800,0.0000,1.9599,0.0000,2.9399,0.2430,7.7032,0.3277
8483448,NYI,105.9607,2.0382,3.4943,6.6734,15.5074,0.2263,0.1861,1.0474,4.8328,5.4932,8.0312,111.4932,3.0094,7.3088,5.5420,1.5602,1.8116,0.9237,0.4924,0.0007,0.0004,0.0004,1.2336,Isaiah George,D,13.8824,0.0000,1.0216,0.0000,2.0436,0.0000,3.0650,0.1536,2.7891,-0.6604
8480874,PHI,137.0154,2.1742,14.3831,6.9013,18.8341,0.2942,0.2328,0.9851,6.9685,7.9956,10.7812,153.5728,9.5005,10.5241,8.8811,2.0146,2.1733,1.2194,0.8746,0.0021,0.0010,0.0010,1.2179,Adam Ginning,D,14.2444,0.0000,1.0094,0.0000,2.0190,0.0000,3.0286,0.1130,3.3729,-1.0271
8482459,WPG,88.1329,5.9344,8.0430,6.1445,12.6697,0.3060,0.2670,0.9537,4.7798,5.1538,8.1094,102.1103,5.2765,5.9135,5.5308,1.2975,3.1142,1.1886,0.7942,0.0000,0.0000,0.0000,1.2208,Tyrel Bauer,D,12.5916,0.0000,1.0130,0.0000,2.0260,0.0000,3.0390,0.1505,4.3459,-0.3740
8479026,TOR,142.5605,1.6848,18.3186,10.1535,21.7052,0.4030,0.3220,0.9355,6.3781,10.1296,9.5938,162.5639,16.3000,12.6312,9.7091,2.0982,5.3576,2.1743,0.7158,0.0002,0.0001,0.0001,1.2575,Philippe Myers,D,16.9448,0.0000,1.0516,0.0000,2.1030,0.0000,3.1545,0.1311,3.1712,-3.7515
8482781,MIN,83.2824,2.8548,9.6834,6.0471,12.4228,0.3080,0.2357,0.8827,4.7892,4.9773,7.0000,95.8205,3.9155,6.7767,5.2002,1.3605,2.5282,1.0168,0.6446,0.0026,0.0013,0.0013,1.1184,Carson Lambos,D,13.6886,0.0000,0.9711,0.0000,1.9424,0.0000,2.9135,0.1598,3.8974,-0.1880
8479718,SJS,33.2039,9.6047,0.8519,4.3974,8.0734,0.7308,0.5825,0.5564,2.5757,2.1436,3.9375,43.6606,3.6437,1.2227,2.1072,0.7611,1.2258,0.5205,0.5532,10.7048,5.5620,5.1428,1.1389,Alex Barré-Boulet,F,11.0884,0.0000,2.0473,0.0000,1.0236,0.0000,2.0472,0.2892,13.2454,0.4321
8483878,FLA,38.9807,2.8926,1.9400,5.1992,8.0845,0.5402,0.4285,0.6119,2.3043,2.1281,4.0781,43.8132,3.8813,1.5270,2.3572,0.7032,1.4471,0.5212,0.6225,3.8153,1.6239,2.1914,1.0405,Kai Schwindt,F,10.7435,0.0000,0.9775,0.0000,1.9554,0.0000,1.9552,0.2551,8.2424,0.1762
8475968,MTL,43.8756,1.0515,4.5553,5.1849,7.4665,0.4992,0.4156,0.5881,2.3446,2.6731,4.2188,49.4825,4.3836,1.7246,2.6622,0.7942,1.6343,0.5886,0.7031,5.2336,2.2307,3.0030,1.0037,Alex Belzile,F,11.7292,0.0000,0.9686,0.0000,1.9377,0.0000,1.9377,0.2379,8.0162,-0.3284
8479066,CBJ,43.6518,1.6033,1.2699,4.8184,8.4582,0.6261,0.4741,0.5422,2.3993,2.0735,4.6406,46.5249,10.0351,1.3937,1.7306,0.5902,4.4057,0.7973,0.7150,1.3285,0.6353,0.6932,1.0163,Ryan Lomberg,F,10.0256,0.0000,0.9847,0.0000,0.9849,0.0000,1.9696,0.2190,9.8404,0.3258
8481704,NYR,50.6091,1.4586,1.6978,4.8939,7.5422,0.4788,0.4486,0.5865,2.3511,2.5569,5.9844,53.7655,7.5780,2.1047,2.3360,0.7340,1.7420,0.7045,0.7395,28.3974,12.8719,15.5255,1.0350,Juuso Parssinen,F,8.9843,0.0000,1.0123,0.0000,2.0257,0.0000,2.0253,0.1730,9.1659,-0.2058
8483435,OTT,90.1920,2.5315,7.0400,6.3938,12.7318,0.2483,0.1804,0.8127,5.0431,4.7615,8.4375,99.7635,7.2462,6.9916,5.2230,1.4090,2.5859,1.0513,0.6681,0.0036,0.0018,0.0018,0.9931,Jorian Donovan,D,11.8238,0.0000,0.9733,0.0000,1.9468,0.0000,1.9467,0.1177,2.8221,0.2816
8477335,DAL,88.3536,2.0169,3.4321,4.7347,12.7637,0.2256,0.1786,0.7864,4.5195,4.4795,7.9375,93.8026,12.3849,6.8868,4.0423,1.3895,6.0328,1.9678,0.7118,0.0006,0.0003,0.0003,0.9650,Kyle Burroughs,D,11.8177,0.0000,0.9728,0.0000,1.9460,0.0000,1.9459,0.1216,3.7723,0.0400
8481712,BOS,40.2971,4.0314,0.9002,6.1470,9.6305,0.7334,0.5294,0.4141,2.4430,2.2003,4.8281,45.2286,3.2380,1.4920,2.2305,0.6933,0.9209,0.4190,0.5582,1.7674,0.8616,0.9058,0.9435,Matj  Blmel,F,9.3677,0.0000,0.9909,0.0000,0.9912,0.0000,1.9818,0.1954,8.6125,0.2427
8484148,PHI,46.7774,2.5979,5.4937,3.4654,6.9781,0.1665,0.1987,0.7421,2.6756,2.9327,3.0469,54.8690,3.8271,3.6932,2.9485,0.7724,1.4066,0.5757,0.3663,0.0017,0.0008,0.0008,0.9408,Oliver Bonk,D,18.0083,0.0000,1.0100,0.0000,2.0199,0.0000,2.0197,0.3088,5.7330,-0.2570
8485493,EDM,43.0557,1.9437,0.9154,5.8454,9.8556,0.6462,0.4705,0.4431,2.2848,1.9883,4.9062,45.9148,3.3588,1.3886,2.2674,0.7013,1.6829,0.6457,0.5386,12.8706,6.2770,6.5936,0.9136,David Tomasek,F,9.3584,0.0000,0.9806,0.0000,0.9810,0.0000,1.9616,0.1862,8.0491,0.2965
8479362,NJD,46.8526,3.5454,1.1892,4.6962,8.3309,0.5412,0.3847,0.4937,2.8339,2.3924,5.3750,51.5872,6.4445,1.5994,2.4724,0.7504,1.7344,0.6502,0.6453,2.1176,1.0616,1.0559,0.8785,Riley Tufte,F,9.5976,0.0000,0.9710,0.0000,0.9714,0.0000,1.9424,0.1634,8.1922,0.4415
8482168,TBL,53.4012,2.7584,2.5077,3.7168,7.1424,0.1522,0.1225,0.6882,3.1116,2.8046,4.0781,58.6674,1.9418,4.0258,3.0284,0.8184,1.4603,0.6084,0.3887,0.0017,0.0009,0.0008,0.8107,Maxim Groshev,D,14.3859,0.0000,0.9679,0.0000,1.9358,0.0000,1.9358,0.1988,3.2968,0.3070
8481609,NJD,60.8396,1.4884,3.1462,4.0235,8.6828,0.2396,0.1854,0.6237,3.2768,3.2448,4.6562,65.4742,2.8829,4.5877,3.3315,0.9223,1.6922,0.7620,0.4131,0.0004,0.0002,0.0002,0.8091,Vladislav Kolyachonok,D,14.0616,0.0000,0.9730,0.0000,1.9469,0.0000,1.9467,0.1738,4.6070,0.0320
8479414,DAL,42.2615,0.9539,1.2768,3.6967,6.2471,0.5532,0.4264,0.3688,2.1209,2.0984,5.2656,44.4923,10.5267,1.5178,1.7173,0.4035,2.3685,0.7102,0.6185,1.0347,0.4862,0.5485,0.7952,Nathan Bastian,F,8.4496,0.0000,0.9725,0.0000,0.9731,0.0000,1.9455,0.1510,11.5355,0.0226
8480259,MIN,38.7146,1.3811,3.0012,4.7997,7.6731,0.4890,0.2959,0.4958,2.1562,2.0813,4.5156,43.0969,9.2861,1.6803,1.9429,0.5378,1.0578,0.2578,0.5606,18.2750,9.5566,8.7185,0.7917,Ben Jones,F,9.5440,0.0000,0.9702,0.0000,0.9707,0.0000,1.9411,0.1753,6.1650,0.0748
8482408,ANA,35.2529,1.1628,1.5012,4.1487,8.4987,0.5051,0.3839,0.4262,1.7763,2.1227,4.2031,37.9169,10.9474,1.6849,1.5839,0.6022,3.0880,0.5459,0.5514,1.1892,0.5841,0.6051,0.8101,Jeff Malott,F,9.0211,0.0000,1.0029,0.0000,1.0031,0.0000,2.0060,0.1927,9.2539,-0.3464
8482623,BUF,41.7559,0.9159,1.6118,4.0846,7.6662,0.5161,0.3776,0.4236,2.1001,2.1697,4.6094,44.2836,5.2499,1.8049,2.1226,0.7324,3.9415,0.7448,0.8526,14.2038,7.4938,6.7100,0.8011,Josh Dunne,F,9.6073,0.0000,0.9937,0.0000,0.9940,0.0000,1.9877,0.1738,9.2443,-0.0696
8483503,PIT,78.4680,1.0844,7.7997,4.4273,11.5297,0.1818,0.1600,0.6405,4.1559,4.9258,6.0156,87.3521,2.8662,5.2998,4.0636,1.2190,2.0510,0.9270,0.5502,0.0009,0.0004,0.0004,0.8005,Owen Pickering,D,14.5209,0.0000,1.0031,0.0000,2.0059,0.0000,2.0060,0.1331,3.6137,-0.7699
8480853,NYI,36.0043,1.1405,1.2965,3.3777,6.5834,0.4034,0.3288,0.4617,1.7427,1.8612,3.8594,38.4413,2.6725,1.3327,1.7323,0.6250,0.8852,0.3835,0.5287,12.4102,5.9847,6.4256,0.7905,Liam Foudy,F,9.9605,0.0000,1.0187,0.0000,1.0189,0.0000,2.0376,0.2048,9.7355,-0.1185
8480001,NYR,52.9525,0.7410,5.9855,3.1449,7.0483,0.1521,0.1446,0.6409,2.4927,3.2652,3.7812,59.6790,1.5214,3.4856,2.8393,0.6806,1.4534,0.7001,0.4774,0.0001,0.0001,0.0001,0.7855,Urho Vaakanainen,D,15.7829,0.0000,1.0129,0.0000,2.0261,0.0000,2.0260,0.2077,4.5991,-0.7725
8484901,TOR,46.6662,0.8979,8.5566,3.7961,7.0257,0.3206,0.2459,0.5611,2.2298,3.6771,4.9219,56.1207,9.9234,2.2997,2.7600,1.0318,1.0235,0.4955,0.7627,28.6340,12.6485,15.9855,0.8070,Jacob Quillan,F,11.4023,0.0000,1.0524,0.0000,1.0523,0.0000,2.1047,0.1640,6.4790,-1.4473
8481004,CAR,38.0449,0.7904,4.3507,3.7237,6.4088,0.4045,0.2682,0.4479,2.2508,2.2543,3.6875,43.1860,2.6443,1.4301,2.0125,0.7275,1.5037,0.5237,0.5283,3.2880,1.6217,1.6663,0.7161,Josiah Slavin,F,11.7114,0.0000,0.9588,0.0000,0.9588,0.0000,1.9173,0.1942,7.2018,-0.0035
8483686,MTL,54.0774,1.5308,2.1103,3.3558,7.3837,0.2118,0.1700,0.5354,2.7849,2.8530,4.1875,57.7185,2.2085,3.4875,2.7678,0.7779,1.9679,0.7717,0.3737,0.0004,0.0002,0.0002,0.7054,Adam Engstrom,D,13.7835,0.0000,0.9693,0.0000,1.9382,0.0000,1.9383,0.1685,5.0661,-0.0681
8482148,PIT,28.9097,1.2251,0.9105,2.6575,4.5491,0.3632,0.3016,0.4246,1.5057,1.5932,2.7812,31.0453,2.0859,1.1719,1.6831,0.4568,0.8737,0.2827,0.4000,17.3000,7.2778,10.0222,0.7263,Hendrix Lapierre,F,11.1623,0.0000,1.0011,0.0000,1.0015,0.0000,2.0029,0.2611,11.3500,-0.0875
8479423,CGY,22.7814,4.4320,0.4227,3.7303,6.3675,0.4022,0.3735,0.3678,1.3832,1.3680,2.0000,27.6361,1.1128,0.8117,1.4566,0.4018,0.6578,0.2936,0.2983,1.9876,1.0078,0.9798,0.7412,Alex Nylander,F,13.8180,0.0000,1.0720,0.0000,1.0719,0.0000,2.1438,0.3706,10.0117,0.0152
8480887,BOS,38.5357,0.9024,4.9000,2.7713,5.2497,0.1387,0.1203,0.5545,2.0873,2.5451,2.8281,44.3380,1.6850,3.1453,1.9325,0.5612,0.8789,0.4329,0.3182,0.0001,0.0001,0.0001,0.6748,Jordan Harris,D,15.6775,0.0000,0.9887,0.0000,1.9775,0.0000,1.9775,0.2386,4.3418,-0.4579
8480157,STL,43.8434,0.9708,2.5036,3.5959,6.5845,0.1783,0.1643,0.4781,2.1415,2.3477,3.2969,47.3178,1.9859,3.3436,2.7944,0.6427,1.2870,0.5223,0.3062,0.0016,0.0008,0.0008,0.6424,Calle Rosen,D,14.3523,0.0000,1.0208,0.0000,1.0214,0.0000,2.0424,0.1949,4.5703,-0.2062
8483709,CGY,56.1386,1.8326,2.1181,2.6047,7.1551,0.1188,0.1043,0.5293,2.3986,3.1688,4.2031,60.0893,2.7522,3.8950,3.0751,0.8104,1.8262,0.6993,0.3865,0.0011,0.0006,0.0006,0.6336,Abram Wiebe,D,14.2963,0.0000,0.0000,0.0000,1.0698,0.0000,2.1398,0.1507,4.0055,-0.7702
8482785,CAR,17.8166,1.0424,0.3685,2.4514,3.9234,0.2422,0.2239,0.3439,1.0666,0.9031,1.7812,19.2275,1.8897,0.6299,0.9379,0.2946,0.4802,0.1952,0.2556,14.3219,7.0252,7.2967,0.5679,Justin Robidas,F,10.7944,0.0000,0.9616,0.0000,0.9620,0.0000,1.9236,0.3188,9.1356,0.1635
8483699,LAK,38.4026,1.6168,2.6756,2.7243,5.4265,0.1607,0.1478,0.4335,2.1159,2.1730,2.9062,42.6950,3.1984,3.0048,2.2415,0.6045,1.1158,0.4514,0.2866,0.0017,0.0009,0.0008,0.5813,Angus Booth,D,14.6907,0.0000,0.9953,0.0000,0.9955,0.0000,1.9910,0.2000,5.4255,-0.0570
8482641,MIN,31.2187,0.4928,5.0635,1.9110,3.9599,0.0875,0.0651,0.4432,1.7594,2.0411,2.3125,36.7749,0.8438,2.7820,2.1532,0.4565,0.8798,0.3815,0.2523,0.0003,0.0002,0.0002,0.5083,Matt Kiersted,D,15.9027,0.0000,0.0000,0.0000,0.9696,0.0000,1.9392,0.2198,3.4050,-0.2818
8477149,TBL,22.6597,0.9487,0.5676,1.9686,4.2984,0.2596,0.1908,0.3040,1.2627,1.1130,2.8594,24.1760,6.4009,0.9745,1.1458,0.3202,5.6008,0.6065,0.3780,0.5943,0.2968,0.2975,0.4948,Scott Sabourin,F,8.4550,0.0000,0.9665,0.0000,0.9669,0.0000,0.9667,0.1730,9.6912,0.1496
8484224,FLA,16.6393,1.5624,0.6909,2.3235,3.6148,0.2508,0.2108,0.2860,1.0225,0.9155,1.6719,18.8926,1.6737,0.6585,1.0165,0.3032,0.6240,0.2247,0.2684,6.1349,2.7070,3.4278,0.4969,Gracyn Sawchyn,F,11.3003,0.0000,0.9783,0.0000,0.9785,0.0000,0.9784,0.2972,9.0738,0.1070
8482174,TOR,47.6888,1.0227,2.4388,2.6491,5.6686,0.1034,0.0909,0.4319,2.0411,2.8664,3.0312,51.1503,1.7146,3.7350,2.5256,0.7537,1.1279,0.5042,0.3866,0.0007,0.0003,0.0003,0.5228,William Villeneuve,D,16.8743,0.0000,0.0000,0.0000,1.0496,0.0000,1.0496,0.1725,3.4321,-0.8253
8478502,OTT,35.2992,0.5036,2.2753,1.5896,3.8883,0.0747,0.0585,0.4141,1.8337,1.8077,2.7656,38.0781,4.8506,3.4122,1.8530,0.4885,2.9474,0.5782,0.3573,0.0002,0.0001,0.0001,0.4726,Dennis Gilbert,D,13.7683,0.0000,0.0000,0.0000,0.9769,0.0000,0.9770,0.1709,3.6823,0.0259
8482479,BUF,17.6907,1.2817,0.8192,2.2279,3.8455,0.2251,0.1720,0.2842,1.0037,0.9827,2.0000,19.7915,1.8235,0.6468,0.9593,0.3172,0.5807,0.2144,0.2495,7.7101,3.9312,3.7788,0.4562,Trevor Kuntar,F,9.8958,0.0000,0.9923,0.0000,0.9924,0.0000,0.9926,0.2281,7.7188,0.0210
8485511,EDM,20.0915,0.7595,0.5581,2.2349,3.9602,0.2747,0.2131,0.2335,1.0460,0.9412,2.1562,21.4091,0.8589,0.6807,1.1634,0.3219,0.6661,0.2462,0.2552,1.3197,0.6519,0.6679,0.4466,Quinn Hutson,F,9.9288,0.0000,0.9813,0.0000,0.9819,0.0000,0.9816,0.2071,9.5369,0.1049
8482911,CAR,25.4742,0.3924,1.6720,1.9839,4.6791,0.0774,0.0607,0.3694,1.4346,1.3565,2.0000,27.5385,0.5417,1.4124,1.4769,0.3256,0.4100,0.2176,0.1295,0.0000,0.0000,0.0000,0.4301,Joel Nystrom,D,13.7693,0.0000,0.0000,0.0000,0.9610,0.0000,0.9611,0.2151,3.0591,0.0781
8484933,FLA,28.9018,0.3977,4.0952,1.7873,3.8035,0.1334,0.0991,0.2938,1.5208,1.8819,2.0938,33.3946,1.6813,2.1827,1.8777,0.4872,0.7149,0.3249,0.2502,0.0005,0.0002,0.0002,0.3928,Mikulas Hovorka,D,15.9497,0.0000,0.9799,0.0000,0.9795,0.0000,0.9796,0.1876,5.5430,-0.3611
8482673,OTT,12.4333,0.4931,0.4074,1.9502,3.4586,0.2168,0.1534,0.1906,0.6953,0.5912,1.4062,13.3339,1.5579,0.4288,0.6606,0.2117,0.3789,0.1427,0.1667,1.0878,0.5288,0.5590,0.3440,Xavier Bourgault,F,9.4819,0.0000,0.9720,0.0000,0.9721,0.0000,0.9721,0.2446,7.8650,0.1041
8479395,NJD,24.8763,0.5173,0.7073,1.4899,3.2023,0.0663,0.0542,0.2519,1.2923,1.2425,1.6875,26.1009,0.3617,1.7338,1.6124,0.3967,0.5094,0.2453,0.1000,0.0001,0.0000,0.0000,0.3062,Dennis Cholowski,D,15.4672,0.0000,0.0000,0.0000,0.9735,0.0000,0.9736,0.1814,3.6405,0.0498
8484287,NYI,31.1328,0.6252,1.2997,2.0563,4.4807,0.1238,0.0940,0.2155,1.4256,1.6812,2.2969,33.0577,2.3614,2.4543,1.7463,0.5347,0.7389,0.3278,0.2131,0.0006,0.0003,0.0003,0.3094,Cole McWard,D,14.3925,0.0000,0.0000,0.0000,1.0203,0.0000,1.0206,0.1347,4.5691,-0.2556
8484214,CBJ,10.4513,0.5988,0.2819,1.4578,2.3087,0.1631,0.1243,0.1728,0.6011,0.5000,0.9219,11.3320,0.7351,0.3658,0.5708,0.1729,0.2831,0.1151,0.1368,3.0241,1.5239,1.5002,0.2971,Luca Pinelli,F,12.2924,0.0000,0.9810,0.0000,0.9812,0.0000,0.9808,0.3222,8.5262,0.1011
8482525,TOR,15.2994,0.5993,0.6583,1.5471,2.4526,0.1438,0.1189,0.1922,0.6879,0.8882,1.6250,16.5570,1.6972,0.5616,0.8102,0.2601,0.6033,0.2045,0.2249,4.4471,2.1639,2.2832,0.3111,Ryan Tverberg,F,10.1889,0.0000,1.0475,0.0000,1.0485,0.0000,1.0485,0.1914,7.6847,-0.2003
8480825,SJS,13.9258,0.5369,1.2921,1.5475,2.4122,0.1553,0.1198,0.1628,0.7022,0.8932,1.6719,15.7549,1.7535,0.5781,0.7766,0.2253,0.2587,0.1311,0.1697,6.4004,3.0889,3.3115,0.2826,Patrick Giles,F,9.4235,0.0000,1.0240,0.0000,1.0250,0.0000,1.0246,0.1690,7.7418,-0.1910
8481848,PHI,13.2159,0.3826,0.7375,1.6355,2.5305,0.1663,0.1227,0.1471,0.6336,0.7160,1.5625,14.3361,1.2851,0.4859,0.7050,0.2285,0.3305,0.1406,0.1864,9.4781,4.7164,4.7617,0.2698,Jacob Gaucher,F,9.1751,0.0000,1.0164,0.0000,1.0169,0.0000,1.0166,0.1727,7.5007,-0.0824
8479644,NYI,12.2522,0.4752,0.2812,1.4860,2.4236,0.1562,0.1289,0.1215,0.5960,0.6105,1.2812,13.0086,1.6710,0.5023,0.5918,0.2318,0.3192,0.1311,0.1562,0.4958,0.2409,0.2549,0.2504,Matt Luff,F,10.1530,0.0000,1.0197,0.0000,1.0196,0.0000,1.0192,0.1955,8.6735,-0.0146
8482682,MTL,7.9428,0.5108,0.3037,1.0548,1.6222,0.1141,0.1001,0.1235,0.4596,0.4159,0.7656,8.7573,0.7758,0.3052,0.4712,0.1406,0.2892,0.1042,0.1244,0.9308,0.3964,0.5343,0.2236,Sasha Pastujov,F,11.4382,0.0000,0.9634,0.0000,0.9634,0.0000,0.9634,0.2921,9.4892,0.0437
8478400,NJD,12.5289,0.5029,0.9633,1.1838,2.4941,0.1759,0.1323,0.0847,0.7188,0.7096,1.6406,13.9951,1.1646,0.4883,0.7215,0.2313,0.2942,0.1346,0.1629,7.8613,3.7183,4.1430,0.2170,Colin White,F,8.5303,0.0000,0.9697,0.0000,0.0000,0.0000,0.9699,0.1322,11.1729,0.0091
8480871,NYI,11.4398,0.8908,0.3837,0.8492,2.0656,0.0531,0.0460,0.1758,0.5924,0.6300,0.7812,12.7144,0.3395,0.7361,0.6170,0.1559,0.1970,0.1000,0.0571,0.0000,0.0000,0.0000,0.2217,Adam Boqvist,D,16.2745,0.0000,0.0000,0.0000,1.0195,0.0000,1.0194,0.2838,5.4123,-0.0376
8484201,ANA,7.6079,0.6374,0.5169,1.0764,1.7230,0.1002,0.0872,0.1295,0.4403,0.5043,0.7344,8.7621,0.7762,0.3054,0.4714,0.1406,0.2894,0.1042,0.1245,0.8685,0.3851,0.4834,0.2167,Nico Myatovic,F,11.9314,0.0000,0.0000,0.0000,0.9999,0.0000,0.9998,0.2950,8.0995,-0.0640
8481547,TBL,14.1683,0.5880,0.7372,1.0579,2.0741,0.0411,0.0340,0.1412,0.8150,0.7571,0.9375,15.4936,1.0756,1.1156,0.7831,0.2180,0.3967,0.1625,0.1221,0.0005,0.0002,0.0002,0.1752,Simon Lundmark,D,16.5265,0.0000,0.0000,0.0000,0.9651,0.0000,0.9653,0.1869,3.2140,0.0578
8481599,BOS,10.1527,0.6361,0.4184,0.7741,1.5624,0.0404,0.0358,0.1402,0.5682,0.5640,0.7500,11.2073,0.2514,0.8479,0.6570,0.1621,0.1798,0.0951,0.0654,0.0001,0.0001,0.0001,0.1760,Victor Soderstrom,D,14.9430,0.0000,0.0000,0.0000,0.9888,0.0000,0.9892,0.2346,4.6213,0.0043
8481715,STL,15.2241,0.6008,1.1898,0.9097,2.0736,0.0405,0.0333,0.1440,0.7771,0.8709,1.1562,17.0147,1.9322,1.2019,0.8683,0.2414,0.4479,0.1804,0.1144,0.0005,0.0003,0.0002,0.1773,Hunter Skinner,D,14.7154,0.0000,0.0000,0.0000,1.0221,0.0000,1.0222,0.1534,3.6636,-0.0937
8482067,NYR,13.0393,0.1543,1.6055,0.9879,1.9828,0.0500,0.0420,0.1192,0.6162,0.8287,0.9062,14.7991,0.8845,1.0072,0.7993,0.1935,0.9742,0.1872,0.0926,0.0004,0.0002,0.0002,0.1612,Connor Mackey,D,16.3300,0.0000,0.0000,0.0000,1.0106,0.0000,1.0110,0.1778,4.2521,-0.2125
8485071,FLA,5.1421,0.4660,0.2265,0.7123,1.1081,0.0769,0.0634,0.0858,0.3106,0.2872,0.5156,5.8346,0.5169,0.2034,0.3139,0.0936,0.1927,0.0694,0.0829,0.5066,0.2148,0.2918,0.1492,Hunter St. Martin,F,11.3156,0.0000,0.0000,0.0000,0.0000,0.0000,0.9829,0.2894,8.8953,0.0234
8486056,CGY,7.1465,0.1919,0.6635,0.7969,1.2753,0.0684,0.0585,0.1004,0.3190,0.4495,0.7031,8.0020,0.5473,0.3126,0.3766,0.1285,0.2411,0.0912,0.0939,6.2500,3.1790,3.0709,0.1589,Tyson Gross,F,11.3806,0.0000,0.0000,0.0000,0.0000,0.0000,1.0694,0.2260,7.3424,-0.1305
8482953,COL,8.1249,0.2294,0.2772,0.9227,1.6162,0.0840,0.0623,0.0792,0.4439,0.3912,1.1562,8.6315,1.4954,0.2593,0.3888,0.1371,0.3146,0.1112,0.1003,0.3630,0.1820,0.1810,0.1415,Taylor Makar,F,7.4651,0.0000,0.0000,0.0000,0.0000,0.0000,0.9662,0.1224,6.7531,0.0527
8485091,TBL,4.6908,0.5526,0.2192,0.7507,1.1874,0.0705,0.0584,0.0774,0.3126,0.2623,0.4688,5.4627,0.4839,0.1904,0.2939,0.0877,0.1804,0.0650,0.0776,0.5997,0.2636,0.3362,0.1358,Noah Steen,F,11.6538,0.0000,0.0000,0.0000,0.0000,0.0000,0.9631,0.2897,7.7779,0.0502
8482624,CGY,9.8006,0.2156,0.7801,0.7522,1.7631,0.0347,0.0340,0.1102,0.4252,0.6056,0.6094,10.7963,0.2315,0.7215,0.5577,0.1453,0.1964,0.0969,0.0493,0.0001,0.0000,0.0000,0.1442,Daniil Miromanov,D,17.7170,0.0000,0.0000,0.0000,1.0681,0.0000,1.0685,0.2367,4.5230,-0.1804
8481577,PIT,4.4939,0.3064,0.1498,0.6381,1.0504,0.0678,0.0631,0.0723,0.2457,0.2624,0.4062,4.9502,0.3589,0.1658,0.2542,0.0847,0.0875,0.0376,0.0569,0.1931,0.0934,0.0997,0.1354,Philip Tomasino,F,12.1850,0.0000,0.0000,0.0000,0.0000,0.0000,1.0055,0.3334,9.8944,-0.0167
8479388,EDM,12.0880,0.2128,0.4533,0.6407,1.8109,0.0374,0.0298,0.0983,0.5927,0.5821,0.8125,12.7541,1.4685,0.8847,0.6799,0.1661,0.5746,0.1402,0.0795,0.0002,0.0001,0.0001,0.1280,Riley Stillman,D,15.6973,0.0000,0.0000,0.0000,0.9836,0.0000,0.9835,0.1576,4.6492,0.0106
8481564,BUF,8.6117,0.1453,0.3801,0.5841,1.4140,0.0327,0.0276,0.0887,0.4246,0.4762,0.6875,9.1371,0.2508,0.6245,0.4927,0.1622,0.2610,0.1155,0.0507,0.0001,0.0000,0.0000,0.1163,Ryan Johnson,D,13.2904,0.0000,0.0000,0.0000,0.0000,0.0000,0.9966,0.1692,4.7252,-0.0516
8482162,EDM,5.1477,0.2303,0.1484,0.5992,0.9376,0.0669,0.0517,0.0571,0.2746,0.2448,0.6250,5.5264,0.3826,0.2411,0.2665,0.0851,0.1885,0.0679,0.0657,0.9766,0.4763,0.5003,0.1088,Roby Jarventie,F,8.8423,0.0000,0.0000,0.0000,0.0000,0.0000,0.0000,0.1741,8.6291,0.0298
8481562,CAR,8.1489,0.1460,1.1378,0.7285,1.3588,0.0301,0.0227,0.0809,0.4877,0.5114,0.5469,9.4326,0.5197,0.6970,0.4645,0.1272,0.2817,0.1084,0.0607,0.0002,0.0001,0.0001,0.1037,Domenick Fensore,D,17.2482,0.0000,0.0000,0.0000,0.0000,0.0000,0.9636,0.1896,3.1220,-0.0237
8481491,CAR,5.0995,0.1602,0.5020,0.5925,0.9153,0.0676,0.0455,0.0545,0.3047,0.3046,0.6562,5.7617,0.8316,0.1684,0.2806,0.1006,0.1384,0.0608,0.0651,3.9692,1.9911,1.9781,0.0999,Noah Philp,F,8.7798,0.0000,0.0000,0.0000,0.0000,0.0000,0.9601,0.1523,7.6719,0.0001
8483630,SJS,4.2537,0.3888,0.1462,0.5500,0.8851,0.0726,0.0562,0.0485,0.2303,0.2527,0.4375,4.7888,0.8249,0.1356,0.2130,0.0708,0.2325,0.0617,0.0629,0.2636,0.1384,0.1252,0.1047,Pavol Regenda,F,10.9458,0.0000,0.0000,0.0000,0.0000,0.0000,0.0000,0.2393,10.2124,-0.0224
8483397,NJD,4.9026,0.1612,0.1809,0.4630,0.8638,0.0615,0.0466,0.0474,0.2613,0.2537,0.6094,5.2448,0.6668,0.1837,0.2418,0.0841,0.0824,0.0426,0.0684,2.6822,1.2618,1.4204,0.0940,Marc McLaughlin,F,8.6068,0.0000,0.0000,0.0000,0.0000,0.0000,0.0000,0.1543,10.0663,0.0076
8483760,PHI,5.1000,0.2939,0.6473,0.3237,0.7324,0.0168,0.0153,0.0728,0.2953,0.3490,0.3594,6.0412,0.7345,0.4221,0.3060,0.0852,0.2668,0.0855,0.0477,0.0002,0.0001,0.0001,0.0881,Hunter McDonald,D,16.8104,0.0000,0.0000,0.0000,0.0000,0.0000,0.0000,0.2450,4.7208,-0.0537
8479421,LAK,7.1499,0.1466,0.3399,0.4292,0.9968,0.0147,0.0112,0.0704,0.3624,0.3777,0.6875,7.6365,0.3065,0.6297,0.3394,0.0898,0.1467,0.0714,0.0346,0.0000,0.0000,0.0000,0.0816,Jacob Moverare,D,11.1076,0.0000,0.0000,0.0000,0.0000,0.0000,0.0000,0.1188,2.6189,-0.0153
8483546,TOR,7.5762,0.1807,0.4950,0.4556,0.8996,0.0162,0.0137,0.0673,0.3289,0.4734,0.5938,8.2519,0.3906,0.5788,0.4261,0.1151,0.2005,0.0847,0.0547,0.0002,0.0001,0.0001,0.0810,Marshall Rifai,D,13.8980,0.0000,0.0000,0.0000,0.0000,0.0000,0.0000,0.1364,3.0050,-0.1445
8482964,MTL,6.7829,0.0853,0.5262,0.3798,1.0499,0.0189,0.0149,0.0585,0.3384,0.3976,0.5000,7.3944,1.4493,0.4445,0.3886,0.0702,0.9266,0.2019,0.0857,0.0000,0.0000,0.0000,0.0734,Arber Xhekaj,D,14.7889,0.0000,0.0000,0.0000,0.0000,0.0000,0.0000,0.1467,3.9274,-0.0592
8478967,PHI,3.4525,0.1686,0.0951,0.3228,0.5524,0.0337,0.0263,0.0362,0.1721,0.1713,0.3594,3.7162,0.8219,0.1357,0.2032,0.0614,0.0917,0.0375,0.0447,2.4672,1.2232,1.2440,0.0625,Lane Pederson,F,10.3406,0.0000,0.0000,0.0000,0.0000,0.0000,0.0000,0.1740,8.1399,0.0009
8484529,EDM,2.8878,0.1059,0.1177,0.3465,0.6193,0.0336,0.0276,0.0304,0.1473,0.1448,0.3438,3.1113,0.7982,0.1157,0.1628,0.0478,0.2494,0.0537,0.0525,0.9677,0.4789,0.4888,0.0579,Connor Clattenburg,F,9.0511,0.0000,0.0000,0.0000,0.0000,0.0000,0.0000,0.1685,7.9601,0.0025
8485004,FLA,4.1956,0.2088,0.3900,0.2792,0.5772,0.0137,0.0113,0.0444,0.2308,0.2640,0.2969,4.7944,0.2477,0.2777,0.2597,0.0609,0.1462,0.0558,0.0373,0.0000,0.0000,0.0000,0.0557,Matvei Shuravin,D,16.1494,0.0000,0.0000,0.0000,0.0000,0.0000,0.0000,0.1878,4.0480,-0.0332
8479578,FLA,4.0222,0.0763,0.5292,0.2259,0.5004,0.0124,0.0100,0.0425,0.2125,0.2576,0.4062,4.6277,0.2391,0.2680,0.2507,0.0588,0.1411,0.0539,0.0360,0.0000,0.0000,0.0000,0.0525,Casey Fitzgerald,D,11.3912,0.0000,0.0000,0.0000,0.0000,0.0000,0.0000,0.1293,4.4133,-0.0451
8484821,CGY,2.2054,0.0774,0.2479,0.2636,0.4676,0.0321,0.0280,0.0282,0.0996,0.1493,0.2344,2.5307,0.4660,0.0860,0.1244,0.0422,0.1687,0.0258,0.0337,1.8741,0.9950,0.8791,0.0561,Sam Morton,F,10.7975,0.0000,0.0000,0.0000,0.0000,0.0000,0.0000,0.2395,10.6113,-0.0497
8482192,WPG,3.9033,0.1157,0.2117,0.2719,0.5989,0.0149,0.0126,0.0375,0.1866,0.2012,0.3750,4.2308,0.3143,0.2748,0.2487,0.0649,0.1460,0.0465,0.0329,0.0001,0.0000,0.0000,0.0501,Isaak Phillips,D,11.2821,0.0000,0.0000,0.0000,0.0000,0.0000,0.0000,0.1335,4.6356,-0.0146
8484169,NYR,3.4847,0.1297,0.1203,0.1632,0.4087,0.0073,0.0064,0.0425,0.1622,0.1829,0.2500,3.7346,0.1728,0.2453,0.1843,0.0452,0.1068,0.0435,0.0219,0.0000,0.0000,0.0000,0.0490,Drew Fortescue,D,14.9386,0.0000,0.0000,0.0000,0.0000,0.0000,0.0000,0.1958,3.9299,-0.0206
8484125,MTL,1.9138,0.1569,0.0290,0.2108,0.3365,0.0249,0.0190,0.0264,0.1146,0.0965,0.1719,2.0997,0.1860,0.0732,0.1130,0.0337,0.0693,0.0250,0.0298,0.8293,0.3678,0.4616,0.0454,Hunter McKown,F,12.2165,0.0000,0.0000,0.0000,0.0000,0.0000,0.0000,0.2639,9.0031,0.0181
8482804,PHI,4.2701,0.1002,0.4341,0.2434,0.5083,0.0096,0.0074,0.0389,0.2133,0.2590,0.3125,4.8044,0.3871,0.3238,0.2541,0.0650,0.1087,0.0479,0.0310,0.0001,0.0001,0.0001,0.0463,Ty Murchison,D,15.3740,0.0000,0.0000,0.0000,0.0000,0.0000,0.0000,0.1481,3.0457,-0.0457
8479543,TOR,3.0164,0.1064,0.1160,0.2370,0.4303,0.0260,0.0193,0.0225,0.1344,0.1720,0.4062,3.2389,1.4077,0.1335,0.1671,0.0386,0.4552,0.0776,0.0383,0.1187,0.0558,0.0629,0.0418,Michael Pezzetta,F,7.9728,0.0000,0.0000,0.0000,0.0000,0.0000,0.0000,0.1029,8.1370,-0.0376
8483444,ANA,1.6117,0.0689,0.1426,0.2002,0.2975,0.0168,0.0127,0.0228,0.0868,0.1082,0.1875,1.8232,0.2554,0.0612,0.0886,0.0310,0.0490,0.0191,0.0246,0.9710,0.4777,0.4933,0.0356,Nathan Gaucher,F,9.7239,0.0000,0.0000,0.0000,0.0000,0.0000,0.0000,0.1896,6.3517,-0.0214
8481065,FLA,1.6278,0.0604,0.0391,0.1943,0.3388,0.0184,0.0140,0.0165,0.0826,0.0843,0.1875,1.7273,0.1690,0.0769,0.0846,0.0229,0.0505,0.0207,0.0234,0.2639,0.1289,0.1350,0.0306,Angus Crookshank,F,9.2123,0.0000,0.0000,0.0000,0.0000,0.0000,0.0000,0.1629,7.2068,-0.0017
8484177,NJD,1.1766,0.0727,0.0262,0.1654,0.2865,0.0175,0.0134,0.0167,0.0685,0.0642,0.1250,1.2755,0.0673,0.0465,0.0527,0.0200,0.0424,0.0175,0.0182,0.0262,0.0126,0.0135,0.0301,Lenni Hameenaho,F,10.2039,0.0000,0.0000,0.0000,0.0000,0.0000,0.0000,0.2406,8.1128,0.0043
8481569,NYI,1.8348,0.0353,0.1168,0.1391,0.3244,0.0059,0.0050,0.0261,0.0868,0.1047,0.1406,1.9868,0.1348,0.1334,0.1094,0.0278,0.0649,0.0247,0.0166,0.0000,0.0000,0.0000,0.0311,Marshall Warren,D,14.1285,0.0000,0.0000,0.0000,0.0000,0.0000,0.0000,0.2209,3.5787,-0.0179
8479383,TBL,1.2738,0.0469,0.0937,0.1676,0.3196,0.0163,0.0128,0.0143,0.0729,0.0712,0.1250,1.4143,0.1671,0.0418,0.0688,0.0238,0.0277,0.0133,0.0150,0.3083,0.1504,0.1579,0.0271,Boris Katchouk,F,11.3143,0.0000,0.0000,0.0000,0.0000,0.0000,0.0000,0.2170,7.6369,0.0016
8479533,PIT,1.5000,0.0264,0.3822,0.1433,0.2439,0.0150,0.0110,0.0167,0.0873,0.1269,0.1562,1.9085,0.2263,0.0567,0.0927,0.0296,0.0296,0.0153,0.0206,0.6227,0.2878,0.3350,0.0277,Joona Koppanen,F,12.2147,0.0000,0.0000,0.0000,0.0000,0.0000,0.0000,0.1770,7.6711,-0.0396
8483930,COL,1.0940,0.0422,0.0314,0.0994,0.1671,0.0110,0.0094,0.0127,0.0595,0.0537,0.1406,1.1675,0.0471,0.0318,0.0601,0.0140,0.0294,0.0129,0.0110,0.4002,0.1881,0.2121,0.0222,Ivan Ivan,F,8.3022,0.0000,0.0000,0.0000,0.0000,0.0000,0.0000,0.1576,9.4731,0.0058
8478841,NJD,1.6444,0.0274,0.0723,0.0898,0.1883,0.0039,0.0033,0.0180,0.0881,0.0830,0.1250,1.7441,0.1301,0.1107,0.1016,0.0247,0.0267,0.0143,0.0119,0.0000,0.0000,0.0000,0.0213,Colton White,D,13.9527,0.0000,0.0000,0.0000,0.0000,0.0000,0.0000,0.1702,3.6825,0.0051
8482993,PIT,0.8558,0.0280,0.0339,0.1176,0.2141,0.0135,0.0113,0.0085,0.0435,0.0483,0.0781,0.9177,0.1093,0.0352,0.0440,0.0170,0.0436,0.0088,0.0132,0.0426,0.0206,0.0220,0.0198,Avery Hayes,F,11.7463,0.0000,0.0000,0.0000,0.0000,0.0000,0.0000,0.2530,9.6087,-0.0047
8479402,CGY,1.7000,0.0369,0.0688,0.1197,0.2698,0.0070,0.0063,0.0144,0.0770,0.0888,0.1094,1.8058,0.0351,0.1261,0.0842,0.0370,0.0434,0.0176,0.0094,0.0000,0.0000,0.0000,0.0207,Jake Bean,D,16.5101,0.0000,0.0000,0.0000,0.0000,0.0000,0.0000,0.1892,5.2880,-0.0118
8482206,SJS,0.7333,0.0494,0.0432,0.0810,0.1680,0.0099,0.0079,0.0094,0.0379,0.0460,0.0781,0.8260,0.0835,0.0251,0.0430,0.0149,0.0238,0.0095,0.0104,0.0212,0.0107,0.0105,0.0173,Ethan Cardwell,F,10.5722,0.0000,0.0000,0.0000,0.0000,0.0000,0.0000,0.2211,9.7775,-0.0081
8478043,FLA,1.0908,0.0493,0.0248,0.0885,0.1506,0.0115,0.0079,0.0084,0.0569,0.0564,0.1250,1.1648,0.1754,0.0335,0.0550,0.0141,0.0481,0.0166,0.0145,0.2898,0.1380,0.1518,0.0162,Sam Lafferty,F,9.3184,0.0000,0.0000,0.0000,0.0000,0.0000,0.0000,0.1299,8.8903,0.0005
8482663,TBL,0.4107,0.0337,0.0110,0.0567,0.0877,0.0049,0.0041,0.0057,0.0243,0.0223,0.0469,0.4553,0.0431,0.0144,0.0222,0.0078,0.0123,0.0048,0.0056,0.0321,0.0163,0.0158,0.0098,Dylan Duke,F,9.7139,0.0000,0.0000,0.0000,0.0000,0.0000,0.0000,0.2089,7.1585,0.0020
8482187,CAR,0.6719,0.0210,0.0434,0.0395,0.0839,0.0018,0.0014,0.0070,0.0403,0.0350,0.0469,0.7363,0.0276,0.0532,0.0385,0.0104,0.0190,0.0077,0.0049,0.0000,0.0000,0.0000,0.0085,Ronan Seeley,D,15.7072,0.0000,0.0000,0.0000,0.0000,0.0000,0.0000,0.1802,3.5784,0.0053
8477996,NJD,0.2350,0.0181,0.0089,0.0199,0.0346,0.0026,0.0021,0.0025,0.0136,0.0134,0.0312,0.2620,0.0403,0.0111,0.0104,0.0037,0.0060,0.0027,0.0026,0.1372,0.0689,0.0682,0.0046,Juho Lammikko,F,8.3827,0.0000,0.0000,0.0000,0.0000,0.0000,0.0000,0.1485,10.4933,0.0002
8483433,FLA,0.1442,0.0065,0.0031,0.0213,0.0381,0.0023,0.0017,0.0020,0.0079,0.0072,0.0156,0.1538,0.0122,0.0045,0.0074,0.0023,0.0049,0.0018,0.0020,0.0050,0.0025,0.0025,0.0036,Jack Devine,F,9.8419,0.0000,0.0000,0.0000,0.0000,0.0000,0.0000,0.2335,7.8596,0.0007
8483712,FLA,0.2566,0.0077,0.0191,0.0148,0.0300,0.0006,0.0004,0.0027,0.0122,0.0167,0.0156,0.2834,0.0055,0.0199,0.0149,0.0041,0.0059,0.0027,0.0018,0.0000,0.0000,0.0000,0.0032,Ludvig Jansson,D,18.1363,0.0000,0.0000,0.0000,0.0000,0.0000,0.0000,0.2029,2.8474,-0.0045
8482766,CGY,0.1421,0.0062,0.0058,0.0168,0.0242,0.0017,0.0013,0.0018,0.0059,0.0090,0.0156,0.1541,0.0083,0.0048,0.0073,0.0024,0.0042,0.0016,0.0023,0.0092,0.0047,0.0045,0.0031,William Stromgren,F,9.8624,0.0000,0.0000,0.0000,0.0000,0.0000,0.0000,0.2010,7.9334,-0.0031
8485008,MTL,0.2315,0.0074,0.0244,0.0143,0.0287,0.0006,0.0006,0.0021,0.0109,0.0170,0.0156,0.2634,0.0136,0.0153,0.0143,0.0033,0.0080,0.0031,0.0020,0.0000,0.0000,0.0000,0.0026,Owen Protz,D,16.8549,0.0000,0.0000,0.0000,0.0000,0.0000,0.0000,0.1677,3.8842,-0.0062
